q_id,lang,generation_idx,original_lang,judge,correct
113,en,0,es,Qwen/Qwen3.5-27B,True
131,fr,0,es,Qwen/Qwen3.5-27B,True
274,fr,0,id,Qwen/Qwen3.5-27B,True
78,de,0,de,Qwen/Qwen3.5-27B,True
131,it,0,es,Qwen/Qwen3.5-27B,True
78,zh,0,de,Qwen/Qwen3.5-27B,True
502,en,0,zh,Qwen/Qwen3.5-27B,True
113,es,0,es,Qwen/Qwen3.5-27B,True
113,fr,0,es,Qwen/Qwen3.5-27B,True
131,de,0,es,Qwen/Qwen3.5-27B,True
113,ja,0,es,Qwen/Qwen3.5-27B,True
502,es,0,zh,Qwen/Qwen3.5-27B,True
502,it,0,zh,Qwen/Qwen3.5-27B,True
131,en,0,es,Qwen/Qwen3.5-27B,True
78,ja,0,de,Qwen/Qwen3.5-27B,True
274,en,0,id,Qwen/Qwen3.5-27B,True
502,ja,0,zh,Qwen/Qwen3.5-27B,True
113,de,0,es,Qwen/Qwen3.5-27B,True
274,es,0,id,Qwen/Qwen3.5-27B,True
78,id,0,de,Qwen/Qwen3.5-27B,True
78,en,0,de,Qwen/Qwen3.5-27B,True
78,it,0,de,Qwen/Qwen3.5-27B,True
131,hi,0,es,Qwen/Qwen3.5-27B,True
502,de,0,zh,Qwen/Qwen3.5-27B,True
33,zh,0,en,Qwen/Qwen3.5-27B,True
113,id,0,es,Qwen/Qwen3.5-27B,True
502,zh,0,zh,Qwen/Qwen3.5-27B,True
33,de,0,en,Qwen/Qwen3.5-27B,True
78,fr,0,de,Qwen/Qwen3.5-27B,True
274,de,0,id,Qwen/Qwen3.5-27B,True
113,hi,0,es,Qwen/Qwen3.5-27B,True
131,es,0,es,Qwen/Qwen3.5-27B,True
502,hi,0,zh,Qwen/Qwen3.5-27B,True
33,es,0,en,Qwen/Qwen3.5-27B,True
131,ja,0,es,Qwen/Qwen3.5-27B,True
502,fr,0,zh,Qwen/Qwen3.5-27B,True
502,id,0,zh,Qwen/Qwen3.5-27B,True
33,id,0,en,Qwen/Qwen3.5-27B,True
185,de,0,hi,Qwen/Qwen3.5-27B,True
113,it,0,es,Qwen/Qwen3.5-27B,True
185,en,0,hi,Qwen/Qwen3.5-27B,True
274,ja,0,id,Qwen/Qwen3.5-27B,True
185,it,0,hi,Qwen/Qwen3.5-27B,True
185,hi,0,hi,Qwen/Qwen3.5-27B,True
113,zh,0,es,Qwen/Qwen3.5-27B,True
78,es,0,de,Qwen/Qwen3.5-27B,True
185,id,0,hi,Qwen/Qwen3.5-27B,True
185,ja,0,hi,Qwen/Qwen3.5-27B,True
274,it,0,id,Qwen/Qwen3.5-27B,True
131,id,0,es,Qwen/Qwen3.5-27B,True
185,fr,0,hi,Qwen/Qwen3.5-27B,True
9,en,0,he,Qwen/Qwen3.5-27B,True
33,en,0,en,Qwen/Qwen3.5-27B,True
185,zh,0,hi,Qwen/Qwen3.5-27B,True
274,zh,0,id,Qwen/Qwen3.5-27B,True
274,id,0,id,Qwen/Qwen3.5-27B,True
321,en,0,it,Qwen/Qwen3.5-27B,True
33,fr,0,en,Qwen/Qwen3.5-27B,True
185,es,0,hi,Qwen/Qwen3.5-27B,True
321,fr,0,it,Qwen/Qwen3.5-27B,True
131,zh,0,es,Qwen/Qwen3.5-27B,True
321,es,0,it,Qwen/Qwen3.5-27B,True
9,fr,0,he,Qwen/Qwen3.5-27B,True
9,de,0,he,Qwen/Qwen3.5-27B,True
321,de,0,it,Qwen/Qwen3.5-27B,True
9,id,0,he,Qwen/Qwen3.5-27B,True
261,zh,0,id,Qwen/Qwen3.5-27B,True
261,es,0,id,Qwen/Qwen3.5-27B,True
321,id,0,it,Qwen/Qwen3.5-27B,True
9,it,0,he,Qwen/Qwen3.5-27B,True
261,en,0,id,Qwen/Qwen3.5-27B,True
321,zh,0,it,Qwen/Qwen3.5-27B,True
261,fr,0,id,Qwen/Qwen3.5-27B,True
321,ja,0,it,Qwen/Qwen3.5-27B,True
78,hi,0,de,Qwen/Qwen3.5-27B,True
261,ja,0,id,Qwen/Qwen3.5-27B,True
321,hi,0,it,Qwen/Qwen3.5-27B,True
9,es,0,he,Qwen/Qwen3.5-27B,True
261,id,0,id,Qwen/Qwen3.5-27B,True
497,en,0,zh,Qwen/Qwen3.5-27B,True
261,de,0,id,Qwen/Qwen3.5-27B,True
261,it,0,id,Qwen/Qwen3.5-27B,True
9,zh,0,he,Qwen/Qwen3.5-27B,True
261,hi,0,id,Qwen/Qwen3.5-27B,True
497,id,0,zh,Qwen/Qwen3.5-27B,True
318,hi,0,it,Qwen/Qwen3.5-27B,True
33,it,0,en,Qwen/Qwen3.5-27B,True
9,hi,0,he,Qwen/Qwen3.5-27B,True
497,it,0,zh,Qwen/Qwen3.5-27B,True
497,ja,0,zh,Qwen/Qwen3.5-27B,True
497,es,0,zh,Qwen/Qwen3.5-27B,True
318,es,0,it,Qwen/Qwen3.5-27B,True
9,ja,0,he,Qwen/Qwen3.5-27B,True
281,ja,0,id,Qwen/Qwen3.5-27B,True
497,zh,0,zh,Qwen/Qwen3.5-27B,True
474,zh,0,zh,Qwen/Qwen3.5-27B,True
274,hi,0,id,Qwen/Qwen3.5-27B,True
474,de,0,zh,Qwen/Qwen3.5-27B,True
474,fr,0,zh,Qwen/Qwen3.5-27B,True
318,zh,0,it,Qwen/Qwen3.5-27B,True
318,id,0,it,Qwen/Qwen3.5-27B,True
101,en,0,es,Qwen/Qwen3.5-27B,True
474,id,0,zh,Qwen/Qwen3.5-27B,True
281,en,0,id,Qwen/Qwen3.5-27B,True
474,en,0,zh,Qwen/Qwen3.5-27B,True
497,hi,0,zh,Qwen/Qwen3.5-27B,True
474,hi,0,zh,Qwen/Qwen3.5-27B,True
101,es,0,es,Qwen/Qwen3.5-27B,True
30,de,0,en,Qwen/Qwen3.5-27B,True
101,de,0,es,Qwen/Qwen3.5-27B,True
30,hi,0,en,Qwen/Qwen3.5-27B,True
318,it,0,it,Qwen/Qwen3.5-27B,True
101,ja,0,es,Qwen/Qwen3.5-27B,True
101,fr,0,es,Qwen/Qwen3.5-27B,True
30,en,0,en,Qwen/Qwen3.5-27B,True
281,de,0,id,Qwen/Qwen3.5-27B,True
281,zh,0,id,Qwen/Qwen3.5-27B,True
30,zh,0,en,Qwen/Qwen3.5-27B,True
30,fr,0,en,Qwen/Qwen3.5-27B,True
101,zh,0,es,Qwen/Qwen3.5-27B,True
30,es,0,en,Qwen/Qwen3.5-27B,True
281,hi,0,id,Qwen/Qwen3.5-27B,True
474,it,0,zh,Qwen/Qwen3.5-27B,True
355,en,0,ja,Qwen/Qwen3.5-27B,True
321,it,0,it,Qwen/Qwen3.5-27B,True
281,id,0,id,Qwen/Qwen3.5-27B,True
101,hi,0,es,Qwen/Qwen3.5-27B,True
30,id,0,en,Qwen/Qwen3.5-27B,True
318,de,0,it,Qwen/Qwen3.5-27B,True
30,it,0,en,Qwen/Qwen3.5-27B,True
30,ja,0,en,Qwen/Qwen3.5-27B,True
249,es,0,hi,Qwen/Qwen3.5-27B,True
355,id,0,ja,Qwen/Qwen3.5-27B,True
101,id,0,es,Qwen/Qwen3.5-27B,True
249,en,0,hi,Qwen/Qwen3.5-27B,True
249,de,0,hi,Qwen/Qwen3.5-27B,True
172,en,0,fr,Qwen/Qwen3.5-27B,True
355,ja,0,ja,Qwen/Qwen3.5-27B,True
249,id,0,hi,Qwen/Qwen3.5-27B,True
355,fr,0,ja,Qwen/Qwen3.5-27B,True
249,fr,0,hi,Qwen/Qwen3.5-27B,True
101,it,0,es,Qwen/Qwen3.5-27B,True
355,hi,0,ja,Qwen/Qwen3.5-27B,True
172,es,0,fr,Qwen/Qwen3.5-27B,True
172,fr,0,fr,Qwen/Qwen3.5-27B,True
249,hi,0,hi,Qwen/Qwen3.5-27B,True
355,es,0,ja,Qwen/Qwen3.5-27B,True
249,ja,0,hi,Qwen/Qwen3.5-27B,True
249,zh,0,hi,Qwen/Qwen3.5-27B,True
474,es,0,zh,Qwen/Qwen3.5-27B,True
249,it,0,hi,Qwen/Qwen3.5-27B,True
33,hi,0,en,Qwen/Qwen3.5-27B,True
355,it,0,ja,Qwen/Qwen3.5-27B,True
0,de,0,he,Qwen/Qwen3.5-27B,True
318,ja,0,it,Qwen/Qwen3.5-27B,True
355,zh,0,ja,Qwen/Qwen3.5-27B,True
346,de,0,ja,Qwen/Qwen3.5-27B,True
0,en,0,he,Qwen/Qwen3.5-27B,True
172,de,0,fr,Qwen/Qwen3.5-27B,True
355,de,0,ja,Qwen/Qwen3.5-27B,True
0,fr,0,he,Qwen/Qwen3.5-27B,True
375,en,0,ko,Qwen/Qwen3.5-27B,True
375,it,0,ko,Qwen/Qwen3.5-27B,True
0,ja,0,he,Qwen/Qwen3.5-27B,True
0,es,0,he,Qwen/Qwen3.5-27B,True
375,ja,0,ko,Qwen/Qwen3.5-27B,True
172,hi,0,fr,Qwen/Qwen3.5-27B,True
0,id,0,he,Qwen/Qwen3.5-27B,True
0,hi,0,he,Qwen/Qwen3.5-27B,True
172,zh,0,fr,Qwen/Qwen3.5-27B,True
346,es,0,ja,Qwen/Qwen3.5-27B,True
346,en,0,ja,Qwen/Qwen3.5-27B,True
172,id,0,fr,Qwen/Qwen3.5-27B,True
346,hi,0,ja,Qwen/Qwen3.5-27B,True
375,de,0,ko,Qwen/Qwen3.5-27B,True
0,it,0,he,Qwen/Qwen3.5-27B,True
11,de,0,he,Qwen/Qwen3.5-27B,True
172,it,0,fr,Qwen/Qwen3.5-27B,True
375,id,0,ko,Qwen/Qwen3.5-27B,True
11,en,0,he,Qwen/Qwen3.5-27B,True
346,ja,0,ja,Qwen/Qwen3.5-27B,True
375,zh,0,ko,Qwen/Qwen3.5-27B,True
0,zh,0,he,Qwen/Qwen3.5-27B,True
375,es,0,ko,Qwen/Qwen3.5-27B,True
93,en,0,de,Qwen/Qwen3.5-27B,True
172,ja,0,fr,Qwen/Qwen3.5-27B,True
346,id,0,ja,Qwen/Qwen3.5-27B,True
346,zh,0,ja,Qwen/Qwen3.5-27B,True
93,fr,0,de,Qwen/Qwen3.5-27B,True
375,fr,0,ko,Qwen/Qwen3.5-27B,True
93,de,0,de,Qwen/Qwen3.5-27B,True
11,es,0,he,Qwen/Qwen3.5-27B,True
346,it,0,ja,Qwen/Qwen3.5-27B,True
11,fr,0,he,Qwen/Qwen3.5-27B,True
93,id,0,de,Qwen/Qwen3.5-27B,True
346,fr,0,ja,Qwen/Qwen3.5-27B,True
93,hi,0,de,Qwen/Qwen3.5-27B,True
11,ja,0,he,Qwen/Qwen3.5-27B,True
11,it,0,he,Qwen/Qwen3.5-27B,True
11,id,0,he,Qwen/Qwen3.5-27B,True
11,hi,0,he,Qwen/Qwen3.5-27B,True
93,ja,0,de,Qwen/Qwen3.5-27B,True
11,zh,0,he,Qwen/Qwen3.5-27B,True
93,zh,0,de,Qwen/Qwen3.5-27B,True
93,it,0,de,Qwen/Qwen3.5-27B,True
93,es,0,de,Qwen/Qwen3.5-27B,True
482,en,0,zh,Qwen/Qwen3.5-27B,True
482,id,0,zh,Qwen/Qwen3.5-27B,True
265,id,0,id,Qwen/Qwen3.5-27B,True
482,hi,0,zh,Qwen/Qwen3.5-27B,True
195,en,0,hi,Qwen/Qwen3.5-27B,True
265,en,0,id,Qwen/Qwen3.5-27B,True
33,ja,0,en,Qwen/Qwen3.5-27B,True
482,de,0,zh,Qwen/Qwen3.5-27B,True
265,ja,0,id,Qwen/Qwen3.5-27B,True
182,en,0,fr,Qwen/Qwen3.5-27B,True
265,fr,0,id,Qwen/Qwen3.5-27B,True
265,es,0,id,Qwen/Qwen3.5-27B,True
265,it,0,id,Qwen/Qwen3.5-27B,True
482,fr,0,zh,Qwen/Qwen3.5-27B,True
265,de,0,id,Qwen/Qwen3.5-27B,True
182,fr,0,fr,Qwen/Qwen3.5-27B,True
182,es,0,fr,Qwen/Qwen3.5-27B,True
420,fr,0,pt,Qwen/Qwen3.5-27B,True
420,en,0,pt,Qwen/Qwen3.5-27B,True
420,id,0,pt,Qwen/Qwen3.5-27B,True
195,it,0,hi,Qwen/Qwen3.5-27B,True
182,id,0,fr,Qwen/Qwen3.5-27B,True
420,de,0,pt,Qwen/Qwen3.5-27B,True
265,hi,0,id,Qwen/Qwen3.5-27B,True
195,de,0,hi,Qwen/Qwen3.5-27B,True
182,it,0,fr,Qwen/Qwen3.5-27B,True
265,zh,0,id,Qwen/Qwen3.5-27B,True
182,hi,0,fr,Qwen/Qwen3.5-27B,True
195,id,0,hi,Qwen/Qwen3.5-27B,True
182,zh,0,fr,Qwen/Qwen3.5-27B,True
195,ja,0,hi,Qwen/Qwen3.5-27B,True
182,ja,0,fr,Qwen/Qwen3.5-27B,True
420,ja,0,pt,Qwen/Qwen3.5-27B,True
420,hi,0,pt,Qwen/Qwen3.5-27B,True
195,es,0,hi,Qwen/Qwen3.5-27B,True
420,zh,0,pt,Qwen/Qwen3.5-27B,True
195,hi,0,hi,Qwen/Qwen3.5-27B,True
195,fr,0,hi,Qwen/Qwen3.5-27B,True
195,zh,0,hi,Qwen/Qwen3.5-27B,True
209,en,0,hi,Qwen/Qwen3.5-27B,True
182,de,0,fr,Qwen/Qwen3.5-27B,True
420,es,0,pt,Qwen/Qwen3.5-27B,True
420,it,0,pt,Qwen/Qwen3.5-27B,True
482,es,0,zh,Qwen/Qwen3.5-27B,True
482,zh,0,zh,Qwen/Qwen3.5-27B,True
318,fr,0,it,Qwen/Qwen3.5-27B,True
209,es,0,hi,Qwen/Qwen3.5-27B,True
209,id,0,hi,Qwen/Qwen3.5-27B,True
227,en,0,hi,Qwen/Qwen3.5-27B,True
18,en,0,he,Qwen/Qwen3.5-27B,True
209,ja,0,hi,Qwen/Qwen3.5-27B,True
18,es,0,he,Qwen/Qwen3.5-27B,True
209,hi,0,hi,Qwen/Qwen3.5-27B,True
18,id,0,he,Qwen/Qwen3.5-27B,True
18,de,0,he,Qwen/Qwen3.5-27B,True
18,hi,0,he,Qwen/Qwen3.5-27B,True
18,it,0,he,Qwen/Qwen3.5-27B,True
227,hi,0,hi,Qwen/Qwen3.5-27B,True
209,fr,0,hi,Qwen/Qwen3.5-27B,True
281,es,0,id,Qwen/Qwen3.5-27B,True
18,fr,0,he,Qwen/Qwen3.5-27B,True
18,ja,0,he,Qwen/Qwen3.5-27B,True
431,de,0,pt,Qwen/Qwen3.5-27B,True
209,it,0,hi,Qwen/Qwen3.5-27B,True
431,en,0,pt,Qwen/Qwen3.5-27B,True
227,ja,0,hi,Qwen/Qwen3.5-27B,True
209,de,0,hi,Qwen/Qwen3.5-27B,True
209,zh,0,hi,Qwen/Qwen3.5-27B,True
55,de,0,en,Qwen/Qwen3.5-27B,True
55,ja,0,en,Qwen/Qwen3.5-27B,True
431,id,0,pt,Qwen/Qwen3.5-27B,True
55,hi,0,en,Qwen/Qwen3.5-27B,True
431,it,0,pt,Qwen/Qwen3.5-27B,True
431,es,0,pt,Qwen/Qwen3.5-27B,True
55,en,0,en,Qwen/Qwen3.5-27B,True
227,it,0,hi,Qwen/Qwen3.5-27B,True
55,it,0,en,Qwen/Qwen3.5-27B,True
431,hi,0,pt,Qwen/Qwen3.5-27B,True
55,es,0,en,Qwen/Qwen3.5-27B,True
39,en,0,en,Qwen/Qwen3.5-27B,True
227,id,0,hi,Qwen/Qwen3.5-27B,True
431,zh,0,pt,Qwen/Qwen3.5-27B,True
431,ja,0,pt,Qwen/Qwen3.5-27B,True
431,fr,0,pt,Qwen/Qwen3.5-27B,True
39,es,0,en,Qwen/Qwen3.5-27B,True
474,ja,0,zh,Qwen/Qwen3.5-27B,True
39,de,0,en,Qwen/Qwen3.5-27B,True
18,zh,0,he,Qwen/Qwen3.5-27B,True
154,en,0,fr,Qwen/Qwen3.5-27B,True
154,ja,0,fr,Qwen/Qwen3.5-27B,True
39,it,0,en,Qwen/Qwen3.5-27B,True
154,es,0,fr,Qwen/Qwen3.5-27B,True
415,en,0,pt,Qwen/Qwen3.5-27B,True
154,id,0,fr,Qwen/Qwen3.5-27B,True
39,fr,0,en,Qwen/Qwen3.5-27B,True
154,zh,0,fr,Qwen/Qwen3.5-27B,True
415,es,0,pt,Qwen/Qwen3.5-27B,True
281,it,0,id,Qwen/Qwen3.5-27B,True
39,ja,0,en,Qwen/Qwen3.5-27B,True
39,zh,0,en,Qwen/Qwen3.5-27B,True
55,id,0,en,Qwen/Qwen3.5-27B,True
415,it,0,pt,Qwen/Qwen3.5-27B,True
39,hi,0,en,Qwen/Qwen3.5-27B,True
415,id,0,pt,Qwen/Qwen3.5-27B,True
154,hi,0,fr,Qwen/Qwen3.5-27B,True
154,it,0,fr,Qwen/Qwen3.5-27B,True
415,ja,0,pt,Qwen/Qwen3.5-27B,True
318,en,0,it,Qwen/Qwen3.5-27B,True
175,de,0,fr,Qwen/Qwen3.5-27B,True
415,fr,0,pt,Qwen/Qwen3.5-27B,True
154,fr,0,fr,Qwen/Qwen3.5-27B,True
415,de,0,pt,Qwen/Qwen3.5-27B,True
175,en,0,fr,Qwen/Qwen3.5-27B,True
154,de,0,fr,Qwen/Qwen3.5-27B,True
415,zh,0,pt,Qwen/Qwen3.5-27B,True
497,de,0,zh,Qwen/Qwen3.5-27B,True
175,it,0,fr,Qwen/Qwen3.5-27B,True
175,fr,0,fr,Qwen/Qwen3.5-27B,True
227,fr,0,hi,Qwen/Qwen3.5-27B,True
39,id,0,en,Qwen/Qwen3.5-27B,True
415,hi,0,pt,Qwen/Qwen3.5-27B,True
175,id,0,fr,Qwen/Qwen3.5-27B,True
175,es,0,fr,Qwen/Qwen3.5-27B,True
505,fr,0,zh,Qwen/Qwen3.5-27B,True
175,ja,0,fr,Qwen/Qwen3.5-27B,True
175,hi,0,fr,Qwen/Qwen3.5-27B,True
505,es,0,zh,Qwen/Qwen3.5-27B,True
55,fr,0,en,Qwen/Qwen3.5-27B,True
482,it,0,zh,Qwen/Qwen3.5-27B,True
227,es,0,hi,Qwen/Qwen3.5-27B,True
505,hi,0,zh,Qwen/Qwen3.5-27B,True
76,fr,0,de,Qwen/Qwen3.5-27B,True
76,de,0,de,Qwen/Qwen3.5-27B,True
76,en,0,de,Qwen/Qwen3.5-27B,True
336,en,0,ja,Qwen/Qwen3.5-27B,True
505,ja,0,zh,Qwen/Qwen3.5-27B,True
401,es,0,pt,Qwen/Qwen3.5-27B,True
175,zh,0,fr,Qwen/Qwen3.5-27B,True
76,es,0,de,Qwen/Qwen3.5-27B,True
76,it,0,de,Qwen/Qwen3.5-27B,True
401,hi,0,pt,Qwen/Qwen3.5-27B,True
401,fr,0,pt,Qwen/Qwen3.5-27B,True
320,fr,0,it,Qwen/Qwen3.5-27B,True
320,en,0,it,Qwen/Qwen3.5-27B,True
76,id,0,de,Qwen/Qwen3.5-27B,True
505,it,0,zh,Qwen/Qwen3.5-27B,True
401,ja,0,pt,Qwen/Qwen3.5-27B,True
76,zh,0,de,Qwen/Qwen3.5-27B,True
320,es,0,it,Qwen/Qwen3.5-27B,True
336,fr,0,ja,Qwen/Qwen3.5-27B,True
76,hi,0,de,Qwen/Qwen3.5-27B,True
320,de,0,it,Qwen/Qwen3.5-27B,True
336,it,0,ja,Qwen/Qwen3.5-27B,True
336,ja,0,ja,Qwen/Qwen3.5-27B,True
336,zh,0,ja,Qwen/Qwen3.5-27B,True
320,id,0,it,Qwen/Qwen3.5-27B,True
336,hi,0,ja,Qwen/Qwen3.5-27B,True
320,hi,0,it,Qwen/Qwen3.5-27B,True
336,es,0,ja,Qwen/Qwen3.5-27B,True
320,ja,0,it,Qwen/Qwen3.5-27B,True
320,it,0,it,Qwen/Qwen3.5-27B,True
336,id,0,ja,Qwen/Qwen3.5-27B,True
193,de,0,hi,Qwen/Qwen3.5-27B,True
193,fr,0,hi,Qwen/Qwen3.5-27B,True
203,en,0,hi,Qwen/Qwen3.5-27B,True
336,de,0,ja,Qwen/Qwen3.5-27B,True
76,ja,0,de,Qwen/Qwen3.5-27B,True
203,de,0,hi,Qwen/Qwen3.5-27B,True
193,id,0,hi,Qwen/Qwen3.5-27B,True
281,fr,0,id,Qwen/Qwen3.5-27B,True
193,it,0,hi,Qwen/Qwen3.5-27B,True
193,hi,0,hi,Qwen/Qwen3.5-27B,True
497,fr,0,zh,Qwen/Qwen3.5-27B,True
203,it,0,hi,Qwen/Qwen3.5-27B,True
375,hi,0,ko,Qwen/Qwen3.5-27B,True
193,en,0,hi,Qwen/Qwen3.5-27B,True
203,hi,0,hi,Qwen/Qwen3.5-27B,True
193,es,0,hi,Qwen/Qwen3.5-27B,True
203,ja,0,hi,Qwen/Qwen3.5-27B,True
203,es,0,hi,Qwen/Qwen3.5-27B,True
193,ja,0,hi,Qwen/Qwen3.5-27B,True
193,zh,0,hi,Qwen/Qwen3.5-27B,True
203,zh,0,hi,Qwen/Qwen3.5-27B,True
73,fr,0,de,Qwen/Qwen3.5-27B,True
203,fr,0,hi,Qwen/Qwen3.5-27B,True
73,de,0,de,Qwen/Qwen3.5-27B,True
501,en,0,zh,Qwen/Qwen3.5-27B,True
203,id,0,hi,Qwen/Qwen3.5-27B,True
501,zh,0,zh,Qwen/Qwen3.5-27B,True
320,zh,0,it,Qwen/Qwen3.5-27B,True
73,hi,0,de,Qwen/Qwen3.5-27B,True
73,es,0,de,Qwen/Qwen3.5-27B,True
401,it,0,pt,Qwen/Qwen3.5-27B,True
501,fr,0,zh,Qwen/Qwen3.5-27B,True
501,id,0,zh,Qwen/Qwen3.5-27B,True
73,it,0,de,Qwen/Qwen3.5-27B,True
401,en,0,pt,Qwen/Qwen3.5-27B,True
225,en,0,hi,Qwen/Qwen3.5-27B,True
401,id,0,pt,Qwen/Qwen3.5-27B,True
501,de,0,zh,Qwen/Qwen3.5-27B,True
401,de,0,pt,Qwen/Qwen3.5-27B,True
501,ja,0,zh,Qwen/Qwen3.5-27B,True
73,ja,0,de,Qwen/Qwen3.5-27B,True
501,it,0,zh,Qwen/Qwen3.5-27B,True
225,de,0,hi,Qwen/Qwen3.5-27B,True
225,es,0,hi,Qwen/Qwen3.5-27B,True
63,fr,0,en,Qwen/Qwen3.5-27B,True
63,en,0,en,Qwen/Qwen3.5-27B,True
501,hi,0,zh,Qwen/Qwen3.5-27B,True
73,zh,0,de,Qwen/Qwen3.5-27B,True
63,de,0,en,Qwen/Qwen3.5-27B,True
225,fr,0,hi,Qwen/Qwen3.5-27B,True
63,hi,0,en,Qwen/Qwen3.5-27B,True
278,en,0,id,Qwen/Qwen3.5-27B,True
278,it,0,id,Qwen/Qwen3.5-27B,True
278,id,0,id,Qwen/Qwen3.5-27B,True
225,it,0,hi,Qwen/Qwen3.5-27B,True
225,hi,0,hi,Qwen/Qwen3.5-27B,True
225,id,0,hi,Qwen/Qwen3.5-27B,True
225,ja,0,hi,Qwen/Qwen3.5-27B,True
63,zh,0,en,Qwen/Qwen3.5-27B,True
63,ja,0,en,Qwen/Qwen3.5-27B,True
278,ja,0,id,Qwen/Qwen3.5-27B,True
63,it,0,en,Qwen/Qwen3.5-27B,True
63,id,0,en,Qwen/Qwen3.5-27B,True
278,de,0,id,Qwen/Qwen3.5-27B,True
63,es,0,en,Qwen/Qwen3.5-27B,True
278,es,0,id,Qwen/Qwen3.5-27B,True
225,zh,0,hi,Qwen/Qwen3.5-27B,True
278,hi,0,id,Qwen/Qwen3.5-27B,True
278,zh,0,id,Qwen/Qwen3.5-27B,True
307,en,0,it,Qwen/Qwen3.5-27B,True
153,en,0,fr,Qwen/Qwen3.5-27B,True
307,fr,0,it,Qwen/Qwen3.5-27B,True
278,fr,0,id,Qwen/Qwen3.5-27B,True
307,id,0,it,Qwen/Qwen3.5-27B,True
70,de,0,de,Qwen/Qwen3.5-27B,True
70,it,0,de,Qwen/Qwen3.5-27B,True
307,it,0,it,Qwen/Qwen3.5-27B,True
307,de,0,it,Qwen/Qwen3.5-27B,True
70,fr,0,de,Qwen/Qwen3.5-27B,True
307,hi,0,it,Qwen/Qwen3.5-27B,True
70,id,0,de,Qwen/Qwen3.5-27B,True
307,es,0,it,Qwen/Qwen3.5-27B,True
70,es,0,de,Qwen/Qwen3.5-27B,True
153,it,0,fr,Qwen/Qwen3.5-27B,True
70,zh,0,de,Qwen/Qwen3.5-27B,True
70,hi,0,de,Qwen/Qwen3.5-27B,True
307,ja,0,it,Qwen/Qwen3.5-27B,True
153,de,0,fr,Qwen/Qwen3.5-27B,True
153,ja,0,fr,Qwen/Qwen3.5-27B,True
70,en,0,de,Qwen/Qwen3.5-27B,True
374,en,0,ko,Qwen/Qwen3.5-27B,True
70,ja,0,de,Qwen/Qwen3.5-27B,True
374,de,0,ko,Qwen/Qwen3.5-27B,True
307,zh,0,it,Qwen/Qwen3.5-27B,True
153,es,0,fr,Qwen/Qwen3.5-27B,True
153,hi,0,fr,Qwen/Qwen3.5-27B,True
374,fr,0,ko,Qwen/Qwen3.5-27B,True
374,es,0,ko,Qwen/Qwen3.5-27B,True
227,zh,0,hi,Qwen/Qwen3.5-27B,True
374,it,0,ko,Qwen/Qwen3.5-27B,True
374,zh,0,ko,Qwen/Qwen3.5-27B,True
374,ja,0,ko,Qwen/Qwen3.5-27B,True
340,en,0,ja,Qwen/Qwen3.5-27B,True
153,fr,0,fr,Qwen/Qwen3.5-27B,True
374,hi,0,ko,Qwen/Qwen3.5-27B,True
153,zh,0,fr,Qwen/Qwen3.5-27B,True
340,es,0,ja,Qwen/Qwen3.5-27B,True
340,zh,0,ja,Qwen/Qwen3.5-27B,True
374,id,0,ko,Qwen/Qwen3.5-27B,True
340,de,0,ja,Qwen/Qwen3.5-27B,True
401,zh,0,pt,Qwen/Qwen3.5-27B,True
495,en,0,zh,Qwen/Qwen3.5-27B,True
495,de,0,zh,Qwen/Qwen3.5-27B,True
340,id,0,ja,Qwen/Qwen3.5-27B,True
340,it,0,ja,Qwen/Qwen3.5-27B,True
495,fr,0,zh,Qwen/Qwen3.5-27B,True
495,hi,0,zh,Qwen/Qwen3.5-27B,True
495,es,0,zh,Qwen/Qwen3.5-27B,True
73,id,0,de,Qwen/Qwen3.5-27B,True
298,fr,0,it,Qwen/Qwen3.5-27B,True
331,fr,0,it,Qwen/Qwen3.5-27B,True
340,fr,0,ja,Qwen/Qwen3.5-27B,True
495,it,0,zh,Qwen/Qwen3.5-27B,True
298,es,0,it,Qwen/Qwen3.5-27B,True
298,ja,0,it,Qwen/Qwen3.5-27B,True
418,en,0,pt,Qwen/Qwen3.5-27B,True
418,de,0,pt,Qwen/Qwen3.5-27B,True
495,id,0,zh,Qwen/Qwen3.5-27B,True
298,de,0,it,Qwen/Qwen3.5-27B,True
298,en,0,it,Qwen/Qwen3.5-27B,True
495,zh,0,zh,Qwen/Qwen3.5-27B,True
505,de,0,zh,Qwen/Qwen3.5-27B,True
55,zh,0,en,Qwen/Qwen3.5-27B,True
340,ja,0,ja,Qwen/Qwen3.5-27B,True
331,zh,0,it,Qwen/Qwen3.5-27B,True
505,en,0,zh,Qwen/Qwen3.5-27B,True
331,en,0,it,Qwen/Qwen3.5-27B,True
298,id,0,it,Qwen/Qwen3.5-27B,True
418,es,0,pt,Qwen/Qwen3.5-27B,True
418,it,0,pt,Qwen/Qwen3.5-27B,True
331,de,0,it,Qwen/Qwen3.5-27B,True
418,fr,0,pt,Qwen/Qwen3.5-27B,True
418,id,0,pt,Qwen/Qwen3.5-27B,True
418,zh,0,pt,Qwen/Qwen3.5-27B,True
331,es,0,it,Qwen/Qwen3.5-27B,True
418,ja,0,pt,Qwen/Qwen3.5-27B,True
227,de,0,hi,Qwen/Qwen3.5-27B,True
418,hi,0,pt,Qwen/Qwen3.5-27B,True
331,it,0,it,Qwen/Qwen3.5-27B,True
298,zh,0,it,Qwen/Qwen3.5-27B,True
340,hi,0,ja,Qwen/Qwen3.5-27B,True
15,de,0,he,Qwen/Qwen3.5-27B,True
15,en,0,he,Qwen/Qwen3.5-27B,True
331,ja,0,it,Qwen/Qwen3.5-27B,True
15,it,0,he,Qwen/Qwen3.5-27B,True
15,es,0,he,Qwen/Qwen3.5-27B,True
15,hi,0,he,Qwen/Qwen3.5-27B,True
15,ja,0,he,Qwen/Qwen3.5-27B,True
331,id,0,it,Qwen/Qwen3.5-27B,True
491,de,0,zh,Qwen/Qwen3.5-27B,True
491,es,0,zh,Qwen/Qwen3.5-27B,True
491,hi,0,zh,Qwen/Qwen3.5-27B,True
15,id,0,he,Qwen/Qwen3.5-27B,True
369,en,0,ko,Qwen/Qwen3.5-27B,True
298,it,0,it,Qwen/Qwen3.5-27B,True
369,de,0,ko,Qwen/Qwen3.5-27B,True
15,zh,0,he,Qwen/Qwen3.5-27B,True
491,en,0,zh,Qwen/Qwen3.5-27B,True
331,hi,0,it,Qwen/Qwen3.5-27B,True
491,it,0,zh,Qwen/Qwen3.5-27B,True
369,fr,0,ko,Qwen/Qwen3.5-27B,True
298,hi,0,it,Qwen/Qwen3.5-27B,True
153,id,0,fr,Qwen/Qwen3.5-27B,True
490,fr,0,zh,Qwen/Qwen3.5-27B,True
369,id,0,ko,Qwen/Qwen3.5-27B,True
490,en,0,zh,Qwen/Qwen3.5-27B,True
369,ja,0,ko,Qwen/Qwen3.5-27B,True
491,id,0,zh,Qwen/Qwen3.5-27B,True
15,fr,0,he,Qwen/Qwen3.5-27B,True
369,it,0,ko,Qwen/Qwen3.5-27B,True
19,de,0,he,Qwen/Qwen3.5-27B,True
369,es,0,ko,Qwen/Qwen3.5-27B,True
56,en,0,en,Qwen/Qwen3.5-27B,True
369,hi,0,ko,Qwen/Qwen3.5-27B,True
490,ja,0,zh,Qwen/Qwen3.5-27B,True
19,es,0,he,Qwen/Qwen3.5-27B,True
490,de,0,zh,Qwen/Qwen3.5-27B,True
56,de,0,en,Qwen/Qwen3.5-27B,True
19,ja,0,he,Qwen/Qwen3.5-27B,True
56,es,0,en,Qwen/Qwen3.5-27B,True
369,zh,0,ko,Qwen/Qwen3.5-27B,True
19,it,0,he,Qwen/Qwen3.5-27B,True
19,fr,0,he,Qwen/Qwen3.5-27B,True
19,hi,0,he,Qwen/Qwen3.5-27B,True
491,zh,0,zh,Qwen/Qwen3.5-27B,True
56,ja,0,en,Qwen/Qwen3.5-27B,True
210,de,0,hi,Qwen/Qwen3.5-27B,True
317,it,0,it,Qwen/Qwen3.5-27B,True
210,fr,0,hi,Qwen/Qwen3.5-27B,True
210,hi,0,hi,Qwen/Qwen3.5-27B,True
482,ja,0,zh,Qwen/Qwen3.5-27B,True
56,it,0,en,Qwen/Qwen3.5-27B,True
56,hi,0,en,Qwen/Qwen3.5-27B,True
210,es,0,hi,Qwen/Qwen3.5-27B,True
56,id,0,en,Qwen/Qwen3.5-27B,True
210,en,0,hi,Qwen/Qwen3.5-27B,True
19,id,0,he,Qwen/Qwen3.5-27B,True
317,zh,0,it,Qwen/Qwen3.5-27B,True
210,id,0,hi,Qwen/Qwen3.5-27B,True
490,zh,0,zh,Qwen/Qwen3.5-27B,True
73,en,0,de,Qwen/Qwen3.5-27B,True
490,hi,0,zh,Qwen/Qwen3.5-27B,True
210,ja,0,hi,Qwen/Qwen3.5-27B,True
56,zh,0,en,Qwen/Qwen3.5-27B,True
56,fr,0,en,Qwen/Qwen3.5-27B,True
210,it,0,hi,Qwen/Qwen3.5-27B,True
19,zh,0,he,Qwen/Qwen3.5-27B,True
255,en,0,id,Qwen/Qwen3.5-27B,True
19,en,0,he,Qwen/Qwen3.5-27B,True
317,hi,0,it,Qwen/Qwen3.5-27B,True
255,de,0,id,Qwen/Qwen3.5-27B,True
317,en,0,it,Qwen/Qwen3.5-27B,True
317,es,0,it,Qwen/Qwen3.5-27B,True
255,hi,0,id,Qwen/Qwen3.5-27B,True
255,es,0,id,Qwen/Qwen3.5-27B,True
255,ja,0,id,Qwen/Qwen3.5-27B,True
210,zh,0,hi,Qwen/Qwen3.5-27B,True
255,zh,0,id,Qwen/Qwen3.5-27B,True
405,es,0,pt,Qwen/Qwen3.5-27B,True
157,en,0,fr,Qwen/Qwen3.5-27B,True
405,fr,0,pt,Qwen/Qwen3.5-27B,True
490,id,0,zh,Qwen/Qwen3.5-27B,True
405,en,0,pt,Qwen/Qwen3.5-27B,True
255,it,0,id,Qwen/Qwen3.5-27B,True
316,hi,0,it,Qwen/Qwen3.5-27B,True
316,es,0,it,Qwen/Qwen3.5-27B,True
316,it,0,it,Qwen/Qwen3.5-27B,True
405,hi,0,pt,Qwen/Qwen3.5-27B,True
405,it,0,pt,Qwen/Qwen3.5-27B,True
405,ja,0,pt,Qwen/Qwen3.5-27B,True
157,fr,0,fr,Qwen/Qwen3.5-27B,True
505,id,0,zh,Qwen/Qwen3.5-27B,True
25,de,0,he,Qwen/Qwen3.5-27B,True
317,ja,0,it,Qwen/Qwen3.5-27B,True
157,it,0,fr,Qwen/Qwen3.5-27B,True
501,es,0,zh,Qwen/Qwen3.5-27B,True
405,de,0,pt,Qwen/Qwen3.5-27B,True
316,zh,0,it,Qwen/Qwen3.5-27B,True
25,en,0,he,Qwen/Qwen3.5-27B,True
157,ja,0,fr,Qwen/Qwen3.5-27B,True
316,ja,0,it,Qwen/Qwen3.5-27B,True
405,zh,0,pt,Qwen/Qwen3.5-27B,True
317,fr,0,it,Qwen/Qwen3.5-27B,True
157,hi,0,fr,Qwen/Qwen3.5-27B,True
157,de,0,fr,Qwen/Qwen3.5-27B,True
157,es,0,fr,Qwen/Qwen3.5-27B,True
25,hi,0,he,Qwen/Qwen3.5-27B,True
25,es,0,he,Qwen/Qwen3.5-27B,True
157,zh,0,fr,Qwen/Qwen3.5-27B,True
157,id,0,fr,Qwen/Qwen3.5-27B,True
25,zh,0,he,Qwen/Qwen3.5-27B,True
383,en,0,ko,Qwen/Qwen3.5-27B,True
25,ja,0,he,Qwen/Qwen3.5-27B,True
490,es,0,zh,Qwen/Qwen3.5-27B,True
383,fr,0,ko,Qwen/Qwen3.5-27B,True
323,de,0,it,Qwen/Qwen3.5-27B,True
25,it,0,he,Qwen/Qwen3.5-27B,True
383,it,0,ko,Qwen/Qwen3.5-27B,True
383,es,0,ko,Qwen/Qwen3.5-27B,True
323,fr,0,it,Qwen/Qwen3.5-27B,True
383,id,0,ko,Qwen/Qwen3.5-27B,True
323,en,0,it,Qwen/Qwen3.5-27B,True
383,ja,0,ko,Qwen/Qwen3.5-27B,True
25,fr,0,he,Qwen/Qwen3.5-27B,True
323,es,0,it,Qwen/Qwen3.5-27B,True
383,hi,0,ko,Qwen/Qwen3.5-27B,True
323,ja,0,it,Qwen/Qwen3.5-27B,True
323,it,0,it,Qwen/Qwen3.5-27B,True
383,zh,0,ko,Qwen/Qwen3.5-27B,True
323,id,0,it,Qwen/Qwen3.5-27B,True
323,hi,0,it,Qwen/Qwen3.5-27B,True
25,id,0,he,Qwen/Qwen3.5-27B,True
323,zh,0,it,Qwen/Qwen3.5-27B,True
316,fr,0,it,Qwen/Qwen3.5-27B,True
42,fr,0,en,Qwen/Qwen3.5-27B,True
42,de,0,en,Qwen/Qwen3.5-27B,True
42,es,0,en,Qwen/Qwen3.5-27B,True
405,id,0,pt,Qwen/Qwen3.5-27B,True
42,id,0,en,Qwen/Qwen3.5-27B,True
42,en,0,en,Qwen/Qwen3.5-27B,True
140,es,0,es,Qwen/Qwen3.5-27B,True
140,en,0,es,Qwen/Qwen3.5-27B,True
140,ja,0,es,Qwen/Qwen3.5-27B,True
248,id,0,hi,Qwen/Qwen3.5-27B,True
248,en,0,hi,Qwen/Qwen3.5-27B,True
42,zh,0,en,Qwen/Qwen3.5-27B,True
140,id,0,es,Qwen/Qwen3.5-27B,True
42,it,0,en,Qwen/Qwen3.5-27B,True
248,de,0,hi,Qwen/Qwen3.5-27B,True
383,de,0,ko,Qwen/Qwen3.5-27B,True
140,it,0,es,Qwen/Qwen3.5-27B,True
248,fr,0,hi,Qwen/Qwen3.5-27B,True
42,ja,0,en,Qwen/Qwen3.5-27B,True
248,it,0,hi,Qwen/Qwen3.5-27B,True
384,en,0,ko,Qwen/Qwen3.5-27B,True
384,de,0,ko,Qwen/Qwen3.5-27B,True
248,zh,0,hi,Qwen/Qwen3.5-27B,True
248,ja,0,hi,Qwen/Qwen3.5-27B,True
208,de,0,hi,Qwen/Qwen3.5-27B,True
208,en,0,hi,Qwen/Qwen3.5-27B,True
505,zh,0,zh,Qwen/Qwen3.5-27B,True
384,es,0,ko,Qwen/Qwen3.5-27B,True
208,ja,0,hi,Qwen/Qwen3.5-27B,True
208,it,0,hi,Qwen/Qwen3.5-27B,True
208,hi,0,hi,Qwen/Qwen3.5-27B,True
42,hi,0,en,Qwen/Qwen3.5-27B,True
248,es,0,hi,Qwen/Qwen3.5-27B,True
204,de,0,hi,Qwen/Qwen3.5-27B,True
384,fr,0,ko,Qwen/Qwen3.5-27B,True
208,es,0,hi,Qwen/Qwen3.5-27B,True
140,hi,0,es,Qwen/Qwen3.5-27B,True
248,hi,0,hi,Qwen/Qwen3.5-27B,True
384,id,0,ko,Qwen/Qwen3.5-27B,True
208,fr,0,hi,Qwen/Qwen3.5-27B,True
384,it,0,ko,Qwen/Qwen3.5-27B,True
384,hi,0,ko,Qwen/Qwen3.5-27B,True
204,hi,0,hi,Qwen/Qwen3.5-27B,True
208,zh,0,hi,Qwen/Qwen3.5-27B,True
384,ja,0,ko,Qwen/Qwen3.5-27B,True
384,zh,0,ko,Qwen/Qwen3.5-27B,True
204,es,0,hi,Qwen/Qwen3.5-27B,True
316,en,0,it,Qwen/Qwen3.5-27B,True
429,de,0,pt,Qwen/Qwen3.5-27B,True
429,en,0,pt,Qwen/Qwen3.5-27B,True
429,es,0,pt,Qwen/Qwen3.5-27B,True
204,zh,0,hi,Qwen/Qwen3.5-27B,True
204,fr,0,hi,Qwen/Qwen3.5-27B,True
204,ja,0,hi,Qwen/Qwen3.5-27B,True
429,fr,0,pt,Qwen/Qwen3.5-27B,True
204,it,0,hi,Qwen/Qwen3.5-27B,True
204,id,0,hi,Qwen/Qwen3.5-27B,True
208,id,0,hi,Qwen/Qwen3.5-27B,True
495,ja,0,zh,Qwen/Qwen3.5-27B,True
429,it,0,pt,Qwen/Qwen3.5-27B,True
22,de,0,he,Qwen/Qwen3.5-27B,True
22,en,0,he,Qwen/Qwen3.5-27B,True
429,ja,0,pt,Qwen/Qwen3.5-27B,True
22,es,0,he,Qwen/Qwen3.5-27B,True
429,zh,0,pt,Qwen/Qwen3.5-27B,True
429,hi,0,pt,Qwen/Qwen3.5-27B,True
312,it,0,it,Qwen/Qwen3.5-27B,True
429,id,0,pt,Qwen/Qwen3.5-27B,True
491,ja,0,zh,Qwen/Qwen3.5-27B,True
312,fr,0,it,Qwen/Qwen3.5-27B,True
22,fr,0,he,Qwen/Qwen3.5-27B,True
22,it,0,he,Qwen/Qwen3.5-27B,True
46,en,0,en,Qwen/Qwen3.5-27B,True
22,zh,0,he,Qwen/Qwen3.5-27B,True
204,en,0,hi,Qwen/Qwen3.5-27B,True
312,en,0,it,Qwen/Qwen3.5-27B,True
22,hi,0,he,Qwen/Qwen3.5-27B,True
22,id,0,he,Qwen/Qwen3.5-27B,True
312,de,0,it,Qwen/Qwen3.5-27B,True
416,es,0,pt,Qwen/Qwen3.5-27B,True
46,fr,0,en,Qwen/Qwen3.5-27B,True
312,zh,0,it,Qwen/Qwen3.5-27B,True
312,es,0,it,Qwen/Qwen3.5-27B,True
46,zh,0,en,Qwen/Qwen3.5-27B,True
312,hi,0,it,Qwen/Qwen3.5-27B,True
416,it,0,pt,Qwen/Qwen3.5-27B,True
416,fr,0,pt,Qwen/Qwen3.5-27B,True
46,id,0,en,Qwen/Qwen3.5-27B,True
317,id,0,it,Qwen/Qwen3.5-27B,True
22,ja,0,he,Qwen/Qwen3.5-27B,True
46,es,0,en,Qwen/Qwen3.5-27B,True
416,de,0,pt,Qwen/Qwen3.5-27B,True
416,en,0,pt,Qwen/Qwen3.5-27B,True
491,fr,0,zh,Qwen/Qwen3.5-27B,True
312,ja,0,it,Qwen/Qwen3.5-27B,True
126,de,0,es,Qwen/Qwen3.5-27B,True
126,en,0,es,Qwen/Qwen3.5-27B,True
126,id,0,es,Qwen/Qwen3.5-27B,True
126,it,0,es,Qwen/Qwen3.5-27B,True
46,hi,0,en,Qwen/Qwen3.5-27B,True
416,ja,0,pt,Qwen/Qwen3.5-27B,True
46,it,0,en,Qwen/Qwen3.5-27B,True
46,ja,0,en,Qwen/Qwen3.5-27B,True
126,es,0,es,Qwen/Qwen3.5-27B,True
416,hi,0,pt,Qwen/Qwen3.5-27B,True
126,ja,0,es,Qwen/Qwen3.5-27B,True
416,id,0,pt,Qwen/Qwen3.5-27B,True
416,zh,0,pt,Qwen/Qwen3.5-27B,True
262,de,0,id,Qwen/Qwen3.5-27B,True
57,id,0,en,Qwen/Qwen3.5-27B,True
57,it,0,en,Qwen/Qwen3.5-27B,True
126,zh,0,es,Qwen/Qwen3.5-27B,True
262,en,0,id,Qwen/Qwen3.5-27B,True
57,hi,0,en,Qwen/Qwen3.5-27B,True
57,ja,0,en,Qwen/Qwen3.5-27B,True
262,id,0,id,Qwen/Qwen3.5-27B,True
262,fr,0,id,Qwen/Qwen3.5-27B,True
262,es,0,id,Qwen/Qwen3.5-27B,True
124,en,0,es,Qwen/Qwen3.5-27B,True
316,id,0,it,Qwen/Qwen3.5-27B,True
262,it,0,id,Qwen/Qwen3.5-27B,True
46,de,0,en,Qwen/Qwen3.5-27B,True
262,zh,0,id,Qwen/Qwen3.5-27B,True
126,hi,0,es,Qwen/Qwen3.5-27B,True
262,hi,0,id,Qwen/Qwen3.5-27B,True
124,de,0,es,Qwen/Qwen3.5-27B,True
399,en,0,pt,Qwen/Qwen3.5-27B,True
262,ja,0,id,Qwen/Qwen3.5-27B,True
399,de,0,pt,Qwen/Qwen3.5-27B,True
124,fr,0,es,Qwen/Qwen3.5-27B,True
126,fr,0,es,Qwen/Qwen3.5-27B,True
124,es,0,es,Qwen/Qwen3.5-27B,True
57,fr,0,en,Qwen/Qwen3.5-27B,True
399,fr,0,pt,Qwen/Qwen3.5-27B,True
124,zh,0,es,Qwen/Qwen3.5-27B,True
124,id,0,es,Qwen/Qwen3.5-27B,True
124,hi,0,es,Qwen/Qwen3.5-27B,True
57,es,0,en,Qwen/Qwen3.5-27B,True
124,it,0,es,Qwen/Qwen3.5-27B,True
57,en,0,en,Qwen/Qwen3.5-27B,True
399,it,0,pt,Qwen/Qwen3.5-27B,True
317,de,0,it,Qwen/Qwen3.5-27B,True
312,id,0,it,Qwen/Qwen3.5-27B,True
124,ja,0,es,Qwen/Qwen3.5-27B,True
255,fr,0,id,Qwen/Qwen3.5-27B,True
399,ja,0,pt,Qwen/Qwen3.5-27B,True
17,de,0,he,Qwen/Qwen3.5-27B,True
399,zh,0,pt,Qwen/Qwen3.5-27B,True
399,hi,0,pt,Qwen/Qwen3.5-27B,True
57,zh,0,en,Qwen/Qwen3.5-27B,True
17,it,0,he,Qwen/Qwen3.5-27B,True
399,id,0,pt,Qwen/Qwen3.5-27B,True
399,es,0,pt,Qwen/Qwen3.5-27B,True
17,fr,0,he,Qwen/Qwen3.5-27B,True
57,de,0,en,Qwen/Qwen3.5-27B,True
66,en,0,en,Qwen/Qwen3.5-27B,True
66,fr,0,en,Qwen/Qwen3.5-27B,True
66,id,0,en,Qwen/Qwen3.5-27B,True
66,zh,0,en,Qwen/Qwen3.5-27B,True
24,id,0,he,Qwen/Qwen3.5-27B,True
66,ja,0,en,Qwen/Qwen3.5-27B,True
490,it,0,zh,Qwen/Qwen3.5-27B,True
66,es,0,en,Qwen/Qwen3.5-27B,True
24,de,0,he,Qwen/Qwen3.5-27B,True
24,es,0,he,Qwen/Qwen3.5-27B,True
66,de,0,en,Qwen/Qwen3.5-27B,True
66,hi,0,en,Qwen/Qwen3.5-27B,True
31,de,0,en,Qwen/Qwen3.5-27B,True
17,id,0,he,Qwen/Qwen3.5-27B,True
31,fr,0,en,Qwen/Qwen3.5-27B,True
66,it,0,en,Qwen/Qwen3.5-27B,True
24,ja,0,he,Qwen/Qwen3.5-27B,True
17,es,0,he,Qwen/Qwen3.5-27B,True
140,zh,0,es,Qwen/Qwen3.5-27B,True
31,es,0,en,Qwen/Qwen3.5-27B,True
24,it,0,he,Qwen/Qwen3.5-27B,True
17,ja,0,he,Qwen/Qwen3.5-27B,True
31,it,0,en,Qwen/Qwen3.5-27B,True
31,ja,0,en,Qwen/Qwen3.5-27B,True
24,zh,0,he,Qwen/Qwen3.5-27B,True
31,hi,0,en,Qwen/Qwen3.5-27B,True
234,de,0,hi,Qwen/Qwen3.5-27B,True
31,en,0,en,Qwen/Qwen3.5-27B,True
17,hi,0,he,Qwen/Qwen3.5-27B,True
234,es,0,hi,Qwen/Qwen3.5-27B,True
140,fr,0,es,Qwen/Qwen3.5-27B,True
234,hi,0,hi,Qwen/Qwen3.5-27B,True
496,id,0,zh,Qwen/Qwen3.5-27B,True
31,id,0,en,Qwen/Qwen3.5-27B,True
496,en,0,zh,Qwen/Qwen3.5-27B,True
24,hi,0,he,Qwen/Qwen3.5-27B,True
234,en,0,hi,Qwen/Qwen3.5-27B,True
496,it,0,zh,Qwen/Qwen3.5-27B,True
234,id,0,hi,Qwen/Qwen3.5-27B,True
234,zh,0,hi,Qwen/Qwen3.5-27B,True
496,fr,0,zh,Qwen/Qwen3.5-27B,True
496,ja,0,zh,Qwen/Qwen3.5-27B,True
31,zh,0,en,Qwen/Qwen3.5-27B,True
496,es,0,zh,Qwen/Qwen3.5-27B,True
234,it,0,hi,Qwen/Qwen3.5-27B,True
234,ja,0,hi,Qwen/Qwen3.5-27B,True
234,fr,0,hi,Qwen/Qwen3.5-27B,True
496,zh,0,zh,Qwen/Qwen3.5-27B,True
132,es,0,es,Qwen/Qwen3.5-27B,True
255,id,0,id,Qwen/Qwen3.5-27B,True
132,fr,0,es,Qwen/Qwen3.5-27B,True
132,en,0,es,Qwen/Qwen3.5-27B,True
132,de,0,es,Qwen/Qwen3.5-27B,True
409,en,0,pt,Qwen/Qwen3.5-27B,True
496,de,0,zh,Qwen/Qwen3.5-27B,True
247,zh,0,hi,Qwen/Qwen3.5-27B,True
132,id,0,es,Qwen/Qwen3.5-27B,True
409,de,0,pt,Qwen/Qwen3.5-27B,True
409,es,0,pt,Qwen/Qwen3.5-27B,True
132,ja,0,es,Qwen/Qwen3.5-27B,True
140,de,0,es,Qwen/Qwen3.5-27B,True
132,it,0,es,Qwen/Qwen3.5-27B,True
409,fr,0,pt,Qwen/Qwen3.5-27B,True
24,en,0,he,Qwen/Qwen3.5-27B,True
247,id,0,hi,Qwen/Qwen3.5-27B,True
376,en,0,ko,Qwen/Qwen3.5-27B,True
409,id,0,pt,Qwen/Qwen3.5-27B,True
176,en,0,fr,Qwen/Qwen3.5-27B,True
316,de,0,it,Qwen/Qwen3.5-27B,True
132,zh,0,es,Qwen/Qwen3.5-27B,True
247,en,0,hi,Qwen/Qwen3.5-27B,True
376,ja,0,ko,Qwen/Qwen3.5-27B,True
409,it,0,pt,Qwen/Qwen3.5-27B,True
132,hi,0,es,Qwen/Qwen3.5-27B,True
376,it,0,ko,Qwen/Qwen3.5-27B,True
176,it,0,fr,Qwen/Qwen3.5-27B,True
409,ja,0,pt,Qwen/Qwen3.5-27B,True
176,de,0,fr,Qwen/Qwen3.5-27B,True
176,es,0,fr,Qwen/Qwen3.5-27B,True
176,fr,0,fr,Qwen/Qwen3.5-27B,True
409,hi,0,pt,Qwen/Qwen3.5-27B,True
376,hi,0,ko,Qwen/Qwen3.5-27B,True
247,hi,0,hi,Qwen/Qwen3.5-27B,True
176,ja,0,fr,Qwen/Qwen3.5-27B,True
376,id,0,ko,Qwen/Qwen3.5-27B,True
483,en,0,zh,Qwen/Qwen3.5-27B,True
176,zh,0,fr,Qwen/Qwen3.5-27B,True
483,ja,0,zh,Qwen/Qwen3.5-27B,True
483,zh,0,zh,Qwen/Qwen3.5-27B,True
376,es,0,ko,Qwen/Qwen3.5-27B,True
483,es,0,zh,Qwen/Qwen3.5-27B,True
483,de,0,zh,Qwen/Qwen3.5-27B,True
329,fr,0,it,Qwen/Qwen3.5-27B,True
247,fr,0,hi,Qwen/Qwen3.5-27B,True
376,zh,0,ko,Qwen/Qwen3.5-27B,True
376,fr,0,ko,Qwen/Qwen3.5-27B,True
176,id,0,fr,Qwen/Qwen3.5-27B,True
483,fr,0,zh,Qwen/Qwen3.5-27B,True
329,de,0,it,Qwen/Qwen3.5-27B,True
483,it,0,zh,Qwen/Qwen3.5-27B,True
5,es,0,he,Qwen/Qwen3.5-27B,True
5,en,0,he,Qwen/Qwen3.5-27B,True
5,id,0,he,Qwen/Qwen3.5-27B,True
5,de,0,he,Qwen/Qwen3.5-27B,True
409,zh,0,pt,Qwen/Qwen3.5-27B,True
5,fr,0,he,Qwen/Qwen3.5-27B,True
376,de,0,ko,Qwen/Qwen3.5-27B,True
5,it,0,he,Qwen/Qwen3.5-27B,True
17,zh,0,he,Qwen/Qwen3.5-27B,True
5,ja,0,he,Qwen/Qwen3.5-27B,True
116,es,0,es,Qwen/Qwen3.5-27B,True
5,zh,0,he,Qwen/Qwen3.5-27B,True
5,hi,0,he,Qwen/Qwen3.5-27B,True
483,hi,0,zh,Qwen/Qwen3.5-27B,True
45,en,0,en,Qwen/Qwen3.5-27B,True
116,en,0,es,Qwen/Qwen3.5-27B,True
176,hi,0,fr,Qwen/Qwen3.5-27B,True
45,it,0,en,Qwen/Qwen3.5-27B,True
483,id,0,zh,Qwen/Qwen3.5-27B,True
496,hi,0,zh,Qwen/Qwen3.5-27B,True
329,ja,0,it,Qwen/Qwen3.5-27B,True
16,en,0,he,Qwen/Qwen3.5-27B,True
45,de,0,en,Qwen/Qwen3.5-27B,True
116,id,0,es,Qwen/Qwen3.5-27B,True
247,es,0,hi,Qwen/Qwen3.5-27B,True
116,zh,0,es,Qwen/Qwen3.5-27B,True
45,fr,0,en,Qwen/Qwen3.5-27B,True
16,de,0,he,Qwen/Qwen3.5-27B,True
45,id,0,en,Qwen/Qwen3.5-27B,True
45,es,0,en,Qwen/Qwen3.5-27B,True
16,es,0,he,Qwen/Qwen3.5-27B,True
45,hi,0,en,Qwen/Qwen3.5-27B,True
116,fr,0,es,Qwen/Qwen3.5-27B,True
116,it,0,es,Qwen/Qwen3.5-27B,True
329,zh,0,it,Qwen/Qwen3.5-27B,True
45,zh,0,en,Qwen/Qwen3.5-27B,True
16,it,0,he,Qwen/Qwen3.5-27B,True
45,ja,0,en,Qwen/Qwen3.5-27B,True
16,fr,0,he,Qwen/Qwen3.5-27B,True
116,hi,0,es,Qwen/Qwen3.5-27B,True
16,hi,0,he,Qwen/Qwen3.5-27B,True
17,en,0,he,Qwen/Qwen3.5-27B,True
329,hi,0,it,Qwen/Qwen3.5-27B,True
341,fr,0,ja,Qwen/Qwen3.5-27B,True
341,id,0,ja,Qwen/Qwen3.5-27B,True
341,en,0,ja,Qwen/Qwen3.5-27B,True
475,zh,0,zh,Qwen/Qwen3.5-27B,True
341,es,0,ja,Qwen/Qwen3.5-27B,True
475,it,0,zh,Qwen/Qwen3.5-27B,True
116,de,0,es,Qwen/Qwen3.5-27B,True
16,id,0,he,Qwen/Qwen3.5-27B,True
475,es,0,zh,Qwen/Qwen3.5-27B,True
16,ja,0,he,Qwen/Qwen3.5-27B,True
341,de,0,ja,Qwen/Qwen3.5-27B,True
341,hi,0,ja,Qwen/Qwen3.5-27B,True
475,de,0,zh,Qwen/Qwen3.5-27B,True
380,en,0,ko,Qwen/Qwen3.5-27B,True
380,zh,0,ko,Qwen/Qwen3.5-27B,True
380,es,0,ko,Qwen/Qwen3.5-27B,True
475,en,0,zh,Qwen/Qwen3.5-27B,True
475,fr,0,zh,Qwen/Qwen3.5-27B,True
24,fr,0,he,Qwen/Qwen3.5-27B,True
3,fr,0,he,Qwen/Qwen3.5-27B,True
380,ja,0,ko,Qwen/Qwen3.5-27B,True
329,id,0,it,Qwen/Qwen3.5-27B,True
3,en,0,he,Qwen/Qwen3.5-27B,True
3,es,0,he,Qwen/Qwen3.5-27B,True
475,id,0,zh,Qwen/Qwen3.5-27B,True
329,en,0,it,Qwen/Qwen3.5-27B,True
16,zh,0,he,Qwen/Qwen3.5-27B,True
380,id,0,ko,Qwen/Qwen3.5-27B,True
380,de,0,ko,Qwen/Qwen3.5-27B,True
341,it,0,ja,Qwen/Qwen3.5-27B,True
341,zh,0,ja,Qwen/Qwen3.5-27B,True
380,hi,0,ko,Qwen/Qwen3.5-27B,True
3,ja,0,he,Qwen/Qwen3.5-27B,True
329,es,0,it,Qwen/Qwen3.5-27B,True
3,it,0,he,Qwen/Qwen3.5-27B,True
3,de,0,he,Qwen/Qwen3.5-27B,True
475,ja,0,zh,Qwen/Qwen3.5-27B,True
475,hi,0,zh,Qwen/Qwen3.5-27B,True
380,fr,0,ko,Qwen/Qwen3.5-27B,True
3,id,0,he,Qwen/Qwen3.5-27B,True
60,ja,0,en,Qwen/Qwen3.5-27B,True
341,ja,0,ja,Qwen/Qwen3.5-27B,True
110,en,0,es,Qwen/Qwen3.5-27B,True
60,hi,0,en,Qwen/Qwen3.5-27B,True
3,hi,0,he,Qwen/Qwen3.5-27B,True
116,ja,0,es,Qwen/Qwen3.5-27B,True
110,fr,0,es,Qwen/Qwen3.5-27B,True
110,es,0,es,Qwen/Qwen3.5-27B,True
110,id,0,es,Qwen/Qwen3.5-27B,True
110,it,0,es,Qwen/Qwen3.5-27B,True
110,de,0,es,Qwen/Qwen3.5-27B,True
3,zh,0,he,Qwen/Qwen3.5-27B,True
247,de,0,hi,Qwen/Qwen3.5-27B,True
304,it,0,it,Qwen/Qwen3.5-27B,True
380,it,0,ko,Qwen/Qwen3.5-27B,True
430,de,0,pt,Qwen/Qwen3.5-27B,True
430,hi,0,pt,Qwen/Qwen3.5-27B,True
110,hi,0,es,Qwen/Qwen3.5-27B,True
430,it,0,pt,Qwen/Qwen3.5-27B,True
110,zh,0,es,Qwen/Qwen3.5-27B,True
430,zh,0,pt,Qwen/Qwen3.5-27B,True
430,en,0,pt,Qwen/Qwen3.5-27B,True
430,fr,0,pt,Qwen/Qwen3.5-27B,True
304,en,0,it,Qwen/Qwen3.5-27B,True
289,en,0,id,Qwen/Qwen3.5-27B,True
60,de,0,en,Qwen/Qwen3.5-27B,True
430,es,0,pt,Qwen/Qwen3.5-27B,True
430,ja,0,pt,Qwen/Qwen3.5-27B,True
304,es,0,it,Qwen/Qwen3.5-27B,True
29,en,0,en,Qwen/Qwen3.5-27B,True
430,id,0,pt,Qwen/Qwen3.5-27B,True
110,ja,0,es,Qwen/Qwen3.5-27B,True
289,es,0,id,Qwen/Qwen3.5-27B,True
289,it,0,id,Qwen/Qwen3.5-27B,True
289,fr,0,id,Qwen/Qwen3.5-27B,True
289,de,0,id,Qwen/Qwen3.5-27B,True
60,en,0,en,Qwen/Qwen3.5-27B,True
304,fr,0,it,Qwen/Qwen3.5-27B,True
289,id,0,id,Qwen/Qwen3.5-27B,True
289,ja,0,id,Qwen/Qwen3.5-27B,True
289,hi,0,id,Qwen/Qwen3.5-27B,True
26,de,0,he,Qwen/Qwen3.5-27B,True
29,hi,0,en,Qwen/Qwen3.5-27B,True
29,it,0,en,Qwen/Qwen3.5-27B,True
304,hi,0,it,Qwen/Qwen3.5-27B,True
304,id,0,it,Qwen/Qwen3.5-27B,True
7,en,0,he,Qwen/Qwen3.5-27B,True
289,zh,0,id,Qwen/Qwen3.5-27B,True
304,de,0,it,Qwen/Qwen3.5-27B,True
29,id,0,en,Qwen/Qwen3.5-27B,True
26,es,0,he,Qwen/Qwen3.5-27B,True
7,it,0,he,Qwen/Qwen3.5-27B,True
26,fr,0,he,Qwen/Qwen3.5-27B,True
26,hi,0,he,Qwen/Qwen3.5-27B,True
304,ja,0,it,Qwen/Qwen3.5-27B,True
7,es,0,he,Qwen/Qwen3.5-27B,True
29,ja,0,en,Qwen/Qwen3.5-27B,True
26,id,0,he,Qwen/Qwen3.5-27B,True
433,en,0,pt,Qwen/Qwen3.5-27B,True
29,fr,0,en,Qwen/Qwen3.5-27B,True
29,zh,0,en,Qwen/Qwen3.5-27B,True
433,de,0,pt,Qwen/Qwen3.5-27B,True
29,es,0,en,Qwen/Qwen3.5-27B,True
7,fr,0,he,Qwen/Qwen3.5-27B,True
60,zh,0,en,Qwen/Qwen3.5-27B,True
433,es,0,pt,Qwen/Qwen3.5-27B,True
26,it,0,he,Qwen/Qwen3.5-27B,True
26,zh,0,he,Qwen/Qwen3.5-27B,True
433,fr,0,pt,Qwen/Qwen3.5-27B,True
26,ja,0,he,Qwen/Qwen3.5-27B,True
7,de,0,he,Qwen/Qwen3.5-27B,True
433,it,0,pt,Qwen/Qwen3.5-27B,True
433,ja,0,pt,Qwen/Qwen3.5-27B,True
108,de,0,es,Qwen/Qwen3.5-27B,True
7,ja,0,he,Qwen/Qwen3.5-27B,True
7,id,0,he,Qwen/Qwen3.5-27B,True
108,fr,0,es,Qwen/Qwen3.5-27B,True
304,zh,0,it,Qwen/Qwen3.5-27B,True
433,zh,0,pt,Qwen/Qwen3.5-27B,True
108,it,0,es,Qwen/Qwen3.5-27B,True
108,en,0,es,Qwen/Qwen3.5-27B,True
108,hi,0,es,Qwen/Qwen3.5-27B,True
7,zh,0,he,Qwen/Qwen3.5-27B,True
433,id,0,pt,Qwen/Qwen3.5-27B,True
108,id,0,es,Qwen/Qwen3.5-27B,True
29,de,0,en,Qwen/Qwen3.5-27B,True
7,hi,0,he,Qwen/Qwen3.5-27B,True
108,ja,0,es,Qwen/Qwen3.5-27B,True
108,zh,0,es,Qwen/Qwen3.5-27B,True
253,id,0,hi,Qwen/Qwen3.5-27B,True
253,ja,0,hi,Qwen/Qwen3.5-27B,True
253,de,0,hi,Qwen/Qwen3.5-27B,True
253,en,0,hi,Qwen/Qwen3.5-27B,True
479,fr,0,zh,Qwen/Qwen3.5-27B,True
108,es,0,es,Qwen/Qwen3.5-27B,True
118,de,0,es,Qwen/Qwen3.5-27B,True
118,fr,0,es,Qwen/Qwen3.5-27B,True
479,zh,0,zh,Qwen/Qwen3.5-27B,True
253,zh,0,hi,Qwen/Qwen3.5-27B,True
253,hi,0,hi,Qwen/Qwen3.5-27B,True
433,hi,0,pt,Qwen/Qwen3.5-27B,True
253,es,0,hi,Qwen/Qwen3.5-27B,True
479,es,0,zh,Qwen/Qwen3.5-27B,True
247,ja,0,hi,Qwen/Qwen3.5-27B,True
479,ja,0,zh,Qwen/Qwen3.5-27B,True
114,en,0,es,Qwen/Qwen3.5-27B,True
114,fr,0,es,Qwen/Qwen3.5-27B,True
253,it,0,hi,Qwen/Qwen3.5-27B,True
253,fr,0,hi,Qwen/Qwen3.5-27B,True
479,id,0,zh,Qwen/Qwen3.5-27B,True
118,en,0,es,Qwen/Qwen3.5-27B,True
479,de,0,zh,Qwen/Qwen3.5-27B,True
118,es,0,es,Qwen/Qwen3.5-27B,True
114,es,0,es,Qwen/Qwen3.5-27B,True
479,hi,0,zh,Qwen/Qwen3.5-27B,True
118,id,0,es,Qwen/Qwen3.5-27B,True
118,it,0,es,Qwen/Qwen3.5-27B,True
114,it,0,es,Qwen/Qwen3.5-27B,True
114,de,0,es,Qwen/Qwen3.5-27B,True
114,hi,0,es,Qwen/Qwen3.5-27B,True
118,ja,0,es,Qwen/Qwen3.5-27B,True
114,id,0,es,Qwen/Qwen3.5-27B,True
423,de,0,pt,Qwen/Qwen3.5-27B,True
114,ja,0,es,Qwen/Qwen3.5-27B,True
423,es,0,pt,Qwen/Qwen3.5-27B,True
114,zh,0,es,Qwen/Qwen3.5-27B,True
118,zh,0,es,Qwen/Qwen3.5-27B,True
423,fr,0,pt,Qwen/Qwen3.5-27B,True
118,hi,0,es,Qwen/Qwen3.5-27B,True
393,en,0,ko,Qwen/Qwen3.5-27B,True
479,it,0,zh,Qwen/Qwen3.5-27B,True
423,en,0,pt,Qwen/Qwen3.5-27B,True
423,it,0,pt,Qwen/Qwen3.5-27B,True
423,hi,0,pt,Qwen/Qwen3.5-27B,True
334,en,0,ja,Qwen/Qwen3.5-27B,True
334,it,0,ja,Qwen/Qwen3.5-27B,True
334,es,0,ja,Qwen/Qwen3.5-27B,True
423,zh,0,pt,Qwen/Qwen3.5-27B,True
479,en,0,zh,Qwen/Qwen3.5-27B,True
423,ja,0,pt,Qwen/Qwen3.5-27B,True
423,id,0,pt,Qwen/Qwen3.5-27B,True
334,de,0,ja,Qwen/Qwen3.5-27B,True
334,ja,0,ja,Qwen/Qwen3.5-27B,True
334,hi,0,ja,Qwen/Qwen3.5-27B,True
334,zh,0,ja,Qwen/Qwen3.5-27B,True
393,ja,0,ko,Qwen/Qwen3.5-27B,True
393,de,0,ko,Qwen/Qwen3.5-27B,True
353,fr,0,ja,Qwen/Qwen3.5-27B,True
393,it,0,ko,Qwen/Qwen3.5-27B,True
353,de,0,ja,Qwen/Qwen3.5-27B,True
334,fr,0,ja,Qwen/Qwen3.5-27B,True
353,zh,0,ja,Qwen/Qwen3.5-27B,True
353,es,0,ja,Qwen/Qwen3.5-27B,True
393,hi,0,ko,Qwen/Qwen3.5-27B,True
393,fr,0,ko,Qwen/Qwen3.5-27B,True
353,hi,0,ja,Qwen/Qwen3.5-27B,True
192,es,0,hi,Qwen/Qwen3.5-27B,True
353,ja,0,ja,Qwen/Qwen3.5-27B,True
393,es,0,ko,Qwen/Qwen3.5-27B,True
393,id,0,ko,Qwen/Qwen3.5-27B,True
141,es,0,es,Qwen/Qwen3.5-27B,True
247,it,0,hi,Qwen/Qwen3.5-27B,True
353,it,0,ja,Qwen/Qwen3.5-27B,True
60,id,0,en,Qwen/Qwen3.5-27B,True
353,id,0,ja,Qwen/Qwen3.5-27B,True
192,fr,0,hi,Qwen/Qwen3.5-27B,True
141,de,0,es,Qwen/Qwen3.5-27B,True
353,en,0,ja,Qwen/Qwen3.5-27B,True
141,it,0,es,Qwen/Qwen3.5-27B,True
141,fr,0,es,Qwen/Qwen3.5-27B,True
349,en,0,ja,Qwen/Qwen3.5-27B,True
349,de,0,ja,Qwen/Qwen3.5-27B,True
192,id,0,hi,Qwen/Qwen3.5-27B,True
192,en,0,hi,Qwen/Qwen3.5-27B,True
141,id,0,es,Qwen/Qwen3.5-27B,True
141,ja,0,es,Qwen/Qwen3.5-27B,True
349,it,0,ja,Qwen/Qwen3.5-27B,True
192,zh,0,hi,Qwen/Qwen3.5-27B,True
425,zh,0,pt,Qwen/Qwen3.5-27B,True
192,de,0,hi,Qwen/Qwen3.5-27B,True
349,hi,0,ja,Qwen/Qwen3.5-27B,True
425,ja,0,pt,Qwen/Qwen3.5-27B,True
192,ja,0,hi,Qwen/Qwen3.5-27B,True
393,zh,0,ko,Qwen/Qwen3.5-27B,True
349,es,0,ja,Qwen/Qwen3.5-27B,True
349,ja,0,ja,Qwen/Qwen3.5-27B,True
60,fr,0,en,Qwen/Qwen3.5-27B,True
425,es,0,pt,Qwen/Qwen3.5-27B,True
425,it,0,pt,Qwen/Qwen3.5-27B,True
67,es,0,en,Qwen/Qwen3.5-27B,True
141,hi,0,es,Qwen/Qwen3.5-27B,True
141,zh,0,es,Qwen/Qwen3.5-27B,True
67,de,0,en,Qwen/Qwen3.5-27B,True
192,it,0,hi,Qwen/Qwen3.5-27B,True
425,fr,0,pt,Qwen/Qwen3.5-27B,True
349,zh,0,ja,Qwen/Qwen3.5-27B,True
67,ja,0,en,Qwen/Qwen3.5-27B,True
349,id,0,ja,Qwen/Qwen3.5-27B,True
504,en,0,zh,Qwen/Qwen3.5-27B,True
67,zh,0,en,Qwen/Qwen3.5-27B,True
425,id,0,pt,Qwen/Qwen3.5-27B,True
67,fr,0,en,Qwen/Qwen3.5-27B,True
349,fr,0,ja,Qwen/Qwen3.5-27B,True
67,hi,0,en,Qwen/Qwen3.5-27B,True
67,id,0,en,Qwen/Qwen3.5-27B,True
60,es,0,en,Qwen/Qwen3.5-27B,True
504,de,0,zh,Qwen/Qwen3.5-27B,True
192,hi,0,hi,Qwen/Qwen3.5-27B,True
141,en,0,es,Qwen/Qwen3.5-27B,True
168,en,0,fr,Qwen/Qwen3.5-27B,True
504,zh,0,zh,Qwen/Qwen3.5-27B,True
396,en,0,ko,Qwen/Qwen3.5-27B,True
504,id,0,zh,Qwen/Qwen3.5-27B,True
168,it,0,fr,Qwen/Qwen3.5-27B,True
504,es,0,zh,Qwen/Qwen3.5-27B,True
404,en,0,pt,Qwen/Qwen3.5-27B,True
404,es,0,pt,Qwen/Qwen3.5-27B,True
504,ja,0,zh,Qwen/Qwen3.5-27B,True
329,it,0,it,Qwen/Qwen3.5-27B,True
168,fr,0,fr,Qwen/Qwen3.5-27B,True
396,de,0,ko,Qwen/Qwen3.5-27B,True
168,es,0,fr,Qwen/Qwen3.5-27B,True
425,en,0,pt,Qwen/Qwen3.5-27B,True
504,it,0,zh,Qwen/Qwen3.5-27B,True
504,fr,0,zh,Qwen/Qwen3.5-27B,True
404,de,0,pt,Qwen/Qwen3.5-27B,True
168,zh,0,fr,Qwen/Qwen3.5-27B,True
425,de,0,pt,Qwen/Qwen3.5-27B,True
168,hi,0,fr,Qwen/Qwen3.5-27B,True
168,id,0,fr,Qwen/Qwen3.5-27B,True
396,fr,0,ko,Qwen/Qwen3.5-27B,True
396,ja,0,ko,Qwen/Qwen3.5-27B,True
396,es,0,ko,Qwen/Qwen3.5-27B,True
404,id,0,pt,Qwen/Qwen3.5-27B,True
396,zh,0,ko,Qwen/Qwen3.5-27B,True
504,hi,0,zh,Qwen/Qwen3.5-27B,True
168,ja,0,fr,Qwen/Qwen3.5-27B,True
425,hi,0,pt,Qwen/Qwen3.5-27B,True
168,de,0,fr,Qwen/Qwen3.5-27B,True
404,fr,0,pt,Qwen/Qwen3.5-27B,True
396,it,0,ko,Qwen/Qwen3.5-27B,True
404,it,0,pt,Qwen/Qwen3.5-27B,True
220,id,0,hi,Qwen/Qwen3.5-27B,True
404,hi,0,pt,Qwen/Qwen3.5-27B,True
220,es,0,hi,Qwen/Qwen3.5-27B,True
396,hi,0,ko,Qwen/Qwen3.5-27B,True
220,en,0,hi,Qwen/Qwen3.5-27B,True
220,hi,0,hi,Qwen/Qwen3.5-27B,True
396,id,0,ko,Qwen/Qwen3.5-27B,True
109,it,0,es,Qwen/Qwen3.5-27B,True
109,hi,0,es,Qwen/Qwen3.5-27B,True
60,it,0,en,Qwen/Qwen3.5-27B,True
220,zh,0,hi,Qwen/Qwen3.5-27B,True
220,it,0,hi,Qwen/Qwen3.5-27B,True
220,de,0,hi,Qwen/Qwen3.5-27B,True
220,fr,0,hi,Qwen/Qwen3.5-27B,True
109,de,0,es,Qwen/Qwen3.5-27B,True
109,es,0,es,Qwen/Qwen3.5-27B,True
109,ja,0,es,Qwen/Qwen3.5-27B,True
404,zh,0,pt,Qwen/Qwen3.5-27B,True
404,ja,0,pt,Qwen/Qwen3.5-27B,True
109,id,0,es,Qwen/Qwen3.5-27B,True
109,en,0,es,Qwen/Qwen3.5-27B,True
109,fr,0,es,Qwen/Qwen3.5-27B,True
237,en,0,hi,Qwen/Qwen3.5-27B,True
237,zh,0,hi,Qwen/Qwen3.5-27B,True
237,hi,0,hi,Qwen/Qwen3.5-27B,True
237,fr,0,hi,Qwen/Qwen3.5-27B,True
237,de,0,hi,Qwen/Qwen3.5-27B,True
237,it,0,hi,Qwen/Qwen3.5-27B,True
237,id,0,hi,Qwen/Qwen3.5-27B,True
222,hi,0,hi,Qwen/Qwen3.5-27B,True
145,de,0,fr,Qwen/Qwen3.5-27B,True
237,es,0,hi,Qwen/Qwen3.5-27B,True
222,ja,0,hi,Qwen/Qwen3.5-27B,True
222,it,0,hi,Qwen/Qwen3.5-27B,True
237,ja,0,hi,Qwen/Qwen3.5-27B,True
222,id,0,hi,Qwen/Qwen3.5-27B,True
391,de,0,ko,Qwen/Qwen3.5-27B,True
145,en,0,fr,Qwen/Qwen3.5-27B,True
109,zh,0,es,Qwen/Qwen3.5-27B,True
391,en,0,ko,Qwen/Qwen3.5-27B,True
238,de,0,hi,Qwen/Qwen3.5-27B,True
222,fr,0,hi,Qwen/Qwen3.5-27B,True
238,es,0,hi,Qwen/Qwen3.5-27B,True
238,id,0,hi,Qwen/Qwen3.5-27B,True
391,es,0,ko,Qwen/Qwen3.5-27B,True
391,hi,0,ko,Qwen/Qwen3.5-27B,True
238,it,0,hi,Qwen/Qwen3.5-27B,True
391,ja,0,ko,Qwen/Qwen3.5-27B,True
391,fr,0,ko,Qwen/Qwen3.5-27B,True
238,ja,0,hi,Qwen/Qwen3.5-27B,True
391,id,0,ko,Qwen/Qwen3.5-27B,True
238,en,0,hi,Qwen/Qwen3.5-27B,True
238,fr,0,hi,Qwen/Qwen3.5-27B,True
145,hi,0,fr,Qwen/Qwen3.5-27B,True
145,fr,0,fr,Qwen/Qwen3.5-27B,True
145,it,0,fr,Qwen/Qwen3.5-27B,True
145,zh,0,fr,Qwen/Qwen3.5-27B,True
220,ja,0,hi,Qwen/Qwen3.5-27B,True
222,de,0,hi,Qwen/Qwen3.5-27B,True
287,de,0,id,Qwen/Qwen3.5-27B,True
145,id,0,fr,Qwen/Qwen3.5-27B,True
391,it,0,ko,Qwen/Qwen3.5-27B,True
145,ja,0,fr,Qwen/Qwen3.5-27B,True
287,en,0,id,Qwen/Qwen3.5-27B,True
407,en,0,pt,Qwen/Qwen3.5-27B,True
145,es,0,fr,Qwen/Qwen3.5-27B,True
407,it,0,pt,Qwen/Qwen3.5-27B,True
287,ja,0,id,Qwen/Qwen3.5-27B,True
250,en,0,hi,Qwen/Qwen3.5-27B,True
407,de,0,pt,Qwen/Qwen3.5-27B,True
287,es,0,id,Qwen/Qwen3.5-27B,True
287,zh,0,id,Qwen/Qwen3.5-27B,True
287,it,0,id,Qwen/Qwen3.5-27B,True
407,es,0,pt,Qwen/Qwen3.5-27B,True
484,de,0,zh,Qwen/Qwen3.5-27B,True
287,fr,0,id,Qwen/Qwen3.5-27B,True
484,en,0,zh,Qwen/Qwen3.5-27B,True
250,fr,0,hi,Qwen/Qwen3.5-27B,True
287,hi,0,id,Qwen/Qwen3.5-27B,True
407,id,0,pt,Qwen/Qwen3.5-27B,True
484,zh,0,zh,Qwen/Qwen3.5-27B,True
484,fr,0,zh,Qwen/Qwen3.5-27B,True
250,ja,0,hi,Qwen/Qwen3.5-27B,True
484,es,0,zh,Qwen/Qwen3.5-27B,True
407,fr,0,pt,Qwen/Qwen3.5-27B,True
250,es,0,hi,Qwen/Qwen3.5-27B,True
238,hi,0,hi,Qwen/Qwen3.5-27B,True
484,hi,0,zh,Qwen/Qwen3.5-27B,True
484,it,0,zh,Qwen/Qwen3.5-27B,True
484,id,0,zh,Qwen/Qwen3.5-27B,True
484,ja,0,zh,Qwen/Qwen3.5-27B,True
250,id,0,hi,Qwen/Qwen3.5-27B,True
26,en,0,he,Qwen/Qwen3.5-27B,True
250,zh,0,hi,Qwen/Qwen3.5-27B,True
222,es,0,hi,Qwen/Qwen3.5-27B,True
250,de,0,hi,Qwen/Qwen3.5-27B,True
250,it,0,hi,Qwen/Qwen3.5-27B,True
287,id,0,id,Qwen/Qwen3.5-27B,True
250,hi,0,hi,Qwen/Qwen3.5-27B,True
268,id,0,id,Qwen/Qwen3.5-27B,True
391,zh,0,ko,Qwen/Qwen3.5-27B,True
222,zh,0,hi,Qwen/Qwen3.5-27B,True
268,fr,0,id,Qwen/Qwen3.5-27B,True
407,ja,0,pt,Qwen/Qwen3.5-27B,True
268,es,0,id,Qwen/Qwen3.5-27B,True
268,en,0,id,Qwen/Qwen3.5-27B,True
334,id,0,ja,Qwen/Qwen3.5-27B,True
222,en,0,hi,Qwen/Qwen3.5-27B,True
301,en,0,it,Qwen/Qwen3.5-27B,True
119,hi,0,es,Qwen/Qwen3.5-27B,True
268,it,0,id,Qwen/Qwen3.5-27B,True
268,de,0,id,Qwen/Qwen3.5-27B,True
268,hi,0,id,Qwen/Qwen3.5-27B,True
301,fr,0,it,Qwen/Qwen3.5-27B,True
301,de,0,it,Qwen/Qwen3.5-27B,True
301,es,0,it,Qwen/Qwen3.5-27B,True
119,zh,0,es,Qwen/Qwen3.5-27B,True
119,ja,0,es,Qwen/Qwen3.5-27B,True
301,it,0,it,Qwen/Qwen3.5-27B,True
228,de,0,hi,Qwen/Qwen3.5-27B,True
268,ja,0,id,Qwen/Qwen3.5-27B,True
301,ja,0,it,Qwen/Qwen3.5-27B,True
119,en,0,es,Qwen/Qwen3.5-27B,True
301,hi,0,it,Qwen/Qwen3.5-27B,True
228,en,0,hi,Qwen/Qwen3.5-27B,True
301,id,0,it,Qwen/Qwen3.5-27B,True
228,fr,0,hi,Qwen/Qwen3.5-27B,True
119,fr,0,es,Qwen/Qwen3.5-27B,True
238,zh,0,hi,Qwen/Qwen3.5-27B,True
228,ja,0,hi,Qwen/Qwen3.5-27B,True
228,it,0,hi,Qwen/Qwen3.5-27B,True
228,hi,0,hi,Qwen/Qwen3.5-27B,True
119,id,0,es,Qwen/Qwen3.5-27B,True
228,id,0,hi,Qwen/Qwen3.5-27B,True
338,es,0,ja,Qwen/Qwen3.5-27B,True
119,de,0,es,Qwen/Qwen3.5-27B,True
338,en,0,ja,Qwen/Qwen3.5-27B,True
268,zh,0,id,Qwen/Qwen3.5-27B,True
229,de,0,hi,Qwen/Qwen3.5-27B,True
229,en,0,hi,Qwen/Qwen3.5-27B,True
229,es,0,hi,Qwen/Qwen3.5-27B,True
489,de,0,zh,Qwen/Qwen3.5-27B,True
338,de,0,ja,Qwen/Qwen3.5-27B,True
229,fr,0,hi,Qwen/Qwen3.5-27B,True
489,en,0,zh,Qwen/Qwen3.5-27B,True
211,de,0,hi,Qwen/Qwen3.5-27B,True
489,fr,0,zh,Qwen/Qwen3.5-27B,True
211,es,0,hi,Qwen/Qwen3.5-27B,True
119,es,0,es,Qwen/Qwen3.5-27B,True
211,fr,0,hi,Qwen/Qwen3.5-27B,True
489,ja,0,zh,Qwen/Qwen3.5-27B,True
211,en,0,hi,Qwen/Qwen3.5-27B,True
489,it,0,zh,Qwen/Qwen3.5-27B,True
211,it,0,hi,Qwen/Qwen3.5-27B,True
67,it,0,en,Qwen/Qwen3.5-27B,True
211,hi,0,hi,Qwen/Qwen3.5-27B,True
229,ja,0,hi,Qwen/Qwen3.5-27B,True
489,zh,0,zh,Qwen/Qwen3.5-27B,True
229,id,0,hi,Qwen/Qwen3.5-27B,True
229,it,0,hi,Qwen/Qwen3.5-27B,True
228,es,0,hi,Qwen/Qwen3.5-27B,True
301,zh,0,it,Qwen/Qwen3.5-27B,True
489,hi,0,zh,Qwen/Qwen3.5-27B,True
211,ja,0,hi,Qwen/Qwen3.5-27B,True
211,id,0,hi,Qwen/Qwen3.5-27B,True
338,ja,0,ja,Qwen/Qwen3.5-27B,True
229,zh,0,hi,Qwen/Qwen3.5-27B,True
229,hi,0,hi,Qwen/Qwen3.5-27B,True
489,es,0,zh,Qwen/Qwen3.5-27B,True
338,it,0,ja,Qwen/Qwen3.5-27B,True
36,ja,0,en,Qwen/Qwen3.5-27B,True
36,zh,0,en,Qwen/Qwen3.5-27B,True
338,fr,0,ja,Qwen/Qwen3.5-27B,True
36,de,0,en,Qwen/Qwen3.5-27B,True
36,it,0,en,Qwen/Qwen3.5-27B,True
211,zh,0,hi,Qwen/Qwen3.5-27B,True
338,hi,0,ja,Qwen/Qwen3.5-27B,True
36,fr,0,en,Qwen/Qwen3.5-27B,True
379,es,0,ko,Qwen/Qwen3.5-27B,True
379,it,0,ko,Qwen/Qwen3.5-27B,True
379,hi,0,ko,Qwen/Qwen3.5-27B,True
36,hi,0,en,Qwen/Qwen3.5-27B,True
36,id,0,en,Qwen/Qwen3.5-27B,True
379,ja,0,ko,Qwen/Qwen3.5-27B,True
489,id,0,zh,Qwen/Qwen3.5-27B,True
338,id,0,ja,Qwen/Qwen3.5-27B,True
196,de,0,hi,Qwen/Qwen3.5-27B,True
218,en,0,hi,Qwen/Qwen3.5-27B,True
218,de,0,hi,Qwen/Qwen3.5-27B,True
379,en,0,ko,Qwen/Qwen3.5-27B,True
196,id,0,hi,Qwen/Qwen3.5-27B,True
379,fr,0,ko,Qwen/Qwen3.5-27B,True
218,fr,0,hi,Qwen/Qwen3.5-27B,True
218,es,0,hi,Qwen/Qwen3.5-27B,True
379,id,0,ko,Qwen/Qwen3.5-27B,True
218,id,0,hi,Qwen/Qwen3.5-27B,True
218,hi,0,hi,Qwen/Qwen3.5-27B,True
218,it,0,hi,Qwen/Qwen3.5-27B,True
508,it,0,zh,Qwen/Qwen3.5-27B,True
196,it,0,hi,Qwen/Qwen3.5-27B,True
196,hi,0,hi,Qwen/Qwen3.5-27B,True
218,zh,0,hi,Qwen/Qwen3.5-27B,True
379,zh,0,ko,Qwen/Qwen3.5-27B,True
272,en,0,id,Qwen/Qwen3.5-27B,True
119,it,0,es,Qwen/Qwen3.5-27B,True
338,zh,0,ja,Qwen/Qwen3.5-27B,True
272,de,0,id,Qwen/Qwen3.5-27B,True
508,fr,0,zh,Qwen/Qwen3.5-27B,True
196,zh,0,hi,Qwen/Qwen3.5-27B,True
271,hi,0,id,Qwen/Qwen3.5-27B,True
272,es,0,id,Qwen/Qwen3.5-27B,True
508,hi,0,zh,Qwen/Qwen3.5-27B,True
271,en,0,id,Qwen/Qwen3.5-27B,True
272,hi,0,id,Qwen/Qwen3.5-27B,True
272,id,0,id,Qwen/Qwen3.5-27B,True
271,es,0,id,Qwen/Qwen3.5-27B,True
272,fr,0,id,Qwen/Qwen3.5-27B,True
272,ja,0,id,Qwen/Qwen3.5-27B,True
59,en,0,en,Qwen/Qwen3.5-27B,True
271,fr,0,id,Qwen/Qwen3.5-27B,True
508,en,0,zh,Qwen/Qwen3.5-27B,True
271,id,0,id,Qwen/Qwen3.5-27B,True
196,en,0,hi,Qwen/Qwen3.5-27B,True
508,ja,0,zh,Qwen/Qwen3.5-27B,True
59,it,0,en,Qwen/Qwen3.5-27B,True
272,zh,0,id,Qwen/Qwen3.5-27B,True
59,es,0,en,Qwen/Qwen3.5-27B,True
59,fr,0,en,Qwen/Qwen3.5-27B,True
271,it,0,id,Qwen/Qwen3.5-27B,True
272,it,0,id,Qwen/Qwen3.5-27B,True
271,de,0,id,Qwen/Qwen3.5-27B,True
196,fr,0,hi,Qwen/Qwen3.5-27B,True
59,ja,0,en,Qwen/Qwen3.5-27B,True
59,de,0,en,Qwen/Qwen3.5-27B,True
36,en,0,en,Qwen/Qwen3.5-27B,True
196,ja,0,hi,Qwen/Qwen3.5-27B,True
196,es,0,hi,Qwen/Qwen3.5-27B,True
271,zh,0,id,Qwen/Qwen3.5-27B,True
59,id,0,en,Qwen/Qwen3.5-27B,True
111,en,0,es,Qwen/Qwen3.5-27B,True
111,es,0,es,Qwen/Qwen3.5-27B,True
59,hi,0,en,Qwen/Qwen3.5-27B,True
111,de,0,es,Qwen/Qwen3.5-27B,True
111,fr,0,es,Qwen/Qwen3.5-27B,True
59,zh,0,en,Qwen/Qwen3.5-27B,True
271,ja,0,id,Qwen/Qwen3.5-27B,True
508,zh,0,zh,Qwen/Qwen3.5-27B,True
111,it,0,es,Qwen/Qwen3.5-27B,True
111,id,0,es,Qwen/Qwen3.5-27B,True
111,zh,0,es,Qwen/Qwen3.5-27B,True
244,en,0,hi,Qwen/Qwen3.5-27B,True
111,ja,0,es,Qwen/Qwen3.5-27B,True
231,ja,0,hi,Qwen/Qwen3.5-27B,True
231,en,0,hi,Qwen/Qwen3.5-27B,True
111,hi,0,es,Qwen/Qwen3.5-27B,True
508,id,0,zh,Qwen/Qwen3.5-27B,True
244,de,0,hi,Qwen/Qwen3.5-27B,True
231,fr,0,hi,Qwen/Qwen3.5-27B,True
231,es,0,hi,Qwen/Qwen3.5-27B,True
231,de,0,hi,Qwen/Qwen3.5-27B,True
231,it,0,hi,Qwen/Qwen3.5-27B,True
244,es,0,hi,Qwen/Qwen3.5-27B,True
231,id,0,hi,Qwen/Qwen3.5-27B,True
6,it,0,he,Qwen/Qwen3.5-27B,True
231,hi,0,hi,Qwen/Qwen3.5-27B,True
244,zh,0,hi,Qwen/Qwen3.5-27B,True
244,hi,0,hi,Qwen/Qwen3.5-27B,True
244,ja,0,hi,Qwen/Qwen3.5-27B,True
6,es,0,he,Qwen/Qwen3.5-27B,True
6,id,0,he,Qwen/Qwen3.5-27B,True
6,en,0,he,Qwen/Qwen3.5-27B,True
508,es,0,zh,Qwen/Qwen3.5-27B,True
6,fr,0,he,Qwen/Qwen3.5-27B,True
244,id,0,hi,Qwen/Qwen3.5-27B,True
6,zh,0,he,Qwen/Qwen3.5-27B,True
368,fr,0,ko,Qwen/Qwen3.5-27B,True
368,es,0,ko,Qwen/Qwen3.5-27B,True
231,zh,0,hi,Qwen/Qwen3.5-27B,True
6,de,0,he,Qwen/Qwen3.5-27B,True
6,ja,0,he,Qwen/Qwen3.5-27B,True
368,de,0,ko,Qwen/Qwen3.5-27B,True
6,hi,0,he,Qwen/Qwen3.5-27B,True
368,hi,0,ko,Qwen/Qwen3.5-27B,True
368,en,0,ko,Qwen/Qwen3.5-27B,True
244,fr,0,hi,Qwen/Qwen3.5-27B,True
218,ja,0,hi,Qwen/Qwen3.5-27B,True
368,it,0,ko,Qwen/Qwen3.5-27B,True
368,id,0,ko,Qwen/Qwen3.5-27B,True
150,en,0,fr,Qwen/Qwen3.5-27B,True
368,ja,0,ko,Qwen/Qwen3.5-27B,True
150,es,0,fr,Qwen/Qwen3.5-27B,True
150,de,0,fr,Qwen/Qwen3.5-27B,True
150,fr,0,fr,Qwen/Qwen3.5-27B,True
184,fr,0,hi,Qwen/Qwen3.5-27B,True
150,id,0,fr,Qwen/Qwen3.5-27B,True
184,de,0,hi,Qwen/Qwen3.5-27B,True
150,zh,0,fr,Qwen/Qwen3.5-27B,True
184,ja,0,hi,Qwen/Qwen3.5-27B,True
499,en,0,zh,Qwen/Qwen3.5-27B,True
184,hi,0,hi,Qwen/Qwen3.5-27B,True
184,es,0,hi,Qwen/Qwen3.5-27B,True
10,hi,0,he,Qwen/Qwen3.5-27B,True
150,it,0,fr,Qwen/Qwen3.5-27B,True
184,id,0,hi,Qwen/Qwen3.5-27B,True
184,it,0,hi,Qwen/Qwen3.5-27B,True
10,es,0,he,Qwen/Qwen3.5-27B,True
150,hi,0,fr,Qwen/Qwen3.5-27B,True
368,zh,0,ko,Qwen/Qwen3.5-27B,True
499,id,0,zh,Qwen/Qwen3.5-27B,True
364,es,0,ko,Qwen/Qwen3.5-27B,True
184,en,0,hi,Qwen/Qwen3.5-27B,True
364,fr,0,ko,Qwen/Qwen3.5-27B,True
499,zh,0,zh,Qwen/Qwen3.5-27B,True
499,ja,0,zh,Qwen/Qwen3.5-27B,True
10,en,0,he,Qwen/Qwen3.5-27B,True
499,fr,0,zh,Qwen/Qwen3.5-27B,True
364,it,0,ko,Qwen/Qwen3.5-27B,True
10,fr,0,he,Qwen/Qwen3.5-27B,True
103,id,0,es,Qwen/Qwen3.5-27B,True
103,en,0,es,Qwen/Qwen3.5-27B,True
10,it,0,he,Qwen/Qwen3.5-27B,True
10,id,0,he,Qwen/Qwen3.5-27B,True
103,de,0,es,Qwen/Qwen3.5-27B,True
499,de,0,zh,Qwen/Qwen3.5-27B,True
81,en,0,de,Qwen/Qwen3.5-27B,True
103,fr,0,es,Qwen/Qwen3.5-27B,True
364,ja,0,ko,Qwen/Qwen3.5-27B,True
103,hi,0,es,Qwen/Qwen3.5-27B,True
364,hi,0,ko,Qwen/Qwen3.5-27B,True
103,it,0,es,Qwen/Qwen3.5-27B,True
103,es,0,es,Qwen/Qwen3.5-27B,True
103,zh,0,es,Qwen/Qwen3.5-27B,True
103,ja,0,es,Qwen/Qwen3.5-27B,True
81,it,0,de,Qwen/Qwen3.5-27B,True
81,ja,0,de,Qwen/Qwen3.5-27B,True
81,id,0,de,Qwen/Qwen3.5-27B,True
81,zh,0,de,Qwen/Qwen3.5-27B,True
81,fr,0,de,Qwen/Qwen3.5-27B,True
364,zh,0,ko,Qwen/Qwen3.5-27B,True
364,de,0,ko,Qwen/Qwen3.5-27B,True
10,zh,0,he,Qwen/Qwen3.5-27B,True
38,fr,0,en,Qwen/Qwen3.5-27B,True
499,hi,0,zh,Qwen/Qwen3.5-27B,True
81,hi,0,de,Qwen/Qwen3.5-27B,True
370,es,0,ko,Qwen/Qwen3.5-27B,True
38,ja,0,en,Qwen/Qwen3.5-27B,True
364,en,0,ko,Qwen/Qwen3.5-27B,True
38,hi,0,en,Qwen/Qwen3.5-27B,True
370,fr,0,ko,Qwen/Qwen3.5-27B,True
370,de,0,ko,Qwen/Qwen3.5-27B,True
499,es,0,zh,Qwen/Qwen3.5-27B,True
150,ja,0,fr,Qwen/Qwen3.5-27B,True
167,en,0,fr,Qwen/Qwen3.5-27B,True
370,it,0,ko,Qwen/Qwen3.5-27B,True
167,es,0,fr,Qwen/Qwen3.5-27B,True
38,es,0,en,Qwen/Qwen3.5-27B,True
370,ja,0,ko,Qwen/Qwen3.5-27B,True
167,de,0,fr,Qwen/Qwen3.5-27B,True
370,id,0,ko,Qwen/Qwen3.5-27B,True
167,it,0,fr,Qwen/Qwen3.5-27B,True
38,en,0,en,Qwen/Qwen3.5-27B,True
81,de,0,de,Qwen/Qwen3.5-27B,True
38,it,0,en,Qwen/Qwen3.5-27B,True
370,en,0,ko,Qwen/Qwen3.5-27B,True
38,zh,0,en,Qwen/Qwen3.5-27B,True
167,fr,0,fr,Qwen/Qwen3.5-27B,True
370,hi,0,ko,Qwen/Qwen3.5-27B,True
499,it,0,zh,Qwen/Qwen3.5-27B,True
167,id,0,fr,Qwen/Qwen3.5-27B,True
167,ja,0,fr,Qwen/Qwen3.5-27B,True
167,zh,0,fr,Qwen/Qwen3.5-27B,True
38,id,0,en,Qwen/Qwen3.5-27B,True
364,id,0,ko,Qwen/Qwen3.5-27B,True
377,en,0,ko,Qwen/Qwen3.5-27B,True
38,de,0,en,Qwen/Qwen3.5-27B,True
377,es,0,ko,Qwen/Qwen3.5-27B,True
481,it,0,zh,Qwen/Qwen3.5-27B,True
481,id,0,zh,Qwen/Qwen3.5-27B,True
167,hi,0,fr,Qwen/Qwen3.5-27B,True
481,es,0,zh,Qwen/Qwen3.5-27B,True
481,ja,0,zh,Qwen/Qwen3.5-27B,True
377,zh,0,ko,Qwen/Qwen3.5-27B,True
481,zh,0,zh,Qwen/Qwen3.5-27B,True
377,fr,0,ko,Qwen/Qwen3.5-27B,True
377,de,0,ko,Qwen/Qwen3.5-27B,True
377,ja,0,ko,Qwen/Qwen3.5-27B,True
184,zh,0,hi,Qwen/Qwen3.5-27B,True
481,hi,0,zh,Qwen/Qwen3.5-27B,True
370,zh,0,ko,Qwen/Qwen3.5-27B,True
10,ja,0,he,Qwen/Qwen3.5-27B,True
481,de,0,zh,Qwen/Qwen3.5-27B,True
377,it,0,ko,Qwen/Qwen3.5-27B,True
481,en,0,zh,Qwen/Qwen3.5-27B,True
477,fr,0,zh,Qwen/Qwen3.5-27B,True
377,id,0,ko,Qwen/Qwen3.5-27B,True
481,fr,0,zh,Qwen/Qwen3.5-27B,True
477,it,0,zh,Qwen/Qwen3.5-27B,True
198,es,0,hi,Qwen/Qwen3.5-27B,True
477,es,0,zh,Qwen/Qwen3.5-27B,True
146,en,0,fr,Qwen/Qwen3.5-27B,True
477,en,0,zh,Qwen/Qwen3.5-27B,True
477,de,0,zh,Qwen/Qwen3.5-27B,True
477,id,0,zh,Qwen/Qwen3.5-27B,True
198,ja,0,hi,Qwen/Qwen3.5-27B,True
198,en,0,hi,Qwen/Qwen3.5-27B,True
89,de,0,de,Qwen/Qwen3.5-27B,True
198,de,0,hi,Qwen/Qwen3.5-27B,True
89,en,0,de,Qwen/Qwen3.5-27B,True
477,zh,0,zh,Qwen/Qwen3.5-27B,True
146,fr,0,fr,Qwen/Qwen3.5-27B,True
146,de,0,fr,Qwen/Qwen3.5-27B,True
89,it,0,de,Qwen/Qwen3.5-27B,True
89,id,0,de,Qwen/Qwen3.5-27B,True
146,it,0,fr,Qwen/Qwen3.5-27B,True
146,es,0,fr,Qwen/Qwen3.5-27B,True
377,hi,0,ko,Qwen/Qwen3.5-27B,True
477,ja,0,zh,Qwen/Qwen3.5-27B,True
89,es,0,de,Qwen/Qwen3.5-27B,True
198,zh,0,hi,Qwen/Qwen3.5-27B,True
89,hi,0,de,Qwen/Qwen3.5-27B,True
146,id,0,fr,Qwen/Qwen3.5-27B,True
477,hi,0,zh,Qwen/Qwen3.5-27B,True
89,zh,0,de,Qwen/Qwen3.5-27B,True
89,fr,0,de,Qwen/Qwen3.5-27B,True
198,id,0,hi,Qwen/Qwen3.5-27B,True
198,fr,0,hi,Qwen/Qwen3.5-27B,True
89,ja,0,de,Qwen/Qwen3.5-27B,True
146,hi,0,fr,Qwen/Qwen3.5-27B,True
146,zh,0,fr,Qwen/Qwen3.5-27B,True
146,ja,0,fr,Qwen/Qwen3.5-27B,True
198,it,0,hi,Qwen/Qwen3.5-27B,True
367,en,0,ko,Qwen/Qwen3.5-27B,True
2,en,0,he,Qwen/Qwen3.5-27B,True
198,hi,0,hi,Qwen/Qwen3.5-27B,True
367,de,0,ko,Qwen/Qwen3.5-27B,True
147,en,0,fr,Qwen/Qwen3.5-27B,True
367,it,0,ko,Qwen/Qwen3.5-27B,True
163,es,0,fr,Qwen/Qwen3.5-27B,True
2,es,0,he,Qwen/Qwen3.5-27B,True
163,zh,0,fr,Qwen/Qwen3.5-27B,True
382,de,0,ko,Qwen/Qwen3.5-27B,True
367,zh,0,ko,Qwen/Qwen3.5-27B,True
2,it,0,he,Qwen/Qwen3.5-27B,True
2,de,0,he,Qwen/Qwen3.5-27B,True
2,ja,0,he,Qwen/Qwen3.5-27B,True
2,id,0,he,Qwen/Qwen3.5-27B,True
382,es,0,ko,Qwen/Qwen3.5-27B,True
163,en,0,fr,Qwen/Qwen3.5-27B,True
367,es,0,ko,Qwen/Qwen3.5-27B,True
367,ja,0,ko,Qwen/Qwen3.5-27B,True
367,hi,0,ko,Qwen/Qwen3.5-27B,True
2,hi,0,he,Qwen/Qwen3.5-27B,True
2,fr,0,he,Qwen/Qwen3.5-27B,True
367,id,0,ko,Qwen/Qwen3.5-27B,True
382,en,0,ko,Qwen/Qwen3.5-27B,True
147,de,0,fr,Qwen/Qwen3.5-27B,True
163,id,0,fr,Qwen/Qwen3.5-27B,True
367,fr,0,ko,Qwen/Qwen3.5-27B,True
147,zh,0,fr,Qwen/Qwen3.5-27B,True
147,es,0,fr,Qwen/Qwen3.5-27B,True
2,zh,0,he,Qwen/Qwen3.5-27B,True
147,hi,0,fr,Qwen/Qwen3.5-27B,True
147,ja,0,fr,Qwen/Qwen3.5-27B,True
382,hi,0,ko,Qwen/Qwen3.5-27B,True
382,it,0,ko,Qwen/Qwen3.5-27B,True
382,id,0,ko,Qwen/Qwen3.5-27B,True
382,fr,0,ko,Qwen/Qwen3.5-27B,True
81,es,0,de,Qwen/Qwen3.5-27B,True
422,fr,0,pt,Qwen/Qwen3.5-27B,True
382,ja,0,ko,Qwen/Qwen3.5-27B,True
147,id,0,fr,Qwen/Qwen3.5-27B,True
422,en,0,pt,Qwen/Qwen3.5-27B,True
123,en,0,es,Qwen/Qwen3.5-27B,True
422,ja,0,pt,Qwen/Qwen3.5-27B,True
69,en,0,de,Qwen/Qwen3.5-27B,True
422,id,0,pt,Qwen/Qwen3.5-27B,True
422,de,0,pt,Qwen/Qwen3.5-27B,True
147,it,0,fr,Qwen/Qwen3.5-27B,True
123,de,0,es,Qwen/Qwen3.5-27B,True
69,id,0,de,Qwen/Qwen3.5-27B,True
69,es,0,de,Qwen/Qwen3.5-27B,True
422,it,0,pt,Qwen/Qwen3.5-27B,True
147,fr,0,fr,Qwen/Qwen3.5-27B,True
422,es,0,pt,Qwen/Qwen3.5-27B,True
69,de,0,de,Qwen/Qwen3.5-27B,True
163,fr,0,fr,Qwen/Qwen3.5-27B,True
123,fr,0,es,Qwen/Qwen3.5-27B,True
422,zh,0,pt,Qwen/Qwen3.5-27B,True
69,fr,0,de,Qwen/Qwen3.5-27B,True
123,es,0,es,Qwen/Qwen3.5-27B,True
69,ja,0,de,Qwen/Qwen3.5-27B,True
69,it,0,de,Qwen/Qwen3.5-27B,True
123,id,0,es,Qwen/Qwen3.5-27B,True
123,it,0,es,Qwen/Qwen3.5-27B,True
10,de,0,he,Qwen/Qwen3.5-27B,True
422,hi,0,pt,Qwen/Qwen3.5-27B,True
163,hi,0,fr,Qwen/Qwen3.5-27B,True
69,zh,0,de,Qwen/Qwen3.5-27B,True
123,zh,0,es,Qwen/Qwen3.5-27B,True
239,en,0,hi,Qwen/Qwen3.5-27B,True
96,en,0,de,Qwen/Qwen3.5-27B,True
96,de,0,de,Qwen/Qwen3.5-27B,True
123,hi,0,es,Qwen/Qwen3.5-27B,True
69,hi,0,de,Qwen/Qwen3.5-27B,True
352,it,0,ja,Qwen/Qwen3.5-27B,True
382,zh,0,ko,Qwen/Qwen3.5-27B,True
123,ja,0,es,Qwen/Qwen3.5-27B,True
361,en,0,ja,Qwen/Qwen3.5-27B,True
352,ja,0,ja,Qwen/Qwen3.5-27B,True
352,es,0,ja,Qwen/Qwen3.5-27B,True
96,it,0,de,Qwen/Qwen3.5-27B,True
239,ja,0,hi,Qwen/Qwen3.5-27B,True
96,fr,0,de,Qwen/Qwen3.5-27B,True
361,es,0,ja,Qwen/Qwen3.5-27B,True
96,es,0,de,Qwen/Qwen3.5-27B,True
96,ja,0,de,Qwen/Qwen3.5-27B,True
96,hi,0,de,Qwen/Qwen3.5-27B,True
239,it,0,hi,Qwen/Qwen3.5-27B,True
352,zh,0,ja,Qwen/Qwen3.5-27B,True
96,id,0,de,Qwen/Qwen3.5-27B,True
239,fr,0,hi,Qwen/Qwen3.5-27B,True
352,en,0,ja,Qwen/Qwen3.5-27B,True
361,fr,0,ja,Qwen/Qwen3.5-27B,True
239,zh,0,hi,Qwen/Qwen3.5-27B,True
361,hi,0,ja,Qwen/Qwen3.5-27B,True
361,de,0,ja,Qwen/Qwen3.5-27B,True
352,de,0,ja,Qwen/Qwen3.5-27B,True
239,hi,0,hi,Qwen/Qwen3.5-27B,True
361,it,0,ja,Qwen/Qwen3.5-27B,True
352,id,0,ja,Qwen/Qwen3.5-27B,True
361,zh,0,ja,Qwen/Qwen3.5-27B,True
361,id,0,ja,Qwen/Qwen3.5-27B,True
96,zh,0,de,Qwen/Qwen3.5-27B,True
342,en,0,ja,Qwen/Qwen3.5-27B,True
352,fr,0,ja,Qwen/Qwen3.5-27B,True
361,ja,0,ja,Qwen/Qwen3.5-27B,True
398,en,0,ko,Qwen/Qwen3.5-27B,True
97,en,0,de,Qwen/Qwen3.5-27B,True
342,es,0,ja,Qwen/Qwen3.5-27B,True
97,fr,0,de,Qwen/Qwen3.5-27B,True
239,id,0,hi,Qwen/Qwen3.5-27B,True
97,es,0,de,Qwen/Qwen3.5-27B,True
97,id,0,de,Qwen/Qwen3.5-27B,True
342,ja,0,ja,Qwen/Qwen3.5-27B,True
398,id,0,ko,Qwen/Qwen3.5-27B,True
342,hi,0,ja,Qwen/Qwen3.5-27B,True
97,de,0,de,Qwen/Qwen3.5-27B,True
342,fr,0,ja,Qwen/Qwen3.5-27B,True
398,es,0,ko,Qwen/Qwen3.5-27B,True
398,zh,0,ko,Qwen/Qwen3.5-27B,True
239,de,0,hi,Qwen/Qwen3.5-27B,True
398,hi,0,ko,Qwen/Qwen3.5-27B,True
398,ja,0,ko,Qwen/Qwen3.5-27B,True
97,zh,0,de,Qwen/Qwen3.5-27B,True
97,it,0,de,Qwen/Qwen3.5-27B,True
342,zh,0,ja,Qwen/Qwen3.5-27B,True
97,hi,0,de,Qwen/Qwen3.5-27B,True
398,it,0,ko,Qwen/Qwen3.5-27B,True
342,de,0,ja,Qwen/Qwen3.5-27B,True
342,id,0,ja,Qwen/Qwen3.5-27B,True
398,de,0,ko,Qwen/Qwen3.5-27B,True
294,fr,0,it,Qwen/Qwen3.5-27B,True
294,hi,0,it,Qwen/Qwen3.5-27B,True
294,id,0,it,Qwen/Qwen3.5-27B,True
23,en,0,he,Qwen/Qwen3.5-27B,True
23,fr,0,he,Qwen/Qwen3.5-27B,True
37,de,0,en,Qwen/Qwen3.5-27B,True
23,es,0,he,Qwen/Qwen3.5-27B,True
37,fr,0,en,Qwen/Qwen3.5-27B,True
294,es,0,it,Qwen/Qwen3.5-27B,True
23,id,0,he,Qwen/Qwen3.5-27B,True
23,de,0,he,Qwen/Qwen3.5-27B,True
37,es,0,en,Qwen/Qwen3.5-27B,True
294,de,0,it,Qwen/Qwen3.5-27B,True
37,it,0,en,Qwen/Qwen3.5-27B,True
23,zh,0,he,Qwen/Qwen3.5-27B,True
294,en,0,it,Qwen/Qwen3.5-27B,True
294,it,0,it,Qwen/Qwen3.5-27B,True
23,ja,0,he,Qwen/Qwen3.5-27B,True
23,hi,0,he,Qwen/Qwen3.5-27B,True
183,en,0,fr,Qwen/Qwen3.5-27B,True
37,en,0,en,Qwen/Qwen3.5-27B,True
183,fr,0,fr,Qwen/Qwen3.5-27B,True
183,es,0,fr,Qwen/Qwen3.5-27B,True
183,de,0,fr,Qwen/Qwen3.5-27B,True
37,ja,0,en,Qwen/Qwen3.5-27B,True
398,fr,0,ko,Qwen/Qwen3.5-27B,True
37,hi,0,en,Qwen/Qwen3.5-27B,True
183,it,0,fr,Qwen/Qwen3.5-27B,True
37,id,0,en,Qwen/Qwen3.5-27B,True
342,it,0,ja,Qwen/Qwen3.5-27B,True
97,ja,0,de,Qwen/Qwen3.5-27B,True
183,id,0,fr,Qwen/Qwen3.5-27B,True
246,en,0,hi,Qwen/Qwen3.5-27B,True
202,hi,0,hi,Qwen/Qwen3.5-27B,True
246,de,0,hi,Qwen/Qwen3.5-27B,True
37,zh,0,en,Qwen/Qwen3.5-27B,True
202,it,0,hi,Qwen/Qwen3.5-27B,True
202,en,0,hi,Qwen/Qwen3.5-27B,True
294,ja,0,it,Qwen/Qwen3.5-27B,True
246,es,0,hi,Qwen/Qwen3.5-27B,True
246,id,0,hi,Qwen/Qwen3.5-27B,True
291,en,0,id,Qwen/Qwen3.5-27B,True
183,zh,0,fr,Qwen/Qwen3.5-27B,True
183,ja,0,fr,Qwen/Qwen3.5-27B,True
291,de,0,id,Qwen/Qwen3.5-27B,True
183,hi,0,fr,Qwen/Qwen3.5-27B,True
246,fr,0,hi,Qwen/Qwen3.5-27B,True
246,it,0,hi,Qwen/Qwen3.5-27B,True
202,ja,0,hi,Qwen/Qwen3.5-27B,True
246,ja,0,hi,Qwen/Qwen3.5-27B,True
291,fr,0,id,Qwen/Qwen3.5-27B,True
291,hi,0,id,Qwen/Qwen3.5-27B,True
246,hi,0,hi,Qwen/Qwen3.5-27B,True
202,id,0,hi,Qwen/Qwen3.5-27B,True
291,es,0,id,Qwen/Qwen3.5-27B,True
291,id,0,id,Qwen/Qwen3.5-27B,True
291,it,0,id,Qwen/Qwen3.5-27B,True
291,ja,0,id,Qwen/Qwen3.5-27B,True
246,zh,0,hi,Qwen/Qwen3.5-27B,True
378,fr,0,ko,Qwen/Qwen3.5-27B,True
378,en,0,ko,Qwen/Qwen3.5-27B,True
378,id,0,ko,Qwen/Qwen3.5-27B,True
125,en,0,es,Qwen/Qwen3.5-27B,True
202,es,0,hi,Qwen/Qwen3.5-27B,True
378,it,0,ko,Qwen/Qwen3.5-27B,True
291,zh,0,id,Qwen/Qwen3.5-27B,True
378,de,0,ko,Qwen/Qwen3.5-27B,True
202,fr,0,hi,Qwen/Qwen3.5-27B,True
378,ja,0,ko,Qwen/Qwen3.5-27B,True
23,it,0,he,Qwen/Qwen3.5-27B,True
125,es,0,es,Qwen/Qwen3.5-27B,True
378,zh,0,ko,Qwen/Qwen3.5-27B,True
163,de,0,fr,Qwen/Qwen3.5-27B,True
125,id,0,es,Qwen/Qwen3.5-27B,True
125,de,0,es,Qwen/Qwen3.5-27B,True
125,it,0,es,Qwen/Qwen3.5-27B,True
378,es,0,ko,Qwen/Qwen3.5-27B,True
125,fr,0,es,Qwen/Qwen3.5-27B,True
352,hi,0,ja,Qwen/Qwen3.5-27B,True
125,zh,0,es,Qwen/Qwen3.5-27B,True
125,hi,0,es,Qwen/Qwen3.5-27B,True
125,ja,0,es,Qwen/Qwen3.5-27B,True
202,zh,0,hi,Qwen/Qwen3.5-27B,True
358,en,0,ja,Qwen/Qwen3.5-27B,True
378,hi,0,ko,Qwen/Qwen3.5-27B,True
358,zh,0,ja,Qwen/Qwen3.5-27B,True
358,ja,0,ja,Qwen/Qwen3.5-27B,True
163,it,0,fr,Qwen/Qwen3.5-27B,True
358,hi,0,ja,Qwen/Qwen3.5-27B,True
358,es,0,ja,Qwen/Qwen3.5-27B,True
163,ja,0,fr,Qwen/Qwen3.5-27B,True
129,en,0,es,Qwen/Qwen3.5-27B,True
358,id,0,ja,Qwen/Qwen3.5-27B,True
129,ja,0,es,Qwen/Qwen3.5-27B,True
202,de,0,hi,Qwen/Qwen3.5-27B,True
129,fr,0,es,Qwen/Qwen3.5-27B,True
358,it,0,ja,Qwen/Qwen3.5-27B,True
314,es,0,it,Qwen/Qwen3.5-27B,True
129,it,0,es,Qwen/Qwen3.5-27B,True
314,de,0,it,Qwen/Qwen3.5-27B,True
129,es,0,es,Qwen/Qwen3.5-27B,True
314,it,0,it,Qwen/Qwen3.5-27B,True
314,en,0,it,Qwen/Qwen3.5-27B,True
129,id,0,es,Qwen/Qwen3.5-27B,True
223,ja,0,hi,Qwen/Qwen3.5-27B,True
358,de,0,ja,Qwen/Qwen3.5-27B,True
129,de,0,es,Qwen/Qwen3.5-27B,True
314,id,0,it,Qwen/Qwen3.5-27B,True
314,ja,0,it,Qwen/Qwen3.5-27B,True
314,fr,0,it,Qwen/Qwen3.5-27B,True
223,en,0,hi,Qwen/Qwen3.5-27B,True
314,zh,0,it,Qwen/Qwen3.5-27B,True
223,de,0,hi,Qwen/Qwen3.5-27B,True
412,en,0,pt,Qwen/Qwen3.5-27B,True
223,fr,0,hi,Qwen/Qwen3.5-27B,True
412,de,0,pt,Qwen/Qwen3.5-27B,True
129,zh,0,es,Qwen/Qwen3.5-27B,True
223,zh,0,hi,Qwen/Qwen3.5-27B,True
314,hi,0,it,Qwen/Qwen3.5-27B,True
412,fr,0,pt,Qwen/Qwen3.5-27B,True
280,en,0,id,Qwen/Qwen3.5-27B,True
412,hi,0,pt,Qwen/Qwen3.5-27B,True
223,hi,0,hi,Qwen/Qwen3.5-27B,True
390,en,0,ko,Qwen/Qwen3.5-27B,True
223,id,0,hi,Qwen/Qwen3.5-27B,True
129,hi,0,es,Qwen/Qwen3.5-27B,True
280,de,0,id,Qwen/Qwen3.5-27B,True
412,id,0,pt,Qwen/Qwen3.5-27B,True
280,id,0,id,Qwen/Qwen3.5-27B,True
280,es,0,id,Qwen/Qwen3.5-27B,True
223,es,0,hi,Qwen/Qwen3.5-27B,True
412,es,0,pt,Qwen/Qwen3.5-27B,True
280,fr,0,id,Qwen/Qwen3.5-27B,True
280,ja,0,id,Qwen/Qwen3.5-27B,True
325,en,0,it,Qwen/Qwen3.5-27B,True
390,fr,0,ko,Qwen/Qwen3.5-27B,True
390,id,0,ko,Qwen/Qwen3.5-27B,True
280,it,0,id,Qwen/Qwen3.5-27B,True
325,es,0,it,Qwen/Qwen3.5-27B,True
390,es,0,ko,Qwen/Qwen3.5-27B,True
280,zh,0,id,Qwen/Qwen3.5-27B,True
280,hi,0,id,Qwen/Qwen3.5-27B,True
390,de,0,ko,Qwen/Qwen3.5-27B,True
325,fr,0,it,Qwen/Qwen3.5-27B,True
325,it,0,it,Qwen/Qwen3.5-27B,True
390,hi,0,ko,Qwen/Qwen3.5-27B,True
223,it,0,hi,Qwen/Qwen3.5-27B,True
390,ja,0,ko,Qwen/Qwen3.5-27B,True
390,it,0,ko,Qwen/Qwen3.5-27B,True
412,ja,0,pt,Qwen/Qwen3.5-27B,True
325,id,0,it,Qwen/Qwen3.5-27B,True
325,ja,0,it,Qwen/Qwen3.5-27B,True
325,hi,0,it,Qwen/Qwen3.5-27B,True
325,de,0,it,Qwen/Qwen3.5-27B,True
390,zh,0,ko,Qwen/Qwen3.5-27B,True
486,en,0,zh,Qwen/Qwen3.5-27B,True
486,fr,0,zh,Qwen/Qwen3.5-27B,True
412,zh,0,pt,Qwen/Qwen3.5-27B,True
498,es,0,zh,Qwen/Qwen3.5-27B,True
325,zh,0,it,Qwen/Qwen3.5-27B,True
486,zh,0,zh,Qwen/Qwen3.5-27B,True
486,es,0,zh,Qwen/Qwen3.5-27B,True
486,de,0,zh,Qwen/Qwen3.5-27B,True
486,id,0,zh,Qwen/Qwen3.5-27B,True
498,de,0,zh,Qwen/Qwen3.5-27B,True
365,it,0,ko,Qwen/Qwen3.5-27B,True
365,de,0,ko,Qwen/Qwen3.5-27B,True
365,en,0,ko,Qwen/Qwen3.5-27B,True
486,it,0,zh,Qwen/Qwen3.5-27B,True
486,ja,0,zh,Qwen/Qwen3.5-27B,True
498,hi,0,zh,Qwen/Qwen3.5-27B,True
365,zh,0,ko,Qwen/Qwen3.5-27B,True
498,zh,0,zh,Qwen/Qwen3.5-27B,True
297,de,0,it,Qwen/Qwen3.5-27B,True
365,id,0,ko,Qwen/Qwen3.5-27B,True
365,hi,0,ko,Qwen/Qwen3.5-27B,True
498,ja,0,zh,Qwen/Qwen3.5-27B,True
233,id,0,hi,Qwen/Qwen3.5-27B,True
233,fr,0,hi,Qwen/Qwen3.5-27B,True
297,fr,0,it,Qwen/Qwen3.5-27B,True
233,es,0,hi,Qwen/Qwen3.5-27B,True
297,en,0,it,Qwen/Qwen3.5-27B,True
365,ja,0,ko,Qwen/Qwen3.5-27B,True
297,zh,0,it,Qwen/Qwen3.5-27B,True
365,es,0,ko,Qwen/Qwen3.5-27B,True
297,it,0,it,Qwen/Qwen3.5-27B,True
297,id,0,it,Qwen/Qwen3.5-27B,True
233,de,0,hi,Qwen/Qwen3.5-27B,True
498,id,0,zh,Qwen/Qwen3.5-27B,True
233,hi,0,hi,Qwen/Qwen3.5-27B,True
136,en,0,es,Qwen/Qwen3.5-27B,True
233,en,0,hi,Qwen/Qwen3.5-27B,True
297,ja,0,it,Qwen/Qwen3.5-27B,True
297,es,0,it,Qwen/Qwen3.5-27B,True
498,it,0,zh,Qwen/Qwen3.5-27B,True
294,zh,0,it,Qwen/Qwen3.5-27B,True
136,de,0,es,Qwen/Qwen3.5-27B,True
498,en,0,zh,Qwen/Qwen3.5-27B,True
233,ja,0,hi,Qwen/Qwen3.5-27B,True
233,it,0,hi,Qwen/Qwen3.5-27B,True
258,fr,0,id,Qwen/Qwen3.5-27B,True
197,en,0,hi,Qwen/Qwen3.5-27B,True
297,hi,0,it,Qwen/Qwen3.5-27B,True
258,it,0,id,Qwen/Qwen3.5-27B,True
258,en,0,id,Qwen/Qwen3.5-27B,True
258,id,0,id,Qwen/Qwen3.5-27B,True
197,de,0,hi,Qwen/Qwen3.5-27B,True
258,ja,0,id,Qwen/Qwen3.5-27B,True
258,zh,0,id,Qwen/Qwen3.5-27B,True
197,es,0,hi,Qwen/Qwen3.5-27B,True
258,es,0,id,Qwen/Qwen3.5-27B,True
136,ja,0,es,Qwen/Qwen3.5-27B,True
136,es,0,es,Qwen/Qwen3.5-27B,True
136,fr,0,es,Qwen/Qwen3.5-27B,True
498,fr,0,zh,Qwen/Qwen3.5-27B,True
232,en,0,hi,Qwen/Qwen3.5-27B,True
258,hi,0,id,Qwen/Qwen3.5-27B,True
197,fr,0,hi,Qwen/Qwen3.5-27B,True
197,it,0,hi,Qwen/Qwen3.5-27B,True
197,hi,0,hi,Qwen/Qwen3.5-27B,True
258,de,0,id,Qwen/Qwen3.5-27B,True
136,zh,0,es,Qwen/Qwen3.5-27B,True
136,hi,0,es,Qwen/Qwen3.5-27B,True
233,zh,0,hi,Qwen/Qwen3.5-27B,True
365,fr,0,ko,Qwen/Qwen3.5-27B,True
232,id,0,hi,Qwen/Qwen3.5-27B,True
197,ja,0,hi,Qwen/Qwen3.5-27B,True
232,it,0,hi,Qwen/Qwen3.5-27B,True
136,id,0,es,Qwen/Qwen3.5-27B,True
197,id,0,hi,Qwen/Qwen3.5-27B,True
197,zh,0,hi,Qwen/Qwen3.5-27B,True
232,es,0,hi,Qwen/Qwen3.5-27B,True
333,de,0,ja,Qwen/Qwen3.5-27B,True
232,fr,0,hi,Qwen/Qwen3.5-27B,True
232,de,0,hi,Qwen/Qwen3.5-27B,True
136,it,0,es,Qwen/Qwen3.5-27B,True
333,es,0,ja,Qwen/Qwen3.5-27B,True
333,en,0,ja,Qwen/Qwen3.5-27B,True
333,hi,0,ja,Qwen/Qwen3.5-27B,True
333,ja,0,ja,Qwen/Qwen3.5-27B,True
232,zh,0,hi,Qwen/Qwen3.5-27B,True
333,fr,0,ja,Qwen/Qwen3.5-27B,True
333,id,0,ja,Qwen/Qwen3.5-27B,True
333,zh,0,ja,Qwen/Qwen3.5-27B,True
322,en,0,it,Qwen/Qwen3.5-27B,True
322,de,0,it,Qwen/Qwen3.5-27B,True
232,hi,0,hi,Qwen/Qwen3.5-27B,True
487,en,0,zh,Qwen/Qwen3.5-27B,True
224,hi,0,hi,Qwen/Qwen3.5-27B,True
224,en,0,hi,Qwen/Qwen3.5-27B,True
232,ja,0,hi,Qwen/Qwen3.5-27B,True
127,en,0,es,Qwen/Qwen3.5-27B,True
322,id,0,it,Qwen/Qwen3.5-27B,True
487,fr,0,zh,Qwen/Qwen3.5-27B,True
322,fr,0,it,Qwen/Qwen3.5-27B,True
487,id,0,zh,Qwen/Qwen3.5-27B,True
412,it,0,pt,Qwen/Qwen3.5-27B,True
322,it,0,it,Qwen/Qwen3.5-27B,True
487,it,0,zh,Qwen/Qwen3.5-27B,True
322,hi,0,it,Qwen/Qwen3.5-27B,True
224,id,0,hi,Qwen/Qwen3.5-27B,True
127,de,0,es,Qwen/Qwen3.5-27B,True
487,zh,0,zh,Qwen/Qwen3.5-27B,True
487,ja,0,zh,Qwen/Qwen3.5-27B,True
127,id,0,es,Qwen/Qwen3.5-27B,True
322,zh,0,it,Qwen/Qwen3.5-27B,True
487,es,0,zh,Qwen/Qwen3.5-27B,True
487,hi,0,zh,Qwen/Qwen3.5-27B,True
322,ja,0,it,Qwen/Qwen3.5-27B,True
322,es,0,it,Qwen/Qwen3.5-27B,True
127,hi,0,es,Qwen/Qwen3.5-27B,True
224,de,0,hi,Qwen/Qwen3.5-27B,True
127,ja,0,es,Qwen/Qwen3.5-27B,True
224,zh,0,hi,Qwen/Qwen3.5-27B,True
487,de,0,zh,Qwen/Qwen3.5-27B,True
107,hi,0,es,Qwen/Qwen3.5-27B,True
107,fr,0,es,Qwen/Qwen3.5-27B,True
107,zh,0,es,Qwen/Qwen3.5-27B,True
285,de,0,id,Qwen/Qwen3.5-27B,True
107,id,0,es,Qwen/Qwen3.5-27B,True
107,es,0,es,Qwen/Qwen3.5-27B,True
107,ja,0,es,Qwen/Qwen3.5-27B,True
394,id,0,ko,Qwen/Qwen3.5-27B,True
285,id,0,id,Qwen/Qwen3.5-27B,True
394,es,0,ko,Qwen/Qwen3.5-27B,True
394,en,0,ko,Qwen/Qwen3.5-27B,True
285,es,0,id,Qwen/Qwen3.5-27B,True
394,hi,0,ko,Qwen/Qwen3.5-27B,True
394,ja,0,ko,Qwen/Qwen3.5-27B,True
394,de,0,ko,Qwen/Qwen3.5-27B,True
127,it,0,es,Qwen/Qwen3.5-27B,True
285,fr,0,id,Qwen/Qwen3.5-27B,True
394,fr,0,ko,Qwen/Qwen3.5-27B,True
285,hi,0,id,Qwen/Qwen3.5-27B,True
394,zh,0,ko,Qwen/Qwen3.5-27B,True
224,es,0,hi,Qwen/Qwen3.5-27B,True
107,it,0,es,Qwen/Qwen3.5-27B,True
486,hi,0,zh,Qwen/Qwen3.5-27B,True
127,fr,0,es,Qwen/Qwen3.5-27B,True
239,es,0,hi,Qwen/Qwen3.5-27B,True
107,de,0,es,Qwen/Qwen3.5-27B,True
394,it,0,ko,Qwen/Qwen3.5-27B,True
107,en,0,es,Qwen/Qwen3.5-27B,True
358,fr,0,ja,Qwen/Qwen3.5-27B,True
285,en,0,id,Qwen/Qwen3.5-27B,True
133,it,0,es,Qwen/Qwen3.5-27B,True
133,id,0,es,Qwen/Qwen3.5-27B,True
285,zh,0,id,Qwen/Qwen3.5-27B,True
133,es,0,es,Qwen/Qwen3.5-27B,True
133,fr,0,es,Qwen/Qwen3.5-27B,True
133,de,0,es,Qwen/Qwen3.5-27B,True
347,de,0,ja,Qwen/Qwen3.5-27B,True
133,zh,0,es,Qwen/Qwen3.5-27B,True
133,ja,0,es,Qwen/Qwen3.5-27B,True
133,hi,0,es,Qwen/Qwen3.5-27B,True
311,en,0,it,Qwen/Qwen3.5-27B,True
347,fr,0,ja,Qwen/Qwen3.5-27B,True
347,hi,0,ja,Qwen/Qwen3.5-27B,True
354,en,0,ja,Qwen/Qwen3.5-27B,True
311,fr,0,it,Qwen/Qwen3.5-27B,True
354,it,0,ja,Qwen/Qwen3.5-27B,True
133,en,0,es,Qwen/Qwen3.5-27B,True
347,en,0,ja,Qwen/Qwen3.5-27B,True
354,es,0,ja,Qwen/Qwen3.5-27B,True
354,id,0,ja,Qwen/Qwen3.5-27B,True
354,de,0,ja,Qwen/Qwen3.5-27B,True
354,zh,0,ja,Qwen/Qwen3.5-27B,True
354,fr,0,ja,Qwen/Qwen3.5-27B,True
347,id,0,ja,Qwen/Qwen3.5-27B,True
311,it,0,it,Qwen/Qwen3.5-27B,True
224,ja,0,hi,Qwen/Qwen3.5-27B,True
285,ja,0,id,Qwen/Qwen3.5-27B,True
311,id,0,it,Qwen/Qwen3.5-27B,True
311,es,0,it,Qwen/Qwen3.5-27B,True
354,hi,0,ja,Qwen/Qwen3.5-27B,True
224,it,0,hi,Qwen/Qwen3.5-27B,True
311,ja,0,it,Qwen/Qwen3.5-27B,True
347,es,0,ja,Qwen/Qwen3.5-27B,True
347,ja,0,ja,Qwen/Qwen3.5-27B,True
347,zh,0,ja,Qwen/Qwen3.5-27B,True
354,ja,0,ja,Qwen/Qwen3.5-27B,True
224,fr,0,hi,Qwen/Qwen3.5-27B,True
65,en,0,en,Qwen/Qwen3.5-27B,True
44,en,0,en,Qwen/Qwen3.5-27B,True
65,id,0,en,Qwen/Qwen3.5-27B,True
65,de,0,en,Qwen/Qwen3.5-27B,True
65,hi,0,en,Qwen/Qwen3.5-27B,True
65,it,0,en,Qwen/Qwen3.5-27B,True
44,it,0,en,Qwen/Qwen3.5-27B,True
65,ja,0,en,Qwen/Qwen3.5-27B,True
44,ja,0,en,Qwen/Qwen3.5-27B,True
65,zh,0,en,Qwen/Qwen3.5-27B,True
65,es,0,en,Qwen/Qwen3.5-27B,True
65,fr,0,en,Qwen/Qwen3.5-27B,True
127,zh,0,es,Qwen/Qwen3.5-27B,True
85,en,0,de,Qwen/Qwen3.5-27B,True
44,zh,0,en,Qwen/Qwen3.5-27B,True
347,it,0,ja,Qwen/Qwen3.5-27B,True
473,hi,0,zh,Qwen/Qwen3.5-27B,True
311,hi,0,it,Qwen/Qwen3.5-27B,True
473,ja,0,zh,Qwen/Qwen3.5-27B,True
44,es,0,en,Qwen/Qwen3.5-27B,True
85,it,0,de,Qwen/Qwen3.5-27B,True
186,en,0,hi,Qwen/Qwen3.5-27B,True
85,hi,0,de,Qwen/Qwen3.5-27B,True
44,fr,0,en,Qwen/Qwen3.5-27B,True
127,es,0,es,Qwen/Qwen3.5-27B,True
186,de,0,hi,Qwen/Qwen3.5-27B,True
85,ja,0,de,Qwen/Qwen3.5-27B,True
186,fr,0,hi,Qwen/Qwen3.5-27B,True
186,hi,0,hi,Qwen/Qwen3.5-27B,True
186,es,0,hi,Qwen/Qwen3.5-27B,True
473,fr,0,zh,Qwen/Qwen3.5-27B,True
186,id,0,hi,Qwen/Qwen3.5-27B,True
44,id,0,en,Qwen/Qwen3.5-27B,True
186,it,0,hi,Qwen/Qwen3.5-27B,True
12,fr,0,he,Qwen/Qwen3.5-27B,True
186,ja,0,hi,Qwen/Qwen3.5-27B,True
12,id,0,he,Qwen/Qwen3.5-27B,True
473,en,0,zh,Qwen/Qwen3.5-27B,True
12,en,0,he,Qwen/Qwen3.5-27B,True
12,de,0,he,Qwen/Qwen3.5-27B,True
12,es,0,he,Qwen/Qwen3.5-27B,True
186,zh,0,hi,Qwen/Qwen3.5-27B,True
285,it,0,id,Qwen/Qwen3.5-27B,True
85,fr,0,de,Qwen/Qwen3.5-27B,True
473,zh,0,zh,Qwen/Qwen3.5-27B,True
35,en,0,en,Qwen/Qwen3.5-27B,True
12,zh,0,he,Qwen/Qwen3.5-27B,True
12,hi,0,he,Qwen/Qwen3.5-27B,True
12,it,0,he,Qwen/Qwen3.5-27B,True
44,de,0,en,Qwen/Qwen3.5-27B,True
12,ja,0,he,Qwen/Qwen3.5-27B,True
35,fr,0,en,Qwen/Qwen3.5-27B,True
35,id,0,en,Qwen/Qwen3.5-27B,True
35,es,0,en,Qwen/Qwen3.5-27B,True
333,it,0,ja,Qwen/Qwen3.5-27B,True
35,de,0,en,Qwen/Qwen3.5-27B,True
35,ja,0,en,Qwen/Qwen3.5-27B,True
35,it,0,en,Qwen/Qwen3.5-27B,True
35,hi,0,en,Qwen/Qwen3.5-27B,True
28,en,0,he,Qwen/Qwen3.5-27B,True
311,de,0,it,Qwen/Qwen3.5-27B,True
28,de,0,he,Qwen/Qwen3.5-27B,True
28,it,0,he,Qwen/Qwen3.5-27B,True
28,fr,0,he,Qwen/Qwen3.5-27B,True
311,zh,0,it,Qwen/Qwen3.5-27B,True
28,ja,0,he,Qwen/Qwen3.5-27B,True
28,es,0,he,Qwen/Qwen3.5-27B,True
142,en,0,es,Qwen/Qwen3.5-27B,True
35,zh,0,en,Qwen/Qwen3.5-27B,True
44,hi,0,en,Qwen/Qwen3.5-27B,True
473,es,0,zh,Qwen/Qwen3.5-27B,True
142,it,0,es,Qwen/Qwen3.5-27B,True
142,de,0,es,Qwen/Qwen3.5-27B,True
28,id,0,he,Qwen/Qwen3.5-27B,True
142,ja,0,es,Qwen/Qwen3.5-27B,True
142,es,0,es,Qwen/Qwen3.5-27B,True
28,zh,0,he,Qwen/Qwen3.5-27B,True
142,zh,0,es,Qwen/Qwen3.5-27B,True
473,de,0,zh,Qwen/Qwen3.5-27B,True
28,hi,0,he,Qwen/Qwen3.5-27B,True
142,hi,0,es,Qwen/Qwen3.5-27B,True
142,id,0,es,Qwen/Qwen3.5-27B,True
142,fr,0,es,Qwen/Qwen3.5-27B,True
351,de,0,ja,Qwen/Qwen3.5-27B,True
381,es,0,ko,Qwen/Qwen3.5-27B,True
351,en,0,ja,Qwen/Qwen3.5-27B,True
351,zh,0,ja,Qwen/Qwen3.5-27B,True
351,es,0,ja,Qwen/Qwen3.5-27B,True
221,hi,0,hi,Qwen/Qwen3.5-27B,True
381,en,0,ko,Qwen/Qwen3.5-27B,True
351,fr,0,ja,Qwen/Qwen3.5-27B,True
351,id,0,ja,Qwen/Qwen3.5-27B,True
351,hi,0,ja,Qwen/Qwen3.5-27B,True
221,it,0,hi,Qwen/Qwen3.5-27B,True
351,ja,0,ja,Qwen/Qwen3.5-27B,True
351,it,0,ja,Qwen/Qwen3.5-27B,True
95,de,0,de,Qwen/Qwen3.5-27B,True
221,fr,0,hi,Qwen/Qwen3.5-27B,True
221,en,0,hi,Qwen/Qwen3.5-27B,True
221,es,0,hi,Qwen/Qwen3.5-27B,True
95,en,0,de,Qwen/Qwen3.5-27B,True
95,fr,0,de,Qwen/Qwen3.5-27B,True
51,en,0,en,Qwen/Qwen3.5-27B,True
95,id,0,de,Qwen/Qwen3.5-27B,True
95,hi,0,de,Qwen/Qwen3.5-27B,True
95,es,0,de,Qwen/Qwen3.5-27B,True
381,id,0,ko,Qwen/Qwen3.5-27B,True
473,it,0,zh,Qwen/Qwen3.5-27B,True
95,it,0,de,Qwen/Qwen3.5-27B,True
51,fr,0,en,Qwen/Qwen3.5-27B,True
221,ja,0,hi,Qwen/Qwen3.5-27B,True
95,ja,0,de,Qwen/Qwen3.5-27B,True
51,de,0,en,Qwen/Qwen3.5-27B,True
51,id,0,en,Qwen/Qwen3.5-27B,True
95,zh,0,de,Qwen/Qwen3.5-27B,True
381,fr,0,ko,Qwen/Qwen3.5-27B,True
51,es,0,en,Qwen/Qwen3.5-27B,True
51,it,0,en,Qwen/Qwen3.5-27B,True
51,ja,0,en,Qwen/Qwen3.5-27B,True
221,zh,0,hi,Qwen/Qwen3.5-27B,True
41,de,0,en,Qwen/Qwen3.5-27B,True
356,it,0,ja,Qwen/Qwen3.5-27B,True
41,ja,0,en,Qwen/Qwen3.5-27B,True
51,hi,0,en,Qwen/Qwen3.5-27B,True
41,en,0,en,Qwen/Qwen3.5-27B,True
371,fr,0,ko,Qwen/Qwen3.5-27B,True
356,ja,0,ja,Qwen/Qwen3.5-27B,True
356,de,0,ja,Qwen/Qwen3.5-27B,True
356,id,0,ja,Qwen/Qwen3.5-27B,True
356,en,0,ja,Qwen/Qwen3.5-27B,True
381,hi,0,ko,Qwen/Qwen3.5-27B,True
371,hi,0,ko,Qwen/Qwen3.5-27B,True
371,es,0,ko,Qwen/Qwen3.5-27B,True
371,id,0,ko,Qwen/Qwen3.5-27B,True
356,fr,0,ja,Qwen/Qwen3.5-27B,True
356,zh,0,ja,Qwen/Qwen3.5-27B,True
356,es,0,ja,Qwen/Qwen3.5-27B,True
41,hi,0,en,Qwen/Qwen3.5-27B,True
371,en,0,ko,Qwen/Qwen3.5-27B,True
356,hi,0,ja,Qwen/Qwen3.5-27B,True
371,ja,0,ko,Qwen/Qwen3.5-27B,True
371,it,0,ko,Qwen/Qwen3.5-27B,True
371,de,0,ko,Qwen/Qwen3.5-27B,True
41,fr,0,en,Qwen/Qwen3.5-27B,True
371,zh,0,ko,Qwen/Qwen3.5-27B,True
41,es,0,en,Qwen/Qwen3.5-27B,True
206,es,0,hi,Qwen/Qwen3.5-27B,True
206,hi,0,hi,Qwen/Qwen3.5-27B,True
41,zh,0,en,Qwen/Qwen3.5-27B,True
206,zh,0,hi,Qwen/Qwen3.5-27B,True
282,fr,0,id,Qwen/Qwen3.5-27B,True
41,it,0,en,Qwen/Qwen3.5-27B,True
221,de,0,hi,Qwen/Qwen3.5-27B,True
381,de,0,ko,Qwen/Qwen3.5-27B,True
206,it,0,hi,Qwen/Qwen3.5-27B,True
282,it,0,id,Qwen/Qwen3.5-27B,True
85,id,0,de,Qwen/Qwen3.5-27B,True
282,de,0,id,Qwen/Qwen3.5-27B,True
282,en,0,id,Qwen/Qwen3.5-27B,True
282,hi,0,id,Qwen/Qwen3.5-27B,True
282,es,0,id,Qwen/Qwen3.5-27B,True
282,ja,0,id,Qwen/Qwen3.5-27B,True
206,id,0,hi,Qwen/Qwen3.5-27B,True
282,id,0,id,Qwen/Qwen3.5-27B,True
282,zh,0,id,Qwen/Qwen3.5-27B,True
206,fr,0,hi,Qwen/Qwen3.5-27B,True
206,ja,0,hi,Qwen/Qwen3.5-27B,True
395,en,0,ko,Qwen/Qwen3.5-27B,True
254,en,0,hi,Qwen/Qwen3.5-27B,True
254,id,0,hi,Qwen/Qwen3.5-27B,True
254,de,0,hi,Qwen/Qwen3.5-27B,True
254,ja,0,hi,Qwen/Qwen3.5-27B,True
254,it,0,hi,Qwen/Qwen3.5-27B,True
254,es,0,hi,Qwen/Qwen3.5-27B,True
4,en,0,he,Qwen/Qwen3.5-27B,True
395,fr,0,ko,Qwen/Qwen3.5-27B,True
4,es,0,he,Qwen/Qwen3.5-27B,True
254,fr,0,hi,Qwen/Qwen3.5-27B,True
254,hi,0,hi,Qwen/Qwen3.5-27B,True
395,de,0,ko,Qwen/Qwen3.5-27B,True
4,it,0,he,Qwen/Qwen3.5-27B,True
395,it,0,ko,Qwen/Qwen3.5-27B,True
256,en,0,id,Qwen/Qwen3.5-27B,True
473,id,0,zh,Qwen/Qwen3.5-27B,True
4,fr,0,he,Qwen/Qwen3.5-27B,True
4,de,0,he,Qwen/Qwen3.5-27B,True
85,zh,0,de,Qwen/Qwen3.5-27B,True
254,zh,0,hi,Qwen/Qwen3.5-27B,True
395,id,0,ko,Qwen/Qwen3.5-27B,True
4,ja,0,he,Qwen/Qwen3.5-27B,True
4,id,0,he,Qwen/Qwen3.5-27B,True
4,hi,0,he,Qwen/Qwen3.5-27B,True
395,es,0,ko,Qwen/Qwen3.5-27B,True
395,zh,0,ko,Qwen/Qwen3.5-27B,True
428,en,0,pt,Qwen/Qwen3.5-27B,True
428,de,0,pt,Qwen/Qwen3.5-27B,True
395,ja,0,ko,Qwen/Qwen3.5-27B,True
256,fr,0,id,Qwen/Qwen3.5-27B,True
428,fr,0,pt,Qwen/Qwen3.5-27B,True
4,zh,0,he,Qwen/Qwen3.5-27B,True
256,de,0,id,Qwen/Qwen3.5-27B,True
428,it,0,pt,Qwen/Qwen3.5-27B,True
256,hi,0,id,Qwen/Qwen3.5-27B,True
256,it,0,id,Qwen/Qwen3.5-27B,True
428,es,0,pt,Qwen/Qwen3.5-27B,True
428,ja,0,pt,Qwen/Qwen3.5-27B,True
41,id,0,en,Qwen/Qwen3.5-27B,True
256,id,0,id,Qwen/Qwen3.5-27B,True
428,id,0,pt,Qwen/Qwen3.5-27B,True
213,de,0,hi,Qwen/Qwen3.5-27B,True
428,hi,0,pt,Qwen/Qwen3.5-27B,True
85,es,0,de,Qwen/Qwen3.5-27B,True
213,en,0,hi,Qwen/Qwen3.5-27B,True
213,es,0,hi,Qwen/Qwen3.5-27B,True
213,fr,0,hi,Qwen/Qwen3.5-27B,True
256,zh,0,id,Qwen/Qwen3.5-27B,True
226,de,0,hi,Qwen/Qwen3.5-27B,True
226,hi,0,hi,Qwen/Qwen3.5-27B,True
428,zh,0,pt,Qwen/Qwen3.5-27B,True
213,it,0,hi,Qwen/Qwen3.5-27B,True
256,ja,0,id,Qwen/Qwen3.5-27B,True
213,id,0,hi,Qwen/Qwen3.5-27B,True
171,fr,0,fr,Qwen/Qwen3.5-27B,True
213,zh,0,hi,Qwen/Qwen3.5-27B,True
171,de,0,fr,Qwen/Qwen3.5-27B,True
256,es,0,id,Qwen/Qwen3.5-27B,True
213,hi,0,hi,Qwen/Qwen3.5-27B,True
171,en,0,fr,Qwen/Qwen3.5-27B,True
226,es,0,hi,Qwen/Qwen3.5-27B,True
226,en,0,hi,Qwen/Qwen3.5-27B,True
171,id,0,fr,Qwen/Qwen3.5-27B,True
171,es,0,fr,Qwen/Qwen3.5-27B,True
171,it,0,fr,Qwen/Qwen3.5-27B,True
226,ja,0,hi,Qwen/Qwen3.5-27B,True
171,ja,0,fr,Qwen/Qwen3.5-27B,True
171,hi,0,fr,Qwen/Qwen3.5-27B,True
213,ja,0,hi,Qwen/Qwen3.5-27B,True
85,de,0,de,Qwen/Qwen3.5-27B,True
292,es,0,id,Qwen/Qwen3.5-27B,True
221,id,0,hi,Qwen/Qwen3.5-27B,True
226,zh,0,hi,Qwen/Qwen3.5-27B,True
226,fr,0,hi,Qwen/Qwen3.5-27B,True
292,zh,0,id,Qwen/Qwen3.5-27B,True
226,it,0,hi,Qwen/Qwen3.5-27B,True
171,zh,0,fr,Qwen/Qwen3.5-27B,True
292,de,0,id,Qwen/Qwen3.5-27B,True
292,hi,0,id,Qwen/Qwen3.5-27B,True
292,id,0,id,Qwen/Qwen3.5-27B,True
61,en,0,en,Qwen/Qwen3.5-27B,True
215,es,0,hi,Qwen/Qwen3.5-27B,True
61,fr,0,en,Qwen/Qwen3.5-27B,True
292,ja,0,id,Qwen/Qwen3.5-27B,True
61,de,0,en,Qwen/Qwen3.5-27B,True
215,it,0,hi,Qwen/Qwen3.5-27B,True
215,fr,0,hi,Qwen/Qwen3.5-27B,True
292,it,0,id,Qwen/Qwen3.5-27B,True
292,en,0,id,Qwen/Qwen3.5-27B,True
61,es,0,en,Qwen/Qwen3.5-27B,True
215,hi,0,hi,Qwen/Qwen3.5-27B,True
292,fr,0,id,Qwen/Qwen3.5-27B,True
61,ja,0,en,Qwen/Qwen3.5-27B,True
215,id,0,hi,Qwen/Qwen3.5-27B,True
61,it,0,en,Qwen/Qwen3.5-27B,True
215,de,0,hi,Qwen/Qwen3.5-27B,True
61,hi,0,en,Qwen/Qwen3.5-27B,True
381,zh,0,ko,Qwen/Qwen3.5-27B,True
61,zh,0,en,Qwen/Qwen3.5-27B,True
61,id,0,en,Qwen/Qwen3.5-27B,True
47,de,0,en,Qwen/Qwen3.5-27B,True
226,id,0,hi,Qwen/Qwen3.5-27B,True
47,en,0,en,Qwen/Qwen3.5-27B,True
47,es,0,en,Qwen/Qwen3.5-27B,True
32,en,0,en,Qwen/Qwen3.5-27B,True
215,zh,0,hi,Qwen/Qwen3.5-27B,True
47,id,0,en,Qwen/Qwen3.5-27B,True
47,it,0,en,Qwen/Qwen3.5-27B,True
32,de,0,en,Qwen/Qwen3.5-27B,True
47,zh,0,en,Qwen/Qwen3.5-27B,True
32,id,0,en,Qwen/Qwen3.5-27B,True
47,hi,0,en,Qwen/Qwen3.5-27B,True
32,fr,0,en,Qwen/Qwen3.5-27B,True
32,es,0,en,Qwen/Qwen3.5-27B,True
47,ja,0,en,Qwen/Qwen3.5-27B,True
47,fr,0,en,Qwen/Qwen3.5-27B,True
32,it,0,en,Qwen/Qwen3.5-27B,True
32,hi,0,en,Qwen/Qwen3.5-27B,True
32,ja,0,en,Qwen/Qwen3.5-27B,True
267,hi,0,id,Qwen/Qwen3.5-27B,True
206,de,0,hi,Qwen/Qwen3.5-27B,True
200,en,0,hi,Qwen/Qwen3.5-27B,True
200,es,0,hi,Qwen/Qwen3.5-27B,True
426,en,0,pt,Qwen/Qwen3.5-27B,True
381,it,0,ko,Qwen/Qwen3.5-27B,True
267,de,0,id,Qwen/Qwen3.5-27B,True
426,it,0,pt,Qwen/Qwen3.5-27B,True
426,fr,0,pt,Qwen/Qwen3.5-27B,True
426,de,0,pt,Qwen/Qwen3.5-27B,True
426,es,0,pt,Qwen/Qwen3.5-27B,True
426,ja,0,pt,Qwen/Qwen3.5-27B,True
200,id,0,hi,Qwen/Qwen3.5-27B,True
27,es,0,he,Qwen/Qwen3.5-27B,True
426,id,0,pt,Qwen/Qwen3.5-27B,True
200,de,0,hi,Qwen/Qwen3.5-27B,True
426,zh,0,pt,Qwen/Qwen3.5-27B,True
200,hi,0,hi,Qwen/Qwen3.5-27B,True
200,fr,0,hi,Qwen/Qwen3.5-27B,True
32,zh,0,en,Qwen/Qwen3.5-27B,True
200,it,0,hi,Qwen/Qwen3.5-27B,True
27,en,0,he,Qwen/Qwen3.5-27B,True
267,fr,0,id,Qwen/Qwen3.5-27B,True
200,zh,0,hi,Qwen/Qwen3.5-27B,True
267,en,0,id,Qwen/Qwen3.5-27B,True
27,fr,0,he,Qwen/Qwen3.5-27B,True
51,zh,0,en,Qwen/Qwen3.5-27B,True
215,en,0,hi,Qwen/Qwen3.5-27B,True
206,en,0,hi,Qwen/Qwen3.5-27B,True
27,hi,0,he,Qwen/Qwen3.5-27B,True
267,es,0,id,Qwen/Qwen3.5-27B,True
200,ja,0,hi,Qwen/Qwen3.5-27B,True
27,it,0,he,Qwen/Qwen3.5-27B,True
267,it,0,id,Qwen/Qwen3.5-27B,True
373,en,0,ko,Qwen/Qwen3.5-27B,True
426,hi,0,pt,Qwen/Qwen3.5-27B,True
27,de,0,he,Qwen/Qwen3.5-27B,True
267,id,0,id,Qwen/Qwen3.5-27B,True
373,de,0,ko,Qwen/Qwen3.5-27B,True
27,zh,0,he,Qwen/Qwen3.5-27B,True
27,ja,0,he,Qwen/Qwen3.5-27B,True
373,es,0,ko,Qwen/Qwen3.5-27B,True
230,en,0,hi,Qwen/Qwen3.5-27B,True
381,ja,0,ko,Qwen/Qwen3.5-27B,True
230,ja,0,hi,Qwen/Qwen3.5-27B,True
267,ja,0,id,Qwen/Qwen3.5-27B,True
373,ja,0,ko,Qwen/Qwen3.5-27B,True
373,id,0,ko,Qwen/Qwen3.5-27B,True
230,de,0,hi,Qwen/Qwen3.5-27B,True
27,id,0,he,Qwen/Qwen3.5-27B,True
373,fr,0,ko,Qwen/Qwen3.5-27B,True
230,es,0,hi,Qwen/Qwen3.5-27B,True
260,es,0,id,Qwen/Qwen3.5-27B,True
373,it,0,ko,Qwen/Qwen3.5-27B,True
230,hi,0,hi,Qwen/Qwen3.5-27B,True
260,zh,0,id,Qwen/Qwen3.5-27B,True
230,zh,0,hi,Qwen/Qwen3.5-27B,True
230,fr,0,hi,Qwen/Qwen3.5-27B,True
230,it,0,hi,Qwen/Qwen3.5-27B,True
260,en,0,id,Qwen/Qwen3.5-27B,True
260,id,0,id,Qwen/Qwen3.5-27B,True
373,hi,0,ko,Qwen/Qwen3.5-27B,True
230,id,0,hi,Qwen/Qwen3.5-27B,True
260,hi,0,id,Qwen/Qwen3.5-27B,True
162,es,0,fr,Qwen/Qwen3.5-27B,True
288,ja,0,id,Qwen/Qwen3.5-27B,True
260,it,0,id,Qwen/Qwen3.5-27B,True
288,it,0,id,Qwen/Qwen3.5-27B,True
162,en,0,fr,Qwen/Qwen3.5-27B,True
288,de,0,id,Qwen/Qwen3.5-27B,True
288,en,0,id,Qwen/Qwen3.5-27B,True
395,hi,0,ko,Qwen/Qwen3.5-27B,True
406,de,0,pt,Qwen/Qwen3.5-27B,True
260,fr,0,id,Qwen/Qwen3.5-27B,True
260,ja,0,id,Qwen/Qwen3.5-27B,True
406,id,0,pt,Qwen/Qwen3.5-27B,True
373,zh,0,ko,Qwen/Qwen3.5-27B,True
162,de,0,fr,Qwen/Qwen3.5-27B,True
162,it,0,fr,Qwen/Qwen3.5-27B,True
162,fr,0,fr,Qwen/Qwen3.5-27B,True
406,en,0,pt,Qwen/Qwen3.5-27B,True
406,it,0,pt,Qwen/Qwen3.5-27B,True
215,ja,0,hi,Qwen/Qwen3.5-27B,True
288,zh,0,id,Qwen/Qwen3.5-27B,True
288,es,0,id,Qwen/Qwen3.5-27B,True
162,id,0,fr,Qwen/Qwen3.5-27B,True
406,fr,0,pt,Qwen/Qwen3.5-27B,True
406,hi,0,pt,Qwen/Qwen3.5-27B,True
162,ja,0,fr,Qwen/Qwen3.5-27B,True
406,es,0,pt,Qwen/Qwen3.5-27B,True
162,zh,0,fr,Qwen/Qwen3.5-27B,True
406,ja,0,pt,Qwen/Qwen3.5-27B,True
62,de,0,en,Qwen/Qwen3.5-27B,True
406,zh,0,pt,Qwen/Qwen3.5-27B,True
260,de,0,id,Qwen/Qwen3.5-27B,True
135,es,0,es,Qwen/Qwen3.5-27B,True
135,ja,0,es,Qwen/Qwen3.5-27B,True
62,hi,0,en,Qwen/Qwen3.5-27B,True
62,es,0,en,Qwen/Qwen3.5-27B,True
162,hi,0,fr,Qwen/Qwen3.5-27B,True
135,fr,0,es,Qwen/Qwen3.5-27B,True
62,ja,0,en,Qwen/Qwen3.5-27B,True
135,en,0,es,Qwen/Qwen3.5-27B,True
135,id,0,es,Qwen/Qwen3.5-27B,True
62,zh,0,en,Qwen/Qwen3.5-27B,True
135,it,0,es,Qwen/Qwen3.5-27B,True
62,fr,0,en,Qwen/Qwen3.5-27B,True
288,fr,0,id,Qwen/Qwen3.5-27B,True
135,hi,0,es,Qwen/Qwen3.5-27B,True
488,de,0,zh,Qwen/Qwen3.5-27B,True
288,id,0,id,Qwen/Qwen3.5-27B,True
62,id,0,en,Qwen/Qwen3.5-27B,True
128,es,0,es,Qwen/Qwen3.5-27B,True
128,id,0,es,Qwen/Qwen3.5-27B,True
8,es,0,he,Qwen/Qwen3.5-27B,True
128,en,0,es,Qwen/Qwen3.5-27B,True
488,zh,0,zh,Qwen/Qwen3.5-27B,True
488,en,0,zh,Qwen/Qwen3.5-27B,True
128,it,0,es,Qwen/Qwen3.5-27B,True
128,fr,0,es,Qwen/Qwen3.5-27B,True
8,it,0,he,Qwen/Qwen3.5-27B,True
8,de,0,he,Qwen/Qwen3.5-27B,True
326,en,0,it,Qwen/Qwen3.5-27B,True
8,en,0,he,Qwen/Qwen3.5-27B,True
8,fr,0,he,Qwen/Qwen3.5-27B,True
128,hi,0,es,Qwen/Qwen3.5-27B,True
488,fr,0,zh,Qwen/Qwen3.5-27B,True
326,es,0,it,Qwen/Qwen3.5-27B,True
135,zh,0,es,Qwen/Qwen3.5-27B,True
128,ja,0,es,Qwen/Qwen3.5-27B,True
488,it,0,zh,Qwen/Qwen3.5-27B,True
326,fr,0,it,Qwen/Qwen3.5-27B,True
326,de,0,it,Qwen/Qwen3.5-27B,True
326,it,0,it,Qwen/Qwen3.5-27B,True
62,en,0,en,Qwen/Qwen3.5-27B,True
8,id,0,he,Qwen/Qwen3.5-27B,True
488,id,0,zh,Qwen/Qwen3.5-27B,True
488,ja,0,zh,Qwen/Qwen3.5-27B,True
488,es,0,zh,Qwen/Qwen3.5-27B,True
326,hi,0,it,Qwen/Qwen3.5-27B,True
135,de,0,es,Qwen/Qwen3.5-27B,True
326,id,0,it,Qwen/Qwen3.5-27B,True
326,zh,0,it,Qwen/Qwen3.5-27B,True
8,hi,0,he,Qwen/Qwen3.5-27B,True
488,hi,0,zh,Qwen/Qwen3.5-27B,True
476,en,0,zh,Qwen/Qwen3.5-27B,True
8,ja,0,he,Qwen/Qwen3.5-27B,True
128,de,0,es,Qwen/Qwen3.5-27B,True
476,de,0,zh,Qwen/Qwen3.5-27B,True
267,zh,0,id,Qwen/Qwen3.5-27B,True
62,it,0,en,Qwen/Qwen3.5-27B,True
300,de,0,it,Qwen/Qwen3.5-27B,True
64,en,0,en,Qwen/Qwen3.5-27B,True
64,ja,0,en,Qwen/Qwen3.5-27B,True
476,fr,0,zh,Qwen/Qwen3.5-27B,True
300,es,0,it,Qwen/Qwen3.5-27B,True
476,es,0,zh,Qwen/Qwen3.5-27B,True
300,fr,0,it,Qwen/Qwen3.5-27B,True
64,fr,0,en,Qwen/Qwen3.5-27B,True
64,hi,0,en,Qwen/Qwen3.5-27B,True
300,hi,0,it,Qwen/Qwen3.5-27B,True
64,it,0,en,Qwen/Qwen3.5-27B,True
300,en,0,it,Qwen/Qwen3.5-27B,True
300,it,0,it,Qwen/Qwen3.5-27B,True
64,id,0,en,Qwen/Qwen3.5-27B,True
476,hi,0,zh,Qwen/Qwen3.5-27B,True
476,it,0,zh,Qwen/Qwen3.5-27B,True
8,zh,0,he,Qwen/Qwen3.5-27B,True
64,de,0,en,Qwen/Qwen3.5-27B,True
476,id,0,zh,Qwen/Qwen3.5-27B,True
300,ja,0,it,Qwen/Qwen3.5-27B,True
300,zh,0,it,Qwen/Qwen3.5-27B,True
64,es,0,en,Qwen/Qwen3.5-27B,True
300,id,0,it,Qwen/Qwen3.5-27B,True
156,en,0,fr,Qwen/Qwen3.5-27B,True
64,zh,0,en,Qwen/Qwen3.5-27B,True
476,zh,0,zh,Qwen/Qwen3.5-27B,True
14,id,0,he,Qwen/Qwen3.5-27B,True
476,ja,0,zh,Qwen/Qwen3.5-27B,True
156,de,0,fr,Qwen/Qwen3.5-27B,True
14,fr,0,he,Qwen/Qwen3.5-27B,True
156,id,0,fr,Qwen/Qwen3.5-27B,True
14,hi,0,he,Qwen/Qwen3.5-27B,True
156,ja,0,fr,Qwen/Qwen3.5-27B,True
14,it,0,he,Qwen/Qwen3.5-27B,True
437,de,0,pt,Qwen/Qwen3.5-27B,True
437,fr,0,pt,Qwen/Qwen3.5-27B,True
40,id,0,en,Qwen/Qwen3.5-27B,True
40,es,0,en,Qwen/Qwen3.5-27B,True
128,zh,0,es,Qwen/Qwen3.5-27B,True
437,id,0,pt,Qwen/Qwen3.5-27B,True
40,en,0,en,Qwen/Qwen3.5-27B,True
437,en,0,pt,Qwen/Qwen3.5-27B,True
437,it,0,pt,Qwen/Qwen3.5-27B,True
437,es,0,pt,Qwen/Qwen3.5-27B,True
156,hi,0,fr,Qwen/Qwen3.5-27B,True
40,fr,0,en,Qwen/Qwen3.5-27B,True
288,hi,0,id,Qwen/Qwen3.5-27B,True
40,de,0,en,Qwen/Qwen3.5-27B,True
40,it,0,en,Qwen/Qwen3.5-27B,True
40,zh,0,en,Qwen/Qwen3.5-27B,True
156,es,0,fr,Qwen/Qwen3.5-27B,True
40,ja,0,en,Qwen/Qwen3.5-27B,True
437,zh,0,pt,Qwen/Qwen3.5-27B,True
437,ja,0,pt,Qwen/Qwen3.5-27B,True
156,zh,0,fr,Qwen/Qwen3.5-27B,True
14,de,0,he,Qwen/Qwen3.5-27B,True
40,hi,0,en,Qwen/Qwen3.5-27B,True
216,es,0,hi,Qwen/Qwen3.5-27B,True
216,it,0,hi,Qwen/Qwen3.5-27B,True
216,fr,0,hi,Qwen/Qwen3.5-27B,True
216,id,0,hi,Qwen/Qwen3.5-27B,True
437,hi,0,pt,Qwen/Qwen3.5-27B,True
216,de,0,hi,Qwen/Qwen3.5-27B,True
216,hi,0,hi,Qwen/Qwen3.5-27B,True
414,es,0,pt,Qwen/Qwen3.5-27B,True
414,de,0,pt,Qwen/Qwen3.5-27B,True
386,hi,0,ko,Qwen/Qwen3.5-27B,True
414,en,0,pt,Qwen/Qwen3.5-27B,True
279,en,0,id,Qwen/Qwen3.5-27B,True
279,id,0,id,Qwen/Qwen3.5-27B,True
14,zh,0,he,Qwen/Qwen3.5-27B,True
414,fr,0,pt,Qwen/Qwen3.5-27B,True
216,ja,0,hi,Qwen/Qwen3.5-27B,True
216,zh,0,hi,Qwen/Qwen3.5-27B,True
386,es,0,ko,Qwen/Qwen3.5-27B,True
279,fr,0,id,Qwen/Qwen3.5-27B,True
414,id,0,pt,Qwen/Qwen3.5-27B,True
414,hi,0,pt,Qwen/Qwen3.5-27B,True
279,de,0,id,Qwen/Qwen3.5-27B,True
410,en,0,pt,Qwen/Qwen3.5-27B,True
414,it,0,pt,Qwen/Qwen3.5-27B,True
386,id,0,ko,Qwen/Qwen3.5-27B,True
216,en,0,hi,Qwen/Qwen3.5-27B,True
414,ja,0,pt,Qwen/Qwen3.5-27B,True
279,it,0,id,Qwen/Qwen3.5-27B,True
279,hi,0,id,Qwen/Qwen3.5-27B,True
386,fr,0,ko,Qwen/Qwen3.5-27B,True
410,it,0,pt,Qwen/Qwen3.5-27B,True
279,ja,0,id,Qwen/Qwen3.5-27B,True
414,zh,0,pt,Qwen/Qwen3.5-27B,True
279,zh,0,id,Qwen/Qwen3.5-27B,True
410,de,0,pt,Qwen/Qwen3.5-27B,True
410,fr,0,pt,Qwen/Qwen3.5-27B,True
410,ja,0,pt,Qwen/Qwen3.5-27B,True
386,it,0,ko,Qwen/Qwen3.5-27B,True
337,en,0,ja,Qwen/Qwen3.5-27B,True
410,id,0,pt,Qwen/Qwen3.5-27B,True
337,de,0,ja,Qwen/Qwen3.5-27B,True
279,es,0,id,Qwen/Qwen3.5-27B,True
410,es,0,pt,Qwen/Qwen3.5-27B,True
337,ja,0,ja,Qwen/Qwen3.5-27B,True
386,en,0,ko,Qwen/Qwen3.5-27B,True
337,id,0,ja,Qwen/Qwen3.5-27B,True
410,zh,0,pt,Qwen/Qwen3.5-27B,True
337,hi,0,ja,Qwen/Qwen3.5-27B,True
337,es,0,ja,Qwen/Qwen3.5-27B,True
337,zh,0,ja,Qwen/Qwen3.5-27B,True
337,fr,0,ja,Qwen/Qwen3.5-27B,True
236,es,0,hi,Qwen/Qwen3.5-27B,True
236,fr,0,hi,Qwen/Qwen3.5-27B,True
236,id,0,hi,Qwen/Qwen3.5-27B,True
410,hi,0,pt,Qwen/Qwen3.5-27B,True
236,zh,0,hi,Qwen/Qwen3.5-27B,True
337,it,0,ja,Qwen/Qwen3.5-27B,True
386,de,0,ko,Qwen/Qwen3.5-27B,True
236,it,0,hi,Qwen/Qwen3.5-27B,True
326,ja,0,it,Qwen/Qwen3.5-27B,True
236,hi,0,hi,Qwen/Qwen3.5-27B,True
236,en,0,hi,Qwen/Qwen3.5-27B,True
236,ja,0,hi,Qwen/Qwen3.5-27B,True
295,es,0,it,Qwen/Qwen3.5-27B,True
236,de,0,hi,Qwen/Qwen3.5-27B,True
295,de,0,it,Qwen/Qwen3.5-27B,True
14,ja,0,he,Qwen/Qwen3.5-27B,True
295,it,0,it,Qwen/Qwen3.5-27B,True
295,fr,0,it,Qwen/Qwen3.5-27B,True
212,en,0,hi,Qwen/Qwen3.5-27B,True
295,ja,0,it,Qwen/Qwen3.5-27B,True
295,en,0,it,Qwen/Qwen3.5-27B,True
295,id,0,it,Qwen/Qwen3.5-27B,True
207,hi,0,hi,Qwen/Qwen3.5-27B,True
207,fr,0,hi,Qwen/Qwen3.5-27B,True
295,hi,0,it,Qwen/Qwen3.5-27B,True
207,es,0,hi,Qwen/Qwen3.5-27B,True
14,es,0,he,Qwen/Qwen3.5-27B,True
509,de,0,zh,Qwen/Qwen3.5-27B,True
295,zh,0,it,Qwen/Qwen3.5-27B,True
212,es,0,hi,Qwen/Qwen3.5-27B,True
509,fr,0,zh,Qwen/Qwen3.5-27B,True
207,ja,0,hi,Qwen/Qwen3.5-27B,True
509,en,0,zh,Qwen/Qwen3.5-27B,True
212,ja,0,hi,Qwen/Qwen3.5-27B,True
251,de,0,hi,Qwen/Qwen3.5-27B,True
509,id,0,zh,Qwen/Qwen3.5-27B,True
207,it,0,hi,Qwen/Qwen3.5-27B,True
509,zh,0,zh,Qwen/Qwen3.5-27B,True
212,de,0,hi,Qwen/Qwen3.5-27B,True
386,ja,0,ko,Qwen/Qwen3.5-27B,True
251,fr,0,hi,Qwen/Qwen3.5-27B,True
251,it,0,hi,Qwen/Qwen3.5-27B,True
251,en,0,hi,Qwen/Qwen3.5-27B,True
509,it,0,zh,Qwen/Qwen3.5-27B,True
251,es,0,hi,Qwen/Qwen3.5-27B,True
207,de,0,hi,Qwen/Qwen3.5-27B,True
509,es,0,zh,Qwen/Qwen3.5-27B,True
251,zh,0,hi,Qwen/Qwen3.5-27B,True
386,zh,0,ko,Qwen/Qwen3.5-27B,True
207,zh,0,hi,Qwen/Qwen3.5-27B,True
509,ja,0,zh,Qwen/Qwen3.5-27B,True
251,ja,0,hi,Qwen/Qwen3.5-27B,True
251,id,0,hi,Qwen/Qwen3.5-27B,True
509,hi,0,zh,Qwen/Qwen3.5-27B,True
207,en,0,hi,Qwen/Qwen3.5-27B,True
251,hi,0,hi,Qwen/Qwen3.5-27B,True
436,en,0,pt,Qwen/Qwen3.5-27B,True
436,de,0,pt,Qwen/Qwen3.5-27B,True
500,id,0,zh,Qwen/Qwen3.5-27B,True
207,id,0,hi,Qwen/Qwen3.5-27B,True
436,it,0,pt,Qwen/Qwen3.5-27B,True
212,id,0,hi,Qwen/Qwen3.5-27B,True
436,es,0,pt,Qwen/Qwen3.5-27B,True
500,fr,0,zh,Qwen/Qwen3.5-27B,True
436,ja,0,pt,Qwen/Qwen3.5-27B,True
500,it,0,zh,Qwen/Qwen3.5-27B,True
500,hi,0,zh,Qwen/Qwen3.5-27B,True
436,fr,0,pt,Qwen/Qwen3.5-27B,True
436,id,0,pt,Qwen/Qwen3.5-27B,True
500,de,0,zh,Qwen/Qwen3.5-27B,True
303,de,0,it,Qwen/Qwen3.5-27B,True
350,de,0,ja,Qwen/Qwen3.5-27B,True
500,en,0,zh,Qwen/Qwen3.5-27B,True
500,es,0,zh,Qwen/Qwen3.5-27B,True
350,en,0,ja,Qwen/Qwen3.5-27B,True
436,zh,0,pt,Qwen/Qwen3.5-27B,True
303,it,0,it,Qwen/Qwen3.5-27B,True
350,id,0,ja,Qwen/Qwen3.5-27B,True
350,fr,0,ja,Qwen/Qwen3.5-27B,True
436,hi,0,pt,Qwen/Qwen3.5-27B,True
303,fr,0,it,Qwen/Qwen3.5-27B,True
350,hi,0,ja,Qwen/Qwen3.5-27B,True
14,en,0,he,Qwen/Qwen3.5-27B,True
350,ja,0,ja,Qwen/Qwen3.5-27B,True
350,es,0,ja,Qwen/Qwen3.5-27B,True
350,zh,0,ja,Qwen/Qwen3.5-27B,True
212,zh,0,hi,Qwen/Qwen3.5-27B,True
303,es,0,it,Qwen/Qwen3.5-27B,True
303,ja,0,it,Qwen/Qwen3.5-27B,True
303,id,0,it,Qwen/Qwen3.5-27B,True
350,it,0,ja,Qwen/Qwen3.5-27B,True
269,ja,0,id,Qwen/Qwen3.5-27B,True
269,en,0,id,Qwen/Qwen3.5-27B,True
269,fr,0,id,Qwen/Qwen3.5-27B,True
500,ja,0,zh,Qwen/Qwen3.5-27B,True
269,hi,0,id,Qwen/Qwen3.5-27B,True
269,it,0,id,Qwen/Qwen3.5-27B,True
500,zh,0,zh,Qwen/Qwen3.5-27B,True
303,hi,0,it,Qwen/Qwen3.5-27B,True
201,en,0,hi,Qwen/Qwen3.5-27B,True
156,fr,0,fr,Qwen/Qwen3.5-27B,True
156,it,0,fr,Qwen/Qwen3.5-27B,True
201,de,0,hi,Qwen/Qwen3.5-27B,True
269,id,0,id,Qwen/Qwen3.5-27B,True
201,hi,0,hi,Qwen/Qwen3.5-27B,True
201,es,0,hi,Qwen/Qwen3.5-27B,True
201,it,0,hi,Qwen/Qwen3.5-27B,True
43,de,0,en,Qwen/Qwen3.5-27B,True
201,id,0,hi,Qwen/Qwen3.5-27B,True
201,fr,0,hi,Qwen/Qwen3.5-27B,True
303,zh,0,it,Qwen/Qwen3.5-27B,True
43,es,0,en,Qwen/Qwen3.5-27B,True
43,ja,0,en,Qwen/Qwen3.5-27B,True
43,it,0,en,Qwen/Qwen3.5-27B,True
43,id,0,en,Qwen/Qwen3.5-27B,True
201,zh,0,hi,Qwen/Qwen3.5-27B,True
269,de,0,id,Qwen/Qwen3.5-27B,True
201,ja,0,hi,Qwen/Qwen3.5-27B,True
43,zh,0,en,Qwen/Qwen3.5-27B,True
43,hi,0,en,Qwen/Qwen3.5-27B,True
269,zh,0,id,Qwen/Qwen3.5-27B,True
309,en,0,it,Qwen/Qwen3.5-27B,True
190,zh,0,hi,Qwen/Qwen3.5-27B,True
43,en,0,en,Qwen/Qwen3.5-27B,True
217,it,0,hi,Qwen/Qwen3.5-27B,True
190,de,0,hi,Qwen/Qwen3.5-27B,True
309,fr,0,it,Qwen/Qwen3.5-27B,True
190,it,0,hi,Qwen/Qwen3.5-27B,True
190,hi,0,hi,Qwen/Qwen3.5-27B,True
190,fr,0,hi,Qwen/Qwen3.5-27B,True
190,id,0,hi,Qwen/Qwen3.5-27B,True
190,en,0,hi,Qwen/Qwen3.5-27B,True
309,hi,0,it,Qwen/Qwen3.5-27B,True
190,es,0,hi,Qwen/Qwen3.5-27B,True
309,de,0,it,Qwen/Qwen3.5-27B,True
43,fr,0,en,Qwen/Qwen3.5-27B,True
190,ja,0,hi,Qwen/Qwen3.5-27B,True
309,zh,0,it,Qwen/Qwen3.5-27B,True
259,en,0,id,Qwen/Qwen3.5-27B,True
303,en,0,it,Qwen/Qwen3.5-27B,True
259,es,0,id,Qwen/Qwen3.5-27B,True
259,id,0,id,Qwen/Qwen3.5-27B,True
259,fr,0,id,Qwen/Qwen3.5-27B,True
259,ja,0,id,Qwen/Qwen3.5-27B,True
259,hi,0,id,Qwen/Qwen3.5-27B,True
259,it,0,id,Qwen/Qwen3.5-27B,True
269,es,0,id,Qwen/Qwen3.5-27B,True
259,de,0,id,Qwen/Qwen3.5-27B,True
389,en,0,ko,Qwen/Qwen3.5-27B,True
389,it,0,ko,Qwen/Qwen3.5-27B,True
259,zh,0,id,Qwen/Qwen3.5-27B,True
389,ja,0,ko,Qwen/Qwen3.5-27B,True
389,id,0,ko,Qwen/Qwen3.5-27B,True
53,de,0,en,Qwen/Qwen3.5-27B,True
53,fr,0,en,Qwen/Qwen3.5-27B,True
389,zh,0,ko,Qwen/Qwen3.5-27B,True
53,id,0,en,Qwen/Qwen3.5-27B,True
309,ja,0,it,Qwen/Qwen3.5-27B,True
217,de,0,hi,Qwen/Qwen3.5-27B,True
1,en,0,he,Qwen/Qwen3.5-27B,True
309,it,0,it,Qwen/Qwen3.5-27B,True
389,fr,0,ko,Qwen/Qwen3.5-27B,True
1,de,0,he,Qwen/Qwen3.5-27B,True
389,hi,0,ko,Qwen/Qwen3.5-27B,True
53,ja,0,en,Qwen/Qwen3.5-27B,True
1,es,0,he,Qwen/Qwen3.5-27B,True
1,it,0,he,Qwen/Qwen3.5-27B,True
53,en,0,en,Qwen/Qwen3.5-27B,True
1,id,0,he,Qwen/Qwen3.5-27B,True
1,fr,0,he,Qwen/Qwen3.5-27B,True
1,ja,0,he,Qwen/Qwen3.5-27B,True
53,it,0,en,Qwen/Qwen3.5-27B,True
421,en,0,pt,Qwen/Qwen3.5-27B,True
421,de,0,pt,Qwen/Qwen3.5-27B,True
1,hi,0,he,Qwen/Qwen3.5-27B,True
217,fr,0,hi,Qwen/Qwen3.5-27B,True
421,es,0,pt,Qwen/Qwen3.5-27B,True
421,it,0,pt,Qwen/Qwen3.5-27B,True
389,de,0,ko,Qwen/Qwen3.5-27B,True
494,fr,0,zh,Qwen/Qwen3.5-27B,True
421,ja,0,pt,Qwen/Qwen3.5-27B,True
421,fr,0,pt,Qwen/Qwen3.5-27B,True
421,hi,0,pt,Qwen/Qwen3.5-27B,True
494,de,0,zh,Qwen/Qwen3.5-27B,True
494,es,0,zh,Qwen/Qwen3.5-27B,True
389,es,0,ko,Qwen/Qwen3.5-27B,True
494,en,0,zh,Qwen/Qwen3.5-27B,True
1,zh,0,he,Qwen/Qwen3.5-27B,True
421,id,0,pt,Qwen/Qwen3.5-27B,True
421,zh,0,pt,Qwen/Qwen3.5-27B,True
494,ja,0,zh,Qwen/Qwen3.5-27B,True
212,it,0,hi,Qwen/Qwen3.5-27B,True
49,es,0,en,Qwen/Qwen3.5-27B,True
212,fr,0,hi,Qwen/Qwen3.5-27B,True
53,hi,0,en,Qwen/Qwen3.5-27B,True
494,hi,0,zh,Qwen/Qwen3.5-27B,True
494,id,0,zh,Qwen/Qwen3.5-27B,True
49,fr,0,en,Qwen/Qwen3.5-27B,True
494,it,0,zh,Qwen/Qwen3.5-27B,True
49,id,0,en,Qwen/Qwen3.5-27B,True
34,de,0,en,Qwen/Qwen3.5-27B,True
34,en,0,en,Qwen/Qwen3.5-27B,True
34,es,0,en,Qwen/Qwen3.5-27B,True
34,id,0,en,Qwen/Qwen3.5-27B,True
34,it,0,en,Qwen/Qwen3.5-27B,True
34,fr,0,en,Qwen/Qwen3.5-27B,True
80,en,0,de,Qwen/Qwen3.5-27B,True
263,en,0,id,Qwen/Qwen3.5-27B,True
80,zh,0,de,Qwen/Qwen3.5-27B,True
263,de,0,id,Qwen/Qwen3.5-27B,True
80,hi,0,de,Qwen/Qwen3.5-27B,True
80,ja,0,de,Qwen/Qwen3.5-27B,True
49,it,0,en,Qwen/Qwen3.5-27B,True
34,hi,0,en,Qwen/Qwen3.5-27B,True
263,fr,0,id,Qwen/Qwen3.5-27B,True
263,id,0,id,Qwen/Qwen3.5-27B,True
508,de,0,zh,Qwen/Qwen3.5-27B,True
80,de,0,de,Qwen/Qwen3.5-27B,True
34,ja,0,en,Qwen/Qwen3.5-27B,True
263,es,0,id,Qwen/Qwen3.5-27B,True
80,fr,0,de,Qwen/Qwen3.5-27B,True
263,it,0,id,Qwen/Qwen3.5-27B,True
217,ja,0,hi,Qwen/Qwen3.5-27B,True
80,id,0,de,Qwen/Qwen3.5-27B,True
366,de,0,ko,Qwen/Qwen3.5-27B,True
80,es,0,de,Qwen/Qwen3.5-27B,True
49,de,0,en,Qwen/Qwen3.5-27B,True
80,it,0,de,Qwen/Qwen3.5-27B,True
366,en,0,ko,Qwen/Qwen3.5-27B,True
212,hi,0,hi,Qwen/Qwen3.5-27B,True
366,fr,0,ko,Qwen/Qwen3.5-27B,True
494,zh,0,zh,Qwen/Qwen3.5-27B,True
263,zh,0,id,Qwen/Qwen3.5-27B,True
366,id,0,ko,Qwen/Qwen3.5-27B,True
49,hi,0,en,Qwen/Qwen3.5-27B,True
366,hi,0,ko,Qwen/Qwen3.5-27B,True
263,ja,0,id,Qwen/Qwen3.5-27B,True
366,ja,0,ko,Qwen/Qwen3.5-27B,True
366,zh,0,ko,Qwen/Qwen3.5-27B,True
366,es,0,ko,Qwen/Qwen3.5-27B,True
366,it,0,ko,Qwen/Qwen3.5-27B,True
244,it,0,hi,Qwen/Qwen3.5-27B,True
91,id,0,de,Qwen/Qwen3.5-27B,True
34,zh,0,en,Qwen/Qwen3.5-27B,True
91,ja,0,de,Qwen/Qwen3.5-27B,True
91,fr,0,de,Qwen/Qwen3.5-27B,True
91,zh,0,de,Qwen/Qwen3.5-27B,True
91,it,0,de,Qwen/Qwen3.5-27B,True
407,zh,0,pt,Qwen/Qwen3.5-27B,True
91,de,0,de,Qwen/Qwen3.5-27B,True
91,en,0,de,Qwen/Qwen3.5-27B,True
91,hi,0,de,Qwen/Qwen3.5-27B,True
91,es,0,de,Qwen/Qwen3.5-27B,True
485,es,0,zh,Qwen/Qwen3.5-27B,True
485,en,0,zh,Qwen/Qwen3.5-27B,True
217,hi,0,hi,Qwen/Qwen3.5-27B,True
485,id,0,zh,Qwen/Qwen3.5-27B,True
263,hi,0,id,Qwen/Qwen3.5-27B,True
339,en,0,ja,Qwen/Qwen3.5-27B,True
339,fr,0,ja,Qwen/Qwen3.5-27B,True
485,de,0,zh,Qwen/Qwen3.5-27B,True
339,es,0,ja,Qwen/Qwen3.5-27B,True
339,de,0,ja,Qwen/Qwen3.5-27B,True
485,ja,0,zh,Qwen/Qwen3.5-27B,True
339,it,0,ja,Qwen/Qwen3.5-27B,True
339,zh,0,ja,Qwen/Qwen3.5-27B,True
339,id,0,ja,Qwen/Qwen3.5-27B,True
339,ja,0,ja,Qwen/Qwen3.5-27B,True
53,es,0,en,Qwen/Qwen3.5-27B,True
217,zh,0,hi,Qwen/Qwen3.5-27B,True
485,zh,0,zh,Qwen/Qwen3.5-27B,True
53,zh,0,en,Qwen/Qwen3.5-27B,True
339,hi,0,ja,Qwen/Qwen3.5-27B,True
217,id,0,hi,Qwen/Qwen3.5-27B,True
485,fr,0,zh,Qwen/Qwen3.5-27B,True
264,en,0,id,Qwen/Qwen3.5-27B,True
52,hi,0,en,Qwen/Qwen3.5-27B,True
52,de,0,en,Qwen/Qwen3.5-27B,True
264,de,0,id,Qwen/Qwen3.5-27B,True
309,id,0,it,Qwen/Qwen3.5-27B,True
52,en,0,en,Qwen/Qwen3.5-27B,True
264,id,0,id,Qwen/Qwen3.5-27B,True
264,it,0,id,Qwen/Qwen3.5-27B,True
52,it,0,en,Qwen/Qwen3.5-27B,True
52,es,0,en,Qwen/Qwen3.5-27B,True
217,es,0,hi,Qwen/Qwen3.5-27B,True
52,fr,0,en,Qwen/Qwen3.5-27B,True
217,en,0,hi,Qwen/Qwen3.5-27B,True
52,ja,0,en,Qwen/Qwen3.5-27B,True
485,it,0,zh,Qwen/Qwen3.5-27B,True
264,ja,0,id,Qwen/Qwen3.5-27B,True
264,fr,0,id,Qwen/Qwen3.5-27B,True
241,en,0,hi,Qwen/Qwen3.5-27B,True
264,es,0,id,Qwen/Qwen3.5-27B,True
52,zh,0,en,Qwen/Qwen3.5-27B,True
241,es,0,hi,Qwen/Qwen3.5-27B,True
379,de,0,ko,Qwen/Qwen3.5-27B,True
52,id,0,en,Qwen/Qwen3.5-27B,True
345,de,0,ja,Qwen/Qwen3.5-27B,True
241,fr,0,hi,Qwen/Qwen3.5-27B,True
309,es,0,it,Qwen/Qwen3.5-27B,True
241,ja,0,hi,Qwen/Qwen3.5-27B,True
345,zh,0,ja,Qwen/Qwen3.5-27B,True
13,en,0,he,Qwen/Qwen3.5-27B,True
315,de,0,it,Qwen/Qwen3.5-27B,True
345,es,0,ja,Qwen/Qwen3.5-27B,True
407,hi,0,pt,Qwen/Qwen3.5-27B,True
345,it,0,ja,Qwen/Qwen3.5-27B,True
345,ja,0,ja,Qwen/Qwen3.5-27B,True
315,es,0,it,Qwen/Qwen3.5-27B,True
241,zh,0,hi,Qwen/Qwen3.5-27B,True
315,fr,0,it,Qwen/Qwen3.5-27B,True
345,id,0,ja,Qwen/Qwen3.5-27B,True
315,it,0,it,Qwen/Qwen3.5-27B,True
264,hi,0,id,Qwen/Qwen3.5-27B,True
13,de,0,he,Qwen/Qwen3.5-27B,True
13,it,0,he,Qwen/Qwen3.5-27B,True
485,hi,0,zh,Qwen/Qwen3.5-27B,True
264,zh,0,id,Qwen/Qwen3.5-27B,True
13,es,0,he,Qwen/Qwen3.5-27B,True
13,hi,0,he,Qwen/Qwen3.5-27B,True
241,id,0,hi,Qwen/Qwen3.5-27B,True
88,de,0,de,Qwen/Qwen3.5-27B,True
13,id,0,he,Qwen/Qwen3.5-27B,True
315,ja,0,it,Qwen/Qwen3.5-27B,True
345,fr,0,ja,Qwen/Qwen3.5-27B,True
315,zh,0,it,Qwen/Qwen3.5-27B,True
88,fr,0,de,Qwen/Qwen3.5-27B,True
241,it,0,hi,Qwen/Qwen3.5-27B,True
241,de,0,hi,Qwen/Qwen3.5-27B,True
88,hi,0,de,Qwen/Qwen3.5-27B,True
88,it,0,de,Qwen/Qwen3.5-27B,True
49,zh,0,en,Qwen/Qwen3.5-27B,True
315,hi,0,it,Qwen/Qwen3.5-27B,True
241,hi,0,hi,Qwen/Qwen3.5-27B,True
13,fr,0,he,Qwen/Qwen3.5-27B,True
88,es,0,de,Qwen/Qwen3.5-27B,True
88,zh,0,de,Qwen/Qwen3.5-27B,True
387,en,0,ko,Qwen/Qwen3.5-27B,True
387,de,0,ko,Qwen/Qwen3.5-27B,True
345,hi,0,ja,Qwen/Qwen3.5-27B,True
13,ja,0,he,Qwen/Qwen3.5-27B,True
387,fr,0,ko,Qwen/Qwen3.5-27B,True
273,de,0,id,Qwen/Qwen3.5-27B,True
88,id,0,de,Qwen/Qwen3.5-27B,True
273,en,0,id,Qwen/Qwen3.5-27B,True
88,en,0,de,Qwen/Qwen3.5-27B,True
387,ja,0,ko,Qwen/Qwen3.5-27B,True
387,it,0,ko,Qwen/Qwen3.5-27B,True
387,zh,0,ko,Qwen/Qwen3.5-27B,True
387,es,0,ko,Qwen/Qwen3.5-27B,True
273,fr,0,id,Qwen/Qwen3.5-27B,True
387,id,0,ko,Qwen/Qwen3.5-27B,True
273,zh,0,id,Qwen/Qwen3.5-27B,True
88,ja,0,de,Qwen/Qwen3.5-27B,True
328,de,0,it,Qwen/Qwen3.5-27B,True
13,zh,0,he,Qwen/Qwen3.5-27B,True
273,id,0,id,Qwen/Qwen3.5-27B,True
273,es,0,id,Qwen/Qwen3.5-27B,True
328,id,0,it,Qwen/Qwen3.5-27B,True
328,en,0,it,Qwen/Qwen3.5-27B,True
328,es,0,it,Qwen/Qwen3.5-27B,True
387,hi,0,ko,Qwen/Qwen3.5-27B,True
273,hi,0,id,Qwen/Qwen3.5-27B,True
328,fr,0,it,Qwen/Qwen3.5-27B,True
49,en,0,en,Qwen/Qwen3.5-27B,True
328,ja,0,it,Qwen/Qwen3.5-27B,True
273,it,0,id,Qwen/Qwen3.5-27B,True
273,ja,0,id,Qwen/Qwen3.5-27B,True
134,en,0,es,Qwen/Qwen3.5-27B,True
134,de,0,es,Qwen/Qwen3.5-27B,True
49,ja,0,en,Qwen/Qwen3.5-27B,True
134,fr,0,es,Qwen/Qwen3.5-27B,True
315,id,0,it,Qwen/Qwen3.5-27B,True
328,zh,0,it,Qwen/Qwen3.5-27B,True
328,it,0,it,Qwen/Qwen3.5-27B,True
328,hi,0,it,Qwen/Qwen3.5-27B,True
134,hi,0,es,Qwen/Qwen3.5-27B,True
492,zh,0,zh,Qwen/Qwen3.5-27B,True
503,en,0,zh,Qwen/Qwen3.5-27B,True
134,zh,0,es,Qwen/Qwen3.5-27B,True
319,es,0,it,Qwen/Qwen3.5-27B,True
319,en,0,it,Qwen/Qwen3.5-27B,True
134,it,0,es,Qwen/Qwen3.5-27B,True
492,ja,0,zh,Qwen/Qwen3.5-27B,True
492,hi,0,zh,Qwen/Qwen3.5-27B,True
319,de,0,it,Qwen/Qwen3.5-27B,True
319,id,0,it,Qwen/Qwen3.5-27B,True
228,zh,0,hi,Qwen/Qwen3.5-27B,True
503,de,0,zh,Qwen/Qwen3.5-27B,True
492,en,0,zh,Qwen/Qwen3.5-27B,True
319,hi,0,it,Qwen/Qwen3.5-27B,True
319,it,0,it,Qwen/Qwen3.5-27B,True
503,id,0,zh,Qwen/Qwen3.5-27B,True
503,fr,0,zh,Qwen/Qwen3.5-27B,True
67,en,0,en,Qwen/Qwen3.5-27B,True
319,zh,0,it,Qwen/Qwen3.5-27B,True
503,es,0,zh,Qwen/Qwen3.5-27B,True
503,ja,0,zh,Qwen/Qwen3.5-27B,True
492,it,0,zh,Qwen/Qwen3.5-27B,True
503,zh,0,zh,Qwen/Qwen3.5-27B,True
492,fr,0,zh,Qwen/Qwen3.5-27B,True
319,ja,0,it,Qwen/Qwen3.5-27B,True
492,es,0,zh,Qwen/Qwen3.5-27B,True
492,de,0,zh,Qwen/Qwen3.5-27B,True
319,fr,0,it,Qwen/Qwen3.5-27B,True
243,en,0,hi,Qwen/Qwen3.5-27B,True
503,hi,0,zh,Qwen/Qwen3.5-27B,True
492,id,0,zh,Qwen/Qwen3.5-27B,True
243,it,0,hi,Qwen/Qwen3.5-27B,True
243,de,0,hi,Qwen/Qwen3.5-27B,True
315,en,0,it,Qwen/Qwen3.5-27B,True
54,en,0,en,Qwen/Qwen3.5-27B,True
54,de,0,en,Qwen/Qwen3.5-27B,True
243,fr,0,hi,Qwen/Qwen3.5-27B,True
54,hi,0,en,Qwen/Qwen3.5-27B,True
243,hi,0,hi,Qwen/Qwen3.5-27B,True
54,ja,0,en,Qwen/Qwen3.5-27B,True
243,es,0,hi,Qwen/Qwen3.5-27B,True
54,it,0,en,Qwen/Qwen3.5-27B,True
54,id,0,en,Qwen/Qwen3.5-27B,True
363,de,0,ko,Qwen/Qwen3.5-27B,True
50,en,0,en,Qwen/Qwen3.5-27B,True
54,es,0,en,Qwen/Qwen3.5-27B,True
50,de,0,en,Qwen/Qwen3.5-27B,True
54,zh,0,en,Qwen/Qwen3.5-27B,True
50,id,0,en,Qwen/Qwen3.5-27B,True
363,en,0,ko,Qwen/Qwen3.5-27B,True
50,es,0,en,Qwen/Qwen3.5-27B,True
50,ja,0,en,Qwen/Qwen3.5-27B,True
363,hi,0,ko,Qwen/Qwen3.5-27B,True
50,it,0,en,Qwen/Qwen3.5-27B,True
50,fr,0,en,Qwen/Qwen3.5-27B,True
54,fr,0,en,Qwen/Qwen3.5-27B,True
363,it,0,ko,Qwen/Qwen3.5-27B,True
174,es,0,fr,Qwen/Qwen3.5-27B,True
363,ja,0,ko,Qwen/Qwen3.5-27B,True
50,zh,0,en,Qwen/Qwen3.5-27B,True
243,id,0,hi,Qwen/Qwen3.5-27B,True
174,zh,0,fr,Qwen/Qwen3.5-27B,True
174,en,0,fr,Qwen/Qwen3.5-27B,True
36,es,0,en,Qwen/Qwen3.5-27B,True
363,fr,0,ko,Qwen/Qwen3.5-27B,True
174,ja,0,fr,Qwen/Qwen3.5-27B,True
243,ja,0,hi,Qwen/Qwen3.5-27B,True
243,zh,0,hi,Qwen/Qwen3.5-27B,True
174,id,0,fr,Qwen/Qwen3.5-27B,True
503,it,0,zh,Qwen/Qwen3.5-27B,True
363,zh,0,ko,Qwen/Qwen3.5-27B,True
189,ja,0,hi,Qwen/Qwen3.5-27B,True
363,id,0,ko,Qwen/Qwen3.5-27B,True
189,en,0,hi,Qwen/Qwen3.5-27B,True
507,es,0,zh,Qwen/Qwen3.5-27B,True
189,it,0,hi,Qwen/Qwen3.5-27B,True
507,en,0,zh,Qwen/Qwen3.5-27B,True
189,de,0,hi,Qwen/Qwen3.5-27B,True
174,de,0,fr,Qwen/Qwen3.5-27B,True
507,de,0,zh,Qwen/Qwen3.5-27B,True
174,fr,0,fr,Qwen/Qwen3.5-27B,True
187,en,0,hi,Qwen/Qwen3.5-27B,True
507,fr,0,zh,Qwen/Qwen3.5-27B,True
174,it,0,fr,Qwen/Qwen3.5-27B,True
50,hi,0,en,Qwen/Qwen3.5-27B,True
187,de,0,hi,Qwen/Qwen3.5-27B,True
189,es,0,hi,Qwen/Qwen3.5-27B,True
189,id,0,hi,Qwen/Qwen3.5-27B,True
169,es,0,fr,Qwen/Qwen3.5-27B,True
189,zh,0,hi,Qwen/Qwen3.5-27B,True
187,fr,0,hi,Qwen/Qwen3.5-27B,True
345,en,0,ja,Qwen/Qwen3.5-27B,True
169,hi,0,fr,Qwen/Qwen3.5-27B,True
169,de,0,fr,Qwen/Qwen3.5-27B,True
507,ja,0,zh,Qwen/Qwen3.5-27B,True
169,fr,0,fr,Qwen/Qwen3.5-27B,True
174,hi,0,fr,Qwen/Qwen3.5-27B,True
507,id,0,zh,Qwen/Qwen3.5-27B,True
507,it,0,zh,Qwen/Qwen3.5-27B,True
169,ja,0,fr,Qwen/Qwen3.5-27B,True
169,en,0,fr,Qwen/Qwen3.5-27B,True
507,hi,0,zh,Qwen/Qwen3.5-27B,True
169,zh,0,fr,Qwen/Qwen3.5-27B,True
507,zh,0,zh,Qwen/Qwen3.5-27B,True
169,it,0,fr,Qwen/Qwen3.5-27B,True
58,es,0,en,Qwen/Qwen3.5-27B,True
58,it,0,en,Qwen/Qwen3.5-27B,True
58,fr,0,en,Qwen/Qwen3.5-27B,True
48,es,0,en,Qwen/Qwen3.5-27B,True
134,es,0,es,Qwen/Qwen3.5-27B,True
48,en,0,en,Qwen/Qwen3.5-27B,True
187,it,0,hi,Qwen/Qwen3.5-27B,True
187,ja,0,hi,Qwen/Qwen3.5-27B,True
48,de,0,en,Qwen/Qwen3.5-27B,True
169,id,0,fr,Qwen/Qwen3.5-27B,True
58,hi,0,en,Qwen/Qwen3.5-27B,True
48,fr,0,en,Qwen/Qwen3.5-27B,True
48,hi,0,en,Qwen/Qwen3.5-27B,True
48,zh,0,en,Qwen/Qwen3.5-27B,True
344,en,0,ja,Qwen/Qwen3.5-27B,True
58,ja,0,en,Qwen/Qwen3.5-27B,True
48,it,0,en,Qwen/Qwen3.5-27B,True
235,en,0,hi,Qwen/Qwen3.5-27B,True
58,de,0,en,Qwen/Qwen3.5-27B,True
48,ja,0,en,Qwen/Qwen3.5-27B,True
58,id,0,en,Qwen/Qwen3.5-27B,True
344,fr,0,ja,Qwen/Qwen3.5-27B,True
344,es,0,ja,Qwen/Qwen3.5-27B,True
235,es,0,hi,Qwen/Qwen3.5-27B,True
235,fr,0,hi,Qwen/Qwen3.5-27B,True
344,id,0,ja,Qwen/Qwen3.5-27B,True
48,id,0,en,Qwen/Qwen3.5-27B,True
235,hi,0,hi,Qwen/Qwen3.5-27B,True
344,it,0,ja,Qwen/Qwen3.5-27B,True
344,ja,0,ja,Qwen/Qwen3.5-27B,True
235,it,0,hi,Qwen/Qwen3.5-27B,True
187,es,0,hi,Qwen/Qwen3.5-27B,True
344,de,0,ja,Qwen/Qwen3.5-27B,True
58,zh,0,en,Qwen/Qwen3.5-27B,True
235,ja,0,hi,Qwen/Qwen3.5-27B,True
235,zh,0,hi,Qwen/Qwen3.5-27B,True
160,en,0,fr,Qwen/Qwen3.5-27B,True
252,de,0,hi,Qwen/Qwen3.5-27B,True
160,es,0,fr,Qwen/Qwen3.5-27B,True
252,hi,0,hi,Qwen/Qwen3.5-27B,True
21,ja,0,he,Qwen/Qwen3.5-27B,True
160,de,0,fr,Qwen/Qwen3.5-27B,True
235,id,0,hi,Qwen/Qwen3.5-27B,True
252,es,0,hi,Qwen/Qwen3.5-27B,True
252,zh,0,hi,Qwen/Qwen3.5-27B,True
160,it,0,fr,Qwen/Qwen3.5-27B,True
160,fr,0,fr,Qwen/Qwen3.5-27B,True
21,de,0,he,Qwen/Qwen3.5-27B,True
252,it,0,hi,Qwen/Qwen3.5-27B,True
21,es,0,he,Qwen/Qwen3.5-27B,True
58,en,0,en,Qwen/Qwen3.5-27B,True
344,zh,0,ja,Qwen/Qwen3.5-27B,True
235,de,0,hi,Qwen/Qwen3.5-27B,True
21,zh,0,he,Qwen/Qwen3.5-27B,True
21,id,0,he,Qwen/Qwen3.5-27B,True
160,id,0,fr,Qwen/Qwen3.5-27B,True
344,hi,0,ja,Qwen/Qwen3.5-27B,True
21,fr,0,he,Qwen/Qwen3.5-27B,True
189,fr,0,hi,Qwen/Qwen3.5-27B,True
252,ja,0,hi,Qwen/Qwen3.5-27B,True
21,en,0,he,Qwen/Qwen3.5-27B,True
252,fr,0,hi,Qwen/Qwen3.5-27B,True
252,id,0,hi,Qwen/Qwen3.5-27B,True
160,zh,0,fr,Qwen/Qwen3.5-27B,True
160,ja,0,fr,Qwen/Qwen3.5-27B,True
160,hi,0,fr,Qwen/Qwen3.5-27B,True
276,es,0,id,Qwen/Qwen3.5-27B,True
276,en,0,id,Qwen/Qwen3.5-27B,True
252,en,0,hi,Qwen/Qwen3.5-27B,True
21,hi,0,he,Qwen/Qwen3.5-27B,True
276,it,0,id,Qwen/Qwen3.5-27B,True
276,hi,0,id,Qwen/Qwen3.5-27B,True
191,es,0,hi,Qwen/Qwen3.5-27B,True
478,es,0,zh,Qwen/Qwen3.5-27B,True
191,en,0,hi,Qwen/Qwen3.5-27B,True
191,id,0,hi,Qwen/Qwen3.5-27B,True
478,de,0,zh,Qwen/Qwen3.5-27B,True
478,en,0,zh,Qwen/Qwen3.5-27B,True
191,it,0,hi,Qwen/Qwen3.5-27B,True
276,ja,0,id,Qwen/Qwen3.5-27B,True
276,zh,0,id,Qwen/Qwen3.5-27B,True
293,es,0,it,Qwen/Qwen3.5-27B,True
293,de,0,it,Qwen/Qwen3.5-27B,True
191,de,0,hi,Qwen/Qwen3.5-27B,True
276,de,0,id,Qwen/Qwen3.5-27B,True
478,fr,0,zh,Qwen/Qwen3.5-27B,True
191,ja,0,hi,Qwen/Qwen3.5-27B,True
385,ja,0,ko,Qwen/Qwen3.5-27B,True
385,en,0,ko,Qwen/Qwen3.5-27B,True
478,id,0,zh,Qwen/Qwen3.5-27B,True
478,hi,0,zh,Qwen/Qwen3.5-27B,True
478,ja,0,zh,Qwen/Qwen3.5-27B,True
293,it,0,it,Qwen/Qwen3.5-27B,True
385,fr,0,ko,Qwen/Qwen3.5-27B,True
191,hi,0,hi,Qwen/Qwen3.5-27B,True
293,en,0,it,Qwen/Qwen3.5-27B,True
385,hi,0,ko,Qwen/Qwen3.5-27B,True
191,fr,0,hi,Qwen/Qwen3.5-27B,True
385,zh,0,ko,Qwen/Qwen3.5-27B,True
385,id,0,ko,Qwen/Qwen3.5-27B,True
385,de,0,ko,Qwen/Qwen3.5-27B,True
385,it,0,ko,Qwen/Qwen3.5-27B,True
385,es,0,ko,Qwen/Qwen3.5-27B,True
191,zh,0,hi,Qwen/Qwen3.5-27B,True
478,zh,0,zh,Qwen/Qwen3.5-27B,True
293,id,0,it,Qwen/Qwen3.5-27B,True
276,id,0,id,Qwen/Qwen3.5-27B,True
276,fr,0,id,Qwen/Qwen3.5-27B,True
293,hi,0,it,Qwen/Qwen3.5-27B,True
293,fr,0,it,Qwen/Qwen3.5-27B,True
21,it,0,he,Qwen/Qwen3.5-27B,True
413,es,0,pt,Qwen/Qwen3.5-27B,True
413,ja,0,pt,Qwen/Qwen3.5-27B,True
293,zh,0,it,Qwen/Qwen3.5-27B,True
293,ja,0,it,Qwen/Qwen3.5-27B,True
130,en,0,es,Qwen/Qwen3.5-27B,True
343,fr,0,ja,Qwen/Qwen3.5-27B,True
413,id,0,pt,Qwen/Qwen3.5-27B,True
413,hi,0,pt,Qwen/Qwen3.5-27B,True
134,ja,0,es,Qwen/Qwen3.5-27B,True
413,it,0,pt,Qwen/Qwen3.5-27B,True
130,es,0,es,Qwen/Qwen3.5-27B,True
343,de,0,ja,Qwen/Qwen3.5-27B,True
257,de,0,id,Qwen/Qwen3.5-27B,True
413,de,0,pt,Qwen/Qwen3.5-27B,True
130,it,0,es,Qwen/Qwen3.5-27B,True
130,de,0,es,Qwen/Qwen3.5-27B,True
257,en,0,id,Qwen/Qwen3.5-27B,True
413,en,0,pt,Qwen/Qwen3.5-27B,True
257,fr,0,id,Qwen/Qwen3.5-27B,True
130,id,0,es,Qwen/Qwen3.5-27B,True
257,it,0,id,Qwen/Qwen3.5-27B,True
343,es,0,ja,Qwen/Qwen3.5-27B,True
343,en,0,ja,Qwen/Qwen3.5-27B,True
257,id,0,id,Qwen/Qwen3.5-27B,True
413,fr,0,pt,Qwen/Qwen3.5-27B,True
130,fr,0,es,Qwen/Qwen3.5-27B,True
343,id,0,ja,Qwen/Qwen3.5-27B,True
343,it,0,ja,Qwen/Qwen3.5-27B,True
413,zh,0,pt,Qwen/Qwen3.5-27B,True
257,zh,0,id,Qwen/Qwen3.5-27B,True
257,ja,0,id,Qwen/Qwen3.5-27B,True
130,hi,0,es,Qwen/Qwen3.5-27B,True
130,ja,0,es,Qwen/Qwen3.5-27B,True
343,zh,0,ja,Qwen/Qwen3.5-27B,True
257,es,0,id,Qwen/Qwen3.5-27B,True
343,hi,0,ja,Qwen/Qwen3.5-27B,True
343,ja,0,ja,Qwen/Qwen3.5-27B,True
257,hi,0,id,Qwen/Qwen3.5-27B,True
359,en,0,ja,Qwen/Qwen3.5-27B,True
134,id,0,es,Qwen/Qwen3.5-27B,True
478,it,0,zh,Qwen/Qwen3.5-27B,True
130,zh,0,es,Qwen/Qwen3.5-27B,True
359,ja,0,ja,Qwen/Qwen3.5-27B,True
359,id,0,ja,Qwen/Qwen3.5-27B,True
363,es,0,ko,Qwen/Qwen3.5-27B,True
359,fr,0,ja,Qwen/Qwen3.5-27B,True
359,hi,0,ja,Qwen/Qwen3.5-27B,True
359,de,0,ja,Qwen/Qwen3.5-27B,True
151,ja,0,fr,Qwen/Qwen3.5-27B,True
151,zh,0,fr,Qwen/Qwen3.5-27B,True
493,es,0,zh,Qwen/Qwen3.5-27B,True
359,es,0,ja,Qwen/Qwen3.5-27B,True
493,de,0,zh,Qwen/Qwen3.5-27B,True
99,it,0,es,Qwen/Qwen3.5-27B,True
359,it,0,ja,Qwen/Qwen3.5-27B,True
151,id,0,fr,Qwen/Qwen3.5-27B,True
493,id,0,zh,Qwen/Qwen3.5-27B,True
151,de,0,fr,Qwen/Qwen3.5-27B,True
151,es,0,fr,Qwen/Qwen3.5-27B,True
493,hi,0,zh,Qwen/Qwen3.5-27B,True
330,de,0,it,Qwen/Qwen3.5-27B,True
372,zh,0,ko,Qwen/Qwen3.5-27B,True
372,en,0,ko,Qwen/Qwen3.5-27B,True
330,en,0,it,Qwen/Qwen3.5-27B,True
330,it,0,it,Qwen/Qwen3.5-27B,True
330,es,0,it,Qwen/Qwen3.5-27B,True
372,es,0,ko,Qwen/Qwen3.5-27B,True
493,fr,0,zh,Qwen/Qwen3.5-27B,True
330,hi,0,it,Qwen/Qwen3.5-27B,True
359,zh,0,ja,Qwen/Qwen3.5-27B,True
372,ja,0,ko,Qwen/Qwen3.5-27B,True
372,id,0,ko,Qwen/Qwen3.5-27B,True
493,zh,0,zh,Qwen/Qwen3.5-27B,True
372,hi,0,ko,Qwen/Qwen3.5-27B,True
330,id,0,it,Qwen/Qwen3.5-27B,True
372,fr,0,ko,Qwen/Qwen3.5-27B,True
330,ja,0,it,Qwen/Qwen3.5-27B,True
330,fr,0,it,Qwen/Qwen3.5-27B,True
330,zh,0,it,Qwen/Qwen3.5-27B,True
151,fr,0,fr,Qwen/Qwen3.5-27B,True
151,it,0,fr,Qwen/Qwen3.5-27B,True
372,de,0,ko,Qwen/Qwen3.5-27B,True
214,id,0,hi,Qwen/Qwen3.5-27B,True
99,de,0,es,Qwen/Qwen3.5-27B,True
189,hi,0,hi,Qwen/Qwen3.5-27B,True
99,hi,0,es,Qwen/Qwen3.5-27B,True
493,ja,0,zh,Qwen/Qwen3.5-27B,True
99,ja,0,es,Qwen/Qwen3.5-27B,True
214,en,0,hi,Qwen/Qwen3.5-27B,True
99,id,0,es,Qwen/Qwen3.5-27B,True
151,hi,0,fr,Qwen/Qwen3.5-27B,True
214,es,0,hi,Qwen/Qwen3.5-27B,True
99,en,0,es,Qwen/Qwen3.5-27B,True
214,ja,0,hi,Qwen/Qwen3.5-27B,True
20,es,0,he,Qwen/Qwen3.5-27B,True
214,de,0,hi,Qwen/Qwen3.5-27B,True
214,it,0,hi,Qwen/Qwen3.5-27B,True
214,fr,0,hi,Qwen/Qwen3.5-27B,True
214,hi,0,hi,Qwen/Qwen3.5-27B,True
71,de,0,de,Qwen/Qwen3.5-27B,True
187,hi,0,hi,Qwen/Qwen3.5-27B,True
20,it,0,he,Qwen/Qwen3.5-27B,True
71,es,0,de,Qwen/Qwen3.5-27B,True
99,zh,0,es,Qwen/Qwen3.5-27B,True
188,id,0,hi,Qwen/Qwen3.5-27B,True
188,fr,0,hi,Qwen/Qwen3.5-27B,True
20,ja,0,he,Qwen/Qwen3.5-27B,True
20,hi,0,he,Qwen/Qwen3.5-27B,True
71,en,0,de,Qwen/Qwen3.5-27B,True
188,en,0,hi,Qwen/Qwen3.5-27B,True
99,fr,0,es,Qwen/Qwen3.5-27B,True
71,id,0,de,Qwen/Qwen3.5-27B,True
372,it,0,ko,Qwen/Qwen3.5-27B,True
20,id,0,he,Qwen/Qwen3.5-27B,True
188,ja,0,hi,Qwen/Qwen3.5-27B,True
187,zh,0,hi,Qwen/Qwen3.5-27B,True
71,fr,0,de,Qwen/Qwen3.5-27B,True
71,it,0,de,Qwen/Qwen3.5-27B,True
71,hi,0,de,Qwen/Qwen3.5-27B,True
20,fr,0,he,Qwen/Qwen3.5-27B,True
106,de,0,es,Qwen/Qwen3.5-27B,True
20,en,0,he,Qwen/Qwen3.5-27B,True
106,en,0,es,Qwen/Qwen3.5-27B,True
20,zh,0,he,Qwen/Qwen3.5-27B,True
71,ja,0,de,Qwen/Qwen3.5-27B,True
188,hi,0,hi,Qwen/Qwen3.5-27B,True
106,zh,0,es,Qwen/Qwen3.5-27B,True
270,en,0,id,Qwen/Qwen3.5-27B,True
106,ja,0,es,Qwen/Qwen3.5-27B,True
106,id,0,es,Qwen/Qwen3.5-27B,True
270,es,0,id,Qwen/Qwen3.5-27B,True
106,fr,0,es,Qwen/Qwen3.5-27B,True
214,zh,0,hi,Qwen/Qwen3.5-27B,True
106,hi,0,es,Qwen/Qwen3.5-27B,True
270,de,0,id,Qwen/Qwen3.5-27B,True
106,es,0,es,Qwen/Qwen3.5-27B,True
71,zh,0,de,Qwen/Qwen3.5-27B,True
348,en,0,ja,Qwen/Qwen3.5-27B,True
270,hi,0,id,Qwen/Qwen3.5-27B,True
188,zh,0,hi,Qwen/Qwen3.5-27B,True
348,de,0,ja,Qwen/Qwen3.5-27B,True
270,fr,0,id,Qwen/Qwen3.5-27B,True
270,ja,0,id,Qwen/Qwen3.5-27B,True
435,de,0,pt,Qwen/Qwen3.5-27B,True
270,zh,0,id,Qwen/Qwen3.5-27B,True
435,es,0,pt,Qwen/Qwen3.5-27B,True
188,de,0,hi,Qwen/Qwen3.5-27B,True
435,fr,0,pt,Qwen/Qwen3.5-27B,True
348,ja,0,ja,Qwen/Qwen3.5-27B,True
270,it,0,id,Qwen/Qwen3.5-27B,True
270,id,0,id,Qwen/Qwen3.5-27B,True
348,id,0,ja,Qwen/Qwen3.5-27B,True
102,en,0,es,Qwen/Qwen3.5-27B,True
348,es,0,ja,Qwen/Qwen3.5-27B,True
348,it,0,ja,Qwen/Qwen3.5-27B,True
348,zh,0,ja,Qwen/Qwen3.5-27B,True
435,ja,0,pt,Qwen/Qwen3.5-27B,True
348,fr,0,ja,Qwen/Qwen3.5-27B,True
435,it,0,pt,Qwen/Qwen3.5-27B,True
102,id,0,es,Qwen/Qwen3.5-27B,True
348,hi,0,ja,Qwen/Qwen3.5-27B,True
102,it,0,es,Qwen/Qwen3.5-27B,True
102,fr,0,es,Qwen/Qwen3.5-27B,True
435,id,0,pt,Qwen/Qwen3.5-27B,True
435,zh,0,pt,Qwen/Qwen3.5-27B,True
106,it,0,es,Qwen/Qwen3.5-27B,True
435,hi,0,pt,Qwen/Qwen3.5-27B,True
102,ja,0,es,Qwen/Qwen3.5-27B,True
435,en,0,pt,Qwen/Qwen3.5-27B,True
102,zh,0,es,Qwen/Qwen3.5-27B,True
151,en,0,fr,Qwen/Qwen3.5-27B,True
102,hi,0,es,Qwen/Qwen3.5-27B,True
187,id,0,hi,Qwen/Qwen3.5-27B,True
20,de,0,he,Qwen/Qwen3.5-27B,True
188,es,0,hi,Qwen/Qwen3.5-27B,True
102,de,0,es,Qwen/Qwen3.5-27B,True
493,en,0,zh,Qwen/Qwen3.5-27B,True
99,es,0,es,Qwen/Qwen3.5-27B,True
493,it,0,zh,Qwen/Qwen3.5-27B,True
188,it,0,hi,Qwen/Qwen3.5-27B,True
102,es,0,es,Qwen/Qwen3.5-27B,True
113,it,0,es,zai-org/GLM-4.7-Flash,False
131,de,0,es,zai-org/GLM-4.7-Flash,False
131,fr,0,es,zai-org/GLM-4.7-Flash,False
113,en,0,es,zai-org/GLM-4.7-Flash,False
131,it,0,es,zai-org/GLM-4.7-Flash,False
33,zh,0,en,zai-org/GLM-4.7-Flash,True
78,en,0,de,zai-org/GLM-4.7-Flash,False
274,en,0,id,zai-org/GLM-4.7-Flash,False
502,en,0,zh,zai-org/GLM-4.7-Flash,False
78,de,0,de,zai-org/GLM-4.7-Flash,False
502,it,0,zh,zai-org/GLM-4.7-Flash,False
113,de,0,es,zai-org/GLM-4.7-Flash,False
113,fr,0,es,zai-org/GLM-4.7-Flash,False
274,fr,0,id,zai-org/GLM-4.7-Flash,False
33,it,0,en,zai-org/GLM-4.7-Flash,True
78,id,0,de,zai-org/GLM-4.7-Flash,False
502,es,0,zh,zai-org/GLM-4.7-Flash,False
113,ja,0,es,zai-org/GLM-4.7-Flash,False
131,es,0,es,zai-org/GLM-4.7-Flash,False
502,de,0,zh,zai-org/GLM-4.7-Flash,False
113,es,0,es,zai-org/GLM-4.7-Flash,False
33,es,0,en,zai-org/GLM-4.7-Flash,True
274,es,0,id,zai-org/GLM-4.7-Flash,False
274,de,0,id,zai-org/GLM-4.7-Flash,False
33,id,0,en,zai-org/GLM-4.7-Flash,True
502,hi,0,zh,zai-org/GLM-4.7-Flash,False
78,it,0,de,zai-org/GLM-4.7-Flash,False
131,en,0,es,zai-org/GLM-4.7-Flash,False
502,ja,0,zh,zai-org/GLM-4.7-Flash,False
33,de,0,en,zai-org/GLM-4.7-Flash,True
113,id,0,es,zai-org/GLM-4.7-Flash,False
78,fr,0,de,zai-org/GLM-4.7-Flash,False
78,zh,0,de,zai-org/GLM-4.7-Flash,False
131,id,0,es,zai-org/GLM-4.7-Flash,True
131,ja,0,es,zai-org/GLM-4.7-Flash,False
131,hi,0,es,zai-org/GLM-4.7-Flash,False
33,ja,0,en,zai-org/GLM-4.7-Flash,True
185,en,0,hi,zai-org/GLM-4.7-Flash,False
502,fr,0,zh,zai-org/GLM-4.7-Flash,False
78,ja,0,de,zai-org/GLM-4.7-Flash,False
113,hi,0,es,zai-org/GLM-4.7-Flash,False
185,ja,0,hi,zai-org/GLM-4.7-Flash,False
185,it,0,hi,zai-org/GLM-4.7-Flash,False
502,id,0,zh,zai-org/GLM-4.7-Flash,False
185,de,0,hi,zai-org/GLM-4.7-Flash,False
502,zh,0,zh,zai-org/GLM-4.7-Flash,False
185,id,0,hi,zai-org/GLM-4.7-Flash,False
274,id,0,id,zai-org/GLM-4.7-Flash,False
185,zh,0,hi,zai-org/GLM-4.7-Flash,False
33,en,0,en,zai-org/GLM-4.7-Flash,True
78,es,0,de,zai-org/GLM-4.7-Flash,False
321,en,0,it,zai-org/GLM-4.7-Flash,False
185,hi,0,hi,zai-org/GLM-4.7-Flash,False
274,zh,0,id,zai-org/GLM-4.7-Flash,False
78,hi,0,de,zai-org/GLM-4.7-Flash,False
261,de,0,id,zai-org/GLM-4.7-Flash,False
9,de,0,he,zai-org/GLM-4.7-Flash,False
9,en,0,he,zai-org/GLM-4.7-Flash,False
274,ja,0,id,zai-org/GLM-4.7-Flash,False
274,it,0,id,zai-org/GLM-4.7-Flash,False
321,id,0,it,zai-org/GLM-4.7-Flash,False
321,fr,0,it,zai-org/GLM-4.7-Flash,False
33,fr,0,en,zai-org/GLM-4.7-Flash,True
185,fr,0,hi,zai-org/GLM-4.7-Flash,False
9,it,0,he,zai-org/GLM-4.7-Flash,False
185,es,0,hi,zai-org/GLM-4.7-Flash,False
261,hi,0,id,zai-org/GLM-4.7-Flash,False
261,zh,0,id,zai-org/GLM-4.7-Flash,False
9,id,0,he,zai-org/GLM-4.7-Flash,False
321,es,0,it,zai-org/GLM-4.7-Flash,False
113,zh,0,es,zai-org/GLM-4.7-Flash,False
9,fr,0,he,zai-org/GLM-4.7-Flash,False
9,hi,0,he,zai-org/GLM-4.7-Flash,False
321,de,0,it,zai-org/GLM-4.7-Flash,False
9,es,0,he,zai-org/GLM-4.7-Flash,False
261,es,0,id,zai-org/GLM-4.7-Flash,True
261,it,0,id,zai-org/GLM-4.7-Flash,False
497,en,0,zh,zai-org/GLM-4.7-Flash,True
321,zh,0,it,zai-org/GLM-4.7-Flash,False
321,ja,0,it,zai-org/GLM-4.7-Flash,False
281,it,0,id,zai-org/GLM-4.7-Flash,True
497,es,0,zh,zai-org/GLM-4.7-Flash,True
261,id,0,id,zai-org/GLM-4.7-Flash,True
497,id,0,zh,zai-org/GLM-4.7-Flash,True
9,ja,0,he,zai-org/GLM-4.7-Flash,False
321,hi,0,it,zai-org/GLM-4.7-Flash,False
318,it,0,it,zai-org/GLM-4.7-Flash,False
318,fr,0,it,zai-org/GLM-4.7-Flash,True
497,fr,0,zh,zai-org/GLM-4.7-Flash,True
321,it,0,it,zai-org/GLM-4.7-Flash,True
281,es,0,id,zai-org/GLM-4.7-Flash,True
497,it,0,zh,zai-org/GLM-4.7-Flash,True
281,en,0,id,zai-org/GLM-4.7-Flash,False
281,ja,0,id,zai-org/GLM-4.7-Flash,True
318,zh,0,it,zai-org/GLM-4.7-Flash,False
497,ja,0,zh,zai-org/GLM-4.7-Flash,True
318,es,0,it,zai-org/GLM-4.7-Flash,False
497,de,0,zh,zai-org/GLM-4.7-Flash,True
274,hi,0,id,zai-org/GLM-4.7-Flash,False
318,de,0,it,zai-org/GLM-4.7-Flash,True
497,zh,0,zh,zai-org/GLM-4.7-Flash,True
261,en,0,id,zai-org/GLM-4.7-Flash,False
281,fr,0,id,zai-org/GLM-4.7-Flash,True
9,zh,0,he,zai-org/GLM-4.7-Flash,False
474,zh,0,zh,zai-org/GLM-4.7-Flash,True
474,fr,0,zh,zai-org/GLM-4.7-Flash,False
131,zh,0,es,zai-org/GLM-4.7-Flash,False
474,de,0,zh,zai-org/GLM-4.7-Flash,False
318,id,0,it,zai-org/GLM-4.7-Flash,True
281,id,0,id,zai-org/GLM-4.7-Flash,True
261,ja,0,id,zai-org/GLM-4.7-Flash,False
30,en,0,en,zai-org/GLM-4.7-Flash,False
474,en,0,zh,zai-org/GLM-4.7-Flash,False
318,ja,0,it,zai-org/GLM-4.7-Flash,True
474,id,0,zh,zai-org/GLM-4.7-Flash,False
281,hi,0,id,zai-org/GLM-4.7-Flash,False
474,es,0,zh,zai-org/GLM-4.7-Flash,True
318,en,0,it,zai-org/GLM-4.7-Flash,False
101,en,0,es,zai-org/GLM-4.7-Flash,True
497,hi,0,zh,zai-org/GLM-4.7-Flash,False
474,hi,0,zh,zai-org/GLM-4.7-Flash,False
30,de,0,en,zai-org/GLM-4.7-Flash,False
261,fr,0,id,zai-org/GLM-4.7-Flash,False
101,es,0,es,zai-org/GLM-4.7-Flash,False
355,en,0,ja,zai-org/GLM-4.7-Flash,False
474,it,0,zh,zai-org/GLM-4.7-Flash,False
281,de,0,id,zai-org/GLM-4.7-Flash,False
281,zh,0,id,zai-org/GLM-4.7-Flash,False
30,ja,0,en,zai-org/GLM-4.7-Flash,False
249,en,0,hi,zai-org/GLM-4.7-Flash,False
101,de,0,es,zai-org/GLM-4.7-Flash,False
172,en,0,fr,zai-org/GLM-4.7-Flash,False
101,zh,0,es,zai-org/GLM-4.7-Flash,False
474,ja,0,zh,zai-org/GLM-4.7-Flash,True
101,fr,0,es,zai-org/GLM-4.7-Flash,False
101,id,0,es,zai-org/GLM-4.7-Flash,False
30,it,0,en,zai-org/GLM-4.7-Flash,False
30,hi,0,en,zai-org/GLM-4.7-Flash,False
101,ja,0,es,zai-org/GLM-4.7-Flash,False
249,id,0,hi,zai-org/GLM-4.7-Flash,False
101,hi,0,es,zai-org/GLM-4.7-Flash,False
30,fr,0,en,zai-org/GLM-4.7-Flash,False
172,es,0,fr,zai-org/GLM-4.7-Flash,False
172,fr,0,fr,zai-org/GLM-4.7-Flash,False
249,es,0,hi,zai-org/GLM-4.7-Flash,False
355,es,0,ja,zai-org/GLM-4.7-Flash,False
30,es,0,en,zai-org/GLM-4.7-Flash,False
30,zh,0,en,zai-org/GLM-4.7-Flash,False
249,fr,0,hi,zai-org/GLM-4.7-Flash,False
249,de,0,hi,zai-org/GLM-4.7-Flash,False
355,id,0,ja,zai-org/GLM-4.7-Flash,False
249,zh,0,hi,zai-org/GLM-4.7-Flash,False
172,de,0,fr,zai-org/GLM-4.7-Flash,False
355,zh,0,ja,zai-org/GLM-4.7-Flash,False
249,it,0,hi,zai-org/GLM-4.7-Flash,False
172,hi,0,fr,zai-org/GLM-4.7-Flash,False
172,id,0,fr,zai-org/GLM-4.7-Flash,False
249,ja,0,hi,zai-org/GLM-4.7-Flash,False
355,hi,0,ja,zai-org/GLM-4.7-Flash,False
172,ja,0,fr,zai-org/GLM-4.7-Flash,False
172,it,0,fr,zai-org/GLM-4.7-Flash,True
172,zh,0,fr,zai-org/GLM-4.7-Flash,False
346,de,0,ja,zai-org/GLM-4.7-Flash,False
0,fr,0,he,zai-org/GLM-4.7-Flash,False
0,es,0,he,zai-org/GLM-4.7-Flash,False
318,hi,0,it,zai-org/GLM-4.7-Flash,False
0,de,0,he,zai-org/GLM-4.7-Flash,False
355,it,0,ja,zai-org/GLM-4.7-Flash,False
0,en,0,he,zai-org/GLM-4.7-Flash,False
249,hi,0,hi,zai-org/GLM-4.7-Flash,False
0,zh,0,he,zai-org/GLM-4.7-Flash,False
0,it,0,he,zai-org/GLM-4.7-Flash,False
346,ja,0,ja,zai-org/GLM-4.7-Flash,False
11,de,0,he,zai-org/GLM-4.7-Flash,False
375,ja,0,ko,zai-org/GLM-4.7-Flash,False
0,id,0,he,zai-org/GLM-4.7-Flash,False
346,es,0,ja,zai-org/GLM-4.7-Flash,False
375,zh,0,ko,zai-org/GLM-4.7-Flash,False
375,id,0,ko,zai-org/GLM-4.7-Flash,False
375,es,0,ko,zai-org/GLM-4.7-Flash,False
346,it,0,ja,zai-org/GLM-4.7-Flash,False
346,fr,0,ja,zai-org/GLM-4.7-Flash,False
375,fr,0,ko,zai-org/GLM-4.7-Flash,False
375,en,0,ko,zai-org/GLM-4.7-Flash,False
93,en,0,de,zai-org/GLM-4.7-Flash,False
11,en,0,he,zai-org/GLM-4.7-Flash,False
0,ja,0,he,zai-org/GLM-4.7-Flash,False
93,fr,0,de,zai-org/GLM-4.7-Flash,False
346,id,0,ja,zai-org/GLM-4.7-Flash,False
346,zh,0,ja,zai-org/GLM-4.7-Flash,False
93,id,0,de,zai-org/GLM-4.7-Flash,False
11,es,0,he,zai-org/GLM-4.7-Flash,False
93,de,0,de,zai-org/GLM-4.7-Flash,False
375,it,0,ko,zai-org/GLM-4.7-Flash,False
33,hi,0,en,zai-org/GLM-4.7-Flash,False
93,ja,0,de,zai-org/GLM-4.7-Flash,False
346,en,0,ja,zai-org/GLM-4.7-Flash,False
11,ja,0,he,zai-org/GLM-4.7-Flash,False
30,id,0,en,zai-org/GLM-4.7-Flash,False
355,fr,0,ja,zai-org/GLM-4.7-Flash,True
0,hi,0,he,zai-org/GLM-4.7-Flash,False
375,de,0,ko,zai-org/GLM-4.7-Flash,False
11,fr,0,he,zai-org/GLM-4.7-Flash,False
93,es,0,de,zai-org/GLM-4.7-Flash,False
355,ja,0,ja,zai-org/GLM-4.7-Flash,False
93,hi,0,de,zai-org/GLM-4.7-Flash,False
355,de,0,ja,zai-org/GLM-4.7-Flash,True
101,it,0,es,zai-org/GLM-4.7-Flash,True
11,zh,0,he,zai-org/GLM-4.7-Flash,False
93,zh,0,de,zai-org/GLM-4.7-Flash,False
93,it,0,de,zai-org/GLM-4.7-Flash,False
11,it,0,he,zai-org/GLM-4.7-Flash,False
11,id,0,he,zai-org/GLM-4.7-Flash,False
346,hi,0,ja,zai-org/GLM-4.7-Flash,False
482,en,0,zh,zai-org/GLM-4.7-Flash,False
182,es,0,fr,zai-org/GLM-4.7-Flash,False
482,id,0,zh,zai-org/GLM-4.7-Flash,True
265,it,0,id,zai-org/GLM-4.7-Flash,False
482,de,0,zh,zai-org/GLM-4.7-Flash,False
265,id,0,id,zai-org/GLM-4.7-Flash,False
265,fr,0,id,zai-org/GLM-4.7-Flash,False
195,es,0,hi,zai-org/GLM-4.7-Flash,False
182,en,0,fr,zai-org/GLM-4.7-Flash,False
265,en,0,id,zai-org/GLM-4.7-Flash,False
420,de,0,pt,zai-org/GLM-4.7-Flash,False
265,de,0,id,zai-org/GLM-4.7-Flash,False
420,en,0,pt,zai-org/GLM-4.7-Flash,False
182,ja,0,fr,zai-org/GLM-4.7-Flash,False
420,id,0,pt,zai-org/GLM-4.7-Flash,False
482,it,0,zh,zai-org/GLM-4.7-Flash,True
195,en,0,hi,zai-org/GLM-4.7-Flash,False
265,es,0,id,zai-org/GLM-4.7-Flash,False
11,hi,0,he,zai-org/GLM-4.7-Flash,False
265,ja,0,id,zai-org/GLM-4.7-Flash,False
420,fr,0,pt,zai-org/GLM-4.7-Flash,False
420,es,0,pt,zai-org/GLM-4.7-Flash,False
420,it,0,pt,zai-org/GLM-4.7-Flash,False
265,zh,0,id,zai-org/GLM-4.7-Flash,False
182,id,0,fr,zai-org/GLM-4.7-Flash,False
482,es,0,zh,zai-org/GLM-4.7-Flash,False
420,zh,0,pt,zai-org/GLM-4.7-Flash,False
182,fr,0,fr,zai-org/GLM-4.7-Flash,False
195,it,0,hi,zai-org/GLM-4.7-Flash,False
182,hi,0,fr,zai-org/GLM-4.7-Flash,False
375,hi,0,ko,zai-org/GLM-4.7-Flash,False
420,hi,0,pt,zai-org/GLM-4.7-Flash,False
182,it,0,fr,zai-org/GLM-4.7-Flash,False
482,zh,0,zh,zai-org/GLM-4.7-Flash,False
182,zh,0,fr,zai-org/GLM-4.7-Flash,False
420,ja,0,pt,zai-org/GLM-4.7-Flash,False
482,ja,0,zh,zai-org/GLM-4.7-Flash,True
182,de,0,fr,zai-org/GLM-4.7-Flash,False
195,de,0,hi,zai-org/GLM-4.7-Flash,False
482,hi,0,zh,zai-org/GLM-4.7-Flash,False
209,en,0,hi,zai-org/GLM-4.7-Flash,False
195,zh,0,hi,zai-org/GLM-4.7-Flash,False
209,ja,0,hi,zai-org/GLM-4.7-Flash,True
55,en,0,en,zai-org/GLM-4.7-Flash,True
55,zh,0,en,zai-org/GLM-4.7-Flash,True
227,en,0,hi,zai-org/GLM-4.7-Flash,False
55,fr,0,en,zai-org/GLM-4.7-Flash,True
195,ja,0,hi,zai-org/GLM-4.7-Flash,False
55,it,0,en,zai-org/GLM-4.7-Flash,False
265,hi,0,id,zai-org/GLM-4.7-Flash,False
18,es,0,he,zai-org/GLM-4.7-Flash,False
209,fr,0,hi,zai-org/GLM-4.7-Flash,True
55,es,0,en,zai-org/GLM-4.7-Flash,True
209,hi,0,hi,zai-org/GLM-4.7-Flash,False
18,fr,0,he,zai-org/GLM-4.7-Flash,False
18,ja,0,he,zai-org/GLM-4.7-Flash,True
18,id,0,he,zai-org/GLM-4.7-Flash,False
227,de,0,hi,zai-org/GLM-4.7-Flash,True
18,en,0,he,zai-org/GLM-4.7-Flash,False
227,fr,0,hi,zai-org/GLM-4.7-Flash,True
227,id,0,hi,zai-org/GLM-4.7-Flash,True
195,id,0,hi,zai-org/GLM-4.7-Flash,False
55,de,0,en,zai-org/GLM-4.7-Flash,False
227,hi,0,hi,zai-org/GLM-4.7-Flash,False
227,zh,0,hi,zai-org/GLM-4.7-Flash,True
227,it,0,hi,zai-org/GLM-4.7-Flash,True
55,hi,0,en,zai-org/GLM-4.7-Flash,False
209,id,0,hi,zai-org/GLM-4.7-Flash,False
18,de,0,he,zai-org/GLM-4.7-Flash,False
227,ja,0,hi,zai-org/GLM-4.7-Flash,False
431,es,0,pt,zai-org/GLM-4.7-Flash,False
431,de,0,pt,zai-org/GLM-4.7-Flash,False
18,hi,0,he,zai-org/GLM-4.7-Flash,False
18,it,0,he,zai-org/GLM-4.7-Flash,False
431,it,0,pt,zai-org/GLM-4.7-Flash,False
209,it,0,hi,zai-org/GLM-4.7-Flash,False
431,en,0,pt,zai-org/GLM-4.7-Flash,False
431,id,0,pt,zai-org/GLM-4.7-Flash,False
195,fr,0,hi,zai-org/GLM-4.7-Flash,False
39,en,0,en,zai-org/GLM-4.7-Flash,False
209,es,0,hi,zai-org/GLM-4.7-Flash,True
431,ja,0,pt,zai-org/GLM-4.7-Flash,False
431,fr,0,pt,zai-org/GLM-4.7-Flash,False
227,es,0,hi,zai-org/GLM-4.7-Flash,True
55,id,0,en,zai-org/GLM-4.7-Flash,True
18,zh,0,he,zai-org/GLM-4.7-Flash,False
431,zh,0,pt,zai-org/GLM-4.7-Flash,False
39,de,0,en,zai-org/GLM-4.7-Flash,False
431,hi,0,pt,zai-org/GLM-4.7-Flash,False
415,en,0,pt,zai-org/GLM-4.7-Flash,False
39,it,0,en,zai-org/GLM-4.7-Flash,False
39,id,0,en,zai-org/GLM-4.7-Flash,False
415,es,0,pt,zai-org/GLM-4.7-Flash,False
175,fr,0,fr,zai-org/GLM-4.7-Flash,False
39,es,0,en,zai-org/GLM-4.7-Flash,False
175,de,0,fr,zai-org/GLM-4.7-Flash,False
154,ja,0,fr,zai-org/GLM-4.7-Flash,False
415,it,0,pt,zai-org/GLM-4.7-Flash,False
415,zh,0,pt,zai-org/GLM-4.7-Flash,False
175,es,0,fr,zai-org/GLM-4.7-Flash,False
39,fr,0,en,zai-org/GLM-4.7-Flash,False
175,it,0,fr,zai-org/GLM-4.7-Flash,False
154,en,0,fr,zai-org/GLM-4.7-Flash,False
39,ja,0,en,zai-org/GLM-4.7-Flash,False
209,de,0,hi,zai-org/GLM-4.7-Flash,False
175,en,0,fr,zai-org/GLM-4.7-Flash,False
415,id,0,pt,zai-org/GLM-4.7-Flash,False
415,fr,0,pt,zai-org/GLM-4.7-Flash,False
39,zh,0,en,zai-org/GLM-4.7-Flash,False
209,zh,0,hi,zai-org/GLM-4.7-Flash,False
175,id,0,fr,zai-org/GLM-4.7-Flash,False
195,hi,0,hi,zai-org/GLM-4.7-Flash,False
415,de,0,pt,zai-org/GLM-4.7-Flash,False
154,id,0,fr,zai-org/GLM-4.7-Flash,False
39,hi,0,en,zai-org/GLM-4.7-Flash,False
505,fr,0,zh,zai-org/GLM-4.7-Flash,False
415,ja,0,pt,zai-org/GLM-4.7-Flash,False
154,zh,0,fr,zai-org/GLM-4.7-Flash,False
505,en,0,zh,zai-org/GLM-4.7-Flash,True
154,es,0,fr,zai-org/GLM-4.7-Flash,False
505,de,0,zh,zai-org/GLM-4.7-Flash,True
505,id,0,zh,zai-org/GLM-4.7-Flash,True
154,it,0,fr,zai-org/GLM-4.7-Flash,False
154,fr,0,fr,zai-org/GLM-4.7-Flash,False
505,es,0,zh,zai-org/GLM-4.7-Flash,False
415,hi,0,pt,zai-org/GLM-4.7-Flash,False
505,it,0,zh,zai-org/GLM-4.7-Flash,True
154,de,0,fr,zai-org/GLM-4.7-Flash,False
76,en,0,de,zai-org/GLM-4.7-Flash,False
401,es,0,pt,zai-org/GLM-4.7-Flash,False
175,zh,0,fr,zai-org/GLM-4.7-Flash,False
505,zh,0,zh,zai-org/GLM-4.7-Flash,True
175,ja,0,fr,zai-org/GLM-4.7-Flash,False
505,ja,0,zh,zai-org/GLM-4.7-Flash,False
401,en,0,pt,zai-org/GLM-4.7-Flash,True
76,es,0,de,zai-org/GLM-4.7-Flash,False
76,hi,0,de,zai-org/GLM-4.7-Flash,False
175,hi,0,fr,zai-org/GLM-4.7-Flash,False
401,ja,0,pt,zai-org/GLM-4.7-Flash,False
55,ja,0,en,zai-org/GLM-4.7-Flash,False
76,fr,0,de,zai-org/GLM-4.7-Flash,False
76,it,0,de,zai-org/GLM-4.7-Flash,False
401,zh,0,pt,zai-org/GLM-4.7-Flash,False
320,fr,0,it,zai-org/GLM-4.7-Flash,False
336,de,0,ja,zai-org/GLM-4.7-Flash,False
336,fr,0,ja,zai-org/GLM-4.7-Flash,False
336,en,0,ja,zai-org/GLM-4.7-Flash,False
76,zh,0,de,zai-org/GLM-4.7-Flash,False
320,it,0,it,zai-org/GLM-4.7-Flash,False
320,es,0,it,zai-org/GLM-4.7-Flash,False
193,fr,0,hi,zai-org/GLM-4.7-Flash,False
336,hi,0,ja,zai-org/GLM-4.7-Flash,False
320,en,0,it,zai-org/GLM-4.7-Flash,False
482,fr,0,zh,zai-org/GLM-4.7-Flash,False
336,es,0,ja,zai-org/GLM-4.7-Flash,False
505,hi,0,zh,zai-org/GLM-4.7-Flash,False
193,de,0,hi,zai-org/GLM-4.7-Flash,False
193,it,0,hi,zai-org/GLM-4.7-Flash,False
193,en,0,hi,zai-org/GLM-4.7-Flash,False
193,id,0,hi,zai-org/GLM-4.7-Flash,False
76,de,0,de,zai-org/GLM-4.7-Flash,False
76,id,0,de,zai-org/GLM-4.7-Flash,False
154,hi,0,fr,zai-org/GLM-4.7-Flash,False
336,it,0,ja,zai-org/GLM-4.7-Flash,False
203,de,0,hi,zai-org/GLM-4.7-Flash,False
320,id,0,it,zai-org/GLM-4.7-Flash,False
320,zh,0,it,zai-org/GLM-4.7-Flash,False
320,ja,0,it,zai-org/GLM-4.7-Flash,False
401,it,0,pt,zai-org/GLM-4.7-Flash,False
336,zh,0,ja,zai-org/GLM-4.7-Flash,False
320,de,0,it,zai-org/GLM-4.7-Flash,False
336,ja,0,ja,zai-org/GLM-4.7-Flash,False
76,ja,0,de,zai-org/GLM-4.7-Flash,False
336,id,0,ja,zai-org/GLM-4.7-Flash,False
193,es,0,hi,zai-org/GLM-4.7-Flash,False
193,zh,0,hi,zai-org/GLM-4.7-Flash,False
193,ja,0,hi,zai-org/GLM-4.7-Flash,False
401,fr,0,pt,zai-org/GLM-4.7-Flash,False
320,hi,0,it,zai-org/GLM-4.7-Flash,False
401,hi,0,pt,zai-org/GLM-4.7-Flash,False
73,fr,0,de,zai-org/GLM-4.7-Flash,True
203,fr,0,hi,zai-org/GLM-4.7-Flash,False
203,ja,0,hi,zai-org/GLM-4.7-Flash,False
73,en,0,de,zai-org/GLM-4.7-Flash,True
203,en,0,hi,zai-org/GLM-4.7-Flash,False
501,ja,0,zh,zai-org/GLM-4.7-Flash,False
203,hi,0,hi,zai-org/GLM-4.7-Flash,False
401,de,0,pt,zai-org/GLM-4.7-Flash,False
501,en,0,zh,zai-org/GLM-4.7-Flash,False
203,it,0,hi,zai-org/GLM-4.7-Flash,False
501,es,0,zh,zai-org/GLM-4.7-Flash,True
501,zh,0,zh,zai-org/GLM-4.7-Flash,False
501,it,0,zh,zai-org/GLM-4.7-Flash,False
203,es,0,hi,zai-org/GLM-4.7-Flash,False
203,id,0,hi,zai-org/GLM-4.7-Flash,False
203,zh,0,hi,zai-org/GLM-4.7-Flash,False
501,id,0,zh,zai-org/GLM-4.7-Flash,False
501,de,0,zh,zai-org/GLM-4.7-Flash,False
73,de,0,de,zai-org/GLM-4.7-Flash,False
225,en,0,hi,zai-org/GLM-4.7-Flash,False
73,it,0,de,zai-org/GLM-4.7-Flash,False
63,en,0,en,zai-org/GLM-4.7-Flash,False
501,fr,0,zh,zai-org/GLM-4.7-Flash,True
73,zh,0,de,zai-org/GLM-4.7-Flash,False
501,hi,0,zh,zai-org/GLM-4.7-Flash,False
225,es,0,hi,zai-org/GLM-4.7-Flash,False
73,es,0,de,zai-org/GLM-4.7-Flash,False
225,de,0,hi,zai-org/GLM-4.7-Flash,False
278,en,0,id,zai-org/GLM-4.7-Flash,False
73,id,0,de,zai-org/GLM-4.7-Flash,True
193,hi,0,hi,zai-org/GLM-4.7-Flash,False
63,es,0,en,zai-org/GLM-4.7-Flash,False
225,it,0,hi,zai-org/GLM-4.7-Flash,False
278,de,0,id,zai-org/GLM-4.7-Flash,False
225,ja,0,hi,zai-org/GLM-4.7-Flash,False
278,ja,0,id,zai-org/GLM-4.7-Flash,False
278,id,0,id,zai-org/GLM-4.7-Flash,False
63,fr,0,en,zai-org/GLM-4.7-Flash,False
63,zh,0,en,zai-org/GLM-4.7-Flash,False
225,fr,0,hi,zai-org/GLM-4.7-Flash,False
225,id,0,hi,zai-org/GLM-4.7-Flash,False
73,ja,0,de,zai-org/GLM-4.7-Flash,False
225,zh,0,hi,zai-org/GLM-4.7-Flash,False
63,de,0,en,zai-org/GLM-4.7-Flash,False
278,it,0,id,zai-org/GLM-4.7-Flash,False
307,en,0,it,zai-org/GLM-4.7-Flash,False
153,en,0,fr,zai-org/GLM-4.7-Flash,False
73,hi,0,de,zai-org/GLM-4.7-Flash,False
63,hi,0,en,zai-org/GLM-4.7-Flash,False
63,id,0,en,zai-org/GLM-4.7-Flash,False
278,zh,0,id,zai-org/GLM-4.7-Flash,False
278,es,0,id,zai-org/GLM-4.7-Flash,False
307,fr,0,it,zai-org/GLM-4.7-Flash,False
225,hi,0,hi,zai-org/GLM-4.7-Flash,False
70,it,0,de,zai-org/GLM-4.7-Flash,False
307,id,0,it,zai-org/GLM-4.7-Flash,False
70,de,0,de,zai-org/GLM-4.7-Flash,False
63,it,0,en,zai-org/GLM-4.7-Flash,False
374,en,0,ko,zai-org/GLM-4.7-Flash,False
153,de,0,fr,zai-org/GLM-4.7-Flash,False
307,ja,0,it,zai-org/GLM-4.7-Flash,False
307,it,0,it,zai-org/GLM-4.7-Flash,False
307,es,0,it,zai-org/GLM-4.7-Flash,False
307,de,0,it,zai-org/GLM-4.7-Flash,False
70,id,0,de,zai-org/GLM-4.7-Flash,False
278,hi,0,id,zai-org/GLM-4.7-Flash,False
70,es,0,de,zai-org/GLM-4.7-Flash,False
278,fr,0,id,zai-org/GLM-4.7-Flash,False
307,hi,0,it,zai-org/GLM-4.7-Flash,False
401,id,0,pt,zai-org/GLM-4.7-Flash,False
153,es,0,fr,zai-org/GLM-4.7-Flash,False
153,it,0,fr,zai-org/GLM-4.7-Flash,False
70,zh,0,de,zai-org/GLM-4.7-Flash,False
70,hi,0,de,zai-org/GLM-4.7-Flash,False
63,ja,0,en,zai-org/GLM-4.7-Flash,False
307,zh,0,it,zai-org/GLM-4.7-Flash,False
340,en,0,ja,zai-org/GLM-4.7-Flash,False
70,fr,0,de,zai-org/GLM-4.7-Flash,False
70,ja,0,de,zai-org/GLM-4.7-Flash,False
374,it,0,ko,zai-org/GLM-4.7-Flash,False
340,de,0,ja,zai-org/GLM-4.7-Flash,False
153,fr,0,fr,zai-org/GLM-4.7-Flash,False
374,zh,0,ko,zai-org/GLM-4.7-Flash,False
374,de,0,ko,zai-org/GLM-4.7-Flash,False
374,es,0,ko,zai-org/GLM-4.7-Flash,False
153,ja,0,fr,zai-org/GLM-4.7-Flash,False
374,fr,0,ko,zai-org/GLM-4.7-Flash,False
340,zh,0,ja,zai-org/GLM-4.7-Flash,False
340,ja,0,ja,zai-org/GLM-4.7-Flash,False
374,ja,0,ko,zai-org/GLM-4.7-Flash,False
374,id,0,ko,zai-org/GLM-4.7-Flash,False
340,es,0,ja,zai-org/GLM-4.7-Flash,False
374,hi,0,ko,zai-org/GLM-4.7-Flash,False
495,en,0,zh,zai-org/GLM-4.7-Flash,False
340,it,0,ja,zai-org/GLM-4.7-Flash,False
153,hi,0,fr,zai-org/GLM-4.7-Flash,False
495,fr,0,zh,zai-org/GLM-4.7-Flash,False
153,id,0,fr,zai-org/GLM-4.7-Flash,True
340,id,0,ja,zai-org/GLM-4.7-Flash,False
70,en,0,de,zai-org/GLM-4.7-Flash,False
340,fr,0,ja,zai-org/GLM-4.7-Flash,False
418,en,0,pt,zai-org/GLM-4.7-Flash,False
298,zh,0,it,zai-org/GLM-4.7-Flash,False
331,fr,0,it,zai-org/GLM-4.7-Flash,True
298,fr,0,it,zai-org/GLM-4.7-Flash,False
495,id,0,zh,zai-org/GLM-4.7-Flash,False
298,es,0,it,zai-org/GLM-4.7-Flash,False
340,hi,0,ja,zai-org/GLM-4.7-Flash,True
495,es,0,zh,zai-org/GLM-4.7-Flash,False
15,en,0,he,zai-org/GLM-4.7-Flash,False
495,hi,0,zh,zai-org/GLM-4.7-Flash,False
495,ja,0,zh,zai-org/GLM-4.7-Flash,True
298,id,0,it,zai-org/GLM-4.7-Flash,False
331,zh,0,it,zai-org/GLM-4.7-Flash,False
418,de,0,pt,zai-org/GLM-4.7-Flash,False
418,es,0,pt,zai-org/GLM-4.7-Flash,False
298,en,0,it,zai-org/GLM-4.7-Flash,False
495,de,0,zh,zai-org/GLM-4.7-Flash,False
298,it,0,it,zai-org/GLM-4.7-Flash,False
418,ja,0,pt,zai-org/GLM-4.7-Flash,False
495,it,0,zh,zai-org/GLM-4.7-Flash,False
418,id,0,pt,zai-org/GLM-4.7-Flash,False
298,de,0,it,zai-org/GLM-4.7-Flash,False
331,de,0,it,zai-org/GLM-4.7-Flash,False
418,hi,0,pt,zai-org/GLM-4.7-Flash,False
418,it,0,pt,zai-org/GLM-4.7-Flash,False
418,fr,0,pt,zai-org/GLM-4.7-Flash,False
418,zh,0,pt,zai-org/GLM-4.7-Flash,False
331,en,0,it,zai-org/GLM-4.7-Flash,False
15,it,0,he,zai-org/GLM-4.7-Flash,False
331,ja,0,it,zai-org/GLM-4.7-Flash,False
495,zh,0,zh,zai-org/GLM-4.7-Flash,False
298,ja,0,it,zai-org/GLM-4.7-Flash,False
15,zh,0,he,zai-org/GLM-4.7-Flash,False
15,de,0,he,zai-org/GLM-4.7-Flash,False
491,en,0,zh,zai-org/GLM-4.7-Flash,True
331,hi,0,it,zai-org/GLM-4.7-Flash,False
331,it,0,it,zai-org/GLM-4.7-Flash,False
15,es,0,he,zai-org/GLM-4.7-Flash,False
15,id,0,he,zai-org/GLM-4.7-Flash,False
298,hi,0,it,zai-org/GLM-4.7-Flash,False
15,fr,0,he,zai-org/GLM-4.7-Flash,False
491,fr,0,zh,zai-org/GLM-4.7-Flash,True
15,ja,0,he,zai-org/GLM-4.7-Flash,False
331,id,0,it,zai-org/GLM-4.7-Flash,False
491,it,0,zh,zai-org/GLM-4.7-Flash,False
331,es,0,it,zai-org/GLM-4.7-Flash,False
369,en,0,ko,zai-org/GLM-4.7-Flash,False
491,zh,0,zh,zai-org/GLM-4.7-Flash,False
491,de,0,zh,zai-org/GLM-4.7-Flash,False
491,es,0,zh,zai-org/GLM-4.7-Flash,False
491,id,0,zh,zai-org/GLM-4.7-Flash,True
369,ja,0,ko,zai-org/GLM-4.7-Flash,False
153,zh,0,fr,zai-org/GLM-4.7-Flash,False
369,de,0,ko,zai-org/GLM-4.7-Flash,False
19,ja,0,he,zai-org/GLM-4.7-Flash,False
491,hi,0,zh,zai-org/GLM-4.7-Flash,False
490,fr,0,zh,zai-org/GLM-4.7-Flash,False
490,en,0,zh,zai-org/GLM-4.7-Flash,False
491,ja,0,zh,zai-org/GLM-4.7-Flash,True
56,en,0,en,zai-org/GLM-4.7-Flash,False
369,id,0,ko,zai-org/GLM-4.7-Flash,False
369,fr,0,ko,zai-org/GLM-4.7-Flash,False
56,es,0,en,zai-org/GLM-4.7-Flash,False
15,hi,0,he,zai-org/GLM-4.7-Flash,False
317,de,0,it,zai-org/GLM-4.7-Flash,True
490,id,0,zh,zai-org/GLM-4.7-Flash,False
19,en,0,he,zai-org/GLM-4.7-Flash,False
369,es,0,ko,zai-org/GLM-4.7-Flash,False
317,fr,0,it,zai-org/GLM-4.7-Flash,True
317,zh,0,it,zai-org/GLM-4.7-Flash,False
19,de,0,he,zai-org/GLM-4.7-Flash,False
490,es,0,zh,zai-org/GLM-4.7-Flash,True
369,hi,0,ko,zai-org/GLM-4.7-Flash,False
19,fr,0,he,zai-org/GLM-4.7-Flash,False
490,ja,0,zh,zai-org/GLM-4.7-Flash,False
56,de,0,en,zai-org/GLM-4.7-Flash,False
317,en,0,it,zai-org/GLM-4.7-Flash,False
19,it,0,he,zai-org/GLM-4.7-Flash,False
317,ja,0,it,zai-org/GLM-4.7-Flash,False
56,it,0,en,zai-org/GLM-4.7-Flash,False
56,fr,0,en,zai-org/GLM-4.7-Flash,False
210,en,0,hi,zai-org/GLM-4.7-Flash,False
210,de,0,hi,zai-org/GLM-4.7-Flash,False
56,id,0,en,zai-org/GLM-4.7-Flash,False
210,id,0,hi,zai-org/GLM-4.7-Flash,False
19,zh,0,he,zai-org/GLM-4.7-Flash,False
210,it,0,hi,zai-org/GLM-4.7-Flash,False
317,hi,0,it,zai-org/GLM-4.7-Flash,False
210,fr,0,hi,zai-org/GLM-4.7-Flash,False
317,it,0,it,zai-org/GLM-4.7-Flash,False
210,zh,0,hi,zai-org/GLM-4.7-Flash,False
369,it,0,ko,zai-org/GLM-4.7-Flash,False
210,es,0,hi,zai-org/GLM-4.7-Flash,False
56,hi,0,en,zai-org/GLM-4.7-Flash,False
255,es,0,id,zai-org/GLM-4.7-Flash,False
56,zh,0,en,zai-org/GLM-4.7-Flash,False
210,ja,0,hi,zai-org/GLM-4.7-Flash,False
255,en,0,id,zai-org/GLM-4.7-Flash,False
210,hi,0,hi,zai-org/GLM-4.7-Flash,False
490,hi,0,zh,zai-org/GLM-4.7-Flash,False
255,zh,0,id,zai-org/GLM-4.7-Flash,False
255,de,0,id,zai-org/GLM-4.7-Flash,False
19,id,0,he,zai-org/GLM-4.7-Flash,False
369,zh,0,ko,zai-org/GLM-4.7-Flash,False
56,ja,0,en,zai-org/GLM-4.7-Flash,False
405,ja,0,pt,zai-org/GLM-4.7-Flash,False
317,es,0,it,zai-org/GLM-4.7-Flash,False
405,it,0,pt,zai-org/GLM-4.7-Flash,False
405,es,0,pt,zai-org/GLM-4.7-Flash,False
316,fr,0,it,zai-org/GLM-4.7-Flash,True
405,fr,0,pt,zai-org/GLM-4.7-Flash,False
255,ja,0,id,zai-org/GLM-4.7-Flash,False
405,en,0,pt,zai-org/GLM-4.7-Flash,False
157,en,0,fr,zai-org/GLM-4.7-Flash,False
316,es,0,it,zai-org/GLM-4.7-Flash,False
25,en,0,he,zai-org/GLM-4.7-Flash,False
255,id,0,id,zai-org/GLM-4.7-Flash,True
316,ja,0,it,zai-org/GLM-4.7-Flash,True
157,ja,0,fr,zai-org/GLM-4.7-Flash,False
25,de,0,he,zai-org/GLM-4.7-Flash,False
255,hi,0,id,zai-org/GLM-4.7-Flash,False
316,de,0,it,zai-org/GLM-4.7-Flash,True
316,id,0,it,zai-org/GLM-4.7-Flash,True
405,zh,0,pt,zai-org/GLM-4.7-Flash,False
405,hi,0,pt,zai-org/GLM-4.7-Flash,False
316,zh,0,it,zai-org/GLM-4.7-Flash,False
316,en,0,it,zai-org/GLM-4.7-Flash,True
255,it,0,id,zai-org/GLM-4.7-Flash,False
25,fr,0,he,zai-org/GLM-4.7-Flash,False
157,fr,0,fr,zai-org/GLM-4.7-Flash,False
19,es,0,he,zai-org/GLM-4.7-Flash,False
157,es,0,fr,zai-org/GLM-4.7-Flash,False
157,id,0,fr,zai-org/GLM-4.7-Flash,False
490,zh,0,zh,zai-org/GLM-4.7-Flash,False
383,fr,0,ko,zai-org/GLM-4.7-Flash,False
316,it,0,it,zai-org/GLM-4.7-Flash,False
405,de,0,pt,zai-org/GLM-4.7-Flash,False
157,de,0,fr,zai-org/GLM-4.7-Flash,False
157,it,0,fr,zai-org/GLM-4.7-Flash,False
383,en,0,ko,zai-org/GLM-4.7-Flash,False
25,es,0,he,zai-org/GLM-4.7-Flash,False
316,hi,0,it,zai-org/GLM-4.7-Flash,False
490,it,0,zh,zai-org/GLM-4.7-Flash,False
383,it,0,ko,zai-org/GLM-4.7-Flash,False
383,es,0,ko,zai-org/GLM-4.7-Flash,False
25,it,0,he,zai-org/GLM-4.7-Flash,False
383,ja,0,ko,zai-org/GLM-4.7-Flash,False
323,de,0,it,zai-org/GLM-4.7-Flash,False
25,ja,0,he,zai-org/GLM-4.7-Flash,False
157,zh,0,fr,zai-org/GLM-4.7-Flash,False
323,en,0,it,zai-org/GLM-4.7-Flash,False
323,es,0,it,zai-org/GLM-4.7-Flash,False
383,de,0,ko,zai-org/GLM-4.7-Flash,False
323,fr,0,it,zai-org/GLM-4.7-Flash,False
323,it,0,it,zai-org/GLM-4.7-Flash,False
255,fr,0,id,zai-org/GLM-4.7-Flash,True
383,hi,0,ko,zai-org/GLM-4.7-Flash,False
323,id,0,it,zai-org/GLM-4.7-Flash,False
140,es,0,es,zai-org/GLM-4.7-Flash,False
383,zh,0,ko,zai-org/GLM-4.7-Flash,False
157,hi,0,fr,zai-org/GLM-4.7-Flash,False
42,fr,0,en,zai-org/GLM-4.7-Flash,False
248,de,0,hi,zai-org/GLM-4.7-Flash,True
323,zh,0,it,zai-org/GLM-4.7-Flash,False
383,id,0,ko,zai-org/GLM-4.7-Flash,False
323,ja,0,it,zai-org/GLM-4.7-Flash,False
25,hi,0,he,zai-org/GLM-4.7-Flash,False
42,en,0,en,zai-org/GLM-4.7-Flash,False
248,en,0,hi,zai-org/GLM-4.7-Flash,False
42,de,0,en,zai-org/GLM-4.7-Flash,False
317,id,0,it,zai-org/GLM-4.7-Flash,False
140,en,0,es,zai-org/GLM-4.7-Flash,False
42,id,0,en,zai-org/GLM-4.7-Flash,False
42,es,0,en,zai-org/GLM-4.7-Flash,False
25,zh,0,he,zai-org/GLM-4.7-Flash,False
42,zh,0,en,zai-org/GLM-4.7-Flash,False
248,id,0,hi,zai-org/GLM-4.7-Flash,True
140,ja,0,es,zai-org/GLM-4.7-Flash,False
42,it,0,en,zai-org/GLM-4.7-Flash,False
42,hi,0,en,zai-org/GLM-4.7-Flash,False
384,en,0,ko,zai-org/GLM-4.7-Flash,False
140,fr,0,es,zai-org/GLM-4.7-Flash,True
248,it,0,hi,zai-org/GLM-4.7-Flash,True
25,id,0,he,zai-org/GLM-4.7-Flash,False
323,hi,0,it,zai-org/GLM-4.7-Flash,False
140,id,0,es,zai-org/GLM-4.7-Flash,False
42,ja,0,en,zai-org/GLM-4.7-Flash,False
208,it,0,hi,zai-org/GLM-4.7-Flash,False
208,es,0,hi,zai-org/GLM-4.7-Flash,False
248,fr,0,hi,zai-org/GLM-4.7-Flash,False
384,de,0,ko,zai-org/GLM-4.7-Flash,False
208,fr,0,hi,zai-org/GLM-4.7-Flash,False
204,es,0,hi,zai-org/GLM-4.7-Flash,False
248,ja,0,hi,zai-org/GLM-4.7-Flash,False
384,fr,0,ko,zai-org/GLM-4.7-Flash,False
384,zh,0,ko,zai-org/GLM-4.7-Flash,False
384,id,0,ko,zai-org/GLM-4.7-Flash,False
208,zh,0,hi,zai-org/GLM-4.7-Flash,False
208,de,0,hi,zai-org/GLM-4.7-Flash,False
208,hi,0,hi,zai-org/GLM-4.7-Flash,False
208,id,0,hi,zai-org/GLM-4.7-Flash,False
204,de,0,hi,zai-org/GLM-4.7-Flash,True
208,ja,0,hi,zai-org/GLM-4.7-Flash,False
204,it,0,hi,zai-org/GLM-4.7-Flash,False
384,es,0,ko,zai-org/GLM-4.7-Flash,False
490,de,0,zh,zai-org/GLM-4.7-Flash,False
384,hi,0,ko,zai-org/GLM-4.7-Flash,False
204,hi,0,hi,zai-org/GLM-4.7-Flash,True
204,fr,0,hi,zai-org/GLM-4.7-Flash,False
429,en,0,pt,zai-org/GLM-4.7-Flash,False
204,zh,0,hi,zai-org/GLM-4.7-Flash,False
140,zh,0,es,zai-org/GLM-4.7-Flash,True
429,es,0,pt,zai-org/GLM-4.7-Flash,False
429,de,0,pt,zai-org/GLM-4.7-Flash,False
204,en,0,hi,zai-org/GLM-4.7-Flash,False
384,it,0,ko,zai-org/GLM-4.7-Flash,False
429,it,0,pt,zai-org/GLM-4.7-Flash,False
204,ja,0,hi,zai-org/GLM-4.7-Flash,False
208,en,0,hi,zai-org/GLM-4.7-Flash,False
384,ja,0,ko,zai-org/GLM-4.7-Flash,False
429,id,0,pt,zai-org/GLM-4.7-Flash,False
429,fr,0,pt,zai-org/GLM-4.7-Flash,False
22,es,0,he,zai-org/GLM-4.7-Flash,False
22,de,0,he,zai-org/GLM-4.7-Flash,False
429,zh,0,pt,zai-org/GLM-4.7-Flash,False
22,en,0,he,zai-org/GLM-4.7-Flash,False
46,en,0,en,zai-org/GLM-4.7-Flash,False
204,id,0,hi,zai-org/GLM-4.7-Flash,False
22,it,0,he,zai-org/GLM-4.7-Flash,False
429,ja,0,pt,zai-org/GLM-4.7-Flash,False
312,it,0,it,zai-org/GLM-4.7-Flash,False
429,hi,0,pt,zai-org/GLM-4.7-Flash,False
22,fr,0,he,zai-org/GLM-4.7-Flash,False
312,de,0,it,zai-org/GLM-4.7-Flash,False
312,es,0,it,zai-org/GLM-4.7-Flash,False
22,ja,0,he,zai-org/GLM-4.7-Flash,False
312,fr,0,it,zai-org/GLM-4.7-Flash,False
312,en,0,it,zai-org/GLM-4.7-Flash,False
22,zh,0,he,zai-org/GLM-4.7-Flash,False
46,es,0,en,zai-org/GLM-4.7-Flash,False
46,id,0,en,zai-org/GLM-4.7-Flash,False
22,hi,0,he,zai-org/GLM-4.7-Flash,False
416,en,0,pt,zai-org/GLM-4.7-Flash,False
22,id,0,he,zai-org/GLM-4.7-Flash,False
126,en,0,es,zai-org/GLM-4.7-Flash,False
416,fr,0,pt,zai-org/GLM-4.7-Flash,False
46,it,0,en,zai-org/GLM-4.7-Flash,False
416,de,0,pt,zai-org/GLM-4.7-Flash,False
416,es,0,pt,zai-org/GLM-4.7-Flash,False
312,zh,0,it,zai-org/GLM-4.7-Flash,False
126,id,0,es,zai-org/GLM-4.7-Flash,False
46,hi,0,en,zai-org/GLM-4.7-Flash,False
416,id,0,pt,zai-org/GLM-4.7-Flash,False
140,hi,0,es,zai-org/GLM-4.7-Flash,True
312,ja,0,it,zai-org/GLM-4.7-Flash,False
126,de,0,es,zai-org/GLM-4.7-Flash,False
416,it,0,pt,zai-org/GLM-4.7-Flash,False
126,fr,0,es,zai-org/GLM-4.7-Flash,False
46,fr,0,en,zai-org/GLM-4.7-Flash,False
57,de,0,en,zai-org/GLM-4.7-Flash,False
46,ja,0,en,zai-org/GLM-4.7-Flash,False
126,it,0,es,zai-org/GLM-4.7-Flash,False
126,ja,0,es,zai-org/GLM-4.7-Flash,False
312,hi,0,it,zai-org/GLM-4.7-Flash,False
126,hi,0,es,zai-org/GLM-4.7-Flash,False
126,es,0,es,zai-org/GLM-4.7-Flash,False
46,zh,0,en,zai-org/GLM-4.7-Flash,False
126,zh,0,es,zai-org/GLM-4.7-Flash,False
416,zh,0,pt,zai-org/GLM-4.7-Flash,False
57,zh,0,en,zai-org/GLM-4.7-Flash,False
57,id,0,en,zai-org/GLM-4.7-Flash,False
262,en,0,id,zai-org/GLM-4.7-Flash,False
416,ja,0,pt,zai-org/GLM-4.7-Flash,False
262,es,0,id,zai-org/GLM-4.7-Flash,False
57,fr,0,en,zai-org/GLM-4.7-Flash,False
57,ja,0,en,zai-org/GLM-4.7-Flash,False
124,en,0,es,zai-org/GLM-4.7-Flash,False
262,id,0,id,zai-org/GLM-4.7-Flash,False
416,hi,0,pt,zai-org/GLM-4.7-Flash,False
124,it,0,es,zai-org/GLM-4.7-Flash,False
19,hi,0,he,zai-org/GLM-4.7-Flash,False
399,en,0,pt,zai-org/GLM-4.7-Flash,False
262,fr,0,id,zai-org/GLM-4.7-Flash,False
57,en,0,en,zai-org/GLM-4.7-Flash,False
124,fr,0,es,zai-org/GLM-4.7-Flash,False
262,de,0,id,zai-org/GLM-4.7-Flash,False
57,hi,0,en,zai-org/GLM-4.7-Flash,False
262,it,0,id,zai-org/GLM-4.7-Flash,False
124,id,0,es,zai-org/GLM-4.7-Flash,False
124,de,0,es,zai-org/GLM-4.7-Flash,False
262,zh,0,id,zai-org/GLM-4.7-Flash,False
124,zh,0,es,zai-org/GLM-4.7-Flash,False
124,es,0,es,zai-org/GLM-4.7-Flash,False
262,hi,0,id,zai-org/GLM-4.7-Flash,False
405,id,0,pt,zai-org/GLM-4.7-Flash,True
399,fr,0,pt,zai-org/GLM-4.7-Flash,False
399,it,0,pt,zai-org/GLM-4.7-Flash,False
399,ja,0,pt,zai-org/GLM-4.7-Flash,False
399,de,0,pt,zai-org/GLM-4.7-Flash,False
399,es,0,pt,zai-org/GLM-4.7-Flash,False
124,hi,0,es,zai-org/GLM-4.7-Flash,False
124,ja,0,es,zai-org/GLM-4.7-Flash,False
57,it,0,en,zai-org/GLM-4.7-Flash,False
24,en,0,he,zai-org/GLM-4.7-Flash,False
17,en,0,he,zai-org/GLM-4.7-Flash,True
262,ja,0,id,zai-org/GLM-4.7-Flash,False
399,zh,0,pt,zai-org/GLM-4.7-Flash,False
17,de,0,he,zai-org/GLM-4.7-Flash,False
66,en,0,en,zai-org/GLM-4.7-Flash,False
248,hi,0,hi,zai-org/GLM-4.7-Flash,False
399,id,0,pt,zai-org/GLM-4.7-Flash,False
399,hi,0,pt,zai-org/GLM-4.7-Flash,False
140,de,0,es,zai-org/GLM-4.7-Flash,True
17,fr,0,he,zai-org/GLM-4.7-Flash,False
17,it,0,he,zai-org/GLM-4.7-Flash,False
24,es,0,he,zai-org/GLM-4.7-Flash,False
66,zh,0,en,zai-org/GLM-4.7-Flash,False
24,de,0,he,zai-org/GLM-4.7-Flash,False
57,es,0,en,zai-org/GLM-4.7-Flash,False
17,es,0,he,zai-org/GLM-4.7-Flash,True
66,de,0,en,zai-org/GLM-4.7-Flash,False
46,de,0,en,zai-org/GLM-4.7-Flash,False
66,id,0,en,zai-org/GLM-4.7-Flash,False
66,es,0,en,zai-org/GLM-4.7-Flash,False
66,it,0,en,zai-org/GLM-4.7-Flash,False
31,en,0,en,zai-org/GLM-4.7-Flash,False
17,ja,0,he,zai-org/GLM-4.7-Flash,False
66,fr,0,en,zai-org/GLM-4.7-Flash,False
31,fr,0,en,zai-org/GLM-4.7-Flash,False
24,zh,0,he,zai-org/GLM-4.7-Flash,False
31,it,0,en,zai-org/GLM-4.7-Flash,False
17,id,0,he,zai-org/GLM-4.7-Flash,False
66,ja,0,en,zai-org/GLM-4.7-Flash,False
31,ja,0,en,zai-org/GLM-4.7-Flash,False
496,es,0,zh,zai-org/GLM-4.7-Flash,False
17,hi,0,he,zai-org/GLM-4.7-Flash,False
31,es,0,en,zai-org/GLM-4.7-Flash,False
66,hi,0,en,zai-org/GLM-4.7-Flash,False
496,en,0,zh,zai-org/GLM-4.7-Flash,False
24,ja,0,he,zai-org/GLM-4.7-Flash,False
234,es,0,hi,zai-org/GLM-4.7-Flash,False
31,de,0,en,zai-org/GLM-4.7-Flash,False
24,it,0,he,zai-org/GLM-4.7-Flash,False
234,en,0,hi,zai-org/GLM-4.7-Flash,False
234,fr,0,hi,zai-org/GLM-4.7-Flash,False
496,de,0,zh,zai-org/GLM-4.7-Flash,False
132,en,0,es,zai-org/GLM-4.7-Flash,False
234,ja,0,hi,zai-org/GLM-4.7-Flash,False
31,zh,0,en,zai-org/GLM-4.7-Flash,False
31,id,0,en,zai-org/GLM-4.7-Flash,False
234,it,0,hi,zai-org/GLM-4.7-Flash,False
31,hi,0,en,zai-org/GLM-4.7-Flash,False
234,id,0,hi,zai-org/GLM-4.7-Flash,False
496,zh,0,zh,zai-org/GLM-4.7-Flash,False
234,de,0,hi,zai-org/GLM-4.7-Flash,False
132,fr,0,es,zai-org/GLM-4.7-Flash,False
496,it,0,zh,zai-org/GLM-4.7-Flash,False
234,zh,0,hi,zai-org/GLM-4.7-Flash,False
132,es,0,es,zai-org/GLM-4.7-Flash,False
24,hi,0,he,zai-org/GLM-4.7-Flash,False
496,ja,0,zh,zai-org/GLM-4.7-Flash,False
496,id,0,zh,zai-org/GLM-4.7-Flash,False
496,fr,0,zh,zai-org/GLM-4.7-Flash,False
132,id,0,es,zai-org/GLM-4.7-Flash,False
247,id,0,hi,zai-org/GLM-4.7-Flash,False
132,de,0,es,zai-org/GLM-4.7-Flash,False
24,id,0,he,zai-org/GLM-4.7-Flash,False
247,ja,0,hi,zai-org/GLM-4.7-Flash,True
247,de,0,hi,zai-org/GLM-4.7-Flash,True
409,de,0,pt,zai-org/GLM-4.7-Flash,False
247,es,0,hi,zai-org/GLM-4.7-Flash,True
132,it,0,es,zai-org/GLM-4.7-Flash,False
247,zh,0,hi,zai-org/GLM-4.7-Flash,False
247,en,0,hi,zai-org/GLM-4.7-Flash,True
132,hi,0,es,zai-org/GLM-4.7-Flash,False
132,ja,0,es,zai-org/GLM-4.7-Flash,False
132,zh,0,es,zai-org/GLM-4.7-Flash,False
409,fr,0,pt,zai-org/GLM-4.7-Flash,False
409,it,0,pt,zai-org/GLM-4.7-Flash,False
409,es,0,pt,zai-org/GLM-4.7-Flash,False
248,es,0,hi,zai-org/GLM-4.7-Flash,False
409,id,0,pt,zai-org/GLM-4.7-Flash,False
409,ja,0,pt,zai-org/GLM-4.7-Flash,False
409,en,0,pt,zai-org/GLM-4.7-Flash,False
247,hi,0,hi,zai-org/GLM-4.7-Flash,False
376,en,0,ko,zai-org/GLM-4.7-Flash,False
176,en,0,fr,zai-org/GLM-4.7-Flash,False
248,zh,0,hi,zai-org/GLM-4.7-Flash,False
376,ja,0,ko,zai-org/GLM-4.7-Flash,False
247,it,0,hi,zai-org/GLM-4.7-Flash,True
176,de,0,fr,zai-org/GLM-4.7-Flash,False
176,zh,0,fr,zai-org/GLM-4.7-Flash,False
176,fr,0,fr,zai-org/GLM-4.7-Flash,False
176,es,0,fr,zai-org/GLM-4.7-Flash,False
376,de,0,ko,zai-org/GLM-4.7-Flash,True
176,ja,0,fr,zai-org/GLM-4.7-Flash,False
376,hi,0,ko,zai-org/GLM-4.7-Flash,False
176,it,0,fr,zai-org/GLM-4.7-Flash,False
483,de,0,zh,zai-org/GLM-4.7-Flash,False
483,zh,0,zh,zai-org/GLM-4.7-Flash,False
376,id,0,ko,zai-org/GLM-4.7-Flash,False
176,id,0,fr,zai-org/GLM-4.7-Flash,False
376,es,0,ko,zai-org/GLM-4.7-Flash,False
483,en,0,zh,zai-org/GLM-4.7-Flash,False
483,es,0,zh,zai-org/GLM-4.7-Flash,False
376,fr,0,ko,zai-org/GLM-4.7-Flash,False
376,zh,0,ko,zai-org/GLM-4.7-Flash,True
376,it,0,ko,zai-org/GLM-4.7-Flash,False
140,it,0,es,zai-org/GLM-4.7-Flash,False
483,id,0,zh,zai-org/GLM-4.7-Flash,False
409,hi,0,pt,zai-org/GLM-4.7-Flash,False
5,es,0,he,zai-org/GLM-4.7-Flash,False
483,ja,0,zh,zai-org/GLM-4.7-Flash,False
483,it,0,zh,zai-org/GLM-4.7-Flash,False
5,de,0,he,zai-org/GLM-4.7-Flash,False
5,id,0,he,zai-org/GLM-4.7-Flash,False
329,de,0,it,zai-org/GLM-4.7-Flash,True
5,fr,0,he,zai-org/GLM-4.7-Flash,False
409,zh,0,pt,zai-org/GLM-4.7-Flash,True
5,it,0,he,zai-org/GLM-4.7-Flash,False
116,en,0,es,zai-org/GLM-4.7-Flash,True
5,ja,0,he,zai-org/GLM-4.7-Flash,False
176,hi,0,fr,zai-org/GLM-4.7-Flash,False
24,fr,0,he,zai-org/GLM-4.7-Flash,False
5,en,0,he,zai-org/GLM-4.7-Flash,False
329,fr,0,it,zai-org/GLM-4.7-Flash,True
247,fr,0,hi,zai-org/GLM-4.7-Flash,False
329,en,0,it,zai-org/GLM-4.7-Flash,True
116,es,0,es,zai-org/GLM-4.7-Flash,True
5,hi,0,he,zai-org/GLM-4.7-Flash,False
5,zh,0,he,zai-org/GLM-4.7-Flash,False
329,it,0,it,zai-org/GLM-4.7-Flash,True
483,fr,0,zh,zai-org/GLM-4.7-Flash,False
45,en,0,en,zai-org/GLM-4.7-Flash,False
329,ja,0,it,zai-org/GLM-4.7-Flash,False
312,id,0,it,zai-org/GLM-4.7-Flash,False
116,id,0,es,zai-org/GLM-4.7-Flash,False
16,en,0,he,zai-org/GLM-4.7-Flash,False
45,it,0,en,zai-org/GLM-4.7-Flash,False
116,it,0,es,zai-org/GLM-4.7-Flash,False
329,es,0,it,zai-org/GLM-4.7-Flash,False
45,de,0,en,zai-org/GLM-4.7-Flash,False
116,fr,0,es,zai-org/GLM-4.7-Flash,True
116,de,0,es,zai-org/GLM-4.7-Flash,True
16,es,0,he,zai-org/GLM-4.7-Flash,False
16,fr,0,he,zai-org/GLM-4.7-Flash,False
45,zh,0,en,zai-org/GLM-4.7-Flash,False
16,de,0,he,zai-org/GLM-4.7-Flash,False
483,hi,0,zh,zai-org/GLM-4.7-Flash,False
45,id,0,en,zai-org/GLM-4.7-Flash,False
475,es,0,zh,zai-org/GLM-4.7-Flash,False
45,es,0,en,zai-org/GLM-4.7-Flash,False
16,it,0,he,zai-org/GLM-4.7-Flash,False
475,zh,0,zh,zai-org/GLM-4.7-Flash,False
45,ja,0,en,zai-org/GLM-4.7-Flash,False
475,de,0,zh,zai-org/GLM-4.7-Flash,False
341,fr,0,ja,zai-org/GLM-4.7-Flash,False
16,ja,0,he,zai-org/GLM-4.7-Flash,False
116,zh,0,es,zai-org/GLM-4.7-Flash,False
341,es,0,ja,zai-org/GLM-4.7-Flash,False
475,it,0,zh,zai-org/GLM-4.7-Flash,False
341,en,0,ja,zai-org/GLM-4.7-Flash,False
475,hi,0,zh,zai-org/GLM-4.7-Flash,False
475,en,0,zh,zai-org/GLM-4.7-Flash,False
341,id,0,ja,zai-org/GLM-4.7-Flash,False
45,fr,0,en,zai-org/GLM-4.7-Flash,False
475,fr,0,zh,zai-org/GLM-4.7-Flash,False
329,zh,0,it,zai-org/GLM-4.7-Flash,False
16,id,0,he,zai-org/GLM-4.7-Flash,False
341,de,0,ja,zai-org/GLM-4.7-Flash,False
45,hi,0,en,zai-org/GLM-4.7-Flash,False
380,de,0,ko,zai-org/GLM-4.7-Flash,False
341,it,0,ja,zai-org/GLM-4.7-Flash,False
380,es,0,ko,zai-org/GLM-4.7-Flash,False
3,en,0,he,zai-org/GLM-4.7-Flash,False
341,zh,0,ja,zai-org/GLM-4.7-Flash,False
116,hi,0,es,zai-org/GLM-4.7-Flash,False
16,zh,0,he,zai-org/GLM-4.7-Flash,False
475,ja,0,zh,zai-org/GLM-4.7-Flash,False
380,zh,0,ko,zai-org/GLM-4.7-Flash,True
380,en,0,ko,zai-org/GLM-4.7-Flash,False
341,ja,0,ja,zai-org/GLM-4.7-Flash,False
329,id,0,it,zai-org/GLM-4.7-Flash,False
475,id,0,zh,zai-org/GLM-4.7-Flash,False
60,de,0,en,zai-org/GLM-4.7-Flash,True
380,id,0,ko,zai-org/GLM-4.7-Flash,False
380,hi,0,ko,zai-org/GLM-4.7-Flash,False
3,fr,0,he,zai-org/GLM-4.7-Flash,False
16,hi,0,he,zai-org/GLM-4.7-Flash,False
3,es,0,he,zai-org/GLM-4.7-Flash,False
341,hi,0,ja,zai-org/GLM-4.7-Flash,False
3,it,0,he,zai-org/GLM-4.7-Flash,False
380,ja,0,ko,zai-org/GLM-4.7-Flash,False
60,it,0,en,zai-org/GLM-4.7-Flash,True
60,en,0,en,zai-org/GLM-4.7-Flash,True
3,de,0,he,zai-org/GLM-4.7-Flash,False
496,hi,0,zh,zai-org/GLM-4.7-Flash,True
3,ja,0,he,zai-org/GLM-4.7-Flash,False
3,id,0,he,zai-org/GLM-4.7-Flash,False
60,fr,0,en,zai-org/GLM-4.7-Flash,True
60,ja,0,en,zai-org/GLM-4.7-Flash,True
60,es,0,en,zai-org/GLM-4.7-Flash,True
60,zh,0,en,zai-org/GLM-4.7-Flash,True
60,hi,0,en,zai-org/GLM-4.7-Flash,True
380,fr,0,ko,zai-org/GLM-4.7-Flash,False
3,hi,0,he,zai-org/GLM-4.7-Flash,False
60,id,0,en,zai-org/GLM-4.7-Flash,True
110,fr,0,es,zai-org/GLM-4.7-Flash,False
110,en,0,es,zai-org/GLM-4.7-Flash,False
110,id,0,es,zai-org/GLM-4.7-Flash,False
110,de,0,es,zai-org/GLM-4.7-Flash,False
110,es,0,es,zai-org/GLM-4.7-Flash,False
304,en,0,it,zai-org/GLM-4.7-Flash,True
430,de,0,pt,zai-org/GLM-4.7-Flash,False
110,ja,0,es,zai-org/GLM-4.7-Flash,False
110,it,0,es,zai-org/GLM-4.7-Flash,False
3,zh,0,he,zai-org/GLM-4.7-Flash,False
329,hi,0,it,zai-org/GLM-4.7-Flash,False
304,es,0,it,zai-org/GLM-4.7-Flash,False
430,en,0,pt,zai-org/GLM-4.7-Flash,False
304,it,0,it,zai-org/GLM-4.7-Flash,False
380,it,0,ko,zai-org/GLM-4.7-Flash,False
17,zh,0,he,zai-org/GLM-4.7-Flash,False
430,fr,0,pt,zai-org/GLM-4.7-Flash,False
430,hi,0,pt,zai-org/GLM-4.7-Flash,False
110,hi,0,es,zai-org/GLM-4.7-Flash,False
430,ja,0,pt,zai-org/GLM-4.7-Flash,False
430,es,0,pt,zai-org/GLM-4.7-Flash,False
430,it,0,pt,zai-org/GLM-4.7-Flash,False
304,zh,0,it,zai-org/GLM-4.7-Flash,False
289,en,0,id,zai-org/GLM-4.7-Flash,False
304,id,0,it,zai-org/GLM-4.7-Flash,True
430,id,0,pt,zai-org/GLM-4.7-Flash,False
430,zh,0,pt,zai-org/GLM-4.7-Flash,False
289,it,0,id,zai-org/GLM-4.7-Flash,False
29,en,0,en,zai-org/GLM-4.7-Flash,False
304,fr,0,it,zai-org/GLM-4.7-Flash,False
289,es,0,id,zai-org/GLM-4.7-Flash,False
26,es,0,he,zai-org/GLM-4.7-Flash,False
289,de,0,id,zai-org/GLM-4.7-Flash,False
289,fr,0,id,zai-org/GLM-4.7-Flash,False
289,id,0,id,zai-org/GLM-4.7-Flash,False
289,ja,0,id,zai-org/GLM-4.7-Flash,False
7,it,0,he,zai-org/GLM-4.7-Flash,False
433,en,0,pt,zai-org/GLM-4.7-Flash,False
116,ja,0,es,zai-org/GLM-4.7-Flash,False
289,zh,0,id,zai-org/GLM-4.7-Flash,False
29,fr,0,en,zai-org/GLM-4.7-Flash,False
26,en,0,he,zai-org/GLM-4.7-Flash,True
7,en,0,he,zai-org/GLM-4.7-Flash,False
26,de,0,he,zai-org/GLM-4.7-Flash,False
7,de,0,he,zai-org/GLM-4.7-Flash,False
304,ja,0,it,zai-org/GLM-4.7-Flash,True
7,fr,0,he,zai-org/GLM-4.7-Flash,False
304,hi,0,it,zai-org/GLM-4.7-Flash,True
29,it,0,en,zai-org/GLM-4.7-Flash,False
29,de,0,en,zai-org/GLM-4.7-Flash,False
433,de,0,pt,zai-org/GLM-4.7-Flash,False
26,fr,0,he,zai-org/GLM-4.7-Flash,False
26,zh,0,he,zai-org/GLM-4.7-Flash,False
108,en,0,es,zai-org/GLM-4.7-Flash,False
29,es,0,en,zai-org/GLM-4.7-Flash,False
433,fr,0,pt,zai-org/GLM-4.7-Flash,False
433,it,0,pt,zai-org/GLM-4.7-Flash,False
289,hi,0,id,zai-org/GLM-4.7-Flash,False
304,de,0,it,zai-org/GLM-4.7-Flash,False
433,zh,0,pt,zai-org/GLM-4.7-Flash,False
433,es,0,pt,zai-org/GLM-4.7-Flash,False
7,zh,0,he,zai-org/GLM-4.7-Flash,False
110,zh,0,es,zai-org/GLM-4.7-Flash,False
26,hi,0,he,zai-org/GLM-4.7-Flash,False
7,hi,0,he,zai-org/GLM-4.7-Flash,False
108,de,0,es,zai-org/GLM-4.7-Flash,False
26,id,0,he,zai-org/GLM-4.7-Flash,False
26,ja,0,he,zai-org/GLM-4.7-Flash,False
29,id,0,en,zai-org/GLM-4.7-Flash,False
7,es,0,he,zai-org/GLM-4.7-Flash,False
108,it,0,es,zai-org/GLM-4.7-Flash,False
7,ja,0,he,zai-org/GLM-4.7-Flash,False
253,es,0,hi,zai-org/GLM-4.7-Flash,False
29,ja,0,en,zai-org/GLM-4.7-Flash,False
108,es,0,es,zai-org/GLM-4.7-Flash,False
108,fr,0,es,zai-org/GLM-4.7-Flash,False
433,ja,0,pt,zai-org/GLM-4.7-Flash,False
29,zh,0,en,zai-org/GLM-4.7-Flash,False
108,id,0,es,zai-org/GLM-4.7-Flash,False
108,ja,0,es,zai-org/GLM-4.7-Flash,False
433,hi,0,pt,zai-org/GLM-4.7-Flash,False
253,en,0,hi,zai-org/GLM-4.7-Flash,False
433,id,0,pt,zai-org/GLM-4.7-Flash,False
479,fr,0,zh,zai-org/GLM-4.7-Flash,False
114,en,0,es,zai-org/GLM-4.7-Flash,False
479,es,0,zh,zai-org/GLM-4.7-Flash,False
108,hi,0,es,zai-org/GLM-4.7-Flash,False
253,zh,0,hi,zai-org/GLM-4.7-Flash,False
479,de,0,zh,zai-org/GLM-4.7-Flash,False
253,id,0,hi,zai-org/GLM-4.7-Flash,False
253,hi,0,hi,zai-org/GLM-4.7-Flash,False
118,en,0,es,zai-org/GLM-4.7-Flash,False
7,id,0,he,zai-org/GLM-4.7-Flash,False
253,de,0,hi,zai-org/GLM-4.7-Flash,False
26,it,0,he,zai-org/GLM-4.7-Flash,True
253,it,0,hi,zai-org/GLM-4.7-Flash,False
118,fr,0,es,zai-org/GLM-4.7-Flash,False
114,ja,0,es,zai-org/GLM-4.7-Flash,False
253,ja,0,hi,zai-org/GLM-4.7-Flash,False
118,es,0,es,zai-org/GLM-4.7-Flash,False
114,it,0,es,zai-org/GLM-4.7-Flash,False
118,it,0,es,zai-org/GLM-4.7-Flash,False
114,es,0,es,zai-org/GLM-4.7-Flash,False
114,de,0,es,zai-org/GLM-4.7-Flash,False
114,fr,0,es,zai-org/GLM-4.7-Flash,False
114,id,0,es,zai-org/GLM-4.7-Flash,False
118,de,0,es,zai-org/GLM-4.7-Flash,False
479,en,0,zh,zai-org/GLM-4.7-Flash,False
423,en,0,pt,zai-org/GLM-4.7-Flash,False
253,fr,0,hi,zai-org/GLM-4.7-Flash,False
108,zh,0,es,zai-org/GLM-4.7-Flash,False
234,hi,0,hi,zai-org/GLM-4.7-Flash,False
114,zh,0,es,zai-org/GLM-4.7-Flash,False
423,fr,0,pt,zai-org/GLM-4.7-Flash,False
423,es,0,pt,zai-org/GLM-4.7-Flash,False
423,de,0,pt,zai-org/GLM-4.7-Flash,False
479,id,0,zh,zai-org/GLM-4.7-Flash,False
479,it,0,zh,zai-org/GLM-4.7-Flash,False
479,zh,0,zh,zai-org/GLM-4.7-Flash,False
423,it,0,pt,zai-org/GLM-4.7-Flash,False
393,en,0,ko,zai-org/GLM-4.7-Flash,False
479,hi,0,zh,zai-org/GLM-4.7-Flash,False
118,hi,0,es,zai-org/GLM-4.7-Flash,False
334,en,0,ja,zai-org/GLM-4.7-Flash,True
423,hi,0,pt,zai-org/GLM-4.7-Flash,False
423,zh,0,pt,zai-org/GLM-4.7-Flash,False
393,es,0,ko,zai-org/GLM-4.7-Flash,False
393,ja,0,ko,zai-org/GLM-4.7-Flash,False
393,it,0,ko,zai-org/GLM-4.7-Flash,False
334,it,0,ja,zai-org/GLM-4.7-Flash,False
393,de,0,ko,zai-org/GLM-4.7-Flash,False
393,zh,0,ko,zai-org/GLM-4.7-Flash,False
118,id,0,es,zai-org/GLM-4.7-Flash,False
479,ja,0,zh,zai-org/GLM-4.7-Flash,False
334,zh,0,ja,zai-org/GLM-4.7-Flash,False
334,de,0,ja,zai-org/GLM-4.7-Flash,False
393,fr,0,ko,zai-org/GLM-4.7-Flash,False
353,fr,0,ja,zai-org/GLM-4.7-Flash,False
393,id,0,ko,zai-org/GLM-4.7-Flash,False
334,ja,0,ja,zai-org/GLM-4.7-Flash,True
334,id,0,ja,zai-org/GLM-4.7-Flash,True
353,ja,0,ja,zai-org/GLM-4.7-Flash,False
353,en,0,ja,zai-org/GLM-4.7-Flash,False
334,es,0,ja,zai-org/GLM-4.7-Flash,False
423,ja,0,pt,zai-org/GLM-4.7-Flash,False
334,fr,0,ja,zai-org/GLM-4.7-Flash,False
118,zh,0,es,zai-org/GLM-4.7-Flash,False
423,id,0,pt,zai-org/GLM-4.7-Flash,False
353,id,0,ja,zai-org/GLM-4.7-Flash,False
353,de,0,ja,zai-org/GLM-4.7-Flash,False
353,it,0,ja,zai-org/GLM-4.7-Flash,False
114,hi,0,es,zai-org/GLM-4.7-Flash,False
192,es,0,hi,zai-org/GLM-4.7-Flash,False
353,es,0,ja,zai-org/GLM-4.7-Flash,False
393,hi,0,ko,zai-org/GLM-4.7-Flash,False
192,fr,0,hi,zai-org/GLM-4.7-Flash,False
192,de,0,hi,zai-org/GLM-4.7-Flash,False
118,ja,0,es,zai-org/GLM-4.7-Flash,False
141,es,0,es,zai-org/GLM-4.7-Flash,False
192,en,0,hi,zai-org/GLM-4.7-Flash,False
353,zh,0,ja,zai-org/GLM-4.7-Flash,False
141,fr,0,es,zai-org/GLM-4.7-Flash,False
192,ja,0,hi,zai-org/GLM-4.7-Flash,False
334,hi,0,ja,zai-org/GLM-4.7-Flash,False
67,en,0,en,zai-org/GLM-4.7-Flash,True
141,de,0,es,zai-org/GLM-4.7-Flash,False
141,it,0,es,zai-org/GLM-4.7-Flash,False
192,zh,0,hi,zai-org/GLM-4.7-Flash,False
353,hi,0,ja,zai-org/GLM-4.7-Flash,False
141,en,0,es,zai-org/GLM-4.7-Flash,True
349,de,0,ja,zai-org/GLM-4.7-Flash,False
141,ja,0,es,zai-org/GLM-4.7-Flash,False
141,id,0,es,zai-org/GLM-4.7-Flash,False
29,hi,0,en,zai-org/GLM-4.7-Flash,False
349,it,0,ja,zai-org/GLM-4.7-Flash,False
141,hi,0,es,zai-org/GLM-4.7-Flash,False
349,es,0,ja,zai-org/GLM-4.7-Flash,False
67,fr,0,en,zai-org/GLM-4.7-Flash,False
67,id,0,en,zai-org/GLM-4.7-Flash,False
349,zh,0,ja,zai-org/GLM-4.7-Flash,False
349,ja,0,ja,zai-org/GLM-4.7-Flash,False
67,es,0,en,zai-org/GLM-4.7-Flash,True
425,ja,0,pt,zai-org/GLM-4.7-Flash,False
349,hi,0,ja,zai-org/GLM-4.7-Flash,False
141,zh,0,es,zai-org/GLM-4.7-Flash,False
425,en,0,pt,zai-org/GLM-4.7-Flash,False
425,fr,0,pt,zai-org/GLM-4.7-Flash,False
67,ja,0,en,zai-org/GLM-4.7-Flash,True
504,en,0,zh,zai-org/GLM-4.7-Flash,False
168,en,0,fr,zai-org/GLM-4.7-Flash,False
67,de,0,en,zai-org/GLM-4.7-Flash,False
192,it,0,hi,zai-org/GLM-4.7-Flash,False
425,it,0,pt,zai-org/GLM-4.7-Flash,False
67,it,0,en,zai-org/GLM-4.7-Flash,True
425,zh,0,pt,zai-org/GLM-4.7-Flash,False
168,de,0,fr,zai-org/GLM-4.7-Flash,False
168,es,0,fr,zai-org/GLM-4.7-Flash,False
504,id,0,zh,zai-org/GLM-4.7-Flash,False
504,es,0,zh,zai-org/GLM-4.7-Flash,False
404,en,0,pt,zai-org/GLM-4.7-Flash,False
192,id,0,hi,zai-org/GLM-4.7-Flash,False
504,de,0,zh,zai-org/GLM-4.7-Flash,False
504,it,0,zh,zai-org/GLM-4.7-Flash,False
349,en,0,ja,zai-org/GLM-4.7-Flash,False
396,en,0,ko,zai-org/GLM-4.7-Flash,False
404,es,0,pt,zai-org/GLM-4.7-Flash,False
396,es,0,ko,zai-org/GLM-4.7-Flash,False
504,fr,0,zh,zai-org/GLM-4.7-Flash,False
396,de,0,ko,zai-org/GLM-4.7-Flash,False
168,it,0,fr,zai-org/GLM-4.7-Flash,True
349,id,0,ja,zai-org/GLM-4.7-Flash,False
192,hi,0,hi,zai-org/GLM-4.7-Flash,False
404,zh,0,pt,zai-org/GLM-4.7-Flash,False
396,fr,0,ko,zai-org/GLM-4.7-Flash,False
425,es,0,pt,zai-org/GLM-4.7-Flash,False
168,id,0,fr,zai-org/GLM-4.7-Flash,True
67,hi,0,en,zai-org/GLM-4.7-Flash,False
425,hi,0,pt,zai-org/GLM-4.7-Flash,False
168,ja,0,fr,zai-org/GLM-4.7-Flash,False
396,it,0,ko,zai-org/GLM-4.7-Flash,False
504,hi,0,zh,zai-org/GLM-4.7-Flash,False
404,de,0,pt,zai-org/GLM-4.7-Flash,False
349,fr,0,ja,zai-org/GLM-4.7-Flash,False
396,ja,0,ko,zai-org/GLM-4.7-Flash,False
404,it,0,pt,zai-org/GLM-4.7-Flash,False
168,fr,0,fr,zai-org/GLM-4.7-Flash,False
396,zh,0,ko,zai-org/GLM-4.7-Flash,False
168,zh,0,fr,zai-org/GLM-4.7-Flash,False
404,fr,0,pt,zai-org/GLM-4.7-Flash,False
168,hi,0,fr,zai-org/GLM-4.7-Flash,False
220,es,0,hi,zai-org/GLM-4.7-Flash,False
404,id,0,pt,zai-org/GLM-4.7-Flash,False
396,hi,0,ko,zai-org/GLM-4.7-Flash,False
404,ja,0,pt,zai-org/GLM-4.7-Flash,False
504,zh,0,zh,zai-org/GLM-4.7-Flash,False
504,ja,0,zh,zai-org/GLM-4.7-Flash,False
404,hi,0,pt,zai-org/GLM-4.7-Flash,False
220,fr,0,hi,zai-org/GLM-4.7-Flash,False
425,id,0,pt,zai-org/GLM-4.7-Flash,False
109,it,0,es,zai-org/GLM-4.7-Flash,False
396,id,0,ko,zai-org/GLM-4.7-Flash,False
220,id,0,hi,zai-org/GLM-4.7-Flash,False
109,en,0,es,zai-org/GLM-4.7-Flash,False
220,hi,0,hi,zai-org/GLM-4.7-Flash,False
109,de,0,es,zai-org/GLM-4.7-Flash,False
220,zh,0,hi,zai-org/GLM-4.7-Flash,False
220,en,0,hi,zai-org/GLM-4.7-Flash,False
222,zh,0,hi,zai-org/GLM-4.7-Flash,True
220,de,0,hi,zai-org/GLM-4.7-Flash,False
237,en,0,hi,zai-org/GLM-4.7-Flash,False
222,en,0,hi,zai-org/GLM-4.7-Flash,True
109,fr,0,es,zai-org/GLM-4.7-Flash,False
220,ja,0,hi,zai-org/GLM-4.7-Flash,False
109,zh,0,es,zai-org/GLM-4.7-Flash,False
109,es,0,es,zai-org/GLM-4.7-Flash,False
109,id,0,es,zai-org/GLM-4.7-Flash,False
109,ja,0,es,zai-org/GLM-4.7-Flash,False
237,de,0,hi,zai-org/GLM-4.7-Flash,False
220,it,0,hi,zai-org/GLM-4.7-Flash,False
237,fr,0,hi,zai-org/GLM-4.7-Flash,False
109,hi,0,es,zai-org/GLM-4.7-Flash,False
237,es,0,hi,zai-org/GLM-4.7-Flash,False
145,en,0,fr,zai-org/GLM-4.7-Flash,False
237,id,0,hi,zai-org/GLM-4.7-Flash,False
237,zh,0,hi,zai-org/GLM-4.7-Flash,False
145,zh,0,fr,zai-org/GLM-4.7-Flash,False
222,de,0,hi,zai-org/GLM-4.7-Flash,True
237,ja,0,hi,zai-org/GLM-4.7-Flash,False
222,it,0,hi,zai-org/GLM-4.7-Flash,False
67,zh,0,en,zai-org/GLM-4.7-Flash,False
145,id,0,fr,zai-org/GLM-4.7-Flash,False
237,hi,0,hi,zai-org/GLM-4.7-Flash,False
238,es,0,hi,zai-org/GLM-4.7-Flash,False
391,es,0,ko,zai-org/GLM-4.7-Flash,False
238,de,0,hi,zai-org/GLM-4.7-Flash,False
391,fr,0,ko,zai-org/GLM-4.7-Flash,False
238,it,0,hi,zai-org/GLM-4.7-Flash,False
391,de,0,ko,zai-org/GLM-4.7-Flash,False
238,ja,0,hi,zai-org/GLM-4.7-Flash,False
425,de,0,pt,zai-org/GLM-4.7-Flash,False
391,en,0,ko,zai-org/GLM-4.7-Flash,False
391,hi,0,ko,zai-org/GLM-4.7-Flash,False
287,en,0,id,zai-org/GLM-4.7-Flash,False
222,ja,0,hi,zai-org/GLM-4.7-Flash,False
391,ja,0,ko,zai-org/GLM-4.7-Flash,False
238,id,0,hi,zai-org/GLM-4.7-Flash,False
145,fr,0,fr,zai-org/GLM-4.7-Flash,False
145,de,0,fr,zai-org/GLM-4.7-Flash,False
287,fr,0,id,zai-org/GLM-4.7-Flash,False
391,it,0,ko,zai-org/GLM-4.7-Flash,False
287,de,0,id,zai-org/GLM-4.7-Flash,False
287,ja,0,id,zai-org/GLM-4.7-Flash,False
238,fr,0,hi,zai-org/GLM-4.7-Flash,False
287,es,0,id,zai-org/GLM-4.7-Flash,False
287,it,0,id,zai-org/GLM-4.7-Flash,False
287,id,0,id,zai-org/GLM-4.7-Flash,False
407,id,0,pt,zai-org/GLM-4.7-Flash,True
145,es,0,fr,zai-org/GLM-4.7-Flash,False
407,es,0,pt,zai-org/GLM-4.7-Flash,False
145,hi,0,fr,zai-org/GLM-4.7-Flash,False
391,id,0,ko,zai-org/GLM-4.7-Flash,False
238,en,0,hi,zai-org/GLM-4.7-Flash,False
484,en,0,zh,zai-org/GLM-4.7-Flash,False
145,it,0,fr,zai-org/GLM-4.7-Flash,False
250,en,0,hi,zai-org/GLM-4.7-Flash,False
407,it,0,pt,zai-org/GLM-4.7-Flash,True
407,de,0,pt,zai-org/GLM-4.7-Flash,False
287,zh,0,id,zai-org/GLM-4.7-Flash,False
250,es,0,hi,zai-org/GLM-4.7-Flash,False
250,id,0,hi,zai-org/GLM-4.7-Flash,False
145,ja,0,fr,zai-org/GLM-4.7-Flash,False
237,it,0,hi,zai-org/GLM-4.7-Flash,False
484,es,0,zh,zai-org/GLM-4.7-Flash,False
484,zh,0,zh,zai-org/GLM-4.7-Flash,False
238,zh,0,hi,zai-org/GLM-4.7-Flash,True
484,fr,0,zh,zai-org/GLM-4.7-Flash,False
250,fr,0,hi,zai-org/GLM-4.7-Flash,False
250,it,0,hi,zai-org/GLM-4.7-Flash,False
484,de,0,zh,zai-org/GLM-4.7-Flash,False
484,id,0,zh,zai-org/GLM-4.7-Flash,False
407,en,0,pt,zai-org/GLM-4.7-Flash,False
222,es,0,hi,zai-org/GLM-4.7-Flash,False
484,ja,0,zh,zai-org/GLM-4.7-Flash,False
250,hi,0,hi,zai-org/GLM-4.7-Flash,False
250,ja,0,hi,zai-org/GLM-4.7-Flash,False
407,zh,0,pt,zai-org/GLM-4.7-Flash,True
484,hi,0,zh,zai-org/GLM-4.7-Flash,False
268,en,0,id,zai-org/GLM-4.7-Flash,False
250,de,0,hi,zai-org/GLM-4.7-Flash,False
268,de,0,id,zai-org/GLM-4.7-Flash,False
484,it,0,zh,zai-org/GLM-4.7-Flash,False
407,hi,0,pt,zai-org/GLM-4.7-Flash,True
301,id,0,it,zai-org/GLM-4.7-Flash,False
301,en,0,it,zai-org/GLM-4.7-Flash,False
250,zh,0,hi,zai-org/GLM-4.7-Flash,False
119,fr,0,es,zai-org/GLM-4.7-Flash,False
268,ja,0,id,zai-org/GLM-4.7-Flash,False
268,it,0,id,zai-org/GLM-4.7-Flash,False
222,fr,0,hi,zai-org/GLM-4.7-Flash,False
391,zh,0,ko,zai-org/GLM-4.7-Flash,True
301,de,0,it,zai-org/GLM-4.7-Flash,False
268,es,0,id,zai-org/GLM-4.7-Flash,False
268,fr,0,id,zai-org/GLM-4.7-Flash,False
268,id,0,id,zai-org/GLM-4.7-Flash,False
222,id,0,hi,zai-org/GLM-4.7-Flash,True
301,it,0,it,zai-org/GLM-4.7-Flash,False
268,zh,0,id,zai-org/GLM-4.7-Flash,False
301,ja,0,it,zai-org/GLM-4.7-Flash,False
301,es,0,it,zai-org/GLM-4.7-Flash,False
268,hi,0,id,zai-org/GLM-4.7-Flash,False
119,zh,0,es,zai-org/GLM-4.7-Flash,False
301,fr,0,it,zai-org/GLM-4.7-Flash,False
119,ja,0,es,zai-org/GLM-4.7-Flash,False
228,de,0,hi,zai-org/GLM-4.7-Flash,False
119,hi,0,es,zai-org/GLM-4.7-Flash,False
287,hi,0,id,zai-org/GLM-4.7-Flash,False
228,fr,0,hi,zai-org/GLM-4.7-Flash,False
228,zh,0,hi,zai-org/GLM-4.7-Flash,True
301,zh,0,it,zai-org/GLM-4.7-Flash,False
228,es,0,hi,zai-org/GLM-4.7-Flash,True
228,en,0,hi,zai-org/GLM-4.7-Flash,False
301,hi,0,it,zai-org/GLM-4.7-Flash,False
228,it,0,hi,zai-org/GLM-4.7-Flash,False
119,de,0,es,zai-org/GLM-4.7-Flash,False
338,en,0,ja,zai-org/GLM-4.7-Flash,False
338,es,0,ja,zai-org/GLM-4.7-Flash,False
222,hi,0,hi,zai-org/GLM-4.7-Flash,False
119,id,0,es,zai-org/GLM-4.7-Flash,False
338,de,0,ja,zai-org/GLM-4.7-Flash,False
229,fr,0,hi,zai-org/GLM-4.7-Flash,False
489,en,0,zh,zai-org/GLM-4.7-Flash,False
229,es,0,hi,zai-org/GLM-4.7-Flash,False
407,fr,0,pt,zai-org/GLM-4.7-Flash,False
119,en,0,es,zai-org/GLM-4.7-Flash,False
228,hi,0,hi,zai-org/GLM-4.7-Flash,False
489,ja,0,zh,zai-org/GLM-4.7-Flash,False
211,de,0,hi,zai-org/GLM-4.7-Flash,False
338,it,0,ja,zai-org/GLM-4.7-Flash,False
229,de,0,hi,zai-org/GLM-4.7-Flash,False
211,fr,0,hi,zai-org/GLM-4.7-Flash,False
229,en,0,hi,zai-org/GLM-4.7-Flash,False
228,id,0,hi,zai-org/GLM-4.7-Flash,True
228,ja,0,hi,zai-org/GLM-4.7-Flash,False
229,it,0,hi,zai-org/GLM-4.7-Flash,False
229,zh,0,hi,zai-org/GLM-4.7-Flash,False
407,ja,0,pt,zai-org/GLM-4.7-Flash,False
489,it,0,zh,zai-org/GLM-4.7-Flash,False
211,es,0,hi,zai-org/GLM-4.7-Flash,False
211,ja,0,hi,zai-org/GLM-4.7-Flash,False
211,it,0,hi,zai-org/GLM-4.7-Flash,False
229,ja,0,hi,zai-org/GLM-4.7-Flash,False
36,en,0,en,zai-org/GLM-4.7-Flash,True
211,en,0,hi,zai-org/GLM-4.7-Flash,False
489,zh,0,zh,zai-org/GLM-4.7-Flash,False
489,de,0,zh,zai-org/GLM-4.7-Flash,False
489,fr,0,zh,zai-org/GLM-4.7-Flash,False
211,id,0,hi,zai-org/GLM-4.7-Flash,False
379,es,0,ko,zai-org/GLM-4.7-Flash,False
119,es,0,es,zai-org/GLM-4.7-Flash,False
229,id,0,hi,zai-org/GLM-4.7-Flash,False
229,hi,0,hi,zai-org/GLM-4.7-Flash,False
36,fr,0,en,zai-org/GLM-4.7-Flash,True
211,hi,0,hi,zai-org/GLM-4.7-Flash,False
36,zh,0,en,zai-org/GLM-4.7-Flash,True
338,zh,0,ja,zai-org/GLM-4.7-Flash,False
36,de,0,en,zai-org/GLM-4.7-Flash,True
211,zh,0,hi,zai-org/GLM-4.7-Flash,False
379,hi,0,ko,zai-org/GLM-4.7-Flash,False
379,fr,0,ko,zai-org/GLM-4.7-Flash,False
36,it,0,en,zai-org/GLM-4.7-Flash,True
36,es,0,en,zai-org/GLM-4.7-Flash,True
196,en,0,hi,zai-org/GLM-4.7-Flash,True
36,ja,0,en,zai-org/GLM-4.7-Flash,True
379,it,0,ko,zai-org/GLM-4.7-Flash,False
338,fr,0,ja,zai-org/GLM-4.7-Flash,False
379,ja,0,ko,zai-org/GLM-4.7-Flash,False
489,es,0,zh,zai-org/GLM-4.7-Flash,False
218,es,0,hi,zai-org/GLM-4.7-Flash,False
218,en,0,hi,zai-org/GLM-4.7-Flash,False
218,de,0,hi,zai-org/GLM-4.7-Flash,True
508,es,0,zh,zai-org/GLM-4.7-Flash,True
218,it,0,hi,zai-org/GLM-4.7-Flash,False
36,id,0,en,zai-org/GLM-4.7-Flash,True
379,zh,0,ko,zai-org/GLM-4.7-Flash,False
489,id,0,zh,zai-org/GLM-4.7-Flash,False
338,id,0,ja,zai-org/GLM-4.7-Flash,False
218,fr,0,hi,zai-org/GLM-4.7-Flash,False
36,hi,0,en,zai-org/GLM-4.7-Flash,True
218,id,0,hi,zai-org/GLM-4.7-Flash,True
379,id,0,ko,zai-org/GLM-4.7-Flash,False
271,zh,0,id,zai-org/GLM-4.7-Flash,False
271,es,0,id,zai-org/GLM-4.7-Flash,False
271,de,0,id,zai-org/GLM-4.7-Flash,False
218,hi,0,hi,zai-org/GLM-4.7-Flash,False
271,en,0,id,zai-org/GLM-4.7-Flash,False
218,zh,0,hi,zai-org/GLM-4.7-Flash,False
271,it,0,id,zai-org/GLM-4.7-Flash,False
271,fr,0,id,zai-org/GLM-4.7-Flash,False
272,en,0,id,zai-org/GLM-4.7-Flash,False
196,de,0,hi,zai-org/GLM-4.7-Flash,False
272,de,0,id,zai-org/GLM-4.7-Flash,False
508,de,0,zh,zai-org/GLM-4.7-Flash,True
271,id,0,id,zai-org/GLM-4.7-Flash,False
272,es,0,id,zai-org/GLM-4.7-Flash,False
271,ja,0,id,zai-org/GLM-4.7-Flash,False
272,fr,0,id,zai-org/GLM-4.7-Flash,False
196,fr,0,hi,zai-org/GLM-4.7-Flash,True
59,en,0,en,zai-org/GLM-4.7-Flash,False
218,ja,0,hi,zai-org/GLM-4.7-Flash,True
271,hi,0,id,zai-org/GLM-4.7-Flash,False
508,en,0,zh,zai-org/GLM-4.7-Flash,True
272,zh,0,id,zai-org/GLM-4.7-Flash,False
272,it,0,id,zai-org/GLM-4.7-Flash,False
59,es,0,en,zai-org/GLM-4.7-Flash,False
196,id,0,hi,zai-org/GLM-4.7-Flash,False
59,fr,0,en,zai-org/GLM-4.7-Flash,False
111,en,0,es,zai-org/GLM-4.7-Flash,False
59,ja,0,en,zai-org/GLM-4.7-Flash,False
272,id,0,id,zai-org/GLM-4.7-Flash,False
59,it,0,en,zai-org/GLM-4.7-Flash,False
272,ja,0,id,zai-org/GLM-4.7-Flash,False
59,hi,0,en,zai-org/GLM-4.7-Flash,False
59,id,0,en,zai-org/GLM-4.7-Flash,False
111,de,0,es,zai-org/GLM-4.7-Flash,False
111,fr,0,es,zai-org/GLM-4.7-Flash,False
59,de,0,en,zai-org/GLM-4.7-Flash,False
338,ja,0,ja,zai-org/GLM-4.7-Flash,True
489,hi,0,zh,zai-org/GLM-4.7-Flash,False
111,es,0,es,zai-org/GLM-4.7-Flash,False
111,ja,0,es,zai-org/GLM-4.7-Flash,False
111,it,0,es,zai-org/GLM-4.7-Flash,False
111,zh,0,es,zai-org/GLM-4.7-Flash,False
272,hi,0,id,zai-org/GLM-4.7-Flash,False
111,id,0,es,zai-org/GLM-4.7-Flash,False
379,de,0,ko,zai-org/GLM-4.7-Flash,False
231,de,0,hi,zai-org/GLM-4.7-Flash,False
244,en,0,hi,zai-org/GLM-4.7-Flash,True
231,en,0,hi,zai-org/GLM-4.7-Flash,False
244,es,0,hi,zai-org/GLM-4.7-Flash,False
231,es,0,hi,zai-org/GLM-4.7-Flash,False
508,it,0,zh,zai-org/GLM-4.7-Flash,True
231,it,0,hi,zai-org/GLM-4.7-Flash,False
59,zh,0,en,zai-org/GLM-4.7-Flash,False
231,fr,0,hi,zai-org/GLM-4.7-Flash,False
244,fr,0,hi,zai-org/GLM-4.7-Flash,True
508,fr,0,zh,zai-org/GLM-4.7-Flash,False
244,de,0,hi,zai-org/GLM-4.7-Flash,False
244,zh,0,hi,zai-org/GLM-4.7-Flash,False
379,en,0,ko,zai-org/GLM-4.7-Flash,False
111,hi,0,es,zai-org/GLM-4.7-Flash,False
231,ja,0,hi,zai-org/GLM-4.7-Flash,False
244,ja,0,hi,zai-org/GLM-4.7-Flash,False
196,es,0,hi,zai-org/GLM-4.7-Flash,True
244,it,0,hi,zai-org/GLM-4.7-Flash,True
6,it,0,he,zai-org/GLM-4.7-Flash,False
231,zh,0,hi,zai-org/GLM-4.7-Flash,False
6,en,0,he,zai-org/GLM-4.7-Flash,False
6,id,0,he,zai-org/GLM-4.7-Flash,False
244,id,0,hi,zai-org/GLM-4.7-Flash,False
196,hi,0,hi,zai-org/GLM-4.7-Flash,False
231,id,0,hi,zai-org/GLM-4.7-Flash,False
119,it,0,es,zai-org/GLM-4.7-Flash,False
196,it,0,hi,zai-org/GLM-4.7-Flash,False
196,ja,0,hi,zai-org/GLM-4.7-Flash,False
231,hi,0,hi,zai-org/GLM-4.7-Flash,False
508,id,0,zh,zai-org/GLM-4.7-Flash,False
6,es,0,he,zai-org/GLM-4.7-Flash,False
244,hi,0,hi,zai-org/GLM-4.7-Flash,False
6,fr,0,he,zai-org/GLM-4.7-Flash,False
6,ja,0,he,zai-org/GLM-4.7-Flash,False
368,en,0,ko,zai-org/GLM-4.7-Flash,False
6,de,0,he,zai-org/GLM-4.7-Flash,False
6,zh,0,he,zai-org/GLM-4.7-Flash,False
368,fr,0,ko,zai-org/GLM-4.7-Flash,False
368,it,0,ko,zai-org/GLM-4.7-Flash,False
368,es,0,ko,zai-org/GLM-4.7-Flash,False
499,en,0,zh,zai-org/GLM-4.7-Flash,False
150,en,0,fr,zai-org/GLM-4.7-Flash,False
6,hi,0,he,zai-org/GLM-4.7-Flash,False
150,de,0,fr,zai-org/GLM-4.7-Flash,False
150,zh,0,fr,zai-org/GLM-4.7-Flash,False
150,fr,0,fr,zai-org/GLM-4.7-Flash,False
150,es,0,fr,zai-org/GLM-4.7-Flash,False
10,en,0,he,zai-org/GLM-4.7-Flash,True
196,zh,0,hi,zai-org/GLM-4.7-Flash,False
364,en,0,ko,zai-org/GLM-4.7-Flash,False
499,es,0,zh,zai-org/GLM-4.7-Flash,True
368,ja,0,ko,zai-org/GLM-4.7-Flash,False
150,it,0,fr,zai-org/GLM-4.7-Flash,False
150,hi,0,fr,zai-org/GLM-4.7-Flash,False
368,de,0,ko,zai-org/GLM-4.7-Flash,False
184,de,0,hi,zai-org/GLM-4.7-Flash,False
184,it,0,hi,zai-org/GLM-4.7-Flash,False
10,fr,0,he,zai-org/GLM-4.7-Flash,True
10,it,0,he,zai-org/GLM-4.7-Flash,True
499,de,0,zh,zai-org/GLM-4.7-Flash,False
368,id,0,ko,zai-org/GLM-4.7-Flash,False
10,hi,0,he,zai-org/GLM-4.7-Flash,False
10,de,0,he,zai-org/GLM-4.7-Flash,True
10,es,0,he,zai-org/GLM-4.7-Flash,True
499,fr,0,zh,zai-org/GLM-4.7-Flash,True
150,id,0,fr,zai-org/GLM-4.7-Flash,False
184,zh,0,hi,zai-org/GLM-4.7-Flash,True
10,ja,0,he,zai-org/GLM-4.7-Flash,True
364,es,0,ko,zai-org/GLM-4.7-Flash,False
10,id,0,he,zai-org/GLM-4.7-Flash,True
364,fr,0,ko,zai-org/GLM-4.7-Flash,False
508,hi,0,zh,zai-org/GLM-4.7-Flash,False
184,es,0,hi,zai-org/GLM-4.7-Flash,True
184,hi,0,hi,zai-org/GLM-4.7-Flash,False
184,ja,0,hi,zai-org/GLM-4.7-Flash,False
499,it,0,zh,zai-org/GLM-4.7-Flash,True
10,zh,0,he,zai-org/GLM-4.7-Flash,True
364,it,0,ko,zai-org/GLM-4.7-Flash,False
364,ja,0,ko,zai-org/GLM-4.7-Flash,False
184,en,0,hi,zai-org/GLM-4.7-Flash,False
364,de,0,ko,zai-org/GLM-4.7-Flash,False
103,de,0,es,zai-org/GLM-4.7-Flash,False
364,hi,0,ko,zai-org/GLM-4.7-Flash,False
338,hi,0,ja,zai-org/GLM-4.7-Flash,True
81,de,0,de,zai-org/GLM-4.7-Flash,True
184,fr,0,hi,zai-org/GLM-4.7-Flash,False
184,id,0,hi,zai-org/GLM-4.7-Flash,False
364,id,0,ko,zai-org/GLM-4.7-Flash,False
103,en,0,es,zai-org/GLM-4.7-Flash,False
499,ja,0,zh,zai-org/GLM-4.7-Flash,False
81,en,0,de,zai-org/GLM-4.7-Flash,True
81,ja,0,de,zai-org/GLM-4.7-Flash,False
103,it,0,es,zai-org/GLM-4.7-Flash,False
103,zh,0,es,zai-org/GLM-4.7-Flash,False
81,fr,0,de,zai-org/GLM-4.7-Flash,True
103,fr,0,es,zai-org/GLM-4.7-Flash,False
103,hi,0,es,zai-org/GLM-4.7-Flash,False
508,ja,0,zh,zai-org/GLM-4.7-Flash,False
103,id,0,es,zai-org/GLM-4.7-Flash,False
81,es,0,de,zai-org/GLM-4.7-Flash,True
81,id,0,de,zai-org/GLM-4.7-Flash,True
81,it,0,de,zai-org/GLM-4.7-Flash,True
499,id,0,zh,zai-org/GLM-4.7-Flash,False
103,es,0,es,zai-org/GLM-4.7-Flash,False
81,zh,0,de,zai-org/GLM-4.7-Flash,True
38,es,0,en,zai-org/GLM-4.7-Flash,False
368,hi,0,ko,zai-org/GLM-4.7-Flash,False
38,it,0,en,zai-org/GLM-4.7-Flash,False
38,ja,0,en,zai-org/GLM-4.7-Flash,False
103,ja,0,es,zai-org/GLM-4.7-Flash,False
38,fr,0,en,zai-org/GLM-4.7-Flash,False
38,id,0,en,zai-org/GLM-4.7-Flash,False
370,id,0,ko,zai-org/GLM-4.7-Flash,False
167,en,0,fr,zai-org/GLM-4.7-Flash,True
370,es,0,ko,zai-org/GLM-4.7-Flash,False
370,it,0,ko,zai-org/GLM-4.7-Flash,False
81,hi,0,de,zai-org/GLM-4.7-Flash,True
370,en,0,ko,zai-org/GLM-4.7-Flash,False
167,es,0,fr,zai-org/GLM-4.7-Flash,False
370,fr,0,ko,zai-org/GLM-4.7-Flash,False
370,de,0,ko,zai-org/GLM-4.7-Flash,False
38,de,0,en,zai-org/GLM-4.7-Flash,False
167,it,0,fr,zai-org/GLM-4.7-Flash,False
167,de,0,fr,zai-org/GLM-4.7-Flash,True
38,hi,0,en,zai-org/GLM-4.7-Flash,False
38,en,0,en,zai-org/GLM-4.7-Flash,True
167,zh,0,fr,zai-org/GLM-4.7-Flash,False
370,zh,0,ko,zai-org/GLM-4.7-Flash,False
377,en,0,ko,zai-org/GLM-4.7-Flash,False
167,fr,0,fr,zai-org/GLM-4.7-Flash,True
481,ja,0,zh,zai-org/GLM-4.7-Flash,False
481,en,0,zh,zai-org/GLM-4.7-Flash,False
377,fr,0,ko,zai-org/GLM-4.7-Flash,False
481,it,0,zh,zai-org/GLM-4.7-Flash,False
377,es,0,ko,zai-org/GLM-4.7-Flash,False
499,zh,0,zh,zai-org/GLM-4.7-Flash,False
481,id,0,zh,zai-org/GLM-4.7-Flash,False
167,id,0,fr,zai-org/GLM-4.7-Flash,False
38,zh,0,en,zai-org/GLM-4.7-Flash,False
167,hi,0,fr,zai-org/GLM-4.7-Flash,False
370,ja,0,ko,zai-org/GLM-4.7-Flash,False
364,zh,0,ko,zai-org/GLM-4.7-Flash,False
377,de,0,ko,zai-org/GLM-4.7-Flash,False
198,en,0,hi,zai-org/GLM-4.7-Flash,False
481,zh,0,zh,zai-org/GLM-4.7-Flash,False
481,de,0,zh,zai-org/GLM-4.7-Flash,False
370,hi,0,ko,zai-org/GLM-4.7-Flash,False
477,fr,0,zh,zai-org/GLM-4.7-Flash,False
377,ja,0,ko,zai-org/GLM-4.7-Flash,False
377,id,0,ko,zai-org/GLM-4.7-Flash,False
377,zh,0,ko,zai-org/GLM-4.7-Flash,False
377,it,0,ko,zai-org/GLM-4.7-Flash,False
146,en,0,fr,zai-org/GLM-4.7-Flash,False
377,hi,0,ko,zai-org/GLM-4.7-Flash,False
477,it,0,zh,zai-org/GLM-4.7-Flash,False
477,de,0,zh,zai-org/GLM-4.7-Flash,False
89,fr,0,de,zai-org/GLM-4.7-Flash,False
89,en,0,de,zai-org/GLM-4.7-Flash,False
198,es,0,hi,zai-org/GLM-4.7-Flash,False
477,zh,0,zh,zai-org/GLM-4.7-Flash,False
481,hi,0,zh,zai-org/GLM-4.7-Flash,False
198,it,0,hi,zai-org/GLM-4.7-Flash,False
146,fr,0,fr,zai-org/GLM-4.7-Flash,False
508,zh,0,zh,zai-org/GLM-4.7-Flash,True
477,id,0,zh,zai-org/GLM-4.7-Flash,False
198,zh,0,hi,zai-org/GLM-4.7-Flash,False
198,fr,0,hi,zai-org/GLM-4.7-Flash,False
368,zh,0,ko,zai-org/GLM-4.7-Flash,False
238,hi,0,hi,zai-org/GLM-4.7-Flash,True
89,de,0,de,zai-org/GLM-4.7-Flash,False
198,ja,0,hi,zai-org/GLM-4.7-Flash,False
477,es,0,zh,zai-org/GLM-4.7-Flash,False
146,es,0,fr,zai-org/GLM-4.7-Flash,False
198,id,0,hi,zai-org/GLM-4.7-Flash,False
146,it,0,fr,zai-org/GLM-4.7-Flash,False
198,de,0,hi,zai-org/GLM-4.7-Flash,False
146,de,0,fr,zai-org/GLM-4.7-Flash,False
477,ja,0,zh,zai-org/GLM-4.7-Flash,False
89,es,0,de,zai-org/GLM-4.7-Flash,False
167,ja,0,fr,zai-org/GLM-4.7-Flash,False
146,id,0,fr,zai-org/GLM-4.7-Flash,False
499,hi,0,zh,zai-org/GLM-4.7-Flash,False
477,en,0,zh,zai-org/GLM-4.7-Flash,False
481,fr,0,zh,zai-org/GLM-4.7-Flash,False
146,hi,0,fr,zai-org/GLM-4.7-Flash,False
146,zh,0,fr,zai-org/GLM-4.7-Flash,False
477,hi,0,zh,zai-org/GLM-4.7-Flash,False
89,it,0,de,zai-org/GLM-4.7-Flash,False
481,es,0,zh,zai-org/GLM-4.7-Flash,False
89,id,0,de,zai-org/GLM-4.7-Flash,False
89,zh,0,de,zai-org/GLM-4.7-Flash,False
163,en,0,fr,zai-org/GLM-4.7-Flash,False
367,hi,0,ko,zai-org/GLM-4.7-Flash,False
146,ja,0,fr,zai-org/GLM-4.7-Flash,False
163,zh,0,fr,zai-org/GLM-4.7-Flash,False
2,de,0,he,zai-org/GLM-4.7-Flash,False
89,ja,0,de,zai-org/GLM-4.7-Flash,False
2,en,0,he,zai-org/GLM-4.7-Flash,False
2,it,0,he,zai-org/GLM-4.7-Flash,False
163,es,0,fr,zai-org/GLM-4.7-Flash,False
198,hi,0,hi,zai-org/GLM-4.7-Flash,False
382,en,0,ko,zai-org/GLM-4.7-Flash,False
382,de,0,ko,zai-org/GLM-4.7-Flash,False
367,it,0,ko,zai-org/GLM-4.7-Flash,False
2,zh,0,he,zai-org/GLM-4.7-Flash,False
2,id,0,he,zai-org/GLM-4.7-Flash,False
382,es,0,ko,zai-org/GLM-4.7-Flash,False
2,es,0,he,zai-org/GLM-4.7-Flash,False
147,de,0,fr,zai-org/GLM-4.7-Flash,False
367,fr,0,ko,zai-org/GLM-4.7-Flash,True
367,zh,0,ko,zai-org/GLM-4.7-Flash,False
382,ja,0,ko,zai-org/GLM-4.7-Flash,False
163,it,0,fr,zai-org/GLM-4.7-Flash,True
147,it,0,fr,zai-org/GLM-4.7-Flash,False
163,ja,0,fr,zai-org/GLM-4.7-Flash,True
147,en,0,fr,zai-org/GLM-4.7-Flash,False
147,es,0,fr,zai-org/GLM-4.7-Flash,False
382,fr,0,ko,zai-org/GLM-4.7-Flash,False
147,id,0,fr,zai-org/GLM-4.7-Flash,False
2,fr,0,he,zai-org/GLM-4.7-Flash,False
382,id,0,ko,zai-org/GLM-4.7-Flash,False
367,en,0,ko,zai-org/GLM-4.7-Flash,False
367,es,0,ko,zai-org/GLM-4.7-Flash,False
382,it,0,ko,zai-org/GLM-4.7-Flash,False
382,hi,0,ko,zai-org/GLM-4.7-Flash,False
367,de,0,ko,zai-org/GLM-4.7-Flash,False
163,hi,0,fr,zai-org/GLM-4.7-Flash,True
163,de,0,fr,zai-org/GLM-4.7-Flash,True
2,ja,0,he,zai-org/GLM-4.7-Flash,False
147,ja,0,fr,zai-org/GLM-4.7-Flash,False
422,fr,0,pt,zai-org/GLM-4.7-Flash,False
422,en,0,pt,zai-org/GLM-4.7-Flash,False
367,ja,0,ko,zai-org/GLM-4.7-Flash,False
422,de,0,pt,zai-org/GLM-4.7-Flash,False
150,ja,0,fr,zai-org/GLM-4.7-Flash,True
89,hi,0,de,zai-org/GLM-4.7-Flash,False
69,en,0,de,zai-org/GLM-4.7-Flash,False
123,de,0,es,zai-org/GLM-4.7-Flash,False
422,it,0,pt,zai-org/GLM-4.7-Flash,False
147,hi,0,fr,zai-org/GLM-4.7-Flash,False
367,id,0,ko,zai-org/GLM-4.7-Flash,False
123,fr,0,es,zai-org/GLM-4.7-Flash,False
123,ja,0,es,zai-org/GLM-4.7-Flash,False
163,fr,0,fr,zai-org/GLM-4.7-Flash,False
422,es,0,pt,zai-org/GLM-4.7-Flash,False
422,id,0,pt,zai-org/GLM-4.7-Flash,False
422,ja,0,pt,zai-org/GLM-4.7-Flash,False
422,zh,0,pt,zai-org/GLM-4.7-Flash,False
123,it,0,es,zai-org/GLM-4.7-Flash,False
123,en,0,es,zai-org/GLM-4.7-Flash,False
352,en,0,ja,zai-org/GLM-4.7-Flash,False
123,id,0,es,zai-org/GLM-4.7-Flash,False
69,it,0,de,zai-org/GLM-4.7-Flash,False
123,zh,0,es,zai-org/GLM-4.7-Flash,False
123,hi,0,es,zai-org/GLM-4.7-Flash,False
69,de,0,de,zai-org/GLM-4.7-Flash,False
123,es,0,es,zai-org/GLM-4.7-Flash,False
2,hi,0,he,zai-org/GLM-4.7-Flash,False
69,es,0,de,zai-org/GLM-4.7-Flash,False
352,it,0,ja,zai-org/GLM-4.7-Flash,False
69,zh,0,de,zai-org/GLM-4.7-Flash,False
69,id,0,de,zai-org/GLM-4.7-Flash,False
352,es,0,ja,zai-org/GLM-4.7-Flash,False
239,en,0,hi,zai-org/GLM-4.7-Flash,True
96,en,0,de,zai-org/GLM-4.7-Flash,False
352,id,0,ja,zai-org/GLM-4.7-Flash,False
69,fr,0,de,zai-org/GLM-4.7-Flash,False
69,ja,0,de,zai-org/GLM-4.7-Flash,False
352,de,0,ja,zai-org/GLM-4.7-Flash,False
239,es,0,hi,zai-org/GLM-4.7-Flash,True
96,es,0,de,zai-org/GLM-4.7-Flash,False
147,zh,0,fr,zai-org/GLM-4.7-Flash,False
422,hi,0,pt,zai-org/GLM-4.7-Flash,False
382,zh,0,ko,zai-org/GLM-4.7-Flash,False
239,de,0,hi,zai-org/GLM-4.7-Flash,True
361,es,0,ja,zai-org/GLM-4.7-Flash,False
96,de,0,de,zai-org/GLM-4.7-Flash,False
239,hi,0,hi,zai-org/GLM-4.7-Flash,False
96,id,0,de,zai-org/GLM-4.7-Flash,False
361,en,0,ja,zai-org/GLM-4.7-Flash,False
147,fr,0,fr,zai-org/GLM-4.7-Flash,False
96,it,0,de,zai-org/GLM-4.7-Flash,False
361,fr,0,ja,zai-org/GLM-4.7-Flash,False
239,ja,0,hi,zai-org/GLM-4.7-Flash,False
69,hi,0,de,zai-org/GLM-4.7-Flash,False
239,fr,0,hi,zai-org/GLM-4.7-Flash,False
96,hi,0,de,zai-org/GLM-4.7-Flash,False
361,zh,0,ja,zai-org/GLM-4.7-Flash,False
342,en,0,ja,zai-org/GLM-4.7-Flash,True
163,id,0,fr,zai-org/GLM-4.7-Flash,False
239,it,0,hi,zai-org/GLM-4.7-Flash,False
352,fr,0,ja,zai-org/GLM-4.7-Flash,False
96,fr,0,de,zai-org/GLM-4.7-Flash,False
398,en,0,ko,zai-org/GLM-4.7-Flash,True
96,zh,0,de,zai-org/GLM-4.7-Flash,False
239,id,0,hi,zai-org/GLM-4.7-Flash,True
361,id,0,ja,zai-org/GLM-4.7-Flash,False
96,ja,0,de,zai-org/GLM-4.7-Flash,False
239,zh,0,hi,zai-org/GLM-4.7-Flash,False
361,ja,0,ja,zai-org/GLM-4.7-Flash,True
361,hi,0,ja,zai-org/GLM-4.7-Flash,False
352,ja,0,ja,zai-org/GLM-4.7-Flash,False
361,de,0,ja,zai-org/GLM-4.7-Flash,False
342,es,0,ja,zai-org/GLM-4.7-Flash,False
361,it,0,ja,zai-org/GLM-4.7-Flash,False
398,es,0,ko,zai-org/GLM-4.7-Flash,True
398,fr,0,ko,zai-org/GLM-4.7-Flash,True
352,hi,0,ja,zai-org/GLM-4.7-Flash,True
342,it,0,ja,zai-org/GLM-4.7-Flash,False
97,en,0,de,zai-org/GLM-4.7-Flash,False
398,id,0,ko,zai-org/GLM-4.7-Flash,False
97,it,0,de,zai-org/GLM-4.7-Flash,False
342,ja,0,ja,zai-org/GLM-4.7-Flash,False
342,de,0,ja,zai-org/GLM-4.7-Flash,False
342,fr,0,ja,zai-org/GLM-4.7-Flash,False
97,id,0,de,zai-org/GLM-4.7-Flash,False
97,de,0,de,zai-org/GLM-4.7-Flash,False
342,zh,0,ja,zai-org/GLM-4.7-Flash,False
97,es,0,de,zai-org/GLM-4.7-Flash,False
97,zh,0,de,zai-org/GLM-4.7-Flash,False
398,zh,0,ko,zai-org/GLM-4.7-Flash,False
97,fr,0,de,zai-org/GLM-4.7-Flash,False
23,es,0,he,zai-org/GLM-4.7-Flash,False
398,it,0,ko,zai-org/GLM-4.7-Flash,True
398,hi,0,ko,zai-org/GLM-4.7-Flash,False
23,en,0,he,zai-org/GLM-4.7-Flash,False
342,hi,0,ja,zai-org/GLM-4.7-Flash,False
23,id,0,he,zai-org/GLM-4.7-Flash,False
97,ja,0,de,zai-org/GLM-4.7-Flash,True
23,hi,0,he,zai-org/GLM-4.7-Flash,False
23,fr,0,he,zai-org/GLM-4.7-Flash,False
23,it,0,he,zai-org/GLM-4.7-Flash,True
294,hi,0,it,zai-org/GLM-4.7-Flash,False
23,de,0,he,zai-org/GLM-4.7-Flash,True
294,de,0,it,zai-org/GLM-4.7-Flash,False
97,hi,0,de,zai-org/GLM-4.7-Flash,False
294,fr,0,it,zai-org/GLM-4.7-Flash,False
342,id,0,ja,zai-org/GLM-4.7-Flash,False
37,hi,0,en,zai-org/GLM-4.7-Flash,False
183,en,0,fr,zai-org/GLM-4.7-Flash,False
294,id,0,it,zai-org/GLM-4.7-Flash,False
37,es,0,en,zai-org/GLM-4.7-Flash,False
352,zh,0,ja,zai-org/GLM-4.7-Flash,False
183,fr,0,fr,zai-org/GLM-4.7-Flash,False
183,it,0,fr,zai-org/GLM-4.7-Flash,False
23,ja,0,he,zai-org/GLM-4.7-Flash,False
23,zh,0,he,zai-org/GLM-4.7-Flash,False
246,en,0,hi,zai-org/GLM-4.7-Flash,False
202,de,0,hi,zai-org/GLM-4.7-Flash,True
183,de,0,fr,zai-org/GLM-4.7-Flash,False
37,en,0,en,zai-org/GLM-4.7-Flash,False
183,es,0,fr,zai-org/GLM-4.7-Flash,False
183,id,0,fr,zai-org/GLM-4.7-Flash,False
202,id,0,hi,zai-org/GLM-4.7-Flash,False
37,zh,0,en,zai-org/GLM-4.7-Flash,False
202,en,0,hi,zai-org/GLM-4.7-Flash,False
183,ja,0,fr,zai-org/GLM-4.7-Flash,False
246,fr,0,hi,zai-org/GLM-4.7-Flash,False
246,id,0,hi,zai-org/GLM-4.7-Flash,False
183,zh,0,fr,zai-org/GLM-4.7-Flash,False
294,ja,0,it,zai-org/GLM-4.7-Flash,False
246,es,0,hi,zai-org/GLM-4.7-Flash,False
291,fr,0,id,zai-org/GLM-4.7-Flash,False
294,es,0,it,zai-org/GLM-4.7-Flash,False
37,de,0,en,zai-org/GLM-4.7-Flash,False
291,en,0,id,zai-org/GLM-4.7-Flash,False
183,hi,0,fr,zai-org/GLM-4.7-Flash,False
246,de,0,hi,zai-org/GLM-4.7-Flash,False
291,de,0,id,zai-org/GLM-4.7-Flash,False
291,hi,0,id,zai-org/GLM-4.7-Flash,False
291,id,0,id,zai-org/GLM-4.7-Flash,False
202,ja,0,hi,zai-org/GLM-4.7-Flash,False
202,hi,0,hi,zai-org/GLM-4.7-Flash,False
294,en,0,it,zai-org/GLM-4.7-Flash,False
37,id,0,en,zai-org/GLM-4.7-Flash,False
246,ja,0,hi,zai-org/GLM-4.7-Flash,False
202,zh,0,hi,zai-org/GLM-4.7-Flash,True
291,es,0,id,zai-org/GLM-4.7-Flash,False
246,it,0,hi,zai-org/GLM-4.7-Flash,False
291,zh,0,id,zai-org/GLM-4.7-Flash,False
378,en,0,ko,zai-org/GLM-4.7-Flash,False
37,it,0,en,zai-org/GLM-4.7-Flash,False
125,en,0,es,zai-org/GLM-4.7-Flash,False
246,hi,0,hi,zai-org/GLM-4.7-Flash,False
378,id,0,ko,zai-org/GLM-4.7-Flash,False
378,es,0,ko,zai-org/GLM-4.7-Flash,False
37,ja,0,en,zai-org/GLM-4.7-Flash,False
291,it,0,id,zai-org/GLM-4.7-Flash,False
294,it,0,it,zai-org/GLM-4.7-Flash,False
246,zh,0,hi,zai-org/GLM-4.7-Flash,False
202,es,0,hi,zai-org/GLM-4.7-Flash,False
378,zh,0,ko,zai-org/GLM-4.7-Flash,False
125,de,0,es,zai-org/GLM-4.7-Flash,False
291,ja,0,id,zai-org/GLM-4.7-Flash,False
378,fr,0,ko,zai-org/GLM-4.7-Flash,False
202,fr,0,hi,zai-org/GLM-4.7-Flash,False
37,fr,0,en,zai-org/GLM-4.7-Flash,False
202,it,0,hi,zai-org/GLM-4.7-Flash,False
125,es,0,es,zai-org/GLM-4.7-Flash,False
125,id,0,es,zai-org/GLM-4.7-Flash,False
358,fr,0,ja,zai-org/GLM-4.7-Flash,True
398,ja,0,ko,zai-org/GLM-4.7-Flash,False
358,es,0,ja,zai-org/GLM-4.7-Flash,False
125,it,0,es,zai-org/GLM-4.7-Flash,False
358,zh,0,ja,zai-org/GLM-4.7-Flash,True
358,ja,0,ja,zai-org/GLM-4.7-Flash,True
378,ja,0,ko,zai-org/GLM-4.7-Flash,False
129,id,0,es,zai-org/GLM-4.7-Flash,False
129,ja,0,es,zai-org/GLM-4.7-Flash,False
358,hi,0,ja,zai-org/GLM-4.7-Flash,False
378,de,0,ko,zai-org/GLM-4.7-Flash,False
378,hi,0,ko,zai-org/GLM-4.7-Flash,False
129,en,0,es,zai-org/GLM-4.7-Flash,False
125,zh,0,es,zai-org/GLM-4.7-Flash,False
358,id,0,ja,zai-org/GLM-4.7-Flash,False
223,en,0,hi,zai-org/GLM-4.7-Flash,False
125,ja,0,es,zai-org/GLM-4.7-Flash,False
358,en,0,ja,zai-org/GLM-4.7-Flash,False
129,zh,0,es,zai-org/GLM-4.7-Flash,False
129,es,0,es,zai-org/GLM-4.7-Flash,False
314,de,0,it,zai-org/GLM-4.7-Flash,False
129,it,0,es,zai-org/GLM-4.7-Flash,False
129,fr,0,es,zai-org/GLM-4.7-Flash,False
314,en,0,it,zai-org/GLM-4.7-Flash,False
223,fr,0,hi,zai-org/GLM-4.7-Flash,False
129,de,0,es,zai-org/GLM-4.7-Flash,False
378,it,0,ko,zai-org/GLM-4.7-Flash,False
412,en,0,pt,zai-org/GLM-4.7-Flash,True
125,hi,0,es,zai-org/GLM-4.7-Flash,False
314,id,0,it,zai-org/GLM-4.7-Flash,False
314,it,0,it,zai-org/GLM-4.7-Flash,False
314,zh,0,it,zai-org/GLM-4.7-Flash,False
314,ja,0,it,zai-org/GLM-4.7-Flash,False
223,id,0,hi,zai-org/GLM-4.7-Flash,False
412,fr,0,pt,zai-org/GLM-4.7-Flash,True
223,ja,0,hi,zai-org/GLM-4.7-Flash,False
358,it,0,ja,zai-org/GLM-4.7-Flash,False
314,es,0,it,zai-org/GLM-4.7-Flash,False
412,es,0,pt,zai-org/GLM-4.7-Flash,True
223,zh,0,hi,zai-org/GLM-4.7-Flash,False
314,fr,0,it,zai-org/GLM-4.7-Flash,False
280,en,0,id,zai-org/GLM-4.7-Flash,False
412,de,0,pt,zai-org/GLM-4.7-Flash,True
280,fr,0,id,zai-org/GLM-4.7-Flash,False
129,hi,0,es,zai-org/GLM-4.7-Flash,False
390,es,0,ko,zai-org/GLM-4.7-Flash,False
223,it,0,hi,zai-org/GLM-4.7-Flash,False
412,it,0,pt,zai-org/GLM-4.7-Flash,True
280,it,0,id,zai-org/GLM-4.7-Flash,False
412,ja,0,pt,zai-org/GLM-4.7-Flash,True
412,id,0,pt,zai-org/GLM-4.7-Flash,False
390,en,0,ko,zai-org/GLM-4.7-Flash,False
223,es,0,hi,zai-org/GLM-4.7-Flash,False
412,hi,0,pt,zai-org/GLM-4.7-Flash,False
390,de,0,ko,zai-org/GLM-4.7-Flash,False
223,de,0,hi,zai-org/GLM-4.7-Flash,False
280,id,0,id,zai-org/GLM-4.7-Flash,False
280,ja,0,id,zai-org/GLM-4.7-Flash,False
314,hi,0,it,zai-org/GLM-4.7-Flash,False
398,de,0,ko,zai-org/GLM-4.7-Flash,True
280,de,0,id,zai-org/GLM-4.7-Flash,False
280,es,0,id,zai-org/GLM-4.7-Flash,False
280,hi,0,id,zai-org/GLM-4.7-Flash,False
325,en,0,it,zai-org/GLM-4.7-Flash,False
325,fr,0,it,zai-org/GLM-4.7-Flash,True
223,hi,0,hi,zai-org/GLM-4.7-Flash,False
390,ja,0,ko,zai-org/GLM-4.7-Flash,False
325,es,0,it,zai-org/GLM-4.7-Flash,False
486,en,0,zh,zai-org/GLM-4.7-Flash,False
325,id,0,it,zai-org/GLM-4.7-Flash,False
325,de,0,it,zai-org/GLM-4.7-Flash,False
325,it,0,it,zai-org/GLM-4.7-Flash,False
390,hi,0,ko,zai-org/GLM-4.7-Flash,False
390,id,0,ko,zai-org/GLM-4.7-Flash,False
325,ja,0,it,zai-org/GLM-4.7-Flash,False
390,fr,0,ko,zai-org/GLM-4.7-Flash,False
358,de,0,ja,zai-org/GLM-4.7-Flash,False
125,fr,0,es,zai-org/GLM-4.7-Flash,False
280,zh,0,id,zai-org/GLM-4.7-Flash,False
390,it,0,ko,zai-org/GLM-4.7-Flash,False
486,es,0,zh,zai-org/GLM-4.7-Flash,False
390,zh,0,ko,zai-org/GLM-4.7-Flash,False
498,de,0,zh,zai-org/GLM-4.7-Flash,False
325,hi,0,it,zai-org/GLM-4.7-Flash,False
365,en,0,ko,zai-org/GLM-4.7-Flash,False
325,zh,0,it,zai-org/GLM-4.7-Flash,False
365,id,0,ko,zai-org/GLM-4.7-Flash,False
486,fr,0,zh,zai-org/GLM-4.7-Flash,False
365,de,0,ko,zai-org/GLM-4.7-Flash,False
486,de,0,zh,zai-org/GLM-4.7-Flash,False
498,es,0,zh,zai-org/GLM-4.7-Flash,False
486,hi,0,zh,zai-org/GLM-4.7-Flash,False
486,it,0,zh,zai-org/GLM-4.7-Flash,False
486,id,0,zh,zai-org/GLM-4.7-Flash,False
486,ja,0,zh,zai-org/GLM-4.7-Flash,False
297,de,0,it,zai-org/GLM-4.7-Flash,False
486,zh,0,zh,zai-org/GLM-4.7-Flash,False
498,ja,0,zh,zai-org/GLM-4.7-Flash,False
297,fr,0,it,zai-org/GLM-4.7-Flash,True
365,zh,0,ko,zai-org/GLM-4.7-Flash,False
365,it,0,ko,zai-org/GLM-4.7-Flash,False
498,hi,0,zh,zai-org/GLM-4.7-Flash,False
297,it,0,it,zai-org/GLM-4.7-Flash,False
297,es,0,it,zai-org/GLM-4.7-Flash,False
297,en,0,it,zai-org/GLM-4.7-Flash,False
297,zh,0,it,zai-org/GLM-4.7-Flash,True
365,hi,0,ko,zai-org/GLM-4.7-Flash,False
297,id,0,it,zai-org/GLM-4.7-Flash,False
498,it,0,zh,zai-org/GLM-4.7-Flash,False
233,en,0,hi,zai-org/GLM-4.7-Flash,False
233,id,0,hi,zai-org/GLM-4.7-Flash,False
197,en,0,hi,zai-org/GLM-4.7-Flash,False
297,hi,0,it,zai-org/GLM-4.7-Flash,False
365,ja,0,ko,zai-org/GLM-4.7-Flash,False
498,zh,0,zh,zai-org/GLM-4.7-Flash,False
233,ja,0,hi,zai-org/GLM-4.7-Flash,False
498,id,0,zh,zai-org/GLM-4.7-Flash,False
297,ja,0,it,zai-org/GLM-4.7-Flash,False
197,zh,0,hi,zai-org/GLM-4.7-Flash,False
258,fr,0,id,zai-org/GLM-4.7-Flash,False
197,de,0,hi,zai-org/GLM-4.7-Flash,False
197,es,0,hi,zai-org/GLM-4.7-Flash,False
365,es,0,ko,zai-org/GLM-4.7-Flash,False
233,fr,0,hi,zai-org/GLM-4.7-Flash,True
136,en,0,es,zai-org/GLM-4.7-Flash,False
258,en,0,id,zai-org/GLM-4.7-Flash,False
136,fr,0,es,zai-org/GLM-4.7-Flash,False
136,de,0,es,zai-org/GLM-4.7-Flash,False
136,ja,0,es,zai-org/GLM-4.7-Flash,False
365,fr,0,ko,zai-org/GLM-4.7-Flash,False
258,de,0,id,zai-org/GLM-4.7-Flash,False
197,fr,0,hi,zai-org/GLM-4.7-Flash,False
197,it,0,hi,zai-org/GLM-4.7-Flash,False
258,es,0,id,zai-org/GLM-4.7-Flash,False
258,id,0,id,zai-org/GLM-4.7-Flash,False
136,zh,0,es,zai-org/GLM-4.7-Flash,False
233,it,0,hi,zai-org/GLM-4.7-Flash,False
258,it,0,id,zai-org/GLM-4.7-Flash,False
136,hi,0,es,zai-org/GLM-4.7-Flash,False
232,de,0,hi,zai-org/GLM-4.7-Flash,False
232,en,0,hi,zai-org/GLM-4.7-Flash,False
136,it,0,es,zai-org/GLM-4.7-Flash,False
197,ja,0,hi,zai-org/GLM-4.7-Flash,False
136,es,0,es,zai-org/GLM-4.7-Flash,False
258,ja,0,id,zai-org/GLM-4.7-Flash,False
232,es,0,hi,zai-org/GLM-4.7-Flash,False
333,de,0,ja,zai-org/GLM-4.7-Flash,False
232,fr,0,hi,zai-org/GLM-4.7-Flash,False
232,it,0,hi,zai-org/GLM-4.7-Flash,False
333,en,0,ja,zai-org/GLM-4.7-Flash,False
232,id,0,hi,zai-org/GLM-4.7-Flash,False
233,es,0,hi,zai-org/GLM-4.7-Flash,False
197,hi,0,hi,zai-org/GLM-4.7-Flash,False
333,es,0,ja,zai-org/GLM-4.7-Flash,False
333,ja,0,ja,zai-org/GLM-4.7-Flash,False
333,fr,0,ja,zai-org/GLM-4.7-Flash,False
333,zh,0,ja,zai-org/GLM-4.7-Flash,False
197,id,0,hi,zai-org/GLM-4.7-Flash,False
232,ja,0,hi,zai-org/GLM-4.7-Flash,True
333,id,0,ja,zai-org/GLM-4.7-Flash,False
232,zh,0,hi,zai-org/GLM-4.7-Flash,False
136,id,0,es,zai-org/GLM-4.7-Flash,False
258,zh,0,id,zai-org/GLM-4.7-Flash,False
233,zh,0,hi,zai-org/GLM-4.7-Flash,True
333,it,0,ja,zai-org/GLM-4.7-Flash,True
333,hi,0,ja,zai-org/GLM-4.7-Flash,False
258,hi,0,id,zai-org/GLM-4.7-Flash,False
224,es,0,hi,zai-org/GLM-4.7-Flash,True
224,fr,0,hi,zai-org/GLM-4.7-Flash,True
322,en,0,it,zai-org/GLM-4.7-Flash,False
224,zh,0,hi,zai-org/GLM-4.7-Flash,True
224,hi,0,hi,zai-org/GLM-4.7-Flash,False
127,en,0,es,zai-org/GLM-4.7-Flash,False
487,it,0,zh,zai-org/GLM-4.7-Flash,False
322,de,0,it,zai-org/GLM-4.7-Flash,False
487,id,0,zh,zai-org/GLM-4.7-Flash,False
487,en,0,zh,zai-org/GLM-4.7-Flash,False
487,de,0,zh,zai-org/GLM-4.7-Flash,False
487,fr,0,zh,zai-org/GLM-4.7-Flash,False
322,it,0,it,zai-org/GLM-4.7-Flash,False
322,id,0,it,zai-org/GLM-4.7-Flash,False
285,en,0,id,zai-org/GLM-4.7-Flash,True
224,de,0,hi,zai-org/GLM-4.7-Flash,True
498,fr,0,zh,zai-org/GLM-4.7-Flash,False
487,ja,0,zh,zai-org/GLM-4.7-Flash,False
127,fr,0,es,zai-org/GLM-4.7-Flash,True
322,ja,0,it,zai-org/GLM-4.7-Flash,False
127,de,0,es,zai-org/GLM-4.7-Flash,True
127,id,0,es,zai-org/GLM-4.7-Flash,False
487,zh,0,zh,zai-org/GLM-4.7-Flash,False
127,it,0,es,zai-org/GLM-4.7-Flash,True
127,ja,0,es,zai-org/GLM-4.7-Flash,False
322,es,0,it,zai-org/GLM-4.7-Flash,False
322,zh,0,it,zai-org/GLM-4.7-Flash,False
285,de,0,id,zai-org/GLM-4.7-Flash,False
224,ja,0,hi,zai-org/GLM-4.7-Flash,True
285,es,0,id,zai-org/GLM-4.7-Flash,True
232,hi,0,hi,zai-org/GLM-4.7-Flash,False
322,fr,0,it,zai-org/GLM-4.7-Flash,False
487,hi,0,zh,zai-org/GLM-4.7-Flash,False
285,fr,0,id,zai-org/GLM-4.7-Flash,True
107,de,0,es,zai-org/GLM-4.7-Flash,False
322,hi,0,it,zai-org/GLM-4.7-Flash,False
107,en,0,es,zai-org/GLM-4.7-Flash,False
285,id,0,id,zai-org/GLM-4.7-Flash,True
285,ja,0,id,zai-org/GLM-4.7-Flash,False
394,es,0,ko,zai-org/GLM-4.7-Flash,False
394,en,0,ko,zai-org/GLM-4.7-Flash,False
285,it,0,id,zai-org/GLM-4.7-Flash,True
394,de,0,ko,zai-org/GLM-4.7-Flash,False
107,es,0,es,zai-org/GLM-4.7-Flash,False
394,it,0,ko,zai-org/GLM-4.7-Flash,False
107,id,0,es,zai-org/GLM-4.7-Flash,False
107,fr,0,es,zai-org/GLM-4.7-Flash,False
107,it,0,es,zai-org/GLM-4.7-Flash,False
127,hi,0,es,zai-org/GLM-4.7-Flash,True
394,id,0,ko,zai-org/GLM-4.7-Flash,False
394,hi,0,ko,zai-org/GLM-4.7-Flash,False
107,zh,0,es,zai-org/GLM-4.7-Flash,False
394,zh,0,ko,zai-org/GLM-4.7-Flash,False
224,it,0,hi,zai-org/GLM-4.7-Flash,True
107,hi,0,es,zai-org/GLM-4.7-Flash,False
394,fr,0,ko,zai-org/GLM-4.7-Flash,False
107,ja,0,es,zai-org/GLM-4.7-Flash,False
224,en,0,hi,zai-org/GLM-4.7-Flash,False
487,es,0,zh,zai-org/GLM-4.7-Flash,False
285,zh,0,id,zai-org/GLM-4.7-Flash,True
127,zh,0,es,zai-org/GLM-4.7-Flash,True
354,en,0,ja,zai-org/GLM-4.7-Flash,False
498,en,0,zh,zai-org/GLM-4.7-Flash,False
285,hi,0,id,zai-org/GLM-4.7-Flash,False
311,en,0,it,zai-org/GLM-4.7-Flash,False
133,en,0,es,zai-org/GLM-4.7-Flash,False
311,fr,0,it,zai-org/GLM-4.7-Flash,True
133,es,0,es,zai-org/GLM-4.7-Flash,False
133,ja,0,es,zai-org/GLM-4.7-Flash,False
133,zh,0,es,zai-org/GLM-4.7-Flash,False
133,id,0,es,zai-org/GLM-4.7-Flash,False
133,de,0,es,zai-org/GLM-4.7-Flash,False
311,es,0,it,zai-org/GLM-4.7-Flash,False
133,fr,0,es,zai-org/GLM-4.7-Flash,False
354,es,0,ja,zai-org/GLM-4.7-Flash,False
347,fr,0,ja,zai-org/GLM-4.7-Flash,False
311,it,0,it,zai-org/GLM-4.7-Flash,True
354,ja,0,ja,zai-org/GLM-4.7-Flash,False
412,zh,0,pt,zai-org/GLM-4.7-Flash,False
127,es,0,es,zai-org/GLM-4.7-Flash,False
133,hi,0,es,zai-org/GLM-4.7-Flash,False
347,de,0,ja,zai-org/GLM-4.7-Flash,False
347,es,0,ja,zai-org/GLM-4.7-Flash,False
354,fr,0,ja,zai-org/GLM-4.7-Flash,False
133,it,0,es,zai-org/GLM-4.7-Flash,False
311,de,0,it,zai-org/GLM-4.7-Flash,True
311,id,0,it,zai-org/GLM-4.7-Flash,True
347,zh,0,ja,zai-org/GLM-4.7-Flash,False
311,hi,0,it,zai-org/GLM-4.7-Flash,True
311,zh,0,it,zai-org/GLM-4.7-Flash,True
354,de,0,ja,zai-org/GLM-4.7-Flash,False
347,id,0,ja,zai-org/GLM-4.7-Flash,False
354,it,0,ja,zai-org/GLM-4.7-Flash,False
311,ja,0,it,zai-org/GLM-4.7-Flash,False
347,ja,0,ja,zai-org/GLM-4.7-Flash,False
347,hi,0,ja,zai-org/GLM-4.7-Flash,False
65,en,0,en,zai-org/GLM-4.7-Flash,False
233,de,0,hi,zai-org/GLM-4.7-Flash,False
347,en,0,ja,zai-org/GLM-4.7-Flash,True
347,it,0,ja,zai-org/GLM-4.7-Flash,False
473,es,0,zh,zai-org/GLM-4.7-Flash,True
65,de,0,en,zai-org/GLM-4.7-Flash,False
65,it,0,en,zai-org/GLM-4.7-Flash,False
354,id,0,ja,zai-org/GLM-4.7-Flash,False
354,hi,0,ja,zai-org/GLM-4.7-Flash,False
65,zh,0,en,zai-org/GLM-4.7-Flash,False
85,en,0,de,zai-org/GLM-4.7-Flash,False
473,zh,0,zh,zai-org/GLM-4.7-Flash,True
65,ja,0,en,zai-org/GLM-4.7-Flash,False
85,es,0,de,zai-org/GLM-4.7-Flash,True
394,ja,0,ko,zai-org/GLM-4.7-Flash,False
65,id,0,en,zai-org/GLM-4.7-Flash,False
65,es,0,en,zai-org/GLM-4.7-Flash,False
44,ja,0,en,zai-org/GLM-4.7-Flash,False
65,fr,0,en,zai-org/GLM-4.7-Flash,False
85,id,0,de,zai-org/GLM-4.7-Flash,True
65,hi,0,en,zai-org/GLM-4.7-Flash,False
44,en,0,en,zai-org/GLM-4.7-Flash,False
186,en,0,hi,zai-org/GLM-4.7-Flash,False
44,zh,0,en,zai-org/GLM-4.7-Flash,False
473,ja,0,zh,zai-org/GLM-4.7-Flash,False
473,it,0,zh,zai-org/GLM-4.7-Flash,True
85,zh,0,de,zai-org/GLM-4.7-Flash,True
186,es,0,hi,zai-org/GLM-4.7-Flash,False
473,hi,0,zh,zai-org/GLM-4.7-Flash,False
85,it,0,de,zai-org/GLM-4.7-Flash,False
85,ja,0,de,zai-org/GLM-4.7-Flash,False
473,id,0,zh,zai-org/GLM-4.7-Flash,True
44,fr,0,en,zai-org/GLM-4.7-Flash,False
186,id,0,hi,zai-org/GLM-4.7-Flash,False
12,en,0,he,zai-org/GLM-4.7-Flash,False
44,de,0,en,zai-org/GLM-4.7-Flash,True
44,es,0,en,zai-org/GLM-4.7-Flash,False
12,hi,0,he,zai-org/GLM-4.7-Flash,False
44,it,0,en,zai-org/GLM-4.7-Flash,False
186,de,0,hi,zai-org/GLM-4.7-Flash,False
12,es,0,he,zai-org/GLM-4.7-Flash,False
473,fr,0,zh,zai-org/GLM-4.7-Flash,False
12,id,0,he,zai-org/GLM-4.7-Flash,False
12,de,0,he,zai-org/GLM-4.7-Flash,False
85,de,0,de,zai-org/GLM-4.7-Flash,True
186,fr,0,hi,zai-org/GLM-4.7-Flash,False
35,en,0,en,zai-org/GLM-4.7-Flash,False
186,it,0,hi,zai-org/GLM-4.7-Flash,False
12,it,0,he,zai-org/GLM-4.7-Flash,False
85,hi,0,de,zai-org/GLM-4.7-Flash,False
12,fr,0,he,zai-org/GLM-4.7-Flash,False
35,id,0,en,zai-org/GLM-4.7-Flash,False
186,zh,0,hi,zai-org/GLM-4.7-Flash,False
12,ja,0,he,zai-org/GLM-4.7-Flash,False
35,de,0,en,zai-org/GLM-4.7-Flash,False
35,fr,0,en,zai-org/GLM-4.7-Flash,False
12,zh,0,he,zai-org/GLM-4.7-Flash,False
186,hi,0,hi,zai-org/GLM-4.7-Flash,False
35,es,0,en,zai-org/GLM-4.7-Flash,False
186,ja,0,hi,zai-org/GLM-4.7-Flash,False
28,fr,0,he,zai-org/GLM-4.7-Flash,False
35,it,0,en,zai-org/GLM-4.7-Flash,False
224,id,0,hi,zai-org/GLM-4.7-Flash,False
142,en,0,es,zai-org/GLM-4.7-Flash,False
28,en,0,he,zai-org/GLM-4.7-Flash,False
142,de,0,es,zai-org/GLM-4.7-Flash,False
28,zh,0,he,zai-org/GLM-4.7-Flash,False
35,ja,0,en,zai-org/GLM-4.7-Flash,False
142,it,0,es,zai-org/GLM-4.7-Flash,False
85,fr,0,de,zai-org/GLM-4.7-Flash,False
35,zh,0,en,zai-org/GLM-4.7-Flash,False
28,es,0,he,zai-org/GLM-4.7-Flash,False
142,zh,0,es,zai-org/GLM-4.7-Flash,False
28,de,0,he,zai-org/GLM-4.7-Flash,False
28,id,0,he,zai-org/GLM-4.7-Flash,False
142,es,0,es,zai-org/GLM-4.7-Flash,False
28,ja,0,he,zai-org/GLM-4.7-Flash,False
142,ja,0,es,zai-org/GLM-4.7-Flash,False
381,es,0,ko,zai-org/GLM-4.7-Flash,False
28,it,0,he,zai-org/GLM-4.7-Flash,False
28,hi,0,he,zai-org/GLM-4.7-Flash,False
142,hi,0,es,zai-org/GLM-4.7-Flash,False
381,de,0,ko,zai-org/GLM-4.7-Flash,True
381,en,0,ko,zai-org/GLM-4.7-Flash,False
44,id,0,en,zai-org/GLM-4.7-Flash,False
142,fr,0,es,zai-org/GLM-4.7-Flash,False
351,ja,0,ja,zai-org/GLM-4.7-Flash,False
351,zh,0,ja,zai-org/GLM-4.7-Flash,False
142,id,0,es,zai-org/GLM-4.7-Flash,False
35,hi,0,en,zai-org/GLM-4.7-Flash,False
351,es,0,ja,zai-org/GLM-4.7-Flash,False
381,hi,0,ko,zai-org/GLM-4.7-Flash,True
381,ja,0,ko,zai-org/GLM-4.7-Flash,True
381,it,0,ko,zai-org/GLM-4.7-Flash,True
95,de,0,de,zai-org/GLM-4.7-Flash,False
294,zh,0,it,zai-org/GLM-4.7-Flash,True
351,id,0,ja,zai-org/GLM-4.7-Flash,False
351,de,0,ja,zai-org/GLM-4.7-Flash,False
354,zh,0,ja,zai-org/GLM-4.7-Flash,False
221,en,0,hi,zai-org/GLM-4.7-Flash,False
381,zh,0,ko,zai-org/GLM-4.7-Flash,True
95,en,0,de,zai-org/GLM-4.7-Flash,False
95,it,0,de,zai-org/GLM-4.7-Flash,False
351,it,0,ja,zai-org/GLM-4.7-Flash,False
95,es,0,de,zai-org/GLM-4.7-Flash,False
221,es,0,hi,zai-org/GLM-4.7-Flash,False
351,hi,0,ja,zai-org/GLM-4.7-Flash,False
351,fr,0,ja,zai-org/GLM-4.7-Flash,False
351,en,0,ja,zai-org/GLM-4.7-Flash,False
95,id,0,de,zai-org/GLM-4.7-Flash,False
221,hi,0,hi,zai-org/GLM-4.7-Flash,True
51,en,0,en,zai-org/GLM-4.7-Flash,False
221,fr,0,hi,zai-org/GLM-4.7-Flash,True
221,it,0,hi,zai-org/GLM-4.7-Flash,False
95,zh,0,de,zai-org/GLM-4.7-Flash,False
41,en,0,en,zai-org/GLM-4.7-Flash,False
51,fr,0,en,zai-org/GLM-4.7-Flash,False
51,de,0,en,zai-org/GLM-4.7-Flash,False
51,es,0,en,zai-org/GLM-4.7-Flash,False
95,fr,0,de,zai-org/GLM-4.7-Flash,True
221,ja,0,hi,zai-org/GLM-4.7-Flash,False
95,ja,0,de,zai-org/GLM-4.7-Flash,False
51,it,0,en,zai-org/GLM-4.7-Flash,False
371,en,0,ko,zai-org/GLM-4.7-Flash,False
51,id,0,en,zai-org/GLM-4.7-Flash,False
51,zh,0,en,zai-org/GLM-4.7-Flash,True
356,id,0,ja,zai-org/GLM-4.7-Flash,False
41,ja,0,en,zai-org/GLM-4.7-Flash,False
95,hi,0,de,zai-org/GLM-4.7-Flash,False
356,it,0,ja,zai-org/GLM-4.7-Flash,False
473,en,0,zh,zai-org/GLM-4.7-Flash,True
41,de,0,en,zai-org/GLM-4.7-Flash,False
356,hi,0,ja,zai-org/GLM-4.7-Flash,False
356,zh,0,ja,zai-org/GLM-4.7-Flash,False
371,es,0,ko,zai-org/GLM-4.7-Flash,False
41,id,0,en,zai-org/GLM-4.7-Flash,True
221,id,0,hi,zai-org/GLM-4.7-Flash,False
221,de,0,hi,zai-org/GLM-4.7-Flash,False
51,hi,0,en,zai-org/GLM-4.7-Flash,False
371,id,0,ko,zai-org/GLM-4.7-Flash,False
356,ja,0,ja,zai-org/GLM-4.7-Flash,False
356,de,0,ja,zai-org/GLM-4.7-Flash,False
371,fr,0,ko,zai-org/GLM-4.7-Flash,False
381,fr,0,ko,zai-org/GLM-4.7-Flash,False
371,zh,0,ko,zai-org/GLM-4.7-Flash,False
51,ja,0,en,zai-org/GLM-4.7-Flash,False
41,fr,0,en,zai-org/GLM-4.7-Flash,True
356,es,0,ja,zai-org/GLM-4.7-Flash,False
473,de,0,zh,zai-org/GLM-4.7-Flash,True
206,en,0,hi,zai-org/GLM-4.7-Flash,True
41,it,0,en,zai-org/GLM-4.7-Flash,False
356,fr,0,ja,zai-org/GLM-4.7-Flash,False
371,hi,0,ko,zai-org/GLM-4.7-Flash,False
371,de,0,ko,zai-org/GLM-4.7-Flash,False
282,en,0,id,zai-org/GLM-4.7-Flash,False
206,de,0,hi,zai-org/GLM-4.7-Flash,True
282,fr,0,id,zai-org/GLM-4.7-Flash,False
206,es,0,hi,zai-org/GLM-4.7-Flash,False
41,hi,0,en,zai-org/GLM-4.7-Flash,False
41,zh,0,en,zai-org/GLM-4.7-Flash,False
356,en,0,ja,zai-org/GLM-4.7-Flash,False
206,it,0,hi,zai-org/GLM-4.7-Flash,False
282,es,0,id,zai-org/GLM-4.7-Flash,False
371,ja,0,ko,zai-org/GLM-4.7-Flash,False
371,it,0,ko,zai-org/GLM-4.7-Flash,False
44,hi,0,en,zai-org/GLM-4.7-Flash,False
41,es,0,en,zai-org/GLM-4.7-Flash,False
395,en,0,ko,zai-org/GLM-4.7-Flash,False
206,zh,0,hi,zai-org/GLM-4.7-Flash,False
282,de,0,id,zai-org/GLM-4.7-Flash,False
221,zh,0,hi,zai-org/GLM-4.7-Flash,True
282,ja,0,id,zai-org/GLM-4.7-Flash,False
395,zh,0,ko,zai-org/GLM-4.7-Flash,True
4,en,0,he,zai-org/GLM-4.7-Flash,False
4,es,0,he,zai-org/GLM-4.7-Flash,False
4,it,0,he,zai-org/GLM-4.7-Flash,False
254,de,0,hi,zai-org/GLM-4.7-Flash,False
4,id,0,he,zai-org/GLM-4.7-Flash,False
282,id,0,id,zai-org/GLM-4.7-Flash,False
282,it,0,id,zai-org/GLM-4.7-Flash,False
395,fr,0,ko,zai-org/GLM-4.7-Flash,False
254,fr,0,hi,zai-org/GLM-4.7-Flash,False
256,en,0,id,zai-org/GLM-4.7-Flash,False
282,zh,0,id,zai-org/GLM-4.7-Flash,False
206,ja,0,hi,zai-org/GLM-4.7-Flash,False
395,de,0,ko,zai-org/GLM-4.7-Flash,False
4,zh,0,he,zai-org/GLM-4.7-Flash,False
428,en,0,pt,zai-org/GLM-4.7-Flash,False
395,it,0,ko,zai-org/GLM-4.7-Flash,False
254,ja,0,hi,zai-org/GLM-4.7-Flash,False
428,fr,0,pt,zai-org/GLM-4.7-Flash,False
4,fr,0,he,zai-org/GLM-4.7-Flash,False
254,hi,0,hi,zai-org/GLM-4.7-Flash,False
206,fr,0,hi,zai-org/GLM-4.7-Flash,False
256,de,0,id,zai-org/GLM-4.7-Flash,False
395,es,0,ko,zai-org/GLM-4.7-Flash,False
428,de,0,pt,zai-org/GLM-4.7-Flash,True
428,id,0,pt,zai-org/GLM-4.7-Flash,False
233,hi,0,hi,zai-org/GLM-4.7-Flash,False
254,en,0,hi,zai-org/GLM-4.7-Flash,False
254,es,0,hi,zai-org/GLM-4.7-Flash,False
254,zh,0,hi,zai-org/GLM-4.7-Flash,False
428,es,0,pt,zai-org/GLM-4.7-Flash,False
254,it,0,hi,zai-org/GLM-4.7-Flash,False
254,id,0,hi,zai-org/GLM-4.7-Flash,False
4,ja,0,he,zai-org/GLM-4.7-Flash,False
428,it,0,pt,zai-org/GLM-4.7-Flash,False
256,zh,0,id,zai-org/GLM-4.7-Flash,False
256,fr,0,id,zai-org/GLM-4.7-Flash,False
395,ja,0,ko,zai-org/GLM-4.7-Flash,True
4,hi,0,he,zai-org/GLM-4.7-Flash,False
428,hi,0,pt,zai-org/GLM-4.7-Flash,False
428,ja,0,pt,zai-org/GLM-4.7-Flash,False
256,ja,0,id,zai-org/GLM-4.7-Flash,False
226,en,0,hi,zai-org/GLM-4.7-Flash,False
213,en,0,hi,zai-org/GLM-4.7-Flash,False
256,it,0,id,zai-org/GLM-4.7-Flash,False
213,zh,0,hi,zai-org/GLM-4.7-Flash,False
256,id,0,id,zai-org/GLM-4.7-Flash,False
213,es,0,hi,zai-org/GLM-4.7-Flash,False
213,it,0,hi,zai-org/GLM-4.7-Flash,False
171,es,0,fr,zai-org/GLM-4.7-Flash,False
171,en,0,fr,zai-org/GLM-4.7-Flash,False
226,de,0,hi,zai-org/GLM-4.7-Flash,False
171,id,0,fr,zai-org/GLM-4.7-Flash,False
206,id,0,hi,zai-org/GLM-4.7-Flash,False
171,fr,0,fr,zai-org/GLM-4.7-Flash,False
213,de,0,hi,zai-org/GLM-4.7-Flash,False
4,de,0,he,zai-org/GLM-4.7-Flash,False
171,de,0,fr,zai-org/GLM-4.7-Flash,False
428,zh,0,pt,zai-org/GLM-4.7-Flash,False
226,hi,0,hi,zai-org/GLM-4.7-Flash,False
213,id,0,hi,zai-org/GLM-4.7-Flash,False
171,it,0,fr,zai-org/GLM-4.7-Flash,False
213,fr,0,hi,zai-org/GLM-4.7-Flash,False
292,en,0,id,zai-org/GLM-4.7-Flash,False
226,it,0,hi,zai-org/GLM-4.7-Flash,False
171,ja,0,fr,zai-org/GLM-4.7-Flash,False
256,hi,0,id,zai-org/GLM-4.7-Flash,False
213,ja,0,hi,zai-org/GLM-4.7-Flash,False
256,es,0,id,zai-org/GLM-4.7-Flash,False
292,fr,0,id,zai-org/GLM-4.7-Flash,False
292,de,0,id,zai-org/GLM-4.7-Flash,False
171,hi,0,fr,zai-org/GLM-4.7-Flash,False
213,hi,0,hi,zai-org/GLM-4.7-Flash,False
226,zh,0,hi,zai-org/GLM-4.7-Flash,False
292,ja,0,id,zai-org/GLM-4.7-Flash,False
292,id,0,id,zai-org/GLM-4.7-Flash,False
61,en,0,en,zai-org/GLM-4.7-Flash,False
292,zh,0,id,zai-org/GLM-4.7-Flash,False
226,id,0,hi,zai-org/GLM-4.7-Flash,False
282,hi,0,id,zai-org/GLM-4.7-Flash,False
292,es,0,id,zai-org/GLM-4.7-Flash,False
47,en,0,en,zai-org/GLM-4.7-Flash,False
61,es,0,en,zai-org/GLM-4.7-Flash,False
215,en,0,hi,zai-org/GLM-4.7-Flash,True
206,hi,0,hi,zai-org/GLM-4.7-Flash,False
226,es,0,hi,zai-org/GLM-4.7-Flash,False
226,fr,0,hi,zai-org/GLM-4.7-Flash,False
61,de,0,en,zai-org/GLM-4.7-Flash,False
47,fr,0,en,zai-org/GLM-4.7-Flash,False
47,de,0,en,zai-org/GLM-4.7-Flash,False
61,fr,0,en,zai-org/GLM-4.7-Flash,False
171,zh,0,fr,zai-org/GLM-4.7-Flash,False
215,hi,0,hi,zai-org/GLM-4.7-Flash,False
215,it,0,hi,zai-org/GLM-4.7-Flash,False
61,it,0,en,zai-org/GLM-4.7-Flash,False
47,zh,0,en,zai-org/GLM-4.7-Flash,False
47,it,0,en,zai-org/GLM-4.7-Flash,False
32,en,0,en,zai-org/GLM-4.7-Flash,False
47,ja,0,en,zai-org/GLM-4.7-Flash,False
215,fr,0,hi,zai-org/GLM-4.7-Flash,False
47,es,0,en,zai-org/GLM-4.7-Flash,False
47,id,0,en,zai-org/GLM-4.7-Flash,False
61,zh,0,en,zai-org/GLM-4.7-Flash,False
61,id,0,en,zai-org/GLM-4.7-Flash,False
226,ja,0,hi,zai-org/GLM-4.7-Flash,False
61,ja,0,en,zai-org/GLM-4.7-Flash,False
32,de,0,en,zai-org/GLM-4.7-Flash,False
32,fr,0,en,zai-org/GLM-4.7-Flash,False
292,it,0,id,zai-org/GLM-4.7-Flash,False
61,hi,0,en,zai-org/GLM-4.7-Flash,False
32,id,0,en,zai-org/GLM-4.7-Flash,False
32,es,0,en,zai-org/GLM-4.7-Flash,False
32,it,0,en,zai-org/GLM-4.7-Flash,False
292,hi,0,id,zai-org/GLM-4.7-Flash,False
215,id,0,hi,zai-org/GLM-4.7-Flash,False
215,de,0,hi,zai-org/GLM-4.7-Flash,False
215,es,0,hi,zai-org/GLM-4.7-Flash,False
47,hi,0,en,zai-org/GLM-4.7-Flash,False
32,ja,0,en,zai-org/GLM-4.7-Flash,False
32,hi,0,en,zai-org/GLM-4.7-Flash,False
426,id,0,pt,zai-org/GLM-4.7-Flash,False
27,en,0,he,zai-org/GLM-4.7-Flash,False
426,en,0,pt,zai-org/GLM-4.7-Flash,False
426,de,0,pt,zai-org/GLM-4.7-Flash,False
27,ja,0,he,zai-org/GLM-4.7-Flash,False
200,id,0,hi,zai-org/GLM-4.7-Flash,False
426,es,0,pt,zai-org/GLM-4.7-Flash,False
267,en,0,id,zai-org/GLM-4.7-Flash,False
267,fr,0,id,zai-org/GLM-4.7-Flash,False
373,en,0,ko,zai-org/GLM-4.7-Flash,False
426,it,0,pt,zai-org/GLM-4.7-Flash,False
426,fr,0,pt,zai-org/GLM-4.7-Flash,False
267,hi,0,id,zai-org/GLM-4.7-Flash,False
426,zh,0,pt,zai-org/GLM-4.7-Flash,False
267,de,0,id,zai-org/GLM-4.7-Flash,False
395,id,0,ko,zai-org/GLM-4.7-Flash,False
200,de,0,hi,zai-org/GLM-4.7-Flash,False
27,id,0,he,zai-org/GLM-4.7-Flash,True
426,ja,0,pt,zai-org/GLM-4.7-Flash,False
200,es,0,hi,zai-org/GLM-4.7-Flash,False
27,zh,0,he,zai-org/GLM-4.7-Flash,False
200,en,0,hi,zai-org/GLM-4.7-Flash,False
27,es,0,he,zai-org/GLM-4.7-Flash,False
373,de,0,ko,zai-org/GLM-4.7-Flash,False
373,es,0,ko,zai-org/GLM-4.7-Flash,False
215,ja,0,hi,zai-org/GLM-4.7-Flash,True
267,es,0,id,zai-org/GLM-4.7-Flash,False
32,zh,0,en,zai-org/GLM-4.7-Flash,False
27,fr,0,he,zai-org/GLM-4.7-Flash,False
267,it,0,id,zai-org/GLM-4.7-Flash,False
200,it,0,hi,zai-org/GLM-4.7-Flash,False
426,hi,0,pt,zai-org/GLM-4.7-Flash,False
373,fr,0,ko,zai-org/GLM-4.7-Flash,False
200,hi,0,hi,zai-org/GLM-4.7-Flash,False
373,ja,0,ko,zai-org/GLM-4.7-Flash,False
373,id,0,ko,zai-org/GLM-4.7-Flash,False
27,de,0,he,zai-org/GLM-4.7-Flash,False
230,en,0,hi,zai-org/GLM-4.7-Flash,False
200,ja,0,hi,zai-org/GLM-4.7-Flash,False
230,fr,0,hi,zai-org/GLM-4.7-Flash,False
267,ja,0,id,zai-org/GLM-4.7-Flash,True
200,zh,0,hi,zai-org/GLM-4.7-Flash,False
260,zh,0,id,zai-org/GLM-4.7-Flash,False
260,es,0,id,zai-org/GLM-4.7-Flash,False
260,de,0,id,zai-org/GLM-4.7-Flash,True
373,hi,0,ko,zai-org/GLM-4.7-Flash,False
288,it,0,id,zai-org/GLM-4.7-Flash,False
373,zh,0,ko,zai-org/GLM-4.7-Flash,False
288,de,0,id,zai-org/GLM-4.7-Flash,False
200,fr,0,hi,zai-org/GLM-4.7-Flash,False
260,it,0,id,zai-org/GLM-4.7-Flash,False
27,hi,0,he,zai-org/GLM-4.7-Flash,False
230,de,0,hi,zai-org/GLM-4.7-Flash,False
260,id,0,id,zai-org/GLM-4.7-Flash,False
230,es,0,hi,zai-org/GLM-4.7-Flash,False
230,id,0,hi,zai-org/GLM-4.7-Flash,False
260,en,0,id,zai-org/GLM-4.7-Flash,False
260,fr,0,id,zai-org/GLM-4.7-Flash,False
162,de,0,fr,zai-org/GLM-4.7-Flash,False
230,zh,0,hi,zai-org/GLM-4.7-Flash,False
230,ja,0,hi,zai-org/GLM-4.7-Flash,False
288,zh,0,id,zai-org/GLM-4.7-Flash,False
230,it,0,hi,zai-org/GLM-4.7-Flash,False
288,en,0,id,zai-org/GLM-4.7-Flash,False
395,hi,0,ko,zai-org/GLM-4.7-Flash,False
406,fr,0,pt,zai-org/GLM-4.7-Flash,False
373,it,0,ko,zai-org/GLM-4.7-Flash,False
162,es,0,fr,zai-org/GLM-4.7-Flash,False
288,fr,0,id,zai-org/GLM-4.7-Flash,True
162,en,0,fr,zai-org/GLM-4.7-Flash,False
288,ja,0,id,zai-org/GLM-4.7-Flash,False
260,hi,0,id,zai-org/GLM-4.7-Flash,False
406,en,0,pt,zai-org/GLM-4.7-Flash,False
260,ja,0,id,zai-org/GLM-4.7-Flash,False
27,it,0,he,zai-org/GLM-4.7-Flash,False
406,de,0,pt,zai-org/GLM-4.7-Flash,False
230,hi,0,hi,zai-org/GLM-4.7-Flash,False
406,id,0,pt,zai-org/GLM-4.7-Flash,False
162,id,0,fr,zai-org/GLM-4.7-Flash,False
162,zh,0,fr,zai-org/GLM-4.7-Flash,False
162,it,0,fr,zai-org/GLM-4.7-Flash,False
406,es,0,pt,zai-org/GLM-4.7-Flash,False
406,it,0,pt,zai-org/GLM-4.7-Flash,False
288,hi,0,id,zai-org/GLM-4.7-Flash,True
162,fr,0,fr,zai-org/GLM-4.7-Flash,False
135,en,0,es,zai-org/GLM-4.7-Flash,False
162,ja,0,fr,zai-org/GLM-4.7-Flash,False
288,id,0,id,zai-org/GLM-4.7-Flash,False
406,zh,0,pt,zai-org/GLM-4.7-Flash,False
406,ja,0,pt,zai-org/GLM-4.7-Flash,False
135,es,0,es,zai-org/GLM-4.7-Flash,False
62,en,0,en,zai-org/GLM-4.7-Flash,True
135,id,0,es,zai-org/GLM-4.7-Flash,False
406,hi,0,pt,zai-org/GLM-4.7-Flash,False
135,it,0,es,zai-org/GLM-4.7-Flash,False
62,hi,0,en,zai-org/GLM-4.7-Flash,False
128,en,0,es,zai-org/GLM-4.7-Flash,False
135,fr,0,es,zai-org/GLM-4.7-Flash,False
135,hi,0,es,zai-org/GLM-4.7-Flash,False
128,es,0,es,zai-org/GLM-4.7-Flash,False
488,en,0,zh,zai-org/GLM-4.7-Flash,False
62,it,0,en,zai-org/GLM-4.7-Flash,True
215,zh,0,hi,zai-org/GLM-4.7-Flash,False
488,es,0,zh,zai-org/GLM-4.7-Flash,False
488,de,0,zh,zai-org/GLM-4.7-Flash,True
8,en,0,he,zai-org/GLM-4.7-Flash,False
488,zh,0,zh,zai-org/GLM-4.7-Flash,False
135,ja,0,es,zai-org/GLM-4.7-Flash,False
488,it,0,zh,zai-org/GLM-4.7-Flash,False
62,es,0,en,zai-org/GLM-4.7-Flash,False
381,id,0,ko,zai-org/GLM-4.7-Flash,False
8,it,0,he,zai-org/GLM-4.7-Flash,False
8,de,0,he,zai-org/GLM-4.7-Flash,False
488,fr,0,zh,zai-org/GLM-4.7-Flash,False
326,es,0,it,zai-org/GLM-4.7-Flash,False
128,id,0,es,zai-org/GLM-4.7-Flash,False
8,id,0,he,zai-org/GLM-4.7-Flash,False
8,fr,0,he,zai-org/GLM-4.7-Flash,False
62,id,0,en,zai-org/GLM-4.7-Flash,False
326,it,0,it,zai-org/GLM-4.7-Flash,False
8,es,0,he,zai-org/GLM-4.7-Flash,False
326,en,0,it,zai-org/GLM-4.7-Flash,False
326,fr,0,it,zai-org/GLM-4.7-Flash,False
8,hi,0,he,zai-org/GLM-4.7-Flash,False
135,de,0,es,zai-org/GLM-4.7-Flash,False
488,hi,0,zh,zai-org/GLM-4.7-Flash,False
162,hi,0,fr,zai-org/GLM-4.7-Flash,False
326,zh,0,it,zai-org/GLM-4.7-Flash,False
62,fr,0,en,zai-org/GLM-4.7-Flash,False
488,id,0,zh,zai-org/GLM-4.7-Flash,False
128,ja,0,es,zai-org/GLM-4.7-Flash,False
267,id,0,id,zai-org/GLM-4.7-Flash,False
8,zh,0,he,zai-org/GLM-4.7-Flash,False
326,hi,0,it,zai-org/GLM-4.7-Flash,False
326,id,0,it,zai-org/GLM-4.7-Flash,False
326,de,0,it,zai-org/GLM-4.7-Flash,False
128,it,0,es,zai-org/GLM-4.7-Flash,False
64,en,0,en,zai-org/GLM-4.7-Flash,False
62,zh,0,en,zai-org/GLM-4.7-Flash,False
476,es,0,zh,zai-org/GLM-4.7-Flash,False
128,de,0,es,zai-org/GLM-4.7-Flash,True
64,es,0,en,zai-org/GLM-4.7-Flash,False
8,ja,0,he,zai-org/GLM-4.7-Flash,False
476,de,0,zh,zai-org/GLM-4.7-Flash,False
300,en,0,it,zai-org/GLM-4.7-Flash,False
128,hi,0,es,zai-org/GLM-4.7-Flash,False
476,ja,0,zh,zai-org/GLM-4.7-Flash,False
135,zh,0,es,zai-org/GLM-4.7-Flash,False
300,de,0,it,zai-org/GLM-4.7-Flash,False
476,zh,0,zh,zai-org/GLM-4.7-Flash,False
128,zh,0,es,zai-org/GLM-4.7-Flash,False
476,id,0,zh,zai-org/GLM-4.7-Flash,False
476,it,0,zh,zai-org/GLM-4.7-Flash,False
64,hi,0,en,zai-org/GLM-4.7-Flash,False
64,id,0,en,zai-org/GLM-4.7-Flash,False
14,en,0,he,zai-org/GLM-4.7-Flash,True
300,fr,0,it,zai-org/GLM-4.7-Flash,False
128,fr,0,es,zai-org/GLM-4.7-Flash,False
476,en,0,zh,zai-org/GLM-4.7-Flash,False
300,es,0,it,zai-org/GLM-4.7-Flash,False
64,zh,0,en,zai-org/GLM-4.7-Flash,False
64,ja,0,en,zai-org/GLM-4.7-Flash,False
300,ja,0,it,zai-org/GLM-4.7-Flash,False
300,it,0,it,zai-org/GLM-4.7-Flash,False
156,en,0,fr,zai-org/GLM-4.7-Flash,False
300,zh,0,it,zai-org/GLM-4.7-Flash,False
64,it,0,en,zai-org/GLM-4.7-Flash,False
14,es,0,he,zai-org/GLM-4.7-Flash,True
14,ja,0,he,zai-org/GLM-4.7-Flash,True
62,ja,0,en,zai-org/GLM-4.7-Flash,False
300,id,0,it,zai-org/GLM-4.7-Flash,False
156,de,0,fr,zai-org/GLM-4.7-Flash,False
476,fr,0,zh,zai-org/GLM-4.7-Flash,False
156,it,0,fr,zai-org/GLM-4.7-Flash,True
156,ja,0,fr,zai-org/GLM-4.7-Flash,False
156,fr,0,fr,zai-org/GLM-4.7-Flash,True
14,fr,0,he,zai-org/GLM-4.7-Flash,False
437,de,0,pt,zai-org/GLM-4.7-Flash,False
40,es,0,en,zai-org/GLM-4.7-Flash,False
14,id,0,he,zai-org/GLM-4.7-Flash,False
300,hi,0,it,zai-org/GLM-4.7-Flash,False
156,id,0,fr,zai-org/GLM-4.7-Flash,False
437,fr,0,pt,zai-org/GLM-4.7-Flash,False
14,hi,0,he,zai-org/GLM-4.7-Flash,False
156,zh,0,fr,zai-org/GLM-4.7-Flash,False
488,ja,0,zh,zai-org/GLM-4.7-Flash,False
437,es,0,pt,zai-org/GLM-4.7-Flash,False
40,en,0,en,zai-org/GLM-4.7-Flash,False
156,es,0,fr,zai-org/GLM-4.7-Flash,False
437,en,0,pt,zai-org/GLM-4.7-Flash,False
14,it,0,he,zai-org/GLM-4.7-Flash,False
437,ja,0,pt,zai-org/GLM-4.7-Flash,False
476,hi,0,zh,zai-org/GLM-4.7-Flash,False
40,it,0,en,zai-org/GLM-4.7-Flash,False
40,de,0,en,zai-org/GLM-4.7-Flash,False
40,zh,0,en,zai-org/GLM-4.7-Flash,False
40,id,0,en,zai-org/GLM-4.7-Flash,False
437,id,0,pt,zai-org/GLM-4.7-Flash,False
40,fr,0,en,zai-org/GLM-4.7-Flash,False
14,zh,0,he,zai-org/GLM-4.7-Flash,True
437,zh,0,pt,zai-org/GLM-4.7-Flash,False
40,ja,0,en,zai-org/GLM-4.7-Flash,False
156,hi,0,fr,zai-org/GLM-4.7-Flash,False
437,it,0,pt,zai-org/GLM-4.7-Flash,False
267,zh,0,id,zai-org/GLM-4.7-Flash,True
40,hi,0,en,zai-org/GLM-4.7-Flash,False
216,en,0,hi,zai-org/GLM-4.7-Flash,False
414,en,0,pt,zai-org/GLM-4.7-Flash,False
216,id,0,hi,zai-org/GLM-4.7-Flash,False
216,fr,0,hi,zai-org/GLM-4.7-Flash,False
288,es,0,id,zai-org/GLM-4.7-Flash,False
414,id,0,pt,zai-org/GLM-4.7-Flash,False
326,ja,0,it,zai-org/GLM-4.7-Flash,False
279,en,0,id,zai-org/GLM-4.7-Flash,False
414,zh,0,pt,zai-org/GLM-4.7-Flash,False
414,fr,0,pt,zai-org/GLM-4.7-Flash,False
14,de,0,he,zai-org/GLM-4.7-Flash,False
216,zh,0,hi,zai-org/GLM-4.7-Flash,False
386,zh,0,ko,zai-org/GLM-4.7-Flash,True
414,es,0,pt,zai-org/GLM-4.7-Flash,False
279,ja,0,id,zai-org/GLM-4.7-Flash,False
414,ja,0,pt,zai-org/GLM-4.7-Flash,False
386,id,0,ko,zai-org/GLM-4.7-Flash,False
414,de,0,pt,zai-org/GLM-4.7-Flash,False
386,de,0,ko,zai-org/GLM-4.7-Flash,False
216,ja,0,hi,zai-org/GLM-4.7-Flash,False
64,de,0,en,zai-org/GLM-4.7-Flash,True
410,fr,0,pt,zai-org/GLM-4.7-Flash,False
216,it,0,hi,zai-org/GLM-4.7-Flash,False
279,id,0,id,zai-org/GLM-4.7-Flash,False
216,es,0,hi,zai-org/GLM-4.7-Flash,False
410,de,0,pt,zai-org/GLM-4.7-Flash,False
410,it,0,pt,zai-org/GLM-4.7-Flash,False
279,it,0,id,zai-org/GLM-4.7-Flash,False
279,de,0,id,zai-org/GLM-4.7-Flash,False
337,es,0,ja,zai-org/GLM-4.7-Flash,False
337,de,0,ja,zai-org/GLM-4.7-Flash,False
410,id,0,pt,zai-org/GLM-4.7-Flash,False
386,es,0,ko,zai-org/GLM-4.7-Flash,True
337,en,0,ja,zai-org/GLM-4.7-Flash,False
216,hi,0,hi,zai-org/GLM-4.7-Flash,False
279,fr,0,id,zai-org/GLM-4.7-Flash,False
279,es,0,id,zai-org/GLM-4.7-Flash,False
410,zh,0,pt,zai-org/GLM-4.7-Flash,False
279,zh,0,id,zai-org/GLM-4.7-Flash,False
337,ja,0,ja,zai-org/GLM-4.7-Flash,False
216,de,0,hi,zai-org/GLM-4.7-Flash,False
386,hi,0,ko,zai-org/GLM-4.7-Flash,False
236,fr,0,hi,zai-org/GLM-4.7-Flash,True
337,zh,0,ja,zai-org/GLM-4.7-Flash,False
279,hi,0,id,zai-org/GLM-4.7-Flash,False
410,ja,0,pt,zai-org/GLM-4.7-Flash,False
414,hi,0,pt,zai-org/GLM-4.7-Flash,False
236,en,0,hi,zai-org/GLM-4.7-Flash,True
386,en,0,ko,zai-org/GLM-4.7-Flash,False
414,it,0,pt,zai-org/GLM-4.7-Flash,False
410,hi,0,pt,zai-org/GLM-4.7-Flash,False
337,it,0,ja,zai-org/GLM-4.7-Flash,False
337,id,0,ja,zai-org/GLM-4.7-Flash,False
386,fr,0,ko,zai-org/GLM-4.7-Flash,True
337,fr,0,ja,zai-org/GLM-4.7-Flash,False
236,es,0,hi,zai-org/GLM-4.7-Flash,True
236,it,0,hi,zai-org/GLM-4.7-Flash,True
386,ja,0,ko,zai-org/GLM-4.7-Flash,True
236,id,0,hi,zai-org/GLM-4.7-Flash,True
410,es,0,pt,zai-org/GLM-4.7-Flash,False
337,hi,0,ja,zai-org/GLM-4.7-Flash,False
236,ja,0,hi,zai-org/GLM-4.7-Flash,False
295,fr,0,it,zai-org/GLM-4.7-Flash,False
410,en,0,pt,zai-org/GLM-4.7-Flash,True
236,zh,0,hi,zai-org/GLM-4.7-Flash,False
295,ja,0,it,zai-org/GLM-4.7-Flash,False
295,it,0,it,zai-org/GLM-4.7-Flash,False
236,hi,0,hi,zai-org/GLM-4.7-Flash,False
64,fr,0,en,zai-org/GLM-4.7-Flash,False
295,id,0,it,zai-org/GLM-4.7-Flash,False
212,fr,0,hi,zai-org/GLM-4.7-Flash,True
295,en,0,it,zai-org/GLM-4.7-Flash,False
212,id,0,hi,zai-org/GLM-4.7-Flash,False
207,hi,0,hi,zai-org/GLM-4.7-Flash,True
212,es,0,hi,zai-org/GLM-4.7-Flash,True
437,hi,0,pt,zai-org/GLM-4.7-Flash,True
207,es,0,hi,zai-org/GLM-4.7-Flash,False
509,en,0,zh,zai-org/GLM-4.7-Flash,False
295,zh,0,it,zai-org/GLM-4.7-Flash,False
251,it,0,hi,zai-org/GLM-4.7-Flash,False
295,es,0,it,zai-org/GLM-4.7-Flash,False
386,it,0,ko,zai-org/GLM-4.7-Flash,False
207,fr,0,hi,zai-org/GLM-4.7-Flash,False
509,zh,0,zh,zai-org/GLM-4.7-Flash,False
212,en,0,hi,zai-org/GLM-4.7-Flash,False
295,de,0,it,zai-org/GLM-4.7-Flash,False
251,de,0,hi,zai-org/GLM-4.7-Flash,False
251,id,0,hi,zai-org/GLM-4.7-Flash,False
251,en,0,hi,zai-org/GLM-4.7-Flash,False
295,hi,0,it,zai-org/GLM-4.7-Flash,False
251,ja,0,hi,zai-org/GLM-4.7-Flash,False
251,es,0,hi,zai-org/GLM-4.7-Flash,False
509,fr,0,zh,zai-org/GLM-4.7-Flash,False
509,id,0,zh,zai-org/GLM-4.7-Flash,False
207,ja,0,hi,zai-org/GLM-4.7-Flash,False
251,fr,0,hi,zai-org/GLM-4.7-Flash,False
251,zh,0,hi,zai-org/GLM-4.7-Flash,False
509,it,0,zh,zai-org/GLM-4.7-Flash,False
509,ja,0,zh,zai-org/GLM-4.7-Flash,False
62,de,0,en,zai-org/GLM-4.7-Flash,True
500,es,0,zh,zai-org/GLM-4.7-Flash,False
207,en,0,hi,zai-org/GLM-4.7-Flash,False
500,id,0,zh,zai-org/GLM-4.7-Flash,False
509,es,0,zh,zai-org/GLM-4.7-Flash,False
509,de,0,zh,zai-org/GLM-4.7-Flash,False
436,it,0,pt,zai-org/GLM-4.7-Flash,False
436,es,0,pt,zai-org/GLM-4.7-Flash,False
212,ja,0,hi,zai-org/GLM-4.7-Flash,False
436,de,0,pt,zai-org/GLM-4.7-Flash,False
212,zh,0,hi,zai-org/GLM-4.7-Flash,True
436,en,0,pt,zai-org/GLM-4.7-Flash,False
303,hi,0,it,zai-org/GLM-4.7-Flash,False
500,hi,0,zh,zai-org/GLM-4.7-Flash,False
436,id,0,pt,zai-org/GLM-4.7-Flash,False
500,it,0,zh,zai-org/GLM-4.7-Flash,False
350,en,0,ja,zai-org/GLM-4.7-Flash,False
303,de,0,it,zai-org/GLM-4.7-Flash,False
436,zh,0,pt,zai-org/GLM-4.7-Flash,False
500,de,0,zh,zai-org/GLM-4.7-Flash,False
500,fr,0,zh,zai-org/GLM-4.7-Flash,False
350,it,0,ja,zai-org/GLM-4.7-Flash,False
350,fr,0,ja,zai-org/GLM-4.7-Flash,False
251,hi,0,hi,zai-org/GLM-4.7-Flash,False
436,ja,0,pt,zai-org/GLM-4.7-Flash,False
436,fr,0,pt,zai-org/GLM-4.7-Flash,False
303,ja,0,it,zai-org/GLM-4.7-Flash,False
303,id,0,it,zai-org/GLM-4.7-Flash,False
350,de,0,ja,zai-org/GLM-4.7-Flash,False
350,ja,0,ja,zai-org/GLM-4.7-Flash,False
207,zh,0,hi,zai-org/GLM-4.7-Flash,False
303,es,0,it,zai-org/GLM-4.7-Flash,False
303,it,0,it,zai-org/GLM-4.7-Flash,False
500,en,0,zh,zai-org/GLM-4.7-Flash,False
303,fr,0,it,zai-org/GLM-4.7-Flash,False
350,zh,0,ja,zai-org/GLM-4.7-Flash,False
436,hi,0,pt,zai-org/GLM-4.7-Flash,False
350,id,0,ja,zai-org/GLM-4.7-Flash,False
269,it,0,id,zai-org/GLM-4.7-Flash,False
207,id,0,hi,zai-org/GLM-4.7-Flash,False
269,fr,0,id,zai-org/GLM-4.7-Flash,False
509,hi,0,zh,zai-org/GLM-4.7-Flash,False
350,es,0,ja,zai-org/GLM-4.7-Flash,False
269,de,0,id,zai-org/GLM-4.7-Flash,False
212,it,0,hi,zai-org/GLM-4.7-Flash,False
201,en,0,hi,zai-org/GLM-4.7-Flash,False
201,es,0,hi,zai-org/GLM-4.7-Flash,False
269,ja,0,id,zai-org/GLM-4.7-Flash,False
269,hi,0,id,zai-org/GLM-4.7-Flash,False
269,id,0,id,zai-org/GLM-4.7-Flash,False
269,en,0,id,zai-org/GLM-4.7-Flash,False
500,zh,0,zh,zai-org/GLM-4.7-Flash,True
303,en,0,it,zai-org/GLM-4.7-Flash,False
201,fr,0,hi,zai-org/GLM-4.7-Flash,False
269,es,0,id,zai-org/GLM-4.7-Flash,False
207,de,0,hi,zai-org/GLM-4.7-Flash,False
350,hi,0,ja,zai-org/GLM-4.7-Flash,False
43,fr,0,en,zai-org/GLM-4.7-Flash,True
201,de,0,hi,zai-org/GLM-4.7-Flash,False
43,it,0,en,zai-org/GLM-4.7-Flash,True
43,en,0,en,zai-org/GLM-4.7-Flash,True
43,es,0,en,zai-org/GLM-4.7-Flash,False
201,zh,0,hi,zai-org/GLM-4.7-Flash,False
217,fr,0,hi,zai-org/GLM-4.7-Flash,True
43,de,0,en,zai-org/GLM-4.7-Flash,True
201,it,0,hi,zai-org/GLM-4.7-Flash,False
217,en,0,hi,zai-org/GLM-4.7-Flash,True
500,ja,0,zh,zai-org/GLM-4.7-Flash,True
201,ja,0,hi,zai-org/GLM-4.7-Flash,False
190,zh,0,hi,zai-org/GLM-4.7-Flash,False
43,id,0,en,zai-org/GLM-4.7-Flash,False
217,it,0,hi,zai-org/GLM-4.7-Flash,True
190,en,0,hi,zai-org/GLM-4.7-Flash,False
217,es,0,hi,zai-org/GLM-4.7-Flash,True
201,id,0,hi,zai-org/GLM-4.7-Flash,False
190,de,0,hi,zai-org/GLM-4.7-Flash,False
309,en,0,it,zai-org/GLM-4.7-Flash,False
212,hi,0,hi,zai-org/GLM-4.7-Flash,False
190,id,0,hi,zai-org/GLM-4.7-Flash,False
190,fr,0,hi,zai-org/GLM-4.7-Flash,False
43,zh,0,en,zai-org/GLM-4.7-Flash,False
217,id,0,hi,zai-org/GLM-4.7-Flash,True
190,es,0,hi,zai-org/GLM-4.7-Flash,False
217,ja,0,hi,zai-org/GLM-4.7-Flash,True
190,it,0,hi,zai-org/GLM-4.7-Flash,False
309,fr,0,it,zai-org/GLM-4.7-Flash,False
190,ja,0,hi,zai-org/GLM-4.7-Flash,False
259,en,0,id,zai-org/GLM-4.7-Flash,False
309,it,0,it,zai-org/GLM-4.7-Flash,True
217,hi,0,hi,zai-org/GLM-4.7-Flash,True
309,hi,0,it,zai-org/GLM-4.7-Flash,False
309,zh,0,it,zai-org/GLM-4.7-Flash,False
43,hi,0,en,zai-org/GLM-4.7-Flash,False
43,ja,0,en,zai-org/GLM-4.7-Flash,False
259,zh,0,id,zai-org/GLM-4.7-Flash,False
217,zh,0,hi,zai-org/GLM-4.7-Flash,True
259,fr,0,id,zai-org/GLM-4.7-Flash,False
259,it,0,id,zai-org/GLM-4.7-Flash,True
259,es,0,id,zai-org/GLM-4.7-Flash,False
259,de,0,id,zai-org/GLM-4.7-Flash,False
259,id,0,id,zai-org/GLM-4.7-Flash,False
217,de,0,hi,zai-org/GLM-4.7-Flash,True
389,en,0,ko,zai-org/GLM-4.7-Flash,False
259,hi,0,id,zai-org/GLM-4.7-Flash,False
259,ja,0,id,zai-org/GLM-4.7-Flash,False
190,hi,0,hi,zai-org/GLM-4.7-Flash,False
389,it,0,ko,zai-org/GLM-4.7-Flash,False
53,zh,0,en,zai-org/GLM-4.7-Flash,True
269,zh,0,id,zai-org/GLM-4.7-Flash,False
309,id,0,it,zai-org/GLM-4.7-Flash,True
201,hi,0,hi,zai-org/GLM-4.7-Flash,False
1,es,0,he,zai-org/GLM-4.7-Flash,False
1,de,0,he,zai-org/GLM-4.7-Flash,False
389,es,0,ko,zai-org/GLM-4.7-Flash,False
1,en,0,he,zai-org/GLM-4.7-Flash,False
421,en,0,pt,zai-org/GLM-4.7-Flash,False
1,zh,0,he,zai-org/GLM-4.7-Flash,False
1,fr,0,he,zai-org/GLM-4.7-Flash,False
389,ja,0,ko,zai-org/GLM-4.7-Flash,False
421,fr,0,pt,zai-org/GLM-4.7-Flash,False
53,es,0,en,zai-org/GLM-4.7-Flash,True
421,de,0,pt,zai-org/GLM-4.7-Flash,False
389,hi,0,ko,zai-org/GLM-4.7-Flash,False
309,de,0,it,zai-org/GLM-4.7-Flash,False
1,it,0,he,zai-org/GLM-4.7-Flash,False
389,fr,0,ko,zai-org/GLM-4.7-Flash,False
421,es,0,pt,zai-org/GLM-4.7-Flash,False
389,zh,0,ko,zai-org/GLM-4.7-Flash,False
1,id,0,he,zai-org/GLM-4.7-Flash,False
53,fr,0,en,zai-org/GLM-4.7-Flash,False
309,es,0,it,zai-org/GLM-4.7-Flash,False
1,hi,0,he,zai-org/GLM-4.7-Flash,False
421,zh,0,pt,zai-org/GLM-4.7-Flash,True
389,de,0,ko,zai-org/GLM-4.7-Flash,False
389,id,0,ko,zai-org/GLM-4.7-Flash,False
53,id,0,en,zai-org/GLM-4.7-Flash,False
421,it,0,pt,zai-org/GLM-4.7-Flash,False
303,zh,0,it,zai-org/GLM-4.7-Flash,False
1,ja,0,he,zai-org/GLM-4.7-Flash,False
53,en,0,en,zai-org/GLM-4.7-Flash,False
421,id,0,pt,zai-org/GLM-4.7-Flash,False
421,ja,0,pt,zai-org/GLM-4.7-Flash,False
421,hi,0,pt,zai-org/GLM-4.7-Flash,False
494,en,0,zh,zai-org/GLM-4.7-Flash,False
212,de,0,hi,zai-org/GLM-4.7-Flash,False
494,de,0,zh,zai-org/GLM-4.7-Flash,False
494,id,0,zh,zai-org/GLM-4.7-Flash,False
494,it,0,zh,zai-org/GLM-4.7-Flash,False
49,es,0,en,zai-org/GLM-4.7-Flash,False
494,ja,0,zh,zai-org/GLM-4.7-Flash,False
494,es,0,zh,zai-org/GLM-4.7-Flash,False
236,de,0,hi,zai-org/GLM-4.7-Flash,False
34,it,0,en,zai-org/GLM-4.7-Flash,False
494,fr,0,zh,zai-org/GLM-4.7-Flash,False
34,id,0,en,zai-org/GLM-4.7-Flash,False
80,zh,0,de,zai-org/GLM-4.7-Flash,False
34,es,0,en,zai-org/GLM-4.7-Flash,False
263,en,0,id,zai-org/GLM-4.7-Flash,False
34,en,0,en,zai-org/GLM-4.7-Flash,False
49,en,0,en,zai-org/GLM-4.7-Flash,True
34,de,0,en,zai-org/GLM-4.7-Flash,False
53,it,0,en,zai-org/GLM-4.7-Flash,False
49,id,0,en,zai-org/GLM-4.7-Flash,False
263,de,0,id,zai-org/GLM-4.7-Flash,False
34,fr,0,en,zai-org/GLM-4.7-Flash,False
80,ja,0,de,zai-org/GLM-4.7-Flash,False
49,fr,0,en,zai-org/GLM-4.7-Flash,False
263,fr,0,id,zai-org/GLM-4.7-Flash,False
34,ja,0,en,zai-org/GLM-4.7-Flash,False
263,id,0,id,zai-org/GLM-4.7-Flash,False
263,it,0,id,zai-org/GLM-4.7-Flash,False
263,es,0,id,zai-org/GLM-4.7-Flash,False
263,zh,0,id,zai-org/GLM-4.7-Flash,False
49,hi,0,en,zai-org/GLM-4.7-Flash,True
80,fr,0,de,zai-org/GLM-4.7-Flash,False
366,de,0,ko,zai-org/GLM-4.7-Flash,False
207,it,0,hi,zai-org/GLM-4.7-Flash,True
366,id,0,ko,zai-org/GLM-4.7-Flash,False
53,ja,0,en,zai-org/GLM-4.7-Flash,False
366,es,0,ko,zai-org/GLM-4.7-Flash,False
263,ja,0,id,zai-org/GLM-4.7-Flash,False
366,fr,0,ko,zai-org/GLM-4.7-Flash,False
49,zh,0,en,zai-org/GLM-4.7-Flash,False
34,hi,0,en,zai-org/GLM-4.7-Flash,False
91,de,0,de,zai-org/GLM-4.7-Flash,False
91,it,0,de,zai-org/GLM-4.7-Flash,False
80,it,0,de,zai-org/GLM-4.7-Flash,False
91,es,0,de,zai-org/GLM-4.7-Flash,False
366,en,0,ko,zai-org/GLM-4.7-Flash,False
91,fr,0,de,zai-org/GLM-4.7-Flash,False
80,hi,0,de,zai-org/GLM-4.7-Flash,False
366,it,0,ko,zai-org/GLM-4.7-Flash,False
366,ja,0,ko,zai-org/GLM-4.7-Flash,False
80,de,0,de,zai-org/GLM-4.7-Flash,False
53,hi,0,en,zai-org/GLM-4.7-Flash,True
339,de,0,ja,zai-org/GLM-4.7-Flash,False
91,en,0,de,zai-org/GLM-4.7-Flash,False
91,id,0,de,zai-org/GLM-4.7-Flash,False
91,hi,0,de,zai-org/GLM-4.7-Flash,False
80,en,0,de,zai-org/GLM-4.7-Flash,False
485,en,0,zh,zai-org/GLM-4.7-Flash,True
366,zh,0,ko,zai-org/GLM-4.7-Flash,False
339,es,0,ja,zai-org/GLM-4.7-Flash,False
485,es,0,zh,zai-org/GLM-4.7-Flash,True
366,hi,0,ko,zai-org/GLM-4.7-Flash,False
339,zh,0,ja,zai-org/GLM-4.7-Flash,False
339,en,0,ja,zai-org/GLM-4.7-Flash,False
49,it,0,en,zai-org/GLM-4.7-Flash,False
339,it,0,ja,zai-org/GLM-4.7-Flash,False
485,de,0,zh,zai-org/GLM-4.7-Flash,False
485,ja,0,zh,zai-org/GLM-4.7-Flash,True
91,ja,0,de,zai-org/GLM-4.7-Flash,False
49,ja,0,en,zai-org/GLM-4.7-Flash,True
339,id,0,ja,zai-org/GLM-4.7-Flash,False
34,zh,0,en,zai-org/GLM-4.7-Flash,False
485,fr,0,zh,zai-org/GLM-4.7-Flash,False
339,fr,0,ja,zai-org/GLM-4.7-Flash,False
52,de,0,en,zai-org/GLM-4.7-Flash,False
339,ja,0,ja,zai-org/GLM-4.7-Flash,True
91,zh,0,de,zai-org/GLM-4.7-Flash,False
52,it,0,en,zai-org/GLM-4.7-Flash,False
52,hi,0,en,zai-org/GLM-4.7-Flash,False
264,en,0,id,zai-org/GLM-4.7-Flash,False
485,id,0,zh,zai-org/GLM-4.7-Flash,False
264,de,0,id,zai-org/GLM-4.7-Flash,False
485,zh,0,zh,zai-org/GLM-4.7-Flash,False
52,en,0,en,zai-org/GLM-4.7-Flash,False
52,id,0,en,zai-org/GLM-4.7-Flash,False
485,it,0,zh,zai-org/GLM-4.7-Flash,False
264,es,0,id,zai-org/GLM-4.7-Flash,False
52,fr,0,en,zai-org/GLM-4.7-Flash,False
264,it,0,id,zai-org/GLM-4.7-Flash,False
52,zh,0,en,zai-org/GLM-4.7-Flash,False
264,id,0,id,zai-org/GLM-4.7-Flash,False
494,hi,0,zh,zai-org/GLM-4.7-Flash,False
52,ja,0,en,zai-org/GLM-4.7-Flash,False
53,de,0,en,zai-org/GLM-4.7-Flash,False
52,es,0,en,zai-org/GLM-4.7-Flash,False
241,en,0,hi,zai-org/GLM-4.7-Flash,False
345,en,0,ja,zai-org/GLM-4.7-Flash,False
264,ja,0,id,zai-org/GLM-4.7-Flash,False
263,hi,0,id,zai-org/GLM-4.7-Flash,False
345,es,0,ja,zai-org/GLM-4.7-Flash,False
345,it,0,ja,zai-org/GLM-4.7-Flash,False
345,de,0,ja,zai-org/GLM-4.7-Flash,False
241,de,0,hi,zai-org/GLM-4.7-Flash,False
264,hi,0,id,zai-org/GLM-4.7-Flash,False
13,en,0,he,zai-org/GLM-4.7-Flash,False
264,fr,0,id,zai-org/GLM-4.7-Flash,False
345,ja,0,ja,zai-org/GLM-4.7-Flash,False
241,id,0,hi,zai-org/GLM-4.7-Flash,False
241,fr,0,hi,zai-org/GLM-4.7-Flash,False
264,zh,0,id,zai-org/GLM-4.7-Flash,False
345,id,0,ja,zai-org/GLM-4.7-Flash,False
241,zh,0,hi,zai-org/GLM-4.7-Flash,False
315,it,0,it,zai-org/GLM-4.7-Flash,False
315,es,0,it,zai-org/GLM-4.7-Flash,False
80,es,0,de,zai-org/GLM-4.7-Flash,True
13,de,0,he,zai-org/GLM-4.7-Flash,False
13,es,0,he,zai-org/GLM-4.7-Flash,False
494,zh,0,zh,zai-org/GLM-4.7-Flash,False
315,fr,0,it,zai-org/GLM-4.7-Flash,False
309,ja,0,it,zai-org/GLM-4.7-Flash,False
345,fr,0,ja,zai-org/GLM-4.7-Flash,False
241,ja,0,hi,zai-org/GLM-4.7-Flash,False
13,id,0,he,zai-org/GLM-4.7-Flash,False
88,en,0,de,zai-org/GLM-4.7-Flash,False
315,de,0,it,zai-org/GLM-4.7-Flash,False
13,it,0,he,zai-org/GLM-4.7-Flash,False
49,de,0,en,zai-org/GLM-4.7-Flash,False
13,zh,0,he,zai-org/GLM-4.7-Flash,False
387,en,0,ko,zai-org/GLM-4.7-Flash,False
315,zh,0,it,zai-org/GLM-4.7-Flash,False
345,hi,0,ja,zai-org/GLM-4.7-Flash,False
339,hi,0,ja,zai-org/GLM-4.7-Flash,False
88,id,0,de,zai-org/GLM-4.7-Flash,False
315,hi,0,it,zai-org/GLM-4.7-Flash,False
13,fr,0,he,zai-org/GLM-4.7-Flash,False
88,de,0,de,zai-org/GLM-4.7-Flash,False
88,es,0,de,zai-org/GLM-4.7-Flash,False
315,ja,0,it,zai-org/GLM-4.7-Flash,False
88,ja,0,de,zai-org/GLM-4.7-Flash,False
273,en,0,id,zai-org/GLM-4.7-Flash,False
13,hi,0,he,zai-org/GLM-4.7-Flash,False
88,it,0,de,zai-org/GLM-4.7-Flash,False
241,es,0,hi,zai-org/GLM-4.7-Flash,False
387,fr,0,ko,zai-org/GLM-4.7-Flash,False
345,zh,0,ja,zai-org/GLM-4.7-Flash,False
328,de,0,it,zai-org/GLM-4.7-Flash,False
315,en,0,it,zai-org/GLM-4.7-Flash,False
13,ja,0,he,zai-org/GLM-4.7-Flash,False
88,zh,0,de,zai-org/GLM-4.7-Flash,False
387,id,0,ko,zai-org/GLM-4.7-Flash,False
273,de,0,id,zai-org/GLM-4.7-Flash,False
387,zh,0,ko,zai-org/GLM-4.7-Flash,False
273,es,0,id,zai-org/GLM-4.7-Flash,False
88,fr,0,de,zai-org/GLM-4.7-Flash,False
273,fr,0,id,zai-org/GLM-4.7-Flash,False
241,hi,0,hi,zai-org/GLM-4.7-Flash,False
387,it,0,ko,zai-org/GLM-4.7-Flash,True
273,id,0,id,zai-org/GLM-4.7-Flash,False
273,hi,0,id,zai-org/GLM-4.7-Flash,False
387,hi,0,ko,zai-org/GLM-4.7-Flash,False
485,hi,0,zh,zai-org/GLM-4.7-Flash,False
328,es,0,it,zai-org/GLM-4.7-Flash,False
241,it,0,hi,zai-org/GLM-4.7-Flash,False
387,es,0,ko,zai-org/GLM-4.7-Flash,False
273,it,0,id,zai-org/GLM-4.7-Flash,False
387,ja,0,ko,zai-org/GLM-4.7-Flash,False
273,zh,0,id,zai-org/GLM-4.7-Flash,False
315,id,0,it,zai-org/GLM-4.7-Flash,False
328,en,0,it,zai-org/GLM-4.7-Flash,False
503,en,0,zh,zai-org/GLM-4.7-Flash,False
328,id,0,it,zai-org/GLM-4.7-Flash,True
492,en,0,zh,zai-org/GLM-4.7-Flash,True
328,ja,0,it,zai-org/GLM-4.7-Flash,False
134,fr,0,es,zai-org/GLM-4.7-Flash,True
328,fr,0,it,zai-org/GLM-4.7-Flash,False
134,de,0,es,zai-org/GLM-4.7-Flash,True
134,en,0,es,zai-org/GLM-4.7-Flash,True
88,hi,0,de,zai-org/GLM-4.7-Flash,False
387,de,0,ko,zai-org/GLM-4.7-Flash,False
503,fr,0,zh,zai-org/GLM-4.7-Flash,False
273,ja,0,id,zai-org/GLM-4.7-Flash,False
134,it,0,es,zai-org/GLM-4.7-Flash,True
134,zh,0,es,zai-org/GLM-4.7-Flash,True
328,zh,0,it,zai-org/GLM-4.7-Flash,False
503,id,0,zh,zai-org/GLM-4.7-Flash,False
134,hi,0,es,zai-org/GLM-4.7-Flash,False
319,en,0,it,zai-org/GLM-4.7-Flash,False
503,es,0,zh,zai-org/GLM-4.7-Flash,False
492,ja,0,zh,zai-org/GLM-4.7-Flash,True
503,de,0,zh,zai-org/GLM-4.7-Flash,False
319,de,0,it,zai-org/GLM-4.7-Flash,False
319,es,0,it,zai-org/GLM-4.7-Flash,False
503,ja,0,zh,zai-org/GLM-4.7-Flash,False
319,zh,0,it,zai-org/GLM-4.7-Flash,False
319,it,0,it,zai-org/GLM-4.7-Flash,False
492,zh,0,zh,zai-org/GLM-4.7-Flash,True
492,it,0,zh,zai-org/GLM-4.7-Flash,False
54,en,0,en,zai-org/GLM-4.7-Flash,False
319,fr,0,it,zai-org/GLM-4.7-Flash,False
243,en,0,hi,zai-org/GLM-4.7-Flash,False
492,hi,0,zh,zai-org/GLM-4.7-Flash,True
319,hi,0,it,zai-org/GLM-4.7-Flash,False
492,es,0,zh,zai-org/GLM-4.7-Flash,False
503,hi,0,zh,zai-org/GLM-4.7-Flash,False
319,id,0,it,zai-org/GLM-4.7-Flash,False
80,id,0,de,zai-org/GLM-4.7-Flash,True
328,it,0,it,zai-org/GLM-4.7-Flash,False
503,zh,0,zh,zai-org/GLM-4.7-Flash,False
492,fr,0,zh,zai-org/GLM-4.7-Flash,False
54,fr,0,en,zai-org/GLM-4.7-Flash,False
54,es,0,en,zai-org/GLM-4.7-Flash,False
134,id,0,es,zai-org/GLM-4.7-Flash,True
319,ja,0,it,zai-org/GLM-4.7-Flash,False
54,id,0,en,zai-org/GLM-4.7-Flash,False
54,de,0,en,zai-org/GLM-4.7-Flash,False
54,it,0,en,zai-org/GLM-4.7-Flash,False
243,de,0,hi,zai-org/GLM-4.7-Flash,False
363,en,0,ko,zai-org/GLM-4.7-Flash,False
54,hi,0,en,zai-org/GLM-4.7-Flash,False
492,id,0,zh,zai-org/GLM-4.7-Flash,False
363,fr,0,ko,zai-org/GLM-4.7-Flash,False
243,it,0,hi,zai-org/GLM-4.7-Flash,False
54,ja,0,en,zai-org/GLM-4.7-Flash,False
243,es,0,hi,zai-org/GLM-4.7-Flash,False
243,zh,0,hi,zai-org/GLM-4.7-Flash,False
243,id,0,hi,zai-org/GLM-4.7-Flash,False
363,de,0,ko,zai-org/GLM-4.7-Flash,False
243,fr,0,hi,zai-org/GLM-4.7-Flash,False
50,es,0,en,zai-org/GLM-4.7-Flash,False
363,zh,0,ko,zai-org/GLM-4.7-Flash,False
50,it,0,en,zai-org/GLM-4.7-Flash,False
50,en,0,en,zai-org/GLM-4.7-Flash,True
50,de,0,en,zai-org/GLM-4.7-Flash,False
363,ja,0,ko,zai-org/GLM-4.7-Flash,False
174,en,0,fr,zai-org/GLM-4.7-Flash,False
50,fr,0,en,zai-org/GLM-4.7-Flash,False
50,ja,0,en,zai-org/GLM-4.7-Flash,False
50,zh,0,en,zai-org/GLM-4.7-Flash,False
363,it,0,ko,zai-org/GLM-4.7-Flash,False
174,ja,0,fr,zai-org/GLM-4.7-Flash,False
243,hi,0,hi,zai-org/GLM-4.7-Flash,False
363,hi,0,ko,zai-org/GLM-4.7-Flash,False
363,id,0,ko,zai-org/GLM-4.7-Flash,False
50,id,0,en,zai-org/GLM-4.7-Flash,True
174,de,0,fr,zai-org/GLM-4.7-Flash,False
174,zh,0,fr,zai-org/GLM-4.7-Flash,False
174,id,0,fr,zai-org/GLM-4.7-Flash,False
363,es,0,ko,zai-org/GLM-4.7-Flash,True
174,fr,0,fr,zai-org/GLM-4.7-Flash,False
243,ja,0,hi,zai-org/GLM-4.7-Flash,False
174,es,0,fr,zai-org/GLM-4.7-Flash,False
507,de,0,zh,zai-org/GLM-4.7-Flash,False
507,en,0,zh,zai-org/GLM-4.7-Flash,False
189,hi,0,hi,zai-org/GLM-4.7-Flash,True
174,it,0,fr,zai-org/GLM-4.7-Flash,False
189,ja,0,hi,zai-org/GLM-4.7-Flash,False
189,en,0,hi,zai-org/GLM-4.7-Flash,True
189,de,0,hi,zai-org/GLM-4.7-Flash,False
189,it,0,hi,zai-org/GLM-4.7-Flash,False
174,hi,0,fr,zai-org/GLM-4.7-Flash,False
187,de,0,hi,zai-org/GLM-4.7-Flash,False
189,id,0,hi,zai-org/GLM-4.7-Flash,False
507,fr,0,zh,zai-org/GLM-4.7-Flash,False
189,fr,0,hi,zai-org/GLM-4.7-Flash,True
189,es,0,hi,zai-org/GLM-4.7-Flash,True
507,es,0,zh,zai-org/GLM-4.7-Flash,False
187,en,0,hi,zai-org/GLM-4.7-Flash,False
507,it,0,zh,zai-org/GLM-4.7-Flash,False
169,de,0,fr,zai-org/GLM-4.7-Flash,False
169,es,0,fr,zai-org/GLM-4.7-Flash,False
169,en,0,fr,zai-org/GLM-4.7-Flash,False
503,it,0,zh,zai-org/GLM-4.7-Flash,False
169,fr,0,fr,zai-org/GLM-4.7-Flash,False
507,zh,0,zh,zai-org/GLM-4.7-Flash,False
507,id,0,zh,zai-org/GLM-4.7-Flash,False
58,es,0,en,zai-org/GLM-4.7-Flash,True
507,ja,0,zh,zai-org/GLM-4.7-Flash,False
169,id,0,fr,zai-org/GLM-4.7-Flash,False
187,ja,0,hi,zai-org/GLM-4.7-Flash,False
492,de,0,zh,zai-org/GLM-4.7-Flash,True
58,fr,0,en,zai-org/GLM-4.7-Flash,True
187,zh,0,hi,zai-org/GLM-4.7-Flash,True
169,it,0,fr,zai-org/GLM-4.7-Flash,False
187,id,0,hi,zai-org/GLM-4.7-Flash,True
169,hi,0,fr,zai-org/GLM-4.7-Flash,False
58,it,0,en,zai-org/GLM-4.7-Flash,True
58,ja,0,en,zai-org/GLM-4.7-Flash,True
169,zh,0,fr,zai-org/GLM-4.7-Flash,False
58,en,0,en,zai-org/GLM-4.7-Flash,True
169,ja,0,fr,zai-org/GLM-4.7-Flash,False
48,en,0,en,zai-org/GLM-4.7-Flash,False
187,fr,0,hi,zai-org/GLM-4.7-Flash,False
58,id,0,en,zai-org/GLM-4.7-Flash,True
507,hi,0,zh,zai-org/GLM-4.7-Flash,False
235,en,0,hi,zai-org/GLM-4.7-Flash,False
58,hi,0,en,zai-org/GLM-4.7-Flash,True
344,en,0,ja,zai-org/GLM-4.7-Flash,False
48,es,0,en,zai-org/GLM-4.7-Flash,False
187,it,0,hi,zai-org/GLM-4.7-Flash,True
48,it,0,en,zai-org/GLM-4.7-Flash,False
48,fr,0,en,zai-org/GLM-4.7-Flash,False
58,de,0,en,zai-org/GLM-4.7-Flash,False
187,hi,0,hi,zai-org/GLM-4.7-Flash,True
50,hi,0,en,zai-org/GLM-4.7-Flash,False
344,ja,0,ja,zai-org/GLM-4.7-Flash,False
48,de,0,en,zai-org/GLM-4.7-Flash,False
235,fr,0,hi,zai-org/GLM-4.7-Flash,False
235,es,0,hi,zai-org/GLM-4.7-Flash,False
344,es,0,ja,zai-org/GLM-4.7-Flash,False
48,zh,0,en,zai-org/GLM-4.7-Flash,False
235,hi,0,hi,zai-org/GLM-4.7-Flash,False
344,fr,0,ja,zai-org/GLM-4.7-Flash,False
344,it,0,ja,zai-org/GLM-4.7-Flash,False
235,it,0,hi,zai-org/GLM-4.7-Flash,False
160,en,0,fr,zai-org/GLM-4.7-Flash,False
328,hi,0,it,zai-org/GLM-4.7-Flash,False
344,de,0,ja,zai-org/GLM-4.7-Flash,False
48,id,0,en,zai-org/GLM-4.7-Flash,False
48,hi,0,en,zai-org/GLM-4.7-Flash,False
235,ja,0,hi,zai-org/GLM-4.7-Flash,False
252,ja,0,hi,zai-org/GLM-4.7-Flash,False
235,id,0,hi,zai-org/GLM-4.7-Flash,False
160,de,0,fr,zai-org/GLM-4.7-Flash,False
344,id,0,ja,zai-org/GLM-4.7-Flash,False
235,zh,0,hi,zai-org/GLM-4.7-Flash,False
21,en,0,he,zai-org/GLM-4.7-Flash,False
160,fr,0,fr,zai-org/GLM-4.7-Flash,False
21,es,0,he,zai-org/GLM-4.7-Flash,False
21,fr,0,he,zai-org/GLM-4.7-Flash,False
21,zh,0,he,zai-org/GLM-4.7-Flash,False
21,ja,0,he,zai-org/GLM-4.7-Flash,False
252,id,0,hi,zai-org/GLM-4.7-Flash,False
160,es,0,fr,zai-org/GLM-4.7-Flash,False
252,en,0,hi,zai-org/GLM-4.7-Flash,False
187,es,0,hi,zai-org/GLM-4.7-Flash,False
252,hi,0,hi,zai-org/GLM-4.7-Flash,False
134,ja,0,es,zai-org/GLM-4.7-Flash,False
252,fr,0,hi,zai-org/GLM-4.7-Flash,False
48,ja,0,en,zai-org/GLM-4.7-Flash,False
134,es,0,es,zai-org/GLM-4.7-Flash,False
160,it,0,fr,zai-org/GLM-4.7-Flash,False
344,hi,0,ja,zai-org/GLM-4.7-Flash,False
276,en,0,id,zai-org/GLM-4.7-Flash,False
252,es,0,hi,zai-org/GLM-4.7-Flash,False
276,es,0,id,zai-org/GLM-4.7-Flash,False
252,it,0,hi,zai-org/GLM-4.7-Flash,False
160,zh,0,fr,zai-org/GLM-4.7-Flash,False
21,de,0,he,zai-org/GLM-4.7-Flash,False
21,hi,0,he,zai-org/GLM-4.7-Flash,False
252,zh,0,hi,zai-org/GLM-4.7-Flash,False
160,id,0,fr,zai-org/GLM-4.7-Flash,False
21,id,0,he,zai-org/GLM-4.7-Flash,False
160,ja,0,fr,zai-org/GLM-4.7-Flash,False
344,zh,0,ja,zai-org/GLM-4.7-Flash,False
478,de,0,zh,zai-org/GLM-4.7-Flash,False
478,ja,0,zh,zai-org/GLM-4.7-Flash,False
160,hi,0,fr,zai-org/GLM-4.7-Flash,False
252,de,0,hi,zai-org/GLM-4.7-Flash,False
191,it,0,hi,zai-org/GLM-4.7-Flash,False
235,de,0,hi,zai-org/GLM-4.7-Flash,False
478,en,0,zh,zai-org/GLM-4.7-Flash,False
478,zh,0,zh,zai-org/GLM-4.7-Flash,False
191,en,0,hi,zai-org/GLM-4.7-Flash,False
276,ja,0,id,zai-org/GLM-4.7-Flash,False
478,id,0,zh,zai-org/GLM-4.7-Flash,False
478,fr,0,zh,zai-org/GLM-4.7-Flash,False
191,es,0,hi,zai-org/GLM-4.7-Flash,False
276,fr,0,id,zai-org/GLM-4.7-Flash,False
191,hi,0,hi,zai-org/GLM-4.7-Flash,False
276,it,0,id,zai-org/GLM-4.7-Flash,False
478,es,0,zh,zai-org/GLM-4.7-Flash,False
293,de,0,it,zai-org/GLM-4.7-Flash,False
293,it,0,it,zai-org/GLM-4.7-Flash,False
385,en,0,ko,zai-org/GLM-4.7-Flash,False
385,fr,0,ko,zai-org/GLM-4.7-Flash,False
293,es,0,it,zai-org/GLM-4.7-Flash,False
385,de,0,ko,zai-org/GLM-4.7-Flash,False
191,de,0,hi,zai-org/GLM-4.7-Flash,False
293,id,0,it,zai-org/GLM-4.7-Flash,True
478,hi,0,zh,zai-org/GLM-4.7-Flash,False
293,fr,0,it,zai-org/GLM-4.7-Flash,False
385,ja,0,ko,zai-org/GLM-4.7-Flash,False
385,hi,0,ko,zai-org/GLM-4.7-Flash,False
293,en,0,it,zai-org/GLM-4.7-Flash,False
21,it,0,he,zai-org/GLM-4.7-Flash,True
191,ja,0,hi,zai-org/GLM-4.7-Flash,False
276,id,0,id,zai-org/GLM-4.7-Flash,False
385,id,0,ko,zai-org/GLM-4.7-Flash,False
191,zh,0,hi,zai-org/GLM-4.7-Flash,False
293,ja,0,it,zai-org/GLM-4.7-Flash,False
191,id,0,hi,zai-org/GLM-4.7-Flash,False
385,es,0,ko,zai-org/GLM-4.7-Flash,False
276,de,0,id,zai-org/GLM-4.7-Flash,False
293,zh,0,it,zai-org/GLM-4.7-Flash,False
413,ja,0,pt,zai-org/GLM-4.7-Flash,False
293,hi,0,it,zai-org/GLM-4.7-Flash,False
343,en,0,ja,zai-org/GLM-4.7-Flash,False
257,de,0,id,zai-org/GLM-4.7-Flash,False
413,en,0,pt,zai-org/GLM-4.7-Flash,False
413,zh,0,pt,zai-org/GLM-4.7-Flash,False
257,it,0,id,zai-org/GLM-4.7-Flash,False
413,it,0,pt,zai-org/GLM-4.7-Flash,False
130,it,0,es,zai-org/GLM-4.7-Flash,False
343,es,0,ja,zai-org/GLM-4.7-Flash,False
257,ja,0,id,zai-org/GLM-4.7-Flash,False
257,en,0,id,zai-org/GLM-4.7-Flash,False
343,fr,0,ja,zai-org/GLM-4.7-Flash,False
343,id,0,ja,zai-org/GLM-4.7-Flash,False
257,zh,0,id,zai-org/GLM-4.7-Flash,False
413,es,0,pt,zai-org/GLM-4.7-Flash,False
257,fr,0,id,zai-org/GLM-4.7-Flash,False
343,de,0,ja,zai-org/GLM-4.7-Flash,False
413,de,0,pt,zai-org/GLM-4.7-Flash,False
413,id,0,pt,zai-org/GLM-4.7-Flash,False
191,fr,0,hi,zai-org/GLM-4.7-Flash,False
413,hi,0,pt,zai-org/GLM-4.7-Flash,False
413,fr,0,pt,zai-org/GLM-4.7-Flash,False
130,id,0,es,zai-org/GLM-4.7-Flash,False
130,es,0,es,zai-org/GLM-4.7-Flash,False
257,es,0,id,zai-org/GLM-4.7-Flash,False
257,id,0,id,zai-org/GLM-4.7-Flash,False
343,it,0,ja,zai-org/GLM-4.7-Flash,False
276,zh,0,id,zai-org/GLM-4.7-Flash,False
276,hi,0,id,zai-org/GLM-4.7-Flash,False
385,zh,0,ko,zai-org/GLM-4.7-Flash,False
130,en,0,es,zai-org/GLM-4.7-Flash,False
343,hi,0,ja,zai-org/GLM-4.7-Flash,False
189,zh,0,hi,zai-org/GLM-4.7-Flash,False
257,hi,0,id,zai-org/GLM-4.7-Flash,False
151,en,0,fr,zai-org/GLM-4.7-Flash,True
359,en,0,ja,zai-org/GLM-4.7-Flash,False
130,hi,0,es,zai-org/GLM-4.7-Flash,False
359,es,0,ja,zai-org/GLM-4.7-Flash,False
130,de,0,es,zai-org/GLM-4.7-Flash,False
130,ja,0,es,zai-org/GLM-4.7-Flash,False
130,zh,0,es,zai-org/GLM-4.7-Flash,False
359,de,0,ja,zai-org/GLM-4.7-Flash,False
343,zh,0,ja,zai-org/GLM-4.7-Flash,False
99,en,0,es,zai-org/GLM-4.7-Flash,True
151,it,0,fr,zai-org/GLM-4.7-Flash,True
151,zh,0,fr,zai-org/GLM-4.7-Flash,False
99,es,0,es,zai-org/GLM-4.7-Flash,True
359,zh,0,ja,zai-org/GLM-4.7-Flash,False
151,hi,0,fr,zai-org/GLM-4.7-Flash,True
359,ja,0,ja,zai-org/GLM-4.7-Flash,False
54,zh,0,en,zai-org/GLM-4.7-Flash,True
493,de,0,zh,zai-org/GLM-4.7-Flash,False
130,fr,0,es,zai-org/GLM-4.7-Flash,False
359,id,0,ja,zai-org/GLM-4.7-Flash,False
151,id,0,fr,zai-org/GLM-4.7-Flash,True
58,zh,0,en,zai-org/GLM-4.7-Flash,False
330,de,0,it,zai-org/GLM-4.7-Flash,False
478,it,0,zh,zai-org/GLM-4.7-Flash,True
330,en,0,it,zai-org/GLM-4.7-Flash,False
99,zh,0,es,zai-org/GLM-4.7-Flash,False
372,en,0,ko,zai-org/GLM-4.7-Flash,False
493,es,0,zh,zai-org/GLM-4.7-Flash,False
99,ja,0,es,zai-org/GLM-4.7-Flash,True
493,id,0,zh,zai-org/GLM-4.7-Flash,False
372,fr,0,ko,zai-org/GLM-4.7-Flash,False
493,en,0,zh,zai-org/GLM-4.7-Flash,True
493,hi,0,zh,zai-org/GLM-4.7-Flash,False
330,es,0,it,zai-org/GLM-4.7-Flash,False
493,ja,0,zh,zai-org/GLM-4.7-Flash,True
151,es,0,fr,zai-org/GLM-4.7-Flash,False
385,it,0,ko,zai-org/GLM-4.7-Flash,False
493,zh,0,zh,zai-org/GLM-4.7-Flash,False
330,ja,0,it,zai-org/GLM-4.7-Flash,False
359,hi,0,ja,zai-org/GLM-4.7-Flash,False
99,it,0,es,zai-org/GLM-4.7-Flash,False
330,it,0,it,zai-org/GLM-4.7-Flash,False
372,es,0,ko,zai-org/GLM-4.7-Flash,False
330,fr,0,it,zai-org/GLM-4.7-Flash,False
330,zh,0,it,zai-org/GLM-4.7-Flash,False
372,zh,0,ko,zai-org/GLM-4.7-Flash,False
493,fr,0,zh,zai-org/GLM-4.7-Flash,False
372,id,0,ko,zai-org/GLM-4.7-Flash,False
372,de,0,ko,zai-org/GLM-4.7-Flash,False
330,id,0,it,zai-org/GLM-4.7-Flash,False
151,ja,0,fr,zai-org/GLM-4.7-Flash,False
151,de,0,fr,zai-org/GLM-4.7-Flash,False
99,fr,0,es,zai-org/GLM-4.7-Flash,False
99,hi,0,es,zai-org/GLM-4.7-Flash,False
151,fr,0,fr,zai-org/GLM-4.7-Flash,True
214,es,0,hi,zai-org/GLM-4.7-Flash,False
493,it,0,zh,zai-org/GLM-4.7-Flash,True
214,id,0,hi,zai-org/GLM-4.7-Flash,False
214,de,0,hi,zai-org/GLM-4.7-Flash,False
343,ja,0,ja,zai-org/GLM-4.7-Flash,False
359,fr,0,ja,zai-org/GLM-4.7-Flash,False
214,it,0,hi,zai-org/GLM-4.7-Flash,False
214,en,0,hi,zai-org/GLM-4.7-Flash,False
372,ja,0,ko,zai-org/GLM-4.7-Flash,False
20,fr,0,he,zai-org/GLM-4.7-Flash,True
20,ja,0,he,zai-org/GLM-4.7-Flash,True
330,hi,0,it,zai-org/GLM-4.7-Flash,False
214,ja,0,hi,zai-org/GLM-4.7-Flash,False
20,it,0,he,zai-org/GLM-4.7-Flash,True
71,en,0,de,zai-org/GLM-4.7-Flash,False
71,es,0,de,zai-org/GLM-4.7-Flash,False
71,fr,0,de,zai-org/GLM-4.7-Flash,False
71,id,0,de,zai-org/GLM-4.7-Flash,False
214,fr,0,hi,zai-org/GLM-4.7-Flash,False
99,id,0,es,zai-org/GLM-4.7-Flash,False
214,zh,0,hi,zai-org/GLM-4.7-Flash,False
71,de,0,de,zai-org/GLM-4.7-Flash,False
106,de,0,es,zai-org/GLM-4.7-Flash,False
372,hi,0,ko,zai-org/GLM-4.7-Flash,False
20,id,0,he,zai-org/GLM-4.7-Flash,True
20,zh,0,he,zai-org/GLM-4.7-Flash,False
71,it,0,de,zai-org/GLM-4.7-Flash,False
20,en,0,he,zai-org/GLM-4.7-Flash,False
20,es,0,he,zai-org/GLM-4.7-Flash,False
71,zh,0,de,zai-org/GLM-4.7-Flash,False
106,en,0,es,zai-org/GLM-4.7-Flash,False
188,fr,0,hi,zai-org/GLM-4.7-Flash,False
71,ja,0,de,zai-org/GLM-4.7-Flash,False
106,fr,0,es,zai-org/GLM-4.7-Flash,False
106,es,0,es,zai-org/GLM-4.7-Flash,False
188,it,0,hi,zai-org/GLM-4.7-Flash,True
270,de,0,id,zai-org/GLM-4.7-Flash,False
106,ja,0,es,zai-org/GLM-4.7-Flash,False
270,en,0,id,zai-org/GLM-4.7-Flash,False
188,en,0,hi,zai-org/GLM-4.7-Flash,False
270,es,0,id,zai-org/GLM-4.7-Flash,False
106,it,0,es,zai-org/GLM-4.7-Flash,False
20,hi,0,he,zai-org/GLM-4.7-Flash,False
188,zh,0,hi,zai-org/GLM-4.7-Flash,False
188,ja,0,hi,zai-org/GLM-4.7-Flash,False
270,ja,0,id,zai-org/GLM-4.7-Flash,False
348,en,0,ja,zai-org/GLM-4.7-Flash,False
372,it,0,ko,zai-org/GLM-4.7-Flash,True
270,id,0,id,zai-org/GLM-4.7-Flash,True
348,de,0,ja,zai-org/GLM-4.7-Flash,False
106,id,0,es,zai-org/GLM-4.7-Flash,False
188,es,0,hi,zai-org/GLM-4.7-Flash,False
348,ja,0,ja,zai-org/GLM-4.7-Flash,False
106,zh,0,es,zai-org/GLM-4.7-Flash,False
348,it,0,ja,zai-org/GLM-4.7-Flash,False
214,hi,0,hi,zai-org/GLM-4.7-Flash,False
106,hi,0,es,zai-org/GLM-4.7-Flash,False
348,id,0,ja,zai-org/GLM-4.7-Flash,False
270,zh,0,id,zai-org/GLM-4.7-Flash,False
270,it,0,id,zai-org/GLM-4.7-Flash,False
435,de,0,pt,zai-org/GLM-4.7-Flash,False
435,en,0,pt,zai-org/GLM-4.7-Flash,False
435,fr,0,pt,zai-org/GLM-4.7-Flash,False
348,fr,0,ja,zai-org/GLM-4.7-Flash,False
270,hi,0,id,zai-org/GLM-4.7-Flash,False
270,fr,0,id,zai-org/GLM-4.7-Flash,False
188,id,0,hi,zai-org/GLM-4.7-Flash,True
435,it,0,pt,zai-org/GLM-4.7-Flash,False
435,hi,0,pt,zai-org/GLM-4.7-Flash,False
435,es,0,pt,zai-org/GLM-4.7-Flash,False
71,hi,0,de,zai-org/GLM-4.7-Flash,False
102,fr,0,es,zai-org/GLM-4.7-Flash,True
435,zh,0,pt,zai-org/GLM-4.7-Flash,False
435,ja,0,pt,zai-org/GLM-4.7-Flash,False
348,zh,0,ja,zai-org/GLM-4.7-Flash,False
102,id,0,es,zai-org/GLM-4.7-Flash,True
102,it,0,es,zai-org/GLM-4.7-Flash,True
102,en,0,es,zai-org/GLM-4.7-Flash,True
188,hi,0,hi,zai-org/GLM-4.7-Flash,False
359,it,0,ja,zai-org/GLM-4.7-Flash,False
20,de,0,he,zai-org/GLM-4.7-Flash,True
348,hi,0,ja,zai-org/GLM-4.7-Flash,False
102,es,0,es,zai-org/GLM-4.7-Flash,True
102,zh,0,es,zai-org/GLM-4.7-Flash,True
102,hi,0,es,zai-org/GLM-4.7-Flash,False
102,ja,0,es,zai-org/GLM-4.7-Flash,True
102,de,0,es,zai-org/GLM-4.7-Flash,True
99,de,0,es,zai-org/GLM-4.7-Flash,False
435,id,0,pt,zai-org/GLM-4.7-Flash,False
348,es,0,ja,zai-org/GLM-4.7-Flash,False
188,de,0,hi,zai-org/GLM-4.7-Flash,True
