predictor,normalization,k,scope,checkpoint,n,spearman_r,spearman_p,pearson_r,pearson_p,layer
alpha_abs_diff,row_norm,4,pooled,,1440,0.0167,0.5255,0.0013,0.9612,layer_31
alpha_abs_diff,row_norm,8,pooled,,1440,0.0285,0.2792,0.0129,0.6248,layer_31
alpha_abs_diff,row_norm,16,pooled,,1440,-0.0036,0.8908,-0.0057,0.8277,layer_31
alpha_abs_diff,col_norm,4,pooled,,1440,-0.0186,0.4808,-0.009,0.7319,layer_31
alpha_abs_diff,col_norm,8,pooled,,1440,0.0176,0.5051,0.0039,0.8817,layer_31
alpha_abs_diff,col_norm,16,pooled,,1440,-0.0022,0.9321,-0.0137,0.6041,layer_31
alpha_signed_diff,row_norm,4,pooled,,1440,-0.5522,0.0,-0.5463,0.0,layer_31
alpha_signed_diff,row_norm,8,pooled,,1440,-0.5179,0.0,-0.5302,0.0,layer_31
alpha_signed_diff,row_norm,16,pooled,,1440,-0.501,0.0,-0.507,0.0,layer_31
alpha_signed_diff,col_norm,4,pooled,,1440,0.2497,0.0,0.274,0.0,layer_31
alpha_signed_diff,col_norm,8,pooled,,1440,0.2784,0.0,0.3094,0.0,layer_31
alpha_signed_diff,col_norm,16,pooled,,1440,0.2865,0.0,0.3065,0.0,layer_31
alpha_min,row_norm,4,pooled,,1440,0.0052,0.8431,0.0029,0.9116,layer_31
alpha_min,row_norm,8,pooled,,1440,0.0245,0.3523,0.0207,0.4329,layer_31
alpha_min,row_norm,16,pooled,,1440,0.0539,0.0408,0.0484,0.0664,layer_31
alpha_min,col_norm,4,pooled,,1440,0.0305,0.2477,0.0115,0.6625,layer_31
alpha_min,col_norm,8,pooled,,1440,0.046,0.081,0.0324,0.2199,layer_31
alpha_min,col_norm,16,pooled,,1440,0.072,0.0063,0.0627,0.0173,layer_31
alpha_max,row_norm,4,pooled,,1440,0.03,0.2546,0.0035,0.8932,layer_31
alpha_max,row_norm,8,pooled,,1440,0.0503,0.0563,0.0286,0.2786,layer_31
alpha_max,row_norm,16,pooled,,1440,0.0401,0.1286,0.0335,0.2043,layer_31
alpha_max,col_norm,4,pooled,,1440,0.009,0.7336,0.0008,0.9747,layer_31
alpha_max,col_norm,8,pooled,,1440,0.0533,0.043,0.0296,0.2617,layer_31
alpha_max,col_norm,16,pooled,,1440,0.0488,0.0641,0.0376,0.1536,layer_31
alpha_norm_asym,row_norm,4,pooled,,1440,-0.4906,0.0,-0.4708,0.0,layer_31
alpha_norm_asym,row_norm,8,pooled,,1440,-0.4741,0.0,-0.4732,0.0,layer_31
alpha_norm_asym,row_norm,16,pooled,,1440,-0.4465,0.0,-0.4437,0.0,layer_31
alpha_norm_asym,col_norm,4,pooled,,1440,0.1874,0.0,0.2085,0.0,layer_31
alpha_norm_asym,col_norm,8,pooled,,1440,0.2529,0.0,0.272,0.0,layer_31
alpha_norm_asym,col_norm,16,pooled,,1440,0.222,0.0,0.2297,0.0,layer_31
alpha_abs_ratio,row_norm,4,pooled,,1440,0.0016,0.9511,-0.0118,0.6553,layer_31
alpha_abs_ratio,row_norm,8,pooled,,1440,0.0036,0.8904,-0.0035,0.8947,layer_31
alpha_abs_ratio,row_norm,16,pooled,,1440,-0.0381,0.1486,-0.0524,0.0468,layer_31
alpha_abs_ratio,col_norm,4,pooled,,1440,-0.0343,0.1931,-0.0123,0.6418,layer_31
alpha_abs_ratio,col_norm,8,pooled,,1440,-0.014,0.5966,-0.0038,0.8861,layer_31
alpha_abs_ratio,col_norm,16,pooled,,1440,-0.048,0.0685,-0.0595,0.0239,layer_31
alpha_signed_ratio,row_norm,4,pooled,,1440,-0.4906,0.0,-0.2738,0.0,layer_31
alpha_signed_ratio,row_norm,8,pooled,,1440,-0.4741,0.0,-0.2843,0.0,layer_31
alpha_signed_ratio,row_norm,16,pooled,,1440,-0.4465,0.0,-0.2882,0.0,layer_31
alpha_signed_ratio,col_norm,4,pooled,,1440,0.1874,0.0,0.1302,0.0,layer_31
alpha_signed_ratio,col_norm,8,pooled,,1440,0.2529,0.0,0.199,0.0,layer_31
alpha_signed_ratio,col_norm,16,pooled,,1440,0.222,0.0,0.1018,0.0001,layer_31
alpha_log_ratio,row_norm,4,pooled,,1440,-0.4906,0.0,-0.4385,0.0,layer_31
alpha_log_ratio,row_norm,8,pooled,,1440,-0.4741,0.0,-0.4469,0.0,layer_31
alpha_log_ratio,row_norm,16,pooled,,1440,-0.4465,0.0,-0.4157,0.0,layer_31
alpha_log_ratio,col_norm,4,pooled,,1440,0.1874,0.0,0.1994,0.0,layer_31
alpha_log_ratio,col_norm,8,pooled,,1440,0.2529,0.0,0.2719,0.0,layer_31
alpha_log_ratio,col_norm,16,pooled,,1440,0.222,0.0,0.2143,0.0,layer_31
A_abs_diff,row_norm,4,pooled,,1440,0.0456,0.0837,0.0192,0.4675,layer_31
A_abs_diff,row_norm,8,pooled,,1440,0.0289,0.2728,0.0156,0.5542,layer_31
A_abs_diff,row_norm,16,pooled,,1440,0.0152,0.5647,0.0174,0.5101,layer_31
A_abs_diff,col_norm,4,pooled,,1440,0.0088,0.7391,0.0075,0.7753,layer_31
A_abs_diff,col_norm,8,pooled,,1440,0.0128,0.6277,0.0033,0.899,layer_31
A_abs_diff,col_norm,16,pooled,,1440,0.0061,0.8176,0.008,0.761,layer_31
A_signed_diff,row_norm,4,pooled,,1440,-0.5613,0.0,-0.5846,0.0,layer_31
A_signed_diff,row_norm,8,pooled,,1440,-0.5043,0.0,-0.5438,0.0,layer_31
A_signed_diff,row_norm,16,pooled,,1440,-0.4932,0.0,-0.5264,0.0,layer_31
A_signed_diff,col_norm,4,pooled,,1440,0.2484,0.0,0.2588,0.0,layer_31
A_signed_diff,col_norm,8,pooled,,1440,0.2676,0.0,0.2939,0.0,layer_31
A_signed_diff,col_norm,16,pooled,,1440,0.2607,0.0,0.2783,0.0,layer_31
A_min,row_norm,4,pooled,,1440,-0.0214,0.4174,-0.0156,0.5548,layer_31
A_min,row_norm,8,pooled,,1440,0.0114,0.6662,0.018,0.4953,layer_31
A_min,row_norm,16,pooled,,1440,0.03,0.255,0.0299,0.2569,layer_31
A_min,col_norm,4,pooled,,1440,-0.0261,0.3225,-0.0065,0.8047,layer_31
A_min,col_norm,8,pooled,,1440,0.0103,0.6967,0.0323,0.2203,layer_31
A_min,col_norm,16,pooled,,1440,0.0394,0.1351,0.0455,0.0843,layer_31
A_max,row_norm,4,pooled,,1440,0.0272,0.3024,0.0064,0.8076,layer_31
A_max,row_norm,8,pooled,,1440,0.0486,0.0652,0.0285,0.2803,layer_31
A_max,row_norm,16,pooled,,1440,0.0406,0.1237,0.0392,0.1372,layer_31
A_max,col_norm,4,pooled,,1440,0.0042,0.8747,0.0022,0.9329,layer_31
A_max,col_norm,8,pooled,,1440,0.0517,0.0498,0.0277,0.2938,layer_31
A_max,col_norm,16,pooled,,1440,0.0492,0.062,0.0421,0.1101,layer_31
A_norm_asym,row_norm,4,pooled,,1440,-0.5514,0.0,-0.546,0.0,layer_31
A_norm_asym,row_norm,8,pooled,,1440,-0.4916,0.0,-0.499,0.0,layer_31
A_norm_asym,row_norm,16,pooled,,1440,-0.4813,0.0,-0.4851,0.0,layer_31
A_norm_asym,col_norm,4,pooled,,1440,0.2313,0.0,0.2294,0.0,layer_31
A_norm_asym,col_norm,8,pooled,,1440,0.2537,0.0,0.2609,0.0,layer_31
A_norm_asym,col_norm,16,pooled,,1440,0.2395,0.0,0.2286,0.0,layer_31
A_abs_ratio,row_norm,4,pooled,,1440,0.0402,0.1273,0.0189,0.4728,layer_31
A_abs_ratio,row_norm,8,pooled,,1440,0.0162,0.54,0.0026,0.9202,layer_31
A_abs_ratio,row_norm,16,pooled,,1440,0.0024,0.9279,-0.0006,0.9824,layer_31
A_abs_ratio,col_norm,4,pooled,,1440,0.0064,0.8093,0.0073,0.7826,layer_31
A_abs_ratio,col_norm,8,pooled,,1440,-0.0018,0.9469,-0.0109,0.6789,layer_31
A_abs_ratio,col_norm,16,pooled,,1440,-0.0093,0.7257,-0.0133,0.6152,layer_31
A_signed_ratio,row_norm,4,pooled,,1440,-0.5514,0.0,-0.4698,0.0,layer_31
A_signed_ratio,row_norm,8,pooled,,1440,-0.4916,0.0,-0.4368,0.0,layer_31
A_signed_ratio,row_norm,16,pooled,,1440,-0.4813,0.0,-0.4256,0.0,layer_31
A_signed_ratio,col_norm,4,pooled,,1440,0.2313,0.0,0.2049,0.0,layer_31
A_signed_ratio,col_norm,8,pooled,,1440,0.2537,0.0,0.2261,0.0,layer_31
A_signed_ratio,col_norm,16,pooled,,1440,0.2395,0.0,0.1963,0.0,layer_31
A_log_ratio,row_norm,4,pooled,,1440,-0.5514,0.0,-0.5492,0.0,layer_31
A_log_ratio,row_norm,8,pooled,,1440,-0.4916,0.0,-0.5019,0.0,layer_31
A_log_ratio,row_norm,16,pooled,,1440,-0.4813,0.0,-0.4878,0.0,layer_31
A_log_ratio,col_norm,4,pooled,,1440,0.2313,0.0,0.2297,0.0,layer_31
A_log_ratio,col_norm,8,pooled,,1440,0.2537,0.0,0.2621,0.0,layer_31
A_log_ratio,col_norm,16,pooled,,1440,0.2395,0.0,0.2291,0.0,layer_31
drop_to_min_abs_diff,row_norm,4,pooled,,1440,0.0417,0.1133,0.0176,0.5052,layer_31
drop_to_min_abs_diff,row_norm,8,pooled,,1440,0.0296,0.2622,0.0178,0.4991,layer_31
drop_to_min_abs_diff,row_norm,16,pooled,,1440,0.0127,0.6288,0.018,0.4939,layer_31
drop_to_min_abs_diff,col_norm,4,pooled,,1440,0.0023,0.9302,0.0061,0.8157,layer_31
drop_to_min_abs_diff,col_norm,8,pooled,,1440,0.0139,0.5984,0.0063,0.812,layer_31
drop_to_min_abs_diff,col_norm,16,pooled,,1440,0.004,0.8795,0.0092,0.7274,layer_31
drop_to_min_signed_diff,row_norm,4,pooled,,1440,-0.5742,0.0,-0.5829,0.0,layer_31
drop_to_min_signed_diff,row_norm,8,pooled,,1440,-0.5208,0.0,-0.5455,0.0,layer_31
drop_to_min_signed_diff,row_norm,16,pooled,,1440,-0.5084,0.0,-0.527,0.0,layer_31
drop_to_min_signed_diff,col_norm,4,pooled,,1440,0.2463,0.0,0.266,0.0,layer_31
drop_to_min_signed_diff,col_norm,8,pooled,,1440,0.2737,0.0,0.3005,0.0,layer_31
drop_to_min_signed_diff,col_norm,16,pooled,,1440,0.2681,0.0,0.2857,0.0,layer_31
drop_to_min_min,row_norm,4,pooled,,1440,-0.0012,0.9646,-0.0138,0.602,layer_31
drop_to_min_min,row_norm,8,pooled,,1440,0.0242,0.3591,0.0182,0.4894,layer_31
drop_to_min_min,row_norm,16,pooled,,1440,0.0507,0.0544,0.0324,0.2195,layer_31
drop_to_min_min,col_norm,4,pooled,,1440,0.0094,0.7229,-0.005,0.8507,layer_31
drop_to_min_min,col_norm,8,pooled,,1440,0.0313,0.2348,0.032,0.225,layer_31
drop_to_min_min,col_norm,16,pooled,,1440,0.064,0.0151,0.0477,0.0704,layer_31
drop_to_min_max,row_norm,4,pooled,,1440,0.0271,0.3036,0.0065,0.8064,layer_31
drop_to_min_max,row_norm,8,pooled,,1440,0.0487,0.0644,0.0297,0.2607,layer_31
drop_to_min_max,row_norm,16,pooled,,1440,0.0404,0.1258,0.04,0.1291,layer_31
drop_to_min_max,col_norm,4,pooled,,1440,0.0045,0.8648,0.0022,0.935,layer_31
drop_to_min_max,col_norm,8,pooled,,1440,0.0518,0.0495,0.0288,0.2747,layer_31
drop_to_min_max,col_norm,16,pooled,,1440,0.0488,0.064,0.0428,0.1046,layer_31
drop_to_min_norm_asym,row_norm,4,pooled,,1440,-0.5514,0.0,-0.5417,0.0,layer_31
drop_to_min_norm_asym,row_norm,8,pooled,,1440,-0.5002,0.0,-0.5012,0.0,layer_31
drop_to_min_norm_asym,row_norm,16,pooled,,1440,-0.4845,0.0,-0.4847,0.0,layer_31
drop_to_min_norm_asym,col_norm,4,pooled,,1440,0.2223,0.0,0.2316,0.0,layer_31
drop_to_min_norm_asym,col_norm,8,pooled,,1440,0.2608,0.0,0.2687,0.0,layer_31
drop_to_min_norm_asym,col_norm,16,pooled,,1440,0.2362,0.0,0.2317,0.0,layer_31
drop_to_min_abs_ratio,row_norm,4,pooled,,1440,0.031,0.2392,0.0126,0.6324,layer_31
drop_to_min_abs_ratio,row_norm,8,pooled,,1440,0.0111,0.6742,0.0019,0.9427,layer_31
drop_to_min_abs_ratio,row_norm,16,pooled,,1440,-0.0116,0.6614,-0.0117,0.6568,layer_31
drop_to_min_abs_ratio,col_norm,4,pooled,,1440,-0.0057,0.829,0.0022,0.935,layer_31
drop_to_min_abs_ratio,col_norm,8,pooled,,1440,-0.007,0.792,-0.01,0.7055,layer_31
drop_to_min_abs_ratio,col_norm,16,pooled,,1440,-0.0239,0.3645,-0.0243,0.3565,layer_31
drop_to_min_signed_ratio,row_norm,4,pooled,,1440,-0.5514,0.0,-0.4559,0.0,layer_31
drop_to_min_signed_ratio,row_norm,8,pooled,,1440,-0.5002,0.0,-0.4299,0.0,layer_31
drop_to_min_signed_ratio,row_norm,16,pooled,,1440,-0.4845,0.0,-0.4207,0.0,layer_31
drop_to_min_signed_ratio,col_norm,4,pooled,,1440,0.2223,0.0,0.2008,0.0,layer_31
drop_to_min_signed_ratio,col_norm,8,pooled,,1440,0.2608,0.0,0.2346,0.0,layer_31
drop_to_min_signed_ratio,col_norm,16,pooled,,1440,0.2362,0.0,0.1899,0.0,layer_31
drop_to_min_log_ratio,row_norm,4,pooled,,1440,-0.5514,0.0,-0.5438,0.0,layer_31
drop_to_min_log_ratio,row_norm,8,pooled,,1440,-0.5002,0.0,-0.5038,0.0,layer_31
drop_to_min_log_ratio,row_norm,16,pooled,,1440,-0.4845,0.0,-0.4868,0.0,layer_31
drop_to_min_log_ratio,col_norm,4,pooled,,1440,0.2223,0.0,0.232,0.0,layer_31
drop_to_min_log_ratio,col_norm,8,pooled,,1440,0.2608,0.0,0.2716,0.0,layer_31
drop_to_min_log_ratio,col_norm,16,pooled,,1440,0.2362,0.0,0.2324,0.0,layer_31
recovery_abs_diff,row_norm,4,pooled,,1440,0.0058,0.8261,-0.0153,0.563,layer_31
recovery_abs_diff,row_norm,8,pooled,,1440,-0.0165,0.5321,-0.0223,0.3987,layer_31
recovery_abs_diff,row_norm,16,pooled,,1440,-0.023,0.384,-0.0241,0.3612,layer_31
recovery_abs_diff,col_norm,4,pooled,,1440,-0.035,0.1849,-0.0329,0.2119,layer_31
recovery_abs_diff,col_norm,8,pooled,,1440,-0.0376,0.1537,-0.0384,0.1457,layer_31
recovery_abs_diff,col_norm,16,pooled,,1440,-0.027,0.3055,-0.0331,0.21,layer_31
recovery_signed_diff,row_norm,4,pooled,,1440,0.589,0.0,0.5808,0.0,layer_31
recovery_signed_diff,row_norm,8,pooled,,1440,0.4997,0.0,0.5164,0.0,layer_31
recovery_signed_diff,row_norm,16,pooled,,1440,0.5007,0.0,0.5082,0.0,layer_31
recovery_signed_diff,col_norm,4,pooled,,1440,-0.1588,0.0,-0.1847,0.0,layer_31
recovery_signed_diff,col_norm,8,pooled,,1440,-0.1981,0.0,-0.232,0.0,layer_31
recovery_signed_diff,col_norm,16,pooled,,1440,-0.2574,0.0,-0.2806,0.0,layer_31
recovery_min,row_norm,4,pooled,,1440,-0.0281,0.2872,-0.0029,0.9118,layer_31
recovery_min,row_norm,8,pooled,,1440,-0.0387,0.1418,-0.0199,0.4498,layer_31
recovery_min,row_norm,16,pooled,,1440,-0.0283,0.2823,-0.0152,0.5654,layer_31
recovery_min,col_norm,4,pooled,,1440,-0.0113,0.6696,0.0004,0.9868,layer_31
recovery_min,col_norm,8,pooled,,1440,-0.0425,0.1071,-0.0217,0.4114,layer_31
recovery_min,col_norm,16,pooled,,1440,-0.0345,0.1908,-0.0186,0.4796,layer_31
recovery_max,row_norm,4,pooled,,1440,-0.0299,0.2561,-0.0204,0.4402,layer_31
recovery_max,row_norm,8,pooled,,1440,-0.0565,0.0322,-0.0463,0.0793,layer_31
recovery_max,row_norm,16,pooled,,1440,-0.0327,0.2148,-0.0433,0.1006,layer_31
recovery_max,col_norm,4,pooled,,1440,-0.0473,0.073,-0.0368,0.1628,layer_31
recovery_max,col_norm,8,pooled,,1440,-0.079,0.0027,-0.0663,0.0118,layer_31
recovery_max,col_norm,16,pooled,,1440,-0.0349,0.1856,-0.0571,0.0302,layer_31
recovery_norm_asym,row_norm,4,pooled,,1440,0.586,0.0,0.5511,0.0,layer_31
recovery_norm_asym,row_norm,8,pooled,,1440,0.4976,0.0,0.4922,0.0,layer_31
recovery_norm_asym,row_norm,16,pooled,,1440,0.4984,0.0,0.477,0.0,layer_31
recovery_norm_asym,col_norm,4,pooled,,1440,-0.1626,0.0,-0.2103,0.0,layer_31
recovery_norm_asym,col_norm,8,pooled,,1440,-0.1989,0.0,-0.2351,0.0,layer_31
recovery_norm_asym,col_norm,16,pooled,,1440,-0.2604,0.0,-0.2902,0.0,layer_31
recovery_abs_ratio,row_norm,4,pooled,,1440,0.0081,0.7575,-0.0069,0.794,layer_31
recovery_abs_ratio,row_norm,8,pooled,,1440,-0.0104,0.6945,-0.0048,0.8567,layer_31
recovery_abs_ratio,row_norm,16,pooled,,1440,-0.0205,0.437,-0.0074,0.7795,layer_31
recovery_abs_ratio,col_norm,4,pooled,,1440,-0.0318,0.2283,-0.0222,0.3997,layer_31
recovery_abs_ratio,col_norm,8,pooled,,1440,-0.0301,0.2534,-0.0171,0.5179,layer_31
recovery_abs_ratio,col_norm,16,pooled,,1440,-0.0227,0.3888,-0.013,0.6229,layer_31
recovery_signed_ratio,row_norm,4,pooled,,1440,0.5163,0.0,0.4468,0.0,layer_31
recovery_signed_ratio,row_norm,8,pooled,,1440,0.4291,0.0,0.4004,0.0,layer_31
recovery_signed_ratio,row_norm,16,pooled,,1440,0.422,0.0,0.3906,0.0,layer_31
recovery_signed_ratio,col_norm,4,pooled,,1440,-0.1802,0.0,-0.178,0.0,layer_31
recovery_signed_ratio,col_norm,8,pooled,,1440,-0.2125,0.0,-0.1968,0.0,layer_31
recovery_signed_ratio,col_norm,16,pooled,,1440,-0.2631,0.0,-0.2363,0.0,layer_31
recovery_log_ratio,row_norm,4,pooled,,1440,0.586,0.0,0.5313,0.0,layer_31
recovery_log_ratio,row_norm,8,pooled,,1440,0.4976,0.0,0.4765,0.0,layer_31
recovery_log_ratio,row_norm,16,pooled,,1440,0.4984,0.0,0.4603,0.0,layer_31
recovery_log_ratio,col_norm,4,pooled,,1440,-0.1626,0.0,-0.2172,0.0,layer_31
recovery_log_ratio,col_norm,8,pooled,,1440,-0.1989,0.0,-0.2305,0.0,layer_31
recovery_log_ratio,col_norm,16,pooled,,1440,-0.2604,0.0,-0.2882,0.0,layer_31
drop_minus_recovery_abs_diff,row_norm,4,pooled,,1440,0.0377,0.1525,0.0139,0.5977,layer_31
drop_minus_recovery_abs_diff,row_norm,8,pooled,,1440,0.0263,0.3179,0.013,0.6216,layer_31
drop_minus_recovery_abs_diff,row_norm,16,pooled,,1440,0.0078,0.7688,0.0116,0.6614,layer_31
drop_minus_recovery_abs_diff,col_norm,4,pooled,,1440,-0.0052,0.8435,0.0007,0.9796,layer_31
drop_minus_recovery_abs_diff,col_norm,8,pooled,,1440,0.0102,0.6997,0.0001,0.9966,layer_31
drop_minus_recovery_abs_diff,col_norm,16,pooled,,1440,0.0008,0.9754,0.0021,0.9362,layer_31
drop_minus_recovery_signed_diff,row_norm,4,pooled,,1440,-0.5919,0.0,-0.598,0.0,layer_31
drop_minus_recovery_signed_diff,row_norm,8,pooled,,1440,-0.5356,0.0,-0.555,0.0,layer_31
drop_minus_recovery_signed_diff,row_norm,16,pooled,,1440,-0.5249,0.0,-0.5378,0.0,layer_31
drop_minus_recovery_signed_diff,col_norm,4,pooled,,1440,0.2443,0.0,0.2594,0.0,layer_31
drop_minus_recovery_signed_diff,col_norm,8,pooled,,1440,0.2751,0.0,0.2969,0.0,layer_31
drop_minus_recovery_signed_diff,col_norm,16,pooled,,1440,0.2773,0.0,0.2924,0.0,layer_31
drop_minus_recovery_min,row_norm,4,pooled,,1440,-0.0001,0.998,-0.0085,0.7464,layer_31
drop_minus_recovery_min,row_norm,8,pooled,,1440,0.0255,0.3337,0.0237,0.3696,layer_31
drop_minus_recovery_min,row_norm,16,pooled,,1440,0.0515,0.0508,0.0359,0.1731,layer_31
drop_minus_recovery_min,col_norm,4,pooled,,1440,0.0243,0.3562,0.0023,0.9296,layer_31
drop_minus_recovery_min,col_norm,8,pooled,,1440,0.0463,0.0789,0.0393,0.1356,layer_31
drop_minus_recovery_min,col_norm,16,pooled,,1440,0.0707,0.0073,0.0518,0.0495,layer_31
drop_minus_recovery_max,row_norm,4,pooled,,1440,0.0276,0.2956,0.0067,0.7994,layer_31
drop_minus_recovery_max,row_norm,8,pooled,,1440,0.0477,0.0706,0.0295,0.2636,layer_31
drop_minus_recovery_max,row_norm,16,pooled,,1440,0.0385,0.1438,0.0371,0.1593,layer_31
drop_minus_recovery_max,col_norm,4,pooled,,1440,0.0051,0.8466,0.0023,0.9294,layer_31
drop_minus_recovery_max,col_norm,8,pooled,,1440,0.0511,0.0524,0.029,0.2719,layer_31
drop_minus_recovery_max,col_norm,16,pooled,,1440,0.0468,0.0756,0.04,0.1296,layer_31
drop_minus_recovery_norm_asym,row_norm,4,pooled,,1440,-0.5034,0.0,-0.5115,0.0,layer_31
drop_minus_recovery_norm_asym,row_norm,8,pooled,,1440,-0.4434,0.0,-0.4598,0.0,layer_31
drop_minus_recovery_norm_asym,row_norm,16,pooled,,1440,-0.4333,0.0,-0.4491,0.0,layer_31
drop_minus_recovery_norm_asym,col_norm,4,pooled,,1440,0.1847,0.0,0.2103,0.0,layer_31
drop_minus_recovery_norm_asym,col_norm,8,pooled,,1440,0.2079,0.0,0.2371,0.0,layer_31
drop_minus_recovery_norm_asym,col_norm,16,pooled,,1440,0.1848,0.0,0.2022,0.0,layer_31
drop_minus_recovery_abs_ratio,row_norm,4,pooled,,1440,-0.0418,0.1128,-0.0306,0.2464,layer_31
drop_minus_recovery_abs_ratio,row_norm,8,pooled,,1440,-0.0002,0.9928,-0.015,0.5702,layer_31
drop_minus_recovery_abs_ratio,row_norm,16,pooled,,1440,0.0043,0.8709,-0.0172,0.5138,layer_31
drop_minus_recovery_abs_ratio,col_norm,4,pooled,,1440,-0.021,0.4259,-0.0268,0.3088,layer_31
drop_minus_recovery_abs_ratio,col_norm,8,pooled,,1440,0.02,0.4492,-0.0105,0.6915,layer_31
drop_minus_recovery_abs_ratio,col_norm,16,pooled,,1440,0.0243,0.3576,-0.0123,0.6412,layer_31
drop_minus_recovery_signed_ratio,row_norm,4,pooled,,1440,0.1134,0.0,0.3004,0.0,layer_31
drop_minus_recovery_signed_ratio,row_norm,8,pooled,,1440,0.1314,0.0,0.2644,0.0,layer_31
drop_minus_recovery_signed_ratio,row_norm,16,pooled,,1440,0.1336,0.0,0.2582,0.0,layer_31
drop_minus_recovery_signed_ratio,col_norm,4,pooled,,1440,-0.0251,0.3409,-0.1718,0.0,layer_31
drop_minus_recovery_signed_ratio,col_norm,8,pooled,,1440,-0.0087,0.7407,-0.1552,0.0,layer_31
drop_minus_recovery_signed_ratio,col_norm,16,pooled,,1440,0.0123,0.6422,-0.1396,0.0,layer_31
drop_minus_recovery_log_ratio,row_norm,4,pooled,,1440,-0.5267,0.0,-0.527,0.0,layer_31
drop_minus_recovery_log_ratio,row_norm,8,pooled,,1440,-0.4505,0.0,-0.4637,0.0,layer_31
drop_minus_recovery_log_ratio,row_norm,16,pooled,,1440,-0.4469,0.0,-0.4558,0.0,layer_31
drop_minus_recovery_log_ratio,col_norm,4,pooled,,1440,0.2284,0.0,0.2362,0.0,layer_31
drop_minus_recovery_log_ratio,col_norm,8,pooled,,1440,0.2223,0.0,0.2429,0.0,layer_31
drop_minus_recovery_log_ratio,col_norm,16,pooled,,1440,0.2181,0.0,0.2225,0.0,layer_31
drop_over_recovery_abs_diff,row_norm,4,pooled,,1440,0.0244,0.3558,0.0087,0.7421,layer_31
drop_over_recovery_abs_diff,row_norm,8,pooled,,1440,0.031,0.2394,0.0259,0.3262,layer_31
drop_over_recovery_abs_diff,row_norm,16,pooled,,1440,0.0078,0.7681,0.0211,0.4226,layer_31
drop_over_recovery_abs_diff,col_norm,4,pooled,,1440,-0.0134,0.6107,-0.0014,0.9566,layer_31
drop_over_recovery_abs_diff,col_norm,8,pooled,,1440,0.0278,0.2916,0.0192,0.4662,layer_31
drop_over_recovery_abs_diff,col_norm,16,pooled,,1440,0.0116,0.661,0.0191,0.4678,layer_31
drop_over_recovery_signed_diff,row_norm,4,pooled,,1440,-0.5812,0.0,-0.5614,0.0,layer_31
drop_over_recovery_signed_diff,row_norm,8,pooled,,1440,-0.5213,0.0,-0.5178,0.0,layer_31
drop_over_recovery_signed_diff,row_norm,16,pooled,,1440,-0.512,0.0,-0.4997,0.0,layer_31
drop_over_recovery_signed_diff,col_norm,4,pooled,,1440,0.2542,0.0,0.2565,0.0,layer_31
drop_over_recovery_signed_diff,col_norm,8,pooled,,1440,0.2762,0.0,0.2803,0.0,layer_31
drop_over_recovery_signed_diff,col_norm,16,pooled,,1440,0.3021,0.0,0.323,0.0,layer_31
drop_over_recovery_min,row_norm,4,pooled,,1440,0.004,0.8789,0.0065,0.8044,layer_31
drop_over_recovery_min,row_norm,8,pooled,,1440,0.032,0.2246,0.0219,0.4071,layer_31
drop_over_recovery_min,row_norm,16,pooled,,1440,0.0551,0.0365,0.0382,0.1469,layer_31
drop_over_recovery_min,col_norm,4,pooled,,1440,0.0295,0.2627,0.0168,0.5232,layer_31
drop_over_recovery_min,col_norm,8,pooled,,1440,0.0538,0.0413,0.0344,0.1923,layer_31
drop_over_recovery_min,col_norm,16,pooled,,1440,0.0742,0.0048,0.0479,0.0691,layer_31
drop_over_recovery_max,row_norm,4,pooled,,1440,0.0277,0.2937,0.0117,0.6565,layer_31
drop_over_recovery_max,row_norm,8,pooled,,1440,0.0454,0.085,0.0363,0.169,layer_31
drop_over_recovery_max,row_norm,16,pooled,,1440,0.0348,0.1867,0.0406,0.1238,layer_31
drop_over_recovery_max,col_norm,4,pooled,,1440,0.0028,0.9154,0.0077,0.7709,layer_31
drop_over_recovery_max,col_norm,8,pooled,,1440,0.0493,0.0612,0.0367,0.1644,layer_31
drop_over_recovery_max,col_norm,16,pooled,,1440,0.0412,0.1184,0.0439,0.0961,layer_31
drop_over_recovery_norm_asym,row_norm,4,pooled,,1440,-0.5957,0.0,-0.5565,0.0,layer_31
drop_over_recovery_norm_asym,row_norm,8,pooled,,1440,-0.5285,0.0,-0.5057,0.0,layer_31
drop_over_recovery_norm_asym,row_norm,16,pooled,,1440,-0.5174,0.0,-0.4887,0.0,layer_31
drop_over_recovery_norm_asym,col_norm,4,pooled,,1440,0.2171,0.0,0.2232,0.0,layer_31
drop_over_recovery_norm_asym,col_norm,8,pooled,,1440,0.2521,0.0,0.254,0.0,layer_31
drop_over_recovery_norm_asym,col_norm,16,pooled,,1440,0.2639,0.0,0.2702,0.0,layer_31
drop_over_recovery_abs_ratio,row_norm,4,pooled,,1440,0.0264,0.3166,0.0111,0.6737,layer_31
drop_over_recovery_abs_ratio,row_norm,8,pooled,,1440,0.012,0.6481,0.0057,0.829,layer_31
drop_over_recovery_abs_ratio,row_norm,16,pooled,,1440,-0.0125,0.6347,-0.0051,0.8467,layer_31
drop_over_recovery_abs_ratio,col_norm,4,pooled,,1440,-0.0167,0.5258,-0.003,0.9108,layer_31
drop_over_recovery_abs_ratio,col_norm,8,pooled,,1440,-0.0049,0.8511,-0.0084,0.7507,layer_31
drop_over_recovery_abs_ratio,col_norm,16,pooled,,1440,-0.0196,0.4576,-0.0178,0.5002,layer_31
drop_over_recovery_signed_ratio,row_norm,4,pooled,,1440,-0.5957,0.0,-0.4162,0.0,layer_31
drop_over_recovery_signed_ratio,row_norm,8,pooled,,1440,-0.5285,0.0,-0.3866,0.0,layer_31
drop_over_recovery_signed_ratio,row_norm,16,pooled,,1440,-0.5174,0.0,-0.3819,0.0,layer_31
drop_over_recovery_signed_ratio,col_norm,4,pooled,,1440,0.2169,0.0,0.1657,0.0,layer_31
drop_over_recovery_signed_ratio,col_norm,8,pooled,,1440,0.2522,0.0,0.196,0.0,layer_31
drop_over_recovery_signed_ratio,col_norm,16,pooled,,1440,0.2642,0.0,0.1884,0.0,layer_31
drop_over_recovery_log_ratio,row_norm,4,pooled,,1440,-0.5957,0.0,-0.5385,0.0,layer_31
drop_over_recovery_log_ratio,row_norm,8,pooled,,1440,-0.5285,0.0,-0.484,0.0,layer_31
drop_over_recovery_log_ratio,row_norm,16,pooled,,1440,-0.5174,0.0,-0.4676,0.0,layer_31
drop_over_recovery_log_ratio,col_norm,4,pooled,,1440,0.2169,0.0,0.2208,0.0,layer_31
drop_over_recovery_log_ratio,col_norm,8,pooled,,1440,0.2522,0.0,0.2359,0.0,layer_31
drop_over_recovery_log_ratio,col_norm,16,pooled,,1440,0.2642,0.0,0.2883,0.0,layer_31
alpha_abs_diff,row_norm,4,per_ckpt,step50000-tokens210B,90,-0.1203,0.2398,-0.1446,0.1878,layer_31
alpha_abs_diff,row_norm,4,per_ckpt,step200000-tokens840B,90,-0.0387,0.5514,-0.1047,0.1808,layer_31
alpha_abs_diff,row_norm,4,per_ckpt,step350000-tokens1470B,90,-0.1702,0.006,-0.2008,0.001,layer_31
alpha_abs_diff,row_norm,4,per_ckpt,step500000-tokens2100B,90,0.0652,0.3976,-0.0103,0.9011,layer_31
alpha_abs_diff,row_norm,4,per_ckpt,step650000-tokens2730B,90,-0.088,0.1259,-0.1407,0.02,layer_31
alpha_abs_diff,row_norm,4,per_ckpt,step800000-tokens3360B,90,0.089,0.3766,0.1275,0.2587,layer_31
alpha_abs_diff,row_norm,4,per_ckpt,step950000-tokens3990B,90,-0.0085,0.8851,0.0346,0.5814,layer_31
alpha_abs_diff,row_norm,4,per_ckpt,step1432000-tokens6014B,90,0.0346,0.6973,0.0815,0.3926,layer_31
alpha_abs_diff,row_norm,4,per_ckpt,step1700000-tokens7232B,90,-0.0114,0.8382,0.0604,0.3626,layer_31
alpha_abs_diff,row_norm,4,per_ckpt,step1850000-tokens8492B,90,0.0357,0.5025,0.0001,0.999,layer_31
alpha_abs_diff,row_norm,4,per_ckpt,step2000000-tokens9752B,90,-0.0011,0.964,0.032,0.2178,layer_31
alpha_abs_diff,row_norm,4,per_ckpt,step2150000-tokens11012B,90,-0.063,0.5195,-0.0628,0.5524,layer_31
alpha_abs_diff,row_norm,4,per_ckpt,step2300000-tokens12272B,90,0.0286,0.4505,0.0518,0.2248,layer_31
alpha_abs_diff,row_norm,4,per_ckpt,step2450000-tokens13532B,90,0.0523,0.1788,0.0944,0.036,layer_31
alpha_abs_diff,row_norm,4,per_ckpt,step2600000-tokens14792B,90,0.0377,0.3257,0.0947,0.012,layer_31
alpha_abs_diff,row_norm,4,per_ckpt,main,90,-0.0188,0.5834,0.0002,0.994,layer_31
alpha_abs_diff,row_norm,8,per_ckpt,step50000-tokens210B,90,0.2794,0.004,0.3357,0.002,layer_31
alpha_abs_diff,row_norm,8,per_ckpt,step200000-tokens840B,90,-0.0074,0.9161,0.0131,0.8851,layer_31
alpha_abs_diff,row_norm,8,per_ckpt,step350000-tokens1470B,90,-0.0559,0.4535,-0.1917,0.013,layer_31
alpha_abs_diff,row_norm,8,per_ckpt,step500000-tokens2100B,90,-0.0376,0.6424,-0.1268,0.1179,layer_31
alpha_abs_diff,row_norm,8,per_ckpt,step650000-tokens2730B,90,-0.0741,0.2288,-0.0857,0.1998,layer_31
alpha_abs_diff,row_norm,8,per_ckpt,step800000-tokens3360B,90,0.0554,0.5335,0.0061,0.9381,layer_31
alpha_abs_diff,row_norm,8,per_ckpt,step950000-tokens3990B,90,-0.0381,0.4605,-0.0296,0.5654,layer_31
alpha_abs_diff,row_norm,8,per_ckpt,step1432000-tokens6014B,90,0.055,0.2747,0.0718,0.1399,layer_31
alpha_abs_diff,row_norm,8,per_ckpt,step1700000-tokens7232B,90,0.0787,0.1848,0.1421,0.018,layer_31
alpha_abs_diff,row_norm,8,per_ckpt,step1850000-tokens8492B,90,0.0748,0.2537,0.0372,0.5584,layer_31
alpha_abs_diff,row_norm,8,per_ckpt,step2000000-tokens9752B,90,-0.0432,0.4915,0.0426,0.5734,layer_31
alpha_abs_diff,row_norm,8,per_ckpt,step2150000-tokens11012B,90,-0.1414,0.032,-0.1526,0.015,layer_31
alpha_abs_diff,row_norm,8,per_ckpt,step2300000-tokens12272B,90,0.0596,0.0549,0.0749,0.019,layer_31
alpha_abs_diff,row_norm,8,per_ckpt,step2450000-tokens13532B,90,0.0935,0.026,0.1066,0.034,layer_31
alpha_abs_diff,row_norm,8,per_ckpt,step2600000-tokens14792B,90,-0.0104,0.7343,0.0308,0.2987,layer_31
alpha_abs_diff,row_norm,8,per_ckpt,main,90,0.0419,0.0759,0.0618,0.031,layer_31
alpha_abs_diff,row_norm,16,per_ckpt,step50000-tokens210B,90,-0.1918,0.049,-0.2256,0.032,layer_31
alpha_abs_diff,row_norm,16,per_ckpt,step200000-tokens840B,90,-0.0866,0.1568,-0.1261,0.0879,layer_31
alpha_abs_diff,row_norm,16,per_ckpt,step350000-tokens1470B,90,-0.1243,0.0709,-0.2174,0.006,layer_31
alpha_abs_diff,row_norm,16,per_ckpt,step500000-tokens2100B,90,0.0803,0.2757,-0.0177,0.8012,layer_31
alpha_abs_diff,row_norm,16,per_ckpt,step650000-tokens2730B,90,-0.1185,0.014,-0.1215,0.021,layer_31
alpha_abs_diff,row_norm,16,per_ckpt,step800000-tokens3360B,90,-0.0871,0.3766,-0.1516,0.1518,layer_31
alpha_abs_diff,row_norm,16,per_ckpt,step950000-tokens3990B,90,-0.0383,0.6863,-0.0128,0.8851,layer_31
alpha_abs_diff,row_norm,16,per_ckpt,step1432000-tokens6014B,90,0.049,0.2268,0.0445,0.2817,layer_31
alpha_abs_diff,row_norm,16,per_ckpt,step1700000-tokens7232B,90,0.04,0.5854,0.0777,0.3317,layer_31
alpha_abs_diff,row_norm,16,per_ckpt,step1850000-tokens8492B,90,-0.0992,0.0889,-0.0531,0.3786,layer_31
alpha_abs_diff,row_norm,16,per_ckpt,step2000000-tokens9752B,90,0.0269,0.7712,0.1099,0.2807,layer_31
alpha_abs_diff,row_norm,16,per_ckpt,step2150000-tokens11012B,90,-0.0307,0.6434,-0.0123,0.8571,layer_31
alpha_abs_diff,row_norm,16,per_ckpt,step2300000-tokens12272B,90,-0.0002,0.993,0.0445,0.5185,layer_31
alpha_abs_diff,row_norm,16,per_ckpt,step2450000-tokens13532B,90,0.085,0.033,0.0967,0.027,layer_31
alpha_abs_diff,row_norm,16,per_ckpt,step2600000-tokens14792B,90,0.0106,0.6873,0.0547,0.0849,layer_31
alpha_abs_diff,row_norm,16,per_ckpt,main,90,0.001,0.978,0.048,0.2298,layer_31
alpha_abs_diff,col_norm,4,per_ckpt,step50000-tokens210B,90,-0.0916,0.2517,-0.0923,0.1838,layer_31
alpha_abs_diff,col_norm,4,per_ckpt,step200000-tokens840B,90,-0.0593,0.1309,-0.0423,0.4106,layer_31
alpha_abs_diff,col_norm,4,per_ckpt,step350000-tokens1470B,90,-0.0814,0.1119,-0.1361,0.004,layer_31
alpha_abs_diff,col_norm,4,per_ckpt,step500000-tokens2100B,90,0.0057,0.9351,-0.0083,0.8911,layer_31
alpha_abs_diff,col_norm,4,per_ckpt,step650000-tokens2730B,90,-0.1153,0.018,-0.1219,0.025,layer_31
alpha_abs_diff,col_norm,4,per_ckpt,step800000-tokens3360B,90,-0.0007,0.99,0.0819,0.2577,layer_31
alpha_abs_diff,col_norm,4,per_ckpt,step950000-tokens3990B,90,0.0153,0.7732,0.0342,0.5634,layer_31
alpha_abs_diff,col_norm,4,per_ckpt,step1432000-tokens6014B,90,0.0292,0.7493,0.0694,0.3716,layer_31
alpha_abs_diff,col_norm,4,per_ckpt,step1700000-tokens7232B,90,0.0028,0.956,0.0565,0.3636,layer_31
alpha_abs_diff,col_norm,4,per_ckpt,step1850000-tokens8492B,90,-0.0341,0.5764,-0.0256,0.7173,layer_31
alpha_abs_diff,col_norm,4,per_ckpt,step2000000-tokens9752B,90,0.0118,0.7812,0.0028,0.9491,layer_31
alpha_abs_diff,col_norm,4,per_ckpt,step2150000-tokens11012B,90,-0.0669,0.5764,-0.085,0.5095,layer_31
alpha_abs_diff,col_norm,4,per_ckpt,step2300000-tokens12272B,90,0.0666,0.2587,0.0501,0.4655,layer_31
alpha_abs_diff,col_norm,4,per_ckpt,step2450000-tokens13532B,90,0.1351,0.1389,0.1393,0.1648,layer_31
alpha_abs_diff,col_norm,4,per_ckpt,step2600000-tokens14792B,90,0.1079,0.1419,0.1679,0.043,layer_31
alpha_abs_diff,col_norm,4,per_ckpt,main,90,-0.0869,0.3796,-0.0951,0.3576,layer_31
alpha_abs_diff,col_norm,8,per_ckpt,step50000-tokens210B,90,0.1454,0.007,0.1727,0.002,layer_31
alpha_abs_diff,col_norm,8,per_ckpt,step200000-tokens840B,90,0.0284,0.7193,0.0223,0.7642,layer_31
alpha_abs_diff,col_norm,8,per_ckpt,step350000-tokens1470B,90,-0.1241,0.04,-0.1473,0.014,layer_31
alpha_abs_diff,col_norm,8,per_ckpt,step500000-tokens2100B,90,-0.0848,0.3487,-0.1346,0.0999,layer_31
alpha_abs_diff,col_norm,8,per_ckpt,step650000-tokens2730B,90,-0.0958,0.0939,-0.0826,0.1708,layer_31
alpha_abs_diff,col_norm,8,per_ckpt,step800000-tokens3360B,90,0.0473,0.5904,0.0095,0.9091,layer_31
alpha_abs_diff,col_norm,8,per_ckpt,step950000-tokens3990B,90,-0.0728,0.2098,-0.0291,0.5874,layer_31
alpha_abs_diff,col_norm,8,per_ckpt,step1432000-tokens6014B,90,0.0662,0.1049,0.0483,0.2767,layer_31
alpha_abs_diff,col_norm,8,per_ckpt,step1700000-tokens7232B,90,0.0354,0.5904,0.1574,0.021,layer_31
alpha_abs_diff,col_norm,8,per_ckpt,step1850000-tokens8492B,90,0.0339,0.6084,0.0227,0.7662,layer_31
alpha_abs_diff,col_norm,8,per_ckpt,step2000000-tokens9752B,90,0.0399,0.6224,0.041,0.6563,layer_31
alpha_abs_diff,col_norm,8,per_ckpt,step2150000-tokens11012B,90,-0.0847,0.1469,-0.1465,0.016,layer_31
alpha_abs_diff,col_norm,8,per_ckpt,step2300000-tokens12272B,90,0.0856,0.1219,0.0923,0.1119,layer_31
alpha_abs_diff,col_norm,8,per_ckpt,step2450000-tokens13532B,90,0.1936,0.0729,0.179,0.1518,layer_31
alpha_abs_diff,col_norm,8,per_ckpt,step2600000-tokens14792B,90,0.0065,0.9411,0.0154,0.8841,layer_31
alpha_abs_diff,col_norm,8,per_ckpt,main,90,0.0361,0.6264,0.0993,0.2348,layer_31
alpha_abs_diff,col_norm,16,per_ckpt,step50000-tokens210B,90,-0.2039,0.011,-0.1848,0.032,layer_31
alpha_abs_diff,col_norm,16,per_ckpt,step200000-tokens840B,90,-0.0843,0.1269,-0.0903,0.1429,layer_31
alpha_abs_diff,col_norm,16,per_ckpt,step350000-tokens1470B,90,-0.0163,0.6933,-0.1363,0.008,layer_31
alpha_abs_diff,col_norm,16,per_ckpt,step500000-tokens2100B,90,-0.0022,0.977,-0.0313,0.7153,layer_31
alpha_abs_diff,col_norm,16,per_ckpt,step650000-tokens2730B,90,-0.1602,0.004,-0.1353,0.018,layer_31
alpha_abs_diff,col_norm,16,per_ckpt,step800000-tokens3360B,90,-0.067,0.3217,-0.1082,0.1538,layer_31
alpha_abs_diff,col_norm,16,per_ckpt,step950000-tokens3990B,90,-0.067,0.3526,-0.0032,0.965,layer_31
alpha_abs_diff,col_norm,16,per_ckpt,step1432000-tokens6014B,90,0.0459,0.2667,0.0347,0.4216,layer_31
alpha_abs_diff,col_norm,16,per_ckpt,step1700000-tokens7232B,90,0.0672,0.3806,0.0884,0.2907,layer_31
alpha_abs_diff,col_norm,16,per_ckpt,step1850000-tokens8492B,90,-0.0401,0.4665,-0.0632,0.2747,layer_31
alpha_abs_diff,col_norm,16,per_ckpt,step2000000-tokens9752B,90,0.1076,0.2428,0.1119,0.2877,layer_31
alpha_abs_diff,col_norm,16,per_ckpt,step2150000-tokens11012B,90,0.0004,0.997,-0.0194,0.8412,layer_31
alpha_abs_diff,col_norm,16,per_ckpt,step2300000-tokens12272B,90,0.0658,0.3936,0.0437,0.6154,layer_31
alpha_abs_diff,col_norm,16,per_ckpt,step2450000-tokens13532B,90,0.1575,0.0759,0.1639,0.1189,layer_31
alpha_abs_diff,col_norm,16,per_ckpt,step2600000-tokens14792B,90,0.0715,0.4126,0.0811,0.3686,layer_31
alpha_abs_diff,col_norm,16,per_ckpt,main,90,0.0892,0.4196,0.0543,0.6474,layer_31
alpha_signed_diff,row_norm,4,per_ckpt,step50000-tokens210B,90,-0.176,0.4316,-0.2121,0.3087,layer_31
alpha_signed_diff,row_norm,4,per_ckpt,step200000-tokens840B,90,-0.5774,0.034,-0.6056,0.021,layer_31
alpha_signed_diff,row_norm,4,per_ckpt,step350000-tokens1470B,90,-0.7014,0.002,-0.7216,0.001,layer_31
alpha_signed_diff,row_norm,4,per_ckpt,step500000-tokens2100B,90,-0.5479,0.04,-0.5737,0.027,layer_31
alpha_signed_diff,row_norm,4,per_ckpt,step650000-tokens2730B,90,-0.6859,0.016,-0.6977,0.012,layer_31
alpha_signed_diff,row_norm,4,per_ckpt,step800000-tokens3360B,90,-0.1555,0.2967,-0.1969,0.1129,layer_31
alpha_signed_diff,row_norm,4,per_ckpt,step950000-tokens3990B,90,-0.446,0.1499,-0.4701,0.1249,layer_31
alpha_signed_diff,row_norm,4,per_ckpt,step1432000-tokens6014B,90,-0.3127,0.2657,-0.3156,0.2478,layer_31
alpha_signed_diff,row_norm,4,per_ckpt,step1700000-tokens7232B,90,-0.8047,0.001,-0.7966,0.001,layer_31
alpha_signed_diff,row_norm,4,per_ckpt,step1850000-tokens8492B,90,-0.5998,0.035,-0.583,0.04,layer_31
alpha_signed_diff,row_norm,4,per_ckpt,step2000000-tokens9752B,90,-0.7325,0.004,-0.7313,0.005,layer_31
alpha_signed_diff,row_norm,4,per_ckpt,step2150000-tokens11012B,90,-0.1216,0.6424,-0.1313,0.6214,layer_31
alpha_signed_diff,row_norm,4,per_ckpt,step2300000-tokens12272B,90,-0.6302,0.024,-0.6355,0.027,layer_31
alpha_signed_diff,row_norm,4,per_ckpt,step2450000-tokens13532B,90,-0.8328,0.001,-0.7656,0.002,layer_31
alpha_signed_diff,row_norm,4,per_ckpt,step2600000-tokens14792B,90,-0.7982,0.001,-0.7535,0.003,layer_31
alpha_signed_diff,row_norm,4,per_ckpt,main,90,-0.7562,0.002,-0.709,0.007,layer_31
alpha_signed_diff,row_norm,8,per_ckpt,step50000-tokens210B,90,0.3705,0.0589,0.3949,0.03,layer_31
alpha_signed_diff,row_norm,8,per_ckpt,step200000-tokens840B,90,-0.3402,0.2398,-0.304,0.2917,layer_31
alpha_signed_diff,row_norm,8,per_ckpt,step350000-tokens1470B,90,-0.6834,0.004,-0.7058,0.001,layer_31
alpha_signed_diff,row_norm,8,per_ckpt,step500000-tokens2100B,90,-0.5595,0.028,-0.5859,0.02,layer_31
alpha_signed_diff,row_norm,8,per_ckpt,step650000-tokens2730B,90,-0.6035,0.039,-0.6024,0.04,layer_31
alpha_signed_diff,row_norm,8,per_ckpt,step800000-tokens3360B,90,-0.3003,0.2238,-0.3332,0.1668,layer_31
alpha_signed_diff,row_norm,8,per_ckpt,step950000-tokens3990B,90,-0.6977,0.006,-0.6788,0.006,layer_31
alpha_signed_diff,row_norm,8,per_ckpt,step1432000-tokens6014B,90,-0.4789,0.1089,-0.5112,0.0829,layer_31
alpha_signed_diff,row_norm,8,per_ckpt,step1700000-tokens7232B,90,-0.7641,0.002,-0.7648,0.003,layer_31
alpha_signed_diff,row_norm,8,per_ckpt,step1850000-tokens8492B,90,-0.6411,0.008,-0.6247,0.012,layer_31
alpha_signed_diff,row_norm,8,per_ckpt,step2000000-tokens9752B,90,-0.6664,0.005,-0.6521,0.004,layer_31
alpha_signed_diff,row_norm,8,per_ckpt,step2150000-tokens11012B,90,-0.6935,0.006,-0.705,0.005,layer_31
alpha_signed_diff,row_norm,8,per_ckpt,step2300000-tokens12272B,90,-0.6965,0.007,-0.7022,0.009,layer_31
alpha_signed_diff,row_norm,8,per_ckpt,step2450000-tokens13532B,90,-0.8289,0.001,-0.7828,0.002,layer_31
alpha_signed_diff,row_norm,8,per_ckpt,step2600000-tokens14792B,90,-0.8189,0.001,-0.7824,0.001,layer_31
alpha_signed_diff,row_norm,8,per_ckpt,main,90,-0.8346,0.001,-0.8008,0.001,layer_31
alpha_signed_diff,row_norm,16,per_ckpt,step50000-tokens210B,90,-0.3453,0.1309,-0.3792,0.0899,layer_31
alpha_signed_diff,row_norm,16,per_ckpt,step200000-tokens840B,90,-0.3902,0.2028,-0.4165,0.1499,layer_31
alpha_signed_diff,row_norm,16,per_ckpt,step350000-tokens1470B,90,-0.7709,0.001,-0.7859,0.001,layer_31
alpha_signed_diff,row_norm,16,per_ckpt,step500000-tokens2100B,90,-0.6709,0.007,-0.6845,0.006,layer_31
alpha_signed_diff,row_norm,16,per_ckpt,step650000-tokens2730B,90,-0.5743,0.0589,-0.5692,0.0669,layer_31
alpha_signed_diff,row_norm,16,per_ckpt,step800000-tokens3360B,90,-0.1643,0.4915,-0.247,0.3147,layer_31
alpha_signed_diff,row_norm,16,per_ckpt,step950000-tokens3990B,90,-0.5946,0.01,-0.5875,0.013,layer_31
alpha_signed_diff,row_norm,16,per_ckpt,step1432000-tokens6014B,90,-0.4113,0.1898,-0.4441,0.1628,layer_31
alpha_signed_diff,row_norm,16,per_ckpt,step1700000-tokens7232B,90,-0.629,0.01,-0.6295,0.012,layer_31
alpha_signed_diff,row_norm,16,per_ckpt,step1850000-tokens8492B,90,-0.5042,0.0709,-0.5113,0.0679,layer_31
alpha_signed_diff,row_norm,16,per_ckpt,step2000000-tokens9752B,90,-0.5673,0.019,-0.5688,0.008,layer_31
alpha_signed_diff,row_norm,16,per_ckpt,step2150000-tokens11012B,90,-0.6242,0.018,-0.612,0.019,layer_31
alpha_signed_diff,row_norm,16,per_ckpt,step2300000-tokens12272B,90,-0.5404,0.0509,-0.5616,0.041,layer_31
alpha_signed_diff,row_norm,16,per_ckpt,step2450000-tokens13532B,90,-0.8046,0.001,-0.7516,0.002,layer_31
alpha_signed_diff,row_norm,16,per_ckpt,step2600000-tokens14792B,90,-0.8481,0.001,-0.8274,0.001,layer_31
alpha_signed_diff,row_norm,16,per_ckpt,main,90,-0.8288,0.001,-0.8177,0.001,layer_31
alpha_signed_diff,col_norm,4,per_ckpt,step50000-tokens210B,90,-0.0493,0.8302,0.0217,0.9301,layer_31
alpha_signed_diff,col_norm,4,per_ckpt,step200000-tokens840B,90,0.8198,0.002,0.8185,0.001,layer_31
alpha_signed_diff,col_norm,4,per_ckpt,step350000-tokens1470B,90,0.8821,0.001,0.8691,0.001,layer_31
alpha_signed_diff,col_norm,4,per_ckpt,step500000-tokens2100B,90,0.3141,0.3217,0.3714,0.2527,layer_31
alpha_signed_diff,col_norm,4,per_ckpt,step650000-tokens2730B,90,0.6227,0.042,0.5929,0.0529,layer_31
alpha_signed_diff,col_norm,4,per_ckpt,step800000-tokens3360B,90,-0.4691,0.013,-0.4588,0.048,layer_31
alpha_signed_diff,col_norm,4,per_ckpt,step950000-tokens3990B,90,0.2937,0.3407,0.3398,0.2717,layer_31
alpha_signed_diff,col_norm,4,per_ckpt,step1432000-tokens6014B,90,-0.4033,0.1379,-0.4405,0.1249,layer_31
alpha_signed_diff,col_norm,4,per_ckpt,step1700000-tokens7232B,90,0.7466,0.003,0.7344,0.003,layer_31
alpha_signed_diff,col_norm,4,per_ckpt,step1850000-tokens8492B,90,0.3465,0.2857,0.3108,0.3337,layer_31
alpha_signed_diff,col_norm,4,per_ckpt,step2000000-tokens9752B,90,-0.1218,0.7013,-0.1162,0.7193,layer_31
alpha_signed_diff,col_norm,4,per_ckpt,step2150000-tokens11012B,90,0.0125,0.952,-0.0122,0.952,layer_31
alpha_signed_diff,col_norm,4,per_ckpt,step2300000-tokens12272B,90,0.104,0.7572,0.1106,0.7473,layer_31
alpha_signed_diff,col_norm,4,per_ckpt,step2450000-tokens13532B,90,0.1024,0.7133,0.0848,0.7473,layer_31
alpha_signed_diff,col_norm,4,per_ckpt,step2600000-tokens14792B,90,0.1361,0.6174,0.087,0.7532,layer_31
alpha_signed_diff,col_norm,4,per_ckpt,main,90,-0.2651,0.2577,-0.259,0.2837,layer_31
alpha_signed_diff,col_norm,8,per_ckpt,step50000-tokens210B,90,-0.1084,0.7373,-0.0567,0.8721,layer_31
alpha_signed_diff,col_norm,8,per_ckpt,step200000-tokens840B,90,0.6894,0.003,0.6855,0.006,layer_31
alpha_signed_diff,col_norm,8,per_ckpt,step350000-tokens1470B,90,0.6739,0.013,0.6923,0.011,layer_31
alpha_signed_diff,col_norm,8,per_ckpt,step500000-tokens2100B,90,0.4348,0.1139,0.4551,0.1119,layer_31
alpha_signed_diff,col_norm,8,per_ckpt,step650000-tokens2730B,90,0.5144,0.0959,0.5129,0.0989,layer_31
alpha_signed_diff,col_norm,8,per_ckpt,step800000-tokens3360B,90,0.5935,0.003,0.6104,0.003,layer_31
alpha_signed_diff,col_norm,8,per_ckpt,step950000-tokens3990B,90,0.4976,0.0709,0.5554,0.045,layer_31
alpha_signed_diff,col_norm,8,per_ckpt,step1432000-tokens6014B,90,0.0039,0.987,-0.0014,0.997,layer_31
alpha_signed_diff,col_norm,8,per_ckpt,step1700000-tokens7232B,90,0.69,0.01,0.7126,0.005,layer_31
alpha_signed_diff,col_norm,8,per_ckpt,step1850000-tokens8492B,90,0.211,0.5095,0.2258,0.4885,layer_31
alpha_signed_diff,col_norm,8,per_ckpt,step2000000-tokens9752B,90,0.5249,0.0529,0.5536,0.039,layer_31
alpha_signed_diff,col_norm,8,per_ckpt,step2150000-tokens11012B,90,0.7037,0.008,0.7191,0.006,layer_31
alpha_signed_diff,col_norm,8,per_ckpt,step2300000-tokens12272B,90,0.4044,0.1808,0.4069,0.1838,layer_31
alpha_signed_diff,col_norm,8,per_ckpt,step2450000-tokens13532B,90,0.2176,0.3906,0.2021,0.4366,layer_31
alpha_signed_diff,col_norm,8,per_ckpt,step2600000-tokens14792B,90,-0.2335,0.3606,-0.2169,0.4086,layer_31
alpha_signed_diff,col_norm,8,per_ckpt,main,90,-0.4055,0.1489,-0.4471,0.1029,layer_31
alpha_signed_diff,col_norm,16,per_ckpt,step50000-tokens210B,90,0.2902,0.2787,0.3141,0.2478,layer_31
alpha_signed_diff,col_norm,16,per_ckpt,step200000-tokens840B,90,0.6948,0.009,0.7007,0.008,layer_31
alpha_signed_diff,col_norm,16,per_ckpt,step350000-tokens1470B,90,0.9034,0.001,0.8846,0.001,layer_31
alpha_signed_diff,col_norm,16,per_ckpt,step500000-tokens2100B,90,0.41,0.1309,0.4467,0.1049,layer_31
alpha_signed_diff,col_norm,16,per_ckpt,step650000-tokens2730B,90,0.528,0.0859,0.5192,0.0979,layer_31
alpha_signed_diff,col_norm,16,per_ckpt,step800000-tokens3360B,90,-0.0905,0.7712,-0.0758,0.8202,layer_31
alpha_signed_diff,col_norm,16,per_ckpt,step950000-tokens3990B,90,0.4846,0.0539,0.5223,0.048,layer_31
alpha_signed_diff,col_norm,16,per_ckpt,step1432000-tokens6014B,90,-0.3705,0.2537,-0.3583,0.2817,layer_31
alpha_signed_diff,col_norm,16,per_ckpt,step1700000-tokens7232B,90,0.7014,0.003,0.6984,0.004,layer_31
alpha_signed_diff,col_norm,16,per_ckpt,step1850000-tokens8492B,90,0.3566,0.2647,0.3363,0.2917,layer_31
alpha_signed_diff,col_norm,16,per_ckpt,step2000000-tokens9752B,90,0.4652,0.0699,0.4711,0.0589,layer_31
alpha_signed_diff,col_norm,16,per_ckpt,step2150000-tokens11012B,90,0.3882,0.1199,0.4052,0.0929,layer_31
alpha_signed_diff,col_norm,16,per_ckpt,step2300000-tokens12272B,90,0.3731,0.1928,0.3637,0.2128,layer_31
alpha_signed_diff,col_norm,16,per_ckpt,step2450000-tokens13532B,90,0.2782,0.3187,0.2745,0.3187,layer_31
alpha_signed_diff,col_norm,16,per_ckpt,step2600000-tokens14792B,90,0.0153,0.964,0.0232,0.9181,layer_31
alpha_signed_diff,col_norm,16,per_ckpt,main,90,-0.0919,0.6893,-0.1602,0.5075,layer_31
alpha_min,row_norm,4,per_ckpt,step50000-tokens210B,90,-0.0002,1.0,0.0406,0.8142,layer_31
alpha_min,row_norm,4,per_ckpt,step200000-tokens840B,90,-0.0518,0.5844,-0.0383,0.7493,layer_31
alpha_min,row_norm,4,per_ckpt,step350000-tokens1470B,90,0.0567,0.6563,0.0457,0.6703,layer_31
alpha_min,row_norm,4,per_ckpt,step500000-tokens2100B,90,0.1084,0.3387,0.0368,0.7662,layer_31
alpha_min,row_norm,4,per_ckpt,step650000-tokens2730B,90,0.0371,0.6863,0.039,0.6623,layer_31
alpha_min,row_norm,4,per_ckpt,step800000-tokens3360B,90,-0.0097,0.9151,0.038,0.7532,layer_31
alpha_min,row_norm,4,per_ckpt,step950000-tokens3990B,90,0.0806,0.3157,0.0631,0.4476,layer_31
alpha_min,row_norm,4,per_ckpt,step1432000-tokens6014B,90,0.2058,0.1508,0.1345,0.3636,layer_31
alpha_min,row_norm,4,per_ckpt,step1700000-tokens7232B,90,-0.1127,0.2438,-0.0904,0.3467,layer_31
alpha_min,row_norm,4,per_ckpt,step1850000-tokens8492B,90,-0.1846,0.005,-0.195,0.004,layer_31
alpha_min,row_norm,4,per_ckpt,step2000000-tokens9752B,90,-0.0379,0.2747,-0.0327,0.3846,layer_31
alpha_min,row_norm,4,per_ckpt,step2150000-tokens11012B,90,0.13,0.4625,0.1624,0.2737,layer_31
alpha_min,row_norm,4,per_ckpt,step2300000-tokens12272B,90,0.0104,0.8482,0.0034,0.952,layer_31
alpha_min,row_norm,4,per_ckpt,step2450000-tokens13532B,90,0.1356,0.009,0.129,0.04,layer_31
alpha_min,row_norm,4,per_ckpt,step2600000-tokens14792B,90,-0.0627,0.2717,-0.0565,0.3097,layer_31
alpha_min,row_norm,4,per_ckpt,main,90,0.0789,0.0829,0.0168,0.7143,layer_31
alpha_min,row_norm,8,per_ckpt,step50000-tokens210B,90,-0.1194,0.3576,-0.1011,0.4276,layer_31
alpha_min,row_norm,8,per_ckpt,step200000-tokens840B,90,0.1918,0.0929,0.2281,0.044,layer_31
alpha_min,row_norm,8,per_ckpt,step350000-tokens1470B,90,-0.0989,0.3127,-0.0122,0.9051,layer_31
alpha_min,row_norm,8,per_ckpt,step500000-tokens2100B,90,0.2855,0.019,0.2034,0.0679,layer_31
alpha_min,row_norm,8,per_ckpt,step650000-tokens2730B,90,0.0132,0.9101,-0.0103,0.9021,layer_31
alpha_min,row_norm,8,per_ckpt,step800000-tokens3360B,90,-0.1398,0.1499,-0.1942,0.0659,layer_31
alpha_min,row_norm,8,per_ckpt,step950000-tokens3990B,90,-0.0354,0.5385,-0.0151,0.7922,layer_31
alpha_min,row_norm,8,per_ckpt,step1432000-tokens6014B,90,0.0901,0.1588,0.0558,0.3736,layer_31
alpha_min,row_norm,8,per_ckpt,step1700000-tokens7232B,90,-0.0671,0.4446,-0.0266,0.7662,layer_31
alpha_min,row_norm,8,per_ckpt,step1850000-tokens8492B,90,-0.1109,0.2647,-0.105,0.2118,layer_31
alpha_min,row_norm,8,per_ckpt,step2000000-tokens9752B,90,0.0564,0.5315,0.0716,0.5325,layer_31
alpha_min,row_norm,8,per_ckpt,step2150000-tokens11012B,90,-0.0573,0.5534,-0.0739,0.4496,layer_31
alpha_min,row_norm,8,per_ckpt,step2300000-tokens12272B,90,0.0073,0.8751,-0.0066,0.8781,layer_31
alpha_min,row_norm,8,per_ckpt,step2450000-tokens13532B,90,0.1157,0.0529,0.12,0.0959,layer_31
alpha_min,row_norm,8,per_ckpt,step2600000-tokens14792B,90,0.0422,0.4166,0.0038,0.9321,layer_31
alpha_min,row_norm,8,per_ckpt,main,90,0.035,0.3187,0.0341,0.4326,layer_31
alpha_min,row_norm,16,per_ckpt,step50000-tokens210B,90,-0.0514,0.7952,-0.0813,0.6454,layer_31
alpha_min,row_norm,16,per_ckpt,step200000-tokens840B,90,0.144,0.0909,0.1364,0.1998,layer_31
alpha_min,row_norm,16,per_ckpt,step350000-tokens1470B,90,-0.2281,0.047,-0.1518,0.0919,layer_31
alpha_min,row_norm,16,per_ckpt,step500000-tokens2100B,90,0.1444,0.2398,0.0729,0.5524,layer_31
alpha_min,row_norm,16,per_ckpt,step650000-tokens2730B,90,0.0343,0.5984,0.0217,0.7812,layer_31
alpha_min,row_norm,16,per_ckpt,step800000-tokens3360B,90,-0.0588,0.7373,-0.0358,0.7912,layer_31
alpha_min,row_norm,16,per_ckpt,step950000-tokens3990B,90,-0.0495,0.7642,-0.0213,0.8921,layer_31
alpha_min,row_norm,16,per_ckpt,step1432000-tokens6014B,90,0.1121,0.025,0.0692,0.1918,layer_31
alpha_min,row_norm,16,per_ckpt,step1700000-tokens7232B,90,0.1165,0.3067,0.1082,0.3666,layer_31
alpha_min,row_norm,16,per_ckpt,step1850000-tokens8492B,90,0.077,0.3736,0.0549,0.5095,layer_31
alpha_min,row_norm,16,per_ckpt,step2000000-tokens9752B,90,0.0965,0.5035,0.1516,0.3736,layer_31
alpha_min,row_norm,16,per_ckpt,step2150000-tokens11012B,90,0.1298,0.1708,0.1601,0.1059,layer_31
alpha_min,row_norm,16,per_ckpt,step2300000-tokens12272B,90,0.1103,0.2977,0.0931,0.3636,layer_31
alpha_min,row_norm,16,per_ckpt,step2450000-tokens13532B,90,0.1177,0.0639,0.1043,0.0919,layer_31
alpha_min,row_norm,16,per_ckpt,step2600000-tokens14792B,90,0.0537,0.1858,0.0149,0.7592,layer_31
alpha_min,row_norm,16,per_ckpt,main,90,0.1135,0.0649,0.0693,0.2587,layer_31
alpha_min,col_norm,4,per_ckpt,step50000-tokens210B,90,-0.0173,0.9021,0.028,0.7892,layer_31
alpha_min,col_norm,4,per_ckpt,step200000-tokens840B,90,-0.0043,0.9491,-0.036,0.6214,layer_31
alpha_min,col_norm,4,per_ckpt,step350000-tokens1470B,90,0.0084,0.9131,0.0372,0.6494,layer_31
alpha_min,col_norm,4,per_ckpt,step500000-tokens2100B,90,0.0468,0.6444,0.0388,0.6893,layer_31
alpha_min,col_norm,4,per_ckpt,step650000-tokens2730B,90,0.0102,0.8991,0.0478,0.5155,layer_31
alpha_min,col_norm,4,per_ckpt,step800000-tokens3360B,90,0.0495,0.5994,0.023,0.7642,layer_31
alpha_min,col_norm,4,per_ckpt,step950000-tokens3990B,90,0.1118,0.1499,0.0661,0.4036,layer_31
alpha_min,col_norm,4,per_ckpt,step1432000-tokens6014B,90,0.212,0.1339,0.1039,0.4036,layer_31
alpha_min,col_norm,4,per_ckpt,step1700000-tokens7232B,90,-0.0899,0.2817,-0.083,0.3566,layer_31
alpha_min,col_norm,4,per_ckpt,step1850000-tokens8492B,90,-0.1803,0.037,-0.2158,0.005,layer_31
alpha_min,col_norm,4,per_ckpt,step2000000-tokens9752B,90,-0.0845,0.1508,-0.0473,0.4056,layer_31
alpha_min,col_norm,4,per_ckpt,step2150000-tokens11012B,90,0.1817,0.3516,0.2035,0.2677,layer_31
alpha_min,col_norm,4,per_ckpt,step2300000-tokens12272B,90,0.0302,0.7373,0.028,0.7622,layer_31
alpha_min,col_norm,4,per_ckpt,step2450000-tokens13532B,90,0.2437,0.0959,0.2872,0.028,layer_31
alpha_min,col_norm,4,per_ckpt,step2600000-tokens14792B,90,-0.0805,0.3936,-0.0917,0.4635,layer_31
alpha_min,col_norm,4,per_ckpt,main,90,0.2071,0.1279,0.1174,0.4076,layer_31
alpha_min,col_norm,8,per_ckpt,step50000-tokens210B,90,-0.0759,0.3237,-0.0547,0.4106,layer_31
alpha_min,col_norm,8,per_ckpt,step200000-tokens840B,90,0.1373,0.2917,0.2026,0.046,layer_31
alpha_min,col_norm,8,per_ckpt,step350000-tokens1470B,90,-0.0526,0.4306,-0.0034,0.963,layer_31
alpha_min,col_norm,8,per_ckpt,step500000-tokens2100B,90,0.2564,0.041,0.2152,0.0719,layer_31
alpha_min,col_norm,8,per_ckpt,step650000-tokens2730B,90,0.0124,0.9071,0.0039,0.966,layer_31
alpha_min,col_norm,8,per_ckpt,step800000-tokens3360B,90,-0.0754,0.4735,-0.1708,0.0619,layer_31
alpha_min,col_norm,8,per_ckpt,step950000-tokens3990B,90,-0.0119,0.8841,-0.0204,0.7233,layer_31
alpha_min,col_norm,8,per_ckpt,step1432000-tokens6014B,90,0.0524,0.3257,0.0568,0.3077,layer_31
alpha_min,col_norm,8,per_ckpt,step1700000-tokens7232B,90,0.0197,0.8541,-0.0424,0.7033,layer_31
alpha_min,col_norm,8,per_ckpt,step1850000-tokens8492B,90,-0.0809,0.4565,-0.1119,0.2587,layer_31
alpha_min,col_norm,8,per_ckpt,step2000000-tokens9752B,90,0.0821,0.4585,0.1093,0.3986,layer_31
alpha_min,col_norm,8,per_ckpt,step2150000-tokens11012B,90,-0.0422,0.6014,-0.0713,0.4386,layer_31
alpha_min,col_norm,8,per_ckpt,step2300000-tokens12272B,90,0.0133,0.8761,0.0072,0.9191,layer_31
alpha_min,col_norm,8,per_ckpt,step2450000-tokens13532B,90,0.2604,0.1399,0.3062,0.0779,layer_31
alpha_min,col_norm,8,per_ckpt,step2600000-tokens14792B,90,0.1028,0.5125,0.0607,0.6943,layer_31
alpha_min,col_norm,8,per_ckpt,main,90,0.0509,0.6294,0.1266,0.3057,layer_31
alpha_min,col_norm,16,per_ckpt,step50000-tokens210B,90,-0.0165,0.9171,-0.0673,0.6444,layer_31
alpha_min,col_norm,16,per_ckpt,step200000-tokens840B,90,0.132,0.1169,0.1153,0.1778,layer_31
alpha_min,col_norm,16,per_ckpt,step350000-tokens1470B,90,-0.1224,0.026,-0.1083,0.0799,layer_31
alpha_min,col_norm,16,per_ckpt,step500000-tokens2100B,90,0.1275,0.3616,0.0843,0.5235,layer_31
alpha_min,col_norm,16,per_ckpt,step650000-tokens2730B,90,0.0322,0.7313,0.0416,0.6144,layer_31
alpha_min,col_norm,16,per_ckpt,step800000-tokens3360B,90,0.0202,0.8462,-0.0222,0.8192,layer_31
alpha_min,col_norm,16,per_ckpt,step950000-tokens3990B,90,-0.0113,0.9251,-0.0187,0.8871,layer_31
alpha_min,col_norm,16,per_ckpt,step1432000-tokens6014B,90,0.1061,0.039,0.0791,0.1489,layer_31
alpha_min,col_norm,16,per_ckpt,step1700000-tokens7232B,90,0.1078,0.3736,0.1204,0.3127,layer_31
alpha_min,col_norm,16,per_ckpt,step1850000-tokens8492B,90,0.0697,0.3606,0.0606,0.4476,layer_31
alpha_min,col_norm,16,per_ckpt,step2000000-tokens9752B,90,0.1063,0.4925,0.1702,0.3147,layer_31
alpha_min,col_norm,16,per_ckpt,step2150000-tokens11012B,90,0.1797,0.2008,0.2212,0.0879,layer_31
alpha_min,col_norm,16,per_ckpt,step2300000-tokens12272B,90,0.1438,0.2148,0.1423,0.2458,layer_31
alpha_min,col_norm,16,per_ckpt,step2450000-tokens13532B,90,0.2139,0.1249,0.2691,0.0729,layer_31
alpha_min,col_norm,16,per_ckpt,step2600000-tokens14792B,90,0.1564,0.2478,0.1046,0.4056,layer_31
alpha_min,col_norm,16,per_ckpt,main,90,0.2417,0.1409,0.2462,0.1299,layer_31
alpha_max,row_norm,4,per_ckpt,step50000-tokens210B,90,-0.0713,0.6134,-0.1018,0.4745,layer_31
alpha_max,row_norm,4,per_ckpt,step200000-tokens840B,90,-0.0776,0.4026,-0.128,0.2498,layer_31
alpha_max,row_norm,4,per_ckpt,step350000-tokens1470B,90,-0.1062,0.3716,-0.1499,0.1399,layer_31
alpha_max,row_norm,4,per_ckpt,step500000-tokens2100B,90,0.1423,0.2498,0.0199,0.8691,layer_31
alpha_max,row_norm,4,per_ckpt,step650000-tokens2730B,90,-0.0405,0.5964,-0.0994,0.2228,layer_31
alpha_max,row_norm,4,per_ckpt,step800000-tokens3360B,90,0.1447,0.0659,0.149,0.1798,layer_31
alpha_max,row_norm,4,per_ckpt,step950000-tokens3990B,90,0.0311,0.7872,0.0827,0.3716,layer_31
alpha_max,row_norm,4,per_ckpt,step1432000-tokens6014B,90,0.1987,0.1748,0.1836,0.2298,layer_31
alpha_max,row_norm,4,per_ckpt,step1700000-tokens7232B,90,-0.0391,0.6683,-0.0163,0.8611,layer_31
alpha_max,row_norm,4,per_ckpt,step1850000-tokens8492B,90,-0.1016,0.1738,-0.1563,0.043,layer_31
alpha_max,row_norm,4,per_ckpt,step2000000-tokens9752B,90,-0.0063,0.8701,0.0035,0.9251,layer_31
alpha_max,row_norm,4,per_ckpt,step2150000-tokens11012B,90,0.0467,0.7932,0.0719,0.6663,layer_31
alpha_max,row_norm,4,per_ckpt,step2300000-tokens12272B,90,0.0401,0.5405,0.0509,0.4336,layer_31
alpha_max,row_norm,4,per_ckpt,step2450000-tokens13532B,90,0.1478,0.02,0.1912,0.001,layer_31
alpha_max,row_norm,4,per_ckpt,step2600000-tokens14792B,90,-0.0025,0.97,0.0427,0.4915,layer_31
alpha_max,row_norm,4,per_ckpt,main,90,0.0157,0.7832,0.0136,0.7592,layer_31
alpha_max,row_norm,8,per_ckpt,step50000-tokens210B,90,0.1988,0.1109,0.2308,0.0769,layer_31
alpha_max,row_norm,8,per_ckpt,step200000-tokens840B,90,0.1977,0.0809,0.1951,0.0969,layer_31
alpha_max,row_norm,8,per_ckpt,step350000-tokens1470B,90,-0.1072,0.2987,-0.1879,0.028,layer_31
alpha_max,row_norm,8,per_ckpt,step500000-tokens2100B,90,0.1239,0.3636,0.0453,0.6993,layer_31
alpha_max,row_norm,8,per_ckpt,step650000-tokens2730B,90,-0.0655,0.5245,-0.0879,0.3976,layer_31
alpha_max,row_norm,8,per_ckpt,step800000-tokens3360B,90,-0.0621,0.5804,-0.1501,0.2178,layer_31
alpha_max,row_norm,8,per_ckpt,step950000-tokens3990B,90,-0.0388,0.5455,-0.0396,0.4655,layer_31
alpha_max,row_norm,8,per_ckpt,step1432000-tokens6014B,90,0.0913,0.1888,0.1115,0.0509,layer_31
alpha_max,row_norm,8,per_ckpt,step1700000-tokens7232B,90,0.0642,0.4715,0.1106,0.2458,layer_31
alpha_max,row_norm,8,per_ckpt,step1850000-tokens8492B,90,-0.0417,0.6873,-0.0497,0.5944,layer_31
alpha_max,row_norm,8,per_ckpt,step2000000-tokens9752B,90,0.0348,0.7343,0.0971,0.4056,layer_31
alpha_max,row_norm,8,per_ckpt,step2150000-tokens11012B,90,-0.1821,0.0669,-0.2011,0.018,layer_31
alpha_max,row_norm,8,per_ckpt,step2300000-tokens12272B,90,0.056,0.2937,0.0643,0.1409,layer_31
alpha_max,row_norm,8,per_ckpt,step2450000-tokens13532B,90,0.1632,0.011,0.1953,0.002,layer_31
alpha_max,row_norm,8,per_ckpt,step2600000-tokens14792B,90,0.0074,0.8911,0.0317,0.5005,layer_31
alpha_max,row_norm,8,per_ckpt,main,90,0.0679,0.0959,0.0848,0.034,layer_31
alpha_max,row_norm,16,per_ckpt,step50000-tokens210B,90,-0.2488,0.1598,-0.2748,0.1189,layer_31
alpha_max,row_norm,16,per_ckpt,step200000-tokens840B,90,0.053,0.5435,-0.0077,0.958,layer_31
alpha_max,row_norm,16,per_ckpt,step350000-tokens1470B,90,-0.2687,0.004,-0.3238,0.002,layer_31
alpha_max,row_norm,16,per_ckpt,step500000-tokens2100B,90,0.14,0.2997,0.042,0.7522,layer_31
alpha_max,row_norm,16,per_ckpt,step650000-tokens2730B,90,-0.0666,0.3586,-0.0955,0.1918,layer_31
alpha_max,row_norm,16,per_ckpt,step800000-tokens3360B,90,-0.1564,0.2877,-0.1695,0.2887,layer_31
alpha_max,row_norm,16,per_ckpt,step950000-tokens3990B,90,-0.077,0.5874,-0.0291,0.8192,layer_31
alpha_max,row_norm,16,per_ckpt,step1432000-tokens6014B,90,0.0861,0.1409,0.0968,0.0709,layer_31
alpha_max,row_norm,16,per_ckpt,step1700000-tokens7232B,90,0.1448,0.2368,0.1589,0.2008,layer_31
alpha_max,row_norm,16,per_ckpt,step1850000-tokens8492B,90,-0.0294,0.7083,-0.0053,0.956,layer_31
alpha_max,row_norm,16,per_ckpt,step2000000-tokens9752B,90,0.156,0.2767,0.2237,0.1548,layer_31
alpha_max,row_norm,16,per_ckpt,step2150000-tokens11012B,90,0.0772,0.4306,0.117,0.2727,layer_31
alpha_max,row_norm,16,per_ckpt,step2300000-tokens12272B,90,0.0787,0.4905,0.116,0.2697,layer_31
alpha_max,row_norm,16,per_ckpt,step2450000-tokens13532B,90,0.1522,0.021,0.1736,0.002,layer_31
alpha_max,row_norm,16,per_ckpt,step2600000-tokens14792B,90,0.0446,0.2877,0.0628,0.1708,layer_31
alpha_max,row_norm,16,per_ckpt,main,90,0.0914,0.1668,0.1002,0.0969,layer_31
alpha_max,col_norm,4,per_ckpt,step50000-tokens210B,90,-0.047,0.6953,-0.0633,0.4805,layer_31
alpha_max,col_norm,4,per_ckpt,step200000-tokens840B,90,-0.0722,0.2627,-0.0682,0.3347,layer_31
alpha_max,col_norm,4,per_ckpt,step350000-tokens1470B,90,-0.0702,0.4545,-0.0966,0.2398,layer_31
alpha_max,col_norm,4,per_ckpt,step500000-tokens2100B,90,0.0162,0.8811,0.0234,0.8142,layer_31
alpha_max,col_norm,4,per_ckpt,step650000-tokens2730B,90,-0.0998,0.1289,-0.0749,0.3097,layer_31
alpha_max,col_norm,4,per_ckpt,step800000-tokens3360B,90,0.0508,0.5614,0.0946,0.1898,layer_31
alpha_max,col_norm,4,per_ckpt,step950000-tokens3990B,90,0.0962,0.2088,0.0848,0.3307,layer_31
alpha_max,col_norm,4,per_ckpt,step1432000-tokens6014B,90,0.1975,0.1758,0.1478,0.2288,layer_31
alpha_max,col_norm,4,per_ckpt,step1700000-tokens7232B,90,-0.0251,0.7772,-0.0141,0.8771,layer_31
alpha_max,col_norm,4,per_ckpt,step1850000-tokens8492B,90,-0.1765,0.031,-0.1969,0.014,layer_31
alpha_max,col_norm,4,per_ckpt,step2000000-tokens9752B,90,-0.0188,0.7832,-0.0354,0.5504,layer_31
alpha_max,col_norm,4,per_ckpt,step2150000-tokens11012B,90,0.0896,0.7023,0.0842,0.6773,layer_31
alpha_max,col_norm,4,per_ckpt,step2300000-tokens12272B,90,0.0988,0.2368,0.069,0.4885,layer_31
alpha_max,col_norm,4,per_ckpt,step2450000-tokens13532B,90,0.3422,0.014,0.3598,0.003,layer_31
alpha_max,col_norm,4,per_ckpt,step2600000-tokens14792B,90,0.0695,0.4635,0.0824,0.5325,layer_31
alpha_max,col_norm,4,per_ckpt,main,90,-0.0048,0.975,0.0057,0.968,layer_31
alpha_max,col_norm,8,per_ckpt,step50000-tokens210B,90,0.0986,0.1339,0.1166,0.0819,layer_31
alpha_max,col_norm,8,per_ckpt,step200000-tokens840B,90,0.1967,0.0609,0.1832,0.0869,layer_31
alpha_max,col_norm,8,per_ckpt,step350000-tokens1470B,90,-0.1534,0.026,-0.1396,0.036,layer_31
alpha_max,col_norm,8,per_ckpt,step500000-tokens2100B,90,0.0398,0.7722,0.0475,0.6963,layer_31
alpha_max,col_norm,8,per_ckpt,step650000-tokens2730B,90,-0.0912,0.2947,-0.0737,0.4436,layer_31
alpha_max,col_norm,8,per_ckpt,step800000-tokens3360B,90,-0.0404,0.7253,-0.1282,0.2248,layer_31
alpha_max,col_norm,8,per_ckpt,step950000-tokens3990B,90,-0.0497,0.4486,-0.0434,0.4476,layer_31
alpha_max,col_norm,8,per_ckpt,step1432000-tokens6014B,90,0.0763,0.1469,0.0904,0.0969,layer_31
alpha_max,col_norm,8,per_ckpt,step1700000-tokens7232B,90,0.0866,0.3437,0.1122,0.3087,layer_31
alpha_max,col_norm,8,per_ckpt,step1850000-tokens8492B,90,-0.0593,0.5355,-0.0687,0.5235,layer_31
alpha_max,col_norm,8,per_ckpt,step2000000-tokens9752B,90,0.1595,0.1548,0.1258,0.3706,layer_31
alpha_max,col_norm,8,per_ckpt,step2150000-tokens11012B,90,-0.1331,0.0899,-0.1933,0.02,layer_31
alpha_max,col_norm,8,per_ckpt,step2300000-tokens12272B,90,0.0985,0.2188,0.0915,0.2098,layer_31
alpha_max,col_norm,8,per_ckpt,step2450000-tokens13532B,90,0.3812,0.028,0.4119,0.014,layer_31
alpha_max,col_norm,8,per_ckpt,step2600000-tokens14792B,90,0.0563,0.7053,0.063,0.6843,layer_31
alpha_max,col_norm,8,per_ckpt,main,90,0.0696,0.5065,0.1938,0.1439,layer_31
alpha_max,col_norm,16,per_ckpt,step50000-tokens210B,90,-0.2378,0.1229,-0.2257,0.1219,layer_31
alpha_max,col_norm,16,per_ckpt,step200000-tokens840B,90,0.0248,0.7602,0.0086,0.9381,layer_31
alpha_max,col_norm,16,per_ckpt,step350000-tokens1470B,90,-0.1189,0.0719,-0.2135,0.002,layer_31
alpha_max,col_norm,16,per_ckpt,step500000-tokens2100B,90,0.0208,0.8861,0.0385,0.7982,layer_31
alpha_max,col_norm,16,per_ckpt,step650000-tokens2730B,90,-0.1156,0.1199,-0.0923,0.2438,layer_31
alpha_max,col_norm,16,per_ckpt,step800000-tokens3360B,90,-0.0909,0.3756,-0.1184,0.2937,layer_31
alpha_max,col_norm,16,per_ckpt,step950000-tokens3990B,90,-0.0711,0.5265,-0.018,0.8751,layer_31
alpha_max,col_norm,16,per_ckpt,step1432000-tokens6014B,90,0.091,0.1219,0.0957,0.0799,layer_31
alpha_max,col_norm,16,per_ckpt,step1700000-tokens7232B,90,0.1723,0.1648,0.1787,0.1469,layer_31
alpha_max,col_norm,16,per_ckpt,step1850000-tokens8492B,90,0.0111,0.9091,-0.0101,0.8991,layer_31
alpha_max,col_norm,16,per_ckpt,step2000000-tokens9752B,90,0.2592,0.0909,0.2405,0.1439,layer_31
alpha_max,col_norm,16,per_ckpt,step2150000-tokens11012B,90,0.1498,0.2967,0.1594,0.2627,layer_31
alpha_max,col_norm,16,per_ckpt,step2300000-tokens12272B,90,0.1782,0.1628,0.1547,0.2348,layer_31
alpha_max,col_norm,16,per_ckpt,step2450000-tokens13532B,90,0.2694,0.0529,0.3681,0.005,layer_31
alpha_max,col_norm,16,per_ckpt,step2600000-tokens14792B,90,0.1711,0.1918,0.1593,0.2118,layer_31
alpha_max,col_norm,16,per_ckpt,main,90,0.268,0.1249,0.2479,0.1439,layer_31
alpha_norm_asym,row_norm,4,per_ckpt,step50000-tokens210B,90,-0.2037,0.3766,-0.2369,0.2498,layer_31
alpha_norm_asym,row_norm,4,per_ckpt,step200000-tokens840B,90,-0.6561,0.005,-0.6654,0.005,layer_31
alpha_norm_asym,row_norm,4,per_ckpt,step350000-tokens1470B,90,-0.6338,0.011,-0.6331,0.012,layer_31
alpha_norm_asym,row_norm,4,per_ckpt,step500000-tokens2100B,90,-0.5822,0.025,-0.5697,0.03,layer_31
alpha_norm_asym,row_norm,4,per_ckpt,step650000-tokens2730B,90,-0.6733,0.008,-0.6668,0.01,layer_31
alpha_norm_asym,row_norm,4,per_ckpt,step800000-tokens3360B,90,-0.1309,0.3786,-0.1824,0.1429,layer_31
alpha_norm_asym,row_norm,4,per_ckpt,step950000-tokens3990B,90,-0.2815,0.3646,-0.2793,0.3696,layer_31
alpha_norm_asym,row_norm,4,per_ckpt,step1432000-tokens6014B,90,-0.2753,0.3277,-0.2669,0.3287,layer_31
alpha_norm_asym,row_norm,4,per_ckpt,step1700000-tokens7232B,90,-0.7296,0.002,-0.7091,0.004,layer_31
alpha_norm_asym,row_norm,4,per_ckpt,step1850000-tokens8492B,90,-0.4735,0.0959,-0.4374,0.1329,layer_31
alpha_norm_asym,row_norm,4,per_ckpt,step2000000-tokens9752B,90,-0.6248,0.023,-0.6058,0.039,layer_31
alpha_norm_asym,row_norm,4,per_ckpt,step2150000-tokens11012B,90,0.0841,0.7542,0.109,0.6993,layer_31
alpha_norm_asym,row_norm,4,per_ckpt,step2300000-tokens12272B,90,-0.5112,0.0869,-0.504,0.0929,layer_31
alpha_norm_asym,row_norm,4,per_ckpt,step2450000-tokens13532B,90,-0.7839,0.001,-0.7091,0.008,layer_31
alpha_norm_asym,row_norm,4,per_ckpt,step2600000-tokens14792B,90,-0.7761,0.001,-0.7269,0.006,layer_31
alpha_norm_asym,row_norm,4,per_ckpt,main,90,-0.6661,0.011,-0.6157,0.04,layer_31
alpha_norm_asym,row_norm,8,per_ckpt,step50000-tokens210B,90,0.2155,0.2827,0.2361,0.2098,layer_31
alpha_norm_asym,row_norm,8,per_ckpt,step200000-tokens840B,90,-0.4276,0.1179,-0.3968,0.1568,layer_31
alpha_norm_asym,row_norm,8,per_ckpt,step350000-tokens1470B,90,-0.6777,0.003,-0.6648,0.006,layer_31
alpha_norm_asym,row_norm,8,per_ckpt,step500000-tokens2100B,90,-0.4708,0.0669,-0.4715,0.0669,layer_31
alpha_norm_asym,row_norm,8,per_ckpt,step650000-tokens2730B,90,-0.6061,0.029,-0.5946,0.034,layer_31
alpha_norm_asym,row_norm,8,per_ckpt,step800000-tokens3360B,90,-0.249,0.3047,-0.2382,0.3207,layer_31
alpha_norm_asym,row_norm,8,per_ckpt,step950000-tokens3990B,90,-0.5705,0.033,-0.5414,0.05,layer_31
alpha_norm_asym,row_norm,8,per_ckpt,step1432000-tokens6014B,90,-0.4369,0.1369,-0.4429,0.1369,layer_31
alpha_norm_asym,row_norm,8,per_ckpt,step1700000-tokens7232B,90,-0.7191,0.002,-0.6994,0.004,layer_31
alpha_norm_asym,row_norm,8,per_ckpt,step1850000-tokens8492B,90,-0.5159,0.0529,-0.4886,0.0809,layer_31
alpha_norm_asym,row_norm,8,per_ckpt,step2000000-tokens9752B,90,-0.5928,0.021,-0.5495,0.039,layer_31
alpha_norm_asym,row_norm,8,per_ckpt,step2150000-tokens11012B,90,-0.5558,0.04,-0.5523,0.044,layer_31
alpha_norm_asym,row_norm,8,per_ckpt,step2300000-tokens12272B,90,-0.6295,0.024,-0.6154,0.032,layer_31
alpha_norm_asym,row_norm,8,per_ckpt,step2450000-tokens13532B,90,-0.7765,0.001,-0.7215,0.005,layer_31
alpha_norm_asym,row_norm,8,per_ckpt,step2600000-tokens14792B,90,-0.7539,0.002,-0.7138,0.008,layer_31
alpha_norm_asym,row_norm,8,per_ckpt,main,90,-0.781,0.001,-0.7393,0.003,layer_31
alpha_norm_asym,row_norm,16,per_ckpt,step50000-tokens210B,90,-0.2219,0.3447,-0.2536,0.2617,layer_31
alpha_norm_asym,row_norm,16,per_ckpt,step200000-tokens840B,90,-0.3888,0.2028,-0.4103,0.1528,layer_31
alpha_norm_asym,row_norm,16,per_ckpt,step350000-tokens1470B,90,-0.7546,0.002,-0.7245,0.001,layer_31
alpha_norm_asym,row_norm,16,per_ckpt,step500000-tokens2100B,90,-0.6235,0.009,-0.6146,0.012,layer_31
alpha_norm_asym,row_norm,16,per_ckpt,step650000-tokens2730B,90,-0.5548,0.0679,-0.5481,0.0759,layer_31
alpha_norm_asym,row_norm,16,per_ckpt,step800000-tokens3360B,90,-0.1045,0.6703,-0.1446,0.5514,layer_31
alpha_norm_asym,row_norm,16,per_ckpt,step950000-tokens3990B,90,-0.5121,0.026,-0.5038,0.03,layer_31
alpha_norm_asym,row_norm,16,per_ckpt,step1432000-tokens6014B,90,-0.32,0.2967,-0.3377,0.2697,layer_31
alpha_norm_asym,row_norm,16,per_ckpt,step1700000-tokens7232B,90,-0.5692,0.026,-0.5391,0.047,layer_31
alpha_norm_asym,row_norm,16,per_ckpt,step1850000-tokens8492B,90,-0.3594,0.2018,-0.3495,0.2278,layer_31
alpha_norm_asym,row_norm,16,per_ckpt,step2000000-tokens9752B,90,-0.5052,0.037,-0.4806,0.041,layer_31
alpha_norm_asym,row_norm,16,per_ckpt,step2150000-tokens11012B,90,-0.5219,0.0559,-0.5061,0.0679,layer_31
alpha_norm_asym,row_norm,16,per_ckpt,step2300000-tokens12272B,90,-0.4926,0.0759,-0.4881,0.0899,layer_31
alpha_norm_asym,row_norm,16,per_ckpt,step2450000-tokens13532B,90,-0.7483,0.003,-0.6894,0.012,layer_31
alpha_norm_asym,row_norm,16,per_ckpt,step2600000-tokens14792B,90,-0.7836,0.001,-0.7519,0.001,layer_31
alpha_norm_asym,row_norm,16,per_ckpt,main,90,-0.7701,0.001,-0.7456,0.002,layer_31
alpha_norm_asym,col_norm,4,per_ckpt,step50000-tokens210B,90,-0.0735,0.7792,-0.0009,0.993,layer_31
alpha_norm_asym,col_norm,4,per_ckpt,step200000-tokens840B,90,0.8099,0.001,0.8216,0.001,layer_31
alpha_norm_asym,col_norm,4,per_ckpt,step350000-tokens1470B,90,0.7993,0.003,0.7584,0.003,layer_31
alpha_norm_asym,col_norm,4,per_ckpt,step500000-tokens2100B,90,0.2738,0.3736,0.2975,0.3347,layer_31
alpha_norm_asym,col_norm,4,per_ckpt,step650000-tokens2730B,90,0.5393,0.0839,0.5024,0.1099,layer_31
alpha_norm_asym,col_norm,4,per_ckpt,step800000-tokens3360B,90,-0.5911,0.004,-0.61,0.016,layer_31
alpha_norm_asym,col_norm,4,per_ckpt,step950000-tokens3990B,90,0.1391,0.6743,0.1643,0.6284,layer_31
alpha_norm_asym,col_norm,4,per_ckpt,step1432000-tokens6014B,90,-0.4074,0.1099,-0.4271,0.1239,layer_31
alpha_norm_asym,col_norm,4,per_ckpt,step1700000-tokens7232B,90,0.7155,0.005,0.6892,0.01,layer_31
alpha_norm_asym,col_norm,4,per_ckpt,step1850000-tokens8492B,90,0.2768,0.3846,0.2499,0.4296,layer_31
alpha_norm_asym,col_norm,4,per_ckpt,step2000000-tokens9752B,90,-0.2163,0.4795,-0.2178,0.4945,layer_31
alpha_norm_asym,col_norm,4,per_ckpt,step2150000-tokens11012B,90,-0.1073,0.6274,-0.159,0.5125,layer_31
alpha_norm_asym,col_norm,4,per_ckpt,step2300000-tokens12272B,90,0.0359,0.9141,0.0617,0.8571,layer_31
alpha_norm_asym,col_norm,4,per_ckpt,step2450000-tokens13532B,90,-0.0427,0.8631,-0.0793,0.7672,layer_31
alpha_norm_asym,col_norm,4,per_ckpt,step2600000-tokens14792B,90,0.0162,0.9461,-0.0325,0.9081,layer_31
alpha_norm_asym,col_norm,4,per_ckpt,main,90,-0.3652,0.0929,-0.3443,0.1319,layer_31
alpha_norm_asym,col_norm,8,per_ckpt,step50000-tokens210B,90,0.1503,0.6244,0.2167,0.4835,layer_31
alpha_norm_asym,col_norm,8,per_ckpt,step200000-tokens840B,90,0.6917,0.002,0.6946,0.003,layer_31
alpha_norm_asym,col_norm,8,per_ckpt,step350000-tokens1470B,90,0.6381,0.024,0.6178,0.025,layer_31
alpha_norm_asym,col_norm,8,per_ckpt,step500000-tokens2100B,90,0.3285,0.2228,0.3282,0.2458,layer_31
alpha_norm_asym,col_norm,8,per_ckpt,step650000-tokens2730B,90,0.5137,0.0849,0.4997,0.1019,layer_31
alpha_norm_asym,col_norm,8,per_ckpt,step800000-tokens3360B,90,0.5375,0.013,0.5247,0.031,layer_31
alpha_norm_asym,col_norm,8,per_ckpt,step950000-tokens3990B,90,0.4307,0.1329,0.4592,0.1059,layer_31
alpha_norm_asym,col_norm,8,per_ckpt,step1432000-tokens6014B,90,0.0724,0.8252,0.0695,0.8442,layer_31
alpha_norm_asym,col_norm,8,per_ckpt,step1700000-tokens7232B,90,0.7304,0.008,0.7373,0.006,layer_31
alpha_norm_asym,col_norm,8,per_ckpt,step1850000-tokens8492B,90,0.1825,0.5485,0.1992,0.5155,layer_31
alpha_norm_asym,col_norm,8,per_ckpt,step2000000-tokens9752B,90,0.3909,0.1708,0.4101,0.1538,layer_31
alpha_norm_asym,col_norm,8,per_ckpt,step2150000-tokens11012B,90,0.5598,0.0589,0.5587,0.0609,layer_31
alpha_norm_asym,col_norm,8,per_ckpt,step2300000-tokens12272B,90,0.2872,0.3646,0.2968,0.3576,layer_31
alpha_norm_asym,col_norm,8,per_ckpt,step2450000-tokens13532B,90,0.0892,0.7353,0.0622,0.8122,layer_31
alpha_norm_asym,col_norm,8,per_ckpt,step2600000-tokens14792B,90,-0.3395,0.1668,-0.3237,0.1918,layer_31
alpha_norm_asym,col_norm,8,per_ckpt,main,90,-0.4341,0.1019,-0.4083,0.1179,layer_31
alpha_norm_asym,col_norm,16,per_ckpt,step50000-tokens210B,90,0.1231,0.6553,0.1279,0.6434,layer_31
alpha_norm_asym,col_norm,16,per_ckpt,step200000-tokens840B,90,0.486,0.0799,0.4796,0.0879,layer_31
alpha_norm_asym,col_norm,16,per_ckpt,step350000-tokens1470B,90,0.8116,0.001,0.7691,0.003,layer_31
alpha_norm_asym,col_norm,16,per_ckpt,step500000-tokens2100B,90,0.3968,0.1518,0.3999,0.1479,layer_31
alpha_norm_asym,col_norm,16,per_ckpt,step650000-tokens2730B,90,0.5311,0.0859,0.5181,0.1029,layer_31
alpha_norm_asym,col_norm,16,per_ckpt,step800000-tokens3360B,90,-0.1445,0.6394,-0.1651,0.6074,layer_31
alpha_norm_asym,col_norm,16,per_ckpt,step950000-tokens3990B,90,0.3898,0.1449,0.3829,0.1788,layer_31
alpha_norm_asym,col_norm,16,per_ckpt,step1432000-tokens6014B,90,-0.34,0.2827,-0.3358,0.2957,layer_31
alpha_norm_asym,col_norm,16,per_ckpt,step1700000-tokens7232B,90,0.5978,0.028,0.5842,0.03,layer_31
alpha_norm_asym,col_norm,16,per_ckpt,step1850000-tokens8492B,90,0.2981,0.3477,0.2723,0.3976,layer_31
alpha_norm_asym,col_norm,16,per_ckpt,step2000000-tokens9752B,90,0.3515,0.1978,0.3588,0.1758,layer_31
alpha_norm_asym,col_norm,16,per_ckpt,step2150000-tokens11012B,90,0.2236,0.3916,0.2205,0.4066,layer_31
alpha_norm_asym,col_norm,16,per_ckpt,step2300000-tokens12272B,90,0.1811,0.5165,0.1722,0.5594,layer_31
alpha_norm_asym,col_norm,16,per_ckpt,step2450000-tokens13532B,90,0.07,0.7932,0.0623,0.8092,layer_31
alpha_norm_asym,col_norm,16,per_ckpt,step2600000-tokens14792B,90,0.0178,0.95,0.0193,0.9431,layer_31
alpha_norm_asym,col_norm,16,per_ckpt,main,90,-0.1237,0.5914,-0.167,0.4845,layer_31
alpha_abs_ratio,row_norm,4,per_ckpt,step50000-tokens210B,90,-0.0436,0.7512,0.0513,0.7792,layer_31
alpha_abs_ratio,row_norm,4,per_ckpt,step200000-tokens840B,90,-0.003,0.957,0.0112,0.8921,layer_31
alpha_abs_ratio,row_norm,4,per_ckpt,step350000-tokens1470B,90,-0.1502,0.0869,-0.2469,0.001,layer_31
alpha_abs_ratio,row_norm,4,per_ckpt,step500000-tokens2100B,90,-0.0149,0.8821,0.09,0.3896,layer_31
alpha_abs_ratio,row_norm,4,per_ckpt,step650000-tokens2730B,90,-0.0716,0.3367,-0.0809,0.3107,layer_31
alpha_abs_ratio,row_norm,4,per_ckpt,step800000-tokens3360B,90,0.036,0.6933,0.1735,0.1109,layer_31
alpha_abs_ratio,row_norm,4,per_ckpt,step950000-tokens3990B,90,-0.0822,0.2148,-0.0608,0.4525,layer_31
alpha_abs_ratio,row_norm,4,per_ckpt,step1432000-tokens6014B,90,-0.1207,0.3247,-0.1176,0.3936,layer_31
alpha_abs_ratio,row_norm,4,per_ckpt,step1700000-tokens7232B,90,0.075,0.3367,0.0558,0.5654,layer_31
alpha_abs_ratio,row_norm,4,per_ckpt,step1850000-tokens8492B,90,0.147,0.022,0.1236,0.1359,layer_31
alpha_abs_ratio,row_norm,4,per_ckpt,step2000000-tokens9752B,90,0.0181,0.5295,0.0273,0.4086,layer_31
alpha_abs_ratio,row_norm,4,per_ckpt,step2150000-tokens11012B,90,-0.1405,0.2877,-0.155,0.2747,layer_31
alpha_abs_ratio,row_norm,4,per_ckpt,step2300000-tokens12272B,90,0.0209,0.6394,0.0273,0.6194,layer_31
alpha_abs_ratio,row_norm,4,per_ckpt,step2450000-tokens13532B,90,-0.0577,0.2408,-0.0247,0.6034,layer_31
alpha_abs_ratio,row_norm,4,per_ckpt,step2600000-tokens14792B,90,0.0598,0.1978,0.0522,0.2318,layer_31
alpha_abs_ratio,row_norm,4,per_ckpt,main,90,-0.0727,0.0529,-0.0429,0.3287,layer_31
alpha_abs_ratio,row_norm,8,per_ckpt,step50000-tokens210B,90,0.2472,0.013,0.2287,0.044,layer_31
alpha_abs_ratio,row_norm,8,per_ckpt,step200000-tokens840B,90,-0.1268,0.1928,-0.1357,0.2168,layer_31
alpha_abs_ratio,row_norm,8,per_ckpt,step350000-tokens1470B,90,0.0744,0.3916,-0.0721,0.4066,layer_31
alpha_abs_ratio,row_norm,8,per_ckpt,step500000-tokens2100B,90,-0.2086,0.045,-0.2245,0.037,layer_31
alpha_abs_ratio,row_norm,8,per_ckpt,step650000-tokens2730B,90,-0.0397,0.6034,-0.0905,0.2707,layer_31
alpha_abs_ratio,row_norm,8,per_ckpt,step800000-tokens3360B,90,0.1221,0.1688,0.1069,0.2318,layer_31
alpha_abs_ratio,row_norm,8,per_ckpt,step950000-tokens3990B,90,-0.0297,0.5514,0.0302,0.5145,layer_31
alpha_abs_ratio,row_norm,8,per_ckpt,step1432000-tokens6014B,90,-0.0216,0.7423,-0.0065,0.9221,layer_31
alpha_abs_ratio,row_norm,8,per_ckpt,step1700000-tokens7232B,90,0.1156,0.1399,0.1778,0.042,layer_31
alpha_abs_ratio,row_norm,8,per_ckpt,step1850000-tokens8492B,90,0.1352,0.1079,0.1312,0.1469,layer_31
alpha_abs_ratio,row_norm,8,per_ckpt,step2000000-tokens9752B,90,-0.0583,0.4106,-0.0201,0.7822,layer_31
alpha_abs_ratio,row_norm,8,per_ckpt,step2150000-tokens11012B,90,-0.065,0.3756,-0.0652,0.3766,layer_31
alpha_abs_ratio,row_norm,8,per_ckpt,step2300000-tokens12272B,90,0.0369,0.3566,0.0237,0.6064,layer_31
alpha_abs_ratio,row_norm,8,per_ckpt,step2450000-tokens13532B,90,-0.0242,0.6663,-0.0218,0.7592,layer_31
alpha_abs_ratio,row_norm,8,per_ckpt,step2600000-tokens14792B,90,-0.0344,0.3926,0.0036,0.9491,layer_31
alpha_abs_ratio,row_norm,8,per_ckpt,main,90,-0.0063,0.8292,0.0321,0.2258,layer_31
alpha_abs_ratio,row_norm,16,per_ckpt,step50000-tokens210B,90,-0.1121,0.4865,-0.0931,0.5704,layer_31
alpha_abs_ratio,row_norm,16,per_ckpt,step200000-tokens840B,90,-0.1485,0.038,-0.127,0.2118,layer_31
alpha_abs_ratio,row_norm,16,per_ckpt,step350000-tokens1470B,90,0.088,0.3746,-0.0405,0.7443,layer_31
alpha_abs_ratio,row_norm,16,per_ckpt,step500000-tokens2100B,90,-0.04,0.7323,-0.1366,0.2058,layer_31
alpha_abs_ratio,row_norm,16,per_ckpt,step650000-tokens2730B,90,-0.0893,0.0959,-0.0761,0.2697,layer_31
alpha_abs_ratio,row_norm,16,per_ckpt,step800000-tokens3360B,90,-0.0148,0.9091,-0.1255,0.3177,layer_31
alpha_abs_ratio,row_norm,16,per_ckpt,step950000-tokens3990B,90,-0.0083,0.954,-0.0916,0.4675,layer_31
alpha_abs_ratio,row_norm,16,per_ckpt,step1432000-tokens6014B,90,-0.0465,0.3177,-0.0841,0.1119,layer_31
alpha_abs_ratio,row_norm,16,per_ckpt,step1700000-tokens7232B,90,-0.0359,0.6643,0.0104,0.9041,layer_31
alpha_abs_ratio,row_norm,16,per_ckpt,step1850000-tokens8492B,90,-0.1005,0.1508,-0.0825,0.2737,layer_31
alpha_abs_ratio,row_norm,16,per_ckpt,step2000000-tokens9752B,90,-0.0458,0.6513,-0.0367,0.6753,layer_31
alpha_abs_ratio,row_norm,16,per_ckpt,step2150000-tokens11012B,90,-0.0882,0.2707,-0.1118,0.2647,layer_31
alpha_abs_ratio,row_norm,16,per_ckpt,step2300000-tokens12272B,90,-0.0666,0.4535,-0.0605,0.5475,layer_31
alpha_abs_ratio,row_norm,16,per_ckpt,step2450000-tokens13532B,90,-0.0333,0.5664,-0.0482,0.4605,layer_31
alpha_abs_ratio,row_norm,16,per_ckpt,step2600000-tokens14792B,90,-0.0369,0.2587,-0.0213,0.6593,layer_31
alpha_abs_ratio,row_norm,16,per_ckpt,main,90,-0.0833,0.0989,-0.043,0.4326,layer_31
alpha_abs_ratio,col_norm,4,per_ckpt,step50000-tokens210B,90,-0.0158,0.8941,0.0314,0.7842,layer_31
alpha_abs_ratio,col_norm,4,per_ckpt,step200000-tokens840B,90,-0.0263,0.6094,0.0388,0.5055,layer_31
alpha_abs_ratio,col_norm,4,per_ckpt,step350000-tokens1470B,90,-0.0682,0.3307,-0.1841,0.001,layer_31
alpha_abs_ratio,col_norm,4,per_ckpt,step500000-tokens2100B,90,-0.0127,0.8941,0.07,0.4066,layer_31
alpha_abs_ratio,col_norm,4,per_ckpt,step650000-tokens2730B,90,-0.0667,0.2967,-0.0734,0.2947,layer_31
alpha_abs_ratio,col_norm,4,per_ckpt,step800000-tokens3360B,90,-0.0375,0.6543,0.1125,0.1059,layer_31
alpha_abs_ratio,col_norm,4,per_ckpt,step950000-tokens3990B,90,-0.0898,0.1678,-0.0566,0.4545,layer_31
alpha_abs_ratio,col_norm,4,per_ckpt,step1432000-tokens6014B,90,-0.1425,0.2458,-0.0905,0.4066,layer_31
alpha_abs_ratio,col_norm,4,per_ckpt,step1700000-tokens7232B,90,0.0793,0.2607,0.0538,0.5395,layer_31
alpha_abs_ratio,col_norm,4,per_ckpt,step1850000-tokens8492B,90,0.1118,0.1369,0.1448,0.1349,layer_31
alpha_abs_ratio,col_norm,4,per_ckpt,step2000000-tokens9752B,90,0.0548,0.2468,0.042,0.4276,layer_31
alpha_abs_ratio,col_norm,4,per_ckpt,step2150000-tokens11012B,90,-0.198,0.2108,-0.1969,0.2567,layer_31
alpha_abs_ratio,col_norm,4,per_ckpt,step2300000-tokens12272B,90,0.0288,0.7303,0.0423,0.6553,layer_31
alpha_abs_ratio,col_norm,4,per_ckpt,step2450000-tokens13532B,90,-0.07,0.4805,-0.0587,0.5584,layer_31
alpha_abs_ratio,col_norm,4,per_ckpt,step2600000-tokens14792B,90,0.1046,0.2068,0.101,0.2957,layer_31
alpha_abs_ratio,col_norm,4,per_ckpt,main,90,-0.2244,0.042,-0.1664,0.2338,layer_31
alpha_abs_ratio,col_norm,8,per_ckpt,step50000-tokens210B,90,0.1283,0.02,0.121,0.036,layer_31
alpha_abs_ratio,col_norm,8,per_ckpt,step200000-tokens840B,90,-0.0685,0.5025,-0.1115,0.2787,layer_31
alpha_abs_ratio,col_norm,8,per_ckpt,step350000-tokens1470B,90,-0.0052,0.9411,-0.0585,0.3906,layer_31
alpha_abs_ratio,col_norm,8,per_ckpt,step500000-tokens2100B,90,-0.2236,0.044,-0.2286,0.038,layer_31
alpha_abs_ratio,col_norm,8,per_ckpt,step650000-tokens2730B,90,-0.0454,0.5355,-0.0812,0.2627,layer_31
alpha_abs_ratio,col_norm,8,per_ckpt,step800000-tokens3360B,90,0.0796,0.3986,0.0969,0.2108,layer_31
alpha_abs_ratio,col_norm,8,per_ckpt,step950000-tokens3990B,90,-0.0522,0.4196,0.0377,0.4585,layer_31
alpha_abs_ratio,col_norm,8,per_ckpt,step1432000-tokens6014B,90,0.015,0.7572,-0.0117,0.8482,layer_31
alpha_abs_ratio,col_norm,8,per_ckpt,step1700000-tokens7232B,90,0.0289,0.6883,0.2168,0.017,layer_31
alpha_abs_ratio,col_norm,8,per_ckpt,step1850000-tokens8492B,90,0.1028,0.2348,0.1614,0.1229,layer_31
alpha_abs_ratio,col_norm,8,per_ckpt,step2000000-tokens9752B,90,-0.0248,0.7692,-0.0229,0.8032,layer_31
alpha_abs_ratio,col_norm,8,per_ckpt,step2150000-tokens11012B,90,-0.043,0.5155,-0.0623,0.3996,layer_31
alpha_abs_ratio,col_norm,8,per_ckpt,step2300000-tokens12272B,90,0.0586,0.3726,0.0414,0.6394,layer_31
alpha_abs_ratio,col_norm,8,per_ckpt,step2450000-tokens13532B,90,-0.0519,0.6813,-0.0724,0.6773,layer_31
alpha_abs_ratio,col_norm,8,per_ckpt,step2600000-tokens14792B,90,-0.076,0.5155,-0.0042,0.983,layer_31
alpha_abs_ratio,col_norm,8,per_ckpt,main,90,-0.0436,0.5844,0.0621,0.3686,layer_31
alpha_abs_ratio,col_norm,16,per_ckpt,step50000-tokens210B,90,-0.14,0.2617,-0.0763,0.5714,layer_31
alpha_abs_ratio,col_norm,16,per_ckpt,step200000-tokens840B,90,-0.1275,0.0539,-0.104,0.2018,layer_31
alpha_abs_ratio,col_norm,16,per_ckpt,step350000-tokens1470B,90,0.0791,0.0909,-0.0177,0.8541,layer_31
alpha_abs_ratio,col_norm,16,per_ckpt,step500000-tokens2100B,90,-0.0801,0.5165,-0.1598,0.1588,layer_31
alpha_abs_ratio,col_norm,16,per_ckpt,step650000-tokens2730B,90,-0.1108,0.1109,-0.0811,0.2887,layer_31
alpha_abs_ratio,col_norm,16,per_ckpt,step800000-tokens3360B,90,-0.0639,0.4665,-0.0873,0.3217,layer_31
alpha_abs_ratio,col_norm,16,per_ckpt,step950000-tokens3990B,90,-0.0418,0.6713,-0.0758,0.4955,layer_31
alpha_abs_ratio,col_norm,16,per_ckpt,step1432000-tokens6014B,90,-0.0457,0.3516,-0.0903,0.0909,layer_31
alpha_abs_ratio,col_norm,16,per_ckpt,step1700000-tokens7232B,90,-0.0132,0.8801,0.0218,0.7942,layer_31
alpha_abs_ratio,col_norm,16,per_ckpt,step1850000-tokens8492B,90,-0.055,0.3766,-0.0758,0.2987,layer_31
alpha_abs_ratio,col_norm,16,per_ckpt,step2000000-tokens9752B,90,-0.0098,0.9191,-0.0385,0.6953,layer_31
alpha_abs_ratio,col_norm,16,per_ckpt,step2150000-tokens11012B,90,-0.0933,0.4486,-0.1505,0.2667,layer_31
alpha_abs_ratio,col_norm,16,per_ckpt,step2300000-tokens12272B,90,-0.0349,0.7572,-0.0795,0.4945,layer_31
alpha_abs_ratio,col_norm,16,per_ckpt,step2450000-tokens13532B,90,-0.0426,0.7532,-0.1181,0.4705,layer_31
alpha_abs_ratio,col_norm,16,per_ckpt,step2600000-tokens14792B,90,-0.0945,0.4156,-0.1147,0.3317,layer_31
alpha_abs_ratio,col_norm,16,per_ckpt,main,90,-0.1288,0.3586,-0.1596,0.2867,layer_31
alpha_signed_ratio,row_norm,4,per_ckpt,step50000-tokens210B,90,-0.2037,0.3766,-0.1711,0.1788,layer_31
alpha_signed_ratio,row_norm,4,per_ckpt,step200000-tokens840B,90,-0.6561,0.005,-0.4791,0.007,layer_31
alpha_signed_ratio,row_norm,4,per_ckpt,step350000-tokens1470B,90,-0.6338,0.011,-0.549,0.001,layer_31
alpha_signed_ratio,row_norm,4,per_ckpt,step500000-tokens2100B,90,-0.5822,0.025,-0.3369,0.1039,layer_31
alpha_signed_ratio,row_norm,4,per_ckpt,step650000-tokens2730B,90,-0.6733,0.008,-0.4843,0.006,layer_31
alpha_signed_ratio,row_norm,4,per_ckpt,step800000-tokens3360B,90,-0.1309,0.3786,-0.0016,0.989,layer_31
alpha_signed_ratio,row_norm,4,per_ckpt,step950000-tokens3990B,90,-0.2815,0.3646,-0.1406,0.4965,layer_31
alpha_signed_ratio,row_norm,4,per_ckpt,step1432000-tokens6014B,90,-0.2753,0.3277,-0.1936,0.3896,layer_31
alpha_signed_ratio,row_norm,4,per_ckpt,step1700000-tokens7232B,90,-0.7296,0.002,-0.4052,0.049,layer_31
alpha_signed_ratio,row_norm,4,per_ckpt,step1850000-tokens8492B,90,-0.4735,0.0959,-0.0979,0.6683,layer_31
alpha_signed_ratio,row_norm,4,per_ckpt,step2000000-tokens9752B,90,-0.6248,0.023,-0.319,0.1698,layer_31
alpha_signed_ratio,row_norm,4,per_ckpt,step2150000-tokens11012B,90,0.0841,0.7542,0.1071,0.5584,layer_31
alpha_signed_ratio,row_norm,4,per_ckpt,step2300000-tokens12272B,90,-0.5112,0.0869,-0.2304,0.3526,layer_31
alpha_signed_ratio,row_norm,4,per_ckpt,step2450000-tokens13532B,90,-0.7839,0.001,-0.4302,0.1169,layer_31
alpha_signed_ratio,row_norm,4,per_ckpt,step2600000-tokens14792B,90,-0.7761,0.001,-0.4129,0.0949,layer_31
alpha_signed_ratio,row_norm,4,per_ckpt,main,90,-0.6661,0.011,-0.3749,0.1199,layer_31
alpha_signed_ratio,row_norm,8,per_ckpt,step50000-tokens210B,90,0.2155,0.2827,0.2698,0.021,layer_31
alpha_signed_ratio,row_norm,8,per_ckpt,step200000-tokens840B,90,-0.4276,0.1179,-0.3667,0.0809,layer_31
alpha_signed_ratio,row_norm,8,per_ckpt,step350000-tokens1470B,90,-0.6777,0.003,-0.528,0.001,layer_31
alpha_signed_ratio,row_norm,8,per_ckpt,step500000-tokens2100B,90,-0.4708,0.0669,-0.4179,0.033,layer_31
alpha_signed_ratio,row_norm,8,per_ckpt,step650000-tokens2730B,90,-0.6061,0.029,-0.4434,0.023,layer_31
alpha_signed_ratio,row_norm,8,per_ckpt,step800000-tokens3360B,90,-0.249,0.3047,-0.0883,0.6074,layer_31
alpha_signed_ratio,row_norm,8,per_ckpt,step950000-tokens3990B,90,-0.5705,0.033,-0.2686,0.1858,layer_31
alpha_signed_ratio,row_norm,8,per_ckpt,step1432000-tokens6014B,90,-0.4369,0.1369,-0.2579,0.2288,layer_31
alpha_signed_ratio,row_norm,8,per_ckpt,step1700000-tokens7232B,90,-0.7191,0.002,-0.3455,0.1279,layer_31
alpha_signed_ratio,row_norm,8,per_ckpt,step1850000-tokens8492B,90,-0.5159,0.0529,-0.1486,0.4406,layer_31
alpha_signed_ratio,row_norm,8,per_ckpt,step2000000-tokens9752B,90,-0.5928,0.021,-0.3125,0.1558,layer_31
alpha_signed_ratio,row_norm,8,per_ckpt,step2150000-tokens11012B,90,-0.5558,0.04,-0.3464,0.0799,layer_31
alpha_signed_ratio,row_norm,8,per_ckpt,step2300000-tokens12272B,90,-0.6295,0.024,-0.3199,0.1908,layer_31
alpha_signed_ratio,row_norm,8,per_ckpt,step2450000-tokens13532B,90,-0.7765,0.001,-0.4557,0.1009,layer_31
alpha_signed_ratio,row_norm,8,per_ckpt,step2600000-tokens14792B,90,-0.7539,0.002,-0.4165,0.1029,layer_31
alpha_signed_ratio,row_norm,8,per_ckpt,main,90,-0.781,0.001,-0.4274,0.1129,layer_31
alpha_signed_ratio,row_norm,16,per_ckpt,step50000-tokens210B,90,-0.2219,0.3447,-0.1728,0.2238,layer_31
alpha_signed_ratio,row_norm,16,per_ckpt,step200000-tokens840B,90,-0.3888,0.2028,-0.3185,0.1898,layer_31
alpha_signed_ratio,row_norm,16,per_ckpt,step350000-tokens1470B,90,-0.7546,0.002,-0.5009,0.002,layer_31
alpha_signed_ratio,row_norm,16,per_ckpt,step500000-tokens2100B,90,-0.6235,0.009,-0.4793,0.004,layer_31
alpha_signed_ratio,row_norm,16,per_ckpt,step650000-tokens2730B,90,-0.5548,0.0679,-0.4101,0.0629,layer_31
alpha_signed_ratio,row_norm,16,per_ckpt,step800000-tokens3360B,90,-0.1045,0.6703,-0.1261,0.4196,layer_31
alpha_signed_ratio,row_norm,16,per_ckpt,step950000-tokens3990B,90,-0.5121,0.026,-0.3844,0.0509,layer_31
alpha_signed_ratio,row_norm,16,per_ckpt,step1432000-tokens6014B,90,-0.32,0.2967,-0.2005,0.3876,layer_31
alpha_signed_ratio,row_norm,16,per_ckpt,step1700000-tokens7232B,90,-0.5692,0.026,-0.3104,0.1648,layer_31
alpha_signed_ratio,row_norm,16,per_ckpt,step1850000-tokens8492B,90,-0.3594,0.2018,-0.1502,0.4176,layer_31
alpha_signed_ratio,row_norm,16,per_ckpt,step2000000-tokens9752B,90,-0.5052,0.037,-0.2804,0.1528,layer_31
alpha_signed_ratio,row_norm,16,per_ckpt,step2150000-tokens11012B,90,-0.5219,0.0559,-0.3265,0.1429,layer_31
alpha_signed_ratio,row_norm,16,per_ckpt,step2300000-tokens12272B,90,-0.4926,0.0759,-0.2853,0.1978,layer_31
alpha_signed_ratio,row_norm,16,per_ckpt,step2450000-tokens13532B,90,-0.7483,0.003,-0.4315,0.1109,layer_31
alpha_signed_ratio,row_norm,16,per_ckpt,step2600000-tokens14792B,90,-0.7836,0.001,-0.4811,0.034,layer_31
alpha_signed_ratio,row_norm,16,per_ckpt,main,90,-0.7701,0.001,-0.4883,0.03,layer_31
alpha_signed_ratio,col_norm,4,per_ckpt,step50000-tokens210B,90,-0.0735,0.7792,0.0769,0.7572,layer_31
alpha_signed_ratio,col_norm,4,per_ckpt,step200000-tokens840B,90,0.8099,0.001,0.6523,0.001,layer_31
alpha_signed_ratio,col_norm,4,per_ckpt,step350000-tokens1470B,90,0.7993,0.003,0.3696,0.1119,layer_31
alpha_signed_ratio,col_norm,4,per_ckpt,step500000-tokens2100B,90,0.2738,0.3736,0.2996,0.2018,layer_31
alpha_signed_ratio,col_norm,4,per_ckpt,step650000-tokens2730B,90,0.5393,0.0839,0.285,0.3297,layer_31
alpha_signed_ratio,col_norm,4,per_ckpt,step800000-tokens3360B,90,-0.5911,0.004,-0.4647,0.0739,layer_31
alpha_signed_ratio,col_norm,4,per_ckpt,step950000-tokens3990B,90,0.1391,0.6743,-0.0159,0.951,layer_31
alpha_signed_ratio,col_norm,4,per_ckpt,step1432000-tokens6014B,90,-0.4074,0.1099,-0.3382,0.1938,layer_31
alpha_signed_ratio,col_norm,4,per_ckpt,step1700000-tokens7232B,90,0.7155,0.005,0.4835,0.0549,layer_31
alpha_signed_ratio,col_norm,4,per_ckpt,step1850000-tokens8492B,90,0.2768,0.3846,0.2306,0.3756,layer_31
alpha_signed_ratio,col_norm,4,per_ckpt,step2000000-tokens9752B,90,-0.2163,0.4795,-0.1192,0.5974,layer_31
alpha_signed_ratio,col_norm,4,per_ckpt,step2150000-tokens11012B,90,-0.1073,0.6274,-0.3082,0.2168,layer_31
alpha_signed_ratio,col_norm,4,per_ckpt,step2300000-tokens12272B,90,0.0359,0.9141,0.022,0.9491,layer_31
alpha_signed_ratio,col_norm,4,per_ckpt,step2450000-tokens13532B,90,-0.0427,0.8631,-0.0874,0.6134,layer_31
alpha_signed_ratio,col_norm,4,per_ckpt,step2600000-tokens14792B,90,0.0162,0.9461,0.0973,0.6234,layer_31
alpha_signed_ratio,col_norm,4,per_ckpt,main,90,-0.3652,0.0929,-0.2711,0.1868,layer_31
alpha_signed_ratio,col_norm,8,per_ckpt,step50000-tokens210B,90,0.1503,0.6244,0.3919,0.1249,layer_31
alpha_signed_ratio,col_norm,8,per_ckpt,step200000-tokens840B,90,0.6917,0.002,0.4057,0.026,layer_31
alpha_signed_ratio,col_norm,8,per_ckpt,step350000-tokens1470B,90,0.6381,0.024,0.3645,0.1299,layer_31
alpha_signed_ratio,col_norm,8,per_ckpt,step500000-tokens2100B,90,0.3285,0.2228,0.0799,0.7083,layer_31
alpha_signed_ratio,col_norm,8,per_ckpt,step650000-tokens2730B,90,0.5137,0.0849,0.3303,0.1998,layer_31
alpha_signed_ratio,col_norm,8,per_ckpt,step800000-tokens3360B,90,0.5375,0.013,0.3974,0.0789,layer_31
alpha_signed_ratio,col_norm,8,per_ckpt,step950000-tokens3990B,90,0.4307,0.1329,0.3282,0.1728,layer_31
alpha_signed_ratio,col_norm,8,per_ckpt,step1432000-tokens6014B,90,0.0724,0.8252,0.1447,0.6523,layer_31
alpha_signed_ratio,col_norm,8,per_ckpt,step1700000-tokens7232B,90,0.7304,0.008,0.7082,0.003,layer_31
alpha_signed_ratio,col_norm,8,per_ckpt,step1850000-tokens8492B,90,0.1825,0.5485,0.2873,0.2957,layer_31
alpha_signed_ratio,col_norm,8,per_ckpt,step2000000-tokens9752B,90,0.3909,0.1708,0.2581,0.2178,layer_31
alpha_signed_ratio,col_norm,8,per_ckpt,step2150000-tokens11012B,90,0.5598,0.0589,0.3162,0.2398,layer_31
alpha_signed_ratio,col_norm,8,per_ckpt,step2300000-tokens12272B,90,0.2872,0.3646,0.1741,0.4815,layer_31
alpha_signed_ratio,col_norm,8,per_ckpt,step2450000-tokens13532B,90,0.0892,0.7353,-0.0443,0.8252,layer_31
alpha_signed_ratio,col_norm,8,per_ckpt,step2600000-tokens14792B,90,-0.3395,0.1668,-0.1612,0.5994,layer_31
alpha_signed_ratio,col_norm,8,per_ckpt,main,90,-0.4341,0.1019,-0.1606,0.3696,layer_31
alpha_signed_ratio,col_norm,16,per_ckpt,step50000-tokens210B,90,0.1231,0.6553,-0.0706,0.8152,layer_31
alpha_signed_ratio,col_norm,16,per_ckpt,step200000-tokens840B,90,0.486,0.0799,0.162,0.5255,layer_31
alpha_signed_ratio,col_norm,16,per_ckpt,step350000-tokens1470B,90,0.8116,0.001,0.4947,0.036,layer_31
alpha_signed_ratio,col_norm,16,per_ckpt,step500000-tokens2100B,90,0.3968,0.1518,0.1627,0.5235,layer_31
alpha_signed_ratio,col_norm,16,per_ckpt,step650000-tokens2730B,90,0.5311,0.0859,0.3138,0.2498,layer_31
alpha_signed_ratio,col_norm,16,per_ckpt,step800000-tokens3360B,90,-0.1445,0.6394,-0.254,0.3846,layer_31
alpha_signed_ratio,col_norm,16,per_ckpt,step950000-tokens3990B,90,0.3898,0.1449,0.1153,0.6044,layer_31
alpha_signed_ratio,col_norm,16,per_ckpt,step1432000-tokens6014B,90,-0.34,0.2827,-0.2012,0.4086,layer_31
alpha_signed_ratio,col_norm,16,per_ckpt,step1700000-tokens7232B,90,0.5978,0.028,0.4036,0.0859,layer_31
alpha_signed_ratio,col_norm,16,per_ckpt,step1850000-tokens8492B,90,0.2981,0.3477,0.1238,0.6883,layer_31
alpha_signed_ratio,col_norm,16,per_ckpt,step2000000-tokens9752B,90,0.3515,0.1978,0.2112,0.3926,layer_31
alpha_signed_ratio,col_norm,16,per_ckpt,step2150000-tokens11012B,90,0.2236,0.3916,0.0075,0.968,layer_31
alpha_signed_ratio,col_norm,16,per_ckpt,step2300000-tokens12272B,90,0.1811,0.5165,0.013,0.959,layer_31
alpha_signed_ratio,col_norm,16,per_ckpt,step2450000-tokens13532B,90,0.07,0.7932,-0.0604,0.8102,layer_31
alpha_signed_ratio,col_norm,16,per_ckpt,step2600000-tokens14792B,90,0.0178,0.95,-0.0373,0.8811,layer_31
alpha_signed_ratio,col_norm,16,per_ckpt,main,90,-0.1237,0.5914,-0.2131,0.3097,layer_31
alpha_log_ratio,row_norm,4,per_ckpt,step50000-tokens210B,90,-0.2037,0.3766,-0.2506,0.2288,layer_31
alpha_log_ratio,row_norm,4,per_ckpt,step200000-tokens840B,90,-0.6561,0.005,-0.6723,0.003,layer_31
alpha_log_ratio,row_norm,4,per_ckpt,step350000-tokens1470B,90,-0.6338,0.011,-0.6071,0.022,layer_31
alpha_log_ratio,row_norm,4,per_ckpt,step500000-tokens2100B,90,-0.5822,0.025,-0.5647,0.035,layer_31
alpha_log_ratio,row_norm,4,per_ckpt,step650000-tokens2730B,90,-0.6733,0.008,-0.6472,0.009,layer_31
alpha_log_ratio,row_norm,4,per_ckpt,step800000-tokens3360B,90,-0.1309,0.3786,-0.1723,0.1588,layer_31
alpha_log_ratio,row_norm,4,per_ckpt,step950000-tokens3990B,90,-0.2815,0.3646,-0.2348,0.4525,layer_31
alpha_log_ratio,row_norm,4,per_ckpt,step1432000-tokens6014B,90,-0.2753,0.3277,-0.236,0.3956,layer_31
alpha_log_ratio,row_norm,4,per_ckpt,step1700000-tokens7232B,90,-0.7296,0.002,-0.6741,0.006,layer_31
alpha_log_ratio,row_norm,4,per_ckpt,step1850000-tokens8492B,90,-0.4735,0.0959,-0.3739,0.2048,layer_31
alpha_log_ratio,row_norm,4,per_ckpt,step2000000-tokens9752B,90,-0.6248,0.023,-0.5601,0.0629,layer_31
alpha_log_ratio,row_norm,4,per_ckpt,step2150000-tokens11012B,90,0.0841,0.7542,0.1638,0.5584,layer_31
alpha_log_ratio,row_norm,4,per_ckpt,step2300000-tokens12272B,90,-0.5112,0.0869,-0.4511,0.1459,layer_31
alpha_log_ratio,row_norm,4,per_ckpt,step2450000-tokens13532B,90,-0.7839,0.001,-0.6676,0.03,layer_31
alpha_log_ratio,row_norm,4,per_ckpt,step2600000-tokens14792B,90,-0.7761,0.001,-0.6918,0.017,layer_31
alpha_log_ratio,row_norm,4,per_ckpt,main,90,-0.6661,0.011,-0.5731,0.0759,layer_31
alpha_log_ratio,row_norm,8,per_ckpt,step50000-tokens210B,90,0.2155,0.2827,0.2147,0.2717,layer_31
alpha_log_ratio,row_norm,8,per_ckpt,step200000-tokens840B,90,-0.4276,0.1179,-0.4012,0.1518,layer_31
alpha_log_ratio,row_norm,8,per_ckpt,step350000-tokens1470B,90,-0.6777,0.003,-0.6683,0.008,layer_31
alpha_log_ratio,row_norm,8,per_ckpt,step500000-tokens2100B,90,-0.4708,0.0669,-0.4451,0.0989,layer_31
alpha_log_ratio,row_norm,8,per_ckpt,step650000-tokens2730B,90,-0.6061,0.029,-0.5775,0.047,layer_31
alpha_log_ratio,row_norm,8,per_ckpt,step800000-tokens3360B,90,-0.249,0.3047,-0.2291,0.3377,layer_31
alpha_log_ratio,row_norm,8,per_ckpt,step950000-tokens3990B,90,-0.5705,0.033,-0.4945,0.0799,layer_31
alpha_log_ratio,row_norm,8,per_ckpt,step1432000-tokens6014B,90,-0.4369,0.1369,-0.4128,0.1648,layer_31
alpha_log_ratio,row_norm,8,per_ckpt,step1700000-tokens7232B,90,-0.7191,0.002,-0.674,0.009,layer_31
alpha_log_ratio,row_norm,8,per_ckpt,step1850000-tokens8492B,90,-0.5159,0.0529,-0.432,0.1229,layer_31
alpha_log_ratio,row_norm,8,per_ckpt,step2000000-tokens9752B,90,-0.5928,0.021,-0.508,0.0749,layer_31
alpha_log_ratio,row_norm,8,per_ckpt,step2150000-tokens11012B,90,-0.5558,0.04,-0.5078,0.0729,layer_31
alpha_log_ratio,row_norm,8,per_ckpt,step2300000-tokens12272B,90,-0.6295,0.024,-0.5676,0.0569,layer_31
alpha_log_ratio,row_norm,8,per_ckpt,step2450000-tokens13532B,90,-0.7765,0.001,-0.6864,0.013,layer_31
alpha_log_ratio,row_norm,8,per_ckpt,step2600000-tokens14792B,90,-0.7539,0.002,-0.6712,0.025,layer_31
alpha_log_ratio,row_norm,8,per_ckpt,main,90,-0.781,0.001,-0.7012,0.017,layer_31
alpha_log_ratio,row_norm,16,per_ckpt,step50000-tokens210B,90,-0.2219,0.3447,-0.2247,0.3457,layer_31
alpha_log_ratio,row_norm,16,per_ckpt,step200000-tokens840B,90,-0.3888,0.2028,-0.3919,0.1808,layer_31
alpha_log_ratio,row_norm,16,per_ckpt,step350000-tokens1470B,90,-0.7546,0.002,-0.7042,0.002,layer_31
alpha_log_ratio,row_norm,16,per_ckpt,step500000-tokens2100B,90,-0.6235,0.009,-0.5916,0.025,layer_31
alpha_log_ratio,row_norm,16,per_ckpt,step650000-tokens2730B,90,-0.5548,0.0679,-0.5355,0.0889,layer_31
alpha_log_ratio,row_norm,16,per_ckpt,step800000-tokens3360B,90,-0.1045,0.6703,-0.1199,0.6124,layer_31
alpha_log_ratio,row_norm,16,per_ckpt,step950000-tokens3990B,90,-0.5121,0.026,-0.4867,0.04,layer_31
alpha_log_ratio,row_norm,16,per_ckpt,step1432000-tokens6014B,90,-0.32,0.2967,-0.2947,0.3357,layer_31
alpha_log_ratio,row_norm,16,per_ckpt,step1700000-tokens7232B,90,-0.5692,0.026,-0.5077,0.0729,layer_31
alpha_log_ratio,row_norm,16,per_ckpt,step1850000-tokens8492B,90,-0.3594,0.2018,-0.2831,0.3247,layer_31
alpha_log_ratio,row_norm,16,per_ckpt,step2000000-tokens9752B,90,-0.5052,0.037,-0.4417,0.0689,layer_31
alpha_log_ratio,row_norm,16,per_ckpt,step2150000-tokens11012B,90,-0.5219,0.0559,-0.4587,0.1029,layer_31
alpha_log_ratio,row_norm,16,per_ckpt,step2300000-tokens12272B,90,-0.4926,0.0759,-0.4437,0.1259,layer_31
alpha_log_ratio,row_norm,16,per_ckpt,step2450000-tokens13532B,90,-0.7483,0.003,-0.6472,0.031,layer_31
alpha_log_ratio,row_norm,16,per_ckpt,step2600000-tokens14792B,90,-0.7836,0.001,-0.7176,0.009,layer_31
alpha_log_ratio,row_norm,16,per_ckpt,main,90,-0.7701,0.001,-0.7113,0.008,layer_31
alpha_log_ratio,col_norm,4,per_ckpt,step50000-tokens210B,90,-0.0735,0.7792,0.0211,0.9321,layer_31
alpha_log_ratio,col_norm,4,per_ckpt,step200000-tokens840B,90,0.8099,0.001,0.8336,0.001,layer_31
alpha_log_ratio,col_norm,4,per_ckpt,step350000-tokens1470B,90,0.7993,0.003,0.7263,0.007,layer_31
alpha_log_ratio,col_norm,4,per_ckpt,step500000-tokens2100B,90,0.2738,0.3736,0.3095,0.3187,layer_31
alpha_log_ratio,col_norm,4,per_ckpt,step650000-tokens2730B,90,0.5393,0.0839,0.4838,0.1309,layer_31
alpha_log_ratio,col_norm,4,per_ckpt,step800000-tokens3360B,90,-0.5911,0.004,-0.6537,0.021,layer_31
alpha_log_ratio,col_norm,4,per_ckpt,step950000-tokens3990B,90,0.1391,0.6743,0.1139,0.7313,layer_31
alpha_log_ratio,col_norm,4,per_ckpt,step1432000-tokens6014B,90,-0.4074,0.1099,-0.4156,0.1319,layer_31
alpha_log_ratio,col_norm,4,per_ckpt,step1700000-tokens7232B,90,0.7155,0.005,0.6701,0.015,layer_31
alpha_log_ratio,col_norm,4,per_ckpt,step1850000-tokens8492B,90,0.2768,0.3846,0.2307,0.4845,layer_31
alpha_log_ratio,col_norm,4,per_ckpt,step2000000-tokens9752B,90,-0.2163,0.4795,-0.2189,0.5045,layer_31
alpha_log_ratio,col_norm,4,per_ckpt,step2150000-tokens11012B,90,-0.1073,0.6274,-0.1998,0.4146,layer_31
alpha_log_ratio,col_norm,4,per_ckpt,step2300000-tokens12272B,90,0.0359,0.9141,0.0382,0.9041,layer_31
alpha_log_ratio,col_norm,4,per_ckpt,step2450000-tokens13532B,90,-0.0427,0.8631,-0.0854,0.7483,layer_31
alpha_log_ratio,col_norm,4,per_ckpt,step2600000-tokens14792B,90,0.0162,0.9461,-0.0123,0.971,layer_31
alpha_log_ratio,col_norm,4,per_ckpt,main,90,-0.3652,0.0929,-0.3197,0.1718,layer_31
alpha_log_ratio,col_norm,8,per_ckpt,step50000-tokens210B,90,0.1503,0.6244,0.2943,0.3457,layer_31
alpha_log_ratio,col_norm,8,per_ckpt,step200000-tokens840B,90,0.6917,0.002,0.6822,0.005,layer_31
alpha_log_ratio,col_norm,8,per_ckpt,step350000-tokens1470B,90,0.6381,0.024,0.5937,0.035,layer_31
alpha_log_ratio,col_norm,8,per_ckpt,step500000-tokens2100B,90,0.3285,0.2228,0.3141,0.2647,layer_31
alpha_log_ratio,col_norm,8,per_ckpt,step650000-tokens2730B,90,0.5137,0.0849,0.5074,0.0979,layer_31
alpha_log_ratio,col_norm,8,per_ckpt,step800000-tokens3360B,90,0.5375,0.013,0.5037,0.048,layer_31
alpha_log_ratio,col_norm,8,per_ckpt,step950000-tokens3990B,90,0.4307,0.1329,0.4426,0.1309,layer_31
alpha_log_ratio,col_norm,8,per_ckpt,step1432000-tokens6014B,90,0.0724,0.8252,0.1159,0.7722,layer_31
alpha_log_ratio,col_norm,8,per_ckpt,step1700000-tokens7232B,90,0.7304,0.008,0.7576,0.006,layer_31
alpha_log_ratio,col_norm,8,per_ckpt,step1850000-tokens8492B,90,0.1825,0.5485,0.2169,0.5045,layer_31
alpha_log_ratio,col_norm,8,per_ckpt,step2000000-tokens9752B,90,0.3909,0.1708,0.3911,0.1758,layer_31
alpha_log_ratio,col_norm,8,per_ckpt,step2150000-tokens11012B,90,0.5598,0.0589,0.532,0.0799,layer_31
alpha_log_ratio,col_norm,8,per_ckpt,step2300000-tokens12272B,90,0.2872,0.3646,0.2628,0.4176,layer_31
alpha_log_ratio,col_norm,8,per_ckpt,step2450000-tokens13532B,90,0.0892,0.7353,0.0386,0.8981,layer_31
alpha_log_ratio,col_norm,8,per_ckpt,step2600000-tokens14792B,90,-0.3395,0.1668,-0.3004,0.2428,layer_31
alpha_log_ratio,col_norm,8,per_ckpt,main,90,-0.4341,0.1019,-0.3702,0.1608,layer_31
alpha_log_ratio,col_norm,16,per_ckpt,step50000-tokens210B,90,0.1231,0.6553,0.0711,0.7922,layer_31
alpha_log_ratio,col_norm,16,per_ckpt,step200000-tokens840B,90,0.486,0.0799,0.4174,0.1429,layer_31
alpha_log_ratio,col_norm,16,per_ckpt,step350000-tokens1470B,90,0.8116,0.001,0.7422,0.006,layer_31
alpha_log_ratio,col_norm,16,per_ckpt,step500000-tokens2100B,90,0.3968,0.1518,0.3875,0.1608,layer_31
alpha_log_ratio,col_norm,16,per_ckpt,step650000-tokens2730B,90,0.5311,0.0859,0.5121,0.1129,layer_31
alpha_log_ratio,col_norm,16,per_ckpt,step800000-tokens3360B,90,-0.1445,0.6394,-0.202,0.5475,layer_31
alpha_log_ratio,col_norm,16,per_ckpt,step950000-tokens3990B,90,0.3898,0.1449,0.3301,0.2308,layer_31
alpha_log_ratio,col_norm,16,per_ckpt,step1432000-tokens6014B,90,-0.34,0.2827,-0.2934,0.3586,layer_31
alpha_log_ratio,col_norm,16,per_ckpt,step1700000-tokens7232B,90,0.5978,0.028,0.5644,0.045,layer_31
alpha_log_ratio,col_norm,16,per_ckpt,step1850000-tokens8492B,90,0.2981,0.3477,0.2574,0.4356,layer_31
alpha_log_ratio,col_norm,16,per_ckpt,step2000000-tokens9752B,90,0.3515,0.1978,0.3424,0.2088,layer_31
alpha_log_ratio,col_norm,16,per_ckpt,step2150000-tokens11012B,90,0.2236,0.3916,0.1871,0.4805,layer_31
alpha_log_ratio,col_norm,16,per_ckpt,step2300000-tokens12272B,90,0.1811,0.5165,0.1374,0.6713,layer_31
alpha_log_ratio,col_norm,16,per_ckpt,step2450000-tokens13532B,90,0.07,0.7932,0.0409,0.8751,layer_31
alpha_log_ratio,col_norm,16,per_ckpt,step2600000-tokens14792B,90,0.0178,0.95,0.0252,0.9231,layer_31
alpha_log_ratio,col_norm,16,per_ckpt,main,90,-0.1237,0.5914,-0.1684,0.4865,layer_31
A_abs_diff,row_norm,4,per_ckpt,step50000-tokens210B,90,-0.0864,0.3526,-0.0487,0.6434,layer_31
A_abs_diff,row_norm,4,per_ckpt,step200000-tokens840B,90,-0.025,0.6743,-0.0598,0.4316,layer_31
A_abs_diff,row_norm,4,per_ckpt,step350000-tokens1470B,90,-0.0634,0.3437,-0.0915,0.1998,layer_31
A_abs_diff,row_norm,4,per_ckpt,step500000-tokens2100B,90,0.1185,0.1039,-0.0149,0.8591,layer_31
A_abs_diff,row_norm,4,per_ckpt,step650000-tokens2730B,90,-0.0548,0.3067,-0.1338,0.019,layer_31
A_abs_diff,row_norm,4,per_ckpt,step800000-tokens3360B,90,-0.0066,0.9471,0.0184,0.8661,layer_31
A_abs_diff,row_norm,4,per_ckpt,step950000-tokens3990B,90,0.0649,0.2118,0.1136,0.028,layer_31
A_abs_diff,row_norm,4,per_ckpt,step1432000-tokens6014B,90,0.1294,0.0799,0.1867,0.031,layer_31
A_abs_diff,row_norm,4,per_ckpt,step1700000-tokens7232B,90,-0.0237,0.6454,0.0504,0.4635,layer_31
A_abs_diff,row_norm,4,per_ckpt,step1850000-tokens8492B,90,-0.0005,0.99,-0.0401,0.4735,layer_31
A_abs_diff,row_norm,4,per_ckpt,step2000000-tokens9752B,90,0.016,0.5335,0.0462,0.0759,layer_31
A_abs_diff,row_norm,4,per_ckpt,step2150000-tokens11012B,90,-0.0025,0.987,0.0052,0.962,layer_31
A_abs_diff,row_norm,4,per_ckpt,step2300000-tokens12272B,90,0.0492,0.1648,0.0596,0.1578,layer_31
A_abs_diff,row_norm,4,per_ckpt,step2450000-tokens13532B,90,0.0579,0.1199,0.0975,0.041,layer_31
A_abs_diff,row_norm,4,per_ckpt,step2600000-tokens14792B,90,0.0322,0.3427,0.0779,0.0529,layer_31
A_abs_diff,row_norm,4,per_ckpt,main,90,0.0262,0.3906,0.0285,0.3916,layer_31
A_abs_diff,row_norm,8,per_ckpt,step50000-tokens210B,90,0.1513,0.1219,0.1913,0.0609,layer_31
A_abs_diff,row_norm,8,per_ckpt,step200000-tokens840B,90,-0.0673,0.3526,0.0139,0.8741,layer_31
A_abs_diff,row_norm,8,per_ckpt,step350000-tokens1470B,90,-0.1347,0.042,-0.2322,0.003,layer_31
A_abs_diff,row_norm,8,per_ckpt,step500000-tokens2100B,90,-0.016,0.8132,-0.1052,0.1878,layer_31
A_abs_diff,row_norm,8,per_ckpt,step650000-tokens2730B,90,-0.0272,0.6314,-0.0519,0.4046,layer_31
A_abs_diff,row_norm,8,per_ckpt,step800000-tokens3360B,90,-0.0184,0.8212,-0.0883,0.3796,layer_31
A_abs_diff,row_norm,8,per_ckpt,step950000-tokens3990B,90,0.0259,0.5894,0.0015,0.97,layer_31
A_abs_diff,row_norm,8,per_ckpt,step1432000-tokens6014B,90,0.1273,0.003,0.1068,0.026,layer_31
A_abs_diff,row_norm,8,per_ckpt,step1700000-tokens7232B,90,0.057,0.3087,0.1243,0.041,layer_31
A_abs_diff,row_norm,8,per_ckpt,step1850000-tokens8492B,90,0.0162,0.7762,0.0047,0.9281,layer_31
A_abs_diff,row_norm,8,per_ckpt,step2000000-tokens9752B,90,-0.0254,0.6673,0.086,0.1778,layer_31
A_abs_diff,row_norm,8,per_ckpt,step2150000-tokens11012B,90,-0.121,0.0509,-0.1383,0.04,layer_31
A_abs_diff,row_norm,8,per_ckpt,step2300000-tokens12272B,90,0.0492,0.0979,0.0629,0.045,layer_31
A_abs_diff,row_norm,8,per_ckpt,step2450000-tokens13532B,90,0.1007,0.003,0.1162,0.016,layer_31
A_abs_diff,row_norm,8,per_ckpt,step2600000-tokens14792B,90,0.0163,0.5934,0.0456,0.1099,layer_31
A_abs_diff,row_norm,8,per_ckpt,main,90,0.0476,0.0529,0.0618,0.0509,layer_31
A_abs_diff,row_norm,16,per_ckpt,step50000-tokens210B,90,-0.1399,0.1359,-0.1824,0.0989,layer_31
A_abs_diff,row_norm,16,per_ckpt,step200000-tokens840B,90,-0.0791,0.1728,-0.0961,0.2188,layer_31
A_abs_diff,row_norm,16,per_ckpt,step350000-tokens1470B,90,-0.0539,0.3946,-0.1572,0.012,layer_31
A_abs_diff,row_norm,16,per_ckpt,step500000-tokens2100B,90,0.0603,0.3976,-0.0348,0.7133,layer_31
A_abs_diff,row_norm,16,per_ckpt,step650000-tokens2730B,90,-0.0713,0.1139,-0.0778,0.1329,layer_31
A_abs_diff,row_norm,16,per_ckpt,step800000-tokens3360B,90,-0.1712,0.0589,-0.2177,0.048,layer_31
A_abs_diff,row_norm,16,per_ckpt,step950000-tokens3990B,90,-0.0391,0.6344,-0.0148,0.8671,layer_31
A_abs_diff,row_norm,16,per_ckpt,step1432000-tokens6014B,90,0.1069,0.007,0.0917,0.033,layer_31
A_abs_diff,row_norm,16,per_ckpt,step1700000-tokens7232B,90,0.0625,0.3357,0.1112,0.1668,layer_31
A_abs_diff,row_norm,16,per_ckpt,step1850000-tokens8492B,90,-0.0246,0.6414,-0.0161,0.7832,layer_31
A_abs_diff,row_norm,16,per_ckpt,step2000000-tokens9752B,90,0.0769,0.3057,0.1949,0.1019,layer_31
A_abs_diff,row_norm,16,per_ckpt,step2150000-tokens11012B,90,0.0082,0.8981,0.0462,0.5245,layer_31
A_abs_diff,row_norm,16,per_ckpt,step2300000-tokens12272B,90,0.0078,0.8961,0.0589,0.4016,layer_31
A_abs_diff,row_norm,16,per_ckpt,step2450000-tokens13532B,90,0.0801,0.023,0.0997,0.011,layer_31
A_abs_diff,row_norm,16,per_ckpt,step2600000-tokens14792B,90,0.0192,0.4366,0.054,0.0809,layer_31
A_abs_diff,row_norm,16,per_ckpt,main,90,0.0449,0.2168,0.0974,0.012,layer_31
A_abs_diff,col_norm,4,per_ckpt,step50000-tokens210B,90,-0.0658,0.3796,-0.0307,0.6434,layer_31
A_abs_diff,col_norm,4,per_ckpt,step200000-tokens840B,90,-0.0512,0.1658,-0.0264,0.6004,layer_31
A_abs_diff,col_norm,4,per_ckpt,step350000-tokens1470B,90,-0.0195,0.6803,-0.0527,0.3277,layer_31
A_abs_diff,col_norm,4,per_ckpt,step500000-tokens2100B,90,0.0351,0.5514,-0.0141,0.8442,layer_31
A_abs_diff,col_norm,4,per_ckpt,step650000-tokens2730B,90,-0.0993,0.04,-0.1187,0.021,layer_31
A_abs_diff,col_norm,4,per_ckpt,step800000-tokens3360B,90,-0.0788,0.3317,0.0116,0.8661,layer_31
A_abs_diff,col_norm,4,per_ckpt,step950000-tokens3990B,90,0.0888,0.0689,0.1071,0.029,layer_31
A_abs_diff,col_norm,4,per_ckpt,step1432000-tokens6014B,90,0.1505,0.0509,0.1522,0.031,layer_31
A_abs_diff,col_norm,4,per_ckpt,step1700000-tokens7232B,90,-0.0026,0.951,0.0452,0.4895,layer_31
A_abs_diff,col_norm,4,per_ckpt,step1850000-tokens8492B,90,-0.0609,0.2498,-0.0778,0.2178,layer_31
A_abs_diff,col_norm,4,per_ckpt,step2000000-tokens9752B,90,0.0267,0.5045,0.0151,0.7423,layer_31
A_abs_diff,col_norm,4,per_ckpt,step2150000-tokens11012B,90,-0.0007,0.997,-0.0012,0.995,layer_31
A_abs_diff,col_norm,4,per_ckpt,step2300000-tokens12272B,90,0.0685,0.2128,0.0499,0.4366,layer_31
A_abs_diff,col_norm,4,per_ckpt,step2450000-tokens13532B,90,0.1156,0.1648,0.1415,0.1489,layer_31
A_abs_diff,col_norm,4,per_ckpt,step2600000-tokens14792B,90,0.0865,0.2218,0.1281,0.1369,layer_31
A_abs_diff,col_norm,4,per_ckpt,main,90,0.0348,0.7073,-0.0044,0.967,layer_31
A_abs_diff,col_norm,8,per_ckpt,step50000-tokens210B,90,0.102,0.048,0.0966,0.0649,layer_31
A_abs_diff,col_norm,8,per_ckpt,step200000-tokens840B,90,-0.025,0.7443,0.0202,0.8062,layer_31
A_abs_diff,col_norm,8,per_ckpt,step350000-tokens1470B,90,-0.1661,0.004,-0.1831,0.003,layer_31
A_abs_diff,col_norm,8,per_ckpt,step500000-tokens2100B,90,-0.0623,0.4645,-0.1168,0.1618,layer_31
A_abs_diff,col_norm,8,per_ckpt,step650000-tokens2730B,90,-0.0585,0.2757,-0.054,0.3397,layer_31
A_abs_diff,col_norm,8,per_ckpt,step800000-tokens3360B,90,-0.0188,0.8322,-0.0732,0.3936,layer_31
A_abs_diff,col_norm,8,per_ckpt,step950000-tokens3990B,90,-0.0342,0.5115,0.0025,0.955,layer_31
A_abs_diff,col_norm,8,per_ckpt,step1432000-tokens6014B,90,0.0907,0.02,0.0742,0.0829,layer_31
A_abs_diff,col_norm,8,per_ckpt,step1700000-tokens7232B,90,0.0382,0.5345,0.1322,0.0579,layer_31
A_abs_diff,col_norm,8,per_ckpt,step1850000-tokens8492B,90,-0.0294,0.6174,-0.0282,0.6583,layer_31
A_abs_diff,col_norm,8,per_ckpt,step2000000-tokens9752B,90,0.0768,0.2767,0.0903,0.2358,layer_31
A_abs_diff,col_norm,8,per_ckpt,step2150000-tokens11012B,90,-0.0471,0.3946,-0.1323,0.043,layer_31
A_abs_diff,col_norm,8,per_ckpt,step2300000-tokens12272B,90,0.0585,0.2687,0.0549,0.3546,layer_31
A_abs_diff,col_norm,8,per_ckpt,step2450000-tokens13532B,90,0.1963,0.048,0.2025,0.0899,layer_31
A_abs_diff,col_norm,8,per_ckpt,step2600000-tokens14792B,90,0.0824,0.3257,0.0535,0.5844,layer_31
A_abs_diff,col_norm,8,per_ckpt,main,90,0.0357,0.5934,0.1011,0.1928,layer_31
A_abs_diff,col_norm,16,per_ckpt,step50000-tokens210B,90,-0.1505,0.046,-0.149,0.1039,layer_31
A_abs_diff,col_norm,16,per_ckpt,step200000-tokens840B,90,-0.0806,0.1309,-0.0669,0.2927,layer_31
A_abs_diff,col_norm,16,per_ckpt,step350000-tokens1470B,90,-0.0281,0.4805,-0.1068,0.01,layer_31
A_abs_diff,col_norm,16,per_ckpt,step500000-tokens2100B,90,0.0043,0.955,-0.0515,0.6084,layer_31
A_abs_diff,col_norm,16,per_ckpt,step650000-tokens2730B,90,-0.1067,0.042,-0.0927,0.0979,layer_31
A_abs_diff,col_norm,16,per_ckpt,step800000-tokens3360B,90,-0.0957,0.1479,-0.1573,0.05,layer_31
A_abs_diff,col_norm,16,per_ckpt,step950000-tokens3990B,90,-0.071,0.3227,-0.007,0.9391,layer_31
A_abs_diff,col_norm,16,per_ckpt,step1432000-tokens6014B,90,0.0903,0.02,0.0813,0.0629,layer_31
A_abs_diff,col_norm,16,per_ckpt,step1700000-tokens7232B,90,0.0939,0.1638,0.1181,0.1598,layer_31
A_abs_diff,col_norm,16,per_ckpt,step1850000-tokens8492B,90,-0.0131,0.7782,-0.0391,0.4605,layer_31
A_abs_diff,col_norm,16,per_ckpt,step2000000-tokens9752B,90,0.1483,0.0989,0.1971,0.1029,layer_31
A_abs_diff,col_norm,16,per_ckpt,step2150000-tokens11012B,90,0.0371,0.6613,0.0561,0.5614,layer_31
A_abs_diff,col_norm,16,per_ckpt,step2300000-tokens12272B,90,0.0391,0.5674,0.046,0.5854,layer_31
A_abs_diff,col_norm,16,per_ckpt,step2450000-tokens13532B,90,0.1151,0.1718,0.1668,0.0899,layer_31
A_abs_diff,col_norm,16,per_ckpt,step2600000-tokens14792B,90,0.0664,0.4426,0.0883,0.3347,layer_31
A_abs_diff,col_norm,16,per_ckpt,main,90,0.1766,0.0639,0.2077,0.0589,layer_31
A_signed_diff,row_norm,4,per_ckpt,step50000-tokens210B,90,-0.0783,0.7353,-0.0919,0.6663,layer_31
A_signed_diff,row_norm,4,per_ckpt,step200000-tokens840B,90,-0.5139,0.0589,-0.5344,0.046,layer_31
A_signed_diff,row_norm,4,per_ckpt,step350000-tokens1470B,90,-0.7018,0.003,-0.7445,0.002,layer_31
A_signed_diff,row_norm,4,per_ckpt,step500000-tokens2100B,90,-0.5603,0.038,-0.6238,0.015,layer_31
A_signed_diff,row_norm,4,per_ckpt,step650000-tokens2730B,90,-0.7445,0.006,-0.7755,0.003,layer_31
A_signed_diff,row_norm,4,per_ckpt,step800000-tokens3360B,90,-0.132,0.3816,-0.1697,0.1758,layer_31
A_signed_diff,row_norm,4,per_ckpt,step950000-tokens3990B,90,-0.5092,0.0949,-0.5679,0.0609,layer_31
A_signed_diff,row_norm,4,per_ckpt,step1432000-tokens6014B,90,-0.434,0.1129,-0.463,0.0719,layer_31
A_signed_diff,row_norm,4,per_ckpt,step1700000-tokens7232B,90,-0.7955,0.002,-0.8149,0.002,layer_31
A_signed_diff,row_norm,4,per_ckpt,step1850000-tokens8492B,90,-0.6395,0.025,-0.6683,0.016,layer_31
A_signed_diff,row_norm,4,per_ckpt,step2000000-tokens9752B,90,-0.7566,0.007,-0.7934,0.004,layer_31
A_signed_diff,row_norm,4,per_ckpt,step2150000-tokens11012B,90,-0.1298,0.6184,-0.1796,0.5145,layer_31
A_signed_diff,row_norm,4,per_ckpt,step2300000-tokens12272B,90,-0.6975,0.014,-0.74,0.008,layer_31
A_signed_diff,row_norm,4,per_ckpt,step2450000-tokens13532B,90,-0.7871,0.003,-0.7613,0.004,layer_31
A_signed_diff,row_norm,4,per_ckpt,step2600000-tokens14792B,90,-0.7551,0.007,-0.7403,0.008,layer_31
A_signed_diff,row_norm,4,per_ckpt,main,90,-0.7405,0.014,-0.7301,0.015,layer_31
A_signed_diff,row_norm,8,per_ckpt,step50000-tokens210B,90,0.3419,0.0799,0.3661,0.044,layer_31
A_signed_diff,row_norm,8,per_ckpt,step200000-tokens840B,90,-0.2599,0.3546,-0.237,0.4206,layer_31
A_signed_diff,row_norm,8,per_ckpt,step350000-tokens1470B,90,-0.6668,0.006,-0.7089,0.002,layer_31
A_signed_diff,row_norm,8,per_ckpt,step500000-tokens2100B,90,-0.5321,0.048,-0.603,0.015,layer_31
A_signed_diff,row_norm,8,per_ckpt,step650000-tokens2730B,90,-0.6692,0.012,-0.6918,0.009,layer_31
A_signed_diff,row_norm,8,per_ckpt,step800000-tokens3360B,90,-0.3199,0.1908,-0.3911,0.1009,layer_31
A_signed_diff,row_norm,8,per_ckpt,step950000-tokens3990B,90,-0.7521,0.002,-0.7522,0.002,layer_31
A_signed_diff,row_norm,8,per_ckpt,step1432000-tokens6014B,90,-0.5633,0.0579,-0.6302,0.025,layer_31
A_signed_diff,row_norm,8,per_ckpt,step1700000-tokens7232B,90,-0.6968,0.009,-0.7374,0.007,layer_31
A_signed_diff,row_norm,8,per_ckpt,step1850000-tokens8492B,90,-0.634,0.011,-0.6745,0.01,layer_31
A_signed_diff,row_norm,8,per_ckpt,step2000000-tokens9752B,90,-0.5776,0.042,-0.6335,0.019,layer_31
A_signed_diff,row_norm,8,per_ckpt,step2150000-tokens11012B,90,-0.6686,0.012,-0.7106,0.005,layer_31
A_signed_diff,row_norm,8,per_ckpt,step2300000-tokens12272B,90,-0.7115,0.01,-0.756,0.006,layer_31
A_signed_diff,row_norm,8,per_ckpt,step2450000-tokens13532B,90,-0.7488,0.008,-0.7475,0.006,layer_31
A_signed_diff,row_norm,8,per_ckpt,step2600000-tokens14792B,90,-0.7983,0.004,-0.7942,0.004,layer_31
A_signed_diff,row_norm,8,per_ckpt,main,90,-0.7733,0.007,-0.7748,0.007,layer_31
A_signed_diff,row_norm,16,per_ckpt,step50000-tokens210B,90,-0.3171,0.1718,-0.3539,0.1299,layer_31
A_signed_diff,row_norm,16,per_ckpt,step200000-tokens840B,90,-0.3644,0.2208,-0.3991,0.1618,layer_31
A_signed_diff,row_norm,16,per_ckpt,step350000-tokens1470B,90,-0.801,0.001,-0.8167,0.001,layer_31
A_signed_diff,row_norm,16,per_ckpt,step500000-tokens2100B,90,-0.6599,0.01,-0.7083,0.005,layer_31
A_signed_diff,row_norm,16,per_ckpt,step650000-tokens2730B,90,-0.6558,0.019,-0.6694,0.015,layer_31
A_signed_diff,row_norm,16,per_ckpt,step800000-tokens3360B,90,-0.1859,0.4356,-0.3018,0.2348,layer_31
A_signed_diff,row_norm,16,per_ckpt,step950000-tokens3990B,90,-0.5466,0.025,-0.5788,0.014,layer_31
A_signed_diff,row_norm,16,per_ckpt,step1432000-tokens6014B,90,-0.4801,0.1359,-0.5558,0.0669,layer_31
A_signed_diff,row_norm,16,per_ckpt,step1700000-tokens7232B,90,-0.5774,0.032,-0.6269,0.016,layer_31
A_signed_diff,row_norm,16,per_ckpt,step1850000-tokens8492B,90,-0.5353,0.05,-0.5888,0.031,layer_31
A_signed_diff,row_norm,16,per_ckpt,step2000000-tokens9752B,90,-0.4747,0.0719,-0.5335,0.03,layer_31
A_signed_diff,row_norm,16,per_ckpt,step2150000-tokens11012B,90,-0.6628,0.013,-0.6779,0.008,layer_31
A_signed_diff,row_norm,16,per_ckpt,step2300000-tokens12272B,90,-0.5932,0.023,-0.6488,0.014,layer_31
A_signed_diff,row_norm,16,per_ckpt,step2450000-tokens13532B,90,-0.7515,0.006,-0.7394,0.005,layer_31
A_signed_diff,row_norm,16,per_ckpt,step2600000-tokens14792B,90,-0.7842,0.006,-0.7879,0.005,layer_31
A_signed_diff,row_norm,16,per_ckpt,main,90,-0.7391,0.008,-0.7608,0.008,layer_31
A_signed_diff,col_norm,4,per_ckpt,step50000-tokens210B,90,-0.1093,0.6653,-0.0651,0.8112,layer_31
A_signed_diff,col_norm,4,per_ckpt,step200000-tokens840B,90,0.6899,0.014,0.6723,0.013,layer_31
A_signed_diff,col_norm,4,per_ckpt,step350000-tokens1470B,90,0.8496,0.001,0.85,0.001,layer_31
A_signed_diff,col_norm,4,per_ckpt,step500000-tokens2100B,90,0.2924,0.3556,0.3757,0.2438,layer_31
A_signed_diff,col_norm,4,per_ckpt,step650000-tokens2730B,90,0.6805,0.018,0.6367,0.032,layer_31
A_signed_diff,col_norm,4,per_ckpt,step800000-tokens3360B,90,-0.4046,0.0609,-0.3579,0.1568,layer_31
A_signed_diff,col_norm,4,per_ckpt,step950000-tokens3990B,90,0.3314,0.2747,0.387,0.2048,layer_31
A_signed_diff,col_norm,4,per_ckpt,step1432000-tokens6014B,90,-0.3295,0.2368,-0.4191,0.1618,layer_31
A_signed_diff,col_norm,4,per_ckpt,step1700000-tokens7232B,90,0.7003,0.007,0.7006,0.009,layer_31
A_signed_diff,col_norm,4,per_ckpt,step1850000-tokens8492B,90,0.3883,0.2168,0.3115,0.3167,layer_31
A_signed_diff,col_norm,4,per_ckpt,step2000000-tokens9752B,90,-0.0719,0.7982,-0.1035,0.7393,layer_31
A_signed_diff,col_norm,4,per_ckpt,step2150000-tokens11012B,90,-0.011,0.953,-0.0407,0.8681,layer_31
A_signed_diff,col_norm,4,per_ckpt,step2300000-tokens12272B,90,0.124,0.6923,0.0943,0.7742,layer_31
A_signed_diff,col_norm,4,per_ckpt,step2450000-tokens13532B,90,0.1484,0.6044,0.1246,0.6643,layer_31
A_signed_diff,col_norm,4,per_ckpt,step2600000-tokens14792B,90,0.0429,0.8861,-0.0317,0.9001,layer_31
A_signed_diff,col_norm,4,per_ckpt,main,90,-0.336,0.1459,-0.3642,0.1199,layer_31
A_signed_diff,col_norm,8,per_ckpt,step50000-tokens210B,90,-0.105,0.7183,-0.0688,0.8152,layer_31
A_signed_diff,col_norm,8,per_ckpt,step200000-tokens840B,90,0.6506,0.012,0.6423,0.009,layer_31
A_signed_diff,col_norm,8,per_ckpt,step350000-tokens1470B,90,0.5793,0.041,0.6165,0.025,layer_31
A_signed_diff,col_norm,8,per_ckpt,step500000-tokens2100B,90,0.3826,0.1898,0.4302,0.1469,layer_31
A_signed_diff,col_norm,8,per_ckpt,step650000-tokens2730B,90,0.6132,0.039,0.6151,0.04,layer_31
A_signed_diff,col_norm,8,per_ckpt,step800000-tokens3360B,90,0.5444,0.012,0.6039,0.003,layer_31
A_signed_diff,col_norm,8,per_ckpt,step950000-tokens3990B,90,0.5984,0.029,0.6607,0.016,layer_31
A_signed_diff,col_norm,8,per_ckpt,step1432000-tokens6014B,90,-0.0415,0.8891,-0.048,0.8771,layer_31
A_signed_diff,col_norm,8,per_ckpt,step1700000-tokens7232B,90,0.6201,0.028,0.6602,0.018,layer_31
A_signed_diff,col_norm,8,per_ckpt,step1850000-tokens8492B,90,0.1246,0.6773,0.0988,0.7473,layer_31
A_signed_diff,col_norm,8,per_ckpt,step2000000-tokens9752B,90,0.4799,0.0849,0.484,0.0749,layer_31
A_signed_diff,col_norm,8,per_ckpt,step2150000-tokens11012B,90,0.7603,0.001,0.7522,0.003,layer_31
A_signed_diff,col_norm,8,per_ckpt,step2300000-tokens12272B,90,0.4084,0.1838,0.3659,0.2388,layer_31
A_signed_diff,col_norm,8,per_ckpt,step2450000-tokens13532B,90,0.3043,0.2208,0.2876,0.2368,layer_31
A_signed_diff,col_norm,8,per_ckpt,step2600000-tokens14792B,90,-0.1901,0.4645,-0.2033,0.4396,layer_31
A_signed_diff,col_norm,8,per_ckpt,main,90,-0.4306,0.1299,-0.5347,0.036,layer_31
A_signed_diff,col_norm,16,per_ckpt,step50000-tokens210B,90,0.2963,0.2747,0.3339,0.2258,layer_31
A_signed_diff,col_norm,16,per_ckpt,step200000-tokens840B,90,0.6992,0.011,0.7148,0.007,layer_31
A_signed_diff,col_norm,16,per_ckpt,step350000-tokens1470B,90,0.8054,0.004,0.7916,0.001,layer_31
A_signed_diff,col_norm,16,per_ckpt,step500000-tokens2100B,90,0.3555,0.1978,0.4355,0.1289,layer_31
A_signed_diff,col_norm,16,per_ckpt,step650000-tokens2730B,90,0.5869,0.04,0.5507,0.0649,layer_31
A_signed_diff,col_norm,16,per_ckpt,step800000-tokens3360B,90,-0.0002,1.0,0.0512,0.8791,layer_31
A_signed_diff,col_norm,16,per_ckpt,step950000-tokens3990B,90,0.4326,0.1219,0.536,0.0519,layer_31
A_signed_diff,col_norm,16,per_ckpt,step1432000-tokens6014B,90,-0.4205,0.1848,-0.4097,0.1998,layer_31
A_signed_diff,col_norm,16,per_ckpt,step1700000-tokens7232B,90,0.6491,0.009,0.6409,0.009,layer_31
A_signed_diff,col_norm,16,per_ckpt,step1850000-tokens8492B,90,0.246,0.4436,0.2072,0.5185,layer_31
A_signed_diff,col_norm,16,per_ckpt,step2000000-tokens9752B,90,0.3569,0.1888,0.3388,0.1958,layer_31
A_signed_diff,col_norm,16,per_ckpt,step2150000-tokens11012B,90,0.3615,0.1439,0.3868,0.1179,layer_31
A_signed_diff,col_norm,16,per_ckpt,step2300000-tokens12272B,90,0.316,0.2507,0.2739,0.3407,layer_31
A_signed_diff,col_norm,16,per_ckpt,step2450000-tokens13532B,90,0.3668,0.1708,0.3708,0.1558,layer_31
A_signed_diff,col_norm,16,per_ckpt,step2600000-tokens14792B,90,-0.105,0.7153,-0.1102,0.6823,layer_31
A_signed_diff,col_norm,16,per_ckpt,main,90,-0.0782,0.7443,-0.1566,0.5285,layer_31
A_min,row_norm,4,per_ckpt,step50000-tokens210B,90,0.0668,0.6513,0.0876,0.5175,layer_31
A_min,row_norm,4,per_ckpt,step200000-tokens840B,90,-0.0415,0.6573,-0.0085,0.9331,layer_31
A_min,row_norm,4,per_ckpt,step350000-tokens1470B,90,0.0304,0.8062,-0.0162,0.8571,layer_31
A_min,row_norm,4,per_ckpt,step500000-tokens2100B,90,0.0183,0.8801,0.057,0.6024,layer_31
A_min,row_norm,4,per_ckpt,step650000-tokens2730B,90,-0.0831,0.3427,0.0043,0.958,layer_31
A_min,row_norm,4,per_ckpt,step800000-tokens3360B,90,0.1344,0.0959,0.1299,0.2747,layer_31
A_min,row_norm,4,per_ckpt,step950000-tokens3990B,90,-0.0324,0.6813,-0.0251,0.7393,layer_31
A_min,row_norm,4,per_ckpt,step1432000-tokens6014B,90,-0.0701,0.6533,-0.0008,0.994,layer_31
A_min,row_norm,4,per_ckpt,step1700000-tokens7232B,90,-0.0981,0.2967,-0.1146,0.2008,layer_31
A_min,row_norm,4,per_ckpt,step1850000-tokens8492B,90,-0.1104,0.1429,-0.1468,0.037,layer_31
A_min,row_norm,4,per_ckpt,step2000000-tokens9752B,90,-0.0442,0.2158,-0.0437,0.2268,layer_31
A_min,row_norm,4,per_ckpt,step2150000-tokens11012B,90,0.1264,0.4645,0.1351,0.3467,layer_31
A_min,row_norm,4,per_ckpt,step2300000-tokens12272B,90,-0.0773,0.1918,-0.0382,0.5485,layer_31
A_min,row_norm,4,per_ckpt,step2450000-tokens13532B,90,0.0843,0.1289,0.1096,0.0949,layer_31
A_min,row_norm,4,per_ckpt,step2600000-tokens14792B,90,-0.0332,0.5914,-0.0449,0.4695,layer_31
A_min,row_norm,4,per_ckpt,main,90,-0.0194,0.6953,-0.0197,0.6364,layer_31
A_min,row_norm,8,per_ckpt,step50000-tokens210B,90,-0.027,0.8352,-0.048,0.7013,layer_31
A_min,row_norm,8,per_ckpt,step200000-tokens840B,90,0.2947,0.003,0.2621,0.014,layer_31
A_min,row_norm,8,per_ckpt,step350000-tokens1470B,90,0.0108,0.9261,0.0408,0.6434,layer_31
A_min,row_norm,8,per_ckpt,step500000-tokens2100B,90,0.1742,0.1568,0.1919,0.0899,layer_31
A_min,row_norm,8,per_ckpt,step650000-tokens2730B,90,-0.1513,0.0979,-0.0775,0.4336,layer_31
A_min,row_norm,8,per_ckpt,step800000-tokens3360B,90,0.0167,0.8831,-0.1373,0.2627,layer_31
A_min,row_norm,8,per_ckpt,step950000-tokens3990B,90,-0.0972,0.0879,-0.0557,0.3447,layer_31
A_min,row_norm,8,per_ckpt,step1432000-tokens6014B,90,-0.0658,0.3377,0.0009,0.986,layer_31
A_min,row_norm,8,per_ckpt,step1700000-tokens7232B,90,-0.0505,0.5524,-0.0078,0.9301,layer_31
A_min,row_norm,8,per_ckpt,step1850000-tokens8492B,90,-0.0745,0.4545,-0.0462,0.6014,layer_31
A_min,row_norm,8,per_ckpt,step2000000-tokens9752B,90,0.095,0.2727,0.0924,0.4366,layer_31
A_min,row_norm,8,per_ckpt,step2150000-tokens11012B,90,-0.0454,0.6663,-0.0916,0.3347,layer_31
A_min,row_norm,8,per_ckpt,step2300000-tokens12272B,90,-0.0395,0.4246,-0.0216,0.6104,layer_31
A_min,row_norm,8,per_ckpt,step2450000-tokens13532B,90,0.0464,0.4845,0.0891,0.2308,layer_31
A_min,row_norm,8,per_ckpt,step2600000-tokens14792B,90,-0.0488,0.3237,-0.0296,0.4965,layer_31
A_min,row_norm,8,per_ckpt,main,90,0.0389,0.2408,0.0502,0.2777,layer_31
A_min,row_norm,16,per_ckpt,step50000-tokens210B,90,-0.118,0.5325,-0.0855,0.5964,layer_31
A_min,row_norm,16,per_ckpt,step200000-tokens840B,90,0.1423,0.0979,0.1274,0.2158,layer_31
A_min,row_norm,16,per_ckpt,step350000-tokens1470B,90,-0.2464,0.026,-0.1673,0.0549,layer_31
A_min,row_norm,16,per_ckpt,step500000-tokens2100B,90,0.0979,0.4276,0.0789,0.4655,layer_31
A_min,row_norm,16,per_ckpt,step650000-tokens2730B,90,-0.0446,0.4805,-0.018,0.7912,layer_31
A_min,row_norm,16,per_ckpt,step800000-tokens3360B,90,0.0263,0.8951,-0.0448,0.7522,layer_31
A_min,row_norm,16,per_ckpt,step950000-tokens3990B,90,0.0593,0.6933,-0.0082,0.951,layer_31
A_min,row_norm,16,per_ckpt,step1432000-tokens6014B,90,-0.0074,0.9021,0.0153,0.7882,layer_31
A_min,row_norm,16,per_ckpt,step1700000-tokens7232B,90,0.0407,0.7243,0.0771,0.5095,layer_31
A_min,row_norm,16,per_ckpt,step1850000-tokens8492B,90,0.0119,0.8851,0.0371,0.6713,layer_31
A_min,row_norm,16,per_ckpt,step2000000-tokens9752B,90,0.1045,0.4705,0.1453,0.4705,layer_31
A_min,row_norm,16,per_ckpt,step2150000-tokens11012B,90,0.0983,0.3007,0.1061,0.2727,layer_31
A_min,row_norm,16,per_ckpt,step2300000-tokens12272B,90,0.0834,0.4326,0.0597,0.5694,layer_31
A_min,row_norm,16,per_ckpt,step2450000-tokens13532B,90,0.0689,0.2917,0.0681,0.2587,layer_31
A_min,row_norm,16,per_ckpt,step2600000-tokens14792B,90,0.0502,0.1848,0.0143,0.7842,layer_31
A_min,row_norm,16,per_ckpt,main,90,0.073,0.2308,0.044,0.4665,layer_31
A_min,col_norm,4,per_ckpt,step50000-tokens210B,90,0.0394,0.7393,0.0572,0.5015,layer_31
A_min,col_norm,4,per_ckpt,step200000-tokens840B,90,-0.0094,0.8901,-0.0079,0.9071,layer_31
A_min,col_norm,4,per_ckpt,step350000-tokens1470B,90,0.0152,0.8521,-0.0082,0.9121,layer_31
A_min,col_norm,4,per_ckpt,step500000-tokens2100B,90,-0.0005,0.996,0.0575,0.5215,layer_31
A_min,col_norm,4,per_ckpt,step650000-tokens2730B,90,-0.0732,0.3666,0.018,0.8022,layer_31
A_min,col_norm,4,per_ckpt,step800000-tokens3360B,90,0.1528,0.031,0.0823,0.2787,layer_31
A_min,col_norm,4,per_ckpt,step950000-tokens3990B,90,0.014,0.8781,-0.0187,0.7942,layer_31
A_min,col_norm,4,per_ckpt,step1432000-tokens6014B,90,-0.0489,0.7702,-0.0067,0.952,layer_31
A_min,col_norm,4,per_ckpt,step1700000-tokens7232B,90,-0.1024,0.1978,-0.1026,0.2308,layer_31
A_min,col_norm,4,per_ckpt,step1850000-tokens8492B,90,-0.1267,0.1329,-0.157,0.0609,layer_31
A_min,col_norm,4,per_ckpt,step2000000-tokens9752B,90,-0.0845,0.1399,-0.0588,0.2857,layer_31
A_min,col_norm,4,per_ckpt,step2150000-tokens11012B,90,0.1576,0.4046,0.1667,0.3427,layer_31
A_min,col_norm,4,per_ckpt,step2300000-tokens12272B,90,-0.0873,0.3556,-0.0276,0.7762,layer_31
A_min,col_norm,4,per_ckpt,step2450000-tokens13532B,90,0.1456,0.3616,0.2587,0.0539,layer_31
A_min,col_norm,4,per_ckpt,step2600000-tokens14792B,90,-0.047,0.6224,-0.0558,0.7053,layer_31
A_min,col_norm,4,per_ckpt,main,90,-0.079,0.6044,0.0012,0.99,layer_31
A_min,col_norm,8,per_ckpt,step50000-tokens210B,90,-0.0394,0.6344,-0.0252,0.6983,layer_31
A_min,col_norm,8,per_ckpt,step200000-tokens840B,90,0.2766,0.01,0.2355,0.018,layer_31
A_min,col_norm,8,per_ckpt,step350000-tokens1470B,90,-0.031,0.6244,0.0434,0.5534,layer_31
A_min,col_norm,8,per_ckpt,step500000-tokens2100B,90,0.1834,0.1668,0.2054,0.0859,layer_31
A_min,col_norm,8,per_ckpt,step650000-tokens2730B,90,-0.1506,0.1079,-0.0597,0.5365,layer_31
A_min,col_norm,8,per_ckpt,step800000-tokens3360B,90,0.0679,0.5315,-0.1208,0.2517,layer_31
A_min,col_norm,8,per_ckpt,step950000-tokens3990B,90,-0.0686,0.3407,-0.0627,0.3117,layer_31
A_min,col_norm,8,per_ckpt,step1432000-tokens6014B,90,-0.056,0.2997,0.0114,0.8492,layer_31
A_min,col_norm,8,per_ckpt,step1700000-tokens7232B,90,0.0048,0.959,-0.0166,0.8661,layer_31
A_min,col_norm,8,per_ckpt,step1850000-tokens8492B,90,-0.0498,0.6314,-0.0301,0.7862,layer_31
A_min,col_norm,8,per_ckpt,step2000000-tokens9752B,90,0.1237,0.2348,0.144,0.2557,layer_31
A_min,col_norm,8,per_ckpt,step2150000-tokens11012B,90,-0.0856,0.2767,-0.0938,0.2927,layer_31
A_min,col_norm,8,per_ckpt,step2300000-tokens12272B,90,-0.0599,0.4446,-0.0106,0.8901,layer_31
A_min,col_norm,8,per_ckpt,step2450000-tokens13532B,90,0.0968,0.6234,0.2424,0.1698,layer_31
A_min,col_norm,8,per_ckpt,step2600000-tokens14792B,90,-0.1726,0.2198,-0.0359,0.8262,layer_31
A_min,col_norm,8,per_ckpt,main,90,0.058,0.5844,0.1709,0.1558,layer_31
A_min,col_norm,16,per_ckpt,step50000-tokens210B,90,-0.0696,0.6593,-0.071,0.5934,layer_31
A_min,col_norm,16,per_ckpt,step200000-tokens840B,90,0.1156,0.1868,0.1074,0.2018,layer_31
A_min,col_norm,16,per_ckpt,step350000-tokens1470B,90,-0.1256,0.016,-0.1076,0.0639,layer_31
A_min,col_norm,16,per_ckpt,step500000-tokens2100B,90,0.0772,0.5764,0.091,0.4436,layer_31
A_min,col_norm,16,per_ckpt,step650000-tokens2730B,90,-0.0887,0.3107,-0.0042,0.9431,layer_31
A_min,col_norm,16,per_ckpt,step800000-tokens3360B,90,0.0206,0.8462,-0.0266,0.7842,layer_31
A_min,col_norm,16,per_ckpt,step950000-tokens3990B,90,0.0712,0.5644,-0.0055,0.958,layer_31
A_min,col_norm,16,per_ckpt,step1432000-tokens6014B,90,-0.0161,0.7752,0.0259,0.6484,layer_31
A_min,col_norm,16,per_ckpt,step1700000-tokens7232B,90,0.0521,0.6603,0.091,0.4466,layer_31
A_min,col_norm,16,per_ckpt,step1850000-tokens8492B,90,-0.0115,0.8851,0.0514,0.5514,layer_31
A_min,col_norm,16,per_ckpt,step2000000-tokens9752B,90,0.1353,0.3646,0.168,0.3546,layer_31
A_min,col_norm,16,per_ckpt,step2150000-tokens11012B,90,0.1274,0.3896,0.153,0.2468,layer_31
A_min,col_norm,16,per_ckpt,step2300000-tokens12272B,90,0.1266,0.3157,0.1094,0.3606,layer_31
A_min,col_norm,16,per_ckpt,step2450000-tokens13532B,90,0.0966,0.5275,0.198,0.1818,layer_31
A_min,col_norm,16,per_ckpt,step2600000-tokens14792B,90,0.176,0.1778,0.109,0.3866,layer_31
A_min,col_norm,16,per_ckpt,main,90,0.1657,0.3257,0.1729,0.3047,layer_31
A_max,row_norm,4,per_ckpt,step50000-tokens210B,90,-0.0651,0.6503,0.0201,0.9011,layer_31
A_max,row_norm,4,per_ckpt,step200000-tokens840B,90,-0.0767,0.4006,-0.0634,0.5455,layer_31
A_max,row_norm,4,per_ckpt,step350000-tokens1470B,90,-0.0936,0.4256,-0.0993,0.3437,layer_31
A_max,row_norm,4,per_ckpt,step500000-tokens2100B,90,0.1474,0.2388,0.029,0.8032,layer_31
A_max,row_norm,4,per_ckpt,step650000-tokens2730B,90,-0.0552,0.4745,-0.1241,0.1389,layer_31
A_max,row_norm,4,per_ckpt,step800000-tokens3360B,90,0.1503,0.0529,0.1159,0.2927,layer_31
A_max,row_norm,4,per_ckpt,step950000-tokens3990B,90,0.0243,0.8362,0.0891,0.3147,layer_31
A_max,row_norm,4,per_ckpt,step1432000-tokens6014B,90,0.1756,0.2458,0.177,0.2398,layer_31
A_max,row_norm,4,per_ckpt,step1700000-tokens7232B,90,-0.0447,0.6334,-0.0389,0.7133,layer_31
A_max,row_norm,4,per_ckpt,step1850000-tokens8492B,90,-0.1087,0.1429,-0.1494,0.049,layer_31
A_max,row_norm,4,per_ckpt,step2000000-tokens9752B,90,-0.0111,0.7712,0.0109,0.7882,layer_31
A_max,row_norm,4,per_ckpt,step2150000-tokens11012B,90,0.0584,0.7522,0.1073,0.5265,layer_31
A_max,row_norm,4,per_ckpt,step2300000-tokens12272B,90,0.0318,0.6434,0.0278,0.6603,layer_31
A_max,row_norm,4,per_ckpt,step2450000-tokens13532B,90,0.1414,0.023,0.1758,0.007,layer_31
A_max,row_norm,4,per_ckpt,step2600000-tokens14792B,90,0.0015,0.976,0.0401,0.4865,layer_31
A_max,row_norm,4,per_ckpt,main,90,0.0129,0.8282,0.0122,0.7982,layer_31
A_max,row_norm,8,per_ckpt,step50000-tokens210B,90,0.1868,0.1409,0.1456,0.2657,layer_31
A_max,row_norm,8,per_ckpt,step200000-tokens840B,90,0.2021,0.0769,0.2119,0.0719,layer_31
A_max,row_norm,8,per_ckpt,step350000-tokens1470B,90,-0.0978,0.3407,-0.19,0.017,layer_31
A_max,row_norm,8,per_ckpt,step500000-tokens2100B,90,0.1297,0.3437,0.0454,0.7023,layer_31
A_max,row_norm,8,per_ckpt,step650000-tokens2730B,90,-0.0806,0.4316,-0.1082,0.2807,layer_31
A_max,row_norm,8,per_ckpt,step800000-tokens3360B,90,-0.0642,0.5514,-0.1882,0.1089,layer_31
A_max,row_norm,8,per_ckpt,step950000-tokens3990B,90,-0.0279,0.6623,-0.0408,0.4196,layer_31
A_max,row_norm,8,per_ckpt,step1432000-tokens6014B,90,0.0916,0.1828,0.1022,0.0779,layer_31
A_max,row_norm,8,per_ckpt,step1700000-tokens7232B,90,0.064,0.4815,0.1123,0.2368,layer_31
A_max,row_norm,8,per_ckpt,step1850000-tokens8492B,90,-0.0495,0.6344,-0.0306,0.7293,layer_31
A_max,row_norm,8,per_ckpt,step2000000-tokens9752B,90,0.047,0.6474,0.1518,0.1598,layer_31
A_max,row_norm,8,per_ckpt,step2150000-tokens11012B,90,-0.1772,0.0739,-0.201,0.024,layer_31
A_max,row_norm,8,per_ckpt,step2300000-tokens12272B,90,0.0502,0.3566,0.0435,0.3377,layer_31
A_max,row_norm,8,per_ckpt,step2450000-tokens13532B,90,0.1549,0.018,0.178,0.007,layer_31
A_max,row_norm,8,per_ckpt,step2600000-tokens14792B,90,0.0014,0.977,0.021,0.6823,layer_31
A_max,row_norm,8,per_ckpt,main,90,0.0675,0.0979,0.0969,0.015,layer_31
A_max,row_norm,16,per_ckpt,step50000-tokens210B,90,-0.2578,0.1319,-0.2383,0.1658,layer_31
A_max,row_norm,16,per_ckpt,step200000-tokens840B,90,0.0595,0.4955,0.0052,0.963,layer_31
A_max,row_norm,16,per_ckpt,step350000-tokens1470B,90,-0.2631,0.004,-0.2764,0.003,layer_31
A_max,row_norm,16,per_ckpt,step500000-tokens2100B,90,0.1442,0.2917,0.0267,0.8372,layer_31
A_max,row_norm,16,per_ckpt,step650000-tokens2730B,90,-0.075,0.2797,-0.0877,0.2318,layer_31
A_max,row_norm,16,per_ckpt,step800000-tokens3360B,90,-0.1703,0.2468,-0.2411,0.1169,layer_31
A_max,row_norm,16,per_ckpt,step950000-tokens3990B,90,-0.0504,0.7253,-0.0203,0.8811,layer_31
A_max,row_norm,16,per_ckpt,step1432000-tokens6014B,90,0.0895,0.1199,0.0988,0.0539,layer_31
A_max,row_norm,16,per_ckpt,step1700000-tokens7232B,90,0.1406,0.2567,0.1643,0.2038,layer_31
A_max,row_norm,16,per_ckpt,step1850000-tokens8492B,90,-0.0291,0.7123,0.0128,0.9021,layer_31
A_max,row_norm,16,per_ckpt,step2000000-tokens9752B,90,0.1651,0.2458,0.2955,0.0999,layer_31
A_max,row_norm,16,per_ckpt,step2150000-tokens11012B,90,0.0829,0.3906,0.1243,0.2348,layer_31
A_max,row_norm,16,per_ckpt,step2300000-tokens12272B,90,0.0799,0.4785,0.1013,0.3526,layer_31
A_max,row_norm,16,per_ckpt,step2450000-tokens13532B,90,0.1462,0.023,0.1465,0.008,layer_31
A_max,row_norm,16,per_ckpt,step2600000-tokens14792B,90,0.0475,0.2627,0.0623,0.1628,layer_31
A_max,row_norm,16,per_ckpt,main,90,0.0916,0.1708,0.126,0.034,layer_31
A_max,col_norm,4,per_ckpt,step50000-tokens210B,90,-0.0458,0.7143,0.0141,0.8891,layer_31
A_max,col_norm,4,per_ckpt,step200000-tokens840B,90,-0.0678,0.2947,-0.0311,0.6364,layer_31
A_max,col_norm,4,per_ckpt,step350000-tokens1470B,90,-0.0605,0.5075,-0.0564,0.4745,layer_31
A_max,col_norm,4,per_ckpt,step500000-tokens2100B,90,0.0255,0.8192,0.0302,0.7393,layer_31
A_max,col_norm,4,per_ckpt,step650000-tokens2730B,90,-0.1126,0.0739,-0.0993,0.1808,layer_31
A_max,col_norm,4,per_ckpt,step800000-tokens3360B,90,0.0553,0.5235,0.0734,0.2927,layer_31
A_max,col_norm,4,per_ckpt,step950000-tokens3990B,90,0.0888,0.2507,0.0877,0.2997,layer_31
A_max,col_norm,4,per_ckpt,step1432000-tokens6014B,90,0.1811,0.2248,0.1397,0.2517,layer_31
A_max,col_norm,4,per_ckpt,step1700000-tokens7232B,90,-0.0322,0.7183,-0.0348,0.7283,layer_31
A_max,col_norm,4,per_ckpt,step1850000-tokens8492B,90,-0.1823,0.024,-0.193,0.028,layer_31
A_max,col_norm,4,per_ckpt,step2000000-tokens9752B,90,-0.0249,0.7303,-0.0302,0.6134,layer_31
A_max,col_norm,4,per_ckpt,step2150000-tokens11012B,90,0.0921,0.7003,0.1253,0.5465,layer_31
A_max,col_norm,4,per_ckpt,step2300000-tokens12272B,90,0.0807,0.3357,0.0265,0.7992,layer_31
A_max,col_norm,4,per_ckpt,step2450000-tokens13532B,90,0.329,0.024,0.3307,0.024,layer_31
A_max,col_norm,4,per_ckpt,step2600000-tokens14792B,90,0.0763,0.4336,0.0796,0.5145,layer_31
A_max,col_norm,4,per_ckpt,main,90,-0.0123,0.9381,-0.0032,0.989,layer_31
A_max,col_norm,8,per_ckpt,step50000-tokens210B,90,0.0911,0.1828,0.0728,0.2777,layer_31
A_max,col_norm,8,per_ckpt,step200000-tokens840B,90,0.207,0.047,0.1977,0.0639,layer_31
A_max,col_norm,8,per_ckpt,step350000-tokens1470B,90,-0.1475,0.031,-0.1414,0.028,layer_31
A_max,col_norm,8,per_ckpt,step500000-tokens2100B,90,0.0503,0.7293,0.0446,0.7183,layer_31
A_max,col_norm,8,per_ckpt,step650000-tokens2730B,90,-0.1075,0.2098,-0.0966,0.2927,layer_31
A_max,col_norm,8,per_ckpt,step800000-tokens3360B,90,-0.0356,0.7582,-0.1612,0.1139,layer_31
A_max,col_norm,8,per_ckpt,step950000-tokens3990B,90,-0.0428,0.5315,-0.0452,0.3946,layer_31
A_max,col_norm,8,per_ckpt,step1432000-tokens6014B,90,0.0733,0.1628,0.0793,0.1538,layer_31
A_max,col_norm,8,per_ckpt,step1700000-tokens7232B,90,0.0889,0.3427,0.1132,0.3077,layer_31
A_max,col_norm,8,per_ckpt,step1850000-tokens8492B,90,-0.0639,0.5075,-0.0496,0.6304,layer_31
A_max,col_norm,8,per_ckpt,step2000000-tokens9752B,90,0.1737,0.1049,0.1951,0.1449,layer_31
A_max,col_norm,8,per_ckpt,step2150000-tokens11012B,90,-0.1256,0.1239,-0.197,0.02,layer_31
A_max,col_norm,8,per_ckpt,step2300000-tokens12272B,90,0.09,0.2647,0.0442,0.5804,layer_31
A_max,col_norm,8,per_ckpt,step2450000-tokens13532B,90,0.3672,0.037,0.3764,0.033,layer_31
A_max,col_norm,8,per_ckpt,step2600000-tokens14792B,90,0.0395,0.7942,0.0236,0.8831,layer_31
A_max,col_norm,8,per_ckpt,main,90,0.07,0.5125,0.2257,0.0919,layer_31
A_max,col_norm,16,per_ckpt,step50000-tokens210B,90,-0.2424,0.1069,-0.1956,0.1648,layer_31
A_max,col_norm,16,per_ckpt,step200000-tokens840B,90,0.0279,0.7413,0.0178,0.8462,layer_31
A_max,col_norm,16,per_ckpt,step350000-tokens1470B,90,-0.1181,0.0689,-0.1831,0.002,layer_31
A_max,col_norm,16,per_ckpt,step500000-tokens2100B,90,0.0335,0.8152,0.02,0.8881,layer_31
A_max,col_norm,16,per_ckpt,step650000-tokens2730B,90,-0.1271,0.0929,-0.0913,0.2577,layer_31
A_max,col_norm,16,per_ckpt,step800000-tokens3360B,90,-0.0991,0.3437,-0.1698,0.1159,layer_31
A_max,col_norm,16,per_ckpt,step950000-tokens3990B,90,-0.0485,0.6573,-0.0109,0.9281,layer_31
A_max,col_norm,16,per_ckpt,step1432000-tokens6014B,90,0.0914,0.1149,0.0969,0.0729,layer_31
A_max,col_norm,16,per_ckpt,step1700000-tokens7232B,90,0.1686,0.1748,0.1814,0.1598,layer_31
A_max,col_norm,16,per_ckpt,step1850000-tokens8492B,90,0.0055,0.957,0.0018,0.984,layer_31
A_max,col_norm,16,per_ckpt,step2000000-tokens9752B,90,0.2712,0.0769,0.3149,0.0939,layer_31
A_max,col_norm,16,per_ckpt,step2150000-tokens11012B,90,0.1551,0.2807,0.1694,0.2308,layer_31
A_max,col_norm,16,per_ckpt,step2300000-tokens12272B,90,0.175,0.1768,0.1267,0.3357,layer_31
A_max,col_norm,16,per_ckpt,step2450000-tokens13532B,90,0.2551,0.0689,0.3088,0.034,layer_31
A_max,col_norm,16,per_ckpt,step2600000-tokens14792B,90,0.1755,0.1748,0.1666,0.1818,layer_31
A_max,col_norm,16,per_ckpt,main,90,0.2655,0.1209,0.3287,0.047,layer_31
A_norm_asym,row_norm,4,per_ckpt,step50000-tokens210B,90,-0.064,0.7982,-0.0674,0.7772,layer_31
A_norm_asym,row_norm,4,per_ckpt,step200000-tokens840B,90,-0.5405,0.0529,-0.5802,0.026,layer_31
A_norm_asym,row_norm,4,per_ckpt,step350000-tokens1470B,90,-0.6817,0.004,-0.6751,0.003,layer_31
A_norm_asym,row_norm,4,per_ckpt,step500000-tokens2100B,90,-0.5521,0.043,-0.5394,0.039,layer_31
A_norm_asym,row_norm,4,per_ckpt,step650000-tokens2730B,90,-0.7645,0.005,-0.7648,0.005,layer_31
A_norm_asym,row_norm,4,per_ckpt,step800000-tokens3360B,90,-0.1104,0.4575,-0.1146,0.3766,layer_31
A_norm_asym,row_norm,4,per_ckpt,step950000-tokens3990B,90,-0.4844,0.1149,-0.4808,0.1139,layer_31
A_norm_asym,row_norm,4,per_ckpt,step1432000-tokens6014B,90,-0.4593,0.0889,-0.4969,0.046,layer_31
A_norm_asym,row_norm,4,per_ckpt,step1700000-tokens7232B,90,-0.7787,0.005,-0.7639,0.006,layer_31
A_norm_asym,row_norm,4,per_ckpt,step1850000-tokens8492B,90,-0.6194,0.034,-0.5918,0.045,layer_31
A_norm_asym,row_norm,4,per_ckpt,step2000000-tokens9752B,90,-0.7362,0.008,-0.7236,0.007,layer_31
A_norm_asym,row_norm,4,per_ckpt,step2150000-tokens11012B,90,-0.0774,0.7522,-0.0603,0.7842,layer_31
A_norm_asym,row_norm,4,per_ckpt,step2300000-tokens12272B,90,-0.69,0.018,-0.7009,0.014,layer_31
A_norm_asym,row_norm,4,per_ckpt,step2450000-tokens13532B,90,-0.772,0.005,-0.7285,0.006,layer_31
A_norm_asym,row_norm,4,per_ckpt,step2600000-tokens14792B,90,-0.7483,0.008,-0.7234,0.008,layer_31
A_norm_asym,row_norm,4,per_ckpt,main,90,-0.7216,0.012,-0.6826,0.009,layer_31
A_norm_asym,row_norm,8,per_ckpt,step50000-tokens210B,90,0.321,0.1039,0.296,0.1069,layer_31
A_norm_asym,row_norm,8,per_ckpt,step200000-tokens840B,90,-0.2918,0.2947,-0.3171,0.2478,layer_31
A_norm_asym,row_norm,8,per_ckpt,step350000-tokens1470B,90,-0.6573,0.006,-0.6425,0.005,layer_31
A_norm_asym,row_norm,8,per_ckpt,step500000-tokens2100B,90,-0.4951,0.0619,-0.4711,0.0859,layer_31
A_norm_asym,row_norm,8,per_ckpt,step650000-tokens2730B,90,-0.6864,0.008,-0.7069,0.005,layer_31
A_norm_asym,row_norm,8,per_ckpt,step800000-tokens3360B,90,-0.3091,0.2098,-0.3171,0.1948,layer_31
A_norm_asym,row_norm,8,per_ckpt,step950000-tokens3990B,90,-0.7292,0.005,-0.6624,0.011,layer_31
A_norm_asym,row_norm,8,per_ckpt,step1432000-tokens6014B,90,-0.5769,0.048,-0.6126,0.026,layer_31
A_norm_asym,row_norm,8,per_ckpt,step1700000-tokens7232B,90,-0.6622,0.015,-0.6382,0.017,layer_31
A_norm_asym,row_norm,8,per_ckpt,step1850000-tokens8492B,90,-0.6039,0.019,-0.5948,0.014,layer_31
A_norm_asym,row_norm,8,per_ckpt,step2000000-tokens9752B,90,-0.5463,0.0599,-0.5373,0.0579,layer_31
A_norm_asym,row_norm,8,per_ckpt,step2150000-tokens11012B,90,-0.6307,0.022,-0.6001,0.027,layer_31
A_norm_asym,row_norm,8,per_ckpt,step2300000-tokens12272B,90,-0.6997,0.01,-0.7058,0.009,layer_31
A_norm_asym,row_norm,8,per_ckpt,step2450000-tokens13532B,90,-0.727,0.011,-0.6933,0.011,layer_31
A_norm_asym,row_norm,8,per_ckpt,step2600000-tokens14792B,90,-0.7855,0.006,-0.7601,0.005,layer_31
A_norm_asym,row_norm,8,per_ckpt,main,90,-0.7534,0.008,-0.7196,0.013,layer_31
A_norm_asym,row_norm,16,per_ckpt,step50000-tokens210B,90,-0.3013,0.1998,-0.3031,0.2038,layer_31
A_norm_asym,row_norm,16,per_ckpt,step200000-tokens840B,90,-0.3962,0.1878,-0.4532,0.1139,layer_31
A_norm_asym,row_norm,16,per_ckpt,step350000-tokens1470B,90,-0.8149,0.001,-0.7802,0.001,layer_31
A_norm_asym,row_norm,16,per_ckpt,step500000-tokens2100B,90,-0.6436,0.01,-0.5999,0.015,layer_31
A_norm_asym,row_norm,16,per_ckpt,step650000-tokens2730B,90,-0.667,0.014,-0.6824,0.013,layer_31
A_norm_asym,row_norm,16,per_ckpt,step800000-tokens3360B,90,-0.1603,0.4915,-0.1964,0.4466,layer_31
A_norm_asym,row_norm,16,per_ckpt,step950000-tokens3990B,90,-0.5053,0.0509,-0.4826,0.0639,layer_31
A_norm_asym,row_norm,16,per_ckpt,step1432000-tokens6014B,90,-0.4766,0.1379,-0.509,0.1089,layer_31
A_norm_asym,row_norm,16,per_ckpt,step1700000-tokens7232B,90,-0.5533,0.043,-0.5451,0.039,layer_31
A_norm_asym,row_norm,16,per_ckpt,step1850000-tokens8492B,90,-0.5055,0.0729,-0.5168,0.0799,layer_31
A_norm_asym,row_norm,16,per_ckpt,step2000000-tokens9752B,90,-0.4566,0.0899,-0.4368,0.0979,layer_31
A_norm_asym,row_norm,16,per_ckpt,step2150000-tokens11012B,90,-0.6591,0.014,-0.6425,0.012,layer_31
A_norm_asym,row_norm,16,per_ckpt,step2300000-tokens12272B,90,-0.5897,0.024,-0.6143,0.015,layer_31
A_norm_asym,row_norm,16,per_ckpt,step2450000-tokens13532B,90,-0.7308,0.008,-0.6918,0.009,layer_31
A_norm_asym,row_norm,16,per_ckpt,step2600000-tokens14792B,90,-0.7678,0.008,-0.7368,0.01,layer_31
A_norm_asym,row_norm,16,per_ckpt,main,90,-0.7134,0.013,-0.6956,0.017,layer_31
A_norm_asym,col_norm,4,per_ckpt,step50000-tokens210B,90,-0.1277,0.6274,-0.114,0.6913,layer_31
A_norm_asym,col_norm,4,per_ckpt,step200000-tokens840B,90,0.6555,0.025,0.6042,0.041,layer_31
A_norm_asym,col_norm,4,per_ckpt,step350000-tokens1470B,90,0.8175,0.001,0.7543,0.004,layer_31
A_norm_asym,col_norm,4,per_ckpt,step500000-tokens2100B,90,0.2371,0.4675,0.2221,0.4975,layer_31
A_norm_asym,col_norm,4,per_ckpt,step650000-tokens2730B,90,0.6567,0.024,0.5953,0.0539,layer_31
A_norm_asym,col_norm,4,per_ckpt,step800000-tokens3360B,90,-0.4012,0.0519,-0.3538,0.1608,layer_31
A_norm_asym,col_norm,4,per_ckpt,step950000-tokens3990B,90,0.2974,0.3287,0.3241,0.2777,layer_31
A_norm_asym,col_norm,4,per_ckpt,step1432000-tokens6014B,90,-0.314,0.2697,-0.3562,0.2478,layer_31
A_norm_asym,col_norm,4,per_ckpt,step1700000-tokens7232B,90,0.6797,0.013,0.6401,0.023,layer_31
A_norm_asym,col_norm,4,per_ckpt,step1850000-tokens8492B,90,0.4192,0.1758,0.4077,0.1708,layer_31
A_norm_asym,col_norm,4,per_ckpt,step2000000-tokens9752B,90,-0.0878,0.7782,-0.1284,0.6713,layer_31
A_norm_asym,col_norm,4,per_ckpt,step2150000-tokens11012B,90,-0.0489,0.8282,-0.0933,0.6793,layer_31
A_norm_asym,col_norm,4,per_ckpt,step2300000-tokens12272B,90,0.1321,0.6723,0.1476,0.6304,layer_31
A_norm_asym,col_norm,4,per_ckpt,step2450000-tokens13532B,90,0.1142,0.6983,0.0725,0.8182,layer_31
A_norm_asym,col_norm,4,per_ckpt,step2600000-tokens14792B,90,-0.0132,0.967,-0.1469,0.5734,layer_31
A_norm_asym,col_norm,4,per_ckpt,main,90,-0.3707,0.0949,-0.4157,0.0569,layer_31
A_norm_asym,col_norm,8,per_ckpt,step50000-tokens210B,90,-0.0549,0.8511,0.0165,0.964,layer_31
A_norm_asym,col_norm,8,per_ckpt,step200000-tokens840B,90,0.6541,0.011,0.669,0.006,layer_31
A_norm_asym,col_norm,8,per_ckpt,step350000-tokens1470B,90,0.5333,0.0629,0.5075,0.0859,layer_31
A_norm_asym,col_norm,8,per_ckpt,step500000-tokens2100B,90,0.3182,0.2897,0.2766,0.3756,layer_31
A_norm_asym,col_norm,8,per_ckpt,step650000-tokens2730B,90,0.6137,0.042,0.6118,0.049,layer_31
A_norm_asym,col_norm,8,per_ckpt,step800000-tokens3360B,90,0.5046,0.026,0.4746,0.034,layer_31
A_norm_asym,col_norm,8,per_ckpt,step950000-tokens3990B,90,0.5883,0.038,0.5991,0.031,layer_31
A_norm_asym,col_norm,8,per_ckpt,step1432000-tokens6014B,90,-0.0766,0.7942,-0.1202,0.7073,layer_31
A_norm_asym,col_norm,8,per_ckpt,step1700000-tokens7232B,90,0.5932,0.033,0.5753,0.043,layer_31
A_norm_asym,col_norm,8,per_ckpt,step1850000-tokens8492B,90,0.1145,0.6923,0.1003,0.7293,layer_31
A_norm_asym,col_norm,8,per_ckpt,step2000000-tokens9752B,90,0.437,0.1179,0.3946,0.1658,layer_31
A_norm_asym,col_norm,8,per_ckpt,step2150000-tokens11012B,90,0.7336,0.002,0.6748,0.009,layer_31
A_norm_asym,col_norm,8,per_ckpt,step2300000-tokens12272B,90,0.4173,0.1798,0.4033,0.2128,layer_31
A_norm_asym,col_norm,8,per_ckpt,step2450000-tokens13532B,90,0.2941,0.2368,0.2853,0.2368,layer_31
A_norm_asym,col_norm,8,per_ckpt,step2600000-tokens14792B,90,-0.2081,0.4126,-0.2523,0.3267,layer_31
A_norm_asym,col_norm,8,per_ckpt,main,90,-0.4169,0.1369,-0.4664,0.0829,layer_31
A_norm_asym,col_norm,16,per_ckpt,step50000-tokens210B,90,0.2515,0.3706,0.257,0.3646,layer_31
A_norm_asym,col_norm,16,per_ckpt,step200000-tokens840B,90,0.6511,0.019,0.5994,0.035,layer_31
A_norm_asym,col_norm,16,per_ckpt,step350000-tokens1470B,90,0.7669,0.009,0.6883,0.016,layer_31
A_norm_asym,col_norm,16,per_ckpt,step500000-tokens2100B,90,0.3142,0.2617,0.3122,0.2587,layer_31
A_norm_asym,col_norm,16,per_ckpt,step650000-tokens2730B,90,0.6154,0.032,0.6085,0.038,layer_31
A_norm_asym,col_norm,16,per_ckpt,step800000-tokens3360B,90,-0.0221,0.9491,-0.0129,0.972,layer_31
A_norm_asym,col_norm,16,per_ckpt,step950000-tokens3990B,90,0.3894,0.1738,0.3786,0.1978,layer_31
A_norm_asym,col_norm,16,per_ckpt,step1432000-tokens6014B,90,-0.4633,0.1508,-0.493,0.1299,layer_31
A_norm_asym,col_norm,16,per_ckpt,step1700000-tokens7232B,90,0.6213,0.02,0.5674,0.037,layer_31
A_norm_asym,col_norm,16,per_ckpt,step1850000-tokens8492B,90,0.2322,0.4625,0.2009,0.5145,layer_31
A_norm_asym,col_norm,16,per_ckpt,step2000000-tokens9752B,90,0.3178,0.2358,0.2701,0.2947,layer_31
A_norm_asym,col_norm,16,per_ckpt,step2150000-tokens11012B,90,0.3161,0.2078,0.2443,0.3257,layer_31
A_norm_asym,col_norm,16,per_ckpt,step2300000-tokens12272B,90,0.2739,0.3237,0.2024,0.4675,layer_31
A_norm_asym,col_norm,16,per_ckpt,step2450000-tokens13532B,90,0.3241,0.2258,0.2714,0.2997,layer_31
A_norm_asym,col_norm,16,per_ckpt,step2600000-tokens14792B,90,-0.128,0.6344,-0.1292,0.6324,layer_31
A_norm_asym,col_norm,16,per_ckpt,main,90,-0.0562,0.8082,-0.0839,0.7223,layer_31
A_abs_ratio,row_norm,4,per_ckpt,step50000-tokens210B,90,-0.0901,0.2917,-0.0867,0.3666,layer_31
A_abs_ratio,row_norm,4,per_ckpt,step200000-tokens840B,90,-0.0142,0.7752,-0.0713,0.2927,layer_31
A_abs_ratio,row_norm,4,per_ckpt,step350000-tokens1470B,90,-0.0512,0.3616,-0.0731,0.2238,layer_31
A_abs_ratio,row_norm,4,per_ckpt,step500000-tokens2100B,90,0.1086,0.0769,-0.0064,0.9251,layer_31
A_abs_ratio,row_norm,4,per_ckpt,step650000-tokens2730B,90,-0.0335,0.4865,-0.0925,0.1029,layer_31
A_abs_ratio,row_norm,4,per_ckpt,step800000-tokens3360B,90,-0.0326,0.7592,-0.0029,0.982,layer_31
A_abs_ratio,row_norm,4,per_ckpt,step950000-tokens3990B,90,0.0601,0.1688,0.1053,0.033,layer_31
A_abs_ratio,row_norm,4,per_ckpt,step1432000-tokens6014B,90,0.0911,0.1269,0.1454,0.0539,layer_31
A_abs_ratio,row_norm,4,per_ckpt,step1700000-tokens7232B,90,-0.0297,0.4985,0.0736,0.1568,layer_31
A_abs_ratio,row_norm,4,per_ckpt,step1850000-tokens8492B,90,0.0148,0.7423,-0.0015,0.977,layer_31
A_abs_ratio,row_norm,4,per_ckpt,step2000000-tokens9752B,90,0.0211,0.3646,0.0524,0.017,layer_31
A_abs_ratio,row_norm,4,per_ckpt,step2150000-tokens11012B,90,-0.0026,0.976,-0.0028,0.975,layer_31
A_abs_ratio,row_norm,4,per_ckpt,step2300000-tokens12272B,90,0.0419,0.1648,0.0596,0.0969,layer_31
A_abs_ratio,row_norm,4,per_ckpt,step2450000-tokens13532B,90,0.0283,0.3976,0.0425,0.2897,layer_31
A_abs_ratio,row_norm,4,per_ckpt,step2600000-tokens14792B,90,0.0269,0.3956,0.0541,0.1199,layer_31
A_abs_ratio,row_norm,4,per_ckpt,main,90,0.0265,0.3207,0.0267,0.3117,layer_31
A_abs_ratio,row_norm,8,per_ckpt,step50000-tokens210B,90,0.0894,0.3427,0.1463,0.1399,layer_31
A_abs_ratio,row_norm,8,per_ckpt,step200000-tokens840B,90,-0.1258,0.0569,-0.1149,0.1169,layer_31
A_abs_ratio,row_norm,8,per_ckpt,step350000-tokens1470B,90,-0.1389,0.026,-0.2056,0.01,layer_31
A_abs_ratio,row_norm,8,per_ckpt,step500000-tokens2100B,90,-0.031,0.6014,-0.1265,0.0639,layer_31
A_abs_ratio,row_norm,8,per_ckpt,step650000-tokens2730B,90,-0.0198,0.6903,-0.0259,0.6533,layer_31
A_abs_ratio,row_norm,8,per_ckpt,step800000-tokens3360B,90,0.0134,0.8921,0.012,0.9001,layer_31
A_abs_ratio,row_norm,8,per_ckpt,step950000-tokens3990B,90,0.0378,0.4406,0.0113,0.8372,layer_31
A_abs_ratio,row_norm,8,per_ckpt,step1432000-tokens6014B,90,0.1213,0.001,0.1043,0.025,layer_31
A_abs_ratio,row_norm,8,per_ckpt,step1700000-tokens7232B,90,0.054,0.2567,0.1123,0.022,layer_31
A_abs_ratio,row_norm,8,per_ckpt,step1850000-tokens8492B,90,0.0185,0.7113,0.0036,0.9411,layer_31
A_abs_ratio,row_norm,8,per_ckpt,step2000000-tokens9752B,90,-0.0468,0.3477,0.0162,0.7742,layer_31
A_abs_ratio,row_norm,8,per_ckpt,step2150000-tokens11012B,90,-0.0946,0.0929,-0.0925,0.1339,layer_31
A_abs_ratio,row_norm,8,per_ckpt,step2300000-tokens12272B,90,0.0337,0.2098,0.0491,0.0939,layer_31
A_abs_ratio,row_norm,8,per_ckpt,step2450000-tokens13532B,90,0.0699,0.041,0.0705,0.0969,layer_31
A_abs_ratio,row_norm,8,per_ckpt,step2600000-tokens14792B,90,0.0152,0.5694,0.0413,0.0879,layer_31
A_abs_ratio,row_norm,8,per_ckpt,main,90,0.0353,0.1119,0.0261,0.3367,layer_31
A_abs_ratio,row_norm,16,per_ckpt,step50000-tokens210B,90,-0.1065,0.1558,-0.1032,0.2757,layer_31
A_abs_ratio,row_norm,16,per_ckpt,step200000-tokens840B,90,-0.092,0.0779,-0.1382,0.029,layer_31
A_abs_ratio,row_norm,16,per_ckpt,step350000-tokens1470B,90,-0.0009,0.977,-0.0771,0.1788,layer_31
A_abs_ratio,row_norm,16,per_ckpt,step500000-tokens2100B,90,0.0399,0.4545,-0.0603,0.3367,layer_31
A_abs_ratio,row_norm,16,per_ckpt,step650000-tokens2730B,90,-0.0593,0.1389,-0.0492,0.2697,layer_31
A_abs_ratio,row_norm,16,per_ckpt,step800000-tokens3360B,90,-0.1282,0.1059,-0.1297,0.1548,layer_31
A_abs_ratio,row_norm,16,per_ckpt,step950000-tokens3990B,90,-0.031,0.6494,-0.0411,0.5604,layer_31
A_abs_ratio,row_norm,16,per_ckpt,step1432000-tokens6014B,90,0.0875,0.02,0.0613,0.1039,layer_31
A_abs_ratio,row_norm,16,per_ckpt,step1700000-tokens7232B,90,0.0208,0.7353,0.0662,0.3247,layer_31
A_abs_ratio,row_norm,16,per_ckpt,step1850000-tokens8492B,90,-0.0336,0.4935,-0.0298,0.5704,layer_31
A_abs_ratio,row_norm,16,per_ckpt,step2000000-tokens9752B,90,0.0291,0.6833,0.0616,0.5375,layer_31
A_abs_ratio,row_norm,16,per_ckpt,step2150000-tokens11012B,90,-0.0146,0.7872,-0.0009,0.982,layer_31
A_abs_ratio,row_norm,16,per_ckpt,step2300000-tokens12272B,90,-0.0278,0.5724,0.0245,0.6543,layer_31
A_abs_ratio,row_norm,16,per_ckpt,step2450000-tokens13532B,90,0.0571,0.0789,0.0685,0.0799,layer_31
A_abs_ratio,row_norm,16,per_ckpt,step2600000-tokens14792B,90,0.001,0.954,0.0236,0.4086,layer_31
A_abs_ratio,row_norm,16,per_ckpt,main,90,0.0255,0.3946,0.0573,0.0899,layer_31
A_abs_ratio,col_norm,4,per_ckpt,step50000-tokens210B,90,-0.0722,0.2807,-0.0552,0.3636,layer_31
A_abs_ratio,col_norm,4,per_ckpt,step200000-tokens840B,90,-0.0446,0.1658,-0.0349,0.4196,layer_31
A_abs_ratio,col_norm,4,per_ckpt,step350000-tokens1470B,90,-0.0112,0.7912,-0.0457,0.3397,layer_31
A_abs_ratio,col_norm,4,per_ckpt,step500000-tokens2100B,90,0.043,0.3916,-0.0138,0.8012,layer_31
A_abs_ratio,col_norm,4,per_ckpt,step650000-tokens2730B,90,-0.0781,0.0709,-0.0885,0.0709,layer_31
A_abs_ratio,col_norm,4,per_ckpt,step800000-tokens3360B,90,-0.0935,0.2527,-0.0017,0.986,layer_31
A_abs_ratio,col_norm,4,per_ckpt,step950000-tokens3990B,90,0.0729,0.0859,0.0985,0.034,layer_31
A_abs_ratio,col_norm,4,per_ckpt,step1432000-tokens6014B,90,0.1144,0.0719,0.1202,0.048,layer_31
A_abs_ratio,col_norm,4,per_ckpt,step1700000-tokens7232B,90,-0.0138,0.7692,0.0673,0.1698,layer_31
A_abs_ratio,col_norm,4,per_ckpt,step1850000-tokens8492B,90,-0.0315,0.5065,-0.0274,0.6324,layer_31
A_abs_ratio,col_norm,4,per_ckpt,step2000000-tokens9752B,90,0.0386,0.2617,0.0382,0.3407,layer_31
A_abs_ratio,col_norm,4,per_ckpt,step2150000-tokens11012B,90,0.0053,0.951,-0.0091,0.9361,layer_31
A_abs_ratio,col_norm,4,per_ckpt,step2300000-tokens12272B,90,0.0476,0.3307,0.0482,0.4126,layer_31
A_abs_ratio,col_norm,4,per_ckpt,step2450000-tokens13532B,90,0.0436,0.5075,0.0336,0.6783,layer_31
A_abs_ratio,col_norm,4,per_ckpt,step2600000-tokens14792B,90,0.0673,0.3287,0.0711,0.3876,layer_31
A_abs_ratio,col_norm,4,per_ckpt,main,90,0.0332,0.6653,-0.0044,0.965,layer_31
A_abs_ratio,col_norm,8,per_ckpt,step50000-tokens210B,90,0.0812,0.1059,0.0743,0.1449,layer_31
A_abs_ratio,col_norm,8,per_ckpt,step200000-tokens840B,90,-0.0872,0.1588,-0.0959,0.1459,layer_31
A_abs_ratio,col_norm,8,per_ckpt,step350000-tokens1470B,90,-0.1611,0.003,-0.17,0.008,layer_31
A_abs_ratio,col_norm,8,per_ckpt,step500000-tokens2100B,90,-0.0694,0.3447,-0.1415,0.048,layer_31
A_abs_ratio,col_norm,8,per_ckpt,step650000-tokens2730B,90,-0.0452,0.3237,-0.0291,0.5964,layer_31
A_abs_ratio,col_norm,8,per_ckpt,step800000-tokens3360B,90,-0.0097,0.9121,0.0132,0.8741,layer_31
A_abs_ratio,col_norm,8,per_ckpt,step950000-tokens3990B,90,-0.029,0.5794,0.0151,0.7862,layer_31
A_abs_ratio,col_norm,8,per_ckpt,step1432000-tokens6014B,90,0.0808,0.031,0.0721,0.0699,layer_31
A_abs_ratio,col_norm,8,per_ckpt,step1700000-tokens7232B,90,0.033,0.5504,0.1261,0.037,layer_31
A_abs_ratio,col_norm,8,per_ckpt,step1850000-tokens8492B,90,-0.0309,0.5335,-0.0265,0.6753,layer_31
A_abs_ratio,col_norm,8,per_ckpt,step2000000-tokens9752B,90,0.0416,0.5295,0.0004,0.994,layer_31
A_abs_ratio,col_norm,8,per_ckpt,step2150000-tokens11012B,90,-0.0236,0.6374,-0.0848,0.1558,layer_31
A_abs_ratio,col_norm,8,per_ckpt,step2300000-tokens12272B,90,0.0239,0.6503,0.0347,0.5455,layer_31
A_abs_ratio,col_norm,8,per_ckpt,step2450000-tokens13532B,90,0.1219,0.1319,0.1025,0.3057,layer_31
A_abs_ratio,col_norm,8,per_ckpt,step2600000-tokens14792B,90,0.0722,0.2987,0.0455,0.5884,layer_31
A_abs_ratio,col_norm,8,per_ckpt,main,90,0.0236,0.6663,0.0132,0.8791,layer_31
A_abs_ratio,col_norm,16,per_ckpt,step50000-tokens210B,90,-0.1189,0.0559,-0.0839,0.2817,layer_31
A_abs_ratio,col_norm,16,per_ckpt,step200000-tokens840B,90,-0.0883,0.0599,-0.1082,0.033,layer_31
A_abs_ratio,col_norm,16,per_ckpt,step350000-tokens1470B,90,-0.0116,0.7443,-0.0622,0.1179,layer_31
A_abs_ratio,col_norm,16,per_ckpt,step500000-tokens2100B,90,0.0197,0.7542,-0.0817,0.2388,layer_31
A_abs_ratio,col_norm,16,per_ckpt,step650000-tokens2730B,90,-0.0924,0.0559,-0.0602,0.2198,layer_31
A_abs_ratio,col_norm,16,per_ckpt,step800000-tokens3360B,90,-0.0739,0.1978,-0.0946,0.1479,layer_31
A_abs_ratio,col_norm,16,per_ckpt,step950000-tokens3990B,90,-0.065,0.2797,-0.0323,0.5934,layer_31
A_abs_ratio,col_norm,16,per_ckpt,step1432000-tokens6014B,90,0.0664,0.0769,0.0502,0.2138,layer_31
A_abs_ratio,col_norm,16,per_ckpt,step1700000-tokens7232B,90,0.0484,0.4386,0.0698,0.3277,layer_31
A_abs_ratio,col_norm,16,per_ckpt,step1850000-tokens8492B,90,-0.026,0.5365,-0.0483,0.3137,layer_31
A_abs_ratio,col_norm,16,per_ckpt,step2000000-tokens9752B,90,0.0963,0.1638,0.0533,0.6074,layer_31
A_abs_ratio,col_norm,16,per_ckpt,step2150000-tokens11012B,90,-0.0081,0.9181,-0.0117,0.8811,layer_31
A_abs_ratio,col_norm,16,per_ckpt,step2300000-tokens12272B,90,-0.0198,0.7483,-0.0017,0.984,layer_31
A_abs_ratio,col_norm,16,per_ckpt,step2450000-tokens13532B,90,0.0732,0.3177,0.0988,0.2697,layer_31
A_abs_ratio,col_norm,16,per_ckpt,step2600000-tokens14792B,90,0.0018,0.982,-0.0103,0.9111,layer_31
A_abs_ratio,col_norm,16,per_ckpt,main,90,0.114,0.1698,0.0988,0.3037,layer_31
A_signed_ratio,row_norm,4,per_ckpt,step50000-tokens210B,90,-0.064,0.7982,-0.1031,0.5814,layer_31
A_signed_ratio,row_norm,4,per_ckpt,step200000-tokens840B,90,-0.5405,0.0529,-0.5474,0.014,layer_31
A_signed_ratio,row_norm,4,per_ckpt,step350000-tokens1470B,90,-0.6817,0.004,-0.6401,0.001,layer_31
A_signed_ratio,row_norm,4,per_ckpt,step500000-tokens2100B,90,-0.5521,0.043,-0.5006,0.026,layer_31
A_signed_ratio,row_norm,4,per_ckpt,step650000-tokens2730B,90,-0.7645,0.005,-0.7243,0.002,layer_31
A_signed_ratio,row_norm,4,per_ckpt,step800000-tokens3360B,90,-0.1104,0.4575,-0.1058,0.4036,layer_31
A_signed_ratio,row_norm,4,per_ckpt,step950000-tokens3990B,90,-0.4844,0.1149,-0.3821,0.1518,layer_31
A_signed_ratio,row_norm,4,per_ckpt,step1432000-tokens6014B,90,-0.4593,0.0889,-0.3718,0.1009,layer_31
A_signed_ratio,row_norm,4,per_ckpt,step1700000-tokens7232B,90,-0.7787,0.005,-0.6252,0.005,layer_31
A_signed_ratio,row_norm,4,per_ckpt,step1850000-tokens8492B,90,-0.6194,0.034,-0.5112,0.038,layer_31
A_signed_ratio,row_norm,4,per_ckpt,step2000000-tokens9752B,90,-0.7362,0.008,-0.6076,0.01,layer_31
A_signed_ratio,row_norm,4,per_ckpt,step2150000-tokens11012B,90,-0.0774,0.7522,-0.075,0.7173,layer_31
A_signed_ratio,row_norm,4,per_ckpt,step2300000-tokens12272B,90,-0.69,0.018,-0.5891,0.019,layer_31
A_signed_ratio,row_norm,4,per_ckpt,step2450000-tokens13532B,90,-0.772,0.005,-0.6064,0.009,layer_31
A_signed_ratio,row_norm,4,per_ckpt,step2600000-tokens14792B,90,-0.7483,0.008,-0.592,0.01,layer_31
A_signed_ratio,row_norm,4,per_ckpt,main,90,-0.7216,0.012,-0.5794,0.017,layer_31
A_signed_ratio,row_norm,8,per_ckpt,step50000-tokens210B,90,0.321,0.1039,0.3614,0.022,layer_31
A_signed_ratio,row_norm,8,per_ckpt,step200000-tokens840B,90,-0.2918,0.2947,-0.3291,0.1698,layer_31
A_signed_ratio,row_norm,8,per_ckpt,step350000-tokens1470B,90,-0.6573,0.006,-0.6903,0.002,layer_31
A_signed_ratio,row_norm,8,per_ckpt,step500000-tokens2100B,90,-0.4951,0.0619,-0.5023,0.025,layer_31
A_signed_ratio,row_norm,8,per_ckpt,step650000-tokens2730B,90,-0.6864,0.008,-0.6257,0.006,layer_31
A_signed_ratio,row_norm,8,per_ckpt,step800000-tokens3360B,90,-0.3091,0.2098,-0.2853,0.1638,layer_31
A_signed_ratio,row_norm,8,per_ckpt,step950000-tokens3990B,90,-0.7292,0.005,-0.5715,0.013,layer_31
A_signed_ratio,row_norm,8,per_ckpt,step1432000-tokens6014B,90,-0.5769,0.048,-0.5008,0.044,layer_31
A_signed_ratio,row_norm,8,per_ckpt,step1700000-tokens7232B,90,-0.6622,0.015,-0.5038,0.042,layer_31
A_signed_ratio,row_norm,8,per_ckpt,step1850000-tokens8492B,90,-0.6039,0.019,-0.5152,0.028,layer_31
A_signed_ratio,row_norm,8,per_ckpt,step2000000-tokens9752B,90,-0.5463,0.0599,-0.469,0.0609,layer_31
A_signed_ratio,row_norm,8,per_ckpt,step2150000-tokens11012B,90,-0.6307,0.022,-0.5794,0.009,layer_31
A_signed_ratio,row_norm,8,per_ckpt,step2300000-tokens12272B,90,-0.6997,0.01,-0.5924,0.014,layer_31
A_signed_ratio,row_norm,8,per_ckpt,step2450000-tokens13532B,90,-0.727,0.011,-0.5695,0.022,layer_31
A_signed_ratio,row_norm,8,per_ckpt,step2600000-tokens14792B,90,-0.7855,0.006,-0.6322,0.011,layer_31
A_signed_ratio,row_norm,8,per_ckpt,main,90,-0.7534,0.008,-0.6087,0.017,layer_31
A_signed_ratio,row_norm,16,per_ckpt,step50000-tokens210B,90,-0.3013,0.1998,-0.3117,0.1009,layer_31
A_signed_ratio,row_norm,16,per_ckpt,step200000-tokens840B,90,-0.3962,0.1878,-0.4657,0.0649,layer_31
A_signed_ratio,row_norm,16,per_ckpt,step350000-tokens1470B,90,-0.8149,0.001,-0.7417,0.001,layer_31
A_signed_ratio,row_norm,16,per_ckpt,step500000-tokens2100B,90,-0.6436,0.01,-0.5707,0.014,layer_31
A_signed_ratio,row_norm,16,per_ckpt,step650000-tokens2730B,90,-0.667,0.014,-0.611,0.01,layer_31
A_signed_ratio,row_norm,16,per_ckpt,step800000-tokens3360B,90,-0.1603,0.4915,-0.2574,0.2228,layer_31
A_signed_ratio,row_norm,16,per_ckpt,step950000-tokens3990B,90,-0.5053,0.0509,-0.4454,0.034,layer_31
A_signed_ratio,row_norm,16,per_ckpt,step1432000-tokens6014B,90,-0.4766,0.1379,-0.4343,0.1209,layer_31
A_signed_ratio,row_norm,16,per_ckpt,step1700000-tokens7232B,90,-0.5533,0.043,-0.439,0.0849,layer_31
A_signed_ratio,row_norm,16,per_ckpt,step1850000-tokens8492B,90,-0.5055,0.0729,-0.4604,0.0649,layer_31
A_signed_ratio,row_norm,16,per_ckpt,step2000000-tokens9752B,90,-0.4566,0.0899,-0.3583,0.1499,layer_31
A_signed_ratio,row_norm,16,per_ckpt,step2150000-tokens11012B,90,-0.6591,0.014,-0.5512,0.016,layer_31
A_signed_ratio,row_norm,16,per_ckpt,step2300000-tokens12272B,90,-0.5897,0.024,-0.527,0.018,layer_31
A_signed_ratio,row_norm,16,per_ckpt,step2450000-tokens13532B,90,-0.7308,0.008,-0.5644,0.019,layer_31
A_signed_ratio,row_norm,16,per_ckpt,step2600000-tokens14792B,90,-0.7678,0.008,-0.6306,0.011,layer_31
A_signed_ratio,row_norm,16,per_ckpt,main,90,-0.7134,0.013,-0.5757,0.027,layer_31
A_signed_ratio,col_norm,4,per_ckpt,step50000-tokens210B,90,-0.1277,0.6274,-0.1193,0.6523,layer_31
A_signed_ratio,col_norm,4,per_ckpt,step200000-tokens840B,90,0.6555,0.025,0.5046,0.0509,layer_31
A_signed_ratio,col_norm,4,per_ckpt,step350000-tokens1470B,90,0.8175,0.001,0.6368,0.007,layer_31
A_signed_ratio,col_norm,4,per_ckpt,step500000-tokens2100B,90,0.2371,0.4675,0.2027,0.4805,layer_31
A_signed_ratio,col_norm,4,per_ckpt,step650000-tokens2730B,90,0.6567,0.024,0.4673,0.0839,layer_31
A_signed_ratio,col_norm,4,per_ckpt,step800000-tokens3360B,90,-0.4012,0.0519,-0.3099,0.1508,layer_31
A_signed_ratio,col_norm,4,per_ckpt,step950000-tokens3990B,90,0.2974,0.3287,0.3389,0.1948,layer_31
A_signed_ratio,col_norm,4,per_ckpt,step1432000-tokens6014B,90,-0.314,0.2697,-0.2657,0.3347,layer_31
A_signed_ratio,col_norm,4,per_ckpt,step1700000-tokens7232B,90,0.6797,0.013,0.605,0.008,layer_31
A_signed_ratio,col_norm,4,per_ckpt,step1850000-tokens8492B,90,0.4192,0.1758,0.3322,0.2078,layer_31
A_signed_ratio,col_norm,4,per_ckpt,step2000000-tokens9752B,90,-0.0878,0.7782,-0.0778,0.7622,layer_31
A_signed_ratio,col_norm,4,per_ckpt,step2150000-tokens11012B,90,-0.0489,0.8282,-0.0813,0.7083,layer_31
A_signed_ratio,col_norm,4,per_ckpt,step2300000-tokens12272B,90,0.1321,0.6723,0.1259,0.6454,layer_31
A_signed_ratio,col_norm,4,per_ckpt,step2450000-tokens13532B,90,0.1142,0.6983,0.0999,0.6873,layer_31
A_signed_ratio,col_norm,4,per_ckpt,step2600000-tokens14792B,90,-0.0132,0.967,-0.0642,0.7942,layer_31
A_signed_ratio,col_norm,4,per_ckpt,main,90,-0.3707,0.0949,-0.3546,0.0739,layer_31
A_signed_ratio,col_norm,8,per_ckpt,step50000-tokens210B,90,-0.0549,0.8511,0.0555,0.8442,layer_31
A_signed_ratio,col_norm,8,per_ckpt,step200000-tokens840B,90,0.6541,0.011,0.5148,0.029,layer_31
A_signed_ratio,col_norm,8,per_ckpt,step350000-tokens1470B,90,0.5333,0.0629,0.3544,0.1908,layer_31
A_signed_ratio,col_norm,8,per_ckpt,step500000-tokens2100B,90,0.3182,0.2897,0.1812,0.4965,layer_31
A_signed_ratio,col_norm,8,per_ckpt,step650000-tokens2730B,90,0.6137,0.042,0.5277,0.0519,layer_31
A_signed_ratio,col_norm,8,per_ckpt,step800000-tokens3360B,90,0.5046,0.026,0.4403,0.029,layer_31
A_signed_ratio,col_norm,8,per_ckpt,step950000-tokens3990B,90,0.5883,0.038,0.5519,0.023,layer_31
A_signed_ratio,col_norm,8,per_ckpt,step1432000-tokens6014B,90,-0.0766,0.7942,-0.0605,0.8312,layer_31
A_signed_ratio,col_norm,8,per_ckpt,step1700000-tokens7232B,90,0.5932,0.033,0.5873,0.012,layer_31
A_signed_ratio,col_norm,8,per_ckpt,step1850000-tokens8492B,90,0.1145,0.6923,0.0825,0.7463,layer_31
A_signed_ratio,col_norm,8,per_ckpt,step2000000-tokens9752B,90,0.437,0.1179,0.3522,0.1449,layer_31
A_signed_ratio,col_norm,8,per_ckpt,step2150000-tokens11012B,90,0.7336,0.002,0.5564,0.024,layer_31
A_signed_ratio,col_norm,8,per_ckpt,step2300000-tokens12272B,90,0.4173,0.1798,0.3504,0.2108,layer_31
A_signed_ratio,col_norm,8,per_ckpt,step2450000-tokens13532B,90,0.2941,0.2368,0.2993,0.1538,layer_31
A_signed_ratio,col_norm,8,per_ckpt,step2600000-tokens14792B,90,-0.2081,0.4126,-0.1691,0.4565,layer_31
A_signed_ratio,col_norm,8,per_ckpt,main,90,-0.4169,0.1369,-0.4045,0.1049,layer_31
A_signed_ratio,col_norm,16,per_ckpt,step50000-tokens210B,90,0.2515,0.3706,0.1994,0.4406,layer_31
A_signed_ratio,col_norm,16,per_ckpt,step200000-tokens840B,90,0.6511,0.019,0.4645,0.0619,layer_31
A_signed_ratio,col_norm,16,per_ckpt,step350000-tokens1470B,90,0.7669,0.009,0.5603,0.035,layer_31
A_signed_ratio,col_norm,16,per_ckpt,step500000-tokens2100B,90,0.3142,0.2617,0.2385,0.3367,layer_31
A_signed_ratio,col_norm,16,per_ckpt,step650000-tokens2730B,90,0.6154,0.032,0.499,0.0549,layer_31
A_signed_ratio,col_norm,16,per_ckpt,step800000-tokens3360B,90,-0.0221,0.9491,-0.0498,0.8511,layer_31
A_signed_ratio,col_norm,16,per_ckpt,step950000-tokens3990B,90,0.3894,0.1738,0.3347,0.2018,layer_31
A_signed_ratio,col_norm,16,per_ckpt,step1432000-tokens6014B,90,-0.4633,0.1508,-0.3971,0.1578,layer_31
A_signed_ratio,col_norm,16,per_ckpt,step1700000-tokens7232B,90,0.6213,0.02,0.548,0.01,layer_31
A_signed_ratio,col_norm,16,per_ckpt,step1850000-tokens8492B,90,0.2322,0.4625,0.1554,0.5694,layer_31
A_signed_ratio,col_norm,16,per_ckpt,step2000000-tokens9752B,90,0.3178,0.2358,0.263,0.2418,layer_31
A_signed_ratio,col_norm,16,per_ckpt,step2150000-tokens11012B,90,0.3161,0.2078,0.2333,0.2777,layer_31
A_signed_ratio,col_norm,16,per_ckpt,step2300000-tokens12272B,90,0.2739,0.3237,0.1767,0.4825,layer_31
A_signed_ratio,col_norm,16,per_ckpt,step2450000-tokens13532B,90,0.3241,0.2258,0.3104,0.1788,layer_31
A_signed_ratio,col_norm,16,per_ckpt,step2600000-tokens14792B,90,-0.128,0.6344,-0.133,0.5854,layer_31
A_signed_ratio,col_norm,16,per_ckpt,main,90,-0.0562,0.8082,-0.0386,0.8611,layer_31
A_log_ratio,row_norm,4,per_ckpt,step50000-tokens210B,90,-0.064,0.7982,-0.0666,0.7832,layer_31
A_log_ratio,row_norm,4,per_ckpt,step200000-tokens840B,90,-0.5405,0.0529,-0.5876,0.026,layer_31
A_log_ratio,row_norm,4,per_ckpt,step350000-tokens1470B,90,-0.6817,0.004,-0.6824,0.002,layer_31
A_log_ratio,row_norm,4,per_ckpt,step500000-tokens2100B,90,-0.5521,0.043,-0.5476,0.035,layer_31
A_log_ratio,row_norm,4,per_ckpt,step650000-tokens2730B,90,-0.7645,0.005,-0.7728,0.004,layer_31
A_log_ratio,row_norm,4,per_ckpt,step800000-tokens3360B,90,-0.1104,0.4575,-0.1162,0.3706,layer_31
A_log_ratio,row_norm,4,per_ckpt,step950000-tokens3990B,90,-0.4844,0.1149,-0.4858,0.1119,layer_31
A_log_ratio,row_norm,4,per_ckpt,step1432000-tokens6014B,90,-0.4593,0.0889,-0.5057,0.045,layer_31
A_log_ratio,row_norm,4,per_ckpt,step1700000-tokens7232B,90,-0.7787,0.005,-0.7669,0.006,layer_31
A_log_ratio,row_norm,4,per_ckpt,step1850000-tokens8492B,90,-0.6194,0.034,-0.5904,0.047,layer_31
A_log_ratio,row_norm,4,per_ckpt,step2000000-tokens9752B,90,-0.7362,0.008,-0.7268,0.007,layer_31
A_log_ratio,row_norm,4,per_ckpt,step2150000-tokens11012B,90,-0.0774,0.7522,-0.064,0.7762,layer_31
A_log_ratio,row_norm,4,per_ckpt,step2300000-tokens12272B,90,-0.69,0.018,-0.7069,0.014,layer_31
A_log_ratio,row_norm,4,per_ckpt,step2450000-tokens13532B,90,-0.772,0.005,-0.7295,0.006,layer_31
A_log_ratio,row_norm,4,per_ckpt,step2600000-tokens14792B,90,-0.7483,0.008,-0.7231,0.008,layer_31
A_log_ratio,row_norm,4,per_ckpt,main,90,-0.7216,0.012,-0.6844,0.01,layer_31
A_log_ratio,row_norm,8,per_ckpt,step50000-tokens210B,90,0.321,0.1039,0.3067,0.0969,layer_31
A_log_ratio,row_norm,8,per_ckpt,step200000-tokens840B,90,-0.2918,0.2947,-0.3221,0.2458,layer_31
A_log_ratio,row_norm,8,per_ckpt,step350000-tokens1470B,90,-0.6573,0.006,-0.6558,0.004,layer_31
A_log_ratio,row_norm,8,per_ckpt,step500000-tokens2100B,90,-0.4951,0.0619,-0.4793,0.0799,layer_31
A_log_ratio,row_norm,8,per_ckpt,step650000-tokens2730B,90,-0.6864,0.008,-0.7108,0.005,layer_31
A_log_ratio,row_norm,8,per_ckpt,step800000-tokens3360B,90,-0.3091,0.2098,-0.3227,0.1868,layer_31
A_log_ratio,row_norm,8,per_ckpt,step950000-tokens3990B,90,-0.7292,0.005,-0.6624,0.011,layer_31
A_log_ratio,row_norm,8,per_ckpt,step1432000-tokens6014B,90,-0.5769,0.048,-0.6224,0.023,layer_31
A_log_ratio,row_norm,8,per_ckpt,step1700000-tokens7232B,90,-0.6622,0.015,-0.6404,0.017,layer_31
A_log_ratio,row_norm,8,per_ckpt,step1850000-tokens8492B,90,-0.6039,0.019,-0.5946,0.013,layer_31
A_log_ratio,row_norm,8,per_ckpt,step2000000-tokens9752B,90,-0.5463,0.0599,-0.5414,0.0579,layer_31
A_log_ratio,row_norm,8,per_ckpt,step2150000-tokens11012B,90,-0.6307,0.022,-0.6036,0.027,layer_31
A_log_ratio,row_norm,8,per_ckpt,step2300000-tokens12272B,90,-0.6997,0.01,-0.7094,0.008,layer_31
A_log_ratio,row_norm,8,per_ckpt,step2450000-tokens13532B,90,-0.727,0.011,-0.696,0.011,layer_31
A_log_ratio,row_norm,8,per_ckpt,step2600000-tokens14792B,90,-0.7855,0.006,-0.7602,0.005,layer_31
A_log_ratio,row_norm,8,per_ckpt,main,90,-0.7534,0.008,-0.7202,0.013,layer_31
A_log_ratio,row_norm,16,per_ckpt,step50000-tokens210B,90,-0.3013,0.1998,-0.3013,0.2078,layer_31
A_log_ratio,row_norm,16,per_ckpt,step200000-tokens840B,90,-0.3962,0.1878,-0.4594,0.1119,layer_31
A_log_ratio,row_norm,16,per_ckpt,step350000-tokens1470B,90,-0.8149,0.001,-0.7921,0.001,layer_31
A_log_ratio,row_norm,16,per_ckpt,step500000-tokens2100B,90,-0.6436,0.01,-0.6051,0.016,layer_31
A_log_ratio,row_norm,16,per_ckpt,step650000-tokens2730B,90,-0.667,0.014,-0.6846,0.012,layer_31
A_log_ratio,row_norm,16,per_ckpt,step800000-tokens3360B,90,-0.1603,0.4915,-0.2034,0.4336,layer_31
A_log_ratio,row_norm,16,per_ckpt,step950000-tokens3990B,90,-0.5053,0.0509,-0.4847,0.0609,layer_31
A_log_ratio,row_norm,16,per_ckpt,step1432000-tokens6014B,90,-0.4766,0.1379,-0.5182,0.1039,layer_31
A_log_ratio,row_norm,16,per_ckpt,step1700000-tokens7232B,90,-0.5533,0.043,-0.5457,0.039,layer_31
A_log_ratio,row_norm,16,per_ckpt,step1850000-tokens8492B,90,-0.5055,0.0729,-0.516,0.0819,layer_31
A_log_ratio,row_norm,16,per_ckpt,step2000000-tokens9752B,90,-0.4566,0.0899,-0.4398,0.0969,layer_31
A_log_ratio,row_norm,16,per_ckpt,step2150000-tokens11012B,90,-0.6591,0.014,-0.642,0.012,layer_31
A_log_ratio,row_norm,16,per_ckpt,step2300000-tokens12272B,90,-0.5897,0.024,-0.619,0.015,layer_31
A_log_ratio,row_norm,16,per_ckpt,step2450000-tokens13532B,90,-0.7308,0.008,-0.6929,0.009,layer_31
A_log_ratio,row_norm,16,per_ckpt,step2600000-tokens14792B,90,-0.7678,0.008,-0.7398,0.01,layer_31
A_log_ratio,row_norm,16,per_ckpt,main,90,-0.7134,0.013,-0.697,0.017,layer_31
A_log_ratio,col_norm,4,per_ckpt,step50000-tokens210B,90,-0.1277,0.6274,-0.1133,0.6923,layer_31
A_log_ratio,col_norm,4,per_ckpt,step200000-tokens840B,90,0.6555,0.025,0.603,0.042,layer_31
A_log_ratio,col_norm,4,per_ckpt,step350000-tokens1470B,90,0.8175,0.001,0.7552,0.004,layer_31
A_log_ratio,col_norm,4,per_ckpt,step500000-tokens2100B,90,0.2371,0.4675,0.2242,0.4905,layer_31
A_log_ratio,col_norm,4,per_ckpt,step650000-tokens2730B,90,0.6567,0.024,0.5938,0.0549,layer_31
A_log_ratio,col_norm,4,per_ckpt,step800000-tokens3360B,90,-0.4012,0.0519,-0.3563,0.1548,layer_31
A_log_ratio,col_norm,4,per_ckpt,step950000-tokens3990B,90,0.2974,0.3287,0.3264,0.2787,layer_31
A_log_ratio,col_norm,4,per_ckpt,step1432000-tokens6014B,90,-0.314,0.2697,-0.3629,0.2388,layer_31
A_log_ratio,col_norm,4,per_ckpt,step1700000-tokens7232B,90,0.6797,0.013,0.6447,0.021,layer_31
A_log_ratio,col_norm,4,per_ckpt,step1850000-tokens8492B,90,0.4192,0.1758,0.4107,0.1698,layer_31
A_log_ratio,col_norm,4,per_ckpt,step2000000-tokens9752B,90,-0.0878,0.7782,-0.126,0.6773,layer_31
A_log_ratio,col_norm,4,per_ckpt,step2150000-tokens11012B,90,-0.0489,0.8282,-0.094,0.6773,layer_31
A_log_ratio,col_norm,4,per_ckpt,step2300000-tokens12272B,90,0.1321,0.6723,0.1404,0.6553,layer_31
A_log_ratio,col_norm,4,per_ckpt,step2450000-tokens13532B,90,0.1142,0.6983,0.0775,0.8022,layer_31
A_log_ratio,col_norm,4,per_ckpt,step2600000-tokens14792B,90,-0.0132,0.967,-0.1414,0.5814,layer_31
A_log_ratio,col_norm,4,per_ckpt,main,90,-0.3707,0.0949,-0.4164,0.0559,layer_31
A_log_ratio,col_norm,8,per_ckpt,step50000-tokens210B,90,-0.0549,0.8511,0.0209,0.9481,layer_31
A_log_ratio,col_norm,8,per_ckpt,step200000-tokens840B,90,0.6541,0.011,0.665,0.006,layer_31
A_log_ratio,col_norm,8,per_ckpt,step350000-tokens1470B,90,0.5333,0.0629,0.5033,0.0879,layer_31
A_log_ratio,col_norm,8,per_ckpt,step500000-tokens2100B,90,0.3182,0.2897,0.2763,0.3766,layer_31
A_log_ratio,col_norm,8,per_ckpt,step650000-tokens2730B,90,0.6137,0.042,0.6167,0.047,layer_31
A_log_ratio,col_norm,8,per_ckpt,step800000-tokens3360B,90,0.5046,0.026,0.4786,0.033,layer_31
A_log_ratio,col_norm,8,per_ckpt,step950000-tokens3990B,90,0.5883,0.038,0.6079,0.027,layer_31
A_log_ratio,col_norm,8,per_ckpt,step1432000-tokens6014B,90,-0.0766,0.7942,-0.1215,0.7053,layer_31
A_log_ratio,col_norm,8,per_ckpt,step1700000-tokens7232B,90,0.5932,0.033,0.5827,0.039,layer_31
A_log_ratio,col_norm,8,per_ckpt,step1850000-tokens8492B,90,0.1145,0.6923,0.1043,0.7233,layer_31
A_log_ratio,col_norm,8,per_ckpt,step2000000-tokens9752B,90,0.437,0.1179,0.3955,0.1658,layer_31
A_log_ratio,col_norm,8,per_ckpt,step2150000-tokens11012B,90,0.7336,0.002,0.6789,0.008,layer_31
A_log_ratio,col_norm,8,per_ckpt,step2300000-tokens12272B,90,0.4173,0.1798,0.3998,0.2158,layer_31
A_log_ratio,col_norm,8,per_ckpt,step2450000-tokens13532B,90,0.2941,0.2368,0.2865,0.2358,layer_31
A_log_ratio,col_norm,8,per_ckpt,step2600000-tokens14792B,90,-0.2081,0.4126,-0.2458,0.3417,layer_31
A_log_ratio,col_norm,8,per_ckpt,main,90,-0.4169,0.1369,-0.4678,0.0839,layer_31
A_log_ratio,col_norm,16,per_ckpt,step50000-tokens210B,90,0.2515,0.3706,0.2622,0.3566,layer_31
A_log_ratio,col_norm,16,per_ckpt,step200000-tokens840B,90,0.6511,0.019,0.5968,0.037,layer_31
A_log_ratio,col_norm,16,per_ckpt,step350000-tokens1470B,90,0.7669,0.009,0.6851,0.019,layer_31
A_log_ratio,col_norm,16,per_ckpt,step500000-tokens2100B,90,0.3142,0.2617,0.3132,0.2597,layer_31
A_log_ratio,col_norm,16,per_ckpt,step650000-tokens2730B,90,0.6154,0.032,0.6116,0.036,layer_31
A_log_ratio,col_norm,16,per_ckpt,step800000-tokens3360B,90,-0.0221,0.9491,-0.0136,0.966,layer_31
A_log_ratio,col_norm,16,per_ckpt,step950000-tokens3990B,90,0.3894,0.1738,0.3822,0.1958,layer_31
A_log_ratio,col_norm,16,per_ckpt,step1432000-tokens6014B,90,-0.4633,0.1508,-0.4967,0.1289,layer_31
A_log_ratio,col_norm,16,per_ckpt,step1700000-tokens7232B,90,0.6213,0.02,0.5734,0.035,layer_31
A_log_ratio,col_norm,16,per_ckpt,step1850000-tokens8492B,90,0.2322,0.4625,0.2035,0.5115,layer_31
A_log_ratio,col_norm,16,per_ckpt,step2000000-tokens9752B,90,0.3178,0.2358,0.2694,0.2957,layer_31
A_log_ratio,col_norm,16,per_ckpt,step2150000-tokens11012B,90,0.3161,0.2078,0.2502,0.3137,layer_31
A_log_ratio,col_norm,16,per_ckpt,step2300000-tokens12272B,90,0.2739,0.3237,0.2006,0.4755,layer_31
A_log_ratio,col_norm,16,per_ckpt,step2450000-tokens13532B,90,0.3241,0.2258,0.2781,0.2877,layer_31
A_log_ratio,col_norm,16,per_ckpt,step2600000-tokens14792B,90,-0.128,0.6344,-0.1358,0.6164,layer_31
A_log_ratio,col_norm,16,per_ckpt,main,90,-0.0562,0.8082,-0.0866,0.7133,layer_31
drop_to_min_abs_diff,row_norm,4,per_ckpt,step50000-tokens210B,90,-0.0664,0.4955,-0.0531,0.6394,layer_31
drop_to_min_abs_diff,row_norm,4,per_ckpt,step200000-tokens840B,90,-0.0305,0.6184,-0.0641,0.4186,layer_31
drop_to_min_abs_diff,row_norm,4,per_ckpt,step350000-tokens1470B,90,-0.0773,0.2777,-0.1074,0.1339,layer_31
drop_to_min_abs_diff,row_norm,4,per_ckpt,step500000-tokens2100B,90,0.1209,0.1149,-0.0175,0.8511,layer_31
drop_to_min_abs_diff,row_norm,4,per_ckpt,step650000-tokens2730B,90,-0.0773,0.1798,-0.1415,0.019,layer_31
drop_to_min_abs_diff,row_norm,4,per_ckpt,step800000-tokens3360B,90,0.0112,0.9061,0.0345,0.7612,layer_31
drop_to_min_abs_diff,row_norm,4,per_ckpt,step950000-tokens3990B,90,0.0428,0.4486,0.1075,0.0579,layer_31
drop_to_min_abs_diff,row_norm,4,per_ckpt,step1432000-tokens6014B,90,0.1081,0.1958,0.1853,0.048,layer_31
drop_to_min_abs_diff,row_norm,4,per_ckpt,step1700000-tokens7232B,90,-0.0164,0.7792,0.055,0.4505,layer_31
drop_to_min_abs_diff,row_norm,4,per_ckpt,step1850000-tokens8492B,90,0.0054,0.9111,-0.0453,0.4256,layer_31
drop_to_min_abs_diff,row_norm,4,per_ckpt,step2000000-tokens9752B,90,0.014,0.5934,0.0452,0.0959,layer_31
drop_to_min_abs_diff,row_norm,4,per_ckpt,step2150000-tokens11012B,90,-0.0052,0.954,-0.0052,0.961,layer_31
drop_to_min_abs_diff,row_norm,4,per_ckpt,step2300000-tokens12272B,90,0.0448,0.2408,0.061,0.1618,layer_31
drop_to_min_abs_diff,row_norm,4,per_ckpt,step2450000-tokens13532B,90,0.0567,0.1608,0.1062,0.035,layer_31
drop_to_min_abs_diff,row_norm,4,per_ckpt,step2600000-tokens14792B,90,0.0358,0.3087,0.0844,0.046,layer_31
drop_to_min_abs_diff,row_norm,4,per_ckpt,main,90,0.0132,0.6943,0.0258,0.4625,layer_31
drop_to_min_abs_diff,row_norm,8,per_ckpt,step50000-tokens210B,90,0.1857,0.0619,0.2132,0.034,layer_31
drop_to_min_abs_diff,row_norm,8,per_ckpt,step200000-tokens840B,90,-0.0484,0.5275,0.0285,0.7562,layer_31
drop_to_min_abs_diff,row_norm,8,per_ckpt,step350000-tokens1470B,90,-0.1197,0.0899,-0.2289,0.003,layer_31
drop_to_min_abs_diff,row_norm,8,per_ckpt,step500000-tokens2100B,90,-0.0235,0.7682,-0.1099,0.1908,layer_31
drop_to_min_abs_diff,row_norm,8,per_ckpt,step650000-tokens2730B,90,-0.0519,0.3806,-0.0597,0.3556,layer_31
drop_to_min_abs_diff,row_norm,8,per_ckpt,step800000-tokens3360B,90,-0.019,0.8392,-0.0973,0.3307,layer_31
drop_to_min_abs_diff,row_norm,8,per_ckpt,step950000-tokens3990B,90,0.0106,0.8252,-0.0011,0.973,layer_31
drop_to_min_abs_diff,row_norm,8,per_ckpt,step1432000-tokens6014B,90,0.1145,0.013,0.1052,0.027,layer_31
drop_to_min_abs_diff,row_norm,8,per_ckpt,step1700000-tokens7232B,90,0.0665,0.2617,0.1324,0.036,layer_31
drop_to_min_abs_diff,row_norm,8,per_ckpt,step1850000-tokens8492B,90,0.0214,0.7453,0.007,0.8991,layer_31
drop_to_min_abs_diff,row_norm,8,per_ckpt,step2000000-tokens9752B,90,-0.0143,0.8242,0.0958,0.1618,layer_31
drop_to_min_abs_diff,row_norm,8,per_ckpt,step2150000-tokens11012B,90,-0.1335,0.045,-0.1465,0.036,layer_31
drop_to_min_abs_diff,row_norm,8,per_ckpt,step2300000-tokens12272B,90,0.0482,0.1209,0.0682,0.032,layer_31
drop_to_min_abs_diff,row_norm,8,per_ckpt,step2450000-tokens13532B,90,0.1007,0.005,0.1237,0.014,layer_31
drop_to_min_abs_diff,row_norm,8,per_ckpt,step2600000-tokens14792B,90,0.0083,0.7982,0.0468,0.1239,layer_31
drop_to_min_abs_diff,row_norm,8,per_ckpt,main,90,0.0521,0.038,0.0668,0.046,layer_31
drop_to_min_abs_diff,row_norm,16,per_ckpt,step50000-tokens210B,90,-0.1597,0.1259,-0.1999,0.0819,layer_31
drop_to_min_abs_diff,row_norm,16,per_ckpt,step200000-tokens840B,90,-0.0865,0.1548,-0.0988,0.2308,layer_31
drop_to_min_abs_diff,row_norm,16,per_ckpt,step350000-tokens1470B,90,-0.0701,0.3067,-0.171,0.009,layer_31
drop_to_min_abs_diff,row_norm,16,per_ckpt,step500000-tokens2100B,90,0.0545,0.4985,-0.0373,0.7073,layer_31
drop_to_min_abs_diff,row_norm,16,per_ckpt,step650000-tokens2730B,90,-0.086,0.0649,-0.0846,0.1089,layer_31
drop_to_min_abs_diff,row_norm,16,per_ckpt,step800000-tokens3360B,90,-0.1728,0.0749,-0.2334,0.046,layer_31
drop_to_min_abs_diff,row_norm,16,per_ckpt,step950000-tokens3990B,90,-0.0349,0.6943,-0.0076,0.9461,layer_31
drop_to_min_abs_diff,row_norm,16,per_ckpt,step1432000-tokens6014B,90,0.0963,0.021,0.0914,0.035,layer_31
drop_to_min_abs_diff,row_norm,16,per_ckpt,step1700000-tokens7232B,90,0.0688,0.3277,0.1216,0.1568,layer_31
drop_to_min_abs_diff,row_norm,16,per_ckpt,step1850000-tokens8492B,90,-0.0299,0.5984,-0.0192,0.7692,layer_31
drop_to_min_abs_diff,row_norm,16,per_ckpt,step2000000-tokens9752B,90,0.0915,0.2727,0.2102,0.1029,layer_31
drop_to_min_abs_diff,row_norm,16,per_ckpt,step2150000-tokens11012B,90,0.0093,0.8881,0.0515,0.4975,layer_31
drop_to_min_abs_diff,row_norm,16,per_ckpt,step2300000-tokens12272B,90,0.01,0.8671,0.0669,0.3676,layer_31
drop_to_min_abs_diff,row_norm,16,per_ckpt,step2450000-tokens13532B,90,0.0766,0.0509,0.1039,0.01,layer_31
drop_to_min_abs_diff,row_norm,16,per_ckpt,step2600000-tokens14792B,90,0.0168,0.5065,0.0563,0.0769,layer_31
drop_to_min_abs_diff,row_norm,16,per_ckpt,main,90,0.0419,0.2897,0.097,0.014,layer_31
drop_to_min_abs_diff,col_norm,4,per_ckpt,step50000-tokens210B,90,-0.0491,0.5425,-0.0336,0.6364,layer_31
drop_to_min_abs_diff,col_norm,4,per_ckpt,step200000-tokens840B,90,-0.0534,0.1768,-0.0273,0.5884,layer_31
drop_to_min_abs_diff,col_norm,4,per_ckpt,step350000-tokens1470B,90,-0.0301,0.5784,-0.0636,0.2577,layer_31
drop_to_min_abs_diff,col_norm,4,per_ckpt,step500000-tokens2100B,90,0.0322,0.5984,-0.0151,0.8402,layer_31
drop_to_min_abs_diff,col_norm,4,per_ckpt,step650000-tokens2730B,90,-0.1183,0.011,-0.1247,0.021,layer_31
drop_to_min_abs_diff,col_norm,4,per_ckpt,step800000-tokens3360B,90,-0.0669,0.4266,0.022,0.7602,layer_31
drop_to_min_abs_diff,col_norm,4,per_ckpt,step950000-tokens3990B,90,0.0744,0.1598,0.1017,0.0649,layer_31
drop_to_min_abs_diff,col_norm,4,per_ckpt,step1432000-tokens6014B,90,0.1288,0.1409,0.1512,0.047,layer_31
drop_to_min_abs_diff,col_norm,4,per_ckpt,step1700000-tokens7232B,90,0.0004,0.992,0.0503,0.4695,layer_31
drop_to_min_abs_diff,col_norm,4,per_ckpt,step1850000-tokens8492B,90,-0.0616,0.2657,-0.084,0.2028,layer_31
drop_to_min_abs_diff,col_norm,4,per_ckpt,step2000000-tokens9752B,90,0.0265,0.5315,0.0121,0.7922,layer_31
drop_to_min_abs_diff,col_norm,4,per_ckpt,step2150000-tokens11012B,90,-0.0088,0.951,-0.0147,0.9201,layer_31
drop_to_min_abs_diff,col_norm,4,per_ckpt,step2300000-tokens12272B,90,0.0676,0.2507,0.0527,0.4336,layer_31
drop_to_min_abs_diff,col_norm,4,per_ckpt,step2450000-tokens13532B,90,0.1337,0.1548,0.1596,0.1329,layer_31
drop_to_min_abs_diff,col_norm,4,per_ckpt,step2600000-tokens14792B,90,0.1003,0.1718,0.1442,0.1139,layer_31
drop_to_min_abs_diff,col_norm,4,per_ckpt,main,90,-0.0036,0.973,-0.0135,0.8981,layer_31
drop_to_min_abs_diff,col_norm,8,per_ckpt,step50000-tokens210B,90,0.1166,0.023,0.1081,0.036,layer_31
drop_to_min_abs_diff,col_norm,8,per_ckpt,step200000-tokens840B,90,0.0027,0.979,0.0337,0.6933,layer_31
drop_to_min_abs_diff,col_norm,8,per_ckpt,step350000-tokens1470B,90,-0.1641,0.007,-0.1793,0.003,layer_31
drop_to_min_abs_diff,col_norm,8,per_ckpt,step500000-tokens2100B,90,-0.0697,0.4496,-0.1214,0.1668,layer_31
drop_to_min_abs_diff,col_norm,8,per_ckpt,step650000-tokens2730B,90,-0.0876,0.1259,-0.0606,0.3027,layer_31
drop_to_min_abs_diff,col_norm,8,per_ckpt,step800000-tokens3360B,90,-0.0162,0.8641,-0.0807,0.3477,layer_31
drop_to_min_abs_diff,col_norm,8,per_ckpt,step950000-tokens3990B,90,-0.044,0.4176,-0.0003,0.996,layer_31
drop_to_min_abs_diff,col_norm,8,per_ckpt,step1432000-tokens6014B,90,0.0849,0.033,0.0729,0.0939,layer_31
drop_to_min_abs_diff,col_norm,8,per_ckpt,step1700000-tokens7232B,90,0.0483,0.4386,0.1413,0.05,layer_31
drop_to_min_abs_diff,col_norm,8,per_ckpt,step1850000-tokens8492B,90,-0.0203,0.7473,-0.0251,0.6963,layer_31
drop_to_min_abs_diff,col_norm,8,per_ckpt,step2000000-tokens9752B,90,0.0925,0.2138,0.1037,0.2018,layer_31
drop_to_min_abs_diff,col_norm,8,per_ckpt,step2150000-tokens11012B,90,-0.0694,0.2308,-0.1404,0.035,layer_31
drop_to_min_abs_diff,col_norm,8,per_ckpt,step2300000-tokens12272B,90,0.0622,0.2537,0.0652,0.2787,layer_31
drop_to_min_abs_diff,col_norm,8,per_ckpt,step2450000-tokens13532B,90,0.2122,0.0619,0.2191,0.0849,layer_31
drop_to_min_abs_diff,col_norm,8,per_ckpt,step2600000-tokens14792B,90,0.0576,0.5285,0.0592,0.5694,layer_31
drop_to_min_abs_diff,col_norm,8,per_ckpt,main,90,0.0419,0.5554,0.1142,0.1758,layer_31
drop_to_min_abs_diff,col_norm,16,per_ckpt,step50000-tokens210B,90,-0.171,0.03,-0.1635,0.0859,layer_31
drop_to_min_abs_diff,col_norm,16,per_ckpt,step200000-tokens840B,90,-0.0894,0.1129,-0.0679,0.3017,layer_31
drop_to_min_abs_diff,col_norm,16,per_ckpt,step350000-tokens1470B,90,-0.033,0.4306,-0.1147,0.008,layer_31
drop_to_min_abs_diff,col_norm,16,per_ckpt,step500000-tokens2100B,90,-0.0173,0.8611,-0.0542,0.6224,layer_31
drop_to_min_abs_diff,col_norm,16,per_ckpt,step650000-tokens2730B,90,-0.1294,0.018,-0.0995,0.0869,layer_31
drop_to_min_abs_diff,col_norm,16,per_ckpt,step800000-tokens3360B,90,-0.1099,0.1199,-0.1684,0.046,layer_31
drop_to_min_abs_diff,col_norm,16,per_ckpt,step950000-tokens3990B,90,-0.0654,0.4006,-0.0,0.999,layer_31
drop_to_min_abs_diff,col_norm,16,per_ckpt,step1432000-tokens6014B,90,0.0826,0.045,0.0805,0.0719,layer_31
drop_to_min_abs_diff,col_norm,16,per_ckpt,step1700000-tokens7232B,90,0.0991,0.1738,0.13,0.1459,layer_31
drop_to_min_abs_diff,col_norm,16,per_ckpt,step1850000-tokens8492B,90,-0.0101,0.8422,-0.0417,0.4545,layer_31
drop_to_min_abs_diff,col_norm,16,per_ckpt,step2000000-tokens9752B,90,0.1676,0.0999,0.214,0.1029,layer_31
drop_to_min_abs_diff,col_norm,16,per_ckpt,step2150000-tokens11012B,90,0.044,0.6274,0.0641,0.5305,layer_31
drop_to_min_abs_diff,col_norm,16,per_ckpt,step2300000-tokens12272B,90,0.0522,0.5055,0.0581,0.5285,layer_31
drop_to_min_abs_diff,col_norm,16,per_ckpt,step2450000-tokens13532B,90,0.1178,0.1958,0.1769,0.0869,layer_31
drop_to_min_abs_diff,col_norm,16,per_ckpt,step2600000-tokens14792B,90,0.0558,0.5215,0.0948,0.3187,layer_31
drop_to_min_abs_diff,col_norm,16,per_ckpt,main,90,0.1738,0.0949,0.2053,0.0759,layer_31
drop_to_min_signed_diff,row_norm,4,per_ckpt,step50000-tokens210B,90,-0.1036,0.6424,-0.1117,0.5864,layer_31
drop_to_min_signed_diff,row_norm,4,per_ckpt,step200000-tokens840B,90,-0.5333,0.049,-0.5341,0.049,layer_31
drop_to_min_signed_diff,row_norm,4,per_ckpt,step350000-tokens1470B,90,-0.7272,0.001,-0.7501,0.001,layer_31
drop_to_min_signed_diff,row_norm,4,per_ckpt,step500000-tokens2100B,90,-0.589,0.023,-0.6282,0.014,layer_31
drop_to_min_signed_diff,row_norm,4,per_ckpt,step650000-tokens2730B,90,-0.7514,0.004,-0.7676,0.003,layer_31
drop_to_min_signed_diff,row_norm,4,per_ckpt,step800000-tokens3360B,90,-0.1449,0.3377,-0.1811,0.1518,layer_31
drop_to_min_signed_diff,row_norm,4,per_ckpt,step950000-tokens3990B,90,-0.5211,0.0819,-0.5698,0.0589,layer_31
drop_to_min_signed_diff,row_norm,4,per_ckpt,step1432000-tokens6014B,90,-0.4319,0.1059,-0.4453,0.0949,layer_31
drop_to_min_signed_diff,row_norm,4,per_ckpt,step1700000-tokens7232B,90,-0.8115,0.001,-0.8122,0.002,layer_31
drop_to_min_signed_diff,row_norm,4,per_ckpt,step1850000-tokens8492B,90,-0.6524,0.018,-0.6635,0.018,layer_31
drop_to_min_signed_diff,row_norm,4,per_ckpt,step2000000-tokens9752B,90,-0.7713,0.004,-0.7918,0.004,layer_31
drop_to_min_signed_diff,row_norm,4,per_ckpt,step2150000-tokens11012B,90,-0.1351,0.5974,-0.1891,0.4915,layer_31
drop_to_min_signed_diff,row_norm,4,per_ckpt,step2300000-tokens12272B,90,-0.7013,0.011,-0.7306,0.007,layer_31
drop_to_min_signed_diff,row_norm,4,per_ckpt,step2450000-tokens13532B,90,-0.808,0.002,-0.7618,0.004,layer_31
drop_to_min_signed_diff,row_norm,4,per_ckpt,step2600000-tokens14792B,90,-0.7734,0.005,-0.7393,0.009,layer_31
drop_to_min_signed_diff,row_norm,4,per_ckpt,main,90,-0.7542,0.009,-0.7297,0.014,layer_31
drop_to_min_signed_diff,row_norm,8,per_ckpt,step50000-tokens210B,90,0.3359,0.0859,0.3745,0.039,layer_31
drop_to_min_signed_diff,row_norm,8,per_ckpt,step200000-tokens840B,90,-0.2827,0.3187,-0.2355,0.4176,layer_31
drop_to_min_signed_diff,row_norm,8,per_ckpt,step350000-tokens1470B,90,-0.6926,0.004,-0.7171,0.002,layer_31
drop_to_min_signed_diff,row_norm,8,per_ckpt,step500000-tokens2100B,90,-0.5637,0.031,-0.6144,0.013,layer_31
drop_to_min_signed_diff,row_norm,8,per_ckpt,step650000-tokens2730B,90,-0.6817,0.007,-0.685,0.011,layer_31
drop_to_min_signed_diff,row_norm,8,per_ckpt,step800000-tokens3360B,90,-0.3401,0.1698,-0.3959,0.0969,layer_31
drop_to_min_signed_diff,row_norm,8,per_ckpt,step950000-tokens3990B,90,-0.7632,0.002,-0.7551,0.002,layer_31
drop_to_min_signed_diff,row_norm,8,per_ckpt,step1432000-tokens6014B,90,-0.5756,0.0549,-0.6202,0.029,layer_31
drop_to_min_signed_diff,row_norm,8,per_ckpt,step1700000-tokens7232B,90,-0.7247,0.005,-0.747,0.006,layer_31
drop_to_min_signed_diff,row_norm,8,per_ckpt,step1850000-tokens8492B,90,-0.6519,0.01,-0.6761,0.009,layer_31
drop_to_min_signed_diff,row_norm,8,per_ckpt,step2000000-tokens9752B,90,-0.6082,0.025,-0.6412,0.016,layer_31
drop_to_min_signed_diff,row_norm,8,per_ckpt,step2150000-tokens11012B,90,-0.6909,0.008,-0.7182,0.005,layer_31
drop_to_min_signed_diff,row_norm,8,per_ckpt,step2300000-tokens12272B,90,-0.7266,0.008,-0.7518,0.006,layer_31
drop_to_min_signed_diff,row_norm,8,per_ckpt,step2450000-tokens13532B,90,-0.7749,0.004,-0.7526,0.005,layer_31
drop_to_min_signed_diff,row_norm,8,per_ckpt,step2600000-tokens14792B,90,-0.8102,0.003,-0.7919,0.004,layer_31
drop_to_min_signed_diff,row_norm,8,per_ckpt,main,90,-0.7918,0.006,-0.7782,0.005,layer_31
drop_to_min_signed_diff,row_norm,16,per_ckpt,step50000-tokens210B,90,-0.3291,0.1459,-0.3617,0.1209,layer_31
drop_to_min_signed_diff,row_norm,16,per_ckpt,step200000-tokens840B,90,-0.3769,0.2048,-0.3952,0.1698,layer_31
drop_to_min_signed_diff,row_norm,16,per_ckpt,step350000-tokens1470B,90,-0.8108,0.001,-0.819,0.001,layer_31
drop_to_min_signed_diff,row_norm,16,per_ckpt,step500000-tokens2100B,90,-0.6858,0.006,-0.7129,0.005,layer_31
drop_to_min_signed_diff,row_norm,16,per_ckpt,step650000-tokens2730B,90,-0.6689,0.016,-0.6624,0.018,layer_31
drop_to_min_signed_diff,row_norm,16,per_ckpt,step800000-tokens3360B,90,-0.2021,0.4056,-0.304,0.2308,layer_31
drop_to_min_signed_diff,row_norm,16,per_ckpt,step950000-tokens3990B,90,-0.577,0.015,-0.5833,0.013,layer_31
drop_to_min_signed_diff,row_norm,16,per_ckpt,step1432000-tokens6014B,90,-0.4942,0.1209,-0.5464,0.0769,layer_31
drop_to_min_signed_diff,row_norm,16,per_ckpt,step1700000-tokens7232B,90,-0.6037,0.024,-0.6343,0.015,layer_31
drop_to_min_signed_diff,row_norm,16,per_ckpt,step1850000-tokens8492B,90,-0.5471,0.042,-0.5873,0.032,layer_31
drop_to_min_signed_diff,row_norm,16,per_ckpt,step2000000-tokens9752B,90,-0.4977,0.0529,-0.5407,0.026,layer_31
drop_to_min_signed_diff,row_norm,16,per_ckpt,step2150000-tokens11012B,90,-0.6728,0.01,-0.6727,0.01,layer_31
drop_to_min_signed_diff,row_norm,16,per_ckpt,step2300000-tokens12272B,90,-0.6075,0.018,-0.6421,0.015,layer_31
drop_to_min_signed_diff,row_norm,16,per_ckpt,step2450000-tokens13532B,90,-0.7744,0.004,-0.7425,0.006,layer_31
drop_to_min_signed_diff,row_norm,16,per_ckpt,step2600000-tokens14792B,90,-0.8012,0.004,-0.7931,0.004,layer_31
drop_to_min_signed_diff,row_norm,16,per_ckpt,main,90,-0.7602,0.007,-0.7687,0.005,layer_31
drop_to_min_signed_diff,col_norm,4,per_ckpt,step50000-tokens210B,90,-0.1104,0.6603,-0.0568,0.8412,layer_31
drop_to_min_signed_diff,col_norm,4,per_ckpt,step200000-tokens840B,90,0.7194,0.007,0.6948,0.008,layer_31
drop_to_min_signed_diff,col_norm,4,per_ckpt,step350000-tokens1470B,90,0.8637,0.001,0.8646,0.001,layer_31
drop_to_min_signed_diff,col_norm,4,per_ckpt,step500000-tokens2100B,90,0.3168,0.3207,0.3934,0.2248,layer_31
drop_to_min_signed_diff,col_norm,4,per_ckpt,step650000-tokens2730B,90,0.6639,0.025,0.6377,0.031,layer_31
drop_to_min_signed_diff,col_norm,4,per_ckpt,step800000-tokens3360B,90,-0.4286,0.045,-0.3726,0.1319,layer_31
drop_to_min_signed_diff,col_norm,4,per_ckpt,step950000-tokens3990B,90,0.3274,0.2747,0.3971,0.1988,layer_31
drop_to_min_signed_diff,col_norm,4,per_ckpt,step1432000-tokens6014B,90,-0.3582,0.1888,-0.4221,0.1568,layer_31
drop_to_min_signed_diff,col_norm,4,per_ckpt,step1700000-tokens7232B,90,0.7274,0.002,0.7126,0.005,layer_31
drop_to_min_signed_diff,col_norm,4,per_ckpt,step1850000-tokens8492B,90,0.3721,0.2318,0.3036,0.3367,layer_31
drop_to_min_signed_diff,col_norm,4,per_ckpt,step2000000-tokens9752B,90,-0.0943,0.7542,-0.0937,0.7702,layer_31
drop_to_min_signed_diff,col_norm,4,per_ckpt,step2150000-tokens11012B,90,-0.0119,0.957,-0.0276,0.9101,layer_31
drop_to_min_signed_diff,col_norm,4,per_ckpt,step2300000-tokens12272B,90,0.0878,0.7792,0.0866,0.7902,layer_31
drop_to_min_signed_diff,col_norm,4,per_ckpt,step2450000-tokens13532B,90,0.1327,0.6404,0.1362,0.6364,layer_31
drop_to_min_signed_diff,col_norm,4,per_ckpt,step2600000-tokens14792B,90,0.0441,0.8881,-0.0057,0.983,layer_31
drop_to_min_signed_diff,col_norm,4,per_ckpt,main,90,-0.33,0.1479,-0.3429,0.1389,layer_31
drop_to_min_signed_diff,col_norm,8,per_ckpt,step50000-tokens210B,90,-0.0979,0.7343,-0.0793,0.7932,layer_31
drop_to_min_signed_diff,col_norm,8,per_ckpt,step200000-tokens840B,90,0.6605,0.011,0.6439,0.011,layer_31
drop_to_min_signed_diff,col_norm,8,per_ckpt,step350000-tokens1470B,90,0.6136,0.028,0.6381,0.018,layer_31
drop_to_min_signed_diff,col_norm,8,per_ckpt,step500000-tokens2100B,90,0.4088,0.1528,0.4481,0.1269,layer_31
drop_to_min_signed_diff,col_norm,8,per_ckpt,step650000-tokens2730B,90,0.6116,0.041,0.6117,0.038,layer_31
drop_to_min_signed_diff,col_norm,8,per_ckpt,step800000-tokens3360B,90,0.5743,0.003,0.6205,0.003,layer_31
drop_to_min_signed_diff,col_norm,8,per_ckpt,step950000-tokens3990B,90,0.584,0.034,0.657,0.015,layer_31
drop_to_min_signed_diff,col_norm,8,per_ckpt,step1432000-tokens6014B,90,-0.0069,0.981,-0.0289,0.9261,layer_31
drop_to_min_signed_diff,col_norm,8,per_ckpt,step1700000-tokens7232B,90,0.6535,0.015,0.6731,0.016,layer_31
drop_to_min_signed_diff,col_norm,8,per_ckpt,step1850000-tokens8492B,90,0.1434,0.6513,0.1163,0.7173,layer_31
drop_to_min_signed_diff,col_norm,8,per_ckpt,step2000000-tokens9752B,90,0.477,0.0859,0.5028,0.0629,layer_31
drop_to_min_signed_diff,col_norm,8,per_ckpt,step2150000-tokens11012B,90,0.7498,0.003,0.7613,0.002,layer_31
drop_to_min_signed_diff,col_norm,8,per_ckpt,step2300000-tokens12272B,90,0.3795,0.2178,0.3612,0.2577,layer_31
drop_to_min_signed_diff,col_norm,8,per_ckpt,step2450000-tokens13532B,90,0.2905,0.2468,0.2842,0.2448,layer_31
drop_to_min_signed_diff,col_norm,8,per_ckpt,step2600000-tokens14792B,90,-0.2079,0.4336,-0.1972,0.4525,layer_31
drop_to_min_signed_diff,col_norm,8,per_ckpt,main,90,-0.4539,0.1089,-0.5361,0.036,layer_31
drop_to_min_signed_diff,col_norm,16,per_ckpt,step50000-tokens210B,90,0.3042,0.2607,0.3411,0.2148,layer_31
drop_to_min_signed_diff,col_norm,16,per_ckpt,step200000-tokens840B,90,0.7071,0.01,0.7234,0.005,layer_31
drop_to_min_signed_diff,col_norm,16,per_ckpt,step350000-tokens1470B,90,0.8302,0.001,0.8081,0.001,layer_31
drop_to_min_signed_diff,col_norm,16,per_ckpt,step500000-tokens2100B,90,0.3817,0.1708,0.4459,0.1179,layer_31
drop_to_min_signed_diff,col_norm,16,per_ckpt,step650000-tokens2730B,90,0.5769,0.045,0.5432,0.0719,layer_31
drop_to_min_signed_diff,col_norm,16,per_ckpt,step800000-tokens3360B,90,-0.0067,0.986,0.0473,0.8851,layer_31
drop_to_min_signed_diff,col_norm,16,per_ckpt,step950000-tokens3990B,90,0.4571,0.0949,0.5454,0.047,layer_31
drop_to_min_signed_diff,col_norm,16,per_ckpt,step1432000-tokens6014B,90,-0.3899,0.2108,-0.3871,0.2158,layer_31
drop_to_min_signed_diff,col_norm,16,per_ckpt,step1700000-tokens7232B,90,0.663,0.006,0.6538,0.007,layer_31
drop_to_min_signed_diff,col_norm,16,per_ckpt,step1850000-tokens8492B,90,0.2661,0.4166,0.222,0.4915,layer_31
drop_to_min_signed_diff,col_norm,16,per_ckpt,step2000000-tokens9752B,90,0.3663,0.1778,0.3564,0.1668,layer_31
drop_to_min_signed_diff,col_norm,16,per_ckpt,step2150000-tokens11012B,90,0.3643,0.1409,0.3949,0.1099,layer_31
drop_to_min_signed_diff,col_norm,16,per_ckpt,step2300000-tokens12272B,90,0.3134,0.2557,0.2896,0.3197,layer_31
drop_to_min_signed_diff,col_norm,16,per_ckpt,step2450000-tokens13532B,90,0.3564,0.1818,0.3721,0.1508,layer_31
drop_to_min_signed_diff,col_norm,16,per_ckpt,step2600000-tokens14792B,90,-0.0973,0.7273,-0.0965,0.7243,layer_31
drop_to_min_signed_diff,col_norm,16,per_ckpt,main,90,-0.101,0.6763,-0.1701,0.4795,layer_31
drop_to_min_min,row_norm,4,per_ckpt,step50000-tokens210B,90,0.0101,0.9401,0.0816,0.5495,layer_31
drop_to_min_min,row_norm,4,per_ckpt,step200000-tokens840B,90,-0.0277,0.7662,-0.011,0.9181,layer_31
drop_to_min_min,row_norm,4,per_ckpt,step350000-tokens1470B,90,0.0524,0.6933,-0.0091,0.9261,layer_31
drop_to_min_min,row_norm,4,per_ckpt,step500000-tokens2100B,90,0.0635,0.5844,0.0513,0.6424,layer_31
drop_to_min_min,row_norm,4,per_ckpt,step650000-tokens2730B,90,0.0026,0.985,0.0082,0.9221,layer_31
drop_to_min_min,row_norm,4,per_ckpt,step800000-tokens3360B,90,0.0331,0.7123,0.1208,0.3097,layer_31
drop_to_min_min,row_norm,4,per_ckpt,step950000-tokens3990B,90,0.0479,0.5485,-0.0165,0.8222,layer_31
drop_to_min_min,row_norm,4,per_ckpt,step1432000-tokens6014B,90,0.1218,0.4356,0.013,0.9261,layer_31
drop_to_min_min,row_norm,4,per_ckpt,step1700000-tokens7232B,90,-0.1361,0.1588,-0.1121,0.2158,layer_31
drop_to_min_min,row_norm,4,per_ckpt,step1850000-tokens8492B,90,-0.1637,0.018,-0.1532,0.028,layer_31
drop_to_min_min,row_norm,4,per_ckpt,step2000000-tokens9752B,90,-0.0471,0.2078,-0.0427,0.2338,layer_31
drop_to_min_min,row_norm,4,per_ckpt,step2150000-tokens11012B,90,0.0984,0.5804,0.1385,0.3327,layer_31
drop_to_min_min,row_norm,4,per_ckpt,step2300000-tokens12272B,90,-0.0212,0.6913,-0.0345,0.5904,layer_31
drop_to_min_min,row_norm,4,per_ckpt,step2450000-tokens13532B,90,0.1253,0.014,0.1127,0.0809,layer_31
drop_to_min_min,row_norm,4,per_ckpt,step2600000-tokens14792B,90,-0.0497,0.3986,-0.0454,0.4595,layer_31
drop_to_min_min,row_norm,4,per_ckpt,main,90,0.0527,0.2847,-0.0158,0.7143,layer_31
drop_to_min_min,row_norm,8,per_ckpt,step50000-tokens210B,90,-0.1153,0.3556,-0.0545,0.6673,layer_31
drop_to_min_min,row_norm,8,per_ckpt,step200000-tokens840B,90,0.2651,0.009,0.2652,0.011,layer_31
drop_to_min_min,row_norm,8,per_ckpt,step350000-tokens1470B,90,-0.0732,0.4655,0.0345,0.6953,layer_31
drop_to_min_min,row_norm,8,per_ckpt,step500000-tokens2100B,90,0.2572,0.035,0.1931,0.0859,layer_31
drop_to_min_min,row_norm,8,per_ckpt,step650000-tokens2730B,90,-0.0264,0.8012,-0.0715,0.4705,layer_31
drop_to_min_min,row_norm,8,per_ckpt,step800000-tokens3360B,90,-0.0757,0.4675,-0.1443,0.2308,layer_31
drop_to_min_min,row_norm,8,per_ckpt,step950000-tokens3990B,90,-0.065,0.2647,-0.0514,0.3916,layer_31
drop_to_min_min,row_norm,8,per_ckpt,step1432000-tokens6014B,90,0.0272,0.6983,0.0037,0.951,layer_31
drop_to_min_min,row_norm,8,per_ckpt,step1700000-tokens7232B,90,-0.0845,0.3447,-0.0106,0.9151,layer_31
drop_to_min_min,row_norm,8,per_ckpt,step1850000-tokens8492B,90,-0.0985,0.3237,-0.0547,0.5085,layer_31
drop_to_min_min,row_norm,8,per_ckpt,step2000000-tokens9752B,90,0.0639,0.4505,0.0919,0.4386,layer_31
drop_to_min_min,row_norm,8,per_ckpt,step2150000-tokens11012B,90,-0.0371,0.6983,-0.0884,0.3526,layer_31
drop_to_min_min,row_norm,8,per_ckpt,step2300000-tokens12272B,90,-0.0096,0.8362,-0.0203,0.6364,layer_31
drop_to_min_min,row_norm,8,per_ckpt,step2450000-tokens13532B,90,0.0859,0.1718,0.0924,0.2168,layer_31
drop_to_min_min,row_norm,8,per_ckpt,step2600000-tokens14792B,90,0.0164,0.7512,-0.0264,0.5455,layer_31
drop_to_min_min,row_norm,8,per_ckpt,main,90,0.0368,0.2537,0.0488,0.2897,layer_31
drop_to_min_min,row_norm,16,per_ckpt,step50000-tokens210B,90,-0.1156,0.5455,-0.0878,0.5924,layer_31
drop_to_min_min,row_norm,16,per_ckpt,step200000-tokens840B,90,0.1879,0.023,0.133,0.1998,layer_31
drop_to_min_min,row_norm,16,per_ckpt,step350000-tokens1470B,90,-0.2614,0.023,-0.1678,0.0549,layer_31
drop_to_min_min,row_norm,16,per_ckpt,step500000-tokens2100B,90,0.1633,0.1568,0.0794,0.4645,layer_31
drop_to_min_min,row_norm,16,per_ckpt,step650000-tokens2730B,90,0.0139,0.8362,-0.0142,0.8262,layer_31
drop_to_min_min,row_norm,16,per_ckpt,step800000-tokens3360B,90,-0.0102,0.9461,-0.0425,0.7562,layer_31
drop_to_min_min,row_norm,16,per_ckpt,step950000-tokens3990B,90,0.0168,0.9131,-0.0059,0.959,layer_31
drop_to_min_min,row_norm,16,per_ckpt,step1432000-tokens6014B,90,0.078,0.1419,0.0196,0.7473,layer_31
drop_to_min_min,row_norm,16,per_ckpt,step1700000-tokens7232B,90,0.0675,0.5734,0.0784,0.5005,layer_31
drop_to_min_min,row_norm,16,per_ckpt,step1850000-tokens8492B,90,0.0366,0.6573,0.0375,0.6623,layer_31
drop_to_min_min,row_norm,16,per_ckpt,step2000000-tokens9752B,90,0.1033,0.4575,0.1511,0.4306,layer_31
drop_to_min_min,row_norm,16,per_ckpt,step2150000-tokens11012B,90,0.1037,0.2657,0.1138,0.2458,layer_31
drop_to_min_min,row_norm,16,per_ckpt,step2300000-tokens12272B,90,0.0987,0.3447,0.0645,0.5335,layer_31
drop_to_min_min,row_norm,16,per_ckpt,step2450000-tokens13532B,90,0.1021,0.1039,0.0725,0.2318,layer_31
drop_to_min_min,row_norm,16,per_ckpt,step2600000-tokens14792B,90,0.0575,0.1359,0.0158,0.7493,layer_31
drop_to_min_min,row_norm,16,per_ckpt,main,90,0.1005,0.0989,0.0474,0.4476,layer_31
drop_to_min_min,col_norm,4,per_ckpt,step50000-tokens210B,90,-0.0029,0.983,0.0534,0.5365,layer_31
drop_to_min_min,col_norm,4,per_ckpt,step200000-tokens840B,90,0.0079,0.9121,-0.0108,0.8711,layer_31
drop_to_min_min,col_norm,4,per_ckpt,step350000-tokens1470B,90,0.0175,0.8162,-0.0033,0.96,layer_31
drop_to_min_min,col_norm,4,per_ckpt,step500000-tokens2100B,90,0.0196,0.8511,0.0528,0.5534,layer_31
drop_to_min_min,col_norm,4,per_ckpt,step650000-tokens2730B,90,-0.0098,0.9021,0.0213,0.7782,layer_31
drop_to_min_min,col_norm,4,per_ckpt,step800000-tokens3360B,90,0.0902,0.2787,0.0764,0.3187,layer_31
drop_to_min_min,col_norm,4,per_ckpt,step950000-tokens3990B,90,0.0841,0.3367,-0.0105,0.8801,layer_31
drop_to_min_min,col_norm,4,per_ckpt,step1432000-tokens6014B,90,0.1334,0.3826,0.0047,0.966,layer_31
drop_to_min_min,col_norm,4,per_ckpt,step1700000-tokens7232B,90,-0.1139,0.1658,-0.1006,0.2368,layer_31
drop_to_min_min,col_norm,4,per_ckpt,step1850000-tokens8492B,90,-0.1723,0.0549,-0.1651,0.041,layer_31
drop_to_min_min,col_norm,4,per_ckpt,step2000000-tokens9752B,90,-0.1051,0.0679,-0.0584,0.2827,layer_31
drop_to_min_min,col_norm,4,per_ckpt,step2150000-tokens11012B,90,0.1441,0.4705,0.1713,0.3327,layer_31
drop_to_min_min,col_norm,4,per_ckpt,step2300000-tokens12272B,90,-0.0137,0.8811,-0.0228,0.8172,layer_31
drop_to_min_min,col_norm,4,per_ckpt,step2450000-tokens13532B,90,0.1837,0.2178,0.2632,0.05,layer_31
drop_to_min_min,col_norm,4,per_ckpt,step2600000-tokens14792B,90,-0.079,0.4046,-0.0585,0.6833,layer_31
drop_to_min_min,col_norm,4,per_ckpt,main,90,0.1339,0.3616,0.0126,0.9201,layer_31
drop_to_min_min,col_norm,8,per_ckpt,step50000-tokens210B,90,-0.078,0.2967,-0.0288,0.6603,layer_31
drop_to_min_min,col_norm,8,per_ckpt,step200000-tokens840B,90,0.2166,0.0749,0.2379,0.016,layer_31
drop_to_min_min,col_norm,8,per_ckpt,step350000-tokens1470B,90,-0.0552,0.4316,0.0377,0.6114,layer_31
drop_to_min_min,col_norm,8,per_ckpt,step500000-tokens2100B,90,0.2456,0.0629,0.2063,0.0809,layer_31
drop_to_min_min,col_norm,8,per_ckpt,step650000-tokens2730B,90,-0.0234,0.8332,-0.0544,0.5734,layer_31
drop_to_min_min,col_norm,8,per_ckpt,step800000-tokens3360B,90,-0.0081,0.952,-0.1269,0.2228,layer_31
drop_to_min_min,col_norm,8,per_ckpt,step950000-tokens3990B,90,-0.032,0.6533,-0.0585,0.3377,layer_31
drop_to_min_min,col_norm,8,per_ckpt,step1432000-tokens6014B,90,-0.0007,0.986,0.0136,0.8202,layer_31
drop_to_min_min,col_norm,8,per_ckpt,step1700000-tokens7232B,90,-0.008,0.952,-0.0208,0.8322,layer_31
drop_to_min_min,col_norm,8,per_ckpt,step1850000-tokens8492B,90,-0.0742,0.5005,-0.0417,0.7143,layer_31
drop_to_min_min,col_norm,8,per_ckpt,step2000000-tokens9752B,90,0.101,0.3327,0.1419,0.2617,layer_31
drop_to_min_min,col_norm,8,per_ckpt,step2150000-tokens11012B,90,-0.0458,0.5554,-0.0905,0.3187,layer_31
drop_to_min_min,col_norm,8,per_ckpt,step2300000-tokens12272B,90,-0.0206,0.8092,-0.0098,0.8971,layer_31
drop_to_min_min,col_norm,8,per_ckpt,step2450000-tokens13532B,90,0.158,0.3836,0.2485,0.1598,layer_31
drop_to_min_min,col_norm,8,per_ckpt,step2600000-tokens14792B,90,0.0091,0.958,-0.0275,0.8671,layer_31
drop_to_min_min,col_norm,8,per_ckpt,main,90,0.038,0.7153,0.1664,0.1678,layer_31
drop_to_min_min,col_norm,16,per_ckpt,step50000-tokens210B,90,-0.064,0.6803,-0.0729,0.5894,layer_31
drop_to_min_min,col_norm,16,per_ckpt,step200000-tokens840B,90,0.1689,0.034,0.1119,0.1798,layer_31
drop_to_min_min,col_norm,16,per_ckpt,step350000-tokens1470B,90,-0.1314,0.015,-0.1091,0.0649,layer_31
drop_to_min_min,col_norm,16,per_ckpt,step500000-tokens2100B,90,0.1464,0.2847,0.0915,0.4356,layer_31
drop_to_min_min,col_norm,16,per_ckpt,step650000-tokens2730B,90,-0.0087,0.9241,-0.0002,0.997,layer_31
drop_to_min_min,col_norm,16,per_ckpt,step800000-tokens3360B,90,0.0353,0.7233,-0.0252,0.8022,layer_31
drop_to_min_min,col_norm,16,per_ckpt,step950000-tokens3990B,90,0.0416,0.7363,-0.0038,0.969,layer_31
drop_to_min_min,col_norm,16,per_ckpt,step1432000-tokens6014B,90,0.0667,0.2068,0.0299,0.6134,layer_31
drop_to_min_min,col_norm,16,per_ckpt,step1700000-tokens7232B,90,0.0741,0.5435,0.0915,0.4525,layer_31
drop_to_min_min,col_norm,16,per_ckpt,step1850000-tokens8492B,90,0.0131,0.8531,0.0509,0.5574,layer_31
drop_to_min_min,col_norm,16,per_ckpt,step2000000-tokens9752B,90,0.1169,0.4156,0.1734,0.3187,layer_31
drop_to_min_min,col_norm,16,per_ckpt,step2150000-tokens11012B,90,0.1401,0.3257,0.1629,0.2148,layer_31
drop_to_min_min,col_norm,16,per_ckpt,step2300000-tokens12272B,90,0.1411,0.2547,0.114,0.3477,layer_31
drop_to_min_min,col_norm,16,per_ckpt,step2450000-tokens13532B,90,0.1502,0.2927,0.2058,0.1568,layer_31
drop_to_min_min,col_norm,16,per_ckpt,step2600000-tokens14792B,90,0.2093,0.1029,0.1125,0.3606,layer_31
drop_to_min_min,col_norm,16,per_ckpt,main,90,0.2249,0.1718,0.182,0.2727,layer_31
drop_to_min_max,row_norm,4,per_ckpt,step50000-tokens210B,90,-0.0626,0.6643,0.0092,0.952,layer_31
drop_to_min_max,row_norm,4,per_ckpt,step200000-tokens840B,90,-0.076,0.4066,-0.0675,0.5145,layer_31
drop_to_min_max,row_norm,4,per_ckpt,step350000-tokens1470B,90,-0.0957,0.4186,-0.1064,0.3247,layer_31
drop_to_min_max,row_norm,4,per_ckpt,step500000-tokens2100B,90,0.1476,0.2378,0.0206,0.8671,layer_31
drop_to_min_max,row_norm,4,per_ckpt,step650000-tokens2730B,90,-0.055,0.4765,-0.1256,0.1339,layer_31
drop_to_min_max,row_norm,4,per_ckpt,step800000-tokens3360B,90,0.1493,0.0559,0.1188,0.2777,layer_31
drop_to_min_max,row_norm,4,per_ckpt,step950000-tokens3990B,90,0.0245,0.8372,0.0881,0.3307,layer_31
drop_to_min_max,row_norm,4,per_ckpt,step1432000-tokens6014B,90,0.1768,0.2378,0.1816,0.2298,layer_31
drop_to_min_max,row_norm,4,per_ckpt,step1700000-tokens7232B,90,-0.0453,0.6314,-0.0293,0.7872,layer_31
drop_to_min_max,row_norm,4,per_ckpt,step1850000-tokens8492B,90,-0.1077,0.1449,-0.1521,0.046,layer_31
drop_to_min_max,row_norm,4,per_ckpt,step2000000-tokens9752B,90,-0.0114,0.7632,0.0114,0.7762,layer_31
drop_to_min_max,row_norm,4,per_ckpt,step2150000-tokens11012B,90,0.0554,0.7652,0.0946,0.5874,layer_31
drop_to_min_max,row_norm,4,per_ckpt,step2300000-tokens12272B,90,0.0319,0.6414,0.0319,0.6134,layer_31
drop_to_min_max,row_norm,4,per_ckpt,step2450000-tokens13532B,90,0.1411,0.021,0.1797,0.005,layer_31
drop_to_min_max,row_norm,4,per_ckpt,step2600000-tokens14792B,90,0.002,0.96,0.0459,0.4396,layer_31
drop_to_min_max,row_norm,4,per_ckpt,main,90,0.0139,0.8092,0.0126,0.7972,layer_31
drop_to_min_max,row_norm,8,per_ckpt,step50000-tokens210B,90,0.1872,0.1449,0.1591,0.2218,layer_31
drop_to_min_max,row_norm,8,per_ckpt,step200000-tokens840B,90,0.2015,0.0769,0.2168,0.0679,layer_31
drop_to_min_max,row_norm,8,per_ckpt,step350000-tokens1470B,90,-0.1001,0.3297,-0.188,0.021,layer_31
drop_to_min_max,row_norm,8,per_ckpt,step500000-tokens2100B,90,0.1293,0.3457,0.0364,0.7602,layer_31
drop_to_min_max,row_norm,8,per_ckpt,step650000-tokens2730B,90,-0.0795,0.4306,-0.1068,0.2917,layer_31
drop_to_min_max,row_norm,8,per_ckpt,step800000-tokens3360B,90,-0.0619,0.5574,-0.194,0.0989,layer_31
drop_to_min_max,row_norm,8,per_ckpt,step950000-tokens3990B,90,-0.0296,0.6394,-0.0379,0.4476,layer_31
drop_to_min_max,row_norm,8,per_ckpt,step1432000-tokens6014B,90,0.0905,0.1938,0.1005,0.0829,layer_31
drop_to_min_max,row_norm,8,per_ckpt,step1700000-tokens7232B,90,0.0646,0.4765,0.1154,0.2308,layer_31
drop_to_min_max,row_norm,8,per_ckpt,step1850000-tokens8492B,90,-0.0471,0.6543,-0.0328,0.7173,layer_31
drop_to_min_max,row_norm,8,per_ckpt,step2000000-tokens9752B,90,0.0461,0.6553,0.155,0.1558,layer_31
drop_to_min_max,row_norm,8,per_ckpt,step2150000-tokens11012B,90,-0.1764,0.0739,-0.1997,0.028,layer_31
drop_to_min_max,row_norm,8,per_ckpt,step2300000-tokens12272B,90,0.0503,0.3576,0.0488,0.2647,layer_31
drop_to_min_max,row_norm,8,per_ckpt,step2450000-tokens13532B,90,0.1548,0.019,0.1813,0.005,layer_31
drop_to_min_max,row_norm,8,per_ckpt,step2600000-tokens14792B,90,0.0023,0.972,0.0246,0.6394,layer_31
drop_to_min_max,row_norm,8,per_ckpt,main,90,0.0675,0.0959,0.0971,0.015,layer_31
drop_to_min_max,row_norm,16,per_ckpt,step50000-tokens210B,90,-0.2585,0.1309,-0.2489,0.1528,layer_31
drop_to_min_max,row_norm,16,per_ckpt,step200000-tokens840B,90,0.0597,0.4925,0.0036,0.98,layer_31
drop_to_min_max,row_norm,16,per_ckpt,step350000-tokens1470B,90,-0.264,0.004,-0.2794,0.003,layer_31
drop_to_min_max,row_norm,16,per_ckpt,step500000-tokens2100B,90,0.1443,0.2917,0.0223,0.8701,layer_31
drop_to_min_max,row_norm,16,per_ckpt,step650000-tokens2730B,90,-0.0744,0.2877,-0.0889,0.2258,layer_31
drop_to_min_max,row_norm,16,per_ckpt,step800000-tokens3360B,90,-0.1671,0.2597,-0.2475,0.1039,layer_31
drop_to_min_max,row_norm,16,per_ckpt,step950000-tokens3990B,90,-0.053,0.7113,-0.0113,0.9321,layer_31
drop_to_min_max,row_norm,16,per_ckpt,step1432000-tokens6014B,90,0.0893,0.1229,0.0991,0.0579,layer_31
drop_to_min_max,row_norm,16,per_ckpt,step1700000-tokens7232B,90,0.1389,0.2587,0.1693,0.1918,layer_31
drop_to_min_max,row_norm,16,per_ckpt,step1850000-tokens8492B,90,-0.0301,0.7083,0.0091,0.9341,layer_31
drop_to_min_max,row_norm,16,per_ckpt,step2000000-tokens9752B,90,0.1647,0.2498,0.3039,0.0999,layer_31
drop_to_min_max,row_norm,16,per_ckpt,step2150000-tokens11012B,90,0.0832,0.3866,0.1296,0.2138,layer_31
drop_to_min_max,row_norm,16,per_ckpt,step2300000-tokens12272B,90,0.0785,0.4895,0.1085,0.3167,layer_31
drop_to_min_max,row_norm,16,per_ckpt,step2450000-tokens13532B,90,0.1459,0.023,0.1486,0.003,layer_31
drop_to_min_max,row_norm,16,per_ckpt,step2600000-tokens14792B,90,0.0472,0.2627,0.0637,0.1598,layer_31
drop_to_min_max,row_norm,16,per_ckpt,main,90,0.0916,0.1698,0.1242,0.038,layer_31
drop_to_min_max,col_norm,4,per_ckpt,step50000-tokens210B,90,-0.0437,0.7213,0.0072,0.9421,layer_31
drop_to_min_max,col_norm,4,per_ckpt,step200000-tokens840B,90,-0.068,0.2947,-0.0331,0.6144,layer_31
drop_to_min_max,col_norm,4,per_ckpt,step350000-tokens1470B,90,-0.0621,0.4945,-0.0615,0.4376,layer_31
drop_to_min_max,col_norm,4,per_ckpt,step500000-tokens2100B,90,0.0255,0.8122,0.0238,0.7922,layer_31
drop_to_min_max,col_norm,4,per_ckpt,step650000-tokens2730B,90,-0.1125,0.0759,-0.1007,0.1708,layer_31
drop_to_min_max,col_norm,4,per_ckpt,step800000-tokens3360B,90,0.055,0.5245,0.0753,0.2817,layer_31
drop_to_min_max,col_norm,4,per_ckpt,step950000-tokens3990B,90,0.0896,0.2448,0.087,0.3147,layer_31
drop_to_min_max,col_norm,4,per_ckpt,step1432000-tokens6014B,90,0.1832,0.2198,0.1439,0.2418,layer_31
drop_to_min_max,col_norm,4,per_ckpt,step1700000-tokens7232B,90,-0.0333,0.7143,-0.0254,0.8022,layer_31
drop_to_min_max,col_norm,4,per_ckpt,step1850000-tokens8492B,90,-0.1816,0.027,-0.1966,0.026,layer_31
drop_to_min_max,col_norm,4,per_ckpt,step2000000-tokens9752B,90,-0.0252,0.7293,-0.0307,0.6134,layer_31
drop_to_min_max,col_norm,4,per_ckpt,step2150000-tokens11012B,90,0.0908,0.7033,0.1093,0.6054,layer_31
drop_to_min_max,col_norm,4,per_ckpt,step2300000-tokens12272B,90,0.0819,0.3277,0.0326,0.7512,layer_31
drop_to_min_max,col_norm,4,per_ckpt,step2450000-tokens13532B,90,0.3291,0.024,0.3373,0.022,layer_31
drop_to_min_max,col_norm,4,per_ckpt,step2600000-tokens14792B,90,0.0777,0.4246,0.092,0.4625,layer_31
drop_to_min_max,col_norm,4,per_ckpt,main,90,-0.0097,0.9491,-0.0035,0.985,layer_31
drop_to_min_max,col_norm,8,per_ckpt,step50000-tokens210B,90,0.0912,0.1808,0.0798,0.2318,layer_31
drop_to_min_max,col_norm,8,per_ckpt,step200000-tokens840B,90,0.2067,0.048,0.2021,0.0609,layer_31
drop_to_min_max,col_norm,8,per_ckpt,step350000-tokens1470B,90,-0.1495,0.029,-0.1396,0.033,layer_31
drop_to_min_max,col_norm,8,per_ckpt,step500000-tokens2100B,90,0.0495,0.7333,0.0353,0.7772,layer_31
drop_to_min_max,col_norm,8,per_ckpt,step650000-tokens2730B,90,-0.107,0.2138,-0.0954,0.3007,layer_31
drop_to_min_max,col_norm,8,per_ckpt,step800000-tokens3360B,90,-0.0334,0.7712,-0.1662,0.1039,layer_31
drop_to_min_max,col_norm,8,per_ckpt,step950000-tokens3990B,90,-0.0438,0.5165,-0.0422,0.4176,layer_31
drop_to_min_max,col_norm,8,per_ckpt,step1432000-tokens6014B,90,0.0724,0.1718,0.0775,0.1658,layer_31
drop_to_min_max,col_norm,8,per_ckpt,step1700000-tokens7232B,90,0.0889,0.3407,0.1165,0.2927,layer_31
drop_to_min_max,col_norm,8,per_ckpt,step1850000-tokens8492B,90,-0.0617,0.5265,-0.0533,0.6014,layer_31
drop_to_min_max,col_norm,8,per_ckpt,step2000000-tokens9752B,90,0.1729,0.1119,0.1982,0.1429,layer_31
drop_to_min_max,col_norm,8,per_ckpt,step2150000-tokens11012B,90,-0.1249,0.1259,-0.1955,0.023,layer_31
drop_to_min_max,col_norm,8,per_ckpt,step2300000-tokens12272B,90,0.0902,0.2637,0.0536,0.4975,layer_31
drop_to_min_max,col_norm,8,per_ckpt,step2450000-tokens13532B,90,0.3668,0.036,0.3821,0.034,layer_31
drop_to_min_max,col_norm,8,per_ckpt,step2600000-tokens14792B,90,0.0419,0.7792,0.0353,0.8222,layer_31
drop_to_min_max,col_norm,8,per_ckpt,main,90,0.0696,0.5135,0.2257,0.0959,layer_31
drop_to_min_max,col_norm,16,per_ckpt,step50000-tokens210B,90,-0.2429,0.1049,-0.2043,0.1548,layer_31
drop_to_min_max,col_norm,16,per_ckpt,step200000-tokens840B,90,0.0279,0.7373,0.0172,0.8541,layer_31
drop_to_min_max,col_norm,16,per_ckpt,step350000-tokens1470B,90,-0.1189,0.0659,-0.1849,0.003,layer_31
drop_to_min_max,col_norm,16,per_ckpt,step500000-tokens2100B,90,0.0321,0.8232,0.0153,0.9271,layer_31
drop_to_min_max,col_norm,16,per_ckpt,step650000-tokens2730B,90,-0.1262,0.0919,-0.0927,0.2537,layer_31
drop_to_min_max,col_norm,16,per_ckpt,step800000-tokens3360B,90,-0.0966,0.3536,-0.1747,0.1089,layer_31
drop_to_min_max,col_norm,16,per_ckpt,step950000-tokens3990B,90,-0.0508,0.6404,-0.0028,0.984,layer_31
drop_to_min_max,col_norm,16,per_ckpt,step1432000-tokens6014B,90,0.0915,0.1169,0.0963,0.0799,layer_31
drop_to_min_max,col_norm,16,per_ckpt,step1700000-tokens7232B,90,0.1667,0.1768,0.1866,0.1518,layer_31
drop_to_min_max,col_norm,16,per_ckpt,step1850000-tokens8492B,90,0.0054,0.963,-0.0023,0.985,layer_31
drop_to_min_max,col_norm,16,per_ckpt,step2000000-tokens9752B,90,0.27,0.0769,0.3234,0.0959,layer_31
drop_to_min_max,col_norm,16,per_ckpt,step2150000-tokens11012B,90,0.156,0.2737,0.1766,0.2078,layer_31
drop_to_min_max,col_norm,16,per_ckpt,step2300000-tokens12272B,90,0.1738,0.1778,0.1359,0.3017,layer_31
drop_to_min_max,col_norm,16,per_ckpt,step2450000-tokens13532B,90,0.2552,0.0719,0.3122,0.032,layer_31
drop_to_min_max,col_norm,16,per_ckpt,step2600000-tokens14792B,90,0.1748,0.1768,0.1689,0.1748,layer_31
drop_to_min_max,col_norm,16,per_ckpt,main,90,0.266,0.1199,0.3215,0.0569,layer_31
drop_to_min_norm_asym,row_norm,4,per_ckpt,step50000-tokens210B,90,-0.107,0.6593,-0.0972,0.6743,layer_31
drop_to_min_norm_asym,row_norm,4,per_ckpt,step200000-tokens840B,90,-0.5931,0.027,-0.6013,0.02,layer_31
drop_to_min_norm_asym,row_norm,4,per_ckpt,step350000-tokens1470B,90,-0.6953,0.003,-0.6802,0.002,layer_31
drop_to_min_norm_asym,row_norm,4,per_ckpt,step500000-tokens2100B,90,-0.5881,0.024,-0.5557,0.033,layer_31
drop_to_min_norm_asym,row_norm,4,per_ckpt,step650000-tokens2730B,90,-0.7712,0.003,-0.7649,0.003,layer_31
drop_to_min_norm_asym,row_norm,4,per_ckpt,step800000-tokens3360B,90,-0.1219,0.3946,-0.1325,0.3167,layer_31
drop_to_min_norm_asym,row_norm,4,per_ckpt,step950000-tokens3990B,90,-0.4495,0.1429,-0.4594,0.1279,layer_31
drop_to_min_norm_asym,row_norm,4,per_ckpt,step1432000-tokens6014B,90,-0.4392,0.1009,-0.4723,0.0639,layer_31
drop_to_min_norm_asym,row_norm,4,per_ckpt,step1700000-tokens7232B,90,-0.7805,0.004,-0.7634,0.005,layer_31
drop_to_min_norm_asym,row_norm,4,per_ckpt,step1850000-tokens8492B,90,-0.5907,0.04,-0.5743,0.05,layer_31
drop_to_min_norm_asym,row_norm,4,per_ckpt,step2000000-tokens9752B,90,-0.7257,0.005,-0.7139,0.005,layer_31
drop_to_min_norm_asym,row_norm,4,per_ckpt,step2150000-tokens11012B,90,-0.0316,0.8921,-0.0341,0.8891,layer_31
drop_to_min_norm_asym,row_norm,4,per_ckpt,step2300000-tokens12272B,90,-0.6606,0.021,-0.68,0.02,layer_31
drop_to_min_norm_asym,row_norm,4,per_ckpt,step2450000-tokens13532B,90,-0.7927,0.003,-0.7331,0.003,layer_31
drop_to_min_norm_asym,row_norm,4,per_ckpt,step2600000-tokens14792B,90,-0.7711,0.004,-0.7311,0.005,layer_31
drop_to_min_norm_asym,row_norm,4,per_ckpt,main,90,-0.7213,0.01,-0.6793,0.01,layer_31
drop_to_min_norm_asym,row_norm,8,per_ckpt,step50000-tokens210B,90,0.287,0.1459,0.2873,0.1169,layer_31
drop_to_min_norm_asym,row_norm,8,per_ckpt,step200000-tokens840B,90,-0.3463,0.2208,-0.3332,0.2318,layer_31
drop_to_min_norm_asym,row_norm,8,per_ckpt,step350000-tokens1470B,90,-0.6928,0.002,-0.6578,0.003,layer_31
drop_to_min_norm_asym,row_norm,8,per_ckpt,step500000-tokens2100B,90,-0.5015,0.0599,-0.4789,0.0729,layer_31
drop_to_min_norm_asym,row_norm,8,per_ckpt,step650000-tokens2730B,90,-0.7011,0.007,-0.7062,0.005,layer_31
drop_to_min_norm_asym,row_norm,8,per_ckpt,step800000-tokens3360B,90,-0.3075,0.2078,-0.3117,0.1958,layer_31
drop_to_min_norm_asym,row_norm,8,per_ckpt,step950000-tokens3990B,90,-0.709,0.006,-0.6574,0.009,layer_31
drop_to_min_norm_asym,row_norm,8,per_ckpt,step1432000-tokens6014B,90,-0.5701,0.0509,-0.5976,0.032,layer_31
drop_to_min_norm_asym,row_norm,8,per_ckpt,step1700000-tokens7232B,90,-0.6859,0.009,-0.6535,0.014,layer_31
drop_to_min_norm_asym,row_norm,8,per_ckpt,step1850000-tokens8492B,90,-0.5913,0.017,-0.5852,0.017,layer_31
drop_to_min_norm_asym,row_norm,8,per_ckpt,step2000000-tokens9752B,90,-0.566,0.043,-0.5411,0.05,layer_31
drop_to_min_norm_asym,row_norm,8,per_ckpt,step2150000-tokens11012B,90,-0.6194,0.023,-0.5992,0.029,layer_31
drop_to_min_norm_asym,row_norm,8,per_ckpt,step2300000-tokens12272B,90,-0.6984,0.01,-0.6993,0.009,layer_31
drop_to_min_norm_asym,row_norm,8,per_ckpt,step2450000-tokens13532B,90,-0.751,0.006,-0.7035,0.011,layer_31
drop_to_min_norm_asym,row_norm,8,per_ckpt,step2600000-tokens14792B,90,-0.7914,0.005,-0.7608,0.005,layer_31
drop_to_min_norm_asym,row_norm,8,per_ckpt,main,90,-0.77,0.005,-0.7283,0.01,layer_31
drop_to_min_norm_asym,row_norm,16,per_ckpt,step50000-tokens210B,90,-0.2908,0.2148,-0.2994,0.2038,layer_31
drop_to_min_norm_asym,row_norm,16,per_ckpt,step200000-tokens840B,90,-0.4135,0.1638,-0.4531,0.1099,layer_31
drop_to_min_norm_asym,row_norm,16,per_ckpt,step350000-tokens1470B,90,-0.8296,0.001,-0.7875,0.001,layer_31
drop_to_min_norm_asym,row_norm,16,per_ckpt,step500000-tokens2100B,90,-0.6506,0.008,-0.6104,0.013,layer_31
drop_to_min_norm_asym,row_norm,16,per_ckpt,step650000-tokens2730B,90,-0.6775,0.013,-0.6781,0.014,layer_31
drop_to_min_norm_asym,row_norm,16,per_ckpt,step800000-tokens3360B,90,-0.1536,0.5055,-0.1884,0.4535,layer_31
drop_to_min_norm_asym,row_norm,16,per_ckpt,step950000-tokens3990B,90,-0.5125,0.036,-0.4868,0.0539,layer_31
drop_to_min_norm_asym,row_norm,16,per_ckpt,step1432000-tokens6014B,90,-0.4554,0.1548,-0.4901,0.1239,layer_31
drop_to_min_norm_asym,row_norm,16,per_ckpt,step1700000-tokens7232B,90,-0.5705,0.028,-0.5499,0.037,layer_31
drop_to_min_norm_asym,row_norm,16,per_ckpt,step1850000-tokens8492B,90,-0.4757,0.1009,-0.4967,0.0949,layer_31
drop_to_min_norm_asym,row_norm,16,per_ckpt,step2000000-tokens9752B,90,-0.4661,0.0799,-0.4433,0.0919,layer_31
drop_to_min_norm_asym,row_norm,16,per_ckpt,step2150000-tokens11012B,90,-0.6417,0.015,-0.6315,0.016,layer_31
drop_to_min_norm_asym,row_norm,16,per_ckpt,step2300000-tokens12272B,90,-0.5865,0.021,-0.6032,0.02,layer_31
drop_to_min_norm_asym,row_norm,16,per_ckpt,step2450000-tokens13532B,90,-0.7488,0.003,-0.698,0.007,layer_31
drop_to_min_norm_asym,row_norm,16,per_ckpt,step2600000-tokens14792B,90,-0.7828,0.004,-0.7451,0.008,layer_31
drop_to_min_norm_asym,row_norm,16,per_ckpt,main,90,-0.7336,0.009,-0.7082,0.013,layer_31
drop_to_min_norm_asym,col_norm,4,per_ckpt,step50000-tokens210B,90,-0.1276,0.6234,-0.1011,0.7263,layer_31
drop_to_min_norm_asym,col_norm,4,per_ckpt,step200000-tokens840B,90,0.7008,0.015,0.6476,0.025,layer_31
drop_to_min_norm_asym,col_norm,4,per_ckpt,step350000-tokens1470B,90,0.8293,0.001,0.7682,0.002,layer_31
drop_to_min_norm_asym,col_norm,4,per_ckpt,step500000-tokens2100B,90,0.252,0.4306,0.2388,0.4715,layer_31
drop_to_min_norm_asym,col_norm,4,per_ckpt,step650000-tokens2730B,90,0.6367,0.032,0.5936,0.0539,layer_31
drop_to_min_norm_asym,col_norm,4,per_ckpt,step800000-tokens3360B,90,-0.4688,0.017,-0.4056,0.0679,layer_31
drop_to_min_norm_asym,col_norm,4,per_ckpt,step950000-tokens3990B,90,0.2614,0.3996,0.3073,0.3077,layer_31
drop_to_min_norm_asym,col_norm,4,per_ckpt,step1432000-tokens6014B,90,-0.3451,0.2048,-0.3658,0.2268,layer_31
drop_to_min_norm_asym,col_norm,4,per_ckpt,step1700000-tokens7232B,90,0.7079,0.005,0.6603,0.013,layer_31
drop_to_min_norm_asym,col_norm,4,per_ckpt,step1850000-tokens8492B,90,0.3965,0.2068,0.3922,0.1948,layer_31
drop_to_min_norm_asym,col_norm,4,per_ckpt,step2000000-tokens9752B,90,-0.1275,0.6803,-0.1343,0.6693,layer_31
drop_to_min_norm_asym,col_norm,4,per_ckpt,step2150000-tokens11012B,90,-0.0767,0.7333,-0.1039,0.6623,layer_31
drop_to_min_norm_asym,col_norm,4,per_ckpt,step2300000-tokens12272B,90,0.0938,0.7532,0.1339,0.6663,layer_31
drop_to_min_norm_asym,col_norm,4,per_ckpt,step2450000-tokens13532B,90,0.0772,0.7892,0.0542,0.8541,layer_31
drop_to_min_norm_asym,col_norm,4,per_ckpt,step2600000-tokens14792B,90,-0.0237,0.9391,-0.1348,0.6044,layer_31
drop_to_min_norm_asym,col_norm,4,per_ckpt,main,90,-0.3816,0.0849,-0.4126,0.0569,layer_31
drop_to_min_norm_asym,col_norm,8,per_ckpt,step50000-tokens210B,90,0.0086,0.973,0.0486,0.8771,layer_31
drop_to_min_norm_asym,col_norm,8,per_ckpt,step200000-tokens840B,90,0.6831,0.006,0.6836,0.004,layer_31
drop_to_min_norm_asym,col_norm,8,per_ckpt,step350000-tokens1470B,90,0.5745,0.0529,0.5337,0.0729,layer_31
drop_to_min_norm_asym,col_norm,8,per_ckpt,step500000-tokens2100B,90,0.3215,0.2787,0.2897,0.3487,layer_31
drop_to_min_norm_asym,col_norm,8,per_ckpt,step650000-tokens2730B,90,0.6233,0.034,0.6139,0.044,layer_31
drop_to_min_norm_asym,col_norm,8,per_ckpt,step800000-tokens3360B,90,0.5304,0.016,0.4928,0.022,layer_31
drop_to_min_norm_asym,col_norm,8,per_ckpt,step950000-tokens3990B,90,0.5566,0.048,0.588,0.037,layer_31
drop_to_min_norm_asym,col_norm,8,per_ckpt,step1432000-tokens6014B,90,-0.0216,0.9361,-0.0842,0.7832,layer_31
drop_to_min_norm_asym,col_norm,8,per_ckpt,step1700000-tokens7232B,90,0.6448,0.016,0.6102,0.02,layer_31
drop_to_min_norm_asym,col_norm,8,per_ckpt,step1850000-tokens8492B,90,0.1375,0.6613,0.1203,0.6833,layer_31
drop_to_min_norm_asym,col_norm,8,per_ckpt,step2000000-tokens9752B,90,0.422,0.1339,0.4042,0.1508,layer_31
drop_to_min_norm_asym,col_norm,8,per_ckpt,step2150000-tokens11012B,90,0.7035,0.005,0.6731,0.009,layer_31
drop_to_min_norm_asym,col_norm,8,per_ckpt,step2300000-tokens12272B,90,0.3743,0.2428,0.3895,0.2268,layer_31
drop_to_min_norm_asym,col_norm,8,per_ckpt,step2450000-tokens13532B,90,0.2554,0.3087,0.2598,0.2847,layer_31
drop_to_min_norm_asym,col_norm,8,per_ckpt,step2600000-tokens14792B,90,-0.2513,0.3207,-0.2666,0.2987,layer_31
drop_to_min_norm_asym,col_norm,8,per_ckpt,main,90,-0.442,0.1109,-0.4681,0.0809,layer_31
drop_to_min_norm_asym,col_norm,16,per_ckpt,step50000-tokens210B,90,0.2187,0.4356,0.2427,0.3916,layer_31
drop_to_min_norm_asym,col_norm,16,per_ckpt,step200000-tokens840B,90,0.6095,0.028,0.5886,0.035,layer_31
drop_to_min_norm_asym,col_norm,16,per_ckpt,step350000-tokens1470B,90,0.7847,0.008,0.7084,0.013,layer_31
drop_to_min_norm_asym,col_norm,16,per_ckpt,step500000-tokens2100B,90,0.3404,0.2198,0.3264,0.2348,layer_31
drop_to_min_norm_asym,col_norm,16,per_ckpt,step650000-tokens2730B,90,0.6167,0.033,0.6107,0.035,layer_31
drop_to_min_norm_asym,col_norm,16,per_ckpt,step800000-tokens3360B,90,-0.0548,0.8631,-0.0359,0.9091,layer_31
drop_to_min_norm_asym,col_norm,16,per_ckpt,step950000-tokens3990B,90,0.3848,0.1768,0.3805,0.2008,layer_31
drop_to_min_norm_asym,col_norm,16,per_ckpt,step1432000-tokens6014B,90,-0.4273,0.1868,-0.4696,0.1459,layer_31
drop_to_min_norm_asym,col_norm,16,per_ckpt,step1700000-tokens7232B,90,0.6244,0.023,0.5797,0.03,layer_31
drop_to_min_norm_asym,col_norm,16,per_ckpt,step1850000-tokens8492B,90,0.2513,0.4196,0.214,0.4955,layer_31
drop_to_min_norm_asym,col_norm,16,per_ckpt,step2000000-tokens9752B,90,0.3151,0.2388,0.2836,0.2747,layer_31
drop_to_min_norm_asym,col_norm,16,per_ckpt,step2150000-tokens11012B,90,0.2756,0.2727,0.2372,0.3437,layer_31
drop_to_min_norm_asym,col_norm,16,per_ckpt,step2300000-tokens12272B,90,0.2384,0.3926,0.1989,0.4785,layer_31
drop_to_min_norm_asym,col_norm,16,per_ckpt,step2450000-tokens13532B,90,0.2671,0.3307,0.2451,0.3526,layer_31
drop_to_min_norm_asym,col_norm,16,per_ckpt,step2600000-tokens14792B,90,-0.1031,0.7013,-0.114,0.6673,layer_31
drop_to_min_norm_asym,col_norm,16,per_ckpt,main,90,-0.0805,0.7363,-0.1028,0.6703,layer_31
drop_to_min_abs_ratio,row_norm,4,per_ckpt,step50000-tokens210B,90,-0.054,0.5604,-0.059,0.5634,layer_31
drop_to_min_abs_ratio,row_norm,4,per_ckpt,step200000-tokens840B,90,-0.01,0.8671,-0.0577,0.4166,layer_31
drop_to_min_abs_ratio,row_norm,4,per_ckpt,step350000-tokens1470B,90,-0.0789,0.1888,-0.1278,0.032,layer_31
drop_to_min_abs_ratio,row_norm,4,per_ckpt,step500000-tokens2100B,90,0.1004,0.1259,0.0106,0.8831,layer_31
drop_to_min_abs_ratio,row_norm,4,per_ckpt,step650000-tokens2730B,90,-0.0584,0.2577,-0.107,0.0729,layer_31
drop_to_min_abs_ratio,row_norm,4,per_ckpt,step800000-tokens3360B,90,-0.0374,0.7133,0.0523,0.6733,layer_31
drop_to_min_abs_ratio,row_norm,4,per_ckpt,step950000-tokens3990B,90,0.017,0.7143,0.0764,0.1538,layer_31
drop_to_min_abs_ratio,row_norm,4,per_ckpt,step1432000-tokens6014B,90,0.0234,0.7353,0.0922,0.2627,layer_31
drop_to_min_abs_ratio,row_norm,4,per_ckpt,step1700000-tokens7232B,90,-0.0021,0.968,0.0781,0.1768,layer_31
drop_to_min_abs_ratio,row_norm,4,per_ckpt,step1850000-tokens8492B,90,0.0546,0.2248,0.0221,0.6893,layer_31
drop_to_min_abs_ratio,row_norm,4,per_ckpt,step2000000-tokens9752B,90,0.0201,0.3966,0.0539,0.027,layer_31
drop_to_min_abs_ratio,row_norm,4,per_ckpt,step2150000-tokens11012B,90,-0.0388,0.6244,-0.032,0.7103,layer_31
drop_to_min_abs_ratio,row_norm,4,per_ckpt,step2300000-tokens12272B,90,0.0388,0.2338,0.0542,0.1508,layer_31
drop_to_min_abs_ratio,row_norm,4,per_ckpt,step2450000-tokens13532B,90,0.0038,0.9071,0.0357,0.4006,layer_31
drop_to_min_abs_ratio,row_norm,4,per_ckpt,step2600000-tokens14792B,90,0.0369,0.2607,0.0626,0.0819,layer_31
drop_to_min_abs_ratio,row_norm,4,per_ckpt,main,90,0.0031,0.9211,0.011,0.7033,layer_31
drop_to_min_abs_ratio,row_norm,8,per_ckpt,step50000-tokens210B,90,0.128,0.1818,0.1883,0.0639,layer_31
drop_to_min_abs_ratio,row_norm,8,per_ckpt,step200000-tokens840B,90,-0.1427,0.048,-0.1202,0.1189,layer_31
drop_to_min_abs_ratio,row_norm,8,per_ckpt,step350000-tokens1470B,90,-0.0883,0.1858,-0.1988,0.013,layer_31
drop_to_min_abs_ratio,row_norm,8,per_ckpt,step500000-tokens2100B,90,-0.092,0.1748,-0.1633,0.025,layer_31
drop_to_min_abs_ratio,row_norm,8,per_ckpt,step650000-tokens2730B,90,-0.0384,0.4715,-0.057,0.3307,layer_31
drop_to_min_abs_ratio,row_norm,8,per_ckpt,step800000-tokens3360B,90,0.0277,0.7463,0.0314,0.7433,layer_31
drop_to_min_abs_ratio,row_norm,8,per_ckpt,step950000-tokens3990B,90,0.0231,0.6394,0.0167,0.7682,layer_31
drop_to_min_abs_ratio,row_norm,8,per_ckpt,step1432000-tokens6014B,90,0.0894,0.0579,0.0831,0.0799,layer_31
drop_to_min_abs_ratio,row_norm,8,per_ckpt,step1700000-tokens7232B,90,0.0778,0.1149,0.1445,0.01,layer_31
drop_to_min_abs_ratio,row_norm,8,per_ckpt,step1850000-tokens8492B,90,0.0537,0.3497,0.0294,0.5954,layer_31
drop_to_min_abs_ratio,row_norm,8,per_ckpt,step2000000-tokens9752B,90,-0.0495,0.3447,0.022,0.7343,layer_31
drop_to_min_abs_ratio,row_norm,8,per_ckpt,step2150000-tokens11012B,90,-0.0882,0.1459,-0.0966,0.1339,layer_31
drop_to_min_abs_ratio,row_norm,8,per_ckpt,step2300000-tokens12272B,90,0.0332,0.2338,0.0477,0.1059,layer_31
drop_to_min_abs_ratio,row_norm,8,per_ckpt,step2450000-tokens13532B,90,0.0485,0.1858,0.0607,0.1848,layer_31
drop_to_min_abs_ratio,row_norm,8,per_ckpt,step2600000-tokens14792B,90,0.0017,0.9451,0.035,0.1798,layer_31
drop_to_min_abs_ratio,row_norm,8,per_ckpt,main,90,0.0286,0.2058,0.0346,0.1928,layer_31
drop_to_min_abs_ratio,row_norm,16,per_ckpt,step50000-tokens210B,90,-0.1234,0.1459,-0.1111,0.2737,layer_31
drop_to_min_abs_ratio,row_norm,16,per_ckpt,step200000-tokens840B,90,-0.1253,0.022,-0.1483,0.027,layer_31
drop_to_min_abs_ratio,row_norm,16,per_ckpt,step350000-tokens1470B,90,0.0274,0.6064,-0.087,0.1528,layer_31
drop_to_min_abs_ratio,row_norm,16,per_ckpt,step500000-tokens2100B,90,0.0021,0.974,-0.0861,0.1978,layer_31
drop_to_min_abs_ratio,row_norm,16,per_ckpt,step650000-tokens2730B,90,-0.0729,0.0799,-0.066,0.1518,layer_31
drop_to_min_abs_ratio,row_norm,16,per_ckpt,step800000-tokens3360B,90,-0.1202,0.1768,-0.1549,0.1009,layer_31
drop_to_min_abs_ratio,row_norm,16,per_ckpt,step950000-tokens3990B,90,-0.0298,0.6823,-0.0486,0.5185,layer_31
drop_to_min_abs_ratio,row_norm,16,per_ckpt,step1432000-tokens6014B,90,0.0585,0.1199,0.0304,0.4695,layer_31
drop_to_min_abs_ratio,row_norm,16,per_ckpt,step1700000-tokens7232B,90,0.0117,0.8621,0.0641,0.3836,layer_31
drop_to_min_abs_ratio,row_norm,16,per_ckpt,step1850000-tokens8492B,90,-0.0524,0.3277,-0.047,0.3936,layer_31
drop_to_min_abs_ratio,row_norm,16,per_ckpt,step2000000-tokens9752B,90,0.0131,0.8781,0.0633,0.5145,layer_31
drop_to_min_abs_ratio,row_norm,16,per_ckpt,step2150000-tokens11012B,90,-0.0281,0.6683,-0.0199,0.8042,layer_31
drop_to_min_abs_ratio,row_norm,16,per_ckpt,step2300000-tokens12272B,90,-0.0395,0.4705,0.0119,0.8581,layer_31
drop_to_min_abs_ratio,row_norm,16,per_ckpt,step2450000-tokens13532B,90,0.0273,0.4336,0.0503,0.2118,layer_31
drop_to_min_abs_ratio,row_norm,16,per_ckpt,step2600000-tokens14792B,90,-0.0116,0.6234,0.0181,0.5465,layer_31
drop_to_min_abs_ratio,row_norm,16,per_ckpt,main,90,-0.0012,0.976,0.0431,0.2458,layer_31
drop_to_min_abs_ratio,col_norm,4,per_ckpt,step50000-tokens210B,90,-0.0425,0.5455,-0.0379,0.5584,layer_31
drop_to_min_abs_ratio,col_norm,4,per_ckpt,step200000-tokens840B,90,-0.0393,0.2517,-0.0198,0.6593,layer_31
drop_to_min_abs_ratio,col_norm,4,per_ckpt,step350000-tokens1470B,90,-0.0258,0.5664,-0.088,0.0729,layer_31
drop_to_min_abs_ratio,col_norm,4,per_ckpt,step500000-tokens2100B,90,0.0458,0.4056,0.0007,0.99,layer_31
drop_to_min_abs_ratio,col_norm,4,per_ckpt,step650000-tokens2730B,90,-0.0913,0.049,-0.1012,0.044,layer_31
drop_to_min_abs_ratio,col_norm,4,per_ckpt,step800000-tokens3360B,90,-0.1012,0.2138,0.0339,0.6713,layer_31
drop_to_min_abs_ratio,col_norm,4,per_ckpt,step950000-tokens3990B,90,0.0285,0.5385,0.0714,0.1608,layer_31
drop_to_min_abs_ratio,col_norm,4,per_ckpt,step1432000-tokens6014B,90,0.0436,0.5504,0.078,0.2498,layer_31
drop_to_min_abs_ratio,col_norm,4,per_ckpt,step1700000-tokens7232B,90,0.0087,0.8701,0.0732,0.1748,layer_31
drop_to_min_abs_ratio,col_norm,4,per_ckpt,step1850000-tokens8492B,90,0.0048,0.9381,0.0034,0.962,layer_31
drop_to_min_abs_ratio,col_norm,4,per_ckpt,step2000000-tokens9752B,90,0.0443,0.2258,0.0449,0.2807,layer_31
drop_to_min_abs_ratio,col_norm,4,per_ckpt,step2150000-tokens11012B,90,-0.0445,0.6454,-0.0463,0.6703,layer_31
drop_to_min_abs_ratio,col_norm,4,per_ckpt,step2300000-tokens12272B,90,0.0428,0.4106,0.0455,0.4725,layer_31
drop_to_min_abs_ratio,col_norm,4,per_ckpt,step2450000-tokens13532B,90,0.0175,0.7922,0.0248,0.7852,layer_31
drop_to_min_abs_ratio,col_norm,4,per_ckpt,step2600000-tokens14792B,90,0.0887,0.2008,0.0938,0.2488,layer_31
drop_to_min_abs_ratio,col_norm,4,per_ckpt,main,90,-0.0361,0.6713,-0.0497,0.5974,layer_31
drop_to_min_abs_ratio,col_norm,8,per_ckpt,step50000-tokens210B,90,0.0919,0.0659,0.0969,0.0639,layer_31
drop_to_min_abs_ratio,col_norm,8,per_ckpt,step200000-tokens840B,90,-0.0897,0.1718,-0.0987,0.1628,layer_31
drop_to_min_abs_ratio,col_norm,8,per_ckpt,step350000-tokens1470B,90,-0.1328,0.021,-0.1634,0.01,layer_31
drop_to_min_abs_ratio,col_norm,8,per_ckpt,step500000-tokens2100B,90,-0.1245,0.1039,-0.1779,0.017,layer_31
drop_to_min_abs_ratio,col_norm,8,per_ckpt,step650000-tokens2730B,90,-0.0651,0.2018,-0.0569,0.2997,layer_31
drop_to_min_abs_ratio,col_norm,8,per_ckpt,step800000-tokens3360B,90,0.004,0.969,0.0309,0.7133,layer_31
drop_to_min_abs_ratio,col_norm,8,per_ckpt,step950000-tokens3990B,90,-0.035,0.5135,0.0211,0.7193,layer_31
drop_to_min_abs_ratio,col_norm,8,per_ckpt,step1432000-tokens6014B,90,0.0663,0.0919,0.0541,0.1888,layer_31
drop_to_min_abs_ratio,col_norm,8,per_ckpt,step1700000-tokens7232B,90,0.0446,0.4386,0.1666,0.009,layer_31
drop_to_min_abs_ratio,col_norm,8,per_ckpt,step1850000-tokens8492B,90,0.0072,0.9041,0.0096,0.8951,layer_31
drop_to_min_abs_ratio,col_norm,8,per_ckpt,step2000000-tokens9752B,90,0.0278,0.7193,0.0113,0.8791,layer_31
drop_to_min_abs_ratio,col_norm,8,per_ckpt,step2150000-tokens11012B,90,-0.025,0.6434,-0.0902,0.1449,layer_31
drop_to_min_abs_ratio,col_norm,8,per_ckpt,step2300000-tokens12272B,90,0.0304,0.5664,0.0382,0.5005,layer_31
drop_to_min_abs_ratio,col_norm,8,per_ckpt,step2450000-tokens13532B,90,0.0934,0.2957,0.0818,0.4565,layer_31
drop_to_min_abs_ratio,col_norm,8,per_ckpt,step2600000-tokens14792B,90,0.0294,0.7153,0.0336,0.7283,layer_31
drop_to_min_abs_ratio,col_norm,8,per_ckpt,main,90,0.0112,0.8651,0.0379,0.6494,layer_31
drop_to_min_abs_ratio,col_norm,16,per_ckpt,step50000-tokens210B,90,-0.1404,0.047,-0.0904,0.2777,layer_31
drop_to_min_abs_ratio,col_norm,16,per_ckpt,step200000-tokens840B,90,-0.1203,0.019,-0.1172,0.029,layer_31
drop_to_min_abs_ratio,col_norm,16,per_ckpt,step350000-tokens1470B,90,0.008,0.7942,-0.0654,0.1219,layer_31
drop_to_min_abs_ratio,col_norm,16,per_ckpt,step500000-tokens2100B,90,-0.0228,0.7113,-0.1108,0.1349,layer_31
drop_to_min_abs_ratio,col_norm,16,per_ckpt,step650000-tokens2730B,90,-0.1081,0.04,-0.0778,0.1299,layer_31
drop_to_min_abs_ratio,col_norm,16,per_ckpt,step800000-tokens3360B,90,-0.0893,0.1429,-0.1118,0.1039,layer_31
drop_to_min_abs_ratio,col_norm,16,per_ckpt,step950000-tokens3990B,90,-0.0617,0.3217,-0.0383,0.5564,layer_31
drop_to_min_abs_ratio,col_norm,16,per_ckpt,step1432000-tokens6014B,90,0.0417,0.2987,0.0189,0.6663,layer_31
drop_to_min_abs_ratio,col_norm,16,per_ckpt,step1700000-tokens7232B,90,0.0367,0.5884,0.0706,0.3606,layer_31
drop_to_min_abs_ratio,col_norm,16,per_ckpt,step1850000-tokens8492B,90,-0.0356,0.4505,-0.0609,0.2318,layer_31
drop_to_min_abs_ratio,col_norm,16,per_ckpt,step2000000-tokens9752B,90,0.0768,0.3427,0.0567,0.5794,layer_31
drop_to_min_abs_ratio,col_norm,16,per_ckpt,step2150000-tokens11012B,90,-0.0269,0.7612,-0.0355,0.7323,layer_31
drop_to_min_abs_ratio,col_norm,16,per_ckpt,step2300000-tokens12272B,90,-0.0271,0.6953,-0.014,0.8721,layer_31
drop_to_min_abs_ratio,col_norm,16,per_ckpt,step2450000-tokens13532B,90,0.0356,0.6593,0.0626,0.5025,layer_31
drop_to_min_abs_ratio,col_norm,16,per_ckpt,step2600000-tokens14792B,90,-0.0502,0.5225,-0.0271,0.7622,layer_31
drop_to_min_abs_ratio,col_norm,16,per_ckpt,main,90,0.0488,0.6054,0.0588,0.5744,layer_31
drop_to_min_signed_ratio,row_norm,4,per_ckpt,step50000-tokens210B,90,-0.107,0.6593,-0.1228,0.4945,layer_31
drop_to_min_signed_ratio,row_norm,4,per_ckpt,step200000-tokens840B,90,-0.5931,0.027,-0.5618,0.01,layer_31
drop_to_min_signed_ratio,row_norm,4,per_ckpt,step350000-tokens1470B,90,-0.6953,0.003,-0.6666,0.001,layer_31
drop_to_min_signed_ratio,row_norm,4,per_ckpt,step500000-tokens2100B,90,-0.5881,0.024,-0.5044,0.025,layer_31
drop_to_min_signed_ratio,row_norm,4,per_ckpt,step650000-tokens2730B,90,-0.7712,0.003,-0.7208,0.001,layer_31
drop_to_min_signed_ratio,row_norm,4,per_ckpt,step800000-tokens3360B,90,-0.1219,0.3946,-0.0828,0.4995,layer_31
drop_to_min_signed_ratio,row_norm,4,per_ckpt,step950000-tokens3990B,90,-0.4495,0.1429,-0.3591,0.1678,layer_31
drop_to_min_signed_ratio,row_norm,4,per_ckpt,step1432000-tokens6014B,90,-0.4392,0.1009,-0.358,0.1259,layer_31
drop_to_min_signed_ratio,row_norm,4,per_ckpt,step1700000-tokens7232B,90,-0.7805,0.004,-0.6113,0.007,layer_31
drop_to_min_signed_ratio,row_norm,4,per_ckpt,step1850000-tokens8492B,90,-0.5907,0.04,-0.4588,0.0609,layer_31
drop_to_min_signed_ratio,row_norm,4,per_ckpt,step2000000-tokens9752B,90,-0.7257,0.005,-0.5807,0.012,layer_31
drop_to_min_signed_ratio,row_norm,4,per_ckpt,step2150000-tokens11012B,90,-0.0316,0.8921,-0.0455,0.8192,layer_31
drop_to_min_signed_ratio,row_norm,4,per_ckpt,step2300000-tokens12272B,90,-0.6606,0.021,-0.5493,0.029,layer_31
drop_to_min_signed_ratio,row_norm,4,per_ckpt,step2450000-tokens13532B,90,-0.7927,0.003,-0.5968,0.011,layer_31
drop_to_min_signed_ratio,row_norm,4,per_ckpt,step2600000-tokens14792B,90,-0.7711,0.004,-0.5799,0.012,layer_31
drop_to_min_signed_ratio,row_norm,4,per_ckpt,main,90,-0.7213,0.01,-0.5659,0.021,layer_31
drop_to_min_signed_ratio,row_norm,8,per_ckpt,step50000-tokens210B,90,0.287,0.1459,0.3721,0.017,layer_31
drop_to_min_signed_ratio,row_norm,8,per_ckpt,step200000-tokens840B,90,-0.3463,0.2208,-0.3517,0.1379,layer_31
drop_to_min_signed_ratio,row_norm,8,per_ckpt,step350000-tokens1470B,90,-0.6928,0.002,-0.7064,0.001,layer_31
drop_to_min_signed_ratio,row_norm,8,per_ckpt,step500000-tokens2100B,90,-0.5015,0.0599,-0.5237,0.016,layer_31
drop_to_min_signed_ratio,row_norm,8,per_ckpt,step650000-tokens2730B,90,-0.7011,0.007,-0.6303,0.004,layer_31
drop_to_min_signed_ratio,row_norm,8,per_ckpt,step800000-tokens3360B,90,-0.3075,0.2078,-0.2707,0.1928,layer_31
drop_to_min_signed_ratio,row_norm,8,per_ckpt,step950000-tokens3990B,90,-0.709,0.006,-0.5431,0.014,layer_31
drop_to_min_signed_ratio,row_norm,8,per_ckpt,step1432000-tokens6014B,90,-0.5701,0.0509,-0.4854,0.044,layer_31
drop_to_min_signed_ratio,row_norm,8,per_ckpt,step1700000-tokens7232B,90,-0.6859,0.009,-0.4951,0.039,layer_31
drop_to_min_signed_ratio,row_norm,8,per_ckpt,step1850000-tokens8492B,90,-0.5913,0.017,-0.4721,0.045,layer_31
drop_to_min_signed_ratio,row_norm,8,per_ckpt,step2000000-tokens9752B,90,-0.566,0.043,-0.4585,0.0569,layer_31
drop_to_min_signed_ratio,row_norm,8,per_ckpt,step2150000-tokens11012B,90,-0.6194,0.023,-0.5688,0.009,layer_31
drop_to_min_signed_ratio,row_norm,8,per_ckpt,step2300000-tokens12272B,90,-0.6984,0.01,-0.5681,0.016,layer_31
drop_to_min_signed_ratio,row_norm,8,per_ckpt,step2450000-tokens13532B,90,-0.751,0.006,-0.5716,0.02,layer_31
drop_to_min_signed_ratio,row_norm,8,per_ckpt,step2600000-tokens14792B,90,-0.7914,0.005,-0.6175,0.008,layer_31
drop_to_min_signed_ratio,row_norm,8,per_ckpt,main,90,-0.77,0.005,-0.5977,0.015,layer_31
drop_to_min_signed_ratio,row_norm,16,per_ckpt,step50000-tokens210B,90,-0.2908,0.2148,-0.3056,0.1119,layer_31
drop_to_min_signed_ratio,row_norm,16,per_ckpt,step200000-tokens840B,90,-0.4135,0.1638,-0.4638,0.0559,layer_31
drop_to_min_signed_ratio,row_norm,16,per_ckpt,step350000-tokens1470B,90,-0.8296,0.001,-0.7428,0.001,layer_31
drop_to_min_signed_ratio,row_norm,16,per_ckpt,step500000-tokens2100B,90,-0.6506,0.008,-0.5881,0.007,layer_31
drop_to_min_signed_ratio,row_norm,16,per_ckpt,step650000-tokens2730B,90,-0.6775,0.013,-0.6083,0.01,layer_31
drop_to_min_signed_ratio,row_norm,16,per_ckpt,step800000-tokens3360B,90,-0.1536,0.5055,-0.2595,0.2158,layer_31
drop_to_min_signed_ratio,row_norm,16,per_ckpt,step950000-tokens3990B,90,-0.5125,0.036,-0.4572,0.025,layer_31
drop_to_min_signed_ratio,row_norm,16,per_ckpt,step1432000-tokens6014B,90,-0.4554,0.1548,-0.4147,0.1309,layer_31
drop_to_min_signed_ratio,row_norm,16,per_ckpt,step1700000-tokens7232B,90,-0.5705,0.028,-0.4352,0.0729,layer_31
drop_to_min_signed_ratio,row_norm,16,per_ckpt,step1850000-tokens8492B,90,-0.4757,0.1009,-0.4257,0.0849,layer_31
drop_to_min_signed_ratio,row_norm,16,per_ckpt,step2000000-tokens9752B,90,-0.4661,0.0799,-0.3517,0.1359,layer_31
drop_to_min_signed_ratio,row_norm,16,per_ckpt,step2150000-tokens11012B,90,-0.6417,0.015,-0.5296,0.021,layer_31
drop_to_min_signed_ratio,row_norm,16,per_ckpt,step2300000-tokens12272B,90,-0.5865,0.021,-0.5052,0.025,layer_31
drop_to_min_signed_ratio,row_norm,16,per_ckpt,step2450000-tokens13532B,90,-0.7488,0.003,-0.5634,0.018,layer_31
drop_to_min_signed_ratio,row_norm,16,per_ckpt,step2600000-tokens14792B,90,-0.7828,0.004,-0.6289,0.008,layer_31
drop_to_min_signed_ratio,row_norm,16,per_ckpt,main,90,-0.7336,0.009,-0.5829,0.023,layer_31
drop_to_min_signed_ratio,col_norm,4,per_ckpt,step50000-tokens210B,90,-0.1276,0.6234,-0.0889,0.7433,layer_31
drop_to_min_signed_ratio,col_norm,4,per_ckpt,step200000-tokens840B,90,0.7008,0.015,0.5624,0.025,layer_31
drop_to_min_signed_ratio,col_norm,4,per_ckpt,step350000-tokens1470B,90,0.8293,0.001,0.6142,0.009,layer_31
drop_to_min_signed_ratio,col_norm,4,per_ckpt,step500000-tokens2100B,90,0.252,0.4306,0.2363,0.4036,layer_31
drop_to_min_signed_ratio,col_norm,4,per_ckpt,step650000-tokens2730B,90,0.6367,0.032,0.4463,0.1049,layer_31
drop_to_min_signed_ratio,col_norm,4,per_ckpt,step800000-tokens3360B,90,-0.4688,0.017,-0.3519,0.0779,layer_31
drop_to_min_signed_ratio,col_norm,4,per_ckpt,step950000-tokens3990B,90,0.2614,0.3996,0.288,0.2667,layer_31
drop_to_min_signed_ratio,col_norm,4,per_ckpt,step1432000-tokens6014B,90,-0.3451,0.2048,-0.2966,0.2707,layer_31
drop_to_min_signed_ratio,col_norm,4,per_ckpt,step1700000-tokens7232B,90,0.7079,0.005,0.622,0.005,layer_31
drop_to_min_signed_ratio,col_norm,4,per_ckpt,step1850000-tokens8492B,90,0.3965,0.2068,0.3226,0.2198,layer_31
drop_to_min_signed_ratio,col_norm,4,per_ckpt,step2000000-tokens9752B,90,-0.1275,0.6803,-0.0861,0.7493,layer_31
drop_to_min_signed_ratio,col_norm,4,per_ckpt,step2150000-tokens11012B,90,-0.0767,0.7333,-0.1232,0.5485,layer_31
drop_to_min_signed_ratio,col_norm,4,per_ckpt,step2300000-tokens12272B,90,0.0938,0.7532,0.0995,0.7103,layer_31
drop_to_min_signed_ratio,col_norm,4,per_ckpt,step2450000-tokens13532B,90,0.0772,0.7892,0.0772,0.7542,layer_31
drop_to_min_signed_ratio,col_norm,4,per_ckpt,step2600000-tokens14792B,90,-0.0237,0.9391,-0.0224,0.9261,layer_31
drop_to_min_signed_ratio,col_norm,4,per_ckpt,main,90,-0.3816,0.0849,-0.3538,0.0729,layer_31
drop_to_min_signed_ratio,col_norm,8,per_ckpt,step50000-tokens210B,90,0.0086,0.973,0.1283,0.6474,layer_31
drop_to_min_signed_ratio,col_norm,8,per_ckpt,step200000-tokens840B,90,0.6831,0.006,0.5228,0.022,layer_31
drop_to_min_signed_ratio,col_norm,8,per_ckpt,step350000-tokens1470B,90,0.5745,0.0529,0.3765,0.1439,layer_31
drop_to_min_signed_ratio,col_norm,8,per_ckpt,step500000-tokens2100B,90,0.3215,0.2787,0.1722,0.5245,layer_31
drop_to_min_signed_ratio,col_norm,8,per_ckpt,step650000-tokens2730B,90,0.6233,0.034,0.5103,0.0559,layer_31
drop_to_min_signed_ratio,col_norm,8,per_ckpt,step800000-tokens3360B,90,0.5304,0.016,0.46,0.019,layer_31
drop_to_min_signed_ratio,col_norm,8,per_ckpt,step950000-tokens3990B,90,0.5566,0.048,0.5368,0.025,layer_31
drop_to_min_signed_ratio,col_norm,8,per_ckpt,step1432000-tokens6014B,90,-0.0216,0.9361,-0.0162,0.956,layer_31
drop_to_min_signed_ratio,col_norm,8,per_ckpt,step1700000-tokens7232B,90,0.6448,0.016,0.6556,0.005,layer_31
drop_to_min_signed_ratio,col_norm,8,per_ckpt,step1850000-tokens8492B,90,0.1375,0.6613,0.1297,0.6474,layer_31
drop_to_min_signed_ratio,col_norm,8,per_ckpt,step2000000-tokens9752B,90,0.422,0.1339,0.3622,0.1309,layer_31
drop_to_min_signed_ratio,col_norm,8,per_ckpt,step2150000-tokens11012B,90,0.7035,0.005,0.5352,0.029,layer_31
drop_to_min_signed_ratio,col_norm,8,per_ckpt,step2300000-tokens12272B,90,0.3743,0.2428,0.3266,0.2338,layer_31
drop_to_min_signed_ratio,col_norm,8,per_ckpt,step2450000-tokens13532B,90,0.2554,0.3087,0.2546,0.2418,layer_31
drop_to_min_signed_ratio,col_norm,8,per_ckpt,step2600000-tokens14792B,90,-0.2513,0.3207,-0.1743,0.4486,layer_31
drop_to_min_signed_ratio,col_norm,8,per_ckpt,main,90,-0.442,0.1109,-0.3725,0.1299,layer_31
drop_to_min_signed_ratio,col_norm,16,per_ckpt,step50000-tokens210B,90,0.2187,0.4356,0.1609,0.5305,layer_31
drop_to_min_signed_ratio,col_norm,16,per_ckpt,step200000-tokens840B,90,0.6095,0.028,0.427,0.0699,layer_31
drop_to_min_signed_ratio,col_norm,16,per_ckpt,step350000-tokens1470B,90,0.7847,0.008,0.5709,0.028,layer_31
drop_to_min_signed_ratio,col_norm,16,per_ckpt,step500000-tokens2100B,90,0.3404,0.2198,0.2397,0.3237,layer_31
drop_to_min_signed_ratio,col_norm,16,per_ckpt,step650000-tokens2730B,90,0.6167,0.033,0.4795,0.0639,layer_31
drop_to_min_signed_ratio,col_norm,16,per_ckpt,step800000-tokens3360B,90,-0.0548,0.8631,-0.0935,0.7103,layer_31
drop_to_min_signed_ratio,col_norm,16,per_ckpt,step950000-tokens3990B,90,0.3848,0.1768,0.3169,0.2298,layer_31
drop_to_min_signed_ratio,col_norm,16,per_ckpt,step1432000-tokens6014B,90,-0.4273,0.1868,-0.3699,0.1868,layer_31
drop_to_min_signed_ratio,col_norm,16,per_ckpt,step1700000-tokens7232B,90,0.6244,0.023,0.5544,0.009,layer_31
drop_to_min_signed_ratio,col_norm,16,per_ckpt,step1850000-tokens8492B,90,0.2513,0.4196,0.1611,0.5584,layer_31
drop_to_min_signed_ratio,col_norm,16,per_ckpt,step2000000-tokens9752B,90,0.3151,0.2388,0.2784,0.2138,layer_31
drop_to_min_signed_ratio,col_norm,16,per_ckpt,step2150000-tokens11012B,90,0.2756,0.2727,0.2073,0.3457,layer_31
drop_to_min_signed_ratio,col_norm,16,per_ckpt,step2300000-tokens12272B,90,0.2384,0.3926,0.1566,0.5325,layer_31
drop_to_min_signed_ratio,col_norm,16,per_ckpt,step2450000-tokens13532B,90,0.2671,0.3307,0.2598,0.2627,layer_31
drop_to_min_signed_ratio,col_norm,16,per_ckpt,step2600000-tokens14792B,90,-0.1031,0.7013,-0.1137,0.6304,layer_31
drop_to_min_signed_ratio,col_norm,16,per_ckpt,main,90,-0.0805,0.7363,-0.0736,0.7493,layer_31
drop_to_min_log_ratio,row_norm,4,per_ckpt,step50000-tokens210B,90,-0.107,0.6593,-0.0984,0.6773,layer_31
drop_to_min_log_ratio,row_norm,4,per_ckpt,step200000-tokens840B,90,-0.5931,0.027,-0.6128,0.017,layer_31
drop_to_min_log_ratio,row_norm,4,per_ckpt,step350000-tokens1470B,90,-0.6953,0.003,-0.6883,0.002,layer_31
drop_to_min_log_ratio,row_norm,4,per_ckpt,step500000-tokens2100B,90,-0.5881,0.024,-0.5663,0.029,layer_31
drop_to_min_log_ratio,row_norm,4,per_ckpt,step650000-tokens2730B,90,-0.7712,0.003,-0.773,0.003,layer_31
drop_to_min_log_ratio,row_norm,4,per_ckpt,step800000-tokens3360B,90,-0.1219,0.3946,-0.1305,0.3117,layer_31
drop_to_min_log_ratio,row_norm,4,per_ckpt,step950000-tokens3990B,90,-0.4495,0.1429,-0.4622,0.1269,layer_31
drop_to_min_log_ratio,row_norm,4,per_ckpt,step1432000-tokens6014B,90,-0.4392,0.1009,-0.4779,0.0639,layer_31
drop_to_min_log_ratio,row_norm,4,per_ckpt,step1700000-tokens7232B,90,-0.7805,0.004,-0.7668,0.005,layer_31
drop_to_min_log_ratio,row_norm,4,per_ckpt,step1850000-tokens8492B,90,-0.5907,0.04,-0.5688,0.0519,layer_31
drop_to_min_log_ratio,row_norm,4,per_ckpt,step2000000-tokens9752B,90,-0.7257,0.005,-0.7164,0.005,layer_31
drop_to_min_log_ratio,row_norm,4,per_ckpt,step2150000-tokens11012B,90,-0.0316,0.8921,-0.0323,0.8971,layer_31
drop_to_min_log_ratio,row_norm,4,per_ckpt,step2300000-tokens12272B,90,-0.6606,0.021,-0.6829,0.019,layer_31
drop_to_min_log_ratio,row_norm,4,per_ckpt,step2450000-tokens13532B,90,-0.7927,0.003,-0.7328,0.003,layer_31
drop_to_min_log_ratio,row_norm,4,per_ckpt,step2600000-tokens14792B,90,-0.7711,0.004,-0.73,0.006,layer_31
drop_to_min_log_ratio,row_norm,4,per_ckpt,main,90,-0.7213,0.01,-0.6791,0.01,layer_31
drop_to_min_log_ratio,row_norm,8,per_ckpt,step50000-tokens210B,90,0.287,0.1459,0.2985,0.1059,layer_31
drop_to_min_log_ratio,row_norm,8,per_ckpt,step200000-tokens840B,90,-0.3463,0.2208,-0.3407,0.2258,layer_31
drop_to_min_log_ratio,row_norm,8,per_ckpt,step350000-tokens1470B,90,-0.6928,0.002,-0.6756,0.002,layer_31
drop_to_min_log_ratio,row_norm,8,per_ckpt,step500000-tokens2100B,90,-0.5015,0.0599,-0.4876,0.0709,layer_31
drop_to_min_log_ratio,row_norm,8,per_ckpt,step650000-tokens2730B,90,-0.7011,0.007,-0.7096,0.005,layer_31
drop_to_min_log_ratio,row_norm,8,per_ckpt,step800000-tokens3360B,90,-0.3075,0.2078,-0.3199,0.1838,layer_31
drop_to_min_log_ratio,row_norm,8,per_ckpt,step950000-tokens3990B,90,-0.709,0.006,-0.6545,0.012,layer_31
drop_to_min_log_ratio,row_norm,8,per_ckpt,step1432000-tokens6014B,90,-0.5701,0.0509,-0.6062,0.032,layer_31
drop_to_min_log_ratio,row_norm,8,per_ckpt,step1700000-tokens7232B,90,-0.6859,0.009,-0.6572,0.014,layer_31
drop_to_min_log_ratio,row_norm,8,per_ckpt,step1850000-tokens8492B,90,-0.5913,0.017,-0.5816,0.02,layer_31
drop_to_min_log_ratio,row_norm,8,per_ckpt,step2000000-tokens9752B,90,-0.566,0.043,-0.5452,0.049,layer_31
drop_to_min_log_ratio,row_norm,8,per_ckpt,step2150000-tokens11012B,90,-0.6194,0.023,-0.6016,0.031,layer_31
drop_to_min_log_ratio,row_norm,8,per_ckpt,step2300000-tokens12272B,90,-0.6984,0.01,-0.7012,0.01,layer_31
drop_to_min_log_ratio,row_norm,8,per_ckpt,step2450000-tokens13532B,90,-0.751,0.006,-0.7062,0.01,layer_31
drop_to_min_log_ratio,row_norm,8,per_ckpt,step2600000-tokens14792B,90,-0.7914,0.005,-0.759,0.005,layer_31
drop_to_min_log_ratio,row_norm,8,per_ckpt,main,90,-0.77,0.005,-0.7284,0.013,layer_31
drop_to_min_log_ratio,row_norm,16,per_ckpt,step50000-tokens210B,90,-0.2908,0.2148,-0.2981,0.2048,layer_31
drop_to_min_log_ratio,row_norm,16,per_ckpt,step200000-tokens840B,90,-0.4135,0.1638,-0.4596,0.1089,layer_31
drop_to_min_log_ratio,row_norm,16,per_ckpt,step350000-tokens1470B,90,-0.8296,0.001,-0.7998,0.001,layer_31
drop_to_min_log_ratio,row_norm,16,per_ckpt,step500000-tokens2100B,90,-0.6506,0.008,-0.6162,0.012,layer_31
drop_to_min_log_ratio,row_norm,16,per_ckpt,step650000-tokens2730B,90,-0.6775,0.013,-0.6812,0.014,layer_31
drop_to_min_log_ratio,row_norm,16,per_ckpt,step800000-tokens3360B,90,-0.1536,0.5055,-0.1949,0.4446,layer_31
drop_to_min_log_ratio,row_norm,16,per_ckpt,step950000-tokens3990B,90,-0.5125,0.036,-0.4934,0.0529,layer_31
drop_to_min_log_ratio,row_norm,16,per_ckpt,step1432000-tokens6014B,90,-0.4554,0.1548,-0.4959,0.1199,layer_31
drop_to_min_log_ratio,row_norm,16,per_ckpt,step1700000-tokens7232B,90,-0.5705,0.028,-0.5509,0.038,layer_31
drop_to_min_log_ratio,row_norm,16,per_ckpt,step1850000-tokens8492B,90,-0.4757,0.1009,-0.4908,0.1019,layer_31
drop_to_min_log_ratio,row_norm,16,per_ckpt,step2000000-tokens9752B,90,-0.4661,0.0799,-0.4452,0.0909,layer_31
drop_to_min_log_ratio,row_norm,16,per_ckpt,step2150000-tokens11012B,90,-0.6417,0.015,-0.6277,0.015,layer_31
drop_to_min_log_ratio,row_norm,16,per_ckpt,step2300000-tokens12272B,90,-0.5865,0.021,-0.6056,0.019,layer_31
drop_to_min_log_ratio,row_norm,16,per_ckpt,step2450000-tokens13532B,90,-0.7488,0.003,-0.6979,0.007,layer_31
drop_to_min_log_ratio,row_norm,16,per_ckpt,step2600000-tokens14792B,90,-0.7828,0.004,-0.7484,0.01,layer_31
drop_to_min_log_ratio,row_norm,16,per_ckpt,main,90,-0.7336,0.009,-0.7099,0.012,layer_31
drop_to_min_log_ratio,col_norm,4,per_ckpt,step50000-tokens210B,90,-0.1276,0.6234,-0.0976,0.7383,layer_31
drop_to_min_log_ratio,col_norm,4,per_ckpt,step200000-tokens840B,90,0.7008,0.015,0.6525,0.024,layer_31
drop_to_min_log_ratio,col_norm,4,per_ckpt,step350000-tokens1470B,90,0.8293,0.001,0.7696,0.002,layer_31
drop_to_min_log_ratio,col_norm,4,per_ckpt,step500000-tokens2100B,90,0.252,0.4306,0.2449,0.4565,layer_31
drop_to_min_log_ratio,col_norm,4,per_ckpt,step650000-tokens2730B,90,0.6367,0.032,0.5917,0.0559,layer_31
drop_to_min_log_ratio,col_norm,4,per_ckpt,step800000-tokens3360B,90,-0.4688,0.017,-0.4133,0.0599,layer_31
drop_to_min_log_ratio,col_norm,4,per_ckpt,step950000-tokens3990B,90,0.2614,0.3996,0.3036,0.3167,layer_31
drop_to_min_log_ratio,col_norm,4,per_ckpt,step1432000-tokens6014B,90,-0.3451,0.2048,-0.3743,0.2128,layer_31
drop_to_min_log_ratio,col_norm,4,per_ckpt,step1700000-tokens7232B,90,0.7079,0.005,0.6671,0.014,layer_31
drop_to_min_log_ratio,col_norm,4,per_ckpt,step1850000-tokens8492B,90,0.3965,0.2068,0.3938,0.2018,layer_31
drop_to_min_log_ratio,col_norm,4,per_ckpt,step2000000-tokens9752B,90,-0.1275,0.6803,-0.1358,0.6663,layer_31
drop_to_min_log_ratio,col_norm,4,per_ckpt,step2150000-tokens11012B,90,-0.0767,0.7333,-0.1096,0.6404,layer_31
drop_to_min_log_ratio,col_norm,4,per_ckpt,step2300000-tokens12272B,90,0.0938,0.7532,0.1233,0.6923,layer_31
drop_to_min_log_ratio,col_norm,4,per_ckpt,step2450000-tokens13532B,90,0.0772,0.7892,0.0588,0.8442,layer_31
drop_to_min_log_ratio,col_norm,4,per_ckpt,step2600000-tokens14792B,90,-0.0237,0.9391,-0.1241,0.6364,layer_31
drop_to_min_log_ratio,col_norm,4,per_ckpt,main,90,-0.3816,0.0849,-0.4091,0.0629,layer_31
drop_to_min_log_ratio,col_norm,8,per_ckpt,step50000-tokens210B,90,0.0086,0.973,0.0625,0.8511,layer_31
drop_to_min_log_ratio,col_norm,8,per_ckpt,step200000-tokens840B,90,0.6831,0.006,0.6826,0.004,layer_31
drop_to_min_log_ratio,col_norm,8,per_ckpt,step350000-tokens1470B,90,0.5745,0.0529,0.5309,0.0739,layer_31
drop_to_min_log_ratio,col_norm,8,per_ckpt,step500000-tokens2100B,90,0.3215,0.2787,0.2906,0.3477,layer_31
drop_to_min_log_ratio,col_norm,8,per_ckpt,step650000-tokens2730B,90,0.6233,0.034,0.621,0.043,layer_31
drop_to_min_log_ratio,col_norm,8,per_ckpt,step800000-tokens3360B,90,0.5304,0.016,0.4964,0.019,layer_31
drop_to_min_log_ratio,col_norm,8,per_ckpt,step950000-tokens3990B,90,0.5566,0.048,0.5974,0.035,layer_31
drop_to_min_log_ratio,col_norm,8,per_ckpt,step1432000-tokens6014B,90,-0.0216,0.9361,-0.0794,0.8002,layer_31
drop_to_min_log_ratio,col_norm,8,per_ckpt,step1700000-tokens7232B,90,0.6448,0.016,0.6252,0.018,layer_31
drop_to_min_log_ratio,col_norm,8,per_ckpt,step1850000-tokens8492B,90,0.1375,0.6613,0.1282,0.6713,layer_31
drop_to_min_log_ratio,col_norm,8,per_ckpt,step2000000-tokens9752B,90,0.422,0.1339,0.4051,0.1538,layer_31
drop_to_min_log_ratio,col_norm,8,per_ckpt,step2150000-tokens11012B,90,0.7035,0.005,0.6761,0.01,layer_31
drop_to_min_log_ratio,col_norm,8,per_ckpt,step2300000-tokens12272B,90,0.3743,0.2428,0.3838,0.2388,layer_31
drop_to_min_log_ratio,col_norm,8,per_ckpt,step2450000-tokens13532B,90,0.2554,0.3087,0.259,0.2917,layer_31
drop_to_min_log_ratio,col_norm,8,per_ckpt,step2600000-tokens14792B,90,-0.2513,0.3207,-0.2568,0.3247,layer_31
drop_to_min_log_ratio,col_norm,8,per_ckpt,main,90,-0.442,0.1109,-0.4659,0.0869,layer_31
drop_to_min_log_ratio,col_norm,16,per_ckpt,step50000-tokens210B,90,0.2187,0.4356,0.242,0.3896,layer_31
drop_to_min_log_ratio,col_norm,16,per_ckpt,step200000-tokens840B,90,0.6095,0.028,0.582,0.039,layer_31
drop_to_min_log_ratio,col_norm,16,per_ckpt,step350000-tokens1470B,90,0.7847,0.008,0.7072,0.014,layer_31
drop_to_min_log_ratio,col_norm,16,per_ckpt,step500000-tokens2100B,90,0.3404,0.2198,0.3309,0.2358,layer_31
drop_to_min_log_ratio,col_norm,16,per_ckpt,step650000-tokens2730B,90,0.6167,0.033,0.6136,0.035,layer_31
drop_to_min_log_ratio,col_norm,16,per_ckpt,step800000-tokens3360B,90,-0.0548,0.8631,-0.0406,0.8931,layer_31
drop_to_min_log_ratio,col_norm,16,per_ckpt,step950000-tokens3990B,90,0.3848,0.1768,0.3805,0.2048,layer_31
drop_to_min_log_ratio,col_norm,16,per_ckpt,step1432000-tokens6014B,90,-0.4273,0.1868,-0.4687,0.1499,layer_31
drop_to_min_log_ratio,col_norm,16,per_ckpt,step1700000-tokens7232B,90,0.6244,0.023,0.5867,0.029,layer_31
drop_to_min_log_ratio,col_norm,16,per_ckpt,step1850000-tokens8492B,90,0.2513,0.4196,0.218,0.4925,layer_31
drop_to_min_log_ratio,col_norm,16,per_ckpt,step2000000-tokens9752B,90,0.3151,0.2388,0.2847,0.2757,layer_31
drop_to_min_log_ratio,col_norm,16,per_ckpt,step2150000-tokens11012B,90,0.2756,0.2727,0.2424,0.3317,layer_31
drop_to_min_log_ratio,col_norm,16,per_ckpt,step2300000-tokens12272B,90,0.2384,0.3926,0.195,0.4955,layer_31
drop_to_min_log_ratio,col_norm,16,per_ckpt,step2450000-tokens13532B,90,0.2671,0.3307,0.2508,0.3447,layer_31
drop_to_min_log_ratio,col_norm,16,per_ckpt,step2600000-tokens14792B,90,-0.1031,0.7013,-0.1175,0.6573,layer_31
drop_to_min_log_ratio,col_norm,16,per_ckpt,main,90,-0.0805,0.7363,-0.1056,0.6643,layer_31
recovery_abs_diff,row_norm,4,per_ckpt,step50000-tokens210B,90,-0.0931,0.2797,-0.1008,0.2398,layer_31
recovery_abs_diff,row_norm,4,per_ckpt,step200000-tokens840B,90,-0.1135,0.008,-0.1802,0.001,layer_31
recovery_abs_diff,row_norm,4,per_ckpt,step350000-tokens1470B,90,-0.0746,0.1009,-0.0941,0.019,layer_31
recovery_abs_diff,row_norm,4,per_ckpt,step500000-tokens2100B,90,0.0228,0.6563,0.0243,0.6204,layer_31
recovery_abs_diff,row_norm,4,per_ckpt,step650000-tokens2730B,90,-0.085,0.0749,-0.1362,0.003,layer_31
recovery_abs_diff,row_norm,4,per_ckpt,step800000-tokens3360B,90,0.1183,0.2687,0.1232,0.3337,layer_31
recovery_abs_diff,row_norm,4,per_ckpt,step950000-tokens3990B,90,0.048,0.2967,0.0778,0.047,layer_31
recovery_abs_diff,row_norm,4,per_ckpt,step1432000-tokens6014B,90,-0.0677,0.1818,0.0014,0.984,layer_31
recovery_abs_diff,row_norm,4,per_ckpt,step1700000-tokens7232B,90,-0.1085,0.011,-0.0557,0.1009,layer_31
recovery_abs_diff,row_norm,4,per_ckpt,step1850000-tokens8492B,90,0.0508,0.2118,0.0242,0.5664,layer_31
recovery_abs_diff,row_norm,4,per_ckpt,step2000000-tokens9752B,90,-0.0247,0.3127,0.0062,0.7682,layer_31
recovery_abs_diff,row_norm,4,per_ckpt,step2150000-tokens11012B,90,0.0641,0.2368,0.056,0.2208,layer_31
recovery_abs_diff,row_norm,4,per_ckpt,step2300000-tokens12272B,90,-0.0396,0.1868,-0.0184,0.5095,layer_31
recovery_abs_diff,row_norm,4,per_ckpt,step2450000-tokens13532B,90,-0.0334,0.2877,0.0077,0.8062,layer_31
recovery_abs_diff,row_norm,4,per_ckpt,step2600000-tokens14792B,90,-0.0304,0.3127,-0.0029,0.9361,layer_31
recovery_abs_diff,row_norm,4,per_ckpt,main,90,0.0224,0.3716,0.0189,0.2707,layer_31
recovery_abs_diff,row_norm,8,per_ckpt,step50000-tokens210B,90,0.112,0.2288,0.1667,0.0789,layer_31
recovery_abs_diff,row_norm,8,per_ckpt,step200000-tokens840B,90,-0.1898,0.008,-0.1531,0.025,layer_31
recovery_abs_diff,row_norm,8,per_ckpt,step350000-tokens1470B,90,-0.1913,0.003,-0.2531,0.002,layer_31
recovery_abs_diff,row_norm,8,per_ckpt,step500000-tokens2100B,90,0.1107,0.0539,0.0786,0.1149,layer_31
recovery_abs_diff,row_norm,8,per_ckpt,step650000-tokens2730B,90,-0.1377,0.007,-0.1209,0.013,layer_31
recovery_abs_diff,row_norm,8,per_ckpt,step800000-tokens3360B,90,0.1076,0.1858,0.0653,0.4426,layer_31
recovery_abs_diff,row_norm,8,per_ckpt,step950000-tokens3990B,90,0.0048,0.9301,-0.0532,0.2777,layer_31
recovery_abs_diff,row_norm,8,per_ckpt,step1432000-tokens6014B,90,0.054,0.2178,0.0841,0.047,layer_31
recovery_abs_diff,row_norm,8,per_ckpt,step1700000-tokens7232B,90,-0.0988,0.016,-0.0202,0.5744,layer_31
recovery_abs_diff,row_norm,8,per_ckpt,step1850000-tokens8492B,90,0.0361,0.4925,0.0241,0.4955,layer_31
recovery_abs_diff,row_norm,8,per_ckpt,step2000000-tokens9752B,90,-0.0937,0.031,-0.053,0.1489,layer_31
recovery_abs_diff,row_norm,8,per_ckpt,step2150000-tokens11012B,90,-0.0862,0.0849,-0.1311,0.006,layer_31
recovery_abs_diff,row_norm,8,per_ckpt,step2300000-tokens12272B,90,-0.0476,0.0699,-0.0106,0.7003,layer_31
recovery_abs_diff,row_norm,8,per_ckpt,step2450000-tokens13532B,90,0.0142,0.6414,0.0349,0.2458,layer_31
recovery_abs_diff,row_norm,8,per_ckpt,step2600000-tokens14792B,90,-0.0498,0.035,-0.0121,0.4775,layer_31
recovery_abs_diff,row_norm,8,per_ckpt,main,90,0.0149,0.5015,0.0287,0.0909,layer_31
recovery_abs_diff,row_norm,16,per_ckpt,step50000-tokens210B,90,-0.0141,0.8302,-0.055,0.3516,layer_31
recovery_abs_diff,row_norm,16,per_ckpt,step200000-tokens840B,90,-0.1251,0.013,-0.1465,0.004,layer_31
recovery_abs_diff,row_norm,16,per_ckpt,step350000-tokens1470B,90,-0.093,0.029,-0.1838,0.002,layer_31
recovery_abs_diff,row_norm,16,per_ckpt,step500000-tokens2100B,90,0.0444,0.3766,0.0334,0.4216,layer_31
recovery_abs_diff,row_norm,16,per_ckpt,step650000-tokens2730B,90,-0.1284,0.004,-0.1398,0.001,layer_31
recovery_abs_diff,row_norm,16,per_ckpt,step800000-tokens3360B,90,0.0219,0.7682,0.043,0.4885,layer_31
recovery_abs_diff,row_norm,16,per_ckpt,step950000-tokens3990B,90,-0.0185,0.7273,-0.0665,0.1898,layer_31
recovery_abs_diff,row_norm,16,per_ckpt,step1432000-tokens6014B,90,0.0155,0.6763,0.0226,0.5415,layer_31
recovery_abs_diff,row_norm,16,per_ckpt,step1700000-tokens7232B,90,-0.0228,0.6553,0.0215,0.5964,layer_31
recovery_abs_diff,row_norm,16,per_ckpt,step1850000-tokens8492B,90,-0.0172,0.7253,0.0008,0.985,layer_31
recovery_abs_diff,row_norm,16,per_ckpt,step2000000-tokens9752B,90,-0.0564,0.3357,-0.0274,0.5594,layer_31
recovery_abs_diff,row_norm,16,per_ckpt,step2150000-tokens11012B,90,-0.1156,0.0509,-0.1074,0.0639,layer_31
recovery_abs_diff,row_norm,16,per_ckpt,step2300000-tokens12272B,90,-0.0899,0.034,-0.0392,0.2687,layer_31
recovery_abs_diff,row_norm,16,per_ckpt,step2450000-tokens13532B,90,0.0032,0.9281,0.0453,0.1588,layer_31
recovery_abs_diff,row_norm,16,per_ckpt,step2600000-tokens14792B,90,-0.0407,0.1179,0.0063,0.7772,layer_31
recovery_abs_diff,row_norm,16,per_ckpt,main,90,0.002,0.9371,0.0432,0.0639,layer_31
recovery_abs_diff,col_norm,4,per_ckpt,step50000-tokens210B,90,-0.0778,0.2178,-0.0647,0.2378,layer_31
recovery_abs_diff,col_norm,4,per_ckpt,step200000-tokens840B,90,-0.0902,0.008,-0.1015,0.003,layer_31
recovery_abs_diff,col_norm,4,per_ckpt,step350000-tokens1470B,90,-0.0368,0.3666,-0.0742,0.02,layer_31
recovery_abs_diff,col_norm,4,per_ckpt,step500000-tokens2100B,90,0.0019,0.971,0.0089,0.8172,layer_31
recovery_abs_diff,col_norm,4,per_ckpt,step650000-tokens2730B,90,-0.1263,0.004,-0.1337,0.002,layer_31
recovery_abs_diff,col_norm,4,per_ckpt,step800000-tokens3360B,90,0.0704,0.4256,0.0785,0.3347,layer_31
recovery_abs_diff,col_norm,4,per_ckpt,step950000-tokens3990B,90,0.0522,0.1928,0.0693,0.0589,layer_31
recovery_abs_diff,col_norm,4,per_ckpt,step1432000-tokens6014B,90,-0.0742,0.2048,0.0004,0.995,layer_31
recovery_abs_diff,col_norm,4,per_ckpt,step1700000-tokens7232B,90,-0.0931,0.021,-0.0514,0.0989,layer_31
recovery_abs_diff,col_norm,4,per_ckpt,step1850000-tokens8492B,90,0.0074,0.8861,0.0078,0.8601,layer_31
recovery_abs_diff,col_norm,4,per_ckpt,step2000000-tokens9752B,90,-0.025,0.4346,-0.0358,0.3037,layer_31
recovery_abs_diff,col_norm,4,per_ckpt,step2150000-tokens11012B,90,0.0669,0.3157,0.0658,0.2368,layer_31
recovery_abs_diff,col_norm,4,per_ckpt,step2300000-tokens12272B,90,-0.0608,0.1948,-0.0687,0.1209,layer_31
recovery_abs_diff,col_norm,4,per_ckpt,step2450000-tokens13532B,90,-0.0378,0.5415,-0.0242,0.6653,layer_31
recovery_abs_diff,col_norm,4,per_ckpt,step2600000-tokens14792B,90,-0.0181,0.7822,-0.0525,0.4076,layer_31
recovery_abs_diff,col_norm,4,per_ckpt,main,90,0.0483,0.4695,-0.0194,0.7772,layer_31
recovery_abs_diff,col_norm,8,per_ckpt,step50000-tokens210B,90,0.0912,0.0689,0.0844,0.0819,layer_31
recovery_abs_diff,col_norm,8,per_ckpt,step200000-tokens840B,90,-0.1591,0.009,-0.1393,0.023,layer_31
recovery_abs_diff,col_norm,8,per_ckpt,step350000-tokens1470B,90,-0.1783,0.002,-0.2075,0.002,layer_31
recovery_abs_diff,col_norm,8,per_ckpt,step500000-tokens2100B,90,0.1288,0.0509,0.0607,0.1998,layer_31
recovery_abs_diff,col_norm,8,per_ckpt,step650000-tokens2730B,90,-0.1315,0.008,-0.1265,0.011,layer_31
recovery_abs_diff,col_norm,8,per_ckpt,step800000-tokens3360B,90,0.1131,0.1319,0.0584,0.4306,layer_31
recovery_abs_diff,col_norm,8,per_ckpt,step950000-tokens3990B,90,-0.1028,0.0609,-0.0603,0.2567,layer_31
recovery_abs_diff,col_norm,8,per_ckpt,step1432000-tokens6014B,90,0.0368,0.3267,0.0616,0.0809,layer_31
recovery_abs_diff,col_norm,8,per_ckpt,step1700000-tokens7232B,90,-0.1185,0.01,-0.0209,0.6204,layer_31
recovery_abs_diff,col_norm,8,per_ckpt,step1850000-tokens8492B,90,-0.022,0.6294,0.0185,0.6833,layer_31
recovery_abs_diff,col_norm,8,per_ckpt,step2000000-tokens9752B,90,-0.0359,0.5425,-0.0791,0.0839,layer_31
recovery_abs_diff,col_norm,8,per_ckpt,step2150000-tokens11012B,90,-0.0961,0.0579,-0.1346,0.002,layer_31
recovery_abs_diff,col_norm,8,per_ckpt,step2300000-tokens12272B,90,-0.0894,0.0689,-0.0653,0.1868,layer_31
recovery_abs_diff,col_norm,8,per_ckpt,step2450000-tokens13532B,90,0.0282,0.6993,0.0347,0.5944,layer_31
recovery_abs_diff,col_norm,8,per_ckpt,step2600000-tokens14792B,90,-0.1255,0.05,-0.1208,0.033,layer_31
recovery_abs_diff,col_norm,8,per_ckpt,main,90,0.0234,0.6454,0.0253,0.6014,layer_31
recovery_abs_diff,col_norm,16,per_ckpt,step50000-tokens210B,90,-0.0062,0.9151,-0.0452,0.3566,layer_31
recovery_abs_diff,col_norm,16,per_ckpt,step200000-tokens840B,90,-0.1205,0.008,-0.1183,0.004,layer_31
recovery_abs_diff,col_norm,16,per_ckpt,step350000-tokens1470B,90,-0.0112,0.7383,-0.1248,0.002,layer_31
recovery_abs_diff,col_norm,16,per_ckpt,step500000-tokens2100B,90,0.0105,0.8472,0.0198,0.6663,layer_31
recovery_abs_diff,col_norm,16,per_ckpt,step650000-tokens2730B,90,-0.1541,0.003,-0.158,0.001,layer_31
recovery_abs_diff,col_norm,16,per_ckpt,step800000-tokens3360B,90,0.0244,0.6314,0.0374,0.4076,layer_31
recovery_abs_diff,col_norm,16,per_ckpt,step950000-tokens3990B,90,-0.078,0.1279,-0.0592,0.1638,layer_31
recovery_abs_diff,col_norm,16,per_ckpt,step1432000-tokens6014B,90,0.0143,0.7003,0.02,0.5824,layer_31
recovery_abs_diff,col_norm,16,per_ckpt,step1700000-tokens7232B,90,-0.0067,0.8921,0.0255,0.5664,layer_31
recovery_abs_diff,col_norm,16,per_ckpt,step1850000-tokens8492B,90,-0.0143,0.7363,0.0002,0.994,layer_31
recovery_abs_diff,col_norm,16,per_ckpt,step2000000-tokens9752B,90,-0.0054,0.9311,-0.0295,0.5415,layer_31
recovery_abs_diff,col_norm,16,per_ckpt,step2150000-tokens11012B,90,-0.1488,0.0599,-0.1675,0.039,layer_31
recovery_abs_diff,col_norm,16,per_ckpt,step2300000-tokens12272B,90,-0.0875,0.1459,-0.0638,0.1858,layer_31
recovery_abs_diff,col_norm,16,per_ckpt,step2450000-tokens13532B,90,0.0324,0.6174,0.0603,0.3766,layer_31
recovery_abs_diff,col_norm,16,per_ckpt,step2600000-tokens14792B,90,-0.0532,0.4765,-0.0572,0.4056,layer_31
recovery_abs_diff,col_norm,16,per_ckpt,main,90,0.0897,0.2448,0.0665,0.2857,layer_31
recovery_signed_diff,row_norm,4,per_ckpt,step50000-tokens210B,90,0.2006,0.3736,0.211,0.3027,layer_31
recovery_signed_diff,row_norm,4,per_ckpt,step200000-tokens840B,90,0.6684,0.013,0.675,0.007,layer_31
recovery_signed_diff,row_norm,4,per_ckpt,step350000-tokens1470B,90,0.6649,0.01,0.673,0.006,layer_31
recovery_signed_diff,row_norm,4,per_ckpt,step500000-tokens2100B,90,0.5034,0.0709,0.5105,0.0549,layer_31
recovery_signed_diff,row_norm,4,per_ckpt,step650000-tokens2730B,90,0.8078,0.006,0.8147,0.006,layer_31
recovery_signed_diff,row_norm,4,per_ckpt,step800000-tokens3360B,90,0.1091,0.5015,0.1266,0.3556,layer_31
recovery_signed_diff,row_norm,4,per_ckpt,step950000-tokens3990B,90,0.7109,0.013,0.6754,0.018,layer_31
recovery_signed_diff,row_norm,4,per_ckpt,step1432000-tokens6014B,90,0.4247,0.1199,0.4262,0.1119,layer_31
recovery_signed_diff,row_norm,4,per_ckpt,step1700000-tokens7232B,90,0.7961,0.004,0.8008,0.003,layer_31
recovery_signed_diff,row_norm,4,per_ckpt,step1850000-tokens8492B,90,0.722,0.009,0.6727,0.012,layer_31
recovery_signed_diff,row_norm,4,per_ckpt,step2000000-tokens9752B,90,0.7644,0.006,0.7591,0.005,layer_31
recovery_signed_diff,row_norm,4,per_ckpt,step2150000-tokens11012B,90,0.199,0.4366,0.1796,0.4905,layer_31
recovery_signed_diff,row_norm,4,per_ckpt,step2300000-tokens12272B,90,0.7607,0.008,0.7607,0.008,layer_31
recovery_signed_diff,row_norm,4,per_ckpt,step2450000-tokens13532B,90,0.7522,0.006,0.7164,0.005,layer_31
recovery_signed_diff,row_norm,4,per_ckpt,step2600000-tokens14792B,90,0.7363,0.006,0.7328,0.005,layer_31
recovery_signed_diff,row_norm,4,per_ckpt,main,90,0.7495,0.004,0.7192,0.003,layer_31
recovery_signed_diff,row_norm,8,per_ckpt,step50000-tokens210B,90,-0.3595,0.0619,-0.3908,0.041,layer_31
recovery_signed_diff,row_norm,8,per_ckpt,step200000-tokens840B,90,0.4745,0.0799,0.4412,0.1069,layer_31
recovery_signed_diff,row_norm,8,per_ckpt,step350000-tokens1470B,90,0.5264,0.0559,0.5873,0.022,layer_31
recovery_signed_diff,row_norm,8,per_ckpt,step500000-tokens2100B,90,0.6537,0.003,0.6234,0.006,layer_31
recovery_signed_diff,row_norm,8,per_ckpt,step650000-tokens2730B,90,0.6251,0.033,0.6483,0.025,layer_31
recovery_signed_diff,row_norm,8,per_ckpt,step800000-tokens3360B,90,0.4397,0.0539,0.4177,0.0679,layer_31
recovery_signed_diff,row_norm,8,per_ckpt,step950000-tokens3990B,90,0.803,0.003,0.7543,0.002,layer_31
recovery_signed_diff,row_norm,8,per_ckpt,step1432000-tokens6014B,90,0.5408,0.0689,0.5589,0.0589,layer_31
recovery_signed_diff,row_norm,8,per_ckpt,step1700000-tokens7232B,90,0.596,0.044,0.6052,0.03,layer_31
recovery_signed_diff,row_norm,8,per_ckpt,step1850000-tokens8492B,90,0.6442,0.01,0.6167,0.01,layer_31
recovery_signed_diff,row_norm,8,per_ckpt,step2000000-tokens9752B,90,0.5524,0.0709,0.5209,0.0799,layer_31
recovery_signed_diff,row_norm,8,per_ckpt,step2150000-tokens11012B,90,0.7709,0.003,0.7654,0.003,layer_31
recovery_signed_diff,row_norm,8,per_ckpt,step2300000-tokens12272B,90,0.7345,0.009,0.7355,0.008,layer_31
recovery_signed_diff,row_norm,8,per_ckpt,step2450000-tokens13532B,90,0.7628,0.006,0.7332,0.007,layer_31
recovery_signed_diff,row_norm,8,per_ckpt,step2600000-tokens14792B,90,0.7581,0.006,0.7529,0.004,layer_31
recovery_signed_diff,row_norm,8,per_ckpt,main,90,0.7258,0.013,0.7232,0.009,layer_31
recovery_signed_diff,row_norm,16,per_ckpt,step50000-tokens210B,90,0.4785,0.018,0.4872,0.018,layer_31
recovery_signed_diff,row_norm,16,per_ckpt,step200000-tokens840B,90,0.6596,0.017,0.636,0.018,layer_31
recovery_signed_diff,row_norm,16,per_ckpt,step350000-tokens1470B,90,0.7456,0.007,0.7811,0.005,layer_31
recovery_signed_diff,row_norm,16,per_ckpt,step500000-tokens2100B,90,0.642,0.017,0.6324,0.016,layer_31
recovery_signed_diff,row_norm,16,per_ckpt,step650000-tokens2730B,90,0.6274,0.034,0.6434,0.029,layer_31
recovery_signed_diff,row_norm,16,per_ckpt,step800000-tokens3360B,90,0.0926,0.6973,0.1063,0.7013,layer_31
recovery_signed_diff,row_norm,16,per_ckpt,step950000-tokens3990B,90,0.5833,0.021,0.5819,0.021,layer_31
recovery_signed_diff,row_norm,16,per_ckpt,step1432000-tokens6014B,90,0.5852,0.042,0.5831,0.0509,layer_31
recovery_signed_diff,row_norm,16,per_ckpt,step1700000-tokens7232B,90,0.668,0.008,0.647,0.008,layer_31
recovery_signed_diff,row_norm,16,per_ckpt,step1850000-tokens8492B,90,0.4874,0.0949,0.483,0.1119,layer_31
recovery_signed_diff,row_norm,16,per_ckpt,step2000000-tokens9752B,90,0.514,0.0569,0.4774,0.0789,layer_31
recovery_signed_diff,row_norm,16,per_ckpt,step2150000-tokens11012B,90,0.774,0.003,0.7639,0.003,layer_31
recovery_signed_diff,row_norm,16,per_ckpt,step2300000-tokens12272B,90,0.5792,0.043,0.5825,0.042,layer_31
recovery_signed_diff,row_norm,16,per_ckpt,step2450000-tokens13532B,90,0.711,0.009,0.6854,0.008,layer_31
recovery_signed_diff,row_norm,16,per_ckpt,step2600000-tokens14792B,90,0.7526,0.005,0.7548,0.004,layer_31
recovery_signed_diff,row_norm,16,per_ckpt,main,90,0.7033,0.018,0.7159,0.008,layer_31
recovery_signed_diff,col_norm,4,per_ckpt,step50000-tokens210B,90,0.1071,0.6933,0.0316,0.9001,layer_31
recovery_signed_diff,col_norm,4,per_ckpt,step200000-tokens840B,90,-0.6886,0.013,-0.6842,0.013,layer_31
recovery_signed_diff,col_norm,4,per_ckpt,step350000-tokens1470B,90,-0.6417,0.023,-0.6563,0.015,layer_31
recovery_signed_diff,col_norm,4,per_ckpt,step500000-tokens2100B,90,-0.0082,0.986,-0.0698,0.8521,layer_31
recovery_signed_diff,col_norm,4,per_ckpt,step650000-tokens2730B,90,-0.2053,0.5405,-0.2572,0.4486,layer_31
recovery_signed_diff,col_norm,4,per_ckpt,step800000-tokens3360B,90,0.2818,0.2867,0.2788,0.4246,layer_31
recovery_signed_diff,col_norm,4,per_ckpt,step950000-tokens3990B,90,-0.2422,0.4426,-0.2918,0.3646,layer_31
recovery_signed_diff,col_norm,4,per_ckpt,step1432000-tokens6014B,90,0.2665,0.3796,0.3225,0.3167,layer_31
recovery_signed_diff,col_norm,4,per_ckpt,step1700000-tokens7232B,90,-0.7567,0.003,-0.7169,0.005,layer_31
recovery_signed_diff,col_norm,4,per_ckpt,step1850000-tokens8492B,90,-0.5571,0.0589,-0.5241,0.0759,layer_31
recovery_signed_diff,col_norm,4,per_ckpt,step2000000-tokens9752B,90,0.1995,0.5255,0.19,0.5534,layer_31
recovery_signed_diff,col_norm,4,per_ckpt,step2150000-tokens11012B,90,0.004,0.985,0.033,0.8811,layer_31
recovery_signed_diff,col_norm,4,per_ckpt,step2300000-tokens12272B,90,0.1445,0.6474,0.0813,0.8002,layer_31
recovery_signed_diff,col_norm,4,per_ckpt,step2450000-tokens13532B,90,0.0977,0.7273,0.0777,0.7982,layer_31
recovery_signed_diff,col_norm,4,per_ckpt,step2600000-tokens14792B,90,0.1614,0.5714,0.216,0.4525,layer_31
recovery_signed_diff,col_norm,4,per_ckpt,main,90,0.2459,0.3207,0.3024,0.2248,layer_31
recovery_signed_diff,col_norm,8,per_ckpt,step50000-tokens210B,90,0.2054,0.5145,0.1464,0.6663,layer_31
recovery_signed_diff,col_norm,8,per_ckpt,step200000-tokens840B,90,-0.4771,0.1019,-0.5008,0.0819,layer_31
recovery_signed_diff,col_norm,8,per_ckpt,step350000-tokens1470B,90,-0.4098,0.1808,-0.4277,0.1638,layer_31
recovery_signed_diff,col_norm,8,per_ckpt,step500000-tokens2100B,90,-0.2693,0.3976,-0.2631,0.4246,layer_31
recovery_signed_diff,col_norm,8,per_ckpt,step650000-tokens2730B,90,-0.3115,0.3307,-0.3609,0.2448,layer_31
recovery_signed_diff,col_norm,8,per_ckpt,step800000-tokens3360B,90,-0.5589,0.008,-0.5131,0.01,layer_31
recovery_signed_diff,col_norm,8,per_ckpt,step950000-tokens3990B,90,-0.3785,0.1948,-0.4687,0.1209,layer_31
recovery_signed_diff,col_norm,8,per_ckpt,step1432000-tokens6014B,90,0.0821,0.8152,0.1225,0.7253,layer_31
recovery_signed_diff,col_norm,8,per_ckpt,step1700000-tokens7232B,90,-0.5456,0.0669,-0.5607,0.0579,layer_31
recovery_signed_diff,col_norm,8,per_ckpt,step1850000-tokens8492B,90,-0.3993,0.1678,-0.386,0.1958,layer_31
recovery_signed_diff,col_norm,8,per_ckpt,step2000000-tokens9752B,90,-0.2982,0.3217,-0.3523,0.2448,layer_31
recovery_signed_diff,col_norm,8,per_ckpt,step2150000-tokens11012B,90,-0.5532,0.0619,-0.6076,0.041,layer_31
recovery_signed_diff,col_norm,8,per_ckpt,step2300000-tokens12272B,90,-0.3753,0.2098,-0.4101,0.1838,layer_31
recovery_signed_diff,col_norm,8,per_ckpt,step2450000-tokens13532B,90,-0.1667,0.5095,-0.1966,0.4286,layer_31
recovery_signed_diff,col_norm,8,per_ckpt,step2600000-tokens14792B,90,0.3253,0.2158,0.3065,0.2448,layer_31
recovery_signed_diff,col_norm,8,per_ckpt,main,90,0.3027,0.3137,0.3536,0.2408,layer_31
recovery_signed_diff,col_norm,16,per_ckpt,step50000-tokens210B,90,-0.3625,0.1728,-0.3436,0.2108,layer_31
recovery_signed_diff,col_norm,16,per_ckpt,step200000-tokens840B,90,-0.7087,0.013,-0.6956,0.014,layer_31
recovery_signed_diff,col_norm,16,per_ckpt,step350000-tokens1470B,90,-0.8276,0.002,-0.7982,0.002,layer_31
recovery_signed_diff,col_norm,16,per_ckpt,step500000-tokens2100B,90,-0.075,0.8122,-0.1083,0.7502,layer_31
recovery_signed_diff,col_norm,16,per_ckpt,step650000-tokens2730B,90,-0.6146,0.026,-0.6307,0.022,layer_31
recovery_signed_diff,col_norm,16,per_ckpt,step800000-tokens3360B,90,0.3529,0.2138,0.3599,0.2008,layer_31
recovery_signed_diff,col_norm,16,per_ckpt,step950000-tokens3990B,90,-0.3354,0.2388,-0.3478,0.2507,layer_31
recovery_signed_diff,col_norm,16,per_ckpt,step1432000-tokens6014B,90,0.421,0.2028,0.4641,0.1658,layer_31
recovery_signed_diff,col_norm,16,per_ckpt,step1700000-tokens7232B,90,-0.7101,0.003,-0.6846,0.005,layer_31
recovery_signed_diff,col_norm,16,per_ckpt,step1850000-tokens8492B,90,-0.5234,0.0729,-0.4864,0.1199,layer_31
recovery_signed_diff,col_norm,16,per_ckpt,step2000000-tokens9752B,90,-0.5661,0.019,-0.547,0.017,layer_31
recovery_signed_diff,col_norm,16,per_ckpt,step2150000-tokens11012B,90,-0.4143,0.0859,-0.4059,0.0989,layer_31
recovery_signed_diff,col_norm,16,per_ckpt,step2300000-tokens12272B,90,-0.4603,0.0999,-0.4554,0.1099,layer_31
recovery_signed_diff,col_norm,16,per_ckpt,step2450000-tokens13532B,90,-0.2236,0.4535,-0.2398,0.3876,layer_31
recovery_signed_diff,col_norm,16,per_ckpt,step2600000-tokens14792B,90,0.3019,0.2298,0.2827,0.2797,layer_31
recovery_signed_diff,col_norm,16,per_ckpt,main,90,0.1694,0.4665,0.1841,0.4515,layer_31
recovery_min,row_norm,4,per_ckpt,step50000-tokens210B,90,0.1333,0.4236,0.1147,0.3826,layer_31
recovery_min,row_norm,4,per_ckpt,step200000-tokens840B,90,0.0826,0.4316,0.1162,0.2498,layer_31
recovery_min,row_norm,4,per_ckpt,step350000-tokens1470B,90,0.0648,0.6134,0.084,0.4236,layer_31
recovery_min,row_norm,4,per_ckpt,step500000-tokens2100B,90,-0.2632,0.005,-0.166,0.1069,layer_31
recovery_min,row_norm,4,per_ckpt,step650000-tokens2730B,90,-0.0116,0.8921,0.0349,0.6663,layer_31
recovery_min,row_norm,4,per_ckpt,step800000-tokens3360B,90,-0.1952,0.1379,-0.1867,0.0829,layer_31
recovery_min,row_norm,4,per_ckpt,step950000-tokens3990B,90,-0.0004,0.996,-0.0251,0.7592,layer_31
recovery_min,row_norm,4,per_ckpt,step1432000-tokens6014B,90,-0.1452,0.2897,-0.1347,0.3556,layer_31
recovery_min,row_norm,4,per_ckpt,step1700000-tokens7232B,90,0.097,0.3457,0.0914,0.3307,layer_31
recovery_min,row_norm,4,per_ckpt,step1850000-tokens8492B,90,0.0607,0.6204,0.1087,0.1688,layer_31
recovery_min,row_norm,4,per_ckpt,step2000000-tokens9752B,90,0.029,0.7123,0.0102,0.7902,layer_31
recovery_min,row_norm,4,per_ckpt,step2150000-tokens11012B,90,-0.1587,0.4486,-0.165,0.2507,layer_31
recovery_min,row_norm,4,per_ckpt,step2300000-tokens12272B,90,-0.0512,0.4216,-0.0504,0.4236,layer_31
recovery_min,row_norm,4,per_ckpt,step2450000-tokens13532B,90,-0.1101,0.0849,-0.1272,0.0519,layer_31
recovery_min,row_norm,4,per_ckpt,step2600000-tokens14792B,90,0.0688,0.5634,0.0242,0.7273,layer_31
recovery_min,row_norm,4,per_ckpt,main,90,-0.0073,0.999,0.0186,0.6693,layer_31
recovery_min,row_norm,8,per_ckpt,step50000-tokens210B,90,-0.1102,0.7802,-0.123,0.3227,layer_31
recovery_min,row_norm,8,per_ckpt,step200000-tokens840B,90,-0.0911,0.6793,-0.1108,0.2997,layer_31
recovery_min,row_norm,8,per_ckpt,step350000-tokens1470B,90,0.0847,0.3367,0.1438,0.1079,layer_31
recovery_min,row_norm,8,per_ckpt,step500000-tokens2100B,90,-0.2858,0.016,-0.1986,0.0829,layer_31
recovery_min,row_norm,8,per_ckpt,step650000-tokens2730B,90,0.0883,0.3177,0.1009,0.2787,layer_31
recovery_min,row_norm,8,per_ckpt,step800000-tokens3360B,90,0.0359,0.6953,0.0989,0.4256,layer_31
recovery_min,row_norm,8,per_ckpt,step950000-tokens3990B,90,0.0675,0.5325,0.0789,0.1469,layer_31
recovery_min,row_norm,8,per_ckpt,step1432000-tokens6014B,90,-0.1303,0.0509,-0.14,0.01,layer_31
recovery_min,row_norm,8,per_ckpt,step1700000-tokens7232B,90,-0.0741,0.2288,-0.1094,0.2058,layer_31
recovery_min,row_norm,8,per_ckpt,step1850000-tokens8492B,90,0.0164,0.952,0.0315,0.7253,layer_31
recovery_min,row_norm,8,per_ckpt,step2000000-tokens9752B,90,-0.0134,0.8501,-0.043,0.7213,layer_31
recovery_min,row_norm,8,per_ckpt,step2150000-tokens11012B,90,0.1759,0.2967,0.192,0.014,layer_31
recovery_min,row_norm,8,per_ckpt,step2300000-tokens12272B,90,-0.0416,0.3796,-0.0289,0.5075,layer_31
recovery_min,row_norm,8,per_ckpt,step2450000-tokens13532B,90,-0.1178,0.1209,-0.1277,0.0629,layer_31
recovery_min,row_norm,8,per_ckpt,step2600000-tokens14792B,90,0.0204,0.996,0.0085,0.8551,layer_31
recovery_min,row_norm,8,per_ckpt,main,90,-0.0498,0.9421,-0.0657,0.0889,layer_31
recovery_min,row_norm,16,per_ckpt,step50000-tokens210B,90,0.1892,0.2937,0.2192,0.1798,layer_31
recovery_min,row_norm,16,per_ckpt,step200000-tokens840B,90,-0.0131,0.8482,0.0194,0.8641,layer_31
recovery_min,row_norm,16,per_ckpt,step350000-tokens1470B,90,0.3079,0.036,0.3175,0.002,layer_31
recovery_min,row_norm,16,per_ckpt,step500000-tokens2100B,90,-0.26,0.003,-0.1852,0.0739,layer_31
recovery_min,row_norm,16,per_ckpt,step650000-tokens2730B,90,0.1304,0.04,0.1511,0.016,layer_31
recovery_min,row_norm,16,per_ckpt,step800000-tokens3360B,90,-0.0741,0.7293,-0.0523,0.7463,layer_31
recovery_min,row_norm,16,per_ckpt,step950000-tokens3990B,90,0.081,0.5205,0.0617,0.6124,layer_31
recovery_min,row_norm,16,per_ckpt,step1432000-tokens6014B,90,-0.0755,0.1698,-0.0731,0.1668,layer_31
recovery_min,row_norm,16,per_ckpt,step1700000-tokens7232B,90,-0.113,0.1768,-0.0916,0.4356,layer_31
recovery_min,row_norm,16,per_ckpt,step1850000-tokens8492B,90,0.0003,0.997,-0.0175,0.8282,layer_31
recovery_min,row_norm,16,per_ckpt,step2000000-tokens9752B,90,0.0147,0.9261,-0.066,0.8621,layer_31
recovery_min,row_norm,16,per_ckpt,step2150000-tokens11012B,90,0.0101,0.9281,0.0091,0.9391,layer_31
recovery_min,row_norm,16,per_ckpt,step2300000-tokens12272B,90,-0.071,0.4775,-0.0691,0.4855,layer_31
recovery_min,row_norm,16,per_ckpt,step2450000-tokens13532B,90,-0.1312,0.045,-0.1327,0.023,layer_31
recovery_min,row_norm,16,per_ckpt,step2600000-tokens14792B,90,-0.0297,0.951,-0.0422,0.3187,layer_31
recovery_min,row_norm,16,per_ckpt,main,90,-0.0772,0.5754,-0.0798,0.1908,layer_31
recovery_min,col_norm,4,per_ckpt,step50000-tokens210B,90,0.1008,0.5185,0.0715,0.3906,layer_31
recovery_min,col_norm,4,per_ckpt,step200000-tokens840B,90,0.0758,0.6494,0.062,0.3407,layer_31
recovery_min,col_norm,4,per_ckpt,step350000-tokens1470B,90,0.0317,0.9461,0.0527,0.5155,layer_31
recovery_min,col_norm,4,per_ckpt,step500000-tokens2100B,90,-0.1584,0.1489,-0.1356,0.1039,layer_31
recovery_min,col_norm,4,per_ckpt,step650000-tokens2730B,90,0.0386,0.8531,0.0336,0.6523,layer_31
recovery_min,col_norm,4,per_ckpt,step800000-tokens3360B,90,-0.1193,0.5924,-0.1187,0.0859,layer_31
recovery_min,col_norm,4,per_ckpt,step950000-tokens3990B,90,-0.0531,0.6623,-0.029,0.7163,layer_31
recovery_min,col_norm,4,per_ckpt,step1432000-tokens6014B,90,-0.1389,0.2108,-0.1021,0.3766,layer_31
recovery_min,col_norm,4,per_ckpt,step1700000-tokens7232B,90,0.0745,0.3896,0.0871,0.3347,layer_31
recovery_min,col_norm,4,per_ckpt,step1850000-tokens8492B,90,0.0966,0.3257,0.1352,0.1339,layer_31
recovery_min,col_norm,4,per_ckpt,step2000000-tokens9752B,90,0.0427,0.8901,0.0446,0.4426,layer_31
recovery_min,col_norm,4,per_ckpt,step2150000-tokens11012B,90,-0.196,0.3457,-0.2016,0.2537,layer_31
recovery_min,col_norm,4,per_ckpt,step2300000-tokens12272B,90,-0.0891,0.5355,-0.0609,0.5065,layer_31
recovery_min,col_norm,4,per_ckpt,step2450000-tokens13532B,90,-0.2526,0.2238,-0.2437,0.0899,layer_31
recovery_min,col_norm,4,per_ckpt,step2600000-tokens14792B,90,0.0421,0.8442,0.0671,0.6613,layer_31
recovery_min,col_norm,4,per_ckpt,main,90,0.0586,0.5854,0.0996,0.4715,layer_31
recovery_min,col_norm,8,per_ckpt,step50000-tokens210B,90,-0.0699,0.3636,-0.062,0.3337,layer_31
recovery_min,col_norm,8,per_ckpt,step200000-tokens840B,90,-0.0972,0.4116,-0.1034,0.2877,layer_31
recovery_min,col_norm,8,per_ckpt,step350000-tokens1470B,90,0.1133,0.0609,0.1069,0.1309,layer_31
recovery_min,col_norm,8,per_ckpt,step500000-tokens2100B,90,-0.2488,0.1069,-0.2034,0.0879,layer_31
recovery_min,col_norm,8,per_ckpt,step650000-tokens2730B,90,0.1027,0.2927,0.0893,0.3127,layer_31
recovery_min,col_norm,8,per_ckpt,step800000-tokens3360B,90,0.0433,0.7303,0.0852,0.4296,layer_31
recovery_min,col_norm,8,per_ckpt,step950000-tokens3990B,90,0.1007,0.3397,0.0841,0.1499,layer_31
recovery_min,col_norm,8,per_ckpt,step1432000-tokens6014B,90,-0.0983,0.0759,-0.1204,0.018,layer_31
recovery_min,col_norm,8,per_ckpt,step1700000-tokens7232B,90,-0.1255,0.3327,-0.1147,0.2567,layer_31
recovery_min,col_norm,8,per_ckpt,step1850000-tokens8492B,90,0.0315,0.8102,0.0403,0.7003,layer_31
recovery_min,col_norm,8,per_ckpt,step2000000-tokens9752B,90,-0.0771,0.8931,-0.0685,0.6224,layer_31
recovery_min,col_norm,8,per_ckpt,step2150000-tokens11012B,90,0.1453,0.3666,0.1861,0.014,layer_31
recovery_min,col_norm,8,per_ckpt,step2300000-tokens12272B,90,-0.044,0.7972,-0.028,0.7053,layer_31
recovery_min,col_norm,8,per_ckpt,step2450000-tokens13532B,90,-0.2859,0.1588,-0.2736,0.1139,layer_31
recovery_min,col_norm,8,per_ckpt,step2600000-tokens14792B,90,0.0281,0.7962,0.0661,0.6563,layer_31
recovery_min,col_norm,8,per_ckpt,main,90,-0.0672,0.4725,-0.1495,0.2368,layer_31
recovery_min,col_norm,16,per_ckpt,step50000-tokens210B,90,0.1799,0.1199,0.1798,0.1798,layer_31
recovery_min,col_norm,16,per_ckpt,step200000-tokens840B,90,0.0031,0.977,0.0081,0.9411,layer_31
recovery_min,col_norm,16,per_ckpt,step350000-tokens1470B,90,0.1243,0.4765,0.2128,0.002,layer_31
recovery_min,col_norm,16,per_ckpt,step500000-tokens2100B,90,-0.1902,0.0999,-0.1912,0.0919,layer_31
recovery_min,col_norm,16,per_ckpt,step650000-tokens2730B,90,0.1868,0.0849,0.1549,0.031,layer_31
recovery_min,col_norm,16,per_ckpt,step800000-tokens3360B,90,-0.0535,0.6593,-0.0408,0.7373,layer_31
recovery_min,col_norm,16,per_ckpt,step950000-tokens3990B,90,0.1031,0.3187,0.0519,0.6264,layer_31
recovery_min,col_norm,16,per_ckpt,step1432000-tokens6014B,90,-0.055,0.3017,-0.0818,0.1169,layer_31
recovery_min,col_norm,16,per_ckpt,step1700000-tokens7232B,90,-0.1414,0.5455,-0.108,0.3596,layer_31
recovery_min,col_norm,16,per_ckpt,step1850000-tokens8492B,90,-0.0407,0.5724,-0.0158,0.8501,layer_31
recovery_min,col_norm,16,per_ckpt,step2000000-tokens9752B,90,-0.0628,0.6973,-0.0748,0.8452,layer_31
recovery_min,col_norm,16,per_ckpt,step2150000-tokens11012B,90,-0.011,0.968,0.0196,0.8881,layer_31
recovery_min,col_norm,16,per_ckpt,step2300000-tokens12272B,90,-0.1226,0.7542,-0.0949,0.4296,layer_31
recovery_min,col_norm,16,per_ckpt,step2450000-tokens13532B,90,-0.26,0.3746,-0.2902,0.04,layer_31
recovery_min,col_norm,16,per_ckpt,step2600000-tokens14792B,90,-0.1252,0.2507,-0.1055,0.3706,layer_31
recovery_min,col_norm,16,per_ckpt,main,90,-0.2394,0.0859,-0.2021,0.2268,layer_31
recovery_max,row_norm,4,per_ckpt,step50000-tokens210B,90,0.0839,0.5594,0.0071,0.962,layer_31
recovery_max,row_norm,4,per_ckpt,step200000-tokens840B,90,-0.1072,0.2148,-0.0812,0.4126,layer_31
recovery_max,row_norm,4,per_ckpt,step350000-tokens1470B,90,0.0166,0.8941,-0.0177,0.8641,layer_31
recovery_max,row_norm,4,per_ckpt,step500000-tokens2100B,90,-0.2793,0.014,-0.1479,0.1528,layer_31
recovery_max,row_norm,4,per_ckpt,step650000-tokens2730B,90,-0.1354,0.0799,-0.1173,0.1199,layer_31
recovery_max,row_norm,4,per_ckpt,step800000-tokens3360B,90,-0.0611,0.4745,-0.0578,0.6304,layer_31
recovery_max,row_norm,4,per_ckpt,step950000-tokens3990B,90,0.086,0.3796,0.0615,0.4326,layer_31
recovery_max,row_norm,4,per_ckpt,step1432000-tokens6014B,90,-0.2439,0.0819,-0.1407,0.3277,layer_31
recovery_max,row_norm,4,per_ckpt,step1700000-tokens7232B,90,-0.006,0.9451,0.0335,0.6833,layer_31
recovery_max,row_norm,4,per_ckpt,step1850000-tokens8492B,90,0.0665,0.3626,0.1422,0.0579,layer_31
recovery_max,row_norm,4,per_ckpt,step2000000-tokens9752B,90,0.0041,0.9221,0.0177,0.6394,layer_31
recovery_max,row_norm,4,per_ckpt,step2150000-tokens11012B,90,0.0104,0.958,-0.111,0.4466,layer_31
recovery_max,row_norm,4,per_ckpt,step2300000-tokens12272B,90,-0.1317,0.014,-0.0741,0.2068,layer_31
recovery_max,row_norm,4,per_ckpt,step2450000-tokens13532B,90,-0.0915,0.1968,-0.1257,0.047,layer_31
recovery_max,row_norm,4,per_ckpt,step2600000-tokens14792B,90,0.0142,0.8132,0.0223,0.7443,layer_31
recovery_max,row_norm,4,per_ckpt,main,90,0.015,0.7892,0.0411,0.3397,layer_31
recovery_max,row_norm,8,per_ckpt,step50000-tokens210B,90,-0.0065,0.963,0.0587,0.6354,layer_31
recovery_max,row_norm,8,per_ckpt,step200000-tokens840B,90,-0.2008,0.1099,-0.2904,0.013,layer_31
recovery_max,row_norm,8,per_ckpt,step350000-tokens1470B,90,-0.1173,0.2428,-0.1346,0.1309,layer_31
recovery_max,row_norm,8,per_ckpt,step500000-tokens2100B,90,-0.1328,0.3487,-0.1209,0.3077,layer_31
recovery_max,row_norm,8,per_ckpt,step650000-tokens2730B,90,-0.1035,0.2797,-0.0303,0.7373,layer_31
recovery_max,row_norm,8,per_ckpt,step800000-tokens3360B,90,0.1561,0.1159,0.1785,0.0879,layer_31
recovery_max,row_norm,8,per_ckpt,step950000-tokens3990B,90,0.0364,0.5734,0.0231,0.6783,layer_31
recovery_max,row_norm,8,per_ckpt,step1432000-tokens6014B,90,-0.0992,0.1359,-0.0527,0.3776,layer_31
recovery_max,row_norm,8,per_ckpt,step1700000-tokens7232B,90,-0.2133,0.011,-0.1385,0.0829,layer_31
recovery_max,row_norm,8,per_ckpt,step1850000-tokens8492B,90,0.0057,0.961,0.0606,0.4505,layer_31
recovery_max,row_norm,8,per_ckpt,step2000000-tokens9752B,90,-0.0835,0.3716,-0.1055,0.2947,layer_31
recovery_max,row_norm,8,per_ckpt,step2150000-tokens11012B,90,0.0684,0.4975,0.0544,0.5954,layer_31
recovery_max,row_norm,8,per_ckpt,step2300000-tokens12272B,90,-0.1084,0.031,-0.0425,0.3177,layer_31
recovery_max,row_norm,8,per_ckpt,step2450000-tokens13532B,90,-0.0458,0.5634,-0.0955,0.1818,layer_31
recovery_max,row_norm,8,per_ckpt,step2600000-tokens14792B,90,-0.0476,0.4156,-0.0047,0.9251,layer_31
recovery_max,row_norm,8,per_ckpt,main,90,-0.0195,0.6304,-0.037,0.4046,layer_31
recovery_max,row_norm,16,per_ckpt,step50000-tokens210B,90,0.232,0.1988,0.1694,0.3037,layer_31
recovery_max,row_norm,16,per_ckpt,step200000-tokens840B,90,-0.129,0.1469,-0.1453,0.1329,layer_31
recovery_max,row_norm,16,per_ckpt,step350000-tokens1470B,90,0.1633,0.1508,0.1275,0.1518,layer_31
recovery_max,row_norm,16,per_ckpt,step500000-tokens2100B,90,-0.2708,0.008,-0.158,0.1219,layer_31
recovery_max,row_norm,16,per_ckpt,step650000-tokens2730B,90,0.0274,0.6983,0.0014,0.982,layer_31
recovery_max,row_norm,16,per_ckpt,step800000-tokens3360B,90,-0.0997,0.5075,-0.0067,0.962,layer_31
recovery_max,row_norm,16,per_ckpt,step950000-tokens3990B,90,0.0182,0.8921,-0.0101,0.9291,layer_31
recovery_max,row_norm,16,per_ckpt,step1432000-tokens6014B,90,-0.0617,0.3387,-0.0516,0.3566,layer_31
recovery_max,row_norm,16,per_ckpt,step1700000-tokens7232B,90,-0.0542,0.6354,-0.0724,0.5225,layer_31
recovery_max,row_norm,16,per_ckpt,step1850000-tokens8492B,90,0.0517,0.5395,-0.0176,0.8332,layer_31
recovery_max,row_norm,16,per_ckpt,step2000000-tokens9752B,90,0.0028,0.989,-0.1008,0.7083,layer_31
recovery_max,row_norm,16,per_ckpt,step2150000-tokens11012B,90,0.0018,0.992,-0.1119,0.2308,layer_31
recovery_max,row_norm,16,per_ckpt,step2300000-tokens12272B,90,-0.0981,0.3906,-0.1173,0.2088,layer_31
recovery_max,row_norm,16,per_ckpt,step2450000-tokens13532B,90,-0.0781,0.3067,-0.0889,0.1239,layer_31
recovery_max,row_norm,16,per_ckpt,step2600000-tokens14792B,90,-0.0438,0.3397,-0.0374,0.4026,layer_31
recovery_max,row_norm,16,per_ckpt,main,90,-0.022,0.7712,-0.0355,0.5744,layer_31
recovery_max,col_norm,4,per_ckpt,step50000-tokens210B,90,0.0419,0.7423,0.0023,0.982,layer_31
recovery_max,col_norm,4,per_ckpt,step200000-tokens840B,90,-0.0492,0.4595,-0.0495,0.4356,layer_31
recovery_max,col_norm,4,per_ckpt,step350000-tokens1470B,90,0.0043,0.954,-0.0282,0.7083,layer_31
recovery_max,col_norm,4,per_ckpt,step500000-tokens2100B,90,-0.1991,0.042,-0.1332,0.1119,layer_31
recovery_max,col_norm,4,per_ckpt,step650000-tokens2730B,90,-0.1272,0.05,-0.1159,0.0749,layer_31
recovery_max,col_norm,4,per_ckpt,step800000-tokens3360B,90,-0.0212,0.7842,-0.0365,0.6364,layer_31
recovery_max,col_norm,4,per_ckpt,step950000-tokens3990B,90,0.0471,0.5644,0.0478,0.5105,layer_31
recovery_max,col_norm,4,per_ckpt,step1432000-tokens6014B,90,-0.2399,0.0939,-0.1074,0.3516,layer_31
recovery_max,col_norm,4,per_ckpt,step1700000-tokens7232B,90,-0.017,0.8551,0.0339,0.6633,layer_31
recovery_max,col_norm,4,per_ckpt,step1850000-tokens8492B,90,0.0625,0.4955,0.1517,0.0819,layer_31
recovery_max,col_norm,4,per_ckpt,step2000000-tokens9752B,90,0.0155,0.8362,0.0066,0.9151,layer_31
recovery_max,col_norm,4,per_ckpt,step2150000-tokens11012B,90,-0.0023,0.989,-0.1385,0.4486,layer_31
recovery_max,col_norm,4,per_ckpt,step2300000-tokens12272B,90,-0.1974,0.009,-0.1421,0.1079,layer_31
recovery_max,col_norm,4,per_ckpt,step2450000-tokens13532B,90,-0.1804,0.2587,-0.2849,0.029,layer_31
recovery_max,col_norm,4,per_ckpt,step2600000-tokens14792B,90,-0.0005,0.993,0.0115,0.9261,layer_31
recovery_max,col_norm,4,per_ckpt,main,90,0.1066,0.4805,0.0834,0.5335,layer_31
recovery_max,col_norm,8,per_ckpt,step50000-tokens210B,90,0.0031,0.963,0.03,0.6364,layer_31
recovery_max,col_norm,8,per_ckpt,step200000-tokens840B,90,-0.2046,0.0709,-0.267,0.011,layer_31
recovery_max,col_norm,8,per_ckpt,step350000-tokens1470B,90,-0.082,0.2687,-0.122,0.0729,layer_31
recovery_max,col_norm,8,per_ckpt,step500000-tokens2100B,90,-0.0798,0.6064,-0.1463,0.2418,layer_31
recovery_max,col_norm,8,per_ckpt,step650000-tokens2730B,90,-0.0832,0.3706,-0.0488,0.5994,layer_31
recovery_max,col_norm,8,per_ckpt,step800000-tokens3360B,90,0.1837,0.0639,0.1562,0.0799,layer_31
recovery_max,col_norm,8,per_ckpt,step950000-tokens3990B,90,-0.037,0.5914,0.0206,0.7113,layer_31
recovery_max,col_norm,8,per_ckpt,step1432000-tokens6014B,90,-0.0659,0.2428,-0.0576,0.3007,layer_31
recovery_max,col_norm,8,per_ckpt,step1700000-tokens7232B,90,-0.268,0.003,-0.1448,0.1269,layer_31
recovery_max,col_norm,8,per_ckpt,step1850000-tokens8492B,90,-0.0255,0.8142,0.0636,0.5075,layer_31
recovery_max,col_norm,8,per_ckpt,step2000000-tokens9752B,90,-0.095,0.4815,-0.162,0.1578,layer_31
recovery_max,col_norm,8,per_ckpt,step2150000-tokens11012B,90,0.0131,0.8831,0.0442,0.6513,layer_31
recovery_max,col_norm,8,per_ckpt,step2300000-tokens12272B,90,-0.1527,0.027,-0.1036,0.1429,layer_31
recovery_max,col_norm,8,per_ckpt,step2450000-tokens13532B,90,-0.138,0.4805,-0.2498,0.1558,layer_31
recovery_max,col_norm,8,per_ckpt,step2600000-tokens14792B,90,-0.155,0.3017,-0.0669,0.6523,layer_31
recovery_max,col_norm,8,per_ckpt,main,90,-0.0085,0.9251,-0.1294,0.3257,layer_31
recovery_max,col_norm,16,per_ckpt,step50000-tokens210B,90,0.2307,0.1279,0.1389,0.3067,layer_31
recovery_max,col_norm,16,per_ckpt,step200000-tokens840B,90,-0.1074,0.1658,-0.1254,0.1149,layer_31
recovery_max,col_norm,16,per_ckpt,step350000-tokens1470B,90,0.0795,0.2647,0.0836,0.1738,layer_31
recovery_max,col_norm,16,per_ckpt,step500000-tokens2100B,90,-0.2376,0.0559,-0.1797,0.1109,layer_31
recovery_max,col_norm,16,per_ckpt,step650000-tokens2730B,90,0.0614,0.4346,-0.0152,0.8242,layer_31
recovery_max,col_norm,16,per_ckpt,step800000-tokens3360B,90,-0.0418,0.7003,-0.0007,0.992,layer_31
recovery_max,col_norm,16,per_ckpt,step950000-tokens3990B,90,0.0059,0.955,-0.0121,0.9071,layer_31
recovery_max,col_norm,16,per_ckpt,step1432000-tokens6014B,90,-0.0409,0.5405,-0.0637,0.2597,layer_31
recovery_max,col_norm,16,per_ckpt,step1700000-tokens7232B,90,-0.0689,0.5524,-0.0852,0.4785,layer_31
recovery_max,col_norm,16,per_ckpt,step1850000-tokens8492B,90,-0.0112,0.9011,-0.0164,0.8521,layer_31
recovery_max,col_norm,16,per_ckpt,step2000000-tokens9752B,90,-0.0088,0.975,-0.1124,0.6703,layer_31
recovery_max,col_norm,16,per_ckpt,step2150000-tokens11012B,90,-0.0247,0.8681,-0.1689,0.1858,layer_31
recovery_max,col_norm,16,per_ckpt,step2300000-tokens12272B,90,-0.1241,0.3606,-0.1725,0.1369,layer_31
recovery_max,col_norm,16,per_ckpt,step2450000-tokens13532B,90,-0.1333,0.3836,-0.2384,0.0959,layer_31
recovery_max,col_norm,16,per_ckpt,step2600000-tokens14792B,90,-0.1241,0.3826,-0.1762,0.1439,layer_31
recovery_max,col_norm,16,per_ckpt,main,90,-0.0352,0.8911,-0.1384,0.4026,layer_31
recovery_norm_asym,row_norm,4,per_ckpt,step50000-tokens210B,90,0.1878,0.4036,0.167,0.4046,layer_31
recovery_norm_asym,row_norm,4,per_ckpt,step200000-tokens840B,90,0.6559,0.017,0.5998,0.019,layer_31
recovery_norm_asym,row_norm,4,per_ckpt,step350000-tokens1470B,90,0.6562,0.011,0.6126,0.019,layer_31
recovery_norm_asym,row_norm,4,per_ckpt,step500000-tokens2100B,90,0.4964,0.0739,0.4661,0.0829,layer_31
recovery_norm_asym,row_norm,4,per_ckpt,step650000-tokens2730B,90,0.7977,0.006,0.7522,0.012,layer_31
recovery_norm_asym,row_norm,4,per_ckpt,step800000-tokens3360B,90,0.1083,0.4965,0.1008,0.4585,layer_31
recovery_norm_asym,row_norm,4,per_ckpt,step950000-tokens3990B,90,0.6981,0.016,0.5972,0.048,layer_31
recovery_norm_asym,row_norm,4,per_ckpt,step1432000-tokens6014B,90,0.4052,0.1409,0.3295,0.2268,layer_31
recovery_norm_asym,row_norm,4,per_ckpt,step1700000-tokens7232B,90,0.7999,0.004,0.7982,0.002,layer_31
recovery_norm_asym,row_norm,4,per_ckpt,step1850000-tokens8492B,90,0.7214,0.008,0.649,0.015,layer_31
recovery_norm_asym,row_norm,4,per_ckpt,step2000000-tokens9752B,90,0.7639,0.005,0.7317,0.003,layer_31
recovery_norm_asym,row_norm,4,per_ckpt,step2150000-tokens11012B,90,0.2023,0.4296,0.1744,0.5125,layer_31
recovery_norm_asym,row_norm,4,per_ckpt,step2300000-tokens12272B,90,0.7575,0.008,0.7255,0.01,layer_31
recovery_norm_asym,row_norm,4,per_ckpt,step2450000-tokens13532B,90,0.7534,0.005,0.7029,0.004,layer_31
recovery_norm_asym,row_norm,4,per_ckpt,step2600000-tokens14792B,90,0.7381,0.006,0.7191,0.004,layer_31
recovery_norm_asym,row_norm,4,per_ckpt,main,90,0.7511,0.004,0.7062,0.003,layer_31
recovery_norm_asym,row_norm,8,per_ckpt,step50000-tokens210B,90,-0.3698,0.0559,-0.4039,0.028,layer_31
recovery_norm_asym,row_norm,8,per_ckpt,step200000-tokens840B,90,0.4519,0.1029,0.3028,0.2947,layer_31
recovery_norm_asym,row_norm,8,per_ckpt,step350000-tokens1470B,90,0.5176,0.0559,0.5284,0.045,layer_31
recovery_norm_asym,row_norm,8,per_ckpt,step500000-tokens2100B,90,0.6475,0.003,0.572,0.023,layer_31
recovery_norm_asym,row_norm,8,per_ckpt,step650000-tokens2730B,90,0.6067,0.037,0.5516,0.0699,layer_31
recovery_norm_asym,row_norm,8,per_ckpt,step800000-tokens3360B,90,0.4232,0.0639,0.3178,0.2008,layer_31
recovery_norm_asym,row_norm,8,per_ckpt,step950000-tokens3990B,90,0.7996,0.002,0.7256,0.001,layer_31
recovery_norm_asym,row_norm,8,per_ckpt,step1432000-tokens6014B,90,0.5219,0.0799,0.4574,0.1369,layer_31
recovery_norm_asym,row_norm,8,per_ckpt,step1700000-tokens7232B,90,0.6043,0.042,0.6307,0.02,layer_31
recovery_norm_asym,row_norm,8,per_ckpt,step1850000-tokens8492B,90,0.6447,0.011,0.5983,0.012,layer_31
recovery_norm_asym,row_norm,8,per_ckpt,step2000000-tokens9752B,90,0.5587,0.0649,0.5176,0.0909,layer_31
recovery_norm_asym,row_norm,8,per_ckpt,step2150000-tokens11012B,90,0.7719,0.003,0.7423,0.003,layer_31
recovery_norm_asym,row_norm,8,per_ckpt,step2300000-tokens12272B,90,0.734,0.009,0.7149,0.006,layer_31
recovery_norm_asym,row_norm,8,per_ckpt,step2450000-tokens13532B,90,0.7669,0.006,0.7233,0.004,layer_31
recovery_norm_asym,row_norm,8,per_ckpt,step2600000-tokens14792B,90,0.7634,0.004,0.7626,0.003,layer_31
recovery_norm_asym,row_norm,8,per_ckpt,main,90,0.7342,0.011,0.7449,0.004,layer_31
recovery_norm_asym,row_norm,16,per_ckpt,step50000-tokens210B,90,0.477,0.019,0.4604,0.029,layer_31
recovery_norm_asym,row_norm,16,per_ckpt,step200000-tokens840B,90,0.6377,0.025,0.5075,0.0649,layer_31
recovery_norm_asym,row_norm,16,per_ckpt,step350000-tokens1470B,90,0.7355,0.011,0.7289,0.01,layer_31
recovery_norm_asym,row_norm,16,per_ckpt,step500000-tokens2100B,90,0.6445,0.017,0.6162,0.017,layer_31
recovery_norm_asym,row_norm,16,per_ckpt,step650000-tokens2730B,90,0.6055,0.043,0.5297,0.0889,layer_31
recovery_norm_asym,row_norm,16,per_ckpt,step800000-tokens3360B,90,0.0871,0.7153,0.0921,0.7363,layer_31
recovery_norm_asym,row_norm,16,per_ckpt,step950000-tokens3990B,90,0.5895,0.017,0.5548,0.02,layer_31
recovery_norm_asym,row_norm,16,per_ckpt,step1432000-tokens6014B,90,0.5674,0.0509,0.48,0.1289,layer_31
recovery_norm_asym,row_norm,16,per_ckpt,step1700000-tokens7232B,90,0.6636,0.008,0.6013,0.007,layer_31
recovery_norm_asym,row_norm,16,per_ckpt,step1850000-tokens8492B,90,0.4895,0.0899,0.4644,0.1379,layer_31
recovery_norm_asym,row_norm,16,per_ckpt,step2000000-tokens9752B,90,0.5254,0.0519,0.4914,0.0689,layer_31
recovery_norm_asym,row_norm,16,per_ckpt,step2150000-tokens11012B,90,0.7659,0.003,0.7063,0.004,layer_31
recovery_norm_asym,row_norm,16,per_ckpt,step2300000-tokens12272B,90,0.5696,0.046,0.5233,0.0759,layer_31
recovery_norm_asym,row_norm,16,per_ckpt,step2450000-tokens13532B,90,0.7141,0.008,0.6733,0.005,layer_31
recovery_norm_asym,row_norm,16,per_ckpt,step2600000-tokens14792B,90,0.7599,0.005,0.7695,0.003,layer_31
recovery_norm_asym,row_norm,16,per_ckpt,main,90,0.7129,0.012,0.7398,0.004,layer_31
recovery_norm_asym,col_norm,4,per_ckpt,step50000-tokens210B,90,0.0944,0.7143,-0.0283,0.954,layer_31
recovery_norm_asym,col_norm,4,per_ckpt,step200000-tokens840B,90,-0.6992,0.011,-0.7266,0.005,layer_31
recovery_norm_asym,col_norm,4,per_ckpt,step350000-tokens1470B,90,-0.6479,0.022,-0.6949,0.007,layer_31
recovery_norm_asym,col_norm,4,per_ckpt,step500000-tokens2100B,90,-0.0104,0.969,-0.089,0.8142,layer_31
recovery_norm_asym,col_norm,4,per_ckpt,step650000-tokens2730B,90,-0.2219,0.5045,-0.3605,0.2927,layer_31
recovery_norm_asym,col_norm,4,per_ckpt,step800000-tokens3360B,90,0.2787,0.2977,0.2619,0.4525,layer_31
recovery_norm_asym,col_norm,4,per_ckpt,step950000-tokens3990B,90,-0.2394,0.4545,-0.2839,0.3686,layer_31
recovery_norm_asym,col_norm,4,per_ckpt,step1432000-tokens6014B,90,0.2664,0.3706,0.2992,0.3536,layer_31
recovery_norm_asym,col_norm,4,per_ckpt,step1700000-tokens7232B,90,-0.7564,0.003,-0.6787,0.006,layer_31
recovery_norm_asym,col_norm,4,per_ckpt,step1850000-tokens8492B,90,-0.5428,0.0699,-0.4496,0.1329,layer_31
recovery_norm_asym,col_norm,4,per_ckpt,step2000000-tokens9752B,90,0.1966,0.5305,0.1455,0.6404,layer_31
recovery_norm_asym,col_norm,4,per_ckpt,step2150000-tokens11012B,90,-0.0045,0.987,-0.0049,0.98,layer_31
recovery_norm_asym,col_norm,4,per_ckpt,step2300000-tokens12272B,90,0.1253,0.6963,-0.033,0.9131,layer_31
recovery_norm_asym,col_norm,4,per_ckpt,step2450000-tokens13532B,90,0.0956,0.7393,0.0584,0.8362,layer_31
recovery_norm_asym,col_norm,4,per_ckpt,step2600000-tokens14792B,90,0.1391,0.6124,0.1107,0.6853,layer_31
recovery_norm_asym,col_norm,4,per_ckpt,main,90,0.2445,0.3237,0.2896,0.2328,layer_31
recovery_norm_asym,col_norm,8,per_ckpt,step50000-tokens210B,90,0.207,0.5155,0.1522,0.6494,layer_31
recovery_norm_asym,col_norm,8,per_ckpt,step200000-tokens840B,90,-0.4775,0.1029,-0.4978,0.0829,layer_31
recovery_norm_asym,col_norm,8,per_ckpt,step350000-tokens1470B,90,-0.4104,0.1718,-0.4398,0.1349,layer_31
recovery_norm_asym,col_norm,8,per_ckpt,step500000-tokens2100B,90,-0.2765,0.3856,-0.2814,0.3856,layer_31
recovery_norm_asym,col_norm,8,per_ckpt,step650000-tokens2730B,90,-0.2988,0.3357,-0.3232,0.2687,layer_31
recovery_norm_asym,col_norm,8,per_ckpt,step800000-tokens3360B,90,-0.5543,0.009,-0.5005,0.018,layer_31
recovery_norm_asym,col_norm,8,per_ckpt,step950000-tokens3990B,90,-0.3937,0.1758,-0.5468,0.0719,layer_31
recovery_norm_asym,col_norm,8,per_ckpt,step1432000-tokens6014B,90,0.0954,0.7912,0.1793,0.5984,layer_31
recovery_norm_asym,col_norm,8,per_ckpt,step1700000-tokens7232B,90,-0.5532,0.0629,-0.5698,0.046,layer_31
recovery_norm_asym,col_norm,8,per_ckpt,step1850000-tokens8492B,90,-0.3879,0.1738,-0.2973,0.3187,layer_31
recovery_norm_asym,col_norm,8,per_ckpt,step2000000-tokens9752B,90,-0.3109,0.2957,-0.4116,0.1618,layer_31
recovery_norm_asym,col_norm,8,per_ckpt,step2150000-tokens11012B,90,-0.5623,0.0589,-0.6557,0.015,layer_31
recovery_norm_asym,col_norm,8,per_ckpt,step2300000-tokens12272B,90,-0.3927,0.1878,-0.4899,0.0969,layer_31
recovery_norm_asym,col_norm,8,per_ckpt,step2450000-tokens13532B,90,-0.1591,0.5305,-0.1659,0.5155,layer_31
recovery_norm_asym,col_norm,8,per_ckpt,step2600000-tokens14792B,90,0.3172,0.2258,0.2538,0.3427,layer_31
recovery_norm_asym,col_norm,8,per_ckpt,main,90,0.2938,0.3327,0.3217,0.3027,layer_31
recovery_norm_asym,col_norm,16,per_ckpt,step50000-tokens210B,90,-0.3582,0.1838,-0.3088,0.2537,layer_31
recovery_norm_asym,col_norm,16,per_ckpt,step200000-tokens840B,90,-0.7202,0.012,-0.7412,0.009,layer_31
recovery_norm_asym,col_norm,16,per_ckpt,step350000-tokens1470B,90,-0.8375,0.002,-0.8427,0.002,layer_31
recovery_norm_asym,col_norm,16,per_ckpt,step500000-tokens2100B,90,-0.0832,0.7972,-0.156,0.6593,layer_31
recovery_norm_asym,col_norm,16,per_ckpt,step650000-tokens2730B,90,-0.6026,0.031,-0.5872,0.038,layer_31
recovery_norm_asym,col_norm,16,per_ckpt,step800000-tokens3360B,90,0.3427,0.2288,0.2955,0.3207,layer_31
recovery_norm_asym,col_norm,16,per_ckpt,step950000-tokens3990B,90,-0.348,0.2148,-0.4093,0.1409,layer_31
recovery_norm_asym,col_norm,16,per_ckpt,step1432000-tokens6014B,90,0.4343,0.1898,0.5175,0.0999,layer_31
recovery_norm_asym,col_norm,16,per_ckpt,step1700000-tokens7232B,90,-0.7121,0.003,-0.676,0.007,layer_31
recovery_norm_asym,col_norm,16,per_ckpt,step1850000-tokens8492B,90,-0.5156,0.0759,-0.4094,0.1798,layer_31
recovery_norm_asym,col_norm,16,per_ckpt,step2000000-tokens9752B,90,-0.5781,0.017,-0.5873,0.008,layer_31
recovery_norm_asym,col_norm,16,per_ckpt,step2150000-tokens11012B,90,-0.4348,0.0719,-0.4859,0.036,layer_31
recovery_norm_asym,col_norm,16,per_ckpt,step2300000-tokens12272B,90,-0.4728,0.0869,-0.4925,0.0719,layer_31
recovery_norm_asym,col_norm,16,per_ckpt,step2450000-tokens13532B,90,-0.2274,0.4406,-0.2591,0.3556,layer_31
recovery_norm_asym,col_norm,16,per_ckpt,step2600000-tokens14792B,90,0.2901,0.2567,0.2264,0.4036,layer_31
recovery_norm_asym,col_norm,16,per_ckpt,main,90,0.1602,0.4945,0.1355,0.5904,layer_31
recovery_abs_ratio,row_norm,4,per_ckpt,step50000-tokens210B,90,-0.1038,0.2278,-0.1311,0.1608,layer_31
recovery_abs_ratio,row_norm,4,per_ckpt,step200000-tokens840B,90,-0.1129,0.009,-0.2235,0.001,layer_31
recovery_abs_ratio,row_norm,4,per_ckpt,step350000-tokens1470B,90,-0.079,0.0749,-0.0903,0.0869,layer_31
recovery_abs_ratio,row_norm,4,per_ckpt,step500000-tokens2100B,90,0.0413,0.4196,0.0547,0.4006,layer_31
recovery_abs_ratio,row_norm,4,per_ckpt,step650000-tokens2730B,90,-0.0837,0.0809,-0.1419,0.003,layer_31
recovery_abs_ratio,row_norm,4,per_ckpt,step800000-tokens3360B,90,0.1229,0.2458,0.178,0.1069,layer_31
recovery_abs_ratio,row_norm,4,per_ckpt,step950000-tokens3990B,90,0.0424,0.3556,0.0941,0.0589,layer_31
recovery_abs_ratio,row_norm,4,per_ckpt,step1432000-tokens6014B,90,-0.0594,0.2248,0.0288,0.7003,layer_31
recovery_abs_ratio,row_norm,4,per_ckpt,step1700000-tokens7232B,90,-0.1036,0.012,-0.0061,0.8891,layer_31
recovery_abs_ratio,row_norm,4,per_ckpt,step1850000-tokens8492B,90,0.0573,0.1618,0.016,0.7552,layer_31
recovery_abs_ratio,row_norm,4,per_ckpt,step2000000-tokens9752B,90,-0.0261,0.2817,0.0063,0.8062,layer_31
recovery_abs_ratio,row_norm,4,per_ckpt,step2150000-tokens11012B,90,0.0684,0.1828,0.0918,0.2278,layer_31
recovery_abs_ratio,row_norm,4,per_ckpt,step2300000-tokens12272B,90,-0.0291,0.3107,0.009,0.7842,layer_31
recovery_abs_ratio,row_norm,4,per_ckpt,step2450000-tokens13532B,90,-0.0238,0.4456,0.0445,0.2547,layer_31
recovery_abs_ratio,row_norm,4,per_ckpt,step2600000-tokens14792B,90,-0.0303,0.3217,-0.0151,0.6603,layer_31
recovery_abs_ratio,row_norm,4,per_ckpt,main,90,0.0235,0.3457,0.0177,0.4735,layer_31
recovery_abs_ratio,row_norm,8,per_ckpt,step50000-tokens210B,90,0.1229,0.1828,0.2069,0.036,layer_31
recovery_abs_ratio,row_norm,8,per_ckpt,step200000-tokens840B,90,-0.1799,0.011,-0.0824,0.2338,layer_31
recovery_abs_ratio,row_norm,8,per_ckpt,step350000-tokens1470B,90,-0.1781,0.005,-0.221,0.005,layer_31
recovery_abs_ratio,row_norm,8,per_ckpt,step500000-tokens2100B,90,0.121,0.031,0.0932,0.1409,layer_31
recovery_abs_ratio,row_norm,8,per_ckpt,step650000-tokens2730B,90,-0.125,0.011,-0.0908,0.0649,layer_31
recovery_abs_ratio,row_norm,8,per_ckpt,step800000-tokens3360B,90,0.111,0.1668,0.0685,0.4416,layer_31
recovery_abs_ratio,row_norm,8,per_ckpt,step950000-tokens3990B,90,0.0067,0.9021,-0.0529,0.2997,layer_31
recovery_abs_ratio,row_norm,8,per_ckpt,step1432000-tokens6014B,90,0.0571,0.1818,0.1095,0.015,layer_31
recovery_abs_ratio,row_norm,8,per_ckpt,step1700000-tokens7232B,90,-0.0856,0.037,0.025,0.6274,layer_31
recovery_abs_ratio,row_norm,8,per_ckpt,step1850000-tokens8492B,90,0.0457,0.3726,0.028,0.5445,layer_31
recovery_abs_ratio,row_norm,8,per_ckpt,step2000000-tokens9752B,90,-0.0925,0.027,-0.0321,0.5305,layer_31
recovery_abs_ratio,row_norm,8,per_ckpt,step2150000-tokens11012B,90,-0.0838,0.0989,-0.1452,0.008,layer_31
recovery_abs_ratio,row_norm,8,per_ckpt,step2300000-tokens12272B,90,-0.0373,0.1399,0.0161,0.5934,layer_31
recovery_abs_ratio,row_norm,8,per_ckpt,step2450000-tokens13532B,90,0.0223,0.4545,0.0704,0.0639,layer_31
recovery_abs_ratio,row_norm,8,per_ckpt,step2600000-tokens14792B,90,-0.0484,0.034,-0.0087,0.6973,layer_31
recovery_abs_ratio,row_norm,8,per_ckpt,main,90,0.0161,0.4466,0.037,0.1119,layer_31
recovery_abs_ratio,row_norm,16,per_ckpt,step50000-tokens210B,90,-0.0218,0.7163,-0.0859,0.3037,layer_31
recovery_abs_ratio,row_norm,16,per_ckpt,step200000-tokens840B,90,-0.1196,0.016,-0.1521,0.005,layer_31
recovery_abs_ratio,row_norm,16,per_ckpt,step350000-tokens1470B,90,-0.1094,0.014,-0.2295,0.002,layer_31
recovery_abs_ratio,row_norm,16,per_ckpt,step500000-tokens2100B,90,0.0593,0.2118,0.0327,0.5854,layer_31
recovery_abs_ratio,row_norm,16,per_ckpt,step650000-tokens2730B,90,-0.1318,0.004,-0.134,0.01,layer_31
recovery_abs_ratio,row_norm,16,per_ckpt,step800000-tokens3360B,90,0.0296,0.6933,0.0577,0.4545,layer_31
recovery_abs_ratio,row_norm,16,per_ckpt,step950000-tokens3990B,90,-0.0331,0.5395,-0.1217,0.0569,layer_31
recovery_abs_ratio,row_norm,16,per_ckpt,step1432000-tokens6014B,90,0.0205,0.5784,0.0391,0.3287,layer_31
recovery_abs_ratio,row_norm,16,per_ckpt,step1700000-tokens7232B,90,-0.0177,0.7133,0.0938,0.1049,layer_31
recovery_abs_ratio,row_norm,16,per_ckpt,step1850000-tokens8492B,90,-0.014,0.7742,0.0284,0.6174,layer_31
recovery_abs_ratio,row_norm,16,per_ckpt,step2000000-tokens9752B,90,-0.0545,0.3357,-0.0158,0.8342,layer_31
recovery_abs_ratio,row_norm,16,per_ckpt,step2150000-tokens11012B,90,-0.11,0.0629,-0.0543,0.3866,layer_31
recovery_abs_ratio,row_norm,16,per_ckpt,step2300000-tokens12272B,90,-0.0806,0.0579,0.0157,0.7852,layer_31
recovery_abs_ratio,row_norm,16,per_ckpt,step2450000-tokens13532B,90,0.0134,0.6434,0.0892,0.02,layer_31
recovery_abs_ratio,row_norm,16,per_ckpt,step2600000-tokens14792B,90,-0.0356,0.1648,0.029,0.2977,layer_31
recovery_abs_ratio,row_norm,16,per_ckpt,main,90,0.0046,0.8621,0.0712,0.024,layer_31
recovery_abs_ratio,col_norm,4,per_ckpt,step50000-tokens210B,90,-0.084,0.1868,-0.0836,0.1598,layer_31
recovery_abs_ratio,col_norm,4,per_ckpt,step200000-tokens840B,90,-0.0913,0.008,-0.1255,0.001,layer_31
recovery_abs_ratio,col_norm,4,per_ckpt,step350000-tokens1470B,90,-0.0376,0.3277,-0.0675,0.1089,layer_31
recovery_abs_ratio,col_norm,4,per_ckpt,step500000-tokens2100B,90,0.0158,0.7133,0.0367,0.4945,layer_31
recovery_abs_ratio,col_norm,4,per_ckpt,step650000-tokens2730B,90,-0.1228,0.005,-0.134,0.002,layer_31
recovery_abs_ratio,col_norm,4,per_ckpt,step800000-tokens3360B,90,0.0743,0.4066,0.1134,0.1079,layer_31
recovery_abs_ratio,col_norm,4,per_ckpt,step950000-tokens3990B,90,0.0483,0.2098,0.0886,0.0599,layer_31
recovery_abs_ratio,col_norm,4,per_ckpt,step1432000-tokens6014B,90,-0.0692,0.2128,0.0245,0.6853,layer_31
recovery_abs_ratio,col_norm,4,per_ckpt,step1700000-tokens7232B,90,-0.0853,0.033,-0.0075,0.8641,layer_31
recovery_abs_ratio,col_norm,4,per_ckpt,step1850000-tokens8492B,90,0.0103,0.8192,-0.0037,0.95,layer_31
recovery_abs_ratio,col_norm,4,per_ckpt,step2000000-tokens9752B,90,-0.0255,0.4256,-0.0375,0.3387,layer_31
recovery_abs_ratio,col_norm,4,per_ckpt,step2150000-tokens11012B,90,0.0709,0.2717,0.1096,0.2468,layer_31
recovery_abs_ratio,col_norm,4,per_ckpt,step2300000-tokens12272B,90,-0.0438,0.3506,-0.0263,0.6234,layer_31
recovery_abs_ratio,col_norm,4,per_ckpt,step2450000-tokens13532B,90,-0.0131,0.8202,0.0509,0.5125,layer_31
recovery_abs_ratio,col_norm,4,per_ckpt,step2600000-tokens14792B,90,-0.0179,0.7772,-0.0812,0.2867,layer_31
recovery_abs_ratio,col_norm,4,per_ckpt,main,90,0.0504,0.4565,-0.0282,0.7602,layer_31
recovery_abs_ratio,col_norm,8,per_ckpt,step50000-tokens210B,90,0.0942,0.0589,0.1053,0.036,layer_31
recovery_abs_ratio,col_norm,8,per_ckpt,step200000-tokens840B,90,-0.1488,0.012,-0.0725,0.2448,layer_31
recovery_abs_ratio,col_norm,8,per_ckpt,step350000-tokens1470B,90,-0.1682,0.003,-0.1805,0.004,layer_31
recovery_abs_ratio,col_norm,8,per_ckpt,step500000-tokens2100B,90,0.1354,0.041,0.0799,0.2258,layer_31
recovery_abs_ratio,col_norm,8,per_ckpt,step650000-tokens2730B,90,-0.12,0.013,-0.093,0.05,layer_31
recovery_abs_ratio,col_norm,8,per_ckpt,step800000-tokens3360B,90,0.1136,0.1329,0.0616,0.4336,layer_31
recovery_abs_ratio,col_norm,8,per_ckpt,step950000-tokens3990B,90,-0.1005,0.0669,-0.0594,0.2697,layer_31
recovery_abs_ratio,col_norm,8,per_ckpt,step1432000-tokens6014B,90,0.0454,0.2208,0.086,0.033,layer_31
recovery_abs_ratio,col_norm,8,per_ckpt,step1700000-tokens7232B,90,-0.1037,0.025,0.0271,0.6484,layer_31
recovery_abs_ratio,col_norm,8,per_ckpt,step1850000-tokens8492B,90,-0.0128,0.7842,0.0229,0.6953,layer_31
recovery_abs_ratio,col_norm,8,per_ckpt,step2000000-tokens9752B,90,-0.0301,0.6274,-0.0507,0.4366,layer_31
recovery_abs_ratio,col_norm,8,per_ckpt,step2150000-tokens11012B,90,-0.0923,0.0659,-0.1471,0.005,layer_31
recovery_abs_ratio,col_norm,8,per_ckpt,step2300000-tokens12272B,90,-0.0729,0.1469,-0.0178,0.7363,layer_31
recovery_abs_ratio,col_norm,8,per_ckpt,step2450000-tokens13532B,90,0.0478,0.4825,0.1131,0.2328,layer_31
recovery_abs_ratio,col_norm,8,per_ckpt,step2600000-tokens14792B,90,-0.1208,0.0539,-0.1135,0.1339,layer_31
recovery_abs_ratio,col_norm,8,per_ckpt,main,90,0.0269,0.5844,0.0428,0.5175,layer_31
recovery_abs_ratio,col_norm,16,per_ckpt,step50000-tokens210B,90,-0.0167,0.7682,-0.0705,0.3047,layer_31
recovery_abs_ratio,col_norm,16,per_ckpt,step200000-tokens840B,90,-0.1184,0.006,-0.1171,0.008,layer_31
recovery_abs_ratio,col_norm,16,per_ckpt,step350000-tokens1470B,90,-0.0136,0.6883,-0.1533,0.002,layer_31
recovery_abs_ratio,col_norm,16,per_ckpt,step500000-tokens2100B,90,0.0206,0.6893,0.0197,0.7672,layer_31
recovery_abs_ratio,col_norm,16,per_ckpt,step650000-tokens2730B,90,-0.1595,0.004,-0.1435,0.006,layer_31
recovery_abs_ratio,col_norm,16,per_ckpt,step800000-tokens3360B,90,0.0271,0.5924,0.048,0.3906,layer_31
recovery_abs_ratio,col_norm,16,per_ckpt,step950000-tokens3990B,90,-0.0901,0.0629,-0.1052,0.0559,layer_31
recovery_abs_ratio,col_norm,16,per_ckpt,step1432000-tokens6014B,90,0.0201,0.5954,0.0411,0.3077,layer_31
recovery_abs_ratio,col_norm,16,per_ckpt,step1700000-tokens7232B,90,0.0029,0.961,0.1045,0.0839,layer_31
recovery_abs_ratio,col_norm,16,per_ckpt,step1850000-tokens8492B,90,-0.0057,0.8881,0.0219,0.6883,layer_31
recovery_abs_ratio,col_norm,16,per_ckpt,step2000000-tokens9752B,90,-0.0038,0.952,-0.0164,0.8232,layer_31
recovery_abs_ratio,col_norm,16,per_ckpt,step2150000-tokens11012B,90,-0.1366,0.0789,-0.0931,0.2737,layer_31
recovery_abs_ratio,col_norm,16,per_ckpt,step2300000-tokens12272B,90,-0.0704,0.2348,0.0129,0.8531,layer_31
recovery_abs_ratio,col_norm,16,per_ckpt,step2450000-tokens13532B,90,0.0534,0.4126,0.1593,0.0519,layer_31
recovery_abs_ratio,col_norm,16,per_ckpt,step2600000-tokens14792B,90,-0.033,0.6344,0.0146,0.8591,layer_31
recovery_abs_ratio,col_norm,16,per_ckpt,main,90,0.1004,0.1798,0.1434,0.1139,layer_31
recovery_signed_ratio,row_norm,4,per_ckpt,step50000-tokens210B,90,0.1456,0.5165,0.0685,0.6284,layer_31
recovery_signed_ratio,row_norm,4,per_ckpt,step200000-tokens840B,90,0.5633,0.026,0.3888,0.0839,layer_31
recovery_signed_ratio,row_norm,4,per_ckpt,step350000-tokens1470B,90,0.5554,0.0529,0.4674,0.028,layer_31
recovery_signed_ratio,row_norm,4,per_ckpt,step500000-tokens2100B,90,0.3664,0.1459,0.4027,0.0689,layer_31
recovery_signed_ratio,row_norm,4,per_ckpt,step650000-tokens2730B,90,0.669,0.011,0.5284,0.034,layer_31
recovery_signed_ratio,row_norm,4,per_ckpt,step800000-tokens3360B,90,0.0615,0.6733,0.1963,0.0909,layer_31
recovery_signed_ratio,row_norm,4,per_ckpt,step950000-tokens3990B,90,0.5975,0.024,0.5314,0.02,layer_31
recovery_signed_ratio,row_norm,4,per_ckpt,step1432000-tokens6014B,90,0.2593,0.2927,0.2954,0.1888,layer_31
recovery_signed_ratio,row_norm,4,per_ckpt,step1700000-tokens7232B,90,0.7257,0.008,0.6381,0.003,layer_31
recovery_signed_ratio,row_norm,4,per_ckpt,step1850000-tokens8492B,90,0.6964,0.004,0.5323,0.012,layer_31
recovery_signed_ratio,row_norm,4,per_ckpt,step2000000-tokens9752B,90,0.6863,0.006,0.6076,0.003,layer_31
recovery_signed_ratio,row_norm,4,per_ckpt,step2150000-tokens11012B,90,0.1169,0.6853,0.2075,0.3277,layer_31
recovery_signed_ratio,row_norm,4,per_ckpt,step2300000-tokens12272B,90,0.6521,0.009,0.5994,0.012,layer_31
recovery_signed_ratio,row_norm,4,per_ckpt,step2450000-tokens13532B,90,0.6321,0.004,0.589,0.006,layer_31
recovery_signed_ratio,row_norm,4,per_ckpt,step2600000-tokens14792B,90,0.7009,0.005,0.5775,0.006,layer_31
recovery_signed_ratio,row_norm,4,per_ckpt,main,90,0.7018,0.003,0.5858,0.003,layer_31
recovery_signed_ratio,row_norm,8,per_ckpt,step50000-tokens210B,90,-0.3358,0.1429,-0.2427,0.1129,layer_31
recovery_signed_ratio,row_norm,8,per_ckpt,step200000-tokens840B,90,0.2359,0.3467,0.2339,0.3237,layer_31
recovery_signed_ratio,row_norm,8,per_ckpt,step350000-tokens1470B,90,0.4252,0.1319,0.3409,0.1189,layer_31
recovery_signed_ratio,row_norm,8,per_ckpt,step500000-tokens2100B,90,0.495,0.021,0.5196,0.009,layer_31
recovery_signed_ratio,row_norm,8,per_ckpt,step650000-tokens2730B,90,0.5248,0.045,0.4073,0.0909,layer_31
recovery_signed_ratio,row_norm,8,per_ckpt,step800000-tokens3360B,90,0.3997,0.0889,0.3225,0.0759,layer_31
recovery_signed_ratio,row_norm,8,per_ckpt,step950000-tokens3990B,90,0.7503,0.003,0.5619,0.004,layer_31
recovery_signed_ratio,row_norm,8,per_ckpt,step1432000-tokens6014B,90,0.4148,0.1269,0.4592,0.0739,layer_31
recovery_signed_ratio,row_norm,8,per_ckpt,step1700000-tokens7232B,90,0.5108,0.0609,0.5242,0.017,layer_31
recovery_signed_ratio,row_norm,8,per_ckpt,step1850000-tokens8492B,90,0.6191,0.003,0.4877,0.019,layer_31
recovery_signed_ratio,row_norm,8,per_ckpt,step2000000-tokens9752B,90,0.453,0.1009,0.4067,0.1089,layer_31
recovery_signed_ratio,row_norm,8,per_ckpt,step2150000-tokens11012B,90,0.7291,0.003,0.5296,0.011,layer_31
recovery_signed_ratio,row_norm,8,per_ckpt,step2300000-tokens12272B,90,0.636,0.012,0.5906,0.007,layer_31
recovery_signed_ratio,row_norm,8,per_ckpt,step2450000-tokens13532B,90,0.6591,0.004,0.622,0.003,layer_31
recovery_signed_ratio,row_norm,8,per_ckpt,step2600000-tokens14792B,90,0.705,0.003,0.6073,0.005,layer_31
recovery_signed_ratio,row_norm,8,per_ckpt,main,90,0.6773,0.003,0.6205,0.004,layer_31
recovery_signed_ratio,row_norm,16,per_ckpt,step50000-tokens210B,90,0.4589,0.0959,0.3187,0.04,layer_31
recovery_signed_ratio,row_norm,16,per_ckpt,step200000-tokens840B,90,0.4613,0.0529,0.3512,0.1439,layer_31
recovery_signed_ratio,row_norm,16,per_ckpt,step350000-tokens1470B,90,0.7434,0.013,0.482,0.024,layer_31
recovery_signed_ratio,row_norm,16,per_ckpt,step500000-tokens2100B,90,0.5186,0.023,0.5284,0.017,layer_31
recovery_signed_ratio,row_norm,16,per_ckpt,step650000-tokens2730B,90,0.5062,0.0699,0.3632,0.1499,layer_31
recovery_signed_ratio,row_norm,16,per_ckpt,step800000-tokens3360B,90,0.0467,0.8791,0.1362,0.4725,layer_31
recovery_signed_ratio,row_norm,16,per_ckpt,step950000-tokens3990B,90,0.5486,0.037,0.4177,0.033,layer_31
recovery_signed_ratio,row_norm,16,per_ckpt,step1432000-tokens6014B,90,0.4522,0.1109,0.4269,0.0959,layer_31
recovery_signed_ratio,row_norm,16,per_ckpt,step1700000-tokens7232B,90,0.52,0.018,0.5522,0.004,layer_31
recovery_signed_ratio,row_norm,16,per_ckpt,step1850000-tokens8492B,90,0.4181,0.1608,0.3921,0.1239,layer_31
recovery_signed_ratio,row_norm,16,per_ckpt,step2000000-tokens9752B,90,0.4571,0.038,0.4049,0.0689,layer_31
recovery_signed_ratio,row_norm,16,per_ckpt,step2150000-tokens11012B,90,0.6187,0.008,0.5608,0.013,layer_31
recovery_signed_ratio,row_norm,16,per_ckpt,step2300000-tokens12272B,90,0.4242,0.1279,0.4377,0.0779,layer_31
recovery_signed_ratio,row_norm,16,per_ckpt,step2450000-tokens13532B,90,0.6075,0.005,0.5941,0.004,layer_31
recovery_signed_ratio,row_norm,16,per_ckpt,step2600000-tokens14792B,90,0.6825,0.003,0.6416,0.005,layer_31
recovery_signed_ratio,row_norm,16,per_ckpt,main,90,0.636,0.005,0.6386,0.004,layer_31
recovery_signed_ratio,col_norm,4,per_ckpt,step50000-tokens210B,90,0.058,0.8312,-0.0645,0.8751,layer_31
recovery_signed_ratio,col_norm,4,per_ckpt,step200000-tokens840B,90,-0.6624,0.007,-0.6388,0.003,layer_31
recovery_signed_ratio,col_norm,4,per_ckpt,step350000-tokens1470B,90,-0.6258,0.011,-0.5828,0.013,layer_31
recovery_signed_ratio,col_norm,4,per_ckpt,step500000-tokens2100B,90,-0.0759,0.8112,-0.0552,0.8511,layer_31
recovery_signed_ratio,col_norm,4,per_ckpt,step650000-tokens2730B,90,-0.3099,0.2757,-0.3583,0.1888,layer_31
recovery_signed_ratio,col_norm,4,per_ckpt,step800000-tokens3360B,90,0.2494,0.3057,0.2832,0.1928,layer_31
recovery_signed_ratio,col_norm,4,per_ckpt,step950000-tokens3990B,90,-0.2349,0.4166,-0.1929,0.4655,layer_31
recovery_signed_ratio,col_norm,4,per_ckpt,step1432000-tokens6014B,90,0.1678,0.4835,0.2648,0.3427,layer_31
recovery_signed_ratio,col_norm,4,per_ckpt,step1700000-tokens7232B,90,-0.6745,0.003,-0.5644,0.006,layer_31
recovery_signed_ratio,col_norm,4,per_ckpt,step1850000-tokens8492B,90,-0.4133,0.1439,-0.3771,0.1139,layer_31
recovery_signed_ratio,col_norm,4,per_ckpt,step2000000-tokens9752B,90,0.1607,0.5664,0.1148,0.6434,layer_31
recovery_signed_ratio,col_norm,4,per_ckpt,step2150000-tokens11012B,90,-0.0693,0.6194,0.0729,0.7722,layer_31
recovery_signed_ratio,col_norm,4,per_ckpt,step2300000-tokens12272B,90,0.0055,0.987,-0.0245,0.9131,layer_31
recovery_signed_ratio,col_norm,4,per_ckpt,step2450000-tokens13532B,90,-0.0553,0.8392,0.0636,0.7862,layer_31
recovery_signed_ratio,col_norm,4,per_ckpt,step2600000-tokens14792B,90,0.0852,0.7423,0.0556,0.7972,layer_31
recovery_signed_ratio,col_norm,4,per_ckpt,main,90,0.2788,0.1728,0.2254,0.2947,layer_31
recovery_signed_ratio,col_norm,8,per_ckpt,step50000-tokens210B,90,0.1912,0.4665,0.169,0.5465,layer_31
recovery_signed_ratio,col_norm,8,per_ckpt,step200000-tokens840B,90,-0.5438,0.0739,-0.421,0.0639,layer_31
recovery_signed_ratio,col_norm,8,per_ckpt,step350000-tokens1470B,90,-0.3918,0.1449,-0.4282,0.0759,layer_31
recovery_signed_ratio,col_norm,8,per_ckpt,step500000-tokens2100B,90,-0.2996,0.2498,-0.1843,0.4775,layer_31
recovery_signed_ratio,col_norm,8,per_ckpt,step650000-tokens2730B,90,-0.2788,0.3247,-0.3081,0.2208,layer_31
recovery_signed_ratio,col_norm,8,per_ckpt,step800000-tokens3360B,90,-0.4271,0.026,-0.3561,0.0879,layer_31
recovery_signed_ratio,col_norm,8,per_ckpt,step950000-tokens3990B,90,-0.4083,0.0899,-0.4676,0.0579,layer_31
recovery_signed_ratio,col_norm,8,per_ckpt,step1432000-tokens6014B,90,0.1038,0.7083,0.2071,0.4346,layer_31
recovery_signed_ratio,col_norm,8,per_ckpt,step1700000-tokens7232B,90,-0.5986,0.029,-0.445,0.0509,layer_31
recovery_signed_ratio,col_norm,8,per_ckpt,step1850000-tokens8492B,90,-0.2876,0.2587,-0.2534,0.3067,layer_31
recovery_signed_ratio,col_norm,8,per_ckpt,step2000000-tokens9752B,90,-0.3734,0.1948,-0.3538,0.1409,layer_31
recovery_signed_ratio,col_norm,8,per_ckpt,step2150000-tokens11012B,90,-0.5203,0.031,-0.6018,0.013,layer_31
recovery_signed_ratio,col_norm,8,per_ckpt,step2300000-tokens12272B,90,-0.4357,0.1159,-0.3991,0.1019,layer_31
recovery_signed_ratio,col_norm,8,per_ckpt,step2450000-tokens13532B,90,-0.2475,0.3417,-0.0874,0.6623,layer_31
recovery_signed_ratio,col_norm,8,per_ckpt,step2600000-tokens14792B,90,0.2335,0.2448,0.1293,0.5924,layer_31
recovery_signed_ratio,col_norm,8,per_ckpt,main,90,0.241,0.3826,0.2786,0.3247,layer_31
recovery_signed_ratio,col_norm,16,per_ckpt,step50000-tokens210B,90,-0.2413,0.2328,-0.3019,0.2078,layer_31
recovery_signed_ratio,col_norm,16,per_ckpt,step200000-tokens840B,90,-0.7151,0.005,-0.649,0.007,layer_31
recovery_signed_ratio,col_norm,16,per_ckpt,step350000-tokens1470B,90,-0.7245,0.002,-0.7508,0.002,layer_31
recovery_signed_ratio,col_norm,16,per_ckpt,step500000-tokens2100B,90,-0.1461,0.5764,-0.0998,0.7083,layer_31
recovery_signed_ratio,col_norm,16,per_ckpt,step650000-tokens2730B,90,-0.5445,0.027,-0.5527,0.018,layer_31
recovery_signed_ratio,col_norm,16,per_ckpt,step800000-tokens3360B,90,0.284,0.1928,0.2918,0.2637,layer_31
recovery_signed_ratio,col_norm,16,per_ckpt,step950000-tokens3990B,90,-0.3259,0.1818,-0.361,0.1159,layer_31
recovery_signed_ratio,col_norm,16,per_ckpt,step1432000-tokens6014B,90,0.421,0.1309,0.4451,0.0789,layer_31
recovery_signed_ratio,col_norm,16,per_ckpt,step1700000-tokens7232B,90,-0.7072,0.004,-0.487,0.017,layer_31
recovery_signed_ratio,col_norm,16,per_ckpt,step1850000-tokens8492B,90,-0.4453,0.0989,-0.3307,0.2038,layer_31
recovery_signed_ratio,col_norm,16,per_ckpt,step2000000-tokens9752B,90,-0.5726,0.004,-0.4693,0.017,layer_31
recovery_signed_ratio,col_norm,16,per_ckpt,step2150000-tokens11012B,90,-0.4985,0.018,-0.4244,0.033,layer_31
recovery_signed_ratio,col_norm,16,per_ckpt,step2300000-tokens12272B,90,-0.5247,0.031,-0.3919,0.0899,layer_31
recovery_signed_ratio,col_norm,16,per_ckpt,step2450000-tokens13532B,90,-0.309,0.2757,-0.1301,0.5694,layer_31
recovery_signed_ratio,col_norm,16,per_ckpt,step2600000-tokens14792B,90,0.1759,0.3606,0.204,0.3836,layer_31
recovery_signed_ratio,col_norm,16,per_ckpt,main,90,0.0559,0.7862,0.1923,0.3946,layer_31
recovery_log_ratio,row_norm,4,per_ckpt,step50000-tokens210B,90,0.1878,0.4036,0.1471,0.4735,layer_31
recovery_log_ratio,row_norm,4,per_ckpt,step200000-tokens840B,90,0.6559,0.017,0.5724,0.045,layer_31
recovery_log_ratio,row_norm,4,per_ckpt,step350000-tokens1470B,90,0.6562,0.011,0.5881,0.029,layer_31
recovery_log_ratio,row_norm,4,per_ckpt,step500000-tokens2100B,90,0.4964,0.0739,0.4301,0.1259,layer_31
recovery_log_ratio,row_norm,4,per_ckpt,step650000-tokens2730B,90,0.7977,0.006,0.7075,0.019,layer_31
recovery_log_ratio,row_norm,4,per_ckpt,step800000-tokens3360B,90,0.1083,0.4965,0.0941,0.4755,layer_31
recovery_log_ratio,row_norm,4,per_ckpt,step950000-tokens3990B,90,0.6981,0.016,0.5438,0.0759,layer_31
recovery_log_ratio,row_norm,4,per_ckpt,step1432000-tokens6014B,90,0.4052,0.1409,0.2792,0.3017,layer_31
recovery_log_ratio,row_norm,4,per_ckpt,step1700000-tokens7232B,90,0.7999,0.004,0.7849,0.003,layer_31
recovery_log_ratio,row_norm,4,per_ckpt,step1850000-tokens8492B,90,0.7214,0.008,0.6272,0.024,layer_31
recovery_log_ratio,row_norm,4,per_ckpt,step2000000-tokens9752B,90,0.7639,0.005,0.7162,0.003,layer_31
recovery_log_ratio,row_norm,4,per_ckpt,step2150000-tokens11012B,90,0.2023,0.4296,0.1818,0.5045,layer_31
recovery_log_ratio,row_norm,4,per_ckpt,step2300000-tokens12272B,90,0.7575,0.008,0.7026,0.012,layer_31
recovery_log_ratio,row_norm,4,per_ckpt,step2450000-tokens13532B,90,0.7534,0.005,0.6829,0.011,layer_31
recovery_log_ratio,row_norm,4,per_ckpt,step2600000-tokens14792B,90,0.7381,0.006,0.7053,0.009,layer_31
recovery_log_ratio,row_norm,4,per_ckpt,main,90,0.7511,0.004,0.6931,0.003,layer_31
recovery_log_ratio,row_norm,8,per_ckpt,step50000-tokens210B,90,-0.3698,0.0559,-0.4318,0.018,layer_31
recovery_log_ratio,row_norm,8,per_ckpt,step200000-tokens840B,90,0.4519,0.1029,0.2484,0.3836,layer_31
recovery_log_ratio,row_norm,8,per_ckpt,step350000-tokens1470B,90,0.5176,0.0559,0.517,0.045,layer_31
recovery_log_ratio,row_norm,8,per_ckpt,step500000-tokens2100B,90,0.6475,0.003,0.5407,0.024,layer_31
recovery_log_ratio,row_norm,8,per_ckpt,step650000-tokens2730B,90,0.6067,0.037,0.4977,0.0959,layer_31
recovery_log_ratio,row_norm,8,per_ckpt,step800000-tokens3360B,90,0.4232,0.0639,0.2779,0.2957,layer_31
recovery_log_ratio,row_norm,8,per_ckpt,step950000-tokens3990B,90,0.7996,0.002,0.7044,0.001,layer_31
recovery_log_ratio,row_norm,8,per_ckpt,step1432000-tokens6014B,90,0.5219,0.0799,0.4128,0.1738,layer_31
recovery_log_ratio,row_norm,8,per_ckpt,step1700000-tokens7232B,90,0.6043,0.042,0.6377,0.012,layer_31
recovery_log_ratio,row_norm,8,per_ckpt,step1850000-tokens8492B,90,0.6447,0.011,0.573,0.023,layer_31
recovery_log_ratio,row_norm,8,per_ckpt,step2000000-tokens9752B,90,0.5587,0.0649,0.5156,0.0859,layer_31
recovery_log_ratio,row_norm,8,per_ckpt,step2150000-tokens11012B,90,0.7719,0.003,0.7314,0.002,layer_31
recovery_log_ratio,row_norm,8,per_ckpt,step2300000-tokens12272B,90,0.734,0.009,0.6974,0.01,layer_31
recovery_log_ratio,row_norm,8,per_ckpt,step2450000-tokens13532B,90,0.7669,0.006,0.7071,0.009,layer_31
recovery_log_ratio,row_norm,8,per_ckpt,step2600000-tokens14792B,90,0.7634,0.004,0.7547,0.003,layer_31
recovery_log_ratio,row_norm,8,per_ckpt,main,90,0.7342,0.011,0.7454,0.007,layer_31
recovery_log_ratio,row_norm,16,per_ckpt,step50000-tokens210B,90,0.477,0.019,0.4382,0.0519,layer_31
recovery_log_ratio,row_norm,16,per_ckpt,step200000-tokens840B,90,0.6377,0.025,0.4498,0.1169,layer_31
recovery_log_ratio,row_norm,16,per_ckpt,step350000-tokens1470B,90,0.7355,0.011,0.7062,0.02,layer_31
recovery_log_ratio,row_norm,16,per_ckpt,step500000-tokens2100B,90,0.6445,0.017,0.6078,0.021,layer_31
recovery_log_ratio,row_norm,16,per_ckpt,step650000-tokens2730B,90,0.6055,0.043,0.4658,0.1518,layer_31
recovery_log_ratio,row_norm,16,per_ckpt,step800000-tokens3360B,90,0.0871,0.7153,0.1057,0.7083,layer_31
recovery_log_ratio,row_norm,16,per_ckpt,step950000-tokens3990B,90,0.5895,0.017,0.5629,0.024,layer_31
recovery_log_ratio,row_norm,16,per_ckpt,step1432000-tokens6014B,90,0.5674,0.0509,0.4295,0.1818,layer_31
recovery_log_ratio,row_norm,16,per_ckpt,step1700000-tokens7232B,90,0.6636,0.008,0.578,0.008,layer_31
recovery_log_ratio,row_norm,16,per_ckpt,step1850000-tokens8492B,90,0.4895,0.0899,0.4491,0.1648,layer_31
recovery_log_ratio,row_norm,16,per_ckpt,step2000000-tokens9752B,90,0.5254,0.0519,0.507,0.0529,layer_31
recovery_log_ratio,row_norm,16,per_ckpt,step2150000-tokens11012B,90,0.7659,0.003,0.6804,0.008,layer_31
recovery_log_ratio,row_norm,16,per_ckpt,step2300000-tokens12272B,90,0.5696,0.046,0.4878,0.1219,layer_31
recovery_log_ratio,row_norm,16,per_ckpt,step2450000-tokens13532B,90,0.7141,0.008,0.6571,0.01,layer_31
recovery_log_ratio,row_norm,16,per_ckpt,step2600000-tokens14792B,90,0.7599,0.005,0.7698,0.003,layer_31
recovery_log_ratio,row_norm,16,per_ckpt,main,90,0.7129,0.012,0.7438,0.007,layer_31
recovery_log_ratio,col_norm,4,per_ckpt,step50000-tokens210B,90,0.0944,0.7143,-0.0574,0.9321,layer_31
recovery_log_ratio,col_norm,4,per_ckpt,step200000-tokens840B,90,-0.6992,0.011,-0.7257,0.004,layer_31
recovery_log_ratio,col_norm,4,per_ckpt,step350000-tokens1470B,90,-0.6479,0.022,-0.6929,0.007,layer_31
recovery_log_ratio,col_norm,4,per_ckpt,step500000-tokens2100B,90,-0.0104,0.969,-0.1015,0.7912,layer_31
recovery_log_ratio,col_norm,4,per_ckpt,step650000-tokens2730B,90,-0.2219,0.5045,-0.401,0.2238,layer_31
recovery_log_ratio,col_norm,4,per_ckpt,step800000-tokens3360B,90,0.2787,0.2977,0.251,0.4835,layer_31
recovery_log_ratio,col_norm,4,per_ckpt,step950000-tokens3990B,90,-0.2394,0.4545,-0.2853,0.3776,layer_31
recovery_log_ratio,col_norm,4,per_ckpt,step1432000-tokens6014B,90,0.2664,0.3706,0.2904,0.3776,layer_31
recovery_log_ratio,col_norm,4,per_ckpt,step1700000-tokens7232B,90,-0.7564,0.003,-0.6562,0.008,layer_31
recovery_log_ratio,col_norm,4,per_ckpt,step1850000-tokens8492B,90,-0.5428,0.0699,-0.4099,0.1788,layer_31
recovery_log_ratio,col_norm,4,per_ckpt,step2000000-tokens9752B,90,0.1966,0.5305,0.1346,0.6553,layer_31
recovery_log_ratio,col_norm,4,per_ckpt,step2150000-tokens11012B,90,-0.0045,0.987,-0.0178,0.9371,layer_31
recovery_log_ratio,col_norm,4,per_ckpt,step2300000-tokens12272B,90,0.1253,0.6963,-0.0801,0.8002,layer_31
recovery_log_ratio,col_norm,4,per_ckpt,step2450000-tokens13532B,90,0.0956,0.7393,0.0406,0.8841,layer_31
recovery_log_ratio,col_norm,4,per_ckpt,step2600000-tokens14792B,90,0.1391,0.6124,0.0593,0.8242,layer_31
recovery_log_ratio,col_norm,4,per_ckpt,main,90,0.2445,0.3237,0.2815,0.2577,layer_31
recovery_log_ratio,col_norm,8,per_ckpt,step50000-tokens210B,90,0.207,0.5155,0.1462,0.6653,layer_31
recovery_log_ratio,col_norm,8,per_ckpt,step200000-tokens840B,90,-0.4775,0.1029,-0.4709,0.1059,layer_31
recovery_log_ratio,col_norm,8,per_ckpt,step350000-tokens1470B,90,-0.4104,0.1718,-0.4184,0.1678,layer_31
recovery_log_ratio,col_norm,8,per_ckpt,step500000-tokens2100B,90,-0.2765,0.3856,-0.2907,0.3596,layer_31
recovery_log_ratio,col_norm,8,per_ckpt,step650000-tokens2730B,90,-0.2988,0.3357,-0.288,0.3197,layer_31
recovery_log_ratio,col_norm,8,per_ckpt,step800000-tokens3360B,90,-0.5543,0.009,-0.4783,0.033,layer_31
recovery_log_ratio,col_norm,8,per_ckpt,step950000-tokens3990B,90,-0.3937,0.1758,-0.5744,0.046,layer_31
recovery_log_ratio,col_norm,8,per_ckpt,step1432000-tokens6014B,90,0.0954,0.7912,0.2177,0.5075,layer_31
recovery_log_ratio,col_norm,8,per_ckpt,step1700000-tokens7232B,90,-0.5532,0.0629,-0.5664,0.04,layer_31
recovery_log_ratio,col_norm,8,per_ckpt,step1850000-tokens8492B,90,-0.3879,0.1738,-0.2641,0.3786,layer_31
recovery_log_ratio,col_norm,8,per_ckpt,step2000000-tokens9752B,90,-0.3109,0.2957,-0.4322,0.1409,layer_31
recovery_log_ratio,col_norm,8,per_ckpt,step2150000-tokens11012B,90,-0.5623,0.0589,-0.6616,0.021,layer_31
recovery_log_ratio,col_norm,8,per_ckpt,step2300000-tokens12272B,90,-0.3927,0.1878,-0.5213,0.0659,layer_31
recovery_log_ratio,col_norm,8,per_ckpt,step2450000-tokens13532B,90,-0.1591,0.5305,-0.1564,0.5355,layer_31
recovery_log_ratio,col_norm,8,per_ckpt,step2600000-tokens14792B,90,0.3172,0.2258,0.215,0.4426,layer_31
recovery_log_ratio,col_norm,8,per_ckpt,main,90,0.2938,0.3327,0.2949,0.3447,layer_31
recovery_log_ratio,col_norm,16,per_ckpt,step50000-tokens210B,90,-0.3582,0.1838,-0.2958,0.2847,layer_31
recovery_log_ratio,col_norm,16,per_ckpt,step200000-tokens840B,90,-0.7202,0.012,-0.7463,0.011,layer_31
recovery_log_ratio,col_norm,16,per_ckpt,step350000-tokens1470B,90,-0.8375,0.002,-0.8442,0.002,layer_31
recovery_log_ratio,col_norm,16,per_ckpt,step500000-tokens2100B,90,-0.0832,0.7972,-0.1704,0.6563,layer_31
recovery_log_ratio,col_norm,16,per_ckpt,step650000-tokens2730B,90,-0.6026,0.031,-0.5487,0.0569,layer_31
recovery_log_ratio,col_norm,16,per_ckpt,step800000-tokens3360B,90,0.3427,0.2288,0.276,0.3457,layer_31
recovery_log_ratio,col_norm,16,per_ckpt,step950000-tokens3990B,90,-0.348,0.2148,-0.4187,0.1199,layer_31
recovery_log_ratio,col_norm,16,per_ckpt,step1432000-tokens6014B,90,0.4343,0.1898,0.5419,0.0799,layer_31
recovery_log_ratio,col_norm,16,per_ckpt,step1700000-tokens7232B,90,-0.7121,0.003,-0.6633,0.007,layer_31
recovery_log_ratio,col_norm,16,per_ckpt,step1850000-tokens8492B,90,-0.5156,0.0759,-0.373,0.2388,layer_31
recovery_log_ratio,col_norm,16,per_ckpt,step2000000-tokens9752B,90,-0.5781,0.017,-0.5941,0.006,layer_31
recovery_log_ratio,col_norm,16,per_ckpt,step2150000-tokens11012B,90,-0.4348,0.0719,-0.5115,0.033,layer_31
recovery_log_ratio,col_norm,16,per_ckpt,step2300000-tokens12272B,90,-0.4728,0.0869,-0.5096,0.0569,layer_31
recovery_log_ratio,col_norm,16,per_ckpt,step2450000-tokens13532B,90,-0.2274,0.4406,-0.274,0.3277,layer_31
recovery_log_ratio,col_norm,16,per_ckpt,step2600000-tokens14792B,90,0.2901,0.2567,0.2007,0.4665,layer_31
recovery_log_ratio,col_norm,16,per_ckpt,main,90,0.1602,0.4945,0.1084,0.6543,layer_31
drop_minus_recovery_abs_diff,row_norm,4,per_ckpt,step50000-tokens210B,90,-0.0721,0.4615,-0.0733,0.4895,layer_31
drop_minus_recovery_abs_diff,row_norm,4,per_ckpt,step200000-tokens840B,90,-0.0456,0.4446,-0.0938,0.2198,layer_31
drop_minus_recovery_abs_diff,row_norm,4,per_ckpt,step350000-tokens1470B,90,-0.0875,0.2128,-0.1068,0.1119,layer_31
drop_minus_recovery_abs_diff,row_norm,4,per_ckpt,step500000-tokens2100B,90,0.1067,0.1568,-0.0031,0.972,layer_31
drop_minus_recovery_abs_diff,row_norm,4,per_ckpt,step650000-tokens2730B,90,-0.0836,0.1409,-0.1469,0.009,layer_31
drop_minus_recovery_abs_diff,row_norm,4,per_ckpt,step800000-tokens3360B,90,0.0151,0.8651,0.0605,0.5824,layer_31
drop_minus_recovery_abs_diff,row_norm,4,per_ckpt,step950000-tokens3990B,90,0.0435,0.4396,0.1058,0.046,layer_31
drop_minus_recovery_abs_diff,row_norm,4,per_ckpt,step1432000-tokens6014B,90,0.0976,0.2448,0.1702,0.0559,layer_31
drop_minus_recovery_abs_diff,row_norm,4,per_ckpt,step1700000-tokens7232B,90,-0.0311,0.5884,0.0467,0.4895,layer_31
drop_minus_recovery_abs_diff,row_norm,4,per_ckpt,step1850000-tokens8492B,90,0.0085,0.8611,-0.0368,0.5095,layer_31
drop_minus_recovery_abs_diff,row_norm,4,per_ckpt,step2000000-tokens9752B,90,0.0075,0.7632,0.0417,0.1169,layer_31
drop_minus_recovery_abs_diff,row_norm,4,per_ckpt,step2150000-tokens11012B,90,-0.0106,0.9111,0.0101,0.9211,layer_31
drop_minus_recovery_abs_diff,row_norm,4,per_ckpt,step2300000-tokens12272B,90,0.0367,0.3327,0.0562,0.1718,layer_31
drop_minus_recovery_abs_diff,row_norm,4,per_ckpt,step2450000-tokens13532B,90,0.0535,0.1908,0.0961,0.04,layer_31
drop_minus_recovery_abs_diff,row_norm,4,per_ckpt,step2600000-tokens14792B,90,0.0279,0.4196,0.0698,0.0789,layer_31
drop_minus_recovery_abs_diff,row_norm,4,per_ckpt,main,90,0.0118,0.7203,0.0223,0.5125,layer_31
drop_minus_recovery_abs_diff,row_norm,8,per_ckpt,step50000-tokens210B,90,0.1903,0.0529,0.2252,0.025,layer_31
drop_minus_recovery_abs_diff,row_norm,8,per_ckpt,step200000-tokens840B,90,-0.0468,0.5335,0.0021,0.984,layer_31
drop_minus_recovery_abs_diff,row_norm,8,per_ckpt,step350000-tokens1470B,90,-0.1374,0.046,-0.2418,0.002,layer_31
drop_minus_recovery_abs_diff,row_norm,8,per_ckpt,step500000-tokens2100B,90,-0.0151,0.8462,-0.0813,0.2977,layer_31
drop_minus_recovery_abs_diff,row_norm,8,per_ckpt,step650000-tokens2730B,90,-0.0695,0.2388,-0.0723,0.2418,layer_31
drop_minus_recovery_abs_diff,row_norm,8,per_ckpt,step800000-tokens3360B,90,-0.0129,0.8801,-0.0794,0.4146,layer_31
drop_minus_recovery_abs_diff,row_norm,8,per_ckpt,step950000-tokens3990B,90,0.0031,0.95,-0.0113,0.8132,layer_31
drop_minus_recovery_abs_diff,row_norm,8,per_ckpt,step1432000-tokens6014B,90,0.1093,0.02,0.1089,0.024,layer_31
drop_minus_recovery_abs_diff,row_norm,8,per_ckpt,step1700000-tokens7232B,90,0.0518,0.3576,0.1236,0.041,layer_31
drop_minus_recovery_abs_diff,row_norm,8,per_ckpt,step1850000-tokens8492B,90,0.0292,0.6404,0.0088,0.8751,layer_31
drop_minus_recovery_abs_diff,row_norm,8,per_ckpt,step2000000-tokens9752B,90,-0.0252,0.6913,0.0771,0.2088,layer_31
drop_minus_recovery_abs_diff,row_norm,8,per_ckpt,step2150000-tokens11012B,90,-0.1375,0.036,-0.1533,0.022,layer_31
drop_minus_recovery_abs_diff,row_norm,8,per_ckpt,step2300000-tokens12272B,90,0.0434,0.1489,0.0611,0.049,layer_31
drop_minus_recovery_abs_diff,row_norm,8,per_ckpt,step2450000-tokens13532B,90,0.0985,0.007,0.1158,0.015,layer_31
drop_minus_recovery_abs_diff,row_norm,8,per_ckpt,step2600000-tokens14792B,90,0.0013,0.963,0.0373,0.2098,layer_31
drop_minus_recovery_abs_diff,row_norm,8,per_ckpt,main,90,0.0503,0.049,0.0625,0.044,layer_31
drop_minus_recovery_abs_diff,row_norm,16,per_ckpt,step50000-tokens210B,90,-0.1671,0.0909,-0.1941,0.0669,layer_31
drop_minus_recovery_abs_diff,row_norm,16,per_ckpt,step200000-tokens840B,90,-0.0862,0.1548,-0.1167,0.1149,layer_31
drop_minus_recovery_abs_diff,row_norm,16,per_ckpt,step350000-tokens1470B,90,-0.0953,0.1469,-0.1926,0.006,layer_31
drop_minus_recovery_abs_diff,row_norm,16,per_ckpt,step500000-tokens2100B,90,0.0678,0.3846,-0.0189,0.8322,layer_31
drop_minus_recovery_abs_diff,row_norm,16,per_ckpt,step650000-tokens2730B,90,-0.1003,0.031,-0.1052,0.037,layer_31
drop_minus_recovery_abs_diff,row_norm,16,per_ckpt,step800000-tokens3360B,90,-0.1553,0.0949,-0.1866,0.0769,layer_31
drop_minus_recovery_abs_diff,row_norm,16,per_ckpt,step950000-tokens3990B,90,-0.0454,0.6134,-0.026,0.7702,layer_31
drop_minus_recovery_abs_diff,row_norm,16,per_ckpt,step1432000-tokens6014B,90,0.0859,0.038,0.0839,0.043,layer_31
drop_minus_recovery_abs_diff,row_norm,16,per_ckpt,step1700000-tokens7232B,90,0.0602,0.3796,0.1182,0.1349,layer_31
drop_minus_recovery_abs_diff,row_norm,16,per_ckpt,step1850000-tokens8492B,90,-0.0481,0.4156,-0.019,0.7423,layer_31
drop_minus_recovery_abs_diff,row_norm,16,per_ckpt,step2000000-tokens9752B,90,0.0834,0.2937,0.1766,0.1049,layer_31
drop_minus_recovery_abs_diff,row_norm,16,per_ckpt,step2150000-tokens11012B,90,-0.0138,0.8551,0.0244,0.7253,layer_31
drop_minus_recovery_abs_diff,row_norm,16,per_ckpt,step2300000-tokens12272B,90,-0.0051,0.9301,0.057,0.4026,layer_31
drop_minus_recovery_abs_diff,row_norm,16,per_ckpt,step2450000-tokens13532B,90,0.0768,0.043,0.1026,0.01,layer_31
drop_minus_recovery_abs_diff,row_norm,16,per_ckpt,step2600000-tokens14792B,90,0.0089,0.7243,0.0511,0.0969,layer_31
drop_minus_recovery_abs_diff,row_norm,16,per_ckpt,main,90,0.0348,0.3796,0.0926,0.019,layer_31
drop_minus_recovery_abs_diff,col_norm,4,per_ckpt,step50000-tokens210B,90,-0.0545,0.5005,-0.0464,0.4905,layer_31
drop_minus_recovery_abs_diff,col_norm,4,per_ckpt,step200000-tokens840B,90,-0.0616,0.1189,-0.0448,0.3686,layer_31
drop_minus_recovery_abs_diff,col_norm,4,per_ckpt,step350000-tokens1470B,90,-0.0348,0.5105,-0.0656,0.2198,layer_31
drop_minus_recovery_abs_diff,col_norm,4,per_ckpt,step500000-tokens2100B,90,0.0231,0.7033,-0.0052,0.9391,layer_31
drop_minus_recovery_abs_diff,col_norm,4,per_ckpt,step650000-tokens2730B,90,-0.1319,0.003,-0.1332,0.008,layer_31
drop_minus_recovery_abs_diff,col_norm,4,per_ckpt,step800000-tokens3360B,90,-0.0626,0.4625,0.0386,0.5874,layer_31
drop_minus_recovery_abs_diff,col_norm,4,per_ckpt,step950000-tokens3990B,90,0.0761,0.1339,0.1001,0.049,layer_31
drop_minus_recovery_abs_diff,col_norm,4,per_ckpt,step1432000-tokens6014B,90,0.114,0.1968,0.1387,0.0569,layer_31
drop_minus_recovery_abs_diff,col_norm,4,per_ckpt,step1700000-tokens7232B,90,-0.0117,0.8312,0.0428,0.4985,layer_31
drop_minus_recovery_abs_diff,col_norm,4,per_ckpt,step1850000-tokens8492B,90,-0.0657,0.2308,-0.0745,0.2358,layer_31
drop_minus_recovery_abs_diff,col_norm,4,per_ckpt,step2000000-tokens9752B,90,0.0162,0.6893,0.0053,0.9071,layer_31
drop_minus_recovery_abs_diff,col_norm,4,per_ckpt,step2150000-tokens11012B,90,-0.0108,0.9361,0.0047,0.97,layer_31
drop_minus_recovery_abs_diff,col_norm,4,per_ckpt,step2300000-tokens12272B,90,0.0535,0.3676,0.0419,0.5185,layer_31
drop_minus_recovery_abs_diff,col_norm,4,per_ckpt,step2450000-tokens13532B,90,0.1185,0.1788,0.1382,0.1558,layer_31
drop_minus_recovery_abs_diff,col_norm,4,per_ckpt,step2600000-tokens14792B,90,0.0826,0.2687,0.1075,0.2108,layer_31
drop_minus_recovery_abs_diff,col_norm,4,per_ckpt,main,90,-0.0128,0.9091,-0.0312,0.7632,layer_31
drop_minus_recovery_abs_diff,col_norm,8,per_ckpt,step50000-tokens210B,90,0.1206,0.02,0.1142,0.028,layer_31
drop_minus_recovery_abs_diff,col_norm,8,per_ckpt,step200000-tokens840B,90,0.002,0.978,0.0093,0.9071,layer_31
drop_minus_recovery_abs_diff,col_norm,8,per_ckpt,step350000-tokens1470B,90,-0.1752,0.002,-0.1906,0.002,layer_31
drop_minus_recovery_abs_diff,col_norm,8,per_ckpt,step500000-tokens2100B,90,-0.0596,0.4885,-0.094,0.2458,layer_31
drop_minus_recovery_abs_diff,col_norm,8,per_ckpt,step650000-tokens2730B,90,-0.0959,0.0939,-0.0738,0.1918,layer_31
drop_minus_recovery_abs_diff,col_norm,8,per_ckpt,step800000-tokens3360B,90,-0.0088,0.9251,-0.0653,0.4356,layer_31
drop_minus_recovery_abs_diff,col_norm,8,per_ckpt,step950000-tokens3990B,90,-0.0544,0.3147,-0.012,0.8132,layer_31
drop_minus_recovery_abs_diff,col_norm,8,per_ckpt,step1432000-tokens6014B,90,0.0794,0.046,0.076,0.0699,layer_31
drop_minus_recovery_abs_diff,col_norm,8,per_ckpt,step1700000-tokens7232B,90,0.0299,0.6304,0.1325,0.0529,layer_31
drop_minus_recovery_abs_diff,col_norm,8,per_ckpt,step1850000-tokens8492B,90,-0.0168,0.7742,-0.0217,0.7243,layer_31
drop_minus_recovery_abs_diff,col_norm,8,per_ckpt,step2000000-tokens9752B,90,0.0848,0.2418,0.0803,0.3077,layer_31
drop_minus_recovery_abs_diff,col_norm,8,per_ckpt,step2150000-tokens11012B,90,-0.0753,0.1888,-0.1483,0.018,layer_31
drop_minus_recovery_abs_diff,col_norm,8,per_ckpt,step2300000-tokens12272B,90,0.0505,0.3497,0.0502,0.4036,layer_31
drop_minus_recovery_abs_diff,col_norm,8,per_ckpt,step2450000-tokens13532B,90,0.2011,0.0669,0.1998,0.0979,layer_31
drop_minus_recovery_abs_diff,col_norm,8,per_ckpt,step2600000-tokens14792B,90,0.0302,0.7582,0.0232,0.8292,layer_31
drop_minus_recovery_abs_diff,col_norm,8,per_ckpt,main,90,0.0311,0.6693,0.1007,0.1888,layer_31
drop_minus_recovery_abs_diff,col_norm,16,per_ckpt,step50000-tokens210B,90,-0.1777,0.017,-0.1587,0.0679,layer_31
drop_minus_recovery_abs_diff,col_norm,16,per_ckpt,step200000-tokens840B,90,-0.0875,0.1109,-0.0831,0.1838,layer_31
drop_minus_recovery_abs_diff,col_norm,16,per_ckpt,step350000-tokens1470B,90,-0.0352,0.4096,-0.1293,0.004,layer_31
drop_minus_recovery_abs_diff,col_norm,16,per_ckpt,step500000-tokens2100B,90,-0.0089,0.9271,-0.0358,0.7263,layer_31
drop_minus_recovery_abs_diff,col_norm,16,per_ckpt,step650000-tokens2730B,90,-0.1429,0.01,-0.1215,0.02,layer_31
drop_minus_recovery_abs_diff,col_norm,16,per_ckpt,step800000-tokens3360B,90,-0.1025,0.1389,-0.134,0.0809,layer_31
drop_minus_recovery_abs_diff,col_norm,16,per_ckpt,step950000-tokens3990B,90,-0.0777,0.2977,-0.0169,0.8192,layer_31
drop_minus_recovery_abs_diff,col_norm,16,per_ckpt,step1432000-tokens6014B,90,0.0739,0.0759,0.0741,0.0849,layer_31
drop_minus_recovery_abs_diff,col_norm,16,per_ckpt,step1700000-tokens7232B,90,0.0984,0.1668,0.1272,0.1209,layer_31
drop_minus_recovery_abs_diff,col_norm,16,per_ckpt,step1850000-tokens8492B,90,-0.0235,0.6653,-0.0397,0.4645,layer_31
drop_minus_recovery_abs_diff,col_norm,16,per_ckpt,step2000000-tokens9752B,90,0.1583,0.1019,0.1792,0.1049,layer_31
drop_minus_recovery_abs_diff,col_norm,16,per_ckpt,step2150000-tokens11012B,90,0.0133,0.8811,0.0238,0.8012,layer_31
drop_minus_recovery_abs_diff,col_norm,16,per_ckpt,step2300000-tokens12272B,90,0.0455,0.5504,0.0463,0.5874,layer_31
drop_minus_recovery_abs_diff,col_norm,16,per_ckpt,step2450000-tokens13532B,90,0.1145,0.1928,0.1725,0.0769,layer_31
drop_minus_recovery_abs_diff,col_norm,16,per_ckpt,step2600000-tokens14792B,90,0.0417,0.6264,0.0732,0.4046,layer_31
drop_minus_recovery_abs_diff,col_norm,16,per_ckpt,main,90,0.1662,0.1069,0.1902,0.0839,layer_31
drop_minus_recovery_signed_diff,row_norm,4,per_ckpt,step50000-tokens210B,90,-0.1236,0.5714,-0.1313,0.5305,layer_31
drop_minus_recovery_signed_diff,row_norm,4,per_ckpt,step200000-tokens840B,90,-0.5586,0.044,-0.5718,0.028,layer_31
drop_minus_recovery_signed_diff,row_norm,4,per_ckpt,step350000-tokens1470B,90,-0.7437,0.001,-0.757,0.001,layer_31
drop_minus_recovery_signed_diff,row_norm,4,per_ckpt,step500000-tokens2100B,90,-0.5965,0.019,-0.625,0.015,layer_31
drop_minus_recovery_signed_diff,row_norm,4,per_ckpt,step650000-tokens2730B,90,-0.772,0.003,-0.7957,0.003,layer_31
drop_minus_recovery_signed_diff,row_norm,4,per_ckpt,step800000-tokens3360B,90,-0.1525,0.3157,-0.1767,0.1558,layer_31
drop_minus_recovery_signed_diff,row_norm,4,per_ckpt,step950000-tokens3990B,90,-0.5519,0.0669,-0.6025,0.043,layer_31
drop_minus_recovery_signed_diff,row_norm,4,per_ckpt,step1432000-tokens6014B,90,-0.4396,0.1019,-0.4538,0.0879,layer_31
drop_minus_recovery_signed_diff,row_norm,4,per_ckpt,step1700000-tokens7232B,90,-0.8311,0.001,-0.8317,0.001,layer_31
drop_minus_recovery_signed_diff,row_norm,4,per_ckpt,step1850000-tokens8492B,90,-0.6787,0.013,-0.6826,0.012,layer_31
drop_minus_recovery_signed_diff,row_norm,4,per_ckpt,step2000000-tokens9752B,90,-0.7923,0.003,-0.8072,0.003,layer_31
drop_minus_recovery_signed_diff,row_norm,4,per_ckpt,step2150000-tokens11012B,90,-0.1463,0.5654,-0.1925,0.4645,layer_31
drop_minus_recovery_signed_diff,row_norm,4,per_ckpt,step2300000-tokens12272B,90,-0.721,0.007,-0.755,0.006,layer_31
drop_minus_recovery_signed_diff,row_norm,4,per_ckpt,step2450000-tokens13532B,90,-0.8304,0.001,-0.7743,0.003,layer_31
drop_minus_recovery_signed_diff,row_norm,4,per_ckpt,step2600000-tokens14792B,90,-0.7961,0.002,-0.7577,0.004,layer_31
drop_minus_recovery_signed_diff,row_norm,4,per_ckpt,main,90,-0.7801,0.003,-0.7472,0.006,layer_31
drop_minus_recovery_signed_diff,row_norm,8,per_ckpt,step50000-tokens210B,90,0.3544,0.0659,0.3871,0.032,layer_31
drop_minus_recovery_signed_diff,row_norm,8,per_ckpt,step200000-tokens840B,90,-0.3164,0.2617,-0.2762,0.3427,layer_31
drop_minus_recovery_signed_diff,row_norm,8,per_ckpt,step350000-tokens1470B,90,-0.6928,0.004,-0.7143,0.002,layer_31
drop_minus_recovery_signed_diff,row_norm,8,per_ckpt,step500000-tokens2100B,90,-0.5923,0.02,-0.6322,0.01,layer_31
drop_minus_recovery_signed_diff,row_norm,8,per_ckpt,step650000-tokens2730B,90,-0.6943,0.006,-0.6969,0.008,layer_31
drop_minus_recovery_signed_diff,row_norm,8,per_ckpt,step800000-tokens3360B,90,-0.3573,0.1409,-0.41,0.0799,layer_31
drop_minus_recovery_signed_diff,row_norm,8,per_ckpt,step950000-tokens3990B,90,-0.778,0.002,-0.7749,0.002,layer_31
drop_minus_recovery_signed_diff,row_norm,8,per_ckpt,step1432000-tokens6014B,90,-0.59,0.038,-0.6263,0.022,layer_31
drop_minus_recovery_signed_diff,row_norm,8,per_ckpt,step1700000-tokens7232B,90,-0.7366,0.004,-0.7429,0.005,layer_31
drop_minus_recovery_signed_diff,row_norm,8,per_ckpt,step1850000-tokens8492B,90,-0.6765,0.006,-0.684,0.008,layer_31
drop_minus_recovery_signed_diff,row_norm,8,per_ckpt,step2000000-tokens9752B,90,-0.6301,0.02,-0.638,0.02,layer_31
drop_minus_recovery_signed_diff,row_norm,8,per_ckpt,step2150000-tokens11012B,90,-0.7229,0.004,-0.7451,0.003,layer_31
drop_minus_recovery_signed_diff,row_norm,8,per_ckpt,step2300000-tokens12272B,90,-0.7471,0.005,-0.7689,0.005,layer_31
drop_minus_recovery_signed_diff,row_norm,8,per_ckpt,step2450000-tokens13532B,90,-0.8025,0.002,-0.7693,0.004,layer_31
drop_minus_recovery_signed_diff,row_norm,8,per_ckpt,step2600000-tokens14792B,90,-0.831,0.001,-0.8063,0.003,layer_31
drop_minus_recovery_signed_diff,row_norm,8,per_ckpt,main,90,-0.8123,0.001,-0.7895,0.004,layer_31
drop_minus_recovery_signed_diff,row_norm,16,per_ckpt,step50000-tokens210B,90,-0.35,0.1219,-0.3923,0.0779,layer_31
drop_minus_recovery_signed_diff,row_norm,16,per_ckpt,step200000-tokens840B,90,-0.4163,0.1718,-0.4461,0.1179,layer_31
drop_minus_recovery_signed_diff,row_norm,16,per_ckpt,step350000-tokens1470B,90,-0.8201,0.001,-0.8343,0.001,layer_31
drop_minus_recovery_signed_diff,row_norm,16,per_ckpt,step500000-tokens2100B,90,-0.7015,0.005,-0.7182,0.003,layer_31
drop_minus_recovery_signed_diff,row_norm,16,per_ckpt,step650000-tokens2730B,90,-0.6839,0.011,-0.6767,0.015,layer_31
drop_minus_recovery_signed_diff,row_norm,16,per_ckpt,step800000-tokens3360B,90,-0.2005,0.3956,-0.2789,0.2607,layer_31
drop_minus_recovery_signed_diff,row_norm,16,per_ckpt,step950000-tokens3990B,90,-0.5983,0.013,-0.5984,0.012,layer_31
drop_minus_recovery_signed_diff,row_norm,16,per_ckpt,step1432000-tokens6014B,90,-0.5232,0.0939,-0.567,0.0629,layer_31
drop_minus_recovery_signed_diff,row_norm,16,per_ckpt,step1700000-tokens7232B,90,-0.6381,0.013,-0.6532,0.01,layer_31
drop_minus_recovery_signed_diff,row_norm,16,per_ckpt,step1850000-tokens8492B,90,-0.5631,0.031,-0.5853,0.031,layer_31
drop_minus_recovery_signed_diff,row_norm,16,per_ckpt,step2000000-tokens9752B,90,-0.5221,0.04,-0.5444,0.021,layer_31
drop_minus_recovery_signed_diff,row_norm,16,per_ckpt,step2150000-tokens11012B,90,-0.7021,0.005,-0.7058,0.004,layer_31
drop_minus_recovery_signed_diff,row_norm,16,per_ckpt,step2300000-tokens12272B,90,-0.6207,0.013,-0.649,0.009,layer_31
drop_minus_recovery_signed_diff,row_norm,16,per_ckpt,step2450000-tokens13532B,90,-0.7957,0.001,-0.7525,0.004,layer_31
drop_minus_recovery_signed_diff,row_norm,16,per_ckpt,step2600000-tokens14792B,90,-0.8249,0.001,-0.8076,0.003,layer_31
drop_minus_recovery_signed_diff,row_norm,16,per_ckpt,main,90,-0.7841,0.005,-0.7802,0.006,layer_31
drop_minus_recovery_signed_diff,col_norm,4,per_ckpt,step50000-tokens210B,90,-0.1029,0.6843,-0.0541,0.8521,layer_31
drop_minus_recovery_signed_diff,col_norm,4,per_ckpt,step200000-tokens840B,90,0.7345,0.005,0.7114,0.007,layer_31
drop_minus_recovery_signed_diff,col_norm,4,per_ckpt,step350000-tokens1470B,90,0.8681,0.001,0.8525,0.001,layer_31
drop_minus_recovery_signed_diff,col_norm,4,per_ckpt,step500000-tokens2100B,90,0.3104,0.3277,0.3495,0.2867,layer_31
drop_minus_recovery_signed_diff,col_norm,4,per_ckpt,step650000-tokens2730B,90,0.6318,0.032,0.5907,0.0519,layer_31
drop_minus_recovery_signed_diff,col_norm,4,per_ckpt,step800000-tokens3360B,90,-0.4252,0.047,-0.3668,0.1399,layer_31
drop_minus_recovery_signed_diff,col_norm,4,per_ckpt,step950000-tokens3990B,90,0.3311,0.2737,0.3899,0.1998,layer_31
drop_minus_recovery_signed_diff,col_norm,4,per_ckpt,step1432000-tokens6014B,90,-0.3746,0.1678,-0.4165,0.1618,layer_31
drop_minus_recovery_signed_diff,col_norm,4,per_ckpt,step1700000-tokens7232B,90,0.7421,0.003,0.7322,0.003,layer_31
drop_minus_recovery_signed_diff,col_norm,4,per_ckpt,step1850000-tokens8492B,90,0.394,0.2078,0.3486,0.2667,layer_31
drop_minus_recovery_signed_diff,col_norm,4,per_ckpt,step2000000-tokens9752B,90,-0.11,0.7183,-0.1123,0.7103,layer_31
drop_minus_recovery_signed_diff,col_norm,4,per_ckpt,step2150000-tokens11012B,90,-0.013,0.953,-0.0293,0.8981,layer_31
drop_minus_recovery_signed_diff,col_norm,4,per_ckpt,step2300000-tokens12272B,90,0.0711,0.8222,0.0607,0.8452,layer_31
drop_minus_recovery_signed_diff,col_norm,4,per_ckpt,step2450000-tokens13532B,90,0.1174,0.6843,0.1039,0.7153,layer_31
drop_minus_recovery_signed_diff,col_norm,4,per_ckpt,step2600000-tokens14792B,90,0.0344,0.9091,-0.0411,0.8761,layer_31
drop_minus_recovery_signed_diff,col_norm,4,per_ckpt,main,90,-0.3167,0.1638,-0.3452,0.1359,layer_31
drop_minus_recovery_signed_diff,col_norm,8,per_ckpt,step50000-tokens210B,90,-0.1201,0.7013,-0.0927,0.7702,layer_31
drop_minus_recovery_signed_diff,col_norm,8,per_ckpt,step200000-tokens840B,90,0.6657,0.009,0.6369,0.013,layer_31
drop_minus_recovery_signed_diff,col_norm,8,per_ckpt,step350000-tokens1470B,90,0.6249,0.022,0.6197,0.027,layer_31
drop_minus_recovery_signed_diff,col_norm,8,per_ckpt,step500000-tokens2100B,90,0.4181,0.1419,0.4289,0.1469,layer_31
drop_minus_recovery_signed_diff,col_norm,8,per_ckpt,step650000-tokens2730B,90,0.5974,0.05,0.5858,0.0599,layer_31
drop_minus_recovery_signed_diff,col_norm,8,per_ckpt,step800000-tokens3360B,90,0.5975,0.001,0.6189,0.001,layer_31
drop_minus_recovery_signed_diff,col_norm,8,per_ckpt,step950000-tokens3990B,90,0.5629,0.04,0.6427,0.017,layer_31
drop_minus_recovery_signed_diff,col_norm,8,per_ckpt,step1432000-tokens6014B,90,-0.0095,0.964,-0.0453,0.8761,layer_31
drop_minus_recovery_signed_diff,col_norm,8,per_ckpt,step1700000-tokens7232B,90,0.6553,0.014,0.672,0.015,layer_31
drop_minus_recovery_signed_diff,col_norm,8,per_ckpt,step1850000-tokens8492B,90,0.1726,0.5804,0.1646,0.5954,layer_31
drop_minus_recovery_signed_diff,col_norm,8,per_ckpt,step2000000-tokens9752B,90,0.4809,0.0829,0.4908,0.0669,layer_31
drop_minus_recovery_signed_diff,col_norm,8,per_ckpt,step2150000-tokens11012B,90,0.7426,0.003,0.7557,0.002,layer_31
drop_minus_recovery_signed_diff,col_norm,8,per_ckpt,step2300000-tokens12272B,90,0.3821,0.2118,0.3789,0.2278,layer_31
drop_minus_recovery_signed_diff,col_norm,8,per_ckpt,step2450000-tokens13532B,90,0.288,0.2517,0.277,0.2597,layer_31
drop_minus_recovery_signed_diff,col_norm,8,per_ckpt,step2600000-tokens14792B,90,-0.219,0.3996,-0.2208,0.4046,layer_31
drop_minus_recovery_signed_diff,col_norm,8,per_ckpt,main,90,-0.4485,0.1179,-0.5197,0.045,layer_31
drop_minus_recovery_signed_diff,col_norm,16,per_ckpt,step50000-tokens210B,90,0.3188,0.2398,0.3505,0.2018,layer_31
drop_minus_recovery_signed_diff,col_norm,16,per_ckpt,step200000-tokens840B,90,0.729,0.008,0.7378,0.004,layer_31
drop_minus_recovery_signed_diff,col_norm,16,per_ckpt,step350000-tokens1470B,90,0.8572,0.001,0.8278,0.001,layer_31
drop_minus_recovery_signed_diff,col_norm,16,per_ckpt,step500000-tokens2100B,90,0.375,0.1738,0.401,0.1588,layer_31
drop_minus_recovery_signed_diff,col_norm,16,per_ckpt,step650000-tokens2730B,90,0.5863,0.041,0.5722,0.048,layer_31
drop_minus_recovery_signed_diff,col_norm,16,per_ckpt,step800000-tokens3360B,90,-0.0426,0.8881,-0.0198,0.954,layer_31
drop_minus_recovery_signed_diff,col_norm,16,per_ckpt,step950000-tokens3990B,90,0.466,0.0829,0.5267,0.048,layer_31
drop_minus_recovery_signed_diff,col_norm,16,per_ckpt,step1432000-tokens6014B,90,-0.3924,0.2178,-0.4103,0.1958,layer_31
drop_minus_recovery_signed_diff,col_norm,16,per_ckpt,step1700000-tokens7232B,90,0.6858,0.005,0.6763,0.006,layer_31
drop_minus_recovery_signed_diff,col_norm,16,per_ckpt,step1850000-tokens8492B,90,0.2995,0.3417,0.2722,0.3996,layer_31
drop_minus_recovery_signed_diff,col_norm,16,per_ckpt,step2000000-tokens9752B,90,0.3962,0.1439,0.3978,0.1319,layer_31
drop_minus_recovery_signed_diff,col_norm,16,per_ckpt,step2150000-tokens11012B,90,0.3813,0.1229,0.4072,0.0989,layer_31
drop_minus_recovery_signed_diff,col_norm,16,per_ckpt,step2300000-tokens12272B,90,0.3356,0.2308,0.325,0.2567,layer_31
drop_minus_recovery_signed_diff,col_norm,16,per_ckpt,step2450000-tokens13532B,90,0.3599,0.1878,0.3597,0.1768,layer_31
drop_minus_recovery_signed_diff,col_norm,16,per_ckpt,step2600000-tokens14792B,90,-0.1001,0.7083,-0.1303,0.6404,layer_31
drop_minus_recovery_signed_diff,col_norm,16,per_ckpt,main,90,-0.1033,0.6593,-0.1769,0.4655,layer_31
drop_minus_recovery_min,row_norm,4,per_ckpt,step50000-tokens210B,90,0.0,1.0,0.0739,0.5754,layer_31
drop_minus_recovery_min,row_norm,4,per_ckpt,step200000-tokens840B,90,-0.0253,0.7832,0.0108,0.9161,layer_31
drop_minus_recovery_min,row_norm,4,per_ckpt,step350000-tokens1470B,90,0.0417,0.7393,-0.0059,0.96,layer_31
drop_minus_recovery_min,row_norm,4,per_ckpt,step500000-tokens2100B,90,0.1006,0.3726,0.0679,0.5385,layer_31
drop_minus_recovery_min,row_norm,4,per_ckpt,step650000-tokens2730B,90,0.0298,0.7423,0.0304,0.7123,layer_31
drop_minus_recovery_min,row_norm,4,per_ckpt,step800000-tokens3360B,90,0.0143,0.8701,0.1083,0.3656,layer_31
drop_minus_recovery_min,row_norm,4,per_ckpt,step950000-tokens3990B,90,0.0527,0.5205,-0.0255,0.7303,layer_31
drop_minus_recovery_min,row_norm,4,per_ckpt,step1432000-tokens6014B,90,0.1758,0.2328,0.0329,0.8212,layer_31
drop_minus_recovery_min,row_norm,4,per_ckpt,step1700000-tokens7232B,90,-0.13,0.1708,-0.1074,0.2418,layer_31
drop_minus_recovery_min,row_norm,4,per_ckpt,step1850000-tokens8492B,90,-0.1775,0.007,-0.157,0.028,layer_31
drop_minus_recovery_min,row_norm,4,per_ckpt,step2000000-tokens9752B,90,-0.042,0.2278,-0.0407,0.2667,layer_31
drop_minus_recovery_min,row_norm,4,per_ckpt,step2150000-tokens11012B,90,0.1228,0.4875,0.1365,0.3506,layer_31
drop_minus_recovery_min,row_norm,4,per_ckpt,step2300000-tokens12272B,90,0.0026,0.968,-0.0189,0.7592,layer_31
drop_minus_recovery_min,row_norm,4,per_ckpt,step2450000-tokens13532B,90,0.1346,0.007,0.1187,0.0619,layer_31
drop_minus_recovery_min,row_norm,4,per_ckpt,step2600000-tokens14792B,90,-0.0495,0.3986,-0.0412,0.5005,layer_31
drop_minus_recovery_min,row_norm,4,per_ckpt,main,90,0.0716,0.1349,-0.0194,0.6533,layer_31
drop_minus_recovery_min,row_norm,8,per_ckpt,step50000-tokens210B,90,-0.109,0.3906,-0.0649,0.6004,layer_31
drop_minus_recovery_min,row_norm,8,per_ckpt,step200000-tokens840B,90,0.2273,0.041,0.2796,0.006,layer_31
drop_minus_recovery_min,row_norm,8,per_ckpt,step350000-tokens1470B,90,-0.0824,0.4116,0.0553,0.5415,layer_31
drop_minus_recovery_min,row_norm,8,per_ckpt,step500000-tokens2100B,90,0.2925,0.012,0.1877,0.0959,layer_31
drop_minus_recovery_min,row_norm,8,per_ckpt,step650000-tokens2730B,90,-0.0049,0.962,-0.0551,0.5834,layer_31
drop_minus_recovery_min,row_norm,8,per_ckpt,step800000-tokens3360B,90,-0.1202,0.2248,-0.1534,0.1878,layer_31
drop_minus_recovery_min,row_norm,8,per_ckpt,step950000-tokens3990B,90,-0.0434,0.4615,-0.0475,0.4346,layer_31
drop_minus_recovery_min,row_norm,8,per_ckpt,step1432000-tokens6014B,90,0.0631,0.3397,0.0117,0.8372,layer_31
drop_minus_recovery_min,row_norm,8,per_ckpt,step1700000-tokens7232B,90,-0.0707,0.4056,0.0104,0.9061,layer_31
drop_minus_recovery_min,row_norm,8,per_ckpt,step1850000-tokens8492B,90,-0.102,0.2997,-0.0574,0.4895,layer_31
drop_minus_recovery_min,row_norm,8,per_ckpt,step2000000-tokens9752B,90,0.0673,0.4266,0.0966,0.3956,layer_31
drop_minus_recovery_min,row_norm,8,per_ckpt,step2150000-tokens11012B,90,-0.0504,0.6104,-0.0837,0.3856,layer_31
drop_minus_recovery_min,row_norm,8,per_ckpt,step2300000-tokens12272B,90,0.0036,0.9421,-0.0113,0.7952,layer_31
drop_minus_recovery_min,row_norm,8,per_ckpt,step2450000-tokens13532B,90,0.105,0.0869,0.0956,0.1978,layer_31
drop_minus_recovery_min,row_norm,8,per_ckpt,step2600000-tokens14792B,90,0.0337,0.5085,-0.0207,0.6434,layer_31
drop_minus_recovery_min,row_norm,8,per_ckpt,main,90,0.0409,0.2228,0.049,0.2717,layer_31
drop_minus_recovery_min,row_norm,16,per_ckpt,step50000-tokens210B,90,-0.0622,0.7522,-0.1008,0.5574,layer_31
drop_minus_recovery_min,row_norm,16,per_ckpt,step200000-tokens840B,90,0.1677,0.046,0.145,0.1578,layer_31
drop_minus_recovery_min,row_norm,16,per_ckpt,step350000-tokens1470B,90,-0.2533,0.02,-0.1599,0.0579,layer_31
drop_minus_recovery_min,row_norm,16,per_ckpt,step500000-tokens2100B,90,0.1638,0.1568,0.0938,0.3786,layer_31
drop_minus_recovery_min,row_norm,16,per_ckpt,step650000-tokens2730B,90,0.0204,0.7752,-0.0078,0.9011,layer_31
drop_minus_recovery_min,row_norm,16,per_ckpt,step800000-tokens3360B,90,-0.0407,0.8082,-0.0397,0.7662,layer_31
drop_minus_recovery_min,row_norm,16,per_ckpt,step950000-tokens3990B,90,-0.0137,0.9411,0.0019,0.989,layer_31
drop_minus_recovery_min,row_norm,16,per_ckpt,step1432000-tokens6014B,90,0.0993,0.0539,0.0263,0.6454,layer_31
drop_minus_recovery_min,row_norm,16,per_ckpt,step1700000-tokens7232B,90,0.0825,0.4745,0.075,0.5235,layer_31
drop_minus_recovery_min,row_norm,16,per_ckpt,step1850000-tokens8492B,90,0.0619,0.4925,0.0369,0.6783,layer_31
drop_minus_recovery_min,row_norm,16,per_ckpt,step2000000-tokens9752B,90,0.109,0.4466,0.1485,0.4486,layer_31
drop_minus_recovery_min,row_norm,16,per_ckpt,step2150000-tokens11012B,90,0.1165,0.2208,0.1195,0.2228,layer_31
drop_minus_recovery_min,row_norm,16,per_ckpt,step2300000-tokens12272B,90,0.1052,0.3157,0.0742,0.4635,layer_31
drop_minus_recovery_min,row_norm,16,per_ckpt,step2450000-tokens13532B,90,0.1133,0.0749,0.0761,0.2118,layer_31
drop_minus_recovery_min,row_norm,16,per_ckpt,step2600000-tokens14792B,90,0.0594,0.1439,0.02,0.6753,layer_31
drop_minus_recovery_min,row_norm,16,per_ckpt,main,90,0.1072,0.0809,0.0465,0.4505,layer_31
drop_minus_recovery_min,col_norm,4,per_ckpt,step50000-tokens210B,90,-0.0124,0.9181,0.0487,0.5634,layer_31
drop_minus_recovery_min,col_norm,4,per_ckpt,step200000-tokens840B,90,0.0086,0.9001,0.0027,0.975,layer_31
drop_minus_recovery_min,col_norm,4,per_ckpt,step350000-tokens1470B,90,0.0017,0.981,0.0012,0.992,layer_31
drop_minus_recovery_min,col_norm,4,per_ckpt,step500000-tokens2100B,90,0.0434,0.6763,0.0671,0.4555,layer_31
drop_minus_recovery_min,col_norm,4,per_ckpt,step650000-tokens2730B,90,0.0122,0.8761,0.042,0.5714,layer_31
drop_minus_recovery_min,col_norm,4,per_ckpt,step800000-tokens3360B,90,0.072,0.4246,0.0684,0.3726,layer_31
drop_minus_recovery_min,col_norm,4,per_ckpt,step950000-tokens3990B,90,0.0884,0.2947,-0.0182,0.8042,layer_31
drop_minus_recovery_min,col_norm,4,per_ckpt,step1432000-tokens6014B,90,0.184,0.2098,0.0204,0.8621,layer_31
drop_minus_recovery_min,col_norm,4,per_ckpt,step1700000-tokens7232B,90,-0.11,0.1868,-0.0973,0.2547,layer_31
drop_minus_recovery_min,col_norm,4,per_ckpt,step1850000-tokens8492B,90,-0.1763,0.048,-0.1681,0.038,layer_31
drop_minus_recovery_min,col_norm,4,per_ckpt,step2000000-tokens9752B,90,-0.0906,0.1279,-0.0516,0.3556,layer_31
drop_minus_recovery_min,col_norm,4,per_ckpt,step2150000-tokens11012B,90,0.1743,0.3786,0.169,0.3417,layer_31
drop_minus_recovery_min,col_norm,4,per_ckpt,step2300000-tokens12272B,90,0.0285,0.7353,0.0034,0.969,layer_31
drop_minus_recovery_min,col_norm,4,per_ckpt,step2450000-tokens13532B,90,0.2453,0.0909,0.277,0.025,layer_31
drop_minus_recovery_min,col_norm,4,per_ckpt,step2600000-tokens14792B,90,-0.0673,0.4785,-0.0468,0.7403,layer_31
drop_minus_recovery_min,col_norm,4,per_ckpt,main,90,0.1852,0.1748,0.0044,0.973,layer_31
drop_minus_recovery_min,col_norm,8,per_ckpt,step50000-tokens210B,90,-0.0733,0.3337,-0.034,0.5874,layer_31
drop_minus_recovery_min,col_norm,8,per_ckpt,step200000-tokens840B,90,0.1778,0.1369,0.2517,0.007,layer_31
drop_minus_recovery_min,col_norm,8,per_ckpt,step350000-tokens1470B,90,-0.0484,0.4895,0.0554,0.4515,layer_31
drop_minus_recovery_min,col_norm,8,per_ckpt,step500000-tokens2100B,90,0.2714,0.035,0.2038,0.0799,layer_31
drop_minus_recovery_min,col_norm,8,per_ckpt,step650000-tokens2730B,90,-0.0061,0.95,-0.0371,0.7033,layer_31
drop_minus_recovery_min,col_norm,8,per_ckpt,step800000-tokens3360B,90,-0.0551,0.5994,-0.135,0.1728,layer_31
drop_minus_recovery_min,col_norm,8,per_ckpt,step950000-tokens3990B,90,-0.0162,0.8382,-0.053,0.3906,layer_31
drop_minus_recovery_min,col_norm,8,per_ckpt,step1432000-tokens6014B,90,0.0343,0.5385,0.0216,0.7063,layer_31
drop_minus_recovery_min,col_norm,8,per_ckpt,step1700000-tokens7232B,90,0.0144,0.9041,0.0022,0.982,layer_31
drop_minus_recovery_min,col_norm,8,per_ckpt,step1850000-tokens8492B,90,-0.0709,0.5295,-0.0459,0.6673,layer_31
drop_minus_recovery_min,col_norm,8,per_ckpt,step2000000-tokens9752B,90,0.094,0.3716,0.1496,0.2128,layer_31
drop_minus_recovery_min,col_norm,8,per_ckpt,step2150000-tokens11012B,90,-0.0468,0.5495,-0.0836,0.3676,layer_31
drop_minus_recovery_min,col_norm,8,per_ckpt,step2300000-tokens12272B,90,0.0079,0.9231,0.0088,0.9041,layer_31
drop_minus_recovery_min,col_norm,8,per_ckpt,step2450000-tokens13532B,90,0.2399,0.1728,0.2577,0.1389,layer_31
drop_minus_recovery_min,col_norm,8,per_ckpt,step2600000-tokens14792B,90,0.076,0.6324,-0.0058,0.964,layer_31
drop_minus_recovery_min,col_norm,8,per_ckpt,main,90,0.0729,0.4705,0.1685,0.1638,layer_31
drop_minus_recovery_min,col_norm,16,per_ckpt,step50000-tokens210B,90,-0.0246,0.8771,-0.0834,0.5554,layer_31
drop_minus_recovery_min,col_norm,16,per_ckpt,step200000-tokens840B,90,0.1474,0.0719,0.122,0.1409,layer_31
drop_minus_recovery_min,col_norm,16,per_ckpt,step350000-tokens1470B,90,-0.131,0.016,-0.104,0.0729,layer_31
drop_minus_recovery_min,col_norm,16,per_ckpt,step500000-tokens2100B,90,0.1465,0.2777,0.1083,0.3616,layer_31
drop_minus_recovery_min,col_norm,16,per_ckpt,step650000-tokens2730B,90,0.0087,0.9331,0.0075,0.9171,layer_31
drop_minus_recovery_min,col_norm,16,per_ckpt,step800000-tokens3360B,90,0.0265,0.7842,-0.0246,0.8032,layer_31
drop_minus_recovery_min,col_norm,16,per_ckpt,step950000-tokens3990B,90,0.0158,0.9061,0.0033,0.982,layer_31
drop_minus_recovery_min,col_norm,16,per_ckpt,step1432000-tokens6014B,90,0.0945,0.0619,0.0374,0.5175,layer_31
drop_minus_recovery_min,col_norm,16,per_ckpt,step1700000-tokens7232B,90,0.0773,0.5255,0.088,0.4595,layer_31
drop_minus_recovery_min,col_norm,16,per_ckpt,step1850000-tokens8492B,90,0.0594,0.4336,0.0487,0.5674,layer_31
drop_minus_recovery_min,col_norm,16,per_ckpt,step2000000-tokens9752B,90,0.1177,0.4266,0.1699,0.3407,layer_31
drop_minus_recovery_min,col_norm,16,per_ckpt,step2150000-tokens11012B,90,0.1598,0.2567,0.173,0.1928,layer_31
drop_minus_recovery_min,col_norm,16,per_ckpt,step2300000-tokens12272B,90,0.1385,0.2498,0.1263,0.2837,layer_31
drop_minus_recovery_min,col_norm,16,per_ckpt,step2450000-tokens13532B,90,0.2032,0.1499,0.2162,0.1359,layer_31
drop_minus_recovery_min,col_norm,16,per_ckpt,step2600000-tokens14792B,90,0.1904,0.1528,0.1295,0.2747,layer_31
drop_minus_recovery_min,col_norm,16,per_ckpt,main,90,0.2283,0.1688,0.1813,0.2827,layer_31
drop_minus_recovery_max,row_norm,4,per_ckpt,step50000-tokens210B,90,-0.0626,0.6593,-0.014,0.9321,layer_31
drop_minus_recovery_max,row_norm,4,per_ckpt,step200000-tokens840B,90,-0.0723,0.4246,-0.0794,0.4655,layer_31
drop_minus_recovery_max,row_norm,4,per_ckpt,step350000-tokens1470B,90,-0.1017,0.3936,-0.1039,0.3247,layer_31
drop_minus_recovery_max,row_norm,4,per_ckpt,step500000-tokens2100B,90,0.1472,0.2368,0.0469,0.6863,layer_31
drop_minus_recovery_max,row_norm,4,per_ckpt,step650000-tokens2730B,90,-0.0479,0.5315,-0.1145,0.1698,layer_31
drop_minus_recovery_max,row_norm,4,per_ckpt,step800000-tokens3360B,90,0.1403,0.0829,0.1358,0.2208,layer_31
drop_minus_recovery_max,row_norm,4,per_ckpt,step950000-tokens3990B,90,0.023,0.8422,0.0798,0.3726,layer_31
drop_minus_recovery_max,row_norm,4,per_ckpt,step1432000-tokens6014B,90,0.1858,0.2128,0.1826,0.2308,layer_31
drop_minus_recovery_max,row_norm,4,per_ckpt,step1700000-tokens7232B,90,-0.0491,0.5994,-0.0353,0.7323,layer_31
drop_minus_recovery_max,row_norm,4,per_ckpt,step1850000-tokens8492B,90,-0.1068,0.1429,-0.1494,0.049,layer_31
drop_minus_recovery_max,row_norm,4,per_ckpt,step2000000-tokens9752B,90,-0.0092,0.8212,0.009,0.8242,layer_31
drop_minus_recovery_max,row_norm,4,per_ckpt,step2150000-tokens11012B,90,0.0526,0.7752,0.1096,0.5115,layer_31
drop_minus_recovery_max,row_norm,4,per_ckpt,step2300000-tokens12272B,90,0.0346,0.6134,0.0385,0.5405,layer_31
drop_minus_recovery_max,row_norm,4,per_ckpt,step2450000-tokens13532B,90,0.1436,0.021,0.1766,0.006,layer_31
drop_minus_recovery_max,row_norm,4,per_ckpt,step2600000-tokens14792B,90,0.0004,0.995,0.0348,0.5574,layer_31
drop_minus_recovery_max,row_norm,4,per_ckpt,main,90,0.0129,0.8262,0.0065,0.9021,layer_31
drop_minus_recovery_max,row_norm,8,per_ckpt,step50000-tokens210B,90,0.1889,0.1409,0.162,0.2128,layer_31
drop_minus_recovery_max,row_norm,8,per_ckpt,step200000-tokens840B,90,0.1951,0.0919,0.2071,0.0829,layer_31
drop_minus_recovery_max,row_norm,8,per_ckpt,step350000-tokens1470B,90,-0.1056,0.3107,-0.1846,0.022,layer_31
drop_minus_recovery_max,row_norm,8,per_ckpt,step500000-tokens2100B,90,0.1282,0.3487,0.062,0.6144,layer_31
drop_minus_recovery_max,row_norm,8,per_ckpt,step650000-tokens2730B,90,-0.0795,0.4346,-0.1078,0.2837,layer_31
drop_minus_recovery_max,row_norm,8,per_ckpt,step800000-tokens3360B,90,-0.0679,0.5305,-0.1865,0.1119,layer_31
drop_minus_recovery_max,row_norm,8,per_ckpt,step950000-tokens3990B,90,-0.0384,0.5475,-0.0454,0.3696,layer_31
drop_minus_recovery_max,row_norm,8,per_ckpt,step1432000-tokens6014B,90,0.0919,0.1818,0.11,0.0509,layer_31
drop_minus_recovery_max,row_norm,8,per_ckpt,step1700000-tokens7232B,90,0.0647,0.4735,0.1227,0.1918,layer_31
drop_minus_recovery_max,row_norm,8,per_ckpt,step1850000-tokens8492B,90,-0.0458,0.6613,-0.0339,0.7193,layer_31
drop_minus_recovery_max,row_norm,8,per_ckpt,step2000000-tokens9752B,90,0.0415,0.6913,0.1426,0.1868,layer_31
drop_minus_recovery_max,row_norm,8,per_ckpt,step2150000-tokens11012B,90,-0.1834,0.0619,-0.2041,0.022,layer_31
drop_minus_recovery_max,row_norm,8,per_ckpt,step2300000-tokens12272B,90,0.051,0.3556,0.0486,0.2677,layer_31
drop_minus_recovery_max,row_norm,8,per_ckpt,step2450000-tokens13532B,90,0.1581,0.016,0.178,0.006,layer_31
drop_minus_recovery_max,row_norm,8,per_ckpt,step2600000-tokens14792B,90,0.0034,0.962,0.0195,0.7013,layer_31
drop_minus_recovery_max,row_norm,8,per_ckpt,main,90,0.069,0.0949,0.0941,0.016,layer_31
drop_minus_recovery_max,row_norm,16,per_ckpt,step50000-tokens210B,90,-0.2563,0.1429,-0.2547,0.1329,layer_31
drop_minus_recovery_max,row_norm,16,per_ckpt,step200000-tokens840B,90,0.0542,0.5355,-0.0023,0.983,layer_31
drop_minus_recovery_max,row_norm,16,per_ckpt,step350000-tokens1470B,90,-0.2664,0.004,-0.2966,0.002,layer_31
drop_minus_recovery_max,row_norm,16,per_ckpt,step500000-tokens2100B,90,0.1466,0.2747,0.0513,0.6813,layer_31
drop_minus_recovery_max,row_norm,16,per_ckpt,step650000-tokens2730B,90,-0.0748,0.2827,-0.1037,0.1369,layer_31
drop_minus_recovery_max,row_norm,16,per_ckpt,step800000-tokens3360B,90,-0.166,0.2607,-0.2029,0.2008,layer_31
drop_minus_recovery_max,row_norm,16,per_ckpt,step950000-tokens3990B,90,-0.0596,0.6783,-0.0228,0.8611,layer_31
drop_minus_recovery_max,row_norm,16,per_ckpt,step1432000-tokens6014B,90,0.0871,0.1349,0.0974,0.0589,layer_31
drop_minus_recovery_max,row_norm,16,per_ckpt,step1700000-tokens7232B,90,0.1357,0.2777,0.1651,0.2018,layer_31
drop_minus_recovery_max,row_norm,16,per_ckpt,step1850000-tokens8492B,90,-0.0325,0.6863,0.0094,0.9211,layer_31
drop_minus_recovery_max,row_norm,16,per_ckpt,step2000000-tokens9752B,90,0.1623,0.2587,0.2734,0.1049,layer_31
drop_minus_recovery_max,row_norm,16,per_ckpt,step2150000-tokens11012B,90,0.0769,0.4216,0.1104,0.2937,layer_31
drop_minus_recovery_max,row_norm,16,per_ckpt,step2300000-tokens12272B,90,0.0749,0.5115,0.1075,0.3227,layer_31
drop_minus_recovery_max,row_norm,16,per_ckpt,step2450000-tokens13532B,90,0.1471,0.023,0.1514,0.004,layer_31
drop_minus_recovery_max,row_norm,16,per_ckpt,step2600000-tokens14792B,90,0.0439,0.2997,0.0622,0.1708,layer_31
drop_minus_recovery_max,row_norm,16,per_ckpt,main,90,0.0891,0.1818,0.1204,0.049,layer_31
drop_minus_recovery_max,col_norm,4,per_ckpt,step50000-tokens210B,90,-0.0425,0.7333,-0.0075,0.9471,layer_31
drop_minus_recovery_max,col_norm,4,per_ckpt,step200000-tokens840B,90,-0.0673,0.2957,-0.0398,0.5465,layer_31
drop_minus_recovery_max,col_norm,4,per_ckpt,step350000-tokens1470B,90,-0.0661,0.4745,-0.0602,0.4565,layer_31
drop_minus_recovery_max,col_norm,4,per_ckpt,step500000-tokens2100B,90,0.0229,0.8272,0.0444,0.6244,layer_31
drop_minus_recovery_max,col_norm,4,per_ckpt,step650000-tokens2730B,90,-0.1072,0.0959,-0.0932,0.2218,layer_31
drop_minus_recovery_max,col_norm,4,per_ckpt,step800000-tokens3360B,90,0.0509,0.5714,0.0861,0.2238,layer_31
drop_minus_recovery_max,col_norm,4,per_ckpt,step950000-tokens3990B,90,0.0889,0.2527,0.0798,0.3506,layer_31
drop_minus_recovery_max,col_norm,4,per_ckpt,step1432000-tokens6014B,90,0.1897,0.1948,0.1441,0.2438,layer_31
drop_minus_recovery_max,col_norm,4,per_ckpt,step1700000-tokens7232B,90,-0.0364,0.6993,-0.0316,0.7413,layer_31
drop_minus_recovery_max,col_norm,4,per_ckpt,step1850000-tokens8492B,90,-0.182,0.025,-0.1927,0.026,layer_31
drop_minus_recovery_max,col_norm,4,per_ckpt,step2000000-tokens9752B,90,-0.0228,0.7532,-0.0329,0.5804,layer_31
drop_minus_recovery_max,col_norm,4,per_ckpt,step2150000-tokens11012B,90,0.0911,0.6973,0.1284,0.5335,layer_31
drop_minus_recovery_max,col_norm,4,per_ckpt,step2300000-tokens12272B,90,0.0874,0.3007,0.0415,0.6893,layer_31
drop_minus_recovery_max,col_norm,4,per_ckpt,step2450000-tokens13532B,90,0.3331,0.021,0.3319,0.019,layer_31
drop_minus_recovery_max,col_norm,4,per_ckpt,step2600000-tokens14792B,90,0.0734,0.4575,0.0658,0.6174,layer_31
drop_minus_recovery_max,col_norm,4,per_ckpt,main,90,-0.0171,0.9181,-0.0258,0.8681,layer_31
drop_minus_recovery_max,col_norm,8,per_ckpt,step50000-tokens210B,90,0.093,0.1648,0.0813,0.2248,layer_31
drop_minus_recovery_max,col_norm,8,per_ckpt,step200000-tokens840B,90,0.2008,0.0539,0.1933,0.0729,layer_31
drop_minus_recovery_max,col_norm,8,per_ckpt,step350000-tokens1470B,90,-0.1537,0.024,-0.1369,0.038,layer_31
drop_minus_recovery_max,col_norm,8,per_ckpt,step500000-tokens2100B,90,0.0466,0.7502,0.062,0.6254,layer_31
drop_minus_recovery_max,col_norm,8,per_ckpt,step650000-tokens2730B,90,-0.106,0.2158,-0.0959,0.3037,layer_31
drop_minus_recovery_max,col_norm,8,per_ckpt,step800000-tokens3360B,90,-0.0427,0.7033,-0.1598,0.1139,layer_31
drop_minus_recovery_max,col_norm,8,per_ckpt,step950000-tokens3990B,90,-0.0517,0.4236,-0.0501,0.3516,layer_31
drop_minus_recovery_max,col_norm,8,per_ckpt,step1432000-tokens6014B,90,0.0733,0.1658,0.0866,0.1109,layer_31
drop_minus_recovery_max,col_norm,8,per_ckpt,step1700000-tokens7232B,90,0.0889,0.3317,0.125,0.2478,layer_31
drop_minus_recovery_max,col_norm,8,per_ckpt,step1850000-tokens8492B,90,-0.0621,0.5225,-0.0539,0.6024,layer_31
drop_minus_recovery_max,col_norm,8,per_ckpt,step2000000-tokens9752B,90,0.1655,0.1239,0.1845,0.1708,layer_31
drop_minus_recovery_max,col_norm,8,per_ckpt,step2150000-tokens11012B,90,-0.1329,0.0889,-0.1995,0.015,layer_31
drop_minus_recovery_max,col_norm,8,per_ckpt,step2300000-tokens12272B,90,0.0893,0.2767,0.0532,0.5015,layer_31
drop_minus_recovery_max,col_norm,8,per_ckpt,step2450000-tokens13532B,90,0.3748,0.031,0.3752,0.034,layer_31
drop_minus_recovery_max,col_norm,8,per_ckpt,step2600000-tokens14792B,90,0.0431,0.7772,0.0173,0.9181,layer_31
drop_minus_recovery_max,col_norm,8,per_ckpt,main,90,0.0726,0.4915,0.2174,0.0979,layer_31
drop_minus_recovery_max,col_norm,16,per_ckpt,step50000-tokens210B,90,-0.2421,0.1099,-0.209,0.1339,layer_31
drop_minus_recovery_max,col_norm,16,per_ckpt,step200000-tokens840B,90,0.0249,0.7592,0.0121,0.8961,layer_31
drop_minus_recovery_max,col_norm,16,per_ckpt,step350000-tokens1470B,90,-0.1208,0.0649,-0.1967,0.001,layer_31
drop_minus_recovery_max,col_norm,16,per_ckpt,step500000-tokens2100B,90,0.0324,0.8242,0.0462,0.7512,layer_31
drop_minus_recovery_max,col_norm,16,per_ckpt,step650000-tokens2730B,90,-0.1263,0.0909,-0.1076,0.1658,layer_31
drop_minus_recovery_max,col_norm,16,per_ckpt,step800000-tokens3360B,90,-0.0989,0.3447,-0.1428,0.2088,layer_31
drop_minus_recovery_max,col_norm,16,per_ckpt,step950000-tokens3990B,90,-0.0567,0.6004,-0.0134,0.9031,layer_31
drop_minus_recovery_max,col_norm,16,per_ckpt,step1432000-tokens6014B,90,0.0902,0.1259,0.0965,0.0749,layer_31
drop_minus_recovery_max,col_norm,16,per_ckpt,step1700000-tokens7232B,90,0.1617,0.1878,0.1831,0.1568,layer_31
drop_minus_recovery_max,col_norm,16,per_ckpt,step1850000-tokens8492B,90,0.0054,0.954,-0.0012,0.99,layer_31
drop_minus_recovery_max,col_norm,16,per_ckpt,step2000000-tokens9752B,90,0.2657,0.0809,0.2915,0.1009,layer_31
drop_minus_recovery_max,col_norm,16,per_ckpt,step2150000-tokens11012B,90,0.1467,0.3107,0.1491,0.2927,layer_31
drop_minus_recovery_max,col_norm,16,per_ckpt,step2300000-tokens12272B,90,0.1695,0.1868,0.1357,0.2977,layer_31
drop_minus_recovery_max,col_norm,16,per_ckpt,step2450000-tokens13532B,90,0.2584,0.0669,0.3193,0.027,layer_31
drop_minus_recovery_max,col_norm,16,per_ckpt,step2600000-tokens14792B,90,0.1626,0.2198,0.1632,0.1898,layer_31
drop_minus_recovery_max,col_norm,16,per_ckpt,main,90,0.2598,0.1349,0.3102,0.0649,layer_31
drop_minus_recovery_norm_asym,row_norm,4,per_ckpt,step50000-tokens210B,90,-0.0514,0.8252,-0.0615,0.7922,layer_31
drop_minus_recovery_norm_asym,row_norm,4,per_ckpt,step200000-tokens840B,90,-0.5358,0.042,-0.5551,0.038,layer_31
drop_minus_recovery_norm_asym,row_norm,4,per_ckpt,step350000-tokens1470B,90,-0.6041,0.013,-0.611,0.015,layer_31
drop_minus_recovery_norm_asym,row_norm,4,per_ckpt,step500000-tokens2100B,90,-0.4822,0.0649,-0.4838,0.0589,layer_31
drop_minus_recovery_norm_asym,row_norm,4,per_ckpt,step650000-tokens2730B,90,-0.7098,0.004,-0.7321,0.003,layer_31
drop_minus_recovery_norm_asym,row_norm,4,per_ckpt,step800000-tokens3360B,90,-0.0344,0.8082,-0.0669,0.5924,layer_31
drop_minus_recovery_norm_asym,row_norm,4,per_ckpt,step950000-tokens3990B,90,-0.4495,0.1109,-0.4659,0.1149,layer_31
drop_minus_recovery_norm_asym,row_norm,4,per_ckpt,step1432000-tokens6014B,90,-0.4686,0.0629,-0.4906,0.045,layer_31
drop_minus_recovery_norm_asym,row_norm,4,per_ckpt,step1700000-tokens7232B,90,-0.6957,0.01,-0.7012,0.011,layer_31
drop_minus_recovery_norm_asym,row_norm,4,per_ckpt,step1850000-tokens8492B,90,-0.5638,0.045,-0.5521,0.0569,layer_31
drop_minus_recovery_norm_asym,row_norm,4,per_ckpt,step2000000-tokens9752B,90,-0.6838,0.009,-0.6791,0.01,layer_31
drop_minus_recovery_norm_asym,row_norm,4,per_ckpt,step2150000-tokens11012B,90,-0.0147,0.9391,-0.0428,0.8302,layer_31
drop_minus_recovery_norm_asym,row_norm,4,per_ckpt,step2300000-tokens12272B,90,-0.6393,0.026,-0.667,0.021,layer_31
drop_minus_recovery_norm_asym,row_norm,4,per_ckpt,step2450000-tokens13532B,90,-0.716,0.005,-0.6772,0.012,layer_31
drop_minus_recovery_norm_asym,row_norm,4,per_ckpt,step2600000-tokens14792B,90,-0.6971,0.01,-0.6761,0.017,layer_31
drop_minus_recovery_norm_asym,row_norm,4,per_ckpt,main,90,-0.6663,0.011,-0.6422,0.014,layer_31
drop_minus_recovery_norm_asym,row_norm,8,per_ckpt,step50000-tokens210B,90,0.2103,0.2498,0.2553,0.1608,layer_31
drop_minus_recovery_norm_asym,row_norm,8,per_ckpt,step200000-tokens840B,90,-0.3516,0.1668,-0.3304,0.2148,layer_31
drop_minus_recovery_norm_asym,row_norm,8,per_ckpt,step350000-tokens1470B,90,-0.5763,0.016,-0.584,0.017,layer_31
drop_minus_recovery_norm_asym,row_norm,8,per_ckpt,step500000-tokens2100B,90,-0.4035,0.1249,-0.4085,0.1469,layer_31
drop_minus_recovery_norm_asym,row_norm,8,per_ckpt,step650000-tokens2730B,90,-0.6667,0.005,-0.6917,0.004,layer_31
drop_minus_recovery_norm_asym,row_norm,8,per_ckpt,step800000-tokens3360B,90,-0.2981,0.1918,-0.3069,0.2098,layer_31
drop_minus_recovery_norm_asym,row_norm,8,per_ckpt,step950000-tokens3990B,90,-0.637,0.015,-0.6113,0.018,layer_31
drop_minus_recovery_norm_asym,row_norm,8,per_ckpt,step1432000-tokens6014B,90,-0.5571,0.048,-0.59,0.034,layer_31
drop_minus_recovery_norm_asym,row_norm,8,per_ckpt,step1700000-tokens7232B,90,-0.5662,0.034,-0.5568,0.0519,layer_31
drop_minus_recovery_norm_asym,row_norm,8,per_ckpt,step1850000-tokens8492B,90,-0.5324,0.025,-0.5475,0.03,layer_31
drop_minus_recovery_norm_asym,row_norm,8,per_ckpt,step2000000-tokens9752B,90,-0.4934,0.0789,-0.4718,0.1189,layer_31
drop_minus_recovery_norm_asym,row_norm,8,per_ckpt,step2150000-tokens11012B,90,-0.5258,0.05,-0.5382,0.0529,layer_31
drop_minus_recovery_norm_asym,row_norm,8,per_ckpt,step2300000-tokens12272B,90,-0.6539,0.015,-0.6561,0.019,layer_31
drop_minus_recovery_norm_asym,row_norm,8,per_ckpt,step2450000-tokens13532B,90,-0.6494,0.022,-0.6313,0.028,layer_31
drop_minus_recovery_norm_asym,row_norm,8,per_ckpt,step2600000-tokens14792B,90,-0.7197,0.008,-0.707,0.009,layer_31
drop_minus_recovery_norm_asym,row_norm,8,per_ckpt,main,90,-0.6756,0.021,-0.6585,0.024,layer_31
drop_minus_recovery_norm_asym,row_norm,16,per_ckpt,step50000-tokens210B,90,-0.2693,0.2128,-0.2933,0.2058,layer_31
drop_minus_recovery_norm_asym,row_norm,16,per_ckpt,step200000-tokens840B,90,-0.4456,0.1079,-0.4721,0.0869,layer_31
drop_minus_recovery_norm_asym,row_norm,16,per_ckpt,step350000-tokens1470B,90,-0.7323,0.002,-0.7277,0.003,layer_31
drop_minus_recovery_norm_asym,row_norm,16,per_ckpt,step500000-tokens2100B,90,-0.5362,0.025,-0.5233,0.0529,layer_31
drop_minus_recovery_norm_asym,row_norm,16,per_ckpt,step650000-tokens2730B,90,-0.6665,0.01,-0.6759,0.007,layer_31
drop_minus_recovery_norm_asym,row_norm,16,per_ckpt,step800000-tokens3360B,90,-0.1003,0.6274,-0.1398,0.5574,layer_31
drop_minus_recovery_norm_asym,row_norm,16,per_ckpt,step950000-tokens3990B,90,-0.4134,0.1089,-0.4221,0.1129,layer_31
drop_minus_recovery_norm_asym,row_norm,16,per_ckpt,step1432000-tokens6014B,90,-0.4424,0.1419,-0.4798,0.1199,layer_31
drop_minus_recovery_norm_asym,row_norm,16,per_ckpt,step1700000-tokens7232B,90,-0.5131,0.043,-0.5027,0.0639,layer_31
drop_minus_recovery_norm_asym,row_norm,16,per_ckpt,step1850000-tokens8492B,90,-0.4406,0.1399,-0.4733,0.1279,layer_31
drop_minus_recovery_norm_asym,row_norm,16,per_ckpt,step2000000-tokens9752B,90,-0.3799,0.1399,-0.3604,0.1758,layer_31
drop_minus_recovery_norm_asym,row_norm,16,per_ckpt,step2150000-tokens11012B,90,-0.6098,0.014,-0.6132,0.017,layer_31
drop_minus_recovery_norm_asym,row_norm,16,per_ckpt,step2300000-tokens12272B,90,-0.5692,0.024,-0.5766,0.028,layer_31
drop_minus_recovery_norm_asym,row_norm,16,per_ckpt,step2450000-tokens13532B,90,-0.6742,0.01,-0.6375,0.018,layer_31
drop_minus_recovery_norm_asym,row_norm,16,per_ckpt,step2600000-tokens14792B,90,-0.6915,0.017,-0.6773,0.023,layer_31
drop_minus_recovery_norm_asym,row_norm,16,per_ckpt,main,90,-0.6317,0.027,-0.6289,0.032,layer_31
drop_minus_recovery_norm_asym,col_norm,4,per_ckpt,step50000-tokens210B,90,-0.1904,0.4585,-0.1449,0.6084,layer_31
drop_minus_recovery_norm_asym,col_norm,4,per_ckpt,step200000-tokens840B,90,0.5178,0.0679,0.5323,0.0729,layer_31
drop_minus_recovery_norm_asym,col_norm,4,per_ckpt,step350000-tokens1470B,90,0.7331,0.004,0.6894,0.008,layer_31
drop_minus_recovery_norm_asym,col_norm,4,per_ckpt,step500000-tokens2100B,90,0.1281,0.6653,0.1531,0.6464,layer_31
drop_minus_recovery_norm_asym,col_norm,4,per_ckpt,step650000-tokens2730B,90,0.5286,0.0679,0.5394,0.0729,layer_31
drop_minus_recovery_norm_asym,col_norm,4,per_ckpt,step800000-tokens3360B,90,-0.3237,0.1359,-0.2998,0.3027,layer_31
drop_minus_recovery_norm_asym,col_norm,4,per_ckpt,step950000-tokens3990B,90,0.2689,0.3447,0.3103,0.2847,layer_31
drop_minus_recovery_norm_asym,col_norm,4,per_ckpt,step1432000-tokens6014B,90,-0.2584,0.3387,-0.2965,0.3397,layer_31
drop_minus_recovery_norm_asym,col_norm,4,per_ckpt,step1700000-tokens7232B,90,0.5992,0.03,0.5849,0.047,layer_31
drop_minus_recovery_norm_asym,col_norm,4,per_ckpt,step1850000-tokens8492B,90,0.4579,0.0949,0.4411,0.1179,layer_31
drop_minus_recovery_norm_asym,col_norm,4,per_ckpt,step2000000-tokens9752B,90,-0.1682,0.5714,-0.1292,0.6593,layer_31
drop_minus_recovery_norm_asym,col_norm,4,per_ckpt,step2150000-tokens11012B,90,-0.1196,0.5604,-0.1102,0.6044,layer_31
drop_minus_recovery_norm_asym,col_norm,4,per_ckpt,step2300000-tokens12272B,90,0.1278,0.6374,0.1482,0.6084,layer_31
drop_minus_recovery_norm_asym,col_norm,4,per_ckpt,step2450000-tokens13532B,90,0.0713,0.7862,0.0869,0.7532,layer_31
drop_minus_recovery_norm_asym,col_norm,4,per_ckpt,step2600000-tokens14792B,90,-0.1118,0.6454,-0.1832,0.4825,layer_31
drop_minus_recovery_norm_asym,col_norm,4,per_ckpt,main,90,-0.3708,0.0749,-0.4023,0.0619,layer_31
drop_minus_recovery_norm_asym,col_norm,8,per_ckpt,step50000-tokens210B,90,-0.0081,0.978,0.0144,0.959,layer_31
drop_minus_recovery_norm_asym,col_norm,8,per_ckpt,step200000-tokens840B,90,0.6213,0.008,0.6369,0.008,layer_31
drop_minus_recovery_norm_asym,col_norm,8,per_ckpt,step350000-tokens1470B,90,0.4398,0.1189,0.4344,0.1499,layer_31
drop_minus_recovery_norm_asym,col_norm,8,per_ckpt,step500000-tokens2100B,90,0.1674,0.5175,0.2028,0.4875,layer_31
drop_minus_recovery_norm_asym,col_norm,8,per_ckpt,step650000-tokens2730B,90,0.5709,0.042,0.593,0.049,layer_31
drop_minus_recovery_norm_asym,col_norm,8,per_ckpt,step800000-tokens3360B,90,0.3952,0.0749,0.3994,0.0919,layer_31
drop_minus_recovery_norm_asym,col_norm,8,per_ckpt,step950000-tokens3990B,90,0.5254,0.0559,0.5507,0.0569,layer_31
drop_minus_recovery_norm_asym,col_norm,8,per_ckpt,step1432000-tokens6014B,90,-0.1123,0.7163,-0.1399,0.6663,layer_31
drop_minus_recovery_norm_asym,col_norm,8,per_ckpt,step1700000-tokens7232B,90,0.4732,0.0959,0.4974,0.0919,layer_31
drop_minus_recovery_norm_asym,col_norm,8,per_ckpt,step1850000-tokens8492B,90,0.0985,0.7213,0.1084,0.7053,layer_31
drop_minus_recovery_norm_asym,col_norm,8,per_ckpt,step2000000-tokens9752B,90,0.2993,0.2827,0.3406,0.2338,layer_31
drop_minus_recovery_norm_asym,col_norm,8,per_ckpt,step2150000-tokens11012B,90,0.6081,0.018,0.6229,0.02,layer_31
drop_minus_recovery_norm_asym,col_norm,8,per_ckpt,step2300000-tokens12272B,90,0.379,0.2008,0.3932,0.2138,layer_31
drop_minus_recovery_norm_asym,col_norm,8,per_ckpt,step2450000-tokens13532B,90,0.2813,0.2288,0.3102,0.1818,layer_31
drop_minus_recovery_norm_asym,col_norm,8,per_ckpt,step2600000-tokens14792B,90,-0.2412,0.2997,-0.2348,0.3267,layer_31
drop_minus_recovery_norm_asym,col_norm,8,per_ckpt,main,90,-0.3953,0.1299,-0.4236,0.1169,layer_31
drop_minus_recovery_norm_asym,col_norm,16,per_ckpt,step50000-tokens210B,90,0.1494,0.5734,0.2151,0.4426,layer_31
drop_minus_recovery_norm_asym,col_norm,16,per_ckpt,step200000-tokens840B,90,0.5101,0.05,0.5322,0.0509,layer_31
drop_minus_recovery_norm_asym,col_norm,16,per_ckpt,step350000-tokens1470B,90,0.6296,0.024,0.6111,0.043,layer_31
drop_minus_recovery_norm_asym,col_norm,16,per_ckpt,step500000-tokens2100B,90,0.2147,0.4046,0.2353,0.4116,layer_31
drop_minus_recovery_norm_asym,col_norm,16,per_ckpt,step650000-tokens2730B,90,0.5924,0.024,0.6105,0.025,layer_31
drop_minus_recovery_norm_asym,col_norm,16,per_ckpt,step800000-tokens3360B,90,-0.034,0.9091,-0.0319,0.9151,layer_31
drop_minus_recovery_norm_asym,col_norm,16,per_ckpt,step950000-tokens3990B,90,0.2558,0.3616,0.2908,0.3437,layer_31
drop_minus_recovery_norm_asym,col_norm,16,per_ckpt,step1432000-tokens6014B,90,-0.4595,0.1259,-0.4828,0.1209,layer_31
drop_minus_recovery_norm_asym,col_norm,16,per_ckpt,step1700000-tokens7232B,90,0.5032,0.05,0.5079,0.048,layer_31
drop_minus_recovery_norm_asym,col_norm,16,per_ckpt,step1850000-tokens8492B,90,0.2121,0.4565,0.1989,0.5125,layer_31
drop_minus_recovery_norm_asym,col_norm,16,per_ckpt,step2000000-tokens9752B,90,0.2264,0.3746,0.2385,0.3447,layer_31
drop_minus_recovery_norm_asym,col_norm,16,per_ckpt,step2150000-tokens11012B,90,0.1728,0.4625,0.1801,0.4745,layer_31
drop_minus_recovery_norm_asym,col_norm,16,per_ckpt,step2300000-tokens12272B,90,0.1858,0.4775,0.183,0.5095,layer_31
drop_minus_recovery_norm_asym,col_norm,16,per_ckpt,step2450000-tokens13532B,90,0.2155,0.4026,0.2508,0.3397,layer_31
drop_minus_recovery_norm_asym,col_norm,16,per_ckpt,step2600000-tokens14792B,90,-0.1185,0.6174,-0.145,0.5714,layer_31
drop_minus_recovery_norm_asym,col_norm,16,per_ckpt,main,90,-0.0222,0.9101,-0.0523,0.8082,layer_31
drop_minus_recovery_abs_ratio,row_norm,4,per_ckpt,step50000-tokens210B,90,0.1288,0.2338,0.0915,0.4356,layer_31
drop_minus_recovery_abs_ratio,row_norm,4,per_ckpt,step200000-tokens840B,90,0.0388,0.5924,0.0496,0.5315,layer_31
drop_minus_recovery_abs_ratio,row_norm,4,per_ckpt,step350000-tokens1470B,90,-0.0327,0.7133,-0.0106,0.8801,layer_31
drop_minus_recovery_abs_ratio,row_norm,4,per_ckpt,step500000-tokens2100B,90,-0.0405,0.6264,-0.032,0.7353,layer_31
drop_minus_recovery_abs_ratio,row_norm,4,per_ckpt,step650000-tokens2730B,90,-0.0475,0.4436,0.0089,0.8901,layer_31
drop_minus_recovery_abs_ratio,row_norm,4,per_ckpt,step800000-tokens3360B,90,0.1094,0.2737,0.1004,0.3716,layer_31
drop_minus_recovery_abs_ratio,row_norm,4,per_ckpt,step950000-tokens3990B,90,-0.0973,0.0859,-0.127,0.029,layer_31
drop_minus_recovery_abs_ratio,row_norm,4,per_ckpt,step1432000-tokens6014B,90,-0.1074,0.3127,-0.2695,0.002,layer_31
drop_minus_recovery_abs_ratio,row_norm,4,per_ckpt,step1700000-tokens7232B,90,-0.0539,0.4116,-0.0396,0.5944,layer_31
drop_minus_recovery_abs_ratio,row_norm,4,per_ckpt,step1850000-tokens8492B,90,-0.0212,0.6993,0.0544,0.3407,layer_31
drop_minus_recovery_abs_ratio,row_norm,4,per_ckpt,step2000000-tokens9752B,90,-0.0344,0.1828,-0.023,0.4266,layer_31
drop_minus_recovery_abs_ratio,row_norm,4,per_ckpt,step2150000-tokens11012B,90,0.0327,0.7722,0.0114,0.9111,layer_31
drop_minus_recovery_abs_ratio,row_norm,4,per_ckpt,step2300000-tokens12272B,90,-0.054,0.1868,-0.0978,0.031,layer_31
drop_minus_recovery_abs_ratio,row_norm,4,per_ckpt,step2450000-tokens13532B,90,0.0257,0.5754,-0.0448,0.3666,layer_31
drop_minus_recovery_abs_ratio,row_norm,4,per_ckpt,step2600000-tokens14792B,90,0.009,0.8302,-0.0208,0.5904,layer_31
drop_minus_recovery_abs_ratio,row_norm,4,per_ckpt,main,90,-0.0292,0.3986,-0.0501,0.1009,layer_31
drop_minus_recovery_abs_ratio,row_norm,8,per_ckpt,step50000-tokens210B,90,-0.0033,0.983,-0.0212,0.8352,layer_31
drop_minus_recovery_abs_ratio,row_norm,8,per_ckpt,step200000-tokens840B,90,0.1951,0.023,0.1057,0.2478,layer_31
drop_minus_recovery_abs_ratio,row_norm,8,per_ckpt,step350000-tokens1470B,90,0.0992,0.2008,0.1193,0.1139,layer_31
drop_minus_recovery_abs_ratio,row_norm,8,per_ckpt,step500000-tokens2100B,90,0.0807,0.3566,-0.0008,0.992,layer_31
drop_minus_recovery_abs_ratio,row_norm,8,per_ckpt,step650000-tokens2730B,90,-0.0797,0.2388,-0.083,0.2118,layer_31
drop_minus_recovery_abs_ratio,row_norm,8,per_ckpt,step800000-tokens3360B,90,-0.0364,0.7213,0.0385,0.6753,layer_31
drop_minus_recovery_abs_ratio,row_norm,8,per_ckpt,step950000-tokens3990B,90,-0.0556,0.2957,-0.0273,0.5924,layer_31
drop_minus_recovery_abs_ratio,row_norm,8,per_ckpt,step1432000-tokens6014B,90,-0.1162,0.014,-0.1652,0.001,layer_31
drop_minus_recovery_abs_ratio,row_norm,8,per_ckpt,step1700000-tokens7232B,90,-0.0399,0.5265,-0.0576,0.3886,layer_31
drop_minus_recovery_abs_ratio,row_norm,8,per_ckpt,step1850000-tokens8492B,90,0.0313,0.6543,0.0126,0.8212,layer_31
drop_minus_recovery_abs_ratio,row_norm,8,per_ckpt,step2000000-tokens9752B,90,0.079,0.2238,0.037,0.5824,layer_31
drop_minus_recovery_abs_ratio,row_norm,8,per_ckpt,step2150000-tokens11012B,90,0.0169,0.8482,0.0874,0.2028,layer_31
drop_minus_recovery_abs_ratio,row_norm,8,per_ckpt,step2300000-tokens12272B,90,-0.0237,0.5155,-0.0606,0.0729,layer_31
drop_minus_recovery_abs_ratio,row_norm,8,per_ckpt,step2450000-tokens13532B,90,-0.0176,0.7303,-0.0686,0.2148,layer_31
drop_minus_recovery_abs_ratio,row_norm,8,per_ckpt,step2600000-tokens14792B,90,-0.0363,0.2627,-0.0648,0.018,layer_31
drop_minus_recovery_abs_ratio,row_norm,8,per_ckpt,main,90,0.0197,0.5155,-0.0055,0.8362,layer_31
drop_minus_recovery_abs_ratio,row_norm,16,per_ckpt,step50000-tokens210B,90,0.0437,0.7463,0.0878,0.5065,layer_31
drop_minus_recovery_abs_ratio,row_norm,16,per_ckpt,step200000-tokens840B,90,0.1165,0.0849,0.0746,0.3656,layer_31
drop_minus_recovery_abs_ratio,row_norm,16,per_ckpt,step350000-tokens1470B,90,-0.1312,0.0829,0.0155,0.8521,layer_31
drop_minus_recovery_abs_ratio,row_norm,16,per_ckpt,step500000-tokens2100B,90,0.0413,0.6693,-0.0189,0.8521,layer_31
drop_minus_recovery_abs_ratio,row_norm,16,per_ckpt,step650000-tokens2730B,90,-0.0172,0.7343,-0.0028,0.962,layer_31
drop_minus_recovery_abs_ratio,row_norm,16,per_ckpt,step800000-tokens3360B,90,0.0111,0.9181,0.0535,0.6314,layer_31
drop_minus_recovery_abs_ratio,row_norm,16,per_ckpt,step950000-tokens3990B,90,0.0429,0.7183,0.0401,0.6783,layer_31
drop_minus_recovery_abs_ratio,row_norm,16,per_ckpt,step1432000-tokens6014B,90,-0.0529,0.2308,-0.122,0.001,layer_31
drop_minus_recovery_abs_ratio,row_norm,16,per_ckpt,step1700000-tokens7232B,90,-0.0162,0.8551,-0.0683,0.4446,layer_31
drop_minus_recovery_abs_ratio,row_norm,16,per_ckpt,step1850000-tokens8492B,90,0.0068,0.9151,-0.0078,0.8931,layer_31
drop_minus_recovery_abs_ratio,row_norm,16,per_ckpt,step2000000-tokens9752B,90,0.0933,0.3377,0.008,0.9271,layer_31
drop_minus_recovery_abs_ratio,row_norm,16,per_ckpt,step2150000-tokens11012B,90,0.0361,0.6224,-0.0118,0.8671,layer_31
drop_minus_recovery_abs_ratio,row_norm,16,per_ckpt,step2300000-tokens12272B,90,0.0289,0.7253,-0.0355,0.6723,layer_31
drop_minus_recovery_abs_ratio,row_norm,16,per_ckpt,step2450000-tokens13532B,90,-0.007,0.8781,-0.0802,0.0939,layer_31
drop_minus_recovery_abs_ratio,row_norm,16,per_ckpt,step2600000-tokens14792B,90,0.0305,0.2907,-0.0105,0.7962,layer_31
drop_minus_recovery_abs_ratio,row_norm,16,per_ckpt,main,90,0.0091,0.8432,-0.0467,0.3187,layer_31
drop_minus_recovery_abs_ratio,col_norm,4,per_ckpt,step50000-tokens210B,90,0.1015,0.2587,0.0578,0.4366,layer_31
drop_minus_recovery_abs_ratio,col_norm,4,per_ckpt,step200000-tokens840B,90,0.0501,0.2498,0.0305,0.5475,layer_31
drop_minus_recovery_abs_ratio,col_norm,4,per_ckpt,step350000-tokens1470B,90,-0.0274,0.6733,-0.0221,0.7043,layer_31
drop_minus_recovery_abs_ratio,col_norm,4,per_ckpt,step500000-tokens2100B,90,-0.0159,0.8292,-0.0182,0.8122,layer_31
drop_minus_recovery_abs_ratio,col_norm,4,per_ckpt,step650000-tokens2730B,90,-0.0109,0.8442,0.0087,0.8801,layer_31
drop_minus_recovery_abs_ratio,col_norm,4,per_ckpt,step800000-tokens3360B,90,0.1421,0.0639,0.0644,0.3686,layer_31
drop_minus_recovery_abs_ratio,col_norm,4,per_ckpt,step950000-tokens3990B,90,-0.0774,0.1888,-0.122,0.025,layer_31
drop_minus_recovery_abs_ratio,col_norm,4,per_ckpt,step1432000-tokens6014B,90,-0.1124,0.2997,-0.2171,0.002,layer_31
drop_minus_recovery_abs_ratio,col_norm,4,per_ckpt,step1700000-tokens7232B,90,-0.064,0.2887,-0.0321,0.6374,layer_31
drop_minus_recovery_abs_ratio,col_norm,4,per_ckpt,step1850000-tokens8492B,90,-0.0133,0.8352,0.0773,0.2557,layer_31
drop_minus_recovery_abs_ratio,col_norm,4,per_ckpt,step2000000-tokens9752B,90,-0.06,0.1499,-0.0092,0.8382,layer_31
drop_minus_recovery_abs_ratio,col_norm,4,per_ckpt,step2150000-tokens11012B,90,0.0217,0.8701,0.0139,0.9111,layer_31
drop_minus_recovery_abs_ratio,col_norm,4,per_ckpt,step2300000-tokens12272B,90,-0.0376,0.5544,-0.1183,0.0799,layer_31
drop_minus_recovery_abs_ratio,col_norm,4,per_ckpt,step2450000-tokens13532B,90,0.108,0.3327,-0.0591,0.5544,layer_31
drop_minus_recovery_abs_ratio,col_norm,4,per_ckpt,step2600000-tokens14792B,90,-0.0118,0.8881,-0.0166,0.8372,layer_31
drop_minus_recovery_abs_ratio,col_norm,4,per_ckpt,main,90,-0.0833,0.4276,-0.119,0.2488,layer_31
drop_minus_recovery_abs_ratio,col_norm,8,per_ckpt,step50000-tokens210B,90,-0.0314,0.5804,-0.0092,0.8561,layer_31
drop_minus_recovery_abs_ratio,col_norm,8,per_ckpt,step200000-tokens840B,90,0.1894,0.031,0.0941,0.2537,layer_31
drop_minus_recovery_abs_ratio,col_norm,8,per_ckpt,step350000-tokens1470B,90,0.0892,0.1449,0.1001,0.1029,layer_31
drop_minus_recovery_abs_ratio,col_norm,8,per_ckpt,step500000-tokens2100B,90,0.1053,0.2747,0.0072,0.9191,layer_31
drop_minus_recovery_abs_ratio,col_norm,8,per_ckpt,step650000-tokens2730B,90,-0.0588,0.3876,-0.0824,0.1838,layer_31
drop_minus_recovery_abs_ratio,col_norm,8,per_ckpt,step800000-tokens3360B,90,0.0163,0.8751,0.0329,0.6783,layer_31
drop_minus_recovery_abs_ratio,col_norm,8,per_ckpt,step950000-tokens3990B,90,-0.0117,0.8541,-0.0354,0.5155,layer_31
drop_minus_recovery_abs_ratio,col_norm,8,per_ckpt,step1432000-tokens6014B,90,-0.0748,0.0639,-0.1338,0.001,layer_31
drop_minus_recovery_abs_ratio,col_norm,8,per_ckpt,step1700000-tokens7232B,90,-0.0239,0.7233,-0.0626,0.4196,layer_31
drop_minus_recovery_abs_ratio,col_norm,8,per_ckpt,step1850000-tokens8492B,90,0.075,0.3277,0.0402,0.5684,layer_31
drop_minus_recovery_abs_ratio,col_norm,8,per_ckpt,step2000000-tokens9752B,90,0.0463,0.5854,0.0564,0.5125,layer_31
drop_minus_recovery_abs_ratio,col_norm,8,per_ckpt,step2150000-tokens11012B,90,-0.0474,0.4935,0.0691,0.3087,layer_31
drop_minus_recovery_abs_ratio,col_norm,8,per_ckpt,step2300000-tokens12272B,90,-0.0225,0.6943,-0.0783,0.1908,layer_31
drop_minus_recovery_abs_ratio,col_norm,8,per_ckpt,step2450000-tokens13532B,90,0.0146,0.9131,-0.1275,0.3137,layer_31
drop_minus_recovery_abs_ratio,col_norm,8,per_ckpt,step2600000-tokens14792B,90,-0.1271,0.1938,-0.1571,0.1159,layer_31
drop_minus_recovery_abs_ratio,col_norm,8,per_ckpt,main,90,0.0943,0.2428,0.0155,0.8402,layer_31
drop_minus_recovery_abs_ratio,col_norm,16,per_ckpt,step50000-tokens210B,90,0.0458,0.6933,0.0715,0.5085,layer_31
drop_minus_recovery_abs_ratio,col_norm,16,per_ckpt,step200000-tokens840B,90,0.0955,0.1159,0.0518,0.4256,layer_31
drop_minus_recovery_abs_ratio,col_norm,16,per_ckpt,step350000-tokens1470B,90,-0.0402,0.3726,0.0232,0.6763,layer_31
drop_minus_recovery_abs_ratio,col_norm,16,per_ckpt,step500000-tokens2100B,90,0.0213,0.8202,-0.0131,0.9111,layer_31
drop_minus_recovery_abs_ratio,col_norm,16,per_ckpt,step650000-tokens2730B,90,-0.0164,0.7992,-0.0089,0.8901,layer_31
drop_minus_recovery_abs_ratio,col_norm,16,per_ckpt,step800000-tokens3360B,90,0.0096,0.9051,0.041,0.6004,layer_31
drop_minus_recovery_abs_ratio,col_norm,16,per_ckpt,step950000-tokens3990B,90,0.056,0.5475,0.0315,0.7013,layer_31
drop_minus_recovery_abs_ratio,col_norm,16,per_ckpt,step1432000-tokens6014B,90,-0.0377,0.4126,-0.1179,0.007,layer_31
drop_minus_recovery_abs_ratio,col_norm,16,per_ckpt,step1700000-tokens7232B,90,-0.0274,0.7602,-0.0739,0.4166,layer_31
drop_minus_recovery_abs_ratio,col_norm,16,per_ckpt,step1850000-tokens8492B,90,0.0368,0.5524,0.0113,0.8292,layer_31
drop_minus_recovery_abs_ratio,col_norm,16,per_ckpt,step2000000-tokens9752B,90,0.0569,0.6034,0.0156,0.8611,layer_31
drop_minus_recovery_abs_ratio,col_norm,16,per_ckpt,step2150000-tokens11012B,90,0.0376,0.7283,-0.0068,0.9381,layer_31
drop_minus_recovery_abs_ratio,col_norm,16,per_ckpt,step2300000-tokens12272B,90,0.0501,0.6024,-0.0266,0.7832,layer_31
drop_minus_recovery_abs_ratio,col_norm,16,per_ckpt,step2450000-tokens13532B,90,-0.0002,0.999,-0.1515,0.1748,layer_31
drop_minus_recovery_abs_ratio,col_norm,16,per_ckpt,step2600000-tokens14792B,90,0.1149,0.2488,0.0156,0.8961,layer_31
drop_minus_recovery_abs_ratio,col_norm,16,per_ckpt,main,90,-0.0157,0.9041,-0.1012,0.4416,layer_31
drop_minus_recovery_signed_ratio,row_norm,4,per_ckpt,step50000-tokens210B,90,0.0268,0.7453,0.0475,0.7283,layer_31
drop_minus_recovery_signed_ratio,row_norm,4,per_ckpt,step200000-tokens840B,90,0.211,0.0719,0.3217,0.1029,layer_31
drop_minus_recovery_signed_ratio,row_norm,4,per_ckpt,step350000-tokens1470B,90,0.1901,0.0569,0.3634,0.05,layer_31
drop_minus_recovery_signed_ratio,row_norm,4,per_ckpt,step500000-tokens2100B,90,0.0995,0.4665,0.2647,0.1998,layer_31
drop_minus_recovery_signed_ratio,row_norm,4,per_ckpt,step650000-tokens2730B,90,0.2518,0.034,0.4808,0.01,layer_31
drop_minus_recovery_signed_ratio,row_norm,4,per_ckpt,step800000-tokens3360B,90,0.1667,0.1159,0.143,0.2248,layer_31
drop_minus_recovery_signed_ratio,row_norm,4,per_ckpt,step950000-tokens3990B,90,0.038,0.7283,0.2412,0.2607,layer_31
drop_minus_recovery_signed_ratio,row_norm,4,per_ckpt,step1432000-tokens6014B,90,0.2486,0.023,0.171,0.4316,layer_31
drop_minus_recovery_signed_ratio,row_norm,4,per_ckpt,step1700000-tokens7232B,90,0.1844,0.0959,0.4026,0.049,layer_31
drop_minus_recovery_signed_ratio,row_norm,4,per_ckpt,step1850000-tokens8492B,90,0.0622,0.5554,0.383,0.0549,layer_31
drop_minus_recovery_signed_ratio,row_norm,4,per_ckpt,step2000000-tokens9752B,90,0.1297,0.2987,0.4067,0.0659,layer_31
drop_minus_recovery_signed_ratio,row_norm,4,per_ckpt,step2150000-tokens11012B,90,-0.0554,0.5085,0.0789,0.6374,layer_31
drop_minus_recovery_signed_ratio,row_norm,4,per_ckpt,step2300000-tokens12272B,90,0.1638,0.1938,0.3932,0.0679,layer_31
drop_minus_recovery_signed_ratio,row_norm,4,per_ckpt,step2450000-tokens13532B,90,0.21,0.1089,0.3736,0.1179,layer_31
drop_minus_recovery_signed_ratio,row_norm,4,per_ckpt,step2600000-tokens14792B,90,0.1726,0.1229,0.3756,0.0779,layer_31
drop_minus_recovery_signed_ratio,row_norm,4,per_ckpt,main,90,0.1286,0.2767,0.3689,0.0869,layer_31
drop_minus_recovery_signed_ratio,row_norm,8,per_ckpt,step50000-tokens210B,90,-0.0478,0.6294,-0.2463,0.039,layer_31
drop_minus_recovery_signed_ratio,row_norm,8,per_ckpt,step200000-tokens840B,90,0.3767,0.003,0.1753,0.3856,layer_31
drop_minus_recovery_signed_ratio,row_norm,8,per_ckpt,step350000-tokens1470B,90,0.2898,0.006,0.4242,0.012,layer_31
drop_minus_recovery_signed_ratio,row_norm,8,per_ckpt,step500000-tokens2100B,90,0.1633,0.1738,0.2605,0.2248,layer_31
drop_minus_recovery_signed_ratio,row_norm,8,per_ckpt,step650000-tokens2730B,90,0.2712,0.007,0.3661,0.05,layer_31
drop_minus_recovery_signed_ratio,row_norm,8,per_ckpt,step800000-tokens3360B,90,0.0481,0.6374,0.183,0.2607,layer_31
drop_minus_recovery_signed_ratio,row_norm,8,per_ckpt,step950000-tokens3990B,90,0.1179,0.2847,0.3884,0.0589,layer_31
drop_minus_recovery_signed_ratio,row_norm,8,per_ckpt,step1432000-tokens6014B,90,0.1764,0.1598,0.2581,0.2517,layer_31
drop_minus_recovery_signed_ratio,row_norm,8,per_ckpt,step1700000-tokens7232B,90,0.0999,0.4246,0.2753,0.2378,layer_31
drop_minus_recovery_signed_ratio,row_norm,8,per_ckpt,step1850000-tokens8492B,90,0.1003,0.3926,0.3586,0.0939,layer_31
drop_minus_recovery_signed_ratio,row_norm,8,per_ckpt,step2000000-tokens9752B,90,0.1564,0.2178,0.2777,0.2058,layer_31
drop_minus_recovery_signed_ratio,row_norm,8,per_ckpt,step2150000-tokens11012B,90,0.1151,0.2617,0.3958,0.033,layer_31
drop_minus_recovery_signed_ratio,row_norm,8,per_ckpt,step2300000-tokens12272B,90,0.1751,0.1588,0.3702,0.0959,layer_31
drop_minus_recovery_signed_ratio,row_norm,8,per_ckpt,step2450000-tokens13532B,90,0.1484,0.2837,0.3252,0.1818,layer_31
drop_minus_recovery_signed_ratio,row_norm,8,per_ckpt,step2600000-tokens14792B,90,0.17,0.1508,0.3947,0.0739,layer_31
drop_minus_recovery_signed_ratio,row_norm,8,per_ckpt,main,90,0.1467,0.2627,0.3868,0.1009,layer_31
drop_minus_recovery_signed_ratio,row_norm,16,per_ckpt,step50000-tokens210B,90,0.0037,0.9441,0.2107,0.1419,layer_31
drop_minus_recovery_signed_ratio,row_norm,16,per_ckpt,step200000-tokens840B,90,0.2916,0.012,0.2888,0.1598,layer_31
drop_minus_recovery_signed_ratio,row_norm,16,per_ckpt,step350000-tokens1470B,90,0.1523,0.0739,0.5045,0.003,layer_31
drop_minus_recovery_signed_ratio,row_norm,16,per_ckpt,step500000-tokens2100B,90,0.1558,0.2378,0.2964,0.1748,layer_31
drop_minus_recovery_signed_ratio,row_norm,16,per_ckpt,step650000-tokens2730B,90,0.2595,0.013,0.3894,0.0509,layer_31
drop_minus_recovery_signed_ratio,row_norm,16,per_ckpt,step800000-tokens3360B,90,0.1212,0.1558,0.1333,0.4116,layer_31
drop_minus_recovery_signed_ratio,row_norm,16,per_ckpt,step950000-tokens3990B,90,0.0793,0.4665,0.2186,0.2368,layer_31
drop_minus_recovery_signed_ratio,row_norm,16,per_ckpt,step1432000-tokens6014B,90,0.1377,0.2767,0.2379,0.3057,layer_31
drop_minus_recovery_signed_ratio,row_norm,16,per_ckpt,step1700000-tokens7232B,90,0.1314,0.2907,0.2313,0.2947,layer_31
drop_minus_recovery_signed_ratio,row_norm,16,per_ckpt,step1850000-tokens8492B,90,0.1358,0.2238,0.3044,0.1638,layer_31
drop_minus_recovery_signed_ratio,row_norm,16,per_ckpt,step2000000-tokens9752B,90,0.1394,0.2747,0.208,0.3087,layer_31
drop_minus_recovery_signed_ratio,row_norm,16,per_ckpt,step2150000-tokens11012B,90,0.1911,0.0899,0.3869,0.0559,layer_31
drop_minus_recovery_signed_ratio,row_norm,16,per_ckpt,step2300000-tokens12272B,90,0.2487,0.03,0.3362,0.1139,layer_31
drop_minus_recovery_signed_ratio,row_norm,16,per_ckpt,step2450000-tokens13532B,90,0.1644,0.2118,0.3215,0.1738,layer_31
drop_minus_recovery_signed_ratio,row_norm,16,per_ckpt,step2600000-tokens14792B,90,0.1916,0.1179,0.4019,0.0659,layer_31
drop_minus_recovery_signed_ratio,row_norm,16,per_ckpt,main,90,0.1499,0.2268,0.3368,0.1479,layer_31
drop_minus_recovery_signed_ratio,col_norm,4,per_ckpt,step50000-tokens210B,90,0.1576,0.2288,0.0768,0.7113,layer_31
drop_minus_recovery_signed_ratio,col_norm,4,per_ckpt,step200000-tokens840B,90,-0.049,0.7103,-0.2742,0.2228,layer_31
drop_minus_recovery_signed_ratio,col_norm,4,per_ckpt,step350000-tokens1470B,90,-0.1537,0.2318,-0.4524,0.029,layer_31
drop_minus_recovery_signed_ratio,col_norm,4,per_ckpt,step500000-tokens2100B,90,-0.0304,0.8032,-0.0985,0.6713,layer_31
drop_minus_recovery_signed_ratio,col_norm,4,per_ckpt,step650000-tokens2730B,90,-0.1107,0.4296,-0.3823,0.0759,layer_31
drop_minus_recovery_signed_ratio,col_norm,4,per_ckpt,step800000-tokens3360B,90,0.2438,0.03,0.1881,0.2887,layer_31
drop_minus_recovery_signed_ratio,col_norm,4,per_ckpt,step950000-tokens3990B,90,-0.0964,0.4326,-0.3503,0.0999,layer_31
drop_minus_recovery_signed_ratio,col_norm,4,per_ckpt,step1432000-tokens6014B,90,0.0802,0.5654,0.0099,0.972,layer_31
drop_minus_recovery_signed_ratio,col_norm,4,per_ckpt,step1700000-tokens7232B,90,-0.1194,0.3307,-0.3465,0.1079,layer_31
drop_minus_recovery_signed_ratio,col_norm,4,per_ckpt,step1850000-tokens8492B,90,-0.1985,0.0899,-0.2405,0.2607,layer_31
drop_minus_recovery_signed_ratio,col_norm,4,per_ckpt,step2000000-tokens9752B,90,0.0104,0.9321,-0.0436,0.8551,layer_31
drop_minus_recovery_signed_ratio,col_norm,4,per_ckpt,step2150000-tokens11012B,90,0.0589,0.6923,-0.0158,0.9431,layer_31
drop_minus_recovery_signed_ratio,col_norm,4,per_ckpt,step2300000-tokens12272B,90,0.0107,0.9231,-0.1998,0.3976,layer_31
drop_minus_recovery_signed_ratio,col_norm,4,per_ckpt,step2450000-tokens13532B,90,0.1091,0.2977,-0.1621,0.3976,layer_31
drop_minus_recovery_signed_ratio,col_norm,4,per_ckpt,step2600000-tokens14792B,90,0.1386,0.2218,0.0764,0.7013,layer_31
drop_minus_recovery_signed_ratio,col_norm,4,per_ckpt,main,90,0.1515,0.1828,0.1572,0.3786,layer_31
drop_minus_recovery_signed_ratio,col_norm,8,per_ckpt,step50000-tokens210B,90,-0.0978,0.4276,0.0652,0.7522,layer_31
drop_minus_recovery_signed_ratio,col_norm,8,per_ckpt,step200000-tokens840B,90,-0.0403,0.7043,-0.2672,0.1708,layer_31
drop_minus_recovery_signed_ratio,col_norm,8,per_ckpt,step350000-tokens1470B,90,0.0064,0.96,-0.1589,0.4745,layer_31
drop_minus_recovery_signed_ratio,col_norm,8,per_ckpt,step500000-tokens2100B,90,0.1222,0.3357,-0.1241,0.6044,layer_31
drop_minus_recovery_signed_ratio,col_norm,8,per_ckpt,step650000-tokens2730B,90,-0.1685,0.1968,-0.4462,0.03,layer_31
drop_minus_recovery_signed_ratio,col_norm,8,per_ckpt,step800000-tokens3360B,90,-0.1048,0.4176,-0.2448,0.2228,layer_31
drop_minus_recovery_signed_ratio,col_norm,8,per_ckpt,step950000-tokens3990B,90,-0.0851,0.5265,-0.4478,0.025,layer_31
drop_minus_recovery_signed_ratio,col_norm,8,per_ckpt,step1432000-tokens6014B,90,0.0441,0.7403,0.0559,0.8172,layer_31
drop_minus_recovery_signed_ratio,col_norm,8,per_ckpt,step1700000-tokens7232B,90,-0.0862,0.4755,-0.3066,0.1349,layer_31
drop_minus_recovery_signed_ratio,col_norm,8,per_ckpt,step1850000-tokens8492B,90,0.014,0.9201,-0.0092,0.968,layer_31
drop_minus_recovery_signed_ratio,col_norm,8,per_ckpt,step2000000-tokens9752B,90,-0.0007,0.995,-0.2266,0.2617,layer_31
drop_minus_recovery_signed_ratio,col_norm,8,per_ckpt,step2150000-tokens11012B,90,-0.1321,0.3107,-0.4383,0.034,layer_31
drop_minus_recovery_signed_ratio,col_norm,8,per_ckpt,step2300000-tokens12272B,90,-0.0285,0.8132,-0.321,0.1229,layer_31
drop_minus_recovery_signed_ratio,col_norm,8,per_ckpt,step2450000-tokens13532B,90,-0.0388,0.7323,-0.3122,0.0629,layer_31
drop_minus_recovery_signed_ratio,col_norm,8,per_ckpt,step2600000-tokens14792B,90,0.0966,0.4545,-0.0242,0.9011,layer_31
drop_minus_recovery_signed_ratio,col_norm,8,per_ckpt,main,90,0.1655,0.2218,0.2763,0.2238,layer_31
drop_minus_recovery_signed_ratio,col_norm,16,per_ckpt,step50000-tokens210B,90,-0.0307,0.8122,-0.1572,0.5125,layer_31
drop_minus_recovery_signed_ratio,col_norm,16,per_ckpt,step200000-tokens840B,90,0.0219,0.8312,-0.3581,0.0809,layer_31
drop_minus_recovery_signed_ratio,col_norm,16,per_ckpt,step350000-tokens1470B,90,-0.1342,0.3207,-0.3417,0.1309,layer_31
drop_minus_recovery_signed_ratio,col_norm,16,per_ckpt,step500000-tokens2100B,90,-0.0535,0.6723,-0.1052,0.6394,layer_31
drop_minus_recovery_signed_ratio,col_norm,16,per_ckpt,step650000-tokens2730B,90,-0.1552,0.2128,-0.4229,0.029,layer_31
drop_minus_recovery_signed_ratio,col_norm,16,per_ckpt,step800000-tokens3360B,90,0.075,0.5614,0.0348,0.8901,layer_31
drop_minus_recovery_signed_ratio,col_norm,16,per_ckpt,step950000-tokens3990B,90,0.0002,0.998,-0.1838,0.4216,layer_31
drop_minus_recovery_signed_ratio,col_norm,16,per_ckpt,step1432000-tokens6014B,90,0.1798,0.1558,0.2699,0.2388,layer_31
drop_minus_recovery_signed_ratio,col_norm,16,per_ckpt,step1700000-tokens7232B,90,-0.0947,0.4356,-0.3953,0.035,layer_31
drop_minus_recovery_signed_ratio,col_norm,16,per_ckpt,step1850000-tokens8492B,90,0.0032,0.981,-0.0692,0.7682,layer_31
drop_minus_recovery_signed_ratio,col_norm,16,per_ckpt,step2000000-tokens9752B,90,0.0641,0.6094,-0.1466,0.4685,layer_31
drop_minus_recovery_signed_ratio,col_norm,16,per_ckpt,step2150000-tokens11012B,90,0.095,0.3846,-0.1741,0.3307,layer_31
drop_minus_recovery_signed_ratio,col_norm,16,per_ckpt,step2300000-tokens12272B,90,0.1451,0.1618,-0.1694,0.3806,layer_31
drop_minus_recovery_signed_ratio,col_norm,16,per_ckpt,step2450000-tokens13532B,90,0.0288,0.7932,-0.3393,0.046,layer_31
drop_minus_recovery_signed_ratio,col_norm,16,per_ckpt,step2600000-tokens14792B,90,0.1838,0.1618,0.1804,0.4136,layer_31
drop_minus_recovery_signed_ratio,col_norm,16,per_ckpt,main,90,0.0304,0.8042,-0.0436,0.8112,layer_31
drop_minus_recovery_log_ratio,row_norm,4,per_ckpt,step50000-tokens210B,90,-0.0221,0.9281,-0.0398,0.8501,layer_31
drop_minus_recovery_log_ratio,row_norm,4,per_ckpt,step200000-tokens840B,90,-0.476,0.1019,-0.5132,0.0699,layer_31
drop_minus_recovery_log_ratio,row_norm,4,per_ckpt,step350000-tokens1470B,90,-0.6172,0.017,-0.6206,0.018,layer_31
drop_minus_recovery_log_ratio,row_norm,4,per_ckpt,step500000-tokens2100B,90,-0.4604,0.1089,-0.4669,0.0969,layer_31
drop_minus_recovery_log_ratio,row_norm,4,per_ckpt,step650000-tokens2730B,90,-0.738,0.009,-0.7406,0.008,layer_31
drop_minus_recovery_log_ratio,row_norm,4,per_ckpt,step800000-tokens3360B,90,-0.0712,0.6503,-0.08,0.5465,layer_31
drop_minus_recovery_log_ratio,row_norm,4,per_ckpt,step950000-tokens3990B,90,-0.5267,0.0719,-0.5188,0.0799,layer_31
drop_minus_recovery_log_ratio,row_norm,4,per_ckpt,step1432000-tokens6014B,90,-0.4888,0.0629,-0.5054,0.046,layer_31
drop_minus_recovery_log_ratio,row_norm,4,per_ckpt,step1700000-tokens7232B,90,-0.723,0.011,-0.7183,0.011,layer_31
drop_minus_recovery_log_ratio,row_norm,4,per_ckpt,step1850000-tokens8492B,90,-0.6136,0.039,-0.5875,0.046,layer_31
drop_minus_recovery_log_ratio,row_norm,4,per_ckpt,step2000000-tokens9752B,90,-0.7157,0.015,-0.7011,0.016,layer_31
drop_minus_recovery_log_ratio,row_norm,4,per_ckpt,step2150000-tokens11012B,90,-0.1237,0.6334,-0.1189,0.6364,layer_31
drop_minus_recovery_log_ratio,row_norm,4,per_ckpt,step2300000-tokens12272B,90,-0.7024,0.02,-0.7106,0.02,layer_31
drop_minus_recovery_log_ratio,row_norm,4,per_ckpt,step2450000-tokens13532B,90,-0.7139,0.012,-0.6781,0.017,layer_31
drop_minus_recovery_log_ratio,row_norm,4,per_ckpt,step2600000-tokens14792B,90,-0.6925,0.018,-0.6699,0.026,layer_31
drop_minus_recovery_log_ratio,row_norm,4,per_ckpt,main,90,-0.703,0.021,-0.6697,0.023,layer_31
drop_minus_recovery_log_ratio,row_norm,8,per_ckpt,step50000-tokens210B,90,0.3381,0.0759,0.3396,0.0679,layer_31
drop_minus_recovery_log_ratio,row_norm,8,per_ckpt,step200000-tokens840B,90,-0.2484,0.3746,-0.2532,0.3586,layer_31
drop_minus_recovery_log_ratio,row_norm,8,per_ckpt,step350000-tokens1470B,90,-0.5522,0.032,-0.5744,0.024,layer_31
drop_minus_recovery_log_ratio,row_norm,8,per_ckpt,step500000-tokens2100B,90,-0.4281,0.1389,-0.4297,0.1469,layer_31
drop_minus_recovery_log_ratio,row_norm,8,per_ckpt,step650000-tokens2730B,90,-0.6604,0.016,-0.6741,0.012,layer_31
drop_minus_recovery_log_ratio,row_norm,8,per_ckpt,step800000-tokens3360B,90,-0.2793,0.2577,-0.297,0.2258,layer_31
drop_minus_recovery_log_ratio,row_norm,8,per_ckpt,step950000-tokens3990B,90,-0.7121,0.007,-0.6534,0.017,layer_31
drop_minus_recovery_log_ratio,row_norm,8,per_ckpt,step1432000-tokens6014B,90,-0.5645,0.0599,-0.5914,0.039,layer_31
drop_minus_recovery_log_ratio,row_norm,8,per_ckpt,step1700000-tokens7232B,90,-0.5658,0.0609,-0.5575,0.0679,layer_31
drop_minus_recovery_log_ratio,row_norm,8,per_ckpt,step1850000-tokens8492B,90,-0.5768,0.034,-0.5749,0.041,layer_31
drop_minus_recovery_log_ratio,row_norm,8,per_ckpt,step2000000-tokens9752B,90,-0.4693,0.1289,-0.4675,0.1369,layer_31
drop_minus_recovery_log_ratio,row_norm,8,per_ckpt,step2150000-tokens11012B,90,-0.5964,0.039,-0.5818,0.049,layer_31
drop_minus_recovery_log_ratio,row_norm,8,per_ckpt,step2300000-tokens12272B,90,-0.6688,0.028,-0.6712,0.028,layer_31
drop_minus_recovery_log_ratio,row_norm,8,per_ckpt,step2450000-tokens13532B,90,-0.6546,0.028,-0.6343,0.03,layer_31
drop_minus_recovery_log_ratio,row_norm,8,per_ckpt,step2600000-tokens14792B,90,-0.7459,0.012,-0.7267,0.013,layer_31
drop_minus_recovery_log_ratio,row_norm,8,per_ckpt,main,90,-0.6915,0.025,-0.6695,0.027,layer_31
drop_minus_recovery_log_ratio,row_norm,16,per_ckpt,step50000-tokens210B,90,-0.2929,0.2198,-0.3019,0.1988,layer_31
drop_minus_recovery_log_ratio,row_norm,16,per_ckpt,step200000-tokens840B,90,-0.4084,0.1748,-0.4421,0.1199,layer_31
drop_minus_recovery_log_ratio,row_norm,16,per_ckpt,step350000-tokens1470B,90,-0.761,0.003,-0.7545,0.004,layer_31
drop_minus_recovery_log_ratio,row_norm,16,per_ckpt,step500000-tokens2100B,90,-0.5502,0.046,-0.5348,0.0589,layer_31
drop_minus_recovery_log_ratio,row_norm,16,per_ckpt,step650000-tokens2730B,90,-0.6547,0.025,-0.6519,0.025,layer_31
drop_minus_recovery_log_ratio,row_norm,16,per_ckpt,step800000-tokens3360B,90,-0.0978,0.6633,-0.1486,0.5564,layer_31
drop_minus_recovery_log_ratio,row_norm,16,per_ckpt,step950000-tokens3990B,90,-0.4176,0.1379,-0.4159,0.1389,layer_31
drop_minus_recovery_log_ratio,row_norm,16,per_ckpt,step1432000-tokens6014B,90,-0.4796,0.1379,-0.5056,0.1079,layer_31
drop_minus_recovery_log_ratio,row_norm,16,per_ckpt,step1700000-tokens7232B,90,-0.5069,0.0759,-0.5054,0.0819,layer_31
drop_minus_recovery_log_ratio,row_norm,16,per_ckpt,step1850000-tokens8492B,90,-0.4993,0.0909,-0.5078,0.0879,layer_31
drop_minus_recovery_log_ratio,row_norm,16,per_ckpt,step2000000-tokens9752B,90,-0.389,0.1598,-0.3777,0.1678,layer_31
drop_minus_recovery_log_ratio,row_norm,16,per_ckpt,step2150000-tokens11012B,90,-0.662,0.016,-0.6451,0.014,layer_31
drop_minus_recovery_log_ratio,row_norm,16,per_ckpt,step2300000-tokens12272B,90,-0.5657,0.042,-0.5792,0.039,layer_31
drop_minus_recovery_log_ratio,row_norm,16,per_ckpt,step2450000-tokens13532B,90,-0.67,0.018,-0.6365,0.024,layer_31
drop_minus_recovery_log_ratio,row_norm,16,per_ckpt,step2600000-tokens14792B,90,-0.7135,0.017,-0.6934,0.023,layer_31
drop_minus_recovery_log_ratio,row_norm,16,per_ckpt,main,90,-0.6445,0.034,-0.6408,0.035,layer_31
drop_minus_recovery_log_ratio,col_norm,4,per_ckpt,step50000-tokens210B,90,-0.1444,0.6114,-0.0986,0.7303,layer_31
drop_minus_recovery_log_ratio,col_norm,4,per_ckpt,step200000-tokens840B,90,0.537,0.0739,0.5207,0.0849,layer_31
drop_minus_recovery_log_ratio,col_norm,4,per_ckpt,step350000-tokens1470B,90,0.7523,0.004,0.7085,0.01,layer_31
drop_minus_recovery_log_ratio,col_norm,4,per_ckpt,step500000-tokens2100B,90,0.1467,0.6613,0.1606,0.6444,layer_31
drop_minus_recovery_log_ratio,col_norm,4,per_ckpt,step650000-tokens2730B,90,0.6178,0.035,0.5874,0.049,layer_31
drop_minus_recovery_log_ratio,col_norm,4,per_ckpt,step800000-tokens3360B,90,-0.2802,0.2567,-0.24,0.4955,layer_31
drop_minus_recovery_log_ratio,col_norm,4,per_ckpt,step950000-tokens3990B,90,0.3712,0.2268,0.3838,0.2158,layer_31
drop_minus_recovery_log_ratio,col_norm,4,per_ckpt,step1432000-tokens6014B,90,-0.2323,0.4216,-0.2817,0.3706,layer_31
drop_minus_recovery_log_ratio,col_norm,4,per_ckpt,step1700000-tokens7232B,90,0.5911,0.047,0.5682,0.0579,layer_31
drop_minus_recovery_log_ratio,col_norm,4,per_ckpt,step1850000-tokens8492B,90,0.4813,0.0999,0.4555,0.1149,layer_31
drop_minus_recovery_log_ratio,col_norm,4,per_ckpt,step2000000-tokens9752B,90,-0.0396,0.8941,-0.0408,0.8911,layer_31
drop_minus_recovery_log_ratio,col_norm,4,per_ckpt,step2150000-tokens11012B,90,-0.0209,0.9201,-0.0363,0.8681,layer_31
drop_minus_recovery_log_ratio,col_norm,4,per_ckpt,step2300000-tokens12272B,90,0.1772,0.5744,0.1886,0.5445,layer_31
drop_minus_recovery_log_ratio,col_norm,4,per_ckpt,step2450000-tokens13532B,90,0.1838,0.5185,0.1524,0.5904,layer_31
drop_minus_recovery_log_ratio,col_norm,4,per_ckpt,step2600000-tokens14792B,90,-0.0427,0.8711,-0.1396,0.6174,layer_31
drop_minus_recovery_log_ratio,col_norm,4,per_ckpt,main,90,-0.3297,0.1489,-0.3741,0.1009,layer_31
drop_minus_recovery_log_ratio,col_norm,8,per_ckpt,step50000-tokens210B,90,-0.1494,0.6314,-0.0844,0.7852,layer_31
drop_minus_recovery_log_ratio,col_norm,8,per_ckpt,step200000-tokens840B,90,0.5682,0.04,0.5772,0.032,layer_31
drop_minus_recovery_log_ratio,col_norm,8,per_ckpt,step350000-tokens1470B,90,0.4128,0.1728,0.4111,0.1798,layer_31
drop_minus_recovery_log_ratio,col_norm,8,per_ckpt,step500000-tokens2100B,90,0.2341,0.4326,0.2347,0.4555,layer_31
drop_minus_recovery_log_ratio,col_norm,8,per_ckpt,step650000-tokens2730B,90,0.578,0.0639,0.5872,0.0609,layer_31
drop_minus_recovery_log_ratio,col_norm,8,per_ckpt,step800000-tokens3360B,90,0.4412,0.0659,0.4259,0.0909,layer_31
drop_minus_recovery_log_ratio,col_norm,8,per_ckpt,step950000-tokens3990B,90,0.6137,0.024,0.6234,0.026,layer_31
drop_minus_recovery_log_ratio,col_norm,8,per_ckpt,step1432000-tokens6014B,90,-0.1885,0.5674,-0.2033,0.5405,layer_31
drop_minus_recovery_log_ratio,col_norm,8,per_ckpt,step1700000-tokens7232B,90,0.4476,0.1339,0.4674,0.1229,layer_31
drop_minus_recovery_log_ratio,col_norm,8,per_ckpt,step1850000-tokens8492B,90,0.1005,0.7373,0.0997,0.7413,layer_31
drop_minus_recovery_log_ratio,col_norm,8,per_ckpt,step2000000-tokens9752B,90,0.4177,0.1469,0.4042,0.1538,layer_31
drop_minus_recovery_log_ratio,col_norm,8,per_ckpt,step2150000-tokens11012B,90,0.7378,0.002,0.7091,0.002,layer_31
drop_minus_recovery_log_ratio,col_norm,8,per_ckpt,step2300000-tokens12272B,90,0.4572,0.1309,0.4493,0.1449,layer_31
drop_minus_recovery_log_ratio,col_norm,8,per_ckpt,step2450000-tokens13532B,90,0.3535,0.1459,0.3509,0.1359,layer_31
drop_minus_recovery_log_ratio,col_norm,8,per_ckpt,step2600000-tokens14792B,90,-0.1519,0.5514,-0.1709,0.5065,layer_31
drop_minus_recovery_log_ratio,col_norm,8,per_ckpt,main,90,-0.3552,0.2278,-0.4184,0.1528,layer_31
drop_minus_recovery_log_ratio,col_norm,16,per_ckpt,step50000-tokens210B,90,0.2551,0.3596,0.2827,0.3177,layer_31
drop_minus_recovery_log_ratio,col_norm,16,per_ckpt,step200000-tokens840B,90,0.6438,0.023,0.6155,0.034,layer_31
drop_minus_recovery_log_ratio,col_norm,16,per_ckpt,step350000-tokens1470B,90,0.6819,0.017,0.6361,0.036,layer_31
drop_minus_recovery_log_ratio,col_norm,16,per_ckpt,step500000-tokens2100B,90,0.1879,0.5225,0.2057,0.4865,layer_31
drop_minus_recovery_log_ratio,col_norm,16,per_ckpt,step650000-tokens2730B,90,0.6173,0.032,0.6239,0.03,layer_31
drop_minus_recovery_log_ratio,col_norm,16,per_ckpt,step800000-tokens3360B,90,-0.0212,0.951,-0.0221,0.9391,layer_31
drop_minus_recovery_log_ratio,col_norm,16,per_ckpt,step950000-tokens3990B,90,0.3115,0.2747,0.3278,0.2797,layer_31
drop_minus_recovery_log_ratio,col_norm,16,per_ckpt,step1432000-tokens6014B,90,-0.5174,0.1009,-0.5284,0.0919,layer_31
drop_minus_recovery_log_ratio,col_norm,16,per_ckpt,step1700000-tokens7232B,90,0.5716,0.038,0.5496,0.044,layer_31
drop_minus_recovery_log_ratio,col_norm,16,per_ckpt,step1850000-tokens8492B,90,0.2026,0.5265,0.1819,0.5584,layer_31
drop_minus_recovery_log_ratio,col_norm,16,per_ckpt,step2000000-tokens9752B,90,0.3022,0.2507,0.2828,0.2647,layer_31
drop_minus_recovery_log_ratio,col_norm,16,per_ckpt,step2150000-tokens11012B,90,0.3114,0.2138,0.2728,0.2697,layer_31
drop_minus_recovery_log_ratio,col_norm,16,per_ckpt,step2300000-tokens12272B,90,0.3076,0.2617,0.2632,0.3556,layer_31
drop_minus_recovery_log_ratio,col_norm,16,per_ckpt,step2450000-tokens13532B,90,0.3777,0.1489,0.3476,0.1768,layer_31
drop_minus_recovery_log_ratio,col_norm,16,per_ckpt,step2600000-tokens14792B,90,-0.1853,0.4945,-0.1896,0.4855,layer_31
drop_minus_recovery_log_ratio,col_norm,16,per_ckpt,main,90,-0.0113,0.961,-0.0414,0.8671,layer_31
drop_over_recovery_abs_diff,row_norm,4,per_ckpt,step50000-tokens210B,90,-0.1203,0.2917,-0.0929,0.4286,layer_31
drop_over_recovery_abs_diff,row_norm,4,per_ckpt,step200000-tokens840B,90,-0.0773,0.2717,-0.1338,0.1139,layer_31
drop_over_recovery_abs_diff,row_norm,4,per_ckpt,step350000-tokens1470B,90,-0.1263,0.1139,-0.1216,0.0969,layer_31
drop_over_recovery_abs_diff,row_norm,4,per_ckpt,step500000-tokens2100B,90,0.1511,0.0879,0.0332,0.7103,layer_31
drop_over_recovery_abs_diff,row_norm,4,per_ckpt,step650000-tokens2730B,90,-0.0732,0.2218,-0.1475,0.02,layer_31
drop_over_recovery_abs_diff,row_norm,4,per_ckpt,step800000-tokens3360B,90,0.1693,0.0759,0.1846,0.0849,layer_31
drop_over_recovery_abs_diff,row_norm,4,per_ckpt,step950000-tokens3990B,90,0.0117,0.8601,0.0922,0.1449,layer_31
drop_over_recovery_abs_diff,row_norm,4,per_ckpt,step1432000-tokens6014B,90,0.1054,0.3067,0.1669,0.0999,layer_31
drop_over_recovery_abs_diff,row_norm,4,per_ckpt,step1700000-tokens7232B,90,-0.0707,0.2877,0.0116,0.8791,layer_31
drop_over_recovery_abs_diff,row_norm,4,per_ckpt,step1850000-tokens8492B,90,-0.0269,0.5904,-0.042,0.4625,layer_31
drop_over_recovery_abs_diff,row_norm,4,per_ckpt,step2000000-tokens9752B,90,-0.0212,0.4725,0.0102,0.7493,layer_31
drop_over_recovery_abs_diff,row_norm,4,per_ckpt,step2150000-tokens11012B,90,0.0373,0.7642,0.0475,0.6963,layer_31
drop_over_recovery_abs_diff,row_norm,4,per_ckpt,step2300000-tokens12272B,90,0.0307,0.4755,0.0547,0.2308,layer_31
drop_over_recovery_abs_diff,row_norm,4,per_ckpt,step2450000-tokens13532B,90,0.0694,0.1239,0.1223,0.009,layer_31
drop_over_recovery_abs_diff,row_norm,4,per_ckpt,step2600000-tokens14792B,90,-0.0003,0.992,0.0461,0.2837,layer_31
drop_over_recovery_abs_diff,row_norm,4,per_ckpt,main,90,0.0097,0.7892,0.02,0.5974,layer_31
drop_over_recovery_abs_diff,row_norm,8,per_ckpt,step50000-tokens210B,90,0.2365,0.032,0.2477,0.029,layer_31
drop_over_recovery_abs_diff,row_norm,8,per_ckpt,step200000-tokens840B,90,0.0287,0.7093,0.0983,0.2418,layer_31
drop_over_recovery_abs_diff,row_norm,8,per_ckpt,step350000-tokens1470B,90,-0.1246,0.0979,-0.205,0.007,layer_31
drop_over_recovery_abs_diff,row_norm,8,per_ckpt,step500000-tokens2100B,90,0.1256,0.1818,0.055,0.5075,layer_31
drop_over_recovery_abs_diff,row_norm,8,per_ckpt,step650000-tokens2730B,90,-0.1017,0.1189,-0.0642,0.3566,layer_31
drop_over_recovery_abs_diff,row_norm,8,per_ckpt,step800000-tokens3360B,90,0.0138,0.9031,-0.0637,0.5195,layer_31
drop_over_recovery_abs_diff,row_norm,8,per_ckpt,step950000-tokens3990B,90,-0.007,0.8871,-0.0281,0.5564,layer_31
drop_over_recovery_abs_diff,row_norm,8,per_ckpt,step1432000-tokens6014B,90,0.1101,0.028,0.1222,0.013,layer_31
drop_over_recovery_abs_diff,row_norm,8,per_ckpt,step1700000-tokens7232B,90,0.0505,0.4076,0.1037,0.1349,layer_31
drop_over_recovery_abs_diff,row_norm,8,per_ckpt,step1850000-tokens8492B,90,0.0125,0.8442,0.0249,0.7093,layer_31
drop_over_recovery_abs_diff,row_norm,8,per_ckpt,step2000000-tokens9752B,90,-0.0269,0.6883,0.0703,0.3397,layer_31
drop_over_recovery_abs_diff,row_norm,8,per_ckpt,step2150000-tokens11012B,90,-0.1739,0.009,-0.1834,0.01,layer_31
drop_over_recovery_abs_diff,row_norm,8,per_ckpt,step2300000-tokens12272B,90,0.0377,0.2967,0.0658,0.049,layer_31
drop_over_recovery_abs_diff,row_norm,8,per_ckpt,step2450000-tokens13532B,90,0.1036,0.015,0.1298,0.009,layer_31
drop_over_recovery_abs_diff,row_norm,8,per_ckpt,step2600000-tokens14792B,90,-0.0192,0.6234,0.0233,0.5145,layer_31
drop_over_recovery_abs_diff,row_norm,8,per_ckpt,main,90,0.0489,0.0519,0.0798,0.007,layer_31
drop_over_recovery_abs_diff,row_norm,16,per_ckpt,step50000-tokens210B,90,-0.2251,0.041,-0.2078,0.0669,layer_31
drop_over_recovery_abs_diff,row_norm,16,per_ckpt,step200000-tokens840B,90,-0.0307,0.6454,-0.0767,0.3487,layer_31
drop_over_recovery_abs_diff,row_norm,16,per_ckpt,step350000-tokens1470B,90,-0.2168,0.006,-0.2698,0.003,layer_31
drop_over_recovery_abs_diff,row_norm,16,per_ckpt,step500000-tokens2100B,90,0.1601,0.041,0.0565,0.5305,layer_31
drop_over_recovery_abs_diff,row_norm,16,per_ckpt,step650000-tokens2730B,90,-0.1425,0.007,-0.1303,0.019,layer_31
drop_over_recovery_abs_diff,row_norm,16,per_ckpt,step800000-tokens3360B,90,-0.0942,0.4006,-0.0972,0.3646,layer_31
drop_over_recovery_abs_diff,row_norm,16,per_ckpt,step950000-tokens3990B,90,-0.0359,0.7433,-0.0451,0.6703,layer_31
drop_over_recovery_abs_diff,row_norm,16,per_ckpt,step1432000-tokens6014B,90,0.0748,0.0859,0.0888,0.039,layer_31
drop_over_recovery_abs_diff,row_norm,16,per_ckpt,step1700000-tokens7232B,90,0.062,0.4685,0.1402,0.0959,layer_31
drop_over_recovery_abs_diff,row_norm,16,per_ckpt,step1850000-tokens8492B,90,-0.0652,0.3017,0.0214,0.7512,layer_31
drop_over_recovery_abs_diff,row_norm,16,per_ckpt,step2000000-tokens9752B,90,0.053,0.6024,0.1732,0.1129,layer_31
drop_over_recovery_abs_diff,row_norm,16,per_ckpt,step2150000-tokens11012B,90,-0.0394,0.5704,0.0147,0.8472,layer_31
drop_over_recovery_abs_diff,row_norm,16,per_ckpt,step2300000-tokens12272B,90,0.0003,0.996,0.071,0.3467,layer_31
drop_over_recovery_abs_diff,row_norm,16,per_ckpt,step2450000-tokens13532B,90,0.1022,0.022,0.1265,0.005,layer_31
drop_over_recovery_abs_diff,row_norm,16,per_ckpt,step2600000-tokens14792B,90,0.0087,0.7712,0.0694,0.028,layer_31
drop_over_recovery_abs_diff,row_norm,16,per_ckpt,main,90,0.0366,0.4266,0.1057,0.019,layer_31
drop_over_recovery_abs_diff,col_norm,4,per_ckpt,step50000-tokens210B,90,-0.0873,0.3417,-0.0587,0.4276,layer_31
drop_over_recovery_abs_diff,col_norm,4,per_ckpt,step200000-tokens840B,90,-0.078,0.0669,-0.0662,0.2128,layer_31
drop_over_recovery_abs_diff,col_norm,4,per_ckpt,step350000-tokens1470B,90,-0.0652,0.2587,-0.077,0.1888,layer_31
drop_over_recovery_abs_diff,col_norm,4,per_ckpt,step500000-tokens2100B,90,0.0544,0.4835,0.0274,0.6953,layer_31
drop_over_recovery_abs_diff,col_norm,4,per_ckpt,step650000-tokens2730B,90,-0.1303,0.006,-0.1299,0.018,layer_31
drop_over_recovery_abs_diff,col_norm,4,per_ckpt,step800000-tokens3360B,90,0.0605,0.4535,0.1176,0.0859,layer_31
drop_over_recovery_abs_diff,col_norm,4,per_ckpt,step950000-tokens3990B,90,0.0529,0.3726,0.0881,0.1419,layer_31
drop_over_recovery_abs_diff,col_norm,4,per_ckpt,step1432000-tokens6014B,90,0.107,0.3137,0.1354,0.1009,layer_31
drop_over_recovery_abs_diff,col_norm,4,per_ckpt,step1700000-tokens7232B,90,-0.0533,0.3736,0.0102,0.8611,layer_31
drop_over_recovery_abs_diff,col_norm,4,per_ckpt,step1850000-tokens8492B,90,-0.1051,0.1019,-0.0772,0.2438,layer_31
drop_over_recovery_abs_diff,col_norm,4,per_ckpt,step2000000-tokens9752B,90,-0.0252,0.5904,-0.0414,0.3976,layer_31
drop_over_recovery_abs_diff,col_norm,4,per_ckpt,step2150000-tokens11012B,90,0.048,0.7552,0.052,0.7233,layer_31
drop_over_recovery_abs_diff,col_norm,4,per_ckpt,step2300000-tokens12272B,90,0.0649,0.3287,0.049,0.4905,layer_31
drop_over_recovery_abs_diff,col_norm,4,per_ckpt,step2450000-tokens13532B,90,0.194,0.0629,0.2068,0.0529,layer_31
drop_over_recovery_abs_diff,col_norm,4,per_ckpt,step2600000-tokens14792B,90,0.0646,0.4306,0.0688,0.4446,layer_31
drop_over_recovery_abs_diff,col_norm,4,per_ckpt,main,90,-0.0283,0.8262,-0.0159,0.9091,layer_31
drop_over_recovery_abs_diff,col_norm,8,per_ckpt,step50000-tokens210B,90,0.1353,0.015,0.1256,0.033,layer_31
drop_over_recovery_abs_diff,col_norm,8,per_ckpt,step200000-tokens840B,90,0.0657,0.4046,0.0924,0.2238,layer_31
drop_over_recovery_abs_diff,col_norm,8,per_ckpt,step350000-tokens1470B,90,-0.1629,0.002,-0.1568,0.011,layer_31
drop_over_recovery_abs_diff,col_norm,8,per_ckpt,step500000-tokens2100B,90,0.0744,0.4406,0.0462,0.5824,layer_31
drop_over_recovery_abs_diff,col_norm,8,per_ckpt,step650000-tokens2730B,90,-0.1213,0.0589,-0.0624,0.3267,layer_31
drop_over_recovery_abs_diff,col_norm,8,per_ckpt,step800000-tokens3360B,90,0.0198,0.8412,-0.0518,0.5485,layer_31
drop_over_recovery_abs_diff,col_norm,8,per_ckpt,step950000-tokens3990B,90,-0.0678,0.2368,-0.0312,0.5355,layer_31
drop_over_recovery_abs_diff,col_norm,8,per_ckpt,step1432000-tokens6014B,90,0.0891,0.025,0.0935,0.027,layer_31
drop_over_recovery_abs_diff,col_norm,8,per_ckpt,step1700000-tokens7232B,90,0.0519,0.4486,0.1089,0.1608,layer_31
drop_over_recovery_abs_diff,col_norm,8,per_ckpt,step1850000-tokens8492B,90,-0.0265,0.7163,0.0088,0.8741,layer_31
drop_over_recovery_abs_diff,col_norm,8,per_ckpt,step2000000-tokens9752B,90,0.0872,0.2827,0.0803,0.3816,layer_31
drop_over_recovery_abs_diff,col_norm,8,per_ckpt,step2150000-tokens11012B,90,-0.123,0.038,-0.1799,0.008,layer_31
drop_over_recovery_abs_diff,col_norm,8,per_ckpt,step2300000-tokens12272B,90,0.0556,0.3347,0.071,0.2448,layer_31
drop_over_recovery_abs_diff,col_norm,8,per_ckpt,step2450000-tokens13532B,90,0.2578,0.033,0.2445,0.0619,layer_31
drop_over_recovery_abs_diff,col_norm,8,per_ckpt,step2600000-tokens14792B,90,-0.0113,0.9281,-0.0032,0.976,layer_31
drop_over_recovery_abs_diff,col_norm,8,per_ckpt,main,90,0.0534,0.5135,0.154,0.1009,layer_31
drop_over_recovery_abs_diff,col_norm,16,per_ckpt,step50000-tokens210B,90,-0.2161,0.019,-0.1708,0.0659,layer_31
drop_over_recovery_abs_diff,col_norm,16,per_ckpt,step200000-tokens840B,90,-0.0523,0.3976,-0.0453,0.4905,layer_31
drop_over_recovery_abs_diff,col_norm,16,per_ckpt,step350000-tokens1470B,90,-0.0675,0.1279,-0.1711,0.005,layer_31
drop_over_recovery_abs_diff,col_norm,16,per_ckpt,step500000-tokens2100B,90,0.0635,0.5275,0.0491,0.6304,layer_31
drop_over_recovery_abs_diff,col_norm,16,per_ckpt,step650000-tokens2730B,90,-0.1954,0.004,-0.1406,0.019,layer_31
drop_over_recovery_abs_diff,col_norm,16,per_ckpt,step800000-tokens3360B,90,-0.0635,0.3926,-0.0668,0.3816,layer_31
drop_over_recovery_abs_diff,col_norm,16,per_ckpt,step950000-tokens3990B,90,-0.0717,0.3926,-0.032,0.7233,layer_31
drop_over_recovery_abs_diff,col_norm,16,per_ckpt,step1432000-tokens6014B,90,0.0742,0.0859,0.0853,0.042,layer_31
drop_over_recovery_abs_diff,col_norm,16,per_ckpt,step1700000-tokens7232B,90,0.0895,0.3087,0.1551,0.0779,layer_31
drop_over_recovery_abs_diff,col_norm,16,per_ckpt,step1850000-tokens8492B,90,-0.0174,0.7902,0.0042,0.9431,layer_31
drop_over_recovery_abs_diff,col_norm,16,per_ckpt,step2000000-tokens9752B,90,0.1501,0.1528,0.183,0.1099,layer_31
drop_over_recovery_abs_diff,col_norm,16,per_ckpt,step2150000-tokens11012B,90,-0.0114,0.9151,0.0123,0.9181,layer_31
drop_over_recovery_abs_diff,col_norm,16,per_ckpt,step2300000-tokens12272B,90,0.062,0.4815,0.0826,0.3756,layer_31
drop_over_recovery_abs_diff,col_norm,16,per_ckpt,step2450000-tokens13532B,90,0.1919,0.0719,0.2434,0.023,layer_31
drop_over_recovery_abs_diff,col_norm,16,per_ckpt,step2600000-tokens14792B,90,0.0793,0.4226,0.1505,0.1219,layer_31
drop_over_recovery_abs_diff,col_norm,16,per_ckpt,main,90,0.1733,0.1568,0.2388,0.043,layer_31
drop_over_recovery_signed_diff,row_norm,4,per_ckpt,step50000-tokens210B,90,-0.1815,0.4276,-0.1647,0.4466,layer_31
drop_over_recovery_signed_diff,row_norm,4,per_ckpt,step200000-tokens840B,90,-0.5514,0.05,-0.5038,0.0649,layer_31
drop_over_recovery_signed_diff,row_norm,4,per_ckpt,step350000-tokens1470B,90,-0.7083,0.001,-0.682,0.005,layer_31
drop_over_recovery_signed_diff,row_norm,4,per_ckpt,step500000-tokens2100B,90,-0.5757,0.031,-0.5522,0.038,layer_31
drop_over_recovery_signed_diff,row_norm,4,per_ckpt,step650000-tokens2730B,90,-0.7516,0.004,-0.7166,0.014,layer_31
drop_over_recovery_signed_diff,row_norm,4,per_ckpt,step800000-tokens3360B,90,-0.1419,0.3566,-0.1724,0.1668,layer_31
drop_over_recovery_signed_diff,row_norm,4,per_ckpt,step950000-tokens3990B,90,-0.5998,0.04,-0.6191,0.032,layer_31
drop_over_recovery_signed_diff,row_norm,4,per_ckpt,step1432000-tokens6014B,90,-0.3568,0.1978,-0.3005,0.2847,layer_31
drop_over_recovery_signed_diff,row_norm,4,per_ckpt,step1700000-tokens7232B,90,-0.82,0.001,-0.8027,0.002,layer_31
drop_over_recovery_signed_diff,row_norm,4,per_ckpt,step1850000-tokens8492B,90,-0.6888,0.013,-0.681,0.013,layer_31
drop_over_recovery_signed_diff,row_norm,4,per_ckpt,step2000000-tokens9752B,90,-0.7698,0.003,-0.7711,0.004,layer_31
drop_over_recovery_signed_diff,row_norm,4,per_ckpt,step2150000-tokens11012B,90,-0.2019,0.4166,-0.2772,0.3117,layer_31
drop_over_recovery_signed_diff,row_norm,4,per_ckpt,step2300000-tokens12272B,90,-0.6985,0.012,-0.7162,0.014,layer_31
drop_over_recovery_signed_diff,row_norm,4,per_ckpt,step2450000-tokens13532B,90,-0.8043,0.001,-0.7084,0.009,layer_31
drop_over_recovery_signed_diff,row_norm,4,per_ckpt,step2600000-tokens14792B,90,-0.7683,0.002,-0.7004,0.013,layer_31
drop_over_recovery_signed_diff,row_norm,4,per_ckpt,main,90,-0.7791,0.001,-0.7168,0.015,layer_31
drop_over_recovery_signed_diff,row_norm,8,per_ckpt,step50000-tokens210B,90,0.3924,0.039,0.4508,0.011,layer_31
drop_over_recovery_signed_diff,row_norm,8,per_ckpt,step200000-tokens840B,90,-0.3041,0.2897,-0.1759,0.5514,layer_31
drop_over_recovery_signed_diff,row_norm,8,per_ckpt,step350000-tokens1470B,90,-0.6443,0.007,-0.6196,0.013,layer_31
drop_over_recovery_signed_diff,row_norm,8,per_ckpt,step500000-tokens2100B,90,-0.6378,0.007,-0.6578,0.007,layer_31
drop_over_recovery_signed_diff,row_norm,8,per_ckpt,step650000-tokens2730B,90,-0.6276,0.027,-0.5423,0.0809,layer_31
drop_over_recovery_signed_diff,row_norm,8,per_ckpt,step800000-tokens3360B,90,-0.3768,0.1079,-0.379,0.1009,layer_31
drop_over_recovery_signed_diff,row_norm,8,per_ckpt,step950000-tokens3990B,90,-0.7991,0.002,-0.7794,0.003,layer_31
drop_over_recovery_signed_diff,row_norm,8,per_ckpt,step1432000-tokens6014B,90,-0.5199,0.0729,-0.4847,0.1189,layer_31
drop_over_recovery_signed_diff,row_norm,8,per_ckpt,step1700000-tokens7232B,90,-0.7089,0.002,-0.7224,0.007,layer_31
drop_over_recovery_signed_diff,row_norm,8,per_ckpt,step1850000-tokens8492B,90,-0.6815,0.003,-0.6532,0.011,layer_31
drop_over_recovery_signed_diff,row_norm,8,per_ckpt,step2000000-tokens9752B,90,-0.6037,0.026,-0.6069,0.031,layer_31
drop_over_recovery_signed_diff,row_norm,8,per_ckpt,step2150000-tokens11012B,90,-0.7679,0.003,-0.7926,0.002,layer_31
drop_over_recovery_signed_diff,row_norm,8,per_ckpt,step2300000-tokens12272B,90,-0.7117,0.006,-0.7249,0.009,layer_31
drop_over_recovery_signed_diff,row_norm,8,per_ckpt,step2450000-tokens13532B,90,-0.8014,0.001,-0.7359,0.004,layer_31
drop_over_recovery_signed_diff,row_norm,8,per_ckpt,step2600000-tokens14792B,90,-0.8095,0.001,-0.7624,0.007,layer_31
drop_over_recovery_signed_diff,row_norm,8,per_ckpt,main,90,-0.8,0.001,-0.7663,0.006,layer_31
drop_over_recovery_signed_diff,row_norm,16,per_ckpt,step50000-tokens210B,90,-0.4281,0.048,-0.4516,0.034,layer_31
drop_over_recovery_signed_diff,row_norm,16,per_ckpt,step200000-tokens840B,90,-0.4398,0.1429,-0.3829,0.1878,layer_31
drop_over_recovery_signed_diff,row_norm,16,per_ckpt,step350000-tokens1470B,90,-0.7874,0.001,-0.7544,0.002,layer_31
drop_over_recovery_signed_diff,row_norm,16,per_ckpt,step500000-tokens2100B,90,-0.6954,0.005,-0.7057,0.006,layer_31
drop_over_recovery_signed_diff,row_norm,16,per_ckpt,step650000-tokens2730B,90,-0.6217,0.039,-0.5209,0.1009,layer_31
drop_over_recovery_signed_diff,row_norm,16,per_ckpt,step800000-tokens3360B,90,-0.1383,0.5604,-0.242,0.3407,layer_31
drop_over_recovery_signed_diff,row_norm,16,per_ckpt,step950000-tokens3990B,90,-0.5965,0.01,-0.6215,0.005,layer_31
drop_over_recovery_signed_diff,row_norm,16,per_ckpt,step1432000-tokens6014B,90,-0.5042,0.1049,-0.4941,0.1199,layer_31
drop_over_recovery_signed_diff,row_norm,16,per_ckpt,step1700000-tokens7232B,90,-0.6556,0.007,-0.6466,0.01,layer_31
drop_over_recovery_signed_diff,row_norm,16,per_ckpt,step1850000-tokens8492B,90,-0.5268,0.0549,-0.5381,0.0619,layer_31
drop_over_recovery_signed_diff,row_norm,16,per_ckpt,step2000000-tokens9752B,90,-0.5166,0.042,-0.5646,0.023,layer_31
drop_over_recovery_signed_diff,row_norm,16,per_ckpt,step2150000-tokens11012B,90,-0.7137,0.004,-0.6906,0.006,layer_31
drop_over_recovery_signed_diff,row_norm,16,per_ckpt,step2300000-tokens12272B,90,-0.5604,0.04,-0.5481,0.0629,layer_31
drop_over_recovery_signed_diff,row_norm,16,per_ckpt,step2450000-tokens13532B,90,-0.7711,0.001,-0.6966,0.008,layer_31
drop_over_recovery_signed_diff,row_norm,16,per_ckpt,step2600000-tokens14792B,90,-0.8166,0.001,-0.7841,0.003,layer_31
drop_over_recovery_signed_diff,row_norm,16,per_ckpt,main,90,-0.7828,0.001,-0.7705,0.001,layer_31
drop_over_recovery_signed_diff,col_norm,4,per_ckpt,step50000-tokens210B,90,-0.0345,0.8921,0.0583,0.8332,layer_31
drop_over_recovery_signed_diff,col_norm,4,per_ckpt,step200000-tokens840B,90,0.7999,0.002,0.7518,0.002,layer_31
drop_over_recovery_signed_diff,col_norm,4,per_ckpt,step350000-tokens1470B,90,0.8537,0.001,0.8102,0.002,layer_31
drop_over_recovery_signed_diff,col_norm,4,per_ckpt,step500000-tokens2100B,90,0.2769,0.3836,0.3228,0.3227,layer_31
drop_over_recovery_signed_diff,col_norm,4,per_ckpt,step650000-tokens2730B,90,0.5571,0.0709,0.5032,0.1089,layer_31
drop_over_recovery_signed_diff,col_norm,4,per_ckpt,step800000-tokens3360B,90,-0.3871,0.0719,-0.2913,0.2488,layer_31
drop_over_recovery_signed_diff,col_norm,4,per_ckpt,step950000-tokens3990B,90,0.3226,0.3007,0.3711,0.2498,layer_31
drop_over_recovery_signed_diff,col_norm,4,per_ckpt,step1432000-tokens6014B,90,-0.3315,0.2398,-0.3599,0.2468,layer_31
drop_over_recovery_signed_diff,col_norm,4,per_ckpt,step1700000-tokens7232B,90,0.7616,0.003,0.7088,0.004,layer_31
drop_over_recovery_signed_diff,col_norm,4,per_ckpt,step1850000-tokens8492B,90,0.4125,0.1988,0.2981,0.3766,layer_31
drop_over_recovery_signed_diff,col_norm,4,per_ckpt,step2000000-tokens9752B,90,-0.0604,0.8462,-0.0759,0.8242,layer_31
drop_over_recovery_signed_diff,col_norm,4,per_ckpt,step2150000-tokens11012B,90,0.0316,0.8851,0.0532,0.8072,layer_31
drop_over_recovery_signed_diff,col_norm,4,per_ckpt,step2300000-tokens12272B,90,0.0522,0.8871,0.0346,0.9241,layer_31
drop_over_recovery_signed_diff,col_norm,4,per_ckpt,step2450000-tokens13532B,90,0.1046,0.7073,0.0725,0.7662,layer_31
drop_over_recovery_signed_diff,col_norm,4,per_ckpt,step2600000-tokens14792B,90,0.0887,0.7742,0.0507,0.8681,layer_31
drop_over_recovery_signed_diff,col_norm,4,per_ckpt,main,90,-0.2342,0.3187,-0.2394,0.3247,layer_31
drop_over_recovery_signed_diff,col_norm,8,per_ckpt,step50000-tokens210B,90,-0.2138,0.4905,-0.2039,0.5305,layer_31
drop_over_recovery_signed_diff,col_norm,8,per_ckpt,step200000-tokens840B,90,0.5968,0.023,0.4988,0.0749,layer_31
drop_over_recovery_signed_diff,col_norm,8,per_ckpt,step350000-tokens1470B,90,0.6101,0.021,0.5792,0.031,layer_31
drop_over_recovery_signed_diff,col_norm,8,per_ckpt,step500000-tokens2100B,90,0.4562,0.0829,0.4683,0.0879,layer_31
drop_over_recovery_signed_diff,col_norm,8,per_ckpt,step650000-tokens2730B,90,0.5112,0.0989,0.4073,0.1828,layer_31
drop_over_recovery_signed_diff,col_norm,8,per_ckpt,step800000-tokens3360B,90,0.6116,0.001,0.6216,0.004,layer_31
drop_over_recovery_signed_diff,col_norm,8,per_ckpt,step950000-tokens3990B,90,0.5045,0.0679,0.6191,0.02,layer_31
drop_over_recovery_signed_diff,col_norm,8,per_ckpt,step1432000-tokens6014B,90,0.0125,0.961,-0.0653,0.8462,layer_31
drop_over_recovery_signed_diff,col_norm,8,per_ckpt,step1700000-tokens7232B,90,0.6547,0.009,0.649,0.012,layer_31
drop_over_recovery_signed_diff,col_norm,8,per_ckpt,step1850000-tokens8492B,90,0.2624,0.3876,0.2266,0.4775,layer_31
drop_over_recovery_signed_diff,col_norm,8,per_ckpt,step2000000-tokens9752B,90,0.5214,0.0519,0.5245,0.045,layer_31
drop_over_recovery_signed_diff,col_norm,8,per_ckpt,step2150000-tokens11012B,90,0.7527,0.002,0.7485,0.003,layer_31
drop_over_recovery_signed_diff,col_norm,8,per_ckpt,step2300000-tokens12272B,90,0.4157,0.1588,0.4199,0.1618,layer_31
drop_over_recovery_signed_diff,col_norm,8,per_ckpt,step2450000-tokens13532B,90,0.27,0.2887,0.2139,0.4076,layer_31
drop_over_recovery_signed_diff,col_norm,8,per_ckpt,step2600000-tokens14792B,90,-0.1895,0.4765,-0.1576,0.5764,layer_31
drop_over_recovery_signed_diff,col_norm,8,per_ckpt,main,90,-0.3684,0.2038,-0.422,0.1449,layer_31
drop_over_recovery_signed_diff,col_norm,16,per_ckpt,step50000-tokens210B,90,0.3575,0.1748,0.3743,0.1628,layer_31
drop_over_recovery_signed_diff,col_norm,16,per_ckpt,step200000-tokens840B,90,0.7709,0.003,0.8114,0.001,layer_31
drop_over_recovery_signed_diff,col_norm,16,per_ckpt,step350000-tokens1470B,90,0.9114,0.001,0.8923,0.002,layer_31
drop_over_recovery_signed_diff,col_norm,16,per_ckpt,step500000-tokens2100B,90,0.3058,0.2747,0.3476,0.2208,layer_31
drop_over_recovery_signed_diff,col_norm,16,per_ckpt,step650000-tokens2730B,90,0.5967,0.034,0.4996,0.0869,layer_31
drop_over_recovery_signed_diff,col_norm,16,per_ckpt,step800000-tokens3360B,90,-0.1323,0.6513,-0.1142,0.6893,layer_31
drop_over_recovery_signed_diff,col_norm,16,per_ckpt,step950000-tokens3990B,90,0.4701,0.0709,0.5609,0.029,layer_31
drop_over_recovery_signed_diff,col_norm,16,per_ckpt,step1432000-tokens6014B,90,-0.3451,0.2767,-0.3795,0.2388,layer_31
drop_over_recovery_signed_diff,col_norm,16,per_ckpt,step1700000-tokens7232B,90,0.741,0.003,0.7071,0.004,layer_31
drop_over_recovery_signed_diff,col_norm,16,per_ckpt,step1850000-tokens8492B,90,0.3878,0.2198,0.331,0.2947,layer_31
drop_over_recovery_signed_diff,col_norm,16,per_ckpt,step2000000-tokens9752B,90,0.5228,0.029,0.5561,0.018,layer_31
drop_over_recovery_signed_diff,col_norm,16,per_ckpt,step2150000-tokens11012B,90,0.4607,0.049,0.5605,0.009,layer_31
drop_over_recovery_signed_diff,col_norm,16,per_ckpt,step2300000-tokens12272B,90,0.4512,0.0959,0.4888,0.0819,layer_31
drop_over_recovery_signed_diff,col_norm,16,per_ckpt,step2450000-tokens13532B,90,0.3783,0.1598,0.386,0.1528,layer_31
drop_over_recovery_signed_diff,col_norm,16,per_ckpt,step2600000-tokens14792B,90,-0.123,0.6464,-0.1442,0.5794,layer_31
drop_over_recovery_signed_diff,col_norm,16,per_ckpt,main,90,-0.1222,0.5914,-0.1894,0.4396,layer_31
drop_over_recovery_min,row_norm,4,per_ckpt,step50000-tokens210B,90,-0.018,0.9181,0.024,0.8312,layer_31
drop_over_recovery_min,row_norm,4,per_ckpt,step200000-tokens840B,90,0.002,0.984,-0.0007,0.998,layer_31
drop_over_recovery_min,row_norm,4,per_ckpt,step350000-tokens1470B,90,0.0411,0.7552,0.0364,0.6863,layer_31
drop_over_recovery_min,row_norm,4,per_ckpt,step500000-tokens2100B,90,0.1169,0.2987,0.0647,0.4825,layer_31
drop_over_recovery_min,row_norm,4,per_ckpt,step650000-tokens2730B,90,0.0431,0.6314,0.0805,0.2827,layer_31
drop_over_recovery_min,row_norm,4,per_ckpt,step800000-tokens3360B,90,0.0061,0.9451,0.0557,0.5914,layer_31
drop_over_recovery_min,row_norm,4,per_ckpt,step950000-tokens3990B,90,0.0386,0.6484,-0.0217,0.7862,layer_31
drop_over_recovery_min,row_norm,4,per_ckpt,step1432000-tokens6014B,90,0.1937,0.1798,0.0676,0.5445,layer_31
drop_over_recovery_min,row_norm,4,per_ckpt,step1700000-tokens7232B,90,-0.1276,0.1898,0.002,0.981,layer_31
drop_over_recovery_min,row_norm,4,per_ckpt,step1850000-tokens8492B,90,-0.1732,0.01,-0.1649,0.006,layer_31
drop_over_recovery_min,row_norm,4,per_ckpt,step2000000-tokens9752B,90,-0.0418,0.2308,0.0007,0.987,layer_31
drop_over_recovery_min,row_norm,4,per_ckpt,step2150000-tokens11012B,90,0.1155,0.5145,0.137,0.3257,layer_31
drop_over_recovery_min,row_norm,4,per_ckpt,step2300000-tokens12272B,90,0.0171,0.7722,0.0195,0.7153,layer_31
drop_over_recovery_min,row_norm,4,per_ckpt,step2450000-tokens13532B,90,0.1417,0.004,0.1055,0.0509,layer_31
drop_over_recovery_min,row_norm,4,per_ckpt,step2600000-tokens14792B,90,-0.038,0.5115,-0.0441,0.3616,layer_31
drop_over_recovery_min,row_norm,4,per_ckpt,main,90,0.071,0.1399,-0.0396,0.2987,layer_31
drop_over_recovery_min,row_norm,8,per_ckpt,step50000-tokens210B,90,-0.1114,0.3716,-0.0699,0.5375,layer_31
drop_over_recovery_min,row_norm,8,per_ckpt,step200000-tokens840B,90,0.2476,0.019,0.2338,0.021,layer_31
drop_over_recovery_min,row_norm,8,per_ckpt,step350000-tokens1470B,90,-0.0616,0.5325,0.078,0.3536,layer_31
drop_over_recovery_min,row_norm,8,per_ckpt,step500000-tokens2100B,90,0.2979,0.01,0.0542,0.6254,layer_31
drop_over_recovery_min,row_norm,8,per_ckpt,step650000-tokens2730B,90,0.0157,0.8751,-0.0206,0.7762,layer_31
drop_over_recovery_min,row_norm,8,per_ckpt,step800000-tokens3360B,90,-0.1198,0.2238,-0.1839,0.0629,layer_31
drop_over_recovery_min,row_norm,8,per_ckpt,step950000-tokens3990B,90,-0.0396,0.4915,-0.0329,0.5165,layer_31
drop_over_recovery_min,row_norm,8,per_ckpt,step1432000-tokens6014B,90,0.0667,0.3187,0.0109,0.8072,layer_31
drop_over_recovery_min,row_norm,8,per_ckpt,step1700000-tokens7232B,90,-0.051,0.5375,0.0896,0.2168,layer_31
drop_over_recovery_min,row_norm,8,per_ckpt,step1850000-tokens8492B,90,-0.0978,0.3317,-0.0995,0.1508,layer_31
drop_over_recovery_min,row_norm,8,per_ckpt,step2000000-tokens9752B,90,0.069,0.4236,0.1174,0.1578,layer_31
drop_over_recovery_min,row_norm,8,per_ckpt,step2150000-tokens11012B,90,-0.0412,0.6883,-0.0576,0.4885,layer_31
drop_over_recovery_min,row_norm,8,per_ckpt,step2300000-tokens12272B,90,0.0183,0.7003,0.0036,0.9311,layer_31
drop_over_recovery_min,row_norm,8,per_ckpt,step2450000-tokens13532B,90,0.1058,0.0879,0.0878,0.1678,layer_31
drop_over_recovery_min,row_norm,8,per_ckpt,step2600000-tokens14792B,90,0.0399,0.4206,-0.0129,0.7073,layer_31
drop_over_recovery_min,row_norm,8,per_ckpt,main,90,0.0425,0.2088,0.0192,0.6224,layer_31
drop_over_recovery_min,row_norm,16,per_ckpt,step50000-tokens210B,90,-0.0754,0.7023,-0.1304,0.3477,layer_31
drop_over_recovery_min,row_norm,16,per_ckpt,step200000-tokens840B,90,0.1824,0.03,0.1081,0.2488,layer_31
drop_over_recovery_min,row_norm,16,per_ckpt,step350000-tokens1470B,90,-0.2539,0.019,-0.0988,0.2198,layer_31
drop_over_recovery_min,row_norm,16,per_ckpt,step500000-tokens2100B,90,0.1939,0.0869,0.0358,0.6883,layer_31
drop_over_recovery_min,row_norm,16,per_ckpt,step650000-tokens2730B,90,0.018,0.8022,0.0384,0.4995,layer_31
drop_over_recovery_min,row_norm,16,per_ckpt,step800000-tokens3360B,90,-0.0245,0.8901,-0.0399,0.7812,layer_31
drop_over_recovery_min,row_norm,16,per_ckpt,step950000-tokens3990B,90,0.007,0.964,-0.0206,0.8412,layer_31
drop_over_recovery_min,row_norm,16,per_ckpt,step1432000-tokens6014B,90,0.1075,0.044,0.0069,0.8911,layer_31
drop_over_recovery_min,row_norm,16,per_ckpt,step1700000-tokens7232B,90,0.0629,0.5854,0.1185,0.2657,layer_31
drop_over_recovery_min,row_norm,16,per_ckpt,step1850000-tokens8492B,90,0.0593,0.5085,0.0108,0.8521,layer_31
drop_over_recovery_min,row_norm,16,per_ckpt,step2000000-tokens9752B,90,0.1137,0.4256,0.1202,0.4845,layer_31
drop_over_recovery_min,row_norm,16,per_ckpt,step2150000-tokens11012B,90,0.1178,0.2148,0.1479,0.0759,layer_31
drop_over_recovery_min,row_norm,16,per_ckpt,step2300000-tokens12272B,90,0.1139,0.2687,0.1162,0.1528,layer_31
drop_over_recovery_min,row_norm,16,per_ckpt,step2450000-tokens13532B,90,0.1205,0.0529,0.0725,0.1758,layer_31
drop_over_recovery_min,row_norm,16,per_ckpt,step2600000-tokens14792B,90,0.0699,0.0839,0.0095,0.7992,layer_31
drop_over_recovery_min,row_norm,16,per_ckpt,main,90,0.1055,0.0889,0.0376,0.4915,layer_31
drop_over_recovery_min,col_norm,4,per_ckpt,step50000-tokens210B,90,-0.022,0.8661,0.0173,0.8132,layer_31
drop_over_recovery_min,col_norm,4,per_ckpt,step200000-tokens840B,90,0.0205,0.7443,-0.0073,0.9301,layer_31
drop_over_recovery_min,col_norm,4,per_ckpt,step350000-tokens1470B,90,0.0065,0.9361,0.0331,0.6414,layer_31
drop_over_recovery_min,col_norm,4,per_ckpt,step500000-tokens2100B,90,0.0571,0.5834,0.0646,0.3756,layer_31
drop_over_recovery_min,col_norm,4,per_ckpt,step650000-tokens2730B,90,0.0296,0.7243,0.0804,0.1728,layer_31
drop_over_recovery_min,col_norm,4,per_ckpt,step800000-tokens3360B,90,0.0652,0.4615,0.0352,0.5914,layer_31
drop_over_recovery_min,col_norm,4,per_ckpt,step950000-tokens3990B,90,0.0767,0.3726,-0.0111,0.8881,layer_31
drop_over_recovery_min,col_norm,4,per_ckpt,step1432000-tokens6014B,90,0.2052,0.1508,0.052,0.5754,layer_31
drop_over_recovery_min,col_norm,4,per_ckpt,step1700000-tokens7232B,90,-0.108,0.1948,0.0019,0.973,layer_31
drop_over_recovery_min,col_norm,4,per_ckpt,step1850000-tokens8492B,90,-0.1734,0.0539,-0.1799,0.006,layer_31
drop_over_recovery_min,col_norm,4,per_ckpt,step2000000-tokens9752B,90,-0.0886,0.1359,0.0158,0.7243,layer_31
drop_over_recovery_min,col_norm,4,per_ckpt,step2150000-tokens11012B,90,0.1711,0.3776,0.1676,0.3227,layer_31
drop_over_recovery_min,col_norm,4,per_ckpt,step2300000-tokens12272B,90,0.0492,0.6014,0.0521,0.5524,layer_31
drop_over_recovery_min,col_norm,4,per_ckpt,step2450000-tokens13532B,90,0.2565,0.0689,0.2378,0.031,layer_31
drop_over_recovery_min,col_norm,4,per_ckpt,step2600000-tokens14792B,90,-0.0548,0.5574,-0.0702,0.4975,layer_31
drop_over_recovery_min,col_norm,4,per_ckpt,main,90,0.1774,0.2008,-0.0937,0.4456,layer_31
drop_over_recovery_min,col_norm,8,per_ckpt,step50000-tokens210B,90,-0.0768,0.3087,-0.0356,0.5425,layer_31
drop_over_recovery_min,col_norm,8,per_ckpt,step200000-tokens840B,90,0.2024,0.0869,0.2159,0.021,layer_31
drop_over_recovery_min,col_norm,8,per_ckpt,step350000-tokens1470B,90,-0.0338,0.6274,0.0694,0.3027,layer_31
drop_over_recovery_min,col_norm,8,per_ckpt,step500000-tokens2100B,90,0.2735,0.027,0.0721,0.5245,layer_31
drop_over_recovery_min,col_norm,8,per_ckpt,step650000-tokens2730B,90,0.0089,0.9411,-0.0044,0.9481,layer_31
drop_over_recovery_min,col_norm,8,per_ckpt,step800000-tokens3360B,90,-0.0605,0.5774,-0.1617,0.0589,layer_31
drop_over_recovery_min,col_norm,8,per_ckpt,step950000-tokens3990B,90,-0.0074,0.9121,-0.0359,0.4935,layer_31
drop_over_recovery_min,col_norm,8,per_ckpt,step1432000-tokens6014B,90,0.0368,0.5185,0.0191,0.6613,layer_31
drop_over_recovery_min,col_norm,8,per_ckpt,step1700000-tokens7232B,90,0.0369,0.7253,0.0906,0.3007,layer_31
drop_over_recovery_min,col_norm,8,per_ckpt,step1850000-tokens8492B,90,-0.0664,0.5624,-0.1099,0.1848,layer_31
drop_over_recovery_min,col_norm,8,per_ckpt,step2000000-tokens9752B,90,0.0955,0.3616,0.1702,0.0869,layer_31
drop_over_recovery_min,col_norm,8,per_ckpt,step2150000-tokens11012B,90,-0.0314,0.6983,-0.0547,0.4835,layer_31
drop_over_recovery_min,col_norm,8,per_ckpt,step2300000-tokens12272B,90,0.0255,0.7602,0.0219,0.7063,layer_31
drop_over_recovery_min,col_norm,8,per_ckpt,step2450000-tokens13532B,90,0.242,0.1688,0.227,0.1389,layer_31
drop_over_recovery_min,col_norm,8,per_ckpt,step2600000-tokens14792B,90,0.0925,0.5694,0.0052,0.973,layer_31
drop_over_recovery_min,col_norm,8,per_ckpt,main,90,0.0794,0.4326,0.0863,0.4935,layer_31
drop_over_recovery_min,col_norm,16,per_ckpt,step50000-tokens210B,90,-0.0403,0.7932,-0.1067,0.3536,layer_31
drop_over_recovery_min,col_norm,16,per_ckpt,step200000-tokens840B,90,0.1588,0.048,0.0877,0.2627,layer_31
drop_over_recovery_min,col_norm,16,per_ckpt,step350000-tokens1470B,90,-0.1302,0.017,-0.0767,0.1608,layer_31
drop_over_recovery_min,col_norm,16,per_ckpt,step500000-tokens2100B,90,0.1788,0.1738,0.0408,0.6773,layer_31
drop_over_recovery_min,col_norm,16,per_ckpt,step650000-tokens2730B,90,0.0027,0.978,0.0572,0.3696,layer_31
drop_over_recovery_min,col_norm,16,per_ckpt,step800000-tokens3360B,90,0.0367,0.7203,-0.03,0.7722,layer_31
drop_over_recovery_min,col_norm,16,per_ckpt,step950000-tokens3990B,90,0.0317,0.7922,-0.0185,0.8362,layer_31
drop_over_recovery_min,col_norm,16,per_ckpt,step1432000-tokens6014B,90,0.0985,0.0519,0.0148,0.7792,layer_31
drop_over_recovery_min,col_norm,16,per_ckpt,step1700000-tokens7232B,90,0.0627,0.6104,0.1294,0.2358,layer_31
drop_over_recovery_min,col_norm,16,per_ckpt,step1850000-tokens8492B,90,0.0579,0.4476,0.0146,0.8172,layer_31
drop_over_recovery_min,col_norm,16,per_ckpt,step2000000-tokens9752B,90,0.1165,0.4356,0.1289,0.4496,layer_31
drop_over_recovery_min,col_norm,16,per_ckpt,step2150000-tokens11012B,90,0.163,0.2418,0.2083,0.0609,layer_31
drop_over_recovery_min,col_norm,16,per_ckpt,step2300000-tokens12272B,90,0.1466,0.2238,0.162,0.1009,layer_31
drop_over_recovery_min,col_norm,16,per_ckpt,step2450000-tokens13532B,90,0.2126,0.1269,0.1927,0.1508,layer_31
drop_over_recovery_min,col_norm,16,per_ckpt,step2600000-tokens14792B,90,0.2231,0.0879,0.0806,0.4466,layer_31
drop_over_recovery_min,col_norm,16,per_ckpt,main,90,0.2242,0.1808,0.1495,0.3207,layer_31
drop_over_recovery_max,row_norm,4,per_ckpt,step50000-tokens210B,90,-0.0786,0.5734,-0.0751,0.6004,layer_31
drop_over_recovery_max,row_norm,4,per_ckpt,step200000-tokens840B,90,-0.058,0.5185,-0.1271,0.2727,layer_31
drop_over_recovery_max,row_norm,4,per_ckpt,step350000-tokens1470B,90,-0.1025,0.3876,-0.0956,0.4046,layer_31
drop_over_recovery_max,row_norm,4,per_ckpt,step500000-tokens2100B,90,0.1583,0.2108,0.0662,0.5834,layer_31
drop_over_recovery_max,row_norm,4,per_ckpt,step650000-tokens2730B,90,-0.0344,0.6464,-0.0965,0.2507,layer_31
drop_over_recovery_max,row_norm,4,per_ckpt,step800000-tokens3360B,90,0.1464,0.0659,0.2047,0.0519,layer_31
drop_over_recovery_max,row_norm,4,per_ckpt,step950000-tokens3990B,90,0.0043,0.975,0.0757,0.4116,layer_31
drop_over_recovery_max,row_norm,4,per_ckpt,step1432000-tokens6014B,90,0.193,0.1918,0.1943,0.1848,layer_31
drop_over_recovery_max,row_norm,4,per_ckpt,step1700000-tokens7232B,90,-0.0585,0.5385,0.0121,0.8881,layer_31
drop_over_recovery_max,row_norm,4,per_ckpt,step1850000-tokens8492B,90,-0.1124,0.1309,-0.1283,0.1029,layer_31
drop_over_recovery_max,row_norm,4,per_ckpt,step2000000-tokens9752B,90,-0.0087,0.8182,0.01,0.7962,layer_31
drop_over_recovery_max,row_norm,4,per_ckpt,step2150000-tokens11012B,90,0.0483,0.7922,0.1185,0.4835,layer_31
drop_over_recovery_max,row_norm,4,per_ckpt,step2300000-tokens12272B,90,0.0396,0.5724,0.0623,0.3347,layer_31
drop_over_recovery_max,row_norm,4,per_ckpt,step2450000-tokens13532B,90,0.1328,0.029,0.1725,0.005,layer_31
drop_over_recovery_max,row_norm,4,per_ckpt,step2600000-tokens14792B,90,0.0021,0.975,0.0199,0.7692,layer_31
drop_over_recovery_max,row_norm,4,per_ckpt,main,90,0.0053,0.9371,-0.0023,0.958,layer_31
drop_over_recovery_max,row_norm,8,per_ckpt,step50000-tokens210B,90,0.1906,0.1359,0.1971,0.1339,layer_31
drop_over_recovery_max,row_norm,8,per_ckpt,step200000-tokens840B,90,0.1895,0.0999,0.2187,0.0609,layer_31
drop_over_recovery_max,row_norm,8,per_ckpt,step350000-tokens1470B,90,-0.1084,0.2887,-0.1522,0.0789,layer_31
drop_over_recovery_max,row_norm,8,per_ckpt,step500000-tokens2100B,90,0.1391,0.3017,0.0812,0.5245,layer_31
drop_over_recovery_max,row_norm,8,per_ckpt,step650000-tokens2730B,90,-0.088,0.3806,-0.0719,0.4985,layer_31
drop_over_recovery_max,row_norm,8,per_ckpt,step800000-tokens3360B,90,-0.0875,0.4046,-0.1591,0.1838,layer_31
drop_over_recovery_max,row_norm,8,per_ckpt,step950000-tokens3990B,90,-0.0382,0.5415,-0.0442,0.4136,layer_31
drop_over_recovery_max,row_norm,8,per_ckpt,step1432000-tokens6014B,90,0.0954,0.1618,0.1215,0.03,layer_31
drop_over_recovery_max,row_norm,8,per_ckpt,step1700000-tokens7232B,90,0.0729,0.4296,0.1463,0.1269,layer_31
drop_over_recovery_max,row_norm,8,per_ckpt,step1850000-tokens8492B,90,-0.0568,0.5894,-0.0299,0.7812,layer_31
drop_over_recovery_max,row_norm,8,per_ckpt,step2000000-tokens9752B,90,0.0499,0.6194,0.1296,0.2428,layer_31
drop_over_recovery_max,row_norm,8,per_ckpt,step2150000-tokens11012B,90,-0.1886,0.048,-0.2046,0.02,layer_31
drop_over_recovery_max,row_norm,8,per_ckpt,step2300000-tokens12272B,90,0.0479,0.3826,0.0642,0.1439,layer_31
drop_over_recovery_max,row_norm,8,per_ckpt,step2450000-tokens13532B,90,0.1443,0.027,0.17,0.015,layer_31
drop_over_recovery_max,row_norm,8,per_ckpt,step2600000-tokens14792B,90,0.0006,0.993,0.0151,0.7902,layer_31
drop_over_recovery_max,row_norm,8,per_ckpt,main,90,0.0673,0.1009,0.086,0.043,layer_31
drop_over_recovery_max,row_norm,16,per_ckpt,step50000-tokens210B,90,-0.2784,0.0929,-0.2669,0.1249,layer_31
drop_over_recovery_max,row_norm,16,per_ckpt,step200000-tokens840B,90,0.0588,0.4945,-0.0146,0.9141,layer_31
drop_over_recovery_max,row_norm,16,per_ckpt,step350000-tokens1470B,90,-0.2735,0.003,-0.3086,0.003,layer_31
drop_over_recovery_max,row_norm,16,per_ckpt,step500000-tokens2100B,90,0.1747,0.1698,0.0727,0.5495,layer_31
drop_over_recovery_max,row_norm,16,per_ckpt,step650000-tokens2730B,90,-0.0888,0.1868,-0.1027,0.1449,layer_31
drop_over_recovery_max,row_norm,16,per_ckpt,step800000-tokens3360B,90,-0.1479,0.3177,-0.1136,0.4645,layer_31
drop_over_recovery_max,row_norm,16,per_ckpt,step950000-tokens3990B,90,-0.0345,0.8162,-0.0538,0.6813,layer_31
drop_over_recovery_max,row_norm,16,per_ckpt,step1432000-tokens6014B,90,0.0822,0.1668,0.0878,0.0919,layer_31
drop_over_recovery_max,row_norm,16,per_ckpt,step1700000-tokens7232B,90,0.1164,0.3427,0.1964,0.1049,layer_31
drop_over_recovery_max,row_norm,16,per_ckpt,step1850000-tokens8492B,90,-0.0495,0.5255,0.026,0.7782,layer_31
drop_over_recovery_max,row_norm,16,per_ckpt,step2000000-tokens9752B,90,0.1579,0.2677,0.2286,0.1329,layer_31
drop_over_recovery_max,row_norm,16,per_ckpt,step2150000-tokens11012B,90,0.0468,0.6314,0.0933,0.3926,layer_31
drop_over_recovery_max,row_norm,16,per_ckpt,step2300000-tokens12272B,90,0.0609,0.6074,0.1296,0.2208,layer_31
drop_over_recovery_max,row_norm,16,per_ckpt,step2450000-tokens13532B,90,0.1347,0.045,0.1587,0.005,layer_31
drop_over_recovery_max,row_norm,16,per_ckpt,step2600000-tokens14792B,90,0.0359,0.3856,0.0708,0.1069,layer_31
drop_over_recovery_max,row_norm,16,per_ckpt,main,90,0.0766,0.2527,0.1203,0.0519,layer_31
drop_over_recovery_max,col_norm,4,per_ckpt,step50000-tokens210B,90,-0.0514,0.6783,-0.0463,0.6094,layer_31
drop_over_recovery_max,col_norm,4,per_ckpt,step200000-tokens840B,90,-0.0618,0.3616,-0.0666,0.3676,layer_31
drop_over_recovery_max,col_norm,4,per_ckpt,step350000-tokens1470B,90,-0.0671,0.4585,-0.0552,0.5175,layer_31
drop_over_recovery_max,col_norm,4,per_ckpt,step500000-tokens2100B,90,0.0318,0.7832,0.0606,0.5255,layer_31
drop_over_recovery_max,col_norm,4,per_ckpt,step650000-tokens2730B,90,-0.0978,0.1339,-0.0799,0.2837,layer_31
drop_over_recovery_max,col_norm,4,per_ckpt,step800000-tokens3360B,90,0.0574,0.5265,0.1303,0.0529,layer_31
drop_over_recovery_max,col_norm,4,per_ckpt,step950000-tokens3990B,90,0.0737,0.3656,0.0774,0.3666,layer_31
drop_over_recovery_max,col_norm,4,per_ckpt,step1432000-tokens6014B,90,0.1969,0.1798,0.1562,0.1878,layer_31
drop_over_recovery_max,col_norm,4,per_ckpt,step1700000-tokens7232B,90,-0.0482,0.6154,0.0107,0.8921,layer_31
drop_over_recovery_max,col_norm,4,per_ckpt,step1850000-tokens8492B,90,-0.1889,0.015,-0.1697,0.05,layer_31
drop_over_recovery_max,col_norm,4,per_ckpt,step2000000-tokens9752B,90,-0.0235,0.7453,-0.0308,0.6014,layer_31
drop_over_recovery_max,col_norm,4,per_ckpt,step2150000-tokens11012B,90,0.0829,0.7173,0.1392,0.5015,layer_31
drop_over_recovery_max,col_norm,4,per_ckpt,step2300000-tokens12272B,90,0.0923,0.2637,0.0744,0.4645,layer_31
drop_over_recovery_max,col_norm,4,per_ckpt,step2450000-tokens13532B,90,0.3137,0.03,0.3236,0.02,layer_31
drop_over_recovery_max,col_norm,4,per_ckpt,step2600000-tokens14792B,90,0.078,0.4176,0.0274,0.8591,layer_31
drop_over_recovery_max,col_norm,4,per_ckpt,main,90,-0.0387,0.8102,-0.0654,0.6793,layer_31
drop_over_recovery_max,col_norm,8,per_ckpt,step50000-tokens210B,90,0.0976,0.1399,0.0998,0.1349,layer_31
drop_over_recovery_max,col_norm,8,per_ckpt,step200000-tokens840B,90,0.2044,0.0529,0.2035,0.0549,layer_31
drop_over_recovery_max,col_norm,8,per_ckpt,step350000-tokens1470B,90,-0.1549,0.023,-0.1112,0.1109,layer_31
drop_over_recovery_max,col_norm,8,per_ckpt,step500000-tokens2100B,90,0.0575,0.6963,0.0824,0.5295,layer_31
drop_over_recovery_max,col_norm,8,per_ckpt,step650000-tokens2730B,90,-0.114,0.1818,-0.0615,0.5255,layer_31
drop_over_recovery_max,col_norm,8,per_ckpt,step800000-tokens3360B,90,-0.0634,0.5704,-0.1359,0.1898,layer_31
drop_over_recovery_max,col_norm,8,per_ckpt,step950000-tokens3990B,90,-0.0505,0.4396,-0.0488,0.3946,layer_31
drop_over_recovery_max,col_norm,8,per_ckpt,step1432000-tokens6014B,90,0.0688,0.2178,0.0988,0.0679,layer_31
drop_over_recovery_max,col_norm,8,per_ckpt,step1700000-tokens7232B,90,0.0999,0.2817,0.1518,0.1728,layer_31
drop_over_recovery_max,col_norm,8,per_ckpt,step1850000-tokens8492B,90,-0.0732,0.4456,-0.0507,0.6434,layer_31
drop_over_recovery_max,col_norm,8,per_ckpt,step2000000-tokens9752B,90,0.1743,0.1029,0.1674,0.2058,layer_31
drop_over_recovery_max,col_norm,8,per_ckpt,step2150000-tokens11012B,90,-0.1396,0.0749,-0.1997,0.018,layer_31
drop_over_recovery_max,col_norm,8,per_ckpt,step2300000-tokens12272B,90,0.0832,0.3177,0.079,0.2947,layer_31
drop_over_recovery_max,col_norm,8,per_ckpt,step2450000-tokens13532B,90,0.3565,0.043,0.3535,0.0579,layer_31
drop_over_recovery_max,col_norm,8,per_ckpt,step2600000-tokens14792B,90,0.0359,0.8092,-0.0002,1.0,layer_31
drop_over_recovery_max,col_norm,8,per_ckpt,main,90,0.0675,0.5215,0.1922,0.1379,layer_31
drop_over_recovery_max,col_norm,16,per_ckpt,step50000-tokens210B,90,-0.2614,0.0669,-0.2191,0.1249,layer_31
drop_over_recovery_max,col_norm,16,per_ckpt,step200000-tokens840B,90,0.0279,0.7283,0.0042,0.962,layer_31
drop_over_recovery_max,col_norm,16,per_ckpt,step350000-tokens1470B,90,-0.125,0.0529,-0.2032,0.003,layer_31
drop_over_recovery_max,col_norm,16,per_ckpt,step500000-tokens2100B,90,0.0591,0.6893,0.0684,0.6084,layer_31
drop_over_recovery_max,col_norm,16,per_ckpt,step650000-tokens2730B,90,-0.1455,0.0609,-0.1025,0.1908,layer_31
drop_over_recovery_max,col_norm,16,per_ckpt,step800000-tokens3360B,90,-0.0981,0.3586,-0.0794,0.4765,layer_31
drop_over_recovery_max,col_norm,16,per_ckpt,step950000-tokens3990B,90,-0.04,0.7113,-0.0402,0.7283,layer_31
drop_over_recovery_max,col_norm,16,per_ckpt,step1432000-tokens6014B,90,0.0854,0.1548,0.0887,0.1109,layer_31
drop_over_recovery_max,col_norm,16,per_ckpt,step1700000-tokens7232B,90,0.1418,0.2527,0.2165,0.0689,layer_31
drop_over_recovery_max,col_norm,16,per_ckpt,step1850000-tokens8492B,90,-0.0069,0.9411,0.0119,0.9051,layer_31
drop_over_recovery_max,col_norm,16,per_ckpt,step2000000-tokens9752B,90,0.2625,0.0879,0.2426,0.1289,layer_31
drop_over_recovery_max,col_norm,16,per_ckpt,step2150000-tokens11012B,90,0.1074,0.4585,0.1236,0.4096,layer_31
drop_over_recovery_max,col_norm,16,per_ckpt,step2300000-tokens12272B,90,0.15,0.2597,0.1653,0.1918,layer_31
drop_over_recovery_max,col_norm,16,per_ckpt,step2450000-tokens13532B,90,0.2396,0.1009,0.334,0.02,layer_31
drop_over_recovery_max,col_norm,16,per_ckpt,step2600000-tokens14792B,90,0.1409,0.3027,0.1858,0.1359,layer_31
drop_over_recovery_max,col_norm,16,per_ckpt,main,90,0.2301,0.1928,0.3065,0.0709,layer_31
drop_over_recovery_norm_asym,row_norm,4,per_ckpt,step50000-tokens210B,90,-0.1483,0.4965,-0.1432,0.4585,layer_31
drop_over_recovery_norm_asym,row_norm,4,per_ckpt,step200000-tokens840B,90,-0.6369,0.012,-0.6073,0.013,layer_31
drop_over_recovery_norm_asym,row_norm,4,per_ckpt,step350000-tokens1470B,90,-0.7077,0.001,-0.6457,0.005,layer_31
drop_over_recovery_norm_asym,row_norm,4,per_ckpt,step500000-tokens2100B,90,-0.5835,0.031,-0.5246,0.036,layer_31
drop_over_recovery_norm_asym,row_norm,4,per_ckpt,step650000-tokens2730B,90,-0.8188,0.003,-0.7778,0.002,layer_31
drop_over_recovery_norm_asym,row_norm,4,per_ckpt,step800000-tokens3360B,90,-0.1232,0.4076,-0.1281,0.3297,layer_31
drop_over_recovery_norm_asym,row_norm,4,per_ckpt,step950000-tokens3990B,90,-0.5761,0.0539,-0.5454,0.0569,layer_31
drop_over_recovery_norm_asym,row_norm,4,per_ckpt,step1432000-tokens6014B,90,-0.4272,0.1189,-0.3889,0.1379,layer_31
drop_over_recovery_norm_asym,row_norm,4,per_ckpt,step1700000-tokens7232B,90,-0.8371,0.001,-0.7882,0.001,layer_31
drop_over_recovery_norm_asym,row_norm,4,per_ckpt,step1850000-tokens8492B,90,-0.6798,0.015,-0.6307,0.014,layer_31
drop_over_recovery_norm_asym,row_norm,4,per_ckpt,step2000000-tokens9752B,90,-0.787,0.002,-0.7379,0.002,layer_31
drop_over_recovery_norm_asym,row_norm,4,per_ckpt,step2150000-tokens11012B,90,-0.1074,0.6663,-0.1088,0.6444,layer_31
drop_over_recovery_norm_asym,row_norm,4,per_ckpt,step2300000-tokens12272B,90,-0.7365,0.006,-0.7129,0.006,layer_31
drop_over_recovery_norm_asym,row_norm,4,per_ckpt,step2450000-tokens13532B,90,-0.8256,0.001,-0.733,0.001,layer_31
drop_over_recovery_norm_asym,row_norm,4,per_ckpt,step2600000-tokens14792B,90,-0.8065,0.001,-0.7415,0.001,layer_31
drop_over_recovery_norm_asym,row_norm,4,per_ckpt,main,90,-0.7878,0.001,-0.7081,0.001,layer_31
drop_over_recovery_norm_asym,row_norm,8,per_ckpt,step50000-tokens210B,90,0.3458,0.0809,0.3305,0.0739,layer_31
drop_over_recovery_norm_asym,row_norm,8,per_ckpt,step200000-tokens840B,90,-0.3893,0.1638,-0.3269,0.2248,layer_31
drop_over_recovery_norm_asym,row_norm,8,per_ckpt,step350000-tokens1470B,90,-0.6535,0.006,-0.5751,0.014,layer_31
drop_over_recovery_norm_asym,row_norm,8,per_ckpt,step500000-tokens2100B,90,-0.5951,0.02,-0.5483,0.024,layer_31
drop_over_recovery_norm_asym,row_norm,8,per_ckpt,step650000-tokens2730B,90,-0.6925,0.01,-0.636,0.016,layer_31
drop_over_recovery_norm_asym,row_norm,8,per_ckpt,step800000-tokens3360B,90,-0.3788,0.1039,-0.3255,0.1628,layer_31
drop_over_recovery_norm_asym,row_norm,8,per_ckpt,step950000-tokens3990B,90,-0.7904,0.002,-0.7254,0.002,layer_31
drop_over_recovery_norm_asym,row_norm,8,per_ckpt,step1432000-tokens6014B,90,-0.5604,0.0589,-0.5197,0.0789,layer_31
drop_over_recovery_norm_asym,row_norm,8,per_ckpt,step1700000-tokens7232B,90,-0.7013,0.006,-0.6503,0.009,layer_31
drop_over_recovery_norm_asym,row_norm,8,per_ckpt,step1850000-tokens8492B,90,-0.6545,0.005,-0.6087,0.006,layer_31
drop_over_recovery_norm_asym,row_norm,8,per_ckpt,step2000000-tokens9752B,90,-0.5959,0.034,-0.5348,0.0509,layer_31
drop_over_recovery_norm_asym,row_norm,8,per_ckpt,step2150000-tokens11012B,90,-0.7319,0.004,-0.694,0.005,layer_31
drop_over_recovery_norm_asym,row_norm,8,per_ckpt,step2300000-tokens12272B,90,-0.7506,0.002,-0.7166,0.002,layer_31
drop_over_recovery_norm_asym,row_norm,8,per_ckpt,step2450000-tokens13532B,90,-0.8088,0.001,-0.7285,0.001,layer_31
drop_over_recovery_norm_asym,row_norm,8,per_ckpt,step2600000-tokens14792B,90,-0.8349,0.001,-0.7781,0.001,layer_31
drop_over_recovery_norm_asym,row_norm,8,per_ckpt,main,90,-0.8104,0.001,-0.7521,0.001,layer_31
drop_over_recovery_norm_asym,row_norm,16,per_ckpt,step50000-tokens210B,90,-0.3827,0.0939,-0.4112,0.0539,layer_31
drop_over_recovery_norm_asym,row_norm,16,per_ckpt,step200000-tokens840B,90,-0.508,0.0869,-0.494,0.0729,layer_31
drop_over_recovery_norm_asym,row_norm,16,per_ckpt,step350000-tokens1470B,90,-0.8343,0.001,-0.7606,0.002,layer_31
drop_over_recovery_norm_asym,row_norm,16,per_ckpt,step500000-tokens2100B,90,-0.6845,0.007,-0.6271,0.01,layer_31
drop_over_recovery_norm_asym,row_norm,16,per_ckpt,step650000-tokens2730B,90,-0.677,0.016,-0.6095,0.033,layer_31
drop_over_recovery_norm_asym,row_norm,16,per_ckpt,step800000-tokens3360B,90,-0.125,0.5824,-0.1268,0.6054,layer_31
drop_over_recovery_norm_asym,row_norm,16,per_ckpt,step950000-tokens3990B,90,-0.5717,0.017,-0.514,0.034,layer_31
drop_over_recovery_norm_asym,row_norm,16,per_ckpt,step1432000-tokens6014B,90,-0.5184,0.0919,-0.4859,0.1119,layer_31
drop_over_recovery_norm_asym,row_norm,16,per_ckpt,step1700000-tokens7232B,90,-0.65,0.004,-0.5957,0.007,layer_31
drop_over_recovery_norm_asym,row_norm,16,per_ckpt,step1850000-tokens8492B,90,-0.4991,0.0799,-0.4843,0.0849,layer_31
drop_over_recovery_norm_asym,row_norm,16,per_ckpt,step2000000-tokens9752B,90,-0.5213,0.045,-0.4781,0.0519,layer_31
drop_over_recovery_norm_asym,row_norm,16,per_ckpt,step2150000-tokens11012B,90,-0.7318,0.002,-0.6961,0.002,layer_31
drop_over_recovery_norm_asym,row_norm,16,per_ckpt,step2300000-tokens12272B,90,-0.5994,0.017,-0.5643,0.026,layer_31
drop_over_recovery_norm_asym,row_norm,16,per_ckpt,step2450000-tokens13532B,90,-0.7831,0.001,-0.7008,0.001,layer_31
drop_over_recovery_norm_asym,row_norm,16,per_ckpt,step2600000-tokens14792B,90,-0.8285,0.001,-0.7719,0.001,layer_31
drop_over_recovery_norm_asym,row_norm,16,per_ckpt,main,90,-0.7807,0.002,-0.7392,0.002,layer_31
drop_over_recovery_norm_asym,col_norm,4,per_ckpt,step50000-tokens210B,90,-0.1013,0.6913,-0.0322,0.8971,layer_31
drop_over_recovery_norm_asym,col_norm,4,per_ckpt,step200000-tokens840B,90,0.756,0.004,0.7152,0.004,layer_31
drop_over_recovery_norm_asym,col_norm,4,per_ckpt,step350000-tokens1470B,90,0.8134,0.001,0.7459,0.001,layer_31
drop_over_recovery_norm_asym,col_norm,4,per_ckpt,step500000-tokens2100B,90,0.1844,0.5704,0.1442,0.6693,layer_31
drop_over_recovery_norm_asym,col_norm,4,per_ckpt,step650000-tokens2730B,90,0.5145,0.1129,0.4613,0.1449,layer_31
drop_over_recovery_norm_asym,col_norm,4,per_ckpt,step800000-tokens3360B,90,-0.4243,0.033,-0.342,0.1538,layer_31
drop_over_recovery_norm_asym,col_norm,4,per_ckpt,step950000-tokens3990B,90,0.2816,0.3736,0.2986,0.3267,layer_31
drop_over_recovery_norm_asym,col_norm,4,per_ckpt,step1432000-tokens6014B,90,-0.3324,0.2428,-0.324,0.2917,layer_31
drop_over_recovery_norm_asym,col_norm,4,per_ckpt,step1700000-tokens7232B,90,0.7638,0.001,0.6938,0.004,layer_31
drop_over_recovery_norm_asym,col_norm,4,per_ckpt,step1850000-tokens8492B,90,0.4682,0.1319,0.4344,0.1399,layer_31
drop_over_recovery_norm_asym,col_norm,4,per_ckpt,step2000000-tokens9752B,90,-0.154,0.6184,-0.1509,0.6124,layer_31
drop_over_recovery_norm_asym,col_norm,4,per_ckpt,step2150000-tokens11012B,90,-0.0423,0.8571,-0.0457,0.8551,layer_31
drop_over_recovery_norm_asym,col_norm,4,per_ckpt,step2300000-tokens12272B,90,0.0206,0.959,0.08,0.7932,layer_31
drop_over_recovery_norm_asym,col_norm,4,per_ckpt,step2450000-tokens13532B,90,0.0263,0.9321,-0.0234,0.9441,layer_31
drop_over_recovery_norm_asym,col_norm,4,per_ckpt,step2600000-tokens14792B,90,-0.0414,0.8731,-0.1364,0.6054,layer_31
drop_over_recovery_norm_asym,col_norm,4,per_ckpt,main,90,-0.342,0.1379,-0.3524,0.1179,layer_31
drop_over_recovery_norm_asym,col_norm,8,per_ckpt,step50000-tokens210B,90,-0.094,0.7682,-0.0735,0.8442,layer_31
drop_over_recovery_norm_asym,col_norm,8,per_ckpt,step200000-tokens840B,90,0.6225,0.02,0.5959,0.018,layer_31
drop_over_recovery_norm_asym,col_norm,8,per_ckpt,step350000-tokens1470B,90,0.5404,0.0639,0.5064,0.0729,layer_31
drop_over_recovery_norm_asym,col_norm,8,per_ckpt,step500000-tokens2100B,90,0.3383,0.2637,0.2814,0.3546,layer_31
drop_over_recovery_norm_asym,col_norm,8,per_ckpt,step650000-tokens2730B,90,0.5174,0.1019,0.4551,0.1379,layer_31
drop_over_recovery_norm_asym,col_norm,8,per_ckpt,step800000-tokens3360B,90,0.5647,0.002,0.5032,0.006,layer_31
drop_over_recovery_norm_asym,col_norm,8,per_ckpt,step950000-tokens3990B,90,0.5348,0.0619,0.5531,0.047,layer_31
drop_over_recovery_norm_asym,col_norm,8,per_ckpt,step1432000-tokens6014B,90,-0.0543,0.8621,-0.1299,0.6883,layer_31
drop_over_recovery_norm_asym,col_norm,8,per_ckpt,step1700000-tokens7232B,90,0.6456,0.017,0.5979,0.021,layer_31
drop_over_recovery_norm_asym,col_norm,8,per_ckpt,step1850000-tokens8492B,90,0.2422,0.4206,0.2246,0.4505,layer_31
drop_over_recovery_norm_asym,col_norm,8,per_ckpt,step2000000-tokens9752B,90,0.4191,0.1489,0.4112,0.1349,layer_31
drop_over_recovery_norm_asym,col_norm,8,per_ckpt,step2150000-tokens11012B,90,0.6979,0.006,0.67,0.009,layer_31
drop_over_recovery_norm_asym,col_norm,8,per_ckpt,step2300000-tokens12272B,90,0.4151,0.1798,0.4609,0.1159,layer_31
drop_over_recovery_norm_asym,col_norm,8,per_ckpt,step2450000-tokens13532B,90,0.2281,0.3596,0.2068,0.3856,layer_31
drop_over_recovery_norm_asym,col_norm,8,per_ckpt,step2600000-tokens14792B,90,-0.2796,0.2827,-0.2785,0.2727,layer_31
drop_over_recovery_norm_asym,col_norm,8,per_ckpt,main,90,-0.3958,0.1638,-0.3938,0.1528,layer_31
drop_over_recovery_norm_asym,col_norm,16,per_ckpt,step50000-tokens210B,90,0.2812,0.3137,0.2729,0.3277,layer_31
drop_over_recovery_norm_asym,col_norm,16,per_ckpt,step200000-tokens840B,90,0.7041,0.013,0.6908,0.012,layer_31
drop_over_recovery_norm_asym,col_norm,16,per_ckpt,step350000-tokens1470B,90,0.8636,0.001,0.8061,0.001,layer_31
drop_over_recovery_norm_asym,col_norm,16,per_ckpt,step500000-tokens2100B,90,0.2601,0.3656,0.2271,0.4176,layer_31
drop_over_recovery_norm_asym,col_norm,16,per_ckpt,step650000-tokens2730B,90,0.6387,0.027,0.6148,0.027,layer_31
drop_over_recovery_norm_asym,col_norm,16,per_ckpt,step800000-tokens3360B,90,-0.1786,0.5544,-0.1924,0.5085,layer_31
drop_over_recovery_norm_asym,col_norm,16,per_ckpt,step950000-tokens3990B,90,0.4097,0.1339,0.4166,0.1219,layer_31
drop_over_recovery_norm_asym,col_norm,16,per_ckpt,step1432000-tokens6014B,90,-0.457,0.1588,-0.4969,0.1079,layer_31
drop_over_recovery_norm_asym,col_norm,16,per_ckpt,step1700000-tokens7232B,90,0.6975,0.002,0.6405,0.008,layer_31
drop_over_recovery_norm_asym,col_norm,16,per_ckpt,step1850000-tokens8492B,90,0.3691,0.2318,0.3369,0.2637,layer_31
drop_over_recovery_norm_asym,col_norm,16,per_ckpt,step2000000-tokens9752B,90,0.4617,0.0879,0.4637,0.0709,layer_31
drop_over_recovery_norm_asym,col_norm,16,per_ckpt,step2150000-tokens11012B,90,0.3813,0.1299,0.3682,0.1339,layer_31
drop_over_recovery_norm_asym,col_norm,16,per_ckpt,step2300000-tokens12272B,90,0.3661,0.2008,0.3752,0.1838,layer_31
drop_over_recovery_norm_asym,col_norm,16,per_ckpt,step2450000-tokens13532B,90,0.2825,0.3057,0.2403,0.3606,layer_31
drop_over_recovery_norm_asym,col_norm,16,per_ckpt,step2600000-tokens14792B,90,-0.1832,0.4835,-0.181,0.4885,layer_31
drop_over_recovery_norm_asym,col_norm,16,per_ckpt,main,90,-0.1238,0.5964,-0.1272,0.5974,layer_31
drop_over_recovery_abs_ratio,row_norm,4,per_ckpt,step50000-tokens210B,90,-0.1055,0.2298,-0.1523,0.1299,layer_31
drop_over_recovery_abs_ratio,row_norm,4,per_ckpt,step200000-tokens840B,90,-0.0575,0.2657,-0.1508,0.0509,layer_31
drop_over_recovery_abs_ratio,row_norm,4,per_ckpt,step350000-tokens1470B,90,-0.1029,0.044,-0.1297,0.044,layer_31
drop_over_recovery_abs_ratio,row_norm,4,per_ckpt,step500000-tokens2100B,90,0.1228,0.032,0.0263,0.7323,layer_31
drop_over_recovery_abs_ratio,row_norm,4,per_ckpt,step650000-tokens2730B,90,-0.0736,0.1329,-0.1154,0.0509,layer_31
drop_over_recovery_abs_ratio,row_norm,4,per_ckpt,step800000-tokens3360B,90,0.0963,0.3367,0.1887,0.0869,layer_31
drop_over_recovery_abs_ratio,row_norm,4,per_ckpt,step950000-tokens3990B,90,0.0261,0.5914,0.0908,0.1269,layer_31
drop_over_recovery_abs_ratio,row_norm,4,per_ckpt,step1432000-tokens6014B,90,0.031,0.5794,0.1105,0.2248,layer_31
drop_over_recovery_abs_ratio,row_norm,4,per_ckpt,step1700000-tokens7232B,90,-0.066,0.1209,0.0865,0.1648,layer_31
drop_over_recovery_abs_ratio,row_norm,4,per_ckpt,step1850000-tokens8492B,90,0.0462,0.2747,0.0115,0.8442,layer_31
drop_over_recovery_abs_ratio,row_norm,4,per_ckpt,step2000000-tokens9752B,90,-0.0065,0.7832,0.0508,0.039,layer_31
drop_over_recovery_abs_ratio,row_norm,4,per_ckpt,step2150000-tokens11012B,90,0.0155,0.7812,0.0284,0.8132,layer_31
drop_over_recovery_abs_ratio,row_norm,4,per_ckpt,step2300000-tokens12272B,90,0.0178,0.5584,0.0591,0.1608,layer_31
drop_over_recovery_abs_ratio,row_norm,4,per_ckpt,step2450000-tokens13532B,90,0.0057,0.8721,0.0516,0.2727,layer_31
drop_over_recovery_abs_ratio,row_norm,4,per_ckpt,step2600000-tokens14792B,90,0.0,1.0,0.0383,0.3736,layer_31
drop_over_recovery_abs_ratio,row_norm,4,per_ckpt,main,90,0.0116,0.6653,0.0073,0.8122,layer_31
drop_over_recovery_abs_ratio,row_norm,8,per_ckpt,step50000-tokens210B,90,0.1454,0.1129,0.242,0.022,layer_31
drop_over_recovery_abs_ratio,row_norm,8,per_ckpt,step200000-tokens840B,90,-0.1277,0.048,-0.0653,0.4456,layer_31
drop_over_recovery_abs_ratio,row_norm,8,per_ckpt,step350000-tokens1470B,90,-0.1382,0.025,-0.226,0.002,layer_31
drop_over_recovery_abs_ratio,row_norm,8,per_ckpt,step500000-tokens2100B,90,0.0501,0.3796,-0.0837,0.3097,layer_31
drop_over_recovery_abs_ratio,row_norm,8,per_ckpt,step650000-tokens2730B,90,-0.0904,0.0579,-0.0601,0.3506,layer_31
drop_over_recovery_abs_ratio,row_norm,8,per_ckpt,step800000-tokens3360B,90,0.0697,0.4116,0.0427,0.6753,layer_31
drop_over_recovery_abs_ratio,row_norm,8,per_ckpt,step950000-tokens3990B,90,0.0101,0.8422,-0.0065,0.9111,layer_31
drop_over_recovery_abs_ratio,row_norm,8,per_ckpt,step1432000-tokens6014B,90,0.1024,0.019,0.1068,0.029,layer_31
drop_over_recovery_abs_ratio,row_norm,8,per_ckpt,step1700000-tokens7232B,90,0.0233,0.5814,0.1457,0.01,layer_31
drop_over_recovery_abs_ratio,row_norm,8,per_ckpt,step1850000-tokens8492B,90,0.0619,0.2208,0.0094,0.8851,layer_31
drop_over_recovery_abs_ratio,row_norm,8,per_ckpt,step2000000-tokens9752B,90,-0.0646,0.1628,0.0247,0.7063,layer_31
drop_over_recovery_abs_ratio,row_norm,8,per_ckpt,step2150000-tokens11012B,90,-0.1294,0.016,-0.137,0.046,layer_31
drop_over_recovery_abs_ratio,row_norm,8,per_ckpt,step2300000-tokens12272B,90,0.0146,0.5874,0.052,0.0969,layer_31
drop_over_recovery_abs_ratio,row_norm,8,per_ckpt,step2450000-tokens13532B,90,0.0488,0.1299,0.0739,0.1528,layer_31
drop_over_recovery_abs_ratio,row_norm,8,per_ckpt,step2600000-tokens14792B,90,-0.0214,0.3866,0.0246,0.3996,layer_31
drop_over_recovery_abs_ratio,row_norm,8,per_ckpt,main,90,0.0343,0.0949,0.0406,0.1718,layer_31
drop_over_recovery_abs_ratio,row_norm,16,per_ckpt,step50000-tokens210B,90,-0.125,0.0669,-0.1552,0.1489,layer_31
drop_over_recovery_abs_ratio,row_norm,16,per_ckpt,step200000-tokens840B,90,-0.1104,0.024,-0.1537,0.035,layer_31
drop_over_recovery_abs_ratio,row_norm,16,per_ckpt,step350000-tokens1470B,90,-0.0886,0.0779,-0.176,0.011,layer_31
drop_over_recovery_abs_ratio,row_norm,16,per_ckpt,step500000-tokens2100B,90,0.0844,0.0929,-0.034,0.6304,layer_31
drop_over_recovery_abs_ratio,row_norm,16,per_ckpt,step650000-tokens2730B,90,-0.1344,0.003,-0.0978,0.0509,layer_31
drop_over_recovery_abs_ratio,row_norm,16,per_ckpt,step800000-tokens3360B,90,-0.0487,0.5355,-0.0451,0.6633,layer_31
drop_over_recovery_abs_ratio,row_norm,16,per_ckpt,step950000-tokens3990B,90,-0.0358,0.5884,-0.0685,0.4266,layer_31
drop_over_recovery_abs_ratio,row_norm,16,per_ckpt,step1432000-tokens6014B,90,0.0527,0.1409,0.03,0.4785,layer_31
drop_over_recovery_abs_ratio,row_norm,16,per_ckpt,step1700000-tokens7232B,90,0.0067,0.9171,0.1068,0.1638,layer_31
drop_over_recovery_abs_ratio,row_norm,16,per_ckpt,step1850000-tokens8492B,90,-0.0602,0.2328,-0.0286,0.6334,layer_31
drop_over_recovery_abs_ratio,row_norm,16,per_ckpt,step2000000-tokens9752B,90,-0.0051,0.9311,0.052,0.5824,layer_31
drop_over_recovery_abs_ratio,row_norm,16,per_ckpt,step2150000-tokens11012B,90,-0.0854,0.1359,-0.0448,0.5445,layer_31
drop_over_recovery_abs_ratio,row_norm,16,per_ckpt,step2300000-tokens12272B,90,-0.0547,0.2338,0.0392,0.5514,layer_31
drop_over_recovery_abs_ratio,row_norm,16,per_ckpt,step2450000-tokens13532B,90,0.0428,0.1668,0.0818,0.0579,layer_31
drop_over_recovery_abs_ratio,row_norm,16,per_ckpt,step2600000-tokens14792B,90,-0.0178,0.4336,0.0383,0.2278,layer_31
drop_over_recovery_abs_ratio,row_norm,16,per_ckpt,main,90,0.0104,0.7163,0.0659,0.0979,layer_31
drop_over_recovery_abs_ratio,col_norm,4,per_ckpt,step50000-tokens210B,90,-0.0804,0.2258,-0.0969,0.1279,layer_31
drop_over_recovery_abs_ratio,col_norm,4,per_ckpt,step200000-tokens840B,90,-0.0707,0.026,-0.0756,0.1169,layer_31
drop_over_recovery_abs_ratio,col_norm,4,per_ckpt,step350000-tokens1470B,90,-0.0446,0.2527,-0.092,0.0559,layer_31
drop_over_recovery_abs_ratio,col_norm,4,per_ckpt,step500000-tokens2100B,90,0.0604,0.2018,0.0142,0.8072,layer_31
drop_over_recovery_abs_ratio,col_norm,4,per_ckpt,step650000-tokens2730B,90,-0.116,0.005,-0.113,0.029,layer_31
drop_over_recovery_abs_ratio,col_norm,4,per_ckpt,step800000-tokens3360B,90,0.0018,0.981,0.1209,0.0859,layer_31
drop_over_recovery_abs_ratio,col_norm,4,per_ckpt,step950000-tokens3990B,90,0.0445,0.2787,0.0861,0.1259,layer_31
drop_over_recovery_abs_ratio,col_norm,4,per_ckpt,step1432000-tokens6014B,90,0.036,0.5554,0.0947,0.2028,layer_31
drop_over_recovery_abs_ratio,col_norm,4,per_ckpt,step1700000-tokens7232B,90,-0.0526,0.2178,0.0798,0.1708,layer_31
drop_over_recovery_abs_ratio,col_norm,4,per_ckpt,step1850000-tokens8492B,90,-0.0114,0.8252,-0.0147,0.8202,layer_31
drop_over_recovery_abs_ratio,col_norm,4,per_ckpt,step2000000-tokens9752B,90,0.0035,0.9221,0.0291,0.5235,layer_31
drop_over_recovery_abs_ratio,col_norm,4,per_ckpt,step2150000-tokens11012B,90,0.0166,0.8332,0.0275,0.8561,layer_31
drop_over_recovery_abs_ratio,col_norm,4,per_ckpt,step2300000-tokens12272B,90,0.0289,0.5355,0.0444,0.5095,layer_31
drop_over_recovery_abs_ratio,col_norm,4,per_ckpt,step2450000-tokens13532B,90,0.0466,0.4635,0.0502,0.6294,layer_31
drop_over_recovery_abs_ratio,col_norm,4,per_ckpt,step2600000-tokens14792B,90,0.0409,0.5405,0.0286,0.7592,layer_31
drop_over_recovery_abs_ratio,col_norm,4,per_ckpt,main,90,-0.0225,0.7712,-0.0868,0.4026,layer_31
drop_over_recovery_abs_ratio,col_norm,8,per_ckpt,step50000-tokens210B,90,0.1078,0.028,0.124,0.021,layer_31
drop_over_recovery_abs_ratio,col_norm,8,per_ckpt,step200000-tokens840B,90,-0.0805,0.1678,-0.0507,0.5135,layer_31
drop_over_recovery_abs_ratio,col_norm,8,per_ckpt,step350000-tokens1470B,90,-0.1686,0.002,-0.1847,0.002,layer_31
drop_over_recovery_abs_ratio,col_norm,8,per_ckpt,step500000-tokens2100B,90,0.033,0.6204,-0.0992,0.2408,layer_31
drop_over_recovery_abs_ratio,col_norm,8,per_ckpt,step650000-tokens2730B,90,-0.1027,0.031,-0.0631,0.2837,layer_31
drop_over_recovery_abs_ratio,col_norm,8,per_ckpt,step800000-tokens3360B,90,0.0517,0.5115,0.0405,0.6543,layer_31
drop_over_recovery_abs_ratio,col_norm,8,per_ckpt,step950000-tokens3990B,90,-0.0815,0.1279,-0.0061,0.9211,layer_31
drop_over_recovery_abs_ratio,col_norm,8,per_ckpt,step1432000-tokens6014B,90,0.0803,0.033,0.0757,0.0859,layer_31
drop_over_recovery_abs_ratio,col_norm,8,per_ckpt,step1700000-tokens7232B,90,0.0018,0.969,0.164,0.013,layer_31
drop_over_recovery_abs_ratio,col_norm,8,per_ckpt,step1850000-tokens8492B,90,0.0064,0.8841,-0.0163,0.8362,layer_31
drop_over_recovery_abs_ratio,col_norm,8,per_ckpt,step2000000-tokens9752B,90,0.0253,0.6813,0.0131,0.8791,layer_31
drop_over_recovery_abs_ratio,col_norm,8,per_ckpt,step2150000-tokens11012B,90,-0.0845,0.0919,-0.1332,0.04,layer_31
drop_over_recovery_abs_ratio,col_norm,8,per_ckpt,step2300000-tokens12272B,90,0.002,0.974,0.0334,0.5554,layer_31
drop_over_recovery_abs_ratio,col_norm,8,per_ckpt,step2450000-tokens13532B,90,0.1117,0.1389,0.1011,0.4116,layer_31
drop_over_recovery_abs_ratio,col_norm,8,per_ckpt,step2600000-tokens14792B,90,-0.0296,0.6603,-0.0177,0.8591,layer_31
drop_over_recovery_abs_ratio,col_norm,8,per_ckpt,main,90,0.0396,0.4765,0.0419,0.6104,layer_31
drop_over_recovery_abs_ratio,col_norm,16,per_ckpt,step50000-tokens210B,90,-0.1283,0.025,-0.1269,0.1508,layer_31
drop_over_recovery_abs_ratio,col_norm,16,per_ckpt,step200000-tokens840B,90,-0.1158,0.014,-0.1202,0.039,layer_31
drop_over_recovery_abs_ratio,col_norm,16,per_ckpt,step350000-tokens1470B,90,-0.0212,0.5275,-0.1243,0.008,layer_31
drop_over_recovery_abs_ratio,col_norm,16,per_ckpt,step500000-tokens2100B,90,0.0365,0.5305,-0.0589,0.4705,layer_31
drop_over_recovery_abs_ratio,col_norm,16,per_ckpt,step650000-tokens2730B,90,-0.178,0.002,-0.1107,0.05,layer_31
drop_over_recovery_abs_ratio,col_norm,16,per_ckpt,step800000-tokens3360B,90,-0.034,0.5425,-0.0319,0.6683,layer_31
drop_over_recovery_abs_ratio,col_norm,16,per_ckpt,step950000-tokens3990B,90,-0.0891,0.1199,-0.0565,0.4446,layer_31
drop_over_recovery_abs_ratio,col_norm,16,per_ckpt,step1432000-tokens6014B,90,0.0435,0.2458,0.0207,0.6434,layer_31
drop_over_recovery_abs_ratio,col_norm,16,per_ckpt,step1700000-tokens7232B,90,0.0374,0.4765,0.1156,0.1499,layer_31
drop_over_recovery_abs_ratio,col_norm,16,per_ckpt,step1850000-tokens8492B,90,-0.0274,0.5195,-0.0436,0.4356,layer_31
drop_over_recovery_abs_ratio,col_norm,16,per_ckpt,step2000000-tokens9752B,90,0.0699,0.2527,0.0432,0.6573,layer_31
drop_over_recovery_abs_ratio,col_norm,16,per_ckpt,step2150000-tokens11012B,90,-0.0916,0.2517,-0.0762,0.4456,layer_31
drop_over_recovery_abs_ratio,col_norm,16,per_ckpt,step2300000-tokens12272B,90,-0.0332,0.5584,0.0204,0.7882,layer_31
drop_over_recovery_abs_ratio,col_norm,16,per_ckpt,step2450000-tokens13532B,90,0.0803,0.2448,0.1247,0.2278,layer_31
drop_over_recovery_abs_ratio,col_norm,16,per_ckpt,step2600000-tokens14792B,90,-0.0091,0.8991,0.0228,0.8092,layer_31
drop_over_recovery_abs_ratio,col_norm,16,per_ckpt,main,90,0.1058,0.1718,0.1122,0.3377,layer_31
drop_over_recovery_signed_ratio,row_norm,4,per_ckpt,step50000-tokens210B,90,-0.1475,0.4985,-0.2069,0.2238,layer_31
drop_over_recovery_signed_ratio,row_norm,4,per_ckpt,step200000-tokens840B,90,-0.6365,0.012,-0.5797,0.006,layer_31
drop_over_recovery_signed_ratio,row_norm,4,per_ckpt,step350000-tokens1470B,90,-0.7078,0.001,-0.6203,0.001,layer_31
drop_over_recovery_signed_ratio,row_norm,4,per_ckpt,step500000-tokens2100B,90,-0.5839,0.031,-0.407,0.033,layer_31
drop_over_recovery_signed_ratio,row_norm,4,per_ckpt,step650000-tokens2730B,90,-0.8193,0.003,-0.6586,0.001,layer_31
drop_over_recovery_signed_ratio,row_norm,4,per_ckpt,step800000-tokens3360B,90,-0.1232,0.4076,0.0226,0.8671,layer_31
drop_over_recovery_signed_ratio,row_norm,4,per_ckpt,step950000-tokens3990B,90,-0.5764,0.0539,-0.3553,0.1149,layer_31
drop_over_recovery_signed_ratio,row_norm,4,per_ckpt,step1432000-tokens6014B,90,-0.4278,0.1199,-0.2622,0.1868,layer_31
drop_over_recovery_signed_ratio,row_norm,4,per_ckpt,step1700000-tokens7232B,90,-0.8374,0.001,-0.5528,0.002,layer_31
drop_over_recovery_signed_ratio,row_norm,4,per_ckpt,step1850000-tokens8492B,90,-0.6801,0.015,-0.4444,0.03,layer_31
drop_over_recovery_signed_ratio,row_norm,4,per_ckpt,step2000000-tokens9752B,90,-0.7869,0.002,-0.5259,0.004,layer_31
drop_over_recovery_signed_ratio,row_norm,4,per_ckpt,step2150000-tokens11012B,90,-0.1078,0.6653,-0.0794,0.6853,layer_31
drop_over_recovery_signed_ratio,row_norm,4,per_ckpt,step2300000-tokens12272B,90,-0.7368,0.006,-0.5021,0.009,layer_31
drop_over_recovery_signed_ratio,row_norm,4,per_ckpt,step2450000-tokens13532B,90,-0.8252,0.001,-0.5092,0.005,layer_31
drop_over_recovery_signed_ratio,row_norm,4,per_ckpt,step2600000-tokens14792B,90,-0.8061,0.001,-0.5207,0.005,layer_31
drop_over_recovery_signed_ratio,row_norm,4,per_ckpt,main,90,-0.7872,0.001,-0.52,0.008,layer_31
drop_over_recovery_signed_ratio,row_norm,8,per_ckpt,step50000-tokens210B,90,0.3448,0.0809,0.47,0.005,layer_31
drop_over_recovery_signed_ratio,row_norm,8,per_ckpt,step200000-tokens840B,90,-0.3892,0.1648,-0.308,0.1299,layer_31
drop_over_recovery_signed_ratio,row_norm,8,per_ckpt,step350000-tokens1470B,90,-0.6532,0.006,-0.6776,0.001,layer_31
drop_over_recovery_signed_ratio,row_norm,8,per_ckpt,step500000-tokens2100B,90,-0.5959,0.02,-0.4856,0.008,layer_31
drop_over_recovery_signed_ratio,row_norm,8,per_ckpt,step650000-tokens2730B,90,-0.6925,0.01,-0.5254,0.01,layer_31
drop_over_recovery_signed_ratio,row_norm,8,per_ckpt,step800000-tokens3360B,90,-0.3789,0.1029,-0.2517,0.1878,layer_31
drop_over_recovery_signed_ratio,row_norm,8,per_ckpt,step950000-tokens3990B,90,-0.7907,0.002,-0.5162,0.004,layer_31
drop_over_recovery_signed_ratio,row_norm,8,per_ckpt,step1432000-tokens6014B,90,-0.5612,0.0589,-0.3807,0.0669,layer_31
drop_over_recovery_signed_ratio,row_norm,8,per_ckpt,step1700000-tokens7232B,90,-0.7009,0.006,-0.4249,0.029,layer_31
drop_over_recovery_signed_ratio,row_norm,8,per_ckpt,step1850000-tokens8492B,90,-0.6544,0.005,-0.4358,0.021,layer_31
drop_over_recovery_signed_ratio,row_norm,8,per_ckpt,step2000000-tokens9752B,90,-0.5959,0.034,-0.4164,0.028,layer_31
drop_over_recovery_signed_ratio,row_norm,8,per_ckpt,step2150000-tokens11012B,90,-0.7322,0.004,-0.6119,0.001,layer_31
drop_over_recovery_signed_ratio,row_norm,8,per_ckpt,step2300000-tokens12272B,90,-0.7505,0.002,-0.5115,0.006,layer_31
drop_over_recovery_signed_ratio,row_norm,8,per_ckpt,step2450000-tokens13532B,90,-0.8085,0.001,-0.5058,0.006,layer_31
drop_over_recovery_signed_ratio,row_norm,8,per_ckpt,step2600000-tokens14792B,90,-0.8344,0.001,-0.5522,0.002,layer_31
drop_over_recovery_signed_ratio,row_norm,8,per_ckpt,main,90,-0.8099,0.001,-0.5331,0.002,layer_31
drop_over_recovery_signed_ratio,row_norm,16,per_ckpt,step50000-tokens210B,90,-0.3833,0.0929,-0.3698,0.044,layer_31
drop_over_recovery_signed_ratio,row_norm,16,per_ckpt,step200000-tokens840B,90,-0.5078,0.0879,-0.4759,0.017,layer_31
drop_over_recovery_signed_ratio,row_norm,16,per_ckpt,step350000-tokens1470B,90,-0.8346,0.001,-0.7304,0.001,layer_31
drop_over_recovery_signed_ratio,row_norm,16,per_ckpt,step500000-tokens2100B,90,-0.6853,0.007,-0.5247,0.005,layer_31
drop_over_recovery_signed_ratio,row_norm,16,per_ckpt,step650000-tokens2730B,90,-0.6768,0.016,-0.5309,0.009,layer_31
drop_over_recovery_signed_ratio,row_norm,16,per_ckpt,step800000-tokens3360B,90,-0.1252,0.5804,-0.1875,0.3526,layer_31
drop_over_recovery_signed_ratio,row_norm,16,per_ckpt,step950000-tokens3990B,90,-0.5718,0.017,-0.4946,0.005,layer_31
drop_over_recovery_signed_ratio,row_norm,16,per_ckpt,step1432000-tokens6014B,90,-0.5195,0.0909,-0.386,0.0769,layer_31
drop_over_recovery_signed_ratio,row_norm,16,per_ckpt,step1700000-tokens7232B,90,-0.6496,0.005,-0.3823,0.0539,layer_31
drop_over_recovery_signed_ratio,row_norm,16,per_ckpt,step1850000-tokens8492B,90,-0.4993,0.0799,-0.3812,0.0569,layer_31
drop_over_recovery_signed_ratio,row_norm,16,per_ckpt,step2000000-tokens9752B,90,-0.5214,0.047,-0.35,0.0549,layer_31
drop_over_recovery_signed_ratio,row_norm,16,per_ckpt,step2150000-tokens11012B,90,-0.7319,0.002,-0.5194,0.006,layer_31
drop_over_recovery_signed_ratio,row_norm,16,per_ckpt,step2300000-tokens12272B,90,-0.5996,0.017,-0.4194,0.02,layer_31
drop_over_recovery_signed_ratio,row_norm,16,per_ckpt,step2450000-tokens13532B,90,-0.7827,0.001,-0.4701,0.012,layer_31
drop_over_recovery_signed_ratio,row_norm,16,per_ckpt,step2600000-tokens14792B,90,-0.8278,0.001,-0.5607,0.003,layer_31
drop_over_recovery_signed_ratio,row_norm,16,per_ckpt,main,90,-0.7799,0.002,-0.5165,0.009,layer_31
drop_over_recovery_signed_ratio,col_norm,4,per_ckpt,step50000-tokens210B,90,-0.1014,0.6903,-0.0837,0.6813,layer_31
drop_over_recovery_signed_ratio,col_norm,4,per_ckpt,step200000-tokens840B,90,0.7559,0.004,0.4763,0.018,layer_31
drop_over_recovery_signed_ratio,col_norm,4,per_ckpt,step350000-tokens1470B,90,0.8131,0.001,0.4984,0.011,layer_31
drop_over_recovery_signed_ratio,col_norm,4,per_ckpt,step500000-tokens2100B,90,0.1841,0.5714,0.1928,0.4266,layer_31
drop_over_recovery_signed_ratio,col_norm,4,per_ckpt,step650000-tokens2730B,90,0.5146,0.1139,0.2902,0.2148,layer_31
drop_over_recovery_signed_ratio,col_norm,4,per_ckpt,step800000-tokens3360B,90,-0.4235,0.034,-0.2013,0.3716,layer_31
drop_over_recovery_signed_ratio,col_norm,4,per_ckpt,step950000-tokens3990B,90,0.2801,0.3786,0.2772,0.2028,layer_31
drop_over_recovery_signed_ratio,col_norm,4,per_ckpt,step1432000-tokens6014B,90,-0.3314,0.2448,-0.2461,0.2567,layer_31
drop_over_recovery_signed_ratio,col_norm,4,per_ckpt,step1700000-tokens7232B,90,0.7642,0.001,0.5776,0.001,layer_31
drop_over_recovery_signed_ratio,col_norm,4,per_ckpt,step1850000-tokens8492B,90,0.4685,0.1299,0.2907,0.2088,layer_31
drop_over_recovery_signed_ratio,col_norm,4,per_ckpt,step2000000-tokens9752B,90,-0.1534,0.6224,-0.0883,0.6923,layer_31
drop_over_recovery_signed_ratio,col_norm,4,per_ckpt,step2150000-tokens11012B,90,-0.0424,0.8581,-0.0371,0.8182,layer_31
drop_over_recovery_signed_ratio,col_norm,4,per_ckpt,step2300000-tokens12272B,90,0.0207,0.955,0.0447,0.8352,layer_31
drop_over_recovery_signed_ratio,col_norm,4,per_ckpt,step2450000-tokens13532B,90,0.0248,0.9361,0.0604,0.7872,layer_31
drop_over_recovery_signed_ratio,col_norm,4,per_ckpt,step2600000-tokens14792B,90,-0.0418,0.8731,-0.0294,0.8871,layer_31
drop_over_recovery_signed_ratio,col_norm,4,per_ckpt,main,90,-0.343,0.1359,-0.3051,0.0739,layer_31
drop_over_recovery_signed_ratio,col_norm,8,per_ckpt,step50000-tokens210B,90,-0.0939,0.7682,0.0808,0.7363,layer_31
drop_over_recovery_signed_ratio,col_norm,8,per_ckpt,step200000-tokens840B,90,0.6228,0.019,0.4017,0.047,layer_31
drop_over_recovery_signed_ratio,col_norm,8,per_ckpt,step350000-tokens1470B,90,0.5402,0.0619,0.2502,0.2388,layer_31
drop_over_recovery_signed_ratio,col_norm,8,per_ckpt,step500000-tokens2100B,90,0.3388,0.2627,0.1911,0.4016,layer_31
drop_over_recovery_signed_ratio,col_norm,8,per_ckpt,step650000-tokens2730B,90,0.5176,0.1019,0.3368,0.1299,layer_31
drop_over_recovery_signed_ratio,col_norm,8,per_ckpt,step800000-tokens3360B,90,0.5648,0.002,0.4309,0.006,layer_31
drop_over_recovery_signed_ratio,col_norm,8,per_ckpt,step950000-tokens3990B,90,0.5346,0.0619,0.4563,0.024,layer_31
drop_over_recovery_signed_ratio,col_norm,8,per_ckpt,step1432000-tokens6014B,90,-0.0539,0.8631,-0.0274,0.8991,layer_31
drop_over_recovery_signed_ratio,col_norm,8,per_ckpt,step1700000-tokens7232B,90,0.6462,0.016,0.5988,0.004,layer_31
drop_over_recovery_signed_ratio,col_norm,8,per_ckpt,step1850000-tokens8492B,90,0.2424,0.4206,0.1707,0.4565,layer_31
drop_over_recovery_signed_ratio,col_norm,8,per_ckpt,step2000000-tokens9752B,90,0.4185,0.1489,0.329,0.1089,layer_31
drop_over_recovery_signed_ratio,col_norm,8,per_ckpt,step2150000-tokens11012B,90,0.6975,0.006,0.4235,0.034,layer_31
drop_over_recovery_signed_ratio,col_norm,8,per_ckpt,step2300000-tokens12272B,90,0.4156,0.1768,0.313,0.1648,layer_31
drop_over_recovery_signed_ratio,col_norm,8,per_ckpt,step2450000-tokens13532B,90,0.2279,0.3606,0.2245,0.2358,layer_31
drop_over_recovery_signed_ratio,col_norm,8,per_ckpt,step2600000-tokens14792B,90,-0.279,0.2837,-0.1723,0.3806,layer_31
drop_over_recovery_signed_ratio,col_norm,8,per_ckpt,main,90,-0.3957,0.1638,-0.2825,0.1518,layer_31
drop_over_recovery_signed_ratio,col_norm,16,per_ckpt,step50000-tokens210B,90,0.2821,0.3107,0.1497,0.4655,layer_31
drop_over_recovery_signed_ratio,col_norm,16,per_ckpt,step200000-tokens840B,90,0.7045,0.013,0.4049,0.049,layer_31
drop_over_recovery_signed_ratio,col_norm,16,per_ckpt,step350000-tokens1470B,90,0.8633,0.001,0.4983,0.012,layer_31
drop_over_recovery_signed_ratio,col_norm,16,per_ckpt,step500000-tokens2100B,90,0.2606,0.3656,0.1834,0.3756,layer_31
drop_over_recovery_signed_ratio,col_norm,16,per_ckpt,step650000-tokens2730B,90,0.6394,0.026,0.3636,0.0939,layer_31
drop_over_recovery_signed_ratio,col_norm,16,per_ckpt,step800000-tokens3360B,90,-0.1772,0.5574,-0.1338,0.5335,layer_31
drop_over_recovery_signed_ratio,col_norm,16,per_ckpt,step950000-tokens3990B,90,0.4106,0.1339,0.2706,0.2208,layer_31
drop_over_recovery_signed_ratio,col_norm,16,per_ckpt,step1432000-tokens6014B,90,-0.4571,0.1578,-0.3393,0.1449,layer_31
drop_over_recovery_signed_ratio,col_norm,16,per_ckpt,step1700000-tokens7232B,90,0.6976,0.002,0.5705,0.003,layer_31
drop_over_recovery_signed_ratio,col_norm,16,per_ckpt,step1850000-tokens8492B,90,0.3695,0.2318,0.2148,0.3297,layer_31
drop_over_recovery_signed_ratio,col_norm,16,per_ckpt,step2000000-tokens9752B,90,0.4615,0.0889,0.3433,0.0759,layer_31
drop_over_recovery_signed_ratio,col_norm,16,per_ckpt,step2150000-tokens11012B,90,0.3822,0.1279,0.2505,0.1968,layer_31
drop_over_recovery_signed_ratio,col_norm,16,per_ckpt,step2300000-tokens12272B,90,0.3658,0.2008,0.255,0.2288,layer_31
drop_over_recovery_signed_ratio,col_norm,16,per_ckpt,step2450000-tokens13532B,90,0.2827,0.3057,0.3047,0.1459,layer_31
drop_over_recovery_signed_ratio,col_norm,16,per_ckpt,step2600000-tokens14792B,90,-0.1831,0.4835,-0.1132,0.5504,layer_31
drop_over_recovery_signed_ratio,col_norm,16,per_ckpt,main,90,-0.1233,0.5974,-0.0435,0.8212,layer_31
drop_over_recovery_log_ratio,row_norm,4,per_ckpt,step50000-tokens210B,90,-0.1475,0.4985,-0.1458,0.4805,layer_31
drop_over_recovery_log_ratio,row_norm,4,per_ckpt,step200000-tokens840B,90,-0.6365,0.012,-0.5819,0.039,layer_31
drop_over_recovery_log_ratio,row_norm,4,per_ckpt,step350000-tokens1470B,90,-0.7078,0.001,-0.6015,0.027,layer_31
drop_over_recovery_log_ratio,row_norm,4,per_ckpt,step500000-tokens2100B,90,-0.5839,0.031,-0.4438,0.1029,layer_31
drop_over_recovery_log_ratio,row_norm,4,per_ckpt,step650000-tokens2730B,90,-0.8193,0.003,-0.7202,0.018,layer_31
drop_over_recovery_log_ratio,row_norm,4,per_ckpt,step800000-tokens3360B,90,-0.1232,0.4076,-0.0975,0.4635,layer_31
drop_over_recovery_log_ratio,row_norm,4,per_ckpt,step950000-tokens3990B,90,-0.5764,0.0539,-0.5453,0.0759,layer_31
drop_over_recovery_log_ratio,row_norm,4,per_ckpt,step1432000-tokens6014B,90,-0.4278,0.1199,-0.295,0.2697,layer_31
drop_over_recovery_log_ratio,row_norm,4,per_ckpt,step1700000-tokens7232B,90,-0.8374,0.001,-0.7933,0.001,layer_31
drop_over_recovery_log_ratio,row_norm,4,per_ckpt,step1850000-tokens8492B,90,-0.6801,0.015,-0.6312,0.023,layer_31
drop_over_recovery_log_ratio,row_norm,4,per_ckpt,step2000000-tokens9752B,90,-0.7869,0.002,-0.725,0.001,layer_31
drop_over_recovery_log_ratio,row_norm,4,per_ckpt,step2150000-tokens11012B,90,-0.1078,0.6653,-0.1747,0.5175,layer_31
drop_over_recovery_log_ratio,row_norm,4,per_ckpt,step2300000-tokens12272B,90,-0.7368,0.006,-0.7099,0.012,layer_31
drop_over_recovery_log_ratio,row_norm,4,per_ckpt,step2450000-tokens13532B,90,-0.8252,0.001,-0.6943,0.007,layer_31
drop_over_recovery_log_ratio,row_norm,4,per_ckpt,step2600000-tokens14792B,90,-0.8061,0.001,-0.7154,0.007,layer_31
drop_over_recovery_log_ratio,row_norm,4,per_ckpt,main,90,-0.7872,0.001,-0.7006,0.001,layer_31
drop_over_recovery_log_ratio,row_norm,8,per_ckpt,step50000-tokens210B,90,0.3448,0.0809,0.4288,0.019,layer_31
drop_over_recovery_log_ratio,row_norm,8,per_ckpt,step200000-tokens840B,90,-0.3892,0.1648,-0.2572,0.3726,layer_31
drop_over_recovery_log_ratio,row_norm,8,per_ckpt,step350000-tokens1470B,90,-0.6532,0.006,-0.5331,0.043,layer_31
drop_over_recovery_log_ratio,row_norm,8,per_ckpt,step500000-tokens2100B,90,-0.5959,0.02,-0.544,0.024,layer_31
drop_over_recovery_log_ratio,row_norm,8,per_ckpt,step650000-tokens2730B,90,-0.6925,0.01,-0.517,0.0899,layer_31
drop_over_recovery_log_ratio,row_norm,8,per_ckpt,step800000-tokens3360B,90,-0.3789,0.1029,-0.2839,0.2787,layer_31
drop_over_recovery_log_ratio,row_norm,8,per_ckpt,step950000-tokens3990B,90,-0.7907,0.002,-0.7098,0.001,layer_31
drop_over_recovery_log_ratio,row_norm,8,per_ckpt,step1432000-tokens6014B,90,-0.5612,0.0589,-0.4298,0.1568,layer_31
drop_over_recovery_log_ratio,row_norm,8,per_ckpt,step1700000-tokens7232B,90,-0.7009,0.006,-0.6466,0.008,layer_31
drop_over_recovery_log_ratio,row_norm,8,per_ckpt,step1850000-tokens8492B,90,-0.6544,0.005,-0.5805,0.013,layer_31
drop_over_recovery_log_ratio,row_norm,8,per_ckpt,step2000000-tokens9752B,90,-0.5959,0.034,-0.5238,0.0799,layer_31
drop_over_recovery_log_ratio,row_norm,8,per_ckpt,step2150000-tokens11012B,90,-0.7322,0.004,-0.7322,0.001,layer_31
drop_over_recovery_log_ratio,row_norm,8,per_ckpt,step2300000-tokens12272B,90,-0.7505,0.002,-0.7061,0.003,layer_31
drop_over_recovery_log_ratio,row_norm,8,per_ckpt,step2450000-tokens13532B,90,-0.8085,0.001,-0.7157,0.007,layer_31
drop_over_recovery_log_ratio,row_norm,8,per_ckpt,step2600000-tokens14792B,90,-0.8344,0.001,-0.7642,0.001,layer_31
drop_over_recovery_log_ratio,row_norm,8,per_ckpt,main,90,-0.8099,0.001,-0.7534,0.004,layer_31
drop_over_recovery_log_ratio,row_norm,16,per_ckpt,step50000-tokens210B,90,-0.3833,0.0929,-0.4348,0.0539,layer_31
drop_over_recovery_log_ratio,row_norm,16,per_ckpt,step200000-tokens840B,90,-0.5078,0.0879,-0.4559,0.1139,layer_31
drop_over_recovery_log_ratio,row_norm,16,per_ckpt,step350000-tokens1470B,90,-0.8346,0.001,-0.7207,0.012,layer_31
drop_over_recovery_log_ratio,row_norm,16,per_ckpt,step500000-tokens2100B,90,-0.6853,0.007,-0.6157,0.018,layer_31
drop_over_recovery_log_ratio,row_norm,16,per_ckpt,step650000-tokens2730B,90,-0.6768,0.016,-0.4849,0.1299,layer_31
drop_over_recovery_log_ratio,row_norm,16,per_ckpt,step800000-tokens3360B,90,-0.1252,0.5804,-0.1126,0.6763,layer_31
drop_over_recovery_log_ratio,row_norm,16,per_ckpt,step950000-tokens3990B,90,-0.5718,0.017,-0.5654,0.021,layer_31
drop_over_recovery_log_ratio,row_norm,16,per_ckpt,step1432000-tokens6014B,90,-0.5195,0.0909,-0.4388,0.1738,layer_31
drop_over_recovery_log_ratio,row_norm,16,per_ckpt,step1700000-tokens7232B,90,-0.6496,0.005,-0.5834,0.007,layer_31
drop_over_recovery_log_ratio,row_norm,16,per_ckpt,step1850000-tokens8492B,90,-0.4993,0.0799,-0.4572,0.1548,layer_31
drop_over_recovery_log_ratio,row_norm,16,per_ckpt,step2000000-tokens9752B,90,-0.5214,0.047,-0.5093,0.047,layer_31
drop_over_recovery_log_ratio,row_norm,16,per_ckpt,step2150000-tokens11012B,90,-0.7319,0.002,-0.6854,0.006,layer_31
drop_over_recovery_log_ratio,row_norm,16,per_ckpt,step2300000-tokens12272B,90,-0.5996,0.017,-0.5011,0.0999,layer_31
drop_over_recovery_log_ratio,row_norm,16,per_ckpt,step2450000-tokens13532B,90,-0.7827,0.001,-0.6677,0.007,layer_31
drop_over_recovery_log_ratio,row_norm,16,per_ckpt,step2600000-tokens14792B,90,-0.8278,0.001,-0.7779,0.001,layer_31
drop_over_recovery_log_ratio,row_norm,16,per_ckpt,main,90,-0.7799,0.002,-0.7507,0.004,layer_31
drop_over_recovery_log_ratio,col_norm,4,per_ckpt,step50000-tokens210B,90,-0.1014,0.6903,0.0485,0.9451,layer_31
drop_over_recovery_log_ratio,col_norm,4,per_ckpt,step200000-tokens840B,90,0.7559,0.004,0.73,0.003,layer_31
drop_over_recovery_log_ratio,col_norm,4,per_ckpt,step350000-tokens1470B,90,0.8131,0.001,0.7061,0.004,layer_31
drop_over_recovery_log_ratio,col_norm,4,per_ckpt,step500000-tokens2100B,90,0.1841,0.5714,0.1117,0.7602,layer_31
drop_over_recovery_log_ratio,col_norm,4,per_ckpt,step650000-tokens2730B,90,0.5146,0.1139,0.4178,0.1988,layer_31
drop_over_recovery_log_ratio,col_norm,4,per_ckpt,step800000-tokens3360B,90,-0.4235,0.034,-0.2642,0.4246,layer_31
drop_over_recovery_log_ratio,col_norm,4,per_ckpt,step950000-tokens3990B,90,0.2801,0.3786,0.2899,0.3676,layer_31
drop_over_recovery_log_ratio,col_norm,4,per_ckpt,step1432000-tokens6014B,90,-0.3314,0.2448,-0.2992,0.3576,layer_31
drop_over_recovery_log_ratio,col_norm,4,per_ckpt,step1700000-tokens7232B,90,0.7642,0.001,0.6649,0.008,layer_31
drop_over_recovery_log_ratio,col_norm,4,per_ckpt,step1850000-tokens8492B,90,0.4685,0.1299,0.4139,0.1738,layer_31
drop_over_recovery_log_ratio,col_norm,4,per_ckpt,step2000000-tokens9752B,90,-0.1534,0.6224,-0.1364,0.6513,layer_31
drop_over_recovery_log_ratio,col_norm,4,per_ckpt,step2150000-tokens11012B,90,-0.0424,0.8581,0.0101,0.965,layer_31
drop_over_recovery_log_ratio,col_norm,4,per_ckpt,step2300000-tokens12272B,90,0.0207,0.955,0.0838,0.7872,layer_31
drop_over_recovery_log_ratio,col_norm,4,per_ckpt,step2450000-tokens13532B,90,0.0248,0.9361,-0.0349,0.8991,layer_31
drop_over_recovery_log_ratio,col_norm,4,per_ckpt,step2600000-tokens14792B,90,-0.0418,0.8731,-0.0641,0.8142,layer_31
drop_over_recovery_log_ratio,col_norm,4,per_ckpt,main,90,-0.343,0.1359,-0.2929,0.2248,layer_31
drop_over_recovery_log_ratio,col_norm,8,per_ckpt,step50000-tokens210B,90,-0.0939,0.7682,-0.1349,0.6893,layer_31
drop_over_recovery_log_ratio,col_norm,8,per_ckpt,step200000-tokens840B,90,0.6228,0.019,0.4899,0.0849,layer_31
drop_over_recovery_log_ratio,col_norm,8,per_ckpt,step350000-tokens1470B,90,0.5402,0.0619,0.4305,0.1518,layer_31
drop_over_recovery_log_ratio,col_norm,8,per_ckpt,step500000-tokens2100B,90,0.3388,0.2627,0.2942,0.3526,layer_31
drop_over_recovery_log_ratio,col_norm,8,per_ckpt,step650000-tokens2730B,90,0.5176,0.1019,0.3122,0.2857,layer_31
drop_over_recovery_log_ratio,col_norm,8,per_ckpt,step800000-tokens3360B,90,0.5648,0.002,0.4853,0.02,layer_31
drop_over_recovery_log_ratio,col_norm,8,per_ckpt,step950000-tokens3990B,90,0.5346,0.0619,0.5828,0.041,layer_31
drop_over_recovery_log_ratio,col_norm,8,per_ckpt,step1432000-tokens6014B,90,-0.0539,0.8631,-0.2118,0.5265,layer_31
drop_over_recovery_log_ratio,col_norm,8,per_ckpt,step1700000-tokens7232B,90,0.6462,0.016,0.577,0.034,layer_31
drop_over_recovery_log_ratio,col_norm,8,per_ckpt,step1850000-tokens8492B,90,0.2424,0.4206,0.2589,0.3926,layer_31
drop_over_recovery_log_ratio,col_norm,8,per_ckpt,step2000000-tokens9752B,90,0.4185,0.1489,0.4358,0.1359,layer_31
drop_over_recovery_log_ratio,col_norm,8,per_ckpt,step2150000-tokens11012B,90,0.6975,0.006,0.6706,0.014,layer_31
drop_over_recovery_log_ratio,col_norm,8,per_ckpt,step2300000-tokens12272B,90,0.4156,0.1768,0.519,0.0699,layer_31
drop_over_recovery_log_ratio,col_norm,8,per_ckpt,step2450000-tokens13532B,90,0.2279,0.3606,0.1647,0.5125,layer_31
drop_over_recovery_log_ratio,col_norm,8,per_ckpt,step2600000-tokens14792B,90,-0.279,0.2837,-0.2203,0.4086,layer_31
drop_over_recovery_log_ratio,col_norm,8,per_ckpt,main,90,-0.3957,0.1638,-0.3091,0.3217,layer_31
drop_over_recovery_log_ratio,col_norm,16,per_ckpt,step50000-tokens210B,90,0.2821,0.3107,0.2961,0.2837,layer_31
drop_over_recovery_log_ratio,col_norm,16,per_ckpt,step200000-tokens840B,90,0.7045,0.013,0.7452,0.011,layer_31
drop_over_recovery_log_ratio,col_norm,16,per_ckpt,step350000-tokens1470B,90,0.8633,0.001,0.846,0.002,layer_31
drop_over_recovery_log_ratio,col_norm,16,per_ckpt,step500000-tokens2100B,90,0.2606,0.3656,0.1825,0.6354,layer_31
drop_over_recovery_log_ratio,col_norm,16,per_ckpt,step650000-tokens2730B,90,0.6394,0.026,0.5594,0.0539,layer_31
drop_over_recovery_log_ratio,col_norm,16,per_ckpt,step800000-tokens3360B,90,-0.1772,0.5574,-0.2647,0.3756,layer_31
drop_over_recovery_log_ratio,col_norm,16,per_ckpt,step950000-tokens3990B,90,0.4106,0.1339,0.4214,0.1189,layer_31
drop_over_recovery_log_ratio,col_norm,16,per_ckpt,step1432000-tokens6014B,90,-0.4571,0.1578,-0.5439,0.0789,layer_31
drop_over_recovery_log_ratio,col_norm,16,per_ckpt,step1700000-tokens7232B,90,0.6976,0.002,0.6666,0.008,layer_31
drop_over_recovery_log_ratio,col_norm,16,per_ckpt,step1850000-tokens8492B,90,0.3695,0.2318,0.3679,0.2488,layer_31
drop_over_recovery_log_ratio,col_norm,16,per_ckpt,step2000000-tokens9752B,90,0.4615,0.0889,0.582,0.008,layer_31
drop_over_recovery_log_ratio,col_norm,16,per_ckpt,step2150000-tokens11012B,90,0.3822,0.1279,0.501,0.041,layer_31
drop_over_recovery_log_ratio,col_norm,16,per_ckpt,step2300000-tokens12272B,90,0.3658,0.2008,0.4962,0.0749,layer_31
drop_over_recovery_log_ratio,col_norm,16,per_ckpt,step2450000-tokens13532B,90,0.2827,0.3057,0.2759,0.3307,layer_31
drop_over_recovery_log_ratio,col_norm,16,per_ckpt,step2600000-tokens14792B,90,-0.1831,0.4835,-0.198,0.4815,layer_31
drop_over_recovery_log_ratio,col_norm,16,per_ckpt,main,90,-0.1233,0.5974,-0.1096,0.6533,layer_31
