predictor,normalization,k,scope,checkpoint,n,spearman_r,spearman_p,pearson_r,pearson_p,layer
abs_diff,row_norm,4,pooled,,1800,0.1263,0.0,0.1207,0.0,layer_0
abs_diff,row_norm,8,pooled,,1800,0.0228,0.3343,-0.0004,0.9865,layer_0
abs_diff,col_norm,4,pooled,,1800,0.0883,0.0002,0.0846,0.0003,layer_0
abs_diff,col_norm,8,pooled,,1800,0.0179,0.449,-0.0033,0.8896,layer_0
signed_diff,row_norm,4,pooled,,1800,-0.1063,0.0,-0.1184,0.0,layer_0
signed_diff,row_norm,8,pooled,,1800,-0.0371,0.1153,-0.0573,0.0151,layer_0
signed_diff,col_norm,4,pooled,,1800,-0.1434,0.0,-0.1541,0.0,layer_0
signed_diff,col_norm,8,pooled,,1800,-0.1206,0.0,-0.1096,0.0,layer_0
min_rankme,row_norm,4,pooled,,1800,0.0693,0.0033,0.0389,0.0988,layer_0
min_rankme,row_norm,8,pooled,,1800,0.0657,0.0053,0.0757,0.0013,layer_0
min_rankme,col_norm,4,pooled,,1800,0.0421,0.0738,0.0265,0.2604,layer_0
min_rankme,col_norm,8,pooled,,1800,0.0447,0.0578,0.0615,0.009,layer_0
norm_asym,row_norm,4,pooled,,1800,-0.1514,0.0,-0.1633,0.0,layer_0
norm_asym,row_norm,8,pooled,,1800,-0.0579,0.014,-0.0751,0.0014,layer_0
norm_asym,col_norm,4,pooled,,1800,-0.1455,0.0,-0.1413,0.0,layer_0
norm_asym,col_norm,8,pooled,,1800,-0.1643,0.0,-0.1606,0.0,layer_0
abs_diff,row_norm,4,per_ckpt,10B,90,0.1565,0.1149,0.1506,0.1618,layer_0
abs_diff,row_norm,4,per_ckpt,42B,90,0.2366,0.046,0.1993,0.1419,layer_0
abs_diff,row_norm,4,per_ckpt,73B,90,0.0595,0.5524,0.1,0.2877,layer_0
abs_diff,row_norm,4,per_ckpt,105B,90,0.2047,0.0939,0.2825,0.041,layer_0
abs_diff,row_norm,4,per_ckpt,136B,90,0.1666,0.1598,0.18,0.1588,layer_0
abs_diff,row_norm,4,per_ckpt,168B,90,0.0686,0.5165,0.1712,0.1508,layer_0
abs_diff,row_norm,4,per_ckpt,199B,90,-0.0499,0.6673,-0.0608,0.6284,layer_0
abs_diff,row_norm,4,per_ckpt,231B,90,-0.0038,0.986,-0.0188,0.8801,layer_0
abs_diff,row_norm,4,per_ckpt,262B,90,0.0537,0.6693,0.0739,0.5894,layer_0
abs_diff,row_norm,4,per_ckpt,294B,90,-0.0648,0.6124,-0.0844,0.5355,layer_0
abs_diff,row_norm,4,per_ckpt,325B,90,0.0371,0.7682,0.0869,0.5684,layer_0
abs_diff,row_norm,4,per_ckpt,352B,90,-0.031,0.7862,-0.0835,0.5035,layer_0
abs_diff,row_norm,4,per_ckpt,384B,90,0.0797,0.4296,0.1207,0.2677,layer_0
abs_diff,row_norm,4,per_ckpt,415B,90,0.1897,0.0709,0.2366,0.021,layer_0
abs_diff,row_norm,4,per_ckpt,447B,90,0.0959,0.4206,0.0755,0.5744,layer_0
abs_diff,row_norm,4,per_ckpt,478B,90,0.1679,0.1429,0.1906,0.1009,layer_0
abs_diff,row_norm,4,per_ckpt,510B,90,0.051,0.7093,0.0637,0.6633,layer_0
abs_diff,row_norm,4,per_ckpt,541B,90,0.0166,0.8641,0.0126,0.9101,layer_0
abs_diff,row_norm,4,per_ckpt,573B,90,0.1505,0.1688,0.105,0.3626,layer_0
abs_diff,row_norm,4,per_ckpt,main,90,-0.1351,0.2547,-0.0951,0.4525,layer_0
abs_diff,row_norm,8,per_ckpt,10B,90,0.1636,0.1698,0.14,0.2607,layer_0
abs_diff,row_norm,8,per_ckpt,42B,90,0.0979,0.4426,0.1131,0.4236,layer_0
abs_diff,row_norm,8,per_ckpt,73B,90,-0.099,0.4096,-0.0905,0.4366,layer_0
abs_diff,row_norm,8,per_ckpt,105B,90,0.167,0.038,0.1575,0.0759,layer_0
abs_diff,row_norm,8,per_ckpt,136B,90,0.1617,0.2308,0.108,0.4645,layer_0
abs_diff,row_norm,8,per_ckpt,168B,90,-0.037,0.7882,-0.0666,0.6494,layer_0
abs_diff,row_norm,8,per_ckpt,199B,90,0.0489,0.6793,0.0188,0.8951,layer_0
abs_diff,row_norm,8,per_ckpt,231B,90,-0.0802,0.5105,-0.1065,0.4136,layer_0
abs_diff,row_norm,8,per_ckpt,262B,90,0.1687,0.1299,0.1528,0.2168,layer_0
abs_diff,row_norm,8,per_ckpt,294B,90,0.1064,0.2917,0.1094,0.3237,layer_0
abs_diff,row_norm,8,per_ckpt,325B,90,-0.1196,0.2098,-0.0705,0.4725,layer_0
abs_diff,row_norm,8,per_ckpt,352B,90,0.067,0.5285,0.0587,0.5804,layer_0
abs_diff,row_norm,8,per_ckpt,384B,90,-0.0698,0.6214,-0.1186,0.4136,layer_0
abs_diff,row_norm,8,per_ckpt,415B,90,-0.1803,0.1269,-0.2253,0.0519,layer_0
abs_diff,row_norm,8,per_ckpt,447B,90,-0.1759,0.0769,-0.1736,0.1039,layer_0
abs_diff,row_norm,8,per_ckpt,478B,90,-0.2033,0.032,-0.1897,0.0539,layer_0
abs_diff,row_norm,8,per_ckpt,510B,90,0.1221,0.3586,0.0811,0.5734,layer_0
abs_diff,row_norm,8,per_ckpt,541B,90,0.0271,0.8332,0.0751,0.5604,layer_0
abs_diff,row_norm,8,per_ckpt,573B,90,0.0002,0.999,-0.0005,0.999,layer_0
abs_diff,row_norm,8,per_ckpt,main,90,-0.1771,0.0659,-0.2207,0.037,layer_0
abs_diff,col_norm,4,per_ckpt,10B,90,0.0583,0.2807,0.0737,0.2148,layer_0
abs_diff,col_norm,4,per_ckpt,42B,90,0.0957,0.035,0.0859,0.1119,layer_0
abs_diff,col_norm,4,per_ckpt,73B,90,0.0458,0.5085,0.0638,0.3037,layer_0
abs_diff,col_norm,4,per_ckpt,105B,90,0.1067,0.1738,0.1829,0.043,layer_0
abs_diff,col_norm,4,per_ckpt,136B,90,0.1832,0.0639,0.1554,0.1439,layer_0
abs_diff,col_norm,4,per_ckpt,168B,90,0.0681,0.3676,0.1066,0.1698,layer_0
abs_diff,col_norm,4,per_ckpt,199B,90,-0.0124,0.8541,-0.045,0.5954,layer_0
abs_diff,col_norm,4,per_ckpt,231B,90,-0.0277,0.6683,-0.0136,0.8382,layer_0
abs_diff,col_norm,4,per_ckpt,262B,90,0.0906,0.4216,0.0695,0.5784,layer_0
abs_diff,col_norm,4,per_ckpt,294B,90,-0.0581,0.5704,-0.0695,0.5125,layer_0
abs_diff,col_norm,4,per_ckpt,325B,90,0.0311,0.7373,0.066,0.5564,layer_0
abs_diff,col_norm,4,per_ckpt,352B,90,-0.0652,0.4306,-0.0542,0.5275,layer_0
abs_diff,col_norm,4,per_ckpt,384B,90,0.0882,0.3057,0.099,0.2907,layer_0
abs_diff,col_norm,4,per_ckpt,415B,90,0.207,0.038,0.223,0.021,layer_0
abs_diff,col_norm,4,per_ckpt,447B,90,0.0753,0.4386,0.0502,0.6344,layer_0
abs_diff,col_norm,4,per_ckpt,478B,90,0.1574,0.1079,0.1691,0.1059,layer_0
abs_diff,col_norm,4,per_ckpt,510B,90,0.0272,0.7433,0.0325,0.6973,layer_0
abs_diff,col_norm,4,per_ckpt,541B,90,0.0015,0.987,0.0114,0.9181,layer_0
abs_diff,col_norm,4,per_ckpt,573B,90,0.0739,0.2757,0.0841,0.2787,layer_0
abs_diff,col_norm,4,per_ckpt,main,90,-0.0377,0.6004,-0.0584,0.4705,layer_0
abs_diff,col_norm,8,per_ckpt,10B,90,0.1388,0.1259,0.1153,0.2368,layer_0
abs_diff,col_norm,8,per_ckpt,42B,90,0.0803,0.3007,0.0724,0.4216,layer_0
abs_diff,col_norm,8,per_ckpt,73B,90,-0.0936,0.3686,-0.0783,0.4216,layer_0
abs_diff,col_norm,8,per_ckpt,105B,90,0.2154,0.016,0.1838,0.0509,layer_0
abs_diff,col_norm,8,per_ckpt,136B,90,0.0674,0.2667,0.0524,0.4366,layer_0
abs_diff,col_norm,8,per_ckpt,168B,90,0.0181,0.8262,-0.039,0.6753,layer_0
abs_diff,col_norm,8,per_ckpt,199B,90,0.0015,0.988,0.017,0.8911,layer_0
abs_diff,col_norm,8,per_ckpt,231B,90,-0.0883,0.3696,-0.0939,0.3836,layer_0
abs_diff,col_norm,8,per_ckpt,262B,90,0.1222,0.1708,0.1275,0.2058,layer_0
abs_diff,col_norm,8,per_ckpt,294B,90,0.0265,0.6074,0.0304,0.5175,layer_0
abs_diff,col_norm,8,per_ckpt,325B,90,-0.044,0.5814,-0.0627,0.4206,layer_0
abs_diff,col_norm,8,per_ckpt,352B,90,0.0461,0.5764,0.0422,0.6244,layer_0
abs_diff,col_norm,8,per_ckpt,384B,90,-0.0362,0.7113,-0.0901,0.4166,layer_0
abs_diff,col_norm,8,per_ckpt,415B,90,-0.1376,0.1469,-0.1801,0.0569,layer_0
abs_diff,col_norm,8,per_ckpt,447B,90,-0.09,0.2028,-0.1307,0.0949,layer_0
abs_diff,col_norm,8,per_ckpt,478B,90,-0.096,0.2847,-0.1603,0.0759,layer_0
abs_diff,col_norm,8,per_ckpt,510B,90,0.108,0.4076,0.0787,0.5774,layer_0
abs_diff,col_norm,8,per_ckpt,541B,90,0.0685,0.4505,0.0382,0.7023,layer_0
abs_diff,col_norm,8,per_ckpt,573B,90,-0.0232,0.7562,-0.0113,0.8791,layer_0
abs_diff,col_norm,8,per_ckpt,main,90,-0.1381,0.0659,-0.1697,0.035,layer_0
signed_diff,row_norm,4,per_ckpt,10B,90,0.0768,0.7293,0.0857,0.6903,layer_0
signed_diff,row_norm,4,per_ckpt,42B,90,0.0641,0.6513,0.104,0.5095,layer_0
signed_diff,row_norm,4,per_ckpt,73B,90,-0.3208,0.1449,-0.3298,0.1409,layer_0
signed_diff,row_norm,4,per_ckpt,105B,90,-0.0811,0.7413,-0.027,0.9221,layer_0
signed_diff,row_norm,4,per_ckpt,136B,90,-0.0586,0.8052,-0.0476,0.8412,layer_0
signed_diff,row_norm,4,per_ckpt,168B,90,-0.0439,0.8442,0.0213,0.9201,layer_0
signed_diff,row_norm,4,per_ckpt,199B,90,-0.2854,0.1978,-0.272,0.2148,layer_0
signed_diff,row_norm,4,per_ckpt,231B,90,-0.3583,0.0629,-0.3423,0.0869,layer_0
signed_diff,row_norm,4,per_ckpt,262B,90,-0.1719,0.4096,-0.1624,0.4555,layer_0
signed_diff,row_norm,4,per_ckpt,294B,90,-0.0703,0.7532,-0.0841,0.7423,layer_0
signed_diff,row_norm,4,per_ckpt,325B,90,-0.0981,0.5954,-0.0604,0.7712,layer_0
signed_diff,row_norm,4,per_ckpt,352B,90,0.0237,0.9171,-0.0139,0.95,layer_0
signed_diff,row_norm,4,per_ckpt,384B,90,-0.0322,0.8971,-0.0701,0.7772,layer_0
signed_diff,row_norm,4,per_ckpt,415B,90,-0.3295,0.1618,-0.3621,0.1309,layer_0
signed_diff,row_norm,4,per_ckpt,447B,90,-0.3135,0.1688,-0.3085,0.1718,layer_0
signed_diff,row_norm,4,per_ckpt,478B,90,-0.2193,0.3656,-0.2202,0.3786,layer_0
signed_diff,row_norm,4,per_ckpt,510B,90,0.0627,0.5425,0.0232,0.8182,layer_0
signed_diff,row_norm,4,per_ckpt,541B,90,0.0325,0.8901,-0.0152,0.957,layer_0
signed_diff,row_norm,4,per_ckpt,573B,90,-0.2207,0.3946,-0.254,0.3516,layer_0
signed_diff,row_norm,4,per_ckpt,main,90,0.0479,0.7702,0.0136,0.9241,layer_0
signed_diff,row_norm,8,per_ckpt,10B,90,-0.1131,0.5285,-0.1745,0.3477,layer_0
signed_diff,row_norm,8,per_ckpt,42B,90,-0.0166,0.9081,0.028,0.8501,layer_0
signed_diff,row_norm,8,per_ckpt,73B,90,-0.2206,0.3027,-0.2204,0.3367,layer_0
signed_diff,row_norm,8,per_ckpt,105B,90,-0.121,0.6753,-0.1746,0.5714,layer_0
signed_diff,row_norm,8,per_ckpt,136B,90,0.2339,0.2238,0.2351,0.2378,layer_0
signed_diff,row_norm,8,per_ckpt,168B,90,-0.0763,0.5934,-0.0407,0.7952,layer_0
signed_diff,row_norm,8,per_ckpt,199B,90,-0.0649,0.7922,-0.0801,0.7572,layer_0
signed_diff,row_norm,8,per_ckpt,231B,90,-0.3761,0.0509,-0.3823,0.0529,layer_0
signed_diff,row_norm,8,per_ckpt,262B,90,0.2545,0.2527,0.2567,0.2398,layer_0
signed_diff,row_norm,8,per_ckpt,294B,90,0.234,0.1898,0.2065,0.2677,layer_0
signed_diff,row_norm,8,per_ckpt,325B,90,-0.1031,0.6843,-0.1691,0.5105,layer_0
signed_diff,row_norm,8,per_ckpt,352B,90,-0.2196,0.3207,-0.2235,0.3207,layer_0
signed_diff,row_norm,8,per_ckpt,384B,90,-0.1311,0.5475,-0.1164,0.5954,layer_0
signed_diff,row_norm,8,per_ckpt,415B,90,-0.174,0.4515,-0.1885,0.4286,layer_0
signed_diff,row_norm,8,per_ckpt,447B,90,0.083,0.7093,0.0712,0.7502,layer_0
signed_diff,row_norm,8,per_ckpt,478B,90,-0.0276,0.9201,-0.0166,0.9451,layer_0
signed_diff,row_norm,8,per_ckpt,510B,90,0.1015,0.6154,0.0489,0.8052,layer_0
signed_diff,row_norm,8,per_ckpt,541B,90,-0.0975,0.6653,-0.1291,0.5824,layer_0
signed_diff,row_norm,8,per_ckpt,573B,90,-0.0176,0.9411,-0.0598,0.8112,layer_0
signed_diff,row_norm,8,per_ckpt,main,90,0.0418,0.8571,0.0247,0.9081,layer_0
signed_diff,col_norm,4,per_ckpt,10B,90,-0.2131,0.4785,-0.2214,0.4595,layer_0
signed_diff,col_norm,4,per_ckpt,42B,90,-0.12,0.7133,-0.1109,0.7343,layer_0
signed_diff,col_norm,4,per_ckpt,73B,90,-0.0965,0.7752,-0.0878,0.7972,layer_0
signed_diff,col_norm,4,per_ckpt,105B,90,-0.1315,0.6683,-0.1418,0.6533,layer_0
signed_diff,col_norm,4,per_ckpt,136B,90,-0.4518,0.0889,-0.4689,0.0769,layer_0
signed_diff,col_norm,4,per_ckpt,168B,90,-0.2134,0.4595,-0.2148,0.4825,layer_0
signed_diff,col_norm,4,per_ckpt,199B,90,0.3502,0.2268,0.3491,0.2328,layer_0
signed_diff,col_norm,4,per_ckpt,231B,90,0.3201,0.3097,0.3149,0.3477,layer_0
signed_diff,col_norm,4,per_ckpt,262B,90,-0.2617,0.2797,-0.2501,0.3047,layer_0
signed_diff,col_norm,4,per_ckpt,294B,90,-0.3354,0.2198,-0.3443,0.2178,layer_0
signed_diff,col_norm,4,per_ckpt,325B,90,-0.2783,0.3377,-0.2876,0.3427,layer_0
signed_diff,col_norm,4,per_ckpt,352B,90,-0.3749,0.2068,-0.3851,0.2028,layer_0
signed_diff,col_norm,4,per_ckpt,384B,90,-0.0342,0.9201,-0.0318,0.9311,layer_0
signed_diff,col_norm,4,per_ckpt,415B,90,-0.0334,0.9151,-0.0551,0.8501,layer_0
signed_diff,col_norm,4,per_ckpt,447B,90,0.1607,0.5604,0.0868,0.7812,layer_0
signed_diff,col_norm,4,per_ckpt,478B,90,-0.3433,0.2238,-0.337,0.2428,layer_0
signed_diff,col_norm,4,per_ckpt,510B,90,-0.2215,0.4585,-0.2308,0.4505,layer_0
signed_diff,col_norm,4,per_ckpt,541B,90,-0.0163,0.9451,-0.0091,0.966,layer_0
signed_diff,col_norm,4,per_ckpt,573B,90,-0.4503,0.1279,-0.4731,0.1119,layer_0
signed_diff,col_norm,4,per_ckpt,main,90,-0.3641,0.1968,-0.3995,0.1499,layer_0
signed_diff,col_norm,8,per_ckpt,10B,90,-0.1618,0.5215,-0.1413,0.5824,layer_0
signed_diff,col_norm,8,per_ckpt,42B,90,-0.5759,0.028,-0.527,0.047,layer_0
signed_diff,col_norm,8,per_ckpt,73B,90,-0.1532,0.5864,-0.1883,0.4955,layer_0
signed_diff,col_norm,8,per_ckpt,105B,90,-0.26,0.2807,-0.316,0.2018,layer_0
signed_diff,col_norm,8,per_ckpt,136B,90,-0.5347,0.0789,-0.5402,0.0799,layer_0
signed_diff,col_norm,8,per_ckpt,168B,90,-0.255,0.3497,-0.2826,0.3147,layer_0
signed_diff,col_norm,8,per_ckpt,199B,90,-0.4228,0.0729,-0.4168,0.0779,layer_0
signed_diff,col_norm,8,per_ckpt,231B,90,-0.0281,0.9151,-0.0242,0.9251,layer_0
signed_diff,col_norm,8,per_ckpt,262B,90,0.0758,0.7942,0.1021,0.7243,layer_0
signed_diff,col_norm,8,per_ckpt,294B,90,-0.1137,0.7463,-0.1368,0.7023,layer_0
signed_diff,col_norm,8,per_ckpt,325B,90,-0.0663,0.8322,-0.081,0.8032,layer_0
signed_diff,col_norm,8,per_ckpt,352B,90,-0.1639,0.5455,-0.1361,0.6294,layer_0
signed_diff,col_norm,8,per_ckpt,384B,90,0.0455,0.8821,-0.0186,0.957,layer_0
signed_diff,col_norm,8,per_ckpt,415B,90,-0.3519,0.1738,-0.3817,0.1508,layer_0
signed_diff,col_norm,8,per_ckpt,447B,90,-0.2877,0.3516,-0.2784,0.3526,layer_0
signed_diff,col_norm,8,per_ckpt,478B,90,0.2039,0.4835,0.1745,0.5325,layer_0
signed_diff,col_norm,8,per_ckpt,510B,90,-0.332,0.0869,-0.2915,0.1379,layer_0
signed_diff,col_norm,8,per_ckpt,541B,90,0.1379,0.6324,0.1172,0.6993,layer_0
signed_diff,col_norm,8,per_ckpt,573B,90,-0.1854,0.5644,-0.1233,0.7143,layer_0
signed_diff,col_norm,8,per_ckpt,main,90,-0.0612,0.8202,-0.0643,0.8252,layer_0
min_rankme,row_norm,4,per_ckpt,10B,90,0.0611,0.7073,0.0725,0.6394,layer_0
min_rankme,row_norm,4,per_ckpt,42B,90,0.0783,0.6294,0.1192,0.4565,layer_0
min_rankme,row_norm,4,per_ckpt,73B,90,-0.0675,0.6523,-0.1608,0.3856,layer_0
min_rankme,row_norm,4,per_ckpt,105B,90,-0.1127,0.4985,-0.0697,0.6893,layer_0
min_rankme,row_norm,4,per_ckpt,136B,90,-0.1164,0.4436,-0.1437,0.3197,layer_0
min_rankme,row_norm,4,per_ckpt,168B,90,-0.0696,0.6963,-0.037,0.8262,layer_0
min_rankme,row_norm,4,per_ckpt,199B,90,-0.2879,0.0579,-0.24,0.1508,layer_0
min_rankme,row_norm,4,per_ckpt,231B,90,-0.1017,0.5864,-0.0781,0.6494,layer_0
min_rankme,row_norm,4,per_ckpt,262B,90,-0.1979,0.2607,-0.1882,0.3057,layer_0
min_rankme,row_norm,4,per_ckpt,294B,90,0.0884,0.6474,0.054,0.7712,layer_0
min_rankme,row_norm,4,per_ckpt,325B,90,-0.0055,0.981,0.022,0.9261,layer_0
min_rankme,row_norm,4,per_ckpt,352B,90,0.0146,0.9241,0.0106,0.956,layer_0
min_rankme,row_norm,4,per_ckpt,384B,90,-0.0179,0.8911,-0.009,0.964,layer_0
min_rankme,row_norm,4,per_ckpt,415B,90,-0.1911,0.1439,-0.2075,0.1299,layer_0
min_rankme,row_norm,4,per_ckpt,447B,90,-0.2783,0.0679,-0.2485,0.1279,layer_0
min_rankme,row_norm,4,per_ckpt,478B,90,-0.2215,0.1309,-0.2202,0.1269,layer_0
min_rankme,row_norm,4,per_ckpt,510B,90,-0.1172,0.5455,-0.1311,0.4825,layer_0
min_rankme,row_norm,4,per_ckpt,541B,90,0.0299,0.8202,0.0559,0.6783,layer_0
min_rankme,row_norm,4,per_ckpt,573B,90,-0.1675,0.2248,-0.1597,0.2637,layer_0
min_rankme,row_norm,4,per_ckpt,main,90,0.0361,0.8242,-0.0237,0.8991,layer_0
min_rankme,row_norm,8,per_ckpt,10B,90,-0.4061,0.023,-0.3153,0.0599,layer_0
min_rankme,row_norm,8,per_ckpt,42B,90,0.3317,0.036,0.2605,0.1009,layer_0
min_rankme,row_norm,8,per_ckpt,73B,90,-0.0186,0.9231,0.064,0.7183,layer_0
min_rankme,row_norm,8,per_ckpt,105B,90,-0.1522,0.1808,-0.2162,0.017,layer_0
min_rankme,row_norm,8,per_ckpt,136B,90,0.2355,0.1558,0.2709,0.0869,layer_0
min_rankme,row_norm,8,per_ckpt,168B,90,-0.2818,0.1059,-0.2211,0.1888,layer_0
min_rankme,row_norm,8,per_ckpt,199B,90,0.0451,0.7712,0.0255,0.8551,layer_0
min_rankme,row_norm,8,per_ckpt,231B,90,-0.0652,0.7263,0.0108,0.955,layer_0
min_rankme,row_norm,8,per_ckpt,262B,90,-0.1439,0.3427,-0.1743,0.2637,layer_0
min_rankme,row_norm,8,per_ckpt,294B,90,-0.2109,0.0819,-0.2205,0.0879,layer_0
min_rankme,row_norm,8,per_ckpt,325B,90,0.2151,0.042,0.1713,0.0929,layer_0
min_rankme,row_norm,8,per_ckpt,352B,90,-0.0425,0.7702,-0.0386,0.7952,layer_0
min_rankme,row_norm,8,per_ckpt,384B,90,0.0563,0.7602,0.0866,0.6194,layer_0
min_rankme,row_norm,8,per_ckpt,415B,90,0.2116,0.1808,0.2058,0.1638,layer_0
min_rankme,row_norm,8,per_ckpt,447B,90,0.1795,0.0999,0.2015,0.0879,layer_0
min_rankme,row_norm,8,per_ckpt,478B,90,0.1931,0.1199,0.1466,0.2597,layer_0
min_rankme,row_norm,8,per_ckpt,510B,90,0.0072,0.967,-0.0016,0.994,layer_0
min_rankme,row_norm,8,per_ckpt,541B,90,-0.0111,0.9461,-0.0319,0.8442,layer_0
min_rankme,row_norm,8,per_ckpt,573B,90,0.0473,0.7552,0.0096,0.9471,layer_0
min_rankme,row_norm,8,per_ckpt,main,90,0.1208,0.2907,0.1686,0.1718,layer_0
min_rankme,col_norm,4,per_ckpt,10B,90,0.0513,0.4805,0.0525,0.5235,layer_0
min_rankme,col_norm,4,per_ckpt,42B,90,0.0453,0.4795,0.0529,0.4256,layer_0
min_rankme,col_norm,4,per_ckpt,73B,90,-0.0386,0.7253,-0.1041,0.4076,layer_0
min_rankme,col_norm,4,per_ckpt,105B,90,-0.053,0.6244,-0.0459,0.6873,layer_0
min_rankme,col_norm,4,per_ckpt,136B,90,-0.0503,0.6893,-0.1254,0.3027,layer_0
min_rankme,col_norm,4,per_ckpt,168B,90,-0.0221,0.8511,-0.0176,0.8771,layer_0
min_rankme,col_norm,4,per_ckpt,199B,90,-0.1948,0.0819,-0.1571,0.1558,layer_0
min_rankme,col_norm,4,per_ckpt,231B,90,-0.0395,0.6424,-0.0339,0.6883,layer_0
min_rankme,col_norm,4,per_ckpt,262B,90,-0.2344,0.1299,-0.1758,0.2937,layer_0
min_rankme,col_norm,4,per_ckpt,294B,90,0.0887,0.5504,0.0444,0.7582,layer_0
min_rankme,col_norm,4,per_ckpt,325B,90,0.0037,0.986,0.0121,0.9421,layer_0
min_rankme,col_norm,4,per_ckpt,352B,90,0.0129,0.9221,0.0056,0.956,layer_0
min_rankme,col_norm,4,per_ckpt,384B,90,-0.0312,0.7782,0.0008,0.995,layer_0
min_rankme,col_norm,4,per_ckpt,415B,90,-0.2166,0.0829,-0.1946,0.1269,layer_0
min_rankme,col_norm,4,per_ckpt,447B,90,-0.2308,0.0659,-0.1837,0.1588,layer_0
min_rankme,col_norm,4,per_ckpt,478B,90,-0.1983,0.1209,-0.1971,0.1259,layer_0
min_rankme,col_norm,4,per_ckpt,510B,90,-0.0895,0.4286,-0.076,0.4745,layer_0
min_rankme,col_norm,4,per_ckpt,541B,90,0.059,0.6513,0.0647,0.6354,layer_0
min_rankme,col_norm,4,per_ckpt,573B,90,-0.0903,0.3327,-0.1193,0.2288,layer_0
min_rankme,col_norm,4,per_ckpt,main,90,-0.0168,0.8681,-0.02,0.8671,layer_0
min_rankme,col_norm,8,per_ckpt,10B,90,-0.3037,0.015,-0.2556,0.0559,layer_0
min_rankme,col_norm,8,per_ckpt,42B,90,0.2116,0.019,0.163,0.1069,layer_0
min_rankme,col_norm,8,per_ckpt,73B,90,0.0133,0.9281,0.0554,0.6943,layer_0
min_rankme,col_norm,8,per_ckpt,105B,90,-0.1557,0.1608,-0.2416,0.015,layer_0
min_rankme,col_norm,8,per_ckpt,136B,90,0.1183,0.1399,0.12,0.0989,layer_0
min_rankme,col_norm,8,per_ckpt,168B,90,-0.1582,0.1588,-0.1411,0.1908,layer_0
min_rankme,col_norm,8,per_ckpt,199B,90,0.0743,0.6014,0.0306,0.8182,layer_0
min_rankme,col_norm,8,per_ckpt,231B,90,-0.0074,0.956,0.0091,0.952,layer_0
min_rankme,col_norm,8,per_ckpt,262B,90,-0.1417,0.2268,-0.1489,0.2368,layer_0
min_rankme,col_norm,8,per_ckpt,294B,90,-0.0896,0.1768,-0.0792,0.1728,layer_0
min_rankme,col_norm,8,per_ckpt,325B,90,0.1399,0.1219,0.1504,0.0649,layer_0
min_rankme,col_norm,8,per_ckpt,352B,90,-0.0201,0.8432,-0.0235,0.8232,layer_0
min_rankme,col_norm,8,per_ckpt,384B,90,0.0159,0.8781,0.071,0.5964,layer_0
min_rankme,col_norm,8,per_ckpt,415B,90,0.1907,0.1309,0.1599,0.1818,layer_0
min_rankme,col_norm,8,per_ckpt,447B,90,0.1283,0.0839,0.1544,0.0749,layer_0
min_rankme,col_norm,8,per_ckpt,478B,90,0.1064,0.3287,0.1303,0.2607,layer_0
min_rankme,col_norm,8,per_ckpt,510B,90,0.0118,0.9471,0.0021,0.989,layer_0
min_rankme,col_norm,8,per_ckpt,541B,90,-0.0369,0.7413,-0.0038,0.973,layer_0
min_rankme,col_norm,8,per_ckpt,573B,90,0.0384,0.6513,0.0283,0.7353,layer_0
min_rankme,col_norm,8,per_ckpt,main,90,0.094,0.3227,0.134,0.1479,layer_0
norm_asym,row_norm,4,per_ckpt,10B,90,0.0409,0.8601,0.02,0.9321,layer_0
norm_asym,row_norm,4,per_ckpt,42B,90,0.0446,0.7463,0.0561,0.7203,layer_0
norm_asym,row_norm,4,per_ckpt,73B,90,-0.3571,0.0999,-0.3607,0.0999,layer_0
norm_asym,row_norm,4,per_ckpt,105B,90,-0.1677,0.4845,-0.1586,0.4985,layer_0
norm_asym,row_norm,4,per_ckpt,136B,90,-0.1474,0.5405,-0.1639,0.5055,layer_0
norm_asym,row_norm,4,per_ckpt,168B,90,-0.1555,0.4725,-0.1079,0.6184,layer_0
norm_asym,row_norm,4,per_ckpt,199B,90,-0.2933,0.1918,-0.3075,0.1598,layer_0
norm_asym,row_norm,4,per_ckpt,231B,90,-0.3554,0.0619,-0.3639,0.0659,layer_0
norm_asym,row_norm,4,per_ckpt,262B,90,-0.2005,0.3357,-0.2257,0.2997,layer_0
norm_asym,row_norm,4,per_ckpt,294B,90,-0.0401,0.8601,-0.0303,0.9051,layer_0
norm_asym,row_norm,4,per_ckpt,325B,90,-0.1476,0.4206,-0.1351,0.5125,layer_0
norm_asym,row_norm,4,per_ckpt,352B,90,0.0504,0.8062,0.0174,0.9311,layer_0
norm_asym,row_norm,4,per_ckpt,384B,90,-0.1208,0.5944,-0.1806,0.4426,layer_0
norm_asym,row_norm,4,per_ckpt,415B,90,-0.3778,0.0949,-0.4464,0.0539,layer_0
norm_asym,row_norm,4,per_ckpt,447B,90,-0.3203,0.1578,-0.3053,0.1768,layer_0
norm_asym,row_norm,4,per_ckpt,478B,90,-0.2476,0.3107,-0.2737,0.2707,layer_0
norm_asym,row_norm,4,per_ckpt,510B,90,0.0529,0.6094,0.0142,0.8991,layer_0
norm_asym,row_norm,4,per_ckpt,541B,90,0.0009,0.997,-0.0506,0.8651,layer_0
norm_asym,row_norm,4,per_ckpt,573B,90,-0.2095,0.4086,-0.2422,0.3506,layer_0
norm_asym,row_norm,4,per_ckpt,main,90,0.0454,0.7822,-0.0012,0.994,layer_0
norm_asym,row_norm,8,per_ckpt,10B,90,-0.1515,0.3746,-0.2219,0.2198,layer_0
norm_asym,row_norm,8,per_ckpt,42B,90,-0.0382,0.8132,-0.0238,0.8701,layer_0
norm_asym,row_norm,8,per_ckpt,73B,90,-0.1976,0.3656,-0.2066,0.3666,layer_0
norm_asym,row_norm,8,per_ckpt,105B,90,-0.2042,0.4695,-0.2859,0.3297,layer_0
norm_asym,row_norm,8,per_ckpt,136B,90,0.2334,0.2408,0.212,0.2997,layer_0
norm_asym,row_norm,8,per_ckpt,168B,90,-0.1201,0.3686,-0.0874,0.5325,layer_0
norm_asym,row_norm,8,per_ckpt,199B,90,-0.0588,0.8202,-0.0745,0.7792,layer_0
norm_asym,row_norm,8,per_ckpt,231B,90,-0.3677,0.0579,-0.3656,0.0589,layer_0
norm_asym,row_norm,8,per_ckpt,262B,90,0.1847,0.4226,0.1771,0.4206,layer_0
norm_asym,row_norm,8,per_ckpt,294B,90,0.2132,0.2178,0.1765,0.3457,layer_0
norm_asym,row_norm,8,per_ckpt,325B,90,-0.1012,0.7073,-0.1765,0.4945,layer_0
norm_asym,row_norm,8,per_ckpt,352B,90,-0.2299,0.2897,-0.2395,0.2797,layer_0
norm_asym,row_norm,8,per_ckpt,384B,90,-0.0582,0.7922,-0.0513,0.8002,layer_0
norm_asym,row_norm,8,per_ckpt,415B,90,-0.1525,0.4985,-0.149,0.5375,layer_0
norm_asym,row_norm,8,per_ckpt,447B,90,0.0838,0.6903,0.0765,0.7013,layer_0
norm_asym,row_norm,8,per_ckpt,478B,90,0.0051,0.988,0.0138,0.961,layer_0
norm_asym,row_norm,8,per_ckpt,510B,90,0.0871,0.6663,0.0135,0.9371,layer_0
norm_asym,row_norm,8,per_ckpt,541B,90,-0.0967,0.6753,-0.1355,0.5664,layer_0
norm_asym,row_norm,8,per_ckpt,573B,90,-0.0417,0.8551,-0.0846,0.7323,layer_0
norm_asym,row_norm,8,per_ckpt,main,90,0.0412,0.8581,0.0326,0.8821,layer_0
norm_asym,col_norm,4,per_ckpt,10B,90,-0.2267,0.4635,-0.2311,0.4605,layer_0
norm_asym,col_norm,4,per_ckpt,42B,90,-0.1186,0.7263,-0.0875,0.8012,layer_0
norm_asym,col_norm,4,per_ckpt,73B,90,-0.0471,0.8841,-0.0099,0.978,layer_0
norm_asym,col_norm,4,per_ckpt,105B,90,-0.0589,0.8432,-0.0714,0.8192,layer_0
norm_asym,col_norm,4,per_ckpt,136B,90,-0.4471,0.0979,-0.4604,0.0909,layer_0
norm_asym,col_norm,4,per_ckpt,168B,90,-0.2662,0.3566,-0.253,0.3886,layer_0
norm_asym,col_norm,4,per_ckpt,199B,90,0.315,0.2837,0.314,0.2897,layer_0
norm_asym,col_norm,4,per_ckpt,231B,90,0.2598,0.4276,0.2604,0.4555,layer_0
norm_asym,col_norm,4,per_ckpt,262B,90,-0.2425,0.3137,-0.2382,0.3237,layer_0
norm_asym,col_norm,4,per_ckpt,294B,90,-0.3848,0.1489,-0.39,0.1479,layer_0
norm_asym,col_norm,4,per_ckpt,325B,90,-0.2426,0.4066,-0.2342,0.4466,layer_0
norm_asym,col_norm,4,per_ckpt,352B,90,-0.4089,0.1658,-0.4235,0.1548,layer_0
norm_asym,col_norm,4,per_ckpt,384B,90,0.0184,0.952,0.0366,0.9071,layer_0
norm_asym,col_norm,4,per_ckpt,415B,90,0.0088,0.973,0.0123,0.962,layer_0
norm_asym,col_norm,4,per_ckpt,447B,90,0.1669,0.5395,0.111,0.7073,layer_0
norm_asym,col_norm,4,per_ckpt,478B,90,-0.3229,0.2577,-0.3219,0.2647,layer_0
norm_asym,col_norm,4,per_ckpt,510B,90,-0.1842,0.5514,-0.1883,0.5425,layer_0
norm_asym,col_norm,4,per_ckpt,541B,90,-0.0002,0.999,0.0148,0.953,layer_0
norm_asym,col_norm,4,per_ckpt,573B,90,-0.4655,0.1089,-0.4991,0.0849,layer_0
norm_asym,col_norm,4,per_ckpt,main,90,-0.3712,0.1878,-0.4148,0.1359,layer_0
norm_asym,col_norm,8,per_ckpt,10B,90,-0.1016,0.6873,-0.0682,0.7912,layer_0
norm_asym,col_norm,8,per_ckpt,42B,90,-0.622,0.013,-0.5899,0.02,layer_0
norm_asym,col_norm,8,per_ckpt,73B,90,-0.1735,0.5415,-0.2063,0.4795,layer_0
norm_asym,col_norm,8,per_ckpt,105B,90,-0.2048,0.3956,-0.2011,0.4216,layer_0
norm_asym,col_norm,8,per_ckpt,136B,90,-0.4918,0.1239,-0.4927,0.1279,layer_0
norm_asym,col_norm,8,per_ckpt,168B,90,-0.1491,0.5854,-0.1554,0.5794,layer_0
norm_asym,col_norm,8,per_ckpt,199B,90,-0.4209,0.0879,-0.4072,0.0959,layer_0
norm_asym,col_norm,8,per_ckpt,231B,90,0.0492,0.8501,0.0747,0.7742,layer_0
norm_asym,col_norm,8,per_ckpt,262B,90,0.0695,0.8032,0.0941,0.7433,layer_0
norm_asym,col_norm,8,per_ckpt,294B,90,-0.1404,0.6683,-0.1564,0.6464,layer_0
norm_asym,col_norm,8,per_ckpt,325B,90,-0.0536,0.8511,-0.0625,0.8272,layer_0
norm_asym,col_norm,8,per_ckpt,352B,90,-0.1865,0.5035,-0.1682,0.5764,layer_0
norm_asym,col_norm,8,per_ckpt,384B,90,0.0276,0.9161,-0.0505,0.8691,layer_0
norm_asym,col_norm,8,per_ckpt,415B,90,-0.3858,0.1359,-0.4299,0.1089,layer_0
norm_asym,col_norm,8,per_ckpt,447B,90,-0.29,0.3347,-0.2764,0.3526,layer_0
norm_asym,col_norm,8,per_ckpt,478B,90,0.1561,0.5724,0.095,0.7443,layer_0
norm_asym,col_norm,8,per_ckpt,510B,90,-0.3233,0.0899,-0.2859,0.1598,layer_0
norm_asym,col_norm,8,per_ckpt,541B,90,0.1457,0.6024,0.1288,0.6593,layer_0
norm_asym,col_norm,8,per_ckpt,573B,90,-0.1421,0.6503,-0.0691,0.8252,layer_0
norm_asym,col_norm,8,per_ckpt,main,90,-0.0799,0.7732,-0.0875,0.7542,layer_0
abs_diff,row_norm,4,pooled,,1800,0.1069,0.0,0.0977,0.0,layer_1
abs_diff,row_norm,8,pooled,,1800,0.0298,0.2063,0.0175,0.4573,layer_1
abs_diff,col_norm,4,pooled,,1800,0.0755,0.0013,0.0689,0.0035,layer_1
abs_diff,col_norm,8,pooled,,1800,0.0207,0.3806,0.0125,0.5961,layer_1
signed_diff,row_norm,4,pooled,,1800,-0.0694,0.0032,-0.0675,0.0042,layer_1
signed_diff,row_norm,8,pooled,,1800,-0.0304,0.1979,-0.0485,0.0397,layer_1
signed_diff,col_norm,4,pooled,,1800,-0.1195,0.0,-0.1325,0.0,layer_1
signed_diff,col_norm,8,pooled,,1800,-0.124,0.0,-0.0983,0.0,layer_1
min_rankme,row_norm,4,pooled,,1800,0.0792,0.0008,0.0479,0.0423,layer_1
min_rankme,row_norm,8,pooled,,1800,0.0683,0.0037,0.076,0.0013,layer_1
min_rankme,col_norm,4,pooled,,1800,0.0482,0.041,0.0332,0.1596,layer_1
min_rankme,col_norm,8,pooled,,1800,0.0493,0.0366,0.0621,0.0084,layer_1
norm_asym,row_norm,4,pooled,,1800,-0.1109,0.0,-0.1105,0.0,layer_1
norm_asym,row_norm,8,pooled,,1800,-0.0468,0.0471,-0.0648,0.006,layer_1
norm_asym,col_norm,4,pooled,,1800,-0.1198,0.0,-0.1166,0.0,layer_1
norm_asym,col_norm,8,pooled,,1800,-0.1906,0.0,-0.1886,0.0,layer_1
abs_diff,row_norm,4,per_ckpt,10B,90,0.1622,0.0639,0.1501,0.0719,layer_1
abs_diff,row_norm,4,per_ckpt,42B,90,0.2367,0.036,0.1852,0.1159,layer_1
abs_diff,row_norm,4,per_ckpt,73B,90,0.0845,0.4076,0.1104,0.2617,layer_1
abs_diff,row_norm,4,per_ckpt,105B,90,0.1175,0.2647,0.2096,0.0859,layer_1
abs_diff,row_norm,4,per_ckpt,136B,90,0.1617,0.1449,0.1906,0.0949,layer_1
abs_diff,row_norm,4,per_ckpt,168B,90,0.0323,0.7473,0.1214,0.2987,layer_1
abs_diff,row_norm,4,per_ckpt,199B,90,-0.2034,0.0729,-0.1996,0.1239,layer_1
abs_diff,row_norm,4,per_ckpt,231B,90,-0.0464,0.7183,-0.0419,0.7403,layer_1
abs_diff,row_norm,4,per_ckpt,262B,90,0.0533,0.6683,0.03,0.8352,layer_1
abs_diff,row_norm,4,per_ckpt,294B,90,-0.0128,0.9281,-0.0739,0.6134,layer_1
abs_diff,row_norm,4,per_ckpt,325B,90,0.0511,0.6973,0.0575,0.6503,layer_1
abs_diff,row_norm,4,per_ckpt,352B,90,-0.0379,0.7033,-0.0707,0.5534,layer_1
abs_diff,row_norm,4,per_ckpt,384B,90,0.1028,0.2657,0.1275,0.2148,layer_1
abs_diff,row_norm,4,per_ckpt,415B,90,0.0967,0.3127,0.1206,0.2288,layer_1
abs_diff,row_norm,4,per_ckpt,447B,90,-0.029,0.7912,-0.0222,0.8551,layer_1
abs_diff,row_norm,4,per_ckpt,478B,90,0.1309,0.1888,0.135,0.2068,layer_1
abs_diff,row_norm,4,per_ckpt,510B,90,-0.0111,0.9181,0.0242,0.8651,layer_1
abs_diff,row_norm,4,per_ckpt,541B,90,0.0078,0.9361,0.01,0.9271,layer_1
abs_diff,row_norm,4,per_ckpt,573B,90,0.0365,0.6993,0.0194,0.8362,layer_1
abs_diff,row_norm,4,per_ckpt,main,90,-0.1248,0.2517,-0.077,0.5495,layer_1
abs_diff,row_norm,8,per_ckpt,10B,90,0.0517,0.6194,0.017,0.8651,layer_1
abs_diff,row_norm,8,per_ckpt,42B,90,0.1343,0.2388,0.1525,0.2078,layer_1
abs_diff,row_norm,8,per_ckpt,73B,90,-0.1523,0.1978,-0.1221,0.3327,layer_1
abs_diff,row_norm,8,per_ckpt,105B,90,0.1514,0.044,0.1316,0.0959,layer_1
abs_diff,row_norm,8,per_ckpt,136B,90,0.1533,0.2278,0.1414,0.2817,layer_1
abs_diff,row_norm,8,per_ckpt,168B,90,-0.1365,0.2707,-0.1289,0.3307,layer_1
abs_diff,row_norm,8,per_ckpt,199B,90,0.0366,0.7532,0.0485,0.7103,layer_1
abs_diff,row_norm,8,per_ckpt,231B,90,-0.1019,0.3696,-0.1187,0.3586,layer_1
abs_diff,row_norm,8,per_ckpt,262B,90,0.128,0.2368,0.0971,0.4775,layer_1
abs_diff,row_norm,8,per_ckpt,294B,90,0.0509,0.5764,0.0037,0.969,layer_1
abs_diff,row_norm,8,per_ckpt,325B,90,-0.0985,0.2657,-0.0515,0.5674,layer_1
abs_diff,row_norm,8,per_ckpt,352B,90,0.0783,0.4306,0.0758,0.4476,layer_1
abs_diff,row_norm,8,per_ckpt,384B,90,-0.1003,0.3716,-0.1049,0.3866,layer_1
abs_diff,row_norm,8,per_ckpt,415B,90,-0.1208,0.2458,-0.1555,0.1499,layer_1
abs_diff,row_norm,8,per_ckpt,447B,90,-0.0685,0.5025,-0.0575,0.5844,layer_1
abs_diff,row_norm,8,per_ckpt,478B,90,-0.1404,0.1189,-0.1409,0.1479,layer_1
abs_diff,row_norm,8,per_ckpt,510B,90,0.1278,0.2837,0.0967,0.4366,layer_1
abs_diff,row_norm,8,per_ckpt,541B,90,0.0616,0.5564,0.0885,0.4356,layer_1
abs_diff,row_norm,8,per_ckpt,573B,90,-0.0489,0.6743,-0.0236,0.8482,layer_1
abs_diff,row_norm,8,per_ckpt,main,90,-0.1178,0.1918,-0.1721,0.0799,layer_1
abs_diff,col_norm,4,per_ckpt,10B,90,0.0695,0.1399,0.0746,0.1029,layer_1
abs_diff,col_norm,4,per_ckpt,42B,90,0.0877,0.048,0.0815,0.0899,layer_1
abs_diff,col_norm,4,per_ckpt,73B,90,0.0605,0.3766,0.0711,0.2727,layer_1
abs_diff,col_norm,4,per_ckpt,105B,90,0.0513,0.4326,0.1351,0.0939,layer_1
abs_diff,col_norm,4,per_ckpt,136B,90,0.1997,0.031,0.1645,0.0859,layer_1
abs_diff,col_norm,4,per_ckpt,168B,90,0.0477,0.4945,0.0754,0.3207,layer_1
abs_diff,col_norm,4,per_ckpt,199B,90,-0.1213,0.1269,-0.1357,0.1159,layer_1
abs_diff,col_norm,4,per_ckpt,231B,90,-0.0412,0.4895,-0.0188,0.7672,layer_1
abs_diff,col_norm,4,per_ckpt,262B,90,0.0742,0.4985,0.0316,0.8032,layer_1
abs_diff,col_norm,4,per_ckpt,294B,90,-0.0303,0.7562,-0.0602,0.6094,layer_1
abs_diff,col_norm,4,per_ckpt,325B,90,0.0492,0.5654,0.0445,0.6354,layer_1
abs_diff,col_norm,4,per_ckpt,352B,90,-0.0401,0.5674,-0.0471,0.5774,layer_1
abs_diff,col_norm,4,per_ckpt,384B,90,0.0984,0.2228,0.1095,0.2188,layer_1
abs_diff,col_norm,4,per_ckpt,415B,90,0.1147,0.2058,0.1159,0.2248,layer_1
abs_diff,col_norm,4,per_ckpt,447B,90,-0.0396,0.6633,-0.023,0.8062,layer_1
abs_diff,col_norm,4,per_ckpt,478B,90,0.1205,0.1628,0.1204,0.2078,layer_1
abs_diff,col_norm,4,per_ckpt,510B,90,-0.0155,0.8302,0.0097,0.9041,layer_1
abs_diff,col_norm,4,per_ckpt,541B,90,0.0106,0.8941,0.0111,0.9181,layer_1
abs_diff,col_norm,4,per_ckpt,573B,90,0.0069,0.9151,0.0228,0.7493,layer_1
abs_diff,col_norm,4,per_ckpt,main,90,-0.0422,0.5405,-0.0471,0.5714,layer_1
abs_diff,col_norm,8,per_ckpt,10B,90,0.0556,0.5005,0.0176,0.8322,layer_1
abs_diff,col_norm,8,per_ckpt,42B,90,0.1082,0.1169,0.1015,0.1958,layer_1
abs_diff,col_norm,8,per_ckpt,73B,90,-0.1375,0.1598,-0.1025,0.3227,layer_1
abs_diff,col_norm,8,per_ckpt,105B,90,0.186,0.023,0.1566,0.0729,layer_1
abs_diff,col_norm,8,per_ckpt,136B,90,0.0625,0.2857,0.0726,0.2128,layer_1
abs_diff,col_norm,8,per_ckpt,168B,90,-0.0183,0.8202,-0.0775,0.3477,layer_1
abs_diff,col_norm,8,per_ckpt,199B,90,-0.0114,0.9181,0.0462,0.7033,layer_1
abs_diff,col_norm,8,per_ckpt,231B,90,-0.0974,0.2747,-0.1032,0.3287,layer_1
abs_diff,col_norm,8,per_ckpt,262B,90,0.0759,0.3946,0.0776,0.4985,layer_1
abs_diff,col_norm,8,per_ckpt,294B,90,-0.0009,0.977,-0.0077,0.8601,layer_1
abs_diff,col_norm,8,per_ckpt,325B,90,-0.0021,0.98,-0.0427,0.5514,layer_1
abs_diff,col_norm,8,per_ckpt,352B,90,0.0548,0.5165,0.0579,0.4785,layer_1
abs_diff,col_norm,8,per_ckpt,384B,90,-0.0763,0.3327,-0.0781,0.3916,layer_1
abs_diff,col_norm,8,per_ckpt,415B,90,-0.0828,0.3277,-0.1273,0.1469,layer_1
abs_diff,col_norm,8,per_ckpt,447B,90,-0.0198,0.7682,-0.0444,0.5714,layer_1
abs_diff,col_norm,8,per_ckpt,478B,90,-0.0683,0.4026,-0.1135,0.1858,layer_1
abs_diff,col_norm,8,per_ckpt,510B,90,0.128,0.2697,0.0953,0.4316,layer_1
abs_diff,col_norm,8,per_ckpt,541B,90,0.1099,0.1588,0.0557,0.5075,layer_1
abs_diff,col_norm,8,per_ckpt,573B,90,-0.0439,0.5035,-0.018,0.7972,layer_1
abs_diff,col_norm,8,per_ckpt,main,90,-0.0991,0.1578,-0.1282,0.0819,layer_1
signed_diff,row_norm,4,per_ckpt,10B,90,0.1305,0.5524,0.1343,0.5355,layer_1
signed_diff,row_norm,4,per_ckpt,42B,90,0.0793,0.5714,0.1159,0.4675,layer_1
signed_diff,row_norm,4,per_ckpt,73B,90,-0.3012,0.1758,-0.3064,0.1798,layer_1
signed_diff,row_norm,4,per_ckpt,105B,90,-0.1041,0.6823,-0.0563,0.8322,layer_1
signed_diff,row_norm,4,per_ckpt,136B,90,-0.0395,0.8681,-0.0355,0.8771,layer_1
signed_diff,row_norm,4,per_ckpt,168B,90,0.0179,0.9451,0.0766,0.7363,layer_1
signed_diff,row_norm,4,per_ckpt,199B,90,-0.2728,0.2138,-0.2507,0.2607,layer_1
signed_diff,row_norm,4,per_ckpt,231B,90,-0.3254,0.0939,-0.3063,0.1329,layer_1
signed_diff,row_norm,4,per_ckpt,262B,90,-0.0996,0.6454,-0.0702,0.7772,layer_1
signed_diff,row_norm,4,per_ckpt,294B,90,-0.0898,0.7023,-0.1046,0.6743,layer_1
signed_diff,row_norm,4,per_ckpt,325B,90,0.027,0.8971,0.0756,0.7263,layer_1
signed_diff,row_norm,4,per_ckpt,352B,90,-0.1142,0.6374,-0.1396,0.5754,layer_1
signed_diff,row_norm,4,per_ckpt,384B,90,0.0495,0.8312,0.0376,0.8741,layer_1
signed_diff,row_norm,4,per_ckpt,415B,90,-0.1655,0.4705,-0.1877,0.4226,layer_1
signed_diff,row_norm,4,per_ckpt,447B,90,-0.3138,0.1628,-0.3042,0.1798,layer_1
signed_diff,row_norm,4,per_ckpt,478B,90,-0.1015,0.6693,-0.0942,0.6963,layer_1
signed_diff,row_norm,4,per_ckpt,510B,90,0.0552,0.5984,-0.0037,0.964,layer_1
signed_diff,row_norm,4,per_ckpt,541B,90,0.1501,0.5375,0.103,0.6843,layer_1
signed_diff,row_norm,4,per_ckpt,573B,90,-0.2124,0.4046,-0.2347,0.3936,layer_1
signed_diff,row_norm,4,per_ckpt,main,90,0.0628,0.7063,0.039,0.7992,layer_1
signed_diff,row_norm,8,per_ckpt,10B,90,-0.0724,0.6993,-0.1096,0.5914,layer_1
signed_diff,row_norm,8,per_ckpt,42B,90,0.0311,0.8472,0.0426,0.7962,layer_1
signed_diff,row_norm,8,per_ckpt,73B,90,-0.1723,0.4176,-0.1987,0.3976,layer_1
signed_diff,row_norm,8,per_ckpt,105B,90,-0.0919,0.7423,-0.1545,0.6284,layer_1
signed_diff,row_norm,8,per_ckpt,136B,90,0.2231,0.2388,0.2033,0.3147,layer_1
signed_diff,row_norm,8,per_ckpt,168B,90,-0.0397,0.7632,0.0005,0.997,layer_1
signed_diff,row_norm,8,per_ckpt,199B,90,-0.1038,0.7003,-0.1115,0.6783,layer_1
signed_diff,row_norm,8,per_ckpt,231B,90,-0.3599,0.0739,-0.3708,0.0599,layer_1
signed_diff,row_norm,8,per_ckpt,262B,90,0.4042,0.0539,0.3936,0.0539,layer_1
signed_diff,row_norm,8,per_ckpt,294B,90,0.2675,0.1149,0.2565,0.1548,layer_1
signed_diff,row_norm,8,per_ckpt,325B,90,-0.1354,0.6044,-0.1939,0.4535,layer_1
signed_diff,row_norm,8,per_ckpt,352B,90,-0.1756,0.4336,-0.1709,0.4426,layer_1
signed_diff,row_norm,8,per_ckpt,384B,90,-0.2535,0.2478,-0.238,0.2607,layer_1
signed_diff,row_norm,8,per_ckpt,415B,90,-0.1791,0.4226,-0.1934,0.4136,layer_1
signed_diff,row_norm,8,per_ckpt,447B,90,0.101,0.6404,0.0799,0.7103,layer_1
signed_diff,row_norm,8,per_ckpt,478B,90,-0.0665,0.8072,-0.0593,0.8162,layer_1
signed_diff,row_norm,8,per_ckpt,510B,90,0.1223,0.5285,0.0801,0.6773,layer_1
signed_diff,row_norm,8,per_ckpt,541B,90,-0.032,0.8741,-0.0567,0.7992,layer_1
signed_diff,row_norm,8,per_ckpt,573B,90,-0.0219,0.9281,-0.0458,0.8651,layer_1
signed_diff,row_norm,8,per_ckpt,main,90,0.0528,0.8402,0.0384,0.8891,layer_1
signed_diff,col_norm,4,per_ckpt,10B,90,-0.2067,0.4825,-0.1947,0.5155,layer_1
signed_diff,col_norm,4,per_ckpt,42B,90,-0.0214,0.9481,-0.0068,0.985,layer_1
signed_diff,col_norm,4,per_ckpt,73B,90,-0.0106,0.967,-0.013,0.97,layer_1
signed_diff,col_norm,4,per_ckpt,105B,90,-0.0559,0.8472,-0.0705,0.8062,layer_1
signed_diff,col_norm,4,per_ckpt,136B,90,-0.4283,0.1129,-0.437,0.1089,layer_1
signed_diff,col_norm,4,per_ckpt,168B,90,-0.1954,0.5145,-0.1897,0.5305,layer_1
signed_diff,col_norm,4,per_ckpt,199B,90,0.4206,0.1389,0.4067,0.1588,layer_1
signed_diff,col_norm,4,per_ckpt,231B,90,0.4238,0.1608,0.4192,0.1878,layer_1
signed_diff,col_norm,4,per_ckpt,262B,90,-0.2601,0.2857,-0.2495,0.3157,layer_1
signed_diff,col_norm,4,per_ckpt,294B,90,-0.3,0.2697,-0.3117,0.2587,layer_1
signed_diff,col_norm,4,per_ckpt,325B,90,-0.3297,0.2587,-0.3446,0.2517,layer_1
signed_diff,col_norm,4,per_ckpt,352B,90,-0.1759,0.5664,-0.1827,0.5485,layer_1
signed_diff,col_norm,4,per_ckpt,384B,90,-0.1707,0.5215,-0.1795,0.4995,layer_1
signed_diff,col_norm,4,per_ckpt,415B,90,-0.1213,0.6384,-0.1522,0.5554,layer_1
signed_diff,col_norm,4,per_ckpt,447B,90,0.2379,0.3926,0.1725,0.5684,layer_1
signed_diff,col_norm,4,per_ckpt,478B,90,-0.3329,0.2428,-0.3249,0.2597,layer_1
signed_diff,col_norm,4,per_ckpt,510B,90,-0.2447,0.4196,-0.2498,0.4116,layer_1
signed_diff,col_norm,4,per_ckpt,541B,90,0.0109,0.967,0.0196,0.9411,layer_1
signed_diff,col_norm,4,per_ckpt,573B,90,-0.3346,0.2537,-0.3516,0.2408,layer_1
signed_diff,col_norm,4,per_ckpt,main,90,-0.3224,0.2697,-0.3407,0.2348,layer_1
signed_diff,col_norm,8,per_ckpt,10B,90,-0.2388,0.3596,-0.2424,0.3457,layer_1
signed_diff,col_norm,8,per_ckpt,42B,90,-0.6289,0.013,-0.5907,0.024,layer_1
signed_diff,col_norm,8,per_ckpt,73B,90,-0.1819,0.5065,-0.2088,0.4496,layer_1
signed_diff,col_norm,8,per_ckpt,105B,90,-0.3171,0.1848,-0.3536,0.1469,layer_1
signed_diff,col_norm,8,per_ckpt,136B,90,-0.5964,0.047,-0.6215,0.04,layer_1
signed_diff,col_norm,8,per_ckpt,168B,90,-0.3682,0.1708,-0.3823,0.1728,layer_1
signed_diff,col_norm,8,per_ckpt,199B,90,-0.478,0.029,-0.475,0.029,layer_1
signed_diff,col_norm,8,per_ckpt,231B,90,-0.0941,0.7193,-0.0846,0.7483,layer_1
signed_diff,col_norm,8,per_ckpt,262B,90,0.0135,0.959,0.0543,0.8581,layer_1
signed_diff,col_norm,8,per_ckpt,294B,90,-0.1769,0.5964,-0.1793,0.5954,layer_1
signed_diff,col_norm,8,per_ckpt,325B,90,-0.0429,0.8961,-0.0551,0.8701,layer_1
signed_diff,col_norm,8,per_ckpt,352B,90,-0.2201,0.4136,-0.1839,0.5105,layer_1
signed_diff,col_norm,8,per_ckpt,384B,90,0.1122,0.7193,0.0758,0.8162,layer_1
signed_diff,col_norm,8,per_ckpt,415B,90,-0.2619,0.3397,-0.2842,0.3117,layer_1
signed_diff,col_norm,8,per_ckpt,447B,90,-0.1837,0.5325,-0.1736,0.5584,layer_1
signed_diff,col_norm,8,per_ckpt,478B,90,0.3578,0.2018,0.341,0.2188,layer_1
signed_diff,col_norm,8,per_ckpt,510B,90,-0.2718,0.1638,-0.2438,0.2228,layer_1
signed_diff,col_norm,8,per_ckpt,541B,90,0.1508,0.6044,0.14,0.6314,layer_1
signed_diff,col_norm,8,per_ckpt,573B,90,-0.2243,0.4845,-0.1603,0.6384,layer_1
signed_diff,col_norm,8,per_ckpt,main,90,-0.059,0.8422,-0.0505,0.8691,layer_1
min_rankme,row_norm,4,per_ckpt,10B,90,0.0368,0.8262,0.1092,0.4336,layer_1
min_rankme,row_norm,4,per_ckpt,42B,90,0.1585,0.3287,0.1254,0.4376,layer_1
min_rankme,row_norm,4,per_ckpt,73B,90,-0.3015,0.0909,-0.1773,0.3067,layer_1
min_rankme,row_norm,4,per_ckpt,105B,90,-0.0355,0.8362,-0.0641,0.6943,layer_1
min_rankme,row_norm,4,per_ckpt,136B,90,-0.1084,0.4496,-0.171,0.2158,layer_1
min_rankme,row_norm,4,per_ckpt,168B,90,-0.114,0.5175,-0.0206,0.8861,layer_1
min_rankme,row_norm,4,per_ckpt,199B,90,-0.2922,0.0549,-0.1836,0.2458,layer_1
min_rankme,row_norm,4,per_ckpt,231B,90,-0.0107,0.961,-0.1343,0.4246,layer_1
min_rankme,row_norm,4,per_ckpt,262B,90,-0.211,0.2328,-0.2094,0.1938,layer_1
min_rankme,row_norm,4,per_ckpt,294B,90,0.0967,0.6144,0.0136,0.9191,layer_1
min_rankme,row_norm,4,per_ckpt,325B,90,-0.0066,0.983,0.1569,0.3586,layer_1
min_rankme,row_norm,4,per_ckpt,352B,90,-0.0022,0.985,-0.0991,0.5035,layer_1
min_rankme,row_norm,4,per_ckpt,384B,90,-0.0384,0.7842,0.0388,0.7493,layer_1
min_rankme,row_norm,4,per_ckpt,415B,90,-0.1878,0.1469,-0.1028,0.5075,layer_1
min_rankme,row_norm,4,per_ckpt,447B,90,-0.2837,0.0669,-0.2884,0.0659,layer_1
min_rankme,row_norm,4,per_ckpt,478B,90,-0.2186,0.1359,-0.1492,0.2997,layer_1
min_rankme,row_norm,4,per_ckpt,510B,90,-0.1404,0.4585,-0.1783,0.3267,layer_1
min_rankme,row_norm,4,per_ckpt,541B,90,0.0249,0.8392,0.0715,0.5355,layer_1
min_rankme,row_norm,4,per_ckpt,573B,90,-0.1617,0.2517,-0.1745,0.2078,layer_1
min_rankme,row_norm,4,per_ckpt,main,90,0.0288,0.8501,-0.0816,0.5984,layer_1
min_rankme,row_norm,8,per_ckpt,10B,90,-0.3247,0.0929,-0.2175,0.2148,layer_1
min_rankme,row_norm,8,per_ckpt,42B,90,0.2773,0.0939,0.221,0.1528,layer_1
min_rankme,row_norm,8,per_ckpt,73B,90,0.18,0.3437,0.068,0.6863,layer_1
min_rankme,row_norm,8,per_ckpt,105B,90,-0.152,0.1878,-0.1864,0.043,layer_1
min_rankme,row_norm,8,per_ckpt,136B,90,0.2697,0.0939,0.2718,0.0749,layer_1
min_rankme,row_norm,8,per_ckpt,168B,90,-0.2548,0.1479,-0.1839,0.2747,layer_1
min_rankme,row_norm,8,per_ckpt,199B,90,0.0363,0.8192,-0.0548,0.6513,layer_1
min_rankme,row_norm,8,per_ckpt,231B,90,0.0052,0.982,-0.0128,0.951,layer_1
min_rankme,row_norm,8,per_ckpt,262B,90,-0.1249,0.4166,-0.0486,0.7333,layer_1
min_rankme,row_norm,8,per_ckpt,294B,90,-0.2138,0.0809,-0.1674,0.2068,layer_1
min_rankme,row_norm,8,per_ckpt,325B,90,0.2214,0.034,0.1712,0.1029,layer_1
min_rankme,row_norm,8,per_ckpt,352B,90,-0.0116,0.9291,-0.0098,0.9381,layer_1
min_rankme,row_norm,8,per_ckpt,384B,90,0.0194,0.9251,-0.0082,0.958,layer_1
min_rankme,row_norm,8,per_ckpt,415B,90,0.2128,0.1808,0.1567,0.2947,layer_1
min_rankme,row_norm,8,per_ckpt,447B,90,0.1885,0.0769,0.1677,0.1708,layer_1
min_rankme,row_norm,8,per_ckpt,478B,90,0.1848,0.1449,0.0881,0.4815,layer_1
min_rankme,row_norm,8,per_ckpt,510B,90,-0.0038,0.982,0.0047,0.988,layer_1
min_rankme,row_norm,8,per_ckpt,541B,90,-0.0322,0.8721,-0.0052,0.967,layer_1
min_rankme,row_norm,8,per_ckpt,573B,90,0.0325,0.8392,0.0203,0.8871,layer_1
min_rankme,row_norm,8,per_ckpt,main,90,0.1257,0.2787,0.1796,0.1558,layer_1
min_rankme,col_norm,4,per_ckpt,10B,90,0.0383,0.6094,0.074,0.3357,layer_1
min_rankme,col_norm,4,per_ckpt,42B,90,0.0591,0.3596,0.0551,0.3966,layer_1
min_rankme,col_norm,4,per_ckpt,73B,90,-0.1696,0.1778,-0.1161,0.3237,layer_1
min_rankme,col_norm,4,per_ckpt,105B,90,-0.0222,0.8252,-0.0426,0.6953,layer_1
min_rankme,col_norm,4,per_ckpt,136B,90,-0.0664,0.6074,-0.1495,0.2018,layer_1
min_rankme,col_norm,4,per_ckpt,168B,90,-0.0477,0.6663,-0.008,0.9311,layer_1
min_rankme,col_norm,4,per_ckpt,199B,90,-0.1915,0.0829,-0.1182,0.2697,layer_1
min_rankme,col_norm,4,per_ckpt,231B,90,0.0036,0.959,-0.0661,0.4176,layer_1
min_rankme,col_norm,4,per_ckpt,262B,90,-0.251,0.0979,-0.1972,0.1808,layer_1
min_rankme,col_norm,4,per_ckpt,294B,90,0.0944,0.5225,0.0124,0.9081,layer_1
min_rankme,col_norm,4,per_ckpt,325B,90,0.0038,0.976,0.1088,0.3836,layer_1
min_rankme,col_norm,4,per_ckpt,352B,90,-0.0019,0.99,-0.0707,0.4965,layer_1
min_rankme,col_norm,4,per_ckpt,384B,90,-0.0455,0.6663,0.0406,0.6893,layer_1
min_rankme,col_norm,4,per_ckpt,415B,90,-0.2127,0.0969,-0.0965,0.5125,layer_1
min_rankme,col_norm,4,per_ckpt,447B,90,-0.237,0.0579,-0.2149,0.0849,layer_1
min_rankme,col_norm,4,per_ckpt,478B,90,-0.1971,0.1219,-0.1345,0.2997,layer_1
min_rankme,col_norm,4,per_ckpt,510B,90,-0.0976,0.3906,-0.1029,0.3277,layer_1
min_rankme,col_norm,4,per_ckpt,541B,90,0.0556,0.6573,0.0821,0.4775,layer_1
min_rankme,col_norm,4,per_ckpt,573B,90,-0.0896,0.3317,-0.1286,0.1778,layer_1
min_rankme,col_norm,4,per_ckpt,main,90,-0.018,0.8661,-0.0561,0.5634,layer_1
min_rankme,col_norm,8,per_ckpt,10B,90,-0.2525,0.0719,-0.1787,0.1918,layer_1
min_rankme,col_norm,8,per_ckpt,42B,90,0.1527,0.1029,0.1362,0.1598,layer_1
min_rankme,col_norm,8,per_ckpt,73B,90,0.1561,0.3337,0.0581,0.6713,layer_1
min_rankme,col_norm,8,per_ckpt,105B,90,-0.0721,0.5225,-0.212,0.041,layer_1
min_rankme,col_norm,8,per_ckpt,136B,90,0.1316,0.0919,0.1158,0.0909,layer_1
min_rankme,col_norm,8,per_ckpt,168B,90,-0.158,0.1758,-0.1192,0.2607,layer_1
min_rankme,col_norm,8,per_ckpt,199B,90,0.0676,0.6454,-0.0444,0.6943,layer_1
min_rankme,col_norm,8,per_ckpt,231B,90,0.0466,0.7732,-0.0098,0.957,layer_1
min_rankme,col_norm,8,per_ckpt,262B,90,-0.1248,0.3077,-0.0446,0.7073,layer_1
min_rankme,col_norm,8,per_ckpt,294B,90,-0.0894,0.1858,-0.0587,0.3177,layer_1
min_rankme,col_norm,8,per_ckpt,325B,90,0.1425,0.1149,0.152,0.0619,layer_1
min_rankme,col_norm,8,per_ckpt,352B,90,-0.001,0.994,0.0021,0.987,layer_1
min_rankme,col_norm,8,per_ckpt,384B,90,-0.0045,0.966,-0.0018,0.99,layer_1
min_rankme,col_norm,8,per_ckpt,415B,90,0.1939,0.1249,0.1186,0.3307,layer_1
min_rankme,col_norm,8,per_ckpt,447B,90,0.1343,0.0689,0.1287,0.1518,layer_1
min_rankme,col_norm,8,per_ckpt,478B,90,0.1048,0.3387,0.0779,0.5015,layer_1
min_rankme,col_norm,8,per_ckpt,510B,90,-0.0031,0.987,0.0083,0.977,layer_1
min_rankme,col_norm,8,per_ckpt,541B,90,-0.0519,0.6713,0.0168,0.8831,layer_1
min_rankme,col_norm,8,per_ckpt,573B,90,0.0316,0.7003,0.0407,0.6454,layer_1
min_rankme,col_norm,8,per_ckpt,main,90,0.0953,0.3167,0.1421,0.1309,layer_1
norm_asym,row_norm,4,per_ckpt,10B,90,0.099,0.6484,0.0947,0.6763,layer_1
norm_asym,row_norm,4,per_ckpt,42B,90,0.068,0.6224,0.0883,0.5704,layer_1
norm_asym,row_norm,4,per_ckpt,73B,90,-0.3347,0.1329,-0.3316,0.1449,layer_1
norm_asym,row_norm,4,per_ckpt,105B,90,-0.1571,0.5185,-0.1445,0.5504,layer_1
norm_asym,row_norm,4,per_ckpt,136B,90,-0.1012,0.6853,-0.095,0.7213,layer_1
norm_asym,row_norm,4,per_ckpt,168B,90,-0.0486,0.8182,-0.015,0.9481,layer_1
norm_asym,row_norm,4,per_ckpt,199B,90,-0.2681,0.2268,-0.252,0.2478,layer_1
norm_asym,row_norm,4,per_ckpt,231B,90,-0.3514,0.0699,-0.3445,0.0829,layer_1
norm_asym,row_norm,4,per_ckpt,262B,90,-0.1344,0.5275,-0.1287,0.5954,layer_1
norm_asym,row_norm,4,per_ckpt,294B,90,-0.0432,0.8511,-0.0326,0.8981,layer_1
norm_asym,row_norm,4,per_ckpt,325B,90,-0.0257,0.9051,0.022,0.9271,layer_1
norm_asym,row_norm,4,per_ckpt,352B,90,-0.0555,0.8252,-0.0895,0.7153,layer_1
norm_asym,row_norm,4,per_ckpt,384B,90,-0.024,0.9191,-0.0403,0.8641,layer_1
norm_asym,row_norm,4,per_ckpt,415B,90,-0.2712,0.2488,-0.2893,0.2318,layer_1
norm_asym,row_norm,4,per_ckpt,447B,90,-0.318,0.1628,-0.316,0.1658,layer_1
norm_asym,row_norm,4,per_ckpt,478B,90,-0.1764,0.4695,-0.172,0.4845,layer_1
norm_asym,row_norm,4,per_ckpt,510B,90,0.0513,0.6214,-0.005,0.9441,layer_1
norm_asym,row_norm,4,per_ckpt,541B,90,0.1007,0.6833,0.0483,0.8621,layer_1
norm_asym,row_norm,4,per_ckpt,573B,90,-0.246,0.3377,-0.267,0.3297,layer_1
norm_asym,row_norm,4,per_ckpt,main,90,0.0454,0.7782,0.024,0.8771,layer_1
norm_asym,row_norm,8,per_ckpt,10B,90,-0.0921,0.6074,-0.1378,0.4765,layer_1
norm_asym,row_norm,8,per_ckpt,42B,90,0.0049,0.981,0.0116,0.951,layer_1
norm_asym,row_norm,8,per_ckpt,73B,90,-0.1465,0.4965,-0.1579,0.4795,layer_1
norm_asym,row_norm,8,per_ckpt,105B,90,-0.1236,0.6653,-0.1979,0.5465,layer_1
norm_asym,row_norm,8,per_ckpt,136B,90,0.2307,0.2248,0.1972,0.3367,layer_1
norm_asym,row_norm,8,per_ckpt,168B,90,-0.0709,0.5934,-0.0365,0.7882,layer_1
norm_asym,row_norm,8,per_ckpt,199B,90,-0.0995,0.7033,-0.1196,0.6484,layer_1
norm_asym,row_norm,8,per_ckpt,231B,90,-0.3627,0.0699,-0.3627,0.0769,layer_1
norm_asym,row_norm,8,per_ckpt,262B,90,0.3357,0.1219,0.3172,0.1309,layer_1
norm_asym,row_norm,8,per_ckpt,294B,90,0.244,0.1698,0.2293,0.2138,layer_1
norm_asym,row_norm,8,per_ckpt,325B,90,-0.1315,0.6044,-0.1969,0.4456,layer_1
norm_asym,row_norm,8,per_ckpt,352B,90,-0.2113,0.3457,-0.2057,0.3596,layer_1
norm_asym,row_norm,8,per_ckpt,384B,90,-0.1982,0.3526,-0.1924,0.3596,layer_1
norm_asym,row_norm,8,per_ckpt,415B,90,-0.1933,0.3896,-0.1989,0.3926,layer_1
norm_asym,row_norm,8,per_ckpt,447B,90,0.1121,0.6014,0.0931,0.6633,layer_1
norm_asym,row_norm,8,per_ckpt,478B,90,-0.04,0.8741,-0.0411,0.8681,layer_1
norm_asym,row_norm,8,per_ckpt,510B,90,0.1017,0.6044,0.0442,0.8062,layer_1
norm_asym,row_norm,8,per_ckpt,541B,90,-0.0699,0.7473,-0.0984,0.6833,layer_1
norm_asym,row_norm,8,per_ckpt,573B,90,-0.0473,0.8262,-0.0816,0.7303,layer_1
norm_asym,row_norm,8,per_ckpt,main,90,0.0624,0.7952,0.0541,0.8152,layer_1
norm_asym,col_norm,4,per_ckpt,10B,90,-0.2126,0.4715,-0.1906,0.5285,layer_1
norm_asym,col_norm,4,per_ckpt,42B,90,-0.0225,0.9451,0.0204,0.952,layer_1
norm_asym,col_norm,4,per_ckpt,73B,90,0.0489,0.8881,0.0784,0.8142,layer_1
norm_asym,col_norm,4,per_ckpt,105B,90,0.0024,0.993,0.0129,0.965,layer_1
norm_asym,col_norm,4,per_ckpt,136B,90,-0.4258,0.1239,-0.4209,0.1319,layer_1
norm_asym,col_norm,4,per_ckpt,168B,90,-0.2144,0.4615,-0.2047,0.4795,layer_1
norm_asym,col_norm,4,per_ckpt,199B,90,0.3846,0.1718,0.3855,0.1708,layer_1
norm_asym,col_norm,4,per_ckpt,231B,90,0.4174,0.1788,0.421,0.1928,layer_1
norm_asym,col_norm,4,per_ckpt,262B,90,-0.2646,0.2787,-0.2677,0.2757,layer_1
norm_asym,col_norm,4,per_ckpt,294B,90,-0.3762,0.1638,-0.4001,0.1469,layer_1
norm_asym,col_norm,4,per_ckpt,325B,90,-0.3376,0.2378,-0.3596,0.2268,layer_1
norm_asym,col_norm,4,per_ckpt,352B,90,-0.2722,0.3546,-0.2687,0.3656,layer_1
norm_asym,col_norm,4,per_ckpt,384B,90,-0.1233,0.6394,-0.1262,0.6314,layer_1
norm_asym,col_norm,4,per_ckpt,415B,90,-0.0634,0.8042,-0.0887,0.7413,layer_1
norm_asym,col_norm,4,per_ckpt,447B,90,0.2215,0.4336,0.1817,0.5345,layer_1
norm_asym,col_norm,4,per_ckpt,478B,90,-0.3665,0.2038,-0.3607,0.2118,layer_1
norm_asym,col_norm,4,per_ckpt,510B,90,-0.2385,0.4366,-0.2476,0.4276,layer_1
norm_asym,col_norm,4,per_ckpt,541B,90,-0.0021,0.997,0.0021,0.988,layer_1
norm_asym,col_norm,4,per_ckpt,573B,90,-0.3904,0.1848,-0.405,0.1618,layer_1
norm_asym,col_norm,4,per_ckpt,main,90,-0.384,0.1778,-0.4012,0.1598,layer_1
norm_asym,col_norm,8,per_ckpt,10B,90,-0.2049,0.4236,-0.2133,0.4076,layer_1
norm_asym,col_norm,8,per_ckpt,42B,90,-0.668,0.006,-0.6495,0.006,layer_1
norm_asym,col_norm,8,per_ckpt,73B,90,-0.1928,0.4895,-0.2356,0.4016,layer_1
norm_asym,col_norm,8,per_ckpt,105B,90,-0.2714,0.2488,-0.2835,0.2498,layer_1
norm_asym,col_norm,8,per_ckpt,136B,90,-0.5845,0.0629,-0.6104,0.0539,layer_1
norm_asym,col_norm,8,per_ckpt,168B,90,-0.3107,0.2468,-0.3057,0.2717,layer_1
norm_asym,col_norm,8,per_ckpt,199B,90,-0.4826,0.037,-0.4739,0.04,layer_1
norm_asym,col_norm,8,per_ckpt,231B,90,-0.0361,0.8821,-0.0285,0.9091,layer_1
norm_asym,col_norm,8,per_ckpt,262B,90,0.0722,0.8022,0.107,0.7173,layer_1
norm_asym,col_norm,8,per_ckpt,294B,90,-0.1992,0.5475,-0.2333,0.5195,layer_1
norm_asym,col_norm,8,per_ckpt,325B,90,-0.0555,0.8621,-0.0728,0.8322,layer_1
norm_asym,col_norm,8,per_ckpt,352B,90,-0.255,0.3556,-0.2251,0.4256,layer_1
norm_asym,col_norm,8,per_ckpt,384B,90,0.065,0.8282,-0.0044,0.994,layer_1
norm_asym,col_norm,8,per_ckpt,415B,90,-0.3359,0.1898,-0.3594,0.1778,layer_1
norm_asym,col_norm,8,per_ckpt,447B,90,-0.2561,0.4026,-0.249,0.4146,layer_1
norm_asym,col_norm,8,per_ckpt,478B,90,0.2667,0.3337,0.2473,0.3616,layer_1
norm_asym,col_norm,8,per_ckpt,510B,90,-0.2968,0.1229,-0.271,0.1678,layer_1
norm_asym,col_norm,8,per_ckpt,541B,90,0.1471,0.6154,0.143,0.6324,layer_1
norm_asym,col_norm,8,per_ckpt,573B,90,-0.1729,0.5974,-0.1092,0.7662,layer_1
norm_asym,col_norm,8,per_ckpt,main,90,-0.0944,0.7473,-0.0904,0.7582,layer_1
abs_diff,row_norm,4,pooled,,1800,0.1337,0.0,0.1277,0.0,layer_2
abs_diff,row_norm,8,pooled,,1800,0.0238,0.3131,0.0165,0.4854,layer_2
abs_diff,col_norm,4,pooled,,1800,0.0975,0.0,0.0904,0.0001,layer_2
abs_diff,col_norm,8,pooled,,1800,0.0213,0.3655,0.012,0.612,layer_2
signed_diff,row_norm,4,pooled,,1800,-0.0636,0.007,-0.0616,0.009,layer_2
signed_diff,row_norm,8,pooled,,1800,-0.003,0.8983,-0.0177,0.4518,layer_2
signed_diff,col_norm,4,pooled,,1800,-0.0927,0.0001,-0.1061,0.0,layer_2
signed_diff,col_norm,8,pooled,,1800,-0.1269,0.0,-0.1015,0.0,layer_2
min_rankme,row_norm,4,pooled,,1800,-0.0073,0.7559,-0.0095,0.687,layer_2
min_rankme,row_norm,8,pooled,,1800,0.0655,0.0054,0.0648,0.0059,layer_2
min_rankme,col_norm,4,pooled,,1800,-0.0137,0.5614,-0.006,0.7978,layer_2
min_rankme,col_norm,8,pooled,,1800,0.0441,0.0612,0.0539,0.0222,layer_2
norm_asym,row_norm,4,pooled,,1800,-0.11,0.0,-0.1246,0.0,layer_2
norm_asym,row_norm,8,pooled,,1800,0.0215,0.3619,0.0217,0.3585,layer_2
norm_asym,col_norm,4,pooled,,1800,-0.0732,0.0019,-0.0627,0.0078,layer_2
norm_asym,col_norm,8,pooled,,1800,-0.159,0.0,-0.1408,0.0,layer_2
abs_diff,row_norm,4,per_ckpt,10B,90,0.1879,0.028,0.1873,0.038,layer_2
abs_diff,row_norm,4,per_ckpt,42B,90,0.2674,0.014,0.2312,0.049,layer_2
abs_diff,row_norm,4,per_ckpt,73B,90,0.0738,0.5115,0.0837,0.4306,layer_2
abs_diff,row_norm,4,per_ckpt,105B,90,0.1378,0.2288,0.205,0.1169,layer_2
abs_diff,row_norm,4,per_ckpt,136B,90,0.1771,0.1019,0.2194,0.0559,layer_2
abs_diff,row_norm,4,per_ckpt,168B,90,0.0283,0.8052,0.1435,0.2148,layer_2
abs_diff,row_norm,4,per_ckpt,199B,90,-0.1147,0.3317,-0.0869,0.5125,layer_2
abs_diff,row_norm,4,per_ckpt,231B,90,-0.0041,0.976,-0.004,0.975,layer_2
abs_diff,row_norm,4,per_ckpt,262B,90,0.1551,0.1918,0.1441,0.2707,layer_2
abs_diff,row_norm,4,per_ckpt,294B,90,-0.0491,0.7662,-0.1024,0.5065,layer_2
abs_diff,row_norm,4,per_ckpt,325B,90,0.1019,0.4895,0.0997,0.5075,layer_2
abs_diff,row_norm,4,per_ckpt,352B,90,-0.0423,0.7333,-0.0524,0.7083,layer_2
abs_diff,row_norm,4,per_ckpt,384B,90,0.1728,0.0919,0.2217,0.038,layer_2
abs_diff,row_norm,4,per_ckpt,415B,90,0.1425,0.1708,0.1768,0.1109,layer_2
abs_diff,row_norm,4,per_ckpt,447B,90,-0.0823,0.5105,-0.0765,0.5714,layer_2
abs_diff,row_norm,4,per_ckpt,478B,90,0.2081,0.0699,0.2005,0.0919,layer_2
abs_diff,row_norm,4,per_ckpt,510B,90,0.0108,0.9401,0.0626,0.7033,layer_2
abs_diff,row_norm,4,per_ckpt,541B,90,0.0048,0.962,0.0028,0.971,layer_2
abs_diff,row_norm,4,per_ckpt,573B,90,0.0214,0.8332,0.0247,0.8222,layer_2
abs_diff,row_norm,4,per_ckpt,main,90,-0.1135,0.3397,-0.0601,0.6583,layer_2
abs_diff,row_norm,8,per_ckpt,10B,90,0.0604,0.5824,0.0405,0.7343,layer_2
abs_diff,row_norm,8,per_ckpt,42B,90,0.1363,0.2448,0.1453,0.2547,layer_2
abs_diff,row_norm,8,per_ckpt,73B,90,-0.2194,0.0529,-0.2116,0.0909,layer_2
abs_diff,row_norm,8,per_ckpt,105B,90,0.1339,0.0979,0.1044,0.2158,layer_2
abs_diff,row_norm,8,per_ckpt,136B,90,0.13,0.3017,0.1058,0.4206,layer_2
abs_diff,row_norm,8,per_ckpt,168B,90,-0.0594,0.6723,-0.0348,0.8222,layer_2
abs_diff,row_norm,8,per_ckpt,199B,90,0.0098,0.9241,-0.0025,0.978,layer_2
abs_diff,row_norm,8,per_ckpt,231B,90,-0.023,0.8511,-0.0394,0.7562,layer_2
abs_diff,row_norm,8,per_ckpt,262B,90,0.1058,0.3686,0.0968,0.4555,layer_2
abs_diff,row_norm,8,per_ckpt,294B,90,0.0084,0.9331,-0.0369,0.7542,layer_2
abs_diff,row_norm,8,per_ckpt,325B,90,-0.161,0.0909,-0.0874,0.3427,layer_2
abs_diff,row_norm,8,per_ckpt,352B,90,0.0337,0.7742,0.0271,0.8042,layer_2
abs_diff,row_norm,8,per_ckpt,384B,90,-0.1457,0.2517,-0.1298,0.3536,layer_2
abs_diff,row_norm,8,per_ckpt,415B,90,-0.2013,0.0919,-0.24,0.042,layer_2
abs_diff,row_norm,8,per_ckpt,447B,90,-0.0859,0.3996,-0.0846,0.4456,layer_2
abs_diff,row_norm,8,per_ckpt,478B,90,-0.1833,0.0549,-0.1679,0.1069,layer_2
abs_diff,row_norm,8,per_ckpt,510B,90,0.1067,0.4256,0.0689,0.6234,layer_2
abs_diff,row_norm,8,per_ckpt,541B,90,0.1371,0.2747,0.1636,0.2218,layer_2
abs_diff,row_norm,8,per_ckpt,573B,90,0.0101,0.9371,0.0319,0.8262,layer_2
abs_diff,row_norm,8,per_ckpt,main,90,-0.0577,0.5415,-0.1163,0.2987,layer_2
abs_diff,col_norm,4,per_ckpt,10B,90,0.0833,0.0799,0.0957,0.0579,layer_2
abs_diff,col_norm,4,per_ckpt,42B,90,0.1043,0.016,0.1022,0.023,layer_2
abs_diff,col_norm,4,per_ckpt,73B,90,0.0423,0.5514,0.0524,0.4685,layer_2
abs_diff,col_norm,4,per_ckpt,105B,90,0.0733,0.3157,0.1331,0.1159,layer_2
abs_diff,col_norm,4,per_ckpt,136B,90,0.2095,0.029,0.1883,0.0529,layer_2
abs_diff,col_norm,4,per_ckpt,168B,90,0.037,0.6224,0.0878,0.2537,layer_2
abs_diff,col_norm,4,per_ckpt,199B,90,-0.0537,0.4955,-0.0583,0.5095,layer_2
abs_diff,col_norm,4,per_ckpt,231B,90,-0.016,0.7862,-0.0009,0.991,layer_2
abs_diff,col_norm,4,per_ckpt,262B,90,0.1643,0.1399,0.134,0.2687,layer_2
abs_diff,col_norm,4,per_ckpt,294B,90,-0.0559,0.6174,-0.0842,0.4825,layer_2
abs_diff,col_norm,4,per_ckpt,325B,90,0.0782,0.4446,0.0731,0.5005,layer_2
abs_diff,col_norm,4,per_ckpt,352B,90,-0.044,0.5894,-0.0355,0.7123,layer_2
abs_diff,col_norm,4,per_ckpt,384B,90,0.1663,0.0569,0.1931,0.038,layer_2
abs_diff,col_norm,4,per_ckpt,415B,90,0.1577,0.1069,0.1704,0.0989,layer_2
abs_diff,col_norm,4,per_ckpt,447B,90,-0.0751,0.4735,-0.0638,0.5465,layer_2
abs_diff,col_norm,4,per_ckpt,478B,90,0.1834,0.0629,0.1778,0.0979,layer_2
abs_diff,col_norm,4,per_ckpt,510B,90,0.0064,0.9371,0.031,0.7373,layer_2
abs_diff,col_norm,4,per_ckpt,541B,90,0.0179,0.8571,0.0062,0.953,layer_2
abs_diff,col_norm,4,per_ckpt,573B,90,0.004,0.9481,0.0236,0.7552,layer_2
abs_diff,col_norm,4,per_ckpt,main,90,-0.0487,0.5185,-0.0391,0.6533,layer_2
abs_diff,col_norm,8,per_ckpt,10B,90,0.0736,0.3926,0.0362,0.6943,layer_2
abs_diff,col_norm,8,per_ckpt,42B,90,0.1178,0.1039,0.0973,0.2308,layer_2
abs_diff,col_norm,8,per_ckpt,73B,90,-0.1894,0.038,-0.1759,0.0819,layer_2
abs_diff,col_norm,8,per_ckpt,105B,90,0.1359,0.1269,0.1252,0.1878,layer_2
abs_diff,col_norm,8,per_ckpt,136B,90,0.0522,0.3836,0.0576,0.3407,layer_2
abs_diff,col_norm,8,per_ckpt,168B,90,0.0235,0.7872,-0.0179,0.8511,layer_2
abs_diff,col_norm,8,per_ckpt,199B,90,-0.0468,0.6444,-0.0009,0.993,layer_2
abs_diff,col_norm,8,per_ckpt,231B,90,-0.0425,0.6474,-0.0356,0.7323,layer_2
abs_diff,col_norm,8,per_ckpt,262B,90,0.0728,0.4376,0.0766,0.4695,layer_2
abs_diff,col_norm,8,per_ckpt,294B,90,-0.028,0.6034,-0.0243,0.6543,layer_2
abs_diff,col_norm,8,per_ckpt,325B,90,-0.0565,0.4545,-0.0716,0.3317,layer_2
abs_diff,col_norm,8,per_ckpt,352B,90,0.0403,0.6543,0.0191,0.8242,layer_2
abs_diff,col_norm,8,per_ckpt,384B,90,-0.0918,0.2977,-0.0995,0.3497,layer_2
abs_diff,col_norm,8,per_ckpt,415B,90,-0.1406,0.1508,-0.1979,0.037,layer_2
abs_diff,col_norm,8,per_ckpt,447B,90,-0.0522,0.4625,-0.0661,0.4176,layer_2
abs_diff,col_norm,8,per_ckpt,478B,90,-0.1204,0.1299,-0.1365,0.1389,layer_2
abs_diff,col_norm,8,per_ckpt,510B,90,0.1209,0.3377,0.0689,0.6204,layer_2
abs_diff,col_norm,8,per_ckpt,541B,90,0.1709,0.0549,0.1149,0.2537,layer_2
abs_diff,col_norm,8,per_ckpt,573B,90,-0.0013,0.991,0.0167,0.8392,layer_2
abs_diff,col_norm,8,per_ckpt,main,90,-0.043,0.6054,-0.088,0.3017,layer_2
signed_diff,row_norm,4,per_ckpt,10B,90,0.1503,0.4955,0.1509,0.4885,layer_2
signed_diff,row_norm,4,per_ckpt,42B,90,0.035,0.8172,0.0709,0.6713,layer_2
signed_diff,row_norm,4,per_ckpt,73B,90,-0.3509,0.1109,-0.362,0.0999,layer_2
signed_diff,row_norm,4,per_ckpt,105B,90,-0.1155,0.6424,-0.0885,0.7373,layer_2
signed_diff,row_norm,4,per_ckpt,136B,90,-0.0127,0.957,-0.0132,0.9471,layer_2
signed_diff,row_norm,4,per_ckpt,168B,90,0.0011,0.997,0.0485,0.8422,layer_2
signed_diff,row_norm,4,per_ckpt,199B,90,-0.2771,0.2068,-0.271,0.2138,layer_2
signed_diff,row_norm,4,per_ckpt,231B,90,-0.3425,0.0699,-0.3374,0.0799,layer_2
signed_diff,row_norm,4,per_ckpt,262B,90,-0.1269,0.5584,-0.1418,0.5345,layer_2
signed_diff,row_norm,4,per_ckpt,294B,90,-0.0817,0.7223,-0.0869,0.7153,layer_2
signed_diff,row_norm,4,per_ckpt,325B,90,0.0247,0.8961,0.0773,0.7343,layer_2
signed_diff,row_norm,4,per_ckpt,352B,90,-0.1549,0.4905,-0.1733,0.4595,layer_2
signed_diff,row_norm,4,per_ckpt,384B,90,0.0136,0.953,-0.0033,0.987,layer_2
signed_diff,row_norm,4,per_ckpt,415B,90,-0.1262,0.5864,-0.1637,0.4935,layer_2
signed_diff,row_norm,4,per_ckpt,447B,90,-0.3084,0.1688,-0.3062,0.1788,layer_2
signed_diff,row_norm,4,per_ckpt,478B,90,-0.0728,0.7702,-0.0566,0.8232,layer_2
signed_diff,row_norm,4,per_ckpt,510B,90,0.0342,0.7522,-0.0301,0.7652,layer_2
signed_diff,row_norm,4,per_ckpt,541B,90,0.2261,0.3407,0.1904,0.4496,layer_2
signed_diff,row_norm,4,per_ckpt,573B,90,-0.1799,0.4885,-0.1923,0.4725,layer_2
signed_diff,row_norm,4,per_ckpt,main,90,0.0771,0.6334,0.0326,0.8352,layer_2
signed_diff,row_norm,8,per_ckpt,10B,90,-0.0506,0.7732,-0.1036,0.6074,layer_2
signed_diff,row_norm,8,per_ckpt,42B,90,0.0375,0.8282,0.068,0.6753,layer_2
signed_diff,row_norm,8,per_ckpt,73B,90,-0.1403,0.5115,-0.1653,0.4735,layer_2
signed_diff,row_norm,8,per_ckpt,105B,90,-0.0949,0.7463,-0.158,0.6004,layer_2
signed_diff,row_norm,8,per_ckpt,136B,90,0.2382,0.2128,0.2323,0.2448,layer_2
signed_diff,row_norm,8,per_ckpt,168B,90,-0.0029,0.987,0.0371,0.7862,layer_2
signed_diff,row_norm,8,per_ckpt,199B,90,-0.0359,0.8981,-0.0254,0.9221,layer_2
signed_diff,row_norm,8,per_ckpt,231B,90,-0.3526,0.0689,-0.3565,0.0779,layer_2
signed_diff,row_norm,8,per_ckpt,262B,90,0.4239,0.035,0.4309,0.028,layer_2
signed_diff,row_norm,8,per_ckpt,294B,90,0.3044,0.0599,0.2981,0.0739,layer_2
signed_diff,row_norm,8,per_ckpt,325B,90,-0.1178,0.6484,-0.1675,0.5355,layer_2
signed_diff,row_norm,8,per_ckpt,352B,90,-0.1104,0.6284,-0.1141,0.6184,layer_2
signed_diff,row_norm,8,per_ckpt,384B,90,-0.2487,0.2567,-0.2357,0.2777,layer_2
signed_diff,row_norm,8,per_ckpt,415B,90,-0.1259,0.5704,-0.1358,0.5564,layer_2
signed_diff,row_norm,8,per_ckpt,447B,90,0.1215,0.5564,0.0976,0.6374,layer_2
signed_diff,row_norm,8,per_ckpt,478B,90,-0.0353,0.8951,-0.0197,0.9461,layer_2
signed_diff,row_norm,8,per_ckpt,510B,90,0.1211,0.5534,0.0745,0.7323,layer_2
signed_diff,row_norm,8,per_ckpt,541B,90,0.0301,0.8901,0.0288,0.8951,layer_2
signed_diff,row_norm,8,per_ckpt,573B,90,-0.0096,0.963,-0.0091,0.966,layer_2
signed_diff,row_norm,8,per_ckpt,main,90,0.0648,0.8042,0.0439,0.8581,layer_2
signed_diff,col_norm,4,per_ckpt,10B,90,-0.1988,0.4995,-0.2049,0.4915,layer_2
signed_diff,col_norm,4,per_ckpt,42B,90,0.0018,0.994,0.0308,0.9251,layer_2
signed_diff,col_norm,4,per_ckpt,73B,90,-0.0047,0.99,-0.0042,0.989,layer_2
signed_diff,col_norm,4,per_ckpt,105B,90,-0.1104,0.6993,-0.1438,0.6334,layer_2
signed_diff,col_norm,4,per_ckpt,136B,90,-0.4051,0.1299,-0.4336,0.1139,layer_2
signed_diff,col_norm,4,per_ckpt,168B,90,-0.1796,0.5455,-0.1639,0.5904,layer_2
signed_diff,col_norm,4,per_ckpt,199B,90,0.4788,0.0879,0.4648,0.1009,layer_2
signed_diff,col_norm,4,per_ckpt,231B,90,0.4494,0.1299,0.4371,0.1648,layer_2
signed_diff,col_norm,4,per_ckpt,262B,90,-0.1868,0.4615,-0.1575,0.5345,layer_2
signed_diff,col_norm,4,per_ckpt,294B,90,-0.2695,0.3237,-0.2933,0.3007,layer_2
signed_diff,col_norm,4,per_ckpt,325B,90,-0.2451,0.3986,-0.2548,0.3926,layer_2
signed_diff,col_norm,4,per_ckpt,352B,90,-0.097,0.7502,-0.1096,0.7263,layer_2
signed_diff,col_norm,4,per_ckpt,384B,90,-0.1766,0.4975,-0.1816,0.4925,layer_2
signed_diff,col_norm,4,per_ckpt,415B,90,-0.1187,0.6464,-0.158,0.5445,layer_2
signed_diff,col_norm,4,per_ckpt,447B,90,0.2652,0.3257,0.1925,0.5165,layer_2
signed_diff,col_norm,4,per_ckpt,478B,90,-0.2894,0.3137,-0.2798,0.3427,layer_2
signed_diff,col_norm,4,per_ckpt,510B,90,-0.1963,0.5225,-0.2082,0.5055,layer_2
signed_diff,col_norm,4,per_ckpt,541B,90,0.0733,0.7522,0.0728,0.7772,layer_2
signed_diff,col_norm,4,per_ckpt,573B,90,-0.2898,0.3327,-0.3126,0.2937,layer_2
signed_diff,col_norm,4,per_ckpt,main,90,-0.2762,0.3377,-0.3036,0.2897,layer_2
signed_diff,col_norm,8,per_ckpt,10B,90,-0.2652,0.3047,-0.2576,0.3247,layer_2
signed_diff,col_norm,8,per_ckpt,42B,90,-0.6023,0.021,-0.5754,0.032,layer_2
signed_diff,col_norm,8,per_ckpt,73B,90,-0.2065,0.4535,-0.2206,0.4366,layer_2
signed_diff,col_norm,8,per_ckpt,105B,90,-0.3107,0.1988,-0.3332,0.1908,layer_2
signed_diff,col_norm,8,per_ckpt,136B,90,-0.595,0.0509,-0.5905,0.0589,layer_2
signed_diff,col_norm,8,per_ckpt,168B,90,-0.3213,0.2358,-0.3247,0.2577,layer_2
signed_diff,col_norm,8,per_ckpt,199B,90,-0.5502,0.008,-0.5369,0.009,layer_2
signed_diff,col_norm,8,per_ckpt,231B,90,-0.0128,0.968,0.0066,0.987,layer_2
signed_diff,col_norm,8,per_ckpt,262B,90,-0.0772,0.7912,-0.0531,0.8561,layer_2
signed_diff,col_norm,8,per_ckpt,294B,90,-0.1711,0.5974,-0.1683,0.6024,layer_2
signed_diff,col_norm,8,per_ckpt,325B,90,-0.0234,0.9381,-0.0465,0.8821,layer_2
signed_diff,col_norm,8,per_ckpt,352B,90,-0.2274,0.4046,-0.2061,0.4545,layer_2
signed_diff,col_norm,8,per_ckpt,384B,90,0.138,0.6434,0.0972,0.7473,layer_2
signed_diff,col_norm,8,per_ckpt,415B,90,-0.2357,0.3806,-0.2487,0.3736,layer_2
signed_diff,col_norm,8,per_ckpt,447B,90,-0.0999,0.7383,-0.09,0.7702,layer_2
signed_diff,col_norm,8,per_ckpt,478B,90,0.358,0.2028,0.3382,0.2288,layer_2
signed_diff,col_norm,8,per_ckpt,510B,90,-0.2483,0.2168,-0.2252,0.2667,layer_2
signed_diff,col_norm,8,per_ckpt,541B,90,0.1475,0.5964,0.1353,0.6404,layer_2
signed_diff,col_norm,8,per_ckpt,573B,90,-0.2582,0.4166,-0.2073,0.5285,layer_2
signed_diff,col_norm,8,per_ckpt,main,90,-0.0859,0.7742,-0.0794,0.8002,layer_2
min_rankme,row_norm,4,per_ckpt,10B,90,0.0284,0.8631,0.1026,0.4545,layer_2
min_rankme,row_norm,4,per_ckpt,42B,90,0.0499,0.7502,0.0541,0.7542,layer_2
min_rankme,row_norm,4,per_ckpt,73B,90,-0.1862,0.3027,-0.1287,0.4735,layer_2
min_rankme,row_norm,4,per_ckpt,105B,90,-0.0369,0.8362,-0.0543,0.7453,layer_2
min_rankme,row_norm,4,per_ckpt,136B,90,-0.1442,0.3477,-0.1989,0.1918,layer_2
min_rankme,row_norm,4,per_ckpt,168B,90,-0.1145,0.5155,-0.082,0.6324,layer_2
min_rankme,row_norm,4,per_ckpt,199B,90,-0.1994,0.2288,-0.3002,0.0589,layer_2
min_rankme,row_norm,4,per_ckpt,231B,90,-0.1175,0.5145,-0.1971,0.2278,layer_2
min_rankme,row_norm,4,per_ckpt,262B,90,-0.2089,0.2408,-0.3181,0.049,layer_2
min_rankme,row_norm,4,per_ckpt,294B,90,0.0247,0.9051,0.0261,0.9051,layer_2
min_rankme,row_norm,4,per_ckpt,325B,90,-0.0003,0.998,0.1168,0.5265,layer_2
min_rankme,row_norm,4,per_ckpt,352B,90,-0.049,0.7732,-0.1396,0.3606,layer_2
min_rankme,row_norm,4,per_ckpt,384B,90,-0.0544,0.6553,-0.0711,0.5694,layer_2
min_rankme,row_norm,4,per_ckpt,415B,90,-0.2069,0.1189,-0.172,0.2148,layer_2
min_rankme,row_norm,4,per_ckpt,447B,90,-0.2319,0.1558,-0.2555,0.1149,layer_2
min_rankme,row_norm,4,per_ckpt,478B,90,-0.2508,0.0819,-0.2109,0.1359,layer_2
min_rankme,row_norm,4,per_ckpt,510B,90,-0.1202,0.5255,-0.2246,0.2108,layer_2
min_rankme,row_norm,4,per_ckpt,541B,90,0.0504,0.6933,0.0797,0.4795,layer_2
min_rankme,row_norm,4,per_ckpt,573B,90,-0.2336,0.0819,-0.2094,0.1139,layer_2
min_rankme,row_norm,4,per_ckpt,main,90,0.0103,0.9491,-0.0998,0.5395,layer_2
min_rankme,row_norm,8,per_ckpt,10B,90,-0.2643,0.1788,-0.2162,0.2148,layer_2
min_rankme,row_norm,8,per_ckpt,42B,90,0.2809,0.0969,0.2384,0.1369,layer_2
min_rankme,row_norm,8,per_ckpt,73B,90,0.2562,0.1818,0.1813,0.3137,layer_2
min_rankme,row_norm,8,per_ckpt,105B,90,-0.1484,0.1998,-0.132,0.1858,layer_2
min_rankme,row_norm,8,per_ckpt,136B,90,0.2584,0.1109,0.2932,0.0579,layer_2
min_rankme,row_norm,8,per_ckpt,168B,90,-0.253,0.1558,-0.2517,0.1359,layer_2
min_rankme,row_norm,8,per_ckpt,199B,90,-0.0084,0.964,-0.0032,0.977,layer_2
min_rankme,row_norm,8,per_ckpt,231B,90,-0.0262,0.8841,-0.1034,0.5664,layer_2
min_rankme,row_norm,8,per_ckpt,262B,90,-0.102,0.5145,-0.0461,0.7682,layer_2
min_rankme,row_norm,8,per_ckpt,294B,90,-0.1684,0.1738,-0.114,0.3766,layer_2
min_rankme,row_norm,8,per_ckpt,325B,90,0.2087,0.05,0.1991,0.047,layer_2
min_rankme,row_norm,8,per_ckpt,352B,90,-0.0208,0.8921,0.0465,0.7203,layer_2
min_rankme,row_norm,8,per_ckpt,384B,90,0.0172,0.9111,-0.0219,0.8941,layer_2
min_rankme,row_norm,8,per_ckpt,415B,90,0.2029,0.1938,0.2221,0.1099,layer_2
min_rankme,row_norm,8,per_ckpt,447B,90,0.2041,0.0569,0.1991,0.0939,layer_2
min_rankme,row_norm,8,per_ckpt,478B,90,0.1875,0.1329,0.1024,0.4316,layer_2
min_rankme,row_norm,8,per_ckpt,510B,90,0.0071,0.965,0.0157,0.9361,layer_2
min_rankme,row_norm,8,per_ckpt,541B,90,-0.0668,0.7073,-0.0701,0.6643,layer_2
min_rankme,row_norm,8,per_ckpt,573B,90,0.0332,0.8501,-0.0057,0.973,layer_2
min_rankme,row_norm,8,per_ckpt,main,90,0.1635,0.1598,0.1361,0.2667,layer_2
min_rankme,col_norm,4,per_ckpt,10B,90,0.0296,0.7153,0.0691,0.3746,layer_2
min_rankme,col_norm,4,per_ckpt,42B,90,0.0202,0.7393,0.0263,0.7133,layer_2
min_rankme,col_norm,4,per_ckpt,73B,90,-0.0976,0.4126,-0.0823,0.4975,layer_2
min_rankme,col_norm,4,per_ckpt,105B,90,-0.0231,0.8222,-0.037,0.7293,layer_2
min_rankme,col_norm,4,per_ckpt,136B,90,-0.1094,0.4116,-0.172,0.1778,layer_2
min_rankme,col_norm,4,per_ckpt,168B,90,-0.0469,0.6693,-0.0474,0.6723,layer_2
min_rankme,col_norm,4,per_ckpt,199B,90,-0.1582,0.1369,-0.197,0.0619,layer_2
min_rankme,col_norm,4,per_ckpt,231B,90,-0.0416,0.6114,-0.094,0.2448,layer_2
min_rankme,col_norm,4,per_ckpt,262B,90,-0.2472,0.1099,-0.2933,0.044,layer_2
min_rankme,col_norm,4,per_ckpt,294B,90,0.0404,0.7882,0.0243,0.8891,layer_2
min_rankme,col_norm,4,per_ckpt,325B,90,-0.0004,0.999,0.081,0.5445,layer_2
min_rankme,col_norm,4,per_ckpt,352B,90,-0.0349,0.7872,-0.0997,0.3497,layer_2
min_rankme,col_norm,4,per_ckpt,384B,90,-0.0543,0.5974,-0.0563,0.5994,layer_2
min_rankme,col_norm,4,per_ckpt,415B,90,-0.2179,0.0849,-0.162,0.2158,layer_2
min_rankme,col_norm,4,per_ckpt,447B,90,-0.1899,0.1518,-0.1909,0.1399,layer_2
min_rankme,col_norm,4,per_ckpt,478B,90,-0.2293,0.0659,-0.1876,0.1379,layer_2
min_rankme,col_norm,4,per_ckpt,510B,90,-0.0718,0.5275,-0.1273,0.2188,layer_2
min_rankme,col_norm,4,per_ckpt,541B,90,0.0707,0.5854,0.0873,0.4555,layer_2
min_rankme,col_norm,4,per_ckpt,573B,90,-0.1309,0.1638,-0.1501,0.1019,layer_2
min_rankme,col_norm,4,per_ckpt,main,90,-0.0283,0.7772,-0.0637,0.5335,layer_2
min_rankme,col_norm,8,per_ckpt,10B,90,-0.2085,0.1489,-0.1772,0.1988,layer_2
min_rankme,col_norm,8,per_ckpt,42B,90,0.1448,0.1389,0.1487,0.1439,layer_2
min_rankme,col_norm,8,per_ckpt,73B,90,0.2195,0.1698,0.1504,0.3067,layer_2
min_rankme,col_norm,8,per_ckpt,105B,90,-0.0687,0.5594,-0.1503,0.1808,layer_2
min_rankme,col_norm,8,per_ckpt,136B,90,0.1186,0.1439,0.1264,0.0829,layer_2
min_rankme,col_norm,8,per_ckpt,168B,90,-0.1566,0.1818,-0.1621,0.1289,layer_2
min_rankme,col_norm,8,per_ckpt,199B,90,0.0184,0.9071,0.0025,0.979,layer_2
min_rankme,col_norm,8,per_ckpt,231B,90,0.0221,0.8841,-0.0852,0.5664,layer_2
min_rankme,col_norm,8,per_ckpt,262B,90,-0.1,0.4256,-0.0412,0.7473,layer_2
min_rankme,col_norm,8,per_ckpt,294B,90,-0.0613,0.3546,-0.0357,0.5754,layer_2
min_rankme,col_norm,8,per_ckpt,325B,90,0.1295,0.1479,0.173,0.022,layer_2
min_rankme,col_norm,8,per_ckpt,352B,90,-0.0083,0.95,0.0483,0.6414,layer_2
min_rankme,col_norm,8,per_ckpt,384B,90,-0.0046,0.967,-0.0124,0.9181,layer_2
min_rankme,col_norm,8,per_ckpt,415B,90,0.1769,0.1479,0.1741,0.1289,layer_2
min_rankme,col_norm,8,per_ckpt,447B,90,0.136,0.0589,0.1515,0.0819,layer_2
min_rankme,col_norm,8,per_ckpt,478B,90,0.1151,0.2697,0.0895,0.4476,layer_2
min_rankme,col_norm,8,per_ckpt,510B,90,-0.0007,0.999,0.0176,0.9221,layer_2
min_rankme,col_norm,8,per_ckpt,541B,90,-0.0663,0.5914,-0.0346,0.7822,layer_2
min_rankme,col_norm,8,per_ckpt,573B,90,0.031,0.7223,0.024,0.7852,layer_2
min_rankme,col_norm,8,per_ckpt,main,90,0.132,0.1698,0.1118,0.2278,layer_2
norm_asym,row_norm,4,per_ckpt,10B,90,0.094,0.6643,0.0932,0.6543,layer_2
norm_asym,row_norm,4,per_ckpt,42B,90,0.0038,0.98,0.0188,0.9031,layer_2
norm_asym,row_norm,4,per_ckpt,73B,90,-0.3893,0.0569,-0.4036,0.0539,layer_2
norm_asym,row_norm,4,per_ckpt,105B,90,-0.2364,0.3117,-0.2441,0.2997,layer_2
norm_asym,row_norm,4,per_ckpt,136B,90,-0.048,0.8302,-0.0396,0.8711,layer_2
norm_asym,row_norm,4,per_ckpt,168B,90,-0.1072,0.6424,-0.0963,0.6933,layer_2
norm_asym,row_norm,4,per_ckpt,199B,90,-0.2489,0.2667,-0.277,0.1978,layer_2
norm_asym,row_norm,4,per_ckpt,231B,90,-0.3928,0.032,-0.4218,0.024,layer_2
norm_asym,row_norm,4,per_ckpt,262B,90,-0.2366,0.2527,-0.3355,0.1139,layer_2
norm_asym,row_norm,4,per_ckpt,294B,90,0.0004,1.0,0.0376,0.8601,layer_2
norm_asym,row_norm,4,per_ckpt,325B,90,-0.0588,0.7502,-0.0462,0.8082,layer_2
norm_asym,row_norm,4,per_ckpt,352B,90,-0.0526,0.8232,-0.0589,0.7842,layer_2
norm_asym,row_norm,4,per_ckpt,384B,90,-0.0804,0.7403,-0.1464,0.5385,layer_2
norm_asym,row_norm,4,per_ckpt,415B,90,-0.2406,0.2997,-0.307,0.2118,layer_2
norm_asym,row_norm,4,per_ckpt,447B,90,-0.2883,0.2078,-0.275,0.2358,layer_2
norm_asym,row_norm,4,per_ckpt,478B,90,-0.1323,0.5814,-0.1356,0.5984,layer_2
norm_asym,row_norm,4,per_ckpt,510B,90,0.0211,0.8372,-0.0382,0.7013,layer_2
norm_asym,row_norm,4,per_ckpt,541B,90,0.2018,0.4126,0.1728,0.5025,layer_2
norm_asym,row_norm,4,per_ckpt,573B,90,-0.1557,0.5335,-0.1055,0.6603,layer_2
norm_asym,row_norm,4,per_ckpt,main,90,0.0797,0.6124,0.0436,0.7582,layer_2
norm_asym,row_norm,8,per_ckpt,10B,90,-0.0793,0.6633,-0.1451,0.4476,layer_2
norm_asym,row_norm,8,per_ckpt,42B,90,0.0362,0.8252,0.0572,0.7203,layer_2
norm_asym,row_norm,8,per_ckpt,73B,90,-0.0608,0.7662,-0.0794,0.7193,layer_2
norm_asym,row_norm,8,per_ckpt,105B,90,-0.1568,0.5554,-0.1987,0.4496,layer_2
norm_asym,row_norm,8,per_ckpt,136B,90,0.3158,0.0869,0.3075,0.1249,layer_2
norm_asym,row_norm,8,per_ckpt,168B,90,-0.0095,0.9291,0.0339,0.8072,layer_2
norm_asym,row_norm,8,per_ckpt,199B,90,0.0545,0.8292,0.0972,0.6933,layer_2
norm_asym,row_norm,8,per_ckpt,231B,90,-0.3289,0.0929,-0.3179,0.1189,layer_2
norm_asym,row_norm,8,per_ckpt,262B,90,0.3224,0.1259,0.3344,0.0949,layer_2
norm_asym,row_norm,8,per_ckpt,294B,90,0.3274,0.037,0.294,0.0869,layer_2
norm_asym,row_norm,8,per_ckpt,325B,90,-0.0532,0.8422,-0.0827,0.7532,layer_2
norm_asym,row_norm,8,per_ckpt,352B,90,-0.1152,0.5744,-0.1047,0.6094,layer_2
norm_asym,row_norm,8,per_ckpt,384B,90,-0.1046,0.6364,-0.0454,0.8372,layer_2
norm_asym,row_norm,8,per_ckpt,415B,90,-0.0773,0.7313,-0.028,0.8971,layer_2
norm_asym,row_norm,8,per_ckpt,447B,90,0.1776,0.4016,0.1809,0.3716,layer_2
norm_asym,row_norm,8,per_ckpt,478B,90,0.0591,0.8362,0.0968,0.7423,layer_2
norm_asym,row_norm,8,per_ckpt,510B,90,0.1191,0.5455,0.0486,0.8132,layer_2
norm_asym,row_norm,8,per_ckpt,541B,90,0.0257,0.9091,0.0336,0.8711,layer_2
norm_asym,row_norm,8,per_ckpt,573B,90,0.0041,0.991,-0.0012,0.997,layer_2
norm_asym,row_norm,8,per_ckpt,main,90,0.0987,0.6873,0.1071,0.6354,layer_2
norm_asym,col_norm,4,per_ckpt,10B,90,-0.1815,0.5265,-0.1829,0.5295,layer_2
norm_asym,col_norm,4,per_ckpt,42B,90,-0.0249,0.9281,0.0104,0.976,layer_2
norm_asym,col_norm,4,per_ckpt,73B,90,-0.0451,0.8841,-0.0081,0.976,layer_2
norm_asym,col_norm,4,per_ckpt,105B,90,-0.1584,0.6244,-0.1933,0.5475,layer_2
norm_asym,col_norm,4,per_ckpt,136B,90,-0.3949,0.1339,-0.4116,0.1279,layer_2
norm_asym,col_norm,4,per_ckpt,168B,90,-0.1678,0.5804,-0.1724,0.5994,layer_2
norm_asym,col_norm,4,per_ckpt,199B,90,0.4819,0.0759,0.4533,0.0979,layer_2
norm_asym,col_norm,4,per_ckpt,231B,90,0.3755,0.2178,0.3212,0.3117,layer_2
norm_asym,col_norm,4,per_ckpt,262B,90,-0.1279,0.6004,-0.0796,0.7502,layer_2
norm_asym,col_norm,4,per_ckpt,294B,90,-0.3286,0.2168,-0.3277,0.2278,layer_2
norm_asym,col_norm,4,per_ckpt,325B,90,-0.1763,0.5425,-0.1318,0.6384,layer_2
norm_asym,col_norm,4,per_ckpt,352B,90,-0.2247,0.4625,-0.2475,0.4136,layer_2
norm_asym,col_norm,4,per_ckpt,384B,90,-0.0269,0.9241,0.019,0.951,layer_2
norm_asym,col_norm,4,per_ckpt,415B,90,-0.0383,0.8741,-0.033,0.8841,layer_2
norm_asym,col_norm,4,per_ckpt,447B,90,0.2738,0.3147,0.2259,0.4146,layer_2
norm_asym,col_norm,4,per_ckpt,478B,90,-0.2608,0.3596,-0.2096,0.4785,layer_2
norm_asym,col_norm,4,per_ckpt,510B,90,-0.116,0.6873,-0.078,0.7882,layer_2
norm_asym,col_norm,4,per_ckpt,541B,90,0.1103,0.6414,0.1481,0.5465,layer_2
norm_asym,col_norm,4,per_ckpt,573B,90,-0.311,0.2837,-0.3121,0.2707,layer_2
norm_asym,col_norm,4,per_ckpt,main,90,-0.2794,0.3167,-0.2694,0.3107,layer_2
norm_asym,col_norm,8,per_ckpt,10B,90,-0.2247,0.3866,-0.2144,0.4076,layer_2
norm_asym,col_norm,8,per_ckpt,42B,90,-0.5744,0.027,-0.552,0.034,layer_2
norm_asym,col_norm,8,per_ckpt,73B,90,-0.1824,0.5235,-0.2137,0.4605,layer_2
norm_asym,col_norm,8,per_ckpt,105B,90,-0.2384,0.3467,-0.2211,0.4096,layer_2
norm_asym,col_norm,8,per_ckpt,136B,90,-0.4341,0.1668,-0.415,0.2038,layer_2
norm_asym,col_norm,8,per_ckpt,168B,90,-0.1612,0.5514,-0.1126,0.6843,layer_2
norm_asym,col_norm,8,per_ckpt,199B,90,-0.5428,0.016,-0.523,0.023,layer_2
norm_asym,col_norm,8,per_ckpt,231B,90,0.1158,0.6813,0.1838,0.5265,layer_2
norm_asym,col_norm,8,per_ckpt,262B,90,-0.0923,0.7363,-0.1398,0.6144,layer_2
norm_asym,col_norm,8,per_ckpt,294B,90,-0.165,0.6054,-0.1702,0.5944,layer_2
norm_asym,col_norm,8,per_ckpt,325B,90,0.0011,0.998,-0.0044,0.99,layer_2
norm_asym,col_norm,8,per_ckpt,352B,90,-0.2168,0.4266,-0.1825,0.5035,layer_2
norm_asym,col_norm,8,per_ckpt,384B,90,0.0439,0.8841,-0.0172,0.954,layer_2
norm_asym,col_norm,8,per_ckpt,415B,90,-0.3245,0.2088,-0.3257,0.2198,layer_2
norm_asym,col_norm,8,per_ckpt,447B,90,-0.1505,0.6334,-0.1154,0.7033,layer_2
norm_asym,col_norm,8,per_ckpt,478B,90,0.1842,0.5245,0.1047,0.7163,layer_2
norm_asym,col_norm,8,per_ckpt,510B,90,-0.2784,0.1678,-0.2408,0.2388,layer_2
norm_asym,col_norm,8,per_ckpt,541B,90,0.1772,0.5295,0.1777,0.5185,layer_2
norm_asym,col_norm,8,per_ckpt,573B,90,-0.1951,0.5185,-0.1171,0.6963,layer_2
norm_asym,col_norm,8,per_ckpt,main,90,-0.1197,0.6643,-0.1029,0.7003,layer_2
abs_diff,row_norm,4,pooled,,1800,0.1335,0.0,0.1322,0.0,layer_3
abs_diff,row_norm,8,pooled,,1800,0.0262,0.2668,0.0231,0.3281,layer_3
abs_diff,col_norm,4,pooled,,1800,0.097,0.0,0.0939,0.0001,layer_3
abs_diff,col_norm,8,pooled,,1800,0.0235,0.3182,0.017,0.4697,layer_3
signed_diff,row_norm,4,pooled,,1800,-0.0629,0.0076,-0.0608,0.0099,layer_3
signed_diff,row_norm,8,pooled,,1800,0.0039,0.8681,-0.0144,0.5422,layer_3
signed_diff,col_norm,4,pooled,,1800,-0.0772,0.001,-0.0921,0.0001,layer_3
signed_diff,col_norm,8,pooled,,1800,-0.1453,0.0,-0.121,0.0,layer_3
min_rankme,row_norm,4,pooled,,1800,-0.0238,0.313,-0.0174,0.4605,layer_3
min_rankme,row_norm,8,pooled,,1800,0.0686,0.0036,0.064,0.0066,layer_3
min_rankme,col_norm,4,pooled,,1800,-0.0246,0.2965,-0.0117,0.6213,layer_3
min_rankme,col_norm,8,pooled,,1800,0.0459,0.0517,0.0533,0.0238,layer_3
norm_asym,row_norm,4,pooled,,1800,-0.1053,0.0,-0.1211,0.0,layer_3
norm_asym,row_norm,8,pooled,,1800,0.0378,0.1092,0.0329,0.163,layer_3
norm_asym,col_norm,4,pooled,,1800,-0.0571,0.0153,-0.0482,0.0408,layer_3
norm_asym,col_norm,8,pooled,,1800,-0.168,0.0,-0.1482,0.0,layer_3
abs_diff,row_norm,4,per_ckpt,10B,90,0.1561,0.0979,0.1573,0.1199,layer_3
abs_diff,row_norm,4,per_ckpt,42B,90,0.2905,0.008,0.2528,0.025,layer_3
abs_diff,row_norm,4,per_ckpt,73B,90,0.0683,0.5365,0.0803,0.4725,layer_3
abs_diff,row_norm,4,per_ckpt,105B,90,0.1007,0.3546,0.1564,0.1938,layer_3
abs_diff,row_norm,4,per_ckpt,136B,90,0.1691,0.1279,0.2036,0.0849,layer_3
abs_diff,row_norm,4,per_ckpt,168B,90,0.0181,0.8721,0.1039,0.3606,layer_3
abs_diff,row_norm,4,per_ckpt,199B,90,-0.1045,0.3836,-0.0841,0.5205,layer_3
abs_diff,row_norm,4,per_ckpt,231B,90,-0.0019,0.987,-0.0142,0.9121,layer_3
abs_diff,row_norm,4,per_ckpt,262B,90,0.1799,0.1149,0.1399,0.2827,layer_3
abs_diff,row_norm,4,per_ckpt,294B,90,0.0174,0.9141,-0.0375,0.8272,layer_3
abs_diff,row_norm,4,per_ckpt,325B,90,0.0777,0.5984,0.0863,0.5704,layer_3
abs_diff,row_norm,4,per_ckpt,352B,90,-0.0185,0.8701,-0.0363,0.7852,layer_3
abs_diff,row_norm,4,per_ckpt,384B,90,0.1599,0.1039,0.2139,0.042,layer_3
abs_diff,row_norm,4,per_ckpt,415B,90,0.1214,0.2378,0.1623,0.1319,layer_3
abs_diff,row_norm,4,per_ckpt,447B,90,-0.1127,0.3277,-0.1064,0.4166,layer_3
abs_diff,row_norm,4,per_ckpt,478B,90,0.1876,0.0829,0.1849,0.1139,layer_3
abs_diff,row_norm,4,per_ckpt,510B,90,0.0378,0.7902,0.0825,0.6114,layer_3
abs_diff,row_norm,4,per_ckpt,541B,90,0.0033,0.965,0.012,0.9041,layer_3
abs_diff,row_norm,4,per_ckpt,573B,90,0.0191,0.8462,0.0244,0.8132,layer_3
abs_diff,row_norm,4,per_ckpt,main,90,-0.0747,0.5265,-0.0333,0.7902,layer_3
abs_diff,row_norm,8,per_ckpt,10B,90,0.1425,0.2238,0.1157,0.3536,layer_3
abs_diff,row_norm,8,per_ckpt,42B,90,0.1095,0.3536,0.1373,0.2887,layer_3
abs_diff,row_norm,8,per_ckpt,73B,90,-0.2179,0.036,-0.2248,0.04,layer_3
abs_diff,row_norm,8,per_ckpt,105B,90,0.1173,0.1459,0.0948,0.2567,layer_3
abs_diff,row_norm,8,per_ckpt,136B,90,0.1417,0.2687,0.1328,0.3237,layer_3
abs_diff,row_norm,8,per_ckpt,168B,90,-0.0415,0.7812,-0.0194,0.9061,layer_3
abs_diff,row_norm,8,per_ckpt,199B,90,0.001,0.99,0.0042,0.976,layer_3
abs_diff,row_norm,8,per_ckpt,231B,90,-0.0382,0.7483,-0.0614,0.6354,layer_3
abs_diff,row_norm,8,per_ckpt,262B,90,0.0507,0.6553,0.0578,0.6563,layer_3
abs_diff,row_norm,8,per_ckpt,294B,90,0.0159,0.8821,-0.0419,0.7073,layer_3
abs_diff,row_norm,8,per_ckpt,325B,90,-0.1565,0.0909,-0.0903,0.3317,layer_3
abs_diff,row_norm,8,per_ckpt,352B,90,0.0071,0.951,0.0133,0.9031,layer_3
abs_diff,row_norm,8,per_ckpt,384B,90,-0.1501,0.2088,-0.1292,0.3247,layer_3
abs_diff,row_norm,8,per_ckpt,415B,90,-0.2076,0.0689,-0.2314,0.044,layer_3
abs_diff,row_norm,8,per_ckpt,447B,90,-0.0647,0.5185,-0.0672,0.5395,layer_3
abs_diff,row_norm,8,per_ckpt,478B,90,-0.1943,0.039,-0.1856,0.0699,layer_3
abs_diff,row_norm,8,per_ckpt,510B,90,0.0838,0.4985,0.0711,0.6054,layer_3
abs_diff,row_norm,8,per_ckpt,541B,90,0.1565,0.1958,0.1844,0.1738,layer_3
abs_diff,row_norm,8,per_ckpt,573B,90,0.0076,0.955,0.0254,0.8591,layer_3
abs_diff,row_norm,8,per_ckpt,main,90,-0.0327,0.7223,-0.0955,0.3676,layer_3
abs_diff,col_norm,4,per_ckpt,10B,90,0.0617,0.2268,0.0794,0.1688,layer_3
abs_diff,col_norm,4,per_ckpt,42B,90,0.1161,0.004,0.1112,0.015,layer_3
abs_diff,col_norm,4,per_ckpt,73B,90,0.043,0.5495,0.051,0.4925,layer_3
abs_diff,col_norm,4,per_ckpt,105B,90,0.059,0.4136,0.1021,0.1928,layer_3
abs_diff,col_norm,4,per_ckpt,136B,90,0.2038,0.036,0.1746,0.0799,layer_3
abs_diff,col_norm,4,per_ckpt,168B,90,0.0284,0.6953,0.0618,0.4116,layer_3
abs_diff,col_norm,4,per_ckpt,199B,90,-0.051,0.5165,-0.055,0.5225,layer_3
abs_diff,col_norm,4,per_ckpt,231B,90,-0.014,0.8102,-0.0023,0.97,layer_3
abs_diff,col_norm,4,per_ckpt,262B,90,0.1683,0.1009,0.1302,0.2707,layer_3
abs_diff,col_norm,4,per_ckpt,294B,90,-0.0117,0.9241,-0.0328,0.8082,layer_3
abs_diff,col_norm,4,per_ckpt,325B,90,0.0616,0.5255,0.0629,0.5704,layer_3
abs_diff,col_norm,4,per_ckpt,352B,90,-0.0182,0.7952,-0.025,0.7852,layer_3
abs_diff,col_norm,4,per_ckpt,384B,90,0.1554,0.0749,0.186,0.043,layer_3
abs_diff,col_norm,4,per_ckpt,415B,90,0.1308,0.1738,0.1568,0.1259,layer_3
abs_diff,col_norm,4,per_ckpt,447B,90,-0.1015,0.2817,-0.0869,0.3956,layer_3
abs_diff,col_norm,4,per_ckpt,478B,90,0.1594,0.0909,0.1637,0.1209,layer_3
abs_diff,col_norm,4,per_ckpt,510B,90,0.0191,0.8202,0.0425,0.6494,layer_3
abs_diff,col_norm,4,per_ckpt,541B,90,0.0283,0.7522,0.0153,0.8911,layer_3
abs_diff,col_norm,4,per_ckpt,573B,90,0.0033,0.962,0.0224,0.7612,layer_3
abs_diff,col_norm,4,per_ckpt,main,90,-0.0258,0.7303,-0.0221,0.7892,layer_3
abs_diff,col_norm,8,per_ckpt,10B,90,0.1424,0.1019,0.095,0.3297,layer_3
abs_diff,col_norm,8,per_ckpt,42B,90,0.1008,0.1658,0.0921,0.2687,layer_3
abs_diff,col_norm,8,per_ckpt,73B,90,-0.1918,0.023,-0.1856,0.037,layer_3
abs_diff,col_norm,8,per_ckpt,105B,90,0.1102,0.2148,0.1142,0.2248,layer_3
abs_diff,col_norm,8,per_ckpt,136B,90,0.0504,0.4206,0.0718,0.2378,layer_3
abs_diff,col_norm,8,per_ckpt,168B,90,0.0402,0.6274,-0.0081,0.9361,layer_3
abs_diff,col_norm,8,per_ckpt,199B,90,-0.0519,0.6054,0.0063,0.96,layer_3
abs_diff,col_norm,8,per_ckpt,231B,90,-0.0583,0.5445,-0.0534,0.6104,layer_3
abs_diff,col_norm,8,per_ckpt,262B,90,0.0316,0.7293,0.0443,0.6743,layer_3
abs_diff,col_norm,8,per_ckpt,294B,90,-0.0304,0.5624,-0.025,0.6274,layer_3
abs_diff,col_norm,8,per_ckpt,325B,90,-0.0495,0.5055,-0.0739,0.3247,layer_3
abs_diff,col_norm,8,per_ckpt,352B,90,0.0274,0.7622,0.0086,0.9341,layer_3
abs_diff,col_norm,8,per_ckpt,384B,90,-0.0957,0.2517,-0.0996,0.3167,layer_3
abs_diff,col_norm,8,per_ckpt,415B,90,-0.1484,0.1199,-0.1912,0.036,layer_3
abs_diff,col_norm,8,per_ckpt,447B,90,-0.038,0.5854,-0.0535,0.5165,layer_3
abs_diff,col_norm,8,per_ckpt,478B,90,-0.142,0.0689,-0.1526,0.0969,layer_3
abs_diff,col_norm,8,per_ckpt,510B,90,0.1092,0.3736,0.0708,0.5934,layer_3
abs_diff,col_norm,8,per_ckpt,541B,90,0.1812,0.032,0.1314,0.1858,layer_3
abs_diff,col_norm,8,per_ckpt,573B,90,-0.0017,0.976,0.0125,0.8761,layer_3
abs_diff,col_norm,8,per_ckpt,main,90,-0.0296,0.7043,-0.0718,0.3696,layer_3
signed_diff,row_norm,4,per_ckpt,10B,90,0.0829,0.6923,0.0872,0.6683,layer_3
signed_diff,row_norm,4,per_ckpt,42B,90,0.0192,0.9001,0.0485,0.7782,layer_3
signed_diff,row_norm,4,per_ckpt,73B,90,-0.379,0.0779,-0.39,0.0689,layer_3
signed_diff,row_norm,4,per_ckpt,105B,90,-0.1458,0.5564,-0.114,0.6583,layer_3
signed_diff,row_norm,4,per_ckpt,136B,90,-0.0285,0.9021,-0.0154,0.9461,layer_3
signed_diff,row_norm,4,per_ckpt,168B,90,0.0092,0.967,0.0361,0.8681,layer_3
signed_diff,row_norm,4,per_ckpt,199B,90,-0.2562,0.2428,-0.2542,0.2428,layer_3
signed_diff,row_norm,4,per_ckpt,231B,90,-0.3308,0.0769,-0.3199,0.0979,layer_3
signed_diff,row_norm,4,per_ckpt,262B,90,-0.1362,0.5185,-0.1492,0.5085,layer_3
signed_diff,row_norm,4,per_ckpt,294B,90,-0.059,0.8052,-0.0699,0.7662,layer_3
signed_diff,row_norm,4,per_ckpt,325B,90,0.0424,0.8342,0.089,0.6943,layer_3
signed_diff,row_norm,4,per_ckpt,352B,90,-0.1828,0.4086,-0.2126,0.3526,layer_3
signed_diff,row_norm,4,per_ckpt,384B,90,0.0195,0.9371,-0.0052,0.984,layer_3
signed_diff,row_norm,4,per_ckpt,415B,90,-0.1115,0.6304,-0.1418,0.5554,layer_3
signed_diff,row_norm,4,per_ckpt,447B,90,-0.3138,0.1668,-0.3167,0.1618,layer_3
signed_diff,row_norm,4,per_ckpt,478B,90,-0.0632,0.8122,-0.0551,0.8342,layer_3
signed_diff,row_norm,4,per_ckpt,510B,90,0.0346,0.7373,-0.0335,0.7333,layer_3
signed_diff,row_norm,4,per_ckpt,541B,90,0.2577,0.2787,0.2232,0.3756,layer_3
signed_diff,row_norm,4,per_ckpt,573B,90,-0.1888,0.4595,-0.203,0.4496,layer_3
signed_diff,row_norm,4,per_ckpt,main,90,0.0766,0.6344,0.0355,0.8252,layer_3
signed_diff,row_norm,8,per_ckpt,10B,90,-0.0396,0.8312,-0.1206,0.5524,layer_3
signed_diff,row_norm,8,per_ckpt,42B,90,0.0438,0.7962,0.0762,0.6364,layer_3
signed_diff,row_norm,8,per_ckpt,73B,90,-0.096,0.6523,-0.1158,0.6114,layer_3
signed_diff,row_norm,8,per_ckpt,105B,90,-0.116,0.6893,-0.1654,0.5924,layer_3
signed_diff,row_norm,8,per_ckpt,136B,90,0.2278,0.2438,0.2169,0.2947,layer_3
signed_diff,row_norm,8,per_ckpt,168B,90,0.0277,0.8242,0.059,0.6573,layer_3
signed_diff,row_norm,8,per_ckpt,199B,90,-0.0121,0.966,-0.0102,0.964,layer_3
signed_diff,row_norm,8,per_ckpt,231B,90,-0.3272,0.0989,-0.3273,0.1149,layer_3
signed_diff,row_norm,8,per_ckpt,262B,90,0.4397,0.031,0.4348,0.028,layer_3
signed_diff,row_norm,8,per_ckpt,294B,90,0.3157,0.047,0.312,0.05,layer_3
signed_diff,row_norm,8,per_ckpt,325B,90,-0.1067,0.6883,-0.168,0.5325,layer_3
signed_diff,row_norm,8,per_ckpt,352B,90,-0.094,0.6793,-0.1066,0.6434,layer_3
signed_diff,row_norm,8,per_ckpt,384B,90,-0.2589,0.2258,-0.2439,0.2537,layer_3
signed_diff,row_norm,8,per_ckpt,415B,90,-0.1413,0.5335,-0.1468,0.5225,layer_3
signed_diff,row_norm,8,per_ckpt,447B,90,0.1341,0.5165,0.1052,0.6034,layer_3
signed_diff,row_norm,8,per_ckpt,478B,90,-0.0388,0.8811,-0.0341,0.8961,layer_3
signed_diff,row_norm,8,per_ckpt,510B,90,0.1277,0.5135,0.0818,0.6903,layer_3
signed_diff,row_norm,8,per_ckpt,541B,90,0.0525,0.8212,0.0564,0.8022,layer_3
signed_diff,row_norm,8,per_ckpt,573B,90,0.006,0.982,-0.0011,0.999,layer_3
signed_diff,row_norm,8,per_ckpt,main,90,0.0732,0.7792,0.0482,0.8452,layer_3
signed_diff,col_norm,4,per_ckpt,10B,90,-0.1537,0.5934,-0.1602,0.5804,layer_3
signed_diff,col_norm,4,per_ckpt,42B,90,-0.0026,0.995,0.0329,0.9191,layer_3
signed_diff,col_norm,4,per_ckpt,73B,90,0.0451,0.8911,0.0703,0.8232,layer_3
signed_diff,col_norm,4,per_ckpt,105B,90,-0.0677,0.8142,-0.0781,0.7852,layer_3
signed_diff,col_norm,4,per_ckpt,136B,90,-0.3956,0.1459,-0.4277,0.1189,layer_3
signed_diff,col_norm,4,per_ckpt,168B,90,-0.1421,0.6274,-0.118,0.6953,layer_3
signed_diff,col_norm,4,per_ckpt,199B,90,0.4947,0.0749,0.485,0.0839,layer_3
signed_diff,col_norm,4,per_ckpt,231B,90,0.5232,0.0759,0.5084,0.1019,layer_3
signed_diff,col_norm,4,per_ckpt,262B,90,-0.1594,0.5325,-0.1388,0.5884,layer_3
signed_diff,col_norm,4,per_ckpt,294B,90,-0.3128,0.2507,-0.3289,0.2338,layer_3
signed_diff,col_norm,4,per_ckpt,325B,90,-0.2545,0.3736,-0.253,0.3926,layer_3
signed_diff,col_norm,4,per_ckpt,352B,90,-0.0592,0.8521,-0.0686,0.8262,layer_3
signed_diff,col_norm,4,per_ckpt,384B,90,-0.1735,0.4975,-0.1722,0.5075,layer_3
signed_diff,col_norm,4,per_ckpt,415B,90,-0.1065,0.6833,-0.1392,0.6044,layer_3
signed_diff,col_norm,4,per_ckpt,447B,90,0.2711,0.3117,0.211,0.4645,layer_3
signed_diff,col_norm,4,per_ckpt,478B,90,-0.2832,0.3237,-0.2684,0.3536,layer_3
signed_diff,col_norm,4,per_ckpt,510B,90,-0.2093,0.4845,-0.2122,0.4915,layer_3
signed_diff,col_norm,4,per_ckpt,541B,90,0.067,0.7662,0.0723,0.7612,layer_3
signed_diff,col_norm,4,per_ckpt,573B,90,-0.2535,0.3976,-0.2788,0.3656,layer_3
signed_diff,col_norm,4,per_ckpt,main,90,-0.2772,0.3347,-0.2975,0.2977,layer_3
signed_diff,col_norm,8,per_ckpt,10B,90,-0.2489,0.3427,-0.233,0.3736,layer_3
signed_diff,col_norm,8,per_ckpt,42B,90,-0.6017,0.023,-0.5678,0.032,layer_3
signed_diff,col_norm,8,per_ckpt,73B,90,-0.251,0.3606,-0.2678,0.3407,layer_3
signed_diff,col_norm,8,per_ckpt,105B,90,-0.2956,0.2228,-0.3102,0.2288,layer_3
signed_diff,col_norm,8,per_ckpt,136B,90,-0.6041,0.049,-0.6059,0.048,layer_3
signed_diff,col_norm,8,per_ckpt,168B,90,-0.3225,0.2398,-0.3203,0.2647,layer_3
signed_diff,col_norm,8,per_ckpt,199B,90,-0.5665,0.006,-0.5609,0.008,layer_3
signed_diff,col_norm,8,per_ckpt,231B,90,-0.0,1.0,0.0112,0.97,layer_3
signed_diff,col_norm,8,per_ckpt,262B,90,-0.064,0.8342,-0.0391,0.8951,layer_3
signed_diff,col_norm,8,per_ckpt,294B,90,-0.2308,0.4865,-0.2282,0.4845,layer_3
signed_diff,col_norm,8,per_ckpt,325B,90,-0.0625,0.8342,-0.0978,0.7542,layer_3
signed_diff,col_norm,8,per_ckpt,352B,90,-0.2613,0.3347,-0.2456,0.3746,layer_3
signed_diff,col_norm,8,per_ckpt,384B,90,0.1058,0.7293,0.0772,0.8082,layer_3
signed_diff,col_norm,8,per_ckpt,415B,90,-0.2433,0.3696,-0.2569,0.3606,layer_3
signed_diff,col_norm,8,per_ckpt,447B,90,-0.1032,0.7293,-0.0946,0.7552,layer_3
signed_diff,col_norm,8,per_ckpt,478B,90,0.3704,0.1888,0.3508,0.2068,layer_3
signed_diff,col_norm,8,per_ckpt,510B,90,-0.2508,0.2128,-0.2374,0.2408,layer_3
signed_diff,col_norm,8,per_ckpt,541B,90,0.1236,0.6573,0.1128,0.7023,layer_3
signed_diff,col_norm,8,per_ckpt,573B,90,-0.2871,0.3656,-0.2272,0.4875,layer_3
signed_diff,col_norm,8,per_ckpt,main,90,-0.1291,0.6673,-0.1228,0.6893,layer_3
min_rankme,row_norm,4,per_ckpt,10B,90,0.0266,0.8741,0.0744,0.6124,layer_3
min_rankme,row_norm,4,per_ckpt,42B,90,-0.007,0.97,0.0193,0.9141,layer_3
min_rankme,row_norm,4,per_ckpt,73B,90,-0.1862,0.3027,-0.1402,0.4356,layer_3
min_rankme,row_norm,4,per_ckpt,105B,90,-0.0369,0.8362,-0.0424,0.7922,layer_3
min_rankme,row_norm,4,per_ckpt,136B,90,-0.1442,0.3477,-0.1989,0.1878,layer_3
min_rankme,row_norm,4,per_ckpt,168B,90,-0.1397,0.4036,-0.0782,0.6494,layer_3
min_rankme,row_norm,4,per_ckpt,199B,90,-0.204,0.2048,-0.3004,0.0519,layer_3
min_rankme,row_norm,4,per_ckpt,231B,90,-0.2249,0.1808,-0.1951,0.2258,layer_3
min_rankme,row_norm,4,per_ckpt,262B,90,-0.2906,0.0799,-0.3175,0.049,layer_3
min_rankme,row_norm,4,per_ckpt,294B,90,-0.0097,0.97,-0.0049,0.979,layer_3
min_rankme,row_norm,4,per_ckpt,325B,90,0.0942,0.6274,0.1282,0.4675,layer_3
min_rankme,row_norm,4,per_ckpt,352B,90,-0.1224,0.4575,-0.1716,0.2577,layer_3
min_rankme,row_norm,4,per_ckpt,384B,90,-0.0558,0.6334,-0.0726,0.5544,layer_3
min_rankme,row_norm,4,per_ckpt,415B,90,-0.1868,0.1618,-0.1656,0.2378,layer_3
min_rankme,row_norm,4,per_ckpt,447B,90,-0.1854,0.2587,-0.2504,0.1179,layer_3
min_rankme,row_norm,4,per_ckpt,478B,90,-0.229,0.1129,-0.2031,0.1469,layer_3
min_rankme,row_norm,4,per_ckpt,510B,90,-0.1702,0.3536,-0.2227,0.2128,layer_3
min_rankme,row_norm,4,per_ckpt,541B,90,0.1089,0.3826,0.0895,0.4336,layer_3
min_rankme,row_norm,4,per_ckpt,573B,90,-0.3147,0.007,-0.2294,0.0829,layer_3
min_rankme,row_norm,4,per_ckpt,main,90,-0.0885,0.5784,-0.1109,0.4885,layer_3
min_rankme,row_norm,8,per_ckpt,10B,90,-0.2612,0.1868,-0.2349,0.2008,layer_3
min_rankme,row_norm,8,per_ckpt,42B,90,0.3093,0.0619,0.2533,0.1149,layer_3
min_rankme,row_norm,8,per_ckpt,73B,90,0.2562,0.1818,0.2074,0.2577,layer_3
min_rankme,row_norm,8,per_ckpt,105B,90,-0.1484,0.1998,-0.1235,0.2238,layer_3
min_rankme,row_norm,8,per_ckpt,136B,90,0.2584,0.1109,0.2957,0.0639,layer_3
min_rankme,row_norm,8,per_ckpt,168B,90,-0.2213,0.2158,-0.2384,0.1648,layer_3
min_rankme,row_norm,8,per_ckpt,199B,90,-0.0403,0.7912,-0.0194,0.8651,layer_3
min_rankme,row_norm,8,per_ckpt,231B,90,-0.0447,0.8142,-0.0772,0.6713,layer_3
min_rankme,row_norm,8,per_ckpt,262B,90,-0.0242,0.8681,-0.0187,0.9061,layer_3
min_rankme,row_norm,8,per_ckpt,294B,90,-0.0702,0.5814,-0.0833,0.5355,layer_3
min_rankme,row_norm,8,per_ckpt,325B,90,0.2274,0.023,0.1853,0.0679,layer_3
min_rankme,row_norm,8,per_ckpt,352B,90,-0.0045,0.976,0.0493,0.6993,layer_3
min_rankme,row_norm,8,per_ckpt,384B,90,-0.0397,0.8222,-0.0364,0.8422,layer_3
min_rankme,row_norm,8,per_ckpt,415B,90,0.1815,0.2507,0.2074,0.1409,layer_3
min_rankme,row_norm,8,per_ckpt,447B,90,0.2084,0.0559,0.1946,0.1039,layer_3
min_rankme,row_norm,8,per_ckpt,478B,90,0.1768,0.1558,0.0932,0.4835,layer_3
min_rankme,row_norm,8,per_ckpt,510B,90,0.0528,0.7632,0.0241,0.8931,layer_3
min_rankme,row_norm,8,per_ckpt,541B,90,-0.0745,0.6643,-0.0733,0.6523,layer_3
min_rankme,row_norm,8,per_ckpt,573B,90,0.0329,0.8651,-0.0052,0.973,layer_3
min_rankme,row_norm,8,per_ckpt,main,90,0.1336,0.2547,0.1315,0.2757,layer_3
min_rankme,col_norm,4,per_ckpt,10B,90,0.0288,0.7223,0.0511,0.5365,layer_3
min_rankme,col_norm,4,per_ckpt,42B,90,0.001,0.993,0.0122,0.8691,layer_3
min_rankme,col_norm,4,per_ckpt,73B,90,-0.0976,0.4126,-0.0902,0.4565,layer_3
min_rankme,col_norm,4,per_ckpt,105B,90,-0.0231,0.8222,-0.0293,0.7832,layer_3
min_rankme,col_norm,4,per_ckpt,136B,90,-0.1094,0.4116,-0.1718,0.1798,layer_3
min_rankme,col_norm,4,per_ckpt,168B,90,-0.0768,0.5045,-0.0457,0.6863,layer_3
min_rankme,col_norm,4,per_ckpt,199B,90,-0.1576,0.1359,-0.1969,0.0579,layer_3
min_rankme,col_norm,4,per_ckpt,231B,90,-0.082,0.3267,-0.0952,0.2368,layer_3
min_rankme,col_norm,4,per_ckpt,262B,90,-0.2952,0.049,-0.2929,0.042,layer_3
min_rankme,col_norm,4,per_ckpt,294B,90,0.0032,0.979,0.0,1.0,layer_3
min_rankme,col_norm,4,per_ckpt,325B,90,0.0538,0.6863,0.0889,0.4815,layer_3
min_rankme,col_norm,4,per_ckpt,352B,90,-0.0888,0.4755,-0.1216,0.2478,layer_3
min_rankme,col_norm,4,per_ckpt,384B,90,-0.051,0.6254,-0.0575,0.5894,layer_3
min_rankme,col_norm,4,per_ckpt,415B,90,-0.1987,0.1169,-0.1555,0.2388,layer_3
min_rankme,col_norm,4,per_ckpt,447B,90,-0.1521,0.2707,-0.1876,0.1359,layer_3
min_rankme,col_norm,4,per_ckpt,478B,90,-0.2149,0.0859,-0.1804,0.1489,layer_3
min_rankme,col_norm,4,per_ckpt,510B,90,-0.0905,0.4246,-0.126,0.2118,layer_3
min_rankme,col_norm,4,per_ckpt,541B,90,0.1056,0.3966,0.0972,0.4096,layer_3
min_rankme,col_norm,4,per_ckpt,573B,90,-0.1842,0.0609,-0.1634,0.0819,layer_3
min_rankme,col_norm,4,per_ckpt,main,90,-0.0719,0.4645,-0.0701,0.4825,layer_3
min_rankme,col_norm,8,per_ckpt,10B,90,-0.2053,0.1598,-0.1908,0.1918,layer_3
min_rankme,col_norm,8,per_ckpt,42B,90,0.1587,0.1059,0.1588,0.1259,layer_3
min_rankme,col_norm,8,per_ckpt,73B,90,0.2195,0.1698,0.1713,0.2537,layer_3
min_rankme,col_norm,8,per_ckpt,105B,90,-0.0687,0.5594,-0.1414,0.2148,layer_3
min_rankme,col_norm,8,per_ckpt,136B,90,0.1186,0.1439,0.1271,0.0739,layer_3
min_rankme,col_norm,8,per_ckpt,168B,90,-0.1576,0.1768,-0.1544,0.1538,layer_3
min_rankme,col_norm,8,per_ckpt,199B,90,-0.0218,0.8891,-0.0129,0.8961,layer_3
min_rankme,col_norm,8,per_ckpt,231B,90,-0.0001,0.998,-0.0634,0.6693,layer_3
min_rankme,col_norm,8,per_ckpt,262B,90,-0.0419,0.7453,-0.0184,0.8911,layer_3
min_rankme,col_norm,8,per_ckpt,294B,90,-0.0067,0.9241,-0.0236,0.6963,layer_3
min_rankme,col_norm,8,per_ckpt,325B,90,0.1433,0.1009,0.1621,0.034,layer_3
min_rankme,col_norm,8,per_ckpt,352B,90,0.0057,0.953,0.0508,0.6114,layer_3
min_rankme,col_norm,8,per_ckpt,384B,90,-0.0418,0.7003,-0.0238,0.8691,layer_3
min_rankme,col_norm,8,per_ckpt,415B,90,0.1534,0.2238,0.1626,0.1608,layer_3
min_rankme,col_norm,8,per_ckpt,447B,90,0.1288,0.0719,0.1481,0.0909,layer_3
min_rankme,col_norm,8,per_ckpt,478B,90,0.1098,0.2797,0.0811,0.4935,layer_3
min_rankme,col_norm,8,per_ckpt,510B,90,0.0299,0.8691,0.0257,0.8811,layer_3
min_rankme,col_norm,8,per_ckpt,541B,90,-0.0765,0.5355,-0.0376,0.7672,layer_3
min_rankme,col_norm,8,per_ckpt,573B,90,0.0214,0.8042,0.0239,0.7752,layer_3
min_rankme,col_norm,8,per_ckpt,main,90,0.1169,0.2298,0.1087,0.2388,layer_3
norm_asym,row_norm,4,per_ckpt,10B,90,-0.0046,0.973,-0.0199,0.9181,layer_3
norm_asym,row_norm,4,per_ckpt,42B,90,-0.0324,0.8312,-0.0121,0.9361,layer_3
norm_asym,row_norm,4,per_ckpt,73B,90,-0.3954,0.0529,-0.4139,0.043,layer_3
norm_asym,row_norm,4,per_ckpt,105B,90,-0.2471,0.2857,-0.2554,0.2707,layer_3
norm_asym,row_norm,4,per_ckpt,136B,90,-0.0371,0.8671,-0.0258,0.9141,layer_3
norm_asym,row_norm,4,per_ckpt,168B,90,-0.0928,0.6803,-0.0936,0.6983,layer_3
norm_asym,row_norm,4,per_ckpt,199B,90,-0.2304,0.2987,-0.261,0.2278,layer_3
norm_asym,row_norm,4,per_ckpt,231B,90,-0.3782,0.038,-0.4027,0.03,layer_3
norm_asym,row_norm,4,per_ckpt,262B,90,-0.2486,0.2238,-0.3456,0.1019,layer_3
norm_asym,row_norm,4,per_ckpt,294B,90,0.0165,0.9421,0.0435,0.8412,layer_3
norm_asym,row_norm,4,per_ckpt,325B,90,-0.0364,0.8472,-0.0319,0.8711,layer_3
norm_asym,row_norm,4,per_ckpt,352B,90,-0.0848,0.6953,-0.0819,0.6843,layer_3
norm_asym,row_norm,4,per_ckpt,384B,90,-0.0698,0.7702,-0.132,0.5914,layer_3
norm_asym,row_norm,4,per_ckpt,415B,90,-0.2005,0.3786,-0.2747,0.2707,layer_3
norm_asym,row_norm,4,per_ckpt,447B,90,-0.278,0.2358,-0.2655,0.2537,layer_3
norm_asym,row_norm,4,per_ckpt,478B,90,-0.1167,0.6254,-0.1211,0.6394,layer_3
norm_asym,row_norm,4,per_ckpt,510B,90,0.0126,0.8951,-0.0392,0.6943,layer_3
norm_asym,row_norm,4,per_ckpt,541B,90,0.253,0.2927,0.2114,0.4156,layer_3
norm_asym,row_norm,4,per_ckpt,573B,90,-0.1572,0.5205,-0.1091,0.6494,layer_3
norm_asym,row_norm,4,per_ckpt,main,90,0.0858,0.5744,0.0509,0.7223,layer_3
norm_asym,row_norm,8,per_ckpt,10B,90,-0.0857,0.6004,-0.1957,0.2677,layer_3
norm_asym,row_norm,8,per_ckpt,42B,90,0.0568,0.7113,0.0679,0.6673,layer_3
norm_asym,row_norm,8,per_ckpt,73B,90,-0.0167,0.9281,-0.0319,0.8931,layer_3
norm_asym,row_norm,8,per_ckpt,105B,90,-0.1584,0.5614,-0.19,0.4705,layer_3
norm_asym,row_norm,8,per_ckpt,136B,90,0.3047,0.1009,0.3095,0.1159,layer_3
norm_asym,row_norm,8,per_ckpt,168B,90,0.018,0.8721,0.0577,0.6623,layer_3
norm_asym,row_norm,8,per_ckpt,199B,90,0.0816,0.7213,0.1136,0.6444,layer_3
norm_asym,row_norm,8,per_ckpt,231B,90,-0.306,0.1199,-0.2927,0.1479,layer_3
norm_asym,row_norm,8,per_ckpt,262B,90,0.3357,0.1029,0.3427,0.0799,layer_3
norm_asym,row_norm,8,per_ckpt,294B,90,0.3397,0.027,0.3152,0.0599,layer_3
norm_asym,row_norm,8,per_ckpt,325B,90,-0.0247,0.9301,-0.0601,0.8152,layer_3
norm_asym,row_norm,8,per_ckpt,352B,90,-0.0826,0.7023,-0.0816,0.6933,layer_3
norm_asym,row_norm,8,per_ckpt,384B,90,-0.1042,0.6424,-0.0421,0.8511,layer_3
norm_asym,row_norm,8,per_ckpt,415B,90,-0.0766,0.7323,-0.0332,0.8651,layer_3
norm_asym,row_norm,8,per_ckpt,447B,90,0.2048,0.3227,0.207,0.3117,layer_3
norm_asym,row_norm,8,per_ckpt,478B,90,0.0757,0.7782,0.1031,0.7143,layer_3
norm_asym,row_norm,8,per_ckpt,510B,90,0.1315,0.5025,0.0641,0.7463,layer_3
norm_asym,row_norm,8,per_ckpt,541B,90,0.0607,0.7762,0.06,0.7722,layer_3
norm_asym,row_norm,8,per_ckpt,573B,90,0.021,0.9331,0.0166,0.955,layer_3
norm_asym,row_norm,8,per_ckpt,main,90,0.1181,0.6304,0.1225,0.5984,layer_3
norm_asym,col_norm,4,per_ckpt,10B,90,-0.1249,0.6643,-0.1333,0.6563,layer_3
norm_asym,col_norm,4,per_ckpt,42B,90,-0.0464,0.8821,-0.0128,0.964,layer_3
norm_asym,col_norm,4,per_ckpt,73B,90,0.0092,0.982,0.0196,0.9491,layer_3
norm_asym,col_norm,4,per_ckpt,105B,90,-0.1233,0.7023,-0.1647,0.6074,layer_3
norm_asym,col_norm,4,per_ckpt,136B,90,-0.3918,0.1439,-0.4145,0.1229,layer_3
norm_asym,col_norm,4,per_ckpt,168B,90,-0.1492,0.6374,-0.14,0.6733,layer_3
norm_asym,col_norm,4,per_ckpt,199B,90,0.4931,0.0679,0.474,0.0809,layer_3
norm_asym,col_norm,4,per_ckpt,231B,90,0.4357,0.1518,0.3697,0.2448,layer_3
norm_asym,col_norm,4,per_ckpt,262B,90,-0.1056,0.6663,-0.0736,0.7692,layer_3
norm_asym,col_norm,4,per_ckpt,294B,90,-0.3517,0.1828,-0.3434,0.2058,layer_3
norm_asym,col_norm,4,per_ckpt,325B,90,-0.1689,0.5544,-0.1325,0.6404,layer_3
norm_asym,col_norm,4,per_ckpt,352B,90,-0.1836,0.5385,-0.2142,0.4805,layer_3
norm_asym,col_norm,4,per_ckpt,384B,90,-0.02,0.9421,0.0303,0.9181,layer_3
norm_asym,col_norm,4,per_ckpt,415B,90,-0.0238,0.9171,-0.0152,0.951,layer_3
norm_asym,col_norm,4,per_ckpt,447B,90,0.2705,0.3167,0.2326,0.3996,layer_3
norm_asym,col_norm,4,per_ckpt,478B,90,-0.2468,0.3786,-0.1998,0.4875,layer_3
norm_asym,col_norm,4,per_ckpt,510B,90,-0.1239,0.6723,-0.083,0.7742,layer_3
norm_asym,col_norm,4,per_ckpt,541B,90,0.1266,0.6124,0.1594,0.5175,layer_3
norm_asym,col_norm,4,per_ckpt,573B,90,-0.2688,0.3606,-0.2718,0.3566,layer_3
norm_asym,col_norm,4,per_ckpt,main,90,-0.2631,0.3437,-0.2516,0.3536,layer_3
norm_asym,col_norm,8,per_ckpt,10B,90,-0.1523,0.5564,-0.1218,0.6394,layer_3
norm_asym,col_norm,8,per_ckpt,42B,90,-0.53,0.046,-0.5092,0.0519,layer_3
norm_asym,col_norm,8,per_ckpt,73B,90,-0.2033,0.4705,-0.2316,0.4186,layer_3
norm_asym,col_norm,8,per_ckpt,105B,90,-0.2387,0.3457,-0.2116,0.4306,layer_3
norm_asym,col_norm,8,per_ckpt,136B,90,-0.4433,0.1658,-0.4029,0.2148,layer_3
norm_asym,col_norm,8,per_ckpt,168B,90,-0.1738,0.5195,-0.1222,0.6583,layer_3
norm_asym,col_norm,8,per_ckpt,199B,90,-0.5632,0.012,-0.5423,0.021,layer_3
norm_asym,col_norm,8,per_ckpt,231B,90,0.1179,0.6723,0.1821,0.5185,layer_3
norm_asym,col_norm,8,per_ckpt,262B,90,-0.1086,0.6843,-0.1357,0.6214,layer_3
norm_asym,col_norm,8,per_ckpt,294B,90,-0.2174,0.4955,-0.2165,0.5085,layer_3
norm_asym,col_norm,8,per_ckpt,325B,90,-0.0201,0.9441,-0.0317,0.9051,layer_3
norm_asym,col_norm,8,per_ckpt,352B,90,-0.2381,0.3806,-0.1981,0.4745,layer_3
norm_asym,col_norm,8,per_ckpt,384B,90,0.0266,0.9411,-0.033,0.9221,layer_3
norm_asym,col_norm,8,per_ckpt,415B,90,-0.3312,0.1998,-0.3383,0.2018,layer_3
norm_asym,col_norm,8,per_ckpt,447B,90,-0.1425,0.6444,-0.1152,0.7023,layer_3
norm_asym,col_norm,8,per_ckpt,478B,90,0.1798,0.5385,0.1083,0.7173,layer_3
norm_asym,col_norm,8,per_ckpt,510B,90,-0.2806,0.1618,-0.2478,0.2198,layer_3
norm_asym,col_norm,8,per_ckpt,541B,90,0.1643,0.5604,0.1663,0.5415,layer_3
norm_asym,col_norm,8,per_ckpt,573B,90,-0.2294,0.4535,-0.1365,0.6683,layer_3
norm_asym,col_norm,8,per_ckpt,main,90,-0.1582,0.5744,-0.1352,0.6264,layer_3
abs_diff,row_norm,4,pooled,,1800,0.1267,0.0,0.1288,0.0,layer_4
abs_diff,row_norm,8,pooled,,1800,0.0224,0.3433,0.0204,0.3863,layer_4
abs_diff,col_norm,4,pooled,,1800,0.0932,0.0001,0.0919,0.0001,layer_4
abs_diff,col_norm,8,pooled,,1800,0.0233,0.3223,0.0148,0.5296,layer_4
signed_diff,row_norm,4,pooled,,1800,-0.068,0.0039,-0.0628,0.0076,layer_4
signed_diff,row_norm,8,pooled,,1800,-0.0015,0.9505,-0.0213,0.3669,layer_4
signed_diff,col_norm,4,pooled,,1800,-0.0847,0.0003,-0.1009,0.0,layer_4
signed_diff,col_norm,8,pooled,,1800,-0.1472,0.0,-0.1233,0.0,layer_4
min_rankme,row_norm,4,pooled,,1800,-0.0244,0.3005,-0.0125,0.5967,layer_4
min_rankme,row_norm,8,pooled,,1800,0.0642,0.0064,0.056,0.0175,layer_4
min_rankme,col_norm,4,pooled,,1800,-0.0244,0.3017,-0.0074,0.7543,layer_4
min_rankme,col_norm,8,pooled,,1800,0.0419,0.0757,0.047,0.0461,layer_4
norm_asym,row_norm,4,pooled,,1800,-0.1104,0.0,-0.1268,0.0,layer_4
norm_asym,row_norm,8,pooled,,1800,0.0277,0.2404,0.0251,0.2868,layer_4
norm_asym,col_norm,4,pooled,,1800,-0.0629,0.0076,-0.0554,0.0187,layer_4
norm_asym,col_norm,8,pooled,,1800,-0.1629,0.0,-0.139,0.0,layer_4
abs_diff,row_norm,4,per_ckpt,10B,90,0.1459,0.1479,0.1447,0.1788,layer_4
abs_diff,row_norm,4,per_ckpt,42B,90,0.2731,0.019,0.2427,0.05,layer_4
abs_diff,row_norm,4,per_ckpt,73B,90,0.0759,0.4695,0.0701,0.5265,layer_4
abs_diff,row_norm,4,per_ckpt,105B,90,0.1408,0.2567,0.2086,0.1159,layer_4
abs_diff,row_norm,4,per_ckpt,136B,90,0.1593,0.1558,0.1944,0.0979,layer_4
abs_diff,row_norm,4,per_ckpt,168B,90,0.0257,0.8172,0.1203,0.3157,layer_4
abs_diff,row_norm,4,per_ckpt,199B,90,-0.1168,0.3606,-0.0932,0.4945,layer_4
abs_diff,row_norm,4,per_ckpt,231B,90,-0.018,0.8781,-0.0094,0.9481,layer_4
abs_diff,row_norm,4,per_ckpt,262B,90,0.1529,0.2338,0.1459,0.3107,layer_4
abs_diff,row_norm,4,per_ckpt,294B,90,-0.051,0.7842,-0.112,0.5105,layer_4
abs_diff,row_norm,4,per_ckpt,325B,90,0.1097,0.4625,0.0974,0.5405,layer_4
abs_diff,row_norm,4,per_ckpt,352B,90,-0.063,0.6124,-0.0642,0.6523,layer_4
abs_diff,row_norm,4,per_ckpt,384B,90,0.1605,0.1189,0.2104,0.0569,layer_4
abs_diff,row_norm,4,per_ckpt,415B,90,0.1398,0.1988,0.1699,0.1409,layer_4
abs_diff,row_norm,4,per_ckpt,447B,90,-0.1138,0.3896,-0.1035,0.4705,layer_4
abs_diff,row_norm,4,per_ckpt,478B,90,0.1862,0.1099,0.1706,0.1718,layer_4
abs_diff,row_norm,4,per_ckpt,510B,90,0.0141,0.9261,0.0773,0.6464,layer_4
abs_diff,row_norm,4,per_ckpt,541B,90,0.0154,0.8831,0.0104,0.9131,layer_4
abs_diff,row_norm,4,per_ckpt,573B,90,0.0056,0.961,0.0202,0.8651,layer_4
abs_diff,row_norm,4,per_ckpt,main,90,-0.1172,0.3487,-0.0702,0.6394,layer_4
abs_diff,row_norm,8,per_ckpt,10B,90,0.1469,0.2278,0.1232,0.3327,layer_4
abs_diff,row_norm,8,per_ckpt,42B,90,0.0994,0.4306,0.1089,0.4326,layer_4
abs_diff,row_norm,8,per_ckpt,73B,90,-0.2362,0.019,-0.2402,0.033,layer_4
abs_diff,row_norm,8,per_ckpt,105B,90,0.1013,0.2517,0.0868,0.3397,layer_4
abs_diff,row_norm,8,per_ckpt,136B,90,0.122,0.3506,0.129,0.3317,layer_4
abs_diff,row_norm,8,per_ckpt,168B,90,-0.0316,0.8432,-0.0097,0.953,layer_4
abs_diff,row_norm,8,per_ckpt,199B,90,0.0164,0.8871,0.0132,0.9201,layer_4
abs_diff,row_norm,8,per_ckpt,231B,90,-0.0394,0.7712,-0.0623,0.6723,layer_4
abs_diff,row_norm,8,per_ckpt,262B,90,0.1,0.4476,0.0864,0.5475,layer_4
abs_diff,row_norm,8,per_ckpt,294B,90,0.0028,0.973,-0.0547,0.6583,layer_4
abs_diff,row_norm,8,per_ckpt,325B,90,-0.1343,0.1538,-0.0727,0.4456,layer_4
abs_diff,row_norm,8,per_ckpt,352B,90,0.0343,0.7732,0.0211,0.8452,layer_4
abs_diff,row_norm,8,per_ckpt,384B,90,-0.1549,0.2388,-0.1211,0.3976,layer_4
abs_diff,row_norm,8,per_ckpt,415B,90,-0.2126,0.0859,-0.2404,0.0529,layer_4
abs_diff,row_norm,8,per_ckpt,447B,90,-0.0993,0.3337,-0.0918,0.4156,layer_4
abs_diff,row_norm,8,per_ckpt,478B,90,-0.1956,0.048,-0.1796,0.0919,layer_4
abs_diff,row_norm,8,per_ckpt,510B,90,0.1035,0.4306,0.0661,0.6334,layer_4
abs_diff,row_norm,8,per_ckpt,541B,90,0.1574,0.2248,0.1767,0.2068,layer_4
abs_diff,row_norm,8,per_ckpt,573B,90,0.0289,0.8282,0.0516,0.7273,layer_4
abs_diff,row_norm,8,per_ckpt,main,90,-0.0323,0.7353,-0.1036,0.3746,layer_4
abs_diff,col_norm,4,per_ckpt,10B,90,0.0609,0.2577,0.0729,0.2358,layer_4
abs_diff,col_norm,4,per_ckpt,42B,90,0.1123,0.01,0.1062,0.023,layer_4
abs_diff,col_norm,4,per_ckpt,73B,90,0.0496,0.4685,0.0443,0.5514,layer_4
abs_diff,col_norm,4,per_ckpt,105B,90,0.0883,0.2657,0.1366,0.1169,layer_4
abs_diff,col_norm,4,per_ckpt,136B,90,0.1896,0.0569,0.1667,0.0939,layer_4
abs_diff,col_norm,4,per_ckpt,168B,90,0.0338,0.6633,0.0716,0.3646,layer_4
abs_diff,col_norm,4,per_ckpt,199B,90,-0.0563,0.5015,-0.0611,0.5015,layer_4
abs_diff,col_norm,4,per_ckpt,231B,90,-0.0221,0.7343,-0.0015,0.974,layer_4
abs_diff,col_norm,4,per_ckpt,262B,90,0.1519,0.1988,0.1351,0.3077,layer_4
abs_diff,col_norm,4,per_ckpt,294B,90,-0.0593,0.6234,-0.0916,0.4915,layer_4
abs_diff,col_norm,4,per_ckpt,325B,90,0.0787,0.4525,0.0709,0.5435,layer_4
abs_diff,col_norm,4,per_ckpt,352B,90,-0.058,0.5135,-0.0444,0.6553,layer_4
abs_diff,col_norm,4,per_ckpt,384B,90,0.1581,0.0819,0.1833,0.0569,layer_4
abs_diff,col_norm,4,per_ckpt,415B,90,0.1542,0.1329,0.1646,0.1309,layer_4
abs_diff,col_norm,4,per_ckpt,447B,90,-0.0992,0.3566,-0.0851,0.4416,layer_4
abs_diff,col_norm,4,per_ckpt,478B,90,0.1627,0.1099,0.1514,0.1828,layer_4
abs_diff,col_norm,4,per_ckpt,510B,90,0.0129,0.8891,0.0392,0.6773,layer_4
abs_diff,col_norm,4,per_ckpt,541B,90,0.0299,0.7822,0.0142,0.8901,layer_4
abs_diff,col_norm,4,per_ckpt,573B,90,-0.0016,0.975,0.0196,0.8032,layer_4
abs_diff,col_norm,4,per_ckpt,main,90,-0.0548,0.5005,-0.0464,0.6104,layer_4
abs_diff,col_norm,8,per_ckpt,10B,90,0.1482,0.1129,0.1009,0.3207,layer_4
abs_diff,col_norm,8,per_ckpt,42B,90,0.1021,0.1868,0.0729,0.4156,layer_4
abs_diff,col_norm,8,per_ckpt,73B,90,-0.2034,0.013,-0.1977,0.031,layer_4
abs_diff,col_norm,8,per_ckpt,105B,90,0.0902,0.3526,0.1052,0.3017,layer_4
abs_diff,col_norm,8,per_ckpt,136B,90,0.0412,0.5145,0.0709,0.2308,layer_4
abs_diff,col_norm,8,per_ckpt,168B,90,0.0481,0.5674,-0.002,0.985,layer_4
abs_diff,col_norm,8,per_ckpt,199B,90,-0.0345,0.7542,0.0148,0.9101,layer_4
abs_diff,col_norm,8,per_ckpt,231B,90,-0.0627,0.5714,-0.0544,0.6474,layer_4
abs_diff,col_norm,8,per_ckpt,262B,90,0.0707,0.4915,0.0674,0.5744,layer_4
abs_diff,col_norm,8,per_ckpt,294B,90,-0.0321,0.5754,-0.033,0.5504,layer_4
abs_diff,col_norm,8,per_ckpt,325B,90,-0.0414,0.5934,-0.06,0.4356,layer_4
abs_diff,col_norm,8,per_ckpt,352B,90,0.0509,0.5804,0.015,0.8561,layer_4
abs_diff,col_norm,8,per_ckpt,384B,90,-0.0992,0.2637,-0.0931,0.3926,layer_4
abs_diff,col_norm,8,per_ckpt,415B,90,-0.1447,0.1568,-0.1986,0.048,layer_4
abs_diff,col_norm,8,per_ckpt,447B,90,-0.0613,0.3856,-0.0718,0.3976,layer_4
abs_diff,col_norm,8,per_ckpt,478B,90,-0.1306,0.1099,-0.1475,0.1219,layer_4
abs_diff,col_norm,8,per_ckpt,510B,90,0.12,0.3437,0.0662,0.6254,layer_4
abs_diff,col_norm,8,per_ckpt,541B,90,0.1859,0.045,0.1248,0.2238,layer_4
abs_diff,col_norm,8,per_ckpt,573B,90,0.0053,0.9361,0.0293,0.7173,layer_4
abs_diff,col_norm,8,per_ckpt,main,90,-0.0231,0.7742,-0.0785,0.3776,layer_4
signed_diff,row_norm,4,per_ckpt,10B,90,0.0738,0.7283,0.0808,0.6983,layer_4
signed_diff,row_norm,4,per_ckpt,42B,90,0.0215,0.8901,0.0517,0.7732,layer_4
signed_diff,row_norm,4,per_ckpt,73B,90,-0.3819,0.0729,-0.4012,0.0649,layer_4
signed_diff,row_norm,4,per_ckpt,105B,90,-0.1079,0.6713,-0.0705,0.8022,layer_4
signed_diff,row_norm,4,per_ckpt,136B,90,-0.0308,0.8991,-0.0262,0.9141,layer_4
signed_diff,row_norm,4,per_ckpt,168B,90,-0.0009,0.998,0.0327,0.8761,layer_4
signed_diff,row_norm,4,per_ckpt,199B,90,-0.266,0.2198,-0.2601,0.2308,layer_4
signed_diff,row_norm,4,per_ckpt,231B,90,-0.3372,0.0669,-0.3318,0.0829,layer_4
signed_diff,row_norm,4,per_ckpt,262B,90,-0.1407,0.5095,-0.1455,0.4975,layer_4
signed_diff,row_norm,4,per_ckpt,294B,90,-0.0821,0.7173,-0.0973,0.6863,layer_4
signed_diff,row_norm,4,per_ckpt,325B,90,0.0199,0.9181,0.0767,0.7263,layer_4
signed_diff,row_norm,4,per_ckpt,352B,90,-0.1618,0.4655,-0.1902,0.4046,layer_4
signed_diff,row_norm,4,per_ckpt,384B,90,0.0091,0.965,0.0043,0.989,layer_4
signed_diff,row_norm,4,per_ckpt,415B,90,-0.1352,0.5654,-0.1597,0.5125,layer_4
signed_diff,row_norm,4,per_ckpt,447B,90,-0.3326,0.1449,-0.328,0.1548,layer_4
signed_diff,row_norm,4,per_ckpt,478B,90,-0.0933,0.7083,-0.073,0.7832,layer_4
signed_diff,row_norm,4,per_ckpt,510B,90,0.0341,0.7463,-0.0339,0.7283,layer_4
signed_diff,row_norm,4,per_ckpt,541B,90,0.2257,0.3457,0.2043,0.4116,layer_4
signed_diff,row_norm,4,per_ckpt,573B,90,-0.1901,0.4525,-0.1962,0.4486,layer_4
signed_diff,row_norm,4,per_ckpt,main,90,0.0858,0.5764,0.0351,0.8132,layer_4
signed_diff,row_norm,8,per_ckpt,10B,90,-0.031,0.8681,-0.1049,0.6064,layer_4
signed_diff,row_norm,8,per_ckpt,42B,90,0.0504,0.7532,0.09,0.5724,layer_4
signed_diff,row_norm,8,per_ckpt,73B,90,-0.0606,0.7702,-0.091,0.6833,layer_4
signed_diff,row_norm,8,per_ckpt,105B,90,-0.1062,0.7083,-0.151,0.6134,layer_4
signed_diff,row_norm,8,per_ckpt,136B,90,0.2284,0.2408,0.2082,0.3247,layer_4
signed_diff,row_norm,8,per_ckpt,168B,90,0.0287,0.8172,0.064,0.6404,layer_4
signed_diff,row_norm,8,per_ckpt,199B,90,-0.0016,0.994,-0.006,0.985,layer_4
signed_diff,row_norm,8,per_ckpt,231B,90,-0.3419,0.0789,-0.3485,0.0859,layer_4
signed_diff,row_norm,8,per_ckpt,262B,90,0.4298,0.033,0.4333,0.026,layer_4
signed_diff,row_norm,8,per_ckpt,294B,90,0.325,0.033,0.314,0.0539,layer_4
signed_diff,row_norm,8,per_ckpt,325B,90,-0.1212,0.6444,-0.1692,0.5365,layer_4
signed_diff,row_norm,8,per_ckpt,352B,90,-0.1142,0.6104,-0.1219,0.5864,layer_4
signed_diff,row_norm,8,per_ckpt,384B,90,-0.2605,0.2248,-0.2455,0.2557,layer_4
signed_diff,row_norm,8,per_ckpt,415B,90,-0.1463,0.5235,-0.1616,0.4915,layer_4
signed_diff,row_norm,8,per_ckpt,447B,90,0.1035,0.6174,0.0795,0.7023,layer_4
signed_diff,row_norm,8,per_ckpt,478B,90,-0.0622,0.8132,-0.043,0.8811,layer_4
signed_diff,row_norm,8,per_ckpt,510B,90,0.1085,0.5884,0.0643,0.7712,layer_4
signed_diff,row_norm,8,per_ckpt,541B,90,0.0614,0.7782,0.0565,0.7952,layer_4
signed_diff,row_norm,8,per_ckpt,573B,90,-0.0043,0.983,0.0005,0.998,layer_4
signed_diff,row_norm,8,per_ckpt,main,90,0.0393,0.8831,0.0199,0.9361,layer_4
signed_diff,col_norm,4,per_ckpt,10B,90,-0.1391,0.6184,-0.1482,0.6024,layer_4
signed_diff,col_norm,4,per_ckpt,42B,90,-0.0331,0.9181,-0.0098,0.969,layer_4
signed_diff,col_norm,4,per_ckpt,73B,90,0.0705,0.8202,0.0745,0.8172,layer_4
signed_diff,col_norm,4,per_ckpt,105B,90,-0.1023,0.7173,-0.1232,0.6753,layer_4
signed_diff,col_norm,4,per_ckpt,136B,90,-0.3882,0.1568,-0.4207,0.1239,layer_4
signed_diff,col_norm,4,per_ckpt,168B,90,-0.1131,0.7073,-0.0965,0.7383,layer_4
signed_diff,col_norm,4,per_ckpt,199B,90,0.4805,0.0799,0.4762,0.0899,layer_4
signed_diff,col_norm,4,per_ckpt,231B,90,0.5049,0.0889,0.4898,0.1209,layer_4
signed_diff,col_norm,4,per_ckpt,262B,90,-0.1748,0.4925,-0.1435,0.5804,layer_4
signed_diff,col_norm,4,per_ckpt,294B,90,-0.2884,0.2947,-0.2993,0.2887,layer_4
signed_diff,col_norm,4,per_ckpt,325B,90,-0.2419,0.3996,-0.2461,0.4066,layer_4
signed_diff,col_norm,4,per_ckpt,352B,90,-0.0646,0.8412,-0.0819,0.8002,layer_4
signed_diff,col_norm,4,per_ckpt,384B,90,-0.1692,0.5075,-0.1762,0.4955,layer_4
signed_diff,col_norm,4,per_ckpt,415B,90,-0.1122,0.6583,-0.1616,0.5385,layer_4
signed_diff,col_norm,4,per_ckpt,447B,90,0.2531,0.3467,0.166,0.5874,layer_4
signed_diff,col_norm,4,per_ckpt,478B,90,-0.2878,0.3167,-0.2803,0.3307,layer_4
signed_diff,col_norm,4,per_ckpt,510B,90,-0.2039,0.5005,-0.2142,0.4965,layer_4
signed_diff,col_norm,4,per_ckpt,541B,90,0.0477,0.8382,0.051,0.8452,layer_4
signed_diff,col_norm,4,per_ckpt,573B,90,-0.2983,0.3077,-0.3128,0.2947,layer_4
signed_diff,col_norm,4,per_ckpt,main,90,-0.2706,0.3347,-0.2966,0.2917,layer_4
signed_diff,col_norm,8,per_ckpt,10B,90,-0.2575,0.3267,-0.2498,0.3397,layer_4
signed_diff,col_norm,8,per_ckpt,42B,90,-0.5876,0.024,-0.5487,0.036,layer_4
signed_diff,col_norm,8,per_ckpt,73B,90,-0.2766,0.3117,-0.2873,0.3127,layer_4
signed_diff,col_norm,8,per_ckpt,105B,90,-0.2891,0.2378,-0.3116,0.2278,layer_4
signed_diff,col_norm,8,per_ckpt,136B,90,-0.6076,0.047,-0.6059,0.048,layer_4
signed_diff,col_norm,8,per_ckpt,168B,90,-0.3082,0.2697,-0.3103,0.2807,layer_4
signed_diff,col_norm,8,per_ckpt,199B,90,-0.5674,0.006,-0.5504,0.009,layer_4
signed_diff,col_norm,8,per_ckpt,231B,90,0.0093,0.969,0.0364,0.8971,layer_4
signed_diff,col_norm,8,per_ckpt,262B,90,-0.0813,0.7712,-0.0605,0.8322,layer_4
signed_diff,col_norm,8,per_ckpt,294B,90,-0.1614,0.6134,-0.1525,0.6294,layer_4
signed_diff,col_norm,8,per_ckpt,325B,90,-0.0753,0.7932,-0.1071,0.7273,layer_4
signed_diff,col_norm,8,per_ckpt,352B,90,-0.2465,0.3536,-0.2321,0.4076,layer_4
signed_diff,col_norm,8,per_ckpt,384B,90,0.1211,0.6873,0.0921,0.7682,layer_4
signed_diff,col_norm,8,per_ckpt,415B,90,-0.2257,0.3906,-0.2291,0.4136,layer_4
signed_diff,col_norm,8,per_ckpt,447B,90,-0.1032,0.7353,-0.1016,0.7353,layer_4
signed_diff,col_norm,8,per_ckpt,478B,90,0.3683,0.1898,0.3432,0.2188,layer_4
signed_diff,col_norm,8,per_ckpt,510B,90,-0.2648,0.1838,-0.2461,0.2208,layer_4
signed_diff,col_norm,8,per_ckpt,541B,90,0.1071,0.7093,0.0976,0.7343,layer_4
signed_diff,col_norm,8,per_ckpt,573B,90,-0.3017,0.3397,-0.2544,0.4296,layer_4
signed_diff,col_norm,8,per_ckpt,main,90,-0.1076,0.7163,-0.0937,0.7582,layer_4
min_rankme,row_norm,4,per_ckpt,10B,90,0.0266,0.8741,0.0735,0.6204,layer_4
min_rankme,row_norm,4,per_ckpt,42B,90,0.0499,0.7502,0.0158,0.9381,layer_4
min_rankme,row_norm,4,per_ckpt,73B,90,-0.1863,0.3017,-0.1367,0.4505,layer_4
min_rankme,row_norm,4,per_ckpt,105B,90,-0.0757,0.6663,-0.0434,0.7902,layer_4
min_rankme,row_norm,4,per_ckpt,136B,90,-0.1525,0.3247,-0.2012,0.1868,layer_4
min_rankme,row_norm,4,per_ckpt,168B,90,-0.1397,0.4036,-0.0905,0.5984,layer_4
min_rankme,row_norm,4,per_ckpt,199B,90,-0.1995,0.2258,-0.2916,0.0589,layer_4
min_rankme,row_norm,4,per_ckpt,231B,90,-0.1221,0.4945,-0.1906,0.2507,layer_4
min_rankme,row_norm,4,per_ckpt,262B,90,-0.2906,0.0799,-0.3214,0.048,layer_4
min_rankme,row_norm,4,per_ckpt,294B,90,-0.0097,0.97,0.0261,0.9081,layer_4
min_rankme,row_norm,4,per_ckpt,325B,90,-0.0001,1.0,0.1158,0.5315,layer_4
min_rankme,row_norm,4,per_ckpt,352B,90,-0.0484,0.7742,-0.1363,0.3796,layer_4
min_rankme,row_norm,4,per_ckpt,384B,90,-0.0551,0.6484,-0.0725,0.5554,layer_4
min_rankme,row_norm,4,per_ckpt,415B,90,-0.2099,0.1139,-0.1748,0.2038,layer_4
min_rankme,row_norm,4,per_ckpt,447B,90,-0.236,0.1489,-0.2612,0.1009,layer_4
min_rankme,row_norm,4,per_ckpt,478B,90,-0.2522,0.0819,-0.2076,0.1419,layer_4
min_rankme,row_norm,4,per_ckpt,510B,90,-0.1155,0.5385,-0.2289,0.1988,layer_4
min_rankme,row_norm,4,per_ckpt,541B,90,0.0532,0.6703,0.0857,0.4466,layer_4
min_rankme,row_norm,4,per_ckpt,573B,90,-0.2334,0.0849,-0.2156,0.0989,layer_4
min_rankme,row_norm,4,per_ckpt,main,90,0.0141,0.9341,-0.1053,0.5015,layer_4
min_rankme,row_norm,8,per_ckpt,10B,90,-0.2612,0.1868,-0.2198,0.2398,layer_4
min_rankme,row_norm,8,per_ckpt,42B,90,0.2809,0.0969,0.2554,0.1169,layer_4
min_rankme,row_norm,8,per_ckpt,73B,90,0.2636,0.1698,0.2306,0.2118,layer_4
min_rankme,row_norm,8,per_ckpt,105B,90,-0.1701,0.1329,-0.1143,0.2617,layer_4
min_rankme,row_norm,8,per_ckpt,136B,90,0.2586,0.1139,0.2924,0.0709,layer_4
min_rankme,row_norm,8,per_ckpt,168B,90,-0.2213,0.2158,-0.2429,0.1668,layer_4
min_rankme,row_norm,8,per_ckpt,199B,90,-0.0061,0.974,-0.0101,0.9301,layer_4
min_rankme,row_norm,8,per_ckpt,231B,90,-0.0246,0.8901,-0.0914,0.6324,layer_4
min_rankme,row_norm,8,per_ckpt,262B,90,-0.0242,0.8681,-0.039,0.8152,layer_4
min_rankme,row_norm,8,per_ckpt,294B,90,-0.0702,0.5814,-0.0942,0.4815,layer_4
min_rankme,row_norm,8,per_ckpt,325B,90,0.207,0.0509,0.1903,0.0579,layer_4
min_rankme,row_norm,8,per_ckpt,352B,90,-0.0218,0.8861,0.0579,0.6494,layer_4
min_rankme,row_norm,8,per_ckpt,384B,90,0.0205,0.9001,-0.0184,0.9151,layer_4
min_rankme,row_norm,8,per_ckpt,415B,90,0.2014,0.1988,0.2098,0.1429,layer_4
min_rankme,row_norm,8,per_ckpt,447B,90,0.2052,0.0539,0.1998,0.0949,layer_4
min_rankme,row_norm,8,per_ckpt,478B,90,0.1877,0.1319,0.0976,0.4625,layer_4
min_rankme,row_norm,8,per_ckpt,510B,90,0.0073,0.961,0.0166,0.9341,layer_4
min_rankme,row_norm,8,per_ckpt,541B,90,-0.064,0.7213,-0.0641,0.6873,layer_4
min_rankme,row_norm,8,per_ckpt,573B,90,0.0348,0.8392,-0.0071,0.967,layer_4
min_rankme,row_norm,8,per_ckpt,main,90,0.1588,0.1718,0.1223,0.3117,layer_4
min_rankme,col_norm,4,per_ckpt,10B,90,0.0288,0.7223,0.05,0.5465,layer_4
min_rankme,col_norm,4,per_ckpt,42B,90,0.0202,0.7393,0.0103,0.8951,layer_4
min_rankme,col_norm,4,per_ckpt,73B,90,-0.098,0.4106,-0.0879,0.4735,layer_4
min_rankme,col_norm,4,per_ckpt,105B,90,-0.0468,0.6513,-0.0304,0.7672,layer_4
min_rankme,col_norm,4,per_ckpt,136B,90,-0.116,0.3856,-0.1735,0.1778,layer_4
min_rankme,col_norm,4,per_ckpt,168B,90,-0.0768,0.5045,-0.0535,0.6334,layer_4
min_rankme,col_norm,4,per_ckpt,199B,90,-0.1574,0.1369,-0.1913,0.0629,layer_4
min_rankme,col_norm,4,per_ckpt,231B,90,-0.0448,0.5864,-0.0914,0.2657,layer_4
min_rankme,col_norm,4,per_ckpt,262B,90,-0.2952,0.049,-0.2958,0.045,layer_4
min_rankme,col_norm,4,per_ckpt,294B,90,0.0032,0.979,0.0246,0.8911,layer_4
min_rankme,col_norm,4,per_ckpt,325B,90,-0.0,1.0,0.0799,0.5504,layer_4
min_rankme,col_norm,4,per_ckpt,352B,90,-0.0352,0.7852,-0.0979,0.3596,layer_4
min_rankme,col_norm,4,per_ckpt,384B,90,-0.0548,0.5934,-0.0573,0.6004,layer_4
min_rankme,col_norm,4,per_ckpt,415B,90,-0.2203,0.0839,-0.1647,0.2048,layer_4
min_rankme,col_norm,4,per_ckpt,447B,90,-0.1917,0.1499,-0.1953,0.1229,layer_4
min_rankme,col_norm,4,per_ckpt,478B,90,-0.2303,0.0649,-0.1847,0.1479,layer_4
min_rankme,col_norm,4,per_ckpt,510B,90,-0.0697,0.5455,-0.1297,0.1988,layer_4
min_rankme,col_norm,4,per_ckpt,541B,90,0.0724,0.5824,0.0928,0.4256,layer_4
min_rankme,col_norm,4,per_ckpt,573B,90,-0.131,0.1648,-0.1539,0.0959,layer_4
min_rankme,col_norm,4,per_ckpt,main,90,-0.0258,0.7942,-0.0667,0.5035,layer_4
min_rankme,col_norm,8,per_ckpt,10B,90,-0.2053,0.1598,-0.1786,0.2338,layer_4
min_rankme,col_norm,8,per_ckpt,42B,90,0.1448,0.1389,0.1602,0.1259,layer_4
min_rankme,col_norm,8,per_ckpt,73B,90,0.2257,0.1608,0.1903,0.2098,layer_4
min_rankme,col_norm,8,per_ckpt,105B,90,-0.1168,0.3127,-0.13,0.2557,layer_4
min_rankme,col_norm,8,per_ckpt,136B,90,0.1194,0.1409,0.1265,0.0789,layer_4
min_rankme,col_norm,8,per_ckpt,168B,90,-0.1576,0.1768,-0.1575,0.1489,layer_4
min_rankme,col_norm,8,per_ckpt,199B,90,0.0211,0.8891,-0.004,0.964,layer_4
min_rankme,col_norm,8,per_ckpt,231B,90,0.0241,0.8821,-0.0752,0.6274,layer_4
min_rankme,col_norm,8,per_ckpt,262B,90,-0.0419,0.7453,-0.0352,0.7982,layer_4
min_rankme,col_norm,8,per_ckpt,294B,90,-0.0067,0.9241,-0.0275,0.6653,layer_4
min_rankme,col_norm,8,per_ckpt,325B,90,0.1291,0.1479,0.1657,0.034,layer_4
min_rankme,col_norm,8,per_ckpt,352B,90,-0.0101,0.9321,0.0576,0.5704,layer_4
min_rankme,col_norm,8,per_ckpt,384B,90,-0.0016,0.987,-0.0099,0.9391,layer_4
min_rankme,col_norm,8,per_ckpt,415B,90,0.1748,0.1598,0.1645,0.1578,layer_4
min_rankme,col_norm,8,per_ckpt,447B,90,0.1369,0.0559,0.1523,0.0859,layer_4
min_rankme,col_norm,8,per_ckpt,478B,90,0.1152,0.2717,0.0855,0.4785,layer_4
min_rankme,col_norm,8,per_ckpt,510B,90,-0.0004,0.999,0.0185,0.9181,layer_4
min_rankme,col_norm,8,per_ckpt,541B,90,-0.0642,0.5994,-0.0307,0.8022,layer_4
min_rankme,col_norm,8,per_ckpt,573B,90,0.032,0.7153,0.0219,0.7922,layer_4
min_rankme,col_norm,8,per_ckpt,main,90,0.1291,0.1818,0.1018,0.2717,layer_4
norm_asym,row_norm,4,per_ckpt,10B,90,-0.0129,0.951,-0.0271,0.8881,layer_4
norm_asym,row_norm,4,per_ckpt,42B,90,-0.0233,0.8841,-0.0167,0.9301,layer_4
norm_asym,row_norm,4,per_ckpt,73B,90,-0.3946,0.0549,-0.4184,0.038,layer_4
norm_asym,row_norm,4,per_ckpt,105B,90,-0.2378,0.3117,-0.2404,0.3057,layer_4
norm_asym,row_norm,4,per_ckpt,136B,90,-0.0387,0.8631,-0.0296,0.8931,layer_4
norm_asym,row_norm,4,per_ckpt,168B,90,-0.0887,0.6943,-0.0972,0.6843,layer_4
norm_asym,row_norm,4,per_ckpt,199B,90,-0.2444,0.2577,-0.2705,0.1998,layer_4
norm_asym,row_norm,4,per_ckpt,231B,90,-0.3826,0.036,-0.4138,0.024,layer_4
norm_asym,row_norm,4,per_ckpt,262B,90,-0.241,0.2398,-0.3481,0.1049,layer_4
norm_asym,row_norm,4,per_ckpt,294B,90,0.0026,0.991,0.035,0.8721,layer_4
norm_asym,row_norm,4,per_ckpt,325B,90,-0.0553,0.7702,-0.0469,0.8142,layer_4
norm_asym,row_norm,4,per_ckpt,352B,90,-0.0748,0.7443,-0.0691,0.7403,layer_4
norm_asym,row_norm,4,per_ckpt,384B,90,-0.0721,0.7562,-0.1345,0.5764,layer_4
norm_asym,row_norm,4,per_ckpt,415B,90,-0.2383,0.3037,-0.2978,0.2278,layer_4
norm_asym,row_norm,4,per_ckpt,447B,90,-0.3054,0.1808,-0.2847,0.2188,layer_4
norm_asym,row_norm,4,per_ckpt,478B,90,-0.1549,0.5315,-0.1375,0.5954,layer_4
norm_asym,row_norm,4,per_ckpt,510B,90,0.0181,0.8611,-0.0426,0.6713,layer_4
norm_asym,row_norm,4,per_ckpt,541B,90,0.2062,0.4036,0.1902,0.4635,layer_4
norm_asym,row_norm,4,per_ckpt,573B,90,-0.1614,0.5085,-0.1014,0.6793,layer_4
norm_asym,row_norm,4,per_ckpt,main,90,0.0834,0.5864,0.0457,0.7453,layer_4
norm_asym,row_norm,8,per_ckpt,10B,90,-0.0696,0.6743,-0.1826,0.3037,layer_4
norm_asym,row_norm,8,per_ckpt,42B,90,0.0615,0.6883,0.0823,0.5884,layer_4
norm_asym,row_norm,8,per_ckpt,73B,90,-0.0052,0.98,-0.0169,0.9361,layer_4
norm_asym,row_norm,8,per_ckpt,105B,90,-0.1844,0.4935,-0.1913,0.4555,layer_4
norm_asym,row_norm,8,per_ckpt,136B,90,0.2995,0.1109,0.3038,0.1259,layer_4
norm_asym,row_norm,8,per_ckpt,168B,90,0.0265,0.8242,0.0629,0.6374,layer_4
norm_asym,row_norm,8,per_ckpt,199B,90,0.0783,0.7453,0.1091,0.6613,layer_4
norm_asym,row_norm,8,per_ckpt,231B,90,-0.3251,0.1009,-0.3048,0.1369,layer_4
norm_asym,row_norm,8,per_ckpt,262B,90,0.3373,0.1019,0.3391,0.0839,layer_4
norm_asym,row_norm,8,per_ckpt,294B,90,0.3529,0.02,0.3143,0.0699,layer_4
norm_asym,row_norm,8,per_ckpt,325B,90,-0.0385,0.8871,-0.0733,0.7742,layer_4
norm_asym,row_norm,8,per_ckpt,352B,90,-0.1205,0.5594,-0.1077,0.5964,layer_4
norm_asym,row_norm,8,per_ckpt,384B,90,-0.1065,0.6364,-0.0452,0.8412,layer_4
norm_asym,row_norm,8,per_ckpt,415B,90,-0.0979,0.6653,-0.0398,0.8561,layer_4
norm_asym,row_norm,8,per_ckpt,447B,90,0.1752,0.4016,0.1825,0.3686,layer_4
norm_asym,row_norm,8,per_ckpt,478B,90,0.0438,0.8721,0.0891,0.7612,layer_4
norm_asym,row_norm,8,per_ckpt,510B,90,0.112,0.5654,0.0445,0.8262,layer_4
norm_asym,row_norm,8,per_ckpt,541B,90,0.047,0.8262,0.055,0.7972,layer_4
norm_asym,row_norm,8,per_ckpt,573B,90,0.0086,0.969,0.0089,0.97,layer_4
norm_asym,row_norm,8,per_ckpt,main,90,0.0808,0.7483,0.1036,0.6553,layer_4
norm_asym,col_norm,4,per_ckpt,10B,90,-0.1039,0.7243,-0.0985,0.7483,layer_4
norm_asym,col_norm,4,per_ckpt,42B,90,-0.0538,0.8611,-0.0361,0.8931,layer_4
norm_asym,col_norm,4,per_ckpt,73B,90,0.0113,0.981,0.0003,0.998,layer_4
norm_asym,col_norm,4,per_ckpt,105B,90,-0.1412,0.6523,-0.1981,0.5355,layer_4
norm_asym,col_norm,4,per_ckpt,136B,90,-0.3847,0.1588,-0.4123,0.1269,layer_4
norm_asym,col_norm,4,per_ckpt,168B,90,-0.1324,0.6773,-0.1209,0.7153,layer_4
norm_asym,col_norm,4,per_ckpt,199B,90,0.4766,0.0779,0.469,0.0829,layer_4
norm_asym,col_norm,4,per_ckpt,231B,90,0.4238,0.1698,0.3339,0.2787,layer_4
norm_asym,col_norm,4,per_ckpt,262B,90,-0.1069,0.6733,-0.0701,0.7872,layer_4
norm_asym,col_norm,4,per_ckpt,294B,90,-0.337,0.1978,-0.3239,0.2338,layer_4
norm_asym,col_norm,4,per_ckpt,325B,90,-0.1764,0.5445,-0.1315,0.6324,layer_4
norm_asym,col_norm,4,per_ckpt,352B,90,-0.1875,0.5365,-0.2308,0.4486,layer_4
norm_asym,col_norm,4,per_ckpt,384B,90,-0.0095,0.974,0.0271,0.9391,layer_4
norm_asym,col_norm,4,per_ckpt,415B,90,-0.021,0.9261,-0.0342,0.8761,layer_4
norm_asym,col_norm,4,per_ckpt,447B,90,0.2576,0.3397,0.2192,0.4216,layer_4
norm_asym,col_norm,4,per_ckpt,478B,90,-0.2561,0.3666,-0.2097,0.4735,layer_4
norm_asym,col_norm,4,per_ckpt,510B,90,-0.1142,0.6983,-0.0766,0.7912,layer_4
norm_asym,col_norm,4,per_ckpt,541B,90,0.096,0.6863,0.1428,0.5664,layer_4
norm_asym,col_norm,4,per_ckpt,573B,90,-0.308,0.2937,-0.2996,0.2937,layer_4
norm_asym,col_norm,4,per_ckpt,main,90,-0.2707,0.3207,-0.2603,0.3247,layer_4
norm_asym,col_norm,8,per_ckpt,10B,90,-0.154,0.5594,-0.1252,0.6314,layer_4
norm_asym,col_norm,8,per_ckpt,42B,90,-0.5111,0.0509,-0.4748,0.0729,layer_4
norm_asym,col_norm,8,per_ckpt,73B,90,-0.2258,0.4286,-0.2313,0.4196,layer_4
norm_asym,col_norm,8,per_ckpt,105B,90,-0.2227,0.3756,-0.1965,0.4675,layer_4
norm_asym,col_norm,8,per_ckpt,136B,90,-0.4526,0.1568,-0.3864,0.2418,layer_4
norm_asym,col_norm,8,per_ckpt,168B,90,-0.172,0.5215,-0.1146,0.6763,layer_4
norm_asym,col_norm,8,per_ckpt,199B,90,-0.5624,0.012,-0.5327,0.024,layer_4
norm_asym,col_norm,8,per_ckpt,231B,90,0.1209,0.6683,0.2106,0.4496,layer_4
norm_asym,col_norm,8,per_ckpt,262B,90,-0.114,0.6763,-0.156,0.5674,layer_4
norm_asym,col_norm,8,per_ckpt,294B,90,-0.1693,0.5974,-0.1596,0.6154,layer_4
norm_asym,col_norm,8,per_ckpt,325B,90,-0.037,0.9021,-0.0362,0.8951,layer_4
norm_asym,col_norm,8,per_ckpt,352B,90,-0.2418,0.3676,-0.1955,0.4705,layer_4
norm_asym,col_norm,8,per_ckpt,384B,90,0.0356,0.9151,-0.0257,0.9381,layer_4
norm_asym,col_norm,8,per_ckpt,415B,90,-0.3276,0.2038,-0.3181,0.2248,layer_4
norm_asym,col_norm,8,per_ckpt,447B,90,-0.1612,0.6074,-0.1217,0.6903,layer_4
norm_asym,col_norm,8,per_ckpt,478B,90,0.1787,0.5325,0.1034,0.7263,layer_4
norm_asym,col_norm,8,per_ckpt,510B,90,-0.2991,0.1369,-0.2519,0.2148,layer_4
norm_asym,col_norm,8,per_ckpt,541B,90,0.1421,0.6224,0.1634,0.5604,layer_4
norm_asym,col_norm,8,per_ckpt,573B,90,-0.2254,0.4505,-0.1411,0.6454,layer_4
norm_asym,col_norm,8,per_ckpt,main,90,-0.1364,0.6324,-0.109,0.6913,layer_4
abs_diff,row_norm,4,pooled,,1800,0.1194,0.0,0.1248,0.0,layer_5
abs_diff,row_norm,8,pooled,,1800,0.0146,0.536,0.0169,0.4726,layer_5
abs_diff,col_norm,4,pooled,,1800,0.0874,0.0002,0.0891,0.0002,layer_5
abs_diff,col_norm,8,pooled,,1800,0.0177,0.4538,0.0124,0.5981,layer_5
signed_diff,row_norm,4,pooled,,1800,-0.0683,0.0038,-0.0617,0.0089,layer_5
signed_diff,row_norm,8,pooled,,1800,-0.0065,0.7816,-0.0268,0.2552,layer_5
signed_diff,col_norm,4,pooled,,1800,-0.0799,0.0007,-0.0953,0.0001,layer_5
signed_diff,col_norm,8,pooled,,1800,-0.1501,0.0,-0.1254,0.0,layer_5
min_rankme,row_norm,4,pooled,,1800,-0.0312,0.1859,-0.0147,0.5341,layer_5
min_rankme,row_norm,8,pooled,,1800,0.0594,0.0117,0.0461,0.0503,layer_5
min_rankme,col_norm,4,pooled,,1800,-0.0284,0.2283,-0.0086,0.7165,layer_5
min_rankme,col_norm,8,pooled,,1800,0.0383,0.1043,0.0392,0.096,layer_5
norm_asym,row_norm,4,pooled,,1800,-0.1085,0.0,-0.1233,0.0,layer_5
norm_asym,row_norm,8,pooled,,1800,0.0256,0.2771,0.0191,0.4188,layer_5
norm_asym,col_norm,4,pooled,,1800,-0.0571,0.0154,-0.0529,0.0249,layer_5
norm_asym,col_norm,8,pooled,,1800,-0.159,0.0,-0.14,0.0,layer_5
abs_diff,row_norm,4,per_ckpt,10B,90,0.1487,0.1399,0.1494,0.1688,layer_5
abs_diff,row_norm,4,per_ckpt,42B,90,0.2497,0.032,0.2064,0.1189,layer_5
abs_diff,row_norm,4,per_ckpt,73B,90,0.0779,0.4575,0.0945,0.3826,layer_5
abs_diff,row_norm,4,per_ckpt,105B,90,0.1498,0.2108,0.2296,0.0909,layer_5
abs_diff,row_norm,4,per_ckpt,136B,90,0.1522,0.1269,0.1707,0.1319,layer_5
abs_diff,row_norm,4,per_ckpt,168B,90,0.0101,0.9131,0.0948,0.4036,layer_5
abs_diff,row_norm,4,per_ckpt,199B,90,-0.087,0.4745,-0.0761,0.5714,layer_5
abs_diff,row_norm,4,per_ckpt,231B,90,-0.0238,0.8432,-0.0207,0.8761,layer_5
abs_diff,row_norm,4,per_ckpt,262B,90,0.157,0.1948,0.1311,0.3417,layer_5
abs_diff,row_norm,4,per_ckpt,294B,90,-0.0339,0.8591,-0.1074,0.5295,layer_5
abs_diff,row_norm,4,per_ckpt,325B,90,0.0908,0.5285,0.0895,0.5475,layer_5
abs_diff,row_norm,4,per_ckpt,352B,90,-0.0558,0.6354,-0.0576,0.6823,layer_5
abs_diff,row_norm,4,per_ckpt,384B,90,0.1627,0.1099,0.2006,0.0689,layer_5
abs_diff,row_norm,4,per_ckpt,415B,90,0.1125,0.3017,0.1503,0.1828,layer_5
abs_diff,row_norm,4,per_ckpt,447B,90,-0.1302,0.2897,-0.1288,0.3556,layer_5
abs_diff,row_norm,4,per_ckpt,478B,90,0.1672,0.1439,0.1505,0.2278,layer_5
abs_diff,row_norm,4,per_ckpt,510B,90,0.0306,0.8412,0.0932,0.5634,layer_5
abs_diff,row_norm,4,per_ckpt,541B,90,0.019,0.8541,0.0254,0.8082,layer_5
abs_diff,row_norm,4,per_ckpt,573B,90,-0.0099,0.9321,-0.004,0.964,layer_5
abs_diff,row_norm,4,per_ckpt,main,90,-0.0819,0.5105,-0.0497,0.7303,layer_5
abs_diff,row_norm,8,per_ckpt,10B,90,0.1571,0.2078,0.124,0.3387,layer_5
abs_diff,row_norm,8,per_ckpt,42B,90,0.1079,0.3976,0.1226,0.3716,layer_5
abs_diff,row_norm,8,per_ckpt,73B,90,-0.2485,0.015,-0.2712,0.011,layer_5
abs_diff,row_norm,8,per_ckpt,105B,90,0.1093,0.2138,0.0924,0.3047,layer_5
abs_diff,row_norm,8,per_ckpt,136B,90,0.0925,0.4505,0.1276,0.3037,layer_5
abs_diff,row_norm,8,per_ckpt,168B,90,-0.0197,0.9021,-0.0009,0.999,layer_5
abs_diff,row_norm,8,per_ckpt,199B,90,-0.0032,0.975,-0.015,0.9081,layer_5
abs_diff,row_norm,8,per_ckpt,231B,90,-0.0312,0.8142,-0.0607,0.6673,layer_5
abs_diff,row_norm,8,per_ckpt,262B,90,0.0916,0.4496,0.0854,0.5445,layer_5
abs_diff,row_norm,8,per_ckpt,294B,90,-0.0184,0.8681,-0.0737,0.5455,layer_5
abs_diff,row_norm,8,per_ckpt,325B,90,-0.1452,0.1159,-0.0786,0.3896,layer_5
abs_diff,row_norm,8,per_ckpt,352B,90,-0.0136,0.9111,0.0021,0.986,layer_5
abs_diff,row_norm,8,per_ckpt,384B,90,-0.1526,0.2288,-0.1167,0.4056,layer_5
abs_diff,row_norm,8,per_ckpt,415B,90,-0.212,0.0779,-0.231,0.0629,layer_5
abs_diff,row_norm,8,per_ckpt,447B,90,-0.0778,0.4446,-0.0643,0.5754,layer_5
abs_diff,row_norm,8,per_ckpt,478B,90,-0.1987,0.044,-0.1894,0.0749,layer_5
abs_diff,row_norm,8,per_ckpt,510B,90,0.0881,0.4795,0.0759,0.5924,layer_5
abs_diff,row_norm,8,per_ckpt,541B,90,0.1679,0.1918,0.1953,0.1648,layer_5
abs_diff,row_norm,8,per_ckpt,573B,90,0.0277,0.8402,0.0399,0.7802,layer_5
abs_diff,row_norm,8,per_ckpt,main,90,-0.0094,0.9281,-0.0833,0.4685,layer_5
abs_diff,col_norm,4,per_ckpt,10B,90,0.0638,0.2348,0.0754,0.2198,layer_5
abs_diff,col_norm,4,per_ckpt,42B,90,0.1012,0.027,0.0921,0.0839,layer_5
abs_diff,col_norm,4,per_ckpt,73B,90,0.0375,0.5584,0.0598,0.4066,layer_5
abs_diff,col_norm,4,per_ckpt,105B,90,0.09,0.2448,0.1498,0.0889,layer_5
abs_diff,col_norm,4,per_ckpt,136B,90,0.182,0.05,0.1474,0.1239,layer_5
abs_diff,col_norm,4,per_ckpt,168B,90,0.0195,0.7842,0.0557,0.4515,layer_5
abs_diff,col_norm,4,per_ckpt,199B,90,-0.0374,0.6543,-0.0496,0.5754,layer_5
abs_diff,col_norm,4,per_ckpt,231B,90,-0.019,0.7702,-0.0058,0.9331,layer_5
abs_diff,col_norm,4,per_ckpt,262B,90,0.1568,0.1738,0.1221,0.3337,layer_5
abs_diff,col_norm,4,per_ckpt,294B,90,-0.0435,0.7333,-0.0882,0.5125,layer_5
abs_diff,col_norm,4,per_ckpt,325B,90,0.0682,0.5065,0.0647,0.5574,layer_5
abs_diff,col_norm,4,per_ckpt,352B,90,-0.0476,0.5764,-0.04,0.6813,layer_5
abs_diff,col_norm,4,per_ckpt,384B,90,0.1567,0.0849,0.1749,0.0639,layer_5
abs_diff,col_norm,4,per_ckpt,415B,90,0.124,0.2238,0.1461,0.1628,layer_5
abs_diff,col_norm,4,per_ckpt,447B,90,-0.118,0.2507,-0.1045,0.3407,layer_5
abs_diff,col_norm,4,per_ckpt,478B,90,0.1423,0.1459,0.1333,0.2338,layer_5
abs_diff,col_norm,4,per_ckpt,510B,90,0.0177,0.8232,0.0481,0.6134,layer_5
abs_diff,col_norm,4,per_ckpt,541B,90,0.0385,0.6863,0.0296,0.7762,layer_5
abs_diff,col_norm,4,per_ckpt,573B,90,-0.011,0.8362,0.0022,0.985,layer_5
abs_diff,col_norm,4,per_ckpt,main,90,-0.0327,0.6753,-0.0329,0.7153,layer_5
abs_diff,col_norm,8,per_ckpt,10B,90,0.1531,0.1009,0.1016,0.3267,layer_5
abs_diff,col_norm,8,per_ckpt,42B,90,0.1078,0.1618,0.0819,0.3566,layer_5
abs_diff,col_norm,8,per_ckpt,73B,90,-0.2196,0.008,-0.2222,0.011,layer_5
abs_diff,col_norm,8,per_ckpt,105B,90,0.1092,0.2328,0.1102,0.2757,layer_5
abs_diff,col_norm,8,per_ckpt,136B,90,0.0235,0.6913,0.0702,0.2028,layer_5
abs_diff,col_norm,8,per_ckpt,168B,90,0.0516,0.5205,0.0036,0.97,layer_5
abs_diff,col_norm,8,per_ckpt,199B,90,-0.0581,0.5694,-0.0118,0.9201,layer_5
abs_diff,col_norm,8,per_ckpt,231B,90,-0.0524,0.6224,-0.0527,0.6533,layer_5
abs_diff,col_norm,8,per_ckpt,262B,90,0.0608,0.5285,0.0662,0.5714,layer_5
abs_diff,col_norm,8,per_ckpt,294B,90,-0.0408,0.4565,-0.04,0.4655,layer_5
abs_diff,col_norm,8,per_ckpt,325B,90,-0.0466,0.5405,-0.0638,0.3926,layer_5
abs_diff,col_norm,8,per_ckpt,352B,90,0.0195,0.8282,0.0006,0.993,layer_5
abs_diff,col_norm,8,per_ckpt,384B,90,-0.096,0.2717,-0.0898,0.3936,layer_5
abs_diff,col_norm,8,per_ckpt,415B,90,-0.1456,0.1469,-0.1914,0.0569,layer_5
abs_diff,col_norm,8,per_ckpt,447B,90,-0.0446,0.5355,-0.0513,0.5465,layer_5
abs_diff,col_norm,8,per_ckpt,478B,90,-0.137,0.0899,-0.1564,0.0969,layer_5
abs_diff,col_norm,8,per_ckpt,510B,90,0.1099,0.3676,0.0756,0.5814,layer_5
abs_diff,col_norm,8,per_ckpt,541B,90,0.1927,0.031,0.1405,0.1748,layer_5
abs_diff,col_norm,8,per_ckpt,573B,90,0.0075,0.8971,0.0232,0.7692,layer_5
abs_diff,col_norm,8,per_ckpt,main,90,-0.0128,0.8621,-0.062,0.4805,layer_5
signed_diff,row_norm,4,per_ckpt,10B,90,0.0747,0.7213,0.0877,0.6753,layer_5
signed_diff,row_norm,4,per_ckpt,42B,90,0.0421,0.7712,0.0722,0.6743,layer_5
signed_diff,row_norm,4,per_ckpt,73B,90,-0.3407,0.1289,-0.356,0.1089,layer_5
signed_diff,row_norm,4,per_ckpt,105B,90,-0.1142,0.6563,-0.0702,0.8022,layer_5
signed_diff,row_norm,4,per_ckpt,136B,90,-0.0723,0.7662,-0.0572,0.8122,layer_5
signed_diff,row_norm,4,per_ckpt,168B,90,-0.0139,0.9431,0.0146,0.9481,layer_5
signed_diff,row_norm,4,per_ckpt,199B,90,-0.2703,0.2138,-0.2757,0.1978,layer_5
signed_diff,row_norm,4,per_ckpt,231B,90,-0.3264,0.0759,-0.322,0.0959,layer_5
signed_diff,row_norm,4,per_ckpt,262B,90,-0.1293,0.5495,-0.1306,0.5475,layer_5
signed_diff,row_norm,4,per_ckpt,294B,90,-0.0931,0.6893,-0.118,0.6194,layer_5
signed_diff,row_norm,4,per_ckpt,325B,90,0.0408,0.8422,0.0928,0.6763,layer_5
signed_diff,row_norm,4,per_ckpt,352B,90,-0.1934,0.3746,-0.22,0.3207,layer_5
signed_diff,row_norm,4,per_ckpt,384B,90,0.019,0.9351,0.0094,0.968,layer_5
signed_diff,row_norm,4,per_ckpt,415B,90,-0.1083,0.6523,-0.1451,0.5634,layer_5
signed_diff,row_norm,4,per_ckpt,447B,90,-0.3284,0.1479,-0.3362,0.1459,layer_5
signed_diff,row_norm,4,per_ckpt,478B,90,-0.0813,0.7512,-0.0736,0.7752,layer_5
signed_diff,row_norm,4,per_ckpt,510B,90,0.0317,0.7493,-0.0392,0.6833,layer_5
signed_diff,row_norm,4,per_ckpt,541B,90,0.2541,0.2827,0.2219,0.3756,layer_5
signed_diff,row_norm,4,per_ckpt,573B,90,-0.1936,0.4515,-0.205,0.4436,layer_5
signed_diff,row_norm,4,per_ckpt,main,90,0.078,0.6264,0.0361,0.8122,layer_5
signed_diff,row_norm,8,per_ckpt,10B,90,-0.0191,0.9101,-0.098,0.6284,layer_5
signed_diff,row_norm,8,per_ckpt,42B,90,0.0385,0.8052,0.0692,0.6693,layer_5
signed_diff,row_norm,8,per_ckpt,73B,90,-0.1015,0.6274,-0.1284,0.5704,layer_5
signed_diff,row_norm,8,per_ckpt,105B,90,-0.1353,0.6434,-0.189,0.5295,layer_5
signed_diff,row_norm,8,per_ckpt,136B,90,0.2046,0.3137,0.1765,0.4056,layer_5
signed_diff,row_norm,8,per_ckpt,168B,90,0.0277,0.8222,0.0593,0.6573,layer_5
signed_diff,row_norm,8,per_ckpt,199B,90,-0.0134,0.954,-0.0201,0.9421,layer_5
signed_diff,row_norm,8,per_ckpt,231B,90,-0.3207,0.1069,-0.3412,0.0929,layer_5
signed_diff,row_norm,8,per_ckpt,262B,90,0.4415,0.029,0.4449,0.023,layer_5
signed_diff,row_norm,8,per_ckpt,294B,90,0.3252,0.033,0.3104,0.0549,layer_5
signed_diff,row_norm,8,per_ckpt,325B,90,-0.1277,0.6284,-0.1822,0.4945,layer_5
signed_diff,row_norm,8,per_ckpt,352B,90,-0.1054,0.6344,-0.1095,0.6274,layer_5
signed_diff,row_norm,8,per_ckpt,384B,90,-0.2663,0.2128,-0.2577,0.2288,layer_5
signed_diff,row_norm,8,per_ckpt,415B,90,-0.1567,0.4855,-0.1697,0.4705,layer_5
signed_diff,row_norm,8,per_ckpt,447B,90,0.1125,0.5864,0.0735,0.7213,layer_5
signed_diff,row_norm,8,per_ckpt,478B,90,-0.0682,0.8022,-0.0669,0.8042,layer_5
signed_diff,row_norm,8,per_ckpt,510B,90,0.105,0.5934,0.0608,0.7732,layer_5
signed_diff,row_norm,8,per_ckpt,541B,90,0.0732,0.7413,0.0761,0.7383,layer_5
signed_diff,row_norm,8,per_ckpt,573B,90,-0.0061,0.982,-0.007,0.974,layer_5
signed_diff,row_norm,8,per_ckpt,main,90,0.0437,0.8721,0.0106,0.967,layer_5
signed_diff,col_norm,4,per_ckpt,10B,90,-0.1464,0.6124,-0.1537,0.5944,layer_5
signed_diff,col_norm,4,per_ckpt,42B,90,-0.022,0.9341,0.0026,0.991,layer_5
signed_diff,col_norm,4,per_ckpt,73B,90,0.0535,0.8701,0.0845,0.7962,layer_5
signed_diff,col_norm,4,per_ckpt,105B,90,-0.1144,0.6943,-0.138,0.6563,layer_5
signed_diff,col_norm,4,per_ckpt,136B,90,-0.4164,0.1239,-0.4393,0.1019,layer_5
signed_diff,col_norm,4,per_ckpt,168B,90,-0.1244,0.6693,-0.1088,0.7103,layer_5
signed_diff,col_norm,4,per_ckpt,199B,90,0.4852,0.0759,0.4813,0.0869,layer_5
signed_diff,col_norm,4,per_ckpt,231B,90,0.5262,0.0779,0.5063,0.1039,layer_5
signed_diff,col_norm,4,per_ckpt,262B,90,-0.1768,0.4925,-0.1534,0.5554,layer_5
signed_diff,col_norm,4,per_ckpt,294B,90,-0.2687,0.3287,-0.2755,0.3377,layer_5
signed_diff,col_norm,4,per_ckpt,325B,90,-0.249,0.3886,-0.2503,0.4076,layer_5
signed_diff,col_norm,4,per_ckpt,352B,90,-0.0108,0.963,-0.025,0.9241,layer_5
signed_diff,col_norm,4,per_ckpt,384B,90,-0.1734,0.5005,-0.1833,0.4815,layer_5
signed_diff,col_norm,4,per_ckpt,415B,90,-0.1186,0.6394,-0.1621,0.5275,layer_5
signed_diff,col_norm,4,per_ckpt,447B,90,0.2537,0.3487,0.1812,0.5335,layer_5
signed_diff,col_norm,4,per_ckpt,478B,90,-0.2886,0.3147,-0.2748,0.3397,layer_5
signed_diff,col_norm,4,per_ckpt,510B,90,-0.2147,0.4715,-0.2141,0.4825,layer_5
signed_diff,col_norm,4,per_ckpt,541B,90,0.0405,0.8621,0.0478,0.8571,layer_5
signed_diff,col_norm,4,per_ckpt,573B,90,-0.289,0.3247,-0.2986,0.3177,layer_5
signed_diff,col_norm,4,per_ckpt,main,90,-0.2763,0.3297,-0.2933,0.3027,layer_5
signed_diff,col_norm,8,per_ckpt,10B,90,-0.2753,0.2797,-0.2531,0.3337,layer_5
signed_diff,col_norm,8,per_ckpt,42B,90,-0.5822,0.023,-0.5466,0.039,layer_5
signed_diff,col_norm,8,per_ckpt,73B,90,-0.2371,0.3916,-0.2578,0.3596,layer_5
signed_diff,col_norm,8,per_ckpt,105B,90,-0.265,0.2847,-0.2916,0.2547,layer_5
signed_diff,col_norm,8,per_ckpt,136B,90,-0.59,0.0569,-0.5995,0.0519,layer_5
signed_diff,col_norm,8,per_ckpt,168B,90,-0.3007,0.2767,-0.3037,0.2927,layer_5
signed_diff,col_norm,8,per_ckpt,199B,90,-0.5786,0.005,-0.5586,0.007,layer_5
signed_diff,col_norm,8,per_ckpt,231B,90,0.0109,0.974,0.0257,0.9311,layer_5
signed_diff,col_norm,8,per_ckpt,262B,90,-0.0802,0.7822,-0.059,0.8402,layer_5
signed_diff,col_norm,8,per_ckpt,294B,90,-0.1741,0.5904,-0.1553,0.6194,layer_5
signed_diff,col_norm,8,per_ckpt,325B,90,-0.0829,0.7782,-0.1126,0.7123,layer_5
signed_diff,col_norm,8,per_ckpt,352B,90,-0.2684,0.3217,-0.2601,0.3427,layer_5
signed_diff,col_norm,8,per_ckpt,384B,90,0.114,0.7113,0.0973,0.7552,layer_5
signed_diff,col_norm,8,per_ckpt,415B,90,-0.2203,0.4096,-0.2211,0.4226,layer_5
signed_diff,col_norm,8,per_ckpt,447B,90,-0.1017,0.7353,-0.0937,0.7522,layer_5
signed_diff,col_norm,8,per_ckpt,478B,90,0.3726,0.1868,0.3628,0.1918,layer_5
signed_diff,col_norm,8,per_ckpt,510B,90,-0.2561,0.2078,-0.2475,0.2208,layer_5
signed_diff,col_norm,8,per_ckpt,541B,90,0.1022,0.7193,0.0811,0.7762,layer_5
signed_diff,col_norm,8,per_ckpt,573B,90,-0.3092,0.3267,-0.2642,0.4156,layer_5
signed_diff,col_norm,8,per_ckpt,main,90,-0.1289,0.6543,-0.1145,0.7063,layer_5
min_rankme,row_norm,4,per_ckpt,10B,90,0.0248,0.8751,0.0759,0.6064,layer_5
min_rankme,row_norm,4,per_ckpt,42B,90,0.0499,0.7502,0.0646,0.7033,layer_5
min_rankme,row_norm,4,per_ckpt,73B,90,-0.1899,0.3097,-0.135,0.4396,layer_5
min_rankme,row_norm,4,per_ckpt,105B,90,-0.0757,0.6663,-0.0691,0.6773,layer_5
min_rankme,row_norm,4,per_ckpt,136B,90,-0.0892,0.5495,-0.1724,0.2537,layer_5
min_rankme,row_norm,4,per_ckpt,168B,90,-0.1397,0.4036,-0.0849,0.6274,layer_5
min_rankme,row_norm,4,per_ckpt,199B,90,-0.1995,0.2258,-0.2987,0.0579,layer_5
min_rankme,row_norm,4,per_ckpt,231B,90,-0.2284,0.1728,-0.2007,0.2118,layer_5
min_rankme,row_norm,4,per_ckpt,262B,90,-0.2906,0.0799,-0.3187,0.044,layer_5
min_rankme,row_norm,4,per_ckpt,294B,90,-0.0097,0.97,0.0032,0.985,layer_5
min_rankme,row_norm,4,per_ckpt,325B,90,0.0942,0.6274,0.1365,0.4366,layer_5
min_rankme,row_norm,4,per_ckpt,352B,90,-0.0457,0.7932,-0.1662,0.2727,layer_5
min_rankme,row_norm,4,per_ckpt,384B,90,-0.0558,0.6334,-0.0623,0.6044,layer_5
min_rankme,row_norm,4,per_ckpt,415B,90,-0.1868,0.1618,-0.1606,0.2547,layer_5
min_rankme,row_norm,4,per_ckpt,447B,90,-0.1854,0.2587,-0.2665,0.0919,layer_5
min_rankme,row_norm,4,per_ckpt,478B,90,-0.229,0.1129,-0.1925,0.1738,layer_5
min_rankme,row_norm,4,per_ckpt,510B,90,-0.1155,0.5385,-0.2335,0.1808,layer_5
min_rankme,row_norm,4,per_ckpt,541B,90,0.1089,0.3826,0.0868,0.4386,layer_5
min_rankme,row_norm,4,per_ckpt,573B,90,-0.2334,0.0849,-0.2132,0.0999,layer_5
min_rankme,row_norm,4,per_ckpt,main,90,-0.0885,0.5784,-0.1153,0.4645,layer_5
min_rankme,row_norm,8,per_ckpt,10B,90,-0.2627,0.1778,-0.2193,0.2438,layer_5
min_rankme,row_norm,8,per_ckpt,42B,90,0.2809,0.0969,0.2293,0.1648,layer_5
min_rankme,row_norm,8,per_ckpt,73B,90,0.2296,0.2188,0.2058,0.2617,layer_5
min_rankme,row_norm,8,per_ckpt,105B,90,-0.1701,0.1329,-0.1313,0.1948,layer_5
min_rankme,row_norm,8,per_ckpt,136B,90,0.259,0.1049,0.2879,0.0679,layer_5
min_rankme,row_norm,8,per_ckpt,168B,90,-0.2213,0.2158,-0.2399,0.1668,layer_5
min_rankme,row_norm,8,per_ckpt,199B,90,-0.0061,0.974,-0.0011,0.988,layer_5
min_rankme,row_norm,8,per_ckpt,231B,90,-0.0403,0.8332,-0.1022,0.5734,layer_5
min_rankme,row_norm,8,per_ckpt,262B,90,-0.0242,0.8681,-0.0225,0.8931,layer_5
min_rankme,row_norm,8,per_ckpt,294B,90,-0.0702,0.5814,-0.0867,0.5055,layer_5
min_rankme,row_norm,8,per_ckpt,325B,90,0.2274,0.023,0.1875,0.0619,layer_5
min_rankme,row_norm,8,per_ckpt,352B,90,0.0272,0.8432,0.0855,0.4935,layer_5
min_rankme,row_norm,8,per_ckpt,384B,90,-0.0397,0.8222,-0.0298,0.8671,layer_5
min_rankme,row_norm,8,per_ckpt,415B,90,0.1815,0.2507,0.2008,0.1598,layer_5
min_rankme,row_norm,8,per_ckpt,447B,90,0.2084,0.0559,0.1894,0.1109,layer_5
min_rankme,row_norm,8,per_ckpt,478B,90,0.1768,0.1558,0.0866,0.5135,layer_5
min_rankme,row_norm,8,per_ckpt,510B,90,0.0073,0.961,0.0131,0.9381,layer_5
min_rankme,row_norm,8,per_ckpt,541B,90,-0.0745,0.6643,-0.0625,0.7023,layer_5
min_rankme,row_norm,8,per_ckpt,573B,90,0.0348,0.8392,-0.0055,0.962,layer_5
min_rankme,row_norm,8,per_ckpt,main,90,0.1336,0.2547,0.1181,0.3257,layer_5
min_rankme,col_norm,4,per_ckpt,10B,90,0.0276,0.7283,0.0517,0.5345,layer_5
min_rankme,col_norm,4,per_ckpt,42B,90,0.0202,0.7393,0.0301,0.6713,layer_5
min_rankme,col_norm,4,per_ckpt,73B,90,-0.097,0.4106,-0.087,0.4525,layer_5
min_rankme,col_norm,4,per_ckpt,105B,90,-0.0468,0.6513,-0.047,0.6623,layer_5
min_rankme,col_norm,4,per_ckpt,136B,90,-0.0645,0.6264,-0.1498,0.2458,layer_5
min_rankme,col_norm,4,per_ckpt,168B,90,-0.0768,0.5045,-0.05,0.6613,layer_5
min_rankme,col_norm,4,per_ckpt,199B,90,-0.1574,0.1369,-0.1957,0.0579,layer_5
min_rankme,col_norm,4,per_ckpt,231B,90,-0.0845,0.3027,-0.0969,0.2268,layer_5
min_rankme,col_norm,4,per_ckpt,262B,90,-0.2952,0.049,-0.2939,0.041,layer_5
min_rankme,col_norm,4,per_ckpt,294B,90,0.0032,0.979,0.0069,0.969,layer_5
min_rankme,col_norm,4,per_ckpt,325B,90,0.0538,0.6863,0.0949,0.4476,layer_5
min_rankme,col_norm,4,per_ckpt,352B,90,-0.0246,0.8621,-0.1193,0.2587,layer_5
min_rankme,col_norm,4,per_ckpt,384B,90,-0.051,0.6254,-0.0486,0.6523,layer_5
min_rankme,col_norm,4,per_ckpt,415B,90,-0.1987,0.1169,-0.1512,0.2527,layer_5
min_rankme,col_norm,4,per_ckpt,447B,90,-0.1521,0.2707,-0.1995,0.1039,layer_5
min_rankme,col_norm,4,per_ckpt,478B,90,-0.2149,0.0859,-0.1712,0.1778,layer_5
min_rankme,col_norm,4,per_ckpt,510B,90,-0.0697,0.5455,-0.1321,0.1838,layer_5
min_rankme,col_norm,4,per_ckpt,541B,90,0.1056,0.3966,0.0939,0.4226,layer_5
min_rankme,col_norm,4,per_ckpt,573B,90,-0.131,0.1648,-0.152,0.0929,layer_5
min_rankme,col_norm,4,per_ckpt,main,90,-0.0719,0.4645,-0.0729,0.4575,layer_5
min_rankme,col_norm,8,per_ckpt,10B,90,-0.2067,0.1548,-0.1783,0.2288,layer_5
min_rankme,col_norm,8,per_ckpt,42B,90,0.1448,0.1389,0.1433,0.1708,layer_5
min_rankme,col_norm,8,per_ckpt,73B,90,0.2017,0.2048,0.1699,0.2557,layer_5
min_rankme,col_norm,8,per_ckpt,105B,90,-0.1168,0.3127,-0.1478,0.1908,layer_5
min_rankme,col_norm,8,per_ckpt,136B,90,0.1246,0.1279,0.1255,0.0779,layer_5
min_rankme,col_norm,8,per_ckpt,168B,90,-0.1576,0.1768,-0.1555,0.1528,layer_5
min_rankme,col_norm,8,per_ckpt,199B,90,0.0211,0.8891,0.0046,0.954,layer_5
min_rankme,col_norm,8,per_ckpt,231B,90,0.0043,0.974,-0.0839,0.5724,layer_5
min_rankme,col_norm,8,per_ckpt,262B,90,-0.0419,0.7453,-0.0216,0.8831,layer_5
min_rankme,col_norm,8,per_ckpt,294B,90,-0.0067,0.9241,-0.0254,0.6763,layer_5
min_rankme,col_norm,8,per_ckpt,325B,90,0.1433,0.1009,0.1637,0.03,layer_5
min_rankme,col_norm,8,per_ckpt,352B,90,0.0228,0.8322,0.0802,0.4406,layer_5
min_rankme,col_norm,8,per_ckpt,384B,90,-0.0418,0.7003,-0.0187,0.8951,layer_5
min_rankme,col_norm,8,per_ckpt,415B,90,0.1534,0.2238,0.1572,0.1788,layer_5
min_rankme,col_norm,8,per_ckpt,447B,90,0.1288,0.0719,0.1442,0.1039,layer_5
min_rankme,col_norm,8,per_ckpt,478B,90,0.1098,0.2797,0.0755,0.5255,layer_5
min_rankme,col_norm,8,per_ckpt,510B,90,-0.0004,0.999,0.015,0.9201,layer_5
min_rankme,col_norm,8,per_ckpt,541B,90,-0.0765,0.5355,-0.03,0.8172,layer_5
min_rankme,col_norm,8,per_ckpt,573B,90,0.032,0.7153,0.0231,0.7702,layer_5
min_rankme,col_norm,8,per_ckpt,main,90,0.1169,0.2298,0.0987,0.2787,layer_5
norm_asym,row_norm,4,per_ckpt,10B,90,-0.0109,0.963,-0.0214,0.9101,layer_5
norm_asym,row_norm,4,per_ckpt,42B,90,0.0011,0.997,0.0057,0.979,layer_5
norm_asym,row_norm,4,per_ckpt,73B,90,-0.3635,0.0809,-0.3853,0.0659,layer_5
norm_asym,row_norm,4,per_ckpt,105B,90,-0.242,0.2977,-0.2457,0.2987,layer_5
norm_asym,row_norm,4,per_ckpt,136B,90,-0.0532,0.8082,-0.0377,0.8791,layer_5
norm_asym,row_norm,4,per_ckpt,168B,90,-0.1022,0.6573,-0.1046,0.6663,layer_5
norm_asym,row_norm,4,per_ckpt,199B,90,-0.2637,0.2248,-0.2895,0.1658,layer_5
norm_asym,row_norm,4,per_ckpt,231B,90,-0.386,0.037,-0.4102,0.026,layer_5
norm_asym,row_norm,4,per_ckpt,262B,90,-0.2359,0.2577,-0.3357,0.1119,layer_5
norm_asym,row_norm,4,per_ckpt,294B,90,-0.0024,0.99,0.0224,0.9191,layer_5
norm_asym,row_norm,4,per_ckpt,325B,90,-0.0409,0.8232,-0.0276,0.8951,layer_5
norm_asym,row_norm,4,per_ckpt,352B,90,-0.0832,0.7093,-0.0889,0.6783,layer_5
norm_asym,row_norm,4,per_ckpt,384B,90,-0.0612,0.8012,-0.1238,0.6074,layer_5
norm_asym,row_norm,4,per_ckpt,415B,90,-0.2173,0.3506,-0.283,0.2458,layer_5
norm_asym,row_norm,4,per_ckpt,447B,90,-0.3,0.1888,-0.2873,0.2148,layer_5
norm_asym,row_norm,4,per_ckpt,478B,90,-0.1383,0.5804,-0.131,0.6054,layer_5
norm_asym,row_norm,4,per_ckpt,510B,90,0.0137,0.8901,-0.0439,0.6503,layer_5
norm_asym,row_norm,4,per_ckpt,541B,90,0.2464,0.3117,0.21,0.4076,layer_5
norm_asym,row_norm,4,per_ckpt,573B,90,-0.1586,0.5145,-0.1088,0.6563,layer_5
norm_asym,row_norm,4,per_ckpt,main,90,0.0968,0.5325,0.0504,0.7253,layer_5
norm_asym,row_norm,8,per_ckpt,10B,90,-0.062,0.7143,-0.1791,0.3117,layer_5
norm_asym,row_norm,8,per_ckpt,42B,90,0.0433,0.7632,0.0593,0.7043,layer_5
norm_asym,row_norm,8,per_ckpt,73B,90,-0.0227,0.9231,-0.0363,0.8861,layer_5
norm_asym,row_norm,8,per_ckpt,105B,90,-0.2073,0.4456,-0.2455,0.3536,layer_5
norm_asym,row_norm,8,per_ckpt,136B,90,0.2875,0.1299,0.2853,0.1678,layer_5
norm_asym,row_norm,8,per_ckpt,168B,90,0.0189,0.8711,0.0606,0.6424,layer_5
norm_asym,row_norm,8,per_ckpt,199B,90,0.0581,0.8062,0.0987,0.6933,layer_5
norm_asym,row_norm,8,per_ckpt,231B,90,-0.3154,0.1119,-0.3045,0.1389,layer_5
norm_asym,row_norm,8,per_ckpt,262B,90,0.3516,0.0849,0.35,0.0729,layer_5
norm_asym,row_norm,8,per_ckpt,294B,90,0.3378,0.028,0.3118,0.0699,layer_5
norm_asym,row_norm,8,per_ckpt,325B,90,-0.0356,0.8981,-0.0766,0.7682,layer_5
norm_asym,row_norm,8,per_ckpt,352B,90,-0.0921,0.6603,-0.0902,0.6673,layer_5
norm_asym,row_norm,8,per_ckpt,384B,90,-0.1058,0.6334,-0.0576,0.8002,layer_5
norm_asym,row_norm,8,per_ckpt,415B,90,-0.0866,0.7013,-0.0488,0.8322,layer_5
norm_asym,row_norm,8,per_ckpt,447B,90,0.1956,0.3377,0.1875,0.3606,layer_5
norm_asym,row_norm,8,per_ckpt,478B,90,0.0382,0.8861,0.0747,0.7922,layer_5
norm_asym,row_norm,8,per_ckpt,510B,90,0.1089,0.5744,0.0441,0.8272,layer_5
norm_asym,row_norm,8,per_ckpt,541B,90,0.0717,0.7423,0.0674,0.7512,layer_5
norm_asym,row_norm,8,per_ckpt,573B,90,0.0124,0.957,0.005,0.989,layer_5
norm_asym,row_norm,8,per_ckpt,main,90,0.0967,0.7013,0.102,0.6633,layer_5
norm_asym,col_norm,4,per_ckpt,10B,90,-0.1077,0.7083,-0.0958,0.7493,layer_5
norm_asym,col_norm,4,per_ckpt,42B,90,-0.0277,0.9161,-0.0062,0.979,layer_5
norm_asym,col_norm,4,per_ckpt,73B,90,0.0182,0.954,0.02,0.9461,layer_5
norm_asym,col_norm,4,per_ckpt,105B,90,-0.1513,0.6414,-0.2024,0.5295,layer_5
norm_asym,col_norm,4,per_ckpt,136B,90,-0.4406,0.0889,-0.4503,0.0789,layer_5
norm_asym,col_norm,4,per_ckpt,168B,90,-0.1416,0.6553,-0.1328,0.6863,layer_5
norm_asym,col_norm,4,per_ckpt,199B,90,0.4698,0.0819,0.4627,0.0849,layer_5
norm_asym,col_norm,4,per_ckpt,231B,90,0.4403,0.1558,0.3585,0.2557,layer_5
norm_asym,col_norm,4,per_ckpt,262B,90,-0.1081,0.6643,-0.0818,0.7423,layer_5
norm_asym,col_norm,4,per_ckpt,294B,90,-0.3171,0.2378,-0.3179,0.2537,layer_5
norm_asym,col_norm,4,per_ckpt,325B,90,-0.167,0.5594,-0.1416,0.6114,layer_5
norm_asym,col_norm,4,per_ckpt,352B,90,-0.1504,0.6214,-0.1822,0.5574,layer_5
norm_asym,col_norm,4,per_ckpt,384B,90,-0.0114,0.964,0.0172,0.961,layer_5
norm_asym,col_norm,4,per_ckpt,415B,90,-0.0215,0.9251,-0.0373,0.8701,layer_5
norm_asym,col_norm,4,per_ckpt,447B,90,0.2732,0.3037,0.2306,0.4076,layer_5
norm_asym,col_norm,4,per_ckpt,478B,90,-0.2369,0.4006,-0.2117,0.4625,layer_5
norm_asym,col_norm,4,per_ckpt,510B,90,-0.1123,0.7053,-0.0807,0.7772,layer_5
norm_asym,col_norm,4,per_ckpt,541B,90,0.1175,0.6364,0.1444,0.5614,layer_5
norm_asym,col_norm,4,per_ckpt,573B,90,-0.2975,0.3127,-0.29,0.3217,layer_5
norm_asym,col_norm,4,per_ckpt,main,90,-0.2452,0.3786,-0.2576,0.3377,layer_5
norm_asym,col_norm,8,per_ckpt,10B,90,-0.152,0.5614,-0.125,0.6314,layer_5
norm_asym,col_norm,8,per_ckpt,42B,90,-0.506,0.0549,-0.4758,0.0689,layer_5
norm_asym,col_norm,8,per_ckpt,73B,90,-0.2059,0.4715,-0.2199,0.4436,layer_5
norm_asym,col_norm,8,per_ckpt,105B,90,-0.1968,0.4366,-0.1639,0.5275,layer_5
norm_asym,col_norm,8,per_ckpt,136B,90,-0.4232,0.1838,-0.3811,0.2368,layer_5
norm_asym,col_norm,8,per_ckpt,168B,90,-0.1649,0.5395,-0.1085,0.6943,layer_5
norm_asym,col_norm,8,per_ckpt,199B,90,-0.5663,0.01,-0.5333,0.022,layer_5
norm_asym,col_norm,8,per_ckpt,231B,90,0.1204,0.6643,0.1964,0.4895,layer_5
norm_asym,col_norm,8,per_ckpt,262B,90,-0.1255,0.6484,-0.1509,0.5784,layer_5
norm_asym,col_norm,8,per_ckpt,294B,90,-0.1883,0.5584,-0.1791,0.5824,layer_5
norm_asym,col_norm,8,per_ckpt,325B,90,-0.034,0.9131,-0.0386,0.8871,layer_5
norm_asym,col_norm,8,per_ckpt,352B,90,-0.2487,0.3497,-0.2177,0.4186,layer_5
norm_asym,col_norm,8,per_ckpt,384B,90,0.0274,0.9361,-0.0263,0.9351,layer_5
norm_asym,col_norm,8,per_ckpt,415B,90,-0.3174,0.2158,-0.3171,0.2308,layer_5
norm_asym,col_norm,8,per_ckpt,447B,90,-0.1491,0.6284,-0.1207,0.6923,layer_5
norm_asym,col_norm,8,per_ckpt,478B,90,0.183,0.5315,0.1215,0.6863,layer_5
norm_asym,col_norm,8,per_ckpt,510B,90,-0.2934,0.1469,-0.2524,0.2108,layer_5
norm_asym,col_norm,8,per_ckpt,541B,90,0.1364,0.6334,0.157,0.5684,layer_5
norm_asym,col_norm,8,per_ckpt,573B,90,-0.2381,0.4316,-0.1483,0.6344,layer_5
norm_asym,col_norm,8,per_ckpt,main,90,-0.1511,0.5894,-0.1209,0.6633,layer_5
abs_diff,row_norm,4,pooled,,1800,0.1133,0.0,0.1221,0.0,layer_6
abs_diff,row_norm,8,pooled,,1800,0.0103,0.6632,0.0122,0.6047,layer_6
abs_diff,col_norm,4,pooled,,1800,0.0846,0.0003,0.0875,0.0002,layer_6
abs_diff,col_norm,8,pooled,,1800,0.017,0.472,0.0086,0.7161,layer_6
signed_diff,row_norm,4,pooled,,1800,-0.0657,0.0053,-0.0579,0.0141,layer_6
signed_diff,row_norm,8,pooled,,1800,-0.0087,0.7128,-0.0273,0.2468,layer_6
signed_diff,col_norm,4,pooled,,1800,-0.0838,0.0004,-0.0982,0.0,layer_6
signed_diff,col_norm,8,pooled,,1800,-0.1493,0.0,-0.1236,0.0,layer_6
min_rankme,row_norm,4,pooled,,1800,-0.0452,0.0552,-0.0208,0.377,layer_6
min_rankme,row_norm,8,pooled,,1800,0.0561,0.0173,0.0432,0.0671,layer_6
min_rankme,col_norm,4,pooled,,1800,-0.0397,0.0921,-0.0128,0.5869,layer_6
min_rankme,col_norm,8,pooled,,1800,0.0351,0.137,0.0369,0.118,layer_6
norm_asym,row_norm,4,pooled,,1800,-0.1063,0.0,-0.1198,0.0,layer_6
norm_asym,row_norm,8,pooled,,1800,0.0247,0.2949,0.0186,0.4311,layer_6
norm_asym,col_norm,4,pooled,,1800,-0.0593,0.0119,-0.0535,0.0233,layer_6
norm_asym,col_norm,8,pooled,,1800,-0.1518,0.0,-0.1349,0.0,layer_6
abs_diff,row_norm,4,per_ckpt,10B,90,0.1421,0.1479,0.1501,0.1658,layer_6
abs_diff,row_norm,4,per_ckpt,42B,90,0.2471,0.026,0.1971,0.1179,layer_6
abs_diff,row_norm,4,per_ckpt,73B,90,0.0927,0.3616,0.1024,0.3197,layer_6
abs_diff,row_norm,4,per_ckpt,105B,90,0.1573,0.1698,0.2115,0.1019,layer_6
abs_diff,row_norm,4,per_ckpt,136B,90,0.1493,0.1309,0.1835,0.0949,layer_6
abs_diff,row_norm,4,per_ckpt,168B,90,0.0101,0.9191,0.0876,0.4016,layer_6
abs_diff,row_norm,4,per_ckpt,199B,90,-0.0887,0.4446,-0.0717,0.5894,layer_6
abs_diff,row_norm,4,per_ckpt,231B,90,-0.0347,0.7712,-0.0189,0.8831,layer_6
abs_diff,row_norm,4,per_ckpt,262B,90,0.1451,0.2358,0.1259,0.3626,layer_6
abs_diff,row_norm,4,per_ckpt,294B,90,-0.0388,0.8422,-0.115,0.4975,layer_6
abs_diff,row_norm,4,per_ckpt,325B,90,0.0787,0.5644,0.0765,0.6104,layer_6
abs_diff,row_norm,4,per_ckpt,352B,90,-0.0366,0.7582,-0.0515,0.6973,layer_6
abs_diff,row_norm,4,per_ckpt,384B,90,0.1466,0.1439,0.1957,0.0689,layer_6
abs_diff,row_norm,4,per_ckpt,415B,90,0.0947,0.3646,0.1392,0.2128,layer_6
abs_diff,row_norm,4,per_ckpt,447B,90,-0.0936,0.4575,-0.098,0.4785,layer_6
abs_diff,row_norm,4,per_ckpt,478B,90,0.1367,0.2168,0.1415,0.2408,layer_6
abs_diff,row_norm,4,per_ckpt,510B,90,0.0452,0.7463,0.1035,0.5085,layer_6
abs_diff,row_norm,4,per_ckpt,541B,90,0.0186,0.8531,0.0199,0.8362,layer_6
abs_diff,row_norm,4,per_ckpt,573B,90,-0.0119,0.9041,0.0004,0.997,layer_6
abs_diff,row_norm,4,per_ckpt,main,90,-0.0922,0.4456,-0.0493,0.7333,layer_6
abs_diff,row_norm,8,per_ckpt,10B,90,0.1478,0.2158,0.1215,0.3397,layer_6
abs_diff,row_norm,8,per_ckpt,42B,90,0.0866,0.5005,0.0995,0.4585,layer_6
abs_diff,row_norm,8,per_ckpt,73B,90,-0.2458,0.015,-0.2658,0.01,layer_6
abs_diff,row_norm,8,per_ckpt,105B,90,0.1164,0.1628,0.1017,0.2318,layer_6
abs_diff,row_norm,8,per_ckpt,136B,90,0.0576,0.6174,0.0953,0.4396,layer_6
abs_diff,row_norm,8,per_ckpt,168B,90,-0.0221,0.8741,0.0005,0.997,layer_6
abs_diff,row_norm,8,per_ckpt,199B,90,0.0177,0.8571,0.0046,0.97,layer_6
abs_diff,row_norm,8,per_ckpt,231B,90,-0.0452,0.7213,-0.0676,0.6254,layer_6
abs_diff,row_norm,8,per_ckpt,262B,90,0.0765,0.5475,0.0794,0.5884,layer_6
abs_diff,row_norm,8,per_ckpt,294B,90,-0.0174,0.8731,-0.0747,0.5285,layer_6
abs_diff,row_norm,8,per_ckpt,325B,90,-0.1454,0.1189,-0.0868,0.3457,layer_6
abs_diff,row_norm,8,per_ckpt,352B,90,-0.0018,0.982,-0.0002,1.0,layer_6
abs_diff,row_norm,8,per_ckpt,384B,90,-0.1314,0.3007,-0.1097,0.4206,layer_6
abs_diff,row_norm,8,per_ckpt,415B,90,-0.2106,0.0689,-0.2292,0.0579,layer_6
abs_diff,row_norm,8,per_ckpt,447B,90,-0.0871,0.3926,-0.0692,0.5514,layer_6
abs_diff,row_norm,8,per_ckpt,478B,90,-0.1879,0.05,-0.1739,0.0889,layer_6
abs_diff,row_norm,8,per_ckpt,510B,90,0.1067,0.3886,0.0755,0.5564,layer_6
abs_diff,row_norm,8,per_ckpt,541B,90,0.1406,0.2328,0.1701,0.1958,layer_6
abs_diff,row_norm,8,per_ckpt,573B,90,0.0071,0.9411,0.0397,0.7822,layer_6
abs_diff,row_norm,8,per_ckpt,main,90,-0.0131,0.8931,-0.0939,0.3986,layer_6
abs_diff,col_norm,4,per_ckpt,10B,90,0.0603,0.2498,0.0756,0.2068,layer_6
abs_diff,col_norm,4,per_ckpt,42B,90,0.0977,0.027,0.0877,0.0819,layer_6
abs_diff,col_norm,4,per_ckpt,73B,90,0.0487,0.4336,0.0655,0.3407,layer_6
abs_diff,col_norm,4,per_ckpt,105B,90,0.0922,0.2098,0.1381,0.0999,layer_6
abs_diff,col_norm,4,per_ckpt,136B,90,0.1849,0.034,0.1582,0.0859,layer_6
abs_diff,col_norm,4,per_ckpt,168B,90,0.0183,0.7772,0.0512,0.4615,layer_6
abs_diff,col_norm,4,per_ckpt,199B,90,-0.0372,0.6454,-0.047,0.5904,layer_6
abs_diff,col_norm,4,per_ckpt,231B,90,-0.0275,0.6364,-0.0048,0.9331,layer_6
abs_diff,col_norm,4,per_ckpt,262B,90,0.1394,0.2188,0.1171,0.3566,layer_6
abs_diff,col_norm,4,per_ckpt,294B,90,-0.0424,0.7532,-0.0943,0.4825,layer_6
abs_diff,col_norm,4,per_ckpt,325B,90,0.0591,0.5415,0.0558,0.6084,layer_6
abs_diff,col_norm,4,per_ckpt,352B,90,-0.0368,0.6414,-0.0354,0.7103,layer_6
abs_diff,col_norm,4,per_ckpt,384B,90,0.1475,0.0989,0.1712,0.0689,layer_6
abs_diff,col_norm,4,per_ckpt,415B,90,0.1194,0.2238,0.136,0.1918,layer_6
abs_diff,col_norm,4,per_ckpt,447B,90,-0.0824,0.4216,-0.0811,0.4535,layer_6
abs_diff,col_norm,4,per_ckpt,478B,90,0.1154,0.2358,0.1257,0.2527,layer_6
abs_diff,col_norm,4,per_ckpt,510B,90,0.0251,0.7512,0.0544,0.5475,layer_6
abs_diff,col_norm,4,per_ckpt,541B,90,0.041,0.6703,0.0241,0.8152,layer_6
abs_diff,col_norm,4,per_ckpt,573B,90,-0.0138,0.8042,0.0054,0.9401,layer_6
abs_diff,col_norm,4,per_ckpt,main,90,-0.0396,0.5934,-0.0329,0.7103,layer_6
abs_diff,col_norm,8,per_ckpt,10B,90,0.1444,0.1129,0.0997,0.3287,layer_6
abs_diff,col_norm,8,per_ckpt,42B,90,0.0934,0.2088,0.0676,0.4256,layer_6
abs_diff,col_norm,8,per_ckpt,73B,90,-0.2138,0.009,-0.2175,0.01,layer_6
abs_diff,col_norm,8,per_ckpt,105B,90,0.1174,0.1948,0.1213,0.2028,layer_6
abs_diff,col_norm,8,per_ckpt,136B,90,0.0097,0.8671,0.0559,0.2957,layer_6
abs_diff,col_norm,8,per_ckpt,168B,90,0.051,0.5035,0.0044,0.961,layer_6
abs_diff,col_norm,8,per_ckpt,199B,90,-0.039,0.6933,0.0066,0.954,layer_6
abs_diff,col_norm,8,per_ckpt,231B,90,-0.0671,0.4995,-0.0587,0.5984,layer_6
abs_diff,col_norm,8,per_ckpt,262B,90,0.0475,0.6174,0.0615,0.6074,layer_6
abs_diff,col_norm,8,per_ckpt,294B,90,-0.0393,0.4765,-0.04,0.4665,layer_6
abs_diff,col_norm,8,per_ckpt,325B,90,-0.042,0.5754,-0.0711,0.3387,layer_6
abs_diff,col_norm,8,per_ckpt,352B,90,0.0304,0.7363,-0.0016,0.988,layer_6
abs_diff,col_norm,8,per_ckpt,384B,90,-0.0845,0.3317,-0.0842,0.4176,layer_6
abs_diff,col_norm,8,per_ckpt,415B,90,-0.1522,0.1119,-0.1897,0.05,layer_6
abs_diff,col_norm,8,per_ckpt,447B,90,-0.0442,0.5305,-0.055,0.5055,layer_6
abs_diff,col_norm,8,per_ckpt,478B,90,-0.1195,0.1309,-0.143,0.1149,layer_6
abs_diff,col_norm,8,per_ckpt,510B,90,0.1268,0.2787,0.0751,0.5465,layer_6
abs_diff,col_norm,8,per_ckpt,541B,90,0.1771,0.043,0.1209,0.2118,layer_6
abs_diff,col_norm,8,per_ckpt,573B,90,-0.0057,0.9291,0.0218,0.7732,layer_6
abs_diff,col_norm,8,per_ckpt,main,90,-0.0178,0.8232,-0.0701,0.4086,layer_6
signed_diff,row_norm,4,per_ckpt,10B,90,0.0792,0.7063,0.0935,0.6533,layer_6
signed_diff,row_norm,4,per_ckpt,42B,90,0.0307,0.8352,0.0646,0.7063,layer_6
signed_diff,row_norm,4,per_ckpt,73B,90,-0.3619,0.0989,-0.3747,0.0849,layer_6
signed_diff,row_norm,4,per_ckpt,105B,90,-0.1171,0.6474,-0.0875,0.7463,layer_6
signed_diff,row_norm,4,per_ckpt,136B,90,-0.0646,0.7912,-0.0648,0.8042,layer_6
signed_diff,row_norm,4,per_ckpt,168B,90,-0.0135,0.954,0.0103,0.96,layer_6
signed_diff,row_norm,4,per_ckpt,199B,90,-0.2505,0.2478,-0.2467,0.2498,layer_6
signed_diff,row_norm,4,per_ckpt,231B,90,-0.3218,0.0859,-0.3265,0.0919,layer_6
signed_diff,row_norm,4,per_ckpt,262B,90,-0.1324,0.5285,-0.1288,0.5594,layer_6
signed_diff,row_norm,4,per_ckpt,294B,90,-0.088,0.6983,-0.1132,0.6324,layer_6
signed_diff,row_norm,4,per_ckpt,325B,90,0.0416,0.8402,0.0933,0.6773,layer_6
signed_diff,row_norm,4,per_ckpt,352B,90,-0.1716,0.4386,-0.2049,0.3676,layer_6
signed_diff,row_norm,4,per_ckpt,384B,90,0.0338,0.8881,0.0283,0.9091,layer_6
signed_diff,row_norm,4,per_ckpt,415B,90,-0.1209,0.6094,-0.1517,0.5325,layer_6
signed_diff,row_norm,4,per_ckpt,447B,90,-0.353,0.1119,-0.3412,0.1349,layer_6
signed_diff,row_norm,4,per_ckpt,478B,90,-0.0815,0.7463,-0.0666,0.8052,layer_6
signed_diff,row_norm,4,per_ckpt,510B,90,0.0251,0.8112,-0.0437,0.6513,layer_6
signed_diff,row_norm,4,per_ckpt,541B,90,0.2441,0.3027,0.2155,0.3916,layer_6
signed_diff,row_norm,4,per_ckpt,573B,90,-0.1662,0.5025,-0.1839,0.4775,layer_6
signed_diff,row_norm,4,per_ckpt,main,90,0.0869,0.5954,0.0426,0.7742,layer_6
signed_diff,row_norm,8,per_ckpt,10B,90,-0.0215,0.9011,-0.1002,0.6224,layer_6
signed_diff,row_norm,8,per_ckpt,42B,90,0.0351,0.8332,0.0631,0.6913,layer_6
signed_diff,row_norm,8,per_ckpt,73B,90,-0.0832,0.6873,-0.1063,0.6374,layer_6
signed_diff,row_norm,8,per_ckpt,105B,90,-0.1361,0.6404,-0.1828,0.5524,layer_6
signed_diff,row_norm,8,per_ckpt,136B,90,0.2204,0.2737,0.1846,0.3886,layer_6
signed_diff,row_norm,8,per_ckpt,168B,90,0.0134,0.9071,0.0455,0.7303,layer_6
signed_diff,row_norm,8,per_ckpt,199B,90,-0.0062,0.978,-0.009,0.974,layer_6
signed_diff,row_norm,8,per_ckpt,231B,90,-0.3233,0.1099,-0.3387,0.0969,layer_6
signed_diff,row_norm,8,per_ckpt,262B,90,0.4454,0.03,0.4481,0.021,layer_6
signed_diff,row_norm,8,per_ckpt,294B,90,0.3215,0.04,0.3081,0.0589,layer_6
signed_diff,row_norm,8,per_ckpt,325B,90,-0.1223,0.6414,-0.1753,0.5215,layer_6
signed_diff,row_norm,8,per_ckpt,352B,90,-0.1043,0.6424,-0.1092,0.6264,layer_6
signed_diff,row_norm,8,per_ckpt,384B,90,-0.2753,0.2008,-0.2588,0.2308,layer_6
signed_diff,row_norm,8,per_ckpt,415B,90,-0.1581,0.4885,-0.1714,0.4705,layer_6
signed_diff,row_norm,8,per_ckpt,447B,90,0.1063,0.6144,0.0747,0.7213,layer_6
signed_diff,row_norm,8,per_ckpt,478B,90,-0.0866,0.7552,-0.0655,0.8022,layer_6
signed_diff,row_norm,8,per_ckpt,510B,90,0.1009,0.6074,0.0552,0.7912,layer_6
signed_diff,row_norm,8,per_ckpt,541B,90,0.0642,0.7842,0.0656,0.7692,layer_6
signed_diff,row_norm,8,per_ckpt,573B,90,0.0062,0.971,-0.0021,0.994,layer_6
signed_diff,row_norm,8,per_ckpt,main,90,0.0327,0.9031,0.011,0.961,layer_6
signed_diff,col_norm,4,per_ckpt,10B,90,-0.1419,0.6224,-0.1575,0.5824,layer_6
signed_diff,col_norm,4,per_ckpt,42B,90,-0.026,0.9291,0.0036,0.992,layer_6
signed_diff,col_norm,4,per_ckpt,73B,90,0.0687,0.8212,0.1029,0.7532,layer_6
signed_diff,col_norm,4,per_ckpt,105B,90,-0.0995,0.7313,-0.1193,0.6903,layer_6
signed_diff,col_norm,4,per_ckpt,136B,90,-0.4127,0.1279,-0.4288,0.1169,layer_6
signed_diff,col_norm,4,per_ckpt,168B,90,-0.1037,0.7223,-0.0925,0.7493,layer_6
signed_diff,col_norm,4,per_ckpt,199B,90,0.4766,0.0889,0.4756,0.0959,layer_6
signed_diff,col_norm,4,per_ckpt,231B,90,0.5291,0.0749,0.5107,0.0989,layer_6
signed_diff,col_norm,4,per_ckpt,262B,90,-0.1755,0.4855,-0.1535,0.5475,layer_6
signed_diff,col_norm,4,per_ckpt,294B,90,-0.2687,0.3277,-0.2673,0.3556,layer_6
signed_diff,col_norm,4,per_ckpt,325B,90,-0.2537,0.3816,-0.2592,0.3896,layer_6
signed_diff,col_norm,4,per_ckpt,352B,90,-0.0386,0.8981,-0.0474,0.8711,layer_6
signed_diff,col_norm,4,per_ckpt,384B,90,-0.1909,0.4605,-0.1978,0.4446,layer_6
signed_diff,col_norm,4,per_ckpt,415B,90,-0.1601,0.5295,-0.1913,0.4595,layer_6
signed_diff,col_norm,4,per_ckpt,447B,90,0.2648,0.3287,0.1799,0.5405,layer_6
signed_diff,col_norm,4,per_ckpt,478B,90,-0.2938,0.2967,-0.2872,0.3097,layer_6
signed_diff,col_norm,4,per_ckpt,510B,90,-0.214,0.4725,-0.2133,0.4835,layer_6
signed_diff,col_norm,4,per_ckpt,541B,90,0.025,0.9121,0.0319,0.9021,layer_6
signed_diff,col_norm,4,per_ckpt,573B,90,-0.2841,0.3297,-0.3008,0.3127,layer_6
signed_diff,col_norm,4,per_ckpt,main,90,-0.2729,0.3397,-0.2902,0.3107,layer_6
signed_diff,col_norm,8,per_ckpt,10B,90,-0.2717,0.2907,-0.2518,0.3337,layer_6
signed_diff,col_norm,8,per_ckpt,42B,90,-0.588,0.024,-0.5566,0.033,layer_6
signed_diff,col_norm,8,per_ckpt,73B,90,-0.2491,0.3736,-0.2695,0.3447,layer_6
signed_diff,col_norm,8,per_ckpt,105B,90,-0.2698,0.2687,-0.2925,0.2547,layer_6
signed_diff,col_norm,8,per_ckpt,136B,90,-0.5944,0.0519,-0.5997,0.0539,layer_6
signed_diff,col_norm,8,per_ckpt,168B,90,-0.3049,0.2657,-0.3026,0.2957,layer_6
signed_diff,col_norm,8,per_ckpt,199B,90,-0.5708,0.005,-0.5547,0.008,layer_6
signed_diff,col_norm,8,per_ckpt,231B,90,-0.0261,0.9291,0.0071,0.974,layer_6
signed_diff,col_norm,8,per_ckpt,262B,90,-0.076,0.7972,-0.0571,0.8452,layer_6
signed_diff,col_norm,8,per_ckpt,294B,90,-0.1739,0.5844,-0.1494,0.6364,layer_6
signed_diff,col_norm,8,per_ckpt,325B,90,-0.084,0.7692,-0.1056,0.7363,layer_6
signed_diff,col_norm,8,per_ckpt,352B,90,-0.2751,0.3117,-0.2547,0.3477,layer_6
signed_diff,col_norm,8,per_ckpt,384B,90,0.1156,0.7073,0.0936,0.7672,layer_6
signed_diff,col_norm,8,per_ckpt,415B,90,-0.1859,0.4975,-0.2024,0.4665,layer_6
signed_diff,col_norm,8,per_ckpt,447B,90,-0.1216,0.6983,-0.1184,0.7033,layer_6
signed_diff,col_norm,8,per_ckpt,478B,90,0.3761,0.1848,0.3501,0.2058,layer_6
signed_diff,col_norm,8,per_ckpt,510B,90,-0.2681,0.1788,-0.2499,0.2118,layer_6
signed_diff,col_norm,8,per_ckpt,541B,90,0.1248,0.6543,0.1011,0.7063,layer_6
signed_diff,col_norm,8,per_ckpt,573B,90,-0.2953,0.3497,-0.2514,0.4376,layer_6
signed_diff,col_norm,8,per_ckpt,main,90,-0.0889,0.7702,-0.0851,0.7922,layer_6
min_rankme,row_norm,4,per_ckpt,10B,90,0.0248,0.8751,0.0786,0.5914,layer_6
min_rankme,row_norm,4,per_ckpt,42B,90,0.0499,0.7502,0.0628,0.7183,layer_6
min_rankme,row_norm,4,per_ckpt,73B,90,-0.1899,0.3097,-0.1566,0.3766,layer_6
min_rankme,row_norm,4,per_ckpt,105B,90,-0.0757,0.6663,-0.0598,0.7203,layer_6
min_rankme,row_norm,4,per_ckpt,136B,90,-0.0892,0.5495,-0.1746,0.2507,layer_6
min_rankme,row_norm,4,per_ckpt,168B,90,-0.1397,0.4036,-0.0834,0.6194,layer_6
min_rankme,row_norm,4,per_ckpt,199B,90,-0.1995,0.2258,-0.2866,0.0659,layer_6
min_rankme,row_norm,4,per_ckpt,231B,90,-0.1221,0.4945,-0.1999,0.2198,layer_6
min_rankme,row_norm,4,per_ckpt,262B,90,-0.2906,0.0799,-0.3237,0.041,layer_6
min_rankme,row_norm,4,per_ckpt,294B,90,-0.0097,0.97,0.0097,0.958,layer_6
min_rankme,row_norm,4,per_ckpt,325B,90,0.0942,0.6274,0.1432,0.3966,layer_6
min_rankme,row_norm,4,per_ckpt,352B,90,-0.0457,0.7932,-0.157,0.2887,layer_6
min_rankme,row_norm,4,per_ckpt,384B,90,-0.0256,0.8472,-0.0462,0.6993,layer_6
min_rankme,row_norm,4,per_ckpt,415B,90,-0.1443,0.2797,-0.1438,0.3137,layer_6
min_rankme,row_norm,4,per_ckpt,447B,90,-0.3097,0.038,-0.2836,0.0729,layer_6
min_rankme,row_norm,4,per_ckpt,478B,90,-0.1767,0.2448,-0.173,0.2268,layer_6
min_rankme,row_norm,4,per_ckpt,510B,90,-0.2365,0.2018,-0.2524,0.1329,layer_6
min_rankme,row_norm,4,per_ckpt,541B,90,0.0549,0.6853,0.0853,0.4436,layer_6
min_rankme,row_norm,4,per_ckpt,573B,90,-0.1523,0.2777,-0.2,0.1309,layer_6
min_rankme,row_norm,4,per_ckpt,main,90,-0.0421,0.7852,-0.1229,0.4186,layer_6
min_rankme,row_norm,8,per_ckpt,10B,90,-0.2627,0.1778,-0.2208,0.2388,layer_6
min_rankme,row_norm,8,per_ckpt,42B,90,0.2809,0.0969,0.2433,0.1379,layer_6
min_rankme,row_norm,8,per_ckpt,73B,90,0.2296,0.2188,0.2127,0.2488,layer_6
min_rankme,row_norm,8,per_ckpt,105B,90,-0.1701,0.1329,-0.1312,0.1988,layer_6
min_rankme,row_norm,8,per_ckpt,136B,90,0.259,0.1049,0.2882,0.0699,layer_6
min_rankme,row_norm,8,per_ckpt,168B,90,-0.2213,0.2158,-0.2423,0.1588,layer_6
min_rankme,row_norm,8,per_ckpt,199B,90,-0.0061,0.974,-0.0104,0.9341,layer_6
min_rankme,row_norm,8,per_ckpt,231B,90,-0.0246,0.8901,-0.0895,0.6174,layer_6
min_rankme,row_norm,8,per_ckpt,262B,90,-0.0242,0.8681,-0.0174,0.9191,layer_6
min_rankme,row_norm,8,per_ckpt,294B,90,-0.0702,0.5814,-0.0898,0.5015,layer_6
min_rankme,row_norm,8,per_ckpt,325B,90,0.2274,0.023,0.1945,0.0539,layer_6
min_rankme,row_norm,8,per_ckpt,352B,90,0.0272,0.8432,0.0825,0.5005,layer_6
min_rankme,row_norm,8,per_ckpt,384B,90,-0.0263,0.8881,-0.0335,0.8492,layer_6
min_rankme,row_norm,8,per_ckpt,415B,90,0.206,0.1998,0.1909,0.1888,layer_6
min_rankme,row_norm,8,per_ckpt,447B,90,0.1636,0.1469,0.1804,0.1279,layer_6
min_rankme,row_norm,8,per_ckpt,478B,90,0.1573,0.2318,0.0762,0.5704,layer_6
min_rankme,row_norm,8,per_ckpt,510B,90,0.0005,0.997,0.004,0.975,layer_6
min_rankme,row_norm,8,per_ckpt,541B,90,0.0029,0.982,-0.043,0.7892,layer_6
min_rankme,row_norm,8,per_ckpt,573B,90,0.0093,0.964,-0.0091,0.9421,layer_6
min_rankme,row_norm,8,per_ckpt,main,90,0.0374,0.7293,0.1086,0.3636,layer_6
min_rankme,col_norm,4,per_ckpt,10B,90,0.0276,0.7283,0.0534,0.5185,layer_6
min_rankme,col_norm,4,per_ckpt,42B,90,0.0202,0.7393,0.0291,0.6913,layer_6
min_rankme,col_norm,4,per_ckpt,73B,90,-0.097,0.4106,-0.1017,0.3886,layer_6
min_rankme,col_norm,4,per_ckpt,105B,90,-0.0468,0.6513,-0.0414,0.6983,layer_6
min_rankme,col_norm,4,per_ckpt,136B,90,-0.0645,0.6264,-0.1518,0.2368,layer_6
min_rankme,col_norm,4,per_ckpt,168B,90,-0.0768,0.5045,-0.0489,0.6603,layer_6
min_rankme,col_norm,4,per_ckpt,199B,90,-0.1574,0.1369,-0.188,0.0709,layer_6
min_rankme,col_norm,4,per_ckpt,231B,90,-0.0448,0.5864,-0.0968,0.2298,layer_6
min_rankme,col_norm,4,per_ckpt,262B,90,-0.2952,0.049,-0.2985,0.036,layer_6
min_rankme,col_norm,4,per_ckpt,294B,90,0.0032,0.979,0.0118,0.9391,layer_6
min_rankme,col_norm,4,per_ckpt,325B,90,0.0538,0.6863,0.0999,0.4186,layer_6
min_rankme,col_norm,4,per_ckpt,352B,90,-0.0246,0.8621,-0.1127,0.2787,layer_6
min_rankme,col_norm,4,per_ckpt,384B,90,-0.0459,0.6494,-0.0352,0.7343,layer_6
min_rankme,col_norm,4,per_ckpt,415B,90,-0.1859,0.1349,-0.1364,0.3097,layer_6
min_rankme,col_norm,4,per_ckpt,447B,90,-0.26,0.036,-0.2125,0.0779,layer_6
min_rankme,col_norm,4,per_ckpt,478B,90,-0.1635,0.2028,-0.1543,0.2348,layer_6
min_rankme,col_norm,4,per_ckpt,510B,90,-0.1547,0.1538,-0.1434,0.1359,layer_6
min_rankme,col_norm,4,per_ckpt,541B,90,0.0738,0.5684,0.0921,0.4276,layer_6
min_rankme,col_norm,4,per_ckpt,573B,90,-0.0922,0.3097,-0.1425,0.1229,layer_6
min_rankme,col_norm,4,per_ckpt,main,90,-0.046,0.6474,-0.0777,0.4176,layer_6
min_rankme,col_norm,8,per_ckpt,10B,90,-0.2067,0.1548,-0.1796,0.2278,layer_6
min_rankme,col_norm,8,per_ckpt,42B,90,0.1448,0.1389,0.1524,0.1469,layer_6
min_rankme,col_norm,8,per_ckpt,73B,90,0.2017,0.2048,0.1756,0.2398,layer_6
min_rankme,col_norm,8,per_ckpt,105B,90,-0.1168,0.3127,-0.1483,0.1868,layer_6
min_rankme,col_norm,8,per_ckpt,136B,90,0.1246,0.1279,0.1252,0.0829,layer_6
min_rankme,col_norm,8,per_ckpt,168B,90,-0.1576,0.1768,-0.1569,0.1479,layer_6
min_rankme,col_norm,8,per_ckpt,199B,90,0.0211,0.8891,-0.0042,0.966,layer_6
min_rankme,col_norm,8,per_ckpt,231B,90,0.0241,0.8821,-0.0735,0.6184,layer_6
min_rankme,col_norm,8,per_ckpt,262B,90,-0.0419,0.7453,-0.0173,0.9051,layer_6
min_rankme,col_norm,8,per_ckpt,294B,90,-0.0067,0.9241,-0.0268,0.6563,layer_6
min_rankme,col_norm,8,per_ckpt,325B,90,0.1433,0.1009,0.1693,0.027,layer_6
min_rankme,col_norm,8,per_ckpt,352B,90,0.0228,0.8322,0.0777,0.4545,layer_6
min_rankme,col_norm,8,per_ckpt,384B,90,-0.0342,0.7772,-0.021,0.8741,layer_6
min_rankme,col_norm,8,per_ckpt,415B,90,0.1919,0.1299,0.1486,0.2168,layer_6
min_rankme,col_norm,8,per_ckpt,447B,90,0.1207,0.1109,0.1384,0.1189,layer_6
min_rankme,col_norm,8,per_ckpt,478B,90,0.0787,0.4975,0.0671,0.5884,layer_6
min_rankme,col_norm,8,per_ckpt,510B,90,-0.0049,0.978,0.0065,0.959,layer_6
min_rankme,col_norm,8,per_ckpt,541B,90,-0.0446,0.7193,-0.0153,0.9021,layer_6
min_rankme,col_norm,8,per_ckpt,573B,90,0.0082,0.9291,0.0216,0.7792,layer_6
min_rankme,col_norm,8,per_ckpt,main,90,0.0267,0.7822,0.0912,0.3197,layer_6
norm_asym,row_norm,4,per_ckpt,10B,90,-0.0127,0.9461,-0.018,0.9221,layer_6
norm_asym,row_norm,4,per_ckpt,42B,90,-0.0024,0.992,-0.0025,0.991,layer_6
norm_asym,row_norm,4,per_ckpt,73B,90,-0.3669,0.0749,-0.3963,0.0559,layer_6
norm_asym,row_norm,4,per_ckpt,105B,90,-0.2408,0.3047,-0.2489,0.2867,layer_6
norm_asym,row_norm,4,per_ckpt,136B,90,-0.0482,0.8352,-0.0325,0.8961,layer_6
norm_asym,row_norm,4,per_ckpt,168B,90,-0.0952,0.6793,-0.1013,0.6733,layer_6
norm_asym,row_norm,4,per_ckpt,199B,90,-0.2279,0.3027,-0.2569,0.2318,layer_6
norm_asym,row_norm,4,per_ckpt,231B,90,-0.3949,0.031,-0.4145,0.026,layer_6
norm_asym,row_norm,4,per_ckpt,262B,90,-0.2537,0.2138,-0.3376,0.1089,layer_6
norm_asym,row_norm,4,per_ckpt,294B,90,0.0079,0.977,0.0325,0.8851,layer_6
norm_asym,row_norm,4,per_ckpt,325B,90,-0.0403,0.8162,-0.0247,0.8961,layer_6
norm_asym,row_norm,4,per_ckpt,352B,90,-0.0736,0.7453,-0.0785,0.7233,layer_6
norm_asym,row_norm,4,per_ckpt,384B,90,-0.0585,0.8022,-0.1052,0.6583,layer_6
norm_asym,row_norm,4,per_ckpt,415B,90,-0.2396,0.3047,-0.2863,0.2298,layer_6
norm_asym,row_norm,4,per_ckpt,447B,90,-0.3187,0.1538,-0.2999,0.1888,layer_6
norm_asym,row_norm,4,per_ckpt,478B,90,-0.1263,0.6034,-0.1237,0.6314,layer_6
norm_asym,row_norm,4,per_ckpt,510B,90,-0.001,0.992,-0.0516,0.6034,layer_6
norm_asym,row_norm,4,per_ckpt,541B,90,0.2348,0.3417,0.204,0.4246,layer_6
norm_asym,row_norm,4,per_ckpt,573B,90,-0.111,0.6314,-0.0811,0.7323,layer_6
norm_asym,row_norm,4,per_ckpt,main,90,0.0873,0.5714,0.0539,0.7043,layer_6
norm_asym,row_norm,8,per_ckpt,10B,90,-0.0653,0.7093,-0.1801,0.3077,layer_6
norm_asym,row_norm,8,per_ckpt,42B,90,0.0458,0.7612,0.0566,0.7113,layer_6
norm_asym,row_norm,8,per_ckpt,73B,90,-0.0264,0.9111,-0.0235,0.9321,layer_6
norm_asym,row_norm,8,per_ckpt,105B,90,-0.1925,0.4695,-0.2223,0.3956,layer_6
norm_asym,row_norm,8,per_ckpt,136B,90,0.305,0.1029,0.2952,0.1489,layer_6
norm_asym,row_norm,8,per_ckpt,168B,90,0.0156,0.8901,0.0487,0.7113,layer_6
norm_asym,row_norm,8,per_ckpt,199B,90,0.0768,0.7413,0.108,0.6583,layer_6
norm_asym,row_norm,8,per_ckpt,231B,90,-0.3195,0.1119,-0.3041,0.1429,layer_6
norm_asym,row_norm,8,per_ckpt,262B,90,0.3457,0.0929,0.3571,0.0689,layer_6
norm_asym,row_norm,8,per_ckpt,294B,90,0.3428,0.027,0.3134,0.0669,layer_6
norm_asym,row_norm,8,per_ckpt,325B,90,-0.0424,0.8861,-0.075,0.7792,layer_6
norm_asym,row_norm,8,per_ckpt,352B,90,-0.099,0.6354,-0.0955,0.6434,layer_6
norm_asym,row_norm,8,per_ckpt,384B,90,-0.1167,0.5924,-0.0703,0.7582,layer_6
norm_asym,row_norm,8,per_ckpt,415B,90,-0.0844,0.7043,-0.0489,0.8282,layer_6
norm_asym,row_norm,8,per_ckpt,447B,90,0.1904,0.3606,0.1842,0.3666,layer_6
norm_asym,row_norm,8,per_ckpt,478B,90,0.0378,0.8901,0.0647,0.8152,layer_6
norm_asym,row_norm,8,per_ckpt,510B,90,0.0892,0.6513,0.0347,0.8601,layer_6
norm_asym,row_norm,8,per_ckpt,541B,90,0.0677,0.7403,0.0615,0.7682,layer_6
norm_asym,row_norm,8,per_ckpt,573B,90,0.011,0.965,0.0051,0.986,layer_6
norm_asym,row_norm,8,per_ckpt,main,90,0.0817,0.7353,0.0958,0.6773,layer_6
norm_asym,col_norm,4,per_ckpt,10B,90,-0.1073,0.7133,-0.0959,0.7512,layer_6
norm_asym,col_norm,4,per_ckpt,42B,90,-0.0336,0.9101,-0.0137,0.969,layer_6
norm_asym,col_norm,4,per_ckpt,73B,90,0.0182,0.952,0.0263,0.9301,layer_6
norm_asym,col_norm,4,per_ckpt,105B,90,-0.1366,0.6683,-0.1877,0.5604,layer_6
norm_asym,col_norm,4,per_ckpt,136B,90,-0.4293,0.0999,-0.4366,0.0939,layer_6
norm_asym,col_norm,4,per_ckpt,168B,90,-0.1209,0.6993,-0.1201,0.7133,layer_6
norm_asym,col_norm,4,per_ckpt,199B,90,0.4686,0.0829,0.4635,0.0889,layer_6
norm_asym,col_norm,4,per_ckpt,231B,90,0.4251,0.1718,0.369,0.2448,layer_6
norm_asym,col_norm,4,per_ckpt,262B,90,-0.0987,0.6953,-0.0771,0.7502,layer_6
norm_asym,col_norm,4,per_ckpt,294B,90,-0.3232,0.2258,-0.3193,0.2438,layer_6
norm_asym,col_norm,4,per_ckpt,325B,90,-0.1697,0.5564,-0.1407,0.6234,layer_6
norm_asym,col_norm,4,per_ckpt,352B,90,-0.1596,0.5954,-0.1998,0.5085,layer_6
norm_asym,col_norm,4,per_ckpt,384B,90,-0.0345,0.8961,-0.0053,0.992,layer_6
norm_asym,col_norm,4,per_ckpt,415B,90,-0.0674,0.7692,-0.0741,0.7493,layer_6
norm_asym,col_norm,4,per_ckpt,447B,90,0.2859,0.2847,0.2395,0.3886,layer_6
norm_asym,col_norm,4,per_ckpt,478B,90,-0.2537,0.3646,-0.2213,0.4436,layer_6
norm_asym,col_norm,4,per_ckpt,510B,90,-0.0944,0.7403,-0.072,0.8062,layer_6
norm_asym,col_norm,4,per_ckpt,541B,90,0.0926,0.7173,0.123,0.6154,layer_6
norm_asym,col_norm,4,per_ckpt,573B,90,-0.292,0.3157,-0.2906,0.3147,layer_6
norm_asym,col_norm,4,per_ckpt,main,90,-0.254,0.3506,-0.256,0.3387,layer_6
norm_asym,col_norm,8,per_ckpt,10B,90,-0.1443,0.5814,-0.1229,0.6394,layer_6
norm_asym,col_norm,8,per_ckpt,42B,90,-0.505,0.0569,-0.4647,0.0789,layer_6
norm_asym,col_norm,8,per_ckpt,73B,90,-0.1961,0.4915,-0.2189,0.4515,layer_6
norm_asym,col_norm,8,per_ckpt,105B,90,-0.1884,0.4535,-0.1693,0.5265,layer_6
norm_asym,col_norm,8,per_ckpt,136B,90,-0.4285,0.1748,-0.3779,0.2488,layer_6
norm_asym,col_norm,8,per_ckpt,168B,90,-0.1731,0.5135,-0.1158,0.6653,layer_6
norm_asym,col_norm,8,per_ckpt,199B,90,-0.5586,0.012,-0.5286,0.023,layer_6
norm_asym,col_norm,8,per_ckpt,231B,90,0.1185,0.6703,0.1782,0.5365,layer_6
norm_asym,col_norm,8,per_ckpt,262B,90,-0.1163,0.6693,-0.1451,0.6084,layer_6
norm_asym,col_norm,8,per_ckpt,294B,90,-0.1824,0.5714,-0.1775,0.5744,layer_6
norm_asym,col_norm,8,per_ckpt,325B,90,-0.0433,0.8951,-0.0386,0.8941,layer_6
norm_asym,col_norm,8,per_ckpt,352B,90,-0.2509,0.3447,-0.2126,0.4276,layer_6
norm_asym,col_norm,8,per_ckpt,384B,90,0.0346,0.9211,-0.0278,0.9191,layer_6
norm_asym,col_norm,8,per_ckpt,415B,90,-0.2733,0.2797,-0.2808,0.2787,layer_6
norm_asym,col_norm,8,per_ckpt,447B,90,-0.1573,0.6124,-0.1377,0.6593,layer_6
norm_asym,col_norm,8,per_ckpt,478B,90,0.1665,0.5744,0.1134,0.7093,layer_6
norm_asym,col_norm,8,per_ckpt,510B,90,-0.2977,0.1349,-0.2539,0.2078,layer_6
norm_asym,col_norm,8,per_ckpt,541B,90,0.1765,0.5265,0.1727,0.5435,layer_6
norm_asym,col_norm,8,per_ckpt,573B,90,-0.2091,0.5045,-0.137,0.6523,layer_6
norm_asym,col_norm,8,per_ckpt,main,90,-0.0897,0.7562,-0.0852,0.7552,layer_6
abs_diff,row_norm,4,pooled,,1800,0.1086,0.0,0.1219,0.0,layer_7
abs_diff,row_norm,8,pooled,,1800,0.0051,0.8284,0.008,0.7357,layer_7
abs_diff,col_norm,4,pooled,,1800,0.0805,0.0006,0.0871,0.0002,layer_7
abs_diff,col_norm,8,pooled,,1800,0.0135,0.5663,0.0055,0.8169,layer_7
signed_diff,row_norm,4,pooled,,1800,-0.0625,0.0079,-0.057,0.0156,layer_7
signed_diff,row_norm,8,pooled,,1800,-0.0052,0.8255,-0.0225,0.3407,layer_7
signed_diff,col_norm,4,pooled,,1800,-0.0786,0.0008,-0.0911,0.0001,layer_7
signed_diff,col_norm,8,pooled,,1800,-0.1508,0.0,-0.1292,0.0,layer_7
min_rankme,row_norm,4,pooled,,1800,-0.0539,0.0222,-0.0309,0.19,layer_7
min_rankme,row_norm,8,pooled,,1800,0.0519,0.0276,0.0396,0.0931,layer_7
min_rankme,col_norm,4,pooled,,1800,-0.045,0.0561,-0.02,0.3969,layer_7
min_rankme,col_norm,8,pooled,,1800,0.0316,0.1803,0.0341,0.1479,layer_7
norm_asym,row_norm,4,pooled,,1800,-0.098,0.0,-0.1126,0.0,layer_7
norm_asym,row_norm,8,pooled,,1800,0.0326,0.1663,0.0272,0.2481,layer_7
norm_asym,col_norm,4,pooled,,1800,-0.0535,0.0233,-0.048,0.0418,layer_7
norm_asym,col_norm,8,pooled,,1800,-0.1497,0.0,-0.131,0.0,layer_7
abs_diff,row_norm,4,per_ckpt,10B,90,0.1398,0.1538,0.1493,0.1668,layer_7
abs_diff,row_norm,4,per_ckpt,42B,90,0.231,0.035,0.1877,0.1289,layer_7
abs_diff,row_norm,4,per_ckpt,73B,90,0.1172,0.2188,0.0907,0.3626,layer_7
abs_diff,row_norm,4,per_ckpt,105B,90,0.128,0.2398,0.1823,0.1239,layer_7
abs_diff,row_norm,4,per_ckpt,136B,90,0.1429,0.1578,0.1864,0.0889,layer_7
abs_diff,row_norm,4,per_ckpt,168B,90,0.0009,0.997,0.0691,0.5145,layer_7
abs_diff,row_norm,4,per_ckpt,199B,90,-0.0969,0.3856,-0.0735,0.5614,layer_7
abs_diff,row_norm,4,per_ckpt,231B,90,-0.0022,0.986,-0.0104,0.9311,layer_7
abs_diff,row_norm,4,per_ckpt,262B,90,0.1548,0.1888,0.1231,0.3586,layer_7
abs_diff,row_norm,4,per_ckpt,294B,90,-0.049,0.7642,-0.1106,0.4905,layer_7
abs_diff,row_norm,4,per_ckpt,325B,90,0.0688,0.6174,0.064,0.6484,layer_7
abs_diff,row_norm,4,per_ckpt,352B,90,-0.0259,0.8182,-0.042,0.7363,layer_7
abs_diff,row_norm,4,per_ckpt,384B,90,0.1576,0.1109,0.1987,0.0599,layer_7
abs_diff,row_norm,4,per_ckpt,415B,90,0.0936,0.3736,0.1316,0.2238,layer_7
abs_diff,row_norm,4,per_ckpt,447B,90,-0.0932,0.4326,-0.0977,0.4575,layer_7
abs_diff,row_norm,4,per_ckpt,478B,90,0.1399,0.1878,0.1359,0.2478,layer_7
abs_diff,row_norm,4,per_ckpt,510B,90,0.0829,0.5435,0.1458,0.3057,layer_7
abs_diff,row_norm,4,per_ckpt,541B,90,-0.0,1.0,0.0224,0.8042,layer_7
abs_diff,row_norm,4,per_ckpt,573B,90,-0.0049,0.96,-0.0056,0.954,layer_7
abs_diff,row_norm,4,per_ckpt,main,90,-0.05,0.6553,-0.0123,0.9361,layer_7
abs_diff,row_norm,8,per_ckpt,10B,90,0.1447,0.2228,0.1191,0.3506,layer_7
abs_diff,row_norm,8,per_ckpt,42B,90,0.0743,0.5435,0.0862,0.5115,layer_7
abs_diff,row_norm,8,per_ckpt,73B,90,-0.2542,0.01,-0.3027,0.003,layer_7
abs_diff,row_norm,8,per_ckpt,105B,90,0.1049,0.2188,0.0873,0.3007,layer_7
abs_diff,row_norm,8,per_ckpt,136B,90,0.0776,0.5095,0.1067,0.3856,layer_7
abs_diff,row_norm,8,per_ckpt,168B,90,-0.0329,0.8082,0.0027,0.984,layer_7
abs_diff,row_norm,8,per_ckpt,199B,90,0.0166,0.8611,0.0036,0.969,layer_7
abs_diff,row_norm,8,per_ckpt,231B,90,-0.0041,0.974,-0.0449,0.7353,layer_7
abs_diff,row_norm,8,per_ckpt,262B,90,0.08,0.5065,0.0734,0.6034,layer_7
abs_diff,row_norm,8,per_ckpt,294B,90,-0.0162,0.8821,-0.0701,0.5405,layer_7
abs_diff,row_norm,8,per_ckpt,325B,90,-0.1733,0.0589,-0.1119,0.2228,layer_7
abs_diff,row_norm,8,per_ckpt,352B,90,-0.0415,0.6983,-0.0245,0.8362,layer_7
abs_diff,row_norm,8,per_ckpt,384B,90,-0.1297,0.2827,-0.1118,0.4036,layer_7
abs_diff,row_norm,8,per_ckpt,415B,90,-0.218,0.047,-0.2388,0.039,layer_7
abs_diff,row_norm,8,per_ckpt,447B,90,-0.073,0.4735,-0.0445,0.7093,layer_7
abs_diff,row_norm,8,per_ckpt,478B,90,-0.1847,0.049,-0.1805,0.0759,layer_7
abs_diff,row_norm,8,per_ckpt,510B,90,0.0846,0.4865,0.0842,0.5185,layer_7
abs_diff,row_norm,8,per_ckpt,541B,90,0.1503,0.1988,0.1813,0.1578,layer_7
abs_diff,row_norm,8,per_ckpt,573B,90,0.0087,0.95,0.0338,0.8062,layer_7
abs_diff,row_norm,8,per_ckpt,main,90,-0.0088,0.9311,-0.076,0.4805,layer_7
abs_diff,col_norm,4,per_ckpt,10B,90,0.0589,0.2517,0.0751,0.2098,layer_7
abs_diff,col_norm,4,per_ckpt,42B,90,0.0903,0.034,0.0831,0.0899,layer_7
abs_diff,col_norm,4,per_ckpt,73B,90,0.0528,0.3856,0.0566,0.3926,layer_7
abs_diff,col_norm,4,per_ckpt,105B,90,0.0705,0.3157,0.1186,0.1249,layer_7
abs_diff,col_norm,4,per_ckpt,136B,90,0.1786,0.046,0.16,0.0849,layer_7
abs_diff,col_norm,4,per_ckpt,168B,90,0.0146,0.8392,0.0396,0.5844,layer_7
abs_diff,col_norm,4,per_ckpt,199B,90,-0.0452,0.5544,-0.0475,0.5684,layer_7
abs_diff,col_norm,4,per_ckpt,231B,90,-0.0113,0.8372,-0.0007,0.994,layer_7
abs_diff,col_norm,4,per_ckpt,262B,90,0.1449,0.1988,0.1142,0.3506,layer_7
abs_diff,col_norm,4,per_ckpt,294B,90,-0.0507,0.6743,-0.0909,0.4745,layer_7
abs_diff,col_norm,4,per_ckpt,325B,90,0.0486,0.5934,0.0463,0.6503,layer_7
abs_diff,col_norm,4,per_ckpt,352B,90,-0.027,0.7273,-0.0288,0.7383,layer_7
abs_diff,col_norm,4,per_ckpt,384B,90,0.159,0.0749,0.1736,0.0569,layer_7
abs_diff,col_norm,4,per_ckpt,415B,90,0.1192,0.2238,0.129,0.2098,layer_7
abs_diff,col_norm,4,per_ckpt,447B,90,-0.083,0.3996,-0.0814,0.4286,layer_7
abs_diff,col_norm,4,per_ckpt,478B,90,0.1136,0.2268,0.1204,0.2597,layer_7
abs_diff,col_norm,4,per_ckpt,510B,90,0.0469,0.5445,0.079,0.3357,layer_7
abs_diff,col_norm,4,per_ckpt,541B,90,0.026,0.7712,0.0268,0.7672,layer_7
abs_diff,col_norm,4,per_ckpt,573B,90,-0.0092,0.8761,0.0002,0.998,layer_7
abs_diff,col_norm,4,per_ckpt,main,90,-0.0148,0.8482,-0.0094,0.9181,layer_7
abs_diff,col_norm,8,per_ckpt,10B,90,0.1422,0.1169,0.0978,0.3367,layer_7
abs_diff,col_norm,8,per_ckpt,42B,90,0.085,0.2388,0.0594,0.4795,layer_7
abs_diff,col_norm,8,per_ckpt,73B,90,-0.2304,0.006,-0.2465,0.003,layer_7
abs_diff,col_norm,8,per_ckpt,105B,90,0.1156,0.1978,0.1052,0.2597,layer_7
abs_diff,col_norm,8,per_ckpt,136B,90,0.0171,0.7622,0.0605,0.2557,layer_7
abs_diff,col_norm,8,per_ckpt,168B,90,0.0404,0.6034,0.0053,0.9431,layer_7
abs_diff,col_norm,8,per_ckpt,199B,90,-0.0368,0.6923,0.0056,0.9481,layer_7
abs_diff,col_norm,8,per_ckpt,231B,90,-0.0341,0.7073,-0.0393,0.7163,layer_7
abs_diff,col_norm,8,per_ckpt,262B,90,0.0537,0.5654,0.0561,0.6274,layer_7
abs_diff,col_norm,8,per_ckpt,294B,90,-0.038,0.4765,-0.0381,0.4675,layer_7
abs_diff,col_norm,8,per_ckpt,325B,90,-0.0632,0.3876,-0.091,0.2168,layer_7
abs_diff,col_norm,8,per_ckpt,352B,90,0.0049,0.95,-0.0209,0.8242,layer_7
abs_diff,col_norm,8,per_ckpt,384B,90,-0.082,0.3247,-0.0867,0.3866,layer_7
abs_diff,col_norm,8,per_ckpt,415B,90,-0.1597,0.0859,-0.1976,0.034,layer_7
abs_diff,col_norm,8,per_ckpt,447B,90,-0.0352,0.6204,-0.0373,0.6713,layer_7
abs_diff,col_norm,8,per_ckpt,478B,90,-0.122,0.1179,-0.1497,0.0959,layer_7
abs_diff,col_norm,8,per_ckpt,510B,90,0.1115,0.3526,0.0833,0.5195,layer_7
abs_diff,col_norm,8,per_ckpt,541B,90,0.1804,0.026,0.1306,0.1658,layer_7
abs_diff,col_norm,8,per_ckpt,573B,90,0.0014,0.98,0.0176,0.8122,layer_7
abs_diff,col_norm,8,per_ckpt,main,90,-0.0166,0.8162,-0.0562,0.4945,layer_7
signed_diff,row_norm,4,per_ckpt,10B,90,0.0815,0.7023,0.0969,0.6454,layer_7
signed_diff,row_norm,4,per_ckpt,42B,90,0.0406,0.7802,0.0679,0.6833,layer_7
signed_diff,row_norm,4,per_ckpt,73B,90,-0.3448,0.1169,-0.355,0.1149,layer_7
signed_diff,row_norm,4,per_ckpt,105B,90,-0.1191,0.6424,-0.0855,0.7493,layer_7
signed_diff,row_norm,4,per_ckpt,136B,90,-0.0771,0.7413,-0.0765,0.7632,layer_7
signed_diff,row_norm,4,per_ckpt,168B,90,0.0029,0.991,0.0144,0.9391,layer_7
signed_diff,row_norm,4,per_ckpt,199B,90,-0.2307,0.2967,-0.229,0.2957,layer_7
signed_diff,row_norm,4,per_ckpt,231B,90,-0.3558,0.0539,-0.3511,0.0709,layer_7
signed_diff,row_norm,4,per_ckpt,262B,90,-0.1446,0.4985,-0.1367,0.5395,layer_7
signed_diff,row_norm,4,per_ckpt,294B,90,-0.0764,0.7373,-0.0968,0.6853,layer_7
signed_diff,row_norm,4,per_ckpt,325B,90,0.0613,0.7552,0.109,0.6234,layer_7
signed_diff,row_norm,4,per_ckpt,352B,90,-0.1893,0.3956,-0.2204,0.3417,layer_7
signed_diff,row_norm,4,per_ckpt,384B,90,0.0422,0.8631,0.0292,0.9081,layer_7
signed_diff,row_norm,4,per_ckpt,415B,90,-0.1088,0.6394,-0.1476,0.5514,layer_7
signed_diff,row_norm,4,per_ckpt,447B,90,-0.3527,0.1139,-0.3524,0.1139,layer_7
signed_diff,row_norm,4,per_ckpt,478B,90,-0.0525,0.8462,-0.0579,0.8312,layer_7
signed_diff,row_norm,4,per_ckpt,510B,90,0.01,0.9311,-0.0588,0.5295,layer_7
signed_diff,row_norm,4,per_ckpt,541B,90,0.2764,0.2308,0.2459,0.3127,layer_7
signed_diff,row_norm,4,per_ckpt,573B,90,-0.1568,0.5285,-0.1707,0.5175,layer_7
signed_diff,row_norm,4,per_ckpt,main,90,0.0699,0.6753,0.0392,0.8052,layer_7
signed_diff,row_norm,8,per_ckpt,10B,90,-0.0219,0.8991,-0.1026,0.6164,layer_7
signed_diff,row_norm,8,per_ckpt,42B,90,0.0242,0.8881,0.0544,0.7333,layer_7
signed_diff,row_norm,8,per_ckpt,73B,90,-0.1077,0.5934,-0.1363,0.5514,layer_7
signed_diff,row_norm,8,per_ckpt,105B,90,-0.128,0.6523,-0.1695,0.5954,layer_7
signed_diff,row_norm,8,per_ckpt,136B,90,0.1804,0.3776,0.1563,0.4705,layer_7
signed_diff,row_norm,8,per_ckpt,168B,90,0.0228,0.8531,0.0486,0.7053,layer_7
signed_diff,row_norm,8,per_ckpt,199B,90,-0.002,0.993,-0.0128,0.965,layer_7
signed_diff,row_norm,8,per_ckpt,231B,90,-0.3212,0.1079,-0.3348,0.0999,layer_7
signed_diff,row_norm,8,per_ckpt,262B,90,0.4557,0.023,0.4567,0.019,layer_7
signed_diff,row_norm,8,per_ckpt,294B,90,0.3227,0.036,0.3164,0.047,layer_7
signed_diff,row_norm,8,per_ckpt,325B,90,-0.1197,0.6484,-0.1682,0.5325,layer_7
signed_diff,row_norm,8,per_ckpt,352B,90,-0.0877,0.6983,-0.0977,0.6723,layer_7
signed_diff,row_norm,8,per_ckpt,384B,90,-0.2741,0.2038,-0.2635,0.2178,layer_7
signed_diff,row_norm,8,per_ckpt,415B,90,-0.14,0.5265,-0.159,0.4985,layer_7
signed_diff,row_norm,8,per_ckpt,447B,90,0.1274,0.5405,0.0839,0.6793,layer_7
signed_diff,row_norm,8,per_ckpt,478B,90,-0.0646,0.8132,-0.0621,0.8172,layer_7
signed_diff,row_norm,8,per_ckpt,510B,90,0.0876,0.6474,0.0475,0.8212,layer_7
signed_diff,row_norm,8,per_ckpt,541B,90,0.084,0.7083,0.0936,0.6913,layer_7
signed_diff,row_norm,8,per_ckpt,573B,90,0.0111,0.959,0.0023,0.994,layer_7
signed_diff,row_norm,8,per_ckpt,main,90,0.0492,0.8472,0.0203,0.9361,layer_7
signed_diff,col_norm,4,per_ckpt,10B,90,-0.143,0.6154,-0.1588,0.5764,layer_7
signed_diff,col_norm,4,per_ckpt,42B,90,-0.0338,0.9101,-0.0106,0.976,layer_7
signed_diff,col_norm,4,per_ckpt,73B,90,0.0678,0.8322,0.0866,0.7842,layer_7
signed_diff,col_norm,4,per_ckpt,105B,90,-0.0998,0.7293,-0.1132,0.6983,layer_7
signed_diff,col_norm,4,per_ckpt,136B,90,-0.3763,0.1648,-0.3968,0.1459,layer_7
signed_diff,col_norm,4,per_ckpt,168B,90,-0.1179,0.6893,-0.107,0.7213,layer_7
signed_diff,col_norm,4,per_ckpt,199B,90,0.4872,0.0819,0.4873,0.0859,layer_7
signed_diff,col_norm,4,per_ckpt,231B,90,0.5347,0.0719,0.51,0.0959,layer_7
signed_diff,col_norm,4,per_ckpt,262B,90,-0.1641,0.5205,-0.142,0.5874,layer_7
signed_diff,col_norm,4,per_ckpt,294B,90,-0.253,0.3536,-0.2676,0.3467,layer_7
signed_diff,col_norm,4,per_ckpt,325B,90,-0.249,0.3896,-0.2601,0.3806,layer_7
signed_diff,col_norm,4,per_ckpt,352B,90,-0.0069,0.977,-0.0153,0.953,layer_7
signed_diff,col_norm,4,per_ckpt,384B,90,-0.1978,0.4426,-0.2033,0.4316,layer_7
signed_diff,col_norm,4,per_ckpt,415B,90,-0.1789,0.4815,-0.1988,0.4505,layer_7
signed_diff,col_norm,4,per_ckpt,447B,90,0.2722,0.3077,0.2075,0.4665,layer_7
signed_diff,col_norm,4,per_ckpt,478B,90,-0.2963,0.2957,-0.2829,0.3217,layer_7
signed_diff,col_norm,4,per_ckpt,510B,90,-0.198,0.5025,-0.1966,0.5165,layer_7
signed_diff,col_norm,4,per_ckpt,541B,90,0.0371,0.8721,0.0402,0.8671,layer_7
signed_diff,col_norm,4,per_ckpt,573B,90,-0.2612,0.3836,-0.2752,0.3566,layer_7
signed_diff,col_norm,4,per_ckpt,main,90,-0.2758,0.3357,-0.2844,0.3147,layer_7
signed_diff,col_norm,8,per_ckpt,10B,90,-0.272,0.2917,-0.2514,0.3327,layer_7
signed_diff,col_norm,8,per_ckpt,42B,90,-0.6027,0.018,-0.564,0.032,layer_7
signed_diff,col_norm,8,per_ckpt,73B,90,-0.1962,0.4785,-0.2252,0.4206,layer_7
signed_diff,col_norm,8,per_ckpt,105B,90,-0.2888,0.2358,-0.311,0.2258,layer_7
signed_diff,col_norm,8,per_ckpt,136B,90,-0.5901,0.0559,-0.5986,0.0549,layer_7
signed_diff,col_norm,8,per_ckpt,168B,90,-0.3073,0.2707,-0.2949,0.3117,layer_7
signed_diff,col_norm,8,per_ckpt,199B,90,-0.5737,0.004,-0.5559,0.008,layer_7
signed_diff,col_norm,8,per_ckpt,231B,90,-0.0108,0.962,0.0212,0.9351,layer_7
signed_diff,col_norm,8,per_ckpt,262B,90,-0.0741,0.8032,-0.0528,0.8591,layer_7
signed_diff,col_norm,8,per_ckpt,294B,90,-0.1731,0.5814,-0.1554,0.6224,layer_7
signed_diff,col_norm,8,per_ckpt,325B,90,-0.0796,0.7812,-0.1092,0.7213,layer_7
signed_diff,col_norm,8,per_ckpt,352B,90,-0.2753,0.3127,-0.2733,0.3257,layer_7
signed_diff,col_norm,8,per_ckpt,384B,90,0.11,0.7183,0.0808,0.7972,layer_7
signed_diff,col_norm,8,per_ckpt,415B,90,-0.1729,0.5205,-0.1875,0.4935,layer_7
signed_diff,col_norm,8,per_ckpt,447B,90,-0.1246,0.6763,-0.1183,0.7023,layer_7
signed_diff,col_norm,8,per_ckpt,478B,90,0.3604,0.2058,0.3404,0.2248,layer_7
signed_diff,col_norm,8,per_ckpt,510B,90,-0.2607,0.1958,-0.2455,0.2188,layer_7
signed_diff,col_norm,8,per_ckpt,541B,90,0.1356,0.6274,0.1056,0.7063,layer_7
signed_diff,col_norm,8,per_ckpt,573B,90,-0.2991,0.3397,-0.2493,0.4456,layer_7
signed_diff,col_norm,8,per_ckpt,main,90,-0.0995,0.7483,-0.0972,0.7542,layer_7
min_rankme,row_norm,4,per_ckpt,10B,90,0.0248,0.8751,0.0802,0.5794,layer_7
min_rankme,row_norm,4,per_ckpt,42B,90,0.0499,0.7502,0.0701,0.6813,layer_7
min_rankme,row_norm,4,per_ckpt,73B,90,-0.1862,0.3027,-0.1218,0.4865,layer_7
min_rankme,row_norm,4,per_ckpt,105B,90,-0.0757,0.6663,-0.0574,0.7333,layer_7
min_rankme,row_norm,4,per_ckpt,136B,90,-0.1374,0.3666,-0.1888,0.2188,layer_7
min_rankme,row_norm,4,per_ckpt,168B,90,-0.1099,0.5095,-0.0663,0.6903,layer_7
min_rankme,row_norm,4,per_ckpt,199B,90,-0.2041,0.2008,-0.2807,0.0709,layer_7
min_rankme,row_norm,4,per_ckpt,231B,90,-0.2284,0.1728,-0.2191,0.1738,layer_7
min_rankme,row_norm,4,per_ckpt,262B,90,-0.3515,0.023,-0.3286,0.037,layer_7
min_rankme,row_norm,4,per_ckpt,294B,90,0.0334,0.8791,0.0165,0.9351,layer_7
min_rankme,row_norm,4,per_ckpt,325B,90,0.1516,0.3746,0.1571,0.3506,layer_7
min_rankme,row_norm,4,per_ckpt,352B,90,-0.0835,0.6084,-0.1691,0.2637,layer_7
min_rankme,row_norm,4,per_ckpt,384B,90,-0.0423,0.7243,-0.0488,0.6793,layer_7
min_rankme,row_norm,4,per_ckpt,415B,90,-0.1247,0.3596,-0.1408,0.3197,layer_7
min_rankme,row_norm,4,per_ckpt,447B,90,-0.2757,0.0669,-0.2866,0.0649,layer_7
min_rankme,row_norm,4,per_ckpt,478B,90,-0.1705,0.2667,-0.1627,0.2777,layer_7
min_rankme,row_norm,4,per_ckpt,510B,90,-0.299,0.0889,-0.2803,0.1019,layer_7
min_rankme,row_norm,4,per_ckpt,541B,90,0.1015,0.4396,0.0861,0.4515,layer_7
min_rankme,row_norm,4,per_ckpt,573B,90,-0.207,0.1329,-0.2018,0.1339,layer_7
min_rankme,row_norm,4,per_ckpt,main,90,-0.118,0.4416,-0.1438,0.3417,layer_7
min_rankme,row_norm,8,per_ckpt,10B,90,-0.2627,0.1778,-0.2209,0.2378,layer_7
min_rankme,row_norm,8,per_ckpt,42B,90,0.2809,0.0969,0.2442,0.1379,layer_7
min_rankme,row_norm,8,per_ckpt,73B,90,0.2562,0.1818,0.2016,0.2817,layer_7
min_rankme,row_norm,8,per_ckpt,105B,90,-0.1701,0.1329,-0.1129,0.2667,layer_7
min_rankme,row_norm,8,per_ckpt,136B,90,0.2404,0.1578,0.2834,0.0779,layer_7
min_rankme,row_norm,8,per_ckpt,168B,90,-0.2069,0.2587,-0.2357,0.1688,layer_7
min_rankme,row_norm,8,per_ckpt,199B,90,-0.038,0.8122,-0.0264,0.8382,layer_7
min_rankme,row_norm,8,per_ckpt,231B,90,-0.0403,0.8332,-0.1128,0.5275,layer_7
min_rankme,row_norm,8,per_ckpt,262B,90,0.0119,0.9361,-0.0081,0.97,layer_7
min_rankme,row_norm,8,per_ckpt,294B,90,-0.0463,0.6983,-0.0816,0.5375,layer_7
min_rankme,row_norm,8,per_ckpt,325B,90,0.2565,0.008,0.2037,0.039,layer_7
min_rankme,row_norm,8,per_ckpt,352B,90,0.0773,0.6044,0.1048,0.4156,layer_7
min_rankme,row_norm,8,per_ckpt,384B,90,-0.0639,0.7183,-0.0477,0.7902,layer_7
min_rankme,row_norm,8,per_ckpt,415B,90,0.1983,0.2158,0.1888,0.1978,layer_7
min_rankme,row_norm,8,per_ckpt,447B,90,0.1538,0.1828,0.1688,0.1508,layer_7
min_rankme,row_norm,8,per_ckpt,478B,90,0.1362,0.3167,0.0676,0.6234,layer_7
min_rankme,row_norm,8,per_ckpt,510B,90,0.0234,0.8941,-0.0074,0.956,layer_7
min_rankme,row_norm,8,per_ckpt,541B,90,0.0008,0.991,-0.0472,0.7762,layer_7
min_rankme,row_norm,8,per_ckpt,573B,90,0.0057,0.971,-0.0203,0.8801,layer_7
min_rankme,row_norm,8,per_ckpt,main,90,0.0113,0.9121,0.0894,0.4595,layer_7
min_rankme,col_norm,4,per_ckpt,10B,90,0.0276,0.7283,0.0543,0.5125,layer_7
min_rankme,col_norm,4,per_ckpt,42B,90,0.0202,0.7393,0.0322,0.6543,layer_7
min_rankme,col_norm,4,per_ckpt,73B,90,-0.0976,0.4126,-0.0779,0.5075,layer_7
min_rankme,col_norm,4,per_ckpt,105B,90,-0.0468,0.6513,-0.0396,0.7133,layer_7
min_rankme,col_norm,4,per_ckpt,136B,90,-0.0996,0.4515,-0.1637,0.2008,layer_7
min_rankme,col_norm,4,per_ckpt,168B,90,-0.0665,0.5514,-0.0378,0.7233,layer_7
min_rankme,col_norm,4,per_ckpt,199B,90,-0.1569,0.1359,-0.1838,0.0729,layer_7
min_rankme,col_norm,4,per_ckpt,231B,90,-0.0845,0.3027,-0.1053,0.1918,layer_7
min_rankme,col_norm,4,per_ckpt,262B,90,-0.3319,0.018,-0.3028,0.034,layer_7
min_rankme,col_norm,4,per_ckpt,294B,90,0.0273,0.8831,0.0172,0.9171,layer_7
min_rankme,col_norm,4,per_ckpt,325B,90,0.0958,0.4376,0.1104,0.3696,layer_7
min_rankme,col_norm,4,per_ckpt,352B,90,-0.0565,0.6703,-0.1214,0.2577,layer_7
min_rankme,col_norm,4,per_ckpt,384B,90,-0.0591,0.5714,-0.0377,0.7193,layer_7
min_rankme,col_norm,4,per_ckpt,415B,90,-0.1695,0.1868,-0.134,0.3157,layer_7
min_rankme,col_norm,4,per_ckpt,447B,90,-0.2299,0.0589,-0.2149,0.0789,layer_7
min_rankme,col_norm,4,per_ckpt,478B,90,-0.1642,0.2078,-0.1446,0.2737,layer_7
min_rankme,col_norm,4,per_ckpt,510B,90,-0.177,0.0869,-0.1592,0.1039,layer_7
min_rankme,col_norm,4,per_ckpt,541B,90,0.1005,0.4276,0.0918,0.4366,layer_7
min_rankme,col_norm,4,per_ckpt,573B,90,-0.127,0.1738,-0.1427,0.1249,layer_7
min_rankme,col_norm,4,per_ckpt,main,90,-0.0785,0.4216,-0.0899,0.3467,layer_7
min_rankme,col_norm,8,per_ckpt,10B,90,-0.2067,0.1548,-0.1797,0.2278,layer_7
min_rankme,col_norm,8,per_ckpt,42B,90,0.1448,0.1389,0.1529,0.1419,layer_7
min_rankme,col_norm,8,per_ckpt,73B,90,0.2195,0.1698,0.1667,0.2767,layer_7
min_rankme,col_norm,8,per_ckpt,105B,90,-0.1168,0.3127,-0.1282,0.2557,layer_7
min_rankme,col_norm,8,per_ckpt,136B,90,0.1096,0.1778,0.1235,0.0859,layer_7
min_rankme,col_norm,8,per_ckpt,168B,90,-0.1514,0.1998,-0.1522,0.1528,layer_7
min_rankme,col_norm,8,per_ckpt,199B,90,-0.0191,0.8971,-0.0192,0.8661,layer_7
min_rankme,col_norm,8,per_ckpt,231B,90,0.0043,0.974,-0.0929,0.5245,layer_7
min_rankme,col_norm,8,per_ckpt,262B,90,-0.0259,0.8282,-0.009,0.959,layer_7
min_rankme,col_norm,8,per_ckpt,294B,90,0.0055,0.9321,-0.0235,0.6943,layer_7
min_rankme,col_norm,8,per_ckpt,325B,90,0.1687,0.0519,0.1763,0.019,layer_7
min_rankme,col_norm,8,per_ckpt,352B,90,0.0688,0.5075,0.0958,0.3676,layer_7
min_rankme,col_norm,8,per_ckpt,384B,90,-0.0602,0.5894,-0.0316,0.8172,layer_7
min_rankme,col_norm,8,per_ckpt,415B,90,0.1776,0.1658,0.1469,0.2208,layer_7
min_rankme,col_norm,8,per_ckpt,447B,90,0.1039,0.1738,0.13,0.1359,layer_7
min_rankme,col_norm,8,per_ckpt,478B,90,0.0615,0.6054,0.0599,0.6264,layer_7
min_rankme,col_norm,8,per_ckpt,510B,90,0.0018,0.994,-0.0048,0.971,layer_7
min_rankme,col_norm,8,per_ckpt,541B,90,-0.048,0.7053,-0.0198,0.8641,layer_7
min_rankme,col_norm,8,per_ckpt,573B,90,-0.0027,0.976,0.014,0.8601,layer_7
min_rankme,col_norm,8,per_ckpt,main,90,0.0136,0.8931,0.0769,0.4036,layer_7
norm_asym,row_norm,4,per_ckpt,10B,90,-0.0107,0.955,-0.0164,0.9241,layer_7
norm_asym,row_norm,4,per_ckpt,42B,90,-0.0058,0.971,-0.0041,0.981,layer_7
norm_asym,row_norm,4,per_ckpt,73B,90,-0.3753,0.0799,-0.3913,0.0559,layer_7
norm_asym,row_norm,4,per_ckpt,105B,90,-0.2344,0.3237,-0.239,0.3057,layer_7
norm_asym,row_norm,4,per_ckpt,136B,90,-0.0659,0.7702,-0.0393,0.8791,layer_7
norm_asym,row_norm,4,per_ckpt,168B,90,-0.0857,0.6973,-0.0968,0.6923,layer_7
norm_asym,row_norm,4,per_ckpt,199B,90,-0.2086,0.3467,-0.2351,0.2817,layer_7
norm_asym,row_norm,4,per_ckpt,231B,90,-0.4141,0.022,-0.4382,0.018,layer_7
norm_asym,row_norm,4,per_ckpt,262B,90,-0.2592,0.2118,-0.3453,0.0989,layer_7
norm_asym,row_norm,4,per_ckpt,294B,90,0.0263,0.9091,0.0498,0.8272,layer_7
norm_asym,row_norm,4,per_ckpt,325B,90,-0.0102,0.953,-0.0062,0.976,layer_7
norm_asym,row_norm,4,per_ckpt,352B,90,-0.0823,0.7163,-0.0862,0.6973,layer_7
norm_asym,row_norm,4,per_ckpt,384B,90,-0.0372,0.8781,-0.0917,0.6993,layer_7
norm_asym,row_norm,4,per_ckpt,415B,90,-0.2072,0.3686,-0.2708,0.2657,layer_7
norm_asym,row_norm,4,per_ckpt,447B,90,-0.3113,0.1718,-0.2987,0.1918,layer_7
norm_asym,row_norm,4,per_ckpt,478B,90,-0.1064,0.6643,-0.1028,0.6853,layer_7
norm_asym,row_norm,4,per_ckpt,510B,90,-0.0139,0.8851,-0.0627,0.5355,layer_7
norm_asym,row_norm,4,per_ckpt,541B,90,0.2851,0.2328,0.2392,0.3317,layer_7
norm_asym,row_norm,4,per_ckpt,573B,90,-0.0958,0.6793,-0.0522,0.8122,layer_7
norm_asym,row_norm,4,per_ckpt,main,90,0.0883,0.5774,0.0532,0.7023,layer_7
norm_asym,row_norm,8,per_ckpt,10B,90,-0.0686,0.6863,-0.1815,0.3047,layer_7
norm_asym,row_norm,8,per_ckpt,42B,90,0.0283,0.8482,0.0504,0.7373,layer_7
norm_asym,row_norm,8,per_ckpt,73B,90,-0.0402,0.8501,-0.0442,0.8561,layer_7
norm_asym,row_norm,8,per_ckpt,105B,90,-0.182,0.4995,-0.2006,0.4466,layer_7
norm_asym,row_norm,8,per_ckpt,136B,90,0.2725,0.1459,0.2785,0.1808,layer_7
norm_asym,row_norm,8,per_ckpt,168B,90,0.0166,0.8931,0.0473,0.7173,layer_7
norm_asym,row_norm,8,per_ckpt,199B,90,0.0872,0.7043,0.1106,0.6523,layer_7
norm_asym,row_norm,8,per_ckpt,231B,90,-0.3147,0.1149,-0.302,0.1469,layer_7
norm_asym,row_norm,8,per_ckpt,262B,90,0.3621,0.0709,0.3703,0.0579,layer_7
norm_asym,row_norm,8,per_ckpt,294B,90,0.3626,0.013,0.326,0.05,layer_7
norm_asym,row_norm,8,per_ckpt,325B,90,-0.0221,0.9311,-0.0562,0.8412,layer_7
norm_asym,row_norm,8,per_ckpt,352B,90,-0.0742,0.7263,-0.0748,0.7183,layer_7
norm_asym,row_norm,8,per_ckpt,384B,90,-0.1188,0.5854,-0.0727,0.7532,layer_7
norm_asym,row_norm,8,per_ckpt,415B,90,-0.0615,0.7822,-0.0251,0.9161,layer_7
norm_asym,row_norm,8,per_ckpt,447B,90,0.2154,0.3097,0.1999,0.3227,layer_7
norm_asym,row_norm,8,per_ckpt,478B,90,0.0459,0.8731,0.0747,0.7942,layer_7
norm_asym,row_norm,8,per_ckpt,510B,90,0.0905,0.6364,0.0322,0.8671,layer_7
norm_asym,row_norm,8,per_ckpt,541B,90,0.1006,0.6503,0.0957,0.6454,layer_7
norm_asym,row_norm,8,per_ckpt,573B,90,0.0247,0.9171,0.019,0.9471,layer_7
norm_asym,row_norm,8,per_ckpt,main,90,0.1041,0.6703,0.1041,0.6643,layer_7
norm_asym,col_norm,4,per_ckpt,10B,90,-0.1052,0.7213,-0.096,0.7522,layer_7
norm_asym,col_norm,4,per_ckpt,42B,90,-0.0537,0.8641,-0.0295,0.9251,layer_7
norm_asym,col_norm,4,per_ckpt,73B,90,0.0165,0.96,-0.0138,0.969,layer_7
norm_asym,col_norm,4,per_ckpt,105B,90,-0.1376,0.6673,-0.1879,0.5514,layer_7
norm_asym,col_norm,4,per_ckpt,136B,90,-0.3744,0.1748,-0.4044,0.1299,layer_7
norm_asym,col_norm,4,per_ckpt,168B,90,-0.1353,0.6743,-0.1398,0.6763,layer_7
norm_asym,col_norm,4,per_ckpt,199B,90,0.4692,0.0839,0.47,0.0769,layer_7
norm_asym,col_norm,4,per_ckpt,231B,90,0.4357,0.1618,0.3477,0.2707,layer_7
norm_asym,col_norm,4,per_ckpt,262B,90,-0.0826,0.7383,-0.061,0.8032,layer_7
norm_asym,col_norm,4,per_ckpt,294B,90,-0.3108,0.2418,-0.3118,0.2517,layer_7
norm_asym,col_norm,4,per_ckpt,325B,90,-0.1589,0.5794,-0.1317,0.6533,layer_7
norm_asym,col_norm,4,per_ckpt,352B,90,-0.1447,0.6254,-0.171,0.5674,layer_7
norm_asym,col_norm,4,per_ckpt,384B,90,-0.0486,0.8561,-0.0122,0.969,layer_7
norm_asym,col_norm,4,per_ckpt,415B,90,-0.0944,0.6913,-0.0906,0.7003,layer_7
norm_asym,col_norm,4,per_ckpt,447B,90,0.2985,0.2627,0.2581,0.3506,layer_7
norm_asym,col_norm,4,per_ckpt,478B,90,-0.2418,0.3906,-0.2086,0.4695,layer_7
norm_asym,col_norm,4,per_ckpt,510B,90,-0.0734,0.7992,-0.0431,0.8821,layer_7
norm_asym,col_norm,4,per_ckpt,541B,90,0.1174,0.6444,0.1394,0.5724,layer_7
norm_asym,col_norm,4,per_ckpt,573B,90,-0.2541,0.3786,-0.2587,0.3696,layer_7
norm_asym,col_norm,4,per_ckpt,main,90,-0.2262,0.4196,-0.2323,0.4036,layer_7
norm_asym,col_norm,8,per_ckpt,10B,90,-0.1408,0.5884,-0.1225,0.6384,layer_7
norm_asym,col_norm,8,per_ckpt,42B,90,-0.5134,0.049,-0.4634,0.0779,layer_7
norm_asym,col_norm,8,per_ckpt,73B,90,-0.169,0.5654,-0.1812,0.5215,layer_7
norm_asym,col_norm,8,per_ckpt,105B,90,-0.2141,0.3916,-0.1968,0.4645,layer_7
norm_asym,col_norm,8,per_ckpt,136B,90,-0.4285,0.1818,-0.3792,0.2448,layer_7
norm_asym,col_norm,8,per_ckpt,168B,90,-0.171,0.5295,-0.1033,0.6943,layer_7
norm_asym,col_norm,8,per_ckpt,199B,90,-0.5559,0.015,-0.5315,0.022,layer_7
norm_asym,col_norm,8,per_ckpt,231B,90,0.1208,0.6673,0.1923,0.5005,layer_7
norm_asym,col_norm,8,per_ckpt,262B,90,-0.1279,0.6444,-0.1477,0.5954,layer_7
norm_asym,col_norm,8,per_ckpt,294B,90,-0.1611,0.6064,-0.171,0.5844,layer_7
norm_asym,col_norm,8,per_ckpt,325B,90,-0.0312,0.9221,-0.0352,0.9011,layer_7
norm_asym,col_norm,8,per_ckpt,352B,90,-0.2293,0.3846,-0.2094,0.4286,layer_7
norm_asym,col_norm,8,per_ckpt,384B,90,0.019,0.961,-0.0319,0.9161,layer_7
norm_asym,col_norm,8,per_ckpt,415B,90,-0.2361,0.3626,-0.2454,0.3477,layer_7
norm_asym,col_norm,8,per_ckpt,447B,90,-0.1408,0.6553,-0.1212,0.6953,layer_7
norm_asym,col_norm,8,per_ckpt,478B,90,0.1581,0.6004,0.1007,0.7463,layer_7
norm_asym,col_norm,8,per_ckpt,510B,90,-0.2839,0.1628,-0.2436,0.2268,layer_7
norm_asym,col_norm,8,per_ckpt,541B,90,0.193,0.4775,0.182,0.5185,layer_7
norm_asym,col_norm,8,per_ckpt,573B,90,-0.2151,0.4875,-0.1368,0.6494,layer_7
norm_asym,col_norm,8,per_ckpt,main,90,-0.0983,0.7213,-0.0794,0.7802,layer_7
abs_diff,row_norm,4,pooled,,1800,0.0976,0.0,0.1153,0.0,layer_8
abs_diff,row_norm,8,pooled,,1800,-0.0029,0.9018,0.0019,0.9348,layer_8
abs_diff,col_norm,4,pooled,,1800,0.0729,0.002,0.0827,0.0004,layer_8
abs_diff,col_norm,8,pooled,,1800,0.0069,0.7684,0.0012,0.9594,layer_8
signed_diff,row_norm,4,pooled,,1800,-0.066,0.0051,-0.0602,0.0106,layer_8
signed_diff,row_norm,8,pooled,,1800,-0.0104,0.6586,-0.028,0.2344,layer_8
signed_diff,col_norm,4,pooled,,1800,-0.0784,0.0009,-0.0908,0.0001,layer_8
signed_diff,col_norm,8,pooled,,1800,-0.1643,0.0,-0.1463,0.0,layer_8
min_rankme,row_norm,4,pooled,,1800,-0.0681,0.0038,-0.0404,0.0869,layer_8
min_rankme,row_norm,8,pooled,,1800,0.0507,0.0314,0.0324,0.1694,layer_8
min_rankme,col_norm,4,pooled,,1800,-0.0542,0.0215,-0.0264,0.2636,layer_8
min_rankme,col_norm,8,pooled,,1800,0.0308,0.1914,0.0285,0.2271,layer_8
norm_asym,row_norm,4,pooled,,1800,-0.0987,0.0,-0.113,0.0,layer_8
norm_asym,row_norm,8,pooled,,1800,0.0311,0.1869,0.025,0.2885,layer_8
norm_asym,col_norm,4,pooled,,1800,-0.0568,0.0159,-0.0508,0.0311,layer_8
norm_asym,col_norm,8,pooled,,1800,-0.1526,0.0,-0.1345,0.0,layer_8
abs_diff,row_norm,4,per_ckpt,10B,90,0.1523,0.1219,0.1558,0.1409,layer_8
abs_diff,row_norm,4,per_ckpt,42B,90,0.2265,0.039,0.1882,0.1219,layer_8
abs_diff,row_norm,4,per_ckpt,73B,90,0.0976,0.3377,0.0773,0.4496,layer_8
abs_diff,row_norm,4,per_ckpt,105B,90,0.0989,0.3257,0.1474,0.1928,layer_8
abs_diff,row_norm,4,per_ckpt,136B,90,0.1511,0.1518,0.1934,0.0889,layer_8
abs_diff,row_norm,4,per_ckpt,168B,90,0.0039,0.969,0.0714,0.4875,layer_8
abs_diff,row_norm,4,per_ckpt,199B,90,-0.0872,0.4116,-0.0636,0.6084,layer_8
abs_diff,row_norm,4,per_ckpt,231B,90,-0.0285,0.7732,-0.0229,0.8402,layer_8
abs_diff,row_norm,4,per_ckpt,262B,90,0.1544,0.1758,0.1182,0.3656,layer_8
abs_diff,row_norm,4,per_ckpt,294B,90,-0.0306,0.8621,-0.0948,0.5594,layer_8
abs_diff,row_norm,4,per_ckpt,325B,90,0.0559,0.6743,0.0665,0.6244,layer_8
abs_diff,row_norm,4,per_ckpt,352B,90,-0.0191,0.8621,-0.0375,0.7722,layer_8
abs_diff,row_norm,4,per_ckpt,384B,90,0.156,0.1089,0.192,0.0699,layer_8
abs_diff,row_norm,4,per_ckpt,415B,90,0.0822,0.4336,0.1168,0.2727,layer_8
abs_diff,row_norm,4,per_ckpt,447B,90,-0.0983,0.3856,-0.1156,0.3716,layer_8
abs_diff,row_norm,4,per_ckpt,478B,90,0.1111,0.2747,0.1213,0.2967,layer_8
abs_diff,row_norm,4,per_ckpt,510B,90,0.0962,0.4655,0.1523,0.2687,layer_8
abs_diff,row_norm,4,per_ckpt,541B,90,0.0027,0.979,0.0366,0.6803,layer_8
abs_diff,row_norm,4,per_ckpt,573B,90,-0.0212,0.8232,-0.0215,0.8362,layer_8
abs_diff,row_norm,4,per_ckpt,main,90,-0.0423,0.7073,-0.0047,0.974,layer_8
abs_diff,row_norm,8,per_ckpt,10B,90,0.1489,0.2108,0.115,0.3696,layer_8
abs_diff,row_norm,8,per_ckpt,42B,90,0.0756,0.5295,0.0879,0.4995,layer_8
abs_diff,row_norm,8,per_ckpt,73B,90,-0.2658,0.009,-0.3165,0.001,layer_8
abs_diff,row_norm,8,per_ckpt,105B,90,0.0935,0.2577,0.0733,0.3686,layer_8
abs_diff,row_norm,8,per_ckpt,136B,90,0.0647,0.5924,0.1018,0.4316,layer_8
abs_diff,row_norm,8,per_ckpt,168B,90,-0.0049,0.976,0.015,0.9171,layer_8
abs_diff,row_norm,8,per_ckpt,199B,90,0.0132,0.8861,-0.007,0.9431,layer_8
abs_diff,row_norm,8,per_ckpt,231B,90,-0.0135,0.9151,-0.0444,0.7273,layer_8
abs_diff,row_norm,8,per_ckpt,262B,90,0.0647,0.5694,0.0656,0.6214,layer_8
abs_diff,row_norm,8,per_ckpt,294B,90,-0.0028,0.983,-0.0615,0.5954,layer_8
abs_diff,row_norm,8,per_ckpt,325B,90,-0.1845,0.044,-0.1163,0.1948,layer_8
abs_diff,row_norm,8,per_ckpt,352B,90,-0.0541,0.5964,-0.0311,0.7622,layer_8
abs_diff,row_norm,8,per_ckpt,384B,90,-0.1393,0.2308,-0.1179,0.3636,layer_8
abs_diff,row_norm,8,per_ckpt,415B,90,-0.2284,0.032,-0.2341,0.04,layer_8
abs_diff,row_norm,8,per_ckpt,447B,90,-0.0505,0.6174,-0.0268,0.8312,layer_8
abs_diff,row_norm,8,per_ckpt,478B,90,-0.1834,0.046,-0.1964,0.0529,layer_8
abs_diff,row_norm,8,per_ckpt,510B,90,0.0785,0.5175,0.087,0.5015,layer_8
abs_diff,row_norm,8,per_ckpt,541B,90,0.1602,0.1558,0.1941,0.1179,layer_8
abs_diff,row_norm,8,per_ckpt,573B,90,0.0018,0.986,0.0247,0.8482,layer_8
abs_diff,row_norm,8,per_ckpt,main,90,-0.0055,0.962,-0.0632,0.5574,layer_8
abs_diff,col_norm,4,per_ckpt,10B,90,0.0664,0.2068,0.0786,0.1848,layer_8
abs_diff,col_norm,4,per_ckpt,42B,90,0.0884,0.038,0.0832,0.0869,layer_8
abs_diff,col_norm,4,per_ckpt,73B,90,0.0361,0.5794,0.0478,0.4915,layer_8
abs_diff,col_norm,4,per_ckpt,105B,90,0.055,0.4296,0.0958,0.1918,layer_8
abs_diff,col_norm,4,per_ckpt,136B,90,0.1814,0.044,0.1653,0.0859,layer_8
abs_diff,col_norm,4,per_ckpt,168B,90,0.0176,0.7812,0.0407,0.5594,layer_8
abs_diff,col_norm,4,per_ckpt,199B,90,-0.0395,0.6014,-0.0405,0.6274,layer_8
abs_diff,col_norm,4,per_ckpt,231B,90,-0.0206,0.7143,-0.006,0.9131,layer_8
abs_diff,col_norm,4,per_ckpt,262B,90,0.1432,0.1808,0.1098,0.3556,layer_8
abs_diff,col_norm,4,per_ckpt,294B,90,-0.0396,0.7413,-0.0781,0.5395,layer_8
abs_diff,col_norm,4,per_ckpt,325B,90,0.0379,0.6633,0.0477,0.6304,layer_8
abs_diff,col_norm,4,per_ckpt,352B,90,-0.0217,0.7862,-0.0259,0.7692,layer_8
abs_diff,col_norm,4,per_ckpt,384B,90,0.1563,0.0739,0.168,0.0639,layer_8
abs_diff,col_norm,4,per_ckpt,415B,90,0.1094,0.2488,0.1148,0.2557,layer_8
abs_diff,col_norm,4,per_ckpt,447B,90,-0.0884,0.3307,-0.0955,0.3467,layer_8
abs_diff,col_norm,4,per_ckpt,478B,90,0.0843,0.3487,0.1074,0.3037,layer_8
abs_diff,col_norm,4,per_ckpt,510B,90,0.0534,0.4815,0.0827,0.2967,layer_8
abs_diff,col_norm,4,per_ckpt,541B,90,0.0326,0.7133,0.0415,0.6603,layer_8
abs_diff,col_norm,4,per_ckpt,573B,90,-0.0216,0.7003,-0.011,0.8891,layer_8
abs_diff,col_norm,4,per_ckpt,main,90,-0.0105,0.8941,-0.004,0.96,layer_8
abs_diff,col_norm,8,per_ckpt,10B,90,0.1476,0.1039,0.0947,0.3526,layer_8
abs_diff,col_norm,8,per_ckpt,42B,90,0.0833,0.2488,0.0607,0.4645,layer_8
abs_diff,col_norm,8,per_ckpt,73B,90,-0.2508,0.001,-0.2568,0.002,layer_8
abs_diff,col_norm,8,per_ckpt,105B,90,0.0959,0.2857,0.0898,0.3247,layer_8
abs_diff,col_norm,8,per_ckpt,136B,90,0.0125,0.8192,0.0583,0.2987,layer_8
abs_diff,col_norm,8,per_ckpt,168B,90,0.0565,0.4496,0.013,0.8941,layer_8
abs_diff,col_norm,8,per_ckpt,199B,90,-0.0401,0.6693,-0.0041,0.96,layer_8
abs_diff,col_norm,8,per_ckpt,231B,90,-0.0415,0.6613,-0.0384,0.7153,layer_8
abs_diff,col_norm,8,per_ckpt,262B,90,0.0412,0.6494,0.0497,0.6513,layer_8
abs_diff,col_norm,8,per_ckpt,294B,90,-0.0338,0.5235,-0.0339,0.5165,layer_8
abs_diff,col_norm,8,per_ckpt,325B,90,-0.0739,0.3147,-0.0939,0.1978,layer_8
abs_diff,col_norm,8,per_ckpt,352B,90,-0.0008,0.996,-0.0257,0.7682,layer_8
abs_diff,col_norm,8,per_ckpt,384B,90,-0.0876,0.2827,-0.0917,0.3546,layer_8
abs_diff,col_norm,8,per_ckpt,415B,90,-0.1678,0.0609,-0.1943,0.031,layer_8
abs_diff,col_norm,8,per_ckpt,447B,90,-0.02,0.7932,-0.0242,0.7952,layer_8
abs_diff,col_norm,8,per_ckpt,478B,90,-0.1247,0.1019,-0.1642,0.0649,layer_8
abs_diff,col_norm,8,per_ckpt,510B,90,0.1103,0.3437,0.0861,0.4945,layer_8
abs_diff,col_norm,8,per_ckpt,541B,90,0.1866,0.018,0.1409,0.1299,layer_8
abs_diff,col_norm,8,per_ckpt,573B,90,-0.0005,0.994,0.0128,0.8611,layer_8
abs_diff,col_norm,8,per_ckpt,main,90,-0.0162,0.8132,-0.0457,0.5734,layer_8
signed_diff,row_norm,4,per_ckpt,10B,90,0.0854,0.6883,0.1075,0.6194,layer_8
signed_diff,row_norm,4,per_ckpt,42B,90,0.042,0.7732,0.0653,0.6953,layer_8
signed_diff,row_norm,4,per_ckpt,73B,90,-0.3337,0.1309,-0.3327,0.1389,layer_8
signed_diff,row_norm,4,per_ckpt,105B,90,-0.1193,0.6324,-0.0944,0.7123,layer_8
signed_diff,row_norm,4,per_ckpt,136B,90,-0.0937,0.6933,-0.0817,0.7433,layer_8
signed_diff,row_norm,4,per_ckpt,168B,90,0.0011,0.996,0.0147,0.9441,layer_8
signed_diff,row_norm,4,per_ckpt,199B,90,-0.2192,0.3267,-0.2214,0.3117,layer_8
signed_diff,row_norm,4,per_ckpt,231B,90,-0.3472,0.0669,-0.3499,0.0739,layer_8
signed_diff,row_norm,4,per_ckpt,262B,90,-0.1372,0.5225,-0.1373,0.5425,layer_8
signed_diff,row_norm,4,per_ckpt,294B,90,-0.0656,0.7802,-0.0905,0.7063,layer_8
signed_diff,row_norm,4,per_ckpt,325B,90,0.0676,0.7233,0.112,0.6164,layer_8
signed_diff,row_norm,4,per_ckpt,352B,90,-0.2007,0.3646,-0.2314,0.3227,layer_8
signed_diff,row_norm,4,per_ckpt,384B,90,0.045,0.8521,0.0232,0.9271,layer_8
signed_diff,row_norm,4,per_ckpt,415B,90,-0.107,0.6583,-0.1493,0.5534,layer_8
signed_diff,row_norm,4,per_ckpt,447B,90,-0.3556,0.1069,-0.3674,0.0979,layer_8
signed_diff,row_norm,4,per_ckpt,478B,90,-0.0556,0.8322,-0.0745,0.7782,layer_8
signed_diff,row_norm,4,per_ckpt,510B,90,0.009,0.9371,-0.0588,0.5335,layer_8
signed_diff,row_norm,4,per_ckpt,541B,90,0.2882,0.2128,0.252,0.3007,layer_8
signed_diff,row_norm,4,per_ckpt,573B,90,-0.1603,0.5285,-0.1928,0.4655,layer_8
signed_diff,row_norm,4,per_ckpt,main,90,0.0728,0.6663,0.0375,0.8242,layer_8
signed_diff,row_norm,8,per_ckpt,10B,90,-0.0239,0.8971,-0.1005,0.6274,layer_8
signed_diff,row_norm,8,per_ckpt,42B,90,0.0223,0.8931,0.0485,0.7493,layer_8
signed_diff,row_norm,8,per_ckpt,73B,90,-0.0974,0.6264,-0.1323,0.5594,layer_8
signed_diff,row_norm,8,per_ckpt,105B,90,-0.1067,0.7073,-0.1582,0.6294,layer_8
signed_diff,row_norm,8,per_ckpt,136B,90,0.1786,0.3826,0.1567,0.4655,layer_8
signed_diff,row_norm,8,per_ckpt,168B,90,0.0191,0.8711,0.0461,0.7193,layer_8
signed_diff,row_norm,8,per_ckpt,199B,90,-0.0047,0.98,-0.0131,0.969,layer_8
signed_diff,row_norm,8,per_ckpt,231B,90,-0.323,0.1029,-0.322,0.1139,layer_8
signed_diff,row_norm,8,per_ckpt,262B,90,0.4621,0.023,0.4583,0.019,layer_8
signed_diff,row_norm,8,per_ckpt,294B,90,0.3223,0.038,0.3135,0.047,layer_8
signed_diff,row_norm,8,per_ckpt,325B,90,-0.1227,0.6334,-0.1815,0.4975,layer_8
signed_diff,row_norm,8,per_ckpt,352B,90,-0.0904,0.6953,-0.1003,0.6643,layer_8
signed_diff,row_norm,8,per_ckpt,384B,90,-0.287,0.1858,-0.2766,0.1878,layer_8
signed_diff,row_norm,8,per_ckpt,415B,90,-0.1514,0.4975,-0.1725,0.4605,layer_8
signed_diff,row_norm,8,per_ckpt,447B,90,0.1234,0.5365,0.0732,0.7183,layer_8
signed_diff,row_norm,8,per_ckpt,478B,90,-0.0826,0.7662,-0.0805,0.7592,layer_8
signed_diff,row_norm,8,per_ckpt,510B,90,0.0774,0.6783,0.0371,0.8571,layer_8
signed_diff,row_norm,8,per_ckpt,541B,90,0.0923,0.6723,0.1003,0.6833,layer_8
signed_diff,row_norm,8,per_ckpt,573B,90,0.0143,0.9481,-0.0048,0.98,layer_8
signed_diff,row_norm,8,per_ckpt,main,90,0.042,0.8651,0.0074,0.982,layer_8
signed_diff,col_norm,4,per_ckpt,10B,90,-0.1547,0.5914,-0.1677,0.5564,layer_8
signed_diff,col_norm,4,per_ckpt,42B,90,-0.0461,0.8741,-0.0167,0.957,layer_8
signed_diff,col_norm,4,per_ckpt,73B,90,0.0928,0.7702,0.0932,0.7682,layer_8
signed_diff,col_norm,4,per_ckpt,105B,90,-0.088,0.7592,-0.0921,0.7512,layer_8
signed_diff,col_norm,4,per_ckpt,136B,90,-0.36,0.1898,-0.3754,0.1748,layer_8
signed_diff,col_norm,4,per_ckpt,168B,90,-0.0976,0.7453,-0.0898,0.7672,layer_8
signed_diff,col_norm,4,per_ckpt,199B,90,0.4904,0.0809,0.4861,0.0879,layer_8
signed_diff,col_norm,4,per_ckpt,231B,90,0.5188,0.0809,0.5167,0.0939,layer_8
signed_diff,col_norm,4,per_ckpt,262B,90,-0.1605,0.5295,-0.1395,0.5894,layer_8
signed_diff,col_norm,4,per_ckpt,294B,90,-0.277,0.3107,-0.2837,0.3187,layer_8
signed_diff,col_norm,4,per_ckpt,325B,90,-0.2443,0.3976,-0.2597,0.3856,layer_8
signed_diff,col_norm,4,per_ckpt,352B,90,0.0042,0.988,-0.0021,0.996,layer_8
signed_diff,col_norm,4,per_ckpt,384B,90,-0.2093,0.4206,-0.2123,0.4146,layer_8
signed_diff,col_norm,4,per_ckpt,415B,90,-0.1902,0.4635,-0.1937,0.4645,layer_8
signed_diff,col_norm,4,per_ckpt,447B,90,0.2743,0.3077,0.2149,0.4505,layer_8
signed_diff,col_norm,4,per_ckpt,478B,90,-0.3103,0.2747,-0.2926,0.3007,layer_8
signed_diff,col_norm,4,per_ckpt,510B,90,-0.2144,0.4685,-0.2136,0.4805,layer_8
signed_diff,col_norm,4,per_ckpt,541B,90,0.0306,0.8971,0.0227,0.9201,layer_8
signed_diff,col_norm,4,per_ckpt,573B,90,-0.2436,0.4046,-0.2779,0.3497,layer_8
signed_diff,col_norm,4,per_ckpt,main,90,-0.2768,0.3367,-0.3026,0.2907,layer_8
signed_diff,col_norm,8,per_ckpt,10B,90,-0.2753,0.2847,-0.2541,0.3267,layer_8
signed_diff,col_norm,8,per_ckpt,42B,90,-0.6054,0.016,-0.5694,0.03,layer_8
signed_diff,col_norm,8,per_ckpt,73B,90,-0.1863,0.4905,-0.2242,0.4186,layer_8
signed_diff,col_norm,8,per_ckpt,105B,90,-0.3132,0.2048,-0.3237,0.2098,layer_8
signed_diff,col_norm,8,per_ckpt,136B,90,-0.5803,0.0589,-0.5936,0.0569,layer_8
signed_diff,col_norm,8,per_ckpt,168B,90,-0.2973,0.2827,-0.2873,0.3197,layer_8
signed_diff,col_norm,8,per_ckpt,199B,90,-0.5716,0.004,-0.5625,0.006,layer_8
signed_diff,col_norm,8,per_ckpt,231B,90,-0.0188,0.9491,0.0263,0.9221,layer_8
signed_diff,col_norm,8,per_ckpt,262B,90,-0.0656,0.8252,-0.0426,0.8901,layer_8
signed_diff,col_norm,8,per_ckpt,294B,90,-0.1921,0.5524,-0.1707,0.5924,layer_8
signed_diff,col_norm,8,per_ckpt,325B,90,-0.0875,0.7612,-0.1264,0.6793,layer_8
signed_diff,col_norm,8,per_ckpt,352B,90,-0.2916,0.2847,-0.2981,0.2877,layer_8
signed_diff,col_norm,8,per_ckpt,384B,90,0.0987,0.7522,0.0748,0.8112,layer_8
signed_diff,col_norm,8,per_ckpt,415B,90,-0.1696,0.5265,-0.1909,0.4875,layer_8
signed_diff,col_norm,8,per_ckpt,447B,90,-0.1317,0.6603,-0.1261,0.6913,layer_8
signed_diff,col_norm,8,per_ckpt,478B,90,0.3721,0.1868,0.3472,0.2138,layer_8
signed_diff,col_norm,8,per_ckpt,510B,90,-0.2755,0.1718,-0.2563,0.1978,layer_8
signed_diff,col_norm,8,per_ckpt,541B,90,0.129,0.6434,0.0835,0.7692,layer_8
signed_diff,col_norm,8,per_ckpt,573B,90,-0.3079,0.3237,-0.2687,0.4146,layer_8
signed_diff,col_norm,8,per_ckpt,main,90,-0.1113,0.7093,-0.1325,0.6533,layer_8
min_rankme,row_norm,4,per_ckpt,10B,90,0.0248,0.8751,0.0839,0.5604,layer_8
min_rankme,row_norm,4,per_ckpt,42B,90,0.0499,0.7502,0.0717,0.6773,layer_8
min_rankme,row_norm,4,per_ckpt,73B,90,-0.1885,0.2967,-0.102,0.5634,layer_8
min_rankme,row_norm,4,per_ckpt,105B,90,-0.0373,0.8322,-0.0505,0.7632,layer_8
min_rankme,row_norm,4,per_ckpt,136B,90,-0.1374,0.3666,-0.2019,0.1848,layer_8
min_rankme,row_norm,4,per_ckpt,168B,90,-0.1099,0.5095,-0.0752,0.6464,layer_8
min_rankme,row_norm,4,per_ckpt,199B,90,-0.2041,0.2008,-0.2826,0.0659,layer_8
min_rankme,row_norm,4,per_ckpt,231B,90,-0.1248,0.4835,-0.2149,0.1828,layer_8
min_rankme,row_norm,4,per_ckpt,262B,90,-0.3515,0.023,-0.3247,0.038,layer_8
min_rankme,row_norm,4,per_ckpt,294B,90,0.0359,0.8711,0.0163,0.9321,layer_8
min_rankme,row_norm,4,per_ckpt,325B,90,0.1516,0.3746,0.1565,0.3536,layer_8
min_rankme,row_norm,4,per_ckpt,352B,90,-0.0835,0.6084,-0.1731,0.2517,layer_8
min_rankme,row_norm,4,per_ckpt,384B,90,-0.0423,0.7243,-0.045,0.7073,layer_8
min_rankme,row_norm,4,per_ckpt,415B,90,-0.1331,0.3117,-0.1351,0.3417,layer_8
min_rankme,row_norm,4,per_ckpt,447B,90,-0.2795,0.0619,-0.2923,0.0569,layer_8
min_rankme,row_norm,4,per_ckpt,478B,90,-0.1662,0.2847,-0.1564,0.2937,layer_8
min_rankme,row_norm,4,per_ckpt,510B,90,-0.3037,0.0839,-0.2722,0.1079,layer_8
min_rankme,row_norm,4,per_ckpt,541B,90,0.1015,0.4396,0.0862,0.4476,layer_8
min_rankme,row_norm,4,per_ckpt,573B,90,-0.207,0.1329,-0.2015,0.1299,layer_8
min_rankme,row_norm,4,per_ckpt,main,90,-0.118,0.4416,-0.1398,0.3467,layer_8
min_rankme,row_norm,8,per_ckpt,10B,90,-0.2627,0.1778,-0.2211,0.2358,layer_8
min_rankme,row_norm,8,per_ckpt,42B,90,0.2809,0.0969,0.2451,0.1299,layer_8
min_rankme,row_norm,8,per_ckpt,73B,90,0.258,0.1718,0.2018,0.2837,layer_8
min_rankme,row_norm,8,per_ckpt,105B,90,-0.1183,0.2917,-0.098,0.3297,layer_8
min_rankme,row_norm,8,per_ckpt,136B,90,0.2404,0.1578,0.2844,0.0779,layer_8
min_rankme,row_norm,8,per_ckpt,168B,90,-0.2069,0.2587,-0.2466,0.1449,layer_8
min_rankme,row_norm,8,per_ckpt,199B,90,-0.038,0.8122,-0.0252,0.8402,layer_8
min_rankme,row_norm,8,per_ckpt,231B,90,-0.0799,0.6613,-0.1149,0.5115,layer_8
min_rankme,row_norm,8,per_ckpt,262B,90,0.0119,0.9361,-0.0011,0.995,layer_8
min_rankme,row_norm,8,per_ckpt,294B,90,-0.0476,0.6923,-0.085,0.5245,layer_8
min_rankme,row_norm,8,per_ckpt,325B,90,0.2565,0.008,0.2017,0.04,layer_8
min_rankme,row_norm,8,per_ckpt,352B,90,0.0773,0.6044,0.1081,0.4086,layer_8
min_rankme,row_norm,8,per_ckpt,384B,90,-0.0639,0.7183,-0.0498,0.7872,layer_8
min_rankme,row_norm,8,per_ckpt,415B,90,0.1881,0.2478,0.1803,0.2158,layer_8
min_rankme,row_norm,8,per_ckpt,447B,90,0.1539,0.1758,0.1629,0.1658,layer_8
min_rankme,row_norm,8,per_ckpt,478B,90,0.13,0.3487,0.0668,0.6164,layer_8
min_rankme,row_norm,8,per_ckpt,510B,90,0.0045,0.978,-0.0143,0.9231,layer_8
min_rankme,row_norm,8,per_ckpt,541B,90,0.0008,0.991,-0.0493,0.7562,layer_8
min_rankme,row_norm,8,per_ckpt,573B,90,0.0057,0.971,-0.0161,0.8991,layer_8
min_rankme,row_norm,8,per_ckpt,main,90,0.0113,0.9121,0.0894,0.4565,layer_8
min_rankme,col_norm,4,per_ckpt,10B,90,0.0276,0.7283,0.0566,0.4965,layer_8
min_rankme,col_norm,4,per_ckpt,42B,90,0.0202,0.7393,0.0333,0.6434,layer_8
min_rankme,col_norm,4,per_ckpt,73B,90,-0.098,0.4036,-0.0648,0.5964,layer_8
min_rankme,col_norm,4,per_ckpt,105B,90,-0.0229,0.8252,-0.0351,0.7443,layer_8
min_rankme,col_norm,4,per_ckpt,136B,90,-0.0996,0.4515,-0.1745,0.1748,layer_8
min_rankme,col_norm,4,per_ckpt,168B,90,-0.0665,0.5514,-0.0434,0.6843,layer_8
min_rankme,col_norm,4,per_ckpt,199B,90,-0.1569,0.1359,-0.1848,0.0699,layer_8
min_rankme,col_norm,4,per_ckpt,231B,90,-0.0528,0.5205,-0.1029,0.1958,layer_8
min_rankme,col_norm,4,per_ckpt,262B,90,-0.3319,0.018,-0.2994,0.036,layer_8
min_rankme,col_norm,4,per_ckpt,294B,90,0.029,0.8701,0.0168,0.9081,layer_8
min_rankme,col_norm,4,per_ckpt,325B,90,0.0958,0.4376,0.1098,0.3686,layer_8
min_rankme,col_norm,4,per_ckpt,352B,90,-0.0565,0.6703,-0.1244,0.2408,layer_8
min_rankme,col_norm,4,per_ckpt,384B,90,-0.0591,0.5714,-0.0346,0.7403,layer_8
min_rankme,col_norm,4,per_ckpt,415B,90,-0.1769,0.1648,-0.1284,0.3367,layer_8
min_rankme,col_norm,4,per_ckpt,447B,90,-0.2328,0.0549,-0.2192,0.0669,layer_8
min_rankme,col_norm,4,per_ckpt,478B,90,-0.1601,0.2158,-0.1391,0.2967,layer_8
min_rankme,col_norm,4,per_ckpt,510B,90,-0.1787,0.0879,-0.1545,0.1079,layer_8
min_rankme,col_norm,4,per_ckpt,541B,90,0.1005,0.4276,0.0918,0.4286,layer_8
min_rankme,col_norm,4,per_ckpt,573B,90,-0.127,0.1738,-0.1428,0.1249,layer_8
min_rankme,col_norm,4,per_ckpt,main,90,-0.0785,0.4216,-0.0877,0.3506,layer_8
min_rankme,col_norm,8,per_ckpt,10B,90,-0.2067,0.1548,-0.18,0.2188,layer_8
min_rankme,col_norm,8,per_ckpt,42B,90,0.1448,0.1389,0.1534,0.1429,layer_8
min_rankme,col_norm,8,per_ckpt,73B,90,0.2227,0.1618,0.1669,0.2727,layer_8
min_rankme,col_norm,8,per_ckpt,105B,90,-0.0453,0.6903,-0.1124,0.3207,layer_8
min_rankme,col_norm,8,per_ckpt,136B,90,0.1096,0.1778,0.1238,0.0849,layer_8
min_rankme,col_norm,8,per_ckpt,168B,90,-0.1514,0.1998,-0.1589,0.1379,layer_8
min_rankme,col_norm,8,per_ckpt,199B,90,-0.0191,0.8971,-0.0179,0.8711,layer_8
min_rankme,col_norm,8,per_ckpt,231B,90,-0.0206,0.8961,-0.0946,0.5115,layer_8
min_rankme,col_norm,8,per_ckpt,262B,90,-0.0259,0.8282,-0.0031,0.987,layer_8
min_rankme,col_norm,8,per_ckpt,294B,90,0.0052,0.9411,-0.0247,0.6763,layer_8
min_rankme,col_norm,8,per_ckpt,325B,90,0.1687,0.0519,0.1744,0.019,layer_8
min_rankme,col_norm,8,per_ckpt,352B,90,0.0688,0.5075,0.0985,0.3477,layer_8
min_rankme,col_norm,8,per_ckpt,384B,90,-0.0602,0.5894,-0.0332,0.8122,layer_8
min_rankme,col_norm,8,per_ckpt,415B,90,0.1663,0.2018,0.14,0.2408,layer_8
min_rankme,col_norm,8,per_ckpt,447B,90,0.1048,0.1708,0.1254,0.1489,layer_8
min_rankme,col_norm,8,per_ckpt,478B,90,0.0561,0.6474,0.0592,0.6194,layer_8
min_rankme,col_norm,8,per_ckpt,510B,90,-0.0139,0.9281,-0.0115,0.9321,layer_8
min_rankme,col_norm,8,per_ckpt,541B,90,-0.048,0.7053,-0.0215,0.8521,layer_8
min_rankme,col_norm,8,per_ckpt,573B,90,-0.0027,0.976,0.0159,0.8262,layer_8
min_rankme,col_norm,8,per_ckpt,main,90,0.0136,0.8931,0.0767,0.4106,layer_8
norm_asym,row_norm,4,per_ckpt,10B,90,-0.0048,0.986,-0.009,0.953,layer_8
norm_asym,row_norm,4,per_ckpt,42B,90,-0.0069,0.97,-0.0101,0.9471,layer_8
norm_asym,row_norm,4,per_ckpt,73B,90,-0.3501,0.0929,-0.3802,0.0609,layer_8
norm_asym,row_norm,4,per_ckpt,105B,90,-0.215,0.3716,-0.2343,0.3217,layer_8
norm_asym,row_norm,4,per_ckpt,136B,90,-0.0664,0.7682,-0.0417,0.8671,layer_8
norm_asym,row_norm,4,per_ckpt,168B,90,-0.0746,0.7253,-0.0916,0.7053,layer_8
norm_asym,row_norm,4,per_ckpt,199B,90,-0.2038,0.3626,-0.2309,0.2957,layer_8
norm_asym,row_norm,4,per_ckpt,231B,90,-0.4096,0.026,-0.4358,0.019,layer_8
norm_asym,row_norm,4,per_ckpt,262B,90,-0.2598,0.2118,-0.3425,0.0999,layer_8
norm_asym,row_norm,4,per_ckpt,294B,90,0.0397,0.8651,0.0519,0.8182,layer_8
norm_asym,row_norm,4,per_ckpt,325B,90,-0.0128,0.9431,-0.0042,0.989,layer_8
norm_asym,row_norm,4,per_ckpt,352B,90,-0.0762,0.7313,-0.0922,0.6733,layer_8
norm_asym,row_norm,4,per_ckpt,384B,90,-0.0453,0.8501,-0.0946,0.6943,layer_8
norm_asym,row_norm,4,per_ckpt,415B,90,-0.2107,0.3576,-0.2718,0.2597,layer_8
norm_asym,row_norm,4,per_ckpt,447B,90,-0.3176,0.1598,-0.3065,0.1788,layer_8
norm_asym,row_norm,4,per_ckpt,478B,90,-0.1114,0.6543,-0.1122,0.6553,layer_8
norm_asym,row_norm,4,per_ckpt,510B,90,-0.01,0.9171,-0.0601,0.5475,layer_8
norm_asym,row_norm,4,per_ckpt,541B,90,0.2802,0.2398,0.2428,0.3267,layer_8
norm_asym,row_norm,4,per_ckpt,573B,90,-0.1027,0.6593,-0.0715,0.7562,layer_8
norm_asym,row_norm,4,per_ckpt,main,90,0.0847,0.5914,0.0531,0.7033,layer_8
norm_asym,row_norm,8,per_ckpt,10B,90,-0.0675,0.6913,-0.1812,0.3047,layer_8
norm_asym,row_norm,8,per_ckpt,42B,90,0.0276,0.8511,0.0445,0.7632,layer_8
norm_asym,row_norm,8,per_ckpt,73B,90,-0.0343,0.8681,-0.0404,0.8731,layer_8
norm_asym,row_norm,8,per_ckpt,105B,90,-0.1351,0.6234,-0.1751,0.5075,layer_8
norm_asym,row_norm,8,per_ckpt,136B,90,0.2645,0.1648,0.2816,0.1698,layer_8
norm_asym,row_norm,8,per_ckpt,168B,90,0.0138,0.9241,0.0455,0.7343,layer_8
norm_asym,row_norm,8,per_ckpt,199B,90,0.0902,0.6943,0.111,0.6484,layer_8
norm_asym,row_norm,8,per_ckpt,231B,90,-0.3159,0.1149,-0.2986,0.1499,layer_8
norm_asym,row_norm,8,per_ckpt,262B,90,0.3617,0.0709,0.3738,0.0559,layer_8
norm_asym,row_norm,8,per_ckpt,294B,90,0.3608,0.015,0.3243,0.05,layer_8
norm_asym,row_norm,8,per_ckpt,325B,90,-0.029,0.9171,-0.0649,0.8202,layer_8
norm_asym,row_norm,8,per_ckpt,352B,90,-0.0772,0.7183,-0.0747,0.7193,layer_8
norm_asym,row_norm,8,per_ckpt,384B,90,-0.1271,0.5654,-0.0835,0.7153,layer_8
norm_asym,row_norm,8,per_ckpt,415B,90,-0.0656,0.7662,-0.0367,0.8791,layer_8
norm_asym,row_norm,8,per_ckpt,447B,90,0.2092,0.3167,0.1947,0.3407,layer_8
norm_asym,row_norm,8,per_ckpt,478B,90,0.043,0.8801,0.0646,0.8142,layer_8
norm_asym,row_norm,8,per_ckpt,510B,90,0.0794,0.6873,0.0266,0.8881,layer_8
norm_asym,row_norm,8,per_ckpt,541B,90,0.0976,0.6573,0.095,0.6464,layer_8
norm_asym,row_norm,8,per_ckpt,573B,90,0.0192,0.9351,0.0125,0.964,layer_8
norm_asym,row_norm,8,per_ckpt,main,90,0.1034,0.6683,0.0972,0.6793,layer_8
norm_asym,col_norm,4,per_ckpt,10B,90,-0.1067,0.7133,-0.0999,0.7383,layer_8
norm_asym,col_norm,4,per_ckpt,42B,90,-0.0597,0.8412,-0.0432,0.8801,layer_8
norm_asym,col_norm,4,per_ckpt,73B,90,0.0237,0.9331,-0.024,0.9421,layer_8
norm_asym,col_norm,4,per_ckpt,105B,90,-0.1365,0.6673,-0.1785,0.5774,layer_8
norm_asym,col_norm,4,per_ckpt,136B,90,-0.3643,0.1848,-0.3781,0.1698,layer_8
norm_asym,col_norm,4,per_ckpt,168B,90,-0.125,0.6953,-0.1237,0.7133,layer_8
norm_asym,col_norm,4,per_ckpt,199B,90,0.4678,0.0839,0.4656,0.0839,layer_8
norm_asym,col_norm,4,per_ckpt,231B,90,0.4144,0.1798,0.3447,0.2727,layer_8
norm_asym,col_norm,4,per_ckpt,262B,90,-0.0831,0.7363,-0.0623,0.8002,layer_8
norm_asym,col_norm,4,per_ckpt,294B,90,-0.3311,0.2028,-0.3238,0.2278,layer_8
norm_asym,col_norm,4,per_ckpt,325B,90,-0.1572,0.5844,-0.1343,0.6414,layer_8
norm_asym,col_norm,4,per_ckpt,352B,90,-0.1441,0.6264,-0.1595,0.5964,layer_8
norm_asym,col_norm,4,per_ckpt,384B,90,-0.0558,0.8322,-0.0219,0.9391,layer_8
norm_asym,col_norm,4,per_ckpt,415B,90,-0.1022,0.6713,-0.0905,0.6983,layer_8
norm_asym,col_norm,4,per_ckpt,447B,90,0.2915,0.2787,0.2606,0.3427,layer_8
norm_asym,col_norm,4,per_ckpt,478B,90,-0.258,0.3526,-0.2214,0.4316,layer_8
norm_asym,col_norm,4,per_ckpt,510B,90,-0.0903,0.7552,-0.0616,0.8302,layer_8
norm_asym,col_norm,4,per_ckpt,541B,90,0.111,0.6623,0.1304,0.6044,layer_8
norm_asym,col_norm,4,per_ckpt,573B,90,-0.2567,0.3726,-0.2619,0.3666,layer_8
norm_asym,col_norm,4,per_ckpt,main,90,-0.2447,0.3826,-0.2475,0.3686,layer_8
norm_asym,col_norm,8,per_ckpt,10B,90,-0.1433,0.5794,-0.1241,0.6354,layer_8
norm_asym,col_norm,8,per_ckpt,42B,90,-0.5158,0.048,-0.4655,0.0769,layer_8
norm_asym,col_norm,8,per_ckpt,73B,90,-0.1635,0.5634,-0.1738,0.5425,layer_8
norm_asym,col_norm,8,per_ckpt,105B,90,-0.2443,0.3257,-0.2215,0.4116,layer_8
norm_asym,col_norm,8,per_ckpt,136B,90,-0.4301,0.1808,-0.3644,0.2677,layer_8
norm_asym,col_norm,8,per_ckpt,168B,90,-0.182,0.4945,-0.0962,0.7133,layer_8
norm_asym,col_norm,8,per_ckpt,199B,90,-0.5585,0.014,-0.5341,0.021,layer_8
norm_asym,col_norm,8,per_ckpt,231B,90,0.1182,0.6713,0.1917,0.4995,layer_8
norm_asym,col_norm,8,per_ckpt,262B,90,-0.125,0.6513,-0.139,0.6204,layer_8
norm_asym,col_norm,8,per_ckpt,294B,90,-0.1739,0.5754,-0.18,0.5684,layer_8
norm_asym,col_norm,8,per_ckpt,325B,90,-0.0371,0.9081,-0.042,0.8821,layer_8
norm_asym,col_norm,8,per_ckpt,352B,90,-0.2398,0.3676,-0.2247,0.3956,layer_8
norm_asym,col_norm,8,per_ckpt,384B,90,0.0199,0.952,-0.0337,0.9031,layer_8
norm_asym,col_norm,8,per_ckpt,415B,90,-0.2436,0.3417,-0.2502,0.3387,layer_8
norm_asym,col_norm,8,per_ckpt,447B,90,-0.147,0.6464,-0.1279,0.6763,layer_8
norm_asym,col_norm,8,per_ckpt,478B,90,0.1507,0.6204,0.1104,0.7173,layer_8
norm_asym,col_norm,8,per_ckpt,510B,90,-0.2941,0.1429,-0.2514,0.2078,layer_8
norm_asym,col_norm,8,per_ckpt,541B,90,0.1864,0.4935,0.1713,0.5385,layer_8
norm_asym,col_norm,8,per_ckpt,573B,90,-0.2132,0.4895,-0.1474,0.6334,layer_8
norm_asym,col_norm,8,per_ckpt,main,90,-0.1096,0.6923,-0.0995,0.7143,layer_8
abs_diff,row_norm,4,pooled,,1800,0.0882,0.0002,0.1085,0.0,layer_9
abs_diff,row_norm,8,pooled,,1800,-0.0118,0.6176,-0.0072,0.7617,layer_9
abs_diff,col_norm,4,pooled,,1800,0.0661,0.005,0.078,0.0009,layer_9
abs_diff,col_norm,8,pooled,,1800,0.0003,0.9909,-0.0055,0.8144,layer_9
signed_diff,row_norm,4,pooled,,1800,-0.0663,0.0049,-0.0608,0.0099,layer_9
signed_diff,row_norm,8,pooled,,1800,-0.0124,0.5999,-0.0282,0.2311,layer_9
signed_diff,col_norm,4,pooled,,1800,-0.0818,0.0005,-0.0915,0.0001,layer_9
signed_diff,col_norm,8,pooled,,1800,-0.1695,0.0,-0.1538,0.0,layer_9
min_rankme,row_norm,4,pooled,,1800,-0.0755,0.0014,-0.0511,0.0302,layer_9
min_rankme,row_norm,8,pooled,,1800,0.044,0.062,0.0292,0.2163,layer_9
min_rankme,col_norm,4,pooled,,1800,-0.0571,0.0153,-0.0341,0.148,layer_9
min_rankme,col_norm,8,pooled,,1800,0.0257,0.275,0.0262,0.2671,layer_9
norm_asym,row_norm,4,pooled,,1800,-0.0977,0.0,-0.1116,0.0,layer_9
norm_asym,row_norm,8,pooled,,1800,0.0305,0.1955,0.0245,0.2987,layer_9
norm_asym,col_norm,4,pooled,,1800,-0.0595,0.0115,-0.0538,0.0223,layer_9
norm_asym,col_norm,8,pooled,,1800,-0.1512,0.0,-0.1324,0.0,layer_9
abs_diff,row_norm,4,per_ckpt,10B,90,0.1671,0.0919,0.166,0.1169,layer_9
abs_diff,row_norm,4,per_ckpt,42B,90,0.2168,0.047,0.1755,0.1419,layer_9
abs_diff,row_norm,4,per_ckpt,73B,90,0.0838,0.4256,0.0561,0.5944,layer_9
abs_diff,row_norm,4,per_ckpt,105B,90,0.0865,0.3716,0.1087,0.2717,layer_9
abs_diff,row_norm,4,per_ckpt,136B,90,0.1559,0.1439,0.1859,0.1029,layer_9
abs_diff,row_norm,4,per_ckpt,168B,90,-0.0017,0.985,0.0548,0.5984,layer_9
abs_diff,row_norm,4,per_ckpt,199B,90,-0.068,0.5255,-0.0445,0.7263,layer_9
abs_diff,row_norm,4,per_ckpt,231B,90,-0.0088,0.9271,-0.0453,0.6783,layer_9
abs_diff,row_norm,4,per_ckpt,262B,90,0.1613,0.1479,0.1156,0.3477,layer_9
abs_diff,row_norm,4,per_ckpt,294B,90,-0.0108,0.9481,-0.0723,0.6474,layer_9
abs_diff,row_norm,4,per_ckpt,325B,90,0.04,0.7632,0.0606,0.6364,layer_9
abs_diff,row_norm,4,per_ckpt,352B,90,-0.0025,0.982,-0.027,0.8322,layer_9
abs_diff,row_norm,4,per_ckpt,384B,90,0.1575,0.1079,0.1929,0.0599,layer_9
abs_diff,row_norm,4,per_ckpt,415B,90,0.0625,0.5425,0.1073,0.3007,layer_9
abs_diff,row_norm,4,per_ckpt,447B,90,-0.0844,0.4555,-0.1025,0.4156,layer_9
abs_diff,row_norm,4,per_ckpt,478B,90,0.1198,0.2368,0.1242,0.2677,layer_9
abs_diff,row_norm,4,per_ckpt,510B,90,0.0998,0.4276,0.1673,0.2108,layer_9
abs_diff,row_norm,4,per_ckpt,541B,90,0.0029,0.969,0.0348,0.6813,layer_9
abs_diff,row_norm,4,per_ckpt,573B,90,-0.0109,0.9151,-0.0186,0.8651,layer_9
abs_diff,row_norm,4,per_ckpt,main,90,-0.0265,0.8202,0.0136,0.9131,layer_9
abs_diff,row_norm,8,per_ckpt,10B,90,0.1523,0.2128,0.1165,0.3646,layer_9
abs_diff,row_norm,8,per_ckpt,42B,90,0.0761,0.5175,0.0824,0.5115,layer_9
abs_diff,row_norm,8,per_ckpt,73B,90,-0.2837,0.006,-0.3218,0.002,layer_9
abs_diff,row_norm,8,per_ckpt,105B,90,0.084,0.2887,0.0759,0.3207,layer_9
abs_diff,row_norm,8,per_ckpt,136B,90,0.0531,0.6663,0.1058,0.4226,layer_9
abs_diff,row_norm,8,per_ckpt,168B,90,-0.0048,0.977,0.0236,0.8671,layer_9
abs_diff,row_norm,8,per_ckpt,199B,90,0.0022,0.979,-0.0196,0.8412,layer_9
abs_diff,row_norm,8,per_ckpt,231B,90,0.0091,0.9331,-0.0273,0.8202,layer_9
abs_diff,row_norm,8,per_ckpt,262B,90,0.0592,0.5904,0.056,0.6513,layer_9
abs_diff,row_norm,8,per_ckpt,294B,90,0.0177,0.8561,-0.0476,0.6753,layer_9
abs_diff,row_norm,8,per_ckpt,325B,90,-0.2053,0.023,-0.135,0.1329,layer_9
abs_diff,row_norm,8,per_ckpt,352B,90,-0.0535,0.5944,-0.0434,0.6703,layer_9
abs_diff,row_norm,8,per_ckpt,384B,90,-0.1396,0.2168,-0.123,0.3157,layer_9
abs_diff,row_norm,8,per_ckpt,415B,90,-0.2328,0.023,-0.2382,0.028,layer_9
abs_diff,row_norm,8,per_ckpt,447B,90,-0.0305,0.7702,-0.0229,0.8521,layer_9
abs_diff,row_norm,8,per_ckpt,478B,90,-0.1864,0.04,-0.1918,0.0549,layer_9
abs_diff,row_norm,8,per_ckpt,510B,90,0.0761,0.5175,0.0777,0.5345,layer_9
abs_diff,row_norm,8,per_ckpt,541B,90,0.1486,0.1728,0.1846,0.1159,layer_9
abs_diff,row_norm,8,per_ckpt,573B,90,-0.0042,0.973,0.0229,0.8521,layer_9
abs_diff,row_norm,8,per_ckpt,main,90,-0.0237,0.7992,-0.0677,0.5125,layer_9
abs_diff,col_norm,4,per_ckpt,10B,90,0.0737,0.1638,0.0843,0.1598,layer_9
abs_diff,col_norm,4,per_ckpt,42B,90,0.0826,0.0589,0.0777,0.0979,layer_9
abs_diff,col_norm,4,per_ckpt,73B,90,0.0224,0.7373,0.0335,0.6404,layer_9
abs_diff,col_norm,4,per_ckpt,105B,90,0.0434,0.4985,0.07,0.2777,layer_9
abs_diff,col_norm,4,per_ckpt,136B,90,0.1793,0.046,0.1586,0.0959,layer_9
abs_diff,col_norm,4,per_ckpt,168B,90,0.0151,0.8022,0.0305,0.6613,layer_9
abs_diff,col_norm,4,per_ckpt,199B,90,-0.0286,0.6973,-0.028,0.7433,layer_9
abs_diff,col_norm,4,per_ckpt,231B,90,-0.0068,0.9061,-0.0157,0.7592,layer_9
abs_diff,col_norm,4,per_ckpt,262B,90,0.1501,0.1528,0.1078,0.3357,layer_9
abs_diff,col_norm,4,per_ckpt,294B,90,-0.028,0.8072,-0.0601,0.6304,layer_9
abs_diff,col_norm,4,per_ckpt,325B,90,0.0252,0.7712,0.0435,0.6444,layer_9
abs_diff,col_norm,4,per_ckpt,352B,90,-0.0108,0.8941,-0.0183,0.8362,layer_9
abs_diff,col_norm,4,per_ckpt,384B,90,0.1616,0.0629,0.1688,0.0589,layer_9
abs_diff,col_norm,4,per_ckpt,415B,90,0.0913,0.3267,0.1057,0.2847,layer_9
abs_diff,col_norm,4,per_ckpt,447B,90,-0.0787,0.3786,-0.0856,0.3736,layer_9
abs_diff,col_norm,4,per_ckpt,478B,90,0.0901,0.2987,0.1102,0.2747,layer_9
abs_diff,col_norm,4,per_ckpt,510B,90,0.0585,0.4216,0.0919,0.2438,layer_9
abs_diff,col_norm,4,per_ckpt,541B,90,0.0348,0.6913,0.0396,0.6563,layer_9
abs_diff,col_norm,4,per_ckpt,573B,90,-0.0107,0.8482,-0.009,0.9081,layer_9
abs_diff,col_norm,4,per_ckpt,main,90,0.0026,0.966,0.008,0.9151,layer_9
abs_diff,col_norm,8,per_ckpt,10B,90,0.1468,0.1139,0.0959,0.3477,layer_9
abs_diff,col_norm,8,per_ckpt,42B,90,0.0852,0.2268,0.0581,0.4685,layer_9
abs_diff,col_norm,8,per_ckpt,73B,90,-0.2613,0.002,-0.2605,0.003,layer_9
abs_diff,col_norm,8,per_ckpt,105B,90,0.0959,0.2677,0.0921,0.2957,layer_9
abs_diff,col_norm,8,per_ckpt,136B,90,0.0086,0.8801,0.0601,0.2937,layer_9
abs_diff,col_norm,8,per_ckpt,168B,90,0.055,0.4416,0.0182,0.8312,layer_9
abs_diff,col_norm,8,per_ckpt,199B,90,-0.0568,0.5315,-0.0161,0.8561,layer_9
abs_diff,col_norm,8,per_ckpt,231B,90,-0.0241,0.7952,-0.0236,0.8112,layer_9
abs_diff,col_norm,8,per_ckpt,262B,90,0.0385,0.6563,0.042,0.6743,layer_9
abs_diff,col_norm,8,per_ckpt,294B,90,-0.0235,0.6693,-0.0273,0.5814,layer_9
abs_diff,col_norm,8,per_ckpt,325B,90,-0.088,0.2158,-0.1087,0.1219,layer_9
abs_diff,col_norm,8,per_ckpt,352B,90,0.0039,0.96,-0.0352,0.6743,layer_9
abs_diff,col_norm,8,per_ckpt,384B,90,-0.0869,0.2707,-0.0961,0.3067,layer_9
abs_diff,col_norm,8,per_ckpt,415B,90,-0.1722,0.045,-0.1975,0.025,layer_9
abs_diff,col_norm,8,per_ckpt,447B,90,-0.0092,0.9011,-0.0214,0.8162,layer_9
abs_diff,col_norm,8,per_ckpt,478B,90,-0.1277,0.0919,-0.1606,0.0659,layer_9
abs_diff,col_norm,8,per_ckpt,510B,90,0.1055,0.3546,0.0767,0.5285,layer_9
abs_diff,col_norm,8,per_ckpt,541B,90,0.1746,0.021,0.1334,0.1359,layer_9
abs_diff,col_norm,8,per_ckpt,573B,90,-0.0036,0.9431,0.0112,0.8631,layer_9
abs_diff,col_norm,8,per_ckpt,main,90,-0.0294,0.7043,-0.0492,0.5305,layer_9
signed_diff,row_norm,4,per_ckpt,10B,90,0.0891,0.6763,0.1176,0.5914,layer_9
signed_diff,row_norm,4,per_ckpt,42B,90,0.046,0.7453,0.0683,0.6863,layer_9
signed_diff,row_norm,4,per_ckpt,73B,90,-0.3016,0.1808,-0.2964,0.1918,layer_9
signed_diff,row_norm,4,per_ckpt,105B,90,-0.1367,0.5824,-0.127,0.6094,layer_9
signed_diff,row_norm,4,per_ckpt,136B,90,-0.0931,0.6953,-0.0867,0.7323,layer_9
signed_diff,row_norm,4,per_ckpt,168B,90,0.0034,0.99,-0.0022,0.993,layer_9
signed_diff,row_norm,4,per_ckpt,199B,90,-0.222,0.3167,-0.2239,0.3107,layer_9
signed_diff,row_norm,4,per_ckpt,231B,90,-0.3499,0.0609,-0.3375,0.0829,layer_9
signed_diff,row_norm,4,per_ckpt,262B,90,-0.1238,0.5684,-0.1297,0.5744,layer_9
signed_diff,row_norm,4,per_ckpt,294B,90,-0.058,0.8102,-0.0763,0.7622,layer_9
signed_diff,row_norm,4,per_ckpt,325B,90,0.0761,0.6933,0.12,0.5924,layer_9
signed_diff,row_norm,4,per_ckpt,352B,90,-0.1976,0.3746,-0.2308,0.3347,layer_9
signed_diff,row_norm,4,per_ckpt,384B,90,0.0452,0.8531,0.0249,0.9211,layer_9
signed_diff,row_norm,4,per_ckpt,415B,90,-0.1173,0.6214,-0.1552,0.5255,layer_9
signed_diff,row_norm,4,per_ckpt,447B,90,-0.3586,0.1079,-0.3635,0.0999,layer_9
signed_diff,row_norm,4,per_ckpt,478B,90,-0.0526,0.8372,-0.0661,0.8022,layer_9
signed_diff,row_norm,4,per_ckpt,510B,90,0.0081,0.9351,-0.0664,0.4735,layer_9
signed_diff,row_norm,4,per_ckpt,541B,90,0.2921,0.2058,0.2585,0.2867,layer_9
signed_diff,row_norm,4,per_ckpt,573B,90,-0.1671,0.5125,-0.1917,0.4755,layer_9
signed_diff,row_norm,4,per_ckpt,main,90,0.052,0.7782,0.0265,0.8761,layer_9
signed_diff,row_norm,8,per_ckpt,10B,90,-0.0247,0.8901,-0.0983,0.6334,layer_9
signed_diff,row_norm,8,per_ckpt,42B,90,0.0216,0.8971,0.0481,0.7582,layer_9
signed_diff,row_norm,8,per_ckpt,73B,90,-0.097,0.6214,-0.147,0.4975,layer_9
signed_diff,row_norm,8,per_ckpt,105B,90,-0.117,0.6853,-0.1853,0.5774,layer_9
signed_diff,row_norm,8,per_ckpt,136B,90,0.178,0.3816,0.1433,0.5005,layer_9
signed_diff,row_norm,8,per_ckpt,168B,90,0.0122,0.9171,0.0356,0.7992,layer_9
signed_diff,row_norm,8,per_ckpt,199B,90,0.0026,0.995,-0.0099,0.974,layer_9
signed_diff,row_norm,8,per_ckpt,231B,90,-0.3057,0.1369,-0.3077,0.1399,layer_9
signed_diff,row_norm,8,per_ckpt,262B,90,0.4668,0.022,0.4614,0.017,layer_9
signed_diff,row_norm,8,per_ckpt,294B,90,0.3115,0.0509,0.31,0.05,layer_9
signed_diff,row_norm,8,per_ckpt,325B,90,-0.1254,0.6234,-0.1812,0.5025,layer_9
signed_diff,row_norm,8,per_ckpt,352B,90,-0.0877,0.7123,-0.0944,0.6843,layer_9
signed_diff,row_norm,8,per_ckpt,384B,90,-0.2951,0.1678,-0.2815,0.1818,layer_9
signed_diff,row_norm,8,per_ckpt,415B,90,-0.1506,0.4915,-0.174,0.4565,layer_9
signed_diff,row_norm,8,per_ckpt,447B,90,0.1241,0.5395,0.0809,0.6923,layer_9
signed_diff,row_norm,8,per_ckpt,478B,90,-0.0668,0.8062,-0.0652,0.8102,layer_9
signed_diff,row_norm,8,per_ckpt,510B,90,0.0617,0.7473,0.0239,0.9021,layer_9
signed_diff,row_norm,8,per_ckpt,541B,90,0.092,0.6783,0.0985,0.6813,layer_9
signed_diff,row_norm,8,per_ckpt,573B,90,0.01,0.964,-0.0088,0.962,layer_9
signed_diff,row_norm,8,per_ckpt,main,90,0.0525,0.8412,0.019,0.9421,layer_9
signed_diff,col_norm,4,per_ckpt,10B,90,-0.1639,0.5724,-0.1771,0.5345,layer_9
signed_diff,col_norm,4,per_ckpt,42B,90,-0.045,0.8751,-0.0174,0.953,layer_9
signed_diff,col_norm,4,per_ckpt,73B,90,0.0969,0.7562,0.1078,0.7313,layer_9
signed_diff,col_norm,4,per_ckpt,105B,90,-0.0834,0.7742,-0.0702,0.8102,layer_9
signed_diff,col_norm,4,per_ckpt,136B,90,-0.3469,0.2068,-0.3624,0.1938,layer_9
signed_diff,col_norm,4,per_ckpt,168B,90,-0.128,0.6613,-0.1155,0.7003,layer_9
signed_diff,col_norm,4,per_ckpt,199B,90,0.479,0.0859,0.477,0.0939,layer_9
signed_diff,col_norm,4,per_ckpt,231B,90,0.5384,0.0689,0.5296,0.0819,layer_9
signed_diff,col_norm,4,per_ckpt,262B,90,-0.1594,0.5365,-0.1414,0.5824,layer_9
signed_diff,col_norm,4,per_ckpt,294B,90,-0.2905,0.2777,-0.3008,0.2847,layer_9
signed_diff,col_norm,4,per_ckpt,325B,90,-0.2473,0.3976,-0.2676,0.3716,layer_9
signed_diff,col_norm,4,per_ckpt,352B,90,-0.0014,0.996,0.0036,0.99,layer_9
signed_diff,col_norm,4,per_ckpt,384B,90,-0.2303,0.3836,-0.2256,0.3866,layer_9
signed_diff,col_norm,4,per_ckpt,415B,90,-0.1861,0.4735,-0.197,0.4525,layer_9
signed_diff,col_norm,4,per_ckpt,447B,90,0.2752,0.3037,0.2145,0.4505,layer_9
signed_diff,col_norm,4,per_ckpt,478B,90,-0.3198,0.2547,-0.3099,0.2727,layer_9
signed_diff,col_norm,4,per_ckpt,510B,90,-0.2219,0.4486,-0.2193,0.4655,layer_9
signed_diff,col_norm,4,per_ckpt,541B,90,0.0245,0.9151,0.0236,0.9241,layer_9
signed_diff,col_norm,4,per_ckpt,573B,90,-0.257,0.3916,-0.2766,0.3556,layer_9
signed_diff,col_norm,4,per_ckpt,main,90,-0.3066,0.2877,-0.3157,0.2747,layer_9
signed_diff,col_norm,8,per_ckpt,10B,90,-0.27,0.3007,-0.2527,0.3297,layer_9
signed_diff,col_norm,8,per_ckpt,42B,90,-0.6121,0.015,-0.5839,0.019,layer_9
signed_diff,col_norm,8,per_ckpt,73B,90,-0.1803,0.5125,-0.2096,0.4535,layer_9
signed_diff,col_norm,8,per_ckpt,105B,90,-0.3128,0.2048,-0.3128,0.2188,layer_9
signed_diff,col_norm,8,per_ckpt,136B,90,-0.5814,0.0589,-0.5887,0.0629,layer_9
signed_diff,col_norm,8,per_ckpt,168B,90,-0.2977,0.2797,-0.2738,0.3467,layer_9
signed_diff,col_norm,8,per_ckpt,199B,90,-0.5814,0.003,-0.5706,0.006,layer_9
signed_diff,col_norm,8,per_ckpt,231B,90,-0.0095,0.974,0.0157,0.9441,layer_9
signed_diff,col_norm,8,per_ckpt,262B,90,-0.0698,0.8082,-0.042,0.8941,layer_9
signed_diff,col_norm,8,per_ckpt,294B,90,-0.2019,0.5265,-0.1912,0.5524,layer_9
signed_diff,col_norm,8,per_ckpt,325B,90,-0.0805,0.7782,-0.1157,0.7053,layer_9
signed_diff,col_norm,8,per_ckpt,352B,90,-0.3166,0.2398,-0.3147,0.2488,layer_9
signed_diff,col_norm,8,per_ckpt,384B,90,0.0982,0.7473,0.0651,0.8292,layer_9
signed_diff,col_norm,8,per_ckpt,415B,90,-0.1632,0.5375,-0.1927,0.4875,layer_9
signed_diff,col_norm,8,per_ckpt,447B,90,-0.1264,0.6803,-0.1334,0.6723,layer_9
signed_diff,col_norm,8,per_ckpt,478B,90,0.3584,0.1988,0.3332,0.2348,layer_9
signed_diff,col_norm,8,per_ckpt,510B,90,-0.2655,0.1898,-0.2538,0.1998,layer_9
signed_diff,col_norm,8,per_ckpt,541B,90,0.123,0.6673,0.095,0.7323,layer_9
signed_diff,col_norm,8,per_ckpt,573B,90,-0.3033,0.3297,-0.2595,0.4256,layer_9
signed_diff,col_norm,8,per_ckpt,main,90,-0.1259,0.6703,-0.1336,0.6603,layer_9
min_rankme,row_norm,4,per_ckpt,10B,90,0.0248,0.8751,0.0857,0.5514,layer_9
min_rankme,row_norm,4,per_ckpt,42B,90,0.0499,0.7502,0.0762,0.6603,layer_9
min_rankme,row_norm,4,per_ckpt,73B,90,-0.1875,0.3007,-0.0855,0.6474,layer_9
min_rankme,row_norm,4,per_ckpt,105B,90,-0.0373,0.8322,-0.059,0.7133,layer_9
min_rankme,row_norm,4,per_ckpt,136B,90,-0.1374,0.3666,-0.203,0.1858,layer_9
min_rankme,row_norm,4,per_ckpt,168B,90,-0.0502,0.7782,-0.0627,0.7003,layer_9
min_rankme,row_norm,4,per_ckpt,199B,90,-0.2041,0.2008,-0.2906,0.0579,layer_9
min_rankme,row_norm,4,per_ckpt,231B,90,-0.3184,0.047,-0.2205,0.1638,layer_9
min_rankme,row_norm,4,per_ckpt,262B,90,-0.3557,0.026,-0.3197,0.041,layer_9
min_rankme,row_norm,4,per_ckpt,294B,90,0.1312,0.5275,0.0164,0.9351,layer_9
min_rankme,row_norm,4,per_ckpt,325B,90,0.1516,0.3746,0.1607,0.3367,layer_9
min_rankme,row_norm,4,per_ckpt,352B,90,-0.0746,0.6523,-0.1739,0.2468,layer_9
min_rankme,row_norm,4,per_ckpt,384B,90,-0.0423,0.7243,-0.0438,0.7163,layer_9
min_rankme,row_norm,4,per_ckpt,415B,90,-0.1197,0.3846,-0.1331,0.3447,layer_9
min_rankme,row_norm,4,per_ckpt,447B,90,-0.2795,0.0619,-0.2933,0.0529,layer_9
min_rankme,row_norm,4,per_ckpt,478B,90,-0.1662,0.2847,-0.1499,0.3077,layer_9
min_rankme,row_norm,4,per_ckpt,510B,90,-0.3255,0.0589,-0.281,0.0989,layer_9
min_rankme,row_norm,4,per_ckpt,541B,90,0.0822,0.5295,0.0814,0.4775,layer_9
min_rankme,row_norm,4,per_ckpt,573B,90,-0.205,0.1419,-0.2027,0.1259,layer_9
min_rankme,row_norm,4,per_ckpt,main,90,-0.1429,0.3477,-0.1502,0.3047,layer_9
min_rankme,row_norm,8,per_ckpt,10B,90,-0.2627,0.1778,-0.2246,0.2218,layer_9
min_rankme,row_norm,8,per_ckpt,42B,90,0.2809,0.0969,0.2357,0.1459,layer_9
min_rankme,row_norm,8,per_ckpt,73B,90,0.2607,0.1658,0.1836,0.3177,layer_9
min_rankme,row_norm,8,per_ckpt,105B,90,-0.1183,0.2917,-0.104,0.3057,layer_9
min_rankme,row_norm,8,per_ckpt,136B,90,0.2404,0.1578,0.2792,0.0869,layer_9
min_rankme,row_norm,8,per_ckpt,168B,90,-0.2338,0.1808,-0.2422,0.1538,layer_9
min_rankme,row_norm,8,per_ckpt,199B,90,-0.038,0.8122,-0.0246,0.8232,layer_9
min_rankme,row_norm,8,per_ckpt,231B,90,-0.1919,0.3047,-0.1233,0.4675,layer_9
min_rankme,row_norm,8,per_ckpt,262B,90,-0.0093,0.9451,0.009,0.9481,layer_9
min_rankme,row_norm,8,per_ckpt,294B,90,-0.1074,0.3786,-0.09,0.4895,layer_9
min_rankme,row_norm,8,per_ckpt,325B,90,0.2565,0.008,0.2067,0.035,layer_9
min_rankme,row_norm,8,per_ckpt,352B,90,0.0669,0.6503,0.1147,0.3816,layer_9
min_rankme,row_norm,8,per_ckpt,384B,90,-0.0639,0.7183,-0.0609,0.7293,layer_9
min_rankme,row_norm,8,per_ckpt,415B,90,0.186,0.2408,0.1746,0.2328,layer_9
min_rankme,row_norm,8,per_ckpt,447B,90,0.1539,0.1758,0.1636,0.1658,layer_9
min_rankme,row_norm,8,per_ckpt,478B,90,0.13,0.3487,0.065,0.6394,layer_9
min_rankme,row_norm,8,per_ckpt,510B,90,-0.0062,0.979,-0.0234,0.8881,layer_9
min_rankme,row_norm,8,per_ckpt,541B,90,-0.0126,0.954,-0.0545,0.7323,layer_9
min_rankme,row_norm,8,per_ckpt,573B,90,0.0086,0.963,-0.0256,0.8472,layer_9
min_rankme,row_norm,8,per_ckpt,main,90,0.0274,0.8012,0.0906,0.4535,layer_9
min_rankme,col_norm,4,per_ckpt,10B,90,0.0276,0.7283,0.0576,0.4885,layer_9
min_rankme,col_norm,4,per_ckpt,42B,90,0.0202,0.7393,0.0353,0.6234,layer_9
min_rankme,col_norm,4,per_ckpt,73B,90,-0.0974,0.4066,-0.0537,0.6653,layer_9
min_rankme,col_norm,4,per_ckpt,105B,90,-0.0229,0.8252,-0.0403,0.7113,layer_9
min_rankme,col_norm,4,per_ckpt,136B,90,-0.0996,0.4515,-0.1754,0.1738,layer_9
min_rankme,col_norm,4,per_ckpt,168B,90,-0.0286,0.7952,-0.0352,0.7463,layer_9
min_rankme,col_norm,4,per_ckpt,199B,90,-0.1569,0.1359,-0.1898,0.0639,layer_9
min_rankme,col_norm,4,per_ckpt,231B,90,-0.1401,0.0739,-0.1058,0.1778,layer_9
min_rankme,col_norm,4,per_ckpt,262B,90,-0.3478,0.011,-0.295,0.039,layer_9
min_rankme,col_norm,4,per_ckpt,294B,90,0.1037,0.5195,0.0167,0.9171,layer_9
min_rankme,col_norm,4,per_ckpt,325B,90,0.0958,0.4376,0.1131,0.3467,layer_9
min_rankme,col_norm,4,per_ckpt,352B,90,-0.051,0.7033,-0.1252,0.2308,layer_9
min_rankme,col_norm,4,per_ckpt,384B,90,-0.0591,0.5714,-0.0335,0.7453,layer_9
min_rankme,col_norm,4,per_ckpt,415B,90,-0.1617,0.2218,-0.1265,0.3457,layer_9
min_rankme,col_norm,4,per_ckpt,447B,90,-0.2328,0.0549,-0.22,0.0639,layer_9
min_rankme,col_norm,4,per_ckpt,478B,90,-0.1601,0.2158,-0.1332,0.3087,layer_9
min_rankme,col_norm,4,per_ckpt,510B,90,-0.1893,0.0729,-0.1596,0.1019,layer_9
min_rankme,col_norm,4,per_ckpt,541B,90,0.0834,0.5105,0.0863,0.4645,layer_9
min_rankme,col_norm,4,per_ckpt,573B,90,-0.1272,0.1718,-0.1435,0.1229,layer_9
min_rankme,col_norm,4,per_ckpt,main,90,-0.0967,0.2927,-0.0943,0.3067,layer_9
min_rankme,col_norm,8,per_ckpt,10B,90,-0.2067,0.1548,-0.1827,0.2078,layer_9
min_rankme,col_norm,8,per_ckpt,42B,90,0.1448,0.1389,0.147,0.1548,layer_9
min_rankme,col_norm,8,per_ckpt,73B,90,0.2244,0.1588,0.1528,0.3067,layer_9
min_rankme,col_norm,8,per_ckpt,105B,90,-0.0453,0.6903,-0.1191,0.2967,layer_9
min_rankme,col_norm,8,per_ckpt,136B,90,0.1096,0.1778,0.1219,0.0929,layer_9
min_rankme,col_norm,8,per_ckpt,168B,90,-0.1502,0.1798,-0.1558,0.1469,layer_9
min_rankme,col_norm,8,per_ckpt,199B,90,-0.0191,0.8971,-0.0172,0.8691,layer_9
min_rankme,col_norm,8,per_ckpt,231B,90,-0.1233,0.4266,-0.1013,0.4665,layer_9
min_rankme,col_norm,8,per_ckpt,262B,90,-0.0529,0.6753,0.0052,0.965,layer_9
min_rankme,col_norm,8,per_ckpt,294B,90,-0.0309,0.6354,-0.0265,0.6543,layer_9
min_rankme,col_norm,8,per_ckpt,325B,90,0.1687,0.0519,0.1781,0.017,layer_9
min_rankme,col_norm,8,per_ckpt,352B,90,0.0607,0.5485,0.1037,0.3257,layer_9
min_rankme,col_norm,8,per_ckpt,384B,90,-0.0602,0.5894,-0.0415,0.7612,layer_9
min_rankme,col_norm,8,per_ckpt,415B,90,0.1642,0.1988,0.1353,0.2607,layer_9
min_rankme,col_norm,8,per_ckpt,447B,90,0.1048,0.1708,0.1259,0.1469,layer_9
min_rankme,col_norm,8,per_ckpt,478B,90,0.0561,0.6474,0.058,0.6334,layer_9
min_rankme,col_norm,8,per_ckpt,510B,90,-0.0228,0.8811,-0.0203,0.8981,layer_9
min_rankme,col_norm,8,per_ckpt,541B,90,-0.0534,0.6553,-0.0253,0.8322,layer_9
min_rankme,col_norm,8,per_ckpt,573B,90,-0.0034,0.968,0.0096,0.9001,layer_9
min_rankme,col_norm,8,per_ckpt,main,90,0.0241,0.8152,0.0774,0.4026,layer_9
norm_asym,row_norm,4,per_ckpt,10B,90,-0.0017,0.992,-0.0028,0.987,layer_9
norm_asym,row_norm,4,per_ckpt,42B,90,-0.005,0.982,-0.0082,0.957,layer_9
norm_asym,row_norm,4,per_ckpt,73B,90,-0.3465,0.1039,-0.3654,0.0789,layer_9
norm_asym,row_norm,4,per_ckpt,105B,90,-0.2274,0.3377,-0.2473,0.2847,layer_9
norm_asym,row_norm,4,per_ckpt,136B,90,-0.0682,0.7592,-0.0408,0.8691,layer_9
norm_asym,row_norm,4,per_ckpt,168B,90,-0.0902,0.6873,-0.1056,0.6693,layer_9
norm_asym,row_norm,4,per_ckpt,199B,90,-0.2018,0.3786,-0.2333,0.2867,layer_9
norm_asym,row_norm,4,per_ckpt,231B,90,-0.4106,0.027,-0.4297,0.021,layer_9
norm_asym,row_norm,4,per_ckpt,262B,90,-0.2612,0.2048,-0.3354,0.1059,layer_9
norm_asym,row_norm,4,per_ckpt,294B,90,0.0435,0.8472,0.0581,0.7972,layer_9
norm_asym,row_norm,4,per_ckpt,325B,90,-0.0018,0.988,0.0029,0.994,layer_9
norm_asym,row_norm,4,per_ckpt,352B,90,-0.0796,0.7073,-0.0891,0.6803,layer_9
norm_asym,row_norm,4,per_ckpt,384B,90,-0.0451,0.8511,-0.0877,0.7193,layer_9
norm_asym,row_norm,4,per_ckpt,415B,90,-0.2112,0.3566,-0.2743,0.2557,layer_9
norm_asym,row_norm,4,per_ckpt,447B,90,-0.3102,0.1758,-0.3005,0.1898,layer_9
norm_asym,row_norm,4,per_ckpt,478B,90,-0.108,0.6553,-0.1049,0.6723,layer_9
norm_asym,row_norm,4,per_ckpt,510B,90,-0.0191,0.8362,-0.0645,0.5165,layer_9
norm_asym,row_norm,4,per_ckpt,541B,90,0.2896,0.2188,0.246,0.3197,layer_9
norm_asym,row_norm,4,per_ckpt,573B,90,-0.096,0.6793,-0.065,0.7802,layer_9
norm_asym,row_norm,4,per_ckpt,main,90,0.0639,0.6813,0.0437,0.7562,layer_9
norm_asym,row_norm,8,per_ckpt,10B,90,-0.0695,0.6723,-0.1803,0.3077,layer_9
norm_asym,row_norm,8,per_ckpt,42B,90,0.036,0.8152,0.05,0.7343,layer_9
norm_asym,row_norm,8,per_ckpt,73B,90,-0.0438,0.8372,-0.0573,0.8072,layer_9
norm_asym,row_norm,8,per_ckpt,105B,90,-0.1527,0.5734,-0.1933,0.4745,layer_9
norm_asym,row_norm,8,per_ckpt,136B,90,0.2611,0.1698,0.2751,0.1818,layer_9
norm_asym,row_norm,8,per_ckpt,168B,90,0.0052,0.98,0.0357,0.7772,layer_9
norm_asym,row_norm,8,per_ckpt,199B,90,0.0939,0.6833,0.1217,0.6064,layer_9
norm_asym,row_norm,8,per_ckpt,231B,90,-0.3122,0.1249,-0.2967,0.1548,layer_9
norm_asym,row_norm,8,per_ckpt,262B,90,0.3668,0.0689,0.3784,0.0529,layer_9
norm_asym,row_norm,8,per_ckpt,294B,90,0.354,0.021,0.3208,0.0559,layer_9
norm_asym,row_norm,8,per_ckpt,325B,90,-0.0196,0.9401,-0.0617,0.8212,layer_9
norm_asym,row_norm,8,per_ckpt,352B,90,-0.07,0.7463,-0.0677,0.7512,layer_9
norm_asym,row_norm,8,per_ckpt,384B,90,-0.1306,0.5495,-0.0887,0.6983,layer_9
norm_asym,row_norm,8,per_ckpt,415B,90,-0.0667,0.7662,-0.0367,0.8721,layer_9
norm_asym,row_norm,8,per_ckpt,447B,90,0.2173,0.3007,0.2008,0.3227,layer_9
norm_asym,row_norm,8,per_ckpt,478B,90,0.0539,0.8501,0.077,0.7942,layer_9
norm_asym,row_norm,8,per_ckpt,510B,90,0.0691,0.7343,0.0187,0.9151,layer_9
norm_asym,row_norm,8,per_ckpt,541B,90,0.1037,0.6354,0.0978,0.6474,layer_9
norm_asym,row_norm,8,per_ckpt,573B,90,0.0293,0.9111,0.0098,0.971,layer_9
norm_asym,row_norm,8,per_ckpt,main,90,0.1038,0.6693,0.101,0.6603,layer_9
norm_asym,col_norm,4,per_ckpt,10B,90,-0.115,0.6903,-0.1038,0.7173,layer_9
norm_asym,col_norm,4,per_ckpt,42B,90,-0.0689,0.8162,-0.0489,0.8621,layer_9
norm_asym,col_norm,4,per_ckpt,73B,90,0.0173,0.9431,-0.0296,0.9221,layer_9
norm_asym,col_norm,4,per_ckpt,105B,90,-0.1383,0.6623,-0.1733,0.5864,layer_9
norm_asym,col_norm,4,per_ckpt,136B,90,-0.3556,0.1928,-0.3683,0.1868,layer_9
norm_asym,col_norm,4,per_ckpt,168B,90,-0.1423,0.6454,-0.1486,0.6513,layer_9
norm_asym,col_norm,4,per_ckpt,199B,90,0.4716,0.0839,0.4512,0.0969,layer_9
norm_asym,col_norm,4,per_ckpt,231B,90,0.4353,0.1588,0.3547,0.2617,layer_9
norm_asym,col_norm,4,per_ckpt,262B,90,-0.0787,0.7493,-0.065,0.7962,layer_9
norm_asym,col_norm,4,per_ckpt,294B,90,-0.333,0.2038,-0.3357,0.2118,layer_9
norm_asym,col_norm,4,per_ckpt,325B,90,-0.1543,0.5884,-0.1365,0.6424,layer_9
norm_asym,col_norm,4,per_ckpt,352B,90,-0.1468,0.6244,-0.1514,0.6134,layer_9
norm_asym,col_norm,4,per_ckpt,384B,90,-0.0628,0.8182,-0.0318,0.9151,layer_9
norm_asym,col_norm,4,per_ckpt,415B,90,-0.1026,0.6733,-0.0936,0.6883,layer_9
norm_asym,col_norm,4,per_ckpt,447B,90,0.2876,0.2867,0.2557,0.3526,layer_9
norm_asym,col_norm,4,per_ckpt,478B,90,-0.2647,0.3467,-0.2286,0.4176,layer_9
norm_asym,col_norm,4,per_ckpt,510B,90,-0.0849,0.7682,-0.0591,0.8382,layer_9
norm_asym,col_norm,4,per_ckpt,541B,90,0.1099,0.6773,0.1337,0.5984,layer_9
norm_asym,col_norm,4,per_ckpt,573B,90,-0.2563,0.3796,-0.2585,0.3676,layer_9
norm_asym,col_norm,4,per_ckpt,main,90,-0.2633,0.3307,-0.2505,0.3536,layer_9
norm_asym,col_norm,8,per_ckpt,10B,90,-0.1404,0.5884,-0.1203,0.6414,layer_9
norm_asym,col_norm,8,per_ckpt,42B,90,-0.5182,0.048,-0.4717,0.0719,layer_9
norm_asym,col_norm,8,per_ckpt,73B,90,-0.1567,0.5744,-0.1592,0.5764,layer_9
norm_asym,col_norm,8,per_ckpt,105B,90,-0.2345,0.3427,-0.2184,0.4166,layer_9
norm_asym,col_norm,8,per_ckpt,136B,90,-0.4318,0.1798,-0.3554,0.2807,layer_9
norm_asym,col_norm,8,per_ckpt,168B,90,-0.1567,0.5624,-0.0794,0.7692,layer_9
norm_asym,col_norm,8,per_ckpt,199B,90,-0.5557,0.012,-0.5334,0.024,layer_9
norm_asym,col_norm,8,per_ckpt,231B,90,0.1155,0.6823,0.1843,0.5125,layer_9
norm_asym,col_norm,8,per_ckpt,262B,90,-0.125,0.6503,-0.136,0.6314,layer_9
norm_asym,col_norm,8,per_ckpt,294B,90,-0.1701,0.5844,-0.1872,0.5495,layer_9
norm_asym,col_norm,8,per_ckpt,325B,90,-0.0276,0.9291,-0.0331,0.9051,layer_9
norm_asym,col_norm,8,per_ckpt,352B,90,-0.2519,0.3347,-0.23,0.3866,layer_9
norm_asym,col_norm,8,per_ckpt,384B,90,0.0144,0.969,-0.0362,0.8971,layer_9
norm_asym,col_norm,8,per_ckpt,415B,90,-0.2313,0.3696,-0.2443,0.3516,layer_9
norm_asym,col_norm,8,per_ckpt,447B,90,-0.1493,0.6414,-0.1281,0.6783,layer_9
norm_asym,col_norm,8,per_ckpt,478B,90,0.1457,0.6314,0.0997,0.7403,layer_9
norm_asym,col_norm,8,per_ckpt,510B,90,-0.2814,0.1578,-0.2468,0.2198,layer_9
norm_asym,col_norm,8,per_ckpt,541B,90,0.1903,0.4875,0.1772,0.5245,layer_9
norm_asym,col_norm,8,per_ckpt,573B,90,-0.2274,0.4585,-0.1403,0.6444,layer_9
norm_asym,col_norm,8,per_ckpt,main,90,-0.1148,0.6753,-0.0947,0.7283,layer_9
abs_diff,row_norm,4,pooled,,1800,0.0793,0.0008,0.1005,0.0,layer_10
abs_diff,row_norm,8,pooled,,1800,-0.0161,0.4943,-0.0123,0.6012,layer_10
abs_diff,col_norm,4,pooled,,1800,0.0598,0.0112,0.0726,0.0021,layer_10
abs_diff,col_norm,8,pooled,,1800,-0.0041,0.861,-0.0091,0.6998,layer_10
signed_diff,row_norm,4,pooled,,1800,-0.0694,0.0032,-0.0627,0.0078,layer_10
signed_diff,row_norm,8,pooled,,1800,-0.0177,0.452,-0.0345,0.1439,layer_10
signed_diff,col_norm,4,pooled,,1800,-0.0847,0.0003,-0.0915,0.0001,layer_10
signed_diff,col_norm,8,pooled,,1800,-0.1829,0.0,-0.1689,0.0,layer_10
min_rankme,row_norm,4,pooled,,1800,-0.0799,0.0007,-0.054,0.0219,layer_10
min_rankme,row_norm,8,pooled,,1800,0.0441,0.0615,0.0241,0.3058,layer_10
min_rankme,col_norm,4,pooled,,1800,-0.0587,0.0128,-0.036,0.127,layer_10
min_rankme,col_norm,8,pooled,,1800,0.0263,0.2652,0.0222,0.3467,layer_10
norm_asym,row_norm,4,pooled,,1800,-0.1023,0.0,-0.115,0.0,layer_10
norm_asym,row_norm,8,pooled,,1800,0.0258,0.2735,0.0179,0.4485,layer_10
norm_asym,col_norm,4,pooled,,1800,-0.0624,0.008,-0.0576,0.0145,layer_10
norm_asym,col_norm,8,pooled,,1800,-0.1561,0.0,-0.139,0.0,layer_10
abs_diff,row_norm,4,per_ckpt,10B,90,0.1786,0.0619,0.1731,0.0989,layer_10
abs_diff,row_norm,4,per_ckpt,42B,90,0.2119,0.042,0.1705,0.1379,layer_10
abs_diff,row_norm,4,per_ckpt,73B,90,0.0769,0.4745,0.0442,0.6753,layer_10
abs_diff,row_norm,4,per_ckpt,105B,90,0.0722,0.4545,0.097,0.3177,layer_10
abs_diff,row_norm,4,per_ckpt,136B,90,0.1461,0.1728,0.1766,0.1069,layer_10
abs_diff,row_norm,4,per_ckpt,168B,90,0.0057,0.9491,0.0419,0.6923,layer_10
abs_diff,row_norm,4,per_ckpt,199B,90,-0.0706,0.5085,-0.0555,0.6434,layer_10
abs_diff,row_norm,4,per_ckpt,231B,90,-0.059,0.5654,-0.0693,0.5185,layer_10
abs_diff,row_norm,4,per_ckpt,262B,90,0.1564,0.1598,0.1128,0.3656,layer_10
abs_diff,row_norm,4,per_ckpt,294B,90,0.0129,0.9281,-0.0462,0.7672,layer_10
abs_diff,row_norm,4,per_ckpt,325B,90,0.0424,0.7423,0.0666,0.5914,layer_10
abs_diff,row_norm,4,per_ckpt,352B,90,0.0016,0.99,-0.0267,0.8362,layer_10
abs_diff,row_norm,4,per_ckpt,384B,90,0.1592,0.0999,0.1907,0.0619,layer_10
abs_diff,row_norm,4,per_ckpt,415B,90,0.06,0.5614,0.0983,0.3407,layer_10
abs_diff,row_norm,4,per_ckpt,447B,90,-0.0908,0.4226,-0.1109,0.3706,layer_10
abs_diff,row_norm,4,per_ckpt,478B,90,0.1197,0.2418,0.1214,0.2697,layer_10
abs_diff,row_norm,4,per_ckpt,510B,90,0.1039,0.4216,0.1681,0.2108,layer_10
abs_diff,row_norm,4,per_ckpt,541B,90,0.0197,0.8102,0.0452,0.5904,layer_10
abs_diff,row_norm,4,per_ckpt,573B,90,-0.015,0.8831,-0.0283,0.7942,layer_10
abs_diff,row_norm,4,per_ckpt,main,90,-0.0315,0.7962,0.0141,0.8921,layer_10
abs_diff,row_norm,8,per_ckpt,10B,90,0.1488,0.2178,0.1145,0.3766,layer_10
abs_diff,row_norm,8,per_ckpt,42B,90,0.0731,0.5115,0.0806,0.5155,layer_10
abs_diff,row_norm,8,per_ckpt,73B,90,-0.2791,0.004,-0.3089,0.003,layer_10
abs_diff,row_norm,8,per_ckpt,105B,90,0.0771,0.3287,0.0727,0.3417,layer_10
abs_diff,row_norm,8,per_ckpt,136B,90,0.082,0.5165,0.1229,0.3437,layer_10
abs_diff,row_norm,8,per_ckpt,168B,90,-0.0197,0.8821,0.0173,0.8911,layer_10
abs_diff,row_norm,8,per_ckpt,199B,90,0.0009,0.995,-0.0267,0.7732,layer_10
abs_diff,row_norm,8,per_ckpt,231B,90,-0.0237,0.8232,-0.0337,0.7762,layer_10
abs_diff,row_norm,8,per_ckpt,262B,90,0.0497,0.6673,0.0485,0.6973,layer_10
abs_diff,row_norm,8,per_ckpt,294B,90,0.0175,0.8641,-0.0373,0.7303,layer_10
abs_diff,row_norm,8,per_ckpt,325B,90,-0.2081,0.024,-0.1331,0.1359,layer_10
abs_diff,row_norm,8,per_ckpt,352B,90,-0.0541,0.5884,-0.0433,0.6733,layer_10
abs_diff,row_norm,8,per_ckpt,384B,90,-0.1492,0.1788,-0.1339,0.2677,layer_10
abs_diff,row_norm,8,per_ckpt,415B,90,-0.2243,0.03,-0.2357,0.029,layer_10
abs_diff,row_norm,8,per_ckpt,447B,90,-0.022,0.8302,-0.0173,0.8881,layer_10
abs_diff,row_norm,8,per_ckpt,478B,90,-0.189,0.036,-0.1996,0.041,layer_10
abs_diff,row_norm,8,per_ckpt,510B,90,0.0646,0.5864,0.0724,0.5624,layer_10
abs_diff,row_norm,8,per_ckpt,541B,90,0.1552,0.1429,0.192,0.0989,layer_10
abs_diff,row_norm,8,per_ckpt,573B,90,-0.0124,0.9201,0.0157,0.8861,layer_10
abs_diff,row_norm,8,per_ckpt,main,90,-0.0099,0.9171,-0.0582,0.5894,layer_10
abs_diff,col_norm,4,per_ckpt,10B,90,0.0801,0.1179,0.0881,0.1339,layer_10
abs_diff,col_norm,4,per_ckpt,42B,90,0.0782,0.0639,0.0755,0.0989,layer_10
abs_diff,col_norm,4,per_ckpt,73B,90,0.0162,0.7992,0.0256,0.7113,layer_10
abs_diff,col_norm,4,per_ckpt,105B,90,0.0359,0.5934,0.0622,0.3317,layer_10
abs_diff,col_norm,4,per_ckpt,136B,90,0.1737,0.0599,0.1505,0.1059,layer_10
abs_diff,col_norm,4,per_ckpt,168B,90,0.0177,0.7802,0.0225,0.7542,layer_10
abs_diff,col_norm,4,per_ckpt,199B,90,-0.0306,0.6763,-0.0351,0.6563,layer_10
abs_diff,col_norm,4,per_ckpt,231B,90,-0.0337,0.5215,-0.0265,0.6084,layer_10
abs_diff,col_norm,4,per_ckpt,262B,90,0.1358,0.1908,0.1053,0.3556,layer_10
abs_diff,col_norm,4,per_ckpt,294B,90,-0.015,0.8891,-0.0391,0.7522,layer_10
abs_diff,col_norm,4,per_ckpt,325B,90,0.0269,0.7423,0.0479,0.6034,layer_10
abs_diff,col_norm,4,per_ckpt,352B,90,-0.0062,0.9411,-0.0181,0.8412,layer_10
abs_diff,col_norm,4,per_ckpt,384B,90,0.1628,0.0589,0.167,0.0619,layer_10
abs_diff,col_norm,4,per_ckpt,415B,90,0.0865,0.3457,0.0968,0.3227,layer_10
abs_diff,col_norm,4,per_ckpt,447B,90,-0.0842,0.3357,-0.0922,0.3297,layer_10
abs_diff,col_norm,4,per_ckpt,478B,90,0.0885,0.3107,0.1078,0.2777,layer_10
abs_diff,col_norm,4,per_ckpt,510B,90,0.0624,0.3886,0.0924,0.2388,layer_10
abs_diff,col_norm,4,per_ckpt,541B,90,0.0515,0.5435,0.0502,0.5624,layer_10
abs_diff,col_norm,4,per_ckpt,573B,90,-0.0123,0.8232,-0.0157,0.8352,layer_10
abs_diff,col_norm,4,per_ckpt,main,90,0.0015,0.986,0.0089,0.9011,layer_10
abs_diff,col_norm,8,per_ckpt,10B,90,0.1443,0.1119,0.0945,0.3546,layer_10
abs_diff,col_norm,8,per_ckpt,42B,90,0.0828,0.2348,0.0574,0.4605,layer_10
abs_diff,col_norm,8,per_ckpt,73B,90,-0.2578,0.002,-0.2495,0.003,layer_10
abs_diff,col_norm,8,per_ckpt,105B,90,0.0901,0.3067,0.088,0.3067,layer_10
abs_diff,col_norm,8,per_ckpt,136B,90,0.0214,0.7243,0.0681,0.2168,layer_10
abs_diff,col_norm,8,per_ckpt,168B,90,0.0431,0.5425,0.0141,0.8581,layer_10
abs_diff,col_norm,8,per_ckpt,199B,90,-0.0604,0.5075,-0.0223,0.8002,layer_10
abs_diff,col_norm,8,per_ckpt,231B,90,-0.054,0.5445,-0.0288,0.7622,layer_10
abs_diff,col_norm,8,per_ckpt,262B,90,0.0308,0.7313,0.0361,0.7193,layer_10
abs_diff,col_norm,8,per_ckpt,294B,90,-0.0272,0.6014,-0.0219,0.6643,layer_10
abs_diff,col_norm,8,per_ckpt,325B,90,-0.0914,0.1928,-0.1067,0.1329,layer_10
abs_diff,col_norm,8,per_ckpt,352B,90,0.0027,0.976,-0.0345,0.6793,layer_10
abs_diff,col_norm,8,per_ckpt,384B,90,-0.0936,0.2348,-0.1045,0.2607,layer_10
abs_diff,col_norm,8,per_ckpt,415B,90,-0.1622,0.0539,-0.1959,0.022,layer_10
abs_diff,col_norm,8,per_ckpt,447B,90,-0.0027,0.981,-0.0172,0.8501,layer_10
abs_diff,col_norm,8,per_ckpt,478B,90,-0.1301,0.0879,-0.1677,0.0559,layer_10
abs_diff,col_norm,8,per_ckpt,510B,90,0.0923,0.4336,0.0716,0.5584,layer_10
abs_diff,col_norm,8,per_ckpt,541B,90,0.1745,0.02,0.1392,0.1119,layer_10
abs_diff,col_norm,8,per_ckpt,573B,90,-0.0052,0.9371,0.0077,0.9001,layer_10
abs_diff,col_norm,8,per_ckpt,main,90,-0.0201,0.7972,-0.0416,0.6014,layer_10
signed_diff,row_norm,4,per_ckpt,10B,90,0.1051,0.6304,0.1286,0.5654,layer_10
signed_diff,row_norm,4,per_ckpt,42B,90,0.0425,0.7672,0.0654,0.7033,layer_10
signed_diff,row_norm,4,per_ckpt,73B,90,-0.2916,0.1938,-0.2826,0.2188,layer_10
signed_diff,row_norm,4,per_ckpt,105B,90,-0.1415,0.5684,-0.1308,0.5924,layer_10
signed_diff,row_norm,4,per_ckpt,136B,90,-0.1057,0.6603,-0.1043,0.6693,layer_10
signed_diff,row_norm,4,per_ckpt,168B,90,-0.0039,0.988,-0.0122,0.954,layer_10
signed_diff,row_norm,4,per_ckpt,199B,90,-0.224,0.3117,-0.2317,0.2947,layer_10
signed_diff,row_norm,4,per_ckpt,231B,90,-0.3223,0.0889,-0.317,0.1129,layer_10
signed_diff,row_norm,4,per_ckpt,262B,90,-0.1239,0.5604,-0.1231,0.6034,layer_10
signed_diff,row_norm,4,per_ckpt,294B,90,-0.0576,0.8092,-0.0676,0.7882,layer_10
signed_diff,row_norm,4,per_ckpt,325B,90,0.0793,0.6843,0.1183,0.5924,layer_10
signed_diff,row_norm,4,per_ckpt,352B,90,-0.198,0.3806,-0.2389,0.3147,layer_10
signed_diff,row_norm,4,per_ckpt,384B,90,0.0462,0.8452,0.0162,0.9461,layer_10
signed_diff,row_norm,4,per_ckpt,415B,90,-0.1268,0.6054,-0.1559,0.5195,layer_10
signed_diff,row_norm,4,per_ckpt,447B,90,-0.3564,0.1059,-0.367,0.0959,layer_10
signed_diff,row_norm,4,per_ckpt,478B,90,-0.055,0.8362,-0.0735,0.7772,layer_10
signed_diff,row_norm,4,per_ckpt,510B,90,0.0067,0.9461,-0.0665,0.4775,layer_10
signed_diff,row_norm,4,per_ckpt,541B,90,0.2946,0.2068,0.2586,0.2867,layer_10
signed_diff,row_norm,4,per_ckpt,573B,90,-0.1785,0.4895,-0.2076,0.4476,layer_10
signed_diff,row_norm,4,per_ckpt,main,90,0.0549,0.7712,0.0227,0.8891,layer_10
signed_diff,row_norm,8,per_ckpt,10B,90,-0.0288,0.8671,-0.0978,0.6334,layer_10
signed_diff,row_norm,8,per_ckpt,42B,90,0.0193,0.9131,0.0397,0.7992,layer_10
signed_diff,row_norm,8,per_ckpt,73B,90,-0.1184,0.5495,-0.16,0.4575,layer_10
signed_diff,row_norm,8,per_ckpt,105B,90,-0.1312,0.6513,-0.203,0.5445,layer_10
signed_diff,row_norm,8,per_ckpt,136B,90,0.1703,0.4036,0.1341,0.5345,layer_10
signed_diff,row_norm,8,per_ckpt,168B,90,0.0021,0.981,0.0329,0.8082,layer_10
signed_diff,row_norm,8,per_ckpt,199B,90,0.0037,0.992,-0.0238,0.9341,layer_10
signed_diff,row_norm,8,per_ckpt,231B,90,-0.3017,0.1339,-0.2972,0.1479,layer_10
signed_diff,row_norm,8,per_ckpt,262B,90,0.4593,0.028,0.4584,0.02,layer_10
signed_diff,row_norm,8,per_ckpt,294B,90,0.314,0.047,0.3049,0.0589,layer_10
signed_diff,row_norm,8,per_ckpt,325B,90,-0.1275,0.6184,-0.1917,0.4755,layer_10
signed_diff,row_norm,8,per_ckpt,352B,90,-0.0857,0.7083,-0.0984,0.6653,layer_10
signed_diff,row_norm,8,per_ckpt,384B,90,-0.3043,0.1578,-0.292,0.1598,layer_10
signed_diff,row_norm,8,per_ckpt,415B,90,-0.1615,0.4585,-0.1834,0.4266,layer_10
signed_diff,row_norm,8,per_ckpt,447B,90,0.1274,0.5335,0.0774,0.6993,layer_10
signed_diff,row_norm,8,per_ckpt,478B,90,-0.0682,0.8042,-0.0714,0.7902,layer_10
signed_diff,row_norm,8,per_ckpt,510B,90,0.0529,0.7712,0.0161,0.9261,layer_10
signed_diff,row_norm,8,per_ckpt,541B,90,0.1011,0.6523,0.0994,0.6763,layer_10
signed_diff,row_norm,8,per_ckpt,573B,90,0.002,0.99,-0.0135,0.95,layer_10
signed_diff,row_norm,8,per_ckpt,main,90,0.0456,0.8701,0.0131,0.959,layer_10
signed_diff,col_norm,4,per_ckpt,10B,90,-0.1771,0.5415,-0.1843,0.5205,layer_10
signed_diff,col_norm,4,per_ckpt,42B,90,-0.0335,0.9041,-0.0157,0.954,layer_10
signed_diff,col_norm,4,per_ckpt,73B,90,0.0887,0.7782,0.1071,0.7293,layer_10
signed_diff,col_norm,4,per_ckpt,105B,90,-0.0713,0.8112,-0.0589,0.8432,layer_10
signed_diff,col_norm,4,per_ckpt,136B,90,-0.3542,0.2018,-0.363,0.1918,layer_10
signed_diff,col_norm,4,per_ckpt,168B,90,-0.135,0.6474,-0.114,0.7103,layer_10
signed_diff,col_norm,4,per_ckpt,199B,90,0.4748,0.0899,0.4702,0.0999,layer_10
signed_diff,col_norm,4,per_ckpt,231B,90,0.554,0.0629,0.542,0.0719,layer_10
signed_diff,col_norm,4,per_ckpt,262B,90,-0.1558,0.5435,-0.1401,0.5864,layer_10
signed_diff,col_norm,4,per_ckpt,294B,90,-0.3012,0.2637,-0.3207,0.2448,layer_10
signed_diff,col_norm,4,per_ckpt,325B,90,-0.2522,0.3886,-0.2713,0.3656,layer_10
signed_diff,col_norm,4,per_ckpt,352B,90,-0.0029,0.991,0.009,0.979,layer_10
signed_diff,col_norm,4,per_ckpt,384B,90,-0.2391,0.3586,-0.2327,0.3646,layer_10
signed_diff,col_norm,4,per_ckpt,415B,90,-0.1807,0.4925,-0.1892,0.4765,layer_10
signed_diff,col_norm,4,per_ckpt,447B,90,0.2705,0.3167,0.2125,0.4515,layer_10
signed_diff,col_norm,4,per_ckpt,478B,90,-0.3177,0.2607,-0.3164,0.2637,layer_10
signed_diff,col_norm,4,per_ckpt,510B,90,-0.226,0.4346,-0.2307,0.4366,layer_10
signed_diff,col_norm,4,per_ckpt,541B,90,0.0101,0.96,0.0144,0.9481,layer_10
signed_diff,col_norm,4,per_ckpt,573B,90,-0.2535,0.3986,-0.2822,0.3477,layer_10
signed_diff,col_norm,4,per_ckpt,main,90,-0.3109,0.2787,-0.329,0.2517,layer_10
signed_diff,col_norm,8,per_ckpt,10B,90,-0.2715,0.3027,-0.2521,0.3347,layer_10
signed_diff,col_norm,8,per_ckpt,42B,90,-0.6193,0.014,-0.5923,0.016,layer_10
signed_diff,col_norm,8,per_ckpt,73B,90,-0.1712,0.5355,-0.2125,0.4515,layer_10
signed_diff,col_norm,8,per_ckpt,105B,90,-0.3014,0.2228,-0.3072,0.2318,layer_10
signed_diff,col_norm,8,per_ckpt,136B,90,-0.5856,0.0569,-0.5972,0.0529,layer_10
signed_diff,col_norm,8,per_ckpt,168B,90,-0.3022,0.2727,-0.2722,0.3566,layer_10
signed_diff,col_norm,8,per_ckpt,199B,90,-0.5915,0.003,-0.5794,0.003,layer_10
signed_diff,col_norm,8,per_ckpt,231B,90,-0.0144,0.954,0.0013,0.994,layer_10
signed_diff,col_norm,8,per_ckpt,262B,90,-0.0664,0.8192,-0.0383,0.9041,layer_10
signed_diff,col_norm,8,per_ckpt,294B,90,-0.2231,0.4985,-0.2163,0.5145,layer_10
signed_diff,col_norm,8,per_ckpt,325B,90,-0.094,0.7522,-0.127,0.6793,layer_10
signed_diff,col_norm,8,per_ckpt,352B,90,-0.3322,0.2148,-0.3331,0.2268,layer_10
signed_diff,col_norm,8,per_ckpt,384B,90,0.085,0.7812,0.0578,0.8432,layer_10
signed_diff,col_norm,8,per_ckpt,415B,90,-0.1675,0.5225,-0.2017,0.4655,layer_10
signed_diff,col_norm,8,per_ckpt,447B,90,-0.1275,0.6783,-0.1378,0.6494,layer_10
signed_diff,col_norm,8,per_ckpt,478B,90,0.3546,0.2088,0.3357,0.2298,layer_10
signed_diff,col_norm,8,per_ckpt,510B,90,-0.2695,0.1828,-0.2589,0.1928,layer_10
signed_diff,col_norm,8,per_ckpt,541B,90,0.1082,0.7033,0.0817,0.7782,layer_10
signed_diff,col_norm,8,per_ckpt,573B,90,-0.3101,0.3137,-0.2707,0.4046,layer_10
signed_diff,col_norm,8,per_ckpt,main,90,-0.1394,0.6364,-0.1582,0.6024,layer_10
min_rankme,row_norm,4,per_ckpt,10B,90,0.0248,0.8751,0.0889,0.5335,layer_10
min_rankme,row_norm,4,per_ckpt,42B,90,0.0499,0.7502,0.0775,0.6533,layer_10
min_rankme,row_norm,4,per_ckpt,73B,90,-0.161,0.3626,-0.0749,0.6923,layer_10
min_rankme,row_norm,4,per_ckpt,105B,90,-0.0373,0.8322,-0.0645,0.6893,layer_10
min_rankme,row_norm,4,per_ckpt,136B,90,-0.1374,0.3666,-0.2052,0.1758,layer_10
min_rankme,row_norm,4,per_ckpt,168B,90,-0.0502,0.7782,-0.058,0.7193,layer_10
min_rankme,row_norm,4,per_ckpt,199B,90,-0.2041,0.2008,-0.2876,0.0609,layer_10
min_rankme,row_norm,4,per_ckpt,231B,90,-0.1221,0.4945,-0.21,0.1808,layer_10
min_rankme,row_norm,4,per_ckpt,262B,90,-0.3515,0.023,-0.3146,0.044,layer_10
min_rankme,row_norm,4,per_ckpt,294B,90,0.0359,0.8711,0.0098,0.958,layer_10
min_rankme,row_norm,4,per_ckpt,325B,90,0.1364,0.4346,0.1545,0.3566,layer_10
min_rankme,row_norm,4,per_ckpt,352B,90,-0.1299,0.4226,-0.1755,0.2418,layer_10
min_rankme,row_norm,4,per_ckpt,384B,90,-0.0452,0.7123,-0.0447,0.7043,layer_10
min_rankme,row_norm,4,per_ckpt,415B,90,-0.1197,0.3846,-0.1329,0.3427,layer_10
min_rankme,row_norm,4,per_ckpt,447B,90,-0.2795,0.0619,-0.2932,0.05,layer_10
min_rankme,row_norm,4,per_ckpt,478B,90,-0.1662,0.2847,-0.1505,0.3057,layer_10
min_rankme,row_norm,4,per_ckpt,510B,90,-0.3255,0.0589,-0.2736,0.1079,layer_10
min_rankme,row_norm,4,per_ckpt,541B,90,0.0822,0.5295,0.0805,0.4735,layer_10
min_rankme,row_norm,4,per_ckpt,573B,90,-0.216,0.1109,-0.2032,0.1229,layer_10
min_rankme,row_norm,4,per_ckpt,main,90,-0.1429,0.3477,-0.1448,0.3227,layer_10
min_rankme,row_norm,8,per_ckpt,10B,90,-0.2627,0.1778,-0.2259,0.2148,layer_10
min_rankme,row_norm,8,per_ckpt,42B,90,0.2809,0.0969,0.2328,0.1499,layer_10
min_rankme,row_norm,8,per_ckpt,73B,90,0.2387,0.2028,0.167,0.3516,layer_10
min_rankme,row_norm,8,per_ckpt,105B,90,-0.1183,0.2917,-0.1095,0.2857,layer_10
min_rankme,row_norm,8,per_ckpt,136B,90,0.2404,0.1578,0.2823,0.0809,layer_10
min_rankme,row_norm,8,per_ckpt,168B,90,-0.2338,0.1808,-0.2355,0.1678,layer_10
min_rankme,row_norm,8,per_ckpt,199B,90,-0.038,0.8122,-0.0247,0.8262,layer_10
min_rankme,row_norm,8,per_ckpt,231B,90,-0.0246,0.8901,-0.1131,0.4895,layer_10
min_rankme,row_norm,8,per_ckpt,262B,90,0.0119,0.9361,0.0121,0.9321,layer_10
min_rankme,row_norm,8,per_ckpt,294B,90,-0.0476,0.6923,-0.0936,0.4665,layer_10
min_rankme,row_norm,8,per_ckpt,325B,90,0.2567,0.007,0.2026,0.041,layer_10
min_rankme,row_norm,8,per_ckpt,352B,90,0.0578,0.6823,0.1124,0.3896,layer_10
min_rankme,row_norm,8,per_ckpt,384B,90,-0.0654,0.7123,-0.0616,0.7283,layer_10
min_rankme,row_norm,8,per_ckpt,415B,90,0.186,0.2408,0.1701,0.2378,layer_10
min_rankme,row_norm,8,per_ckpt,447B,90,0.1539,0.1758,0.1645,0.1658,layer_10
min_rankme,row_norm,8,per_ckpt,478B,90,0.13,0.3487,0.0652,0.6304,layer_10
min_rankme,row_norm,8,per_ckpt,510B,90,-0.0062,0.979,-0.0261,0.8701,layer_10
min_rankme,row_norm,8,per_ckpt,541B,90,-0.0126,0.954,-0.0581,0.7053,layer_10
min_rankme,row_norm,8,per_ckpt,573B,90,-0.0299,0.8551,-0.0218,0.8651,layer_10
min_rankme,row_norm,8,per_ckpt,main,90,0.0274,0.8012,0.0918,0.4545,layer_10
min_rankme,col_norm,4,per_ckpt,10B,90,0.0276,0.7283,0.0596,0.4715,layer_10
min_rankme,col_norm,4,per_ckpt,42B,90,0.0202,0.7393,0.0361,0.6154,layer_10
min_rankme,col_norm,4,per_ckpt,73B,90,-0.0764,0.5205,-0.0464,0.7123,layer_10
min_rankme,col_norm,4,per_ckpt,105B,90,-0.0229,0.8252,-0.0436,0.6723,layer_10
min_rankme,col_norm,4,per_ckpt,136B,90,-0.0996,0.4515,-0.1771,0.1618,layer_10
min_rankme,col_norm,4,per_ckpt,168B,90,-0.0286,0.7952,-0.0324,0.7652,layer_10
min_rankme,col_norm,4,per_ckpt,199B,90,-0.1569,0.1359,-0.1873,0.0659,layer_10
min_rankme,col_norm,4,per_ckpt,231B,90,-0.0448,0.5864,-0.1011,0.1948,layer_10
min_rankme,col_norm,4,per_ckpt,262B,90,-0.3319,0.018,-0.2904,0.042,layer_10
min_rankme,col_norm,4,per_ckpt,294B,90,0.029,0.8701,0.0113,0.9441,layer_10
min_rankme,col_norm,4,per_ckpt,325B,90,0.0835,0.5015,0.1083,0.3706,layer_10
min_rankme,col_norm,4,per_ckpt,352B,90,-0.0861,0.5035,-0.1265,0.2218,layer_10
min_rankme,col_norm,4,per_ckpt,384B,90,-0.0608,0.5534,-0.0343,0.7453,layer_10
min_rankme,col_norm,4,per_ckpt,415B,90,-0.1617,0.2218,-0.1259,0.3437,layer_10
min_rankme,col_norm,4,per_ckpt,447B,90,-0.2328,0.0549,-0.2199,0.0639,layer_10
min_rankme,col_norm,4,per_ckpt,478B,90,-0.1601,0.2158,-0.1337,0.3097,layer_10
min_rankme,col_norm,4,per_ckpt,510B,90,-0.1893,0.0729,-0.1552,0.1119,layer_10
min_rankme,col_norm,4,per_ckpt,541B,90,0.0834,0.5105,0.0855,0.4695,layer_10
min_rankme,col_norm,4,per_ckpt,573B,90,-0.1358,0.1489,-0.1442,0.1139,layer_10
min_rankme,col_norm,4,per_ckpt,main,90,-0.0967,0.2927,-0.0912,0.3287,layer_10
min_rankme,col_norm,8,per_ckpt,10B,90,-0.2067,0.1548,-0.1839,0.2038,layer_10
min_rankme,col_norm,8,per_ckpt,42B,90,0.1448,0.1389,0.1452,0.1598,layer_10
min_rankme,col_norm,8,per_ckpt,73B,90,0.2055,0.2008,0.1395,0.3387,layer_10
min_rankme,col_norm,8,per_ckpt,105B,90,-0.0453,0.6903,-0.125,0.2737,layer_10
min_rankme,col_norm,8,per_ckpt,136B,90,0.1096,0.1778,0.1233,0.0839,layer_10
min_rankme,col_norm,8,per_ckpt,168B,90,-0.1502,0.1798,-0.1516,0.1499,layer_10
min_rankme,col_norm,8,per_ckpt,199B,90,-0.0191,0.8971,-0.0172,0.8751,layer_10
min_rankme,col_norm,8,per_ckpt,231B,90,0.0241,0.8821,-0.0927,0.4935,layer_10
min_rankme,col_norm,8,per_ckpt,262B,90,-0.0259,0.8282,0.0075,0.9491,layer_10
min_rankme,col_norm,8,per_ckpt,294B,90,0.0052,0.9411,-0.0277,0.6414,layer_10
min_rankme,col_norm,8,per_ckpt,325B,90,0.1696,0.0519,0.1745,0.017,layer_10
min_rankme,col_norm,8,per_ckpt,352B,90,0.0497,0.6374,0.1018,0.3337,layer_10
min_rankme,col_norm,8,per_ckpt,384B,90,-0.0605,0.6004,-0.0422,0.7572,layer_10
min_rankme,col_norm,8,per_ckpt,415B,90,0.1642,0.1988,0.1319,0.2717,layer_10
min_rankme,col_norm,8,per_ckpt,447B,90,0.1048,0.1708,0.1262,0.1449,layer_10
min_rankme,col_norm,8,per_ckpt,478B,90,0.0561,0.6474,0.0581,0.6334,layer_10
min_rankme,col_norm,8,per_ckpt,510B,90,-0.0228,0.8811,-0.0231,0.8821,layer_10
min_rankme,col_norm,8,per_ckpt,541B,90,-0.0534,0.6553,-0.0279,0.8112,layer_10
min_rankme,col_norm,8,per_ckpt,573B,90,-0.024,0.7772,0.0111,0.8881,layer_10
min_rankme,col_norm,8,per_ckpt,main,90,0.0241,0.8152,0.0783,0.4016,layer_10
norm_asym,row_norm,4,per_ckpt,10B,90,0.007,0.973,0.0062,0.968,layer_10
norm_asym,row_norm,4,per_ckpt,42B,90,-0.0044,0.988,-0.0126,0.9391,layer_10
norm_asym,row_norm,4,per_ckpt,73B,90,-0.3304,0.1199,-0.36,0.0909,layer_10
norm_asym,row_norm,4,per_ckpt,105B,90,-0.2308,0.3247,-0.2515,0.2767,layer_10
norm_asym,row_norm,4,per_ckpt,136B,90,-0.0797,0.7213,-0.0591,0.8092,layer_10
norm_asym,row_norm,4,per_ckpt,168B,90,-0.0979,0.6713,-0.1148,0.6364,layer_10
norm_asym,row_norm,4,per_ckpt,199B,90,-0.2138,0.3407,-0.2481,0.2527,layer_10
norm_asym,row_norm,4,per_ckpt,231B,90,-0.3867,0.037,-0.4125,0.026,layer_10
norm_asym,row_norm,4,per_ckpt,262B,90,-0.2556,0.2128,-0.3291,0.1089,layer_10
norm_asym,row_norm,4,per_ckpt,294B,90,0.0391,0.8651,0.0568,0.8022,layer_10
norm_asym,row_norm,4,per_ckpt,325B,90,-0.0111,0.9471,-0.0016,0.992,layer_10
norm_asym,row_norm,4,per_ckpt,352B,90,-0.0763,0.7173,-0.094,0.6673,layer_10
norm_asym,row_norm,4,per_ckpt,384B,90,-0.0505,0.8402,-0.0959,0.6903,layer_10
norm_asym,row_norm,4,per_ckpt,415B,90,-0.215,0.3506,-0.2762,0.2478,layer_10
norm_asym,row_norm,4,per_ckpt,447B,90,-0.3141,0.1688,-0.3004,0.1888,layer_10
norm_asym,row_norm,4,per_ckpt,478B,90,-0.1062,0.6603,-0.1105,0.6603,layer_10
norm_asym,row_norm,4,per_ckpt,510B,90,-0.0136,0.8821,-0.0621,0.5285,layer_10
norm_asym,row_norm,4,per_ckpt,541B,90,0.2824,0.2388,0.2422,0.3267,layer_10
norm_asym,row_norm,4,per_ckpt,573B,90,-0.1114,0.6284,-0.0813,0.7293,layer_10
norm_asym,row_norm,4,per_ckpt,main,90,0.0608,0.6933,0.0413,0.7712,layer_10
norm_asym,row_norm,8,per_ckpt,10B,90,-0.07,0.6723,-0.1811,0.3057,layer_10
norm_asym,row_norm,8,per_ckpt,42B,90,0.0336,0.8282,0.043,0.7682,layer_10
norm_asym,row_norm,8,per_ckpt,73B,90,-0.0606,0.7772,-0.0756,0.7443,layer_10
norm_asym,row_norm,8,per_ckpt,105B,90,-0.1672,0.5375,-0.217,0.4236,layer_10
norm_asym,row_norm,8,per_ckpt,136B,90,0.2579,0.1768,0.2706,0.1868,layer_10
norm_asym,row_norm,8,per_ckpt,168B,90,0.0036,0.985,0.0317,0.7952,layer_10
norm_asym,row_norm,8,per_ckpt,199B,90,0.0875,0.7033,0.1018,0.6693,layer_10
norm_asym,row_norm,8,per_ckpt,231B,90,-0.3143,0.1189,-0.2953,0.1538,layer_10
norm_asym,row_norm,8,per_ckpt,262B,90,0.3672,0.0689,0.3752,0.0549,layer_10
norm_asym,row_norm,8,per_ckpt,294B,90,0.3566,0.018,0.3157,0.0589,layer_10
norm_asym,row_norm,8,per_ckpt,325B,90,-0.0349,0.8951,-0.071,0.7902,layer_10
norm_asym,row_norm,8,per_ckpt,352B,90,-0.0628,0.7742,-0.0698,0.7353,layer_10
norm_asym,row_norm,8,per_ckpt,384B,90,-0.1388,0.5225,-0.0951,0.6753,layer_10
norm_asym,row_norm,8,per_ckpt,415B,90,-0.0703,0.7522,-0.0473,0.8422,layer_10
norm_asym,row_norm,8,per_ckpt,447B,90,0.2132,0.3067,0.1989,0.3287,layer_10
norm_asym,row_norm,8,per_ckpt,478B,90,0.0556,0.8442,0.0764,0.7972,layer_10
norm_asym,row_norm,8,per_ckpt,510B,90,0.0605,0.7702,0.0154,0.9271,layer_10
norm_asym,row_norm,8,per_ckpt,541B,90,0.1034,0.6364,0.0932,0.6553,layer_10
norm_asym,row_norm,8,per_ckpt,573B,90,0.0141,0.959,0.0052,0.991,layer_10
norm_asym,row_norm,8,per_ckpt,main,90,0.1016,0.6763,0.0985,0.6653,layer_10
norm_asym,col_norm,4,per_ckpt,10B,90,-0.1144,0.6893,-0.1087,0.7033,layer_10
norm_asym,col_norm,4,per_ckpt,42B,90,-0.0762,0.7982,-0.0572,0.8392,layer_10
norm_asym,col_norm,4,per_ckpt,73B,90,0.0032,0.992,-0.0358,0.9121,layer_10
norm_asym,col_norm,4,per_ckpt,105B,90,-0.1473,0.6424,-0.1682,0.6004,layer_10
norm_asym,col_norm,4,per_ckpt,136B,90,-0.3605,0.1928,-0.3746,0.1758,layer_10
norm_asym,col_norm,4,per_ckpt,168B,90,-0.1374,0.6573,-0.1549,0.6414,layer_10
norm_asym,col_norm,4,per_ckpt,199B,90,0.4694,0.0879,0.4479,0.0979,layer_10
norm_asym,col_norm,4,per_ckpt,231B,90,0.4342,0.1618,0.3702,0.2488,layer_10
norm_asym,col_norm,4,per_ckpt,262B,90,-0.0765,0.7602,-0.0714,0.7752,layer_10
norm_asym,col_norm,4,per_ckpt,294B,90,-0.3389,0.1928,-0.3505,0.1928,layer_10
norm_asym,col_norm,4,per_ckpt,325B,90,-0.1544,0.5914,-0.1453,0.6224,layer_10
norm_asym,col_norm,4,per_ckpt,352B,90,-0.1345,0.6513,-0.1456,0.6234,layer_10
norm_asym,col_norm,4,per_ckpt,384B,90,-0.071,0.7912,-0.0359,0.8991,layer_10
norm_asym,col_norm,4,per_ckpt,415B,90,-0.0972,0.6873,-0.0841,0.7243,layer_10
norm_asym,col_norm,4,per_ckpt,447B,90,0.2865,0.2847,0.2497,0.3656,layer_10
norm_asym,col_norm,4,per_ckpt,478B,90,-0.2652,0.3447,-0.2355,0.4006,layer_10
norm_asym,col_norm,4,per_ckpt,510B,90,-0.0986,0.7343,-0.0713,0.8022,layer_10
norm_asym,col_norm,4,per_ckpt,541B,90,0.1009,0.7023,0.13,0.6074,layer_10
norm_asym,col_norm,4,per_ckpt,573B,90,-0.2642,0.3646,-0.2659,0.3596,layer_10
norm_asym,col_norm,4,per_ckpt,main,90,-0.2696,0.3207,-0.2616,0.3307,layer_10
norm_asym,col_norm,8,per_ckpt,10B,90,-0.1474,0.5664,-0.1202,0.6354,layer_10
norm_asym,col_norm,8,per_ckpt,42B,90,-0.5183,0.048,-0.4755,0.0679,layer_10
norm_asym,col_norm,8,per_ckpt,73B,90,-0.1429,0.6074,-0.1574,0.5764,layer_10
norm_asym,col_norm,8,per_ckpt,105B,90,-0.2313,0.3516,-0.2136,0.4206,layer_10
norm_asym,col_norm,8,per_ckpt,136B,90,-0.4293,0.1818,-0.3641,0.2647,layer_10
norm_asym,col_norm,8,per_ckpt,168B,90,-0.1504,0.5784,-0.0811,0.7622,layer_10
norm_asym,col_norm,8,per_ckpt,199B,90,-0.5667,0.011,-0.5424,0.018,layer_10
norm_asym,col_norm,8,per_ckpt,231B,90,0.1141,0.6773,0.1713,0.5475,layer_10
norm_asym,col_norm,8,per_ckpt,262B,90,-0.1295,0.6354,-0.1308,0.6444,layer_10
norm_asym,col_norm,8,per_ckpt,294B,90,-0.1859,0.5524,-0.2048,0.5195,layer_10
norm_asym,col_norm,8,per_ckpt,325B,90,-0.0479,0.8751,-0.0377,0.8941,layer_10
norm_asym,col_norm,8,per_ckpt,352B,90,-0.2651,0.3157,-0.2442,0.3586,layer_10
norm_asym,col_norm,8,per_ckpt,384B,90,0.0039,0.993,-0.0385,0.8911,layer_10
norm_asym,col_norm,8,per_ckpt,415B,90,-0.2379,0.3526,-0.2601,0.3137,layer_10
norm_asym,col_norm,8,per_ckpt,447B,90,-0.1449,0.6513,-0.1311,0.6743,layer_10
norm_asym,col_norm,8,per_ckpt,478B,90,0.1524,0.6154,0.1048,0.7273,layer_10
norm_asym,col_norm,8,per_ckpt,510B,90,-0.2886,0.1489,-0.2505,0.2068,layer_10
norm_asym,col_norm,8,per_ckpt,541B,90,0.1762,0.5265,0.1689,0.5514,layer_10
norm_asym,col_norm,8,per_ckpt,573B,90,-0.2252,0.4615,-0.1469,0.6314,layer_10
norm_asym,col_norm,8,per_ckpt,main,90,-0.1197,0.6673,-0.1129,0.6803,layer_10
abs_diff,row_norm,4,pooled,,1800,0.071,0.0026,0.0912,0.0001,layer_11
abs_diff,row_norm,8,pooled,,1800,-0.0197,0.4029,-0.0161,0.4956,layer_11
abs_diff,col_norm,4,pooled,,1800,0.0542,0.0215,0.0663,0.0049,layer_11
abs_diff,col_norm,8,pooled,,1800,-0.0077,0.7446,-0.0116,0.6233,layer_11
signed_diff,row_norm,4,pooled,,1800,-0.0709,0.0026,-0.0623,0.0082,layer_11
signed_diff,row_norm,8,pooled,,1800,-0.0218,0.3563,-0.0389,0.0993,layer_11
signed_diff,col_norm,4,pooled,,1800,-0.0879,0.0002,-0.0925,0.0001,layer_11
signed_diff,col_norm,8,pooled,,1800,-0.1939,0.0,-0.1823,0.0,layer_11
min_rankme,row_norm,4,pooled,,1800,-0.0855,0.0003,-0.0556,0.0184,layer_11
min_rankme,row_norm,8,pooled,,1800,0.0446,0.0582,0.021,0.3744,layer_11
min_rankme,col_norm,4,pooled,,1800,-0.0614,0.0092,-0.037,0.1164,layer_11
min_rankme,col_norm,8,pooled,,1800,0.0278,0.2377,0.0197,0.4037,layer_11
norm_asym,row_norm,4,pooled,,1800,-0.1053,0.0,-0.1153,0.0,layer_11
norm_asym,row_norm,8,pooled,,1800,0.0222,0.3456,0.0123,0.6032,layer_11
norm_asym,col_norm,4,pooled,,1800,-0.0663,0.0049,-0.0621,0.0084,layer_11
norm_asym,col_norm,8,pooled,,1800,-0.1609,0.0,-0.1465,0.0,layer_11
abs_diff,row_norm,4,per_ckpt,10B,90,0.185,0.0509,0.1758,0.0919,layer_11
abs_diff,row_norm,4,per_ckpt,42B,90,0.2161,0.035,0.1675,0.1419,layer_11
abs_diff,row_norm,4,per_ckpt,73B,90,0.0653,0.5524,0.0346,0.7532,layer_11
abs_diff,row_norm,4,per_ckpt,105B,90,0.0659,0.5105,0.0912,0.3576,layer_11
abs_diff,row_norm,4,per_ckpt,136B,90,0.1316,0.2088,0.163,0.1389,layer_11
abs_diff,row_norm,4,per_ckpt,168B,90,-0.0091,0.9161,0.0238,0.8242,layer_11
abs_diff,row_norm,4,per_ckpt,199B,90,-0.0955,0.3516,-0.0856,0.4575,layer_11
abs_diff,row_norm,4,per_ckpt,231B,90,-0.0566,0.5744,-0.0847,0.4226,layer_11
abs_diff,row_norm,4,per_ckpt,262B,90,0.1603,0.1459,0.1076,0.3776,layer_11
abs_diff,row_norm,4,per_ckpt,294B,90,0.0185,0.9011,-0.0288,0.8601,layer_11
abs_diff,row_norm,4,per_ckpt,325B,90,0.0596,0.6104,0.0682,0.5724,layer_11
abs_diff,row_norm,4,per_ckpt,352B,90,-0.0006,0.998,-0.0243,0.8531,layer_11
abs_diff,row_norm,4,per_ckpt,384B,90,0.1581,0.1099,0.1889,0.0649,layer_11
abs_diff,row_norm,4,per_ckpt,415B,90,0.0458,0.6474,0.086,0.3926,layer_11
abs_diff,row_norm,4,per_ckpt,447B,90,-0.0899,0.3976,-0.1166,0.3187,layer_11
abs_diff,row_norm,4,per_ckpt,478B,90,0.0913,0.3457,0.117,0.2717,layer_11
abs_diff,row_norm,4,per_ckpt,510B,90,0.1137,0.3676,0.1635,0.2218,layer_11
abs_diff,row_norm,4,per_ckpt,541B,90,0.0274,0.7512,0.0539,0.5075,layer_11
abs_diff,row_norm,4,per_ckpt,573B,90,-0.0309,0.7493,-0.0375,0.6903,layer_11
abs_diff,row_norm,4,per_ckpt,main,90,-0.0311,0.7882,0.0148,0.8911,layer_11
abs_diff,row_norm,8,per_ckpt,10B,90,0.1272,0.2997,0.1081,0.4086,layer_11
abs_diff,row_norm,8,per_ckpt,42B,90,0.0717,0.5225,0.0847,0.4785,layer_11
abs_diff,row_norm,8,per_ckpt,73B,90,-0.2773,0.005,-0.3026,0.003,layer_11
abs_diff,row_norm,8,per_ckpt,105B,90,0.0678,0.3946,0.0647,0.3956,layer_11
abs_diff,row_norm,8,per_ckpt,136B,90,0.0879,0.4685,0.1422,0.2527,layer_11
abs_diff,row_norm,8,per_ckpt,168B,90,-0.0306,0.7862,0.005,0.967,layer_11
abs_diff,row_norm,8,per_ckpt,199B,90,-0.002,0.986,-0.0197,0.8332,layer_11
abs_diff,row_norm,8,per_ckpt,231B,90,-0.0302,0.7772,-0.0445,0.7163,layer_11
abs_diff,row_norm,8,per_ckpt,262B,90,0.0361,0.7433,0.0388,0.7522,layer_11
abs_diff,row_norm,8,per_ckpt,294B,90,0.0128,0.8981,-0.0314,0.7732,layer_11
abs_diff,row_norm,8,per_ckpt,325B,90,-0.1945,0.03,-0.1258,0.1568,layer_11
abs_diff,row_norm,8,per_ckpt,352B,90,-0.0497,0.6204,-0.0422,0.6833,layer_11
abs_diff,row_norm,8,per_ckpt,384B,90,-0.1559,0.1439,-0.1445,0.2178,layer_11
abs_diff,row_norm,8,per_ckpt,415B,90,-0.2179,0.034,-0.23,0.029,layer_11
abs_diff,row_norm,8,per_ckpt,447B,90,-0.0019,0.989,-0.0094,0.9401,layer_11
abs_diff,row_norm,8,per_ckpt,478B,90,-0.193,0.035,-0.2027,0.032,layer_11
abs_diff,row_norm,8,per_ckpt,510B,90,0.0711,0.5375,0.066,0.5984,layer_11
abs_diff,row_norm,8,per_ckpt,541B,90,0.1625,0.1259,0.1908,0.0819,layer_11
abs_diff,row_norm,8,per_ckpt,573B,90,-0.0255,0.8092,0.0055,0.965,layer_11
abs_diff,row_norm,8,per_ckpt,main,90,-0.0079,0.9321,-0.0567,0.5884,layer_11
abs_diff,col_norm,4,per_ckpt,10B,90,0.087,0.0959,0.0896,0.1279,layer_11
abs_diff,col_norm,4,per_ckpt,42B,90,0.08,0.0579,0.0743,0.0989,layer_11
abs_diff,col_norm,4,per_ckpt,73B,90,0.0063,0.9211,0.0194,0.7902,layer_11
abs_diff,col_norm,4,per_ckpt,105B,90,0.0364,0.5934,0.0584,0.3656,layer_11
abs_diff,col_norm,4,per_ckpt,136B,90,0.1594,0.0919,0.1391,0.1339,layer_11
abs_diff,col_norm,4,per_ckpt,168B,90,0.0103,0.8531,0.011,0.8871,layer_11
abs_diff,col_norm,4,per_ckpt,199B,90,-0.0487,0.5135,-0.0551,0.4785,layer_11
abs_diff,col_norm,4,per_ckpt,231B,90,-0.036,0.4995,-0.0325,0.5225,layer_11
abs_diff,col_norm,4,per_ckpt,262B,90,0.1367,0.1808,0.1008,0.3736,layer_11
abs_diff,col_norm,4,per_ckpt,294B,90,-0.0117,0.9061,-0.0251,0.8422,layer_11
abs_diff,col_norm,4,per_ckpt,325B,90,0.0434,0.5934,0.0491,0.5824,layer_11
abs_diff,col_norm,4,per_ckpt,352B,90,-0.0067,0.9351,-0.0163,0.8611,layer_11
abs_diff,col_norm,4,per_ckpt,384B,90,0.1613,0.0629,0.1658,0.0619,layer_11
abs_diff,col_norm,4,per_ckpt,415B,90,0.0714,0.4316,0.085,0.3686,layer_11
abs_diff,col_norm,4,per_ckpt,447B,90,-0.094,0.2727,-0.0966,0.2947,layer_11
abs_diff,col_norm,4,per_ckpt,478B,90,0.0608,0.4865,0.1042,0.2757,layer_11
abs_diff,col_norm,4,per_ckpt,510B,90,0.0656,0.3556,0.0901,0.2388,layer_11
abs_diff,col_norm,4,per_ckpt,541B,90,0.0584,0.4885,0.0589,0.4855,layer_11
abs_diff,col_norm,4,per_ckpt,573B,90,-0.0223,0.7043,-0.0219,0.7483,layer_11
abs_diff,col_norm,4,per_ckpt,main,90,0.0044,0.957,0.01,0.8881,layer_11
abs_diff,col_norm,8,per_ckpt,10B,90,0.1294,0.1558,0.0895,0.3816,layer_11
abs_diff,col_norm,8,per_ckpt,42B,90,0.0817,0.2378,0.0604,0.4166,layer_11
abs_diff,col_norm,8,per_ckpt,73B,90,-0.2557,0.003,-0.2441,0.003,layer_11
abs_diff,col_norm,8,per_ckpt,105B,90,0.0796,0.3816,0.0792,0.3606,layer_11
abs_diff,col_norm,8,per_ckpt,136B,90,0.023,0.7043,0.0772,0.1558,layer_11
abs_diff,col_norm,8,per_ckpt,168B,90,0.041,0.5724,0.0064,0.9371,layer_11
abs_diff,col_norm,8,per_ckpt,199B,90,-0.0651,0.4765,-0.0154,0.8671,layer_11
abs_diff,col_norm,8,per_ckpt,231B,90,-0.0592,0.5055,-0.0377,0.7023,layer_11
abs_diff,col_norm,8,per_ckpt,262B,90,0.0187,0.8402,0.0284,0.7782,layer_11
abs_diff,col_norm,8,per_ckpt,294B,90,-0.0289,0.5804,-0.0185,0.7133,layer_11
abs_diff,col_norm,8,per_ckpt,325B,90,-0.0824,0.2388,-0.1004,0.1538,layer_11
abs_diff,col_norm,8,per_ckpt,352B,90,0.0061,0.9461,-0.033,0.6953,layer_11
abs_diff,col_norm,8,per_ckpt,384B,90,-0.0979,0.1918,-0.1125,0.2068,layer_11
abs_diff,col_norm,8,per_ckpt,415B,90,-0.1535,0.0699,-0.1917,0.023,layer_11
abs_diff,col_norm,8,per_ckpt,447B,90,0.0115,0.8901,-0.0111,0.8991,layer_11
abs_diff,col_norm,8,per_ckpt,478B,90,-0.1343,0.0739,-0.1705,0.039,layer_11
abs_diff,col_norm,8,per_ckpt,510B,90,0.0987,0.3856,0.0654,0.5924,layer_11
abs_diff,col_norm,8,per_ckpt,541B,90,0.1749,0.02,0.1385,0.0919,layer_11
abs_diff,col_norm,8,per_ckpt,573B,90,-0.0137,0.8352,0.002,0.967,layer_11
abs_diff,col_norm,8,per_ckpt,main,90,-0.0196,0.7882,-0.0401,0.6164,layer_11
signed_diff,row_norm,4,per_ckpt,10B,90,0.1169,0.5944,0.133,0.5534,layer_11
signed_diff,row_norm,4,per_ckpt,42B,90,0.0408,0.7792,0.0653,0.7003,layer_11
signed_diff,row_norm,4,per_ckpt,73B,90,-0.2813,0.2218,-0.2737,0.2378,layer_11
signed_diff,row_norm,4,per_ckpt,105B,90,-0.1324,0.5944,-0.1213,0.6234,layer_11
signed_diff,row_norm,4,per_ckpt,136B,90,-0.1081,0.6414,-0.1099,0.6623,layer_11
signed_diff,row_norm,4,per_ckpt,168B,90,-0.0068,0.978,-0.0106,0.961,layer_11
signed_diff,row_norm,4,per_ckpt,199B,90,-0.2373,0.2907,-0.2281,0.3067,layer_11
signed_diff,row_norm,4,per_ckpt,231B,90,-0.3163,0.0949,-0.2993,0.1309,layer_11
signed_diff,row_norm,4,per_ckpt,262B,90,-0.111,0.5994,-0.1128,0.6374,layer_11
signed_diff,row_norm,4,per_ckpt,294B,90,-0.0615,0.7922,-0.0607,0.8092,layer_11
signed_diff,row_norm,4,per_ckpt,325B,90,0.076,0.7043,0.1241,0.5774,layer_11
signed_diff,row_norm,4,per_ckpt,352B,90,-0.2003,0.3756,-0.2411,0.3117,layer_11
signed_diff,row_norm,4,per_ckpt,384B,90,0.0403,0.8631,0.0118,0.958,layer_11
signed_diff,row_norm,4,per_ckpt,415B,90,-0.1295,0.5944,-0.1546,0.5235,layer_11
signed_diff,row_norm,4,per_ckpt,447B,90,-0.3637,0.1009,-0.3701,0.0959,layer_11
signed_diff,row_norm,4,per_ckpt,478B,90,-0.0755,0.7782,-0.0784,0.7672,layer_11
signed_diff,row_norm,4,per_ckpt,510B,90,0.0089,0.9371,-0.0659,0.4865,layer_11
signed_diff,row_norm,4,per_ckpt,541B,90,0.2956,0.2068,0.2555,0.2967,layer_11
signed_diff,row_norm,4,per_ckpt,573B,90,-0.2009,0.4446,-0.2252,0.4146,layer_11
signed_diff,row_norm,4,per_ckpt,main,90,0.0477,0.7992,0.0181,0.9191,layer_11
signed_diff,row_norm,8,per_ckpt,10B,90,-0.0227,0.8961,-0.0918,0.6563,layer_11
signed_diff,row_norm,8,per_ckpt,42B,90,0.0206,0.8961,0.0372,0.8132,layer_11
signed_diff,row_norm,8,per_ckpt,73B,90,-0.1218,0.5445,-0.1645,0.4436,layer_11
signed_diff,row_norm,8,per_ckpt,105B,90,-0.1296,0.6533,-0.1989,0.5604,layer_11
signed_diff,row_norm,8,per_ckpt,136B,90,0.1619,0.4256,0.1212,0.5724,layer_11
signed_diff,row_norm,8,per_ckpt,168B,90,0.0132,0.9111,0.0399,0.7672,layer_11
signed_diff,row_norm,8,per_ckpt,199B,90,-0.0196,0.951,-0.035,0.9031,layer_11
signed_diff,row_norm,8,per_ckpt,231B,90,-0.2989,0.1369,-0.2893,0.1608,layer_11
signed_diff,row_norm,8,per_ckpt,262B,90,0.4661,0.025,0.4557,0.021,layer_11
signed_diff,row_norm,8,per_ckpt,294B,90,0.3181,0.046,0.3005,0.0719,layer_11
signed_diff,row_norm,8,per_ckpt,325B,90,-0.1275,0.6194,-0.2012,0.4446,layer_11
signed_diff,row_norm,8,per_ckpt,352B,90,-0.0864,0.6973,-0.1039,0.6523,layer_11
signed_diff,row_norm,8,per_ckpt,384B,90,-0.3139,0.1429,-0.3036,0.1419,layer_11
signed_diff,row_norm,8,per_ckpt,415B,90,-0.1811,0.4126,-0.1948,0.3956,layer_11
signed_diff,row_norm,8,per_ckpt,447B,90,0.124,0.5445,0.0735,0.7183,layer_11
signed_diff,row_norm,8,per_ckpt,478B,90,-0.0822,0.7542,-0.0777,0.7652,layer_11
signed_diff,row_norm,8,per_ckpt,510B,90,0.0467,0.7972,0.0075,0.967,layer_11
signed_diff,row_norm,8,per_ckpt,541B,90,0.1014,0.6543,0.0914,0.7053,layer_11
signed_diff,row_norm,8,per_ckpt,573B,90,-0.0093,0.975,-0.021,0.9331,layer_11
signed_diff,row_norm,8,per_ckpt,main,90,0.0394,0.8841,0.0127,0.958,layer_11
signed_diff,col_norm,4,per_ckpt,10B,90,-0.1784,0.5405,-0.1871,0.5235,layer_11
signed_diff,col_norm,4,per_ckpt,42B,90,-0.0434,0.8851,-0.0119,0.968,layer_11
signed_diff,col_norm,4,per_ckpt,73B,90,0.0897,0.7732,0.109,0.7283,layer_11
signed_diff,col_norm,4,per_ckpt,105B,90,-0.0725,0.8062,-0.0535,0.8621,layer_11
signed_diff,col_norm,4,per_ckpt,136B,90,-0.3607,0.1858,-0.3647,0.1888,layer_11
signed_diff,col_norm,4,per_ckpt,168B,90,-0.1035,0.7263,-0.0988,0.7353,layer_11
signed_diff,col_norm,4,per_ckpt,199B,90,0.4707,0.0989,0.464,0.1049,layer_11
signed_diff,col_norm,4,per_ckpt,231B,90,0.5801,0.045,0.5644,0.0579,layer_11
signed_diff,col_norm,4,per_ckpt,262B,90,-0.1577,0.5395,-0.1432,0.5714,layer_11
signed_diff,col_norm,4,per_ckpt,294B,90,-0.3082,0.2547,-0.3362,0.2238,layer_11
signed_diff,col_norm,4,per_ckpt,325B,90,-0.2698,0.3536,-0.2831,0.3407,layer_11
signed_diff,col_norm,4,per_ckpt,352B,90,0.0104,0.972,0.0068,0.981,layer_11
signed_diff,col_norm,4,per_ckpt,384B,90,-0.2512,0.3357,-0.246,0.3397,layer_11
signed_diff,col_norm,4,per_ckpt,415B,90,-0.1659,0.5315,-0.1874,0.4845,layer_11
signed_diff,col_norm,4,per_ckpt,447B,90,0.2684,0.3267,0.2138,0.4496,layer_11
signed_diff,col_norm,4,per_ckpt,478B,90,-0.3424,0.2228,-0.3279,0.2468,layer_11
signed_diff,col_norm,4,per_ckpt,510B,90,-0.2422,0.4046,-0.2479,0.4046,layer_11
signed_diff,col_norm,4,per_ckpt,541B,90,0.0022,0.996,0.0046,0.984,layer_11
signed_diff,col_norm,4,per_ckpt,573B,90,-0.2683,0.3676,-0.2897,0.3387,layer_11
signed_diff,col_norm,4,per_ckpt,main,90,-0.3268,0.2557,-0.3456,0.2278,layer_11
signed_diff,col_norm,8,per_ckpt,10B,90,-0.2821,0.2837,-0.2587,0.3277,layer_11
signed_diff,col_norm,8,per_ckpt,42B,90,-0.6243,0.012,-0.5983,0.014,layer_11
signed_diff,col_norm,8,per_ckpt,73B,90,-0.1694,0.5395,-0.2117,0.4535,layer_11
signed_diff,col_norm,8,per_ckpt,105B,90,-0.3031,0.2218,-0.3123,0.2248,layer_11
signed_diff,col_norm,8,per_ckpt,136B,90,-0.5882,0.0559,-0.6077,0.048,layer_11
signed_diff,col_norm,8,per_ckpt,168B,90,-0.3073,0.2687,-0.284,0.3347,layer_11
signed_diff,col_norm,8,per_ckpt,199B,90,-0.5861,0.003,-0.5848,0.003,layer_11
signed_diff,col_norm,8,per_ckpt,231B,90,-0.0224,0.9231,-0.0105,0.967,layer_11
signed_diff,col_norm,8,per_ckpt,262B,90,-0.0694,0.8132,-0.0337,0.9151,layer_11
signed_diff,col_norm,8,per_ckpt,294B,90,-0.2254,0.4915,-0.2352,0.4735,layer_11
signed_diff,col_norm,8,per_ckpt,325B,90,-0.1178,0.6853,-0.1378,0.6484,layer_11
signed_diff,col_norm,8,per_ckpt,352B,90,-0.3506,0.1888,-0.3511,0.1998,layer_11
signed_diff,col_norm,8,per_ckpt,384B,90,0.0684,0.8232,0.051,0.8601,layer_11
signed_diff,col_norm,8,per_ckpt,415B,90,-0.1855,0.4725,-0.2088,0.4496,layer_11
signed_diff,col_norm,8,per_ckpt,447B,90,-0.1405,0.6374,-0.1461,0.6324,layer_11
signed_diff,col_norm,8,per_ckpt,478B,90,0.3553,0.2078,0.339,0.2228,layer_11
signed_diff,col_norm,8,per_ckpt,510B,90,-0.2728,0.1718,-0.2613,0.1828,layer_11
signed_diff,col_norm,8,per_ckpt,541B,90,0.0963,0.7333,0.0751,0.7882,layer_11
signed_diff,col_norm,8,per_ckpt,573B,90,-0.3169,0.3087,-0.2742,0.3966,layer_11
signed_diff,col_norm,8,per_ckpt,main,90,-0.1492,0.6074,-0.1734,0.5694,layer_11
min_rankme,row_norm,4,per_ckpt,10B,90,0.0248,0.8751,0.0912,0.5205,layer_11
min_rankme,row_norm,4,per_ckpt,42B,90,-0.007,0.97,0.0789,0.6434,layer_11
min_rankme,row_norm,4,per_ckpt,73B,90,-0.161,0.3626,-0.0653,0.7243,layer_11
min_rankme,row_norm,4,per_ckpt,105B,90,-0.0373,0.8322,-0.0637,0.6863,layer_11
min_rankme,row_norm,4,per_ckpt,136B,90,-0.1374,0.3666,-0.2,0.1828,layer_11
min_rankme,row_norm,4,per_ckpt,168B,90,-0.1099,0.5095,-0.0537,0.7393,layer_11
min_rankme,row_norm,4,per_ckpt,199B,90,-0.1995,0.2258,-0.27,0.0709,layer_11
min_rankme,row_norm,4,per_ckpt,231B,90,-0.2284,0.1728,-0.206,0.1878,layer_11
min_rankme,row_norm,4,per_ckpt,262B,90,-0.3515,0.023,-0.3044,0.0529,layer_11
min_rankme,row_norm,4,per_ckpt,294B,90,0.0359,0.8711,0.0042,0.982,layer_11
min_rankme,row_norm,4,per_ckpt,325B,90,0.0791,0.6913,0.1582,0.3427,layer_11
min_rankme,row_norm,4,per_ckpt,352B,90,-0.1299,0.4226,-0.1741,0.2448,layer_11
min_rankme,row_norm,4,per_ckpt,384B,90,-0.0452,0.7123,-0.0428,0.7123,layer_11
min_rankme,row_norm,4,per_ckpt,415B,90,-0.1197,0.3846,-0.1283,0.3656,layer_11
min_rankme,row_norm,4,per_ckpt,447B,90,-0.2795,0.0619,-0.2948,0.043,layer_11
min_rankme,row_norm,4,per_ckpt,478B,90,-0.1608,0.3057,-0.1462,0.3147,layer_11
min_rankme,row_norm,4,per_ckpt,510B,90,-0.3255,0.0589,-0.2643,0.1179,layer_11
min_rankme,row_norm,4,per_ckpt,541B,90,0.0822,0.5295,0.0778,0.4875,layer_11
min_rankme,row_norm,4,per_ckpt,573B,90,-0.216,0.1109,-0.2012,0.1229,layer_11
min_rankme,row_norm,4,per_ckpt,main,90,-0.1429,0.3477,-0.139,0.3407,layer_11
min_rankme,row_norm,8,per_ckpt,10B,90,-0.2627,0.1778,-0.2217,0.2208,layer_11
min_rankme,row_norm,8,per_ckpt,42B,90,0.3093,0.0619,0.2275,0.1538,layer_11
min_rankme,row_norm,8,per_ckpt,73B,90,0.2387,0.2028,0.1577,0.3726,layer_11
min_rankme,row_norm,8,per_ckpt,105B,90,-0.1183,0.2917,-0.1039,0.3077,layer_11
min_rankme,row_norm,8,per_ckpt,136B,90,0.2404,0.1578,0.2799,0.0859,layer_11
min_rankme,row_norm,8,per_ckpt,168B,90,-0.2069,0.2587,-0.2249,0.1898,layer_11
min_rankme,row_norm,8,per_ckpt,199B,90,-0.0061,0.974,-0.0322,0.7932,layer_11
min_rankme,row_norm,8,per_ckpt,231B,90,-0.0403,0.8332,-0.1041,0.5125,layer_11
min_rankme,row_norm,8,per_ckpt,262B,90,0.0119,0.9361,0.0188,0.8941,layer_11
min_rankme,row_norm,8,per_ckpt,294B,90,-0.0476,0.6923,-0.0954,0.4585,layer_11
min_rankme,row_norm,8,per_ckpt,325B,90,0.2276,0.023,0.195,0.045,layer_11
min_rankme,row_norm,8,per_ckpt,352B,90,0.0578,0.6823,0.1079,0.4016,layer_11
min_rankme,row_norm,8,per_ckpt,384B,90,-0.0654,0.7123,-0.0663,0.6973,layer_11
min_rankme,row_norm,8,per_ckpt,415B,90,0.186,0.2408,0.1612,0.2637,layer_11
min_rankme,row_norm,8,per_ckpt,447B,90,0.1539,0.1758,0.1634,0.1638,layer_11
min_rankme,row_norm,8,per_ckpt,478B,90,0.141,0.3047,0.0628,0.6364,layer_11
min_rankme,row_norm,8,per_ckpt,510B,90,-0.0062,0.979,-0.0311,0.8501,layer_11
min_rankme,row_norm,8,per_ckpt,541B,90,-0.0126,0.954,-0.0614,0.6933,layer_11
min_rankme,row_norm,8,per_ckpt,573B,90,-0.0299,0.8551,-0.0179,0.8841,layer_11
min_rankme,row_norm,8,per_ckpt,main,90,0.0274,0.8012,0.0998,0.4166,layer_11
min_rankme,col_norm,4,per_ckpt,10B,90,0.0276,0.7283,0.0612,0.4615,layer_11
min_rankme,col_norm,4,per_ckpt,42B,90,0.001,0.993,0.0369,0.6044,layer_11
min_rankme,col_norm,4,per_ckpt,73B,90,-0.0764,0.5205,-0.04,0.7512,layer_11
min_rankme,col_norm,4,per_ckpt,105B,90,-0.0229,0.8252,-0.043,0.6793,layer_11
min_rankme,col_norm,4,per_ckpt,136B,90,-0.0996,0.4515,-0.1729,0.1718,layer_11
min_rankme,col_norm,4,per_ckpt,168B,90,-0.0665,0.5514,-0.03,0.7732,layer_11
min_rankme,col_norm,4,per_ckpt,199B,90,-0.1574,0.1369,-0.1751,0.0819,layer_11
min_rankme,col_norm,4,per_ckpt,231B,90,-0.0845,0.3027,-0.1004,0.1938,layer_11
min_rankme,col_norm,4,per_ckpt,262B,90,-0.3319,0.018,-0.2813,0.048,layer_11
min_rankme,col_norm,4,per_ckpt,294B,90,0.029,0.8701,0.0065,0.97,layer_11
min_rankme,col_norm,4,per_ckpt,325B,90,0.0415,0.7592,0.1106,0.3576,layer_11
min_rankme,col_norm,4,per_ckpt,352B,90,-0.0861,0.5035,-0.1258,0.2208,layer_11
min_rankme,col_norm,4,per_ckpt,384B,90,-0.0608,0.5534,-0.0327,0.7463,layer_11
min_rankme,col_norm,4,per_ckpt,415B,90,-0.1617,0.2218,-0.1211,0.3586,layer_11
min_rankme,col_norm,4,per_ckpt,447B,90,-0.2328,0.0549,-0.2212,0.0599,layer_11
min_rankme,col_norm,4,per_ckpt,478B,90,-0.1529,0.2308,-0.13,0.3167,layer_11
min_rankme,col_norm,4,per_ckpt,510B,90,-0.1893,0.0729,-0.1498,0.1259,layer_11
min_rankme,col_norm,4,per_ckpt,541B,90,0.0834,0.5105,0.0829,0.4825,layer_11
min_rankme,col_norm,4,per_ckpt,573B,90,-0.1358,0.1489,-0.1434,0.1119,layer_11
min_rankme,col_norm,4,per_ckpt,main,90,-0.0967,0.2927,-0.088,0.3387,layer_11
min_rankme,col_norm,8,per_ckpt,10B,90,-0.2067,0.1548,-0.1806,0.2048,layer_11
min_rankme,col_norm,8,per_ckpt,42B,90,0.1587,0.1059,0.1417,0.1678,layer_11
min_rankme,col_norm,8,per_ckpt,73B,90,0.2055,0.2008,0.1323,0.3606,layer_11
min_rankme,col_norm,8,per_ckpt,105B,90,-0.0453,0.6903,-0.1189,0.2977,layer_11
min_rankme,col_norm,8,per_ckpt,136B,90,0.1096,0.1778,0.1221,0.0839,layer_11
min_rankme,col_norm,8,per_ckpt,168B,90,-0.1514,0.1998,-0.1452,0.1768,layer_11
min_rankme,col_norm,8,per_ckpt,199B,90,0.0211,0.8891,-0.0239,0.8342,layer_11
min_rankme,col_norm,8,per_ckpt,231B,90,0.0043,0.974,-0.0849,0.5155,layer_11
min_rankme,col_norm,8,per_ckpt,262B,90,-0.0259,0.8282,0.0128,0.9121,layer_11
min_rankme,col_norm,8,per_ckpt,294B,90,0.0052,0.9411,-0.028,0.6384,layer_11
min_rankme,col_norm,8,per_ckpt,325B,90,0.1441,0.1009,0.1683,0.027,layer_11
min_rankme,col_norm,8,per_ckpt,352B,90,0.0497,0.6374,0.098,0.3516,layer_11
min_rankme,col_norm,8,per_ckpt,384B,90,-0.0605,0.6004,-0.046,0.7343,layer_11
min_rankme,col_norm,8,per_ckpt,415B,90,0.1642,0.1988,0.1249,0.2977,layer_11
min_rankme,col_norm,8,per_ckpt,447B,90,0.1048,0.1708,0.1251,0.1499,layer_11
min_rankme,col_norm,8,per_ckpt,478B,90,0.0621,0.6174,0.056,0.6454,layer_11
min_rankme,col_norm,8,per_ckpt,510B,90,-0.0228,0.8811,-0.028,0.8591,layer_11
min_rankme,col_norm,8,per_ckpt,541B,90,-0.0534,0.6553,-0.03,0.7932,layer_11
min_rankme,col_norm,8,per_ckpt,573B,90,-0.024,0.7772,0.0132,0.8651,layer_11
min_rankme,col_norm,8,per_ckpt,main,90,0.0241,0.8152,0.0841,0.3716,layer_11
norm_asym,row_norm,4,per_ckpt,10B,90,0.0137,0.9441,0.0106,0.95,layer_11
norm_asym,row_norm,4,per_ckpt,42B,90,-0.0116,0.9341,-0.0133,0.9331,layer_11
norm_asym,row_norm,4,per_ckpt,73B,90,-0.3307,0.1229,-0.3562,0.0959,layer_11
norm_asym,row_norm,4,per_ckpt,105B,90,-0.2315,0.3207,-0.2429,0.2947,layer_11
norm_asym,row_norm,4,per_ckpt,136B,90,-0.0811,0.7143,-0.0627,0.7922,layer_11
norm_asym,row_norm,4,per_ckpt,168B,90,-0.0978,0.6713,-0.1091,0.6454,layer_11
norm_asym,row_norm,4,per_ckpt,199B,90,-0.2336,0.2927,-0.2512,0.2488,layer_11
norm_asym,row_norm,4,per_ckpt,231B,90,-0.3874,0.035,-0.3988,0.032,layer_11
norm_asym,row_norm,4,per_ckpt,262B,90,-0.2512,0.2168,-0.3181,0.1189,layer_11
norm_asym,row_norm,4,per_ckpt,294B,90,0.034,0.8791,0.0559,0.7982,layer_11
norm_asym,row_norm,4,per_ckpt,325B,90,-0.0227,0.8931,0.004,0.983,layer_11
norm_asym,row_norm,4,per_ckpt,352B,90,-0.0717,0.7333,-0.0946,0.6623,layer_11
norm_asym,row_norm,4,per_ckpt,384B,90,-0.06,0.8012,-0.0999,0.6773,layer_11
norm_asym,row_norm,4,per_ckpt,415B,90,-0.2225,0.3307,-0.2773,0.2488,layer_11
norm_asym,row_norm,4,per_ckpt,447B,90,-0.3168,0.1618,-0.3012,0.1838,layer_11
norm_asym,row_norm,4,per_ckpt,478B,90,-0.1207,0.6124,-0.1164,0.6384,layer_11
norm_asym,row_norm,4,per_ckpt,510B,90,-0.0129,0.8821,-0.0588,0.5524,layer_11
norm_asym,row_norm,4,per_ckpt,541B,90,0.2743,0.2557,0.2335,0.3526,layer_11
norm_asym,row_norm,4,per_ckpt,573B,90,-0.1237,0.6074,-0.1016,0.6713,layer_11
norm_asym,row_norm,4,per_ckpt,main,90,0.0522,0.7293,0.038,0.7872,layer_11
norm_asym,row_norm,8,per_ckpt,10B,90,-0.0693,0.6733,-0.178,0.3077,layer_11
norm_asym,row_norm,8,per_ckpt,42B,90,0.0357,0.8122,0.0414,0.7772,layer_11
norm_asym,row_norm,8,per_ckpt,73B,90,-0.0746,0.7193,-0.0834,0.7193,layer_11
norm_asym,row_norm,8,per_ckpt,105B,90,-0.1659,0.5405,-0.2128,0.4376,layer_11
norm_asym,row_norm,8,per_ckpt,136B,90,0.2588,0.1738,0.2637,0.1998,layer_11
norm_asym,row_norm,8,per_ckpt,168B,90,0.0138,0.9121,0.0384,0.7622,layer_11
norm_asym,row_norm,8,per_ckpt,199B,90,0.0755,0.7453,0.0781,0.7423,layer_11
norm_asym,row_norm,8,per_ckpt,231B,90,-0.3097,0.1239,-0.2938,0.1538,layer_11
norm_asym,row_norm,8,per_ckpt,262B,90,0.3647,0.0699,0.3735,0.0569,layer_11
norm_asym,row_norm,8,per_ckpt,294B,90,0.3534,0.021,0.3137,0.0589,layer_11
norm_asym,row_norm,8,per_ckpt,325B,90,-0.034,0.8961,-0.0771,0.7662,layer_11
norm_asym,row_norm,8,per_ckpt,352B,90,-0.067,0.7582,-0.0775,0.7103,layer_11
norm_asym,row_norm,8,per_ckpt,384B,90,-0.1408,0.5185,-0.1049,0.6354,layer_11
norm_asym,row_norm,8,per_ckpt,415B,90,-0.0768,0.7203,-0.0619,0.7842,layer_11
norm_asym,row_norm,8,per_ckpt,447B,90,0.2097,0.3127,0.1953,0.3377,layer_11
norm_asym,row_norm,8,per_ckpt,478B,90,0.0574,0.8432,0.0737,0.7952,layer_11
norm_asym,row_norm,8,per_ckpt,510B,90,0.054,0.7962,0.0107,0.9451,layer_11
norm_asym,row_norm,8,per_ckpt,541B,90,0.0966,0.6513,0.0801,0.7163,layer_11
norm_asym,row_norm,8,per_ckpt,573B,90,0.0085,0.974,-0.0052,0.989,layer_11
norm_asym,row_norm,8,per_ckpt,main,90,0.088,0.7253,0.096,0.6673,layer_11
norm_asym,col_norm,4,per_ckpt,10B,90,-0.111,0.6913,-0.1084,0.7033,layer_11
norm_asym,col_norm,4,per_ckpt,42B,90,-0.0888,0.7682,-0.0595,0.8312,layer_11
norm_asym,col_norm,4,per_ckpt,73B,90,-0.0109,0.972,-0.0399,0.8921,layer_11
norm_asym,col_norm,4,per_ckpt,105B,90,-0.1421,0.6573,-0.1642,0.6044,layer_11
norm_asym,col_norm,4,per_ckpt,136B,90,-0.3648,0.1878,-0.3852,0.1618,layer_11
norm_asym,col_norm,4,per_ckpt,168B,90,-0.1264,0.6873,-0.1462,0.6633,layer_11
norm_asym,col_norm,4,per_ckpt,199B,90,0.463,0.0929,0.4488,0.0959,layer_11
norm_asym,col_norm,4,per_ckpt,231B,90,0.448,0.1459,0.4007,0.2208,layer_11
norm_asym,col_norm,4,per_ckpt,262B,90,-0.0812,0.7433,-0.0844,0.7353,layer_11
norm_asym,col_norm,4,per_ckpt,294B,90,-0.3476,0.1838,-0.3658,0.1718,layer_11
norm_asym,col_norm,4,per_ckpt,325B,90,-0.1688,0.5654,-0.1712,0.5654,layer_11
norm_asym,col_norm,4,per_ckpt,352B,90,-0.1441,0.6324,-0.1469,0.6304,layer_11
norm_asym,col_norm,4,per_ckpt,384B,90,-0.0677,0.8012,-0.0456,0.8681,layer_11
norm_asym,col_norm,4,per_ckpt,415B,90,-0.0889,0.7173,-0.0787,0.7403,layer_11
norm_asym,col_norm,4,per_ckpt,447B,90,0.274,0.3027,0.2448,0.3796,layer_11
norm_asym,col_norm,4,per_ckpt,478B,90,-0.279,0.3217,-0.2489,0.3806,layer_11
norm_asym,col_norm,4,per_ckpt,510B,90,-0.1067,0.7103,-0.091,0.7612,layer_11
norm_asym,col_norm,4,per_ckpt,541B,90,0.0925,0.7283,0.1228,0.6264,layer_11
norm_asym,col_norm,4,per_ckpt,573B,90,-0.2707,0.3586,-0.278,0.3377,layer_11
norm_asym,col_norm,4,per_ckpt,main,90,-0.2917,0.2727,-0.2791,0.2917,layer_11
norm_asym,col_norm,8,per_ckpt,10B,90,-0.1503,0.5594,-0.1264,0.6244,layer_11
norm_asym,col_norm,8,per_ckpt,42B,90,-0.5205,0.0519,-0.4799,0.0649,layer_11
norm_asym,col_norm,8,per_ckpt,73B,90,-0.1323,0.6304,-0.1531,0.5864,layer_11
norm_asym,col_norm,8,per_ckpt,105B,90,-0.2291,0.3546,-0.2221,0.4026,layer_11
norm_asym,col_norm,8,per_ckpt,136B,90,-0.4274,0.1828,-0.3782,0.2438,layer_11
norm_asym,col_norm,8,per_ckpt,168B,90,-0.1588,0.5564,-0.1022,0.7003,layer_11
norm_asym,col_norm,8,per_ckpt,199B,90,-0.5675,0.01,-0.5509,0.016,layer_11
norm_asym,col_norm,8,per_ckpt,231B,90,0.1096,0.6873,0.1565,0.5824,layer_11
norm_asym,col_norm,8,per_ckpt,262B,90,-0.1273,0.6404,-0.1215,0.6673,layer_11
norm_asym,col_norm,8,per_ckpt,294B,90,-0.2013,0.5195,-0.22,0.4955,layer_11
norm_asym,col_norm,8,per_ckpt,325B,90,-0.0493,0.8671,-0.0448,0.8721,layer_11
norm_asym,col_norm,8,per_ckpt,352B,90,-0.2733,0.2977,-0.2602,0.3377,layer_11
norm_asym,col_norm,8,per_ckpt,384B,90,0.0023,0.996,-0.0404,0.8881,layer_11
norm_asym,col_norm,8,per_ckpt,415B,90,-0.2474,0.3307,-0.2744,0.2967,layer_11
norm_asym,col_norm,8,per_ckpt,447B,90,-0.1539,0.6324,-0.1403,0.6543,layer_11
norm_asym,col_norm,8,per_ckpt,478B,90,0.1473,0.6294,0.112,0.7023,layer_11
norm_asym,col_norm,8,per_ckpt,510B,90,-0.2918,0.1469,-0.2541,0.2008,layer_11
norm_asym,col_norm,8,per_ckpt,541B,90,0.1604,0.5794,0.1623,0.5594,layer_11
norm_asym,col_norm,8,per_ckpt,573B,90,-0.2297,0.4525,-0.1485,0.6244,layer_11
norm_asym,col_norm,8,per_ckpt,main,90,-0.135,0.6274,-0.1252,0.6484,layer_11
abs_diff,row_norm,4,pooled,,1800,0.0635,0.007,0.0816,0.0005,layer_12
abs_diff,row_norm,8,pooled,,1800,-0.0252,0.2856,-0.024,0.3088,layer_12
abs_diff,col_norm,4,pooled,,1800,0.0497,0.0351,0.0596,0.0114,layer_12
abs_diff,col_norm,8,pooled,,1800,-0.0128,0.5865,-0.0175,0.4582,layer_12
signed_diff,row_norm,4,pooled,,1800,-0.0748,0.0015,-0.0675,0.0042,layer_12
signed_diff,row_norm,8,pooled,,1800,-0.0214,0.3651,-0.0387,0.1004,layer_12
signed_diff,col_norm,4,pooled,,1800,-0.0866,0.0002,-0.0867,0.0002,layer_12
signed_diff,col_norm,8,pooled,,1800,-0.1976,0.0,-0.1888,0.0,layer_12
min_rankme,row_norm,4,pooled,,1800,-0.0878,0.0002,-0.0651,0.0058,layer_12
min_rankme,row_norm,8,pooled,,1800,0.0426,0.0709,0.0192,0.4168,layer_12
min_rankme,col_norm,4,pooled,,1800,-0.063,0.0075,-0.0438,0.063,layer_12
min_rankme,col_norm,8,pooled,,1800,0.0269,0.2546,0.0183,0.4387,layer_12
norm_asym,row_norm,4,pooled,,1800,-0.1072,0.0,-0.1183,0.0,layer_12
norm_asym,row_norm,8,pooled,,1800,0.0205,0.3846,0.0126,0.5928,layer_12
norm_asym,col_norm,4,pooled,,1800,-0.0683,0.0037,-0.0629,0.0076,layer_12
norm_asym,col_norm,8,pooled,,1800,-0.1592,0.0,-0.1435,0.0,layer_12
abs_diff,row_norm,4,per_ckpt,10B,90,0.1924,0.047,0.1794,0.0879,layer_12
abs_diff,row_norm,4,per_ckpt,42B,90,0.2121,0.039,0.1666,0.1379,layer_12
abs_diff,row_norm,4,per_ckpt,73B,90,0.0535,0.6454,0.0307,0.7772,layer_12
abs_diff,row_norm,4,per_ckpt,105B,90,0.0756,0.4316,0.0872,0.3646,layer_12
abs_diff,row_norm,4,per_ckpt,136B,90,0.1424,0.1678,0.1681,0.1199,layer_12
abs_diff,row_norm,4,per_ckpt,168B,90,-0.005,0.961,0.0215,0.8462,layer_12
abs_diff,row_norm,4,per_ckpt,199B,90,-0.0888,0.3766,-0.0743,0.5125,layer_12
abs_diff,row_norm,4,per_ckpt,231B,90,-0.0454,0.6663,-0.0755,0.4855,layer_12
abs_diff,row_norm,4,per_ckpt,262B,90,0.1533,0.1618,0.1104,0.3676,layer_12
abs_diff,row_norm,4,per_ckpt,294B,90,0.0248,0.8681,-0.0348,0.8202,layer_12
abs_diff,row_norm,4,per_ckpt,325B,90,0.0404,0.7333,0.0652,0.5814,layer_12
abs_diff,row_norm,4,per_ckpt,352B,90,0.0092,0.9321,-0.0252,0.8462,layer_12
abs_diff,row_norm,4,per_ckpt,384B,90,0.151,0.1209,0.1883,0.0649,layer_12
abs_diff,row_norm,4,per_ckpt,415B,90,0.0523,0.6034,0.0895,0.3706,layer_12
abs_diff,row_norm,4,per_ckpt,447B,90,-0.0731,0.4845,-0.1075,0.3626,layer_12
abs_diff,row_norm,4,per_ckpt,478B,90,0.1128,0.2428,0.1224,0.2517,layer_12
abs_diff,row_norm,4,per_ckpt,510B,90,0.119,0.3407,0.1728,0.1938,layer_12
abs_diff,row_norm,4,per_ckpt,541B,90,0.019,0.8082,0.0521,0.5165,layer_12
abs_diff,row_norm,4,per_ckpt,573B,90,-0.0339,0.7233,-0.0352,0.7153,layer_12
abs_diff,row_norm,4,per_ckpt,main,90,-0.0215,0.8372,0.0264,0.8032,layer_12
abs_diff,row_norm,8,per_ckpt,10B,90,0.1293,0.3107,0.1111,0.3936,layer_12
abs_diff,row_norm,8,per_ckpt,42B,90,0.0712,0.5305,0.0855,0.4745,layer_12
abs_diff,row_norm,8,per_ckpt,73B,90,-0.2642,0.008,-0.2962,0.003,layer_12
abs_diff,row_norm,8,per_ckpt,105B,90,0.074,0.3497,0.0648,0.3896,layer_12
abs_diff,row_norm,8,per_ckpt,136B,90,0.0793,0.5205,0.1366,0.2747,layer_12
abs_diff,row_norm,8,per_ckpt,168B,90,-0.0232,0.8362,0.008,0.9481,layer_12
abs_diff,row_norm,8,per_ckpt,199B,90,-0.0005,0.994,-0.0224,0.8142,layer_12
abs_diff,row_norm,8,per_ckpt,231B,90,-0.025,0.8152,-0.0377,0.7532,layer_12
abs_diff,row_norm,8,per_ckpt,262B,90,0.043,0.6973,0.0455,0.7033,layer_12
abs_diff,row_norm,8,per_ckpt,294B,90,0.0192,0.8472,-0.0269,0.8102,layer_12
abs_diff,row_norm,8,per_ckpt,325B,90,-0.2022,0.024,-0.1375,0.1169,layer_12
abs_diff,row_norm,8,per_ckpt,352B,90,-0.0474,0.6304,-0.0486,0.6264,layer_12
abs_diff,row_norm,8,per_ckpt,384B,90,-0.1686,0.0999,-0.1455,0.2158,layer_12
abs_diff,row_norm,8,per_ckpt,415B,90,-0.2262,0.026,-0.2361,0.021,layer_12
abs_diff,row_norm,8,per_ckpt,447B,90,-0.0131,0.8891,-0.0118,0.9311,layer_12
abs_diff,row_norm,8,per_ckpt,478B,90,-0.1975,0.028,-0.2084,0.027,layer_12
abs_diff,row_norm,8,per_ckpt,510B,90,0.0622,0.5924,0.0657,0.5904,layer_12
abs_diff,row_norm,8,per_ckpt,541B,90,0.1608,0.1249,0.1928,0.0779,layer_12
abs_diff,row_norm,8,per_ckpt,573B,90,-0.0312,0.7652,-0.0032,0.968,layer_12
abs_diff,row_norm,8,per_ckpt,main,90,0.007,0.9291,-0.0547,0.5914,layer_12
abs_diff,col_norm,4,per_ckpt,10B,90,0.0919,0.0809,0.0917,0.1209,layer_12
abs_diff,col_norm,4,per_ckpt,42B,90,0.0791,0.0589,0.0739,0.0969,layer_12
abs_diff,col_norm,4,per_ckpt,73B,90,-0.0013,0.982,0.0168,0.8122,layer_12
abs_diff,col_norm,4,per_ckpt,105B,90,0.0412,0.5225,0.0557,0.3726,layer_12
abs_diff,col_norm,4,per_ckpt,136B,90,0.1691,0.0629,0.1433,0.1169,layer_12
abs_diff,col_norm,4,per_ckpt,168B,90,0.0137,0.8152,0.0096,0.9021,layer_12
abs_diff,col_norm,4,per_ckpt,199B,90,-0.045,0.5295,-0.0478,0.5365,layer_12
abs_diff,col_norm,4,per_ckpt,231B,90,-0.0308,0.5764,-0.0285,0.5804,layer_12
abs_diff,col_norm,4,per_ckpt,262B,90,0.1341,0.1908,0.1034,0.3606,layer_12
abs_diff,col_norm,4,per_ckpt,294B,90,-0.0057,0.956,-0.0298,0.8072,layer_12
abs_diff,col_norm,4,per_ckpt,325B,90,0.0319,0.6983,0.0473,0.5874,layer_12
abs_diff,col_norm,4,per_ckpt,352B,90,-0.0023,0.969,-0.0166,0.8521,layer_12
abs_diff,col_norm,4,per_ckpt,384B,90,0.1567,0.0679,0.1651,0.0619,layer_12
abs_diff,col_norm,4,per_ckpt,415B,90,0.079,0.3646,0.088,0.3516,layer_12
abs_diff,col_norm,4,per_ckpt,447B,90,-0.0792,0.3337,-0.0897,0.3237,layer_12
abs_diff,col_norm,4,per_ckpt,478B,90,0.0803,0.3417,0.1089,0.2547,layer_12
abs_diff,col_norm,4,per_ckpt,510B,90,0.0708,0.3057,0.0952,0.2188,layer_12
abs_diff,col_norm,4,per_ckpt,541B,90,0.0486,0.5465,0.0571,0.4835,layer_12
abs_diff,col_norm,4,per_ckpt,573B,90,-0.023,0.6833,-0.0205,0.7672,layer_12
abs_diff,col_norm,4,per_ckpt,main,90,0.0139,0.8422,0.0174,0.7972,layer_12
abs_diff,col_norm,8,per_ckpt,10B,90,0.1273,0.1678,0.0919,0.3746,layer_12
abs_diff,col_norm,8,per_ckpt,42B,90,0.0821,0.2298,0.061,0.4076,layer_12
abs_diff,col_norm,8,per_ckpt,73B,90,-0.2463,0.003,-0.2389,0.004,layer_12
abs_diff,col_norm,8,per_ckpt,105B,90,0.0849,0.3387,0.0793,0.3506,layer_12
abs_diff,col_norm,8,per_ckpt,136B,90,0.0187,0.7552,0.0745,0.1738,layer_12
abs_diff,col_norm,8,per_ckpt,168B,90,0.0452,0.5195,0.0081,0.9181,layer_12
abs_diff,col_norm,8,per_ckpt,199B,90,-0.0633,0.4845,-0.018,0.8422,layer_12
abs_diff,col_norm,8,per_ckpt,231B,90,-0.0535,0.5544,-0.0321,0.7453,layer_12
abs_diff,col_norm,8,per_ckpt,262B,90,0.0229,0.8032,0.0341,0.7293,layer_12
abs_diff,col_norm,8,per_ckpt,294B,90,-0.0262,0.6154,-0.0173,0.7363,layer_12
abs_diff,col_norm,8,per_ckpt,325B,90,-0.0867,0.2078,-0.1099,0.1149,layer_12
abs_diff,col_norm,8,per_ckpt,352B,90,0.0084,0.9141,-0.0383,0.6394,layer_12
abs_diff,col_norm,8,per_ckpt,384B,90,-0.1069,0.1379,-0.1135,0.2018,layer_12
abs_diff,col_norm,8,per_ckpt,415B,90,-0.1638,0.044,-0.1965,0.018,layer_12
abs_diff,col_norm,8,per_ckpt,447B,90,0.0035,0.965,-0.013,0.8841,layer_12
abs_diff,col_norm,8,per_ckpt,478B,90,-0.1383,0.0679,-0.176,0.032,layer_12
abs_diff,col_norm,8,per_ckpt,510B,90,0.0914,0.4226,0.065,0.5924,layer_12
abs_diff,col_norm,8,per_ckpt,541B,90,0.1729,0.02,0.1399,0.0869,layer_12
abs_diff,col_norm,8,per_ckpt,573B,90,-0.0168,0.8082,-0.0041,0.951,layer_12
abs_diff,col_norm,8,per_ckpt,main,90,-0.0139,0.8551,-0.0387,0.6184,layer_12
signed_diff,row_norm,4,per_ckpt,10B,90,0.1221,0.5834,0.1349,0.5465,layer_12
signed_diff,row_norm,4,per_ckpt,42B,90,0.0402,0.7882,0.0655,0.6963,layer_12
signed_diff,row_norm,4,per_ckpt,73B,90,-0.2846,0.2108,-0.2765,0.2368,layer_12
signed_diff,row_norm,4,per_ckpt,105B,90,-0.1337,0.5854,-0.13,0.5984,layer_12
signed_diff,row_norm,4,per_ckpt,136B,90,-0.1081,0.6474,-0.1124,0.6513,layer_12
signed_diff,row_norm,4,per_ckpt,168B,90,0.0027,0.989,-0.0137,0.952,layer_12
signed_diff,row_norm,4,per_ckpt,199B,90,-0.2339,0.2937,-0.2288,0.3037,layer_12
signed_diff,row_norm,4,per_ckpt,231B,90,-0.3278,0.0789,-0.3097,0.1169,layer_12
signed_diff,row_norm,4,per_ckpt,262B,90,-0.1186,0.5804,-0.1161,0.6304,layer_12
signed_diff,row_norm,4,per_ckpt,294B,90,-0.0577,0.8112,-0.0602,0.8132,layer_12
signed_diff,row_norm,4,per_ckpt,325B,90,0.079,0.6863,0.1174,0.5984,layer_12
signed_diff,row_norm,4,per_ckpt,352B,90,-0.1899,0.4066,-0.2341,0.3337,layer_12
signed_diff,row_norm,4,per_ckpt,384B,90,0.0235,0.9201,0.0024,0.99,layer_12
signed_diff,row_norm,4,per_ckpt,415B,90,-0.1492,0.5335,-0.1681,0.4935,layer_12
signed_diff,row_norm,4,per_ckpt,447B,90,-0.3581,0.1089,-0.37,0.0949,layer_12
signed_diff,row_norm,4,per_ckpt,478B,90,-0.0782,0.7642,-0.087,0.7433,layer_12
signed_diff,row_norm,4,per_ckpt,510B,90,0.0031,0.976,-0.0681,0.4675,layer_12
signed_diff,row_norm,4,per_ckpt,541B,90,0.2906,0.2128,0.2492,0.3117,layer_12
signed_diff,row_norm,4,per_ckpt,573B,90,-0.194,0.4545,-0.2231,0.4176,layer_12
signed_diff,row_norm,4,per_ckpt,main,90,0.0481,0.7992,0.0158,0.9281,layer_12
signed_diff,row_norm,8,per_ckpt,10B,90,-0.0185,0.9151,-0.0903,0.6633,layer_12
signed_diff,row_norm,8,per_ckpt,42B,90,0.0211,0.8951,0.0346,0.8212,layer_12
signed_diff,row_norm,8,per_ckpt,73B,90,-0.1248,0.5355,-0.1652,0.4416,layer_12
signed_diff,row_norm,8,per_ckpt,105B,90,-0.1186,0.6803,-0.1918,0.5724,layer_12
signed_diff,row_norm,8,per_ckpt,136B,90,0.1598,0.4316,0.12,0.5814,layer_12
signed_diff,row_norm,8,per_ckpt,168B,90,0.0191,0.8761,0.0379,0.7822,layer_12
signed_diff,row_norm,8,per_ckpt,199B,90,-0.024,0.9311,-0.0347,0.8991,layer_12
signed_diff,row_norm,8,per_ckpt,231B,90,-0.3093,0.1189,-0.2957,0.1479,layer_12
signed_diff,row_norm,8,per_ckpt,262B,90,0.4595,0.027,0.4509,0.023,layer_12
signed_diff,row_norm,8,per_ckpt,294B,90,0.3132,0.05,0.3012,0.0669,layer_12
signed_diff,row_norm,8,per_ckpt,325B,90,-0.1216,0.6324,-0.1981,0.4545,layer_12
signed_diff,row_norm,8,per_ckpt,352B,90,-0.0883,0.7033,-0.107,0.6444,layer_12
signed_diff,row_norm,8,per_ckpt,384B,90,-0.3158,0.1429,-0.2981,0.1449,layer_12
signed_diff,row_norm,8,per_ckpt,415B,90,-0.1768,0.4266,-0.1906,0.4066,layer_12
signed_diff,row_norm,8,per_ckpt,447B,90,0.1404,0.4965,0.079,0.6983,layer_12
signed_diff,row_norm,8,per_ckpt,478B,90,-0.0755,0.7722,-0.0744,0.7692,layer_12
signed_diff,row_norm,8,per_ckpt,510B,90,0.0426,0.8182,0.0048,0.977,layer_12
signed_diff,row_norm,8,per_ckpt,541B,90,0.098,0.6673,0.0924,0.7013,layer_12
signed_diff,row_norm,8,per_ckpt,573B,90,-0.0156,0.9481,-0.0296,0.8961,layer_12
signed_diff,row_norm,8,per_ckpt,main,90,0.0308,0.9131,0.0148,0.9481,layer_12
signed_diff,col_norm,4,per_ckpt,10B,90,-0.1847,0.5305,-0.1893,0.5185,layer_12
signed_diff,col_norm,4,per_ckpt,42B,90,-0.0467,0.8791,-0.0138,0.964,layer_12
signed_diff,col_norm,4,per_ckpt,73B,90,0.0861,0.7832,0.1132,0.7163,layer_12
signed_diff,col_norm,4,per_ckpt,105B,90,-0.0861,0.7652,-0.0596,0.8551,layer_12
signed_diff,col_norm,4,per_ckpt,136B,90,-0.3494,0.2058,-0.3554,0.2028,layer_12
signed_diff,col_norm,4,per_ckpt,168B,90,-0.1187,0.6873,-0.1146,0.7043,layer_12
signed_diff,col_norm,4,per_ckpt,199B,90,0.4631,0.1069,0.462,0.1109,layer_12
signed_diff,col_norm,4,per_ckpt,231B,90,0.5678,0.0509,0.5578,0.0619,layer_12
signed_diff,col_norm,4,per_ckpt,262B,90,-0.1611,0.5285,-0.1483,0.5604,layer_12
signed_diff,col_norm,4,per_ckpt,294B,90,-0.3152,0.2478,-0.3378,0.2218,layer_12
signed_diff,col_norm,4,per_ckpt,325B,90,-0.2853,0.3247,-0.2865,0.3357,layer_12
signed_diff,col_norm,4,per_ckpt,352B,90,0.0026,0.994,0.0005,0.998,layer_12
signed_diff,col_norm,4,per_ckpt,384B,90,-0.2496,0.3407,-0.2392,0.3526,layer_12
signed_diff,col_norm,4,per_ckpt,415B,90,-0.1618,0.5435,-0.1787,0.5095,layer_12
signed_diff,col_norm,4,per_ckpt,447B,90,0.2808,0.3067,0.2194,0.4416,layer_12
signed_diff,col_norm,4,per_ckpt,478B,90,-0.3346,0.2368,-0.3277,0.2498,layer_12
signed_diff,col_norm,4,per_ckpt,510B,90,-0.237,0.4136,-0.2365,0.4226,layer_12
signed_diff,col_norm,4,per_ckpt,541B,90,0.0113,0.968,0.0103,0.974,layer_12
signed_diff,col_norm,4,per_ckpt,573B,90,-0.2784,0.3606,-0.2912,0.3357,layer_12
signed_diff,col_norm,4,per_ckpt,main,90,-0.3353,0.2348,-0.3478,0.2228,layer_12
signed_diff,col_norm,8,per_ckpt,10B,90,-0.2816,0.2837,-0.257,0.3327,layer_12
signed_diff,col_norm,8,per_ckpt,42B,90,-0.6254,0.012,-0.6003,0.014,layer_12
signed_diff,col_norm,8,per_ckpt,73B,90,-0.1702,0.5385,-0.2107,0.4545,layer_12
signed_diff,col_norm,8,per_ckpt,105B,90,-0.3125,0.2088,-0.3174,0.2168,layer_12
signed_diff,col_norm,8,per_ckpt,136B,90,-0.5956,0.0509,-0.6063,0.048,layer_12
signed_diff,col_norm,8,per_ckpt,168B,90,-0.3106,0.2527,-0.277,0.3477,layer_12
signed_diff,col_norm,8,per_ckpt,199B,90,-0.5863,0.003,-0.5798,0.003,layer_12
signed_diff,col_norm,8,per_ckpt,231B,90,-0.0018,0.988,-0.0016,0.996,layer_12
signed_diff,col_norm,8,per_ckpt,262B,90,-0.0585,0.8472,-0.0297,0.9281,layer_12
signed_diff,col_norm,8,per_ckpt,294B,90,-0.2238,0.4915,-0.2271,0.4955,layer_12
signed_diff,col_norm,8,per_ckpt,325B,90,-0.0934,0.7642,-0.1271,0.6793,layer_12
signed_diff,col_norm,8,per_ckpt,352B,90,-0.3469,0.1938,-0.354,0.1988,layer_12
signed_diff,col_norm,8,per_ckpt,384B,90,0.0724,0.8102,0.0522,0.8581,layer_12
signed_diff,col_norm,8,per_ckpt,415B,90,-0.1917,0.4565,-0.2128,0.4346,layer_12
signed_diff,col_norm,8,per_ckpt,447B,90,-0.1333,0.6623,-0.1455,0.6374,layer_12
signed_diff,col_norm,8,per_ckpt,478B,90,0.3514,0.2098,0.3285,0.2368,layer_12
signed_diff,col_norm,8,per_ckpt,510B,90,-0.2648,0.1888,-0.2601,0.1868,layer_12
signed_diff,col_norm,8,per_ckpt,541B,90,0.1016,0.7213,0.0771,0.7822,layer_12
signed_diff,col_norm,8,per_ckpt,573B,90,-0.3015,0.3257,-0.2587,0.4226,layer_12
signed_diff,col_norm,8,per_ckpt,main,90,-0.1616,0.5794,-0.1748,0.5734,layer_12
min_rankme,row_norm,4,per_ckpt,10B,90,0.0248,0.8751,0.0909,0.5215,layer_12
min_rankme,row_norm,4,per_ckpt,42B,90,-0.007,0.97,0.0816,0.6344,layer_12
min_rankme,row_norm,4,per_ckpt,73B,90,-0.0766,0.6234,-0.0634,0.7333,layer_12
min_rankme,row_norm,4,per_ckpt,105B,90,-0.0373,0.8322,-0.0639,0.6913,layer_12
min_rankme,row_norm,4,per_ckpt,136B,90,-0.1374,0.3666,-0.2047,0.1738,layer_12
min_rankme,row_norm,4,per_ckpt,168B,90,-0.1099,0.5095,-0.0464,0.7832,layer_12
min_rankme,row_norm,4,per_ckpt,199B,90,-0.1995,0.2258,-0.2733,0.0699,layer_12
min_rankme,row_norm,4,per_ckpt,231B,90,-0.2383,0.1578,-0.2146,0.1688,layer_12
min_rankme,row_norm,4,per_ckpt,262B,90,-0.3515,0.023,-0.3028,0.0539,layer_12
min_rankme,row_norm,4,per_ckpt,294B,90,0.0359,0.8711,0.0113,0.957,layer_12
min_rankme,row_norm,4,per_ckpt,325B,90,0.0879,0.6404,0.1518,0.3606,layer_12
min_rankme,row_norm,4,per_ckpt,352B,90,-0.1299,0.4226,-0.1633,0.2807,layer_12
min_rankme,row_norm,4,per_ckpt,384B,90,-0.0285,0.8272,-0.0446,0.7073,layer_12
min_rankme,row_norm,4,per_ckpt,415B,90,-0.1392,0.3077,-0.134,0.3407,layer_12
min_rankme,row_norm,4,per_ckpt,447B,90,-0.2795,0.0619,-0.2927,0.05,layer_12
min_rankme,row_norm,4,per_ckpt,478B,90,-0.1608,0.3057,-0.1533,0.3007,layer_12
min_rankme,row_norm,4,per_ckpt,510B,90,-0.3255,0.0589,-0.2651,0.1209,layer_12
min_rankme,row_norm,4,per_ckpt,541B,90,0.0822,0.5295,0.0762,0.4995,layer_12
min_rankme,row_norm,4,per_ckpt,573B,90,-0.1613,0.2468,-0.199,0.1269,layer_12
min_rankme,row_norm,4,per_ckpt,main,90,-0.0671,0.6613,-0.1368,0.3566,layer_12
min_rankme,row_norm,8,per_ckpt,10B,90,-0.2627,0.1778,-0.2238,0.2178,layer_12
min_rankme,row_norm,8,per_ckpt,42B,90,0.3093,0.0619,0.2274,0.1578,layer_12
min_rankme,row_norm,8,per_ckpt,73B,90,0.202,0.2677,0.1538,0.3806,layer_12
min_rankme,row_norm,8,per_ckpt,105B,90,-0.1183,0.2917,-0.0972,0.3247,layer_12
min_rankme,row_norm,8,per_ckpt,136B,90,0.2404,0.1578,0.2787,0.0869,layer_12
min_rankme,row_norm,8,per_ckpt,168B,90,-0.2069,0.2587,-0.2205,0.2038,layer_12
min_rankme,row_norm,8,per_ckpt,199B,90,-0.0061,0.974,-0.0298,0.8032,layer_12
min_rankme,row_norm,8,per_ckpt,231B,90,-0.0684,0.7173,-0.1151,0.4745,layer_12
min_rankme,row_norm,8,per_ckpt,262B,90,0.0119,0.9361,0.009,0.9491,layer_12
min_rankme,row_norm,8,per_ckpt,294B,90,-0.0476,0.6923,-0.0997,0.4396,layer_12
min_rankme,row_norm,8,per_ckpt,325B,90,0.2429,0.017,0.1999,0.044,layer_12
min_rankme,row_norm,8,per_ckpt,352B,90,0.0578,0.6823,0.1108,0.3936,layer_12
min_rankme,row_norm,8,per_ckpt,384B,90,-0.0277,0.8801,-0.0615,0.7183,layer_12
min_rankme,row_norm,8,per_ckpt,415B,90,0.1937,0.2268,0.1676,0.2408,layer_12
min_rankme,row_norm,8,per_ckpt,447B,90,0.1539,0.1758,0.1678,0.1558,layer_12
min_rankme,row_norm,8,per_ckpt,478B,90,0.141,0.3047,0.0684,0.6054,layer_12
min_rankme,row_norm,8,per_ckpt,510B,90,-0.0062,0.979,-0.0294,0.8581,layer_12
min_rankme,row_norm,8,per_ckpt,541B,90,-0.0126,0.954,-0.0614,0.6903,layer_12
min_rankme,row_norm,8,per_ckpt,573B,90,-0.0264,0.8691,-0.0224,0.8661,layer_12
min_rankme,row_norm,8,per_ckpt,main,90,0.0535,0.6444,0.0971,0.4316,layer_12
min_rankme,col_norm,4,per_ckpt,10B,90,0.0276,0.7283,0.0609,0.4615,layer_12
min_rankme,col_norm,4,per_ckpt,42B,90,0.001,0.993,0.0381,0.5944,layer_12
min_rankme,col_norm,4,per_ckpt,73B,90,-0.0322,0.7792,-0.0386,0.7642,layer_12
min_rankme,col_norm,4,per_ckpt,105B,90,-0.0229,0.8252,-0.043,0.6843,layer_12
min_rankme,col_norm,4,per_ckpt,136B,90,-0.0996,0.4515,-0.1769,0.1598,layer_12
min_rankme,col_norm,4,per_ckpt,168B,90,-0.0665,0.5514,-0.0251,0.8072,layer_12
min_rankme,col_norm,4,per_ckpt,199B,90,-0.1574,0.1369,-0.1774,0.0819,layer_12
min_rankme,col_norm,4,per_ckpt,231B,90,-0.089,0.2827,-0.1042,0.1778,layer_12
min_rankme,col_norm,4,per_ckpt,262B,90,-0.3319,0.018,-0.2799,0.049,layer_12
min_rankme,col_norm,4,per_ckpt,294B,90,0.029,0.8701,0.0122,0.9351,layer_12
min_rankme,col_norm,4,per_ckpt,325B,90,0.048,0.7013,0.106,0.3806,layer_12
min_rankme,col_norm,4,per_ckpt,352B,90,-0.0861,0.5035,-0.1185,0.2507,layer_12
min_rankme,col_norm,4,per_ckpt,384B,90,-0.0476,0.6404,-0.0343,0.7433,layer_12
min_rankme,col_norm,4,per_ckpt,415B,90,-0.1781,0.1568,-0.1264,0.3367,layer_12
min_rankme,col_norm,4,per_ckpt,447B,90,-0.2328,0.0549,-0.2194,0.0639,layer_12
min_rankme,col_norm,4,per_ckpt,478B,90,-0.1529,0.2308,-0.1363,0.2987,layer_12
min_rankme,col_norm,4,per_ckpt,510B,90,-0.1893,0.0729,-0.1501,0.1219,layer_12
min_rankme,col_norm,4,per_ckpt,541B,90,0.0834,0.5105,0.081,0.4935,layer_12
min_rankme,col_norm,4,per_ckpt,573B,90,-0.1011,0.2797,-0.1418,0.1159,layer_12
min_rankme,col_norm,4,per_ckpt,main,90,-0.0642,0.5135,-0.0865,0.3546,layer_12
min_rankme,col_norm,8,per_ckpt,10B,90,-0.2067,0.1548,-0.1822,0.2018,layer_12
min_rankme,col_norm,8,per_ckpt,42B,90,0.1587,0.1059,0.1417,0.1678,layer_12
min_rankme,col_norm,8,per_ckpt,73B,90,0.1776,0.2577,0.1291,0.3706,layer_12
min_rankme,col_norm,8,per_ckpt,105B,90,-0.0453,0.6903,-0.1116,0.3157,layer_12
min_rankme,col_norm,8,per_ckpt,136B,90,0.1096,0.1778,0.1217,0.0879,layer_12
min_rankme,col_norm,8,per_ckpt,168B,90,-0.1514,0.1998,-0.1422,0.1908,layer_12
min_rankme,col_norm,8,per_ckpt,199B,90,0.0211,0.8891,-0.0216,0.8452,layer_12
min_rankme,col_norm,8,per_ckpt,231B,90,-0.0213,0.8941,-0.0941,0.4805,layer_12
min_rankme,col_norm,8,per_ckpt,262B,90,-0.0259,0.8282,0.0046,0.967,layer_12
min_rankme,col_norm,8,per_ckpt,294B,90,0.0052,0.9411,-0.0296,0.6184,layer_12
min_rankme,col_norm,8,per_ckpt,325B,90,0.1601,0.0629,0.1722,0.018,layer_12
min_rankme,col_norm,8,per_ckpt,352B,90,0.0497,0.6374,0.1002,0.3387,layer_12
min_rankme,col_norm,8,per_ckpt,384B,90,-0.0345,0.7812,-0.0423,0.7532,layer_12
min_rankme,col_norm,8,per_ckpt,415B,90,0.1785,0.1658,0.13,0.2737,layer_12
min_rankme,col_norm,8,per_ckpt,447B,90,0.1048,0.1708,0.1285,0.1389,layer_12
min_rankme,col_norm,8,per_ckpt,478B,90,0.0621,0.6174,0.0611,0.6074,layer_12
min_rankme,col_norm,8,per_ckpt,510B,90,-0.0228,0.8811,-0.0264,0.8671,layer_12
min_rankme,col_norm,8,per_ckpt,541B,90,-0.0534,0.6553,-0.03,0.7992,layer_12
min_rankme,col_norm,8,per_ckpt,573B,90,-0.0131,0.8621,0.0105,0.8881,layer_12
min_rankme,col_norm,8,per_ckpt,main,90,0.0372,0.7063,0.0823,0.3846,layer_12
norm_asym,row_norm,4,per_ckpt,10B,90,0.0098,0.954,0.0118,0.9411,layer_12
norm_asym,row_norm,4,per_ckpt,42B,90,-0.0176,0.9061,-0.0147,0.9211,layer_12
norm_asym,row_norm,4,per_ckpt,73B,90,-0.3399,0.1129,-0.3596,0.0919,layer_12
norm_asym,row_norm,4,per_ckpt,105B,90,-0.2265,0.3367,-0.244,0.2957,layer_12
norm_asym,row_norm,4,per_ckpt,136B,90,-0.0832,0.7103,-0.0636,0.7972,layer_12
norm_asym,row_norm,4,per_ckpt,168B,90,-0.0969,0.6743,-0.113,0.6384,layer_12
norm_asym,row_norm,4,per_ckpt,199B,90,-0.2269,0.3047,-0.2497,0.2458,layer_12
norm_asym,row_norm,4,per_ckpt,231B,90,-0.3927,0.033,-0.4101,0.027,layer_12
norm_asym,row_norm,4,per_ckpt,262B,90,-0.2526,0.2198,-0.3198,0.1189,layer_12
norm_asym,row_norm,4,per_ckpt,294B,90,0.0362,0.8741,0.0559,0.8012,layer_12
norm_asym,row_norm,4,per_ckpt,325B,90,-0.0244,0.8991,-0.008,0.971,layer_12
norm_asym,row_norm,4,per_ckpt,352B,90,-0.0681,0.7443,-0.0867,0.6813,layer_12
norm_asym,row_norm,4,per_ckpt,384B,90,-0.0717,0.7682,-0.1102,0.6414,layer_12
norm_asym,row_norm,4,per_ckpt,415B,90,-0.242,0.2967,-0.2896,0.2328,layer_12
norm_asym,row_norm,4,per_ckpt,447B,90,-0.3172,0.1598,-0.2997,0.1878,layer_12
norm_asym,row_norm,4,per_ckpt,478B,90,-0.1249,0.6044,-0.1221,0.6234,layer_12
norm_asym,row_norm,4,per_ckpt,510B,90,-0.01,0.9091,-0.0593,0.5485,layer_12
norm_asym,row_norm,4,per_ckpt,541B,90,0.2704,0.2637,0.2262,0.3686,layer_12
norm_asym,row_norm,4,per_ckpt,573B,90,-0.1274,0.5954,-0.0944,0.7003,layer_12
norm_asym,row_norm,4,per_ckpt,main,90,0.0544,0.7173,0.0358,0.8052,layer_12
norm_asym,row_norm,8,per_ckpt,10B,90,-0.0666,0.6893,-0.1773,0.3087,layer_12
norm_asym,row_norm,8,per_ckpt,42B,90,0.0367,0.8062,0.0386,0.7862,layer_12
norm_asym,row_norm,8,per_ckpt,73B,90,-0.0765,0.7153,-0.0846,0.7083,layer_12
norm_asym,row_norm,8,per_ckpt,105B,90,-0.1488,0.5824,-0.1972,0.4695,layer_12
norm_asym,row_norm,8,per_ckpt,136B,90,0.2554,0.1758,0.2643,0.1968,layer_12
norm_asym,row_norm,8,per_ckpt,168B,90,0.0121,0.9321,0.0358,0.7732,layer_12
norm_asym,row_norm,8,per_ckpt,199B,90,0.0766,0.7473,0.0831,0.7233,layer_12
norm_asym,row_norm,8,per_ckpt,231B,90,-0.3183,0.1079,-0.2966,0.1538,layer_12
norm_asym,row_norm,8,per_ckpt,262B,90,0.3558,0.0769,0.3652,0.0599,layer_12
norm_asym,row_norm,8,per_ckpt,294B,90,0.3548,0.019,0.3113,0.0639,layer_12
norm_asym,row_norm,8,per_ckpt,325B,90,-0.0295,0.9071,-0.0778,0.7692,layer_12
norm_asym,row_norm,8,per_ckpt,352B,90,-0.0668,0.7562,-0.083,0.6903,layer_12
norm_asym,row_norm,8,per_ckpt,384B,90,-0.1464,0.5145,-0.0999,0.6563,layer_12
norm_asym,row_norm,8,per_ckpt,415B,90,-0.0829,0.7043,-0.056,0.8022,layer_12
norm_asym,row_norm,8,per_ckpt,447B,90,0.2094,0.3127,0.1965,0.3377,layer_12
norm_asym,row_norm,8,per_ckpt,478B,90,0.0529,0.8531,0.0756,0.7942,layer_12
norm_asym,row_norm,8,per_ckpt,510B,90,0.0535,0.7942,0.0074,0.961,layer_12
norm_asym,row_norm,8,per_ckpt,541B,90,0.0961,0.6523,0.0815,0.7063,layer_12
norm_asym,row_norm,8,per_ckpt,573B,90,-0.0042,0.99,-0.0094,0.975,layer_12
norm_asym,row_norm,8,per_ckpt,main,90,0.0766,0.7632,0.093,0.6793,layer_12
norm_asym,col_norm,4,per_ckpt,10B,90,-0.1091,0.6943,-0.1092,0.6973,layer_12
norm_asym,col_norm,4,per_ckpt,42B,90,-0.0879,0.7712,-0.0651,0.8172,layer_12
norm_asym,col_norm,4,per_ckpt,73B,90,-0.0111,0.971,-0.0409,0.8921,layer_12
norm_asym,col_norm,4,per_ckpt,105B,90,-0.148,0.6374,-0.1763,0.5774,layer_12
norm_asym,col_norm,4,per_ckpt,136B,90,-0.3545,0.1998,-0.3728,0.1798,layer_12
norm_asym,col_norm,4,per_ckpt,168B,90,-0.1363,0.6713,-0.1608,0.6204,layer_12
norm_asym,col_norm,4,per_ckpt,199B,90,0.4607,0.0949,0.4417,0.1049,layer_12
norm_asym,col_norm,4,per_ckpt,231B,90,0.4486,0.1489,0.3894,0.2248,layer_12
norm_asym,col_norm,4,per_ckpt,262B,90,-0.0826,0.7403,-0.0863,0.7233,layer_12
norm_asym,col_norm,4,per_ckpt,294B,90,-0.3586,0.1698,-0.3634,0.1678,layer_12
norm_asym,col_norm,4,per_ckpt,325B,90,-0.181,0.5345,-0.1631,0.5864,layer_12
norm_asym,col_norm,4,per_ckpt,352B,90,-0.1453,0.6324,-0.1553,0.6064,layer_12
norm_asym,col_norm,4,per_ckpt,384B,90,-0.0755,0.7762,-0.04,0.8841,layer_12
norm_asym,col_norm,4,per_ckpt,415B,90,-0.0847,0.7193,-0.0739,0.7552,layer_12
norm_asym,col_norm,4,per_ckpt,447B,90,0.2845,0.2867,0.2454,0.3796,layer_12
norm_asym,col_norm,4,per_ckpt,478B,90,-0.2785,0.3217,-0.2444,0.3846,layer_12
norm_asym,col_norm,4,per_ckpt,510B,90,-0.0993,0.7303,-0.0792,0.7862,layer_12
norm_asym,col_norm,4,per_ckpt,541B,90,0.0956,0.7213,0.1273,0.6204,layer_12
norm_asym,col_norm,4,per_ckpt,573B,90,-0.2955,0.3087,-0.2827,0.3307,layer_12
norm_asym,col_norm,4,per_ckpt,main,90,-0.2929,0.2747,-0.2773,0.2957,layer_12
norm_asym,col_norm,8,per_ckpt,10B,90,-0.1497,0.5614,-0.1228,0.6294,layer_12
norm_asym,col_norm,8,per_ckpt,42B,90,-0.5201,0.049,-0.4841,0.0619,layer_12
norm_asym,col_norm,8,per_ckpt,73B,90,-0.1314,0.6404,-0.1519,0.5904,layer_12
norm_asym,col_norm,8,per_ckpt,105B,90,-0.2502,0.3217,-0.234,0.3806,layer_12
norm_asym,col_norm,8,per_ckpt,136B,90,-0.424,0.1848,-0.3754,0.2458,layer_12
norm_asym,col_norm,8,per_ckpt,168B,90,-0.1547,0.5654,-0.0905,0.7373,layer_12
norm_asym,col_norm,8,per_ckpt,199B,90,-0.5615,0.012,-0.5429,0.018,layer_12
norm_asym,col_norm,8,per_ckpt,231B,90,0.1249,0.6533,0.1673,0.5574,layer_12
norm_asym,col_norm,8,per_ckpt,262B,90,-0.1135,0.6943,-0.1177,0.6793,layer_12
norm_asym,col_norm,8,per_ckpt,294B,90,-0.1919,0.5385,-0.2078,0.5125,layer_12
norm_asym,col_norm,8,per_ckpt,325B,90,-0.0492,0.8691,-0.0373,0.8911,layer_12
norm_asym,col_norm,8,per_ckpt,352B,90,-0.2736,0.2977,-0.2578,0.3397,layer_12
norm_asym,col_norm,8,per_ckpt,384B,90,0.0077,0.98,-0.0362,0.9021,layer_12
norm_asym,col_norm,8,per_ckpt,415B,90,-0.2521,0.3217,-0.2733,0.3027,layer_12
norm_asym,col_norm,8,per_ckpt,447B,90,-0.1469,0.6474,-0.1344,0.6603,layer_12
norm_asym,col_norm,8,per_ckpt,478B,90,0.1481,0.6274,0.1042,0.7243,layer_12
norm_asym,col_norm,8,per_ckpt,510B,90,-0.2869,0.1538,-0.2505,0.2058,layer_12
norm_asym,col_norm,8,per_ckpt,541B,90,0.166,0.5604,0.1637,0.5604,layer_12
norm_asym,col_norm,8,per_ckpt,573B,90,-0.2184,0.4665,-0.138,0.6553,layer_12
norm_asym,col_norm,8,per_ckpt,main,90,-0.1278,0.6384,-0.1209,0.6563,layer_12
abs_diff,row_norm,4,pooled,,1800,0.0627,0.0078,0.0795,0.0007,layer_13
abs_diff,row_norm,8,pooled,,1800,-0.0235,0.3194,-0.0223,0.3449,layer_13
abs_diff,col_norm,4,pooled,,1800,0.0491,0.0372,0.058,0.0138,layer_13
abs_diff,col_norm,8,pooled,,1800,-0.0122,0.6061,-0.0161,0.4961,layer_13
signed_diff,row_norm,4,pooled,,1800,-0.0744,0.0016,-0.067,0.0044,layer_13
signed_diff,row_norm,8,pooled,,1800,-0.0242,0.3049,-0.0413,0.0795,layer_13
signed_diff,col_norm,4,pooled,,1800,-0.0942,0.0001,-0.0946,0.0001,layer_13
signed_diff,col_norm,8,pooled,,1800,-0.1948,0.0,-0.188,0.0,layer_13
min_rankme,row_norm,4,pooled,,1800,-0.0897,0.0001,-0.0692,0.0033,layer_13
min_rankme,row_norm,8,pooled,,1800,0.0435,0.0649,0.0175,0.4589,layer_13
min_rankme,col_norm,4,pooled,,1800,-0.0641,0.0066,-0.0469,0.0467,layer_13
min_rankme,col_norm,8,pooled,,1800,0.0278,0.2386,0.0171,0.4683,layer_13
norm_asym,row_norm,4,pooled,,1800,-0.1072,0.0,-0.1179,0.0,layer_13
norm_asym,row_norm,8,pooled,,1800,0.0194,0.4107,0.0098,0.6777,layer_13
norm_asym,col_norm,4,pooled,,1800,-0.0747,0.0015,-0.0687,0.0036,layer_13
norm_asym,col_norm,8,pooled,,1800,-0.1557,0.0,-0.1428,0.0,layer_13
abs_diff,row_norm,4,per_ckpt,10B,90,0.1979,0.035,0.1831,0.0819,layer_13
abs_diff,row_norm,4,per_ckpt,42B,90,0.2055,0.05,0.1632,0.1558,layer_13
abs_diff,row_norm,4,per_ckpt,73B,90,0.0604,0.5684,0.0364,0.7303,layer_13
abs_diff,row_norm,4,per_ckpt,105B,90,0.0828,0.3996,0.1018,0.2997,layer_13
abs_diff,row_norm,4,per_ckpt,136B,90,0.1387,0.1708,0.1622,0.1309,layer_13
abs_diff,row_norm,4,per_ckpt,168B,90,-0.013,0.8891,0.0228,0.8382,layer_13
abs_diff,row_norm,4,per_ckpt,199B,90,-0.0977,0.3427,-0.0894,0.4256,layer_13
abs_diff,row_norm,4,per_ckpt,231B,90,-0.0516,0.6304,-0.0748,0.4935,layer_13
abs_diff,row_norm,4,per_ckpt,262B,90,0.1406,0.2058,0.1079,0.3866,layer_13
abs_diff,row_norm,4,per_ckpt,294B,90,-0.0045,0.976,-0.0339,0.8302,layer_13
abs_diff,row_norm,4,per_ckpt,325B,90,0.0723,0.5644,0.0788,0.5205,layer_13
abs_diff,row_norm,4,per_ckpt,352B,90,0.0056,0.953,-0.0217,0.8661,layer_13
abs_diff,row_norm,4,per_ckpt,384B,90,0.1527,0.1149,0.1932,0.0629,layer_13
abs_diff,row_norm,4,per_ckpt,415B,90,0.0437,0.6583,0.0772,0.4286,layer_13
abs_diff,row_norm,4,per_ckpt,447B,90,-0.0964,0.3586,-0.1176,0.3127,layer_13
abs_diff,row_norm,4,per_ckpt,478B,90,0.1137,0.2478,0.1207,0.2527,layer_13
abs_diff,row_norm,4,per_ckpt,510B,90,0.1155,0.3516,0.1609,0.2278,layer_13
abs_diff,row_norm,4,per_ckpt,541B,90,0.0222,0.7832,0.0532,0.5105,layer_13
abs_diff,row_norm,4,per_ckpt,573B,90,-0.0444,0.6284,-0.041,0.6673,layer_13
abs_diff,row_norm,4,per_ckpt,main,90,-0.027,0.8012,0.0194,0.8501,layer_13
abs_diff,row_norm,8,per_ckpt,10B,90,0.1313,0.3017,0.1126,0.3906,layer_13
abs_diff,row_norm,8,per_ckpt,42B,90,0.0724,0.5215,0.0829,0.4845,layer_13
abs_diff,row_norm,8,per_ckpt,73B,90,-0.2683,0.004,-0.2901,0.003,layer_13
abs_diff,row_norm,8,per_ckpt,105B,90,0.0802,0.3217,0.0642,0.4036,layer_13
abs_diff,row_norm,8,per_ckpt,136B,90,0.0883,0.4615,0.1353,0.2597,layer_13
abs_diff,row_norm,8,per_ckpt,168B,90,-0.0173,0.8821,-0.0022,0.994,layer_13
abs_diff,row_norm,8,per_ckpt,199B,90,0.0001,1.0,-0.0156,0.8771,layer_13
abs_diff,row_norm,8,per_ckpt,231B,90,-0.0226,0.8472,-0.0356,0.7612,layer_13
abs_diff,row_norm,8,per_ckpt,262B,90,0.0317,0.7672,0.0425,0.7363,layer_13
abs_diff,row_norm,8,per_ckpt,294B,90,0.0201,0.8482,-0.0287,0.7992,layer_13
abs_diff,row_norm,8,per_ckpt,325B,90,-0.2097,0.024,-0.133,0.1319,layer_13
abs_diff,row_norm,8,per_ckpt,352B,90,-0.0501,0.6094,-0.0468,0.6454,layer_13
abs_diff,row_norm,8,per_ckpt,384B,90,-0.1599,0.1259,-0.143,0.2178,layer_13
abs_diff,row_norm,8,per_ckpt,415B,90,-0.2242,0.031,-0.2305,0.026,layer_13
abs_diff,row_norm,8,per_ckpt,447B,90,0.0008,0.992,-0.0075,0.954,layer_13
abs_diff,row_norm,8,per_ckpt,478B,90,-0.1913,0.037,-0.1993,0.033,layer_13
abs_diff,row_norm,8,per_ckpt,510B,90,0.0565,0.6214,0.057,0.6523,layer_13
abs_diff,row_norm,8,per_ckpt,541B,90,0.1554,0.1369,0.1881,0.0829,layer_13
abs_diff,row_norm,8,per_ckpt,573B,90,-0.0324,0.7562,0.0052,0.962,layer_13
abs_diff,row_norm,8,per_ckpt,main,90,-0.0147,0.8731,-0.0593,0.5694,layer_13
abs_diff,col_norm,4,per_ckpt,10B,90,0.0945,0.0699,0.0937,0.1149,layer_13
abs_diff,col_norm,4,per_ckpt,42B,90,0.0791,0.0579,0.0725,0.1129,layer_13
abs_diff,col_norm,4,per_ckpt,73B,90,0.0062,0.9301,0.0204,0.7662,layer_13
abs_diff,col_norm,4,per_ckpt,105B,90,0.0451,0.4895,0.0652,0.3127,layer_13
abs_diff,col_norm,4,per_ckpt,136B,90,0.1683,0.0579,0.1384,0.1239,layer_13
abs_diff,col_norm,4,per_ckpt,168B,90,0.0081,0.8911,0.0108,0.8841,layer_13
abs_diff,col_norm,4,per_ckpt,199B,90,-0.0527,0.4595,-0.0581,0.4456,layer_13
abs_diff,col_norm,4,per_ckpt,231B,90,-0.032,0.5674,-0.0285,0.5914,layer_13
abs_diff,col_norm,4,per_ckpt,262B,90,0.1237,0.2318,0.1012,0.3806,layer_13
abs_diff,col_norm,4,per_ckpt,294B,90,-0.0299,0.8012,-0.0288,0.8222,layer_13
abs_diff,col_norm,4,per_ckpt,325B,90,0.0558,0.5195,0.0569,0.5245,layer_13
abs_diff,col_norm,4,per_ckpt,352B,90,-0.0054,0.9381,-0.0144,0.8731,layer_13
abs_diff,col_norm,4,per_ckpt,384B,90,0.159,0.0629,0.17,0.0579,layer_13
abs_diff,col_norm,4,per_ckpt,415B,90,0.07,0.4406,0.0764,0.4126,layer_13
abs_diff,col_norm,4,per_ckpt,447B,90,-0.0979,0.2527,-0.0973,0.2867,layer_13
abs_diff,col_norm,4,per_ckpt,478B,90,0.0827,0.3437,0.1077,0.2507,layer_13
abs_diff,col_norm,4,per_ckpt,510B,90,0.0692,0.3167,0.0885,0.2517,layer_13
abs_diff,col_norm,4,per_ckpt,541B,90,0.0524,0.5145,0.0584,0.4775,layer_13
abs_diff,col_norm,4,per_ckpt,573B,90,-0.0291,0.6294,-0.0244,0.7133,layer_13
abs_diff,col_norm,4,per_ckpt,main,90,0.0108,0.8791,0.0134,0.8501,layer_13
abs_diff,col_norm,8,per_ckpt,10B,90,0.1289,0.1588,0.0931,0.3726,layer_13
abs_diff,col_norm,8,per_ckpt,42B,90,0.0808,0.2398,0.0591,0.4306,layer_13
abs_diff,col_norm,8,per_ckpt,73B,90,-0.2478,0.002,-0.234,0.004,layer_13
abs_diff,col_norm,8,per_ckpt,105B,90,0.0961,0.2817,0.0787,0.3656,layer_13
abs_diff,col_norm,8,per_ckpt,136B,90,0.0198,0.7423,0.074,0.1618,layer_13
abs_diff,col_norm,8,per_ckpt,168B,90,0.0487,0.5075,0.0017,0.987,layer_13
abs_diff,col_norm,8,per_ckpt,199B,90,-0.0639,0.4855,-0.0117,0.8931,layer_13
abs_diff,col_norm,8,per_ckpt,231B,90,-0.0492,0.5804,-0.0307,0.7502,layer_13
abs_diff,col_norm,8,per_ckpt,262B,90,0.0162,0.8541,0.0316,0.7622,layer_13
abs_diff,col_norm,8,per_ckpt,294B,90,-0.0278,0.5874,-0.0176,0.7253,layer_13
abs_diff,col_norm,8,per_ckpt,325B,90,-0.0923,0.1998,-0.1058,0.1319,layer_13
abs_diff,col_norm,8,per_ckpt,352B,90,0.0092,0.9081,-0.0363,0.6633,layer_13
abs_diff,col_norm,8,per_ckpt,384B,90,-0.0993,0.1858,-0.1117,0.2088,layer_13
abs_diff,col_norm,8,per_ckpt,415B,90,-0.1618,0.0539,-0.1921,0.022,layer_13
abs_diff,col_norm,8,per_ckpt,447B,90,0.0106,0.8801,-0.0097,0.9111,layer_13
abs_diff,col_norm,8,per_ckpt,478B,90,-0.1334,0.0779,-0.1682,0.046,layer_13
abs_diff,col_norm,8,per_ckpt,510B,90,0.0863,0.4406,0.0567,0.6424,layer_13
abs_diff,col_norm,8,per_ckpt,541B,90,0.1669,0.019,0.1363,0.0919,layer_13
abs_diff,col_norm,8,per_ckpt,573B,90,-0.0192,0.7872,0.002,0.977,layer_13
abs_diff,col_norm,8,per_ckpt,main,90,-0.0279,0.7133,-0.042,0.5914,layer_13
signed_diff,row_norm,4,per_ckpt,10B,90,0.1229,0.5794,0.1383,0.5355,layer_13
signed_diff,row_norm,4,per_ckpt,42B,90,0.0438,0.7642,0.0673,0.6903,layer_13
signed_diff,row_norm,4,per_ckpt,73B,90,-0.2938,0.1938,-0.2795,0.2288,layer_13
signed_diff,row_norm,4,per_ckpt,105B,90,-0.1246,0.6144,-0.1142,0.6464,layer_13
signed_diff,row_norm,4,per_ckpt,136B,90,-0.1043,0.6523,-0.1141,0.6444,layer_13
signed_diff,row_norm,4,per_ckpt,168B,90,0.0035,0.989,-0.01,0.969,layer_13
signed_diff,row_norm,4,per_ckpt,199B,90,-0.2539,0.2537,-0.2397,0.2757,layer_13
signed_diff,row_norm,4,per_ckpt,231B,90,-0.3264,0.0779,-0.3042,0.1279,layer_13
signed_diff,row_norm,4,per_ckpt,262B,90,-0.0916,0.6683,-0.1038,0.6623,layer_13
signed_diff,row_norm,4,per_ckpt,294B,90,-0.0696,0.7562,-0.0638,0.7942,layer_13
signed_diff,row_norm,4,per_ckpt,325B,90,0.0743,0.7043,0.1229,0.5824,layer_13
signed_diff,row_norm,4,per_ckpt,352B,90,-0.1919,0.3916,-0.2339,0.3297,layer_13
signed_diff,row_norm,4,per_ckpt,384B,90,0.0239,0.9271,0.0052,0.986,layer_13
signed_diff,row_norm,4,per_ckpt,415B,90,-0.1413,0.5664,-0.1587,0.5155,layer_13
signed_diff,row_norm,4,per_ckpt,447B,90,-0.3473,0.1239,-0.3632,0.0999,layer_13
signed_diff,row_norm,4,per_ckpt,478B,90,-0.0733,0.7852,-0.0771,0.7772,layer_13
signed_diff,row_norm,4,per_ckpt,510B,90,0.004,0.969,-0.0708,0.4436,layer_13
signed_diff,row_norm,4,per_ckpt,541B,90,0.2874,0.2198,0.2528,0.3047,layer_13
signed_diff,row_norm,4,per_ckpt,573B,90,-0.2182,0.4066,-0.2292,0.4076,layer_13
signed_diff,row_norm,4,per_ckpt,main,90,0.0358,0.8462,0.0045,0.984,layer_13
signed_diff,row_norm,8,per_ckpt,10B,90,-0.0191,0.9141,-0.0899,0.6613,layer_13
signed_diff,row_norm,8,per_ckpt,42B,90,0.0207,0.8961,0.0347,0.8172,layer_13
signed_diff,row_norm,8,per_ckpt,73B,90,-0.1358,0.5015,-0.1772,0.4156,layer_13
signed_diff,row_norm,8,per_ckpt,105B,90,-0.1206,0.6793,-0.1886,0.5774,layer_13
signed_diff,row_norm,8,per_ckpt,136B,90,0.1456,0.4855,0.1139,0.6074,layer_13
signed_diff,row_norm,8,per_ckpt,168B,90,0.0369,0.7692,0.0435,0.7443,layer_13
signed_diff,row_norm,8,per_ckpt,199B,90,-0.0254,0.9301,-0.0382,0.8951,layer_13
signed_diff,row_norm,8,per_ckpt,231B,90,-0.3187,0.1109,-0.3042,0.1369,layer_13
signed_diff,row_norm,8,per_ckpt,262B,90,0.4664,0.025,0.4538,0.024,layer_13
signed_diff,row_norm,8,per_ckpt,294B,90,0.3197,0.0509,0.2996,0.0749,layer_13
signed_diff,row_norm,8,per_ckpt,325B,90,-0.1349,0.5884,-0.2015,0.4416,layer_13
signed_diff,row_norm,8,per_ckpt,352B,90,-0.0924,0.6763,-0.1021,0.6593,layer_13
signed_diff,row_norm,8,per_ckpt,384B,90,-0.3267,0.1239,-0.3136,0.1309,layer_13
signed_diff,row_norm,8,per_ckpt,415B,90,-0.1786,0.4196,-0.1953,0.3976,layer_13
signed_diff,row_norm,8,per_ckpt,447B,90,0.1261,0.5365,0.0747,0.7123,layer_13
signed_diff,row_norm,8,per_ckpt,478B,90,-0.0646,0.8052,-0.0676,0.7892,layer_13
signed_diff,row_norm,8,per_ckpt,510B,90,0.0414,0.8232,-0.0052,0.981,layer_13
signed_diff,row_norm,8,per_ckpt,541B,90,0.094,0.6883,0.0912,0.7063,layer_13
signed_diff,row_norm,8,per_ckpt,573B,90,-0.0329,0.9001,-0.0349,0.8791,layer_13
signed_diff,row_norm,8,per_ckpt,main,90,0.0354,0.8911,0.0132,0.96,layer_13
signed_diff,col_norm,4,per_ckpt,10B,90,-0.1873,0.5255,-0.1923,0.5105,layer_13
signed_diff,col_norm,4,per_ckpt,42B,90,-0.0539,0.8671,-0.0242,0.9291,layer_13
signed_diff,col_norm,4,per_ckpt,73B,90,0.0686,0.8312,0.091,0.7712,layer_13
signed_diff,col_norm,4,per_ckpt,105B,90,-0.0844,0.7732,-0.0666,0.8232,layer_13
signed_diff,col_norm,4,per_ckpt,136B,90,-0.3495,0.2078,-0.3619,0.1938,layer_13
signed_diff,col_norm,4,per_ckpt,168B,90,-0.1453,0.6224,-0.1276,0.6713,layer_13
signed_diff,col_norm,4,per_ckpt,199B,90,0.4584,0.1069,0.4547,0.1129,layer_13
signed_diff,col_norm,4,per_ckpt,231B,90,0.5717,0.049,0.5564,0.0659,layer_13
signed_diff,col_norm,4,per_ckpt,262B,90,-0.1665,0.5125,-0.1501,0.5554,layer_13
signed_diff,col_norm,4,per_ckpt,294B,90,-0.3197,0.2368,-0.3413,0.2158,layer_13
signed_diff,col_norm,4,per_ckpt,325B,90,-0.2811,0.3287,-0.2851,0.3357,layer_13
signed_diff,col_norm,4,per_ckpt,352B,90,0.0067,0.984,0.0062,0.981,layer_13
signed_diff,col_norm,4,per_ckpt,384B,90,-0.2793,0.2957,-0.2621,0.3177,layer_13
signed_diff,col_norm,4,per_ckpt,415B,90,-0.1681,0.5275,-0.1867,0.4865,layer_13
signed_diff,col_norm,4,per_ckpt,447B,90,0.2557,0.3536,0.2065,0.4645,layer_13
signed_diff,col_norm,4,per_ckpt,478B,90,-0.3445,0.2198,-0.343,0.2238,layer_13
signed_diff,col_norm,4,per_ckpt,510B,90,-0.2452,0.3996,-0.252,0.3996,layer_13
signed_diff,col_norm,4,per_ckpt,541B,90,0.0043,0.991,0.0077,0.983,layer_13
signed_diff,col_norm,4,per_ckpt,573B,90,-0.2871,0.3397,-0.2945,0.3337,layer_13
signed_diff,col_norm,4,per_ckpt,main,90,-0.3464,0.2238,-0.3606,0.2048,layer_13
signed_diff,col_norm,8,per_ckpt,10B,90,-0.282,0.2837,-0.2558,0.3307,layer_13
signed_diff,col_norm,8,per_ckpt,42B,90,-0.6262,0.012,-0.595,0.015,layer_13
signed_diff,col_norm,8,per_ckpt,73B,90,-0.1674,0.5445,-0.2113,0.4505,layer_13
signed_diff,col_norm,8,per_ckpt,105B,90,-0.3068,0.2148,-0.3194,0.2108,layer_13
signed_diff,col_norm,8,per_ckpt,136B,90,-0.5964,0.0509,-0.6063,0.047,layer_13
signed_diff,col_norm,8,per_ckpt,168B,90,-0.3002,0.2787,-0.2819,0.3427,layer_13
signed_diff,col_norm,8,per_ckpt,199B,90,-0.583,0.003,-0.5821,0.003,layer_13
signed_diff,col_norm,8,per_ckpt,231B,90,0.0009,0.997,-0.0011,0.997,layer_13
signed_diff,col_norm,8,per_ckpt,262B,90,-0.0785,0.7792,-0.039,0.8971,layer_13
signed_diff,col_norm,8,per_ckpt,294B,90,-0.194,0.5395,-0.2256,0.4945,layer_13
signed_diff,col_norm,8,per_ckpt,325B,90,-0.0869,0.7772,-0.1261,0.6753,layer_13
signed_diff,col_norm,8,per_ckpt,352B,90,-0.3619,0.1768,-0.3603,0.1848,layer_13
signed_diff,col_norm,8,per_ckpt,384B,90,0.1069,0.7163,0.0638,0.8222,layer_13
signed_diff,col_norm,8,per_ckpt,415B,90,-0.1841,0.4785,-0.2055,0.4595,layer_13
signed_diff,col_norm,8,per_ckpt,447B,90,-0.1202,0.6943,-0.1363,0.6603,layer_13
signed_diff,col_norm,8,per_ckpt,478B,90,0.3537,0.2028,0.3334,0.2268,layer_13
signed_diff,col_norm,8,per_ckpt,510B,90,-0.263,0.1888,-0.2528,0.2048,layer_13
signed_diff,col_norm,8,per_ckpt,541B,90,0.0885,0.7453,0.0729,0.7932,layer_13
signed_diff,col_norm,8,per_ckpt,573B,90,-0.3099,0.3117,-0.2669,0.4056,layer_13
signed_diff,col_norm,8,per_ckpt,main,90,-0.1605,0.5814,-0.177,0.5644,layer_13
min_rankme,row_norm,4,per_ckpt,10B,90,0.0248,0.8751,0.0911,0.5155,layer_13
min_rankme,row_norm,4,per_ckpt,42B,90,-0.007,0.97,0.086,0.6114,layer_13
min_rankme,row_norm,4,per_ckpt,73B,90,-0.0766,0.6234,-0.0589,0.7562,layer_13
min_rankme,row_norm,4,per_ckpt,105B,90,-0.0373,0.8322,-0.0645,0.6863,layer_13
min_rankme,row_norm,4,per_ckpt,136B,90,-0.1374,0.3666,-0.2026,0.1738,layer_13
min_rankme,row_norm,4,per_ckpt,168B,90,-0.0881,0.6034,-0.0402,0.8052,layer_13
min_rankme,row_norm,4,per_ckpt,199B,90,-0.1948,0.2368,-0.2691,0.0729,layer_13
min_rankme,row_norm,4,per_ckpt,231B,90,-0.2383,0.1578,-0.2202,0.1489,layer_13
min_rankme,row_norm,4,per_ckpt,262B,90,-0.3232,0.048,-0.2973,0.0559,layer_13
min_rankme,row_norm,4,per_ckpt,294B,90,0.0059,0.987,0.008,0.967,layer_13
min_rankme,row_norm,4,per_ckpt,325B,90,0.0879,0.6404,0.1498,0.3656,layer_13
min_rankme,row_norm,4,per_ckpt,352B,90,-0.1109,0.5085,-0.1676,0.2617,layer_13
min_rankme,row_norm,4,per_ckpt,384B,90,-0.0389,0.7742,-0.0486,0.6803,layer_13
min_rankme,row_norm,4,per_ckpt,415B,90,-0.1392,0.3077,-0.1262,0.3696,layer_13
min_rankme,row_norm,4,per_ckpt,447B,90,-0.2668,0.0799,-0.2899,0.05,layer_13
min_rankme,row_norm,4,per_ckpt,478B,90,-0.1608,0.3057,-0.1457,0.3197,layer_13
min_rankme,row_norm,4,per_ckpt,510B,90,-0.3255,0.0589,-0.2668,0.1249,layer_13
min_rankme,row_norm,4,per_ckpt,541B,90,0.0822,0.5295,0.0717,0.5315,layer_13
min_rankme,row_norm,4,per_ckpt,573B,90,-0.1613,0.2468,-0.2005,0.1199,layer_13
min_rankme,row_norm,4,per_ckpt,main,90,-0.0671,0.6613,-0.1421,0.3337,layer_13
min_rankme,row_norm,8,per_ckpt,10B,90,-0.2627,0.1778,-0.2251,0.2128,layer_13
min_rankme,row_norm,8,per_ckpt,42B,90,0.3093,0.0619,0.227,0.1598,layer_13
min_rankme,row_norm,8,per_ckpt,73B,90,0.202,0.2677,0.1457,0.3986,layer_13
min_rankme,row_norm,8,per_ckpt,105B,90,-0.1183,0.2917,-0.0968,0.3297,layer_13
min_rankme,row_norm,8,per_ckpt,136B,90,0.2404,0.1578,0.2762,0.0889,layer_13
min_rankme,row_norm,8,per_ckpt,168B,90,-0.1661,0.3806,-0.2092,0.2218,layer_13
min_rankme,row_norm,8,per_ckpt,199B,90,-0.015,0.9251,-0.034,0.7772,layer_13
min_rankme,row_norm,8,per_ckpt,231B,90,-0.0684,0.7173,-0.1248,0.4416,layer_13
min_rankme,row_norm,8,per_ckpt,262B,90,0.018,0.9161,0.0169,0.9071,layer_13
min_rankme,row_norm,8,per_ckpt,294B,90,-0.0842,0.5035,-0.1001,0.4306,layer_13
min_rankme,row_norm,8,per_ckpt,325B,90,0.2429,0.017,0.1998,0.043,layer_13
min_rankme,row_norm,8,per_ckpt,352B,90,0.0341,0.8242,0.1124,0.3806,layer_13
min_rankme,row_norm,8,per_ckpt,384B,90,-0.0567,0.7642,-0.0788,0.6424,layer_13
min_rankme,row_norm,8,per_ckpt,415B,90,0.1937,0.2268,0.158,0.2667,layer_13
min_rankme,row_norm,8,per_ckpt,447B,90,0.1656,0.1359,0.167,0.1558,layer_13
min_rankme,row_norm,8,per_ckpt,478B,90,0.141,0.3047,0.0641,0.6324,layer_13
min_rankme,row_norm,8,per_ckpt,510B,90,-0.0062,0.979,-0.0373,0.8252,layer_13
min_rankme,row_norm,8,per_ckpt,541B,90,-0.0126,0.954,-0.0663,0.6643,layer_13
min_rankme,row_norm,8,per_ckpt,573B,90,-0.0264,0.8691,-0.028,0.8352,layer_13
min_rankme,row_norm,8,per_ckpt,main,90,0.0535,0.6444,0.104,0.3976,layer_13
min_rankme,col_norm,4,per_ckpt,10B,90,0.0276,0.7283,0.0611,0.4605,layer_13
min_rankme,col_norm,4,per_ckpt,42B,90,0.001,0.993,0.0399,0.5724,layer_13
min_rankme,col_norm,4,per_ckpt,73B,90,-0.0322,0.7792,-0.0356,0.7782,layer_13
min_rankme,col_norm,4,per_ckpt,105B,90,-0.0229,0.8252,-0.0434,0.6833,layer_13
min_rankme,col_norm,4,per_ckpt,136B,90,-0.0996,0.4515,-0.1752,0.1608,layer_13
min_rankme,col_norm,4,per_ckpt,168B,90,-0.0477,0.6843,-0.0213,0.8402,layer_13
min_rankme,col_norm,4,per_ckpt,199B,90,-0.1526,0.1469,-0.1744,0.0839,layer_13
min_rankme,col_norm,4,per_ckpt,231B,90,-0.089,0.2827,-0.1068,0.1608,layer_13
min_rankme,col_norm,4,per_ckpt,262B,90,-0.3099,0.032,-0.2747,0.0519,layer_13
min_rankme,col_norm,4,per_ckpt,294B,90,0.0164,0.9271,0.0094,0.953,layer_13
min_rankme,col_norm,4,per_ckpt,325B,90,0.048,0.7013,0.1045,0.3826,layer_13
min_rankme,col_norm,4,per_ckpt,352B,90,-0.0727,0.5864,-0.1216,0.2348,layer_13
min_rankme,col_norm,4,per_ckpt,384B,90,-0.0557,0.5854,-0.0381,0.7083,layer_13
min_rankme,col_norm,4,per_ckpt,415B,90,-0.1781,0.1568,-0.1188,0.3656,layer_13
min_rankme,col_norm,4,per_ckpt,447B,90,-0.2209,0.0729,-0.2173,0.0629,layer_13
min_rankme,col_norm,4,per_ckpt,478B,90,-0.1529,0.2308,-0.1294,0.3197,layer_13
min_rankme,col_norm,4,per_ckpt,510B,90,-0.1893,0.0729,-0.151,0.1229,layer_13
min_rankme,col_norm,4,per_ckpt,541B,90,0.0834,0.5105,0.0763,0.5205,layer_13
min_rankme,col_norm,4,per_ckpt,573B,90,-0.1011,0.2797,-0.143,0.1089,layer_13
min_rankme,col_norm,4,per_ckpt,main,90,-0.0642,0.5135,-0.0902,0.3317,layer_13
min_rankme,col_norm,8,per_ckpt,10B,90,-0.2067,0.1548,-0.1833,0.2008,layer_13
min_rankme,col_norm,8,per_ckpt,42B,90,0.1587,0.1059,0.1414,0.1668,layer_13
min_rankme,col_norm,8,per_ckpt,73B,90,0.1776,0.2577,0.1223,0.3876,layer_13
min_rankme,col_norm,8,per_ckpt,105B,90,-0.0453,0.6903,-0.1109,0.3167,layer_13
min_rankme,col_norm,8,per_ckpt,136B,90,0.1096,0.1778,0.121,0.0909,layer_13
min_rankme,col_norm,8,per_ckpt,168B,90,-0.1243,0.3037,-0.1351,0.2198,layer_13
min_rankme,col_norm,8,per_ckpt,199B,90,0.0142,0.9321,-0.0255,0.8132,layer_13
min_rankme,col_norm,8,per_ckpt,231B,90,-0.0213,0.8941,-0.1018,0.4466,layer_13
min_rankme,col_norm,8,per_ckpt,262B,90,-0.0255,0.8362,0.0111,0.9281,layer_13
min_rankme,col_norm,8,per_ckpt,294B,90,-0.0113,0.8911,-0.0294,0.6184,layer_13
min_rankme,col_norm,8,per_ckpt,325B,90,0.1601,0.0629,0.1717,0.02,layer_13
min_rankme,col_norm,8,per_ckpt,352B,90,0.0306,0.7682,0.1015,0.3337,layer_13
min_rankme,col_norm,8,per_ckpt,384B,90,-0.0555,0.6444,-0.0556,0.6753,layer_13
min_rankme,col_norm,8,per_ckpt,415B,90,0.1785,0.1658,0.1223,0.3077,layer_13
min_rankme,col_norm,8,per_ckpt,447B,90,0.1119,0.1429,0.1275,0.1419,layer_13
min_rankme,col_norm,8,per_ckpt,478B,90,0.0621,0.6174,0.0577,0.6314,layer_13
min_rankme,col_norm,8,per_ckpt,510B,90,-0.0228,0.8811,-0.0342,0.8372,layer_13
min_rankme,col_norm,8,per_ckpt,541B,90,-0.0534,0.6553,-0.0335,0.7782,layer_13
min_rankme,col_norm,8,per_ckpt,573B,90,-0.0131,0.8621,0.0069,0.9391,layer_13
min_rankme,col_norm,8,per_ckpt,main,90,0.0372,0.7063,0.0872,0.3526,layer_13
norm_asym,row_norm,4,per_ckpt,10B,90,0.0104,0.952,0.0142,0.9271,layer_13
norm_asym,row_norm,4,per_ckpt,42B,90,-0.0161,0.9141,-0.0137,0.9271,layer_13
norm_asym,row_norm,4,per_ckpt,73B,90,-0.3365,0.1199,-0.3591,0.0909,layer_13
norm_asym,row_norm,4,per_ckpt,105B,90,-0.2188,0.3556,-0.2373,0.3007,layer_13
norm_asym,row_norm,4,per_ckpt,136B,90,-0.0879,0.6963,-0.0726,0.7572,layer_13
norm_asym,row_norm,4,per_ckpt,168B,90,-0.1023,0.6633,-0.1134,0.6364,layer_13
norm_asym,row_norm,4,per_ckpt,199B,90,-0.2494,0.2657,-0.261,0.2308,layer_13
norm_asym,row_norm,4,per_ckpt,231B,90,-0.4002,0.028,-0.4073,0.028,layer_13
norm_asym,row_norm,4,per_ckpt,262B,90,-0.2272,0.2707,-0.3101,0.1299,layer_13
norm_asym,row_norm,4,per_ckpt,294B,90,0.0285,0.8941,0.0511,0.8132,layer_13
norm_asym,row_norm,4,per_ckpt,325B,90,-0.0216,0.9131,-0.0024,0.993,layer_13
norm_asym,row_norm,4,per_ckpt,352B,90,-0.0718,0.7363,-0.0877,0.6823,layer_13
norm_asym,row_norm,4,per_ckpt,384B,90,-0.0768,0.7393,-0.108,0.6434,layer_13
norm_asym,row_norm,4,per_ckpt,415B,90,-0.2365,0.3067,-0.2822,0.2398,layer_13
norm_asym,row_norm,4,per_ckpt,447B,90,-0.3102,0.1688,-0.2958,0.1948,layer_13
norm_asym,row_norm,4,per_ckpt,478B,90,-0.1076,0.6583,-0.117,0.6384,layer_13
norm_asym,row_norm,4,per_ckpt,510B,90,-0.0164,0.8591,-0.0615,0.5275,layer_13
norm_asym,row_norm,4,per_ckpt,541B,90,0.2718,0.2557,0.2284,0.3676,layer_13
norm_asym,row_norm,4,per_ckpt,573B,90,-0.1237,0.6054,-0.1031,0.6753,layer_13
norm_asym,row_norm,4,per_ckpt,main,90,0.0478,0.7542,0.0259,0.8541,layer_13
norm_asym,row_norm,8,per_ckpt,10B,90,-0.0689,0.6793,-0.1782,0.3067,layer_13
norm_asym,row_norm,8,per_ckpt,42B,90,0.0337,0.8282,0.0377,0.7922,layer_13
norm_asym,row_norm,8,per_ckpt,73B,90,-0.0869,0.6703,-0.0963,0.6753,layer_13
norm_asym,row_norm,8,per_ckpt,105B,90,-0.1521,0.5714,-0.2005,0.4655,layer_13
norm_asym,row_norm,8,per_ckpt,136B,90,0.2473,0.2038,0.2561,0.2148,layer_13
norm_asym,row_norm,8,per_ckpt,168B,90,0.0235,0.8492,0.0409,0.7493,layer_13
norm_asym,row_norm,8,per_ckpt,199B,90,0.0704,0.7642,0.0775,0.7403,layer_13
norm_asym,row_norm,8,per_ckpt,231B,90,-0.3266,0.0999,-0.3047,0.1379,layer_13
norm_asym,row_norm,8,per_ckpt,262B,90,0.3623,0.0779,0.3701,0.0579,layer_13
norm_asym,row_norm,8,per_ckpt,294B,90,0.3548,0.018,0.3128,0.0599,layer_13
norm_asym,row_norm,8,per_ckpt,325B,90,-0.0343,0.8901,-0.0796,0.7562,layer_13
norm_asym,row_norm,8,per_ckpt,352B,90,-0.0701,0.7453,-0.0768,0.7153,layer_13
norm_asym,row_norm,8,per_ckpt,384B,90,-0.1542,0.4825,-0.1135,0.6104,layer_13
norm_asym,row_norm,8,per_ckpt,415B,90,-0.0802,0.7153,-0.0615,0.7842,layer_13
norm_asym,row_norm,8,per_ckpt,447B,90,0.2088,0.3147,0.195,0.3407,layer_13
norm_asym,row_norm,8,per_ckpt,478B,90,0.0628,0.8252,0.0815,0.7762,layer_13
norm_asym,row_norm,8,per_ckpt,510B,90,0.0484,0.8202,0.0008,0.996,layer_13
norm_asym,row_norm,8,per_ckpt,541B,90,0.0953,0.6623,0.0794,0.7163,layer_13
norm_asym,row_norm,8,per_ckpt,573B,90,-0.0112,0.961,-0.0193,0.9481,layer_13
norm_asym,row_norm,8,per_ckpt,main,90,0.0801,0.7413,0.0925,0.6883,layer_13
norm_asym,col_norm,4,per_ckpt,10B,90,-0.1075,0.7033,-0.1124,0.6933,layer_13
norm_asym,col_norm,4,per_ckpt,42B,90,-0.0967,0.7453,-0.0691,0.8142,layer_13
norm_asym,col_norm,4,per_ckpt,73B,90,-0.0265,0.9251,-0.0533,0.8641,layer_13
norm_asym,col_norm,4,per_ckpt,105B,90,-0.155,0.6194,-0.1782,0.5744,layer_13
norm_asym,col_norm,4,per_ckpt,136B,90,-0.3637,0.1908,-0.3821,0.1678,layer_13
norm_asym,col_norm,4,per_ckpt,168B,90,-0.1634,0.6064,-0.173,0.5864,layer_13
norm_asym,col_norm,4,per_ckpt,199B,90,0.4515,0.1019,0.438,0.1069,layer_13
norm_asym,col_norm,4,per_ckpt,231B,90,0.4409,0.1508,0.3926,0.2268,layer_13
norm_asym,col_norm,4,per_ckpt,262B,90,-0.0885,0.7303,-0.0919,0.7183,layer_13
norm_asym,col_norm,4,per_ckpt,294B,90,-0.3638,0.1638,-0.3699,0.1598,layer_13
norm_asym,col_norm,4,per_ckpt,325B,90,-0.1796,0.5305,-0.1697,0.5634,layer_13
norm_asym,col_norm,4,per_ckpt,352B,90,-0.14,0.6424,-0.1444,0.6344,layer_13
norm_asym,col_norm,4,per_ckpt,384B,90,-0.0874,0.7502,-0.0577,0.8322,layer_13
norm_asym,col_norm,4,per_ckpt,415B,90,-0.088,0.7173,-0.0768,0.7493,layer_13
norm_asym,col_norm,4,per_ckpt,447B,90,0.2674,0.3107,0.2387,0.3906,layer_13
norm_asym,col_norm,4,per_ckpt,478B,90,-0.2812,0.3147,-0.2574,0.3586,layer_13
norm_asym,col_norm,4,per_ckpt,510B,90,-0.1129,0.6963,-0.0905,0.7512,layer_13
norm_asym,col_norm,4,per_ckpt,541B,90,0.1024,0.6973,0.1285,0.6184,layer_13
norm_asym,col_norm,4,per_ckpt,573B,90,-0.2861,0.3287,-0.2825,0.3277,layer_13
norm_asym,col_norm,4,per_ckpt,main,90,-0.3015,0.2627,-0.29,0.2687,layer_13
norm_asym,col_norm,8,per_ckpt,10B,90,-0.1478,0.5664,-0.1205,0.6344,layer_13
norm_asym,col_norm,8,per_ckpt,42B,90,-0.5181,0.05,-0.4832,0.0629,layer_13
norm_asym,col_norm,8,per_ckpt,73B,90,-0.128,0.6494,-0.1491,0.5984,layer_13
norm_asym,col_norm,8,per_ckpt,105B,90,-0.2475,0.3267,-0.2324,0.3756,layer_13
norm_asym,col_norm,8,per_ckpt,136B,90,-0.4122,0.1998,-0.3759,0.2478,layer_13
norm_asym,col_norm,8,per_ckpt,168B,90,-0.1479,0.5804,-0.0931,0.7323,layer_13
norm_asym,col_norm,8,per_ckpt,199B,90,-0.566,0.01,-0.5461,0.018,layer_13
norm_asym,col_norm,8,per_ckpt,231B,90,0.1357,0.6224,0.1695,0.5514,layer_13
norm_asym,col_norm,8,per_ckpt,262B,90,-0.1383,0.6154,-0.1249,0.6573,layer_13
norm_asym,col_norm,8,per_ckpt,294B,90,-0.1815,0.5654,-0.209,0.5225,layer_13
norm_asym,col_norm,8,per_ckpt,325B,90,-0.0209,0.959,-0.032,0.9101,layer_13
norm_asym,col_norm,8,per_ckpt,352B,90,-0.2823,0.2797,-0.2656,0.3207,layer_13
norm_asym,col_norm,8,per_ckpt,384B,90,0.0247,0.9341,-0.0264,0.9261,layer_13
norm_asym,col_norm,8,per_ckpt,415B,90,-0.2478,0.3317,-0.2709,0.3037,layer_13
norm_asym,col_norm,8,per_ckpt,447B,90,-0.1402,0.6623,-0.1282,0.6793,layer_13
norm_asym,col_norm,8,per_ckpt,478B,90,0.1636,0.5794,0.1105,0.7073,layer_13
norm_asym,col_norm,8,per_ckpt,510B,90,-0.2801,0.1648,-0.2452,0.2178,layer_13
norm_asym,col_norm,8,per_ckpt,541B,90,0.1572,0.5864,0.1605,0.5684,layer_13
norm_asym,col_norm,8,per_ckpt,573B,90,-0.2091,0.4835,-0.1395,0.6484,layer_13
norm_asym,col_norm,8,per_ckpt,main,90,-0.1337,0.6244,-0.1259,0.6414,layer_13
abs_diff,row_norm,4,pooled,,1800,0.057,0.0157,0.0748,0.0015,layer_14
abs_diff,row_norm,8,pooled,,1800,-0.0304,0.1973,-0.0296,0.2095,layer_14
abs_diff,col_norm,4,pooled,,1800,0.0456,0.0532,0.0548,0.0201,layer_14
abs_diff,col_norm,8,pooled,,1800,-0.0174,0.4596,-0.0217,0.3575,layer_14
signed_diff,row_norm,4,pooled,,1800,-0.0761,0.0012,-0.0676,0.0041,layer_14
signed_diff,row_norm,8,pooled,,1800,-0.0211,0.3713,-0.0387,0.1005,layer_14
signed_diff,col_norm,4,pooled,,1800,-0.095,0.0001,-0.0935,0.0001,layer_14
signed_diff,col_norm,8,pooled,,1800,-0.1958,0.0,-0.1881,0.0,layer_14
min_rankme,row_norm,4,pooled,,1800,-0.09,0.0001,-0.0727,0.002,layer_14
min_rankme,row_norm,8,pooled,,1800,0.0467,0.0476,0.0173,0.4637,layer_14
min_rankme,col_norm,4,pooled,,1800,-0.0641,0.0065,-0.0493,0.0363,layer_14
min_rankme,col_norm,8,pooled,,1800,0.0315,0.182,0.0169,0.4729,layer_14
norm_asym,row_norm,4,pooled,,1800,-0.1112,0.0,-0.1205,0.0,layer_14
norm_asym,row_norm,8,pooled,,1800,0.0191,0.4182,0.0101,0.6696,layer_14
norm_asym,col_norm,4,pooled,,1800,-0.0791,0.0008,-0.0716,0.0024,layer_14
norm_asym,col_norm,8,pooled,,1800,-0.1596,0.0,-0.1435,0.0,layer_14
abs_diff,row_norm,4,per_ckpt,10B,90,0.2016,0.03,0.1847,0.0799,layer_14
abs_diff,row_norm,4,per_ckpt,42B,90,0.2116,0.049,0.1656,0.1538,layer_14
abs_diff,row_norm,4,per_ckpt,73B,90,0.068,0.5135,0.0442,0.6703,layer_14
abs_diff,row_norm,4,per_ckpt,105B,90,0.0976,0.3247,0.1241,0.2208,layer_14
abs_diff,row_norm,4,per_ckpt,136B,90,0.1336,0.1848,0.1668,0.1149,layer_14
abs_diff,row_norm,4,per_ckpt,168B,90,0.0023,0.98,0.0301,0.7762,layer_14
abs_diff,row_norm,4,per_ckpt,199B,90,-0.0933,0.3736,-0.0907,0.4306,layer_14
abs_diff,row_norm,4,per_ckpt,231B,90,-0.0507,0.6294,-0.0635,0.5754,layer_14
abs_diff,row_norm,4,per_ckpt,262B,90,0.1358,0.2418,0.1062,0.4056,layer_14
abs_diff,row_norm,4,per_ckpt,294B,90,0.0079,0.958,-0.0475,0.7692,layer_14
abs_diff,row_norm,4,per_ckpt,325B,90,0.0571,0.6394,0.0666,0.5874,layer_14
abs_diff,row_norm,4,per_ckpt,352B,90,0.0003,0.998,-0.0227,0.8541,layer_14
abs_diff,row_norm,4,per_ckpt,384B,90,0.1562,0.1129,0.1922,0.0609,layer_14
abs_diff,row_norm,4,per_ckpt,415B,90,0.0578,0.5475,0.0888,0.3736,layer_14
abs_diff,row_norm,4,per_ckpt,447B,90,-0.0762,0.4645,-0.1057,0.3676,layer_14
abs_diff,row_norm,4,per_ckpt,478B,90,0.1192,0.2048,0.1311,0.2138,layer_14
abs_diff,row_norm,4,per_ckpt,510B,90,0.0772,0.5265,0.1491,0.2498,layer_14
abs_diff,row_norm,4,per_ckpt,541B,90,0.0147,0.8472,0.0444,0.5874,layer_14
abs_diff,row_norm,4,per_ckpt,573B,90,-0.0196,0.8242,-0.0251,0.7982,layer_14
abs_diff,row_norm,4,per_ckpt,main,90,-0.0292,0.7812,0.0159,0.8781,layer_14
abs_diff,row_norm,8,per_ckpt,10B,90,0.1284,0.3087,0.1126,0.3896,layer_14
abs_diff,row_norm,8,per_ckpt,42B,90,0.0738,0.5175,0.0799,0.5045,layer_14
abs_diff,row_norm,8,per_ckpt,73B,90,-0.2699,0.006,-0.2936,0.003,layer_14
abs_diff,row_norm,8,per_ckpt,105B,90,0.0864,0.2857,0.0711,0.3526,layer_14
abs_diff,row_norm,8,per_ckpt,136B,90,0.094,0.4256,0.1267,0.2747,layer_14
abs_diff,row_norm,8,per_ckpt,168B,90,-0.0189,0.8871,-0.009,0.9481,layer_14
abs_diff,row_norm,8,per_ckpt,199B,90,-0.0012,0.993,-0.0122,0.9041,layer_14
abs_diff,row_norm,8,per_ckpt,231B,90,-0.0248,0.8322,-0.0413,0.7313,layer_14
abs_diff,row_norm,8,per_ckpt,262B,90,0.0578,0.6274,0.0524,0.6863,layer_14
abs_diff,row_norm,8,per_ckpt,294B,90,0.0173,0.8581,-0.0339,0.7602,layer_14
abs_diff,row_norm,8,per_ckpt,325B,90,-0.2002,0.025,-0.1337,0.1329,layer_14
abs_diff,row_norm,8,per_ckpt,352B,90,-0.0385,0.6923,-0.0428,0.6753,layer_14
abs_diff,row_norm,8,per_ckpt,384B,90,-0.1589,0.1179,-0.1443,0.2158,layer_14
abs_diff,row_norm,8,per_ckpt,415B,90,-0.2296,0.02,-0.2347,0.024,layer_14
abs_diff,row_norm,8,per_ckpt,447B,90,-0.0213,0.8322,-0.0224,0.8442,layer_14
abs_diff,row_norm,8,per_ckpt,478B,90,-0.1956,0.027,-0.199,0.034,layer_14
abs_diff,row_norm,8,per_ckpt,510B,90,0.0418,0.7223,0.0574,0.6404,layer_14
abs_diff,row_norm,8,per_ckpt,541B,90,0.1418,0.1748,0.1834,0.0859,layer_14
abs_diff,row_norm,8,per_ckpt,573B,90,-0.0359,0.7333,-0.0021,0.983,layer_14
abs_diff,row_norm,8,per_ckpt,main,90,-0.0372,0.6723,-0.0754,0.4396,layer_14
abs_diff,col_norm,4,per_ckpt,10B,90,0.0965,0.0619,0.0946,0.1079,layer_14
abs_diff,col_norm,4,per_ckpt,42B,90,0.0813,0.0549,0.0733,0.1129,layer_14
abs_diff,col_norm,4,per_ckpt,73B,90,0.0157,0.8102,0.0254,0.7133,layer_14
abs_diff,col_norm,4,per_ckpt,105B,90,0.0531,0.4216,0.0798,0.2198,layer_14
abs_diff,col_norm,4,per_ckpt,136B,90,0.166,0.0649,0.1428,0.1089,layer_14
abs_diff,col_norm,4,per_ckpt,168B,90,0.0145,0.8122,0.0156,0.8272,layer_14
abs_diff,col_norm,4,per_ckpt,199B,90,-0.0487,0.5055,-0.0592,0.4426,layer_14
abs_diff,col_norm,4,per_ckpt,231B,90,-0.0333,0.5504,-0.0235,0.6613,layer_14
abs_diff,col_norm,4,per_ckpt,262B,90,0.1313,0.2158,0.0999,0.3966,layer_14
abs_diff,col_norm,4,per_ckpt,294B,90,-0.0212,0.8561,-0.0399,0.7552,layer_14
abs_diff,col_norm,4,per_ckpt,325B,90,0.0494,0.5594,0.0488,0.5894,layer_14
abs_diff,col_norm,4,per_ckpt,352B,90,-0.0091,0.9021,-0.0149,0.8631,layer_14
abs_diff,col_norm,4,per_ckpt,384B,90,0.1596,0.0629,0.1686,0.0609,layer_14
abs_diff,col_norm,4,per_ckpt,415B,90,0.083,0.3437,0.0871,0.3536,layer_14
abs_diff,col_norm,4,per_ckpt,447B,90,-0.0788,0.3497,-0.088,0.3267,layer_14
abs_diff,col_norm,4,per_ckpt,478B,90,0.0921,0.2507,0.1169,0.2078,layer_14
abs_diff,col_norm,4,per_ckpt,510B,90,0.0514,0.4595,0.0814,0.2757,layer_14
abs_diff,col_norm,4,per_ckpt,541B,90,0.0404,0.6144,0.0491,0.5504,layer_14
abs_diff,col_norm,4,per_ckpt,573B,90,-0.0126,0.8222,-0.0128,0.8651,layer_14
abs_diff,col_norm,4,per_ckpt,main,90,0.0094,0.9021,0.0112,0.8811,layer_14
abs_diff,col_norm,8,per_ckpt,10B,90,0.1266,0.1708,0.0931,0.3706,layer_14
abs_diff,col_norm,8,per_ckpt,42B,90,0.0839,0.2298,0.0568,0.4585,layer_14
abs_diff,col_norm,8,per_ckpt,73B,90,-0.249,0.002,-0.2373,0.003,layer_14
abs_diff,col_norm,8,per_ckpt,105B,90,0.1025,0.2418,0.0865,0.3237,layer_14
abs_diff,col_norm,8,per_ckpt,136B,90,0.021,0.7303,0.0696,0.1798,layer_14
abs_diff,col_norm,8,per_ckpt,168B,90,0.0484,0.5145,-0.0024,0.98,layer_14
abs_diff,col_norm,8,per_ckpt,199B,90,-0.0652,0.4835,-0.0087,0.9201,layer_14
abs_diff,col_norm,8,per_ckpt,231B,90,-0.0489,0.5924,-0.0356,0.7163,layer_14
abs_diff,col_norm,8,per_ckpt,262B,90,0.0281,0.7552,0.0398,0.7053,layer_14
abs_diff,col_norm,8,per_ckpt,294B,90,-0.0275,0.5974,-0.0203,0.6883,layer_14
abs_diff,col_norm,8,per_ckpt,325B,90,-0.0818,0.2398,-0.1071,0.1289,layer_14
abs_diff,col_norm,8,per_ckpt,352B,90,0.0154,0.8581,-0.034,0.6763,layer_14
abs_diff,col_norm,8,per_ckpt,384B,90,-0.1007,0.1698,-0.1123,0.2028,layer_14
abs_diff,col_norm,8,per_ckpt,415B,90,-0.1677,0.04,-0.1953,0.019,layer_14
abs_diff,col_norm,8,per_ckpt,447B,90,-0.0028,0.979,-0.0205,0.8032,layer_14
abs_diff,col_norm,8,per_ckpt,478B,90,-0.134,0.0659,-0.1672,0.045,layer_14
abs_diff,col_norm,8,per_ckpt,510B,90,0.0681,0.5504,0.0571,0.6394,layer_14
abs_diff,col_norm,8,per_ckpt,541B,90,0.1623,0.025,0.132,0.1089,layer_14
abs_diff,col_norm,8,per_ckpt,573B,90,-0.025,0.7023,-0.0038,0.9421,layer_14
abs_diff,col_norm,8,per_ckpt,main,90,-0.0399,0.5744,-0.0547,0.4535,layer_14
signed_diff,row_norm,4,per_ckpt,10B,90,0.1255,0.5714,0.1412,0.5265,layer_14
signed_diff,row_norm,4,per_ckpt,42B,90,0.0457,0.7483,0.068,0.6943,layer_14
signed_diff,row_norm,4,per_ckpt,73B,90,-0.3033,0.1718,-0.2872,0.2128,layer_14
signed_diff,row_norm,4,per_ckpt,105B,90,-0.1186,0.6364,-0.1045,0.6833,layer_14
signed_diff,row_norm,4,per_ckpt,136B,90,-0.1033,0.6573,-0.1136,0.6484,layer_14
signed_diff,row_norm,4,per_ckpt,168B,90,-0.0027,0.991,-0.0031,0.993,layer_14
signed_diff,row_norm,4,per_ckpt,199B,90,-0.2517,0.2537,-0.2459,0.2557,layer_14
signed_diff,row_norm,4,per_ckpt,231B,90,-0.3279,0.0769,-0.3117,0.1179,layer_14
signed_diff,row_norm,4,per_ckpt,262B,90,-0.1009,0.6254,-0.1031,0.6613,layer_14
signed_diff,row_norm,4,per_ckpt,294B,90,-0.0717,0.7592,-0.0714,0.7692,layer_14
signed_diff,row_norm,4,per_ckpt,325B,90,0.0689,0.7253,0.1184,0.5964,layer_14
signed_diff,row_norm,4,per_ckpt,352B,90,-0.1854,0.4156,-0.2264,0.3487,layer_14
signed_diff,row_norm,4,per_ckpt,384B,90,0.0384,0.8691,0.0097,0.964,layer_14
signed_diff,row_norm,4,per_ckpt,415B,90,-0.1572,0.5085,-0.1622,0.5045,layer_14
signed_diff,row_norm,4,per_ckpt,447B,90,-0.3384,0.1329,-0.3558,0.1099,layer_14
signed_diff,row_norm,4,per_ckpt,478B,90,-0.0807,0.7612,-0.0782,0.7742,layer_14
signed_diff,row_norm,4,per_ckpt,510B,90,0.0089,0.9251,-0.063,0.5085,layer_14
signed_diff,row_norm,4,per_ckpt,541B,90,0.2664,0.2557,0.2364,0.3427,layer_14
signed_diff,row_norm,4,per_ckpt,573B,90,-0.2083,0.4246,-0.2325,0.3986,layer_14
signed_diff,row_norm,4,per_ckpt,main,90,0.0339,0.8541,0.0081,0.958,layer_14
signed_diff,row_norm,8,per_ckpt,10B,90,-0.0202,0.9041,-0.0922,0.6553,layer_14
signed_diff,row_norm,8,per_ckpt,42B,90,0.025,0.8751,0.0382,0.8012,layer_14
signed_diff,row_norm,8,per_ckpt,73B,90,-0.1438,0.4745,-0.1798,0.4076,layer_14
signed_diff,row_norm,8,per_ckpt,105B,90,-0.115,0.6853,-0.1837,0.5874,layer_14
signed_diff,row_norm,8,per_ckpt,136B,90,0.1516,0.4635,0.1226,0.5784,layer_14
signed_diff,row_norm,8,per_ckpt,168B,90,0.029,0.8182,0.0434,0.7453,layer_14
signed_diff,row_norm,8,per_ckpt,199B,90,-0.0212,0.95,-0.0365,0.9021,layer_14
signed_diff,row_norm,8,per_ckpt,231B,90,-0.3254,0.1069,-0.3126,0.1299,layer_14
signed_diff,row_norm,8,per_ckpt,262B,90,0.4645,0.024,0.452,0.023,layer_14
signed_diff,row_norm,8,per_ckpt,294B,90,0.3113,0.0519,0.2988,0.0719,layer_14
signed_diff,row_norm,8,per_ckpt,325B,90,-0.1208,0.6334,-0.1903,0.4765,layer_14
signed_diff,row_norm,8,per_ckpt,352B,90,-0.1036,0.6464,-0.1043,0.6503,layer_14
signed_diff,row_norm,8,per_ckpt,384B,90,-0.3158,0.1419,-0.2973,0.1489,layer_14
signed_diff,row_norm,8,per_ckpt,415B,90,-0.1783,0.4196,-0.1919,0.4156,layer_14
signed_diff,row_norm,8,per_ckpt,447B,90,0.1417,0.4895,0.0827,0.6883,layer_14
signed_diff,row_norm,8,per_ckpt,478B,90,-0.0612,0.8242,-0.0605,0.8182,layer_14
signed_diff,row_norm,8,per_ckpt,510B,90,0.0386,0.8352,0.0092,0.964,layer_14
signed_diff,row_norm,8,per_ckpt,541B,90,0.071,0.7602,0.0717,0.7802,layer_14
signed_diff,row_norm,8,per_ckpt,573B,90,-0.0243,0.9191,-0.0365,0.8731,layer_14
signed_diff,row_norm,8,per_ckpt,main,90,0.0459,0.8671,0.0245,0.9221,layer_14
signed_diff,col_norm,4,per_ckpt,10B,90,-0.1935,0.5095,-0.1958,0.5035,layer_14
signed_diff,col_norm,4,per_ckpt,42B,90,-0.0588,0.8511,-0.0311,0.9091,layer_14
signed_diff,col_norm,4,per_ckpt,73B,90,0.0545,0.8611,0.082,0.8062,layer_14
signed_diff,col_norm,4,per_ckpt,105B,90,-0.0965,0.7433,-0.0786,0.7942,layer_14
signed_diff,col_norm,4,per_ckpt,136B,90,-0.3641,0.1888,-0.3809,0.1658,layer_14
signed_diff,col_norm,4,per_ckpt,168B,90,-0.1614,0.5784,-0.1343,0.6434,layer_14
signed_diff,col_norm,4,per_ckpt,199B,90,0.4652,0.1009,0.4581,0.1079,layer_14
signed_diff,col_norm,4,per_ckpt,231B,90,0.5618,0.0549,0.5474,0.0669,layer_14
signed_diff,col_norm,4,per_ckpt,262B,90,-0.1936,0.4406,-0.1633,0.5245,layer_14
signed_diff,col_norm,4,per_ckpt,294B,90,-0.3163,0.2398,-0.3298,0.2338,layer_14
signed_diff,col_norm,4,per_ckpt,325B,90,-0.3003,0.2967,-0.2972,0.3107,layer_14
signed_diff,col_norm,4,per_ckpt,352B,90,-0.0204,0.9481,-0.006,0.986,layer_14
signed_diff,col_norm,4,per_ckpt,384B,90,-0.2499,0.3357,-0.2435,0.3437,layer_14
signed_diff,col_norm,4,per_ckpt,415B,90,-0.1475,0.5744,-0.1771,0.5035,layer_14
signed_diff,col_norm,4,per_ckpt,447B,90,0.2554,0.3516,0.2069,0.4665,layer_14
signed_diff,col_norm,4,per_ckpt,478B,90,-0.3569,0.2008,-0.3378,0.2378,layer_14
signed_diff,col_norm,4,per_ckpt,510B,90,-0.2518,0.3966,-0.25,0.4016,layer_14
signed_diff,col_norm,4,per_ckpt,541B,90,0.0132,0.955,0.0186,0.9421,layer_14
signed_diff,col_norm,4,per_ckpt,573B,90,-0.2836,0.3516,-0.2959,0.3287,layer_14
signed_diff,col_norm,4,per_ckpt,main,90,-0.3443,0.2288,-0.3569,0.2128,layer_14
signed_diff,col_norm,8,per_ckpt,10B,90,-0.2792,0.2877,-0.2549,0.3317,layer_14
signed_diff,col_norm,8,per_ckpt,42B,90,-0.6206,0.012,-0.591,0.017,layer_14
signed_diff,col_norm,8,per_ckpt,73B,90,-0.1509,0.5774,-0.2012,0.4715,layer_14
signed_diff,col_norm,8,per_ckpt,105B,90,-0.31,0.2108,-0.3187,0.2098,layer_14
signed_diff,col_norm,8,per_ckpt,136B,90,-0.5944,0.0529,-0.6015,0.0549,layer_14
signed_diff,col_norm,8,per_ckpt,168B,90,-0.3024,0.2677,-0.2923,0.3117,layer_14
signed_diff,col_norm,8,per_ckpt,199B,90,-0.5827,0.003,-0.5782,0.003,layer_14
signed_diff,col_norm,8,per_ckpt,231B,90,-0.0003,0.998,-0.0002,1.0,layer_14
signed_diff,col_norm,8,per_ckpt,262B,90,-0.0634,0.8272,-0.037,0.9001,layer_14
signed_diff,col_norm,8,per_ckpt,294B,90,-0.2082,0.5265,-0.2177,0.5095,layer_14
signed_diff,col_norm,8,per_ckpt,325B,90,-0.0791,0.7892,-0.1122,0.7193,layer_14
signed_diff,col_norm,8,per_ckpt,352B,90,-0.3488,0.1948,-0.3441,0.2108,layer_14
signed_diff,col_norm,8,per_ckpt,384B,90,0.0657,0.8302,0.06,0.8402,layer_14
signed_diff,col_norm,8,per_ckpt,415B,90,-0.2119,0.4216,-0.2243,0.4126,layer_14
signed_diff,col_norm,8,per_ckpt,447B,90,-0.1279,0.6783,-0.1417,0.6513,layer_14
signed_diff,col_norm,8,per_ckpt,478B,90,0.3497,0.2108,0.3302,0.2368,layer_14
signed_diff,col_norm,8,per_ckpt,510B,90,-0.2623,0.1888,-0.2523,0.2018,layer_14
signed_diff,col_norm,8,per_ckpt,541B,90,0.114,0.6873,0.0872,0.7582,layer_14
signed_diff,col_norm,8,per_ckpt,573B,90,-0.2852,0.3616,-0.2476,0.4396,layer_14
signed_diff,col_norm,8,per_ckpt,main,90,-0.1425,0.6324,-0.165,0.5944,layer_14
min_rankme,row_norm,4,per_ckpt,10B,90,0.0248,0.8751,0.0917,0.5155,layer_14
min_rankme,row_norm,4,per_ckpt,42B,90,-0.007,0.97,0.0835,0.6254,layer_14
min_rankme,row_norm,4,per_ckpt,73B,90,-0.0766,0.6234,-0.0623,0.7423,layer_14
min_rankme,row_norm,4,per_ckpt,105B,90,-0.0373,0.8322,-0.0656,0.6833,layer_14
min_rankme,row_norm,4,per_ckpt,136B,90,-0.1374,0.3666,-0.1954,0.1888,layer_14
min_rankme,row_norm,4,per_ckpt,168B,90,-0.1179,0.4945,-0.0412,0.8022,layer_14
min_rankme,row_norm,4,per_ckpt,199B,90,-0.1995,0.2258,-0.2717,0.0709,layer_14
min_rankme,row_norm,4,per_ckpt,231B,90,-0.2383,0.1578,-0.2179,0.1628,layer_14
min_rankme,row_norm,4,per_ckpt,262B,90,-0.3251,0.048,-0.2961,0.0589,layer_14
min_rankme,row_norm,4,per_ckpt,294B,90,0.0059,0.987,0.0067,0.976,layer_14
min_rankme,row_norm,4,per_ckpt,325B,90,0.0879,0.6404,0.1539,0.3546,layer_14
min_rankme,row_norm,4,per_ckpt,352B,90,-0.0368,0.8332,-0.165,0.2747,layer_14
min_rankme,row_norm,4,per_ckpt,384B,90,-0.0452,0.7123,-0.0448,0.6993,layer_14
min_rankme,row_norm,4,per_ckpt,415B,90,-0.1858,0.1508,-0.1304,0.3546,layer_14
min_rankme,row_norm,4,per_ckpt,447B,90,-0.2668,0.0799,-0.2856,0.0589,layer_14
min_rankme,row_norm,4,per_ckpt,478B,90,-0.1671,0.2837,-0.1535,0.2977,layer_14
min_rankme,row_norm,4,per_ckpt,510B,90,-0.1623,0.3936,-0.2543,0.1379,layer_14
min_rankme,row_norm,4,per_ckpt,541B,90,0.0356,0.7822,0.0735,0.5175,layer_14
min_rankme,row_norm,4,per_ckpt,573B,90,-0.1613,0.2468,-0.2058,0.1099,layer_14
min_rankme,row_norm,4,per_ckpt,main,90,-0.0671,0.6613,-0.1363,0.3626,layer_14
min_rankme,row_norm,8,per_ckpt,10B,90,-0.2627,0.1778,-0.2264,0.2098,layer_14
min_rankme,row_norm,8,per_ckpt,42B,90,0.3093,0.0619,0.2291,0.1538,layer_14
min_rankme,row_norm,8,per_ckpt,73B,90,0.202,0.2677,0.148,0.3936,layer_14
min_rankme,row_norm,8,per_ckpt,105B,90,-0.1183,0.2917,-0.0997,0.3187,layer_14
min_rankme,row_norm,8,per_ckpt,136B,90,0.2404,0.1578,0.2796,0.0809,layer_14
min_rankme,row_norm,8,per_ckpt,168B,90,-0.1805,0.3217,-0.2105,0.2208,layer_14
min_rankme,row_norm,8,per_ckpt,199B,90,-0.0061,0.974,-0.0303,0.8002,layer_14
min_rankme,row_norm,8,per_ckpt,231B,90,-0.0684,0.7173,-0.1174,0.4645,layer_14
min_rankme,row_norm,8,per_ckpt,262B,90,0.0191,0.9071,0.0099,0.9481,layer_14
min_rankme,row_norm,8,per_ckpt,294B,90,-0.0842,0.5035,-0.1023,0.4256,layer_14
min_rankme,row_norm,8,per_ckpt,325B,90,0.2429,0.017,0.1992,0.043,layer_14
min_rankme,row_norm,8,per_ckpt,352B,90,0.0168,0.9171,0.1072,0.4006,layer_14
min_rankme,row_norm,8,per_ckpt,384B,90,-0.0654,0.7123,-0.0652,0.7003,layer_14
min_rankme,row_norm,8,per_ckpt,415B,90,0.1989,0.2068,0.168,0.2398,layer_14
min_rankme,row_norm,8,per_ckpt,447B,90,0.1656,0.1359,0.174,0.1389,layer_14
min_rankme,row_norm,8,per_ckpt,478B,90,0.1621,0.2128,0.0721,0.5804,layer_14
min_rankme,row_norm,8,per_ckpt,510B,90,-0.0331,0.8561,-0.0266,0.8751,layer_14
min_rankme,row_norm,8,per_ckpt,541B,90,-0.0105,0.954,-0.0658,0.6643,layer_14
min_rankme,row_norm,8,per_ckpt,573B,90,-0.0264,0.8691,-0.0238,0.8661,layer_14
min_rankme,row_norm,8,per_ckpt,main,90,0.0535,0.6444,0.1179,0.3347,layer_14
min_rankme,col_norm,4,per_ckpt,10B,90,0.0276,0.7283,0.0614,0.4575,layer_14
min_rankme,col_norm,4,per_ckpt,42B,90,0.001,0.993,0.0388,0.5934,layer_14
min_rankme,col_norm,4,per_ckpt,73B,90,-0.0322,0.7792,-0.0379,0.7652,layer_14
min_rankme,col_norm,4,per_ckpt,105B,90,-0.0229,0.8252,-0.0442,0.6813,layer_14
min_rankme,col_norm,4,per_ckpt,136B,90,-0.0996,0.4515,-0.1692,0.1738,layer_14
min_rankme,col_norm,4,per_ckpt,168B,90,-0.058,0.6244,-0.022,0.8302,layer_14
min_rankme,col_norm,4,per_ckpt,199B,90,-0.1574,0.1369,-0.1764,0.0809,layer_14
min_rankme,col_norm,4,per_ckpt,231B,90,-0.089,0.2827,-0.106,0.1718,layer_14
min_rankme,col_norm,4,per_ckpt,262B,90,-0.3141,0.03,-0.2739,0.0519,layer_14
min_rankme,col_norm,4,per_ckpt,294B,90,0.0164,0.9271,0.0085,0.957,layer_14
min_rankme,col_norm,4,per_ckpt,325B,90,0.048,0.7013,0.1073,0.3746,layer_14
min_rankme,col_norm,4,per_ckpt,352B,90,-0.0191,0.8931,-0.1195,0.2498,layer_14
min_rankme,col_norm,4,per_ckpt,384B,90,-0.0608,0.5534,-0.0343,0.7293,layer_14
min_rankme,col_norm,4,per_ckpt,415B,90,-0.2073,0.0989,-0.1226,0.3586,layer_14
min_rankme,col_norm,4,per_ckpt,447B,90,-0.2209,0.0729,-0.2139,0.0699,layer_14
min_rankme,col_norm,4,per_ckpt,478B,90,-0.1521,0.2358,-0.1365,0.3007,layer_14
min_rankme,col_norm,4,per_ckpt,510B,90,-0.1079,0.3497,-0.1439,0.1419,layer_14
min_rankme,col_norm,4,per_ckpt,541B,90,0.0568,0.6623,0.0789,0.5045,layer_14
min_rankme,col_norm,4,per_ckpt,573B,90,-0.1011,0.2797,-0.147,0.1019,layer_14
min_rankme,col_norm,4,per_ckpt,main,90,-0.0642,0.5135,-0.0869,0.3536,layer_14
min_rankme,col_norm,8,per_ckpt,10B,90,-0.2067,0.1548,-0.1844,0.1968,layer_14
min_rankme,col_norm,8,per_ckpt,42B,90,0.1587,0.1059,0.1427,0.1648,layer_14
min_rankme,col_norm,8,per_ckpt,73B,90,0.1776,0.2577,0.1241,0.3816,layer_14
min_rankme,col_norm,8,per_ckpt,105B,90,-0.0453,0.6903,-0.1139,0.3107,layer_14
min_rankme,col_norm,8,per_ckpt,136B,90,0.1096,0.1778,0.1228,0.0839,layer_14
min_rankme,col_norm,8,per_ckpt,168B,90,-0.1306,0.2837,-0.1361,0.2178,layer_14
min_rankme,col_norm,8,per_ckpt,199B,90,0.0211,0.8891,-0.0222,0.8402,layer_14
min_rankme,col_norm,8,per_ckpt,231B,90,-0.0213,0.8941,-0.0958,0.4705,layer_14
min_rankme,col_norm,8,per_ckpt,262B,90,-0.0244,0.8332,0.0051,0.973,layer_14
min_rankme,col_norm,8,per_ckpt,294B,90,-0.0113,0.8911,-0.0305,0.6094,layer_14
min_rankme,col_norm,8,per_ckpt,325B,90,0.1601,0.0629,0.1718,0.022,layer_14
min_rankme,col_norm,8,per_ckpt,352B,90,0.0147,0.8961,0.0975,0.3576,layer_14
min_rankme,col_norm,8,per_ckpt,384B,90,-0.0605,0.6004,-0.0452,0.7363,layer_14
min_rankme,col_norm,8,per_ckpt,415B,90,0.1784,0.1538,0.1303,0.2747,layer_14
min_rankme,col_norm,8,per_ckpt,447B,90,0.1119,0.1429,0.1328,0.1269,layer_14
min_rankme,col_norm,8,per_ckpt,478B,90,0.0793,0.4925,0.0643,0.5884,layer_14
min_rankme,col_norm,8,per_ckpt,510B,90,-0.0274,0.8801,-0.0236,0.8851,layer_14
min_rankme,col_norm,8,per_ckpt,541B,90,-0.05,0.6913,-0.0324,0.7842,layer_14
min_rankme,col_norm,8,per_ckpt,573B,90,-0.0131,0.8621,0.0104,0.9001,layer_14
min_rankme,col_norm,8,per_ckpt,main,90,0.0372,0.7063,0.0978,0.2887,layer_14
norm_asym,row_norm,4,per_ckpt,10B,90,0.0144,0.9381,0.0156,0.9251,layer_14
norm_asym,row_norm,4,per_ckpt,42B,90,-0.0141,0.9211,-0.0137,0.9281,layer_14
norm_asym,row_norm,4,per_ckpt,73B,90,-0.3444,0.1099,-0.3627,0.0869,layer_14
norm_asym,row_norm,4,per_ckpt,105B,90,-0.2169,0.3586,-0.2366,0.3047,layer_14
norm_asym,row_norm,4,per_ckpt,136B,90,-0.0927,0.6793,-0.0787,0.7383,layer_14
norm_asym,row_norm,4,per_ckpt,168B,90,-0.1051,0.6533,-0.1114,0.6394,layer_14
norm_asym,row_norm,4,per_ckpt,199B,90,-0.248,0.2687,-0.2651,0.2168,layer_14
norm_asym,row_norm,4,per_ckpt,231B,90,-0.4008,0.03,-0.411,0.026,layer_14
norm_asym,row_norm,4,per_ckpt,262B,90,-0.2399,0.2428,-0.3113,0.1269,layer_14
norm_asym,row_norm,4,per_ckpt,294B,90,0.0204,0.9191,0.0461,0.8292,layer_14
norm_asym,row_norm,4,per_ckpt,325B,90,-0.0257,0.8941,-0.0081,0.971,layer_14
norm_asym,row_norm,4,per_ckpt,352B,90,-0.0586,0.7852,-0.0811,0.7053,layer_14
norm_asym,row_norm,4,per_ckpt,384B,90,-0.0572,0.8082,-0.1066,0.6563,layer_14
norm_asym,row_norm,4,per_ckpt,415B,90,-0.2516,0.2777,-0.2888,0.2298,layer_14
norm_asym,row_norm,4,per_ckpt,447B,90,-0.3036,0.1828,-0.2912,0.2088,layer_14
norm_asym,row_norm,4,per_ckpt,478B,90,-0.1375,0.5674,-0.1247,0.6104,layer_14
norm_asym,row_norm,4,per_ckpt,510B,90,-0.0066,0.9371,-0.0548,0.5794,layer_14
norm_asym,row_norm,4,per_ckpt,541B,90,0.2445,0.3247,0.2096,0.4056,layer_14
norm_asym,row_norm,4,per_ckpt,573B,90,-0.151,0.5385,-0.1132,0.6464,layer_14
norm_asym,row_norm,4,per_ckpt,main,90,0.0466,0.7602,0.029,0.8482,layer_14
norm_asym,row_norm,8,per_ckpt,10B,90,-0.0708,0.6643,-0.18,0.3057,layer_14
norm_asym,row_norm,8,per_ckpt,42B,90,0.0384,0.7942,0.0413,0.7752,layer_14
norm_asym,row_norm,8,per_ckpt,73B,90,-0.0841,0.6883,-0.0924,0.6873,layer_14
norm_asym,row_norm,8,per_ckpt,105B,90,-0.1492,0.5834,-0.2012,0.4615,layer_14
norm_asym,row_norm,8,per_ckpt,136B,90,0.2561,0.1838,0.2602,0.2088,layer_14
norm_asym,row_norm,8,per_ckpt,168B,90,0.0237,0.8462,0.0419,0.7502,layer_14
norm_asym,row_norm,8,per_ckpt,199B,90,0.0668,0.7782,0.0805,0.7273,layer_14
norm_asym,row_norm,8,per_ckpt,231B,90,-0.3198,0.1069,-0.3052,0.1349,layer_14
norm_asym,row_norm,8,per_ckpt,262B,90,0.3639,0.0749,0.3634,0.0639,layer_14
norm_asym,row_norm,8,per_ckpt,294B,90,0.345,0.023,0.3074,0.0659,layer_14
norm_asym,row_norm,8,per_ckpt,325B,90,-0.0166,0.9441,-0.072,0.7882,layer_14
norm_asym,row_norm,8,per_ckpt,352B,90,-0.0878,0.6753,-0.0844,0.6883,layer_14
norm_asym,row_norm,8,per_ckpt,384B,90,-0.138,0.5295,-0.0991,0.6573,layer_14
norm_asym,row_norm,8,per_ckpt,415B,90,-0.0943,0.6733,-0.0661,0.7692,layer_14
norm_asym,row_norm,8,per_ckpt,447B,90,0.2152,0.3007,0.1964,0.3397,layer_14
norm_asym,row_norm,8,per_ckpt,478B,90,0.059,0.8422,0.0848,0.7632,layer_14
norm_asym,row_norm,8,per_ckpt,510B,90,0.0493,0.8132,0.0102,0.956,layer_14
norm_asym,row_norm,8,per_ckpt,541B,90,0.0751,0.7363,0.0608,0.7702,layer_14
norm_asym,row_norm,8,per_ckpt,573B,90,-0.018,0.9451,-0.0198,0.9431,layer_14
norm_asym,row_norm,8,per_ckpt,main,90,0.0753,0.7642,0.0979,0.6643,layer_14
norm_asym,col_norm,4,per_ckpt,10B,90,-0.1103,0.6923,-0.1161,0.6893,layer_14
norm_asym,col_norm,4,per_ckpt,42B,90,-0.094,0.7493,-0.0713,0.8052,layer_14
norm_asym,col_norm,4,per_ckpt,73B,90,-0.0326,0.9031,-0.0557,0.8621,layer_14
norm_asym,col_norm,4,per_ckpt,105B,90,-0.154,0.6174,-0.183,0.5624,layer_14
norm_asym,col_norm,4,per_ckpt,136B,90,-0.3815,0.1648,-0.4002,0.1379,layer_14
norm_asym,col_norm,4,per_ckpt,168B,90,-0.1684,0.5964,-0.1749,0.5864,layer_14
norm_asym,col_norm,4,per_ckpt,199B,90,0.4581,0.0959,0.442,0.1059,layer_14
norm_asym,col_norm,4,per_ckpt,231B,90,0.4442,0.1489,0.3911,0.2248,layer_14
norm_asym,col_norm,4,per_ckpt,262B,90,-0.1055,0.6813,-0.1018,0.6843,layer_14
norm_asym,col_norm,4,per_ckpt,294B,90,-0.3623,0.1678,-0.3656,0.1668,layer_14
norm_asym,col_norm,4,per_ckpt,325B,90,-0.1957,0.4965,-0.1812,0.5375,layer_14
norm_asym,col_norm,4,per_ckpt,352B,90,-0.162,0.5894,-0.1601,0.5974,layer_14
norm_asym,col_norm,4,per_ckpt,384B,90,-0.0678,0.8012,-0.0392,0.8901,layer_14
norm_asym,col_norm,4,per_ckpt,415B,90,-0.0657,0.7812,-0.0622,0.7892,layer_14
norm_asym,col_norm,4,per_ckpt,447B,90,0.2554,0.3477,0.233,0.4036,layer_14
norm_asym,col_norm,4,per_ckpt,478B,90,-0.2996,0.2807,-0.2549,0.3656,layer_14
norm_asym,col_norm,4,per_ckpt,510B,90,-0.1296,0.6573,-0.0993,0.7393,layer_14
norm_asym,col_norm,4,per_ckpt,541B,90,0.0884,0.7323,0.1271,0.6194,layer_14
norm_asym,col_norm,4,per_ckpt,573B,90,-0.3046,0.2957,-0.2883,0.3227,layer_14
norm_asym,col_norm,4,per_ckpt,main,90,-0.3064,0.2527,-0.2933,0.2697,layer_14
norm_asym,col_norm,8,per_ckpt,10B,90,-0.1465,0.5704,-0.1198,0.6404,layer_14
norm_asym,col_norm,8,per_ckpt,42B,90,-0.5192,0.049,-0.4801,0.0649,layer_14
norm_asym,col_norm,8,per_ckpt,73B,90,-0.1207,0.6663,-0.1457,0.6024,layer_14
norm_asym,col_norm,8,per_ckpt,105B,90,-0.2417,0.3387,-0.2264,0.3956,layer_14
norm_asym,col_norm,8,per_ckpt,136B,90,-0.4108,0.1998,-0.3705,0.2547,layer_14
norm_asym,col_norm,8,per_ckpt,168B,90,-0.1534,0.5734,-0.0991,0.7223,layer_14
norm_asym,col_norm,8,per_ckpt,199B,90,-0.564,0.011,-0.5436,0.018,layer_14
norm_asym,col_norm,8,per_ckpt,231B,90,0.1297,0.6414,0.1705,0.5524,layer_14
norm_asym,col_norm,8,per_ckpt,262B,90,-0.1243,0.6593,-0.1175,0.6743,layer_14
norm_asym,col_norm,8,per_ckpt,294B,90,-0.1897,0.5425,-0.209,0.5205,layer_14
norm_asym,col_norm,8,per_ckpt,325B,90,-0.0246,0.9351,-0.0326,0.9071,layer_14
norm_asym,col_norm,8,per_ckpt,352B,90,-0.2822,0.2787,-0.259,0.3417,layer_14
norm_asym,col_norm,8,per_ckpt,384B,90,-0.0096,0.972,-0.0354,0.9041,layer_14
norm_asym,col_norm,8,per_ckpt,415B,90,-0.2738,0.2937,-0.2944,0.2667,layer_14
norm_asym,col_norm,8,per_ckpt,447B,90,-0.1558,0.6264,-0.1397,0.6523,layer_14
norm_asym,col_norm,8,per_ckpt,478B,90,0.152,0.6134,0.1066,0.7133,layer_14
norm_asym,col_norm,8,per_ckpt,510B,90,-0.2865,0.1499,-0.2497,0.2098,layer_14
norm_asym,col_norm,8,per_ckpt,541B,90,0.147,0.6194,0.1611,0.5694,layer_14
norm_asym,col_norm,8,per_ckpt,573B,90,-0.219,0.4695,-0.1325,0.6683,layer_14
norm_asym,col_norm,8,per_ckpt,main,90,-0.1378,0.6164,-0.1275,0.6434,layer_14
abs_diff,row_norm,4,pooled,,1800,0.0587,0.0128,0.0769,0.0011,layer_15
abs_diff,row_norm,8,pooled,,1800,-0.0335,0.156,-0.0346,0.142,layer_15
abs_diff,col_norm,4,pooled,,1800,0.0469,0.0467,0.0563,0.0169,layer_15
abs_diff,col_norm,8,pooled,,1800,-0.0193,0.4128,-0.0257,0.2754,layer_15
signed_diff,row_norm,4,pooled,,1800,-0.0771,0.0011,-0.0709,0.0026,layer_15
signed_diff,row_norm,8,pooled,,1800,-0.0158,0.5042,-0.0331,0.1605,layer_15
signed_diff,col_norm,4,pooled,,1800,-0.0908,0.0001,-0.0901,0.0001,layer_15
signed_diff,col_norm,8,pooled,,1800,-0.1926,0.0,-0.1859,0.0,layer_15
min_rankme,row_norm,4,pooled,,1800,-0.0946,0.0001,-0.0802,0.0007,layer_15
min_rankme,row_norm,8,pooled,,1800,0.0502,0.0333,0.0209,0.3764,layer_15
min_rankme,col_norm,4,pooled,,1800,-0.0698,0.003,-0.0548,0.02,layer_15
min_rankme,col_norm,8,pooled,,1800,0.0311,0.1868,0.0197,0.4041,layer_15
norm_asym,row_norm,4,pooled,,1800,-0.1082,0.0,-0.1215,0.0,layer_15
norm_asym,row_norm,8,pooled,,1800,0.0222,0.3455,0.0166,0.4806,layer_15
norm_asym,col_norm,4,pooled,,1800,-0.0738,0.0017,-0.0662,0.005,layer_15
norm_asym,col_norm,8,pooled,,1800,-0.1573,0.0,-0.1373,0.0,layer_15
abs_diff,row_norm,4,per_ckpt,10B,90,0.2038,0.028,0.187,0.0719,layer_15
abs_diff,row_norm,4,per_ckpt,42B,90,0.2213,0.042,0.1678,0.1538,layer_15
abs_diff,row_norm,4,per_ckpt,73B,90,0.08,0.4246,0.0491,0.6174,layer_15
abs_diff,row_norm,4,per_ckpt,105B,90,0.1069,0.2777,0.1287,0.2098,layer_15
abs_diff,row_norm,4,per_ckpt,136B,90,0.1413,0.1668,0.1817,0.0919,layer_15
abs_diff,row_norm,4,per_ckpt,168B,90,-0.0011,0.987,0.0437,0.6813,layer_15
abs_diff,row_norm,4,per_ckpt,199B,90,-0.0821,0.4376,-0.068,0.5594,layer_15
abs_diff,row_norm,4,per_ckpt,231B,90,-0.0242,0.8112,-0.0413,0.7213,layer_15
abs_diff,row_norm,4,per_ckpt,262B,90,0.1496,0.1728,0.1252,0.3227,layer_15
abs_diff,row_norm,4,per_ckpt,294B,90,0.0007,0.999,-0.0563,0.7133,layer_15
abs_diff,row_norm,4,per_ckpt,325B,90,0.0421,0.7353,0.0604,0.6314,layer_15
abs_diff,row_norm,4,per_ckpt,352B,90,0.0169,0.8831,-0.0231,0.8402,layer_15
abs_diff,row_norm,4,per_ckpt,384B,90,0.1476,0.1219,0.1994,0.049,layer_15
abs_diff,row_norm,4,per_ckpt,415B,90,0.0645,0.4855,0.1003,0.3197,layer_15
abs_diff,row_norm,4,per_ckpt,447B,90,-0.0542,0.6124,-0.0799,0.4925,layer_15
abs_diff,row_norm,4,per_ckpt,478B,90,0.139,0.1528,0.1476,0.1538,layer_15
abs_diff,row_norm,4,per_ckpt,510B,90,0.0992,0.4156,0.1611,0.2138,layer_15
abs_diff,row_norm,4,per_ckpt,541B,90,0.0083,0.9141,0.0313,0.6943,layer_15
abs_diff,row_norm,4,per_ckpt,573B,90,-0.0118,0.8881,-0.0068,0.96,layer_15
abs_diff,row_norm,4,per_ckpt,main,90,-0.0214,0.8392,0.027,0.7992,layer_15
abs_diff,row_norm,8,per_ckpt,10B,90,0.1313,0.2947,0.1125,0.3906,layer_15
abs_diff,row_norm,8,per_ckpt,42B,90,0.0715,0.5375,0.0751,0.5425,layer_15
abs_diff,row_norm,8,per_ckpt,73B,90,-0.2747,0.005,-0.302,0.003,layer_15
abs_diff,row_norm,8,per_ckpt,105B,90,0.098,0.2278,0.0744,0.3277,layer_15
abs_diff,row_norm,8,per_ckpt,136B,90,0.0552,0.6464,0.0994,0.4196,layer_15
abs_diff,row_norm,8,per_ckpt,168B,90,-0.0262,0.8541,-0.0016,0.988,layer_15
abs_diff,row_norm,8,per_ckpt,199B,90,0.0071,0.9341,-0.0135,0.8871,layer_15
abs_diff,row_norm,8,per_ckpt,231B,90,-0.0085,0.9421,-0.0301,0.8002,layer_15
abs_diff,row_norm,8,per_ckpt,262B,90,0.0752,0.4995,0.0716,0.5694,layer_15
abs_diff,row_norm,8,per_ckpt,294B,90,0.0139,0.8851,-0.0341,0.7702,layer_15
abs_diff,row_norm,8,per_ckpt,325B,90,-0.2134,0.019,-0.1484,0.0989,layer_15
abs_diff,row_norm,8,per_ckpt,352B,90,-0.0476,0.6174,-0.05,0.6264,layer_15
abs_diff,row_norm,8,per_ckpt,384B,90,-0.1431,0.1658,-0.1406,0.2348,layer_15
abs_diff,row_norm,8,per_ckpt,415B,90,-0.2269,0.021,-0.2463,0.012,layer_15
abs_diff,row_norm,8,per_ckpt,447B,90,-0.0311,0.7522,-0.0375,0.7313,layer_15
abs_diff,row_norm,8,per_ckpt,478B,90,-0.1985,0.029,-0.2,0.033,layer_15
abs_diff,row_norm,8,per_ckpt,510B,90,0.0412,0.6953,0.0544,0.6583,layer_15
abs_diff,row_norm,8,per_ckpt,541B,90,0.1372,0.1788,0.1789,0.1029,layer_15
abs_diff,row_norm,8,per_ckpt,573B,90,-0.0334,0.7502,-0.0064,0.954,layer_15
abs_diff,row_norm,8,per_ckpt,main,90,-0.0223,0.7902,-0.0833,0.3886,layer_15
abs_diff,col_norm,4,per_ckpt,10B,90,0.0975,0.0589,0.0959,0.1009,layer_15
abs_diff,col_norm,4,per_ckpt,42B,90,0.0842,0.0529,0.0741,0.1179,layer_15
abs_diff,col_norm,4,per_ckpt,73B,90,0.0236,0.7053,0.0285,0.6683,layer_15
abs_diff,col_norm,4,per_ckpt,105B,90,0.056,0.3926,0.0829,0.2188,layer_15
abs_diff,col_norm,4,per_ckpt,136B,90,0.1756,0.0509,0.1554,0.0879,layer_15
abs_diff,col_norm,4,per_ckpt,168B,90,0.0127,0.8362,0.0243,0.7273,layer_15
abs_diff,col_norm,4,per_ckpt,199B,90,-0.039,0.6034,-0.0441,0.5714,layer_15
abs_diff,col_norm,4,per_ckpt,231B,90,-0.0183,0.7383,-0.0138,0.7972,layer_15
abs_diff,col_norm,4,per_ckpt,262B,90,0.1451,0.1618,0.1171,0.3167,layer_15
abs_diff,col_norm,4,per_ckpt,294B,90,-0.0244,0.8312,-0.0472,0.6883,layer_15
abs_diff,col_norm,4,per_ckpt,325B,90,0.0372,0.6553,0.0447,0.6214,layer_15
abs_diff,col_norm,4,per_ckpt,352B,90,0.0007,0.993,-0.015,0.8482,layer_15
abs_diff,col_norm,4,per_ckpt,384B,90,0.1553,0.0609,0.1744,0.049,layer_15
abs_diff,col_norm,4,per_ckpt,415B,90,0.0902,0.3057,0.0976,0.3017,layer_15
abs_diff,col_norm,4,per_ckpt,447B,90,-0.0652,0.4456,-0.0683,0.4466,layer_15
abs_diff,col_norm,4,per_ckpt,478B,90,0.1106,0.1908,0.1315,0.1548,layer_15
abs_diff,col_norm,4,per_ckpt,510B,90,0.0627,0.3457,0.0881,0.2418,layer_15
abs_diff,col_norm,4,per_ckpt,541B,90,0.0326,0.6793,0.0358,0.6663,layer_15
abs_diff,col_norm,4,per_ckpt,573B,90,-0.0084,0.8721,-0.0002,1.0,layer_15
abs_diff,col_norm,4,per_ckpt,main,90,0.014,0.8482,0.018,0.8012,layer_15
abs_diff,col_norm,8,per_ckpt,10B,90,0.1293,0.1538,0.093,0.3716,layer_15
abs_diff,col_norm,8,per_ckpt,42B,90,0.0813,0.2527,0.0533,0.4915,layer_15
abs_diff,col_norm,8,per_ckpt,73B,90,-0.2505,0.001,-0.2445,0.003,layer_15
abs_diff,col_norm,8,per_ckpt,105B,90,0.1129,0.1978,0.0904,0.2997,layer_15
abs_diff,col_norm,8,per_ckpt,136B,90,0.0052,0.9211,0.0564,0.3037,layer_15
abs_diff,col_norm,8,per_ckpt,168B,90,0.0485,0.5175,0.0026,0.975,layer_15
abs_diff,col_norm,8,per_ckpt,199B,90,-0.0591,0.5325,-0.0102,0.9151,layer_15
abs_diff,col_norm,8,per_ckpt,231B,90,-0.0346,0.6903,-0.0265,0.7912,layer_15
abs_diff,col_norm,8,per_ckpt,262B,90,0.0471,0.5984,0.0557,0.5904,layer_15
abs_diff,col_norm,8,per_ckpt,294B,90,-0.0316,0.5385,-0.0213,0.6763,layer_15
abs_diff,col_norm,8,per_ckpt,325B,90,-0.09,0.1958,-0.1196,0.0919,layer_15
abs_diff,col_norm,8,per_ckpt,352B,90,0.007,0.9331,-0.0406,0.6204,layer_15
abs_diff,col_norm,8,per_ckpt,384B,90,-0.0897,0.2328,-0.1096,0.2218,layer_15
abs_diff,col_norm,8,per_ckpt,415B,90,-0.1701,0.034,-0.2043,0.01,layer_15
abs_diff,col_norm,8,per_ckpt,447B,90,-0.0103,0.8881,-0.0318,0.6803,layer_15
abs_diff,col_norm,8,per_ckpt,478B,90,-0.1326,0.0759,-0.1685,0.044,layer_15
abs_diff,col_norm,8,per_ckpt,510B,90,0.0724,0.5015,0.0541,0.6513,layer_15
abs_diff,col_norm,8,per_ckpt,541B,90,0.1588,0.024,0.1279,0.1239,layer_15
abs_diff,col_norm,8,per_ckpt,573B,90,-0.0231,0.7303,-0.0082,0.8961,layer_15
abs_diff,col_norm,8,per_ckpt,main,90,-0.0305,0.6763,-0.0614,0.3916,layer_15
signed_diff,row_norm,4,per_ckpt,10B,90,0.1272,0.5634,0.144,0.5165,layer_15
signed_diff,row_norm,4,per_ckpt,42B,90,0.05,0.7263,0.0711,0.6803,layer_15
signed_diff,row_norm,4,per_ckpt,73B,90,-0.297,0.1828,-0.2895,0.2078,layer_15
signed_diff,row_norm,4,per_ckpt,105B,90,-0.1202,0.6264,-0.1078,0.6733,layer_15
signed_diff,row_norm,4,per_ckpt,136B,90,-0.1105,0.6324,-0.1101,0.6603,layer_15
signed_diff,row_norm,4,per_ckpt,168B,90,0.0075,0.974,0.0009,0.999,layer_15
signed_diff,row_norm,4,per_ckpt,199B,90,-0.2582,0.2448,-0.2479,0.2577,layer_15
signed_diff,row_norm,4,per_ckpt,231B,90,-0.3417,0.0669,-0.3266,0.0909,layer_15
signed_diff,row_norm,4,per_ckpt,262B,90,-0.1192,0.5804,-0.1244,0.5984,layer_15
signed_diff,row_norm,4,per_ckpt,294B,90,-0.0571,0.8072,-0.0652,0.7932,layer_15
signed_diff,row_norm,4,per_ckpt,325B,90,0.0692,0.7173,0.1116,0.6174,layer_15
signed_diff,row_norm,4,per_ckpt,352B,90,-0.1769,0.4376,-0.2104,0.3776,layer_15
signed_diff,row_norm,4,per_ckpt,384B,90,0.0275,0.9111,0.0021,0.994,layer_15
signed_diff,row_norm,4,per_ckpt,415B,90,-0.1488,0.5415,-0.1766,0.4635,layer_15
signed_diff,row_norm,4,per_ckpt,447B,90,-0.3415,0.1269,-0.351,0.1159,layer_15
signed_diff,row_norm,4,per_ckpt,478B,90,-0.0795,0.7602,-0.0852,0.7552,layer_15
signed_diff,row_norm,4,per_ckpt,510B,90,0.0055,0.952,-0.0663,0.4865,layer_15
signed_diff,row_norm,4,per_ckpt,541B,90,0.2672,0.2577,0.2292,0.3646,layer_15
signed_diff,row_norm,4,per_ckpt,573B,90,-0.2055,0.4296,-0.223,0.4116,layer_15
signed_diff,row_norm,4,per_ckpt,main,90,0.035,0.8501,0.0037,0.983,layer_15
signed_diff,row_norm,8,per_ckpt,10B,90,-0.0212,0.9031,-0.0943,0.6474,layer_15
signed_diff,row_norm,8,per_ckpt,42B,90,0.0253,0.8721,0.0408,0.7882,layer_15
signed_diff,row_norm,8,per_ckpt,73B,90,-0.1444,0.4765,-0.1813,0.4036,layer_15
signed_diff,row_norm,8,per_ckpt,105B,90,-0.1105,0.6903,-0.1749,0.6074,layer_15
signed_diff,row_norm,8,per_ckpt,136B,90,0.1581,0.4436,0.131,0.5514,layer_15
signed_diff,row_norm,8,per_ckpt,168B,90,0.0324,0.7932,0.0449,0.7353,layer_15
signed_diff,row_norm,8,per_ckpt,199B,90,-0.017,0.9461,-0.0255,0.9211,layer_15
signed_diff,row_norm,8,per_ckpt,231B,90,-0.3292,0.1009,-0.3208,0.1209,layer_15
signed_diff,row_norm,8,per_ckpt,262B,90,0.4625,0.023,0.4496,0.023,layer_15
signed_diff,row_norm,8,per_ckpt,294B,90,0.3248,0.044,0.3058,0.0599,layer_15
signed_diff,row_norm,8,per_ckpt,325B,90,-0.1135,0.6573,-0.1759,0.5165,layer_15
signed_diff,row_norm,8,per_ckpt,352B,90,-0.0854,0.7123,-0.0977,0.6793,layer_15
signed_diff,row_norm,8,per_ckpt,384B,90,-0.3032,0.1538,-0.2772,0.1848,layer_15
signed_diff,row_norm,8,per_ckpt,415B,90,-0.1626,0.4625,-0.1748,0.4476,layer_15
signed_diff,row_norm,8,per_ckpt,447B,90,0.1487,0.4765,0.0969,0.6374,layer_15
signed_diff,row_norm,8,per_ckpt,478B,90,-0.0468,0.8671,-0.0413,0.8661,layer_15
signed_diff,row_norm,8,per_ckpt,510B,90,0.0508,0.7942,0.0129,0.9481,layer_15
signed_diff,row_norm,8,per_ckpt,541B,90,0.0698,0.7672,0.0686,0.7822,layer_15
signed_diff,row_norm,8,per_ckpt,573B,90,-0.0322,0.8961,-0.0412,0.8531,layer_15
signed_diff,row_norm,8,per_ckpt,main,90,0.0501,0.8551,0.0364,0.8851,layer_15
signed_diff,col_norm,4,per_ckpt,10B,90,-0.1931,0.5105,-0.1982,0.4975,layer_15
signed_diff,col_norm,4,per_ckpt,42B,90,-0.0581,0.8521,-0.0365,0.9021,layer_15
signed_diff,col_norm,4,per_ckpt,73B,90,0.0519,0.8681,0.0685,0.8332,layer_15
signed_diff,col_norm,4,per_ckpt,105B,90,-0.1008,0.7313,-0.089,0.7652,layer_15
signed_diff,col_norm,4,per_ckpt,136B,90,-0.3606,0.1898,-0.3812,0.1698,layer_15
signed_diff,col_norm,4,per_ckpt,168B,90,-0.1608,0.5814,-0.1408,0.6284,layer_15
signed_diff,col_norm,4,per_ckpt,199B,90,0.4636,0.0989,0.4632,0.1039,layer_15
signed_diff,col_norm,4,per_ckpt,231B,90,0.5493,0.0589,0.5328,0.0769,layer_15
signed_diff,col_norm,4,per_ckpt,262B,90,-0.1782,0.4825,-0.1637,0.5265,layer_15
signed_diff,col_norm,4,per_ckpt,294B,90,-0.3103,0.2517,-0.3259,0.2358,layer_15
signed_diff,col_norm,4,per_ckpt,325B,90,-0.2881,0.3197,-0.293,0.3247,layer_15
signed_diff,col_norm,4,per_ckpt,352B,90,-0.0205,0.952,-0.0162,0.957,layer_15
signed_diff,col_norm,4,per_ckpt,384B,90,-0.2396,0.3546,-0.2241,0.3836,layer_15
signed_diff,col_norm,4,per_ckpt,415B,90,-0.1586,0.5425,-0.1664,0.5325,layer_15
signed_diff,col_norm,4,per_ckpt,447B,90,0.2608,0.3427,0.2128,0.4476,layer_15
signed_diff,col_norm,4,per_ckpt,478B,90,-0.3534,0.2088,-0.3349,0.2378,layer_15
signed_diff,col_norm,4,per_ckpt,510B,90,-0.2287,0.4326,-0.2285,0.4436,layer_15
signed_diff,col_norm,4,per_ckpt,541B,90,0.0231,0.9271,0.0359,0.8831,layer_15
signed_diff,col_norm,4,per_ckpt,573B,90,-0.2797,0.3536,-0.2932,0.3317,layer_15
signed_diff,col_norm,4,per_ckpt,main,90,-0.3398,0.2378,-0.3526,0.2168,layer_15
signed_diff,col_norm,8,per_ckpt,10B,90,-0.2784,0.2907,-0.2536,0.3367,layer_15
signed_diff,col_norm,8,per_ckpt,42B,90,-0.6131,0.013,-0.5831,0.02,layer_15
signed_diff,col_norm,8,per_ckpt,73B,90,-0.1518,0.5764,-0.189,0.4975,layer_15
signed_diff,col_norm,8,per_ckpt,105B,90,-0.3086,0.2118,-0.3197,0.2068,layer_15
signed_diff,col_norm,8,per_ckpt,136B,90,-0.5733,0.0629,-0.5812,0.0619,layer_15
signed_diff,col_norm,8,per_ckpt,168B,90,-0.3149,0.2498,-0.2928,0.3127,layer_15
signed_diff,col_norm,8,per_ckpt,199B,90,-0.5804,0.005,-0.5739,0.005,layer_15
signed_diff,col_norm,8,per_ckpt,231B,90,0.0061,0.98,0.011,0.965,layer_15
signed_diff,col_norm,8,per_ckpt,262B,90,-0.0712,0.8132,-0.0467,0.8771,layer_15
signed_diff,col_norm,8,per_ckpt,294B,90,-0.2013,0.5315,-0.2055,0.5295,layer_15
signed_diff,col_norm,8,per_ckpt,325B,90,-0.0652,0.8302,-0.0935,0.7582,layer_15
signed_diff,col_norm,8,per_ckpt,352B,90,-0.334,0.2128,-0.3266,0.2448,layer_15
signed_diff,col_norm,8,per_ckpt,384B,90,0.1066,0.7133,0.0591,0.8492,layer_15
signed_diff,col_norm,8,per_ckpt,415B,90,-0.1972,0.4486,-0.2279,0.4046,layer_15
signed_diff,col_norm,8,per_ckpt,447B,90,-0.1311,0.6663,-0.1465,0.6464,layer_15
signed_diff,col_norm,8,per_ckpt,478B,90,0.3413,0.2228,0.3022,0.2837,layer_15
signed_diff,col_norm,8,per_ckpt,510B,90,-0.2504,0.2128,-0.2462,0.2208,layer_15
signed_diff,col_norm,8,per_ckpt,541B,90,0.1254,0.6663,0.1011,0.7263,layer_15
signed_diff,col_norm,8,per_ckpt,573B,90,-0.274,0.3776,-0.2213,0.4755,layer_15
signed_diff,col_norm,8,per_ckpt,main,90,-0.1365,0.6464,-0.1516,0.6234,layer_15
min_rankme,row_norm,4,per_ckpt,10B,90,0.0248,0.8751,0.092,0.5165,layer_15
min_rankme,row_norm,4,per_ckpt,42B,90,-0.007,0.97,0.085,0.6204,layer_15
min_rankme,row_norm,4,per_ckpt,73B,90,-0.161,0.3626,-0.0643,0.7353,layer_15
min_rankme,row_norm,4,per_ckpt,105B,90,-0.0373,0.8322,-0.0629,0.6973,layer_15
min_rankme,row_norm,4,per_ckpt,136B,90,-0.1374,0.3666,-0.1975,0.1858,layer_15
min_rankme,row_norm,4,per_ckpt,168B,90,-0.0881,0.6034,-0.0486,0.7762,layer_15
min_rankme,row_norm,4,per_ckpt,199B,90,-0.1948,0.2368,-0.2834,0.0649,layer_15
min_rankme,row_norm,4,per_ckpt,231B,90,-0.3225,0.043,-0.2305,0.1399,layer_15
min_rankme,row_norm,4,per_ckpt,262B,90,-0.3251,0.048,-0.3078,0.0519,layer_15
min_rankme,row_norm,4,per_ckpt,294B,90,0.0059,0.987,0.0155,0.9371,layer_15
min_rankme,row_norm,4,per_ckpt,325B,90,0.1031,0.5774,0.1483,0.3766,layer_15
min_rankme,row_norm,4,per_ckpt,352B,90,-0.1109,0.5085,-0.1547,0.3187,layer_15
min_rankme,row_norm,4,per_ckpt,384B,90,-0.0527,0.6613,-0.0529,0.6623,layer_15
min_rankme,row_norm,4,per_ckpt,415B,90,-0.1392,0.3077,-0.1398,0.3177,layer_15
min_rankme,row_norm,4,per_ckpt,447B,90,-0.2668,0.0799,-0.2803,0.0679,layer_15
min_rankme,row_norm,4,per_ckpt,478B,90,-0.1671,0.2837,-0.1674,0.2567,layer_15
min_rankme,row_norm,4,per_ckpt,510B,90,-0.2631,0.1469,-0.2617,0.1269,layer_15
min_rankme,row_norm,4,per_ckpt,541B,90,0.0356,0.7822,0.0741,0.5125,layer_15
min_rankme,row_norm,4,per_ckpt,573B,90,-0.1613,0.2468,-0.2094,0.1059,layer_15
min_rankme,row_norm,4,per_ckpt,main,90,-0.0671,0.6613,-0.1386,0.3566,layer_15
min_rankme,row_norm,8,per_ckpt,10B,90,-0.2627,0.1778,-0.2276,0.2058,layer_15
min_rankme,row_norm,8,per_ckpt,42B,90,0.3093,0.0619,0.2308,0.1528,layer_15
min_rankme,row_norm,8,per_ckpt,73B,90,0.2387,0.2028,0.1522,0.3846,layer_15
min_rankme,row_norm,8,per_ckpt,105B,90,-0.1183,0.2917,-0.0962,0.3317,layer_15
min_rankme,row_norm,8,per_ckpt,136B,90,0.2404,0.1578,0.2806,0.0829,layer_15
min_rankme,row_norm,8,per_ckpt,168B,90,-0.1661,0.3806,-0.2152,0.2138,layer_15
min_rankme,row_norm,8,per_ckpt,199B,90,-0.015,0.9251,-0.0269,0.8122,layer_15
min_rankme,row_norm,8,per_ckpt,231B,90,-0.1348,0.4685,-0.1296,0.4416,layer_15
min_rankme,row_norm,8,per_ckpt,262B,90,0.0191,0.9071,-0.0096,0.952,layer_15
min_rankme,row_norm,8,per_ckpt,294B,90,-0.0842,0.5035,-0.0981,0.4496,layer_15
min_rankme,row_norm,8,per_ckpt,325B,90,0.2427,0.015,0.2075,0.031,layer_15
min_rankme,row_norm,8,per_ckpt,352B,90,0.0341,0.8242,0.1125,0.3916,layer_15
min_rankme,row_norm,8,per_ckpt,384B,90,-0.0929,0.6114,-0.0584,0.7373,layer_15
min_rankme,row_norm,8,per_ckpt,415B,90,0.1937,0.2268,0.1819,0.2008,layer_15
min_rankme,row_norm,8,per_ckpt,447B,90,0.1656,0.1359,0.1832,0.1219,layer_15
min_rankme,row_norm,8,per_ckpt,478B,90,0.1621,0.2128,0.0822,0.5425,layer_15
min_rankme,row_norm,8,per_ckpt,510B,90,-0.029,0.8591,-0.0212,0.8991,layer_15
min_rankme,row_norm,8,per_ckpt,541B,90,-0.0105,0.954,-0.067,0.6603,layer_15
min_rankme,row_norm,8,per_ckpt,573B,90,-0.0264,0.8691,-0.031,0.8252,layer_15
min_rankme,row_norm,8,per_ckpt,main,90,0.0535,0.6444,0.117,0.3407,layer_15
min_rankme,col_norm,4,per_ckpt,10B,90,0.0276,0.7283,0.0616,0.4525,layer_15
min_rankme,col_norm,4,per_ckpt,42B,90,0.001,0.993,0.0394,0.5824,layer_15
min_rankme,col_norm,4,per_ckpt,73B,90,-0.0764,0.5205,-0.0393,0.7522,layer_15
min_rankme,col_norm,4,per_ckpt,105B,90,-0.0229,0.8252,-0.0426,0.6953,layer_15
min_rankme,col_norm,4,per_ckpt,136B,90,-0.0996,0.4515,-0.1709,0.1758,layer_15
min_rankme,col_norm,4,per_ckpt,168B,90,-0.0477,0.6843,-0.0265,0.8092,layer_15
min_rankme,col_norm,4,per_ckpt,199B,90,-0.1526,0.1469,-0.1847,0.0709,layer_15
min_rankme,col_norm,4,per_ckpt,231B,90,-0.1316,0.0919,-0.1116,0.1449,layer_15
min_rankme,col_norm,4,per_ckpt,262B,90,-0.3141,0.03,-0.2839,0.044,layer_15
min_rankme,col_norm,4,per_ckpt,294B,90,0.0164,0.9271,0.0157,0.9241,layer_15
min_rankme,col_norm,4,per_ckpt,325B,90,0.0603,0.6284,0.1035,0.3946,layer_15
min_rankme,col_norm,4,per_ckpt,352B,90,-0.0727,0.5864,-0.1123,0.2927,layer_15
min_rankme,col_norm,4,per_ckpt,384B,90,-0.0672,0.5175,-0.0413,0.6993,layer_15
min_rankme,col_norm,4,per_ckpt,415B,90,-0.1781,0.1568,-0.1316,0.3227,layer_15
min_rankme,col_norm,4,per_ckpt,447B,90,-0.2209,0.0729,-0.2095,0.0809,layer_15
min_rankme,col_norm,4,per_ckpt,478B,90,-0.1521,0.2358,-0.1488,0.2557,layer_15
min_rankme,col_norm,4,per_ckpt,510B,90,-0.1671,0.1199,-0.1482,0.1299,layer_15
min_rankme,col_norm,4,per_ckpt,541B,90,0.0568,0.6623,0.0791,0.4995,layer_15
min_rankme,col_norm,4,per_ckpt,573B,90,-0.1011,0.2797,-0.1492,0.1019,layer_15
min_rankme,col_norm,4,per_ckpt,main,90,-0.0642,0.5135,-0.0881,0.3566,layer_15
min_rankme,col_norm,8,per_ckpt,10B,90,-0.2067,0.1548,-0.1853,0.1968,layer_15
min_rankme,col_norm,8,per_ckpt,42B,90,0.1587,0.1059,0.1438,0.1648,layer_15
min_rankme,col_norm,8,per_ckpt,73B,90,0.2055,0.2008,0.1274,0.3766,layer_15
min_rankme,col_norm,8,per_ckpt,105B,90,-0.0453,0.6903,-0.1101,0.3237,layer_15
min_rankme,col_norm,8,per_ckpt,136B,90,0.1096,0.1778,0.1237,0.0809,layer_15
min_rankme,col_norm,8,per_ckpt,168B,90,-0.1243,0.3037,-0.1393,0.2068,layer_15
min_rankme,col_norm,8,per_ckpt,199B,90,0.0142,0.9321,-0.0192,0.8641,layer_15
min_rankme,col_norm,8,per_ckpt,231B,90,-0.0809,0.5964,-0.1061,0.4426,layer_15
min_rankme,col_norm,8,per_ckpt,262B,90,-0.0244,0.8332,-0.0109,0.9381,layer_15
min_rankme,col_norm,8,per_ckpt,294B,90,-0.0113,0.8911,-0.0287,0.6424,layer_15
min_rankme,col_norm,8,per_ckpt,325B,90,0.1593,0.0659,0.1785,0.017,layer_15
min_rankme,col_norm,8,per_ckpt,352B,90,0.0306,0.7682,0.1018,0.3437,layer_15
min_rankme,col_norm,8,per_ckpt,384B,90,-0.0813,0.4845,-0.04,0.7692,layer_15
min_rankme,col_norm,8,per_ckpt,415B,90,0.1785,0.1658,0.1416,0.2338,layer_15
min_rankme,col_norm,8,per_ckpt,447B,90,0.1119,0.1429,0.1399,0.1109,layer_15
min_rankme,col_norm,8,per_ckpt,478B,90,0.0793,0.4925,0.0735,0.5435,layer_15
min_rankme,col_norm,8,per_ckpt,510B,90,-0.0295,0.8531,-0.0184,0.9101,layer_15
min_rankme,col_norm,8,per_ckpt,541B,90,-0.05,0.6913,-0.0334,0.7782,layer_15
min_rankme,col_norm,8,per_ckpt,573B,90,-0.0131,0.8621,0.0063,0.9391,layer_15
min_rankme,col_norm,8,per_ckpt,main,90,0.0372,0.7063,0.0973,0.2957,layer_15
norm_asym,row_norm,4,per_ckpt,10B,90,0.0144,0.9381,0.0176,0.9161,layer_15
norm_asym,row_norm,4,per_ckpt,42B,90,-0.0143,0.9191,-0.0112,0.9361,layer_15
norm_asym,row_norm,4,per_ckpt,73B,90,-0.3407,0.1109,-0.3637,0.0839,layer_15
norm_asym,row_norm,4,per_ckpt,105B,90,-0.2094,0.3856,-0.2372,0.3087,layer_15
norm_asym,row_norm,4,per_ckpt,136B,90,-0.0888,0.6873,-0.0744,0.7522,layer_15
norm_asym,row_norm,4,per_ckpt,168B,90,-0.0906,0.6903,-0.1048,0.6643,layer_15
norm_asym,row_norm,4,per_ckpt,199B,90,-0.244,0.2737,-0.2598,0.2308,layer_15
norm_asym,row_norm,4,per_ckpt,231B,90,-0.4124,0.024,-0.4243,0.02,layer_15
norm_asym,row_norm,4,per_ckpt,262B,90,-0.2421,0.2408,-0.3308,0.1149,layer_15
norm_asym,row_norm,4,per_ckpt,294B,90,0.0219,0.9181,0.0527,0.8112,layer_15
norm_asym,row_norm,4,per_ckpt,325B,90,-0.0279,0.8801,-0.0158,0.9331,layer_15
norm_asym,row_norm,4,per_ckpt,352B,90,-0.0585,0.7812,-0.0695,0.7363,layer_15
norm_asym,row_norm,4,per_ckpt,384B,90,-0.0545,0.8222,-0.114,0.6364,layer_15
norm_asym,row_norm,4,per_ckpt,415B,90,-0.244,0.2927,-0.2973,0.2218,layer_15
norm_asym,row_norm,4,per_ckpt,447B,90,-0.309,0.1758,-0.2879,0.2168,layer_15
norm_asym,row_norm,4,per_ckpt,478B,90,-0.1358,0.5734,-0.1288,0.6164,layer_15
norm_asym,row_norm,4,per_ckpt,510B,90,-0.0145,0.8741,-0.0581,0.5564,layer_15
norm_asym,row_norm,4,per_ckpt,541B,90,0.2433,0.3237,0.206,0.4276,layer_15
norm_asym,row_norm,4,per_ckpt,573B,90,-0.1456,0.5544,-0.0985,0.6823,layer_15
norm_asym,row_norm,4,per_ckpt,main,90,0.042,0.7842,0.0252,0.8611,layer_15
norm_asym,row_norm,8,per_ckpt,10B,90,-0.0708,0.6643,-0.1819,0.3017,layer_15
norm_asym,row_norm,8,per_ckpt,42B,90,0.0377,0.8012,0.044,0.7592,layer_15
norm_asym,row_norm,8,per_ckpt,73B,90,-0.0857,0.6833,-0.0895,0.6973,layer_15
norm_asym,row_norm,8,per_ckpt,105B,90,-0.1349,0.6204,-0.1878,0.4835,layer_15
norm_asym,row_norm,8,per_ckpt,136B,90,0.2499,0.1998,0.2644,0.2038,layer_15
norm_asym,row_norm,8,per_ckpt,168B,90,0.0233,0.8601,0.0477,0.7173,layer_15
norm_asym,row_norm,8,per_ckpt,199B,90,0.0748,0.7393,0.1023,0.6693,layer_15
norm_asym,row_norm,8,per_ckpt,231B,90,-0.3261,0.0999,-0.3052,0.1379,layer_15
norm_asym,row_norm,8,per_ckpt,262B,90,0.3582,0.0769,0.3581,0.0669,layer_15
norm_asym,row_norm,8,per_ckpt,294B,90,0.3607,0.017,0.3139,0.0629,layer_15
norm_asym,row_norm,8,per_ckpt,325B,90,-0.0205,0.9341,-0.0615,0.8222,layer_15
norm_asym,row_norm,8,per_ckpt,352B,90,-0.0735,0.7263,-0.0772,0.7023,layer_15
norm_asym,row_norm,8,per_ckpt,384B,90,-0.1352,0.5325,-0.0805,0.7213,layer_15
norm_asym,row_norm,8,per_ckpt,415B,90,-0.0856,0.7003,-0.0469,0.8382,layer_15
norm_asym,row_norm,8,per_ckpt,447B,90,0.2077,0.3207,0.1993,0.3307,layer_15
norm_asym,row_norm,8,per_ckpt,478B,90,0.0654,0.8232,0.0971,0.7423,layer_15
norm_asym,row_norm,8,per_ckpt,510B,90,0.0498,0.8142,0.0128,0.9421,layer_15
norm_asym,row_norm,8,per_ckpt,541B,90,0.0779,0.7163,0.0663,0.7552,layer_15
norm_asym,row_norm,8,per_ckpt,573B,90,-0.0219,0.9361,-0.0166,0.95,layer_15
norm_asym,row_norm,8,per_ckpt,main,90,0.0807,0.7493,0.102,0.6484,layer_15
norm_asym,col_norm,4,per_ckpt,10B,90,-0.1103,0.6923,-0.1207,0.6733,layer_15
norm_asym,col_norm,4,per_ckpt,42B,90,-0.0961,0.7453,-0.0703,0.8072,layer_15
norm_asym,col_norm,4,per_ckpt,73B,90,-0.0361,0.8971,-0.0613,0.8492,layer_15
norm_asym,col_norm,4,per_ckpt,105B,90,-0.1655,0.5964,-0.1919,0.5504,layer_15
norm_asym,col_norm,4,per_ckpt,136B,90,-0.3756,0.1718,-0.3893,0.1588,layer_15
norm_asym,col_norm,4,per_ckpt,168B,90,-0.1617,0.6084,-0.1676,0.6134,layer_15
norm_asym,col_norm,4,per_ckpt,199B,90,0.4569,0.0939,0.4438,0.1029,layer_15
norm_asym,col_norm,4,per_ckpt,231B,90,0.4456,0.1429,0.3745,0.2408,layer_15
norm_asym,col_norm,4,per_ckpt,262B,90,-0.1108,0.6553,-0.0861,0.7293,layer_15
norm_asym,col_norm,4,per_ckpt,294B,90,-0.3494,0.1828,-0.3519,0.1918,layer_15
norm_asym,col_norm,4,per_ckpt,325B,90,-0.1943,0.5005,-0.1579,0.6014,layer_15
norm_asym,col_norm,4,per_ckpt,352B,90,-0.1539,0.6084,-0.1687,0.5764,layer_15
norm_asym,col_norm,4,per_ckpt,384B,90,-0.0668,0.8122,-0.0202,0.9481,layer_15
norm_asym,col_norm,4,per_ckpt,415B,90,-0.0825,0.7253,-0.0568,0.8052,layer_15
norm_asym,col_norm,4,per_ckpt,447B,90,0.2588,0.3347,0.2327,0.3996,layer_15
norm_asym,col_norm,4,per_ckpt,478B,90,-0.2985,0.2837,-0.2423,0.3956,layer_15
norm_asym,col_norm,4,per_ckpt,510B,90,-0.1161,0.6863,-0.0751,0.7882,layer_15
norm_asym,col_norm,4,per_ckpt,541B,90,0.0966,0.7143,0.1389,0.5884,layer_15
norm_asym,col_norm,4,per_ckpt,573B,90,-0.2984,0.3057,-0.2844,0.3247,layer_15
norm_asym,col_norm,4,per_ckpt,main,90,-0.3064,0.2498,-0.2834,0.2807,layer_15
norm_asym,col_norm,8,per_ckpt,10B,90,-0.1465,0.5704,-0.12,0.6414,layer_15
norm_asym,col_norm,8,per_ckpt,42B,90,-0.5197,0.048,-0.4751,0.0669,layer_15
norm_asym,col_norm,8,per_ckpt,73B,90,-0.1173,0.6763,-0.1401,0.6104,layer_15
norm_asym,col_norm,8,per_ckpt,105B,90,-0.2522,0.3167,-0.2267,0.3996,layer_15
norm_asym,col_norm,8,per_ckpt,136B,90,-0.407,0.2028,-0.3483,0.2857,layer_15
norm_asym,col_norm,8,per_ckpt,168B,90,-0.1672,0.5415,-0.0968,0.7163,layer_15
norm_asym,col_norm,8,per_ckpt,199B,90,-0.5682,0.01,-0.5371,0.021,layer_15
norm_asym,col_norm,8,per_ckpt,231B,90,0.1324,0.6344,0.1832,0.5225,layer_15
norm_asym,col_norm,8,per_ckpt,262B,90,-0.1207,0.6733,-0.1382,0.6204,layer_15
norm_asym,col_norm,8,per_ckpt,294B,90,-0.1627,0.6064,-0.1901,0.5534,layer_15
norm_asym,col_norm,8,per_ckpt,325B,90,-0.0291,0.9281,-0.021,0.9321,layer_15
norm_asym,col_norm,8,per_ckpt,352B,90,-0.277,0.2857,-0.2394,0.3706,layer_15
norm_asym,col_norm,8,per_ckpt,384B,90,0.0299,0.9151,-0.0338,0.9121,layer_15
norm_asym,col_norm,8,per_ckpt,415B,90,-0.2527,0.3267,-0.2858,0.2807,layer_15
norm_asym,col_norm,8,per_ckpt,447B,90,-0.1553,0.6264,-0.1357,0.6643,layer_15
norm_asym,col_norm,8,per_ckpt,478B,90,0.1491,0.6234,0.0827,0.7802,layer_15
norm_asym,col_norm,8,per_ckpt,510B,90,-0.2767,0.1698,-0.2422,0.2278,layer_15
norm_asym,col_norm,8,per_ckpt,541B,90,0.1527,0.6084,0.1672,0.5554,layer_15
norm_asym,col_norm,8,per_ckpt,573B,90,-0.2113,0.4805,-0.119,0.6973,layer_15
norm_asym,col_norm,8,per_ckpt,main,90,-0.128,0.6334,-0.1172,0.6653,layer_15
abs_diff,row_norm,4,pooled,,1800,0.055,0.0196,0.072,0.0022,layer_16
abs_diff,row_norm,8,pooled,,1800,-0.0395,0.0941,-0.0405,0.0859,layer_16
abs_diff,col_norm,4,pooled,,1800,0.0441,0.0616,0.0529,0.0249,layer_16
abs_diff,col_norm,8,pooled,,1800,-0.0255,0.2801,-0.0301,0.2023,layer_16
signed_diff,row_norm,4,pooled,,1800,-0.0849,0.0003,-0.0753,0.0014,layer_16
signed_diff,row_norm,8,pooled,,1800,-0.0237,0.3146,-0.0387,0.1003,layer_16
signed_diff,col_norm,4,pooled,,1800,-0.0974,0.0,-0.095,0.0001,layer_16
signed_diff,col_norm,8,pooled,,1800,-0.1984,0.0,-0.1935,0.0,layer_16
min_rankme,row_norm,4,pooled,,1800,-0.1035,0.0,-0.0871,0.0002,layer_16
min_rankme,row_norm,8,pooled,,1800,0.0418,0.0762,0.0159,0.4993,layer_16
min_rankme,col_norm,4,pooled,,1800,-0.0726,0.0021,-0.0597,0.0113,layer_16
min_rankme,col_norm,8,pooled,,1800,0.0271,0.2499,0.0159,0.5014,layer_16
norm_asym,row_norm,4,pooled,,1800,-0.1191,0.0,-0.1299,0.0,layer_16
norm_asym,row_norm,8,pooled,,1800,0.0067,0.7765,0.0066,0.7811,layer_16
norm_asym,col_norm,4,pooled,,1800,-0.0867,0.0002,-0.0754,0.0014,layer_16
norm_asym,col_norm,8,pooled,,1800,-0.1583,0.0,-0.1374,0.0,layer_16
abs_diff,row_norm,4,per_ckpt,10B,90,0.2092,0.026,0.1965,0.0629,layer_16
abs_diff,row_norm,4,per_ckpt,42B,90,0.2239,0.044,0.1664,0.1618,layer_16
abs_diff,row_norm,4,per_ckpt,73B,90,0.0685,0.4915,0.0518,0.5944,layer_16
abs_diff,row_norm,4,per_ckpt,105B,90,0.1048,0.2867,0.1337,0.1948,layer_16
abs_diff,row_norm,4,per_ckpt,136B,90,0.1431,0.1489,0.1874,0.0809,layer_16
abs_diff,row_norm,4,per_ckpt,168B,90,0.0025,0.977,0.0568,0.5744,layer_16
abs_diff,row_norm,4,per_ckpt,199B,90,-0.0825,0.4466,-0.0589,0.6314,layer_16
abs_diff,row_norm,4,per_ckpt,231B,90,-0.0261,0.7962,-0.0457,0.7033,layer_16
abs_diff,row_norm,4,per_ckpt,262B,90,0.1479,0.1788,0.135,0.2777,layer_16
abs_diff,row_norm,4,per_ckpt,294B,90,0.0026,0.988,-0.0528,0.7333,layer_16
abs_diff,row_norm,4,per_ckpt,325B,90,0.0684,0.5834,0.0758,0.5465,layer_16
abs_diff,row_norm,4,per_ckpt,352B,90,0.0034,0.977,-0.0251,0.8202,layer_16
abs_diff,row_norm,4,per_ckpt,384B,90,0.1523,0.1089,0.1984,0.0509,layer_16
abs_diff,row_norm,4,per_ckpt,415B,90,0.0771,0.3966,0.1116,0.2577,layer_16
abs_diff,row_norm,4,per_ckpt,447B,90,-0.0531,0.6044,-0.0658,0.5674,layer_16
abs_diff,row_norm,4,per_ckpt,478B,90,0.1571,0.0939,0.162,0.1139,layer_16
abs_diff,row_norm,4,per_ckpt,510B,90,0.0962,0.4376,0.1518,0.2398,layer_16
abs_diff,row_norm,4,per_ckpt,541B,90,0.025,0.7433,0.0363,0.6533,layer_16
abs_diff,row_norm,4,per_ckpt,573B,90,-0.0106,0.9221,-0.0056,0.952,layer_16
abs_diff,row_norm,4,per_ckpt,main,90,-0.0344,0.7373,0.0164,0.8781,layer_16
abs_diff,row_norm,8,per_ckpt,10B,90,0.1203,0.3427,0.1112,0.3986,layer_16
abs_diff,row_norm,8,per_ckpt,42B,90,0.071,0.5574,0.0674,0.6014,layer_16
abs_diff,row_norm,8,per_ckpt,73B,90,-0.2656,0.007,-0.2929,0.003,layer_16
abs_diff,row_norm,8,per_ckpt,105B,90,0.0974,0.2308,0.0752,0.3277,layer_16
abs_diff,row_norm,8,per_ckpt,136B,90,0.0512,0.6693,0.0815,0.5065,layer_16
abs_diff,row_norm,8,per_ckpt,168B,90,-0.0248,0.8621,-0.0001,1.0,layer_16
abs_diff,row_norm,8,per_ckpt,199B,90,0.0059,0.9441,-0.0131,0.8941,layer_16
abs_diff,row_norm,8,per_ckpt,231B,90,-0.0108,0.9361,-0.0216,0.8561,layer_16
abs_diff,row_norm,8,per_ckpt,262B,90,0.0937,0.3936,0.0748,0.5305,layer_16
abs_diff,row_norm,8,per_ckpt,294B,90,0.0347,0.7223,-0.0131,0.9081,layer_16
abs_diff,row_norm,8,per_ckpt,325B,90,-0.2157,0.017,-0.1488,0.1029,layer_16
abs_diff,row_norm,8,per_ckpt,352B,90,-0.032,0.7542,-0.0409,0.6953,layer_16
abs_diff,row_norm,8,per_ckpt,384B,90,-0.1756,0.0839,-0.1552,0.1768,layer_16
abs_diff,row_norm,8,per_ckpt,415B,90,-0.2408,0.013,-0.2563,0.004,layer_16
abs_diff,row_norm,8,per_ckpt,447B,90,-0.0384,0.7033,-0.0457,0.6633,layer_16
abs_diff,row_norm,8,per_ckpt,478B,90,-0.2113,0.017,-0.2115,0.025,layer_16
abs_diff,row_norm,8,per_ckpt,510B,90,0.0313,0.7832,0.0498,0.6763,layer_16
abs_diff,row_norm,8,per_ckpt,541B,90,0.1522,0.1299,0.1755,0.1119,layer_16
abs_diff,row_norm,8,per_ckpt,573B,90,-0.046,0.6523,-0.0162,0.8881,layer_16
abs_diff,row_norm,8,per_ckpt,main,90,-0.0388,0.6533,-0.0954,0.3197,layer_16
abs_diff,col_norm,4,per_ckpt,10B,90,0.1003,0.0529,0.1012,0.0929,layer_16
abs_diff,col_norm,4,per_ckpt,42B,90,0.0859,0.0509,0.0732,0.1219,layer_16
abs_diff,col_norm,4,per_ckpt,73B,90,0.0175,0.7812,0.0299,0.6424,layer_16
abs_diff,col_norm,4,per_ckpt,105B,90,0.0548,0.4026,0.0862,0.2008,layer_16
abs_diff,col_norm,4,per_ckpt,136B,90,0.1755,0.042,0.1604,0.0759,layer_16
abs_diff,col_norm,4,per_ckpt,168B,90,0.0147,0.8142,0.0326,0.6324,layer_16
abs_diff,col_norm,4,per_ckpt,199B,90,-0.0385,0.6084,-0.0387,0.6424,layer_16
abs_diff,col_norm,4,per_ckpt,231B,90,-0.0216,0.6953,-0.0168,0.7592,layer_16
abs_diff,col_norm,4,per_ckpt,262B,90,0.1537,0.1409,0.1262,0.2657,layer_16
abs_diff,col_norm,4,per_ckpt,294B,90,-0.0231,0.8362,-0.0445,0.7053,layer_16
abs_diff,col_norm,4,per_ckpt,325B,90,0.0488,0.5754,0.0559,0.5514,layer_16
abs_diff,col_norm,4,per_ckpt,352B,90,-0.0115,0.8651,-0.016,0.8342,layer_16
abs_diff,col_norm,4,per_ckpt,384B,90,0.154,0.0659,0.1731,0.05,layer_16
abs_diff,col_norm,4,per_ckpt,415B,90,0.1023,0.2408,0.1079,0.2458,layer_16
abs_diff,col_norm,4,per_ckpt,447B,90,-0.0648,0.4376,-0.0576,0.5165,layer_16
abs_diff,col_norm,4,per_ckpt,478B,90,0.1266,0.1349,0.1444,0.1159,layer_16
abs_diff,col_norm,4,per_ckpt,510B,90,0.0625,0.3526,0.0828,0.2727,layer_16
abs_diff,col_norm,4,per_ckpt,541B,90,0.0403,0.5894,0.0403,0.6214,layer_16
abs_diff,col_norm,4,per_ckpt,573B,90,-0.0105,0.8581,0.0018,0.985,layer_16
abs_diff,col_norm,4,per_ckpt,main,90,0.0093,0.8871,0.0119,0.8741,layer_16
abs_diff,col_norm,8,per_ckpt,10B,90,0.1236,0.1818,0.092,0.3796,layer_16
abs_diff,col_norm,8,per_ckpt,42B,90,0.0841,0.2448,0.0482,0.5465,layer_16
abs_diff,col_norm,8,per_ckpt,73B,90,-0.2428,0.002,-0.2372,0.003,layer_16
abs_diff,col_norm,8,per_ckpt,105B,90,0.1145,0.1898,0.0912,0.2977,layer_16
abs_diff,col_norm,8,per_ckpt,136B,90,0.0044,0.9201,0.0484,0.3636,layer_16
abs_diff,col_norm,8,per_ckpt,168B,90,0.0463,0.5495,0.0034,0.961,layer_16
abs_diff,col_norm,8,per_ckpt,199B,90,-0.0609,0.5215,-0.0097,0.9211,layer_16
abs_diff,col_norm,8,per_ckpt,231B,90,-0.0378,0.6683,-0.0196,0.8422,layer_16
abs_diff,col_norm,8,per_ckpt,262B,90,0.0614,0.4805,0.0591,0.5514,layer_16
abs_diff,col_norm,8,per_ckpt,294B,90,-0.0193,0.7223,-0.0122,0.8052,layer_16
abs_diff,col_norm,8,per_ckpt,325B,90,-0.0967,0.1638,-0.1203,0.0949,layer_16
abs_diff,col_norm,8,per_ckpt,352B,90,0.0183,0.8312,-0.0334,0.6863,layer_16
abs_diff,col_norm,8,per_ckpt,384B,90,-0.1101,0.1299,-0.1207,0.1738,layer_16
abs_diff,col_norm,8,per_ckpt,415B,90,-0.1794,0.018,-0.212,0.005,layer_16
abs_diff,col_norm,8,per_ckpt,447B,90,-0.0188,0.8002,-0.0378,0.6194,layer_16
abs_diff,col_norm,8,per_ckpt,478B,90,-0.1471,0.044,-0.1784,0.03,layer_16
abs_diff,col_norm,8,per_ckpt,510B,90,0.0615,0.5694,0.0495,0.6723,layer_16
abs_diff,col_norm,8,per_ckpt,541B,90,0.1616,0.02,0.1243,0.1409,layer_16
abs_diff,col_norm,8,per_ckpt,573B,90,-0.0326,0.6204,-0.0148,0.8152,layer_16
abs_diff,col_norm,8,per_ckpt,main,90,-0.0423,0.5195,-0.0709,0.3197,layer_16
signed_diff,row_norm,4,per_ckpt,10B,90,0.1336,0.5504,0.1507,0.4955,layer_16
signed_diff,row_norm,4,per_ckpt,42B,90,0.0554,0.6993,0.071,0.6803,layer_16
signed_diff,row_norm,4,per_ckpt,73B,90,-0.3027,0.1718,-0.2954,0.1918,layer_16
signed_diff,row_norm,4,per_ckpt,105B,90,-0.1193,0.6324,-0.1082,0.6663,layer_16
signed_diff,row_norm,4,per_ckpt,136B,90,-0.1025,0.6533,-0.1055,0.6723,layer_16
signed_diff,row_norm,4,per_ckpt,168B,90,0.0027,0.991,0.0016,0.994,layer_16
signed_diff,row_norm,4,per_ckpt,199B,90,-0.2535,0.2527,-0.2487,0.2547,layer_16
signed_diff,row_norm,4,per_ckpt,231B,90,-0.3412,0.0649,-0.3282,0.0889,layer_16
signed_diff,row_norm,4,per_ckpt,262B,90,-0.1158,0.5924,-0.1281,0.5844,layer_16
signed_diff,row_norm,4,per_ckpt,294B,90,-0.0618,0.7892,-0.057,0.8202,layer_16
signed_diff,row_norm,4,per_ckpt,325B,90,0.0405,0.8282,0.0939,0.6613,layer_16
signed_diff,row_norm,4,per_ckpt,352B,90,-0.1673,0.4635,-0.2046,0.3946,layer_16
signed_diff,row_norm,4,per_ckpt,384B,90,-0.0176,0.9391,-0.0176,0.9401,layer_16
signed_diff,row_norm,4,per_ckpt,415B,90,-0.168,0.4765,-0.1947,0.4146,layer_16
signed_diff,row_norm,4,per_ckpt,447B,90,-0.3528,0.1109,-0.355,0.1099,layer_16
signed_diff,row_norm,4,per_ckpt,478B,90,-0.0977,0.7073,-0.0976,0.7093,layer_16
signed_diff,row_norm,4,per_ckpt,510B,90,0.0102,0.9101,-0.0602,0.5295,layer_16
signed_diff,row_norm,4,per_ckpt,541B,90,0.2421,0.3137,0.2087,0.4056,layer_16
signed_diff,row_norm,4,per_ckpt,573B,90,-0.2205,0.3946,-0.2326,0.3866,layer_16
signed_diff,row_norm,4,per_ckpt,main,90,0.0403,0.8302,0.002,0.992,layer_16
signed_diff,row_norm,8,per_ckpt,10B,90,-0.0284,0.8721,-0.095,0.6444,layer_16
signed_diff,row_norm,8,per_ckpt,42B,90,0.0241,0.8791,0.039,0.8002,layer_16
signed_diff,row_norm,8,per_ckpt,73B,90,-0.1484,0.4605,-0.1895,0.3856,layer_16
signed_diff,row_norm,8,per_ckpt,105B,90,-0.1117,0.6893,-0.1825,0.5854,layer_16
signed_diff,row_norm,8,per_ckpt,136B,90,0.1665,0.4166,0.143,0.5165,layer_16
signed_diff,row_norm,8,per_ckpt,168B,90,0.0297,0.8082,0.0425,0.7463,layer_16
signed_diff,row_norm,8,per_ckpt,199B,90,-0.0131,0.964,-0.0186,0.9381,layer_16
signed_diff,row_norm,8,per_ckpt,231B,90,-0.3376,0.0839,-0.3262,0.1129,layer_16
signed_diff,row_norm,8,per_ckpt,262B,90,0.4258,0.037,0.4327,0.026,layer_16
signed_diff,row_norm,8,per_ckpt,294B,90,0.294,0.0729,0.2931,0.0799,layer_16
signed_diff,row_norm,8,per_ckpt,325B,90,-0.1443,0.5704,-0.1876,0.4755,layer_16
signed_diff,row_norm,8,per_ckpt,352B,90,-0.1098,0.6194,-0.1124,0.6234,layer_16
signed_diff,row_norm,8,per_ckpt,384B,90,-0.2961,0.1598,-0.2743,0.1868,layer_16
signed_diff,row_norm,8,per_ckpt,415B,90,-0.1711,0.4426,-0.1792,0.4396,layer_16
signed_diff,row_norm,8,per_ckpt,447B,90,0.1167,0.5724,0.0883,0.6673,layer_16
signed_diff,row_norm,8,per_ckpt,478B,90,-0.0536,0.8501,-0.0462,0.8611,layer_16
signed_diff,row_norm,8,per_ckpt,510B,90,0.048,0.8022,0.0042,0.98,layer_16
signed_diff,row_norm,8,per_ckpt,541B,90,0.0447,0.8571,0.0471,0.8711,layer_16
signed_diff,row_norm,8,per_ckpt,573B,90,-0.0367,0.8861,-0.0462,0.8412,layer_16
signed_diff,row_norm,8,per_ckpt,main,90,0.0446,0.8651,0.0332,0.8881,layer_16
signed_diff,col_norm,4,per_ckpt,10B,90,-0.198,0.5025,-0.2078,0.4855,layer_16
signed_diff,col_norm,4,per_ckpt,42B,90,-0.0673,0.8312,-0.0457,0.8821,layer_16
signed_diff,col_norm,4,per_ckpt,73B,90,0.0429,0.8881,0.0477,0.8851,layer_16
signed_diff,col_norm,4,per_ckpt,105B,90,-0.1003,0.7273,-0.0973,0.7403,layer_16
signed_diff,col_norm,4,per_ckpt,136B,90,-0.3643,0.1868,-0.3858,0.1688,layer_16
signed_diff,col_norm,4,per_ckpt,168B,90,-0.1662,0.5654,-0.1491,0.6114,layer_16
signed_diff,col_norm,4,per_ckpt,199B,90,0.4634,0.0949,0.4468,0.1219,layer_16
signed_diff,col_norm,4,per_ckpt,231B,90,0.5338,0.0689,0.5201,0.0859,layer_16
signed_diff,col_norm,4,per_ckpt,262B,90,-0.185,0.4735,-0.166,0.5145,layer_16
signed_diff,col_norm,4,per_ckpt,294B,90,-0.3154,0.2398,-0.3353,0.2268,layer_16
signed_diff,col_norm,4,per_ckpt,325B,90,-0.2798,0.3337,-0.2881,0.3317,layer_16
signed_diff,col_norm,4,per_ckpt,352B,90,-0.0504,0.8721,-0.0443,0.8841,layer_16
signed_diff,col_norm,4,per_ckpt,384B,90,-0.2356,0.3676,-0.2205,0.3896,layer_16
signed_diff,col_norm,4,per_ckpt,415B,90,-0.1464,0.5774,-0.1635,0.5375,layer_16
signed_diff,col_norm,4,per_ckpt,447B,90,0.2625,0.3347,0.2149,0.4446,layer_16
signed_diff,col_norm,4,per_ckpt,478B,90,-0.3634,0.1968,-0.3455,0.2168,layer_16
signed_diff,col_norm,4,per_ckpt,510B,90,-0.2354,0.4226,-0.2376,0.4226,layer_16
signed_diff,col_norm,4,per_ckpt,541B,90,0.0191,0.9451,0.0283,0.9111,layer_16
signed_diff,col_norm,4,per_ckpt,573B,90,-0.3139,0.3057,-0.3209,0.2867,layer_16
signed_diff,col_norm,4,per_ckpt,main,90,-0.3563,0.2128,-0.3714,0.1928,layer_16
signed_diff,col_norm,8,per_ckpt,10B,90,-0.2714,0.3077,-0.2552,0.3347,layer_16
signed_diff,col_norm,8,per_ckpt,42B,90,-0.6054,0.014,-0.5784,0.022,layer_16
signed_diff,col_norm,8,per_ckpt,73B,90,-0.1539,0.5724,-0.1902,0.4985,layer_16
signed_diff,col_norm,8,per_ckpt,105B,90,-0.3092,0.2098,-0.317,0.2098,layer_16
signed_diff,col_norm,8,per_ckpt,136B,90,-0.5654,0.0659,-0.5788,0.0649,layer_16
signed_diff,col_norm,8,per_ckpt,168B,90,-0.3105,0.2527,-0.2887,0.3207,layer_16
signed_diff,col_norm,8,per_ckpt,199B,90,-0.5823,0.004,-0.5772,0.005,layer_16
signed_diff,col_norm,8,per_ckpt,231B,90,0.0085,0.968,0.0089,0.966,layer_16
signed_diff,col_norm,8,per_ckpt,262B,90,-0.0516,0.8671,-0.0388,0.8911,layer_16
signed_diff,col_norm,8,per_ckpt,294B,90,-0.2193,0.5035,-0.2172,0.5105,layer_16
signed_diff,col_norm,8,per_ckpt,325B,90,-0.0693,0.8132,-0.0947,0.7532,layer_16
signed_diff,col_norm,8,per_ckpt,352B,90,-0.3455,0.2008,-0.334,0.2298,layer_16
signed_diff,col_norm,8,per_ckpt,384B,90,0.0886,0.7682,0.0481,0.8731,layer_16
signed_diff,col_norm,8,per_ckpt,415B,90,-0.2284,0.3936,-0.249,0.3646,layer_16
signed_diff,col_norm,8,per_ckpt,447B,90,-0.1415,0.6364,-0.1582,0.6134,layer_16
signed_diff,col_norm,8,per_ckpt,478B,90,0.3479,0.2068,0.3031,0.2787,layer_16
signed_diff,col_norm,8,per_ckpt,510B,90,-0.2545,0.2018,-0.2491,0.2088,layer_16
signed_diff,col_norm,8,per_ckpt,541B,90,0.1253,0.6673,0.1074,0.7193,layer_16
signed_diff,col_norm,8,per_ckpt,573B,90,-0.2735,0.3746,-0.2135,0.4945,layer_16
signed_diff,col_norm,8,per_ckpt,main,90,-0.1501,0.6174,-0.1537,0.6124,layer_16
min_rankme,row_norm,4,per_ckpt,10B,90,0.0266,0.8741,0.0919,0.5175,layer_16
min_rankme,row_norm,4,per_ckpt,42B,90,-0.007,0.97,0.085,0.6204,layer_16
min_rankme,row_norm,4,per_ckpt,73B,90,-0.0766,0.6234,-0.0615,0.7433,layer_16
min_rankme,row_norm,4,per_ckpt,105B,90,-0.0373,0.8322,-0.0649,0.6873,layer_16
min_rankme,row_norm,4,per_ckpt,136B,90,-0.1374,0.3666,-0.2018,0.1818,layer_16
min_rankme,row_norm,4,per_ckpt,168B,90,-0.0881,0.6034,-0.0511,0.7652,layer_16
min_rankme,row_norm,4,per_ckpt,199B,90,-0.1995,0.2258,-0.2865,0.0649,layer_16
min_rankme,row_norm,4,per_ckpt,231B,90,-0.2383,0.1578,-0.2245,0.1489,layer_16
min_rankme,row_norm,4,per_ckpt,262B,90,-0.2093,0.2348,-0.3023,0.0569,layer_16
min_rankme,row_norm,4,per_ckpt,294B,90,0.0272,0.8891,0.0228,0.9031,layer_16
min_rankme,row_norm,4,per_ckpt,325B,90,-0.0064,0.976,0.1237,0.4775,layer_16
min_rankme,row_norm,4,per_ckpt,352B,90,-0.0368,0.8332,-0.1406,0.3636,layer_16
min_rankme,row_norm,4,per_ckpt,384B,90,-0.042,0.7612,-0.0527,0.6653,layer_16
min_rankme,row_norm,4,per_ckpt,415B,90,-0.1858,0.1508,-0.1509,0.2857,layer_16
min_rankme,row_norm,4,per_ckpt,447B,90,-0.279,0.0739,-0.2838,0.0679,layer_16
min_rankme,row_norm,4,per_ckpt,478B,90,-0.2103,0.1578,-0.1752,0.2278,layer_16
min_rankme,row_norm,4,per_ckpt,510B,90,-0.1623,0.3936,-0.2431,0.1618,layer_16
min_rankme,row_norm,4,per_ckpt,541B,90,0.0084,0.96,0.0689,0.5415,layer_16
min_rankme,row_norm,4,per_ckpt,573B,90,-0.1706,0.2238,-0.1994,0.1269,layer_16
min_rankme,row_norm,4,per_ckpt,main,90,0.0076,0.956,-0.1176,0.4466,layer_16
min_rankme,row_norm,8,per_ckpt,10B,90,-0.2612,0.1868,-0.2282,0.2028,layer_16
min_rankme,row_norm,8,per_ckpt,42B,90,0.3093,0.0619,0.2329,0.1508,layer_16
min_rankme,row_norm,8,per_ckpt,73B,90,0.202,0.2677,0.1476,0.3936,layer_16
min_rankme,row_norm,8,per_ckpt,105B,90,-0.1183,0.2917,-0.099,0.3217,layer_16
min_rankme,row_norm,8,per_ckpt,136B,90,0.2404,0.1578,0.2823,0.0799,layer_16
min_rankme,row_norm,8,per_ckpt,168B,90,-0.1661,0.3806,-0.2195,0.2058,layer_16
min_rankme,row_norm,8,per_ckpt,199B,90,-0.0061,0.974,-0.0185,0.8701,layer_16
min_rankme,row_norm,8,per_ckpt,231B,90,-0.0684,0.7173,-0.1291,0.4446,layer_16
min_rankme,row_norm,8,per_ckpt,262B,90,-0.1224,0.4276,-0.0289,0.8561,layer_16
min_rankme,row_norm,8,per_ckpt,294B,90,-0.1696,0.1688,-0.1162,0.3736,layer_16
min_rankme,row_norm,8,per_ckpt,325B,90,0.2225,0.032,0.2032,0.034,layer_16
min_rankme,row_norm,8,per_ckpt,352B,90,0.0168,0.9171,0.0959,0.4505,layer_16
min_rankme,row_norm,8,per_ckpt,384B,90,0.0212,0.9141,-0.0456,0.7922,layer_16
min_rankme,row_norm,8,per_ckpt,415B,90,0.1989,0.2068,0.1868,0.1918,layer_16
min_rankme,row_norm,8,per_ckpt,447B,90,0.2014,0.0559,0.1874,0.1149,layer_16
min_rankme,row_norm,8,per_ckpt,478B,90,0.1898,0.1359,0.0895,0.5025,layer_16
min_rankme,row_norm,8,per_ckpt,510B,90,-0.0331,0.8561,-0.0234,0.9021,layer_16
min_rankme,row_norm,8,per_ckpt,541B,90,-0.0429,0.8152,-0.0712,0.6533,layer_16
min_rankme,row_norm,8,per_ckpt,573B,90,-0.0015,0.993,-0.0223,0.8911,layer_16
min_rankme,row_norm,8,per_ckpt,main,90,0.1372,0.2418,0.1252,0.3027,layer_16
min_rankme,col_norm,4,per_ckpt,10B,90,0.0288,0.7223,0.0614,0.4525,layer_16
min_rankme,col_norm,4,per_ckpt,42B,90,0.001,0.993,0.0393,0.5814,layer_16
min_rankme,col_norm,4,per_ckpt,73B,90,-0.0322,0.7792,-0.0372,0.7672,layer_16
min_rankme,col_norm,4,per_ckpt,105B,90,-0.0229,0.8252,-0.0439,0.6753,layer_16
min_rankme,col_norm,4,per_ckpt,136B,90,-0.0996,0.4515,-0.1744,0.1628,layer_16
min_rankme,col_norm,4,per_ckpt,168B,90,-0.0477,0.6843,-0.0281,0.8022,layer_16
min_rankme,col_norm,4,per_ckpt,199B,90,-0.1574,0.1369,-0.1866,0.0699,layer_16
min_rankme,col_norm,4,per_ckpt,231B,90,-0.089,0.2827,-0.1079,0.1588,layer_16
min_rankme,col_norm,4,per_ckpt,262B,90,-0.2508,0.0969,-0.279,0.0529,layer_16
min_rankme,col_norm,4,per_ckpt,294B,90,0.0421,0.7792,0.0212,0.8951,layer_16
min_rankme,col_norm,4,per_ckpt,325B,90,-0.0058,0.968,0.0856,0.4985,layer_16
min_rankme,col_norm,4,per_ckpt,352B,90,-0.0191,0.8931,-0.1025,0.3247,layer_16
min_rankme,col_norm,4,per_ckpt,384B,90,-0.0477,0.6454,-0.0408,0.7033,layer_16
min_rankme,col_norm,4,per_ckpt,415B,90,-0.2073,0.0989,-0.1418,0.2807,layer_16
min_rankme,col_norm,4,per_ckpt,447B,90,-0.2299,0.0749,-0.2123,0.0779,layer_16
min_rankme,col_norm,4,per_ckpt,478B,90,-0.1868,0.1449,-0.1559,0.2318,layer_16
min_rankme,col_norm,4,per_ckpt,510B,90,-0.1079,0.3497,-0.1375,0.1718,layer_16
min_rankme,col_norm,4,per_ckpt,541B,90,0.0402,0.7602,0.0743,0.5285,layer_16
min_rankme,col_norm,4,per_ckpt,573B,90,-0.0985,0.2837,-0.1432,0.1139,layer_16
min_rankme,col_norm,4,per_ckpt,main,90,-0.0337,0.7383,-0.0753,0.4416,layer_16
min_rankme,col_norm,8,per_ckpt,10B,90,-0.2053,0.1598,-0.1858,0.1918,layer_16
min_rankme,col_norm,8,per_ckpt,42B,90,0.1587,0.1059,0.1453,0.1618,layer_16
min_rankme,col_norm,8,per_ckpt,73B,90,0.1776,0.2577,0.1235,0.3816,layer_16
min_rankme,col_norm,8,per_ckpt,105B,90,-0.0453,0.6903,-0.1128,0.3137,layer_16
min_rankme,col_norm,8,per_ckpt,136B,90,0.1096,0.1778,0.1244,0.0799,layer_16
min_rankme,col_norm,8,per_ckpt,168B,90,-0.1243,0.3037,-0.1418,0.1938,layer_16
min_rankme,col_norm,8,per_ckpt,199B,90,0.0211,0.8891,-0.0112,0.9091,layer_16
min_rankme,col_norm,8,per_ckpt,231B,90,-0.0213,0.8941,-0.1057,0.4426,layer_16
min_rankme,col_norm,8,per_ckpt,262B,90,-0.1238,0.3107,-0.0271,0.8322,layer_16
min_rankme,col_norm,8,per_ckpt,294B,90,-0.0617,0.3546,-0.0359,0.5594,layer_16
min_rankme,col_norm,8,per_ckpt,325B,90,0.1459,0.0979,0.1751,0.02,layer_16
min_rankme,col_norm,8,per_ckpt,352B,90,0.0147,0.8961,0.0883,0.4036,layer_16
min_rankme,col_norm,8,per_ckpt,384B,90,-0.0018,0.987,-0.0302,0.8182,layer_16
min_rankme,col_norm,8,per_ckpt,415B,90,0.1784,0.1538,0.1454,0.2218,layer_16
min_rankme,col_norm,8,per_ckpt,447B,90,0.1431,0.0529,0.1428,0.1039,layer_16
min_rankme,col_norm,8,per_ckpt,478B,90,0.1054,0.3447,0.0796,0.4985,layer_16
min_rankme,col_norm,8,per_ckpt,510B,90,-0.0274,0.8801,-0.0205,0.9111,layer_16
min_rankme,col_norm,8,per_ckpt,541B,90,-0.0553,0.6503,-0.0359,0.7632,layer_16
min_rankme,col_norm,8,per_ckpt,573B,90,0.0113,0.8931,0.0116,0.9101,layer_16
min_rankme,col_norm,8,per_ckpt,main,90,0.103,0.2887,0.1035,0.2607,layer_16
norm_asym,row_norm,4,per_ckpt,10B,90,0.0182,0.9241,0.0214,0.9081,layer_16
norm_asym,row_norm,4,per_ckpt,42B,90,-0.0125,0.9311,-0.0126,0.9331,layer_16
norm_asym,row_norm,4,per_ckpt,73B,90,-0.3449,0.1099,-0.3671,0.0809,layer_16
norm_asym,row_norm,4,per_ckpt,105B,90,-0.2138,0.3766,-0.2411,0.3017,layer_16
norm_asym,row_norm,4,per_ckpt,136B,90,-0.09,0.6863,-0.0779,0.7393,layer_16
norm_asym,row_norm,4,per_ckpt,168B,90,-0.0978,0.6723,-0.1107,0.6454,layer_16
norm_asym,row_norm,4,per_ckpt,199B,90,-0.2374,0.2807,-0.2634,0.2238,layer_16
norm_asym,row_norm,4,per_ckpt,231B,90,-0.4004,0.03,-0.4229,0.02,layer_16
norm_asym,row_norm,4,per_ckpt,262B,90,-0.2307,0.2667,-0.3276,0.1169,layer_16
norm_asym,row_norm,4,per_ckpt,294B,90,0.0146,0.9451,0.051,0.8132,layer_16
norm_asym,row_norm,4,per_ckpt,325B,90,-0.0542,0.7752,-0.0398,0.8302,layer_16
norm_asym,row_norm,4,per_ckpt,352B,90,-0.048,0.8232,-0.0653,0.7453,layer_16
norm_asym,row_norm,4,per_ckpt,384B,90,-0.0946,0.6813,-0.1414,0.5455,layer_16
norm_asym,row_norm,4,per_ckpt,415B,90,-0.2714,0.2517,-0.3208,0.1858,layer_16
norm_asym,row_norm,4,per_ckpt,447B,90,-0.3171,0.1608,-0.2976,0.1978,layer_16
norm_asym,row_norm,4,per_ckpt,478B,90,-0.1591,0.5235,-0.1476,0.5674,layer_16
norm_asym,row_norm,4,per_ckpt,510B,90,0.0046,0.967,-0.05,0.6114,layer_16
norm_asym,row_norm,4,per_ckpt,541B,90,0.2013,0.4146,0.1751,0.5035,layer_16
norm_asym,row_norm,4,per_ckpt,573B,90,-0.1667,0.4995,-0.1135,0.6464,layer_16
norm_asym,row_norm,4,per_ckpt,main,90,0.0443,0.7722,0.0228,0.8721,layer_16
norm_asym,row_norm,8,per_ckpt,10B,90,-0.078,0.6364,-0.1838,0.2947,layer_16
norm_asym,row_norm,8,per_ckpt,42B,90,0.0354,0.8222,0.0419,0.7692,layer_16
norm_asym,row_norm,8,per_ckpt,73B,90,-0.088,0.6763,-0.0967,0.6723,layer_16
norm_asym,row_norm,8,per_ckpt,105B,90,-0.1545,0.5674,-0.1999,0.4525,layer_16
norm_asym,row_norm,8,per_ckpt,136B,90,0.2505,0.1998,0.2683,0.1918,layer_16
norm_asym,row_norm,8,per_ckpt,168B,90,0.0235,0.8571,0.0437,0.7383,layer_16
norm_asym,row_norm,8,per_ckpt,199B,90,0.0771,0.7393,0.1045,0.6593,layer_16
norm_asym,row_norm,8,per_ckpt,231B,90,-0.329,0.0969,-0.3092,0.1309,layer_16
norm_asym,row_norm,8,per_ckpt,262B,90,0.3091,0.1489,0.3363,0.0899,layer_16
norm_asym,row_norm,8,per_ckpt,294B,90,0.3236,0.04,0.293,0.0899,layer_16
norm_asym,row_norm,8,per_ckpt,325B,90,-0.0465,0.8551,-0.0812,0.7542,layer_16
norm_asym,row_norm,8,per_ckpt,352B,90,-0.0994,0.6314,-0.0987,0.6304,layer_16
norm_asym,row_norm,8,per_ckpt,384B,90,-0.1381,0.5345,-0.0773,0.7423,layer_16
norm_asym,row_norm,8,per_ckpt,415B,90,-0.0982,0.6673,-0.0551,0.8062,layer_16
norm_asym,row_norm,8,per_ckpt,447B,90,0.1696,0.4166,0.1774,0.3806,layer_16
norm_asym,row_norm,8,per_ckpt,478B,90,0.045,0.8791,0.0857,0.7692,layer_16
norm_asym,row_norm,8,per_ckpt,510B,90,0.0464,0.8172,0.0019,0.996,layer_16
norm_asym,row_norm,8,per_ckpt,541B,90,0.0334,0.8651,0.0403,0.8541,layer_16
norm_asym,row_norm,8,per_ckpt,573B,90,-0.0336,0.8901,-0.0275,0.9231,layer_16
norm_asym,row_norm,8,per_ckpt,main,90,0.0697,0.7752,0.0892,0.6873,layer_16
norm_asym,col_norm,4,per_ckpt,10B,90,-0.112,0.6963,-0.1319,0.6394,layer_16
norm_asym,col_norm,4,per_ckpt,42B,90,-0.0999,0.7383,-0.0759,0.7952,layer_16
norm_asym,col_norm,4,per_ckpt,73B,90,-0.044,0.8721,-0.0728,0.8142,layer_16
norm_asym,col_norm,4,per_ckpt,105B,90,-0.1699,0.5834,-0.2006,0.5375,layer_16
norm_asym,col_norm,4,per_ckpt,136B,90,-0.3746,0.1778,-0.3899,0.1588,layer_16
norm_asym,col_norm,4,per_ckpt,168B,90,-0.1736,0.5854,-0.1752,0.5904,layer_16
norm_asym,col_norm,4,per_ckpt,199B,90,0.4474,0.1039,0.4308,0.1159,layer_16
norm_asym,col_norm,4,per_ckpt,231B,90,0.4343,0.1578,0.3573,0.2597,layer_16
norm_asym,col_norm,4,per_ckpt,262B,90,-0.1282,0.6114,-0.0901,0.7193,layer_16
norm_asym,col_norm,4,per_ckpt,294B,90,-0.3651,0.1638,-0.357,0.1868,layer_16
norm_asym,col_norm,4,per_ckpt,325B,90,-0.1986,0.4955,-0.1511,0.6104,layer_16
norm_asym,col_norm,4,per_ckpt,352B,90,-0.1835,0.5514,-0.1952,0.5165,layer_16
norm_asym,col_norm,4,per_ckpt,384B,90,-0.071,0.7882,-0.0159,0.965,layer_16
norm_asym,col_norm,4,per_ckpt,415B,90,-0.0626,0.7882,-0.0489,0.8392,layer_16
norm_asym,col_norm,4,per_ckpt,447B,90,0.2469,0.3606,0.2283,0.4156,layer_16
norm_asym,col_norm,4,per_ckpt,478B,90,-0.3118,0.2617,-0.2497,0.3806,layer_16
norm_asym,col_norm,4,per_ckpt,510B,90,-0.1383,0.6254,-0.0859,0.7642,layer_16
norm_asym,col_norm,4,per_ckpt,541B,90,0.0763,0.7722,0.128,0.6224,layer_16
norm_asym,col_norm,4,per_ckpt,573B,90,-0.3413,0.2468,-0.3193,0.2627,layer_16
norm_asym,col_norm,4,per_ckpt,main,90,-0.3319,0.2248,-0.3031,0.2468,layer_16
norm_asym,col_norm,8,per_ckpt,10B,90,-0.1472,0.5724,-0.1223,0.6354,layer_16
norm_asym,col_norm,8,per_ckpt,42B,90,-0.5186,0.049,-0.4706,0.0679,layer_16
norm_asym,col_norm,8,per_ckpt,73B,90,-0.1147,0.6793,-0.1405,0.6134,layer_16
norm_asym,col_norm,8,per_ckpt,105B,90,-0.2405,0.3357,-0.2198,0.4106,layer_16
norm_asym,col_norm,8,per_ckpt,136B,90,-0.4074,0.2008,-0.3432,0.2927,layer_16
norm_asym,col_norm,8,per_ckpt,168B,90,-0.1568,0.5644,-0.0875,0.7413,layer_16
norm_asym,col_norm,8,per_ckpt,199B,90,-0.5624,0.01,-0.5346,0.021,layer_16
norm_asym,col_norm,8,per_ckpt,231B,90,0.1317,0.6334,0.1866,0.5085,layer_16
norm_asym,col_norm,8,per_ckpt,262B,90,-0.0728,0.7912,-0.1261,0.6454,layer_16
norm_asym,col_norm,8,per_ckpt,294B,90,-0.1878,0.5534,-0.1931,0.5415,layer_16
norm_asym,col_norm,8,per_ckpt,325B,90,-0.0263,0.9291,-0.021,0.9331,layer_16
norm_asym,col_norm,8,per_ckpt,352B,90,-0.2873,0.2737,-0.2463,0.3656,layer_16
norm_asym,col_norm,8,per_ckpt,384B,90,0.0181,0.957,-0.0341,0.9131,layer_16
norm_asym,col_norm,8,per_ckpt,415B,90,-0.2899,0.2627,-0.3084,0.2458,layer_16
norm_asym,col_norm,8,per_ckpt,447B,90,-0.1765,0.5784,-0.146,0.6464,layer_16
norm_asym,col_norm,8,per_ckpt,478B,90,0.1704,0.5564,0.0911,0.7572,layer_16
norm_asym,col_norm,8,per_ckpt,510B,90,-0.2787,0.1638,-0.2456,0.2228,layer_16
norm_asym,col_norm,8,per_ckpt,541B,90,0.1517,0.5954,0.1653,0.5594,layer_16
norm_asym,col_norm,8,per_ckpt,573B,90,-0.2001,0.5055,-0.1124,0.7173,layer_16
norm_asym,col_norm,8,per_ckpt,main,90,-0.1402,0.6054,-0.1187,0.6593,layer_16
abs_diff,row_norm,4,pooled,,1800,0.0079,0.7366,0.0231,0.3268,layer_17
abs_diff,row_norm,8,pooled,,1800,-0.0511,0.0303,-0.0421,0.0741,layer_17
abs_diff,col_norm,4,pooled,,1800,0.0132,0.5764,0.0188,0.4249,layer_17
abs_diff,col_norm,8,pooled,,1800,-0.0384,0.1035,-0.0307,0.193,layer_17
signed_diff,row_norm,4,pooled,,1800,-0.0886,0.0002,-0.0594,0.0118,layer_17
signed_diff,row_norm,8,pooled,,1800,-0.0119,0.6141,-0.0282,0.231,layer_17
signed_diff,col_norm,4,pooled,,1800,-0.1015,0.0,-0.0812,0.0006,layer_17
signed_diff,col_norm,8,pooled,,1800,-0.236,0.0,-0.2263,0.0,layer_17
min_rankme,row_norm,4,pooled,,1800,-0.1419,0.0,-0.0916,0.0001,layer_17
min_rankme,row_norm,8,pooled,,1800,-0.0003,0.9887,-0.0179,0.4488,layer_17
min_rankme,col_norm,4,pooled,,1800,-0.0956,0.0,-0.0617,0.0088,layer_17
min_rankme,col_norm,8,pooled,,1800,-0.003,0.8972,-0.012,0.6101,layer_17
norm_asym,row_norm,4,pooled,,1800,-0.1112,0.0,-0.1313,0.0,layer_17
norm_asym,row_norm,8,pooled,,1800,0.012,0.6103,0.0212,0.3692,layer_17
norm_asym,col_norm,4,pooled,,1800,-0.1,0.0,-0.0743,0.0016,layer_17
norm_asym,col_norm,8,pooled,,1800,-0.1931,0.0,-0.1567,0.0,layer_17
abs_diff,row_norm,4,per_ckpt,10B,90,0.2144,0.025,0.198,0.0619,layer_17
abs_diff,row_norm,4,per_ckpt,42B,90,0.2279,0.041,0.163,0.1808,layer_17
abs_diff,row_norm,4,per_ckpt,73B,90,0.0826,0.4006,0.0655,0.4685,layer_17
abs_diff,row_norm,4,per_ckpt,105B,90,0.1184,0.2418,0.1608,0.1399,layer_17
abs_diff,row_norm,4,per_ckpt,136B,90,0.1513,0.1339,0.1962,0.0689,layer_17
abs_diff,row_norm,4,per_ckpt,168B,90,0.0201,0.8262,0.0749,0.4555,layer_17
abs_diff,row_norm,4,per_ckpt,199B,90,-0.0701,0.5435,-0.031,0.8232,layer_17
abs_diff,row_norm,4,per_ckpt,231B,90,-0.0014,0.985,-0.0314,0.8022,layer_17
abs_diff,row_norm,4,per_ckpt,262B,90,0.1647,0.2108,0.1889,0.1678,layer_17
abs_diff,row_norm,4,per_ckpt,294B,90,-0.0822,0.5744,-0.1249,0.4156,layer_17
abs_diff,row_norm,4,per_ckpt,325B,90,0.069,0.5285,0.0948,0.4266,layer_17
abs_diff,row_norm,4,per_ckpt,352B,90,0.0499,0.6503,0.0023,0.982,layer_17
abs_diff,row_norm,4,per_ckpt,384B,90,0.1605,0.0889,0.2063,0.038,layer_17
abs_diff,row_norm,4,per_ckpt,415B,90,0.0453,0.6474,0.0919,0.3826,layer_17
abs_diff,row_norm,4,per_ckpt,447B,90,0.0275,0.8412,0.0179,0.8831,layer_17
abs_diff,row_norm,4,per_ckpt,478B,90,0.273,0.021,0.3028,0.013,layer_17
abs_diff,row_norm,4,per_ckpt,510B,90,0.1343,0.3417,0.1926,0.2098,layer_17
abs_diff,row_norm,4,per_ckpt,541B,90,0.0242,0.8322,0.0467,0.6703,layer_17
abs_diff,row_norm,4,per_ckpt,573B,90,0.0256,0.8322,0.0283,0.8112,layer_17
abs_diff,row_norm,4,per_ckpt,main,90,-0.1905,0.1648,-0.1116,0.4735,layer_17
abs_diff,row_norm,8,per_ckpt,10B,90,0.1225,0.3447,0.1136,0.3896,layer_17
abs_diff,row_norm,8,per_ckpt,42B,90,0.0498,0.6903,0.0591,0.6693,layer_17
abs_diff,row_norm,8,per_ckpt,73B,90,-0.2683,0.008,-0.2799,0.003,layer_17
abs_diff,row_norm,8,per_ckpt,105B,90,0.1019,0.2208,0.0863,0.2757,layer_17
abs_diff,row_norm,8,per_ckpt,136B,90,0.0274,0.8052,0.064,0.5864,layer_17
abs_diff,row_norm,8,per_ckpt,168B,90,-0.0134,0.9351,0.0063,0.964,layer_17
abs_diff,row_norm,8,per_ckpt,199B,90,0.0204,0.8252,0.0116,0.9141,layer_17
abs_diff,row_norm,8,per_ckpt,231B,90,0.0125,0.9051,0.0002,0.999,layer_17
abs_diff,row_norm,8,per_ckpt,262B,90,0.1079,0.4026,0.1112,0.4026,layer_17
abs_diff,row_norm,8,per_ckpt,294B,90,0.0092,0.9401,-0.0238,0.8571,layer_17
abs_diff,row_norm,8,per_ckpt,325B,90,-0.2816,0.001,-0.2128,0.018,layer_17
abs_diff,row_norm,8,per_ckpt,352B,90,-0.052,0.6134,-0.0344,0.7423,layer_17
abs_diff,row_norm,8,per_ckpt,384B,90,-0.1378,0.2587,-0.1553,0.2338,layer_17
abs_diff,row_norm,8,per_ckpt,415B,90,-0.2685,0.008,-0.2953,0.006,layer_17
abs_diff,row_norm,8,per_ckpt,447B,90,-0.1176,0.2268,-0.1227,0.2438,layer_17
abs_diff,row_norm,8,per_ckpt,478B,90,-0.2154,0.025,-0.1826,0.0869,layer_17
abs_diff,row_norm,8,per_ckpt,510B,90,-0.0429,0.7313,-0.0358,0.7732,layer_17
abs_diff,row_norm,8,per_ckpt,541B,90,0.2016,0.1878,0.2347,0.1469,layer_17
abs_diff,row_norm,8,per_ckpt,573B,90,0.0812,0.5614,0.0797,0.5764,layer_17
abs_diff,row_norm,8,per_ckpt,main,90,-0.0437,0.7143,-0.0425,0.7473,layer_17
abs_diff,col_norm,4,per_ckpt,10B,90,0.1036,0.0539,0.102,0.0919,layer_17
abs_diff,col_norm,4,per_ckpt,42B,90,0.0885,0.047,0.0714,0.1419,layer_17
abs_diff,col_norm,4,per_ckpt,73B,90,0.028,0.6593,0.0388,0.5235,layer_17
abs_diff,col_norm,4,per_ckpt,105B,90,0.063,0.3447,0.1039,0.1419,layer_17
abs_diff,col_norm,4,per_ckpt,136B,90,0.1886,0.023,0.1681,0.0619,layer_17
abs_diff,col_norm,4,per_ckpt,168B,90,0.0215,0.7243,0.0447,0.4945,layer_17
abs_diff,col_norm,4,per_ckpt,199B,90,-0.0294,0.7253,-0.0218,0.8232,layer_17
abs_diff,col_norm,4,per_ckpt,231B,90,-0.0113,0.8362,-0.0116,0.8412,layer_17
abs_diff,col_norm,4,per_ckpt,262B,90,0.1809,0.1099,0.1742,0.1568,layer_17
abs_diff,col_norm,4,per_ckpt,294B,90,-0.0843,0.4476,-0.1012,0.4006,layer_17
abs_diff,col_norm,4,per_ckpt,325B,90,0.0597,0.4625,0.0694,0.4236,layer_17
abs_diff,col_norm,4,per_ckpt,352B,90,0.0066,0.9201,0.0037,0.959,layer_17
abs_diff,col_norm,4,per_ckpt,384B,90,0.1715,0.032,0.1779,0.041,layer_17
abs_diff,col_norm,4,per_ckpt,415B,90,0.0672,0.4625,0.0866,0.3786,layer_17
abs_diff,col_norm,4,per_ckpt,447B,90,0.0174,0.8741,0.0067,0.9411,layer_17
abs_diff,col_norm,4,per_ckpt,478B,90,0.2147,0.042,0.2738,0.012,layer_17
abs_diff,col_norm,4,per_ckpt,510B,90,0.0946,0.2378,0.1088,0.2148,layer_17
abs_diff,col_norm,4,per_ckpt,541B,90,0.0475,0.6663,0.0515,0.6583,layer_17
abs_diff,col_norm,4,per_ckpt,573B,90,0.038,0.5854,0.0254,0.7602,layer_17
abs_diff,col_norm,4,per_ckpt,main,90,-0.0908,0.2887,-0.0732,0.4446,layer_17
abs_diff,col_norm,8,per_ckpt,10B,90,0.1233,0.1908,0.0939,0.3696,layer_17
abs_diff,col_norm,8,per_ckpt,42B,90,0.0713,0.3257,0.0421,0.6204,layer_17
abs_diff,col_norm,8,per_ckpt,73B,90,-0.2493,0.001,-0.2269,0.004,layer_17
abs_diff,col_norm,8,per_ckpt,105B,90,0.1209,0.1658,0.1037,0.2448,layer_17
abs_diff,col_norm,8,per_ckpt,136B,90,-0.0049,0.9331,0.0397,0.4715,layer_17
abs_diff,col_norm,8,per_ckpt,168B,90,0.0522,0.4755,0.0076,0.9291,layer_17
abs_diff,col_norm,8,per_ckpt,199B,90,-0.0448,0.6384,0.0133,0.8881,layer_17
abs_diff,col_norm,8,per_ckpt,231B,90,-0.0228,0.7962,-0.0019,0.986,layer_17
abs_diff,col_norm,8,per_ckpt,262B,90,0.0896,0.3886,0.0903,0.4166,layer_17
abs_diff,col_norm,8,per_ckpt,294B,90,-0.0362,0.5135,-0.0153,0.7802,layer_17
abs_diff,col_norm,8,per_ckpt,325B,90,-0.1565,0.033,-0.1703,0.018,layer_17
abs_diff,col_norm,8,per_ckpt,352B,90,0.0114,0.8941,-0.0262,0.7542,layer_17
abs_diff,col_norm,8,per_ckpt,384B,90,-0.0578,0.5085,-0.1228,0.2238,layer_17
abs_diff,col_norm,8,per_ckpt,415B,90,-0.1962,0.02,-0.2429,0.006,layer_17
abs_diff,col_norm,8,per_ckpt,447B,90,-0.0873,0.2108,-0.0948,0.2198,layer_17
abs_diff,col_norm,8,per_ckpt,478B,90,-0.1102,0.1928,-0.1555,0.1009,layer_17
abs_diff,col_norm,8,per_ckpt,510B,90,-0.0377,0.7393,-0.0341,0.7782,layer_17
abs_diff,col_norm,8,per_ckpt,541B,90,0.1863,0.0639,0.1656,0.1728,layer_17
abs_diff,col_norm,8,per_ckpt,573B,90,0.0485,0.5235,0.0479,0.5495,layer_17
abs_diff,col_norm,8,per_ckpt,main,90,-0.0257,0.7782,-0.0367,0.7043,layer_17
signed_diff,row_norm,4,per_ckpt,10B,90,0.136,0.5415,0.1517,0.4945,layer_17
signed_diff,row_norm,4,per_ckpt,42B,90,0.0527,0.7173,0.0748,0.6593,layer_17
signed_diff,row_norm,4,per_ckpt,73B,90,-0.3238,0.1469,-0.3079,0.1728,layer_17
signed_diff,row_norm,4,per_ckpt,105B,90,-0.1096,0.6623,-0.0988,0.6953,layer_17
signed_diff,row_norm,4,per_ckpt,136B,90,-0.08,0.7313,-0.0917,0.7053,layer_17
signed_diff,row_norm,4,per_ckpt,168B,90,-0.0124,0.954,-0.0067,0.972,layer_17
signed_diff,row_norm,4,per_ckpt,199B,90,-0.2661,0.2348,-0.2602,0.2318,layer_17
signed_diff,row_norm,4,per_ckpt,231B,90,-0.3455,0.0629,-0.3386,0.0769,layer_17
signed_diff,row_norm,4,per_ckpt,262B,90,-0.1239,0.5744,-0.1652,0.4406,layer_17
signed_diff,row_norm,4,per_ckpt,294B,90,-0.015,0.9441,-0.0185,0.9401,layer_17
signed_diff,row_norm,4,per_ckpt,325B,90,0.0597,0.7522,0.0977,0.6444,layer_17
signed_diff,row_norm,4,per_ckpt,352B,90,-0.0852,0.7093,-0.1224,0.6124,layer_17
signed_diff,row_norm,4,per_ckpt,384B,90,-0.092,0.7073,-0.1144,0.6384,layer_17
signed_diff,row_norm,4,per_ckpt,415B,90,-0.194,0.4306,-0.2415,0.3257,layer_17
signed_diff,row_norm,4,per_ckpt,447B,90,-0.2883,0.2038,-0.3032,0.1888,layer_17
signed_diff,row_norm,4,per_ckpt,478B,90,-0.0693,0.7962,-0.0772,0.7742,layer_17
signed_diff,row_norm,4,per_ckpt,510B,90,-0.0141,0.8961,-0.0835,0.3816,layer_17
signed_diff,row_norm,4,per_ckpt,541B,90,0.2476,0.3117,0.2154,0.4036,layer_17
signed_diff,row_norm,4,per_ckpt,573B,90,-0.2051,0.4336,-0.2177,0.4256,layer_17
signed_diff,row_norm,4,per_ckpt,main,90,-0.0146,0.9251,-0.0289,0.8152,layer_17
signed_diff,row_norm,8,per_ckpt,10B,90,-0.0302,0.8671,-0.1005,0.6274,layer_17
signed_diff,row_norm,8,per_ckpt,42B,90,0.0242,0.8741,0.0412,0.7842,layer_17
signed_diff,row_norm,8,per_ckpt,73B,90,-0.1562,0.4486,-0.1933,0.3796,layer_17
signed_diff,row_norm,8,per_ckpt,105B,90,-0.1011,0.7123,-0.1769,0.5904,layer_17
signed_diff,row_norm,8,per_ckpt,136B,90,0.1853,0.3686,0.1555,0.4815,layer_17
signed_diff,row_norm,8,per_ckpt,168B,90,0.0281,0.8222,0.0406,0.7622,layer_17
signed_diff,row_norm,8,per_ckpt,199B,90,0.0154,0.9471,0.0173,0.9461,layer_17
signed_diff,row_norm,8,per_ckpt,231B,90,-0.342,0.0779,-0.3393,0.0889,layer_17
signed_diff,row_norm,8,per_ckpt,262B,90,0.394,0.0599,0.4024,0.047,layer_17
signed_diff,row_norm,8,per_ckpt,294B,90,0.3149,0.0529,0.2858,0.0949,layer_17
signed_diff,row_norm,8,per_ckpt,325B,90,-0.0711,0.7652,-0.13,0.6064,layer_17
signed_diff,row_norm,8,per_ckpt,352B,90,-0.0902,0.7003,-0.105,0.6533,layer_17
signed_diff,row_norm,8,per_ckpt,384B,90,-0.2356,0.2667,-0.2289,0.2797,layer_17
signed_diff,row_norm,8,per_ckpt,415B,90,-0.154,0.4835,-0.1351,0.5455,layer_17
signed_diff,row_norm,8,per_ckpt,447B,90,0.1982,0.3497,0.1545,0.4635,layer_17
signed_diff,row_norm,8,per_ckpt,478B,90,0.1305,0.6074,0.1223,0.6384,layer_17
signed_diff,row_norm,8,per_ckpt,510B,90,-0.071,0.7123,-0.1071,0.5694,layer_17
signed_diff,row_norm,8,per_ckpt,541B,90,0.1006,0.6533,0.1071,0.6404,layer_17
signed_diff,row_norm,8,per_ckpt,573B,90,0.0052,0.985,0.0039,0.991,layer_17
signed_diff,row_norm,8,per_ckpt,main,90,0.0038,0.987,-0.0148,0.953,layer_17
signed_diff,col_norm,4,per_ckpt,10B,90,-0.2037,0.4915,-0.2113,0.4745,layer_17
signed_diff,col_norm,4,per_ckpt,42B,90,-0.081,0.8012,-0.0656,0.8352,layer_17
signed_diff,col_norm,4,per_ckpt,73B,90,0.0376,0.8931,0.0295,0.9261,layer_17
signed_diff,col_norm,4,per_ckpt,105B,90,-0.1086,0.7093,-0.1125,0.6963,layer_17
signed_diff,col_norm,4,per_ckpt,136B,90,-0.3784,0.1668,-0.3974,0.1528,layer_17
signed_diff,col_norm,4,per_ckpt,168B,90,-0.1866,0.5315,-0.1744,0.5574,layer_17
signed_diff,col_norm,4,per_ckpt,199B,90,0.3916,0.1708,0.3944,0.1728,layer_17
signed_diff,col_norm,4,per_ckpt,231B,90,0.519,0.0809,0.4972,0.1079,layer_17
signed_diff,col_norm,4,per_ckpt,262B,90,-0.1882,0.4486,-0.1555,0.5475,layer_17
signed_diff,col_norm,4,per_ckpt,294B,90,-0.3027,0.2757,-0.3096,0.2747,layer_17
signed_diff,col_norm,4,per_ckpt,325B,90,-0.276,0.3407,-0.2657,0.3656,layer_17
signed_diff,col_norm,4,per_ckpt,352B,90,-0.1471,0.6364,-0.1598,0.6194,layer_17
signed_diff,col_norm,4,per_ckpt,384B,90,-0.187,0.4955,-0.161,0.5495,layer_17
signed_diff,col_norm,4,per_ckpt,415B,90,-0.0849,0.7542,-0.099,0.7103,layer_17
signed_diff,col_norm,4,per_ckpt,447B,90,0.2154,0.4356,0.1898,0.5025,layer_17
signed_diff,col_norm,4,per_ckpt,478B,90,-0.4711,0.0809,-0.4454,0.1039,layer_17
signed_diff,col_norm,4,per_ckpt,510B,90,-0.2844,0.3277,-0.2662,0.3656,layer_17
signed_diff,col_norm,4,per_ckpt,541B,90,-0.0165,0.954,-0.0149,0.953,layer_17
signed_diff,col_norm,4,per_ckpt,573B,90,-0.4082,0.1688,-0.4152,0.1658,layer_17
signed_diff,col_norm,4,per_ckpt,main,90,-0.417,0.1209,-0.3855,0.1558,layer_17
signed_diff,col_norm,8,per_ckpt,10B,90,-0.2679,0.3167,-0.2498,0.3417,layer_17
signed_diff,col_norm,8,per_ckpt,42B,90,-0.6001,0.016,-0.5673,0.028,layer_17
signed_diff,col_norm,8,per_ckpt,73B,90,-0.1304,0.6394,-0.1912,0.4895,layer_17
signed_diff,col_norm,8,per_ckpt,105B,90,-0.3156,0.1928,-0.3151,0.2128,layer_17
signed_diff,col_norm,8,per_ckpt,136B,90,-0.5494,0.0769,-0.565,0.0769,layer_17
signed_diff,col_norm,8,per_ckpt,168B,90,-0.2947,0.2817,-0.275,0.3447,layer_17
signed_diff,col_norm,8,per_ckpt,199B,90,-0.6064,0.003,-0.5804,0.004,layer_17
signed_diff,col_norm,8,per_ckpt,231B,90,0.012,0.964,0.025,0.9281,layer_17
signed_diff,col_norm,8,per_ckpt,262B,90,-0.1413,0.6094,-0.0962,0.7443,layer_17
signed_diff,col_norm,8,per_ckpt,294B,90,-0.1767,0.5754,-0.1943,0.5475,layer_17
signed_diff,col_norm,8,per_ckpt,325B,90,-0.0721,0.8162,-0.1093,0.7303,layer_17
signed_diff,col_norm,8,per_ckpt,352B,90,-0.4012,0.1219,-0.3917,0.1528,layer_17
signed_diff,col_norm,8,per_ckpt,384B,90,-0.0325,0.9021,-0.0639,0.8302,layer_17
signed_diff,col_norm,8,per_ckpt,415B,90,-0.2859,0.2727,-0.3053,0.2577,layer_17
signed_diff,col_norm,8,per_ckpt,447B,90,-0.2071,0.5035,-0.1979,0.5195,layer_17
signed_diff,col_norm,8,per_ckpt,478B,90,0.0858,0.7732,0.0506,0.8551,layer_17
signed_diff,col_norm,8,per_ckpt,510B,90,-0.2921,0.1349,-0.2807,0.1479,layer_17
signed_diff,col_norm,8,per_ckpt,541B,90,-0.02,0.956,-0.0304,0.9241,layer_17
signed_diff,col_norm,8,per_ckpt,573B,90,-0.3737,0.2048,-0.3119,0.3057,layer_17
signed_diff,col_norm,8,per_ckpt,main,90,-0.1972,0.4875,-0.1814,0.5245,layer_17
min_rankme,row_norm,4,per_ckpt,10B,90,0.0266,0.8741,0.0909,0.5205,layer_17
min_rankme,row_norm,4,per_ckpt,42B,90,-0.007,0.97,0.09,0.5994,layer_17
min_rankme,row_norm,4,per_ckpt,73B,90,-0.162,0.3576,-0.0719,0.7053,layer_17
min_rankme,row_norm,4,per_ckpt,105B,90,-0.0457,0.7932,-0.0666,0.6793,layer_17
min_rankme,row_norm,4,per_ckpt,136B,90,-0.1374,0.3666,-0.2006,0.1838,layer_17
min_rankme,row_norm,4,per_ckpt,168B,90,-0.1179,0.4945,-0.0516,0.7712,layer_17
min_rankme,row_norm,4,per_ckpt,199B,90,-0.1925,0.2418,-0.2892,0.0719,layer_17
min_rankme,row_norm,4,per_ckpt,231B,90,-0.2383,0.1578,-0.2231,0.1608,layer_17
min_rankme,row_norm,4,per_ckpt,262B,90,-0.2633,0.1209,-0.3136,0.0589,layer_17
min_rankme,row_norm,4,per_ckpt,294B,90,0.0051,0.983,0.0439,0.8352,layer_17
min_rankme,row_norm,4,per_ckpt,325B,90,0.0879,0.6404,0.0863,0.6244,layer_17
min_rankme,row_norm,4,per_ckpt,352B,90,-0.0476,0.7762,-0.0687,0.6853,layer_17
min_rankme,row_norm,4,per_ckpt,384B,90,-0.0676,0.5744,-0.1176,0.3467,layer_17
min_rankme,row_norm,4,per_ckpt,415B,90,-0.1827,0.1698,-0.2067,0.1409,layer_17
min_rankme,row_norm,4,per_ckpt,447B,90,-0.2249,0.1618,-0.2202,0.1908,layer_17
min_rankme,row_norm,4,per_ckpt,478B,90,-0.1801,0.2268,-0.2547,0.0929,layer_17
min_rankme,row_norm,4,per_ckpt,510B,90,-0.141,0.4615,-0.2162,0.2547,layer_17
min_rankme,row_norm,4,per_ckpt,541B,90,0.0326,0.8222,0.0797,0.5145,layer_17
min_rankme,row_norm,4,per_ckpt,573B,90,-0.2427,0.0669,-0.1952,0.1518,layer_17
min_rankme,row_norm,4,per_ckpt,main,90,-0.0138,0.9281,-0.0277,0.9011,layer_17
min_rankme,row_norm,8,per_ckpt,10B,90,-0.2612,0.1868,-0.233,0.1928,layer_17
min_rankme,row_norm,8,per_ckpt,42B,90,0.3093,0.0619,0.2376,0.1449,layer_17
min_rankme,row_norm,8,per_ckpt,73B,90,0.2361,0.2148,0.1446,0.4016,layer_17
min_rankme,row_norm,8,per_ckpt,105B,90,-0.0847,0.4446,-0.104,0.3067,layer_17
min_rankme,row_norm,8,per_ckpt,136B,90,0.2404,0.1578,0.281,0.0819,layer_17
min_rankme,row_norm,8,per_ckpt,168B,90,-0.1805,0.3217,-0.2121,0.2248,layer_17
min_rankme,row_norm,8,per_ckpt,199B,90,-0.0117,0.9411,-0.0074,0.953,layer_17
min_rankme,row_norm,8,per_ckpt,231B,90,-0.0684,0.7173,-0.1265,0.4675,layer_17
min_rankme,row_norm,8,per_ckpt,262B,90,-0.0218,0.8801,-0.083,0.6264,layer_17
min_rankme,row_norm,8,per_ckpt,294B,90,-0.0867,0.4925,-0.1174,0.3806,layer_17
min_rankme,row_norm,8,per_ckpt,325B,90,0.2429,0.017,0.2205,0.021,layer_17
min_rankme,row_norm,8,per_ckpt,352B,90,0.0516,0.7273,0.0516,0.6903,layer_17
min_rankme,row_norm,8,per_ckpt,384B,90,-0.0733,0.6793,-0.0531,0.7592,layer_17
min_rankme,row_norm,8,per_ckpt,415B,90,0.1691,0.2877,0.201,0.1508,layer_17
min_rankme,row_norm,8,per_ckpt,447B,90,0.2157,0.039,0.2214,0.049,layer_17
min_rankme,row_norm,8,per_ckpt,478B,90,0.1561,0.2348,0.1127,0.3836,layer_17
min_rankme,row_norm,8,per_ckpt,510B,90,-0.044,0.8092,-0.057,0.7033,layer_17
min_rankme,row_norm,8,per_ckpt,541B,90,-0.0711,0.6723,-0.1122,0.4645,layer_17
min_rankme,row_norm,8,per_ckpt,573B,90,-0.0029,0.987,-0.0317,0.8422,layer_17
min_rankme,row_norm,8,per_ckpt,main,90,0.1769,0.1129,0.0328,0.8002,layer_17
min_rankme,col_norm,4,per_ckpt,10B,90,0.0288,0.7223,0.0608,0.4565,layer_17
min_rankme,col_norm,4,per_ckpt,42B,90,0.001,0.993,0.0412,0.5674,layer_17
min_rankme,col_norm,4,per_ckpt,73B,90,-0.0769,0.5155,-0.0442,0.7273,layer_17
min_rankme,col_norm,4,per_ckpt,105B,90,-0.0223,0.8242,-0.0451,0.6763,layer_17
min_rankme,col_norm,4,per_ckpt,136B,90,-0.0996,0.4515,-0.1733,0.1688,layer_17
min_rankme,col_norm,4,per_ckpt,168B,90,-0.058,0.6244,-0.0283,0.7972,layer_17
min_rankme,col_norm,4,per_ckpt,199B,90,-0.1514,0.1518,-0.189,0.0759,layer_17
min_rankme,col_norm,4,per_ckpt,231B,90,-0.089,0.2827,-0.1066,0.1748,layer_17
min_rankme,col_norm,4,per_ckpt,262B,90,-0.27,0.0669,-0.2869,0.0519,layer_17
min_rankme,col_norm,4,per_ckpt,294B,90,0.0181,0.9171,0.0365,0.8252,layer_17
min_rankme,col_norm,4,per_ckpt,325B,90,0.048,0.7013,0.0591,0.6424,layer_17
min_rankme,col_norm,4,per_ckpt,352B,90,-0.0238,0.8412,-0.0528,0.6633,layer_17
min_rankme,col_norm,4,per_ckpt,384B,90,-0.0598,0.5644,-0.0962,0.3906,layer_17
min_rankme,col_norm,4,per_ckpt,415B,90,-0.192,0.1259,-0.1929,0.1419,layer_17
min_rankme,col_norm,4,per_ckpt,447B,90,-0.1823,0.1728,-0.164,0.2148,layer_17
min_rankme,col_norm,4,per_ckpt,478B,90,-0.1685,0.1758,-0.2253,0.0929,layer_17
min_rankme,col_norm,4,per_ckpt,510B,90,-0.0814,0.4785,-0.1213,0.2687,layer_17
min_rankme,col_norm,4,per_ckpt,541B,90,0.0538,0.6913,0.0821,0.5165,layer_17
min_rankme,col_norm,4,per_ckpt,573B,90,-0.1413,0.1299,-0.1398,0.1419,layer_17
min_rankme,col_norm,4,per_ckpt,main,90,-0.0501,0.6284,-0.0155,0.8991,layer_17
min_rankme,col_norm,8,per_ckpt,10B,90,-0.2053,0.1598,-0.1896,0.1878,layer_17
min_rankme,col_norm,8,per_ckpt,42B,90,0.1587,0.1059,0.1482,0.1578,layer_17
min_rankme,col_norm,8,per_ckpt,73B,90,0.2038,0.2058,0.1207,0.3886,layer_17
min_rankme,col_norm,8,per_ckpt,105B,90,-0.0222,0.8422,-0.118,0.2987,layer_17
min_rankme,col_norm,8,per_ckpt,136B,90,0.1096,0.1778,0.1244,0.0819,layer_17
min_rankme,col_norm,8,per_ckpt,168B,90,-0.1306,0.2837,-0.1371,0.2168,layer_17
min_rankme,col_norm,8,per_ckpt,199B,90,0.0164,0.9161,-0.0007,0.993,layer_17
min_rankme,col_norm,8,per_ckpt,231B,90,-0.0213,0.8941,-0.1036,0.4755,layer_17
min_rankme,col_norm,8,per_ckpt,262B,90,-0.0419,0.7502,-0.0716,0.6054,layer_17
min_rankme,col_norm,8,per_ckpt,294B,90,-0.0118,0.8771,-0.0334,0.6054,layer_17
min_rankme,col_norm,8,per_ckpt,325B,90,0.1601,0.0629,0.1856,0.016,layer_17
min_rankme,col_norm,8,per_ckpt,352B,90,0.0373,0.7283,0.0504,0.6194,layer_17
min_rankme,col_norm,8,per_ckpt,384B,90,-0.0659,0.5554,-0.0374,0.7712,layer_17
min_rankme,col_norm,8,per_ckpt,415B,90,0.1397,0.2587,0.1588,0.1678,layer_17
min_rankme,col_norm,8,per_ckpt,447B,90,0.1448,0.042,0.1679,0.046,layer_17
min_rankme,col_norm,8,per_ckpt,478B,90,0.0772,0.4805,0.1017,0.3646,layer_17
min_rankme,col_norm,8,per_ckpt,510B,90,-0.0394,0.8152,-0.0544,0.7093,layer_17
min_rankme,col_norm,8,per_ckpt,541B,90,-0.0604,0.6264,-0.0703,0.5235,layer_17
min_rankme,col_norm,8,per_ckpt,573B,90,0.0084,0.9211,-0.0051,0.9481,layer_17
min_rankme,col_norm,8,per_ckpt,main,90,0.1414,0.1289,0.0339,0.7323,layer_17
norm_asym,row_norm,4,per_ckpt,10B,90,0.0165,0.9341,0.021,0.9161,layer_17
norm_asym,row_norm,4,per_ckpt,42B,90,-0.012,0.9361,-0.0098,0.9451,layer_17
norm_asym,row_norm,4,per_ckpt,73B,90,-0.3572,0.0969,-0.3744,0.0719,layer_17
norm_asym,row_norm,4,per_ckpt,105B,90,-0.2092,0.3796,-0.2402,0.3017,layer_17
norm_asym,row_norm,4,per_ckpt,136B,90,-0.0824,0.7173,-0.074,0.7473,layer_17
norm_asym,row_norm,4,per_ckpt,168B,90,-0.1092,0.6434,-0.1183,0.6284,layer_17
norm_asym,row_norm,4,per_ckpt,199B,90,-0.2442,0.2697,-0.2698,0.2168,layer_17
norm_asym,row_norm,4,per_ckpt,231B,90,-0.3977,0.03,-0.4224,0.023,layer_17
norm_asym,row_norm,4,per_ckpt,262B,90,-0.2078,0.3017,-0.3581,0.1059,layer_17
norm_asym,row_norm,4,per_ckpt,294B,90,0.0434,0.8182,0.0644,0.7712,layer_17
norm_asym,row_norm,4,per_ckpt,325B,90,-0.0121,0.9431,-0.0321,0.8641,layer_17
norm_asym,row_norm,4,per_ckpt,352B,90,-0.0091,0.964,-0.0159,0.9331,layer_17
norm_asym,row_norm,4,per_ckpt,384B,90,-0.1118,0.6304,-0.1957,0.4336,layer_17
norm_asym,row_norm,4,per_ckpt,415B,90,-0.2331,0.3157,-0.326,0.1858,layer_17
norm_asym,row_norm,4,per_ckpt,447B,90,-0.2682,0.2338,-0.252,0.2687,layer_17
norm_asym,row_norm,4,per_ckpt,478B,90,-0.099,0.6893,-0.1415,0.6494,layer_17
norm_asym,row_norm,4,per_ckpt,510B,90,-0.0174,0.8811,-0.0636,0.5145,layer_17
norm_asym,row_norm,4,per_ckpt,541B,90,0.2242,0.3746,0.1824,0.4805,layer_17
norm_asym,row_norm,4,per_ckpt,573B,90,-0.1884,0.4645,-0.0911,0.7133,layer_17
norm_asym,row_norm,4,per_ckpt,main,90,-0.015,0.9261,-0.0182,0.9071,layer_17
norm_asym,row_norm,8,per_ckpt,10B,90,-0.0863,0.6054,-0.189,0.2757,layer_17
norm_asym,row_norm,8,per_ckpt,42B,90,0.0347,0.8222,0.0421,0.7702,layer_17
norm_asym,row_norm,8,per_ckpt,73B,90,-0.0927,0.6643,-0.0972,0.6753,layer_17
norm_asym,row_norm,8,per_ckpt,105B,90,-0.1466,0.5884,-0.1996,0.4515,layer_17
norm_asym,row_norm,8,per_ckpt,136B,90,0.2544,0.1908,0.2711,0.1878,layer_17
norm_asym,row_norm,8,per_ckpt,168B,90,0.0211,0.8671,0.0442,0.7343,layer_17
norm_asym,row_norm,8,per_ckpt,199B,90,0.0915,0.6993,0.134,0.5514,layer_17
norm_asym,row_norm,8,per_ckpt,231B,90,-0.34,0.0819,-0.3135,0.1299,layer_17
norm_asym,row_norm,8,per_ckpt,262B,90,0.3132,0.1429,0.3111,0.1319,layer_17
norm_asym,row_norm,8,per_ckpt,294B,90,0.3372,0.03,0.2996,0.0849,layer_17
norm_asym,row_norm,8,per_ckpt,325B,90,0.0007,0.999,-0.0159,0.9421,layer_17
norm_asym,row_norm,8,per_ckpt,352B,90,-0.0903,0.6773,-0.0973,0.6184,layer_17
norm_asym,row_norm,8,per_ckpt,384B,90,-0.1427,0.5275,-0.0266,0.9351,layer_17
norm_asym,row_norm,8,per_ckpt,415B,90,-0.1036,0.6384,-0.0026,0.993,layer_17
norm_asym,row_norm,8,per_ckpt,447B,90,0.2025,0.3317,0.2022,0.3217,layer_17
norm_asym,row_norm,8,per_ckpt,478B,90,0.148,0.5744,0.1871,0.5085,layer_17
norm_asym,row_norm,8,per_ckpt,510B,90,-0.0501,0.7902,-0.0598,0.7572,layer_17
norm_asym,row_norm,8,per_ckpt,541B,90,0.0747,0.7303,0.0922,0.6414,layer_17
norm_asym,row_norm,8,per_ckpt,573B,90,-0.0244,0.9231,0.0128,0.954,layer_17
norm_asym,row_norm,8,per_ckpt,main,90,0.0095,0.967,0.0544,0.8142,layer_17
norm_asym,col_norm,4,per_ckpt,10B,90,-0.1259,0.6613,-0.1403,0.6264,layer_17
norm_asym,col_norm,4,per_ckpt,42B,90,-0.1005,0.7363,-0.0819,0.7862,layer_17
norm_asym,col_norm,4,per_ckpt,73B,90,-0.0377,0.8921,-0.0741,0.8142,layer_17
norm_asym,col_norm,4,per_ckpt,105B,90,-0.1811,0.5574,-0.2049,0.5335,layer_17
norm_asym,col_norm,4,per_ckpt,136B,90,-0.3838,0.1628,-0.3931,0.1538,layer_17
norm_asym,col_norm,4,per_ckpt,168B,90,-0.191,0.5365,-0.1888,0.5644,layer_17
norm_asym,col_norm,4,per_ckpt,199B,90,0.3886,0.1648,0.4015,0.1528,layer_17
norm_asym,col_norm,4,per_ckpt,231B,90,0.429,0.1658,0.334,0.2727,layer_17
norm_asym,col_norm,4,per_ckpt,262B,90,-0.1447,0.5554,-0.0577,0.8122,layer_17
norm_asym,col_norm,4,per_ckpt,294B,90,-0.3472,0.1858,-0.3328,0.2208,layer_17
norm_asym,col_norm,4,per_ckpt,325B,90,-0.2112,0.4665,-0.1021,0.7113,layer_17
norm_asym,col_norm,4,per_ckpt,352B,90,-0.2101,0.4905,-0.2615,0.4056,layer_17
norm_asym,col_norm,4,per_ckpt,384B,90,-0.081,0.7712,0.0451,0.8821,layer_17
norm_asym,col_norm,4,per_ckpt,415B,90,-0.0343,0.9021,0.0056,0.985,layer_17
norm_asym,col_norm,4,per_ckpt,447B,90,0.2042,0.4665,0.1907,0.5215,layer_17
norm_asym,col_norm,4,per_ckpt,478B,90,-0.4119,0.1359,-0.2426,0.3946,layer_17
norm_asym,col_norm,4,per_ckpt,510B,90,-0.221,0.4436,-0.0644,0.8232,layer_17
norm_asym,col_norm,4,per_ckpt,541B,90,0.0123,0.96,0.1181,0.6394,layer_17
norm_asym,col_norm,4,per_ckpt,573B,90,-0.385,0.1918,-0.3556,0.2168,layer_17
norm_asym,col_norm,4,per_ckpt,main,90,-0.4165,0.1209,-0.2733,0.2637,layer_17
norm_asym,col_norm,8,per_ckpt,10B,90,-0.1453,0.5754,-0.1173,0.6434,layer_17
norm_asym,col_norm,8,per_ckpt,42B,90,-0.5163,0.0509,-0.4692,0.0709,layer_17
norm_asym,col_norm,8,per_ckpt,73B,90,-0.0977,0.7193,-0.1435,0.6124,layer_17
norm_asym,col_norm,8,per_ckpt,105B,90,-0.2471,0.3257,-0.2123,0.4366,layer_17
norm_asym,col_norm,8,per_ckpt,136B,90,-0.4,0.2088,-0.3314,0.3127,layer_17
norm_asym,col_norm,8,per_ckpt,168B,90,-0.1419,0.5944,-0.0724,0.7852,layer_17
norm_asym,col_norm,8,per_ckpt,199B,90,-0.5574,0.015,-0.5257,0.026,layer_17
norm_asym,col_norm,8,per_ckpt,231B,90,0.1339,0.6304,0.2066,0.4635,layer_17
norm_asym,col_norm,8,per_ckpt,262B,90,-0.1276,0.6344,-0.1886,0.4765,layer_17
norm_asym,col_norm,8,per_ckpt,294B,90,-0.1632,0.6014,-0.1645,0.6044,layer_17
norm_asym,col_norm,8,per_ckpt,325B,90,-0.0168,0.962,-0.0075,0.968,layer_17
norm_asym,col_norm,8,per_ckpt,352B,90,-0.337,0.1858,-0.2622,0.3257,layer_17
norm_asym,col_norm,8,per_ckpt,384B,90,-0.0464,0.8791,-0.0764,0.7992,layer_17
norm_asym,col_norm,8,per_ckpt,415B,90,-0.326,0.2098,-0.3214,0.2298,layer_17
norm_asym,col_norm,8,per_ckpt,447B,90,-0.2111,0.4915,-0.128,0.6743,layer_17
norm_asym,col_norm,8,per_ckpt,478B,90,0.0555,0.8492,-0.0753,0.8232,layer_17
norm_asym,col_norm,8,per_ckpt,510B,90,-0.2986,0.1219,-0.2476,0.2318,layer_17
norm_asym,col_norm,8,per_ckpt,541B,90,0.0151,0.968,0.0805,0.7652,layer_17
norm_asym,col_norm,8,per_ckpt,573B,90,-0.2835,0.3407,-0.1622,0.5844,layer_17
norm_asym,col_norm,8,per_ckpt,main,90,-0.2104,0.4406,-0.134,0.5814,layer_17
abs_diff,row_norm,4,pooled,,1800,-0.0215,0.3622,-0.0059,0.8041,layer_18
abs_diff,row_norm,8,pooled,,1800,-0.0547,0.0203,-0.0329,0.1632,layer_18
abs_diff,col_norm,4,pooled,,1800,-0.0104,0.6587,-0.0019,0.9343,layer_18
abs_diff,col_norm,8,pooled,,1800,-0.0408,0.0834,-0.0238,0.3136,layer_18
signed_diff,row_norm,4,pooled,,1800,-0.0806,0.0006,-0.036,0.1273,layer_18
signed_diff,row_norm,8,pooled,,1800,-0.0122,0.6039,-0.0304,0.1972,layer_18
signed_diff,col_norm,4,pooled,,1800,-0.096,0.0,-0.0796,0.0007,layer_18
signed_diff,col_norm,8,pooled,,1800,-0.2234,0.0,-0.1868,0.0,layer_18
min_rankme,row_norm,4,pooled,,1800,-0.155,0.0,-0.0845,0.0003,layer_18
min_rankme,row_norm,8,pooled,,1800,-0.0189,0.4228,-0.0305,0.1962,layer_18
min_rankme,col_norm,4,pooled,,1800,-0.1038,0.0,-0.0563,0.0169,layer_18
min_rankme,col_norm,8,pooled,,1800,-0.0154,0.5135,-0.0229,0.331,layer_18
norm_asym,row_norm,4,pooled,,1800,-0.1121,0.0,-0.1365,0.0,layer_18
norm_asym,row_norm,8,pooled,,1800,0.0022,0.9258,0.0173,0.4642,layer_18
norm_asym,col_norm,4,pooled,,1800,-0.109,0.0,-0.0791,0.0008,layer_18
norm_asym,col_norm,8,pooled,,1800,-0.2,0.0,-0.1564,0.0,layer_18
abs_diff,row_norm,4,per_ckpt,10B,90,0.215,0.025,0.2016,0.0529,layer_18
abs_diff,row_norm,4,per_ckpt,42B,90,0.2144,0.0529,0.1596,0.1968,layer_18
abs_diff,row_norm,4,per_ckpt,73B,90,0.0697,0.4416,0.0693,0.4346,layer_18
abs_diff,row_norm,4,per_ckpt,105B,90,0.1452,0.1548,0.181,0.1019,layer_18
abs_diff,row_norm,4,per_ckpt,136B,90,0.1742,0.0809,0.2084,0.0519,layer_18
abs_diff,row_norm,4,per_ckpt,168B,90,0.0513,0.6124,0.1189,0.2757,layer_18
abs_diff,row_norm,4,per_ckpt,199B,90,0.0872,0.4965,0.1144,0.4496,layer_18
abs_diff,row_norm,4,per_ckpt,231B,90,0.049,0.7373,0.0194,0.8961,layer_18
abs_diff,row_norm,4,per_ckpt,262B,90,0.2174,0.1429,0.3005,0.0559,layer_18
abs_diff,row_norm,4,per_ckpt,294B,90,-0.0958,0.4645,-0.1024,0.4635,layer_18
abs_diff,row_norm,4,per_ckpt,325B,90,0.1574,0.2507,0.1726,0.2378,layer_18
abs_diff,row_norm,4,per_ckpt,352B,90,-0.1085,0.4625,-0.0902,0.5584,layer_18
abs_diff,row_norm,4,per_ckpt,384B,90,0.1049,0.3077,0.1355,0.2308,layer_18
abs_diff,row_norm,4,per_ckpt,415B,90,0.0709,0.5345,0.117,0.3546,layer_18
abs_diff,row_norm,4,per_ckpt,447B,90,0.1942,0.1838,0.1611,0.2987,layer_18
abs_diff,row_norm,4,per_ckpt,478B,90,0.3541,0.007,0.3692,0.007,layer_18
abs_diff,row_norm,4,per_ckpt,510B,90,0.0497,0.7622,0.0889,0.6044,layer_18
abs_diff,row_norm,4,per_ckpt,541B,90,-0.001,0.995,0.0198,0.8472,layer_18
abs_diff,row_norm,4,per_ckpt,573B,90,0.0342,0.7263,0.0532,0.6034,layer_18
abs_diff,row_norm,4,per_ckpt,main,90,0.1045,0.4476,0.1121,0.4346,layer_18
abs_diff,row_norm,8,per_ckpt,10B,90,0.1232,0.3407,0.1139,0.3826,layer_18
abs_diff,row_norm,8,per_ckpt,42B,90,0.0448,0.7293,0.047,0.7273,layer_18
abs_diff,row_norm,8,per_ckpt,73B,90,-0.2406,0.014,-0.2776,0.006,layer_18
abs_diff,row_norm,8,per_ckpt,105B,90,0.1118,0.1658,0.0972,0.2208,layer_18
abs_diff,row_norm,8,per_ckpt,136B,90,-0.0015,0.987,0.0335,0.7772,layer_18
abs_diff,row_norm,8,per_ckpt,168B,90,0.0333,0.8042,0.0342,0.7912,layer_18
abs_diff,row_norm,8,per_ckpt,199B,90,-0.0287,0.8142,-0.0286,0.8152,layer_18
abs_diff,row_norm,8,per_ckpt,231B,90,0.0942,0.5185,0.0759,0.6294,layer_18
abs_diff,row_norm,8,per_ckpt,262B,90,0.1518,0.3217,0.1875,0.2388,layer_18
abs_diff,row_norm,8,per_ckpt,294B,90,0.0452,0.6334,0.0247,0.8332,layer_18
abs_diff,row_norm,8,per_ckpt,325B,90,-0.2146,0.018,-0.2003,0.029,layer_18
abs_diff,row_norm,8,per_ckpt,352B,90,0.029,0.8042,0.0264,0.8332,layer_18
abs_diff,row_norm,8,per_ckpt,384B,90,-0.0642,0.6523,-0.0883,0.5504,layer_18
abs_diff,row_norm,8,per_ckpt,415B,90,-0.305,0.021,-0.3159,0.011,layer_18
abs_diff,row_norm,8,per_ckpt,447B,90,-0.0844,0.4266,-0.1869,0.0969,layer_18
abs_diff,row_norm,8,per_ckpt,478B,90,-0.1346,0.2657,-0.1368,0.2567,layer_18
abs_diff,row_norm,8,per_ckpt,510B,90,-0.1345,0.3556,-0.1248,0.3896,layer_18
abs_diff,row_norm,8,per_ckpt,541B,90,0.0499,0.7203,0.0902,0.5155,layer_18
abs_diff,row_norm,8,per_ckpt,573B,90,0.0234,0.8501,0.0624,0.6424,layer_18
abs_diff,row_norm,8,per_ckpt,main,90,0.0411,0.7243,0.0144,0.9141,layer_18
abs_diff,col_norm,4,per_ckpt,10B,90,0.1034,0.0529,0.104,0.0819,layer_18
abs_diff,col_norm,4,per_ckpt,42B,90,0.0831,0.0589,0.0694,0.1568,layer_18
abs_diff,col_norm,4,per_ckpt,73B,90,0.0244,0.6783,0.0409,0.4965,layer_18
abs_diff,col_norm,4,per_ckpt,105B,90,0.0753,0.2667,0.1171,0.1029,layer_18
abs_diff,col_norm,4,per_ckpt,136B,90,0.2035,0.014,0.1781,0.047,layer_18
abs_diff,col_norm,4,per_ckpt,168B,90,0.0286,0.6803,0.0753,0.3107,layer_18
abs_diff,col_norm,4,per_ckpt,199B,90,0.0803,0.3656,0.0762,0.4476,layer_18
abs_diff,col_norm,4,per_ckpt,231B,90,0.0152,0.8122,0.0066,0.9321,layer_18
abs_diff,col_norm,4,per_ckpt,262B,90,0.2242,0.0869,0.2713,0.0559,layer_18
abs_diff,col_norm,4,per_ckpt,294B,90,-0.0795,0.4316,-0.0827,0.4525,layer_18
abs_diff,col_norm,4,per_ckpt,325B,90,0.1075,0.2398,0.1234,0.2418,layer_18
abs_diff,col_norm,4,per_ckpt,352B,90,-0.1087,0.2827,-0.0589,0.5824,layer_18
abs_diff,col_norm,4,per_ckpt,384B,90,0.1458,0.1029,0.1142,0.2408,layer_18
abs_diff,col_norm,4,per_ckpt,415B,90,0.0672,0.5475,0.1114,0.3497,layer_18
abs_diff,col_norm,4,per_ckpt,447B,90,0.1934,0.0849,0.1187,0.3217,layer_18
abs_diff,col_norm,4,per_ckpt,478B,90,0.2969,0.009,0.331,0.007,layer_18
abs_diff,col_norm,4,per_ckpt,510B,90,0.0564,0.5704,0.0494,0.6114,layer_18
abs_diff,col_norm,4,per_ckpt,541B,90,-0.0118,0.9001,0.0305,0.7732,layer_18
abs_diff,col_norm,4,per_ckpt,573B,90,0.0308,0.6344,0.0434,0.5475,layer_18
abs_diff,col_norm,4,per_ckpt,main,90,0.0448,0.6134,0.0653,0.4845,layer_18
abs_diff,col_norm,8,per_ckpt,10B,90,0.1231,0.1898,0.0941,0.3686,layer_18
abs_diff,col_norm,8,per_ckpt,42B,90,0.0665,0.3566,0.0338,0.6983,layer_18
abs_diff,col_norm,8,per_ckpt,73B,90,-0.2174,0.004,-0.2255,0.006,layer_18
abs_diff,col_norm,8,per_ckpt,105B,90,0.1358,0.1119,0.1156,0.1948,layer_18
abs_diff,col_norm,8,per_ckpt,136B,90,-0.0177,0.7692,0.0241,0.6573,layer_18
abs_diff,col_norm,8,per_ckpt,168B,90,0.0505,0.5115,0.0243,0.7692,layer_18
abs_diff,col_norm,8,per_ckpt,199B,90,-0.0501,0.6803,-0.0227,0.8511,layer_18
abs_diff,col_norm,8,per_ckpt,231B,90,0.0337,0.7712,0.0607,0.6364,layer_18
abs_diff,col_norm,8,per_ckpt,262B,90,0.1479,0.1918,0.1555,0.2348,layer_18
abs_diff,col_norm,8,per_ckpt,294B,90,-0.0128,0.8102,0.0145,0.7562,layer_18
abs_diff,col_norm,8,per_ckpt,325B,90,-0.1482,0.049,-0.1613,0.025,layer_18
abs_diff,col_norm,8,per_ckpt,352B,90,0.0179,0.8382,0.0221,0.8252,layer_18
abs_diff,col_norm,8,per_ckpt,384B,90,-0.0066,0.9411,-0.0747,0.5115,layer_18
abs_diff,col_norm,8,per_ckpt,415B,90,-0.2238,0.027,-0.2547,0.012,layer_18
abs_diff,col_norm,8,per_ckpt,447B,90,-0.0881,0.2168,-0.1432,0.0879,layer_18
abs_diff,col_norm,8,per_ckpt,478B,90,-0.1192,0.2168,-0.118,0.2677,layer_18
abs_diff,col_norm,8,per_ckpt,510B,90,-0.1476,0.2967,-0.1233,0.3836,layer_18
abs_diff,col_norm,8,per_ckpt,541B,90,0.1007,0.3417,0.0671,0.5175,layer_18
abs_diff,col_norm,8,per_ckpt,573B,90,0.0275,0.6833,0.0359,0.6264,layer_18
abs_diff,col_norm,8,per_ckpt,main,90,0.0204,0.8342,-0.0002,0.998,layer_18
signed_diff,row_norm,4,per_ckpt,10B,90,0.138,0.5345,0.1525,0.4925,layer_18
signed_diff,row_norm,4,per_ckpt,42B,90,0.0533,0.7063,0.0752,0.6573,layer_18
signed_diff,row_norm,4,per_ckpt,73B,90,-0.344,0.1299,-0.3217,0.1528,layer_18
signed_diff,row_norm,4,per_ckpt,105B,90,-0.1029,0.6813,-0.0946,0.7063,layer_18
signed_diff,row_norm,4,per_ckpt,136B,90,-0.0931,0.6903,-0.0927,0.7103,layer_18
signed_diff,row_norm,4,per_ckpt,168B,90,-0.0812,0.7263,-0.052,0.8252,layer_18
signed_diff,row_norm,4,per_ckpt,199B,90,-0.2477,0.2817,-0.264,0.2398,layer_18
signed_diff,row_norm,4,per_ckpt,231B,90,-0.3685,0.047,-0.3794,0.0539,layer_18
signed_diff,row_norm,4,per_ckpt,262B,90,-0.1192,0.5844,-0.2647,0.1878,layer_18
signed_diff,row_norm,4,per_ckpt,294B,90,0.0731,0.7542,0.0968,0.6883,layer_18
signed_diff,row_norm,4,per_ckpt,325B,90,0.0254,0.8841,0.0449,0.8302,layer_18
signed_diff,row_norm,4,per_ckpt,352B,90,0.0916,0.6653,0.0605,0.7872,layer_18
signed_diff,row_norm,4,per_ckpt,384B,90,-0.3071,0.1828,-0.3149,0.1808,layer_18
signed_diff,row_norm,4,per_ckpt,415B,90,-0.2402,0.3357,-0.297,0.2527,layer_18
signed_diff,row_norm,4,per_ckpt,447B,90,-0.1146,0.6573,-0.1312,0.6064,layer_18
signed_diff,row_norm,4,per_ckpt,478B,90,-0.0383,0.8661,-0.0444,0.8721,layer_18
signed_diff,row_norm,4,per_ckpt,510B,90,-0.0292,0.7582,-0.0547,0.5624,layer_18
signed_diff,row_norm,4,per_ckpt,541B,90,0.0807,0.7582,0.0684,0.7922,layer_18
signed_diff,row_norm,4,per_ckpt,573B,90,-0.1175,0.6404,-0.1133,0.6603,layer_18
signed_diff,row_norm,4,per_ckpt,main,90,0.0143,0.9381,0.0334,0.8452,layer_18
signed_diff,row_norm,8,per_ckpt,10B,90,-0.0309,0.8671,-0.1028,0.6164,layer_18
signed_diff,row_norm,8,per_ckpt,42B,90,0.0135,0.9281,0.0371,0.7962,layer_18
signed_diff,row_norm,8,per_ckpt,73B,90,-0.185,0.3886,-0.2024,0.3606,layer_18
signed_diff,row_norm,8,per_ckpt,105B,90,-0.1052,0.7053,-0.1753,0.5864,layer_18
signed_diff,row_norm,8,per_ckpt,136B,90,0.1777,0.3896,0.1588,0.4655,layer_18
signed_diff,row_norm,8,per_ckpt,168B,90,0.0084,0.9401,0.0306,0.8362,layer_18
signed_diff,row_norm,8,per_ckpt,199B,90,0.1277,0.6134,0.1391,0.5804,layer_18
signed_diff,row_norm,8,per_ckpt,231B,90,-0.3797,0.039,-0.3773,0.0549,layer_18
signed_diff,row_norm,8,per_ckpt,262B,90,0.1986,0.3936,0.2401,0.3047,layer_18
signed_diff,row_norm,8,per_ckpt,294B,90,0.2383,0.1888,0.2163,0.2408,layer_18
signed_diff,row_norm,8,per_ckpt,325B,90,0.0639,0.7822,0.0072,0.973,layer_18
signed_diff,row_norm,8,per_ckpt,352B,90,-0.0976,0.6563,-0.103,0.6424,layer_18
signed_diff,row_norm,8,per_ckpt,384B,90,-0.0352,0.8751,-0.0423,0.8452,layer_18
signed_diff,row_norm,8,per_ckpt,415B,90,-0.0454,0.8402,-0.0151,0.957,layer_18
signed_diff,row_norm,8,per_ckpt,447B,90,0.032,0.8781,0.1154,0.5614,layer_18
signed_diff,row_norm,8,per_ckpt,478B,90,0.2535,0.2927,0.2411,0.3257,layer_18
signed_diff,row_norm,8,per_ckpt,510B,90,-0.2612,0.1558,-0.2818,0.1249,layer_18
signed_diff,row_norm,8,per_ckpt,541B,90,0.061,0.7662,0.0787,0.7083,layer_18
signed_diff,row_norm,8,per_ckpt,573B,90,0.0535,0.8112,0.0639,0.7942,layer_18
signed_diff,row_norm,8,per_ckpt,main,90,-0.2103,0.3377,-0.2014,0.3616,layer_18
signed_diff,col_norm,4,per_ckpt,10B,90,-0.2028,0.4945,-0.214,0.4735,layer_18
signed_diff,col_norm,4,per_ckpt,42B,90,-0.1021,0.7502,-0.083,0.7982,layer_18
signed_diff,col_norm,4,per_ckpt,73B,90,-0.0167,0.963,0.0064,0.981,layer_18
signed_diff,col_norm,4,per_ckpt,105B,90,-0.122,0.6773,-0.1286,0.6673,layer_18
signed_diff,col_norm,4,per_ckpt,136B,90,-0.3641,0.1908,-0.3927,0.1618,layer_18
signed_diff,col_norm,4,per_ckpt,168B,90,-0.289,0.3317,-0.2857,0.3536,layer_18
signed_diff,col_norm,4,per_ckpt,199B,90,0.1922,0.5065,0.2009,0.4955,layer_18
signed_diff,col_norm,4,per_ckpt,231B,90,0.435,0.1588,0.3991,0.2158,layer_18
signed_diff,col_norm,4,per_ckpt,262B,90,-0.0992,0.6943,-0.0494,0.8372,layer_18
signed_diff,col_norm,4,per_ckpt,294B,90,-0.3384,0.2198,-0.3216,0.2547,layer_18
signed_diff,col_norm,4,per_ckpt,325B,90,-0.1624,0.5664,-0.1262,0.6733,layer_18
signed_diff,col_norm,4,per_ckpt,352B,90,-0.366,0.2178,-0.3506,0.2527,layer_18
signed_diff,col_norm,4,per_ckpt,384B,90,-0.0081,0.98,0.0173,0.9441,layer_18
signed_diff,col_norm,4,per_ckpt,415B,90,0.0867,0.7383,0.082,0.7433,layer_18
signed_diff,col_norm,4,per_ckpt,447B,90,0.0799,0.7632,0.0876,0.7652,layer_18
signed_diff,col_norm,4,per_ckpt,478B,90,-0.3086,0.2707,-0.2807,0.3347,layer_18
signed_diff,col_norm,4,per_ckpt,510B,90,-0.19,0.4995,-0.2031,0.4765,layer_18
signed_diff,col_norm,4,per_ckpt,541B,90,-0.0248,0.9141,-0.0085,0.967,layer_18
signed_diff,col_norm,4,per_ckpt,573B,90,-0.5893,0.042,-0.5578,0.0519,layer_18
signed_diff,col_norm,4,per_ckpt,main,90,-0.1322,0.6364,-0.1112,0.6923,layer_18
signed_diff,col_norm,8,per_ckpt,10B,90,-0.2658,0.3217,-0.247,0.3457,layer_18
signed_diff,col_norm,8,per_ckpt,42B,90,-0.5934,0.018,-0.5593,0.029,layer_18
signed_diff,col_norm,8,per_ckpt,73B,90,-0.1221,0.6653,-0.1762,0.5335,layer_18
signed_diff,col_norm,8,per_ckpt,105B,90,-0.3007,0.2188,-0.3029,0.2248,layer_18
signed_diff,col_norm,8,per_ckpt,136B,90,-0.5069,0.1079,-0.5308,0.0969,layer_18
signed_diff,col_norm,8,per_ckpt,168B,90,-0.1931,0.4855,-0.1918,0.5125,layer_18
signed_diff,col_norm,8,per_ckpt,199B,90,-0.566,0.009,-0.5602,0.009,layer_18
signed_diff,col_norm,8,per_ckpt,231B,90,0.0733,0.7932,0.1065,0.6893,layer_18
signed_diff,col_norm,8,per_ckpt,262B,90,-0.23,0.4026,-0.2516,0.3586,layer_18
signed_diff,col_norm,8,per_ckpt,294B,90,-0.0992,0.7682,-0.1699,0.6164,layer_18
signed_diff,col_norm,8,per_ckpt,325B,90,0.0071,0.978,-0.0496,0.8871,layer_18
signed_diff,col_norm,8,per_ckpt,352B,90,-0.382,0.1349,-0.3667,0.1748,layer_18
signed_diff,col_norm,8,per_ckpt,384B,90,-0.1133,0.6943,-0.1137,0.6813,layer_18
signed_diff,col_norm,8,per_ckpt,415B,90,-0.3638,0.1538,-0.3775,0.1449,layer_18
signed_diff,col_norm,8,per_ckpt,447B,90,-0.1993,0.4585,-0.1263,0.6324,layer_18
signed_diff,col_norm,8,per_ckpt,478B,90,-0.2567,0.3646,-0.2628,0.3526,layer_18
signed_diff,col_norm,8,per_ckpt,510B,90,-0.1862,0.3546,-0.1909,0.3397,layer_18
signed_diff,col_norm,8,per_ckpt,541B,90,-0.1786,0.5305,-0.1546,0.5934,layer_18
signed_diff,col_norm,8,per_ckpt,573B,90,-0.3354,0.2557,-0.2924,0.3477,layer_18
signed_diff,col_norm,8,per_ckpt,main,90,0.0141,0.966,0.0186,0.951,layer_18
min_rankme,row_norm,4,per_ckpt,10B,90,0.0266,0.8741,0.0903,0.5265,layer_18
min_rankme,row_norm,4,per_ckpt,42B,90,0.026,0.8731,0.095,0.5774,layer_18
min_rankme,row_norm,4,per_ckpt,73B,90,-0.0753,0.6284,-0.0731,0.7003,layer_18
min_rankme,row_norm,4,per_ckpt,105B,90,-0.0479,0.7842,-0.0663,0.6843,layer_18
min_rankme,row_norm,4,per_ckpt,136B,90,-0.2333,0.1538,-0.208,0.1698,layer_18
min_rankme,row_norm,4,per_ckpt,168B,90,-0.0411,0.8082,-0.045,0.8002,layer_18
min_rankme,row_norm,4,per_ckpt,199B,90,-0.2306,0.1638,-0.3123,0.0749,layer_18
min_rankme,row_norm,4,per_ckpt,231B,90,-0.1335,0.4486,-0.2271,0.1808,layer_18
min_rankme,row_norm,4,per_ckpt,262B,90,-0.2273,0.1938,-0.3094,0.1099,layer_18
min_rankme,row_norm,4,per_ckpt,294B,90,0.0085,0.963,0.0758,0.7093,layer_18
min_rankme,row_norm,4,per_ckpt,325B,90,0.0037,0.989,-0.0379,0.8342,layer_18
min_rankme,row_norm,4,per_ckpt,352B,90,0.1788,0.2907,0.1307,0.4615,layer_18
min_rankme,row_norm,4,per_ckpt,384B,90,-0.2028,0.0689,-0.2144,0.0819,layer_18
min_rankme,row_norm,4,per_ckpt,415B,90,-0.2054,0.1359,-0.3174,0.045,layer_18
min_rankme,row_norm,4,per_ckpt,447B,90,-0.1247,0.4486,-0.1163,0.4745,layer_18
min_rankme,row_norm,4,per_ckpt,478B,90,-0.2332,0.1189,-0.2948,0.0699,layer_18
min_rankme,row_norm,4,per_ckpt,510B,90,-0.01,0.957,-0.0419,0.8751,layer_18
min_rankme,row_norm,4,per_ckpt,541B,90,0.0435,0.7542,0.0698,0.5664,layer_18
min_rankme,row_norm,4,per_ckpt,573B,90,-0.0287,0.8362,-0.0666,0.5894,layer_18
min_rankme,row_norm,4,per_ckpt,main,90,0.0226,0.8811,0.0408,0.8212,layer_18
min_rankme,row_norm,8,per_ckpt,10B,90,-0.2612,0.1868,-0.2358,0.1888,layer_18
min_rankme,row_norm,8,per_ckpt,42B,90,0.2947,0.0799,0.2443,0.1359,layer_18
min_rankme,row_norm,8,per_ckpt,73B,90,0.1976,0.2767,0.1433,0.4006,layer_18
min_rankme,row_norm,8,per_ckpt,105B,90,-0.0914,0.4206,-0.1052,0.3047,layer_18
min_rankme,row_norm,8,per_ckpt,136B,90,0.2422,0.1409,0.2749,0.0929,layer_18
min_rankme,row_norm,8,per_ckpt,168B,90,-0.239,0.1808,-0.1776,0.3327,layer_18
min_rankme,row_norm,8,per_ckpt,199B,90,-0.0035,0.987,0.0636,0.6853,layer_18
min_rankme,row_norm,8,per_ckpt,231B,90,-0.0481,0.7972,-0.1442,0.4625,layer_18
min_rankme,row_norm,8,per_ckpt,262B,90,-0.1213,0.4386,-0.2139,0.1758,layer_18
min_rankme,row_norm,8,per_ckpt,294B,90,-0.19,0.1299,-0.1357,0.2837,layer_18
min_rankme,row_norm,8,per_ckpt,325B,90,0.1764,0.1009,0.1972,0.04,layer_18
min_rankme,row_norm,8,per_ckpt,352B,90,-0.0542,0.6853,-0.0405,0.7582,layer_18
min_rankme,row_norm,8,per_ckpt,384B,90,-0.0785,0.6973,-0.0228,0.9081,layer_18
min_rankme,row_norm,8,per_ckpt,415B,90,0.2035,0.1968,0.2431,0.1049,layer_18
min_rankme,row_norm,8,per_ckpt,447B,90,0.2169,0.037,0.2212,0.043,layer_18
min_rankme,row_norm,8,per_ckpt,478B,90,0.1199,0.3427,0.1355,0.2917,layer_18
min_rankme,row_norm,8,per_ckpt,510B,90,-0.1307,0.4665,-0.11,0.4775,layer_18
min_rankme,row_norm,8,per_ckpt,541B,90,-0.045,0.7812,-0.0902,0.5165,layer_18
min_rankme,row_norm,8,per_ckpt,573B,90,0.0981,0.5225,0.049,0.7313,layer_18
min_rankme,row_norm,8,per_ckpt,main,90,-0.119,0.2967,-0.1085,0.4066,layer_18
min_rankme,col_norm,4,per_ckpt,10B,90,0.0288,0.7223,0.0605,0.4595,layer_18
min_rankme,col_norm,4,per_ckpt,42B,90,0.0122,0.8412,0.0433,0.5395,layer_18
min_rankme,col_norm,4,per_ckpt,73B,90,-0.0324,0.7822,-0.0448,0.7283,layer_18
min_rankme,col_norm,4,per_ckpt,105B,90,-0.0218,0.8312,-0.0449,0.6733,layer_18
min_rankme,col_norm,4,per_ckpt,136B,90,-0.174,0.1618,-0.1792,0.1628,layer_18
min_rankme,col_norm,4,per_ckpt,168B,90,0.0017,0.989,-0.0242,0.8342,layer_18
min_rankme,col_norm,4,per_ckpt,199B,90,-0.1552,0.1479,-0.2077,0.0769,layer_18
min_rankme,col_norm,4,per_ckpt,231B,90,-0.0501,0.5405,-0.1054,0.2108,layer_18
min_rankme,col_norm,4,per_ckpt,262B,90,-0.2448,0.1039,-0.2776,0.1079,layer_18
min_rankme,col_norm,4,per_ckpt,294B,90,0.0384,0.7912,0.0596,0.7163,layer_18
min_rankme,col_norm,4,per_ckpt,325B,90,0.0056,0.959,-0.0284,0.8292,layer_18
min_rankme,col_norm,4,per_ckpt,352B,90,0.1385,0.2697,0.085,0.4965,layer_18
min_rankme,col_norm,4,per_ckpt,384B,90,-0.1726,0.0779,-0.1798,0.0879,layer_18
min_rankme,col_norm,4,per_ckpt,415B,90,-0.1956,0.1399,-0.2966,0.0509,layer_18
min_rankme,col_norm,4,per_ckpt,447B,90,-0.1461,0.2707,-0.0864,0.4995,layer_18
min_rankme,col_norm,4,per_ckpt,478B,90,-0.2075,0.1179,-0.258,0.0729,layer_18
min_rankme,col_norm,4,per_ckpt,510B,90,-0.0201,0.8631,-0.0172,0.9091,layer_18
min_rankme,col_norm,4,per_ckpt,541B,90,0.0644,0.6154,0.0663,0.6004,layer_18
min_rankme,col_norm,4,per_ckpt,573B,90,-0.0103,0.9081,-0.0505,0.5495,layer_18
min_rankme,col_norm,4,per_ckpt,main,90,0.0385,0.6933,0.0314,0.7822,layer_18
min_rankme,col_norm,8,per_ckpt,10B,90,-0.2053,0.1598,-0.1919,0.1848,layer_18
min_rankme,col_norm,8,per_ckpt,42B,90,0.1502,0.1229,0.1525,0.1489,layer_18
min_rankme,col_norm,8,per_ckpt,73B,90,0.1728,0.2667,0.1197,0.3916,layer_18
min_rankme,col_norm,8,per_ckpt,105B,90,-0.0275,0.8032,-0.1186,0.2997,layer_18
min_rankme,col_norm,8,per_ckpt,136B,90,0.106,0.2018,0.1233,0.0859,layer_18
min_rankme,col_norm,8,per_ckpt,168B,90,-0.1312,0.2448,-0.1147,0.3177,layer_18
min_rankme,col_norm,8,per_ckpt,199B,90,0.0023,0.981,0.0654,0.6384,layer_18
min_rankme,col_norm,8,per_ckpt,231B,90,0.0028,0.991,-0.1184,0.4575,layer_18
min_rankme,col_norm,8,per_ckpt,262B,90,-0.1363,0.2587,-0.1784,0.1678,layer_18
min_rankme,col_norm,8,per_ckpt,294B,90,-0.0705,0.2947,-0.0389,0.5195,layer_18
min_rankme,col_norm,8,per_ckpt,325B,90,0.1288,0.1608,0.1619,0.034,layer_18
min_rankme,col_norm,8,per_ckpt,352B,90,-0.0156,0.8831,-0.0279,0.7752,layer_18
min_rankme,col_norm,8,per_ckpt,384B,90,-0.0468,0.7143,-0.0166,0.9141,layer_18
min_rankme,col_norm,8,per_ckpt,415B,90,0.1484,0.2408,0.1958,0.1099,layer_18
min_rankme,col_norm,8,per_ckpt,447B,90,0.1596,0.021,0.167,0.037,layer_18
min_rankme,col_norm,8,per_ckpt,478B,90,0.0994,0.3347,0.1194,0.2827,layer_18
min_rankme,col_norm,8,per_ckpt,510B,90,-0.108,0.5075,-0.1079,0.4715,layer_18
min_rankme,col_norm,8,per_ckpt,541B,90,-0.0434,0.7063,-0.0662,0.5185,layer_18
min_rankme,col_norm,8,per_ckpt,573B,90,0.0406,0.6224,0.0304,0.7023,layer_18
min_rankme,col_norm,8,per_ckpt,main,90,-0.0793,0.4156,-0.0743,0.4535,layer_18
norm_asym,row_norm,4,per_ckpt,10B,90,0.0139,0.9431,0.0214,0.9151,layer_18
norm_asym,row_norm,4,per_ckpt,42B,90,-0.0086,0.958,-0.0117,0.9381,layer_18
norm_asym,row_norm,4,per_ckpt,73B,90,-0.3845,0.0609,-0.3828,0.0669,layer_18
norm_asym,row_norm,4,per_ckpt,105B,90,-0.2097,0.3826,-0.2402,0.3047,layer_18
norm_asym,row_norm,4,per_ckpt,136B,90,-0.1011,0.6573,-0.0837,0.7163,layer_18
norm_asym,row_norm,4,per_ckpt,168B,90,-0.1336,0.5614,-0.149,0.5514,layer_18
norm_asym,row_norm,4,per_ckpt,199B,90,-0.227,0.3197,-0.2724,0.2068,layer_18
norm_asym,row_norm,4,per_ckpt,231B,90,-0.3748,0.043,-0.4329,0.027,layer_18
norm_asym,row_norm,4,per_ckpt,262B,90,-0.1266,0.5554,-0.3992,0.0989,layer_18
norm_asym,row_norm,4,per_ckpt,294B,90,0.0774,0.7403,0.0958,0.6843,layer_18
norm_asym,row_norm,4,per_ckpt,325B,90,0.0077,0.963,-0.0661,0.7433,layer_18
norm_asym,row_norm,4,per_ckpt,352B,90,0.1036,0.5944,0.0736,0.6324,layer_18
norm_asym,row_norm,4,per_ckpt,384B,90,-0.3157,0.1628,-0.3458,0.1329,layer_18
norm_asym,row_norm,4,per_ckpt,415B,90,-0.2381,0.3457,-0.3489,0.1688,layer_18
norm_asym,row_norm,4,per_ckpt,447B,90,-0.1401,0.5674,-0.1713,0.5145,layer_18
norm_asym,row_norm,4,per_ckpt,478B,90,-0.0726,0.7642,-0.12,0.7093,layer_18
norm_asym,row_norm,4,per_ckpt,510B,90,-0.0229,0.8082,-0.0491,0.6244,layer_18
norm_asym,row_norm,4,per_ckpt,541B,90,0.0791,0.7632,0.0903,0.7473,layer_18
norm_asym,row_norm,4,per_ckpt,573B,90,-0.1168,0.6424,-0.0424,0.8761,layer_18
norm_asym,row_norm,4,per_ckpt,main,90,-0.0174,0.9231,-0.0044,0.979,layer_18
norm_asym,row_norm,8,per_ckpt,10B,90,-0.0921,0.5834,-0.1918,0.2687,layer_18
norm_asym,row_norm,8,per_ckpt,42B,90,0.0295,0.8462,0.0382,0.7962,layer_18
norm_asym,row_norm,8,per_ckpt,73B,90,-0.1154,0.5984,-0.1038,0.6583,layer_18
norm_asym,row_norm,8,per_ckpt,105B,90,-0.145,0.5834,-0.2013,0.4386,layer_18
norm_asym,row_norm,8,per_ckpt,136B,90,0.2457,0.1998,0.2655,0.2048,layer_18
norm_asym,row_norm,8,per_ckpt,168B,90,0.0063,0.964,0.0399,0.7702,layer_18
norm_asym,row_norm,8,per_ckpt,199B,90,0.1487,0.5205,0.2306,0.3287,layer_18
norm_asym,row_norm,8,per_ckpt,231B,90,-0.377,0.04,-0.327,0.1069,layer_18
norm_asym,row_norm,8,per_ckpt,262B,90,0.1948,0.4016,0.1958,0.4695,layer_18
norm_asym,row_norm,8,per_ckpt,294B,90,0.2842,0.0979,0.253,0.1618,layer_18
norm_asym,row_norm,8,per_ckpt,325B,90,0.0752,0.7493,0.0604,0.7742,layer_18
norm_asym,row_norm,8,per_ckpt,352B,90,-0.1225,0.5674,-0.1372,0.5095,layer_18
norm_asym,row_norm,8,per_ckpt,384B,90,-0.0122,0.955,0.0671,0.8352,layer_18
norm_asym,row_norm,8,per_ckpt,415B,90,-0.0198,0.9291,0.0808,0.7413,layer_18
norm_asym,row_norm,8,per_ckpt,447B,90,0.0065,0.973,0.139,0.4436,layer_18
norm_asym,row_norm,8,per_ckpt,478B,90,0.2476,0.2947,0.2458,0.3327,layer_18
norm_asym,row_norm,8,per_ckpt,510B,90,-0.2517,0.1698,-0.1886,0.3237,layer_18
norm_asym,row_norm,8,per_ckpt,541B,90,0.0581,0.7952,0.0948,0.6454,layer_18
norm_asym,row_norm,8,per_ckpt,573B,90,0.0448,0.8462,0.0636,0.7912,layer_18
norm_asym,row_norm,8,per_ckpt,main,90,-0.1832,0.4176,-0.0801,0.7193,layer_18
norm_asym,col_norm,4,per_ckpt,10B,90,-0.1308,0.6503,-0.1483,0.6064,layer_18
norm_asym,col_norm,4,per_ckpt,42B,90,-0.1186,0.7033,-0.0948,0.7552,layer_18
norm_asym,col_norm,4,per_ckpt,73B,90,-0.0822,0.7812,-0.0861,0.7762,layer_18
norm_asym,col_norm,4,per_ckpt,105B,90,-0.1777,0.5654,-0.2152,0.5115,layer_18
norm_asym,col_norm,4,per_ckpt,136B,90,-0.3613,0.1848,-0.3775,0.1748,layer_18
norm_asym,col_norm,4,per_ckpt,168B,90,-0.2695,0.3786,-0.2512,0.4366,layer_18
norm_asym,col_norm,4,per_ckpt,199B,90,0.2401,0.4086,0.2831,0.3257,layer_18
norm_asym,col_norm,4,per_ckpt,231B,90,0.3925,0.1908,0.2403,0.4076,layer_18
norm_asym,col_norm,4,per_ckpt,262B,90,-0.1012,0.6873,0.0503,0.8152,layer_18
norm_asym,col_norm,4,per_ckpt,294B,90,-0.309,0.2507,-0.284,0.3297,layer_18
norm_asym,col_norm,4,per_ckpt,325B,90,-0.1496,0.6094,0.0365,0.8801,layer_18
norm_asym,col_norm,4,per_ckpt,352B,90,-0.3771,0.1998,-0.39,0.1868,layer_18
norm_asym,col_norm,4,per_ckpt,384B,90,0.0126,0.967,0.1428,0.6244,layer_18
norm_asym,col_norm,4,per_ckpt,415B,90,0.1219,0.6344,0.1163,0.6583,layer_18
norm_asym,col_norm,4,per_ckpt,447B,90,0.0862,0.7473,0.1288,0.6484,layer_18
norm_asym,col_norm,4,per_ckpt,478B,90,-0.2825,0.3117,-0.1468,0.6034,layer_18
norm_asym,col_norm,4,per_ckpt,510B,90,-0.1567,0.5734,-0.0511,0.8402,layer_18
norm_asym,col_norm,4,per_ckpt,541B,90,-0.0442,0.8501,0.061,0.8182,layer_18
norm_asym,col_norm,4,per_ckpt,573B,90,-0.5862,0.039,-0.4684,0.1079,layer_18
norm_asym,col_norm,4,per_ckpt,main,90,-0.1671,0.5335,-0.1358,0.5584,layer_18
norm_asym,col_norm,8,per_ckpt,10B,90,-0.1382,0.5894,-0.1149,0.6523,layer_18
norm_asym,col_norm,8,per_ckpt,42B,90,-0.5058,0.0539,-0.467,0.0739,layer_18
norm_asym,col_norm,8,per_ckpt,73B,90,-0.0885,0.7403,-0.1356,0.6254,layer_18
norm_asym,col_norm,8,per_ckpt,105B,90,-0.2305,0.3646,-0.199,0.4615,layer_18
norm_asym,col_norm,8,per_ckpt,136B,90,-0.3846,0.2238,-0.3016,0.3806,layer_18
norm_asym,col_norm,8,per_ckpt,168B,90,-0.104,0.6923,-0.0023,0.993,layer_18
norm_asym,col_norm,8,per_ckpt,199B,90,-0.5464,0.016,-0.4925,0.0509,layer_18
norm_asym,col_norm,8,per_ckpt,231B,90,0.1447,0.6014,0.2706,0.3317,layer_18
norm_asym,col_norm,8,per_ckpt,262B,90,-0.2227,0.4206,-0.3161,0.2298,layer_18
norm_asym,col_norm,8,per_ckpt,294B,90,-0.0634,0.8302,-0.0883,0.7752,layer_18
norm_asym,col_norm,8,per_ckpt,325B,90,0.0465,0.8781,0.0464,0.8492,layer_18
norm_asym,col_norm,8,per_ckpt,352B,90,-0.3621,0.1518,-0.264,0.3277,layer_18
norm_asym,col_norm,8,per_ckpt,384B,90,-0.1178,0.6713,-0.1087,0.7003,layer_18
norm_asym,col_norm,8,per_ckpt,415B,90,-0.3718,0.1419,-0.348,0.1868,layer_18
norm_asym,col_norm,8,per_ckpt,447B,90,-0.2193,0.4226,-0.0839,0.7173,layer_18
norm_asym,col_norm,8,per_ckpt,478B,90,-0.2764,0.3247,-0.2706,0.3586,layer_18
norm_asym,col_norm,8,per_ckpt,510B,90,-0.19,0.3467,-0.2024,0.3217,layer_18
norm_asym,col_norm,8,per_ckpt,541B,90,-0.1745,0.5435,-0.0442,0.8821,layer_18
norm_asym,col_norm,8,per_ckpt,573B,90,-0.3106,0.2947,-0.1881,0.5295,layer_18
norm_asym,col_norm,8,per_ckpt,main,90,-0.023,0.9431,-0.0338,0.8901,layer_18
abs_diff,row_norm,4,pooled,,1800,-0.0227,0.3358,-0.0105,0.655,layer_19
abs_diff,row_norm,8,pooled,,1800,-0.0576,0.0145,-0.0323,0.1704,layer_19
abs_diff,col_norm,4,pooled,,1800,-0.0152,0.5201,-0.0056,0.8139,layer_19
abs_diff,col_norm,8,pooled,,1800,-0.0409,0.0827,-0.0236,0.3167,layer_19
signed_diff,row_norm,4,pooled,,1800,-0.0742,0.0016,-0.036,0.1268,layer_19
signed_diff,row_norm,8,pooled,,1800,-0.0151,0.5217,-0.0319,0.1755,layer_19
signed_diff,col_norm,4,pooled,,1800,-0.1136,0.0,-0.0898,0.0001,layer_19
signed_diff,col_norm,8,pooled,,1800,-0.1994,0.0,-0.1709,0.0,layer_19
min_rankme,row_norm,4,pooled,,1800,-0.1527,0.0,-0.0877,0.0002,layer_19
min_rankme,row_norm,8,pooled,,1800,-0.0191,0.418,-0.0284,0.2288,layer_19
min_rankme,col_norm,4,pooled,,1800,-0.1027,0.0,-0.0588,0.0126,layer_19
min_rankme,col_norm,8,pooled,,1800,-0.0152,0.5206,-0.0213,0.3665,layer_19
norm_asym,row_norm,4,pooled,,1800,-0.1074,0.0,-0.1341,0.0,layer_19
norm_asym,row_norm,8,pooled,,1800,0.0048,0.8373,0.0152,0.518,layer_19
norm_asym,col_norm,4,pooled,,1800,-0.1143,0.0,-0.091,0.0001,layer_19
norm_asym,col_norm,8,pooled,,1800,-0.1869,0.0,-0.1484,0.0,layer_19
abs_diff,row_norm,4,per_ckpt,10B,90,0.2103,0.025,0.2013,0.049,layer_19
abs_diff,row_norm,4,per_ckpt,42B,90,0.2284,0.043,0.1676,0.1618,layer_19
abs_diff,row_norm,4,per_ckpt,73B,90,0.0685,0.4476,0.0741,0.4116,layer_19
abs_diff,row_norm,4,per_ckpt,105B,90,0.156,0.1289,0.1929,0.0829,layer_19
abs_diff,row_norm,4,per_ckpt,136B,90,0.1904,0.044,0.2123,0.037,layer_19
abs_diff,row_norm,4,per_ckpt,168B,90,0.125,0.2438,0.1495,0.1968,layer_19
abs_diff,row_norm,4,per_ckpt,199B,90,0.1716,0.1688,0.2173,0.1349,layer_19
abs_diff,row_norm,4,per_ckpt,231B,90,0.0639,0.6813,0.041,0.8042,layer_19
abs_diff,row_norm,4,per_ckpt,262B,90,0.2204,0.1029,0.339,0.022,layer_19
abs_diff,row_norm,4,per_ckpt,294B,90,-0.0641,0.6224,-0.0571,0.6603,layer_19
abs_diff,row_norm,4,per_ckpt,325B,90,0.1413,0.3317,0.1687,0.2847,layer_19
abs_diff,row_norm,4,per_ckpt,352B,90,-0.1011,0.5035,-0.0847,0.5904,layer_19
abs_diff,row_norm,4,per_ckpt,384B,90,0.0521,0.6454,0.0841,0.4476,layer_19
abs_diff,row_norm,4,per_ckpt,415B,90,0.0476,0.6583,0.0845,0.4675,layer_19
abs_diff,row_norm,4,per_ckpt,447B,90,0.2233,0.1459,0.1922,0.2488,layer_19
abs_diff,row_norm,4,per_ckpt,478B,90,0.311,0.018,0.329,0.014,layer_19
abs_diff,row_norm,4,per_ckpt,510B,90,0.0651,0.6783,0.0946,0.5654,layer_19
abs_diff,row_norm,4,per_ckpt,541B,90,-0.0328,0.7882,-0.0084,0.953,layer_19
abs_diff,row_norm,4,per_ckpt,573B,90,0.0335,0.7602,0.0618,0.5185,layer_19
abs_diff,row_norm,4,per_ckpt,main,90,0.1842,0.1798,0.1886,0.1718,layer_19
abs_diff,row_norm,8,per_ckpt,10B,90,0.1219,0.3317,0.1172,0.3726,layer_19
abs_diff,row_norm,8,per_ckpt,42B,90,0.0397,0.7602,0.0341,0.7972,layer_19
abs_diff,row_norm,8,per_ckpt,73B,90,-0.2475,0.012,-0.2777,0.006,layer_19
abs_diff,row_norm,8,per_ckpt,105B,90,0.1194,0.1329,0.1086,0.1658,layer_19
abs_diff,row_norm,8,per_ckpt,136B,90,-0.013,0.9101,0.0046,0.975,layer_19
abs_diff,row_norm,8,per_ckpt,168B,90,0.0672,0.6124,0.07,0.6034,layer_19
abs_diff,row_norm,8,per_ckpt,199B,90,-0.124,0.2757,-0.0915,0.4416,layer_19
abs_diff,row_norm,8,per_ckpt,231B,90,0.0903,0.5654,0.0907,0.6374,layer_19
abs_diff,row_norm,8,per_ckpt,262B,90,0.1479,0.2957,0.1804,0.2248,layer_19
abs_diff,row_norm,8,per_ckpt,294B,90,0.0563,0.5754,0.0446,0.6863,layer_19
abs_diff,row_norm,8,per_ckpt,325B,90,-0.1037,0.3107,-0.1223,0.2188,layer_19
abs_diff,row_norm,8,per_ckpt,352B,90,0.0598,0.6304,0.0615,0.6174,layer_19
abs_diff,row_norm,8,per_ckpt,384B,90,-0.0907,0.5504,-0.0588,0.6973,layer_19
abs_diff,row_norm,8,per_ckpt,415B,90,-0.29,0.013,-0.2826,0.016,layer_19
abs_diff,row_norm,8,per_ckpt,447B,90,-0.0713,0.5065,-0.1728,0.1479,layer_19
abs_diff,row_norm,8,per_ckpt,478B,90,-0.0983,0.3786,-0.1115,0.3297,layer_19
abs_diff,row_norm,8,per_ckpt,510B,90,-0.0823,0.5225,-0.0905,0.4945,layer_19
abs_diff,row_norm,8,per_ckpt,541B,90,-0.0174,0.9061,0.0223,0.8821,layer_19
abs_diff,row_norm,8,per_ckpt,573B,90,-0.0201,0.8472,0.0377,0.7642,layer_19
abs_diff,row_norm,8,per_ckpt,main,90,-0.0038,0.972,-0.0015,0.992,layer_19
abs_diff,col_norm,4,per_ckpt,10B,90,0.1003,0.0509,0.1037,0.0789,layer_19
abs_diff,col_norm,4,per_ckpt,42B,90,0.0884,0.045,0.0722,0.1329,layer_19
abs_diff,col_norm,4,per_ckpt,73B,90,0.029,0.6034,0.0439,0.4685,layer_19
abs_diff,col_norm,4,per_ckpt,105B,90,0.08,0.2368,0.1247,0.0849,layer_19
abs_diff,col_norm,4,per_ckpt,136B,90,0.2114,0.013,0.1814,0.036,layer_19
abs_diff,col_norm,4,per_ckpt,168B,90,0.0675,0.3846,0.0965,0.2028,layer_19
abs_diff,col_norm,4,per_ckpt,199B,90,0.1301,0.1129,0.1457,0.1279,layer_19
abs_diff,col_norm,4,per_ckpt,231B,90,0.0217,0.7662,0.0127,0.8751,layer_19
abs_diff,col_norm,4,per_ckpt,262B,90,0.2265,0.0509,0.3052,0.02,layer_19
abs_diff,col_norm,4,per_ckpt,294B,90,-0.0549,0.5634,-0.0469,0.6434,layer_19
abs_diff,col_norm,4,per_ckpt,325B,90,0.0907,0.3676,0.1205,0.2867,layer_19
abs_diff,col_norm,4,per_ckpt,352B,90,-0.0901,0.3896,-0.0559,0.6024,layer_19
abs_diff,col_norm,4,per_ckpt,384B,90,0.0908,0.3247,0.0702,0.4715,layer_19
abs_diff,col_norm,4,per_ckpt,415B,90,0.0381,0.7133,0.0819,0.4625,layer_19
abs_diff,col_norm,4,per_ckpt,447B,90,0.185,0.1369,0.1412,0.2657,layer_19
abs_diff,col_norm,4,per_ckpt,478B,90,0.2673,0.019,0.2941,0.015,layer_19
abs_diff,col_norm,4,per_ckpt,510B,90,0.0619,0.4665,0.0515,0.5884,layer_19
abs_diff,col_norm,4,per_ckpt,541B,90,-0.0559,0.6304,0.0032,0.982,layer_19
abs_diff,col_norm,4,per_ckpt,573B,90,0.0211,0.7353,0.0485,0.4825,layer_19
abs_diff,col_norm,4,per_ckpt,main,90,0.0991,0.2428,0.1147,0.1868,layer_19
abs_diff,col_norm,8,per_ckpt,10B,90,0.121,0.1908,0.0967,0.3467,layer_19
abs_diff,col_norm,8,per_ckpt,42B,90,0.0627,0.3926,0.0251,0.7722,layer_19
abs_diff,col_norm,8,per_ckpt,73B,90,-0.2191,0.003,-0.2261,0.006,layer_19
abs_diff,col_norm,8,per_ckpt,105B,90,0.1511,0.0739,0.1281,0.1419,layer_19
abs_diff,col_norm,8,per_ckpt,136B,90,-0.0236,0.6773,0.0097,0.8851,layer_19
abs_diff,col_norm,8,per_ckpt,168B,90,0.0475,0.5435,0.046,0.6004,layer_19
abs_diff,col_norm,8,per_ckpt,199B,90,-0.1051,0.3297,-0.081,0.4725,layer_19
abs_diff,col_norm,8,per_ckpt,231B,90,0.0301,0.8022,0.0731,0.6414,layer_19
abs_diff,col_norm,8,per_ckpt,262B,90,0.1367,0.1838,0.1499,0.2218,layer_19
abs_diff,col_norm,8,per_ckpt,294B,90,-0.0009,0.987,0.0237,0.6134,layer_19
abs_diff,col_norm,8,per_ckpt,325B,90,-0.0631,0.4456,-0.1017,0.1968,layer_19
abs_diff,col_norm,8,per_ckpt,352B,90,0.04,0.6533,0.0489,0.6194,layer_19
abs_diff,col_norm,8,per_ckpt,384B,90,-0.0251,0.8052,-0.0528,0.6543,layer_19
abs_diff,col_norm,8,per_ckpt,415B,90,-0.2175,0.022,-0.2264,0.019,layer_19
abs_diff,col_norm,8,per_ckpt,447B,90,-0.0516,0.4705,-0.1339,0.1259,layer_19
abs_diff,col_norm,8,per_ckpt,478B,90,-0.093,0.3127,-0.0953,0.3457,layer_19
abs_diff,col_norm,8,per_ckpt,510B,90,-0.0859,0.4915,-0.0909,0.4785,layer_19
abs_diff,col_norm,8,per_ckpt,541B,90,0.0555,0.6404,0.0171,0.8791,layer_19
abs_diff,col_norm,8,per_ckpt,573B,90,0.0029,0.972,0.0192,0.7742,layer_19
abs_diff,col_norm,8,per_ckpt,main,90,-0.0051,0.964,-0.01,0.9151,layer_19
signed_diff,row_norm,4,per_ckpt,10B,90,0.1338,0.5504,0.1496,0.4975,layer_19
signed_diff,row_norm,4,per_ckpt,42B,90,0.055,0.6993,0.0712,0.6743,layer_19
signed_diff,row_norm,4,per_ckpt,73B,90,-0.3408,0.1329,-0.3318,0.1419,layer_19
signed_diff,row_norm,4,per_ckpt,105B,90,-0.1018,0.6823,-0.0982,0.6923,layer_19
signed_diff,row_norm,4,per_ckpt,136B,90,-0.1105,0.6394,-0.0974,0.6973,layer_19
signed_diff,row_norm,4,per_ckpt,168B,90,-0.1146,0.6004,-0.1006,0.6653,layer_19
signed_diff,row_norm,4,per_ckpt,199B,90,-0.2007,0.3566,-0.2415,0.2637,layer_19
signed_diff,row_norm,4,per_ckpt,231B,90,-0.3824,0.034,-0.4132,0.026,layer_19
signed_diff,row_norm,4,per_ckpt,262B,90,-0.1029,0.6434,-0.298,0.1688,layer_19
signed_diff,row_norm,4,per_ckpt,294B,90,0.1082,0.6304,0.1358,0.5664,layer_19
signed_diff,row_norm,4,per_ckpt,325B,90,0.0239,0.8931,0.035,0.8711,layer_19
signed_diff,row_norm,4,per_ckpt,352B,90,0.1561,0.4685,0.1314,0.5654,layer_19
signed_diff,row_norm,4,per_ckpt,384B,90,-0.2899,0.2018,-0.3004,0.1938,layer_19
signed_diff,row_norm,4,per_ckpt,415B,90,-0.24,0.3457,-0.2951,0.2647,layer_19
signed_diff,row_norm,4,per_ckpt,447B,90,-0.0545,0.8372,-0.0601,0.8182,layer_19
signed_diff,row_norm,4,per_ckpt,478B,90,-0.0421,0.8571,-0.0411,0.8821,layer_19
signed_diff,row_norm,4,per_ckpt,510B,90,-0.0259,0.7852,-0.0408,0.6733,layer_19
signed_diff,row_norm,4,per_ckpt,541B,90,0.0102,0.97,0.0153,0.9441,layer_19
signed_diff,row_norm,4,per_ckpt,573B,90,-0.107,0.6573,-0.0849,0.7502,layer_19
signed_diff,row_norm,4,per_ckpt,main,90,0.024,0.8911,0.0403,0.8132,layer_19
signed_diff,row_norm,8,per_ckpt,10B,90,-0.0336,0.8551,-0.1062,0.6034,layer_19
signed_diff,row_norm,8,per_ckpt,42B,90,0.01,0.9491,0.0332,0.8192,layer_19
signed_diff,row_norm,8,per_ckpt,73B,90,-0.1974,0.3506,-0.2065,0.3566,layer_19
signed_diff,row_norm,8,per_ckpt,105B,90,-0.1098,0.6963,-0.1793,0.5764,layer_19
signed_diff,row_norm,8,per_ckpt,136B,90,0.1772,0.3916,0.1698,0.4346,layer_19
signed_diff,row_norm,8,per_ckpt,168B,90,-0.0044,0.973,0.0102,0.9351,layer_19
signed_diff,row_norm,8,per_ckpt,199B,90,0.1801,0.4486,0.1984,0.4096,layer_19
signed_diff,row_norm,8,per_ckpt,231B,90,-0.4124,0.024,-0.4024,0.039,layer_19
signed_diff,row_norm,8,per_ckpt,262B,90,0.0563,0.8292,0.1146,0.6523,layer_19
signed_diff,row_norm,8,per_ckpt,294B,90,0.2277,0.2058,0.1937,0.2887,layer_19
signed_diff,row_norm,8,per_ckpt,325B,90,0.1742,0.4885,0.113,0.6464,layer_19
signed_diff,row_norm,8,per_ckpt,352B,90,-0.0786,0.7203,-0.0818,0.7153,layer_19
signed_diff,row_norm,8,per_ckpt,384B,90,-0.0118,0.962,0.0038,0.991,layer_19
signed_diff,row_norm,8,per_ckpt,415B,90,-0.0228,0.9221,-0.004,0.987,layer_19
signed_diff,row_norm,8,per_ckpt,447B,90,-0.0109,0.963,0.0954,0.6434,layer_19
signed_diff,row_norm,8,per_ckpt,478B,90,0.2689,0.2677,0.2587,0.2897,layer_19
signed_diff,row_norm,8,per_ckpt,510B,90,-0.2931,0.1099,-0.3076,0.0939,layer_19
signed_diff,row_norm,8,per_ckpt,541B,90,0.0338,0.8691,0.0538,0.7942,layer_19
signed_diff,row_norm,8,per_ckpt,573B,90,0.0511,0.8232,0.0664,0.7742,layer_19
signed_diff,row_norm,8,per_ckpt,main,90,-0.2227,0.3067,-0.2234,0.3097,layer_19
signed_diff,col_norm,4,per_ckpt,10B,90,-0.1952,0.5065,-0.2155,0.4665,layer_19
signed_diff,col_norm,4,per_ckpt,42B,90,-0.1173,0.7133,-0.0956,0.7712,layer_19
signed_diff,col_norm,4,per_ckpt,73B,90,-0.0488,0.8881,-0.0126,0.97,layer_19
signed_diff,col_norm,4,per_ckpt,105B,90,-0.1265,0.6723,-0.1382,0.6533,layer_19
signed_diff,col_norm,4,per_ckpt,136B,90,-0.3579,0.1998,-0.3935,0.1628,layer_19
signed_diff,col_norm,4,per_ckpt,168B,90,-0.3773,0.1908,-0.3648,0.2228,layer_19
signed_diff,col_norm,4,per_ckpt,199B,90,0.0644,0.8392,0.0535,0.8651,layer_19
signed_diff,col_norm,4,per_ckpt,231B,90,0.3503,0.2557,0.3116,0.3437,layer_19
signed_diff,col_norm,4,per_ckpt,262B,90,-0.028,0.9091,-0.0135,0.954,layer_19
signed_diff,col_norm,4,per_ckpt,294B,90,-0.3276,0.2308,-0.3327,0.2358,layer_19
signed_diff,col_norm,4,per_ckpt,325B,90,-0.1003,0.7223,-0.0739,0.7932,layer_19
signed_diff,col_norm,4,per_ckpt,352B,90,-0.4001,0.1808,-0.3727,0.2178,layer_19
signed_diff,col_norm,4,per_ckpt,384B,90,0.008,0.981,0.0526,0.8521,layer_19
signed_diff,col_norm,4,per_ckpt,415B,90,0.1393,0.5864,0.153,0.5724,layer_19
signed_diff,col_norm,4,per_ckpt,447B,90,-0.0476,0.8641,0.0169,0.9491,layer_19
signed_diff,col_norm,4,per_ckpt,478B,90,-0.222,0.4466,-0.2236,0.4505,layer_19
signed_diff,col_norm,4,per_ckpt,510B,90,-0.1634,0.5684,-0.1743,0.5495,layer_19
signed_diff,col_norm,4,per_ckpt,541B,90,-0.0199,0.9341,-0.0058,0.986,layer_19
signed_diff,col_norm,4,per_ckpt,573B,90,-0.5729,0.041,-0.5504,0.0539,layer_19
signed_diff,col_norm,4,per_ckpt,main,90,-0.0558,0.8202,-0.0527,0.8342,layer_19
signed_diff,col_norm,8,per_ckpt,10B,90,-0.2624,0.3237,-0.2404,0.3546,layer_19
signed_diff,col_norm,8,per_ckpt,42B,90,-0.5878,0.018,-0.5532,0.033,layer_19
signed_diff,col_norm,8,per_ckpt,73B,90,-0.113,0.6893,-0.1681,0.5614,layer_19
signed_diff,col_norm,8,per_ckpt,105B,90,-0.2825,0.2418,-0.2932,0.2358,layer_19
signed_diff,col_norm,8,per_ckpt,136B,90,-0.5026,0.1119,-0.5103,0.1139,layer_19
signed_diff,col_norm,8,per_ckpt,168B,90,-0.1227,0.6603,-0.1052,0.7033,layer_19
signed_diff,col_norm,8,per_ckpt,199B,90,-0.4725,0.049,-0.4696,0.047,layer_19
signed_diff,col_norm,8,per_ckpt,231B,90,0.1232,0.6414,0.1694,0.5355,layer_19
signed_diff,col_norm,8,per_ckpt,262B,90,-0.2457,0.3576,-0.2663,0.3247,layer_19
signed_diff,col_norm,8,per_ckpt,294B,90,-0.0434,0.8861,-0.1226,0.7253,layer_19
signed_diff,col_norm,8,per_ckpt,325B,90,0.0436,0.8801,-0.0066,0.975,layer_19
signed_diff,col_norm,8,per_ckpt,352B,90,-0.3269,0.2158,-0.2916,0.2907,layer_19
signed_diff,col_norm,8,per_ckpt,384B,90,-0.1498,0.5954,-0.103,0.7103,layer_19
signed_diff,col_norm,8,per_ckpt,415B,90,-0.376,0.1439,-0.3855,0.1419,layer_19
signed_diff,col_norm,8,per_ckpt,447B,90,-0.2218,0.4166,-0.1117,0.6863,layer_19
signed_diff,col_norm,8,per_ckpt,478B,90,-0.3485,0.2098,-0.3377,0.2178,layer_19
signed_diff,col_norm,8,per_ckpt,510B,90,-0.1429,0.4815,-0.1546,0.4625,layer_19
signed_diff,col_norm,8,per_ckpt,541B,90,-0.2114,0.4655,-0.183,0.5345,layer_19
signed_diff,col_norm,8,per_ckpt,573B,90,-0.284,0.3437,-0.2537,0.4116,layer_19
signed_diff,col_norm,8,per_ckpt,main,90,0.0598,0.8432,0.0595,0.8482,layer_19
min_rankme,row_norm,4,per_ckpt,10B,90,0.0266,0.8741,0.0893,0.5305,layer_19
min_rankme,row_norm,4,per_ckpt,42B,90,0.0284,0.8611,0.0888,0.6034,layer_19
min_rankme,row_norm,4,per_ckpt,73B,90,-0.0758,0.6304,-0.0789,0.6813,layer_19
min_rankme,row_norm,4,per_ckpt,105B,90,-0.079,0.6344,-0.0662,0.6803,layer_19
min_rankme,row_norm,4,per_ckpt,136B,90,-0.2452,0.1329,-0.2068,0.1798,layer_19
min_rankme,row_norm,4,per_ckpt,168B,90,-0.0369,0.8342,-0.0418,0.8102,layer_19
min_rankme,row_norm,4,per_ckpt,199B,90,-0.2294,0.1678,-0.313,0.0819,layer_19
min_rankme,row_norm,4,per_ckpt,231B,90,-0.1265,0.4725,-0.2172,0.2248,layer_19
min_rankme,row_norm,4,per_ckpt,262B,90,-0.2008,0.2617,-0.2839,0.1359,layer_19
min_rankme,row_norm,4,per_ckpt,294B,90,-0.0238,0.9111,0.076,0.7023,layer_19
min_rankme,row_norm,4,per_ckpt,325B,90,-0.041,0.8272,-0.0593,0.7502,layer_19
min_rankme,row_norm,4,per_ckpt,352B,90,0.2165,0.1868,0.1813,0.2927,layer_19
min_rankme,row_norm,4,per_ckpt,384B,90,-0.1778,0.1249,-0.2188,0.0709,layer_19
min_rankme,row_norm,4,per_ckpt,415B,90,-0.215,0.1159,-0.3228,0.035,layer_19
min_rankme,row_norm,4,per_ckpt,447B,90,-0.0787,0.6563,-0.0841,0.6084,layer_19
min_rankme,row_norm,4,per_ckpt,478B,90,-0.2533,0.0899,-0.2717,0.0789,layer_19
min_rankme,row_norm,4,per_ckpt,510B,90,0.0714,0.7083,-0.0145,0.965,layer_19
min_rankme,row_norm,4,per_ckpt,541B,90,0.0495,0.7323,0.0798,0.5315,layer_19
min_rankme,row_norm,4,per_ckpt,573B,90,-0.0309,0.8222,-0.0425,0.7233,layer_19
min_rankme,row_norm,4,per_ckpt,main,90,0.0326,0.8222,0.0304,0.8641,layer_19
min_rankme,row_norm,8,per_ckpt,10B,90,-0.2612,0.1868,-0.2429,0.1778,layer_19
min_rankme,row_norm,8,per_ckpt,42B,90,0.2933,0.0809,0.2547,0.1249,layer_19
min_rankme,row_norm,8,per_ckpt,73B,90,0.1961,0.2807,0.1465,0.3946,layer_19
min_rankme,row_norm,8,per_ckpt,105B,90,-0.0941,0.4016,-0.112,0.2667,layer_19
min_rankme,row_norm,8,per_ckpt,136B,90,0.2355,0.1538,0.2692,0.1049,layer_19
min_rankme,row_norm,8,per_ckpt,168B,90,-0.2101,0.2378,-0.1613,0.3886,layer_19
min_rankme,row_norm,8,per_ckpt,199B,90,-0.0041,0.98,0.1147,0.4336,layer_19
min_rankme,row_norm,8,per_ckpt,231B,90,-0.03,0.8721,-0.1409,0.5085,layer_19
min_rankme,row_norm,8,per_ckpt,262B,90,-0.1817,0.2298,-0.2474,0.0749,layer_19
min_rankme,row_norm,8,per_ckpt,294B,90,-0.1918,0.1239,-0.1393,0.2767,layer_19
min_rankme,row_norm,8,per_ckpt,325B,90,0.1295,0.2468,0.1732,0.0759,layer_19
min_rankme,row_norm,8,per_ckpt,352B,90,-0.0494,0.7133,-0.0784,0.5604,layer_19
min_rankme,row_norm,8,per_ckpt,384B,90,-0.04,0.8362,-0.0233,0.9071,layer_19
min_rankme,row_norm,8,per_ckpt,415B,90,0.2221,0.1598,0.2325,0.1249,layer_19
min_rankme,row_norm,8,per_ckpt,447B,90,0.1349,0.1948,0.2106,0.0589,layer_19
min_rankme,row_norm,8,per_ckpt,478B,90,0.1306,0.3027,0.1344,0.2927,layer_19
min_rankme,row_norm,8,per_ckpt,510B,90,-0.1878,0.2997,-0.1471,0.3676,layer_19
min_rankme,row_norm,8,per_ckpt,541B,90,-0.022,0.8751,-0.0755,0.5904,layer_19
min_rankme,row_norm,8,per_ckpt,573B,90,0.0978,0.5255,0.0689,0.6394,layer_19
min_rankme,row_norm,8,per_ckpt,main,90,-0.1235,0.2847,-0.1284,0.3167,layer_19
min_rankme,col_norm,4,per_ckpt,10B,90,0.0288,0.7223,0.06,0.4605,layer_19
min_rankme,col_norm,4,per_ckpt,42B,90,0.0126,0.8362,0.0408,0.5644,layer_19
min_rankme,col_norm,4,per_ckpt,73B,90,-0.0324,0.7822,-0.0485,0.7043,layer_19
min_rankme,col_norm,4,per_ckpt,105B,90,-0.0321,0.7403,-0.0449,0.6743,layer_19
min_rankme,col_norm,4,per_ckpt,136B,90,-0.1749,0.1508,-0.178,0.1688,layer_19
min_rankme,col_norm,4,per_ckpt,168B,90,0.0024,0.974,-0.0219,0.8372,layer_19
min_rankme,col_norm,4,per_ckpt,199B,90,-0.1545,0.1479,-0.2101,0.0819,layer_19
min_rankme,col_norm,4,per_ckpt,231B,90,-0.0463,0.5814,-0.099,0.2817,layer_19
min_rankme,col_norm,4,per_ckpt,262B,90,-0.2029,0.1978,-0.2533,0.1399,layer_19
min_rankme,col_norm,4,per_ckpt,294B,90,0.0186,0.8971,0.0595,0.7063,layer_19
min_rankme,col_norm,4,per_ckpt,325B,90,-0.0233,0.8571,-0.0429,0.7443,layer_19
min_rankme,col_norm,4,per_ckpt,352B,90,0.1693,0.1508,0.1204,0.3117,layer_19
min_rankme,col_norm,4,per_ckpt,384B,90,-0.1452,0.1329,-0.1833,0.0839,layer_19
min_rankme,col_norm,4,per_ckpt,415B,90,-0.2074,0.1109,-0.3016,0.038,layer_19
min_rankme,col_norm,4,per_ckpt,447B,90,-0.0631,0.6474,-0.0609,0.6444,layer_19
min_rankme,col_norm,4,per_ckpt,478B,90,-0.2301,0.0829,-0.2368,0.0849,layer_19
min_rankme,col_norm,4,per_ckpt,510B,90,0.0163,0.8881,-0.0003,0.998,layer_19
min_rankme,col_norm,4,per_ckpt,541B,90,0.0686,0.5984,0.075,0.5554,layer_19
min_rankme,col_norm,4,per_ckpt,573B,90,-0.0117,0.8991,-0.0335,0.6973,layer_19
min_rankme,col_norm,4,per_ckpt,main,90,0.0389,0.6883,0.0248,0.8192,layer_19
min_rankme,col_norm,8,per_ckpt,10B,90,-0.2053,0.1598,-0.1975,0.1698,layer_19
min_rankme,col_norm,8,per_ckpt,42B,90,0.1486,0.1239,0.1594,0.1319,layer_19
min_rankme,col_norm,8,per_ckpt,73B,90,0.1724,0.2717,0.1223,0.3926,layer_19
min_rankme,col_norm,8,per_ckpt,105B,90,-0.0669,0.5724,-0.1258,0.2617,layer_19
min_rankme,col_norm,8,per_ckpt,136B,90,0.105,0.2198,0.1217,0.1009,layer_19
min_rankme,col_norm,8,per_ckpt,168B,90,-0.1062,0.3706,-0.1039,0.3796,layer_19
min_rankme,col_norm,8,per_ckpt,199B,90,0.0024,0.981,0.1129,0.4156,layer_19
min_rankme,col_norm,8,per_ckpt,231B,90,0.0172,0.9081,-0.1158,0.5095,layer_19
min_rankme,col_norm,8,per_ckpt,262B,90,-0.181,0.1219,-0.2052,0.0729,layer_19
min_rankme,col_norm,8,per_ckpt,294B,90,-0.073,0.2717,-0.0393,0.5115,layer_19
min_rankme,col_norm,8,per_ckpt,325B,90,0.0982,0.3197,0.1414,0.0619,layer_19
min_rankme,col_norm,8,per_ckpt,352B,90,-0.0079,0.9381,-0.0593,0.5744,layer_19
min_rankme,col_norm,8,per_ckpt,384B,90,-0.0323,0.8042,-0.0173,0.9071,layer_19
min_rankme,col_norm,8,per_ckpt,415B,90,0.1595,0.2098,0.1878,0.1239,layer_19
min_rankme,col_norm,8,per_ckpt,447B,90,0.1076,0.1349,0.1595,0.0549,layer_19
min_rankme,col_norm,8,per_ckpt,478B,90,0.1038,0.3177,0.1177,0.2947,layer_19
min_rankme,col_norm,8,per_ckpt,510B,90,-0.1532,0.3616,-0.144,0.3666,layer_19
min_rankme,col_norm,8,per_ckpt,541B,90,-0.0294,0.8002,-0.0571,0.5764,layer_19
min_rankme,col_norm,8,per_ckpt,573B,90,0.0405,0.6244,0.04,0.6254,layer_19
min_rankme,col_norm,8,per_ckpt,main,90,-0.0872,0.3506,-0.091,0.3556,layer_19
norm_asym,row_norm,4,per_ckpt,10B,90,0.0029,0.985,0.0189,0.9191,layer_19
norm_asym,row_norm,4,per_ckpt,42B,90,-0.0104,0.954,-0.0186,0.8981,layer_19
norm_asym,row_norm,4,per_ckpt,73B,90,-0.3841,0.0599,-0.3898,0.0579,layer_19
norm_asym,row_norm,4,per_ckpt,105B,90,-0.2189,0.3506,-0.2454,0.2977,layer_19
norm_asym,row_norm,4,per_ckpt,136B,90,-0.124,0.5854,-0.0924,0.6733,layer_19
norm_asym,row_norm,4,per_ckpt,168B,90,-0.1742,0.4246,-0.1784,0.4705,layer_19
norm_asym,row_norm,4,per_ckpt,199B,90,-0.1974,0.3716,-0.2554,0.2527,layer_19
norm_asym,row_norm,4,per_ckpt,231B,90,-0.3831,0.035,-0.445,0.025,layer_19
norm_asym,row_norm,4,per_ckpt,262B,90,-0.105,0.6344,-0.4023,0.0989,layer_19
norm_asym,row_norm,4,per_ckpt,294B,90,0.0941,0.6783,0.1133,0.6294,layer_19
norm_asym,row_norm,4,per_ckpt,325B,90,0.0151,0.9301,-0.0675,0.7532,layer_19
norm_asym,row_norm,4,per_ckpt,352B,90,0.1531,0.4456,0.1193,0.4975,layer_19
norm_asym,row_norm,4,per_ckpt,384B,90,-0.3234,0.1588,-0.3453,0.1399,layer_19
norm_asym,row_norm,4,per_ckpt,415B,90,-0.2442,0.3447,-0.3429,0.1728,layer_19
norm_asym,row_norm,4,per_ckpt,447B,90,-0.0743,0.7692,-0.1275,0.6414,layer_19
norm_asym,row_norm,4,per_ckpt,478B,90,-0.0682,0.7732,-0.107,0.7203,layer_19
norm_asym,row_norm,4,per_ckpt,510B,90,-0.0272,0.7632,-0.043,0.6613,layer_19
norm_asym,row_norm,4,per_ckpt,541B,90,0.0293,0.9131,0.0559,0.8372,layer_19
norm_asym,row_norm,4,per_ckpt,573B,90,-0.0983,0.6783,-0.0303,0.9111,layer_19
norm_asym,row_norm,4,per_ckpt,main,90,-0.0057,0.974,0.0044,0.972,layer_19
norm_asym,row_norm,8,per_ckpt,10B,90,-0.0963,0.5704,-0.1967,0.2587,layer_19
norm_asym,row_norm,8,per_ckpt,42B,90,0.0214,0.8871,0.0341,0.8192,layer_19
norm_asym,row_norm,8,per_ckpt,73B,90,-0.1214,0.5764,-0.1065,0.6404,layer_19
norm_asym,row_norm,8,per_ckpt,105B,90,-0.1633,0.5375,-0.2083,0.4106,layer_19
norm_asym,row_norm,8,per_ckpt,136B,90,0.25,0.1888,0.2691,0.1968,layer_19
norm_asym,row_norm,8,per_ckpt,168B,90,-0.0141,0.9031,0.0268,0.8561,layer_19
norm_asym,row_norm,8,per_ckpt,199B,90,0.2015,0.3856,0.2836,0.2238,layer_19
norm_asym,row_norm,8,per_ckpt,231B,90,-0.4052,0.029,-0.3324,0.1059,layer_19
norm_asym,row_norm,8,per_ckpt,262B,90,0.0426,0.8641,0.1203,0.7443,layer_19
norm_asym,row_norm,8,per_ckpt,294B,90,0.2755,0.1099,0.2385,0.1858,layer_19
norm_asym,row_norm,8,per_ckpt,325B,90,0.185,0.4545,0.1159,0.6064,layer_19
norm_asym,row_norm,8,per_ckpt,352B,90,-0.129,0.5475,-0.143,0.5045,layer_19
norm_asym,row_norm,8,per_ckpt,384B,90,0.0395,0.8651,0.085,0.7542,layer_19
norm_asym,row_norm,8,per_ckpt,415B,90,0.007,0.971,0.0789,0.7283,layer_19
norm_asym,row_norm,8,per_ckpt,447B,90,-0.0224,0.9271,0.1236,0.5075,layer_19
norm_asym,row_norm,8,per_ckpt,478B,90,0.2834,0.2258,0.2641,0.2817,layer_19
norm_asym,row_norm,8,per_ckpt,510B,90,-0.2668,0.1459,-0.225,0.2418,layer_19
norm_asym,row_norm,8,per_ckpt,541B,90,0.0466,0.8332,0.0867,0.6893,layer_19
norm_asym,row_norm,8,per_ckpt,573B,90,0.0481,0.8292,0.0726,0.7473,layer_19
norm_asym,row_norm,8,per_ckpt,main,90,-0.1733,0.4336,-0.1159,0.6014,layer_19
norm_asym,col_norm,4,per_ckpt,10B,90,-0.139,0.6304,-0.1579,0.5844,layer_19
norm_asym,col_norm,4,per_ckpt,42B,90,-0.137,0.6613,-0.1094,0.7203,layer_19
norm_asym,col_norm,4,per_ckpt,73B,90,-0.1062,0.7273,-0.0936,0.7652,layer_19
norm_asym,col_norm,4,per_ckpt,105B,90,-0.1833,0.5544,-0.2188,0.4995,layer_19
norm_asym,col_norm,4,per_ckpt,136B,90,-0.36,0.1878,-0.3743,0.1748,layer_19
norm_asym,col_norm,4,per_ckpt,168B,90,-0.3673,0.2098,-0.2874,0.3776,layer_19
norm_asym,col_norm,4,per_ckpt,199B,90,0.1129,0.7023,0.1929,0.5425,layer_19
norm_asym,col_norm,4,per_ckpt,231B,90,0.3388,0.2847,0.1759,0.5135,layer_19
norm_asym,col_norm,4,per_ckpt,262B,90,-0.0306,0.9031,0.0771,0.6983,layer_19
norm_asym,col_norm,4,per_ckpt,294B,90,-0.2864,0.2997,-0.2684,0.3596,layer_19
norm_asym,col_norm,4,per_ckpt,325B,90,-0.0557,0.8292,0.0765,0.7742,layer_19
norm_asym,col_norm,4,per_ckpt,352B,90,-0.4423,0.1169,-0.4317,0.1279,layer_19
norm_asym,col_norm,4,per_ckpt,384B,90,0.0692,0.8032,0.1595,0.5914,layer_19
norm_asym,col_norm,4,per_ckpt,415B,90,0.1668,0.5215,0.1619,0.5564,layer_19
norm_asym,col_norm,4,per_ckpt,447B,90,-0.0404,0.8771,0.0848,0.7712,layer_19
norm_asym,col_norm,4,per_ckpt,478B,90,-0.2007,0.4845,-0.1285,0.6723,layer_19
norm_asym,col_norm,4,per_ckpt,510B,90,-0.1156,0.6823,-0.0608,0.8312,layer_19
norm_asym,col_norm,4,per_ckpt,541B,90,-0.0388,0.8781,0.035,0.9001,layer_19
norm_asym,col_norm,4,per_ckpt,573B,90,-0.5818,0.036,-0.4807,0.0969,layer_19
norm_asym,col_norm,4,per_ckpt,main,90,-0.09,0.7512,-0.0939,0.7073,layer_19
norm_asym,col_norm,8,per_ckpt,10B,90,-0.1277,0.6114,-0.1073,0.6703,layer_19
norm_asym,col_norm,8,per_ckpt,42B,90,-0.5033,0.0539,-0.4615,0.0779,layer_19
norm_asym,col_norm,8,per_ckpt,73B,90,-0.0839,0.7632,-0.1331,0.6414,layer_19
norm_asym,col_norm,8,per_ckpt,105B,90,-0.2179,0.4036,-0.187,0.4955,layer_19
norm_asym,col_norm,8,per_ckpt,136B,90,-0.3701,0.2418,-0.2872,0.4176,layer_19
norm_asym,col_norm,8,per_ckpt,168B,90,-0.0354,0.8791,0.054,0.8342,layer_19
norm_asym,col_norm,8,per_ckpt,199B,90,-0.4772,0.047,-0.4426,0.0889,layer_19
norm_asym,col_norm,8,per_ckpt,231B,90,0.162,0.5345,0.3045,0.2577,layer_19
norm_asym,col_norm,8,per_ckpt,262B,90,-0.2324,0.3946,-0.3269,0.2198,layer_19
norm_asym,col_norm,8,per_ckpt,294B,90,0.003,0.989,-0.0463,0.8821,layer_19
norm_asym,col_norm,8,per_ckpt,325B,90,0.0745,0.8042,0.0643,0.8002,layer_19
norm_asym,col_norm,8,per_ckpt,352B,90,-0.3195,0.2358,-0.2466,0.3726,layer_19
norm_asym,col_norm,8,per_ckpt,384B,90,-0.1564,0.5844,-0.1238,0.6603,layer_19
norm_asym,col_norm,8,per_ckpt,415B,90,-0.3758,0.1359,-0.3622,0.1608,layer_19
norm_asym,col_norm,8,per_ckpt,447B,90,-0.2424,0.3836,-0.0879,0.7223,layer_19
norm_asym,col_norm,8,per_ckpt,478B,90,-0.3685,0.1758,-0.3328,0.2328,layer_19
norm_asym,col_norm,8,per_ckpt,510B,90,-0.1705,0.4076,-0.1851,0.3716,layer_19
norm_asym,col_norm,8,per_ckpt,541B,90,-0.1951,0.4985,-0.0907,0.7453,layer_19
norm_asym,col_norm,8,per_ckpt,573B,90,-0.2638,0.3736,-0.1881,0.5265,layer_19
norm_asym,col_norm,8,per_ckpt,main,90,-0.0058,0.982,-0.0037,0.992,layer_19
abs_diff,row_norm,4,pooled,,1800,-0.0194,0.4118,-0.0142,0.5458,layer_20
abs_diff,row_norm,8,pooled,,1800,-0.0493,0.0366,-0.0326,0.1666,layer_20
abs_diff,col_norm,4,pooled,,1800,-0.0136,0.5632,-0.0084,0.7225,layer_20
abs_diff,col_norm,8,pooled,,1800,-0.0329,0.1624,-0.0241,0.3073,layer_20
signed_diff,row_norm,4,pooled,,1800,-0.0709,0.0026,-0.0374,0.1123,layer_20
signed_diff,row_norm,8,pooled,,1800,-0.0101,0.6699,-0.0314,0.1829,layer_20
signed_diff,col_norm,4,pooled,,1800,-0.1186,0.0,-0.0924,0.0001,layer_20
signed_diff,col_norm,8,pooled,,1800,-0.1881,0.0,-0.1638,0.0,layer_20
min_rankme,row_norm,4,pooled,,1800,-0.1529,0.0,-0.0944,0.0001,layer_20
min_rankme,row_norm,8,pooled,,1800,-0.0219,0.3522,-0.0287,0.2242,layer_20
min_rankme,col_norm,4,pooled,,1800,-0.1031,0.0,-0.0638,0.0068,layer_20
min_rankme,col_norm,8,pooled,,1800,-0.0174,0.4617,-0.0215,0.3617,layer_20
norm_asym,row_norm,4,pooled,,1800,-0.1016,0.0,-0.1299,0.0,layer_20
norm_asym,row_norm,8,pooled,,1800,0.0121,0.6076,0.0203,0.3901,layer_20
norm_asym,col_norm,4,pooled,,1800,-0.1119,0.0,-0.0908,0.0001,layer_20
norm_asym,col_norm,8,pooled,,1800,-0.1793,0.0,-0.1422,0.0,layer_20
abs_diff,row_norm,4,per_ckpt,10B,90,0.2167,0.02,0.2033,0.048,layer_20
abs_diff,row_norm,4,per_ckpt,42B,90,0.2301,0.037,0.1736,0.1449,layer_20
abs_diff,row_norm,4,per_ckpt,73B,90,0.0756,0.4186,0.0809,0.3866,layer_20
abs_diff,row_norm,4,per_ckpt,105B,90,0.1637,0.1209,0.204,0.0729,layer_20
abs_diff,row_norm,4,per_ckpt,136B,90,0.2095,0.033,0.219,0.038,layer_20
abs_diff,row_norm,4,per_ckpt,168B,90,0.1433,0.1938,0.1789,0.1279,layer_20
abs_diff,row_norm,4,per_ckpt,199B,90,0.2386,0.0749,0.268,0.0789,layer_20
abs_diff,row_norm,4,per_ckpt,231B,90,0.1,0.5105,0.0691,0.7003,layer_20
abs_diff,row_norm,4,per_ckpt,262B,90,0.1993,0.1459,0.3422,0.018,layer_20
abs_diff,row_norm,4,per_ckpt,294B,90,-0.024,0.8482,-0.0335,0.8132,layer_20
abs_diff,row_norm,4,per_ckpt,325B,90,0.183,0.2238,0.1829,0.2448,layer_20
abs_diff,row_norm,4,per_ckpt,352B,90,-0.0756,0.6054,-0.0653,0.6633,layer_20
abs_diff,row_norm,4,per_ckpt,384B,90,0.032,0.7862,0.0647,0.5864,layer_20
abs_diff,row_norm,4,per_ckpt,415B,90,0.0348,0.7453,0.08,0.4965,layer_20
abs_diff,row_norm,4,per_ckpt,447B,90,0.2328,0.1259,0.196,0.2408,layer_20
abs_diff,row_norm,4,per_ckpt,478B,90,0.275,0.027,0.3048,0.019,layer_20
abs_diff,row_norm,4,per_ckpt,510B,90,0.0786,0.6084,0.0911,0.5854,layer_20
abs_diff,row_norm,4,per_ckpt,541B,90,-0.0618,0.6104,-0.0258,0.8472,layer_20
abs_diff,row_norm,4,per_ckpt,573B,90,0.0472,0.6384,0.0768,0.4476,layer_20
abs_diff,row_norm,4,per_ckpt,main,90,0.2111,0.1189,0.2191,0.1129,layer_20
abs_diff,row_norm,8,per_ckpt,10B,90,0.1397,0.2507,0.1165,0.3706,layer_20
abs_diff,row_norm,8,per_ckpt,42B,90,0.0426,0.7283,0.0269,0.8402,layer_20
abs_diff,row_norm,8,per_ckpt,73B,90,-0.2451,0.012,-0.2826,0.004,layer_20
abs_diff,row_norm,8,per_ckpt,105B,90,0.1251,0.1139,0.1139,0.1419,layer_20
abs_diff,row_norm,8,per_ckpt,136B,90,-0.0368,0.7702,-0.0066,0.969,layer_20
abs_diff,row_norm,8,per_ckpt,168B,90,0.1508,0.2547,0.127,0.3716,layer_20
abs_diff,row_norm,8,per_ckpt,199B,90,-0.1527,0.2188,-0.0969,0.4456,layer_20
abs_diff,row_norm,8,per_ckpt,231B,90,0.1086,0.5095,0.1029,0.6274,layer_20
abs_diff,row_norm,8,per_ckpt,262B,90,0.1596,0.2178,0.1899,0.1988,layer_20
abs_diff,row_norm,8,per_ckpt,294B,90,0.058,0.5714,0.0472,0.6693,layer_20
abs_diff,row_norm,8,per_ckpt,325B,90,-0.0655,0.5345,-0.1058,0.3017,layer_20
abs_diff,row_norm,8,per_ckpt,352B,90,0.0808,0.5175,0.0754,0.5395,layer_20
abs_diff,row_norm,8,per_ckpt,384B,90,-0.0885,0.5804,-0.0461,0.7612,layer_20
abs_diff,row_norm,8,per_ckpt,415B,90,-0.2809,0.011,-0.281,0.014,layer_20
abs_diff,row_norm,8,per_ckpt,447B,90,-0.0816,0.4565,-0.1588,0.1918,layer_20
abs_diff,row_norm,8,per_ckpt,478B,90,-0.0994,0.3417,-0.104,0.3397,layer_20
abs_diff,row_norm,8,per_ckpt,510B,90,-0.067,0.6074,-0.0703,0.6064,layer_20
abs_diff,row_norm,8,per_ckpt,541B,90,-0.0353,0.8232,0.0067,0.973,layer_20
abs_diff,row_norm,8,per_ckpt,573B,90,-0.0148,0.8971,0.0361,0.7722,layer_20
abs_diff,row_norm,8,per_ckpt,main,90,-0.0027,0.982,-0.0179,0.8861,layer_20
abs_diff,col_norm,4,per_ckpt,10B,90,0.1033,0.046,0.105,0.0719,layer_20
abs_diff,col_norm,4,per_ckpt,42B,90,0.0871,0.046,0.0743,0.1199,layer_20
abs_diff,col_norm,4,per_ckpt,73B,90,0.0345,0.5714,0.0483,0.4316,layer_20
abs_diff,col_norm,4,per_ckpt,105B,90,0.082,0.2318,0.1319,0.0749,layer_20
abs_diff,col_norm,4,per_ckpt,136B,90,0.22,0.012,0.1871,0.038,layer_20
abs_diff,col_norm,4,per_ckpt,168B,90,0.0789,0.3097,0.1165,0.1369,layer_20
abs_diff,col_norm,4,per_ckpt,199B,90,0.1685,0.0579,0.1793,0.0769,layer_20
abs_diff,col_norm,4,per_ckpt,231B,90,0.043,0.5554,0.0248,0.7782,layer_20
abs_diff,col_norm,4,per_ckpt,262B,90,0.215,0.0639,0.3068,0.018,layer_20
abs_diff,col_norm,4,per_ckpt,294B,90,-0.0303,0.7353,-0.0281,0.7932,layer_20
abs_diff,col_norm,4,per_ckpt,325B,90,0.1104,0.2767,0.1307,0.2547,layer_20
abs_diff,col_norm,4,per_ckpt,352B,90,-0.0729,0.4765,-0.0425,0.6783,layer_20
abs_diff,col_norm,4,per_ckpt,384B,90,0.0711,0.4715,0.0536,0.6024,layer_20
abs_diff,col_norm,4,per_ckpt,415B,90,0.0233,0.8172,0.078,0.4835,layer_20
abs_diff,col_norm,4,per_ckpt,447B,90,0.1902,0.1299,0.1445,0.2627,layer_20
abs_diff,col_norm,4,per_ckpt,478B,90,0.2426,0.021,0.2716,0.02,layer_20
abs_diff,col_norm,4,per_ckpt,510B,90,0.0701,0.4066,0.0484,0.6114,layer_20
abs_diff,col_norm,4,per_ckpt,541B,90,-0.086,0.4705,-0.0146,0.9191,layer_20
abs_diff,col_norm,4,per_ckpt,573B,90,0.0232,0.7113,0.0578,0.4176,layer_20
abs_diff,col_norm,4,per_ckpt,main,90,0.1162,0.1489,0.1351,0.1249,layer_20
abs_diff,col_norm,8,per_ckpt,10B,90,0.131,0.1459,0.096,0.3536,layer_20
abs_diff,col_norm,8,per_ckpt,42B,90,0.065,0.3596,0.0203,0.8102,layer_20
abs_diff,col_norm,8,per_ckpt,73B,90,-0.2186,0.004,-0.2307,0.005,layer_20
abs_diff,col_norm,8,per_ckpt,105B,90,0.1533,0.0739,0.1342,0.1199,layer_20
abs_diff,col_norm,8,per_ckpt,136B,90,-0.0353,0.5514,0.0038,0.954,layer_20
abs_diff,col_norm,8,per_ckpt,168B,90,0.0888,0.2627,0.0815,0.3606,layer_20
abs_diff,col_norm,8,per_ckpt,199B,90,-0.1089,0.3736,-0.0859,0.4715,layer_20
abs_diff,col_norm,8,per_ckpt,231B,90,0.0494,0.7243,0.0837,0.6314,layer_20
abs_diff,col_norm,8,per_ckpt,262B,90,0.1515,0.1099,0.1569,0.1988,layer_20
abs_diff,col_norm,8,per_ckpt,294B,90,0.0,0.999,0.0249,0.6104,layer_20
abs_diff,col_norm,8,per_ckpt,325B,90,-0.035,0.6903,-0.0905,0.2637,layer_20
abs_diff,col_norm,8,per_ckpt,352B,90,0.0561,0.5395,0.0591,0.5514,layer_20
abs_diff,col_norm,8,per_ckpt,384B,90,-0.0286,0.7772,-0.0428,0.7163,layer_20
abs_diff,col_norm,8,per_ckpt,415B,90,-0.2151,0.018,-0.2252,0.016,layer_20
abs_diff,col_norm,8,per_ckpt,447B,90,-0.0557,0.4226,-0.1238,0.1688,layer_20
abs_diff,col_norm,8,per_ckpt,478B,90,-0.0914,0.2787,-0.0882,0.3576,layer_20
abs_diff,col_norm,8,per_ckpt,510B,90,-0.0674,0.5744,-0.0718,0.5874,layer_20
abs_diff,col_norm,8,per_ckpt,541B,90,0.042,0.7313,0.0058,0.952,layer_20
abs_diff,col_norm,8,per_ckpt,573B,90,0.0061,0.9351,0.0174,0.7902,layer_20
abs_diff,col_norm,8,per_ckpt,main,90,-0.0056,0.954,-0.0213,0.8122,layer_20
signed_diff,row_norm,4,per_ckpt,10B,90,0.1361,0.5395,0.1477,0.4995,layer_20
signed_diff,row_norm,4,per_ckpt,42B,90,0.0601,0.6643,0.0704,0.6783,layer_20
signed_diff,row_norm,4,per_ckpt,73B,90,-0.3385,0.1339,-0.3394,0.1349,layer_20
signed_diff,row_norm,4,per_ckpt,105B,90,-0.0948,0.7053,-0.0957,0.7083,layer_20
signed_diff,row_norm,4,per_ckpt,136B,90,-0.1087,0.6414,-0.0873,0.7273,layer_20
signed_diff,row_norm,4,per_ckpt,168B,90,-0.1489,0.4955,-0.1181,0.6164,layer_20
signed_diff,row_norm,4,per_ckpt,199B,90,-0.1576,0.4695,-0.2117,0.3417,layer_20
signed_diff,row_norm,4,per_ckpt,231B,90,-0.4175,0.02,-0.4448,0.014,layer_20
signed_diff,row_norm,4,per_ckpt,262B,90,-0.1178,0.6024,-0.3263,0.1279,layer_20
signed_diff,row_norm,4,per_ckpt,294B,90,0.1263,0.5714,0.1541,0.5135,layer_20
signed_diff,row_norm,4,per_ckpt,325B,90,0.034,0.8601,0.0446,0.8392,layer_20
signed_diff,row_norm,4,per_ckpt,352B,90,0.1847,0.3886,0.1591,0.4865,layer_20
signed_diff,row_norm,4,per_ckpt,384B,90,-0.309,0.1818,-0.303,0.1928,layer_20
signed_diff,row_norm,4,per_ckpt,415B,90,-0.2275,0.3726,-0.2873,0.2787,layer_20
signed_diff,row_norm,4,per_ckpt,447B,90,-0.0327,0.9051,-0.0301,0.9101,layer_20
signed_diff,row_norm,4,per_ckpt,478B,90,-0.0191,0.9291,-0.0235,0.9301,layer_20
signed_diff,row_norm,4,per_ckpt,510B,90,-0.0241,0.7972,-0.0364,0.7073,layer_20
signed_diff,row_norm,4,per_ckpt,541B,90,-0.0088,0.968,0.0027,0.994,layer_20
signed_diff,row_norm,4,per_ckpt,573B,90,-0.0621,0.7922,-0.0467,0.8432,layer_20
signed_diff,row_norm,4,per_ckpt,main,90,0.0271,0.8801,0.0465,0.7802,layer_20
signed_diff,row_norm,8,per_ckpt,10B,90,-0.0371,0.8402,-0.1087,0.5994,layer_20
signed_diff,row_norm,8,per_ckpt,42B,90,0.0062,0.969,0.0308,0.8292,layer_20
signed_diff,row_norm,8,per_ckpt,73B,90,-0.1916,0.3676,-0.2098,0.3506,layer_20
signed_diff,row_norm,8,per_ckpt,105B,90,-0.099,0.7223,-0.1754,0.5754,layer_20
signed_diff,row_norm,8,per_ckpt,136B,90,0.1915,0.3487,0.1828,0.3846,layer_20
signed_diff,row_norm,8,per_ckpt,168B,90,-0.0118,0.9381,0.0025,0.981,layer_20
signed_diff,row_norm,8,per_ckpt,199B,90,0.236,0.3147,0.2415,0.3087,layer_20
signed_diff,row_norm,8,per_ckpt,231B,90,-0.4173,0.026,-0.4038,0.036,layer_20
signed_diff,row_norm,8,per_ckpt,262B,90,0.0079,0.976,0.0724,0.7832,layer_20
signed_diff,row_norm,8,per_ckpt,294B,90,0.2291,0.2028,0.1868,0.3137,layer_20
signed_diff,row_norm,8,per_ckpt,325B,90,0.2133,0.3806,0.1788,0.4925,layer_20
signed_diff,row_norm,8,per_ckpt,352B,90,-0.0868,0.6853,-0.085,0.7103,layer_20
signed_diff,row_norm,8,per_ckpt,384B,90,0.0242,0.9011,0.0276,0.8901,layer_20
signed_diff,row_norm,8,per_ckpt,415B,90,-0.0003,0.999,0.0225,0.9181,layer_20
signed_diff,row_norm,8,per_ckpt,447B,90,-0.0193,0.9321,0.089,0.6793,layer_20
signed_diff,row_norm,8,per_ckpt,478B,90,0.2863,0.2378,0.2657,0.2607,layer_20
signed_diff,row_norm,8,per_ckpt,510B,90,-0.2985,0.0979,-0.3161,0.0769,layer_20
signed_diff,row_norm,8,per_ckpt,541B,90,0.0333,0.8661,0.0539,0.7882,layer_20
signed_diff,row_norm,8,per_ckpt,573B,90,0.0653,0.7632,0.0753,0.7443,layer_20
signed_diff,row_norm,8,per_ckpt,main,90,-0.2246,0.3007,-0.2265,0.3057,layer_20
signed_diff,col_norm,4,per_ckpt,10B,90,-0.2009,0.4945,-0.2142,0.4765,layer_20
signed_diff,col_norm,4,per_ckpt,42B,90,-0.118,0.7093,-0.1018,0.7552,layer_20
signed_diff,col_norm,4,per_ckpt,73B,90,-0.0527,0.8841,-0.0268,0.9421,layer_20
signed_diff,col_norm,4,per_ckpt,105B,90,-0.1314,0.6533,-0.1446,0.6384,layer_20
signed_diff,col_norm,4,per_ckpt,136B,90,-0.3619,0.1978,-0.3948,0.1638,layer_20
signed_diff,col_norm,4,per_ckpt,168B,90,-0.428,0.1339,-0.3973,0.1768,layer_20
signed_diff,col_norm,4,per_ckpt,199B,90,-0.0011,0.994,0.0051,0.984,layer_20
signed_diff,col_norm,4,per_ckpt,231B,90,0.3193,0.2997,0.2632,0.4206,layer_20
signed_diff,col_norm,4,per_ckpt,262B,90,0.0226,0.9271,0.0367,0.8741,layer_20
signed_diff,col_norm,4,per_ckpt,294B,90,-0.3287,0.2328,-0.3269,0.2507,layer_20
signed_diff,col_norm,4,per_ckpt,325B,90,-0.0469,0.8631,-0.0191,0.9401,layer_20
signed_diff,col_norm,4,per_ckpt,352B,90,-0.4362,0.1309,-0.3952,0.1868,layer_20
signed_diff,col_norm,4,per_ckpt,384B,90,0.0326,0.9151,0.0673,0.8192,layer_20
signed_diff,col_norm,4,per_ckpt,415B,90,0.1576,0.5455,0.1723,0.5135,layer_20
signed_diff,col_norm,4,per_ckpt,447B,90,-0.0578,0.8372,-0.0072,0.982,layer_20
signed_diff,col_norm,4,per_ckpt,478B,90,-0.1688,0.5664,-0.1611,0.5924,layer_20
signed_diff,col_norm,4,per_ckpt,510B,90,-0.1388,0.6164,-0.1436,0.6154,layer_20
signed_diff,col_norm,4,per_ckpt,541B,90,-0.0205,0.9161,-0.0025,0.99,layer_20
signed_diff,col_norm,4,per_ckpt,573B,90,-0.5551,0.047,-0.5331,0.0599,layer_20
signed_diff,col_norm,4,per_ckpt,main,90,-0.0293,0.9061,-0.013,0.956,layer_20
signed_diff,col_norm,8,per_ckpt,10B,90,-0.2509,0.3387,-0.2347,0.3616,layer_20
signed_diff,col_norm,8,per_ckpt,42B,90,-0.5914,0.018,-0.5505,0.036,layer_20
signed_diff,col_norm,8,per_ckpt,73B,90,-0.115,0.6813,-0.1552,0.5974,layer_20
signed_diff,col_norm,8,per_ckpt,105B,90,-0.2919,0.2288,-0.2943,0.2338,layer_20
signed_diff,col_norm,8,per_ckpt,136B,90,-0.4809,0.1279,-0.4997,0.1209,layer_20
signed_diff,col_norm,8,per_ckpt,168B,90,-0.0678,0.7972,-0.0559,0.8322,layer_20
signed_diff,col_norm,8,per_ckpt,199B,90,-0.4156,0.0859,-0.4135,0.0929,layer_20
signed_diff,col_norm,8,per_ckpt,231B,90,0.1254,0.6424,0.1971,0.4795,layer_20
signed_diff,col_norm,8,per_ckpt,262B,90,-0.2572,0.3467,-0.2985,0.2637,layer_20
signed_diff,col_norm,8,per_ckpt,294B,90,-0.0104,0.965,-0.1033,0.7562,layer_20
signed_diff,col_norm,8,per_ckpt,325B,90,0.0814,0.7812,0.0207,0.9421,layer_20
signed_diff,col_norm,8,per_ckpt,352B,90,-0.2806,0.2957,-0.2548,0.3626,layer_20
signed_diff,col_norm,8,per_ckpt,384B,90,-0.1266,0.6613,-0.0922,0.7532,layer_20
signed_diff,col_norm,8,per_ckpt,415B,90,-0.3606,0.1608,-0.3665,0.1678,layer_20
signed_diff,col_norm,8,per_ckpt,447B,90,-0.2149,0.4336,-0.0997,0.7193,layer_20
signed_diff,col_norm,8,per_ckpt,478B,90,-0.388,0.1518,-0.3705,0.1808,layer_20
signed_diff,col_norm,8,per_ckpt,510B,90,-0.1193,0.5564,-0.1335,0.5175,layer_20
signed_diff,col_norm,8,per_ckpt,541B,90,-0.2023,0.4765,-0.1837,0.5245,layer_20
signed_diff,col_norm,8,per_ckpt,573B,90,-0.2516,0.4076,-0.2292,0.4645,layer_20
signed_diff,col_norm,8,per_ckpt,main,90,0.0658,0.8262,0.0834,0.7722,layer_20
min_rankme,row_norm,4,per_ckpt,10B,90,0.0372,0.8172,0.0882,0.5355,layer_20
min_rankme,row_norm,4,per_ckpt,42B,90,0.0284,0.8611,0.0846,0.6244,layer_20
min_rankme,row_norm,4,per_ckpt,73B,90,-0.0758,0.6304,-0.0858,0.6503,layer_20
min_rankme,row_norm,4,per_ckpt,105B,90,-0.079,0.6344,-0.0643,0.6933,layer_20
min_rankme,row_norm,4,per_ckpt,136B,90,-0.2452,0.1329,-0.2079,0.1788,layer_20
min_rankme,row_norm,4,per_ckpt,168B,90,-0.0231,0.8801,-0.048,0.7922,layer_20
min_rankme,row_norm,4,per_ckpt,199B,90,-0.2137,0.2088,-0.3238,0.0809,layer_20
min_rankme,row_norm,4,per_ckpt,231B,90,-0.3228,0.049,-0.2323,0.2068,layer_20
min_rankme,row_norm,4,per_ckpt,262B,90,-0.16,0.3616,-0.2798,0.1369,layer_20
min_rankme,row_norm,4,per_ckpt,294B,90,-0.0212,0.9211,0.0712,0.7253,layer_20
min_rankme,row_norm,4,per_ckpt,325B,90,-0.0317,0.8711,-0.0657,0.7183,layer_20
min_rankme,row_norm,4,per_ckpt,352B,90,0.25,0.1119,0.1954,0.2388,layer_20
min_rankme,row_norm,4,per_ckpt,384B,90,-0.1898,0.0959,-0.2222,0.0709,layer_20
min_rankme,row_norm,4,per_ckpt,415B,90,-0.2458,0.0529,-0.3256,0.033,layer_20
min_rankme,row_norm,4,per_ckpt,447B,90,-0.0787,0.6563,-0.0638,0.6993,layer_20
min_rankme,row_norm,4,per_ckpt,478B,90,-0.2533,0.0899,-0.257,0.0909,layer_20
min_rankme,row_norm,4,per_ckpt,510B,90,0.0714,0.7083,-0.004,0.99,layer_20
min_rankme,row_norm,4,per_ckpt,541B,90,0.0623,0.6663,0.084,0.5125,layer_20
min_rankme,row_norm,4,per_ckpt,573B,90,-0.0064,0.958,-0.0338,0.7932,layer_20
min_rankme,row_norm,4,per_ckpt,main,90,0.0326,0.8222,0.024,0.8961,layer_20
min_rankme,row_norm,8,per_ckpt,10B,90,-0.3382,0.0719,-0.247,0.1728,layer_20
min_rankme,row_norm,8,per_ckpt,42B,90,0.2933,0.0809,0.2583,0.1209,layer_20
min_rankme,row_norm,8,per_ckpt,73B,90,0.1961,0.2807,0.1507,0.3856,layer_20
min_rankme,row_norm,8,per_ckpt,105B,90,-0.0941,0.4016,-0.1169,0.2418,layer_20
min_rankme,row_norm,8,per_ckpt,136B,90,0.2355,0.1538,0.2659,0.1119,layer_20
min_rankme,row_norm,8,per_ckpt,168B,90,-0.2112,0.2408,-0.18,0.3447,layer_20
min_rankme,row_norm,8,per_ckpt,199B,90,0.0592,0.6973,0.1228,0.4066,layer_20
min_rankme,row_norm,8,per_ckpt,231B,90,-0.1974,0.2897,-0.1523,0.4965,layer_20
min_rankme,row_norm,8,per_ckpt,262B,90,-0.2164,0.1518,-0.2553,0.0709,layer_20
min_rankme,row_norm,8,per_ckpt,294B,90,-0.1906,0.1259,-0.1322,0.3037,layer_20
min_rankme,row_norm,8,per_ckpt,325B,90,0.1119,0.3347,0.1721,0.0849,layer_20
min_rankme,row_norm,8,per_ckpt,352B,90,-0.0933,0.4905,-0.0946,0.4875,layer_20
min_rankme,row_norm,8,per_ckpt,384B,90,-0.0082,0.962,-0.0238,0.9081,layer_20
min_rankme,row_norm,8,per_ckpt,415B,90,0.2564,0.1149,0.2355,0.1199,layer_20
min_rankme,row_norm,8,per_ckpt,447B,90,0.1349,0.1948,0.201,0.0759,layer_20
min_rankme,row_norm,8,per_ckpt,478B,90,0.1306,0.3027,0.1321,0.3027,layer_20
min_rankme,row_norm,8,per_ckpt,510B,90,-0.1878,0.2997,-0.1627,0.3287,layer_20
min_rankme,row_norm,8,per_ckpt,541B,90,0.0069,0.968,-0.0743,0.5884,layer_20
min_rankme,row_norm,8,per_ckpt,573B,90,0.0955,0.5504,0.0706,0.6284,layer_20
min_rankme,row_norm,8,per_ckpt,main,90,-0.1235,0.2847,-0.1372,0.2767,layer_20
min_rankme,col_norm,4,per_ckpt,10B,90,0.0355,0.6464,0.0593,0.4645,layer_20
min_rankme,col_norm,4,per_ckpt,42B,90,0.0126,0.8362,0.0391,0.5794,layer_20
min_rankme,col_norm,4,per_ckpt,73B,90,-0.0324,0.7822,-0.0532,0.6833,layer_20
min_rankme,col_norm,4,per_ckpt,105B,90,-0.0321,0.7403,-0.0436,0.6903,layer_20
min_rankme,col_norm,4,per_ckpt,136B,90,-0.1749,0.1508,-0.1788,0.1718,layer_20
min_rankme,col_norm,4,per_ckpt,168B,90,0.0088,0.9271,-0.0259,0.8232,layer_20
min_rankme,col_norm,4,per_ckpt,199B,90,-0.1493,0.1598,-0.218,0.0799,layer_20
min_rankme,col_norm,4,per_ckpt,231B,90,-0.1416,0.0709,-0.1058,0.2637,layer_20
min_rankme,col_norm,4,per_ckpt,262B,90,-0.1584,0.3377,-0.2487,0.1419,layer_20
min_rankme,col_norm,4,per_ckpt,294B,90,0.0206,0.8831,0.0556,0.7273,layer_20
min_rankme,col_norm,4,per_ckpt,325B,90,-0.0143,0.9311,-0.0468,0.7133,layer_20
min_rankme,col_norm,4,per_ckpt,352B,90,0.1933,0.0969,0.1303,0.2567,layer_20
min_rankme,col_norm,4,per_ckpt,384B,90,-0.1625,0.0959,-0.1867,0.0769,layer_20
min_rankme,col_norm,4,per_ckpt,415B,90,-0.2385,0.0589,-0.3044,0.035,layer_20
min_rankme,col_norm,4,per_ckpt,447B,90,-0.0631,0.6474,-0.0455,0.7183,layer_20
min_rankme,col_norm,4,per_ckpt,478B,90,-0.2301,0.0829,-0.2232,0.1099,layer_20
min_rankme,col_norm,4,per_ckpt,510B,90,0.0163,0.8881,0.0066,0.962,layer_20
min_rankme,col_norm,4,per_ckpt,541B,90,0.08,0.5325,0.0787,0.5405,layer_20
min_rankme,col_norm,4,per_ckpt,573B,90,0.0045,0.961,-0.0266,0.7572,layer_20
min_rankme,col_norm,4,per_ckpt,main,90,0.0389,0.6883,0.0207,0.8452,layer_20
min_rankme,col_norm,8,per_ckpt,10B,90,-0.2517,0.0599,-0.2007,0.1598,layer_20
min_rankme,col_norm,8,per_ckpt,42B,90,0.1486,0.1239,0.1618,0.1319,layer_20
min_rankme,col_norm,8,per_ckpt,73B,90,0.1724,0.2717,0.1257,0.3846,layer_20
min_rankme,col_norm,8,per_ckpt,105B,90,-0.0669,0.5724,-0.1312,0.2418,layer_20
min_rankme,col_norm,8,per_ckpt,136B,90,0.105,0.2198,0.1205,0.1069,layer_20
min_rankme,col_norm,8,per_ckpt,168B,90,-0.1087,0.3656,-0.1153,0.3367,layer_20
min_rankme,col_norm,8,per_ckpt,199B,90,0.0423,0.7682,0.1198,0.3886,layer_20
min_rankme,col_norm,8,per_ckpt,231B,90,-0.1302,0.4036,-0.1258,0.4945,layer_20
min_rankme,col_norm,8,per_ckpt,262B,90,-0.198,0.0849,-0.2106,0.0679,layer_20
min_rankme,col_norm,8,per_ckpt,294B,90,-0.0728,0.2707,-0.0363,0.5485,layer_20
min_rankme,col_norm,8,per_ckpt,325B,90,0.0856,0.3796,0.1401,0.0729,layer_20
min_rankme,col_norm,8,per_ckpt,352B,90,-0.0366,0.7193,-0.0726,0.4915,layer_20
min_rankme,col_norm,8,per_ckpt,384B,90,-0.0115,0.9321,-0.0182,0.9081,layer_20
min_rankme,col_norm,8,per_ckpt,415B,90,0.1855,0.1568,0.191,0.1219,layer_20
min_rankme,col_norm,8,per_ckpt,447B,90,0.1076,0.1349,0.1525,0.0709,layer_20
min_rankme,col_norm,8,per_ckpt,478B,90,0.1038,0.3177,0.1151,0.3137,layer_20
min_rankme,col_norm,8,per_ckpt,510B,90,-0.1532,0.3616,-0.1594,0.3317,layer_20
min_rankme,col_norm,8,per_ckpt,541B,90,-0.0128,0.9091,-0.0574,0.5764,layer_20
min_rankme,col_norm,8,per_ckpt,573B,90,0.0404,0.6334,0.04,0.6244,layer_20
min_rankme,col_norm,8,per_ckpt,main,90,-0.0872,0.3506,-0.0985,0.3087,layer_20
norm_asym,row_norm,4,per_ckpt,10B,90,0.0136,0.9451,0.0184,0.9211,layer_20
norm_asym,row_norm,4,per_ckpt,42B,90,-0.0146,0.9361,-0.0206,0.8931,layer_20
norm_asym,row_norm,4,per_ckpt,73B,90,-0.3811,0.0619,-0.3953,0.049,layer_20
norm_asym,row_norm,4,per_ckpt,105B,90,-0.221,0.3516,-0.2466,0.2947,layer_20
norm_asym,row_norm,4,per_ckpt,136B,90,-0.119,0.6004,-0.0875,0.7003,layer_20
norm_asym,row_norm,4,per_ckpt,168B,90,-0.1927,0.3636,-0.1853,0.4486,layer_20
norm_asym,row_norm,4,per_ckpt,199B,90,-0.1544,0.4865,-0.2307,0.3267,layer_20
norm_asym,row_norm,4,per_ckpt,231B,90,-0.4182,0.018,-0.4638,0.016,layer_20
norm_asym,row_norm,4,per_ckpt,262B,90,-0.1209,0.5914,-0.4138,0.0969,layer_20
norm_asym,row_norm,4,per_ckpt,294B,90,0.1107,0.6154,0.1251,0.5954,layer_20
norm_asym,row_norm,4,per_ckpt,325B,90,0.0308,0.8711,-0.0596,0.7882,layer_20
norm_asym,row_norm,4,per_ckpt,352B,90,0.1762,0.3786,0.1409,0.4426,layer_20
norm_asym,row_norm,4,per_ckpt,384B,90,-0.3388,0.1359,-0.352,0.1329,layer_20
norm_asym,row_norm,4,per_ckpt,415B,90,-0.2337,0.3616,-0.334,0.1818,layer_20
norm_asym,row_norm,4,per_ckpt,447B,90,-0.0422,0.8831,-0.105,0.7103,layer_20
norm_asym,row_norm,4,per_ckpt,478B,90,-0.0567,0.8072,-0.09,0.7582,layer_20
norm_asym,row_norm,4,per_ckpt,510B,90,-0.0294,0.7483,-0.0414,0.6783,layer_20
norm_asym,row_norm,4,per_ckpt,541B,90,0.0076,0.976,0.0484,0.8561,layer_20
norm_asym,row_norm,4,per_ckpt,573B,90,-0.0562,0.8082,-0.0035,0.993,layer_20
norm_asym,row_norm,4,per_ckpt,main,90,-0.0076,0.971,0.0099,0.951,layer_20
norm_asym,row_norm,8,per_ckpt,10B,90,-0.0974,0.5704,-0.199,0.2517,layer_20
norm_asym,row_norm,8,per_ckpt,42B,90,0.0189,0.8921,0.0322,0.8362,layer_20
norm_asym,row_norm,8,per_ckpt,73B,90,-0.1152,0.6024,-0.1068,0.6434,layer_20
norm_asym,row_norm,8,per_ckpt,105B,90,-0.1644,0.5305,-0.2074,0.4126,layer_20
norm_asym,row_norm,8,per_ckpt,136B,90,0.254,0.1798,0.2744,0.1828,layer_20
norm_asym,row_norm,8,per_ckpt,168B,90,-0.0215,0.8531,0.0229,0.8761,layer_20
norm_asym,row_norm,8,per_ckpt,199B,90,0.2535,0.2667,0.3229,0.1658,layer_20
norm_asym,row_norm,8,per_ckpt,231B,90,-0.4151,0.025,-0.3259,0.1259,layer_20
norm_asym,row_norm,8,per_ckpt,262B,90,-0.0085,0.975,0.0964,0.8012,layer_20
norm_asym,row_norm,8,per_ckpt,294B,90,0.2713,0.1139,0.2331,0.1948,layer_20
norm_asym,row_norm,8,per_ckpt,325B,90,0.2183,0.3746,0.1537,0.5175,layer_20
norm_asym,row_norm,8,per_ckpt,352B,90,-0.1411,0.5215,-0.1458,0.5015,layer_20
norm_asym,row_norm,8,per_ckpt,384B,90,0.069,0.7572,0.0993,0.7023,layer_20
norm_asym,row_norm,8,per_ckpt,415B,90,0.0389,0.8591,0.0992,0.6573,layer_20
norm_asym,row_norm,8,per_ckpt,447B,90,-0.0202,0.9331,0.1198,0.5295,layer_20
norm_asym,row_norm,8,per_ckpt,478B,90,0.2911,0.2158,0.2726,0.2637,layer_20
norm_asym,row_norm,8,per_ckpt,510B,90,-0.2661,0.1469,-0.2367,0.2118,layer_20
norm_asym,row_norm,8,per_ckpt,541B,90,0.0472,0.8162,0.0909,0.6893,layer_20
norm_asym,row_norm,8,per_ckpt,573B,90,0.0664,0.7552,0.0849,0.6993,layer_20
norm_asym,row_norm,8,per_ckpt,main,90,-0.1578,0.4735,-0.1223,0.5774,layer_20
norm_asym,col_norm,4,per_ckpt,10B,90,-0.1404,0.6204,-0.1645,0.5684,layer_20
norm_asym,col_norm,4,per_ckpt,42B,90,-0.1403,0.6543,-0.1162,0.7063,layer_20
norm_asym,col_norm,4,per_ckpt,73B,90,-0.108,0.7223,-0.0969,0.7532,layer_20
norm_asym,col_norm,4,per_ckpt,105B,90,-0.1824,0.5544,-0.2177,0.5035,layer_20
norm_asym,col_norm,4,per_ckpt,136B,90,-0.3651,0.1778,-0.3705,0.1798,layer_20
norm_asym,col_norm,4,per_ckpt,168B,90,-0.4019,0.1618,-0.2993,0.3596,layer_20
norm_asym,col_norm,4,per_ckpt,199B,90,0.0555,0.8551,0.1587,0.6184,layer_20
norm_asym,col_norm,4,per_ckpt,231B,90,0.3177,0.2997,0.1424,0.5884,layer_20
norm_asym,col_norm,4,per_ckpt,262B,90,0.03,0.9131,0.112,0.5884,layer_20
norm_asym,col_norm,4,per_ckpt,294B,90,-0.277,0.3147,-0.2517,0.3836,layer_20
norm_asym,col_norm,4,per_ckpt,325B,90,-0.0041,0.993,0.1118,0.6853,layer_20
norm_asym,col_norm,4,per_ckpt,352B,90,-0.474,0.0949,-0.4555,0.1059,layer_20
norm_asym,col_norm,4,per_ckpt,384B,90,0.0909,0.7552,0.1671,0.5844,layer_20
norm_asym,col_norm,4,per_ckpt,415B,90,0.1732,0.5135,0.1726,0.5315,layer_20
norm_asym,col_norm,4,per_ckpt,447B,90,-0.0456,0.8541,0.0682,0.8052,layer_20
norm_asym,col_norm,4,per_ckpt,478B,90,-0.1429,0.6214,-0.0959,0.7652,layer_20
norm_asym,col_norm,4,per_ckpt,510B,90,-0.1036,0.7133,-0.0481,0.8651,layer_20
norm_asym,col_norm,4,per_ckpt,541B,90,-0.0291,0.9001,0.0294,0.9071,layer_20
norm_asym,col_norm,4,per_ckpt,573B,90,-0.5543,0.05,-0.4701,0.1059,layer_20
norm_asym,col_norm,4,per_ckpt,main,90,-0.0703,0.7982,-0.0605,0.8222,layer_20
norm_asym,col_norm,8,per_ckpt,10B,90,-0.1162,0.6384,-0.1032,0.6763,layer_20
norm_asym,col_norm,8,per_ckpt,42B,90,-0.5015,0.0539,-0.4601,0.0779,layer_20
norm_asym,col_norm,8,per_ckpt,73B,90,-0.0834,0.7652,-0.1288,0.6523,layer_20
norm_asym,col_norm,8,per_ckpt,105B,90,-0.2145,0.4166,-0.1851,0.4955,layer_20
norm_asym,col_norm,8,per_ckpt,136B,90,-0.3638,0.2498,-0.282,0.4296,layer_20
norm_asym,col_norm,8,per_ckpt,168B,90,-0.0098,0.962,0.0854,0.7522,layer_20
norm_asym,col_norm,8,per_ckpt,199B,90,-0.436,0.0699,-0.4119,0.1089,layer_20
norm_asym,col_norm,8,per_ckpt,231B,90,0.1546,0.5534,0.3155,0.2517,layer_20
norm_asym,col_norm,8,per_ckpt,262B,90,-0.2642,0.3267,-0.352,0.1888,layer_20
norm_asym,col_norm,8,per_ckpt,294B,90,0.0321,0.9131,-0.0288,0.9301,layer_20
norm_asym,col_norm,8,per_ckpt,325B,90,0.0859,0.7692,0.0761,0.7522,layer_20
norm_asym,col_norm,8,per_ckpt,352B,90,-0.2851,0.3017,-0.2264,0.4156,layer_20
norm_asym,col_norm,8,per_ckpt,384B,90,-0.1607,0.5794,-0.1207,0.6703,layer_20
norm_asym,col_norm,8,per_ckpt,415B,90,-0.3545,0.1548,-0.346,0.1768,layer_20
norm_asym,col_norm,8,per_ckpt,447B,90,-0.2296,0.4066,-0.0843,0.7483,layer_20
norm_asym,col_norm,8,per_ckpt,478B,90,-0.4005,0.1289,-0.3623,0.1838,layer_20
norm_asym,col_norm,8,per_ckpt,510B,90,-0.1617,0.4286,-0.1734,0.4046,layer_20
norm_asym,col_norm,8,per_ckpt,541B,90,-0.1828,0.5205,-0.1003,0.7263,layer_20
norm_asym,col_norm,8,per_ckpt,573B,90,-0.2334,0.4336,-0.1804,0.5375,layer_20
norm_asym,col_norm,8,per_ckpt,main,90,0.0243,0.9311,0.0165,0.9411,layer_20
abs_diff,row_norm,4,pooled,,1800,-0.0222,0.3467,-0.0157,0.5056,layer_21
abs_diff,row_norm,8,pooled,,1800,-0.05,0.0338,-0.0342,0.1465,layer_21
abs_diff,col_norm,4,pooled,,1800,-0.0146,0.5367,-0.0095,0.6865,layer_21
abs_diff,col_norm,8,pooled,,1800,-0.0343,0.1462,-0.0254,0.282,layer_21
signed_diff,row_norm,4,pooled,,1800,-0.0653,0.0056,-0.0373,0.1141,layer_21
signed_diff,row_norm,8,pooled,,1800,-0.0052,0.8258,-0.0301,0.2018,layer_21
signed_diff,col_norm,4,pooled,,1800,-0.1222,0.0,-0.094,0.0001,layer_21
signed_diff,col_norm,8,pooled,,1800,-0.1877,0.0,-0.1621,0.0,layer_21
min_rankme,row_norm,4,pooled,,1800,-0.1534,0.0,-0.0979,0.0,layer_21
min_rankme,row_norm,8,pooled,,1800,-0.023,0.3288,-0.029,0.2189,layer_21
min_rankme,col_norm,4,pooled,,1800,-0.1034,0.0,-0.0663,0.0049,layer_21
min_rankme,col_norm,8,pooled,,1800,-0.0179,0.4467,-0.0218,0.3559,layer_21
norm_asym,row_norm,4,pooled,,1800,-0.0961,0.0,-0.126,0.0,layer_21
norm_asym,row_norm,8,pooled,,1800,0.0151,0.5225,0.0241,0.3067,layer_21
norm_asym,col_norm,4,pooled,,1800,-0.1134,0.0,-0.0916,0.0001,layer_21
norm_asym,col_norm,8,pooled,,1800,-0.1786,0.0,-0.1408,0.0,layer_21
abs_diff,row_norm,4,per_ckpt,10B,90,0.2247,0.017,0.2101,0.044,layer_21
abs_diff,row_norm,4,per_ckpt,42B,90,0.2405,0.031,0.1829,0.1249,layer_21
abs_diff,row_norm,4,per_ckpt,73B,90,0.0924,0.3367,0.0841,0.3956,layer_21
abs_diff,row_norm,4,per_ckpt,105B,90,0.1675,0.1239,0.2024,0.0849,layer_21
abs_diff,row_norm,4,per_ckpt,136B,90,0.2206,0.024,0.2362,0.034,layer_21
abs_diff,row_norm,4,per_ckpt,168B,90,0.1281,0.2567,0.1776,0.1419,layer_21
abs_diff,row_norm,4,per_ckpt,199B,90,0.2355,0.0789,0.2645,0.0829,layer_21
abs_diff,row_norm,4,per_ckpt,231B,90,0.124,0.4346,0.1098,0.5345,layer_21
abs_diff,row_norm,4,per_ckpt,262B,90,0.204,0.1359,0.3352,0.021,layer_21
abs_diff,row_norm,4,per_ckpt,294B,90,-0.0298,0.8072,-0.0449,0.7333,layer_21
abs_diff,row_norm,4,per_ckpt,325B,90,0.1776,0.2348,0.1907,0.2178,layer_21
abs_diff,row_norm,4,per_ckpt,352B,90,-0.0869,0.5495,-0.0652,0.6873,layer_21
abs_diff,row_norm,4,per_ckpt,384B,90,0.0377,0.7602,0.0519,0.6673,layer_21
abs_diff,row_norm,4,per_ckpt,415B,90,0.0688,0.5315,0.1001,0.4006,layer_21
abs_diff,row_norm,4,per_ckpt,447B,90,0.2074,0.1618,0.1698,0.2797,layer_21
abs_diff,row_norm,4,per_ckpt,478B,90,0.2814,0.022,0.3023,0.018,layer_21
abs_diff,row_norm,4,per_ckpt,510B,90,0.0282,0.8731,0.0542,0.7622,layer_21
abs_diff,row_norm,4,per_ckpt,541B,90,-0.0676,0.5664,-0.034,0.7832,layer_21
abs_diff,row_norm,4,per_ckpt,573B,90,0.0586,0.5495,0.0811,0.4136,layer_21
abs_diff,row_norm,4,per_ckpt,main,90,0.2275,0.0959,0.23,0.0979,layer_21
abs_diff,row_norm,8,per_ckpt,10B,90,0.1095,0.3776,0.1159,0.3836,layer_21
abs_diff,row_norm,8,per_ckpt,42B,90,0.0386,0.7483,0.0237,0.8571,layer_21
abs_diff,row_norm,8,per_ckpt,73B,90,-0.2515,0.012,-0.2905,0.003,layer_21
abs_diff,row_norm,8,per_ckpt,105B,90,0.1307,0.0909,0.1088,0.1698,layer_21
abs_diff,row_norm,8,per_ckpt,136B,90,-0.0404,0.7602,-0.0143,0.9241,layer_21
abs_diff,row_norm,8,per_ckpt,168B,90,0.1597,0.2478,0.1369,0.3447,layer_21
abs_diff,row_norm,8,per_ckpt,199B,90,-0.1506,0.2288,-0.0948,0.4545,layer_21
abs_diff,row_norm,8,per_ckpt,231B,90,0.13,0.4396,0.1295,0.5155,layer_21
abs_diff,row_norm,8,per_ckpt,262B,90,0.165,0.2048,0.2017,0.1588,layer_21
abs_diff,row_norm,8,per_ckpt,294B,90,0.0543,0.6004,0.0393,0.7193,layer_21
abs_diff,row_norm,8,per_ckpt,325B,90,-0.0693,0.5115,-0.102,0.3227,layer_21
abs_diff,row_norm,8,per_ckpt,352B,90,0.1,0.4136,0.083,0.5015,layer_21
abs_diff,row_norm,8,per_ckpt,384B,90,-0.0988,0.5554,-0.0552,0.7183,layer_21
abs_diff,row_norm,8,per_ckpt,415B,90,-0.2941,0.013,-0.2911,0.012,layer_21
abs_diff,row_norm,8,per_ckpt,447B,90,-0.083,0.4456,-0.1682,0.1568,layer_21
abs_diff,row_norm,8,per_ckpt,478B,90,-0.081,0.4166,-0.0921,0.3976,layer_21
abs_diff,row_norm,8,per_ckpt,510B,90,-0.1066,0.4166,-0.1013,0.4635,layer_21
abs_diff,row_norm,8,per_ckpt,541B,90,-0.03,0.8412,0.0197,0.8941,layer_21
abs_diff,row_norm,8,per_ckpt,573B,90,-0.0407,0.7353,0.0234,0.8501,layer_21
abs_diff,row_norm,8,per_ckpt,main,90,-0.0261,0.8242,-0.0406,0.7622,layer_21
abs_diff,col_norm,4,per_ckpt,10B,90,0.1082,0.036,0.1085,0.0609,layer_21
abs_diff,col_norm,4,per_ckpt,42B,90,0.0908,0.038,0.0779,0.1069,layer_21
abs_diff,col_norm,4,per_ckpt,73B,90,0.0458,0.4675,0.0504,0.4466,layer_21
abs_diff,col_norm,4,per_ckpt,105B,90,0.0836,0.2348,0.1309,0.0889,layer_21
abs_diff,col_norm,4,per_ckpt,136B,90,0.2363,0.011,0.2016,0.032,layer_21
abs_diff,col_norm,4,per_ckpt,168B,90,0.0752,0.3696,0.1162,0.1429,layer_21
abs_diff,col_norm,4,per_ckpt,199B,90,0.1623,0.0719,0.1766,0.0799,layer_21
abs_diff,col_norm,4,per_ckpt,231B,90,0.0547,0.4625,0.0429,0.6224,layer_21
abs_diff,col_norm,4,per_ckpt,262B,90,0.2247,0.0579,0.2999,0.021,layer_21
abs_diff,col_norm,4,per_ckpt,294B,90,-0.0349,0.7023,-0.037,0.7203,layer_21
abs_diff,col_norm,4,per_ckpt,325B,90,0.1107,0.2727,0.1365,0.2308,layer_21
abs_diff,col_norm,4,per_ckpt,352B,90,-0.0788,0.4366,-0.0417,0.7083,layer_21
abs_diff,col_norm,4,per_ckpt,384B,90,0.0693,0.4965,0.0429,0.6893,layer_21
abs_diff,col_norm,4,per_ckpt,415B,90,0.0562,0.5934,0.0965,0.3916,layer_21
abs_diff,col_norm,4,per_ckpt,447B,90,0.1711,0.1588,0.1245,0.3037,layer_21
abs_diff,col_norm,4,per_ckpt,478B,90,0.2514,0.018,0.2698,0.018,layer_21
abs_diff,col_norm,4,per_ckpt,510B,90,0.044,0.6094,0.0274,0.7922,layer_21
abs_diff,col_norm,4,per_ckpt,541B,90,-0.09,0.4446,-0.0232,0.8531,layer_21
abs_diff,col_norm,4,per_ckpt,573B,90,0.029,0.6254,0.0611,0.3766,layer_21
abs_diff,col_norm,4,per_ckpt,main,90,0.1286,0.0949,0.1425,0.1079,layer_21
abs_diff,col_norm,8,per_ckpt,10B,90,0.1135,0.2268,0.0956,0.3616,layer_21
abs_diff,col_norm,8,per_ckpt,42B,90,0.0629,0.3826,0.0183,0.8292,layer_21
abs_diff,col_norm,8,per_ckpt,73B,90,-0.2244,0.003,-0.2377,0.003,layer_21
abs_diff,col_norm,8,per_ckpt,105B,90,0.1528,0.0789,0.129,0.1419,layer_21
abs_diff,col_norm,8,per_ckpt,136B,90,-0.0355,0.5385,-0.0004,0.994,layer_21
abs_diff,col_norm,8,per_ckpt,168B,90,0.0904,0.2737,0.0877,0.3377,layer_21
abs_diff,col_norm,8,per_ckpt,199B,90,-0.1066,0.3776,-0.0847,0.4755,layer_21
abs_diff,col_norm,8,per_ckpt,231B,90,0.0699,0.6154,0.1054,0.5235,layer_21
abs_diff,col_norm,8,per_ckpt,262B,90,0.1564,0.1059,0.1657,0.1608,layer_21
abs_diff,col_norm,8,per_ckpt,294B,90,-0.004,0.9311,0.0206,0.6653,layer_21
abs_diff,col_norm,8,per_ckpt,325B,90,-0.0371,0.6673,-0.0879,0.2807,layer_21
abs_diff,col_norm,8,per_ckpt,352B,90,0.0692,0.4486,0.065,0.5145,layer_21
abs_diff,col_norm,8,per_ckpt,384B,90,-0.0347,0.7433,-0.0495,0.6773,layer_21
abs_diff,col_norm,8,per_ckpt,415B,90,-0.2271,0.014,-0.2344,0.016,layer_21
abs_diff,col_norm,8,per_ckpt,447B,90,-0.0551,0.4226,-0.1303,0.1359,layer_21
abs_diff,col_norm,8,per_ckpt,478B,90,-0.0801,0.3556,-0.0779,0.4076,layer_21
abs_diff,col_norm,8,per_ckpt,510B,90,-0.1073,0.4036,-0.1018,0.4515,layer_21
abs_diff,col_norm,8,per_ckpt,541B,90,0.0409,0.7283,0.0156,0.8771,layer_21
abs_diff,col_norm,8,per_ckpt,573B,90,-0.006,0.9311,0.0105,0.8731,layer_21
abs_diff,col_norm,8,per_ckpt,main,90,-0.0204,0.8322,-0.0374,0.7173,layer_21
signed_diff,row_norm,4,per_ckpt,10B,90,0.1484,0.5065,0.1479,0.4955,layer_21
signed_diff,row_norm,4,per_ckpt,42B,90,0.0664,0.6324,0.0731,0.6593,layer_21
signed_diff,row_norm,4,per_ckpt,73B,90,-0.3495,0.1219,-0.3424,0.1329,layer_21
signed_diff,row_norm,4,per_ckpt,105B,90,-0.0874,0.7343,-0.093,0.7143,layer_21
signed_diff,row_norm,4,per_ckpt,136B,90,-0.0821,0.7243,-0.0653,0.7842,layer_21
signed_diff,row_norm,4,per_ckpt,168B,90,-0.1368,0.5385,-0.11,0.6384,layer_21
signed_diff,row_norm,4,per_ckpt,199B,90,-0.1461,0.5105,-0.1929,0.3866,layer_21
signed_diff,row_norm,4,per_ckpt,231B,90,-0.4226,0.02,-0.4608,0.01,layer_21
signed_diff,row_norm,4,per_ckpt,262B,90,-0.1411,0.5295,-0.335,0.1139,layer_21
signed_diff,row_norm,4,per_ckpt,294B,90,0.1295,0.5584,0.1487,0.5235,layer_21
signed_diff,row_norm,4,per_ckpt,325B,90,0.0536,0.7862,0.0575,0.7922,layer_21
signed_diff,row_norm,4,per_ckpt,352B,90,0.1958,0.3526,0.1752,0.4456,layer_21
signed_diff,row_norm,4,per_ckpt,384B,90,-0.269,0.2288,-0.2669,0.2567,layer_21
signed_diff,row_norm,4,per_ckpt,415B,90,-0.2333,0.3676,-0.2931,0.2667,layer_21
signed_diff,row_norm,4,per_ckpt,447B,90,-0.0273,0.9281,-0.0381,0.8851,layer_21
signed_diff,row_norm,4,per_ckpt,478B,90,-0.0108,0.973,-0.0111,0.969,layer_21
signed_diff,row_norm,4,per_ckpt,510B,90,-0.0459,0.6324,-0.047,0.6204,layer_21
signed_diff,row_norm,4,per_ckpt,541B,90,-0.0204,0.9451,-0.0007,0.999,layer_21
signed_diff,row_norm,4,per_ckpt,573B,90,-0.0412,0.8591,-0.0301,0.9041,layer_21
signed_diff,row_norm,4,per_ckpt,main,90,0.0215,0.8981,0.0481,0.7622,layer_21
signed_diff,row_norm,8,per_ckpt,10B,90,-0.0541,0.7702,-0.1208,0.5345,layer_21
signed_diff,row_norm,8,per_ckpt,42B,90,0.0079,0.96,0.0305,0.8322,layer_21
signed_diff,row_norm,8,per_ckpt,73B,90,-0.1862,0.3786,-0.2127,0.3487,layer_21
signed_diff,row_norm,8,per_ckpt,105B,90,-0.0758,0.7842,-0.1595,0.6114,layer_21
signed_diff,row_norm,8,per_ckpt,136B,90,0.1945,0.3317,0.195,0.3556,layer_21
signed_diff,row_norm,8,per_ckpt,168B,90,-0.0102,0.9401,0.0001,0.999,layer_21
signed_diff,row_norm,8,per_ckpt,199B,90,0.25,0.2817,0.2573,0.2657,layer_21
signed_diff,row_norm,8,per_ckpt,231B,90,-0.4201,0.025,-0.405,0.035,layer_21
signed_diff,row_norm,8,per_ckpt,262B,90,0.0287,0.9161,0.0877,0.7363,layer_21
signed_diff,row_norm,8,per_ckpt,294B,90,0.2387,0.1808,0.1967,0.2797,layer_21
signed_diff,row_norm,8,per_ckpt,325B,90,0.2154,0.3836,0.1895,0.4565,layer_21
signed_diff,row_norm,8,per_ckpt,352B,90,-0.108,0.6224,-0.1072,0.6324,layer_21
signed_diff,row_norm,8,per_ckpt,384B,90,0.0313,0.8841,0.0278,0.8901,layer_21
signed_diff,row_norm,8,per_ckpt,415B,90,0.0053,0.977,0.034,0.8821,layer_21
signed_diff,row_norm,8,per_ckpt,447B,90,-0.0107,0.971,0.098,0.6424,layer_21
signed_diff,row_norm,8,per_ckpt,478B,90,0.2941,0.2308,0.2729,0.2498,layer_21
signed_diff,row_norm,8,per_ckpt,510B,90,-0.3071,0.0879,-0.3266,0.0619,layer_21
signed_diff,row_norm,8,per_ckpt,541B,90,0.031,0.8801,0.0587,0.7882,layer_21
signed_diff,row_norm,8,per_ckpt,573B,90,0.0745,0.7383,0.0765,0.7512,layer_21
signed_diff,row_norm,8,per_ckpt,main,90,-0.2166,0.3197,-0.2348,0.2827,layer_21
signed_diff,col_norm,4,per_ckpt,10B,90,-0.2183,0.4695,-0.2205,0.4635,layer_21
signed_diff,col_norm,4,per_ckpt,42B,90,-0.1184,0.7133,-0.0979,0.7692,layer_21
signed_diff,col_norm,4,per_ckpt,73B,90,-0.0602,0.8561,-0.0386,0.9161,layer_21
signed_diff,col_norm,4,per_ckpt,105B,90,-0.1452,0.6234,-0.1552,0.6114,layer_21
signed_diff,col_norm,4,per_ckpt,136B,90,-0.3616,0.1938,-0.3863,0.1728,layer_21
signed_diff,col_norm,4,per_ckpt,168B,90,-0.4382,0.1199,-0.4064,0.1658,layer_21
signed_diff,col_norm,4,per_ckpt,199B,90,0.012,0.975,0.0192,0.9391,layer_21
signed_diff,col_norm,4,per_ckpt,231B,90,0.2933,0.3516,0.2339,0.4715,layer_21
signed_diff,col_norm,4,per_ckpt,262B,90,0.0422,0.8611,0.0497,0.8292,layer_21
signed_diff,col_norm,4,per_ckpt,294B,90,-0.3226,0.2418,-0.3194,0.2567,layer_21
signed_diff,col_norm,4,per_ckpt,325B,90,-0.0219,0.9331,-0.0033,0.988,layer_21
signed_diff,col_norm,4,per_ckpt,352B,90,-0.4671,0.0979,-0.4379,0.1259,layer_21
signed_diff,col_norm,4,per_ckpt,384B,90,0.0418,0.8801,0.0602,0.8332,layer_21
signed_diff,col_norm,4,per_ckpt,415B,90,0.1402,0.5934,0.1531,0.5674,layer_21
signed_diff,col_norm,4,per_ckpt,447B,90,-0.0509,0.8452,0.011,0.968,layer_21
signed_diff,col_norm,4,per_ckpt,478B,90,-0.1672,0.5714,-0.1626,0.5974,layer_21
signed_diff,col_norm,4,per_ckpt,510B,90,-0.1313,0.6444,-0.1469,0.6114,layer_21
signed_diff,col_norm,4,per_ckpt,541B,90,-0.0286,0.8941,-0.0135,0.95,layer_21
signed_diff,col_norm,4,per_ckpt,573B,90,-0.5582,0.0509,-0.5376,0.0559,layer_21
signed_diff,col_norm,4,per_ckpt,main,90,-0.023,0.9271,-0.0054,0.976,layer_21
signed_diff,col_norm,8,per_ckpt,10B,90,-0.2495,0.3447,-0.2249,0.3856,layer_21
signed_diff,col_norm,8,per_ckpt,42B,90,-0.5885,0.02,-0.549,0.04,layer_21
signed_diff,col_norm,8,per_ckpt,73B,90,-0.1028,0.7123,-0.1397,0.6324,layer_21
signed_diff,col_norm,8,per_ckpt,105B,90,-0.3082,0.2018,-0.3096,0.2118,layer_21
signed_diff,col_norm,8,per_ckpt,136B,90,-0.4746,0.1329,-0.4918,0.1249,layer_21
signed_diff,col_norm,8,per_ckpt,168B,90,-0.064,0.8052,-0.0501,0.8511,layer_21
signed_diff,col_norm,8,per_ckpt,199B,90,-0.4156,0.0899,-0.4117,0.0949,layer_21
signed_diff,col_norm,8,per_ckpt,231B,90,0.1333,0.6194,0.1977,0.4805,layer_21
signed_diff,col_norm,8,per_ckpt,262B,90,-0.2772,0.3077,-0.3096,0.2438,layer_21
signed_diff,col_norm,8,per_ckpt,294B,90,-0.0174,0.956,-0.0889,0.7902,layer_21
signed_diff,col_norm,8,per_ckpt,325B,90,0.0869,0.7672,0.0379,0.9021,layer_21
signed_diff,col_norm,8,per_ckpt,352B,90,-0.2956,0.2677,-0.2616,0.3526,layer_21
signed_diff,col_norm,8,per_ckpt,384B,90,-0.136,0.6364,-0.103,0.7233,layer_21
signed_diff,col_norm,8,per_ckpt,415B,90,-0.338,0.1868,-0.3404,0.1938,layer_21
signed_diff,col_norm,8,per_ckpt,447B,90,-0.228,0.4126,-0.1135,0.6863,layer_21
signed_diff,col_norm,8,per_ckpt,478B,90,-0.4093,0.1259,-0.3819,0.1638,layer_21
signed_diff,col_norm,8,per_ckpt,510B,90,-0.1175,0.5694,-0.1373,0.5085,layer_21
signed_diff,col_norm,8,per_ckpt,541B,90,-0.191,0.5015,-0.1747,0.5375,layer_21
signed_diff,col_norm,8,per_ckpt,573B,90,-0.2461,0.4146,-0.2268,0.4685,layer_21
signed_diff,col_norm,8,per_ckpt,main,90,0.0967,0.7313,0.1129,0.6973,layer_21
min_rankme,row_norm,4,per_ckpt,10B,90,0.0284,0.8631,0.0843,0.5544,layer_21
min_rankme,row_norm,4,per_ckpt,42B,90,0.0284,0.8611,0.0818,0.6384,layer_21
min_rankme,row_norm,4,per_ckpt,73B,90,-0.0758,0.6304,-0.0884,0.6404,layer_21
min_rankme,row_norm,4,per_ckpt,105B,90,-0.0465,0.7842,-0.0581,0.7223,layer_21
min_rankme,row_norm,4,per_ckpt,136B,90,-0.2333,0.1538,-0.2147,0.1708,layer_21
min_rankme,row_norm,4,per_ckpt,168B,90,-0.0231,0.8801,-0.0458,0.7952,layer_21
min_rankme,row_norm,4,per_ckpt,199B,90,-0.2249,0.1788,-0.3183,0.0789,layer_21
min_rankme,row_norm,4,per_ckpt,231B,90,-0.3228,0.049,-0.2544,0.1558,layer_21
min_rankme,row_norm,4,per_ckpt,262B,90,-0.2092,0.2118,-0.286,0.1329,layer_21
min_rankme,row_norm,4,per_ckpt,294B,90,-0.0556,0.7622,0.0749,0.7133,layer_21
min_rankme,row_norm,4,per_ckpt,325B,90,0.0366,0.8561,-0.0591,0.7413,layer_21
min_rankme,row_norm,4,per_ckpt,352B,90,0.2467,0.1129,0.1959,0.2388,layer_21
min_rankme,row_norm,4,per_ckpt,384B,90,-0.1778,0.1249,-0.2104,0.0899,layer_21
min_rankme,row_norm,4,per_ckpt,415B,90,-0.2458,0.0529,-0.3316,0.033,layer_21
min_rankme,row_norm,4,per_ckpt,447B,90,-0.0109,0.959,-0.0525,0.7363,layer_21
min_rankme,row_norm,4,per_ckpt,478B,90,-0.2538,0.0979,-0.2524,0.1039,layer_21
min_rankme,row_norm,4,per_ckpt,510B,90,0.0157,0.9251,-0.0047,0.988,layer_21
min_rankme,row_norm,4,per_ckpt,541B,90,0.0623,0.6663,0.0825,0.5215,layer_21
min_rankme,row_norm,4,per_ckpt,573B,90,-0.0064,0.958,-0.0342,0.7862,layer_21
min_rankme,row_norm,4,per_ckpt,main,90,0.0326,0.8222,0.0129,0.9401,layer_21
min_rankme,row_norm,8,per_ckpt,10B,90,-0.2643,0.1788,-0.2544,0.1508,layer_21
min_rankme,row_norm,8,per_ckpt,42B,90,0.2933,0.0809,0.2586,0.1209,layer_21
min_rankme,row_norm,8,per_ckpt,73B,90,0.1961,0.2807,0.1557,0.3776,layer_21
min_rankme,row_norm,8,per_ckpt,105B,90,-0.095,0.4026,-0.112,0.2697,layer_21
min_rankme,row_norm,8,per_ckpt,136B,90,0.2422,0.1409,0.2627,0.1229,layer_21
min_rankme,row_norm,8,per_ckpt,168B,90,-0.2112,0.2408,-0.1912,0.3117,layer_21
min_rankme,row_norm,8,per_ckpt,199B,90,0.0584,0.7123,0.1127,0.4515,layer_21
min_rankme,row_norm,8,per_ckpt,231B,90,-0.1974,0.2897,-0.1779,0.4106,layer_21
min_rankme,row_norm,8,per_ckpt,262B,90,-0.1819,0.2398,-0.2499,0.0849,layer_21
min_rankme,row_norm,8,per_ckpt,294B,90,-0.1193,0.3327,-0.1279,0.3217,layer_21
min_rankme,row_norm,8,per_ckpt,325B,90,0.1605,0.1249,0.178,0.0709,layer_21
min_rankme,row_norm,8,per_ckpt,352B,90,-0.1203,0.3806,-0.0924,0.4965,layer_21
min_rankme,row_norm,8,per_ckpt,384B,90,-0.04,0.8362,-0.0264,0.8871,layer_21
min_rankme,row_norm,8,per_ckpt,415B,90,0.2564,0.1149,0.2432,0.1069,layer_21
min_rankme,row_norm,8,per_ckpt,447B,90,0.1544,0.1528,0.2009,0.0769,layer_21
min_rankme,row_norm,8,per_ckpt,478B,90,0.1183,0.3506,0.1284,0.3127,layer_21
min_rankme,row_norm,8,per_ckpt,510B,90,-0.1899,0.2917,-0.1569,0.3417,layer_21
min_rankme,row_norm,8,per_ckpt,541B,90,0.0069,0.968,-0.0748,0.5874,layer_21
min_rankme,row_norm,8,per_ckpt,573B,90,0.0955,0.5504,0.0693,0.6354,layer_21
min_rankme,row_norm,8,per_ckpt,main,90,-0.1235,0.2847,-0.1385,0.2767,layer_21
min_rankme,col_norm,4,per_ckpt,10B,90,0.0296,0.7153,0.0571,0.4785,layer_21
min_rankme,col_norm,4,per_ckpt,42B,90,0.0126,0.8362,0.0379,0.5894,layer_21
min_rankme,col_norm,4,per_ckpt,73B,90,-0.0324,0.7822,-0.0548,0.6673,layer_21
min_rankme,col_norm,4,per_ckpt,105B,90,-0.0209,0.8392,-0.0396,0.7193,layer_21
min_rankme,col_norm,4,per_ckpt,136B,90,-0.174,0.1618,-0.1845,0.1598,layer_21
min_rankme,col_norm,4,per_ckpt,168B,90,0.0088,0.9271,-0.0246,0.8262,layer_21
min_rankme,col_norm,4,per_ckpt,199B,90,-0.1565,0.1439,-0.2143,0.0799,layer_21
min_rankme,col_norm,4,per_ckpt,231B,90,-0.1416,0.0709,-0.1155,0.2248,layer_21
min_rankme,col_norm,4,per_ckpt,262B,90,-0.213,0.1748,-0.2541,0.1359,layer_21
min_rankme,col_norm,4,per_ckpt,294B,90,-0.0127,0.9391,0.0585,0.7203,layer_21
min_rankme,col_norm,4,per_ckpt,325B,90,0.029,0.8452,-0.0418,0.7453,layer_21
min_rankme,col_norm,4,per_ckpt,352B,90,0.1896,0.0969,0.1307,0.2537,layer_21
min_rankme,col_norm,4,per_ckpt,384B,90,-0.1452,0.1329,-0.1765,0.0949,layer_21
min_rankme,col_norm,4,per_ckpt,415B,90,-0.2385,0.0589,-0.3105,0.034,layer_21
min_rankme,col_norm,4,per_ckpt,447B,90,-0.0183,0.9081,-0.0367,0.7742,layer_21
min_rankme,col_norm,4,per_ckpt,478B,90,-0.2301,0.0779,-0.2193,0.1159,layer_21
min_rankme,col_norm,4,per_ckpt,510B,90,-0.0094,0.9201,0.006,0.967,layer_21
min_rankme,col_norm,4,per_ckpt,541B,90,0.08,0.5325,0.0771,0.5524,layer_21
min_rankme,col_norm,4,per_ckpt,573B,90,0.0045,0.961,-0.0268,0.7622,layer_21
min_rankme,col_norm,4,per_ckpt,main,90,0.0389,0.6883,0.0135,0.9021,layer_21
min_rankme,col_norm,8,per_ckpt,10B,90,-0.2085,0.1489,-0.2067,0.1419,layer_21
min_rankme,col_norm,8,per_ckpt,42B,90,0.1486,0.1239,0.162,0.1299,layer_21
min_rankme,col_norm,8,per_ckpt,73B,90,0.1724,0.2717,0.1298,0.3706,layer_21
min_rankme,col_norm,8,per_ckpt,105B,90,-0.0308,0.7852,-0.1263,0.2617,layer_21
min_rankme,col_norm,8,per_ckpt,136B,90,0.106,0.2018,0.1188,0.1139,layer_21
min_rankme,col_norm,8,per_ckpt,168B,90,-0.1087,0.3656,-0.1221,0.3047,layer_21
min_rankme,col_norm,8,per_ckpt,199B,90,0.0393,0.7902,0.1103,0.4306,layer_21
min_rankme,col_norm,8,per_ckpt,231B,90,-0.1302,0.4036,-0.1471,0.4036,layer_21
min_rankme,col_norm,8,per_ckpt,262B,90,-0.183,0.1169,-0.2054,0.0859,layer_21
min_rankme,col_norm,8,per_ckpt,294B,90,-0.0317,0.6004,-0.0347,0.5664,layer_21
min_rankme,col_norm,8,per_ckpt,325B,90,0.1218,0.1808,0.1449,0.0629,layer_21
min_rankme,col_norm,8,per_ckpt,352B,90,-0.0593,0.5604,-0.0708,0.5055,layer_21
min_rankme,col_norm,8,per_ckpt,384B,90,-0.0323,0.8042,-0.0199,0.8861,layer_21
min_rankme,col_norm,8,per_ckpt,415B,90,0.1855,0.1568,0.1972,0.1069,layer_21
min_rankme,col_norm,8,per_ckpt,447B,90,0.12,0.1029,0.1527,0.0719,layer_21
min_rankme,col_norm,8,per_ckpt,478B,90,0.0972,0.3487,0.1123,0.3167,layer_21
min_rankme,col_norm,8,per_ckpt,510B,90,-0.1695,0.3257,-0.1536,0.3417,layer_21
min_rankme,col_norm,8,per_ckpt,541B,90,-0.0128,0.9091,-0.0578,0.5734,layer_21
min_rankme,col_norm,8,per_ckpt,573B,90,0.0404,0.6334,0.0393,0.6274,layer_21
min_rankme,col_norm,8,per_ckpt,main,90,-0.0872,0.3506,-0.1001,0.3007,layer_21
norm_asym,row_norm,4,per_ckpt,10B,90,0.016,0.9341,0.0155,0.9381,layer_21
norm_asym,row_norm,4,per_ckpt,42B,90,-0.0122,0.9461,-0.0181,0.9021,layer_21
norm_asym,row_norm,4,per_ckpt,73B,90,-0.3808,0.0629,-0.3987,0.046,layer_21
norm_asym,row_norm,4,per_ckpt,105B,90,-0.2157,0.3696,-0.2416,0.3067,layer_21
norm_asym,row_norm,4,per_ckpt,136B,90,-0.0934,0.6783,-0.0697,0.7662,layer_21
norm_asym,row_norm,4,per_ckpt,168B,90,-0.1702,0.4366,-0.1777,0.4755,layer_21
norm_asym,row_norm,4,per_ckpt,199B,90,-0.1253,0.5704,-0.2122,0.3776,layer_21
norm_asym,row_norm,4,per_ckpt,231B,90,-0.442,0.009,-0.476,0.012,layer_21
norm_asym,row_norm,4,per_ckpt,262B,90,-0.1464,0.5075,-0.4177,0.0919,layer_21
norm_asym,row_norm,4,per_ckpt,294B,90,0.1199,0.5944,0.1272,0.5964,layer_21
norm_asym,row_norm,4,per_ckpt,325B,90,0.0469,0.8012,-0.0506,0.8112,layer_21
norm_asym,row_norm,4,per_ckpt,352B,90,0.1873,0.3447,0.1485,0.3996,layer_21
norm_asym,row_norm,4,per_ckpt,384B,90,-0.2966,0.1848,-0.322,0.1708,layer_21
norm_asym,row_norm,4,per_ckpt,415B,90,-0.2327,0.3736,-0.3374,0.1798,layer_21
norm_asym,row_norm,4,per_ckpt,447B,90,-0.0366,0.8981,-0.1056,0.7063,layer_21
norm_asym,row_norm,4,per_ckpt,478B,90,-0.0449,0.8521,-0.0804,0.7802,layer_21
norm_asym,row_norm,4,per_ckpt,510B,90,-0.0353,0.7053,-0.0483,0.6254,layer_21
norm_asym,row_norm,4,per_ckpt,541B,90,0.0002,0.999,0.0452,0.8651,layer_21
norm_asym,row_norm,4,per_ckpt,573B,90,-0.039,0.8711,0.008,0.977,layer_21
norm_asym,row_norm,4,per_ckpt,main,90,-0.0167,0.9291,0.0072,0.962,layer_21
norm_asym,row_norm,8,per_ckpt,10B,90,-0.1134,0.5015,-0.2101,0.2268,layer_21
norm_asym,row_norm,8,per_ckpt,42B,90,0.018,0.9001,0.0334,0.8272,layer_21
norm_asym,row_norm,8,per_ckpt,73B,90,-0.1118,0.6084,-0.1065,0.6424,layer_21
norm_asym,row_norm,8,per_ckpt,105B,90,-0.1395,0.5994,-0.1877,0.4615,layer_21
norm_asym,row_norm,8,per_ckpt,136B,90,0.2679,0.1479,0.2791,0.1788,layer_21
norm_asym,row_norm,8,per_ckpt,168B,90,-0.0186,0.8841,0.021,0.8881,layer_21
norm_asym,row_norm,8,per_ckpt,199B,90,0.2733,0.2348,0.3326,0.1528,layer_21
norm_asym,row_norm,8,per_ckpt,231B,90,-0.4177,0.026,-0.3255,0.1309,layer_21
norm_asym,row_norm,8,per_ckpt,262B,90,0.0204,0.9321,0.1079,0.7682,layer_21
norm_asym,row_norm,8,per_ckpt,294B,90,0.2851,0.0929,0.2415,0.1798,layer_21
norm_asym,row_norm,8,per_ckpt,325B,90,0.2133,0.3906,0.158,0.5085,layer_21
norm_asym,row_norm,8,per_ckpt,352B,90,-0.1482,0.4935,-0.1521,0.4815,layer_21
norm_asym,row_norm,8,per_ckpt,384B,90,0.06,0.7962,0.102,0.6933,layer_21
norm_asym,row_norm,8,per_ckpt,415B,90,0.0389,0.8601,0.1094,0.6204,layer_21
norm_asym,row_norm,8,per_ckpt,447B,90,-0.0171,0.9491,0.1267,0.5055,layer_21
norm_asym,row_norm,8,per_ckpt,478B,90,0.2937,0.2218,0.2783,0.2468,layer_21
norm_asym,row_norm,8,per_ckpt,510B,90,-0.2779,0.1269,-0.2407,0.1968,layer_21
norm_asym,row_norm,8,per_ckpt,541B,90,0.0412,0.8462,0.0923,0.6943,layer_21
norm_asym,row_norm,8,per_ckpt,573B,90,0.0731,0.7363,0.0859,0.7003,layer_21
norm_asym,row_norm,8,per_ckpt,main,90,-0.1521,0.4985,-0.1226,0.5724,layer_21
norm_asym,col_norm,4,per_ckpt,10B,90,-0.1677,0.5674,-0.1817,0.5445,layer_21
norm_asym,col_norm,4,per_ckpt,42B,90,-0.1425,0.6494,-0.1142,0.7093,layer_21
norm_asym,col_norm,4,per_ckpt,73B,90,-0.1059,0.7213,-0.1004,0.7522,layer_21
norm_asym,col_norm,4,per_ckpt,105B,90,-0.1813,0.5564,-0.2197,0.4955,layer_21
norm_asym,col_norm,4,per_ckpt,136B,90,-0.3493,0.1988,-0.354,0.2008,layer_21
norm_asym,col_norm,4,per_ckpt,168B,90,-0.4151,0.1429,-0.3034,0.3487,layer_21
norm_asym,col_norm,4,per_ckpt,199B,90,0.0736,0.7932,0.1634,0.6074,layer_21
norm_asym,col_norm,4,per_ckpt,231B,90,0.2962,0.3417,0.1226,0.6464,layer_21
norm_asym,col_norm,4,per_ckpt,262B,90,0.0567,0.8162,0.1205,0.5554,layer_21
norm_asym,col_norm,4,per_ckpt,294B,90,-0.2779,0.3237,-0.2495,0.3866,layer_21
norm_asym,col_norm,4,per_ckpt,325B,90,0.0021,0.994,0.12,0.6643,layer_21
norm_asym,col_norm,4,per_ckpt,352B,90,-0.4963,0.0729,-0.4717,0.0929,layer_21
norm_asym,col_norm,4,per_ckpt,384B,90,0.0827,0.7702,0.167,0.5864,layer_21
norm_asym,col_norm,4,per_ckpt,415B,90,0.1704,0.5205,0.1606,0.5544,layer_21
norm_asym,col_norm,4,per_ckpt,447B,90,-0.0323,0.8911,0.0784,0.7752,layer_21
norm_asym,col_norm,4,per_ckpt,478B,90,-0.1456,0.6154,-0.0975,0.7592,layer_21
norm_asym,col_norm,4,per_ckpt,510B,90,-0.0872,0.7532,-0.0465,0.8661,layer_21
norm_asym,col_norm,4,per_ckpt,541B,90,-0.0407,0.8641,0.0247,0.9231,layer_21
norm_asym,col_norm,4,per_ckpt,573B,90,-0.554,0.05,-0.4681,0.1049,layer_21
norm_asym,col_norm,4,per_ckpt,main,90,-0.0712,0.8002,-0.0558,0.8372,layer_21
norm_asym,col_norm,8,per_ckpt,10B,90,-0.1145,0.6484,-0.0947,0.7043,layer_21
norm_asym,col_norm,8,per_ckpt,42B,90,-0.5036,0.0529,-0.4611,0.0759,layer_21
norm_asym,col_norm,8,per_ckpt,73B,90,-0.0842,0.7622,-0.1233,0.6623,layer_21
norm_asym,col_norm,8,per_ckpt,105B,90,-0.2335,0.3646,-0.2016,0.4595,layer_21
norm_asym,col_norm,8,per_ckpt,136B,90,-0.3819,0.2318,-0.2817,0.4266,layer_21
norm_asym,col_norm,8,per_ckpt,168B,90,-0.0203,0.9241,0.0895,0.7383,layer_21
norm_asym,col_norm,8,per_ckpt,199B,90,-0.4287,0.0739,-0.4098,0.1099,layer_21
norm_asym,col_norm,8,per_ckpt,231B,90,0.1507,0.5784,0.3129,0.2527,layer_21
norm_asym,col_norm,8,per_ckpt,262B,90,-0.2789,0.3017,-0.3604,0.1788,layer_21
norm_asym,col_norm,8,per_ckpt,294B,90,0.0262,0.9281,-0.0221,0.9421,layer_21
norm_asym,col_norm,8,per_ckpt,325B,90,0.1102,0.7043,0.0862,0.7113,layer_21
norm_asym,col_norm,8,per_ckpt,352B,90,-0.2944,0.2797,-0.2216,0.4256,layer_21
norm_asym,col_norm,8,per_ckpt,384B,90,-0.1759,0.5435,-0.1355,0.6304,layer_21
norm_asym,col_norm,8,per_ckpt,415B,90,-0.3408,0.1768,-0.3289,0.2068,layer_21
norm_asym,col_norm,8,per_ckpt,447B,90,-0.2327,0.4026,-0.0911,0.7273,layer_21
norm_asym,col_norm,8,per_ckpt,478B,90,-0.4111,0.1169,-0.3703,0.1758,layer_21
norm_asym,col_norm,8,per_ckpt,510B,90,-0.1545,0.4486,-0.1749,0.4006,layer_21
norm_asym,col_norm,8,per_ckpt,541B,90,-0.1833,0.5115,-0.093,0.7433,layer_21
norm_asym,col_norm,8,per_ckpt,573B,90,-0.2386,0.4196,-0.1758,0.5455,layer_21
norm_asym,col_norm,8,per_ckpt,main,90,0.0459,0.8621,0.0399,0.8801,layer_21
abs_diff,row_norm,4,pooled,,1800,-0.0268,0.255,-0.0162,0.491,layer_22
abs_diff,row_norm,8,pooled,,1800,-0.0572,0.0152,-0.0348,0.1395,layer_22
abs_diff,col_norm,4,pooled,,1800,-0.0186,0.4292,-0.0099,0.6757,layer_22
abs_diff,col_norm,8,pooled,,1800,-0.0404,0.0866,-0.0258,0.2746,layer_22
signed_diff,row_norm,4,pooled,,1800,-0.0573,0.015,-0.0346,0.1418,layer_22
signed_diff,row_norm,8,pooled,,1800,-0.0019,0.9349,-0.0294,0.2119,layer_22
signed_diff,col_norm,4,pooled,,1800,-0.1303,0.0,-0.0932,0.0001,layer_22
signed_diff,col_norm,8,pooled,,1800,-0.201,0.0,-0.1685,0.0,layer_22
min_rankme,row_norm,4,pooled,,1800,-0.1528,0.0,-0.0959,0.0,layer_22
min_rankme,row_norm,8,pooled,,1800,-0.0233,0.3224,-0.03,0.2027,layer_22
min_rankme,col_norm,4,pooled,,1800,-0.1026,0.0,-0.0648,0.0059,layer_22
min_rankme,col_norm,8,pooled,,1800,-0.0174,0.4595,-0.0226,0.3372,layer_22
norm_asym,row_norm,4,pooled,,1800,-0.0896,0.0001,-0.1195,0.0,layer_22
norm_asym,row_norm,8,pooled,,1800,0.0161,0.4953,0.0254,0.2807,layer_22
norm_asym,col_norm,4,pooled,,1800,-0.1268,0.0,-0.0989,0.0,layer_22
norm_asym,col_norm,8,pooled,,1800,-0.1891,0.0,-0.1497,0.0,layer_22
abs_diff,row_norm,4,per_ckpt,10B,90,0.2251,0.017,0.2168,0.037,layer_22
abs_diff,row_norm,4,per_ckpt,42B,90,0.2364,0.029,0.1829,0.1159,layer_22
abs_diff,row_norm,4,per_ckpt,73B,90,0.0902,0.3407,0.0915,0.3716,layer_22
abs_diff,row_norm,4,per_ckpt,105B,90,0.1591,0.1409,0.2035,0.0909,layer_22
abs_diff,row_norm,4,per_ckpt,136B,90,0.2324,0.025,0.2322,0.033,layer_22
abs_diff,row_norm,4,per_ckpt,168B,90,0.0898,0.4486,0.1538,0.2038,layer_22
abs_diff,row_norm,4,per_ckpt,199B,90,0.2002,0.1229,0.2201,0.1319,layer_22
abs_diff,row_norm,4,per_ckpt,231B,90,0.1435,0.3636,0.1165,0.4975,layer_22
abs_diff,row_norm,4,per_ckpt,262B,90,0.2439,0.0729,0.3297,0.022,layer_22
abs_diff,row_norm,4,per_ckpt,294B,90,-0.0811,0.5235,-0.0698,0.5854,layer_22
abs_diff,row_norm,4,per_ckpt,325B,90,0.1462,0.2897,0.1624,0.2617,layer_22
abs_diff,row_norm,4,per_ckpt,352B,90,-0.1417,0.3327,-0.0797,0.6024,layer_22
abs_diff,row_norm,4,per_ckpt,384B,90,0.0468,0.6783,0.0565,0.6494,layer_22
abs_diff,row_norm,4,per_ckpt,415B,90,0.0604,0.6234,0.1047,0.4146,layer_22
abs_diff,row_norm,4,per_ckpt,447B,90,0.1339,0.3656,0.1258,0.4036,layer_22
abs_diff,row_norm,4,per_ckpt,478B,90,0.3423,0.004,0.3463,0.006,layer_22
abs_diff,row_norm,4,per_ckpt,510B,90,-0.0331,0.8521,0.0067,0.974,layer_22
abs_diff,row_norm,4,per_ckpt,541B,90,-0.0225,0.8342,-0.0129,0.9201,layer_22
abs_diff,row_norm,4,per_ckpt,573B,90,0.0306,0.7702,0.0536,0.6024,layer_22
abs_diff,row_norm,4,per_ckpt,main,90,0.177,0.2008,0.176,0.2108,layer_22
abs_diff,row_norm,8,per_ckpt,10B,90,0.1289,0.2987,0.1133,0.3876,layer_22
abs_diff,row_norm,8,per_ckpt,42B,90,0.0451,0.7033,0.0322,0.8102,layer_22
abs_diff,row_norm,8,per_ckpt,73B,90,-0.2397,0.014,-0.2855,0.003,layer_22
abs_diff,row_norm,8,per_ckpt,105B,90,0.1225,0.1289,0.1058,0.1898,layer_22
abs_diff,row_norm,8,per_ckpt,136B,90,-0.0072,0.959,-0.0016,0.988,layer_22
abs_diff,row_norm,8,per_ckpt,168B,90,0.1051,0.4346,0.0942,0.5125,layer_22
abs_diff,row_norm,8,per_ckpt,199B,90,-0.115,0.3387,-0.0698,0.5684,layer_22
abs_diff,row_norm,8,per_ckpt,231B,90,0.1513,0.3347,0.1322,0.4685,layer_22
abs_diff,row_norm,8,per_ckpt,262B,90,0.1278,0.3646,0.1883,0.2008,layer_22
abs_diff,row_norm,8,per_ckpt,294B,90,0.0353,0.7123,0.0271,0.7882,layer_22
abs_diff,row_norm,8,per_ckpt,325B,90,-0.1488,0.1189,-0.1602,0.0799,layer_22
abs_diff,row_norm,8,per_ckpt,352B,90,0.0986,0.4076,0.0841,0.4875,layer_22
abs_diff,row_norm,8,per_ckpt,384B,90,-0.1035,0.5265,-0.071,0.6623,layer_22
abs_diff,row_norm,8,per_ckpt,415B,90,-0.2833,0.026,-0.2865,0.022,layer_22
abs_diff,row_norm,8,per_ckpt,447B,90,-0.0993,0.3596,-0.1926,0.0849,layer_22
abs_diff,row_norm,8,per_ckpt,478B,90,-0.0892,0.4226,-0.1013,0.3776,layer_22
abs_diff,row_norm,8,per_ckpt,510B,90,-0.196,0.1988,-0.1901,0.2338,layer_22
abs_diff,row_norm,8,per_ckpt,541B,90,0.0415,0.7932,0.084,0.5564,layer_22
abs_diff,row_norm,8,per_ckpt,573B,90,-0.0115,0.9391,0.0363,0.7842,layer_22
abs_diff,row_norm,8,per_ckpt,main,90,-0.0143,0.9061,-0.0336,0.8002,layer_22
abs_diff,col_norm,4,per_ckpt,10B,90,0.1082,0.035,0.1122,0.0509,layer_22
abs_diff,col_norm,4,per_ckpt,42B,90,0.0881,0.036,0.0782,0.0999,layer_22
abs_diff,col_norm,4,per_ckpt,73B,90,0.0454,0.4715,0.0554,0.4146,layer_22
abs_diff,col_norm,4,per_ckpt,105B,90,0.0792,0.2607,0.1317,0.0959,layer_22
abs_diff,col_norm,4,per_ckpt,136B,90,0.246,0.007,0.1985,0.031,layer_22
abs_diff,col_norm,4,per_ckpt,168B,90,0.06,0.4765,0.1003,0.1998,layer_22
abs_diff,col_norm,4,per_ckpt,199B,90,0.14,0.0949,0.1465,0.1279,layer_22
abs_diff,col_norm,4,per_ckpt,231B,90,0.0602,0.4146,0.0467,0.5784,layer_22
abs_diff,col_norm,4,per_ckpt,262B,90,0.2487,0.028,0.2957,0.022,layer_22
abs_diff,col_norm,4,per_ckpt,294B,90,-0.0678,0.4665,-0.0567,0.5704,layer_22
abs_diff,col_norm,4,per_ckpt,325B,90,0.0924,0.3287,0.116,0.2717,layer_22
abs_diff,col_norm,4,per_ckpt,352B,90,-0.1174,0.2398,-0.0512,0.6294,layer_22
abs_diff,col_norm,4,per_ckpt,384B,90,0.0769,0.4456,0.0471,0.6673,layer_22
abs_diff,col_norm,4,per_ckpt,415B,90,0.0568,0.6354,0.0991,0.4096,layer_22
abs_diff,col_norm,4,per_ckpt,447B,90,0.1092,0.3526,0.0906,0.4555,layer_22
abs_diff,col_norm,4,per_ckpt,478B,90,0.2914,0.007,0.3122,0.006,layer_22
abs_diff,col_norm,4,per_ckpt,510B,90,0.0108,0.8931,0.0027,0.976,layer_22
abs_diff,col_norm,4,per_ckpt,541B,90,-0.0485,0.6663,-0.0025,0.981,layer_22
abs_diff,col_norm,4,per_ckpt,573B,90,0.019,0.7672,0.0435,0.5485,layer_22
abs_diff,col_norm,4,per_ckpt,main,90,0.0911,0.2737,0.107,0.2218,layer_22
abs_diff,col_norm,8,per_ckpt,10B,90,0.1278,0.1638,0.0934,0.3706,layer_22
abs_diff,col_norm,8,per_ckpt,42B,90,0.0663,0.3427,0.0241,0.7762,layer_22
abs_diff,col_norm,8,per_ckpt,73B,90,-0.2156,0.004,-0.2338,0.003,layer_22
abs_diff,col_norm,8,per_ckpt,105B,90,0.1453,0.0969,0.1261,0.1548,layer_22
abs_diff,col_norm,8,per_ckpt,136B,90,-0.0202,0.7323,0.0059,0.9281,layer_22
abs_diff,col_norm,8,per_ckpt,168B,90,0.0675,0.4116,0.0612,0.5025,layer_22
abs_diff,col_norm,8,per_ckpt,199B,90,-0.0792,0.4935,-0.0619,0.5894,layer_22
abs_diff,col_norm,8,per_ckpt,231B,90,0.0869,0.5035,0.1071,0.4785,layer_22
abs_diff,col_norm,8,per_ckpt,262B,90,0.129,0.2128,0.1548,0.1958,layer_22
abs_diff,col_norm,8,per_ckpt,294B,90,-0.0191,0.6963,0.0146,0.7263,layer_22
abs_diff,col_norm,8,per_ckpt,325B,90,-0.0949,0.2238,-0.134,0.0669,layer_22
abs_diff,col_norm,8,per_ckpt,352B,90,0.0738,0.4126,0.0669,0.4815,layer_22
abs_diff,col_norm,8,per_ckpt,384B,90,-0.037,0.7263,-0.0614,0.6194,layer_22
abs_diff,col_norm,8,per_ckpt,415B,90,-0.2144,0.033,-0.2321,0.024,layer_22
abs_diff,col_norm,8,per_ckpt,447B,90,-0.0636,0.3606,-0.1463,0.0779,layer_22
abs_diff,col_norm,8,per_ckpt,478B,90,-0.0867,0.3606,-0.086,0.3956,layer_22
abs_diff,col_norm,8,per_ckpt,510B,90,-0.2078,0.1548,-0.1868,0.2298,layer_22
abs_diff,col_norm,8,per_ckpt,541B,90,0.0863,0.4486,0.0631,0.5385,layer_22
abs_diff,col_norm,8,per_ckpt,573B,90,0.0153,0.8282,0.0213,0.7742,layer_22
abs_diff,col_norm,8,per_ckpt,main,90,-0.0141,0.9121,-0.0329,0.7453,layer_22
signed_diff,row_norm,4,per_ckpt,10B,90,0.1513,0.4995,0.1518,0.4875,layer_22
signed_diff,row_norm,4,per_ckpt,42B,90,0.0667,0.6334,0.0779,0.6354,layer_22
signed_diff,row_norm,4,per_ckpt,73B,90,-0.3494,0.1219,-0.3408,0.1319,layer_22
signed_diff,row_norm,4,per_ckpt,105B,90,-0.0879,0.7333,-0.0856,0.7403,layer_22
signed_diff,row_norm,4,per_ckpt,136B,90,-0.0528,0.8232,-0.0439,0.8442,layer_22
signed_diff,row_norm,4,per_ckpt,168B,90,-0.1041,0.6424,-0.0813,0.7283,layer_22
signed_diff,row_norm,4,per_ckpt,199B,90,-0.147,0.5085,-0.1887,0.3916,layer_22
signed_diff,row_norm,4,per_ckpt,231B,90,-0.4338,0.014,-0.4568,0.011,layer_22
signed_diff,row_norm,4,per_ckpt,262B,90,-0.149,0.4925,-0.31,0.1489,layer_22
signed_diff,row_norm,4,per_ckpt,294B,90,0.1201,0.5824,0.1351,0.5604,layer_22
signed_diff,row_norm,4,per_ckpt,325B,90,0.0908,0.6264,0.1029,0.6014,layer_22
signed_diff,row_norm,4,per_ckpt,352B,90,0.2006,0.3347,0.1785,0.3956,layer_22
signed_diff,row_norm,4,per_ckpt,384B,90,-0.1839,0.4336,-0.2024,0.3986,layer_22
signed_diff,row_norm,4,per_ckpt,415B,90,-0.2156,0.4076,-0.2908,0.2687,layer_22
signed_diff,row_norm,4,per_ckpt,447B,90,-0.0385,0.8971,-0.0836,0.7343,layer_22
signed_diff,row_norm,4,per_ckpt,478B,90,-0.005,0.985,-0.0032,0.988,layer_22
signed_diff,row_norm,4,per_ckpt,510B,90,-0.0624,0.5015,-0.0717,0.4316,layer_22
signed_diff,row_norm,4,per_ckpt,541B,90,0.073,0.7862,0.0652,0.8042,layer_22
signed_diff,row_norm,4,per_ckpt,573B,90,-0.0816,0.7532,-0.0692,0.8032,layer_22
signed_diff,row_norm,4,per_ckpt,main,90,0.0087,0.966,0.0381,0.8142,layer_22
signed_diff,row_norm,8,per_ckpt,10B,90,-0.0599,0.7463,-0.1261,0.5065,layer_22
signed_diff,row_norm,8,per_ckpt,42B,90,0.0053,0.974,0.029,0.8482,layer_22
signed_diff,row_norm,8,per_ckpt,73B,90,-0.1857,0.3796,-0.2114,0.3467,layer_22
signed_diff,row_norm,8,per_ckpt,105B,90,-0.0729,0.7912,-0.1488,0.6264,layer_22
signed_diff,row_norm,8,per_ckpt,136B,90,0.2008,0.3067,0.2033,0.3317,layer_22
signed_diff,row_norm,8,per_ckpt,168B,90,-0.02,0.8901,-0.0037,0.983,layer_22
signed_diff,row_norm,8,per_ckpt,199B,90,0.2302,0.3227,0.2373,0.3117,layer_22
signed_diff,row_norm,8,per_ckpt,231B,90,-0.4236,0.022,-0.4082,0.033,layer_22
signed_diff,row_norm,8,per_ckpt,262B,90,0.1058,0.6683,0.1547,0.5295,layer_22
signed_diff,row_norm,8,per_ckpt,294B,90,0.2506,0.1598,0.2116,0.2448,layer_22
signed_diff,row_norm,8,per_ckpt,325B,90,0.1936,0.4346,0.1576,0.5425,layer_22
signed_diff,row_norm,8,per_ckpt,352B,90,-0.1365,0.5415,-0.1377,0.5495,layer_22
signed_diff,row_norm,8,per_ckpt,384B,90,-0.0065,0.974,-0.0143,0.9471,layer_22
signed_diff,row_norm,8,per_ckpt,415B,90,-0.0236,0.9161,0.0119,0.961,layer_22
signed_diff,row_norm,8,per_ckpt,447B,90,0.0854,0.6913,0.1571,0.4216,layer_22
signed_diff,row_norm,8,per_ckpt,478B,90,0.3108,0.1978,0.2992,0.2178,layer_22
signed_diff,row_norm,8,per_ckpt,510B,90,-0.3017,0.0909,-0.3235,0.0729,layer_22
signed_diff,row_norm,8,per_ckpt,541B,90,0.0703,0.7443,0.0869,0.6963,layer_22
signed_diff,row_norm,8,per_ckpt,573B,90,0.0626,0.7752,0.0763,0.7453,layer_22
signed_diff,row_norm,8,per_ckpt,main,90,-0.1983,0.3736,-0.2117,0.3297,layer_22
signed_diff,col_norm,4,per_ckpt,10B,90,-0.2144,0.4715,-0.2227,0.4615,layer_22
signed_diff,col_norm,4,per_ckpt,42B,90,-0.0999,0.7642,-0.0806,0.8102,layer_22
signed_diff,col_norm,4,per_ckpt,73B,90,-0.0541,0.8771,-0.0391,0.9191,layer_22
signed_diff,col_norm,4,per_ckpt,105B,90,-0.1352,0.6543,-0.1522,0.6084,layer_22
signed_diff,col_norm,4,per_ckpt,136B,90,-0.3546,0.1988,-0.3927,0.1678,layer_22
signed_diff,col_norm,4,per_ckpt,168B,90,-0.4232,0.1329,-0.3896,0.1808,layer_22
signed_diff,col_norm,4,per_ckpt,199B,90,0.0501,0.8721,0.0661,0.8352,layer_22
signed_diff,col_norm,4,per_ckpt,231B,90,0.3056,0.3297,0.2605,0.4286,layer_22
signed_diff,col_norm,4,per_ckpt,262B,90,-0.0327,0.8841,-0.0051,0.984,layer_22
signed_diff,col_norm,4,per_ckpt,294B,90,-0.3092,0.2597,-0.3212,0.2597,layer_22
signed_diff,col_norm,4,per_ckpt,325B,90,-0.108,0.7083,-0.0943,0.7483,layer_22
signed_diff,col_norm,4,per_ckpt,352B,90,-0.5182,0.0649,-0.5008,0.0729,layer_22
signed_diff,col_norm,4,per_ckpt,384B,90,0.0168,0.9431,0.0121,0.965,layer_22
signed_diff,col_norm,4,per_ckpt,415B,90,0.0726,0.7682,0.0952,0.7073,layer_22
signed_diff,col_norm,4,per_ckpt,447B,90,-0.015,0.971,0.0569,0.8581,layer_22
signed_diff,col_norm,4,per_ckpt,478B,90,-0.2686,0.3397,-0.2691,0.3546,layer_22
signed_diff,col_norm,4,per_ckpt,510B,90,-0.19,0.5165,-0.2039,0.4925,layer_22
signed_diff,col_norm,4,per_ckpt,541B,90,-0.0706,0.7632,-0.0335,0.8881,layer_22
signed_diff,col_norm,4,per_ckpt,573B,90,-0.5903,0.037,-0.5546,0.0539,layer_22
signed_diff,col_norm,4,per_ckpt,main,90,-0.0641,0.8262,-0.05,0.8511,layer_22
signed_diff,col_norm,8,per_ckpt,10B,90,-0.2318,0.3796,-0.2173,0.4036,layer_22
signed_diff,col_norm,8,per_ckpt,42B,90,-0.5961,0.018,-0.5541,0.037,layer_22
signed_diff,col_norm,8,per_ckpt,73B,90,-0.1169,0.6783,-0.1461,0.6224,layer_22
signed_diff,col_norm,8,per_ckpt,105B,90,-0.3192,0.1798,-0.322,0.1908,layer_22
signed_diff,col_norm,8,per_ckpt,136B,90,-0.4983,0.1139,-0.5103,0.1089,layer_22
signed_diff,col_norm,8,per_ckpt,168B,90,-0.1127,0.6763,-0.0954,0.7293,layer_22
signed_diff,col_norm,8,per_ckpt,199B,90,-0.4442,0.0659,-0.4389,0.0719,layer_22
signed_diff,col_norm,8,per_ckpt,231B,90,0.1084,0.6873,0.1543,0.5844,layer_22
signed_diff,col_norm,8,per_ckpt,262B,90,-0.2412,0.3746,-0.2616,0.3367,layer_22
signed_diff,col_norm,8,per_ckpt,294B,90,-0.0267,0.9311,-0.1012,0.7602,layer_22
signed_diff,col_norm,8,per_ckpt,325B,90,0.068,0.8282,0.0213,0.9441,layer_22
signed_diff,col_norm,8,per_ckpt,352B,90,-0.3549,0.1728,-0.2997,0.2947,layer_22
signed_diff,col_norm,8,per_ckpt,384B,90,-0.176,0.5524,-0.1161,0.6913,layer_22
signed_diff,col_norm,8,per_ckpt,415B,90,-0.3032,0.2478,-0.3187,0.2408,layer_22
signed_diff,col_norm,8,per_ckpt,447B,90,-0.3376,0.2448,-0.1915,0.4865,layer_22
signed_diff,col_norm,8,per_ckpt,478B,90,-0.3905,0.1439,-0.376,0.1688,layer_22
signed_diff,col_norm,8,per_ckpt,510B,90,-0.1686,0.3926,-0.1781,0.3696,layer_22
signed_diff,col_norm,8,per_ckpt,541B,90,-0.2047,0.4785,-0.1597,0.5794,layer_22
signed_diff,col_norm,8,per_ckpt,573B,90,-0.3172,0.2847,-0.2783,0.3736,layer_22
signed_diff,col_norm,8,per_ckpt,main,90,0.1099,0.7063,0.108,0.7213,layer_22
min_rankme,row_norm,4,per_ckpt,10B,90,0.039,0.8032,0.0841,0.5524,layer_22
min_rankme,row_norm,4,per_ckpt,42B,90,-0.0047,0.982,0.0875,0.6074,layer_22
min_rankme,row_norm,4,per_ckpt,73B,90,-0.0758,0.6304,-0.0974,0.6094,layer_22
min_rankme,row_norm,4,per_ckpt,105B,90,-0.0465,0.7842,-0.0542,0.7433,layer_22
min_rankme,row_norm,4,per_ckpt,136B,90,-0.2333,0.1538,-0.2106,0.1738,layer_22
min_rankme,row_norm,4,per_ckpt,168B,90,-0.0257,0.8701,-0.0366,0.8282,layer_22
min_rankme,row_norm,4,per_ckpt,199B,90,-0.2137,0.2088,-0.2997,0.0959,layer_22
min_rankme,row_norm,4,per_ckpt,231B,90,-0.3228,0.049,-0.2671,0.1219,layer_22
min_rankme,row_norm,4,per_ckpt,262B,90,-0.2102,0.2318,-0.3038,0.1019,layer_22
min_rankme,row_norm,4,per_ckpt,294B,90,-0.0334,0.8242,0.0842,0.6673,layer_22
min_rankme,row_norm,4,per_ckpt,325B,90,0.0366,0.8561,0.0003,0.999,layer_22
min_rankme,row_norm,4,per_ckpt,352B,90,0.2461,0.1219,0.1805,0.3027,layer_22
min_rankme,row_norm,4,per_ckpt,384B,90,-0.138,0.2567,-0.1828,0.1309,layer_22
min_rankme,row_norm,4,per_ckpt,415B,90,-0.2124,0.1239,-0.3219,0.044,layer_22
min_rankme,row_norm,4,per_ckpt,447B,90,-0.054,0.7642,-0.0726,0.6613,layer_22
min_rankme,row_norm,4,per_ckpt,478B,90,-0.2321,0.1319,-0.2722,0.0799,layer_22
min_rankme,row_norm,4,per_ckpt,510B,90,0.0684,0.7243,-0.0304,0.9271,layer_22
min_rankme,row_norm,4,per_ckpt,541B,90,0.0726,0.5994,0.078,0.5405,layer_22
min_rankme,row_norm,4,per_ckpt,573B,90,-0.0287,0.8362,-0.0582,0.6344,layer_22
min_rankme,row_norm,4,per_ckpt,main,90,0.0326,0.8222,0.0016,0.993,layer_22
min_rankme,row_norm,8,per_ckpt,10B,90,-0.3412,0.0679,-0.2582,0.1419,layer_22
min_rankme,row_norm,8,per_ckpt,42B,90,0.308,0.0629,0.255,0.1229,layer_22
min_rankme,row_norm,8,per_ckpt,73B,90,0.1961,0.2807,0.1564,0.3756,layer_22
min_rankme,row_norm,8,per_ckpt,105B,90,-0.095,0.4026,-0.1136,0.2657,layer_22
min_rankme,row_norm,8,per_ckpt,136B,90,0.2422,0.1409,0.2612,0.1219,layer_22
min_rankme,row_norm,8,per_ckpt,168B,90,-0.2139,0.2368,-0.194,0.3027,layer_22
min_rankme,row_norm,8,per_ckpt,199B,90,0.0592,0.6973,0.0892,0.5544,layer_22
min_rankme,row_norm,8,per_ckpt,231B,90,-0.1974,0.2897,-0.183,0.3706,layer_22
min_rankme,row_norm,8,per_ckpt,262B,90,-0.1888,0.2008,-0.2291,0.1279,layer_22
min_rankme,row_norm,8,per_ckpt,294B,90,-0.0976,0.4356,-0.1273,0.3177,layer_22
min_rankme,row_norm,8,per_ckpt,325B,90,0.1605,0.1249,0.2158,0.027,layer_22
min_rankme,row_norm,8,per_ckpt,352B,90,-0.086,0.5245,-0.085,0.5285,layer_22
min_rankme,row_norm,8,per_ckpt,384B,90,-0.0998,0.5954,-0.0489,0.7762,layer_22
min_rankme,row_norm,8,per_ckpt,415B,90,0.2175,0.1668,0.2405,0.1119,layer_22
min_rankme,row_norm,8,per_ckpt,447B,90,0.1786,0.0949,0.2219,0.046,layer_22
min_rankme,row_norm,8,per_ckpt,478B,90,0.1047,0.4136,0.1329,0.3007,layer_22
min_rankme,row_norm,8,per_ckpt,510B,90,-0.1867,0.3057,-0.1186,0.4336,layer_22
min_rankme,row_norm,8,per_ckpt,541B,90,-0.0148,0.9271,-0.0867,0.5435,layer_22
min_rankme,row_norm,8,per_ckpt,573B,90,0.0981,0.5225,0.0528,0.7173,layer_22
min_rankme,row_norm,8,per_ckpt,main,90,-0.1235,0.2847,-0.1296,0.3097,layer_22
min_rankme,col_norm,4,per_ckpt,10B,90,0.0363,0.6404,0.057,0.4795,layer_22
min_rankme,col_norm,4,per_ckpt,42B,90,0.0014,0.985,0.0401,0.5654,layer_22
min_rankme,col_norm,4,per_ckpt,73B,90,-0.0324,0.7822,-0.061,0.6294,layer_22
min_rankme,col_norm,4,per_ckpt,105B,90,-0.0209,0.8392,-0.0372,0.7363,layer_22
min_rankme,col_norm,4,per_ckpt,136B,90,-0.174,0.1618,-0.1813,0.1678,layer_22
min_rankme,col_norm,4,per_ckpt,168B,90,0.0073,0.9431,-0.0186,0.8651,layer_22
min_rankme,col_norm,4,per_ckpt,199B,90,-0.1493,0.1598,-0.2014,0.0939,layer_22
min_rankme,col_norm,4,per_ckpt,231B,90,-0.1416,0.0709,-0.1218,0.1688,layer_22
min_rankme,col_norm,4,per_ckpt,262B,90,-0.2109,0.1708,-0.2712,0.1019,layer_22
min_rankme,col_norm,4,per_ckpt,294B,90,0.0012,0.994,0.0658,0.6673,layer_22
min_rankme,col_norm,4,per_ckpt,325B,90,0.029,0.8452,0.0009,0.998,layer_22
min_rankme,col_norm,4,per_ckpt,352B,90,0.1878,0.1079,0.1205,0.3217,layer_22
min_rankme,col_norm,4,per_ckpt,384B,90,-0.1014,0.3057,-0.1521,0.1489,layer_22
min_rankme,col_norm,4,per_ckpt,415B,90,-0.2078,0.1109,-0.3013,0.046,layer_22
min_rankme,col_norm,4,per_ckpt,447B,90,-0.0474,0.7443,-0.0514,0.6953,layer_22
min_rankme,col_norm,4,per_ckpt,478B,90,-0.2097,0.1069,-0.2382,0.0859,layer_22
min_rankme,col_norm,4,per_ckpt,510B,90,0.0145,0.9001,-0.0105,0.954,layer_22
min_rankme,col_norm,4,per_ckpt,541B,90,0.0905,0.4875,0.0734,0.5694,layer_22
min_rankme,col_norm,4,per_ckpt,573B,90,-0.0103,0.9081,-0.044,0.5984,layer_22
min_rankme,col_norm,4,per_ckpt,main,90,0.0389,0.6883,0.0063,0.957,layer_22
min_rankme,col_norm,8,per_ckpt,10B,90,-0.2549,0.0529,-0.2096,0.1379,layer_22
min_rankme,col_norm,8,per_ckpt,42B,90,0.1571,0.1099,0.1596,0.1329,layer_22
min_rankme,col_norm,8,per_ckpt,73B,90,0.1724,0.2717,0.1303,0.3736,layer_22
min_rankme,col_norm,8,per_ckpt,105B,90,-0.0308,0.7852,-0.1285,0.2567,layer_22
min_rankme,col_norm,8,per_ckpt,136B,90,0.106,0.2018,0.1173,0.1219,layer_22
min_rankme,col_norm,8,per_ckpt,168B,90,-0.1099,0.3626,-0.1239,0.2987,layer_22
min_rankme,col_norm,8,per_ckpt,199B,90,0.0423,0.7682,0.0885,0.5245,layer_22
min_rankme,col_norm,8,per_ckpt,231B,90,-0.1302,0.4036,-0.1512,0.3656,layer_22
min_rankme,col_norm,8,per_ckpt,262B,90,-0.184,0.1049,-0.1888,0.1269,layer_22
min_rankme,col_norm,8,per_ckpt,294B,90,-0.0195,0.7572,-0.0344,0.5804,layer_22
min_rankme,col_norm,8,per_ckpt,325B,90,0.1218,0.1808,0.1768,0.021,layer_22
min_rankme,col_norm,8,per_ckpt,352B,90,-0.0288,0.7892,-0.0646,0.5445,layer_22
min_rankme,col_norm,8,per_ckpt,384B,90,-0.0806,0.5035,-0.0362,0.7882,layer_22
min_rankme,col_norm,8,per_ckpt,415B,90,0.1562,0.2148,0.194,0.1129,layer_22
min_rankme,col_norm,8,per_ckpt,447B,90,0.1231,0.0919,0.1683,0.042,layer_22
min_rankme,col_norm,8,per_ckpt,478B,90,0.0864,0.4336,0.1175,0.2977,layer_22
min_rankme,col_norm,8,per_ckpt,510B,90,-0.1469,0.3856,-0.116,0.4306,layer_22
min_rankme,col_norm,8,per_ckpt,541B,90,-0.0256,0.8202,-0.0653,0.5345,layer_22
min_rankme,col_norm,8,per_ckpt,573B,90,0.0406,0.6224,0.0312,0.6953,layer_22
min_rankme,col_norm,8,per_ckpt,main,90,-0.0872,0.3506,-0.0932,0.3387,layer_22
norm_asym,row_norm,4,per_ckpt,10B,90,0.0155,0.9381,0.0206,0.9231,layer_22
norm_asym,row_norm,4,per_ckpt,42B,90,-0.01,0.958,-0.0098,0.9491,layer_22
norm_asym,row_norm,4,per_ckpt,73B,90,-0.3809,0.0659,-0.3984,0.049,layer_22
norm_asym,row_norm,4,per_ckpt,105B,90,-0.2158,0.3686,-0.2356,0.3127,layer_22
norm_asym,row_norm,4,per_ckpt,136B,90,-0.0839,0.7153,-0.0546,0.8162,layer_22
norm_asym,row_norm,4,per_ckpt,168B,90,-0.1446,0.5205,-0.1628,0.5245,layer_22
norm_asym,row_norm,4,per_ckpt,199B,90,-0.1184,0.5924,-0.2018,0.3986,layer_22
norm_asym,row_norm,4,per_ckpt,231B,90,-0.4485,0.011,-0.4825,0.012,layer_22
norm_asym,row_norm,4,per_ckpt,262B,90,-0.1704,0.4286,-0.4067,0.0919,layer_22
norm_asym,row_norm,4,per_ckpt,294B,90,0.1247,0.5784,0.1256,0.5974,layer_22
norm_asym,row_norm,4,per_ckpt,325B,90,0.0784,0.6653,-0.0091,0.961,layer_22
norm_asym,row_norm,4,per_ckpt,352B,90,0.1977,0.3207,0.1439,0.3946,layer_22
norm_asym,row_norm,4,per_ckpt,384B,90,-0.2181,0.3606,-0.2592,0.2807,layer_22
norm_asym,row_norm,4,per_ckpt,415B,90,-0.2155,0.4026,-0.3349,0.1918,layer_22
norm_asym,row_norm,4,per_ckpt,447B,90,-0.0608,0.8212,-0.1321,0.6454,layer_22
norm_asym,row_norm,4,per_ckpt,478B,90,-0.0298,0.9061,-0.0799,0.8012,layer_22
norm_asym,row_norm,4,per_ckpt,510B,90,-0.0553,0.5654,-0.0626,0.5145,layer_22
norm_asym,row_norm,4,per_ckpt,541B,90,0.0882,0.7273,0.0856,0.7542,layer_22
norm_asym,row_norm,4,per_ckpt,573B,90,-0.0902,0.7233,-0.0165,0.955,layer_22
norm_asym,row_norm,4,per_ckpt,main,90,-0.0298,0.8671,-0.0025,0.991,layer_22
norm_asym,row_norm,8,per_ckpt,10B,90,-0.1207,0.4645,-0.2125,0.2228,layer_22
norm_asym,row_norm,8,per_ckpt,42B,90,0.0258,0.8511,0.0307,0.8412,layer_22
norm_asym,row_norm,8,per_ckpt,73B,90,-0.1065,0.6224,-0.1063,0.6404,layer_22
norm_asym,row_norm,8,per_ckpt,105B,90,-0.1317,0.6264,-0.1771,0.4895,layer_22
norm_asym,row_norm,8,per_ckpt,136B,90,0.2779,0.1379,0.2818,0.1638,layer_22
norm_asym,row_norm,8,per_ckpt,168B,90,-0.025,0.8412,0.0148,0.9241,layer_22
norm_asym,row_norm,8,per_ckpt,199B,90,0.2533,0.2787,0.3134,0.1828,layer_22
norm_asym,row_norm,8,per_ckpt,231B,90,-0.4092,0.028,-0.335,0.1079,layer_22
norm_asym,row_norm,8,per_ckpt,262B,90,0.0909,0.7073,0.1525,0.6024,layer_22
norm_asym,row_norm,8,per_ckpt,294B,90,0.2976,0.0809,0.2554,0.1518,layer_22
norm_asym,row_norm,8,per_ckpt,325B,90,0.2074,0.3986,0.1474,0.5245,layer_22
norm_asym,row_norm,8,per_ckpt,352B,90,-0.1404,0.5185,-0.161,0.4555,layer_22
norm_asym,row_norm,8,per_ckpt,384B,90,0.0271,0.9071,0.071,0.7942,layer_22
norm_asym,row_norm,8,per_ckpt,415B,90,0.0118,0.959,0.0912,0.6893,layer_22
norm_asym,row_norm,8,per_ckpt,447B,90,0.0705,0.7343,0.1636,0.3806,layer_22
norm_asym,row_norm,8,per_ckpt,478B,90,0.3101,0.1958,0.2888,0.2268,layer_22
norm_asym,row_norm,8,per_ckpt,510B,90,-0.2834,0.1209,-0.2293,0.2198,layer_22
norm_asym,row_norm,8,per_ckpt,541B,90,0.0831,0.7103,0.1037,0.6444,layer_22
norm_asym,row_norm,8,per_ckpt,573B,90,0.0528,0.8072,0.0763,0.7373,layer_22
norm_asym,row_norm,8,per_ckpt,main,90,-0.1455,0.5175,-0.0991,0.6513,layer_22
norm_asym,col_norm,4,per_ckpt,10B,90,-0.1769,0.5455,-0.1878,0.5335,layer_22
norm_asym,col_norm,4,per_ckpt,42B,90,-0.13,0.6793,-0.0974,0.7562,layer_22
norm_asym,col_norm,4,per_ckpt,73B,90,-0.1067,0.7263,-0.0909,0.7642,layer_22
norm_asym,col_norm,4,per_ckpt,105B,90,-0.1767,0.5654,-0.2064,0.5245,layer_22
norm_asym,col_norm,4,per_ckpt,136B,90,-0.3509,0.1998,-0.3602,0.1888,layer_22
norm_asym,col_norm,4,per_ckpt,168B,90,-0.3909,0.1648,-0.3013,0.3427,layer_22
norm_asym,col_norm,4,per_ckpt,199B,90,0.1203,0.6883,0.19,0.5315,layer_22
norm_asym,col_norm,4,per_ckpt,231B,90,0.294,0.3417,0.1469,0.5924,layer_22
norm_asym,col_norm,4,per_ckpt,262B,90,-0.0225,0.9171,0.0793,0.6783,layer_22
norm_asym,col_norm,4,per_ckpt,294B,90,-0.2773,0.3187,-0.266,0.3487,layer_22
norm_asym,col_norm,4,per_ckpt,325B,90,-0.0784,0.7882,0.047,0.8482,layer_22
norm_asym,col_norm,4,per_ckpt,352B,90,-0.5108,0.0619,-0.489,0.0829,layer_22
norm_asym,col_norm,4,per_ckpt,384B,90,0.0632,0.8302,0.1333,0.6533,layer_22
norm_asym,col_norm,4,per_ckpt,415B,90,0.1235,0.6234,0.1251,0.6424,layer_22
norm_asym,col_norm,4,per_ckpt,447B,90,0.0053,0.984,0.1039,0.7313,layer_22
norm_asym,col_norm,4,per_ckpt,478B,90,-0.2356,0.4056,-0.1545,0.6024,layer_22
norm_asym,col_norm,4,per_ckpt,510B,90,-0.1513,0.5894,-0.0697,0.7992,layer_22
norm_asym,col_norm,4,per_ckpt,541B,90,-0.0693,0.7642,0.0268,0.9141,layer_22
norm_asym,col_norm,4,per_ckpt,573B,90,-0.5908,0.035,-0.4744,0.1079,layer_22
norm_asym,col_norm,4,per_ckpt,main,90,-0.0969,0.7343,-0.0914,0.7263,layer_22
norm_asym,col_norm,8,per_ckpt,10B,90,-0.1036,0.6773,-0.0904,0.7173,layer_22
norm_asym,col_norm,8,per_ckpt,42B,90,-0.5029,0.0579,-0.4725,0.0709,layer_22
norm_asym,col_norm,8,per_ckpt,73B,90,-0.0921,0.7393,-0.1308,0.6454,layer_22
norm_asym,col_norm,8,per_ckpt,105B,90,-0.2336,0.3636,-0.2132,0.4346,layer_22
norm_asym,col_norm,8,per_ckpt,136B,90,-0.3878,0.2298,-0.3094,0.3716,layer_22
norm_asym,col_norm,8,per_ckpt,168B,90,-0.0515,0.8322,0.061,0.8122,layer_22
norm_asym,col_norm,8,per_ckpt,199B,90,-0.4452,0.0609,-0.424,0.0999,layer_22
norm_asym,col_norm,8,per_ckpt,231B,90,0.1378,0.6174,0.2857,0.3127,layer_22
norm_asym,col_norm,8,per_ckpt,262B,90,-0.2384,0.3736,-0.3251,0.2238,layer_22
norm_asym,col_norm,8,per_ckpt,294B,90,0.0155,0.958,-0.0374,0.9081,layer_22
norm_asym,col_norm,8,per_ckpt,325B,90,0.103,0.7373,0.0731,0.7852,layer_22
norm_asym,col_norm,8,per_ckpt,352B,90,-0.3333,0.1998,-0.2301,0.4116,layer_22
norm_asym,col_norm,8,per_ckpt,384B,90,-0.1944,0.4955,-0.1459,0.6094,layer_22
norm_asym,col_norm,8,per_ckpt,415B,90,-0.3281,0.1968,-0.3213,0.2268,layer_22
norm_asym,col_norm,8,per_ckpt,447B,90,-0.3395,0.2388,-0.1334,0.6244,layer_22
norm_asym,col_norm,8,per_ckpt,478B,90,-0.3969,0.1389,-0.3536,0.1978,layer_22
norm_asym,col_norm,8,per_ckpt,510B,90,-0.189,0.3457,-0.1977,0.3347,layer_22
norm_asym,col_norm,8,per_ckpt,541B,90,-0.2035,0.4725,-0.0716,0.7892,layer_22
norm_asym,col_norm,8,per_ckpt,573B,90,-0.3065,0.3027,-0.1929,0.5205,layer_22
norm_asym,col_norm,8,per_ckpt,main,90,0.068,0.8082,0.0397,0.8831,layer_22
abs_diff,row_norm,4,pooled,,1800,-0.0254,0.2821,-0.0153,0.5153,layer_23
abs_diff,row_norm,8,pooled,,1800,-0.063,0.0075,-0.0356,0.1316,layer_23
abs_diff,col_norm,4,pooled,,1800,-0.018,0.4443,-0.0093,0.6932,layer_23
abs_diff,col_norm,8,pooled,,1800,-0.0454,0.0541,-0.0261,0.2685,layer_23
signed_diff,row_norm,4,pooled,,1800,-0.0579,0.0141,-0.0358,0.1286,layer_23
signed_diff,row_norm,8,pooled,,1800,-0.0056,0.8127,-0.0307,0.1935,layer_23
signed_diff,col_norm,4,pooled,,1800,-0.1351,0.0,-0.0932,0.0001,layer_23
signed_diff,col_norm,8,pooled,,1800,-0.2103,0.0,-0.1758,0.0,layer_23
min_rankme,row_norm,4,pooled,,1800,-0.1509,0.0,-0.096,0.0,layer_23
min_rankme,row_norm,8,pooled,,1800,-0.0241,0.3064,-0.0305,0.1956,layer_23
min_rankme,col_norm,4,pooled,,1800,-0.101,0.0,-0.0649,0.0059,layer_23
min_rankme,col_norm,8,pooled,,1800,-0.0181,0.4422,-0.0229,0.3307,layer_23
norm_asym,row_norm,4,pooled,,1800,-0.0899,0.0001,-0.1186,0.0,layer_23
norm_asym,row_norm,8,pooled,,1800,0.0102,0.6647,0.0217,0.357,layer_23
norm_asym,col_norm,4,pooled,,1800,-0.135,0.0,-0.1019,0.0,layer_23
norm_asym,col_norm,8,pooled,,1800,-0.1946,0.0,-0.1557,0.0,layer_23
abs_diff,row_norm,4,per_ckpt,10B,90,0.2249,0.017,0.2213,0.036,layer_23
abs_diff,row_norm,4,per_ckpt,42B,90,0.2339,0.028,0.1797,0.1179,layer_23
abs_diff,row_norm,4,per_ckpt,73B,90,0.0935,0.3187,0.0936,0.3676,layer_23
abs_diff,row_norm,4,per_ckpt,105B,90,0.1469,0.1728,0.1904,0.1109,layer_23
abs_diff,row_norm,4,per_ckpt,136B,90,0.2175,0.027,0.2274,0.033,layer_23
abs_diff,row_norm,4,per_ckpt,168B,90,0.095,0.4086,0.1587,0.1898,layer_23
abs_diff,row_norm,4,per_ckpt,199B,90,0.1562,0.2158,0.1921,0.1648,layer_23
abs_diff,row_norm,4,per_ckpt,231B,90,0.1653,0.2807,0.121,0.4735,layer_23
abs_diff,row_norm,4,per_ckpt,262B,90,0.2215,0.1189,0.3051,0.033,layer_23
abs_diff,row_norm,4,per_ckpt,294B,90,-0.0969,0.4486,-0.0902,0.4935,layer_23
abs_diff,row_norm,4,per_ckpt,325B,90,0.0681,0.6563,0.1291,0.3487,layer_23
abs_diff,row_norm,4,per_ckpt,352B,90,-0.0962,0.5175,-0.0511,0.7373,layer_23
abs_diff,row_norm,4,per_ckpt,384B,90,0.0666,0.5644,0.0756,0.5225,layer_23
abs_diff,row_norm,4,per_ckpt,415B,90,0.0657,0.5884,0.0967,0.4705,layer_23
abs_diff,row_norm,4,per_ckpt,447B,90,0.0715,0.6474,0.0907,0.5594,layer_23
abs_diff,row_norm,4,per_ckpt,478B,90,0.3384,0.016,0.3398,0.014,layer_23
abs_diff,row_norm,4,per_ckpt,510B,90,-0.067,0.7013,-0.0008,0.992,layer_23
abs_diff,row_norm,4,per_ckpt,541B,90,-0.0024,0.985,-0.0041,0.975,layer_23
abs_diff,row_norm,4,per_ckpt,573B,90,0.0483,0.6793,0.0558,0.6274,layer_23
abs_diff,row_norm,4,per_ckpt,main,90,0.1378,0.3227,0.1466,0.3117,layer_23
abs_diff,row_norm,8,per_ckpt,10B,90,0.1202,0.3367,0.1118,0.3936,layer_23
abs_diff,row_norm,8,per_ckpt,42B,90,0.042,0.7153,0.032,0.8042,layer_23
abs_diff,row_norm,8,per_ckpt,73B,90,-0.239,0.014,-0.2866,0.003,layer_23
abs_diff,row_norm,8,per_ckpt,105B,90,0.1249,0.1129,0.1083,0.1648,layer_23
abs_diff,row_norm,8,per_ckpt,136B,90,-0.003,0.986,0.0038,0.973,layer_23
abs_diff,row_norm,8,per_ckpt,168B,90,0.0743,0.5904,0.0819,0.5714,layer_23
abs_diff,row_norm,8,per_ckpt,199B,90,-0.0896,0.4396,-0.0497,0.6673,layer_23
abs_diff,row_norm,8,per_ckpt,231B,90,0.1591,0.2757,0.1316,0.4486,layer_23
abs_diff,row_norm,8,per_ckpt,262B,90,0.1254,0.3756,0.1898,0.1838,layer_23
abs_diff,row_norm,8,per_ckpt,294B,90,0.0363,0.7103,0.0193,0.8511,layer_23
abs_diff,row_norm,8,per_ckpt,325B,90,-0.197,0.036,-0.1981,0.019,layer_23
abs_diff,row_norm,8,per_ckpt,352B,90,0.0697,0.5614,0.0457,0.6843,layer_23
abs_diff,row_norm,8,per_ckpt,384B,90,-0.1043,0.5225,-0.094,0.5654,layer_23
abs_diff,row_norm,8,per_ckpt,415B,90,-0.2745,0.032,-0.291,0.024,layer_23
abs_diff,row_norm,8,per_ckpt,447B,90,-0.1955,0.048,-0.221,0.039,layer_23
abs_diff,row_norm,8,per_ckpt,478B,90,-0.1063,0.3806,-0.1111,0.3487,layer_23
abs_diff,row_norm,8,per_ckpt,510B,90,-0.2535,0.1109,-0.2252,0.1848,layer_23
abs_diff,row_norm,8,per_ckpt,541B,90,0.0628,0.6893,0.1212,0.3926,layer_23
abs_diff,row_norm,8,per_ckpt,573B,90,-0.0041,0.98,0.0425,0.7822,layer_23
abs_diff,row_norm,8,per_ckpt,main,90,-0.0496,0.6543,-0.0568,0.6733,layer_23
abs_diff,col_norm,4,per_ckpt,10B,90,0.1081,0.035,0.1142,0.049,layer_23
abs_diff,col_norm,4,per_ckpt,42B,90,0.0862,0.041,0.0768,0.0999,layer_23
abs_diff,col_norm,4,per_ckpt,73B,90,0.0491,0.4416,0.0568,0.4086,layer_23
abs_diff,col_norm,4,per_ckpt,105B,90,0.0718,0.2937,0.1232,0.1119,layer_23
abs_diff,col_norm,4,per_ckpt,136B,90,0.2358,0.006,0.1947,0.03,layer_23
abs_diff,col_norm,4,per_ckpt,168B,90,0.0665,0.3936,0.102,0.1998,layer_23
abs_diff,col_norm,4,per_ckpt,199B,90,0.1113,0.1748,0.1276,0.1678,layer_23
abs_diff,col_norm,4,per_ckpt,231B,90,0.0672,0.3447,0.0501,0.5365,layer_23
abs_diff,col_norm,4,per_ckpt,262B,90,0.2314,0.049,0.2735,0.035,layer_23
abs_diff,col_norm,4,per_ckpt,294B,90,-0.0778,0.4086,-0.073,0.4785,layer_23
abs_diff,col_norm,4,per_ckpt,325B,90,0.0416,0.6753,0.0919,0.3576,layer_23
abs_diff,col_norm,4,per_ckpt,352B,90,-0.0858,0.4316,-0.0306,0.7742,layer_23
abs_diff,col_norm,4,per_ckpt,384B,90,0.0942,0.3437,0.0634,0.5495,layer_23
abs_diff,col_norm,4,per_ckpt,415B,90,0.057,0.6374,0.0904,0.4735,layer_23
abs_diff,col_norm,4,per_ckpt,447B,90,0.0662,0.5914,0.0637,0.6084,layer_23
abs_diff,col_norm,4,per_ckpt,478B,90,0.2855,0.008,0.3074,0.013,layer_23
abs_diff,col_norm,4,per_ckpt,510B,90,0.0003,0.998,-0.001,0.99,layer_23
abs_diff,col_norm,4,per_ckpt,541B,90,-0.0273,0.8262,0.0053,0.967,layer_23
abs_diff,col_norm,4,per_ckpt,573B,90,0.0272,0.7093,0.0461,0.5534,layer_23
abs_diff,col_norm,4,per_ckpt,main,90,0.0594,0.4795,0.0876,0.3347,layer_23
abs_diff,col_norm,8,per_ckpt,10B,90,0.1196,0.1958,0.0924,0.3756,layer_23
abs_diff,col_norm,8,per_ckpt,42B,90,0.0635,0.3676,0.0241,0.7702,layer_23
abs_diff,col_norm,8,per_ckpt,73B,90,-0.2153,0.004,-0.2348,0.003,layer_23
abs_diff,col_norm,8,per_ckpt,105B,90,0.1447,0.1019,0.1289,0.1389,layer_23
abs_diff,col_norm,8,per_ckpt,136B,90,-0.015,0.7892,0.009,0.8801,layer_23
abs_diff,col_norm,8,per_ckpt,168B,90,0.0592,0.4585,0.054,0.5604,layer_23
abs_diff,col_norm,8,per_ckpt,199B,90,-0.0572,0.6084,-0.0438,0.6873,layer_23
abs_diff,col_norm,8,per_ckpt,231B,90,0.0965,0.4296,0.1064,0.4515,layer_23
abs_diff,col_norm,8,per_ckpt,262B,90,0.131,0.2058,0.1563,0.1828,layer_23
abs_diff,col_norm,8,per_ckpt,294B,90,-0.0185,0.6963,0.0109,0.7932,layer_23
abs_diff,col_norm,8,per_ckpt,325B,90,-0.1288,0.0949,-0.1634,0.016,layer_23
abs_diff,col_norm,8,per_ckpt,352B,90,0.0567,0.5385,0.036,0.6883,layer_23
abs_diff,col_norm,8,per_ckpt,384B,90,-0.0474,0.6414,-0.0783,0.5345,layer_23
abs_diff,col_norm,8,per_ckpt,415B,90,-0.1981,0.0559,-0.2377,0.019,layer_23
abs_diff,col_norm,8,per_ckpt,447B,90,-0.1238,0.0809,-0.1654,0.039,layer_23
abs_diff,col_norm,8,per_ckpt,478B,90,-0.1039,0.2867,-0.0955,0.3646,layer_23
abs_diff,col_norm,8,per_ckpt,510B,90,-0.2729,0.0759,-0.2205,0.1818,layer_23
abs_diff,col_norm,8,per_ckpt,541B,90,0.1021,0.3636,0.0895,0.3976,layer_23
abs_diff,col_norm,8,per_ckpt,573B,90,0.0179,0.7992,0.0266,0.7443,layer_23
abs_diff,col_norm,8,per_ckpt,main,90,-0.0405,0.6713,-0.0497,0.6264,layer_23
signed_diff,row_norm,4,per_ckpt,10B,90,0.1509,0.4925,0.1554,0.4715,layer_23
signed_diff,row_norm,4,per_ckpt,42B,90,0.0689,0.6194,0.0826,0.6124,layer_23
signed_diff,row_norm,4,per_ckpt,73B,90,-0.3455,0.1259,-0.3386,0.1329,layer_23
signed_diff,row_norm,4,per_ckpt,105B,90,-0.0964,0.7003,-0.0927,0.7243,layer_23
signed_diff,row_norm,4,per_ckpt,136B,90,-0.0389,0.8661,-0.0371,0.8761,layer_23
signed_diff,row_norm,4,per_ckpt,168B,90,-0.0867,0.7053,-0.0624,0.7942,layer_23
signed_diff,row_norm,4,per_ckpt,199B,90,-0.1475,0.5065,-0.1835,0.4136,layer_23
signed_diff,row_norm,4,per_ckpt,231B,90,-0.4324,0.017,-0.4537,0.014,layer_23
signed_diff,row_norm,4,per_ckpt,262B,90,-0.1618,0.4575,-0.2981,0.1558,layer_23
signed_diff,row_norm,4,per_ckpt,294B,90,0.1126,0.6204,0.1255,0.5924,layer_23
signed_diff,row_norm,4,per_ckpt,325B,90,0.0902,0.6264,0.1079,0.5824,layer_23
signed_diff,row_norm,4,per_ckpt,352B,90,0.2118,0.3087,0.1602,0.4326,layer_23
signed_diff,row_norm,4,per_ckpt,384B,90,-0.162,0.4925,-0.1687,0.4835,layer_23
signed_diff,row_norm,4,per_ckpt,415B,90,-0.2288,0.3746,-0.2962,0.2587,layer_23
signed_diff,row_norm,4,per_ckpt,447B,90,-0.1083,0.6843,-0.1331,0.6034,layer_23
signed_diff,row_norm,4,per_ckpt,478B,90,-0.0185,0.9481,-0.0192,0.9371,layer_23
signed_diff,row_norm,4,per_ckpt,510B,90,-0.0637,0.5025,-0.0781,0.3976,layer_23
signed_diff,row_norm,4,per_ckpt,541B,90,0.0908,0.7193,0.0821,0.7572,layer_23
signed_diff,row_norm,4,per_ckpt,573B,90,-0.088,0.7293,-0.087,0.7333,layer_23
signed_diff,row_norm,4,per_ckpt,main,90,0.0008,0.997,0.0403,0.7892,layer_23
signed_diff,row_norm,8,per_ckpt,10B,90,-0.0731,0.6963,-0.1375,0.4735,layer_23
signed_diff,row_norm,8,per_ckpt,42B,90,-0.0007,0.994,0.026,0.8661,layer_23
signed_diff,row_norm,8,per_ckpt,73B,90,-0.1874,0.3736,-0.2119,0.3377,layer_23
signed_diff,row_norm,8,per_ckpt,105B,90,-0.0853,0.7722,-0.1526,0.6244,layer_23
signed_diff,row_norm,8,per_ckpt,136B,90,0.2103,0.2767,0.2081,0.3137,layer_23
signed_diff,row_norm,8,per_ckpt,168B,90,-0.0224,0.8611,-0.0033,0.981,layer_23
signed_diff,row_norm,8,per_ckpt,199B,90,0.2138,0.3626,0.2262,0.3247,layer_23
signed_diff,row_norm,8,per_ckpt,231B,90,-0.4075,0.032,-0.4006,0.034,layer_23
signed_diff,row_norm,8,per_ckpt,262B,90,0.1433,0.5495,0.1869,0.4416,layer_23
signed_diff,row_norm,8,per_ckpt,294B,90,0.2541,0.1528,0.2212,0.2388,layer_23
signed_diff,row_norm,8,per_ckpt,325B,90,0.1927,0.4426,0.116,0.6593,layer_23
signed_diff,row_norm,8,per_ckpt,352B,90,-0.1655,0.4635,-0.17,0.4605,layer_23
signed_diff,row_norm,8,per_ckpt,384B,90,-0.0408,0.8521,-0.0408,0.8561,layer_23
signed_diff,row_norm,8,per_ckpt,415B,90,-0.0481,0.8322,-0.0048,0.979,layer_23
signed_diff,row_norm,8,per_ckpt,447B,90,0.1178,0.5924,0.1615,0.4166,layer_23
signed_diff,row_norm,8,per_ckpt,478B,90,0.2863,0.2388,0.2686,0.2707,layer_23
signed_diff,row_norm,8,per_ckpt,510B,90,-0.2978,0.0919,-0.3188,0.0779,layer_23
signed_diff,row_norm,8,per_ckpt,541B,90,0.0684,0.7702,0.087,0.6883,layer_23
signed_diff,row_norm,8,per_ckpt,573B,90,0.0697,0.7562,0.0731,0.7752,layer_23
signed_diff,row_norm,8,per_ckpt,main,90,-0.2017,0.3576,-0.2083,0.3407,layer_23
signed_diff,col_norm,4,per_ckpt,10B,90,-0.2179,0.4665,-0.2262,0.4525,layer_23
signed_diff,col_norm,4,per_ckpt,42B,90,-0.1005,0.7642,-0.0731,0.8202,layer_23
signed_diff,col_norm,4,per_ckpt,73B,90,-0.0547,0.8771,-0.0443,0.9041,layer_23
signed_diff,col_norm,4,per_ckpt,105B,90,-0.1118,0.7063,-0.1392,0.6454,layer_23
signed_diff,col_norm,4,per_ckpt,136B,90,-0.3595,0.1908,-0.3975,0.1638,layer_23
signed_diff,col_norm,4,per_ckpt,168B,90,-0.3854,0.1698,-0.3573,0.2288,layer_23
signed_diff,col_norm,4,per_ckpt,199B,90,0.0882,0.7642,0.1029,0.7323,layer_23
signed_diff,col_norm,4,per_ckpt,231B,90,0.3266,0.3047,0.2891,0.3836,layer_23
signed_diff,col_norm,4,per_ckpt,262B,90,-0.0507,0.8302,-0.0266,0.9011,layer_23
signed_diff,col_norm,4,per_ckpt,294B,90,-0.2959,0.2877,-0.3201,0.2607,layer_23
signed_diff,col_norm,4,per_ckpt,325B,90,-0.1901,0.5125,-0.1354,0.6474,layer_23
signed_diff,col_norm,4,per_ckpt,352B,90,-0.5639,0.039,-0.5421,0.047,layer_23
signed_diff,col_norm,4,per_ckpt,384B,90,-0.0138,0.9481,-0.0142,0.956,layer_23
signed_diff,col_norm,4,per_ckpt,415B,90,0.0479,0.8452,0.045,0.8721,layer_23
signed_diff,col_norm,4,per_ckpt,447B,90,0.0416,0.8871,0.0941,0.7692,layer_23
signed_diff,col_norm,4,per_ckpt,478B,90,-0.3192,0.2607,-0.3175,0.2697,layer_23
signed_diff,col_norm,4,per_ckpt,510B,90,-0.2241,0.4326,-0.2202,0.4605,layer_23
signed_diff,col_norm,4,per_ckpt,541B,90,-0.1043,0.6713,-0.066,0.7812,layer_23
signed_diff,col_norm,4,per_ckpt,573B,90,-0.6281,0.029,-0.5757,0.045,layer_23
signed_diff,col_norm,4,per_ckpt,main,90,-0.131,0.6414,-0.0886,0.7642,layer_23
signed_diff,col_norm,8,per_ckpt,10B,90,-0.2182,0.4036,-0.2072,0.4216,layer_23
signed_diff,col_norm,8,per_ckpt,42B,90,-0.5981,0.017,-0.5566,0.032,layer_23
signed_diff,col_norm,8,per_ckpt,73B,90,-0.1154,0.6813,-0.146,0.6214,layer_23
signed_diff,col_norm,8,per_ckpt,105B,90,-0.3191,0.1838,-0.321,0.1968,layer_23
signed_diff,col_norm,8,per_ckpt,136B,90,-0.5253,0.0969,-0.5248,0.1009,layer_23
signed_diff,col_norm,8,per_ckpt,168B,90,-0.1606,0.5534,-0.13,0.6364,layer_23
signed_diff,col_norm,8,per_ckpt,199B,90,-0.4682,0.048,-0.4635,0.0569,layer_23
signed_diff,col_norm,8,per_ckpt,231B,90,0.0757,0.7632,0.1225,0.6723,layer_23
signed_diff,col_norm,8,per_ckpt,262B,90,-0.2105,0.4436,-0.2218,0.4296,layer_23
signed_diff,col_norm,8,per_ckpt,294B,90,-0.0364,0.9001,-0.1254,0.7113,layer_23
signed_diff,col_norm,8,per_ckpt,325B,90,0.0509,0.8641,0.0051,0.989,layer_23
signed_diff,col_norm,8,per_ckpt,352B,90,-0.3863,0.1279,-0.3193,0.2398,layer_23
signed_diff,col_norm,8,per_ckpt,384B,90,-0.1757,0.5534,-0.1384,0.6364,layer_23
signed_diff,col_norm,8,per_ckpt,415B,90,-0.3196,0.2168,-0.3082,0.2557,layer_23
signed_diff,col_norm,8,per_ckpt,447B,90,-0.3975,0.1688,-0.2375,0.4126,layer_23
signed_diff,col_norm,8,per_ckpt,478B,90,-0.3472,0.2048,-0.3326,0.2278,layer_23
signed_diff,col_norm,8,per_ckpt,510B,90,-0.2019,0.3117,-0.2019,0.3087,layer_23
signed_diff,col_norm,8,per_ckpt,541B,90,-0.19,0.5015,-0.1372,0.6234,layer_23
signed_diff,col_norm,8,per_ckpt,573B,90,-0.3526,0.2348,-0.2954,0.3327,layer_23
signed_diff,col_norm,8,per_ckpt,main,90,0.1183,0.6633,0.1091,0.7133,layer_23
min_rankme,row_norm,4,per_ckpt,10B,90,0.039,0.8032,0.0824,0.5634,layer_23
min_rankme,row_norm,4,per_ckpt,42B,90,-0.0047,0.982,0.094,0.5764,layer_23
min_rankme,row_norm,4,per_ckpt,73B,90,-0.0758,0.6304,-0.0999,0.6004,layer_23
min_rankme,row_norm,4,per_ckpt,105B,90,-0.0355,0.8362,-0.0526,0.7552,layer_23
min_rankme,row_norm,4,per_ckpt,136B,90,-0.2333,0.1538,-0.2067,0.1808,layer_23
min_rankme,row_norm,4,per_ckpt,168B,90,-0.024,0.8781,-0.0474,0.7872,layer_23
min_rankme,row_norm,4,per_ckpt,199B,90,-0.2137,0.2088,-0.2905,0.0999,layer_23
min_rankme,row_norm,4,per_ckpt,231B,90,-0.3255,0.044,-0.2742,0.1059,layer_23
min_rankme,row_norm,4,per_ckpt,262B,90,-0.2297,0.1908,-0.3066,0.0909,layer_23
min_rankme,row_norm,4,per_ckpt,294B,90,0.0352,0.8352,0.0904,0.6374,layer_23
min_rankme,row_norm,4,per_ckpt,325B,90,0.1337,0.4426,0.0281,0.8751,layer_23
min_rankme,row_norm,4,per_ckpt,352B,90,0.2334,0.1409,0.1525,0.3876,layer_23
min_rankme,row_norm,4,per_ckpt,384B,90,-0.1437,0.2318,-0.166,0.1678,layer_23
min_rankme,row_norm,4,per_ckpt,415B,90,-0.2048,0.1179,-0.3074,0.0559,layer_23
min_rankme,row_norm,4,per_ckpt,447B,90,-0.0817,0.6394,-0.088,0.5984,layer_23
min_rankme,row_norm,4,per_ckpt,478B,90,-0.2358,0.1229,-0.2706,0.0879,layer_23
min_rankme,row_norm,4,per_ckpt,510B,90,0.0524,0.7752,-0.0475,0.8691,layer_23
min_rankme,row_norm,4,per_ckpt,541B,90,0.0702,0.6104,0.0785,0.5225,layer_23
min_rankme,row_norm,4,per_ckpt,573B,90,-0.0223,0.8681,-0.0698,0.5654,layer_23
min_rankme,row_norm,4,per_ckpt,main,90,0.0417,0.7852,-0.0009,0.993,layer_23
min_rankme,row_norm,8,per_ckpt,10B,90,-0.3412,0.0679,-0.2629,0.1329,layer_23
min_rankme,row_norm,8,per_ckpt,42B,90,0.308,0.0629,0.2531,0.1259,layer_23
min_rankme,row_norm,8,per_ckpt,73B,90,0.1961,0.2807,0.1583,0.3746,layer_23
min_rankme,row_norm,8,per_ckpt,105B,90,-0.152,0.1878,-0.119,0.2468,layer_23
min_rankme,row_norm,8,per_ckpt,136B,90,0.2422,0.1409,0.262,0.1169,layer_23
min_rankme,row_norm,8,per_ckpt,168B,90,-0.2274,0.1998,-0.21,0.2577,layer_23
min_rankme,row_norm,8,per_ckpt,199B,90,0.0592,0.6973,0.0728,0.6324,layer_23
min_rankme,row_norm,8,per_ckpt,231B,90,-0.1967,0.2957,-0.1796,0.3746,layer_23
min_rankme,row_norm,8,per_ckpt,262B,90,-0.1625,0.2787,-0.2231,0.1558,layer_23
min_rankme,row_norm,8,per_ckpt,294B,90,-0.1302,0.2987,-0.126,0.3307,layer_23
min_rankme,row_norm,8,per_ckpt,325B,90,0.2419,0.019,0.2329,0.01,layer_23
min_rankme,row_norm,8,per_ckpt,352B,90,-0.1014,0.4565,-0.0714,0.6054,layer_23
min_rankme,row_norm,8,per_ckpt,384B,90,-0.0889,0.6354,-0.0452,0.7782,layer_23
min_rankme,row_norm,8,per_ckpt,415B,90,0.1948,0.2108,0.2425,0.1049,layer_23
min_rankme,row_norm,8,per_ckpt,447B,90,0.2295,0.025,0.2363,0.029,layer_23
min_rankme,row_norm,8,per_ckpt,478B,90,0.1059,0.4046,0.1332,0.2957,layer_23
min_rankme,row_norm,8,per_ckpt,510B,90,-0.1655,0.3536,-0.0978,0.5285,layer_23
min_rankme,row_norm,8,per_ckpt,541B,90,-0.0284,0.8791,-0.0903,0.5155,layer_23
min_rankme,row_norm,8,per_ckpt,573B,90,0.1455,0.3497,0.047,0.7413,layer_23
min_rankme,row_norm,8,per_ckpt,main,90,-0.0888,0.4555,-0.1145,0.3766,layer_23
min_rankme,col_norm,4,per_ckpt,10B,90,0.0363,0.6404,0.0561,0.4875,layer_23
min_rankme,col_norm,4,per_ckpt,42B,90,0.0014,0.985,0.0427,0.5445,layer_23
min_rankme,col_norm,4,per_ckpt,73B,90,-0.0324,0.7822,-0.0627,0.6234,layer_23
min_rankme,col_norm,4,per_ckpt,105B,90,-0.0222,0.8252,-0.0363,0.7403,layer_23
min_rankme,col_norm,4,per_ckpt,136B,90,-0.174,0.1618,-0.1781,0.1708,layer_23
min_rankme,col_norm,4,per_ckpt,168B,90,0.0072,0.9461,-0.0253,0.8232,layer_23
min_rankme,col_norm,4,per_ckpt,199B,90,-0.1493,0.1598,-0.1949,0.0969,layer_23
min_rankme,col_norm,4,per_ckpt,231B,90,-0.1426,0.0729,-0.126,0.1429,layer_23
min_rankme,col_norm,4,per_ckpt,262B,90,-0.2209,0.1598,-0.2745,0.0939,layer_23
min_rankme,col_norm,4,per_ckpt,294B,90,0.0584,0.7003,0.0709,0.6344,layer_23
min_rankme,col_norm,4,per_ckpt,325B,90,0.085,0.5025,0.0207,0.8671,layer_23
min_rankme,col_norm,4,per_ckpt,352B,90,0.1746,0.1399,0.1014,0.4096,layer_23
min_rankme,col_norm,4,per_ckpt,384B,90,-0.1071,0.2727,-0.1371,0.1968,layer_23
min_rankme,col_norm,4,per_ckpt,415B,90,-0.2015,0.1189,-0.2879,0.0589,layer_23
min_rankme,col_norm,4,per_ckpt,447B,90,-0.0745,0.5914,-0.063,0.6344,layer_23
min_rankme,col_norm,4,per_ckpt,478B,90,-0.2092,0.1079,-0.2376,0.0889,layer_23
min_rankme,col_norm,4,per_ckpt,510B,90,0.0072,0.953,-0.0211,0.8961,layer_23
min_rankme,col_norm,4,per_ckpt,541B,90,0.0856,0.5065,0.0748,0.5614,layer_23
min_rankme,col_norm,4,per_ckpt,573B,90,0.0024,0.978,-0.0527,0.5215,layer_23
min_rankme,col_norm,4,per_ckpt,main,90,0.0406,0.6633,0.0046,0.966,layer_23
min_rankme,col_norm,8,per_ckpt,10B,90,-0.2549,0.0529,-0.2136,0.1259,layer_23
min_rankme,col_norm,8,per_ckpt,42B,90,0.1571,0.1099,0.1582,0.1359,layer_23
min_rankme,col_norm,8,per_ckpt,73B,90,0.1724,0.2717,0.1319,0.3686,layer_23
min_rankme,col_norm,8,per_ckpt,105B,90,-0.0721,0.5225,-0.1348,0.2318,layer_23
min_rankme,col_norm,8,per_ckpt,136B,90,0.106,0.2018,0.117,0.1189,layer_23
min_rankme,col_norm,8,per_ckpt,168B,90,-0.1211,0.3097,-0.1344,0.2488,layer_23
min_rankme,col_norm,8,per_ckpt,199B,90,0.0423,0.7682,0.0733,0.6064,layer_23
min_rankme,col_norm,8,per_ckpt,231B,90,-0.1298,0.4076,-0.1485,0.3726,layer_23
min_rankme,col_norm,8,per_ckpt,262B,90,-0.1638,0.1518,-0.1842,0.1469,layer_23
min_rankme,col_norm,8,per_ckpt,294B,90,-0.0413,0.5305,-0.0342,0.5864,layer_23
min_rankme,col_norm,8,per_ckpt,325B,90,0.1766,0.04,0.1914,0.01,layer_23
min_rankme,col_norm,8,per_ckpt,352B,90,-0.0389,0.7103,-0.0531,0.6184,layer_23
min_rankme,col_norm,8,per_ckpt,384B,90,-0.07,0.5485,-0.0328,0.7932,layer_23
min_rankme,col_norm,8,per_ckpt,415B,90,0.1436,0.2468,0.1953,0.1039,layer_23
min_rankme,col_norm,8,per_ckpt,447B,90,0.1505,0.035,0.1789,0.024,layer_23
min_rankme,col_norm,8,per_ckpt,478B,90,0.0908,0.4006,0.1188,0.2897,layer_23
min_rankme,col_norm,8,per_ckpt,510B,90,-0.1205,0.4775,-0.0955,0.5275,layer_23
min_rankme,col_norm,8,per_ckpt,541B,90,-0.0318,0.7872,-0.0666,0.5105,layer_23
min_rankme,col_norm,8,per_ckpt,573B,90,0.0666,0.4126,0.0288,0.7233,layer_23
min_rankme,col_norm,8,per_ckpt,main,90,-0.0599,0.5205,-0.0819,0.4026,layer_23
norm_asym,row_norm,4,per_ckpt,10B,90,0.0273,0.9041,0.0257,0.8971,layer_23
norm_asym,row_norm,4,per_ckpt,42B,90,-0.0014,0.993,-0.0014,0.995,layer_23
norm_asym,row_norm,4,per_ckpt,73B,90,-0.3798,0.0639,-0.3974,0.0519,layer_23
norm_asym,row_norm,4,per_ckpt,105B,90,-0.2241,0.3437,-0.2345,0.3147,layer_23
norm_asym,row_norm,4,per_ckpt,136B,90,-0.0809,0.7363,-0.0471,0.8462,layer_23
norm_asym,row_norm,4,per_ckpt,168B,90,-0.1328,0.5564,-0.1524,0.5485,layer_23
norm_asym,row_norm,4,per_ckpt,199B,90,-0.1137,0.6034,-0.1945,0.4236,layer_23
norm_asym,row_norm,4,per_ckpt,231B,90,-0.4553,0.011,-0.4865,0.012,layer_23
norm_asym,row_norm,4,per_ckpt,262B,90,-0.1826,0.3876,-0.4005,0.0889,layer_23
norm_asym,row_norm,4,per_ckpt,294B,90,0.13,0.5634,0.125,0.5914,layer_23
norm_asym,row_norm,4,per_ckpt,325B,90,0.0954,0.5734,-0.0026,0.988,layer_23
norm_asym,row_norm,4,per_ckpt,352B,90,0.2106,0.2917,0.1307,0.4146,layer_23
norm_asym,row_norm,4,per_ckpt,384B,90,-0.1897,0.4286,-0.2226,0.3696,layer_23
norm_asym,row_norm,4,per_ckpt,415B,90,-0.2268,0.3736,-0.3413,0.1818,layer_23
norm_asym,row_norm,4,per_ckpt,447B,90,-0.1189,0.6344,-0.1634,0.5415,layer_23
norm_asym,row_norm,4,per_ckpt,478B,90,-0.0497,0.8462,-0.0916,0.7822,layer_23
norm_asym,row_norm,4,per_ckpt,510B,90,-0.0522,0.5804,-0.0651,0.5065,layer_23
norm_asym,row_norm,4,per_ckpt,541B,90,0.083,0.7353,0.0933,0.7463,layer_23
norm_asym,row_norm,4,per_ckpt,573B,90,-0.0979,0.7073,-0.0295,0.9121,layer_23
norm_asym,row_norm,4,per_ckpt,main,90,-0.0382,0.8162,-0.0025,0.987,layer_23
norm_asym,row_norm,8,per_ckpt,10B,90,-0.1309,0.4296,-0.2198,0.2068,layer_23
norm_asym,row_norm,8,per_ckpt,42B,90,0.0265,0.8531,0.0274,0.8591,layer_23
norm_asym,row_norm,8,per_ckpt,73B,90,-0.1104,0.6054,-0.1088,0.6314,layer_23
norm_asym,row_norm,8,per_ckpt,105B,90,-0.1374,0.6134,-0.1776,0.4935,layer_23
norm_asym,row_norm,8,per_ckpt,136B,90,0.2787,0.1359,0.2839,0.1618,layer_23
norm_asym,row_norm,8,per_ckpt,168B,90,-0.0294,0.8212,0.0135,0.9231,layer_23
norm_asym,row_norm,8,per_ckpt,199B,90,0.2443,0.2897,0.3015,0.2018,layer_23
norm_asym,row_norm,8,per_ckpt,231B,90,-0.3949,0.036,-0.335,0.1029,layer_23
norm_asym,row_norm,8,per_ckpt,262B,90,0.1365,0.5664,0.1758,0.5155,layer_23
norm_asym,row_norm,8,per_ckpt,294B,90,0.3012,0.0809,0.262,0.1419,layer_23
norm_asym,row_norm,8,per_ckpt,325B,90,0.2011,0.4296,0.1238,0.6094,layer_23
norm_asym,row_norm,8,per_ckpt,352B,90,-0.1614,0.4685,-0.1768,0.4046,layer_23
norm_asym,row_norm,8,per_ckpt,384B,90,-0.0071,0.963,0.0525,0.8482,layer_23
norm_asym,row_norm,8,per_ckpt,415B,90,-0.0177,0.9341,0.0766,0.7463,layer_23
norm_asym,row_norm,8,per_ckpt,447B,90,0.1071,0.6214,0.1654,0.3736,layer_23
norm_asym,row_norm,8,per_ckpt,478B,90,0.2691,0.2657,0.2665,0.2807,layer_23
norm_asym,row_norm,8,per_ckpt,510B,90,-0.2799,0.1219,-0.2207,0.2468,layer_23
norm_asym,row_norm,8,per_ckpt,541B,90,0.0636,0.7822,0.0983,0.6523,layer_23
norm_asym,row_norm,8,per_ckpt,573B,90,0.0418,0.8472,0.0701,0.7722,layer_23
norm_asym,row_norm,8,per_ckpt,main,90,-0.152,0.4945,-0.0905,0.6713,layer_23
norm_asym,col_norm,4,per_ckpt,10B,90,-0.1872,0.5245,-0.1965,0.5175,layer_23
norm_asym,col_norm,4,per_ckpt,42B,90,-0.1253,0.6893,-0.0864,0.7832,layer_23
norm_asym,col_norm,4,per_ckpt,73B,90,-0.1104,0.7103,-0.0894,0.7692,layer_23
norm_asym,col_norm,4,per_ckpt,105B,90,-0.1623,0.6034,-0.1874,0.5584,layer_23
norm_asym,col_norm,4,per_ckpt,136B,90,-0.355,0.1928,-0.3681,0.1808,layer_23
norm_asym,col_norm,4,per_ckpt,168B,90,-0.368,0.1948,-0.2845,0.3736,layer_23
norm_asym,col_norm,4,per_ckpt,199B,90,0.1598,0.6034,0.2113,0.4965,layer_23
norm_asym,col_norm,4,per_ckpt,231B,90,0.3031,0.3447,0.1724,0.5385,layer_23
norm_asym,col_norm,4,per_ckpt,262B,90,-0.0395,0.8581,0.0585,0.7532,layer_23
norm_asym,col_norm,4,per_ckpt,294B,90,-0.2845,0.3037,-0.2784,0.3347,layer_23
norm_asym,col_norm,4,per_ckpt,325B,90,-0.1389,0.6234,0.0134,0.96,layer_23
norm_asym,col_norm,4,per_ckpt,352B,90,-0.5567,0.041,-0.505,0.0689,layer_23
norm_asym,col_norm,4,per_ckpt,384B,90,0.03,0.8981,0.1153,0.7103,layer_23
norm_asym,col_norm,4,per_ckpt,415B,90,0.0771,0.7602,0.0907,0.7373,layer_23
norm_asym,col_norm,4,per_ckpt,447B,90,0.0451,0.8781,0.1249,0.6793,layer_23
norm_asym,col_norm,4,per_ckpt,478B,90,-0.2816,0.3137,-0.183,0.5235,layer_23
norm_asym,col_norm,4,per_ckpt,510B,90,-0.1793,0.5395,-0.0759,0.7822,layer_23
norm_asym,col_norm,4,per_ckpt,541B,90,-0.1112,0.6523,0.0141,0.963,layer_23
norm_asym,col_norm,4,per_ckpt,573B,90,-0.6268,0.026,-0.4896,0.0929,layer_23
norm_asym,col_norm,4,per_ckpt,main,90,-0.1677,0.5385,-0.1207,0.6094,layer_23
norm_asym,col_norm,8,per_ckpt,10B,90,-0.1017,0.6833,-0.0853,0.7303,layer_23
norm_asym,col_norm,8,per_ckpt,42B,90,-0.5017,0.0569,-0.4828,0.0679,layer_23
norm_asym,col_norm,8,per_ckpt,73B,90,-0.0897,0.7463,-0.1332,0.6374,layer_23
norm_asym,col_norm,8,per_ckpt,105B,90,-0.2385,0.3457,-0.2132,0.4326,layer_23
norm_asym,col_norm,8,per_ckpt,136B,90,-0.3897,0.2248,-0.3296,0.3337,layer_23
norm_asym,col_norm,8,per_ckpt,168B,90,-0.0809,0.7552,0.037,0.8871,layer_23
norm_asym,col_norm,8,per_ckpt,199B,90,-0.4576,0.0549,-0.4363,0.0899,layer_23
norm_asym,col_norm,8,per_ckpt,231B,90,0.1308,0.6494,0.2638,0.3696,layer_23
norm_asym,col_norm,8,per_ckpt,262B,90,-0.213,0.4326,-0.2934,0.2647,layer_23
norm_asym,col_norm,8,per_ckpt,294B,90,-0.0073,0.983,-0.0598,0.8482,layer_23
norm_asym,col_norm,8,per_ckpt,325B,90,0.0818,0.8022,0.0588,0.8222,layer_23
norm_asym,col_norm,8,per_ckpt,352B,90,-0.3564,0.1638,-0.2353,0.3956,layer_23
norm_asym,col_norm,8,per_ckpt,384B,90,-0.1935,0.5035,-0.1607,0.5824,layer_23
norm_asym,col_norm,8,per_ckpt,415B,90,-0.3238,0.2118,-0.3164,0.2438,layer_23
norm_asym,col_norm,8,per_ckpt,447B,90,-0.3903,0.1728,-0.1593,0.5584,layer_23
norm_asym,col_norm,8,per_ckpt,478B,90,-0.3611,0.1768,-0.3196,0.2647,layer_23
norm_asym,col_norm,8,per_ckpt,510B,90,-0.2103,0.2897,-0.2147,0.2887,layer_23
norm_asym,col_norm,8,per_ckpt,541B,90,-0.1931,0.4955,-0.0503,0.8531,layer_23
norm_asym,col_norm,8,per_ckpt,573B,90,-0.3174,0.2857,-0.1968,0.5135,layer_23
norm_asym,col_norm,8,per_ckpt,main,90,0.0594,0.8332,0.0408,0.8701,layer_23
abs_diff,row_norm,4,pooled,,1800,-0.0257,0.2761,-0.0149,0.5265,layer_24
abs_diff,row_norm,8,pooled,,1800,-0.065,0.0058,-0.0367,0.1197,layer_24
abs_diff,col_norm,4,pooled,,1800,-0.0179,0.4466,-0.009,0.7025,layer_24
abs_diff,col_norm,8,pooled,,1800,-0.0461,0.0507,-0.0268,0.256,layer_24
signed_diff,row_norm,4,pooled,,1800,-0.0632,0.0074,-0.0404,0.0866,layer_24
signed_diff,row_norm,8,pooled,,1800,-0.016,0.4969,-0.0355,0.1324,layer_24
signed_diff,col_norm,4,pooled,,1800,-0.1397,0.0,-0.0923,0.0001,layer_24
signed_diff,col_norm,8,pooled,,1800,-0.2165,0.0,-0.1853,0.0,layer_24
min_rankme,row_norm,4,pooled,,1800,-0.1497,0.0,-0.0953,0.0001,layer_24
min_rankme,row_norm,8,pooled,,1800,-0.0292,0.2156,-0.0342,0.147,layer_24
min_rankme,col_norm,4,pooled,,1800,-0.0999,0.0,-0.0643,0.0064,layer_24
min_rankme,col_norm,8,pooled,,1800,-0.022,0.352,-0.0256,0.278,layer_24
norm_asym,row_norm,4,pooled,,1800,-0.0937,0.0001,-0.1188,0.0,layer_24
norm_asym,row_norm,8,pooled,,1800,-0.0011,0.9613,0.0112,0.6363,layer_24
norm_asym,col_norm,4,pooled,,1800,-0.1425,0.0,-0.1102,0.0,layer_24
norm_asym,col_norm,8,pooled,,1800,-0.1948,0.0,-0.1618,0.0,layer_24
abs_diff,row_norm,4,per_ckpt,10B,90,0.2174,0.019,0.2215,0.037,layer_24
abs_diff,row_norm,4,per_ckpt,42B,90,0.2162,0.04,0.1741,0.1179,layer_24
abs_diff,row_norm,4,per_ckpt,73B,90,0.0945,0.3067,0.0929,0.3766,layer_24
abs_diff,row_norm,4,per_ckpt,105B,90,0.1294,0.1878,0.1719,0.1289,layer_24
abs_diff,row_norm,4,per_ckpt,136B,90,0.2118,0.022,0.2272,0.032,layer_24
abs_diff,row_norm,4,per_ckpt,168B,90,0.0767,0.5015,0.1433,0.2168,layer_24
abs_diff,row_norm,4,per_ckpt,199B,90,0.1169,0.3437,0.1475,0.2907,layer_24
abs_diff,row_norm,4,per_ckpt,231B,90,0.1503,0.3127,0.1084,0.4985,layer_24
abs_diff,row_norm,4,per_ckpt,262B,90,0.1758,0.2268,0.2625,0.0759,layer_24
abs_diff,row_norm,4,per_ckpt,294B,90,-0.1276,0.3217,-0.1083,0.4046,layer_24
abs_diff,row_norm,4,per_ckpt,325B,90,0.0554,0.6673,0.0905,0.4815,layer_24
abs_diff,row_norm,4,per_ckpt,352B,90,-0.0079,0.956,-0.0213,0.9021,layer_24
abs_diff,row_norm,4,per_ckpt,384B,90,0.0493,0.6254,0.0888,0.4176,layer_24
abs_diff,row_norm,4,per_ckpt,415B,90,0.0298,0.8152,0.0591,0.6623,layer_24
abs_diff,row_norm,4,per_ckpt,447B,90,0.1286,0.4066,0.1076,0.4965,layer_24
abs_diff,row_norm,4,per_ckpt,478B,90,0.3143,0.025,0.3297,0.025,layer_24
abs_diff,row_norm,4,per_ckpt,510B,90,-0.0307,0.8492,0.0257,0.8701,layer_24
abs_diff,row_norm,4,per_ckpt,541B,90,0.0343,0.7922,0.0218,0.8501,layer_24
abs_diff,row_norm,4,per_ckpt,573B,90,0.0391,0.7303,0.0383,0.7233,layer_24
abs_diff,row_norm,4,per_ckpt,main,90,0.0617,0.6633,0.0742,0.5954,layer_24
abs_diff,row_norm,8,per_ckpt,10B,90,0.1223,0.3227,0.1153,0.3666,layer_24
abs_diff,row_norm,8,per_ckpt,42B,90,0.0326,0.7622,0.0288,0.8222,layer_24
abs_diff,row_norm,8,per_ckpt,73B,90,-0.2349,0.014,-0.2803,0.003,layer_24
abs_diff,row_norm,8,per_ckpt,105B,90,0.1266,0.1029,0.1115,0.1379,layer_24
abs_diff,row_norm,8,per_ckpt,136B,90,-0.013,0.9201,0.008,0.9321,layer_24
abs_diff,row_norm,8,per_ckpt,168B,90,0.0813,0.5495,0.0741,0.5944,layer_24
abs_diff,row_norm,8,per_ckpt,199B,90,-0.0541,0.6304,-0.024,0.8382,layer_24
abs_diff,row_norm,8,per_ckpt,231B,90,0.1392,0.3187,0.132,0.4046,layer_24
abs_diff,row_norm,8,per_ckpt,262B,90,0.1602,0.2348,0.1933,0.1648,layer_24
abs_diff,row_norm,8,per_ckpt,294B,90,0.0496,0.6064,0.0222,0.8521,layer_24
abs_diff,row_norm,8,per_ckpt,325B,90,-0.309,0.001,-0.2587,0.002,layer_24
abs_diff,row_norm,8,per_ckpt,352B,90,-0.0226,0.8561,-0.0063,0.9401,layer_24
abs_diff,row_norm,8,per_ckpt,384B,90,-0.1037,0.4775,-0.1187,0.4505,layer_24
abs_diff,row_norm,8,per_ckpt,415B,90,-0.2889,0.017,-0.2966,0.012,layer_24
abs_diff,row_norm,8,per_ckpt,447B,90,-0.2395,0.012,-0.2346,0.021,layer_24
abs_diff,row_norm,8,per_ckpt,478B,90,-0.1692,0.1459,-0.139,0.2458,layer_24
abs_diff,row_norm,8,per_ckpt,510B,90,-0.2704,0.1019,-0.2595,0.1389,layer_24
abs_diff,row_norm,8,per_ckpt,541B,90,0.1324,0.3686,0.1702,0.2857,layer_24
abs_diff,row_norm,8,per_ckpt,573B,90,0.0466,0.7433,0.068,0.6484,layer_24
abs_diff,row_norm,8,per_ckpt,main,90,-0.0883,0.4206,-0.0782,0.5325,layer_24
abs_diff,col_norm,4,per_ckpt,10B,90,0.104,0.039,0.114,0.05,layer_24
abs_diff,col_norm,4,per_ckpt,42B,90,0.0774,0.049,0.0745,0.1029,layer_24
abs_diff,col_norm,4,per_ckpt,73B,90,0.0494,0.4276,0.0564,0.4166,layer_24
abs_diff,col_norm,4,per_ckpt,105B,90,0.0562,0.3796,0.1109,0.1319,layer_24
abs_diff,col_norm,4,per_ckpt,136B,90,0.2356,0.003,0.1946,0.026,layer_24
abs_diff,col_norm,4,per_ckpt,168B,90,0.0551,0.4755,0.0912,0.2358,layer_24
abs_diff,col_norm,4,per_ckpt,199B,90,0.083,0.3197,0.097,0.2947,layer_24
abs_diff,col_norm,4,per_ckpt,231B,90,0.0545,0.4256,0.0452,0.5614,layer_24
abs_diff,col_norm,4,per_ckpt,262B,90,0.196,0.1159,0.2359,0.0789,layer_24
abs_diff,col_norm,4,per_ckpt,294B,90,-0.1043,0.2777,-0.087,0.3946,layer_24
abs_diff,col_norm,4,per_ckpt,325B,90,0.0371,0.6913,0.0647,0.4835,layer_24
abs_diff,col_norm,4,per_ckpt,352B,90,-0.0479,0.6643,-0.0087,0.9341,layer_24
abs_diff,col_norm,4,per_ckpt,384B,90,0.0938,0.2987,0.0744,0.4356,layer_24
abs_diff,col_norm,4,per_ckpt,415B,90,0.0327,0.7882,0.0538,0.6763,layer_24
abs_diff,col_norm,4,per_ckpt,447B,90,0.093,0.4725,0.0762,0.5425,layer_24
abs_diff,col_norm,4,per_ckpt,478B,90,0.2575,0.033,0.3004,0.023,layer_24
abs_diff,col_norm,4,per_ckpt,510B,90,0.0334,0.7393,0.0152,0.8681,layer_24
abs_diff,col_norm,4,per_ckpt,541B,90,0.0299,0.8152,0.0309,0.7962,layer_24
abs_diff,col_norm,4,per_ckpt,573B,90,0.0259,0.7283,0.0347,0.6693,layer_24
abs_diff,col_norm,4,per_ckpt,main,90,0.0168,0.8422,0.0413,0.6444,layer_24
abs_diff,col_norm,8,per_ckpt,10B,90,0.1207,0.1808,0.0953,0.3576,layer_24
abs_diff,col_norm,8,per_ckpt,42B,90,0.0539,0.4276,0.0226,0.7782,layer_24
abs_diff,col_norm,8,per_ckpt,73B,90,-0.2112,0.004,-0.2297,0.004,layer_24
abs_diff,col_norm,8,per_ckpt,105B,90,0.1513,0.0739,0.1323,0.1199,layer_24
abs_diff,col_norm,8,per_ckpt,136B,90,-0.0182,0.7273,0.0113,0.8412,layer_24
abs_diff,col_norm,8,per_ckpt,168B,90,0.068,0.3926,0.0494,0.5844,layer_24
abs_diff,col_norm,8,per_ckpt,199B,90,-0.0339,0.7742,-0.0204,0.8521,layer_24
abs_diff,col_norm,8,per_ckpt,231B,90,0.0829,0.4825,0.1068,0.4116,layer_24
abs_diff,col_norm,8,per_ckpt,262B,90,0.1601,0.1139,0.16,0.1608,layer_24
abs_diff,col_norm,8,per_ckpt,294B,90,-0.017,0.7223,0.012,0.7992,layer_24
abs_diff,col_norm,8,per_ckpt,325B,90,-0.2077,0.004,-0.2103,0.002,layer_24
abs_diff,col_norm,8,per_ckpt,352B,90,-0.0008,0.995,-0.0063,0.9241,layer_24
abs_diff,col_norm,8,per_ckpt,384B,90,-0.0453,0.6613,-0.0968,0.4216,layer_24
abs_diff,col_norm,8,per_ckpt,415B,90,-0.2094,0.039,-0.2441,0.012,layer_24
abs_diff,col_norm,8,per_ckpt,447B,90,-0.1656,0.014,-0.1751,0.02,layer_24
abs_diff,col_norm,8,per_ckpt,478B,90,-0.1252,0.1978,-0.1208,0.2647,layer_24
abs_diff,col_norm,8,per_ckpt,510B,90,-0.2989,0.0629,-0.2537,0.1369,layer_24
abs_diff,col_norm,8,per_ckpt,541B,90,0.1488,0.2008,0.1236,0.2877,layer_24
abs_diff,col_norm,8,per_ckpt,573B,90,0.0353,0.6623,0.0417,0.6164,layer_24
abs_diff,col_norm,8,per_ckpt,main,90,-0.0648,0.4855,-0.0659,0.4775,layer_24
signed_diff,row_norm,4,per_ckpt,10B,90,0.1463,0.5025,0.1542,0.4735,layer_24
signed_diff,row_norm,4,per_ckpt,42B,90,0.0594,0.6703,0.0796,0.6244,layer_24
signed_diff,row_norm,4,per_ckpt,73B,90,-0.3449,0.1259,-0.3388,0.1309,layer_24
signed_diff,row_norm,4,per_ckpt,105B,90,-0.1148,0.6464,-0.1106,0.6643,layer_24
signed_diff,row_norm,4,per_ckpt,136B,90,-0.0515,0.8282,-0.0431,0.8511,layer_24
signed_diff,row_norm,4,per_ckpt,168B,90,-0.0749,0.7443,-0.0454,0.8432,layer_24
signed_diff,row_norm,4,per_ckpt,199B,90,-0.1593,0.4875,-0.1845,0.4116,layer_24
signed_diff,row_norm,4,per_ckpt,231B,90,-0.4308,0.022,-0.4434,0.02,layer_24
signed_diff,row_norm,4,per_ckpt,262B,90,-0.1658,0.4366,-0.2638,0.2068,layer_24
signed_diff,row_norm,4,per_ckpt,294B,90,0.1053,0.6553,0.108,0.6643,layer_24
signed_diff,row_norm,4,per_ckpt,325B,90,0.0908,0.6074,0.1178,0.5435,layer_24
signed_diff,row_norm,4,per_ckpt,352B,90,0.158,0.4346,0.1062,0.5684,layer_24
signed_diff,row_norm,4,per_ckpt,384B,90,-0.0986,0.6663,-0.1274,0.5954,layer_24
signed_diff,row_norm,4,per_ckpt,415B,90,-0.2265,0.3706,-0.282,0.2727,layer_24
signed_diff,row_norm,4,per_ckpt,447B,90,-0.1974,0.4096,-0.2002,0.4016,layer_24
signed_diff,row_norm,4,per_ckpt,478B,90,-0.0277,0.9151,-0.0271,0.9201,layer_24
signed_diff,row_norm,4,per_ckpt,510B,90,-0.054,0.5774,-0.0887,0.3447,layer_24
signed_diff,row_norm,4,per_ckpt,541B,90,0.1497,0.5514,0.1272,0.6434,layer_24
signed_diff,row_norm,4,per_ckpt,573B,90,-0.14,0.6024,-0.123,0.6553,layer_24
signed_diff,row_norm,4,per_ckpt,main,90,-0.0104,0.9491,0.0368,0.7932,layer_24
signed_diff,row_norm,8,per_ckpt,10B,90,-0.076,0.6803,-0.1459,0.4356,layer_24
signed_diff,row_norm,8,per_ckpt,42B,90,-0.0086,0.956,0.0198,0.8991,layer_24
signed_diff,row_norm,8,per_ckpt,73B,90,-0.1907,0.3726,-0.2144,0.3327,layer_24
signed_diff,row_norm,8,per_ckpt,105B,90,-0.1036,0.7163,-0.1696,0.5954,layer_24
signed_diff,row_norm,8,per_ckpt,136B,90,0.2085,0.2787,0.2096,0.3047,layer_24
signed_diff,row_norm,8,per_ckpt,168B,90,-0.0214,0.8741,-0.0081,0.9491,layer_24
signed_diff,row_norm,8,per_ckpt,199B,90,0.1677,0.4685,0.1872,0.4376,layer_24
signed_diff,row_norm,8,per_ckpt,231B,90,-0.4014,0.033,-0.3916,0.04,layer_24
signed_diff,row_norm,8,per_ckpt,262B,90,0.1882,0.4276,0.2326,0.3127,layer_24
signed_diff,row_norm,8,per_ckpt,294B,90,0.2618,0.1449,0.2285,0.2258,layer_24
signed_diff,row_norm,8,per_ckpt,325B,90,0.0881,0.7083,0.0374,0.8741,layer_24
signed_diff,row_norm,8,per_ckpt,352B,90,-0.1962,0.3956,-0.2034,0.3736,layer_24
signed_diff,row_norm,8,per_ckpt,384B,90,-0.111,0.6124,-0.1042,0.6304,layer_24
signed_diff,row_norm,8,per_ckpt,415B,90,-0.0809,0.7283,-0.0447,0.8402,layer_24
signed_diff,row_norm,8,per_ckpt,447B,90,0.1722,0.4196,0.167,0.4256,layer_24
signed_diff,row_norm,8,per_ckpt,478B,90,0.2351,0.3447,0.2219,0.3706,layer_24
signed_diff,row_norm,8,per_ckpt,510B,90,-0.2551,0.1598,-0.2917,0.1029,layer_24
signed_diff,row_norm,8,per_ckpt,541B,90,0.0835,0.6893,0.0901,0.6484,layer_24
signed_diff,row_norm,8,per_ckpt,573B,90,0.0225,0.9161,0.0605,0.8172,layer_24
signed_diff,row_norm,8,per_ckpt,main,90,-0.198,0.3746,-0.1927,0.3836,layer_24
signed_diff,col_norm,4,per_ckpt,10B,90,-0.207,0.4795,-0.2241,0.4565,layer_24
signed_diff,col_norm,4,per_ckpt,42B,90,-0.0847,0.7972,-0.0632,0.8472,layer_24
signed_diff,col_norm,4,per_ckpt,73B,90,-0.0525,0.8791,-0.0456,0.9061,layer_24
signed_diff,col_norm,4,per_ckpt,105B,90,-0.1034,0.7403,-0.1258,0.6773,layer_24
signed_diff,col_norm,4,per_ckpt,136B,90,-0.3522,0.1998,-0.396,0.1628,layer_24
signed_diff,col_norm,4,per_ckpt,168B,90,-0.3488,0.2248,-0.3287,0.2637,layer_24
signed_diff,col_norm,4,per_ckpt,199B,90,0.1381,0.6484,0.1591,0.6054,layer_24
signed_diff,col_norm,4,per_ckpt,231B,90,0.3472,0.2687,0.319,0.3387,layer_24
signed_diff,col_norm,4,per_ckpt,262B,90,-0.0785,0.7423,-0.0605,0.7922,layer_24
signed_diff,col_norm,4,per_ckpt,294B,90,-0.33,0.2278,-0.3239,0.2627,layer_24
signed_diff,col_norm,4,per_ckpt,325B,90,-0.21,0.4685,-0.1934,0.5255,layer_24
signed_diff,col_norm,4,per_ckpt,352B,90,-0.5496,0.045,-0.5462,0.0509,layer_24
signed_diff,col_norm,4,per_ckpt,384B,90,-0.0912,0.7203,-0.0751,0.7752,layer_24
signed_diff,col_norm,4,per_ckpt,415B,90,-0.0214,0.9321,-0.031,0.9071,layer_24
signed_diff,col_norm,4,per_ckpt,447B,90,0.1627,0.5814,0.1568,0.6024,layer_24
signed_diff,col_norm,4,per_ckpt,478B,90,-0.4046,0.1249,-0.3938,0.1588,layer_24
signed_diff,col_norm,4,per_ckpt,510B,90,-0.264,0.3606,-0.2777,0.3387,layer_24
signed_diff,col_norm,4,per_ckpt,541B,90,-0.1319,0.6054,-0.0927,0.7283,layer_24
signed_diff,col_norm,4,per_ckpt,573B,90,-0.6267,0.03,-0.5748,0.0509,layer_24
signed_diff,col_norm,4,per_ckpt,main,90,-0.217,0.4226,-0.1698,0.5614,layer_24
signed_diff,col_norm,8,per_ckpt,10B,90,-0.215,0.4076,-0.1963,0.4426,layer_24
signed_diff,col_norm,8,per_ckpt,42B,90,-0.6083,0.018,-0.5646,0.025,layer_24
signed_diff,col_norm,8,per_ckpt,73B,90,-0.1192,0.6753,-0.1507,0.6134,layer_24
signed_diff,col_norm,8,per_ckpt,105B,90,-0.3174,0.1858,-0.3161,0.2008,layer_24
signed_diff,col_norm,8,per_ckpt,136B,90,-0.5548,0.0839,-0.538,0.0899,layer_24
signed_diff,col_norm,8,per_ckpt,168B,90,-0.175,0.5195,-0.1651,0.5624,layer_24
signed_diff,col_norm,8,per_ckpt,199B,90,-0.5102,0.027,-0.499,0.033,layer_24
signed_diff,col_norm,8,per_ckpt,231B,90,0.0644,0.8012,0.0875,0.7622,layer_24
signed_diff,col_norm,8,per_ckpt,262B,90,-0.1587,0.5634,-0.172,0.5415,layer_24
signed_diff,col_norm,8,per_ckpt,294B,90,-0.0855,0.7932,-0.1631,0.6334,layer_24
signed_diff,col_norm,8,per_ckpt,325B,90,0.0387,0.8831,-0.0184,0.9461,layer_24
signed_diff,col_norm,8,per_ckpt,352B,90,-0.4078,0.1019,-0.3462,0.1948,layer_24
signed_diff,col_norm,8,per_ckpt,384B,90,-0.1599,0.5804,-0.158,0.6054,layer_24
signed_diff,col_norm,8,per_ckpt,415B,90,-0.2984,0.2398,-0.3007,0.2637,layer_24
signed_diff,col_norm,8,per_ckpt,447B,90,-0.3658,0.2058,-0.2771,0.3417,layer_24
signed_diff,col_norm,8,per_ckpt,478B,90,-0.2289,0.4116,-0.2409,0.3796,layer_24
signed_diff,col_norm,8,per_ckpt,510B,90,-0.2486,0.2128,-0.2442,0.2278,layer_24
signed_diff,col_norm,8,per_ckpt,541B,90,-0.1214,0.6693,-0.1004,0.7233,layer_24
signed_diff,col_norm,8,per_ckpt,573B,90,-0.3653,0.2058,-0.3193,0.2977,layer_24
signed_diff,col_norm,8,per_ckpt,main,90,0.1172,0.6613,0.0942,0.7333,layer_24
min_rankme,row_norm,4,per_ckpt,10B,90,0.039,0.8032,0.0808,0.5744,layer_24
min_rankme,row_norm,4,per_ckpt,42B,90,0.0284,0.8611,0.0962,0.5684,layer_24
min_rankme,row_norm,4,per_ckpt,73B,90,-0.0758,0.6304,-0.0992,0.6004,layer_24
min_rankme,row_norm,4,per_ckpt,105B,90,-0.0355,0.8362,-0.0567,0.7313,layer_24
min_rankme,row_norm,4,per_ckpt,136B,90,-0.2333,0.1538,-0.2081,0.1738,layer_24
min_rankme,row_norm,4,per_ckpt,168B,90,-0.0382,0.8192,-0.047,0.7872,layer_24
min_rankme,row_norm,4,per_ckpt,199B,90,-0.2201,0.1938,-0.2821,0.1009,layer_24
min_rankme,row_norm,4,per_ckpt,231B,90,-0.3255,0.044,-0.2731,0.1019,layer_24
min_rankme,row_norm,4,per_ckpt,262B,90,-0.2063,0.2458,-0.2999,0.0949,layer_24
min_rankme,row_norm,4,per_ckpt,294B,90,0.1545,0.4366,0.0963,0.6094,layer_24
min_rankme,row_norm,4,per_ckpt,325B,90,0.1272,0.4795,0.0682,0.6993,layer_24
min_rankme,row_norm,4,per_ckpt,352B,90,0.1612,0.3506,0.1138,0.5295,layer_24
min_rankme,row_norm,4,per_ckpt,384B,90,-0.0624,0.6044,-0.1266,0.3077,layer_24
min_rankme,row_norm,4,per_ckpt,415B,90,-0.1942,0.1499,-0.2669,0.0779,layer_24
min_rankme,row_norm,4,per_ckpt,447B,90,-0.2104,0.2058,-0.1533,0.3526,layer_24
min_rankme,row_norm,4,per_ckpt,478B,90,-0.1694,0.3027,-0.263,0.0919,layer_24
min_rankme,row_norm,4,per_ckpt,510B,90,0.0159,0.9271,-0.0989,0.6773,layer_24
min_rankme,row_norm,4,per_ckpt,541B,90,0.0611,0.6683,0.076,0.5415,layer_24
min_rankme,row_norm,4,per_ckpt,573B,90,-0.0721,0.5854,-0.0899,0.4356,layer_24
min_rankme,row_norm,4,per_ckpt,main,90,0.0352,0.8282,0.0037,0.978,layer_24
min_rankme,row_norm,8,per_ckpt,10B,90,-0.3412,0.0679,-0.2677,0.1259,layer_24
min_rankme,row_norm,8,per_ckpt,42B,90,0.2933,0.0809,0.2539,0.1239,layer_24
min_rankme,row_norm,8,per_ckpt,73B,90,0.1961,0.2807,0.155,0.3746,layer_24
min_rankme,row_norm,8,per_ckpt,105B,90,-0.152,0.1878,-0.1259,0.2078,layer_24
min_rankme,row_norm,8,per_ckpt,136B,90,0.2422,0.1409,0.2632,0.1119,layer_24
min_rankme,row_norm,8,per_ckpt,168B,90,-0.245,0.1668,-0.2298,0.1918,layer_24
min_rankme,row_norm,8,per_ckpt,199B,90,0.0234,0.8741,0.048,0.7542,layer_24
min_rankme,row_norm,8,per_ckpt,231B,90,-0.1967,0.2957,-0.1815,0.3556,layer_24
min_rankme,row_norm,8,per_ckpt,262B,90,-0.1825,0.2278,-0.2131,0.1748,layer_24
min_rankme,row_norm,8,per_ckpt,294B,90,-0.1349,0.2647,-0.1351,0.2957,layer_24
min_rankme,row_norm,8,per_ckpt,325B,90,0.2807,0.004,0.2546,0.006,layer_24
min_rankme,row_norm,8,per_ckpt,352B,90,-0.1125,0.4296,-0.0492,0.7233,layer_24
min_rankme,row_norm,8,per_ckpt,384B,90,-0.1138,0.5345,-0.0598,0.7303,layer_24
min_rankme,row_norm,8,per_ckpt,415B,90,0.1672,0.2927,0.2353,0.0999,layer_24
min_rankme,row_norm,8,per_ckpt,447B,90,0.2635,0.011,0.2562,0.012,layer_24
min_rankme,row_norm,8,per_ckpt,478B,90,0.1137,0.3966,0.1373,0.2817,layer_24
min_rankme,row_norm,8,per_ckpt,510B,90,-0.1475,0.4106,-0.0745,0.6334,layer_24
min_rankme,row_norm,8,per_ckpt,541B,90,-0.0417,0.8072,-0.1014,0.4605,layer_24
min_rankme,row_norm,8,per_ckpt,573B,90,0.0673,0.6533,0.0238,0.8641,layer_24
min_rankme,row_norm,8,per_ckpt,main,90,-0.0496,0.6943,-0.0927,0.4655,layer_24
min_rankme,col_norm,4,per_ckpt,10B,90,0.0363,0.6404,0.0552,0.4935,layer_24
min_rankme,col_norm,4,per_ckpt,42B,90,0.0126,0.8362,0.0437,0.5345,layer_24
min_rankme,col_norm,4,per_ckpt,73B,90,-0.0324,0.7822,-0.0622,0.6274,layer_24
min_rankme,col_norm,4,per_ckpt,105B,90,-0.0222,0.8252,-0.0389,0.7213,layer_24
min_rankme,col_norm,4,per_ckpt,136B,90,-0.174,0.1618,-0.1794,0.1598,layer_24
min_rankme,col_norm,4,per_ckpt,168B,90,0.001,0.994,-0.0248,0.8362,layer_24
min_rankme,col_norm,4,per_ckpt,199B,90,-0.1505,0.1538,-0.1882,0.1009,layer_24
min_rankme,col_norm,4,per_ckpt,231B,90,-0.1426,0.0729,-0.1256,0.1429,layer_24
min_rankme,col_norm,4,per_ckpt,262B,90,-0.2205,0.1469,-0.27,0.0909,layer_24
min_rankme,col_norm,4,per_ckpt,294B,90,0.1319,0.3716,0.0755,0.6104,layer_24
min_rankme,col_norm,4,per_ckpt,325B,90,0.0814,0.5055,0.0488,0.7053,layer_24
min_rankme,col_norm,4,per_ckpt,352B,90,0.1185,0.3686,0.0746,0.5544,layer_24
min_rankme,col_norm,4,per_ckpt,384B,90,-0.0612,0.5614,-0.1025,0.3636,layer_24
min_rankme,col_norm,4,per_ckpt,415B,90,-0.1886,0.1419,-0.2499,0.0819,layer_24
min_rankme,col_norm,4,per_ckpt,447B,90,-0.1722,0.2058,-0.1125,0.3886,layer_24
min_rankme,col_norm,4,per_ckpt,478B,90,-0.1482,0.2587,-0.2324,0.0989,layer_24
min_rankme,col_norm,4,per_ckpt,510B,90,-0.0187,0.8611,-0.0517,0.6993,layer_24
min_rankme,col_norm,4,per_ckpt,541B,90,0.0832,0.5275,0.0732,0.5664,layer_24
min_rankme,col_norm,4,per_ckpt,573B,90,-0.0273,0.7433,-0.0674,0.4056,layer_24
min_rankme,col_norm,4,per_ckpt,main,90,0.0218,0.8402,0.007,0.9391,layer_24
min_rankme,col_norm,8,per_ckpt,10B,90,-0.2549,0.0529,-0.2174,0.1169,layer_24
min_rankme,col_norm,8,per_ckpt,42B,90,0.1486,0.1239,0.1588,0.1339,layer_24
min_rankme,col_norm,8,per_ckpt,73B,90,0.1724,0.2717,0.1292,0.3746,layer_24
min_rankme,col_norm,8,per_ckpt,105B,90,-0.0721,0.5225,-0.1426,0.1988,layer_24
min_rankme,col_norm,8,per_ckpt,136B,90,0.106,0.2018,0.117,0.1169,layer_24
min_rankme,col_norm,8,per_ckpt,168B,90,-0.1352,0.2318,-0.1469,0.1838,layer_24
min_rankme,col_norm,8,per_ckpt,199B,90,0.0202,0.8801,0.0505,0.7183,layer_24
min_rankme,col_norm,8,per_ckpt,231B,90,-0.1298,0.4076,-0.1501,0.3457,layer_24
min_rankme,col_norm,8,per_ckpt,262B,90,-0.1771,0.1219,-0.1768,0.1678,layer_24
min_rankme,col_norm,8,per_ckpt,294B,90,-0.0418,0.5445,-0.0386,0.5175,layer_24
min_rankme,col_norm,8,per_ckpt,325B,90,0.2005,0.015,0.2101,0.003,layer_24
min_rankme,col_norm,8,per_ckpt,352B,90,-0.0542,0.6204,-0.0339,0.7592,layer_24
min_rankme,col_norm,8,per_ckpt,384B,90,-0.097,0.4036,-0.0431,0.7473,layer_24
min_rankme,col_norm,8,per_ckpt,415B,90,0.132,0.2747,0.1886,0.1039,layer_24
min_rankme,col_norm,8,per_ckpt,447B,90,0.1712,0.017,0.1944,0.01,layer_24
min_rankme,col_norm,8,per_ckpt,478B,90,0.0686,0.5485,0.1237,0.2657,layer_24
min_rankme,col_norm,8,per_ckpt,510B,90,-0.1076,0.5225,-0.0719,0.6404,layer_24
min_rankme,col_norm,8,per_ckpt,541B,90,-0.0387,0.7363,-0.0719,0.4715,layer_24
min_rankme,col_norm,8,per_ckpt,573B,90,0.0339,0.6803,0.0187,0.8062,layer_24
min_rankme,col_norm,8,per_ckpt,main,90,-0.0336,0.7123,-0.0651,0.4975,layer_24
norm_asym,row_norm,4,per_ckpt,10B,90,0.0318,0.8791,0.0284,0.8871,layer_24
norm_asym,row_norm,4,per_ckpt,42B,90,-0.0043,0.982,-0.001,0.991,layer_24
norm_asym,row_norm,4,per_ckpt,73B,90,-0.3831,0.0629,-0.3975,0.0549,layer_24
norm_asym,row_norm,4,per_ckpt,105B,90,-0.226,0.3407,-0.2395,0.3087,layer_24
norm_asym,row_norm,4,per_ckpt,136B,90,-0.086,0.7123,-0.053,0.8242,layer_24
norm_asym,row_norm,4,per_ckpt,168B,90,-0.1344,0.5544,-0.1434,0.5674,layer_24
norm_asym,row_norm,4,per_ckpt,199B,90,-0.1215,0.5844,-0.189,0.4256,layer_24
norm_asym,row_norm,4,per_ckpt,231B,90,-0.4618,0.01,-0.4871,0.013,layer_24
norm_asym,row_norm,4,per_ckpt,262B,90,-0.1954,0.3516,-0.3791,0.0909,layer_24
norm_asym,row_norm,4,per_ckpt,294B,90,0.117,0.6144,0.1194,0.6054,layer_24
norm_asym,row_norm,4,per_ckpt,325B,90,0.0686,0.6773,0.0121,0.9481,layer_24
norm_asym,row_norm,4,per_ckpt,352B,90,0.1662,0.4026,0.0991,0.5025,layer_24
norm_asym,row_norm,4,per_ckpt,384B,90,-0.1185,0.5954,-0.1753,0.4665,layer_24
norm_asym,row_norm,4,per_ckpt,415B,90,-0.2336,0.3497,-0.3339,0.1888,layer_24
norm_asym,row_norm,4,per_ckpt,447B,90,-0.2149,0.3596,-0.2113,0.3596,layer_24
norm_asym,row_norm,4,per_ckpt,478B,90,-0.0642,0.7982,-0.1007,0.7582,layer_24
norm_asym,row_norm,4,per_ckpt,510B,90,-0.047,0.6314,-0.0705,0.4605,layer_24
norm_asym,row_norm,4,per_ckpt,541B,90,0.1372,0.5814,0.1209,0.6613,layer_24
norm_asym,row_norm,4,per_ckpt,573B,90,-0.1279,0.6364,-0.0581,0.8162,layer_24
norm_asym,row_norm,4,per_ckpt,main,90,-0.0512,0.7393,-0.0037,0.982,layer_24
norm_asym,row_norm,8,per_ckpt,10B,90,-0.1306,0.4316,-0.2242,0.1998,layer_24
norm_asym,row_norm,8,per_ckpt,42B,90,0.0236,0.8681,0.0214,0.8921,layer_24
norm_asym,row_norm,8,per_ckpt,73B,90,-0.1126,0.6024,-0.117,0.6054,layer_24
norm_asym,row_norm,8,per_ckpt,105B,90,-0.1398,0.6094,-0.1921,0.4705,layer_24
norm_asym,row_norm,8,per_ckpt,136B,90,0.2832,0.1279,0.2815,0.1668,layer_24
norm_asym,row_norm,8,per_ckpt,168B,90,-0.0364,0.7772,0.0047,0.967,layer_24
norm_asym,row_norm,8,per_ckpt,199B,90,0.2157,0.3437,0.2678,0.2517,layer_24
norm_asym,row_norm,8,per_ckpt,231B,90,-0.3822,0.041,-0.338,0.0879,layer_24
norm_asym,row_norm,8,per_ckpt,262B,90,0.1786,0.4555,0.2096,0.4036,layer_24
norm_asym,row_norm,8,per_ckpt,294B,90,0.3132,0.0609,0.2659,0.1389,layer_24
norm_asym,row_norm,8,per_ckpt,325B,90,0.0872,0.7143,0.0766,0.7403,layer_24
norm_asym,row_norm,8,per_ckpt,352B,90,-0.1948,0.3846,-0.1967,0.3487,layer_24
norm_asym,row_norm,8,per_ckpt,384B,90,-0.066,0.7722,0.004,0.987,layer_24
norm_asym,row_norm,8,per_ckpt,415B,90,-0.057,0.8022,0.0399,0.8641,layer_24
norm_asym,row_norm,8,per_ckpt,447B,90,0.1568,0.4665,0.1697,0.3736,layer_24
norm_asym,row_norm,8,per_ckpt,478B,90,0.205,0.3966,0.2309,0.3746,layer_24
norm_asym,row_norm,8,per_ckpt,510B,90,-0.246,0.1848,-0.2018,0.2887,layer_24
norm_asym,row_norm,8,per_ckpt,541B,90,0.0724,0.7373,0.0941,0.6394,layer_24
norm_asym,row_norm,8,per_ckpt,573B,90,0.0181,0.9351,0.0504,0.8482,layer_24
norm_asym,row_norm,8,per_ckpt,main,90,-0.1548,0.4945,-0.0761,0.7183,layer_24
norm_asym,col_norm,4,per_ckpt,10B,90,-0.186,0.5295,-0.1999,0.5125,layer_24
norm_asym,col_norm,4,per_ckpt,42B,90,-0.1272,0.6843,-0.0827,0.7912,layer_24
norm_asym,col_norm,4,per_ckpt,73B,90,-0.1135,0.7053,-0.088,0.7722,layer_24
norm_asym,col_norm,4,per_ckpt,105B,90,-0.1591,0.6104,-0.1749,0.5774,layer_24
norm_asym,col_norm,4,per_ckpt,136B,90,-0.3491,0.2018,-0.3682,0.1808,layer_24
norm_asym,col_norm,4,per_ckpt,168B,90,-0.3241,0.2637,-0.277,0.3786,layer_24
norm_asym,col_norm,4,per_ckpt,199B,90,0.2012,0.4925,0.2441,0.4036,layer_24
norm_asym,col_norm,4,per_ckpt,231B,90,0.3145,0.3177,0.2016,0.4835,layer_24
norm_asym,col_norm,4,per_ckpt,262B,90,-0.0516,0.8152,0.0238,0.9071,layer_24
norm_asym,col_norm,4,per_ckpt,294B,90,-0.3289,0.2038,-0.3043,0.2777,layer_24
norm_asym,col_norm,4,per_ckpt,325B,90,-0.1637,0.5694,-0.0396,0.8941,layer_24
norm_asym,col_norm,4,per_ckpt,352B,90,-0.5393,0.044,-0.5052,0.0729,layer_24
norm_asym,col_norm,4,per_ckpt,384B,90,-0.0252,0.9111,0.065,0.8132,layer_24
norm_asym,col_norm,4,per_ckpt,415B,90,0.0181,0.9381,0.0359,0.9021,layer_24
norm_asym,col_norm,4,per_ckpt,447B,90,0.1632,0.5724,0.1648,0.5894,layer_24
norm_asym,col_norm,4,per_ckpt,478B,90,-0.3671,0.1678,-0.2342,0.4156,layer_24
norm_asym,col_norm,4,per_ckpt,510B,90,-0.2203,0.4446,-0.1115,0.6943,layer_24
norm_asym,col_norm,4,per_ckpt,541B,90,-0.1496,0.5564,0.0046,0.985,layer_24
norm_asym,col_norm,4,per_ckpt,573B,90,-0.613,0.032,-0.4999,0.0889,layer_24
norm_asym,col_norm,4,per_ckpt,main,90,-0.2412,0.3656,-0.1763,0.4725,layer_24
norm_asym,col_norm,8,per_ckpt,10B,90,-0.1039,0.6733,-0.0789,0.7602,layer_24
norm_asym,col_norm,8,per_ckpt,42B,90,-0.5006,0.0579,-0.4929,0.0629,layer_24
norm_asym,col_norm,8,per_ckpt,73B,90,-0.093,0.7363,-0.1373,0.6384,layer_24
norm_asym,col_norm,8,per_ckpt,105B,90,-0.2354,0.3536,-0.2126,0.4346,layer_24
norm_asym,col_norm,8,per_ckpt,136B,90,-0.3965,0.2158,-0.3513,0.2907,layer_24
norm_asym,col_norm,8,per_ckpt,168B,90,-0.09,0.7203,0.0113,0.957,layer_24
norm_asym,col_norm,8,per_ckpt,199B,90,-0.49,0.034,-0.457,0.0639,layer_24
norm_asym,col_norm,8,per_ckpt,231B,90,0.1277,0.6484,0.2359,0.4216,layer_24
norm_asym,col_norm,8,per_ckpt,262B,90,-0.1624,0.5445,-0.2461,0.3467,layer_24
norm_asym,col_norm,8,per_ckpt,294B,90,-0.0537,0.8531,-0.0962,0.7512,layer_24
norm_asym,col_norm,8,per_ckpt,325B,90,0.0424,0.8831,0.0403,0.8811,layer_24
norm_asym,col_norm,8,per_ckpt,352B,90,-0.3787,0.1329,-0.2487,0.3666,layer_24
norm_asym,col_norm,8,per_ckpt,384B,90,-0.1513,0.5964,-0.1636,0.5804,layer_24
norm_asym,col_norm,8,per_ckpt,415B,90,-0.3227,0.1938,-0.3115,0.2537,layer_24
norm_asym,col_norm,8,per_ckpt,447B,90,-0.3743,0.1928,-0.189,0.5035,layer_24
norm_asym,col_norm,8,per_ckpt,478B,90,-0.2368,0.3896,-0.2511,0.3966,layer_24
norm_asym,col_norm,8,per_ckpt,510B,90,-0.2616,0.1918,-0.2439,0.2368,layer_24
norm_asym,col_norm,8,per_ckpt,541B,90,-0.1326,0.6404,-0.0187,0.9351,layer_24
norm_asym,col_norm,8,per_ckpt,573B,90,-0.3314,0.2577,-0.2036,0.4965,layer_24
norm_asym,col_norm,8,per_ckpt,main,90,0.0921,0.7073,0.0336,0.8851,layer_24
abs_diff,row_norm,4,pooled,,1800,-0.0298,0.2063,-0.0167,0.4787,layer_25
abs_diff,row_norm,8,pooled,,1800,-0.0636,0.007,-0.0389,0.099,layer_25
abs_diff,col_norm,4,pooled,,1800,-0.0187,0.4274,-0.0103,0.6635,layer_25
abs_diff,col_norm,8,pooled,,1800,-0.0472,0.0454,-0.0281,0.2338,layer_25
signed_diff,row_norm,4,pooled,,1800,-0.0689,0.0035,-0.046,0.0512,layer_25
signed_diff,row_norm,8,pooled,,1800,-0.0238,0.3128,-0.0392,0.0961,layer_25
signed_diff,col_norm,4,pooled,,1800,-0.1335,0.0,-0.0882,0.0002,layer_25
signed_diff,col_norm,8,pooled,,1800,-0.2217,0.0,-0.2011,0.0,layer_25
min_rankme,row_norm,4,pooled,,1800,-0.1466,0.0,-0.0972,0.0,layer_25
min_rankme,row_norm,8,pooled,,1800,-0.0281,0.2339,-0.0349,0.1393,layer_25
min_rankme,col_norm,4,pooled,,1800,-0.0982,0.0,-0.0657,0.0053,layer_25
min_rankme,col_norm,8,pooled,,1800,-0.0214,0.3651,-0.0258,0.2733,layer_25
norm_asym,row_norm,4,pooled,,1800,-0.0993,0.0,-0.1199,0.0,layer_25
norm_asym,row_norm,8,pooled,,1800,-0.009,0.7026,-0.0004,0.9861,layer_25
norm_asym,col_norm,4,pooled,,1800,-0.1374,0.0,-0.1115,0.0,layer_25
norm_asym,col_norm,8,pooled,,1800,-0.1916,0.0,-0.1684,0.0,layer_25
abs_diff,row_norm,4,per_ckpt,10B,90,0.2134,0.021,0.2203,0.034,layer_25
abs_diff,row_norm,4,per_ckpt,42B,90,0.1981,0.0529,0.1567,0.1518,layer_25
abs_diff,row_norm,4,per_ckpt,73B,90,0.0987,0.2767,0.1018,0.3107,layer_25
abs_diff,row_norm,4,per_ckpt,105B,90,0.1116,0.2348,0.1553,0.1459,layer_25
abs_diff,row_norm,4,per_ckpt,136B,90,0.1914,0.024,0.2197,0.031,layer_25
abs_diff,row_norm,4,per_ckpt,168B,90,0.0675,0.5325,0.1322,0.2238,layer_25
abs_diff,row_norm,4,per_ckpt,199B,90,0.0582,0.6374,0.0852,0.5485,layer_25
abs_diff,row_norm,4,per_ckpt,231B,90,0.1198,0.3786,0.0764,0.6044,layer_25
abs_diff,row_norm,4,per_ckpt,262B,90,0.1615,0.2258,0.2214,0.1289,layer_25
abs_diff,row_norm,4,per_ckpt,294B,90,-0.1576,0.2438,-0.1121,0.4056,layer_25
abs_diff,row_norm,4,per_ckpt,325B,90,0.0339,0.8212,0.0688,0.5874,layer_25
abs_diff,row_norm,4,per_ckpt,352B,90,0.011,0.9321,-0.0252,0.8841,layer_25
abs_diff,row_norm,4,per_ckpt,384B,90,0.056,0.5514,0.0975,0.3327,layer_25
abs_diff,row_norm,4,per_ckpt,415B,90,-0.0214,0.8442,0.0276,0.8342,layer_25
abs_diff,row_norm,4,per_ckpt,447B,90,0.1541,0.2907,0.1248,0.4156,layer_25
abs_diff,row_norm,4,per_ckpt,478B,90,0.2813,0.039,0.3166,0.027,layer_25
abs_diff,row_norm,4,per_ckpt,510B,90,0.0034,0.984,0.0632,0.7033,layer_25
abs_diff,row_norm,4,per_ckpt,541B,90,0.0649,0.6054,0.0467,0.6973,layer_25
abs_diff,row_norm,4,per_ckpt,573B,90,0.0005,0.997,0.0052,0.968,layer_25
abs_diff,row_norm,4,per_ckpt,main,90,-0.091,0.4865,-0.0418,0.7792,layer_25
abs_diff,row_norm,8,per_ckpt,10B,90,0.1194,0.3137,0.1096,0.3826,layer_25
abs_diff,row_norm,8,per_ckpt,42B,90,0.037,0.7353,0.031,0.7982,layer_25
abs_diff,row_norm,8,per_ckpt,73B,90,-0.2433,0.013,-0.2769,0.005,layer_25
abs_diff,row_norm,8,per_ckpt,105B,90,0.1273,0.0899,0.1156,0.1159,layer_25
abs_diff,row_norm,8,per_ckpt,136B,90,-0.0012,0.99,0.0167,0.8771,layer_25
abs_diff,row_norm,8,per_ckpt,168B,90,0.0611,0.6334,0.0551,0.6743,layer_25
abs_diff,row_norm,8,per_ckpt,199B,90,0.0038,0.972,0.0065,0.9441,layer_25
abs_diff,row_norm,8,per_ckpt,231B,90,0.1104,0.3976,0.098,0.5035,layer_25
abs_diff,row_norm,8,per_ckpt,262B,90,0.1458,0.2717,0.1704,0.2168,layer_25
abs_diff,row_norm,8,per_ckpt,294B,90,0.0361,0.7243,0.0229,0.8462,layer_25
abs_diff,row_norm,8,per_ckpt,325B,90,-0.3523,0.001,-0.2963,0.001,layer_25
abs_diff,row_norm,8,per_ckpt,352B,90,0.0066,0.958,0.0025,0.976,layer_25
abs_diff,row_norm,8,per_ckpt,384B,90,-0.0763,0.5445,-0.1306,0.3187,layer_25
abs_diff,row_norm,8,per_ckpt,415B,90,-0.2724,0.015,-0.3048,0.005,layer_25
abs_diff,row_norm,8,per_ckpt,447B,90,-0.1882,0.0589,-0.1886,0.0749,layer_25
abs_diff,row_norm,8,per_ckpt,478B,90,-0.195,0.0859,-0.1661,0.1469,layer_25
abs_diff,row_norm,8,per_ckpt,510B,90,-0.2518,0.1119,-0.2426,0.1479,layer_25
abs_diff,row_norm,8,per_ckpt,541B,90,0.1618,0.2977,0.193,0.2537,layer_25
abs_diff,row_norm,8,per_ckpt,573B,90,0.0733,0.6094,0.0738,0.6104,layer_25
abs_diff,row_norm,8,per_ckpt,main,90,-0.0962,0.3447,-0.1079,0.3407,layer_25
abs_diff,col_norm,4,per_ckpt,10B,90,0.1037,0.036,0.1131,0.0519,layer_25
abs_diff,col_norm,4,per_ckpt,42B,90,0.0702,0.0679,0.0677,0.1249,layer_25
abs_diff,col_norm,4,per_ckpt,73B,90,0.0499,0.4026,0.0626,0.3556,layer_25
abs_diff,col_norm,4,per_ckpt,105B,90,0.0437,0.4795,0.1,0.1459,layer_25
abs_diff,col_norm,4,per_ckpt,136B,90,0.2197,0.003,0.1884,0.026,layer_25
abs_diff,col_norm,4,per_ckpt,168B,90,0.0578,0.4186,0.0831,0.2428,layer_25
abs_diff,col_norm,4,per_ckpt,199B,90,0.0469,0.5574,0.0548,0.5604,layer_25
abs_diff,col_norm,4,per_ckpt,231B,90,0.0394,0.5335,0.0323,0.6494,layer_25
abs_diff,col_norm,4,per_ckpt,262B,90,0.1789,0.1369,0.2,0.1319,layer_25
abs_diff,col_norm,4,per_ckpt,294B,90,-0.1262,0.2088,-0.0901,0.3956,layer_25
abs_diff,col_norm,4,per_ckpt,325B,90,0.0273,0.7822,0.0497,0.5814,layer_25
abs_diff,col_norm,4,per_ckpt,352B,90,-0.042,0.6923,-0.0114,0.9261,layer_25
abs_diff,col_norm,4,per_ckpt,384B,90,0.1049,0.1948,0.0817,0.3526,layer_25
abs_diff,col_norm,4,per_ckpt,415B,90,-0.0015,0.987,0.0248,0.8462,layer_25
abs_diff,col_norm,4,per_ckpt,447B,90,0.1133,0.3477,0.0886,0.4605,layer_25
abs_diff,col_norm,4,per_ckpt,478B,90,0.2202,0.0699,0.2892,0.026,layer_25
abs_diff,col_norm,4,per_ckpt,510B,90,0.0555,0.5724,0.0374,0.6973,layer_25
abs_diff,col_norm,4,per_ckpt,541B,90,0.071,0.5375,0.0549,0.6763,layer_25
abs_diff,col_norm,4,per_ckpt,573B,90,0.0174,0.8202,0.0117,0.8901,layer_25
abs_diff,col_norm,4,per_ckpt,main,90,-0.0652,0.3966,-0.0318,0.7303,layer_25
abs_diff,col_norm,8,per_ckpt,10B,90,0.1128,0.2078,0.0908,0.3736,layer_25
abs_diff,col_norm,8,per_ckpt,42B,90,0.0552,0.4126,0.0248,0.7473,layer_25
abs_diff,col_norm,8,per_ckpt,73B,90,-0.2188,0.003,-0.2268,0.004,layer_25
abs_diff,col_norm,8,per_ckpt,105B,90,0.1527,0.0619,0.137,0.0999,layer_25
abs_diff,col_norm,8,per_ckpt,136B,90,-0.0086,0.8462,0.0161,0.7622,layer_25
abs_diff,col_norm,8,per_ckpt,168B,90,0.0691,0.3786,0.038,0.6484,layer_25
abs_diff,col_norm,8,per_ckpt,199B,90,-0.0053,0.969,0.0084,0.9251,layer_25
abs_diff,col_norm,8,per_ckpt,231B,90,0.0588,0.5674,0.0788,0.5165,layer_25
abs_diff,col_norm,8,per_ckpt,262B,90,0.147,0.1289,0.1417,0.2078,layer_25
abs_diff,col_norm,8,per_ckpt,294B,90,-0.0206,0.6863,0.0117,0.8242,layer_25
abs_diff,col_norm,8,per_ckpt,325B,90,-0.2331,0.001,-0.2386,0.001,layer_25
abs_diff,col_norm,8,per_ckpt,352B,90,0.0226,0.7802,0.0011,0.993,layer_25
abs_diff,col_norm,8,per_ckpt,384B,90,-0.0116,0.9171,-0.1048,0.2907,layer_25
abs_diff,col_norm,8,per_ckpt,415B,90,-0.1938,0.039,-0.2505,0.005,layer_25
abs_diff,col_norm,8,per_ckpt,447B,90,-0.1327,0.0519,-0.1416,0.0729,layer_25
abs_diff,col_norm,8,per_ckpt,478B,90,-0.1306,0.1718,-0.1445,0.1538,layer_25
abs_diff,col_norm,8,per_ckpt,510B,90,-0.277,0.0749,-0.2372,0.1489,layer_25
abs_diff,col_norm,8,per_ckpt,541B,90,0.1581,0.1548,0.1364,0.2827,layer_25
abs_diff,col_norm,8,per_ckpt,573B,90,0.0291,0.7243,0.0432,0.6024,layer_25
abs_diff,col_norm,8,per_ckpt,main,90,-0.0609,0.4476,-0.089,0.3067,layer_25
signed_diff,row_norm,4,per_ckpt,10B,90,0.1497,0.4965,0.1576,0.4625,layer_25
signed_diff,row_norm,4,per_ckpt,42B,90,0.0658,0.6304,0.0848,0.5924,layer_25
signed_diff,row_norm,4,per_ckpt,73B,90,-0.3332,0.1379,-0.3347,0.1369,layer_25
signed_diff,row_norm,4,per_ckpt,105B,90,-0.134,0.5874,-0.1231,0.6224,layer_25
signed_diff,row_norm,4,per_ckpt,136B,90,-0.056,0.8192,-0.046,0.8452,layer_25
signed_diff,row_norm,4,per_ckpt,168B,90,-0.0543,0.8042,-0.0281,0.8931,layer_25
signed_diff,row_norm,4,per_ckpt,199B,90,-0.1831,0.4216,-0.1907,0.3936,layer_25
signed_diff,row_norm,4,per_ckpt,231B,90,-0.4216,0.023,-0.4255,0.029,layer_25
signed_diff,row_norm,4,per_ckpt,262B,90,-0.1595,0.4486,-0.2267,0.2887,layer_25
signed_diff,row_norm,4,per_ckpt,294B,90,0.0666,0.7652,0.089,0.7043,layer_25
signed_diff,row_norm,4,per_ckpt,325B,90,0.0829,0.6404,0.1163,0.5684,layer_25
signed_diff,row_norm,4,per_ckpt,352B,90,0.0708,0.7153,0.0285,0.8831,layer_25
signed_diff,row_norm,4,per_ckpt,384B,90,-0.076,0.7303,-0.1019,0.6673,layer_25
signed_diff,row_norm,4,per_ckpt,415B,90,-0.2213,0.3656,-0.2733,0.2817,layer_25
signed_diff,row_norm,4,per_ckpt,447B,90,-0.2556,0.2617,-0.2521,0.2747,layer_25
signed_diff,row_norm,4,per_ckpt,478B,90,-0.0462,0.8741,-0.0358,0.9021,layer_25
signed_diff,row_norm,4,per_ckpt,510B,90,-0.0442,0.6603,-0.0898,0.3377,layer_25
signed_diff,row_norm,4,per_ckpt,541B,90,0.183,0.4605,0.147,0.5644,layer_25
signed_diff,row_norm,4,per_ckpt,573B,90,-0.144,0.5854,-0.1541,0.5884,layer_25
signed_diff,row_norm,4,per_ckpt,main,90,-0.0212,0.8741,0.0336,0.7922,layer_25
signed_diff,row_norm,8,per_ckpt,10B,90,-0.0771,0.6753,-0.1541,0.4186,layer_25
signed_diff,row_norm,8,per_ckpt,42B,90,-0.011,0.9451,0.0143,0.9291,layer_25
signed_diff,row_norm,8,per_ckpt,73B,90,-0.1808,0.3966,-0.2105,0.3457,layer_25
signed_diff,row_norm,8,per_ckpt,105B,90,-0.1187,0.6803,-0.1797,0.5824,layer_25
signed_diff,row_norm,8,per_ckpt,136B,90,0.2164,0.2687,0.2107,0.3017,layer_25
signed_diff,row_norm,8,per_ckpt,168B,90,-0.0248,0.8492,-0.0078,0.9451,layer_25
signed_diff,row_norm,8,per_ckpt,199B,90,0.1103,0.6454,0.1376,0.5714,layer_25
signed_diff,row_norm,8,per_ckpt,231B,90,-0.3801,0.04,-0.3773,0.0509,layer_25
signed_diff,row_norm,8,per_ckpt,262B,90,0.2569,0.2647,0.2775,0.2238,layer_25
signed_diff,row_norm,8,per_ckpt,294B,90,0.2539,0.1578,0.2357,0.2048,layer_25
signed_diff,row_norm,8,per_ckpt,325B,90,0.0083,0.966,-0.0419,0.8621,layer_25
signed_diff,row_norm,8,per_ckpt,352B,90,-0.2332,0.2957,-0.2283,0.3047,layer_25
signed_diff,row_norm,8,per_ckpt,384B,90,-0.1778,0.4036,-0.1663,0.4326,layer_25
signed_diff,row_norm,8,per_ckpt,415B,90,-0.1226,0.5774,-0.0813,0.7013,layer_25
signed_diff,row_norm,8,per_ckpt,447B,90,0.171,0.4326,0.1547,0.4745,layer_25
signed_diff,row_norm,8,per_ckpt,478B,90,0.1517,0.5544,0.1546,0.5435,layer_25
signed_diff,row_norm,8,per_ckpt,510B,90,-0.2093,0.2537,-0.2511,0.1698,layer_25
signed_diff,row_norm,8,per_ckpt,541B,90,0.0787,0.6993,0.076,0.7023,layer_25
signed_diff,row_norm,8,per_ckpt,573B,90,0.0092,0.973,0.048,0.8571,layer_25
signed_diff,row_norm,8,per_ckpt,main,90,-0.1744,0.4466,-0.1724,0.4446,layer_25
signed_diff,col_norm,4,per_ckpt,10B,90,-0.1957,0.5055,-0.218,0.4675,layer_25
signed_diff,col_norm,4,per_ckpt,42B,90,-0.0562,0.8651,-0.0402,0.9091,layer_25
signed_diff,col_norm,4,per_ckpt,73B,90,-0.0327,0.9311,-0.0319,0.9361,layer_25
signed_diff,col_norm,4,per_ckpt,105B,90,-0.0864,0.7842,-0.1074,0.7343,layer_25
signed_diff,col_norm,4,per_ckpt,136B,90,-0.3672,0.1838,-0.4036,0.1508,layer_25
signed_diff,col_norm,4,per_ckpt,168B,90,-0.3156,0.2807,-0.2899,0.3347,layer_25
signed_diff,col_norm,4,per_ckpt,199B,90,0.2223,0.4565,0.2287,0.4436,layer_25
signed_diff,col_norm,4,per_ckpt,231B,90,0.3942,0.2068,0.3633,0.2717,layer_25
signed_diff,col_norm,4,per_ckpt,262B,90,-0.1144,0.6414,-0.0941,0.6973,layer_25
signed_diff,col_norm,4,per_ckpt,294B,90,-0.3135,0.2607,-0.327,0.2458,layer_25
signed_diff,col_norm,4,per_ckpt,325B,90,-0.224,0.4326,-0.2276,0.4366,layer_25
signed_diff,col_norm,4,per_ckpt,352B,90,-0.5015,0.0789,-0.5071,0.0689,layer_25
signed_diff,col_norm,4,per_ckpt,384B,90,-0.1529,0.5644,-0.1264,0.6344,layer_25
signed_diff,col_norm,4,per_ckpt,415B,90,-0.0585,0.8222,-0.0935,0.7253,layer_25
signed_diff,col_norm,4,per_ckpt,447B,90,0.2335,0.4176,0.2096,0.4805,layer_25
signed_diff,col_norm,4,per_ckpt,478B,90,-0.4471,0.0989,-0.4441,0.1039,layer_25
signed_diff,col_norm,4,per_ckpt,510B,90,-0.2963,0.3017,-0.3136,0.2897,layer_25
signed_diff,col_norm,4,per_ckpt,541B,90,-0.1328,0.6014,-0.1161,0.6623,layer_25
signed_diff,col_norm,4,per_ckpt,573B,90,-0.5684,0.0559,-0.5551,0.0619,layer_25
signed_diff,col_norm,4,per_ckpt,main,90,-0.3467,0.1738,-0.279,0.3067,layer_25
signed_diff,col_norm,8,per_ckpt,10B,90,-0.2077,0.4206,-0.1862,0.4635,layer_25
signed_diff,col_norm,8,per_ckpt,42B,90,-0.6069,0.017,-0.5757,0.02,layer_25
signed_diff,col_norm,8,per_ckpt,73B,90,-0.1396,0.6214,-0.1603,0.5924,layer_25
signed_diff,col_norm,8,per_ckpt,105B,90,-0.313,0.1898,-0.3123,0.2098,layer_25
signed_diff,col_norm,8,per_ckpt,136B,90,-0.5929,0.0529,-0.557,0.0809,layer_25
signed_diff,col_norm,8,per_ckpt,168B,90,-0.2122,0.4376,-0.2076,0.4715,layer_25
signed_diff,col_norm,8,per_ckpt,199B,90,-0.5436,0.015,-0.5339,0.017,layer_25
signed_diff,col_norm,8,per_ckpt,231B,90,0.0313,0.9171,0.0524,0.8591,layer_25
signed_diff,col_norm,8,per_ckpt,262B,90,-0.1251,0.6474,-0.1199,0.6663,layer_25
signed_diff,col_norm,8,per_ckpt,294B,90,-0.1255,0.6993,-0.2031,0.5395,layer_25
signed_diff,col_norm,8,per_ckpt,325B,90,0.0131,0.979,-0.0363,0.9041,layer_25
signed_diff,col_norm,8,per_ckpt,352B,90,-0.411,0.1009,-0.3648,0.1648,layer_25
signed_diff,col_norm,8,per_ckpt,384B,90,-0.1417,0.6264,-0.1724,0.5574,layer_25
signed_diff,col_norm,8,per_ckpt,415B,90,-0.306,0.2198,-0.304,0.2498,layer_25
signed_diff,col_norm,8,per_ckpt,447B,90,-0.3269,0.2468,-0.2852,0.3347,layer_25
signed_diff,col_norm,8,per_ckpt,478B,90,-0.0955,0.7303,-0.122,0.6783,layer_25
signed_diff,col_norm,8,per_ckpt,510B,90,-0.2813,0.1608,-0.2716,0.1748,layer_25
signed_diff,col_norm,8,per_ckpt,541B,90,-0.06,0.8422,-0.0602,0.8402,layer_25
signed_diff,col_norm,8,per_ckpt,573B,90,-0.3604,0.2158,-0.3277,0.2777,layer_25
signed_diff,col_norm,8,per_ckpt,main,90,0.0704,0.7862,0.0602,0.8172,layer_25
min_rankme,row_norm,4,per_ckpt,10B,90,0.039,0.8032,0.0825,0.5674,layer_25
min_rankme,row_norm,4,per_ckpt,42B,90,0.0853,0.5994,0.1116,0.5005,layer_25
min_rankme,row_norm,4,per_ckpt,73B,90,-0.1867,0.3047,-0.1098,0.5544,layer_25
min_rankme,row_norm,4,per_ckpt,105B,90,-0.0355,0.8362,-0.0581,0.7293,layer_25
min_rankme,row_norm,4,per_ckpt,136B,90,-0.1442,0.3477,-0.2019,0.1888,layer_25
min_rankme,row_norm,4,per_ckpt,168B,90,-0.0382,0.8192,-0.0536,0.7632,layer_25
min_rankme,row_norm,4,per_ckpt,199B,90,-0.2404,0.1419,-0.272,0.1089,layer_25
min_rankme,row_norm,4,per_ckpt,231B,90,-0.328,0.044,-0.2624,0.1139,layer_25
min_rankme,row_norm,4,per_ckpt,262B,90,-0.2563,0.1289,-0.2945,0.0959,layer_25
min_rankme,row_norm,4,per_ckpt,294B,90,0.1725,0.3966,0.0947,0.6194,layer_25
min_rankme,row_norm,4,per_ckpt,325B,90,0.1193,0.5025,0.0898,0.6054,layer_25
min_rankme,row_norm,4,per_ckpt,352B,90,0.0759,0.6494,0.0801,0.6513,layer_25
min_rankme,row_norm,4,per_ckpt,384B,90,-0.0624,0.6044,-0.0862,0.4855,layer_25
min_rankme,row_norm,4,per_ckpt,415B,90,-0.1838,0.1688,-0.2213,0.1159,layer_25
min_rankme,row_norm,4,per_ckpt,447B,90,-0.2701,0.0849,-0.2117,0.2098,layer_25
min_rankme,row_norm,4,per_ckpt,478B,90,-0.1711,0.2627,-0.245,0.1189,layer_25
min_rankme,row_norm,4,per_ckpt,510B,90,-0.1188,0.5365,-0.1446,0.5055,layer_25
min_rankme,row_norm,4,per_ckpt,541B,90,0.0178,0.9061,0.0744,0.5564,layer_25
min_rankme,row_norm,4,per_ckpt,573B,90,-0.0979,0.4975,-0.0979,0.4296,layer_25
min_rankme,row_norm,4,per_ckpt,main,90,0.0738,0.6454,0.0251,0.8961,layer_25
min_rankme,row_norm,8,per_ckpt,10B,90,-0.3412,0.0679,-0.2679,0.1309,layer_25
min_rankme,row_norm,8,per_ckpt,42B,90,0.2648,0.1219,0.2504,0.1309,layer_25
min_rankme,row_norm,8,per_ckpt,73B,90,0.2548,0.1848,0.1535,0.3816,layer_25
min_rankme,row_norm,8,per_ckpt,105B,90,-0.152,0.1878,-0.1329,0.1788,layer_25
min_rankme,row_norm,8,per_ckpt,136B,90,0.2584,0.1109,0.2661,0.1069,layer_25
min_rankme,row_norm,8,per_ckpt,168B,90,-0.245,0.1668,-0.2432,0.1608,layer_25
min_rankme,row_norm,8,per_ckpt,199B,90,-0.0083,0.958,0.0218,0.8951,layer_25
min_rankme,row_norm,8,per_ckpt,231B,90,-0.2083,0.2607,-0.1595,0.4086,layer_25
min_rankme,row_norm,8,per_ckpt,262B,90,-0.1216,0.4446,-0.1871,0.2388,layer_25
min_rankme,row_norm,8,per_ckpt,294B,90,-0.1997,0.0959,-0.1417,0.2637,layer_25
min_rankme,row_norm,8,per_ckpt,325B,90,0.2829,0.004,0.2659,0.004,layer_25
min_rankme,row_norm,8,per_ckpt,352B,90,-0.0701,0.6204,-0.0539,0.6963,layer_25
min_rankme,row_norm,8,per_ckpt,384B,90,-0.1138,0.5345,-0.0695,0.6823,layer_25
min_rankme,row_norm,8,per_ckpt,415B,90,0.1654,0.2937,0.2295,0.1049,layer_25
min_rankme,row_norm,8,per_ckpt,447B,90,0.2145,0.045,0.2403,0.027,layer_25
min_rankme,row_norm,8,per_ckpt,478B,90,0.1532,0.2378,0.1319,0.3117,layer_25
min_rankme,row_norm,8,per_ckpt,510B,90,-0.0917,0.6094,-0.0669,0.6633,layer_25
min_rankme,row_norm,8,per_ckpt,541B,90,-0.0332,0.8292,-0.0977,0.4845,layer_25
min_rankme,row_norm,8,per_ckpt,573B,90,-0.0185,0.9161,0.0101,0.9491,layer_25
min_rankme,row_norm,8,per_ckpt,main,90,0.0026,0.979,-0.0535,0.6503,layer_25
min_rankme,col_norm,4,per_ckpt,10B,90,0.0363,0.6404,0.0561,0.4905,layer_25
min_rankme,col_norm,4,per_ckpt,42B,90,0.0319,0.6024,0.0497,0.4775,layer_25
min_rankme,col_norm,4,per_ckpt,73B,90,-0.0977,0.4136,-0.0695,0.5834,layer_25
min_rankme,col_norm,4,per_ckpt,105B,90,-0.0222,0.8252,-0.0398,0.7133,layer_25
min_rankme,col_norm,4,per_ckpt,136B,90,-0.1094,0.4116,-0.1744,0.1748,layer_25
min_rankme,col_norm,4,per_ckpt,168B,90,0.001,0.994,-0.029,0.7992,layer_25
min_rankme,col_norm,4,per_ckpt,199B,90,-0.1599,0.1349,-0.1805,0.1109,layer_25
min_rankme,col_norm,4,per_ckpt,231B,90,-0.144,0.0659,-0.1219,0.1558,layer_25
min_rankme,col_norm,4,per_ckpt,262B,90,-0.264,0.0699,-0.2668,0.0929,layer_25
min_rankme,col_norm,4,per_ckpt,294B,90,0.1527,0.2897,0.0744,0.6224,layer_25
min_rankme,col_norm,4,per_ckpt,325B,90,0.0746,0.5445,0.0636,0.6184,layer_25
min_rankme,col_norm,4,per_ckpt,352B,90,0.055,0.6733,0.0517,0.6753,layer_25
min_rankme,col_norm,4,per_ckpt,384B,90,-0.0612,0.5614,-0.0675,0.5455,layer_25
min_rankme,col_norm,4,per_ckpt,415B,90,-0.1894,0.1449,-0.2077,0.1179,layer_25
min_rankme,col_norm,4,per_ckpt,447B,90,-0.2272,0.0699,-0.1569,0.2368,layer_25
min_rankme,col_norm,4,per_ckpt,478B,90,-0.1437,0.2797,-0.2173,0.1259,layer_25
min_rankme,col_norm,4,per_ckpt,510B,90,-0.0988,0.3946,-0.0789,0.5105,layer_25
min_rankme,col_norm,4,per_ckpt,541B,90,0.0525,0.7013,0.0733,0.5634,layer_25
min_rankme,col_norm,4,per_ckpt,573B,90,-0.058,0.5075,-0.0734,0.3916,layer_25
min_rankme,col_norm,4,per_ckpt,main,90,0.0291,0.7982,0.0195,0.8631,layer_25
min_rankme,col_norm,8,per_ckpt,10B,90,-0.2549,0.0529,-0.2176,0.1139,layer_25
min_rankme,col_norm,8,per_ckpt,42B,90,0.1348,0.1748,0.1563,0.1409,layer_25
min_rankme,col_norm,8,per_ckpt,73B,90,0.2191,0.1728,0.1279,0.3746,layer_25
min_rankme,col_norm,8,per_ckpt,105B,90,-0.0721,0.5225,-0.1507,0.1748,layer_25
min_rankme,col_norm,8,per_ckpt,136B,90,0.1186,0.1439,0.1175,0.1119,layer_25
min_rankme,col_norm,8,per_ckpt,168B,90,-0.1352,0.2318,-0.1557,0.1489,layer_25
min_rankme,col_norm,8,per_ckpt,199B,90,-0.0021,0.989,0.0261,0.8601,layer_25
min_rankme,col_norm,8,per_ckpt,231B,90,-0.1391,0.3676,-0.132,0.4036,layer_25
min_rankme,col_norm,8,per_ckpt,262B,90,-0.133,0.2607,-0.1563,0.2328,layer_25
min_rankme,col_norm,8,per_ckpt,294B,90,-0.0796,0.2218,-0.0419,0.4985,layer_25
min_rankme,col_norm,8,per_ckpt,325B,90,0.2026,0.013,0.2204,0.002,layer_25
min_rankme,col_norm,8,per_ckpt,352B,90,-0.0317,0.7682,-0.0369,0.7333,layer_25
min_rankme,col_norm,8,per_ckpt,384B,90,-0.097,0.4036,-0.05,0.7043,layer_25
min_rankme,col_norm,8,per_ckpt,415B,90,0.1331,0.2727,0.1821,0.1149,layer_25
min_rankme,col_norm,8,per_ckpt,447B,90,0.1501,0.043,0.1832,0.024,layer_25
min_rankme,col_norm,8,per_ckpt,478B,90,0.0841,0.4406,0.1195,0.2937,layer_25
min_rankme,col_norm,8,per_ckpt,510B,90,-0.0617,0.7113,-0.0636,0.6713,layer_25
min_rankme,col_norm,8,per_ckpt,541B,90,-0.0282,0.8202,-0.0645,0.5325,layer_25
min_rankme,col_norm,8,per_ckpt,573B,90,-0.0003,0.999,0.016,0.8551,layer_25
min_rankme,col_norm,8,per_ckpt,main,90,0.0053,0.956,-0.0343,0.7043,layer_25
norm_asym,row_norm,4,per_ckpt,10B,90,0.0506,0.8052,0.0405,0.8352,layer_25
norm_asym,row_norm,4,per_ckpt,42B,90,0.0082,0.96,0.0125,0.9331,layer_25
norm_asym,row_norm,4,per_ckpt,73B,90,-0.3728,0.0779,-0.3928,0.0619,layer_25
norm_asym,row_norm,4,per_ckpt,105B,90,-0.2291,0.3307,-0.2401,0.2987,layer_25
norm_asym,row_norm,4,per_ckpt,136B,90,-0.0712,0.7742,-0.0518,0.8292,layer_25
norm_asym,row_norm,4,per_ckpt,168B,90,-0.1241,0.5854,-0.132,0.5914,layer_25
norm_asym,row_norm,4,per_ckpt,199B,90,-0.1429,0.5265,-0.1926,0.4166,layer_25
norm_asym,row_norm,4,per_ckpt,231B,90,-0.4489,0.015,-0.4807,0.016,layer_25
norm_asym,row_norm,4,per_ckpt,262B,90,-0.2018,0.3297,-0.3538,0.1049,layer_25
norm_asym,row_norm,4,per_ckpt,294B,90,0.0931,0.6923,0.113,0.6334,layer_25
norm_asym,row_norm,4,per_ckpt,325B,90,0.0517,0.7473,0.0155,0.9261,layer_25
norm_asym,row_norm,4,per_ckpt,352B,90,0.0843,0.6474,0.0526,0.7273,layer_25
norm_asym,row_norm,4,per_ckpt,384B,90,-0.0883,0.6913,-0.1477,0.5465,layer_25
norm_asym,row_norm,4,per_ckpt,415B,90,-0.2368,0.3277,-0.3352,0.1798,layer_25
norm_asym,row_norm,4,per_ckpt,447B,90,-0.2794,0.2058,-0.2545,0.2627,layer_25
norm_asym,row_norm,4,per_ckpt,478B,90,-0.0873,0.7393,-0.1121,0.7193,layer_25
norm_asym,row_norm,4,per_ckpt,510B,90,-0.0397,0.7033,-0.0698,0.4765,layer_25
norm_asym,row_norm,4,per_ckpt,541B,90,0.1618,0.5125,0.1295,0.6324,layer_25
norm_asym,row_norm,4,per_ckpt,573B,90,-0.128,0.6274,-0.0874,0.7393,layer_25
norm_asym,row_norm,4,per_ckpt,main,90,-0.0298,0.8302,-0.0005,0.995,layer_25
norm_asym,row_norm,8,per_ckpt,10B,90,-0.1282,0.4446,-0.2228,0.2038,layer_25
norm_asym,row_norm,8,per_ckpt,42B,90,0.0139,0.9301,0.0158,0.9141,layer_25
norm_asym,row_norm,8,per_ckpt,73B,90,-0.097,0.6474,-0.1171,0.6034,layer_25
norm_asym,row_norm,8,per_ckpt,105B,90,-0.1415,0.6124,-0.1987,0.4705,layer_25
norm_asym,row_norm,8,per_ckpt,136B,90,0.2933,0.1079,0.2807,0.1658,layer_25
norm_asym,row_norm,8,per_ckpt,168B,90,-0.0335,0.7982,0.0013,0.991,layer_25
norm_asym,row_norm,8,per_ckpt,199B,90,0.1758,0.4545,0.2255,0.3307,layer_25
norm_asym,row_norm,8,per_ckpt,231B,90,-0.3595,0.0549,-0.3364,0.0909,layer_25
norm_asym,row_norm,8,per_ckpt,262B,90,0.2173,0.3596,0.2423,0.3057,layer_25
norm_asym,row_norm,8,per_ckpt,294B,90,0.2996,0.0769,0.2677,0.1359,layer_25
norm_asym,row_norm,8,per_ckpt,325B,90,0.0515,0.8272,0.0228,0.9231,layer_25
norm_asym,row_norm,8,per_ckpt,352B,90,-0.223,0.3067,-0.2189,0.3037,layer_25
norm_asym,row_norm,8,per_ckpt,384B,90,-0.0955,0.6623,-0.0406,0.8771,layer_25
norm_asym,row_norm,8,per_ckpt,415B,90,-0.0783,0.7123,0.0028,0.99,layer_25
norm_asym,row_norm,8,per_ckpt,447B,90,0.1498,0.4945,0.1612,0.4106,layer_25
norm_asym,row_norm,8,per_ckpt,478B,90,0.1264,0.6184,0.1773,0.5155,layer_25
norm_asym,row_norm,8,per_ckpt,510B,90,-0.1838,0.3207,-0.1761,0.3626,layer_25
norm_asym,row_norm,8,per_ckpt,541B,90,0.0642,0.7463,0.074,0.6933,layer_25
norm_asym,row_norm,8,per_ckpt,573B,90,0.0015,0.996,0.0277,0.9271,layer_25
norm_asym,row_norm,8,per_ckpt,main,90,-0.1614,0.4685,-0.0657,0.7672,layer_25
norm_asym,col_norm,4,per_ckpt,10B,90,-0.1773,0.5455,-0.1945,0.5155,layer_25
norm_asym,col_norm,4,per_ckpt,42B,90,-0.0857,0.7832,-0.0553,0.8402,layer_25
norm_asym,col_norm,4,per_ckpt,73B,90,-0.0903,0.7722,-0.0671,0.8192,layer_25
norm_asym,col_norm,4,per_ckpt,105B,90,-0.15,0.6374,-0.1521,0.6394,layer_25
norm_asym,col_norm,4,per_ckpt,136B,90,-0.381,0.1548,-0.3828,0.1618,layer_25
norm_asym,col_norm,4,per_ckpt,168B,90,-0.2959,0.3177,-0.2577,0.4186,layer_25
norm_asym,col_norm,4,per_ckpt,199B,90,0.2733,0.3337,0.2904,0.3207,layer_25
norm_asym,col_norm,4,per_ckpt,231B,90,0.3427,0.2647,0.2468,0.4156,layer_25
norm_asym,col_norm,4,per_ckpt,262B,90,-0.0823,0.7323,-0.0154,0.9461,layer_25
norm_asym,col_norm,4,per_ckpt,294B,90,-0.3261,0.2208,-0.3298,0.2248,layer_25
norm_asym,col_norm,4,per_ckpt,325B,90,-0.177,0.5445,-0.0767,0.7992,layer_25
norm_asym,col_norm,4,per_ckpt,352B,90,-0.4934,0.0809,-0.4865,0.0809,layer_25
norm_asym,col_norm,4,per_ckpt,384B,90,-0.049,0.8671,0.022,0.9351,layer_25
norm_asym,col_norm,4,per_ckpt,415B,90,-0.0274,0.9241,-0.0151,0.957,layer_25
norm_asym,col_norm,4,per_ckpt,447B,90,0.2303,0.4226,0.2027,0.5005,layer_25
norm_asym,col_norm,4,per_ckpt,478B,90,-0.4074,0.1309,-0.2749,0.3357,layer_25
norm_asym,col_norm,4,per_ckpt,510B,90,-0.2359,0.4206,-0.1399,0.6444,layer_25
norm_asym,col_norm,4,per_ckpt,541B,90,-0.1263,0.6234,-0.0088,0.979,layer_25
norm_asym,col_norm,4,per_ckpt,573B,90,-0.5559,0.0549,-0.501,0.0909,layer_25
norm_asym,col_norm,4,per_ckpt,main,90,-0.3579,0.1548,-0.2515,0.3237,layer_25
norm_asym,col_norm,8,per_ckpt,10B,90,-0.1086,0.6533,-0.0799,0.7403,layer_25
norm_asym,col_norm,8,per_ckpt,42B,90,-0.5262,0.046,-0.5113,0.046,layer_25
norm_asym,col_norm,8,per_ckpt,73B,90,-0.1165,0.6753,-0.1486,0.6054,layer_25
norm_asym,col_norm,8,per_ckpt,105B,90,-0.2313,0.3656,-0.2117,0.4316,layer_25
norm_asym,col_norm,8,per_ckpt,136B,90,-0.4095,0.1968,-0.3793,0.2517,layer_25
norm_asym,col_norm,8,per_ckpt,168B,90,-0.1075,0.6763,-0.026,0.9171,layer_25
norm_asym,col_norm,8,per_ckpt,199B,90,-0.5064,0.029,-0.4828,0.045,layer_25
norm_asym,col_norm,8,per_ckpt,231B,90,0.1084,0.7003,0.2068,0.4725,layer_25
norm_asym,col_norm,8,per_ckpt,262B,90,-0.1262,0.6354,-0.1918,0.4725,layer_25
norm_asym,col_norm,8,per_ckpt,294B,90,-0.085,0.7842,-0.1387,0.6653,layer_25
norm_asym,col_norm,8,per_ckpt,325B,90,0.0372,0.9101,0.0247,0.9161,layer_25
norm_asym,col_norm,8,per_ckpt,352B,90,-0.3637,0.1429,-0.2643,0.3357,layer_25
norm_asym,col_norm,8,per_ckpt,384B,90,-0.1318,0.6344,-0.1598,0.5914,layer_25
norm_asym,col_norm,8,per_ckpt,415B,90,-0.3131,0.2128,-0.3109,0.2517,layer_25
norm_asym,col_norm,8,per_ckpt,447B,90,-0.3269,0.2507,-0.2053,0.4775,layer_25
norm_asym,col_norm,8,per_ckpt,478B,90,-0.0971,0.7413,-0.1611,0.6114,layer_25
norm_asym,col_norm,8,per_ckpt,510B,90,-0.2873,0.1479,-0.2643,0.1928,layer_25
norm_asym,col_norm,8,per_ckpt,541B,90,-0.0531,0.8621,0.018,0.9431,layer_25
norm_asym,col_norm,8,per_ckpt,573B,90,-0.3082,0.2967,-0.2015,0.4965,layer_25
norm_asym,col_norm,8,per_ckpt,main,90,0.0567,0.8332,0.0169,0.9461,layer_25
abs_diff,row_norm,4,pooled,,1800,-0.0296,0.2095,-0.0179,0.4467,layer_26
abs_diff,row_norm,8,pooled,,1800,-0.0624,0.0081,-0.0438,0.0634,layer_26
abs_diff,col_norm,4,pooled,,1800,-0.0168,0.4763,-0.0112,0.6343,layer_26
abs_diff,col_norm,8,pooled,,1800,-0.0456,0.0533,-0.0315,0.1822,layer_26
signed_diff,row_norm,4,pooled,,1800,-0.0733,0.0019,-0.0567,0.0162,layer_26
signed_diff,row_norm,8,pooled,,1800,-0.0285,0.2269,-0.0427,0.0704,layer_26
signed_diff,col_norm,4,pooled,,1800,-0.1223,0.0,-0.0812,0.0006,layer_26
signed_diff,col_norm,8,pooled,,1800,-0.2214,0.0,-0.2137,0.0,layer_26
min_rankme,row_norm,4,pooled,,1800,-0.1441,0.0,-0.1034,0.0,layer_26
min_rankme,row_norm,8,pooled,,1800,-0.0275,0.2427,-0.0356,0.1309,layer_26
min_rankme,col_norm,4,pooled,,1800,-0.0979,0.0,-0.0704,0.0028,layer_26
min_rankme,col_norm,8,pooled,,1800,-0.0219,0.3536,-0.026,0.2704,layer_26
norm_asym,row_norm,4,pooled,,1800,-0.1011,0.0,-0.118,0.0,layer_26
norm_asym,row_norm,8,pooled,,1800,-0.0113,0.632,-0.0079,0.7385,layer_26
norm_asym,col_norm,4,pooled,,1800,-0.125,0.0,-0.1062,0.0,layer_26
norm_asym,col_norm,8,pooled,,1800,-0.1836,0.0,-0.1689,0.0,layer_26
abs_diff,row_norm,4,per_ckpt,10B,90,0.1991,0.035,0.1995,0.05,layer_26
abs_diff,row_norm,4,per_ckpt,42B,90,0.1928,0.05,0.1421,0.1758,layer_26
abs_diff,row_norm,4,per_ckpt,73B,90,0.0944,0.3077,0.1086,0.2687,layer_26
abs_diff,row_norm,4,per_ckpt,105B,90,0.0957,0.2847,0.1259,0.2098,layer_26
abs_diff,row_norm,4,per_ckpt,136B,90,0.1809,0.027,0.2235,0.024,layer_26
abs_diff,row_norm,4,per_ckpt,168B,90,0.0526,0.5864,0.1168,0.2488,layer_26
abs_diff,row_norm,4,per_ckpt,199B,90,0.0247,0.8432,0.0437,0.7592,layer_26
abs_diff,row_norm,4,per_ckpt,231B,90,0.09,0.4605,0.058,0.6683,layer_26
abs_diff,row_norm,4,per_ckpt,262B,90,0.1584,0.1968,0.1931,0.1489,layer_26
abs_diff,row_norm,4,per_ckpt,294B,90,-0.1481,0.2537,-0.1149,0.4026,layer_26
abs_diff,row_norm,4,per_ckpt,325B,90,0.0051,0.963,0.0524,0.6673,layer_26
abs_diff,row_norm,4,per_ckpt,352B,90,0.0189,0.8811,-0.0149,0.9201,layer_26
abs_diff,row_norm,4,per_ckpt,384B,90,0.0888,0.3417,0.1329,0.1728,layer_26
abs_diff,row_norm,4,per_ckpt,415B,90,-0.0469,0.6563,0.0175,0.8871,layer_26
abs_diff,row_norm,4,per_ckpt,447B,90,0.1471,0.2517,0.1181,0.4146,layer_26
abs_diff,row_norm,4,per_ckpt,478B,90,0.275,0.044,0.3072,0.028,layer_26
abs_diff,row_norm,4,per_ckpt,510B,90,0.0576,0.7283,0.0919,0.5884,layer_26
abs_diff,row_norm,4,per_ckpt,541B,90,0.0668,0.5574,0.0619,0.5814,layer_26
abs_diff,row_norm,4,per_ckpt,573B,90,-0.0143,0.9291,-0.0146,0.9091,layer_26
abs_diff,row_norm,4,per_ckpt,main,90,-0.1328,0.2957,-0.0798,0.5704,layer_26
abs_diff,row_norm,8,per_ckpt,10B,90,0.121,0.2987,0.0939,0.4535,layer_26
abs_diff,row_norm,8,per_ckpt,42B,90,0.0233,0.8272,0.0268,0.8182,layer_26
abs_diff,row_norm,8,per_ckpt,73B,90,-0.2416,0.014,-0.2782,0.003,layer_26
abs_diff,row_norm,8,per_ckpt,105B,90,0.138,0.0549,0.1224,0.0849,layer_26
abs_diff,row_norm,8,per_ckpt,136B,90,-0.0101,0.9161,0.0126,0.9171,layer_26
abs_diff,row_norm,8,per_ckpt,168B,90,0.0332,0.7912,0.0387,0.7562,layer_26
abs_diff,row_norm,8,per_ckpt,199B,90,0.0496,0.6583,0.0254,0.8052,layer_26
abs_diff,row_norm,8,per_ckpt,231B,90,0.0747,0.5215,0.0667,0.6024,layer_26
abs_diff,row_norm,8,per_ckpt,262B,90,0.1214,0.3297,0.1489,0.2557,layer_26
abs_diff,row_norm,8,per_ckpt,294B,90,0.045,0.6434,0.0211,0.8571,layer_26
abs_diff,row_norm,8,per_ckpt,325B,90,-0.3535,0.001,-0.2868,0.001,layer_26
abs_diff,row_norm,8,per_ckpt,352B,90,0.0138,0.9041,-0.0002,0.998,layer_26
abs_diff,row_norm,8,per_ckpt,384B,90,-0.1247,0.2667,-0.1643,0.1818,layer_26
abs_diff,row_norm,8,per_ckpt,415B,90,-0.2725,0.008,-0.302,0.004,layer_26
abs_diff,row_norm,8,per_ckpt,447B,90,-0.1259,0.1948,-0.1292,0.2248,layer_26
abs_diff,row_norm,8,per_ckpt,478B,90,-0.2232,0.043,-0.1899,0.1009,layer_26
abs_diff,row_norm,8,per_ckpt,510B,90,-0.2041,0.1858,-0.2132,0.1838,layer_26
abs_diff,row_norm,8,per_ckpt,541B,90,0.153,0.3127,0.187,0.2597,layer_26
abs_diff,row_norm,8,per_ckpt,573B,90,0.0688,0.6264,0.0719,0.6124,layer_26
abs_diff,row_norm,8,per_ckpt,main,90,-0.1265,0.2458,-0.1309,0.2577,layer_26
abs_diff,col_norm,4,per_ckpt,10B,90,0.0967,0.0569,0.1011,0.0699,layer_26
abs_diff,col_norm,4,per_ckpt,42B,90,0.0675,0.0659,0.0619,0.1489,layer_26
abs_diff,col_norm,4,per_ckpt,73B,90,0.0477,0.4196,0.0673,0.3087,layer_26
abs_diff,col_norm,4,per_ckpt,105B,90,0.0336,0.5884,0.0806,0.2178,layer_26
abs_diff,col_norm,4,per_ckpt,136B,90,0.2125,0.005,0.1918,0.019,layer_26
abs_diff,col_norm,4,per_ckpt,168B,90,0.0569,0.3976,0.073,0.2787,layer_26
abs_diff,col_norm,4,per_ckpt,199B,90,0.0223,0.7742,0.0268,0.7782,layer_26
abs_diff,col_norm,4,per_ckpt,231B,90,0.0272,0.6494,0.0255,0.6953,layer_26
abs_diff,col_norm,4,per_ckpt,262B,90,0.173,0.1139,0.1757,0.1518,layer_26
abs_diff,col_norm,4,per_ckpt,294B,90,-0.12,0.2108,-0.0924,0.3956,layer_26
abs_diff,col_norm,4,per_ckpt,325B,90,0.0122,0.8751,0.0382,0.6613,layer_26
abs_diff,col_norm,4,per_ckpt,352B,90,-0.0325,0.7493,-0.0056,0.96,layer_26
abs_diff,col_norm,4,per_ckpt,384B,90,0.1207,0.1409,0.1135,0.1848,layer_26
abs_diff,col_norm,4,per_ckpt,415B,90,-0.0122,0.9181,0.0154,0.8971,layer_26
abs_diff,col_norm,4,per_ckpt,447B,90,0.1087,0.2957,0.0836,0.4446,layer_26
abs_diff,col_norm,4,per_ckpt,478B,90,0.211,0.0839,0.2804,0.025,layer_26
abs_diff,col_norm,4,per_ckpt,510B,90,0.078,0.4146,0.0541,0.5744,layer_26
abs_diff,col_norm,4,per_ckpt,541B,90,0.0744,0.4965,0.0687,0.5524,layer_26
abs_diff,col_norm,4,per_ckpt,573B,90,0.0111,0.8881,-0.0021,0.973,layer_26
abs_diff,col_norm,4,per_ckpt,main,90,-0.077,0.3337,-0.0543,0.5335,layer_26
abs_diff,col_norm,8,per_ckpt,10B,90,0.1094,0.2118,0.0784,0.4256,layer_26
abs_diff,col_norm,8,per_ckpt,42B,90,0.0478,0.4535,0.0227,0.7772,layer_26
abs_diff,col_norm,8,per_ckpt,73B,90,-0.2164,0.003,-0.2279,0.004,layer_26
abs_diff,col_norm,8,per_ckpt,105B,90,0.1664,0.036,0.1444,0.0729,layer_26
abs_diff,col_norm,8,per_ckpt,136B,90,-0.0105,0.8152,0.0148,0.7612,layer_26
abs_diff,col_norm,8,per_ckpt,168B,90,0.0556,0.4476,0.0279,0.7223,layer_26
abs_diff,col_norm,8,per_ckpt,199B,90,0.0259,0.8022,0.0255,0.7972,layer_26
abs_diff,col_norm,8,per_ckpt,231B,90,0.0296,0.7542,0.0529,0.6144,layer_26
abs_diff,col_norm,8,per_ckpt,262B,90,0.1223,0.1888,0.1236,0.2537,layer_26
abs_diff,col_norm,8,per_ckpt,294B,90,-0.0156,0.7512,0.0092,0.8621,layer_26
abs_diff,col_norm,8,per_ckpt,325B,90,-0.2137,0.002,-0.231,0.001,layer_26
abs_diff,col_norm,8,per_ckpt,352B,90,0.0321,0.7003,-0.0012,0.989,layer_26
abs_diff,col_norm,8,per_ckpt,384B,90,-0.0415,0.6444,-0.1297,0.1648,layer_26
abs_diff,col_norm,8,per_ckpt,415B,90,-0.2021,0.017,-0.248,0.003,layer_26
abs_diff,col_norm,8,per_ckpt,447B,90,-0.0918,0.1718,-0.0981,0.2118,layer_26
abs_diff,col_norm,8,per_ckpt,478B,90,-0.1474,0.1209,-0.1642,0.1109,layer_26
abs_diff,col_norm,8,per_ckpt,510B,90,-0.2292,0.1239,-0.2082,0.1828,layer_26
abs_diff,col_norm,8,per_ckpt,541B,90,0.1611,0.1249,0.1291,0.2977,layer_26
abs_diff,col_norm,8,per_ckpt,573B,90,0.0288,0.7293,0.0414,0.6184,layer_26
abs_diff,col_norm,8,per_ckpt,main,90,-0.0766,0.3736,-0.1067,0.2288,layer_26
signed_diff,row_norm,4,per_ckpt,10B,90,0.1437,0.5085,0.1571,0.4585,layer_26
signed_diff,row_norm,4,per_ckpt,42B,90,0.066,0.6224,0.0899,0.5704,layer_26
signed_diff,row_norm,4,per_ckpt,73B,90,-0.3365,0.1349,-0.3365,0.1369,layer_26
signed_diff,row_norm,4,per_ckpt,105B,90,-0.1571,0.5175,-0.1496,0.5405,layer_26
signed_diff,row_norm,4,per_ckpt,136B,90,-0.067,0.7802,-0.0539,0.8212,layer_26
signed_diff,row_norm,4,per_ckpt,168B,90,-0.0351,0.8691,-0.0191,0.9271,layer_26
signed_diff,row_norm,4,per_ckpt,199B,90,-0.188,0.4216,-0.1981,0.3836,layer_26
signed_diff,row_norm,4,per_ckpt,231B,90,-0.419,0.025,-0.4127,0.035,layer_26
signed_diff,row_norm,4,per_ckpt,262B,90,-0.1531,0.4635,-0.1982,0.3646,layer_26
signed_diff,row_norm,4,per_ckpt,294B,90,0.0454,0.8402,0.0683,0.7672,layer_26
signed_diff,row_norm,4,per_ckpt,325B,90,0.0914,0.6164,0.1236,0.5415,layer_26
signed_diff,row_norm,4,per_ckpt,352B,90,0.0088,0.973,-0.0399,0.8591,layer_26
signed_diff,row_norm,4,per_ckpt,384B,90,-0.053,0.8192,-0.0723,0.7612,layer_26
signed_diff,row_norm,4,per_ckpt,415B,90,-0.2068,0.3976,-0.2502,0.3177,layer_26
signed_diff,row_norm,4,per_ckpt,447B,90,-0.2836,0.2038,-0.2777,0.2288,layer_26
signed_diff,row_norm,4,per_ckpt,478B,90,-0.0483,0.8651,-0.0274,0.9191,layer_26
signed_diff,row_norm,4,per_ckpt,510B,90,-0.0279,0.7862,-0.0888,0.3477,layer_26
signed_diff,row_norm,4,per_ckpt,541B,90,0.2089,0.4006,0.1666,0.5135,layer_26
signed_diff,row_norm,4,per_ckpt,573B,90,-0.15,0.5744,-0.1671,0.5604,layer_26
signed_diff,row_norm,4,per_ckpt,main,90,-0.0031,0.981,0.028,0.8082,layer_26
signed_diff,row_norm,8,per_ckpt,10B,90,-0.0945,0.6114,-0.1625,0.3916,layer_26
signed_diff,row_norm,8,per_ckpt,42B,90,-0.0118,0.9421,0.0079,0.959,layer_26
signed_diff,row_norm,8,per_ckpt,73B,90,-0.178,0.4046,-0.2059,0.3596,layer_26
signed_diff,row_norm,8,per_ckpt,105B,90,-0.1362,0.6334,-0.1963,0.5455,layer_26
signed_diff,row_norm,8,per_ckpt,136B,90,0.226,0.2418,0.2152,0.2897,layer_26
signed_diff,row_norm,8,per_ckpt,168B,90,-0.0445,0.7353,-0.0126,0.9231,layer_26
signed_diff,row_norm,8,per_ckpt,199B,90,0.074,0.7712,0.0915,0.7123,layer_26
signed_diff,row_norm,8,per_ckpt,231B,90,-0.3724,0.048,-0.3645,0.0649,layer_26
signed_diff,row_norm,8,per_ckpt,262B,90,0.3082,0.1608,0.3226,0.1299,layer_26
signed_diff,row_norm,8,per_ckpt,294B,90,0.2483,0.1618,0.2454,0.1798,layer_26
signed_diff,row_norm,8,per_ckpt,325B,90,-0.0439,0.8691,-0.0891,0.7323,layer_26
signed_diff,row_norm,8,per_ckpt,352B,90,-0.2331,0.2907,-0.2295,0.2997,layer_26
signed_diff,row_norm,8,per_ckpt,384B,90,-0.2151,0.3217,-0.2101,0.3247,layer_26
signed_diff,row_norm,8,per_ckpt,415B,90,-0.1286,0.5544,-0.1009,0.6444,layer_26
signed_diff,row_norm,8,per_ckpt,447B,90,0.1791,0.4046,0.1489,0.4965,layer_26
signed_diff,row_norm,8,per_ckpt,478B,90,0.0858,0.7273,0.1082,0.6494,layer_26
signed_diff,row_norm,8,per_ckpt,510B,90,-0.1747,0.3467,-0.2162,0.2448,layer_26
signed_diff,row_norm,8,per_ckpt,541B,90,0.0693,0.7493,0.0646,0.7752,layer_26
signed_diff,row_norm,8,per_ckpt,573B,90,0.0207,0.9311,0.037,0.8841,layer_26
signed_diff,row_norm,8,per_ckpt,main,90,-0.1435,0.5275,-0.1428,0.5345,layer_26
signed_diff,col_norm,4,per_ckpt,10B,90,-0.1806,0.5325,-0.1917,0.5125,layer_26
signed_diff,col_norm,4,per_ckpt,42B,90,-0.0327,0.9281,-0.0108,0.976,layer_26
signed_diff,col_norm,4,per_ckpt,73B,90,-0.0273,0.9461,-0.0151,0.971,layer_26
signed_diff,col_norm,4,per_ckpt,105B,90,-0.0683,0.8272,-0.0898,0.7842,layer_26
signed_diff,col_norm,4,per_ckpt,136B,90,-0.3793,0.1688,-0.4053,0.1489,layer_26
signed_diff,col_norm,4,per_ckpt,168B,90,-0.2914,0.3187,-0.2641,0.3796,layer_26
signed_diff,col_norm,4,per_ckpt,199B,90,0.2819,0.3337,0.2919,0.3197,layer_26
signed_diff,col_norm,4,per_ckpt,231B,90,0.4043,0.1908,0.3916,0.2268,layer_26
signed_diff,col_norm,4,per_ckpt,262B,90,-0.1457,0.5734,-0.1238,0.6184,layer_26
signed_diff,col_norm,4,per_ckpt,294B,90,-0.2957,0.2927,-0.3202,0.2637,layer_26
signed_diff,col_norm,4,per_ckpt,325B,90,-0.2588,0.3636,-0.2489,0.3996,layer_26
signed_diff,col_norm,4,per_ckpt,352B,90,-0.4413,0.1239,-0.4386,0.1289,layer_26
signed_diff,col_norm,4,per_ckpt,384B,90,-0.1882,0.4865,-0.1689,0.5335,layer_26
signed_diff,col_norm,4,per_ckpt,415B,90,-0.1168,0.6503,-0.1357,0.6194,layer_26
signed_diff,col_norm,4,per_ckpt,447B,90,0.2874,0.3137,0.2582,0.3816,layer_26
signed_diff,col_norm,4,per_ckpt,478B,90,-0.4483,0.1009,-0.4544,0.0989,layer_26
signed_diff,col_norm,4,per_ckpt,510B,90,-0.2915,0.3197,-0.3202,0.2737,layer_26
signed_diff,col_norm,4,per_ckpt,541B,90,-0.1104,0.6753,-0.113,0.6613,layer_26
signed_diff,col_norm,4,per_ckpt,573B,90,-0.5211,0.0719,-0.5249,0.0769,layer_26
signed_diff,col_norm,4,per_ckpt,main,90,-0.3905,0.1329,-0.3506,0.1978,layer_26
signed_diff,col_norm,8,per_ckpt,10B,90,-0.1926,0.4565,-0.1727,0.4975,layer_26
signed_diff,col_norm,8,per_ckpt,42B,90,-0.6201,0.014,-0.5846,0.021,layer_26
signed_diff,col_norm,8,per_ckpt,73B,90,-0.143,0.6154,-0.1593,0.5894,layer_26
signed_diff,col_norm,8,per_ckpt,105B,90,-0.3009,0.2008,-0.3005,0.2218,layer_26
signed_diff,col_norm,8,per_ckpt,136B,90,-0.5879,0.0539,-0.5657,0.0759,layer_26
signed_diff,col_norm,8,per_ckpt,168B,90,-0.2559,0.3556,-0.2379,0.4106,layer_26
signed_diff,col_norm,8,per_ckpt,199B,90,-0.5514,0.012,-0.5441,0.014,layer_26
signed_diff,col_norm,8,per_ckpt,231B,90,0.0218,0.9451,0.0317,0.9151,layer_26
signed_diff,col_norm,8,per_ckpt,262B,90,-0.1002,0.7183,-0.0843,0.7712,layer_26
signed_diff,col_norm,8,per_ckpt,294B,90,-0.144,0.6474,-0.2226,0.4955,layer_26
signed_diff,col_norm,8,per_ckpt,325B,90,-0.0038,0.989,-0.034,0.9041,layer_26
signed_diff,col_norm,8,per_ckpt,352B,90,-0.3883,0.1239,-0.3683,0.1618,layer_26
signed_diff,col_norm,8,per_ckpt,384B,90,-0.1237,0.6593,-0.1582,0.5804,layer_26
signed_diff,col_norm,8,per_ckpt,415B,90,-0.275,0.2737,-0.3011,0.2507,layer_26
signed_diff,col_norm,8,per_ckpt,447B,90,-0.2853,0.3357,-0.2631,0.3726,layer_26
signed_diff,col_norm,8,per_ckpt,478B,90,0.0182,0.953,-0.0237,0.9361,layer_26
signed_diff,col_norm,8,per_ckpt,510B,90,-0.2803,0.1528,-0.274,0.1668,layer_26
signed_diff,col_norm,8,per_ckpt,541B,90,-0.0051,0.982,-0.0181,0.9381,layer_26
signed_diff,col_norm,8,per_ckpt,573B,90,-0.3531,0.2308,-0.318,0.3087,layer_26
signed_diff,col_norm,8,per_ckpt,main,90,0.0576,0.8452,0.0322,0.9161,layer_26
min_rankme,row_norm,4,per_ckpt,10B,90,0.039,0.8032,0.0894,0.5265,layer_26
min_rankme,row_norm,4,per_ckpt,42B,90,0.0523,0.7413,0.1262,0.4545,layer_26
min_rankme,row_norm,4,per_ckpt,73B,90,-0.1867,0.3047,-0.1214,0.4995,layer_26
min_rankme,row_norm,4,per_ckpt,105B,90,-0.0355,0.8362,-0.0572,0.7293,layer_26
min_rankme,row_norm,4,per_ckpt,136B,90,-0.1442,0.3477,-0.1996,0.1928,layer_26
min_rankme,row_norm,4,per_ckpt,168B,90,-0.0571,0.7453,-0.0568,0.7443,layer_26
min_rankme,row_norm,4,per_ckpt,199B,90,-0.2404,0.1419,-0.2686,0.1059,layer_26
min_rankme,row_norm,4,per_ckpt,231B,90,-0.3254,0.045,-0.2544,0.1209,layer_26
min_rankme,row_norm,4,per_ckpt,262B,90,-0.2883,0.0789,-0.2955,0.0939,layer_26
min_rankme,row_norm,4,per_ckpt,294B,90,0.1725,0.3966,0.0899,0.6354,layer_26
min_rankme,row_norm,4,per_ckpt,325B,90,0.1271,0.4735,0.1152,0.5105,layer_26
min_rankme,row_norm,4,per_ckpt,352B,90,0.0307,0.8442,0.0331,0.8541,layer_26
min_rankme,row_norm,4,per_ckpt,384B,90,-0.0639,0.5914,-0.0737,0.5614,layer_26
min_rankme,row_norm,4,per_ckpt,415B,90,-0.1399,0.2987,-0.1903,0.1738,layer_26
min_rankme,row_norm,4,per_ckpt,447B,90,-0.282,0.0679,-0.249,0.1319,layer_26
min_rankme,row_norm,4,per_ckpt,478B,90,-0.1736,0.2577,-0.2285,0.1508,layer_26
min_rankme,row_norm,4,per_ckpt,510B,90,-0.1188,0.5365,-0.1797,0.3806,layer_26
min_rankme,row_norm,4,per_ckpt,541B,90,0.024,0.8531,0.0701,0.5664,layer_26
min_rankme,row_norm,4,per_ckpt,573B,90,-0.1278,0.3566,-0.1043,0.4176,layer_26
min_rankme,row_norm,4,per_ckpt,main,90,0.0796,0.5924,0.0125,0.953,layer_26
min_rankme,row_norm,8,per_ckpt,10B,90,-0.3412,0.0679,-0.2623,0.1359,layer_26
min_rankme,row_norm,8,per_ckpt,42B,90,0.2795,0.0979,0.2549,0.1229,layer_26
min_rankme,row_norm,8,per_ckpt,73B,90,0.2548,0.1848,0.1546,0.3826,layer_26
min_rankme,row_norm,8,per_ckpt,105B,90,-0.152,0.1878,-0.141,0.1638,layer_26
min_rankme,row_norm,8,per_ckpt,136B,90,0.2584,0.1109,0.2717,0.0969,layer_26
min_rankme,row_norm,8,per_ckpt,168B,90,-0.2864,0.0999,-0.2507,0.1439,layer_26
min_rankme,row_norm,8,per_ckpt,199B,90,-0.0083,0.958,-0.0036,0.983,layer_26
min_rankme,row_norm,8,per_ckpt,231B,90,-0.2102,0.2577,-0.1458,0.4256,layer_26
min_rankme,row_norm,8,per_ckpt,262B,90,-0.0936,0.5684,-0.1504,0.3437,layer_26
min_rankme,row_norm,8,per_ckpt,294B,90,-0.1997,0.0959,-0.1409,0.2727,layer_26
min_rankme,row_norm,8,per_ckpt,325B,90,0.2855,0.002,0.2567,0.005,layer_26
min_rankme,row_norm,8,per_ckpt,352B,90,-0.0605,0.6673,-0.0438,0.7532,layer_26
min_rankme,row_norm,8,per_ckpt,384B,90,-0.1144,0.5255,-0.0705,0.6823,layer_26
min_rankme,row_norm,8,per_ckpt,415B,90,0.2031,0.1958,0.2225,0.1169,layer_26
min_rankme,row_norm,8,per_ckpt,447B,90,0.1997,0.0659,0.2207,0.0539,layer_26
min_rankme,row_norm,8,per_ckpt,478B,90,0.1489,0.2537,0.1255,0.3477,layer_26
min_rankme,row_norm,8,per_ckpt,510B,90,-0.0917,0.6094,-0.0617,0.6963,layer_26
min_rankme,row_norm,8,per_ckpt,541B,90,-0.0229,0.8881,-0.0876,0.5455,layer_26
min_rankme,row_norm,8,per_ckpt,573B,90,-0.0322,0.8402,0.0021,0.99,layer_26
min_rankme,row_norm,8,per_ckpt,main,90,0.0796,0.4995,-0.0207,0.8611,layer_26
min_rankme,col_norm,4,per_ckpt,10B,90,0.0363,0.6404,0.06,0.4585,layer_26
min_rankme,col_norm,4,per_ckpt,42B,90,0.0206,0.7403,0.0551,0.4266,layer_26
min_rankme,col_norm,4,per_ckpt,73B,90,-0.0977,0.4136,-0.0774,0.5325,layer_26
min_rankme,col_norm,4,per_ckpt,105B,90,-0.0222,0.8252,-0.0392,0.7133,layer_26
min_rankme,col_norm,4,per_ckpt,136B,90,-0.1094,0.4116,-0.1726,0.1788,layer_26
min_rankme,col_norm,4,per_ckpt,168B,90,-0.0163,0.8821,-0.031,0.7842,layer_26
min_rankme,col_norm,4,per_ckpt,199B,90,-0.1599,0.1349,-0.1774,0.1109,layer_26
min_rankme,col_norm,4,per_ckpt,231B,90,-0.1425,0.0699,-0.1193,0.1508,layer_26
min_rankme,col_norm,4,per_ckpt,262B,90,-0.2953,0.032,-0.2692,0.0839,layer_26
min_rankme,col_norm,4,per_ckpt,294B,90,0.1527,0.2897,0.0711,0.6294,layer_26
min_rankme,col_norm,4,per_ckpt,325B,90,0.0789,0.5195,0.0816,0.5225,layer_26
min_rankme,col_norm,4,per_ckpt,352B,90,0.0182,0.8841,0.0199,0.8661,layer_26
min_rankme,col_norm,4,per_ckpt,384B,90,-0.0623,0.5514,-0.0573,0.6074,layer_26
min_rankme,col_norm,4,per_ckpt,415B,90,-0.1767,0.1678,-0.1788,0.1758,layer_26
min_rankme,col_norm,4,per_ckpt,447B,90,-0.2385,0.0589,-0.1856,0.1548,layer_26
min_rankme,col_norm,4,per_ckpt,478B,90,-0.146,0.2697,-0.203,0.1508,layer_26
min_rankme,col_norm,4,per_ckpt,510B,90,-0.0988,0.3946,-0.0998,0.3876,layer_26
min_rankme,col_norm,4,per_ckpt,541B,90,0.0573,0.6743,0.0709,0.5764,layer_26
min_rankme,col_norm,4,per_ckpt,573B,90,-0.0777,0.3956,-0.0779,0.3916,layer_26
min_rankme,col_norm,4,per_ckpt,main,90,0.0119,0.9121,0.0103,0.9181,layer_26
min_rankme,col_norm,8,per_ckpt,10B,90,-0.2549,0.0529,-0.2133,0.1189,layer_26
min_rankme,col_norm,8,per_ckpt,42B,90,0.1432,0.1429,0.159,0.1379,layer_26
min_rankme,col_norm,8,per_ckpt,73B,90,0.2191,0.1728,0.1287,0.3786,layer_26
min_rankme,col_norm,8,per_ckpt,105B,90,-0.0721,0.5225,-0.1599,0.1548,layer_26
min_rankme,col_norm,8,per_ckpt,136B,90,0.1186,0.1439,0.1191,0.1089,layer_26
min_rankme,col_norm,8,per_ckpt,168B,90,-0.1632,0.1538,-0.1607,0.1309,layer_26
min_rankme,col_norm,8,per_ckpt,199B,90,-0.0021,0.989,0.0024,0.989,layer_26
min_rankme,col_norm,8,per_ckpt,231B,90,-0.1411,0.3576,-0.1206,0.4236,layer_26
min_rankme,col_norm,8,per_ckpt,262B,90,-0.1099,0.3706,-0.1264,0.3287,layer_26
min_rankme,col_norm,8,per_ckpt,294B,90,-0.0796,0.2218,-0.0423,0.4865,layer_26
min_rankme,col_norm,8,per_ckpt,325B,90,0.1941,0.023,0.2147,0.005,layer_26
min_rankme,col_norm,8,per_ckpt,352B,90,-0.0323,0.7672,-0.0276,0.8042,layer_26
min_rankme,col_norm,8,per_ckpt,384B,90,-0.0969,0.4046,-0.0502,0.7003,layer_26
min_rankme,col_norm,8,per_ckpt,415B,90,0.1849,0.1489,0.1751,0.1309,layer_26
min_rankme,col_norm,8,per_ckpt,447B,90,0.1429,0.0529,0.169,0.046,layer_26
min_rankme,col_norm,8,per_ckpt,478B,90,0.0829,0.4496,0.1135,0.3307,layer_26
min_rankme,col_norm,8,per_ckpt,510B,90,-0.0617,0.7113,-0.0583,0.7023,layer_26
min_rankme,col_norm,8,per_ckpt,541B,90,-0.0366,0.7612,-0.0531,0.6324,layer_26
min_rankme,col_norm,8,per_ckpt,573B,90,-0.0047,0.953,0.015,0.8571,layer_26
min_rankme,col_norm,8,per_ckpt,main,90,0.0494,0.5964,-0.0084,0.9251,layer_26
norm_asym,row_norm,4,per_ckpt,10B,90,0.0671,0.7413,0.063,0.7463,layer_26
norm_asym,row_norm,4,per_ckpt,42B,90,0.0161,0.9111,0.029,0.8531,layer_26
norm_asym,row_norm,4,per_ckpt,73B,90,-0.3706,0.0819,-0.3918,0.0699,layer_26
norm_asym,row_norm,4,per_ckpt,105B,90,-0.2343,0.3107,-0.2472,0.2837,layer_26
norm_asym,row_norm,4,per_ckpt,136B,90,-0.0648,0.7932,-0.0551,0.8202,layer_26
norm_asym,row_norm,4,per_ckpt,168B,90,-0.1295,0.5694,-0.1207,0.6174,layer_26
norm_asym,row_norm,4,per_ckpt,199B,90,-0.1594,0.4895,-0.195,0.4046,layer_26
norm_asym,row_norm,4,per_ckpt,231B,90,-0.4468,0.014,-0.4761,0.016,layer_26
norm_asym,row_norm,4,per_ckpt,262B,90,-0.2172,0.2967,-0.3287,0.1209,layer_26
norm_asym,row_norm,4,per_ckpt,294B,90,0.0861,0.7083,0.1059,0.6533,layer_26
norm_asym,row_norm,4,per_ckpt,325B,90,0.0399,0.8142,0.0296,0.8571,layer_26
norm_asym,row_norm,4,per_ckpt,352B,90,0.0389,0.8322,0.0095,0.95,layer_26
norm_asym,row_norm,4,per_ckpt,384B,90,-0.0798,0.7263,-0.1184,0.6084,layer_26
norm_asym,row_norm,4,per_ckpt,415B,90,-0.25,0.2797,-0.3225,0.1938,layer_26
norm_asym,row_norm,4,per_ckpt,447B,90,-0.2978,0.1878,-0.2812,0.2178,layer_26
norm_asym,row_norm,4,per_ckpt,478B,90,-0.075,0.7912,-0.108,0.7303,layer_26
norm_asym,row_norm,4,per_ckpt,510B,90,-0.0226,0.8272,-0.0688,0.4825,layer_26
norm_asym,row_norm,4,per_ckpt,541B,90,0.1819,0.4615,0.1394,0.5954,layer_26
norm_asym,row_norm,4,per_ckpt,573B,90,-0.1341,0.5994,-0.1019,0.7013,layer_26
norm_asym,row_norm,4,per_ckpt,main,90,-0.0077,0.96,0.0023,0.981,layer_26
norm_asym,row_norm,8,per_ckpt,10B,90,-0.1244,0.4665,-0.2134,0.2308,layer_26
norm_asym,row_norm,8,per_ckpt,42B,90,-0.0054,0.974,0.0095,0.956,layer_26
norm_asym,row_norm,8,per_ckpt,73B,90,-0.0915,0.6653,-0.1186,0.5994,layer_26
norm_asym,row_norm,8,per_ckpt,105B,90,-0.1502,0.5824,-0.2103,0.4605,layer_26
norm_asym,row_norm,8,per_ckpt,136B,90,0.3004,0.1019,0.2806,0.1658,layer_26
norm_asym,row_norm,8,per_ckpt,168B,90,-0.0454,0.7233,-0.0045,0.973,layer_26
norm_asym,row_norm,8,per_ckpt,199B,90,0.1534,0.5145,0.187,0.4246,layer_26
norm_asym,row_norm,8,per_ckpt,231B,90,-0.3487,0.0669,-0.3351,0.0969,layer_26
norm_asym,row_norm,8,per_ckpt,262B,90,0.2534,0.2597,0.2784,0.2068,layer_26
norm_asym,row_norm,8,per_ckpt,294B,90,0.2996,0.0779,0.2703,0.1309,layer_26
norm_asym,row_norm,8,per_ckpt,325B,90,0.0066,0.978,-0.0127,0.959,layer_26
norm_asym,row_norm,8,per_ckpt,352B,90,-0.2224,0.3007,-0.2254,0.2977,layer_26
norm_asym,row_norm,8,per_ckpt,384B,90,-0.1117,0.6154,-0.0768,0.7493,layer_26
norm_asym,row_norm,8,per_ckpt,415B,90,-0.0771,0.7073,-0.0217,0.9031,layer_26
norm_asym,row_norm,8,per_ckpt,447B,90,0.1617,0.4446,0.1579,0.4346,layer_26
norm_asym,row_norm,8,per_ckpt,478B,90,0.0894,0.7213,0.139,0.6154,layer_26
norm_asym,row_norm,8,per_ckpt,510B,90,-0.1399,0.4565,-0.1537,0.4346,layer_26
norm_asym,row_norm,8,per_ckpt,541B,90,0.0496,0.8152,0.0568,0.7682,layer_26
norm_asym,row_norm,8,per_ckpt,573B,90,-0.0007,0.999,0.0107,0.978,layer_26
norm_asym,row_norm,8,per_ckpt,main,90,-0.1317,0.5664,-0.0514,0.8292,layer_26
norm_asym,col_norm,4,per_ckpt,10B,90,-0.1596,0.5834,-0.169,0.5714,layer_26
norm_asym,col_norm,4,per_ckpt,42B,90,-0.0534,0.8581,-0.0186,0.95,layer_26
norm_asym,col_norm,4,per_ckpt,73B,90,-0.0642,0.8442,-0.0454,0.8861,layer_26
norm_asym,col_norm,4,per_ckpt,105B,90,-0.1342,0.6783,-0.1334,0.6843,layer_26
norm_asym,col_norm,4,per_ckpt,136B,90,-0.3819,0.1528,-0.3872,0.1578,layer_26
norm_asym,col_norm,4,per_ckpt,168B,90,-0.2777,0.3427,-0.2424,0.4436,layer_26
norm_asym,col_norm,4,per_ckpt,199B,90,0.3091,0.2757,0.33,0.2458,layer_26
norm_asym,col_norm,4,per_ckpt,231B,90,0.3449,0.2637,0.2857,0.3616,layer_26
norm_asym,col_norm,4,per_ckpt,262B,90,-0.0908,0.7143,-0.0511,0.8172,layer_26
norm_asym,col_norm,4,per_ckpt,294B,90,-0.3361,0.2068,-0.341,0.2038,layer_26
norm_asym,col_norm,4,per_ckpt,325B,90,-0.165,0.5804,-0.1081,0.7273,layer_26
norm_asym,col_norm,4,per_ckpt,352B,90,-0.4332,0.1309,-0.4494,0.1109,layer_26
norm_asym,col_norm,4,per_ckpt,384B,90,-0.064,0.8262,-0.019,0.95,layer_26
norm_asym,col_norm,4,per_ckpt,415B,90,-0.0675,0.7902,-0.0545,0.8501,layer_26
norm_asym,col_norm,4,per_ckpt,447B,90,0.2753,0.3347,0.2403,0.4156,layer_26
norm_asym,col_norm,4,per_ckpt,478B,90,-0.3913,0.1508,-0.2897,0.3117,layer_26
norm_asym,col_norm,4,per_ckpt,510B,90,-0.21,0.4755,-0.1484,0.6324,layer_26
norm_asym,col_norm,4,per_ckpt,541B,90,-0.0906,0.7283,-0.0061,0.982,layer_26
norm_asym,col_norm,4,per_ckpt,573B,90,-0.5097,0.0749,-0.488,0.0959,layer_26
norm_asym,col_norm,4,per_ckpt,main,90,-0.396,0.1279,-0.3022,0.2527,layer_26
norm_asym,col_norm,8,per_ckpt,10B,90,-0.1057,0.6633,-0.0884,0.7043,layer_26
norm_asym,col_norm,8,per_ckpt,42B,90,-0.5581,0.035,-0.532,0.04,layer_26
norm_asym,col_norm,8,per_ckpt,73B,90,-0.1264,0.6583,-0.155,0.5914,layer_26
norm_asym,col_norm,8,per_ckpt,105B,90,-0.2259,0.3736,-0.2072,0.4366,layer_26
norm_asym,col_norm,8,per_ckpt,136B,90,-0.4148,0.1938,-0.401,0.2238,layer_26
norm_asym,col_norm,8,per_ckpt,168B,90,-0.1126,0.6653,-0.0604,0.8072,layer_26
norm_asym,col_norm,8,per_ckpt,199B,90,-0.517,0.026,-0.4965,0.036,layer_26
norm_asym,col_norm,8,per_ckpt,231B,90,0.1061,0.7153,0.1797,0.5355,layer_26
norm_asym,col_norm,8,per_ckpt,262B,90,-0.1046,0.6913,-0.1471,0.5694,layer_26
norm_asym,col_norm,8,per_ckpt,294B,90,-0.1071,0.7333,-0.1678,0.6094,layer_26
norm_asym,col_norm,8,per_ckpt,325B,90,0.0368,0.9051,0.0186,0.953,layer_26
norm_asym,col_norm,8,per_ckpt,352B,90,-0.3343,0.1848,-0.2721,0.3247,layer_26
norm_asym,col_norm,8,per_ckpt,384B,90,-0.1153,0.6813,-0.1424,0.6364,layer_26
norm_asym,col_norm,8,per_ckpt,415B,90,-0.2957,0.2468,-0.3044,0.2498,layer_26
norm_asym,col_norm,8,per_ckpt,447B,90,-0.27,0.3596,-0.2041,0.4975,layer_26
norm_asym,col_norm,8,per_ckpt,478B,90,-0.0064,0.986,-0.0866,0.7872,layer_26
norm_asym,col_norm,8,per_ckpt,510B,90,-0.2924,0.1439,-0.2658,0.1848,layer_26
norm_asym,col_norm,8,per_ckpt,541B,90,0.023,0.9301,0.0572,0.8412,layer_26
norm_asym,col_norm,8,per_ckpt,573B,90,-0.2813,0.3526,-0.1897,0.5295,layer_26
norm_asym,col_norm,8,per_ckpt,main,90,0.0477,0.8671,0.0056,0.976,layer_26
abs_diff,row_norm,4,pooled,,1800,-0.0297,0.2077,-0.0186,0.4302,layer_27
abs_diff,row_norm,8,pooled,,1800,-0.0665,0.0048,-0.0511,0.0301,layer_27
abs_diff,col_norm,4,pooled,,1800,-0.0152,0.5183,-0.0118,0.6169,layer_27
abs_diff,col_norm,8,pooled,,1800,-0.0485,0.0395,-0.0368,0.1184,layer_27
signed_diff,row_norm,4,pooled,,1800,-0.0782,0.0009,-0.0639,0.0067,layer_27
signed_diff,row_norm,8,pooled,,1800,-0.0378,0.1092,-0.0477,0.0432,layer_27
signed_diff,col_norm,4,pooled,,1800,-0.1064,0.0,-0.0687,0.0036,layer_27
signed_diff,col_norm,8,pooled,,1800,-0.2181,0.0,-0.2218,0.0,layer_27
min_rankme,row_norm,4,pooled,,1800,-0.1402,0.0,-0.1078,0.0,layer_27
min_rankme,row_norm,8,pooled,,1800,-0.0277,0.241,-0.0343,0.1455,layer_27
min_rankme,col_norm,4,pooled,,1800,-0.0979,0.0,-0.0737,0.0017,layer_27
min_rankme,col_norm,8,pooled,,1800,-0.0236,0.3166,-0.0247,0.2948,layer_27
norm_asym,row_norm,4,pooled,,1800,-0.1026,0.0,-0.1153,0.0,layer_27
norm_asym,row_norm,8,pooled,,1800,-0.0186,0.4301,-0.0197,0.4046,layer_27
norm_asym,col_norm,4,pooled,,1800,-0.1078,0.0,-0.0941,0.0001,layer_27
norm_asym,col_norm,8,pooled,,1800,-0.1769,0.0,-0.1688,0.0,layer_27
abs_diff,row_norm,4,per_ckpt,10B,90,0.1452,0.0909,0.1519,0.0979,layer_27
abs_diff,row_norm,4,per_ckpt,42B,90,0.1979,0.045,0.1502,0.1319,layer_27
abs_diff,row_norm,4,per_ckpt,73B,90,0.1067,0.2238,0.1145,0.2208,layer_27
abs_diff,row_norm,4,per_ckpt,105B,90,0.0917,0.3067,0.0975,0.3107,layer_27
abs_diff,row_norm,4,per_ckpt,136B,90,0.1887,0.019,0.2245,0.011,layer_27
abs_diff,row_norm,4,per_ckpt,168B,90,0.0415,0.6583,0.1089,0.2498,layer_27
abs_diff,row_norm,4,per_ckpt,199B,90,-0.0171,0.8921,0.0043,0.982,layer_27
abs_diff,row_norm,4,per_ckpt,231B,90,0.0603,0.5984,0.0408,0.7483,layer_27
abs_diff,row_norm,4,per_ckpt,262B,90,0.1807,0.0869,0.1649,0.1778,layer_27
abs_diff,row_norm,4,per_ckpt,294B,90,-0.1003,0.4406,-0.1019,0.4456,layer_27
abs_diff,row_norm,4,per_ckpt,325B,90,-0.0068,0.951,0.0394,0.7353,layer_27
abs_diff,row_norm,4,per_ckpt,352B,90,0.0258,0.8152,-0.0101,0.9361,layer_27
abs_diff,row_norm,4,per_ckpt,384B,90,0.1063,0.2507,0.1544,0.1129,layer_27
abs_diff,row_norm,4,per_ckpt,415B,90,0.005,0.959,0.0297,0.8162,layer_27
abs_diff,row_norm,4,per_ckpt,447B,90,0.1445,0.1828,0.1154,0.3317,layer_27
abs_diff,row_norm,4,per_ckpt,478B,90,0.2454,0.0559,0.2764,0.035,layer_27
abs_diff,row_norm,4,per_ckpt,510B,90,0.1044,0.4605,0.112,0.4745,layer_27
abs_diff,row_norm,4,per_ckpt,541B,90,0.0713,0.4915,0.0693,0.5115,layer_27
abs_diff,row_norm,4,per_ckpt,573B,90,-0.0183,0.8981,-0.0185,0.8821,layer_27
abs_diff,row_norm,4,per_ckpt,main,90,-0.1202,0.3287,-0.0753,0.5574,layer_27
abs_diff,row_norm,8,per_ckpt,10B,90,0.0626,0.5544,0.0285,0.7872,layer_27
abs_diff,row_norm,8,per_ckpt,42B,90,0.0263,0.8112,0.0296,0.8082,layer_27
abs_diff,row_norm,8,per_ckpt,73B,90,-0.2251,0.015,-0.2693,0.004,layer_27
abs_diff,row_norm,8,per_ckpt,105B,90,0.1487,0.041,0.1334,0.046,layer_27
abs_diff,row_norm,8,per_ckpt,136B,90,-0.0076,0.9461,0.0189,0.8501,layer_27
abs_diff,row_norm,8,per_ckpt,168B,90,0.0084,0.9341,0.0148,0.9061,layer_27
abs_diff,row_norm,8,per_ckpt,199B,90,0.0577,0.5794,0.0238,0.8192,layer_27
abs_diff,row_norm,8,per_ckpt,231B,90,0.0441,0.6733,0.03,0.8042,layer_27
abs_diff,row_norm,8,per_ckpt,262B,90,0.0747,0.5085,0.1116,0.3596,layer_27
abs_diff,row_norm,8,per_ckpt,294B,90,0.0451,0.6474,0.0244,0.8302,layer_27
abs_diff,row_norm,8,per_ckpt,325B,90,-0.3413,0.001,-0.2513,0.002,layer_27
abs_diff,row_norm,8,per_ckpt,352B,90,0.0211,0.8412,0.0106,0.9251,layer_27
abs_diff,row_norm,8,per_ckpt,384B,90,-0.1436,0.1798,-0.1923,0.0909,layer_27
abs_diff,row_norm,8,per_ckpt,415B,90,-0.2709,0.006,-0.2887,0.004,layer_27
abs_diff,row_norm,8,per_ckpt,447B,90,-0.0762,0.4346,-0.0819,0.4166,layer_27
abs_diff,row_norm,8,per_ckpt,478B,90,-0.2491,0.012,-0.2161,0.045,layer_27
abs_diff,row_norm,8,per_ckpt,510B,90,-0.1173,0.3956,-0.1707,0.2667,layer_27
abs_diff,row_norm,8,per_ckpt,541B,90,0.1224,0.3736,0.1558,0.2927,layer_27
abs_diff,row_norm,8,per_ckpt,573B,90,0.0191,0.8931,0.0269,0.8342,layer_27
abs_diff,row_norm,8,per_ckpt,main,90,-0.1273,0.2008,-0.1568,0.1588,layer_27
abs_diff,col_norm,4,per_ckpt,10B,90,0.0725,0.1299,0.074,0.1479,layer_27
abs_diff,col_norm,4,per_ckpt,42B,90,0.0684,0.0599,0.0648,0.1069,layer_27
abs_diff,col_norm,4,per_ckpt,73B,90,0.0575,0.3047,0.0718,0.2537,layer_27
abs_diff,col_norm,4,per_ckpt,105B,90,0.0291,0.6354,0.0618,0.3257,layer_27
abs_diff,col_norm,4,per_ckpt,136B,90,0.2226,0.004,0.1929,0.01,layer_27
abs_diff,col_norm,4,per_ckpt,168B,90,0.0476,0.4515,0.0684,0.2767,layer_27
abs_diff,col_norm,4,per_ckpt,199B,90,-0.0082,0.9261,0.0006,0.993,layer_27
abs_diff,col_norm,4,per_ckpt,231B,90,0.0161,0.7882,0.0198,0.7473,layer_27
abs_diff,col_norm,4,per_ckpt,262B,90,0.1788,0.05,0.151,0.1758,layer_27
abs_diff,col_norm,4,per_ckpt,294B,90,-0.0888,0.3457,-0.0825,0.4346,layer_27
abs_diff,col_norm,4,per_ckpt,325B,90,0.0036,0.962,0.0292,0.7293,layer_27
abs_diff,col_norm,4,per_ckpt,352B,90,-0.0119,0.8761,-0.0028,0.972,layer_27
abs_diff,col_norm,4,per_ckpt,384B,90,0.1247,0.1219,0.1331,0.1159,layer_27
abs_diff,col_norm,4,per_ckpt,415B,90,0.0455,0.6404,0.0278,0.8122,layer_27
abs_diff,col_norm,4,per_ckpt,447B,90,0.1131,0.2078,0.0819,0.3826,layer_27
abs_diff,col_norm,4,per_ckpt,478B,90,0.184,0.1049,0.2514,0.035,layer_27
abs_diff,col_norm,4,per_ckpt,510B,90,0.1036,0.1978,0.0643,0.4705,layer_27
abs_diff,col_norm,4,per_ckpt,541B,90,0.0785,0.4406,0.0757,0.4905,layer_27
abs_diff,col_norm,4,per_ckpt,573B,90,0.0033,0.968,-0.0047,0.958,layer_27
abs_diff,col_norm,4,per_ckpt,main,90,-0.0626,0.3966,-0.0503,0.5385,layer_27
abs_diff,col_norm,8,per_ckpt,10B,90,0.0491,0.5634,0.0265,0.7552,layer_27
abs_diff,col_norm,8,per_ckpt,42B,90,0.0429,0.5075,0.0243,0.7532,layer_27
abs_diff,col_norm,8,per_ckpt,73B,90,-0.2019,0.005,-0.2207,0.004,layer_27
abs_diff,col_norm,8,per_ckpt,105B,90,0.1818,0.014,0.1566,0.041,layer_27
abs_diff,col_norm,8,per_ckpt,136B,90,-0.006,0.8841,0.0187,0.6943,layer_27
abs_diff,col_norm,8,per_ckpt,168B,90,0.0448,0.5165,0.013,0.8631,layer_27
abs_diff,col_norm,8,per_ckpt,199B,90,0.019,0.8342,0.0234,0.8072,layer_27
abs_diff,col_norm,8,per_ckpt,231B,90,0.0101,0.8971,0.0225,0.8192,layer_27
abs_diff,col_norm,8,per_ckpt,262B,90,0.0741,0.3776,0.092,0.3606,layer_27
abs_diff,col_norm,8,per_ckpt,294B,90,-0.012,0.7962,0.0096,0.8362,layer_27
abs_diff,col_norm,8,per_ckpt,325B,90,-0.1945,0.007,-0.2028,0.002,layer_27
abs_diff,col_norm,8,per_ckpt,352B,90,0.0367,0.6334,0.0069,0.9431,layer_27
abs_diff,col_norm,8,per_ckpt,384B,90,-0.0625,0.4116,-0.15,0.0839,layer_27
abs_diff,col_norm,8,per_ckpt,415B,90,-0.2067,0.007,-0.2364,0.004,layer_27
abs_diff,col_norm,8,per_ckpt,447B,90,-0.0562,0.4156,-0.0635,0.3926,layer_27
abs_diff,col_norm,8,per_ckpt,478B,90,-0.1647,0.0559,-0.1875,0.05,layer_27
abs_diff,col_norm,8,per_ckpt,510B,90,-0.1369,0.3017,-0.1672,0.2667,layer_27
abs_diff,col_norm,8,per_ckpt,541B,90,0.1524,0.1069,0.1047,0.3277,layer_27
abs_diff,col_norm,8,per_ckpt,573B,90,-0.0043,0.954,0.0115,0.8671,layer_27
abs_diff,col_norm,8,per_ckpt,main,90,-0.0803,0.3257,-0.1249,0.1439,layer_27
signed_diff,row_norm,4,per_ckpt,10B,90,0.1643,0.4515,0.1723,0.4246,layer_27
signed_diff,row_norm,4,per_ckpt,42B,90,0.0717,0.6124,0.0985,0.5225,layer_27
signed_diff,row_norm,4,per_ckpt,73B,90,-0.3244,0.1449,-0.3292,0.1449,layer_27
signed_diff,row_norm,4,per_ckpt,105B,90,-0.1745,0.4695,-0.1702,0.4765,layer_27
signed_diff,row_norm,4,per_ckpt,136B,90,-0.0676,0.7822,-0.0636,0.8082,layer_27
signed_diff,row_norm,4,per_ckpt,168B,90,-0.0379,0.8641,-0.0083,0.984,layer_27
signed_diff,row_norm,4,per_ckpt,199B,90,-0.1826,0.4396,-0.1916,0.4096,layer_27
signed_diff,row_norm,4,per_ckpt,231B,90,-0.4001,0.033,-0.3955,0.041,layer_27
signed_diff,row_norm,4,per_ckpt,262B,90,-0.1531,0.4775,-0.1727,0.4456,layer_27
signed_diff,row_norm,4,per_ckpt,294B,90,0.041,0.8621,0.0525,0.8392,layer_27
signed_diff,row_norm,4,per_ckpt,325B,90,0.0756,0.6793,0.1021,0.6304,layer_27
signed_diff,row_norm,4,per_ckpt,352B,90,-0.0797,0.7083,-0.1048,0.6643,layer_27
signed_diff,row_norm,4,per_ckpt,384B,90,-0.017,0.9401,-0.042,0.8731,layer_27
signed_diff,row_norm,4,per_ckpt,415B,90,-0.1959,0.4146,-0.2359,0.3367,layer_27
signed_diff,row_norm,4,per_ckpt,447B,90,-0.321,0.1568,-0.3155,0.1628,layer_27
signed_diff,row_norm,4,per_ckpt,478B,90,-0.0501,0.8531,-0.044,0.8761,layer_27
signed_diff,row_norm,4,per_ckpt,510B,90,-0.0032,0.977,-0.0824,0.3816,layer_27
signed_diff,row_norm,4,per_ckpt,541B,90,0.203,0.4046,0.1562,0.5355,layer_27
signed_diff,row_norm,4,per_ckpt,573B,90,-0.1156,0.6763,-0.1434,0.6174,layer_27
signed_diff,row_norm,4,per_ckpt,main,90,0.0361,0.7932,0.0467,0.7153,layer_27
signed_diff,row_norm,8,per_ckpt,10B,90,-0.1052,0.5714,-0.1676,0.3706,layer_27
signed_diff,row_norm,8,per_ckpt,42B,90,-0.0314,0.8581,-0.0014,0.995,layer_27
signed_diff,row_norm,8,per_ckpt,73B,90,-0.1774,0.4196,-0.2022,0.3726,layer_27
signed_diff,row_norm,8,per_ckpt,105B,90,-0.1584,0.5864,-0.2101,0.5235,layer_27
signed_diff,row_norm,8,per_ckpt,136B,90,0.2462,0.1978,0.2267,0.2697,layer_27
signed_diff,row_norm,8,per_ckpt,168B,90,-0.062,0.6523,-0.0199,0.8921,layer_27
signed_diff,row_norm,8,per_ckpt,199B,90,0.0405,0.8541,0.0499,0.8452,layer_27
signed_diff,row_norm,8,per_ckpt,231B,90,-0.3389,0.0909,-0.3443,0.0899,layer_27
signed_diff,row_norm,8,per_ckpt,262B,90,0.3418,0.1089,0.3545,0.0879,layer_27
signed_diff,row_norm,8,per_ckpt,294B,90,0.2471,0.1638,0.2461,0.1688,layer_27
signed_diff,row_norm,8,per_ckpt,325B,90,-0.0977,0.7013,-0.1542,0.5544,layer_27
signed_diff,row_norm,8,per_ckpt,352B,90,-0.2552,0.2637,-0.2453,0.2867,layer_27
signed_diff,row_norm,8,per_ckpt,384B,90,-0.2419,0.2567,-0.2316,0.2637,layer_27
signed_diff,row_norm,8,per_ckpt,415B,90,-0.1243,0.5624,-0.1098,0.6064,layer_27
signed_diff,row_norm,8,per_ckpt,447B,90,0.1637,0.4525,0.1217,0.5644,layer_27
signed_diff,row_norm,8,per_ckpt,478B,90,0.0025,0.994,0.0296,0.9081,layer_27
signed_diff,row_norm,8,per_ckpt,510B,90,-0.1324,0.4965,-0.1841,0.3207,layer_27
signed_diff,row_norm,8,per_ckpt,541B,90,0.0581,0.7932,0.0453,0.8492,layer_27
signed_diff,row_norm,8,per_ckpt,573B,90,0.0519,0.8152,0.0383,0.8651,layer_27
signed_diff,row_norm,8,per_ckpt,main,90,-0.1228,0.6034,-0.14,0.5495,layer_27
signed_diff,col_norm,4,per_ckpt,10B,90,-0.1432,0.6284,-0.1504,0.6044,layer_27
signed_diff,col_norm,4,per_ckpt,42B,90,-0.0414,0.9001,0.0044,0.987,layer_27
signed_diff,col_norm,4,per_ckpt,73B,90,-0.0078,0.979,0.0089,0.971,layer_27
signed_diff,col_norm,4,per_ckpt,105B,90,-0.0572,0.8631,-0.0653,0.8362,layer_27
signed_diff,col_norm,4,per_ckpt,136B,90,-0.3982,0.1439,-0.4152,0.1399,layer_27
signed_diff,col_norm,4,per_ckpt,168B,90,-0.2519,0.3836,-0.2335,0.4206,layer_27
signed_diff,col_norm,4,per_ckpt,199B,90,0.3589,0.2068,0.3565,0.2148,layer_27
signed_diff,col_norm,4,per_ckpt,231B,90,0.4227,0.1658,0.4176,0.1948,layer_27
signed_diff,col_norm,4,per_ckpt,262B,90,-0.1522,0.5504,-0.1322,0.5904,layer_27
signed_diff,col_norm,4,per_ckpt,294B,90,-0.2912,0.2957,-0.3102,0.2817,layer_27
signed_diff,col_norm,4,per_ckpt,325B,90,-0.2418,0.3966,-0.2398,0.4206,layer_27
signed_diff,col_norm,4,per_ckpt,352B,90,-0.38,0.1918,-0.392,0.1728,layer_27
signed_diff,col_norm,4,per_ckpt,384B,90,-0.2027,0.4545,-0.1881,0.4855,layer_27
signed_diff,col_norm,4,per_ckpt,415B,90,-0.1562,0.5514,-0.1827,0.5015,layer_27
signed_diff,col_norm,4,per_ckpt,447B,90,0.3403,0.2178,0.3152,0.2787,layer_27
signed_diff,col_norm,4,per_ckpt,478B,90,-0.4046,0.1409,-0.4278,0.1249,layer_27
signed_diff,col_norm,4,per_ckpt,510B,90,-0.2534,0.3976,-0.2924,0.3247,layer_27
signed_diff,col_norm,4,per_ckpt,541B,90,-0.1292,0.6264,-0.1251,0.6454,layer_27
signed_diff,col_norm,4,per_ckpt,573B,90,-0.5031,0.0839,-0.5089,0.0789,layer_27
signed_diff,col_norm,4,per_ckpt,main,90,-0.3951,0.1399,-0.3744,0.1698,layer_27
signed_diff,col_norm,8,per_ckpt,10B,90,-0.1757,0.5035,-0.1572,0.5514,layer_27
signed_diff,col_norm,8,per_ckpt,42B,90,-0.6126,0.016,-0.5851,0.023,layer_27
signed_diff,col_norm,8,per_ckpt,73B,90,-0.1313,0.6573,-0.1523,0.6104,layer_27
signed_diff,col_norm,8,per_ckpt,105B,90,-0.2832,0.2358,-0.2925,0.2398,layer_27
signed_diff,col_norm,8,per_ckpt,136B,90,-0.5837,0.0599,-0.586,0.0609,layer_27
signed_diff,col_norm,8,per_ckpt,168B,90,-0.283,0.2987,-0.2668,0.3506,layer_27
signed_diff,col_norm,8,per_ckpt,199B,90,-0.5447,0.011,-0.5427,0.012,layer_27
signed_diff,col_norm,8,per_ckpt,231B,90,-0.0258,0.9191,0.0049,0.982,layer_27
signed_diff,col_norm,8,per_ckpt,262B,90,-0.074,0.7862,-0.0532,0.8452,layer_27
signed_diff,col_norm,8,per_ckpt,294B,90,-0.213,0.5025,-0.2507,0.4496,layer_27
signed_diff,col_norm,8,per_ckpt,325B,90,-0.0032,0.989,-0.0323,0.8981,layer_27
signed_diff,col_norm,8,per_ckpt,352B,90,-0.384,0.1399,-0.3533,0.1938,layer_27
signed_diff,col_norm,8,per_ckpt,384B,90,-0.0935,0.7423,-0.1499,0.6214,layer_27
signed_diff,col_norm,8,per_ckpt,415B,90,-0.2742,0.2827,-0.2891,0.2747,layer_27
signed_diff,col_norm,8,per_ckpt,447B,90,-0.2493,0.4026,-0.2429,0.4046,layer_27
signed_diff,col_norm,8,per_ckpt,478B,90,0.1225,0.6713,0.0754,0.7972,layer_27
signed_diff,col_norm,8,per_ckpt,510B,90,-0.285,0.1538,-0.2731,0.1638,layer_27
signed_diff,col_norm,8,per_ckpt,541B,90,0.0557,0.8392,0.0391,0.8811,layer_27
signed_diff,col_norm,8,per_ckpt,573B,90,-0.3454,0.2498,-0.2839,0.3686,layer_27
signed_diff,col_norm,8,per_ckpt,main,90,0.0492,0.8701,0.0268,0.9331,layer_27
min_rankme,row_norm,4,per_ckpt,10B,90,0.039,0.8032,0.1154,0.4026,layer_27
min_rankme,row_norm,4,per_ckpt,42B,90,0.0725,0.6703,0.1333,0.4146,layer_27
min_rankme,row_norm,4,per_ckpt,73B,90,-0.1904,0.3097,-0.1434,0.4176,layer_27
min_rankme,row_norm,4,per_ckpt,105B,90,-0.0765,0.6683,-0.0553,0.7473,layer_27
min_rankme,row_norm,4,per_ckpt,136B,90,-0.1427,0.3526,-0.1912,0.2068,layer_27
min_rankme,row_norm,4,per_ckpt,168B,90,-0.0571,0.7453,-0.064,0.6993,layer_27
min_rankme,row_norm,4,per_ckpt,199B,90,-0.2525,0.0979,-0.2603,0.1159,layer_27
min_rankme,row_norm,4,per_ckpt,231B,90,-0.3154,0.047,-0.2435,0.1379,layer_27
min_rankme,row_norm,4,per_ckpt,262B,90,-0.296,0.0619,-0.2986,0.0749,layer_27
min_rankme,row_norm,4,per_ckpt,294B,90,0.1567,0.4466,0.0833,0.6543,layer_27
min_rankme,row_norm,4,per_ckpt,325B,90,0.1292,0.4705,0.1181,0.5285,layer_27
min_rankme,row_norm,4,per_ckpt,352B,90,0.0098,0.9471,-0.0066,0.968,layer_27
min_rankme,row_norm,4,per_ckpt,384B,90,-0.0568,0.6414,-0.0564,0.6414,layer_27
min_rankme,row_norm,4,per_ckpt,415B,90,-0.1353,0.3137,-0.1637,0.2418,layer_27
min_rankme,row_norm,4,per_ckpt,447B,90,-0.3038,0.045,-0.2816,0.0819,layer_27
min_rankme,row_norm,4,per_ckpt,478B,90,-0.18,0.2438,-0.201,0.1918,layer_27
min_rankme,row_norm,4,per_ckpt,510B,90,-0.1519,0.4326,-0.1979,0.3057,layer_27
min_rankme,row_norm,4,per_ckpt,541B,90,0.0312,0.8072,0.0638,0.5964,layer_27
min_rankme,row_norm,4,per_ckpt,573B,90,-0.0926,0.5145,-0.0908,0.5005,layer_27
min_rankme,row_norm,4,per_ckpt,main,90,0.0403,0.7862,0.0107,0.958,layer_27
min_rankme,row_norm,8,per_ckpt,10B,90,-0.3412,0.0679,-0.2414,0.1728,layer_27
min_rankme,row_norm,8,per_ckpt,42B,90,0.2892,0.0889,0.2645,0.1069,layer_27
min_rankme,row_norm,8,per_ckpt,73B,90,0.2281,0.2238,0.1457,0.4076,layer_27
min_rankme,row_norm,8,per_ckpt,105B,90,-0.1804,0.0959,-0.1573,0.1239,layer_27
min_rankme,row_norm,8,per_ckpt,136B,90,0.2566,0.1129,0.2819,0.0769,layer_27
min_rankme,row_norm,8,per_ckpt,168B,90,-0.2864,0.0999,-0.259,0.1249,layer_27
min_rankme,row_norm,8,per_ckpt,199B,90,-0.0203,0.8931,-0.0209,0.8961,layer_27
min_rankme,row_norm,8,per_ckpt,231B,90,-0.1821,0.3327,-0.126,0.4765,layer_27
min_rankme,row_norm,8,per_ckpt,262B,90,-0.073,0.6583,-0.1113,0.4795,layer_27
min_rankme,row_norm,8,per_ckpt,294B,90,-0.1779,0.1429,-0.1408,0.2707,layer_27
min_rankme,row_norm,8,per_ckpt,325B,90,0.2875,0.002,0.234,0.01,layer_27
min_rankme,row_norm,8,per_ckpt,352B,90,-0.0254,0.8681,-0.048,0.7303,layer_27
min_rankme,row_norm,8,per_ckpt,384B,90,-0.0976,0.5964,-0.0513,0.7642,layer_27
min_rankme,row_norm,8,per_ckpt,415B,90,0.2074,0.1908,0.2123,0.1399,layer_27
min_rankme,row_norm,8,per_ckpt,447B,90,0.1737,0.1209,0.1938,0.1089,layer_27
min_rankme,row_norm,8,per_ckpt,478B,90,0.1118,0.4256,0.1154,0.4116,layer_27
min_rankme,row_norm,8,per_ckpt,510B,90,-0.0529,0.7612,-0.0537,0.7423,layer_27
min_rankme,row_norm,8,per_ckpt,541B,90,-0.0259,0.8801,-0.0578,0.7013,layer_27
min_rankme,row_norm,8,per_ckpt,573B,90,0.0718,0.6553,0.0192,0.8861,layer_27
min_rankme,row_norm,8,per_ckpt,main,90,-0.0053,0.967,0.0004,0.996,layer_27
min_rankme,col_norm,4,per_ckpt,10B,90,0.0363,0.6404,0.0751,0.3307,layer_27
min_rankme,col_norm,4,per_ckpt,42B,90,0.0326,0.6204,0.0575,0.3886,layer_27
min_rankme,col_norm,4,per_ckpt,73B,90,-0.097,0.4096,-0.0925,0.4456,layer_27
min_rankme,col_norm,4,per_ckpt,105B,90,-0.0454,0.6583,-0.0379,0.7233,layer_27
min_rankme,col_norm,4,per_ckpt,136B,90,-0.1067,0.4306,-0.1657,0.1938,layer_27
min_rankme,col_norm,4,per_ckpt,168B,90,-0.0163,0.8821,-0.0358,0.7473,layer_27
min_rankme,col_norm,4,per_ckpt,199B,90,-0.1679,0.1119,-0.1713,0.1169,layer_27
min_rankme,col_norm,4,per_ckpt,231B,90,-0.138,0.0749,-0.1157,0.1518,layer_27
min_rankme,col_norm,4,per_ckpt,262B,90,-0.3075,0.03,-0.2736,0.0719,layer_27
min_rankme,col_norm,4,per_ckpt,294B,90,0.1336,0.3756,0.0665,0.6414,layer_27
min_rankme,col_norm,4,per_ckpt,325B,90,0.081,0.5075,0.0834,0.5355,layer_27
min_rankme,col_norm,4,per_ckpt,352B,90,0.006,0.964,-0.0068,0.964,layer_27
min_rankme,col_norm,4,per_ckpt,384B,90,-0.07,0.5005,-0.0431,0.6853,layer_27
min_rankme,col_norm,4,per_ckpt,415B,90,-0.1755,0.1678,-0.155,0.2398,layer_27
min_rankme,col_norm,4,per_ckpt,447B,90,-0.2596,0.036,-0.2109,0.0969,layer_27
min_rankme,col_norm,4,per_ckpt,478B,90,-0.1659,0.2008,-0.1789,0.1888,layer_27
min_rankme,col_norm,4,per_ckpt,510B,90,-0.1107,0.3477,-0.1104,0.3217,layer_27
min_rankme,col_norm,4,per_ckpt,541B,90,0.0615,0.6384,0.0654,0.6054,layer_27
min_rankme,col_norm,4,per_ckpt,573B,90,-0.0539,0.5544,-0.0681,0.4695,layer_27
min_rankme,col_norm,4,per_ckpt,main,90,0.0151,0.8751,0.0085,0.9461,layer_27
min_rankme,col_norm,8,per_ckpt,10B,90,-0.2549,0.0529,-0.1971,0.1578,layer_27
min_rankme,col_norm,8,per_ckpt,42B,90,0.1588,0.1049,0.165,0.1129,layer_27
min_rankme,col_norm,8,per_ckpt,73B,90,0.2012,0.2088,0.1215,0.3996,layer_27
min_rankme,col_norm,8,per_ckpt,105B,90,-0.1254,0.2697,-0.1785,0.1119,layer_27
min_rankme,col_norm,8,per_ckpt,136B,90,0.1171,0.1449,0.1219,0.0969,layer_27
min_rankme,col_norm,8,per_ckpt,168B,90,-0.1632,0.1538,-0.1661,0.1139,layer_27
min_rankme,col_norm,8,per_ckpt,199B,90,-0.0085,0.965,-0.0139,0.9111,layer_27
min_rankme,col_norm,8,per_ckpt,231B,90,-0.1154,0.4565,-0.1043,0.4705,layer_27
min_rankme,col_norm,8,per_ckpt,262B,90,-0.0952,0.4386,-0.0942,0.4695,layer_27
min_rankme,col_norm,8,per_ckpt,294B,90,-0.0714,0.2647,-0.0437,0.4555,layer_27
min_rankme,col_norm,8,per_ckpt,325B,90,0.1954,0.02,0.1984,0.006,layer_27
min_rankme,col_norm,8,per_ckpt,352B,90,-0.0122,0.9121,-0.0303,0.7852,layer_27
min_rankme,col_norm,8,per_ckpt,384B,90,-0.0838,0.4615,-0.0348,0.8042,layer_27
min_rankme,col_norm,8,per_ckpt,415B,90,0.1913,0.1309,0.1653,0.1578,layer_27
min_rankme,col_norm,8,per_ckpt,447B,90,0.1284,0.0899,0.1496,0.0939,layer_27
min_rankme,col_norm,8,per_ckpt,478B,90,0.0537,0.6414,0.1043,0.3996,layer_27
min_rankme,col_norm,8,per_ckpt,510B,90,-0.0396,0.8222,-0.0501,0.7532,layer_27
min_rankme,col_norm,8,per_ckpt,541B,90,-0.0444,0.7163,-0.0291,0.7972,layer_27
min_rankme,col_norm,8,per_ckpt,573B,90,0.057,0.4955,0.0288,0.7243,layer_27
min_rankme,col_norm,8,per_ckpt,main,90,-0.0153,0.8691,0.0076,0.9401,layer_27
norm_asym,row_norm,4,per_ckpt,10B,90,0.1141,0.5884,0.1186,0.5674,layer_27
norm_asym,row_norm,4,per_ckpt,42B,90,0.0189,0.8901,0.0455,0.7742,layer_27
norm_asym,row_norm,4,per_ckpt,73B,90,-0.3611,0.0919,-0.3855,0.0789,layer_27
norm_asym,row_norm,4,per_ckpt,105B,90,-0.242,0.2867,-0.2481,0.2767,layer_27
norm_asym,row_norm,4,per_ckpt,136B,90,-0.0588,0.8062,-0.0603,0.8102,layer_27
norm_asym,row_norm,4,per_ckpt,168B,90,-0.1172,0.6094,-0.1054,0.6623,layer_27
norm_asym,row_norm,4,per_ckpt,199B,90,-0.1494,0.5135,-0.1847,0.4196,layer_27
norm_asym,row_norm,4,per_ckpt,231B,90,-0.4483,0.013,-0.4665,0.016,layer_27
norm_asym,row_norm,4,per_ckpt,262B,90,-0.2264,0.2767,-0.2993,0.1419,layer_27
norm_asym,row_norm,4,per_ckpt,294B,90,0.0808,0.7183,0.1021,0.6683,layer_27
norm_asym,row_norm,4,per_ckpt,325B,90,0.0216,0.8941,0.0159,0.9251,layer_27
norm_asym,row_norm,4,per_ckpt,352B,90,-0.0186,0.9231,-0.0396,0.8292,layer_27
norm_asym,row_norm,4,per_ckpt,384B,90,-0.0586,0.7992,-0.0895,0.7053,layer_27
norm_asym,row_norm,4,per_ckpt,415B,90,-0.2418,0.2937,-0.3165,0.2008,layer_27
norm_asym,row_norm,4,per_ckpt,447B,90,-0.3178,0.1588,-0.3206,0.1568,layer_27
norm_asym,row_norm,4,per_ckpt,478B,90,-0.0978,0.7083,-0.1153,0.6933,layer_27
norm_asym,row_norm,4,per_ckpt,510B,90,-0.0106,0.9221,-0.0652,0.5125,layer_27
norm_asym,row_norm,4,per_ckpt,541B,90,0.1595,0.5185,0.1256,0.6214,layer_27
norm_asym,row_norm,4,per_ckpt,573B,90,-0.0918,0.7193,-0.0808,0.7612,layer_27
norm_asym,row_norm,4,per_ckpt,main,90,0.0345,0.7972,0.0228,0.8372,layer_27
norm_asym,row_norm,8,per_ckpt,10B,90,-0.1263,0.4845,-0.1878,0.3127,layer_27
norm_asym,row_norm,8,per_ckpt,42B,90,-0.027,0.8661,-0.0061,0.97,layer_27
norm_asym,row_norm,8,per_ckpt,73B,90,-0.1106,0.6024,-0.1252,0.5794,layer_27
norm_asym,row_norm,8,per_ckpt,105B,90,-0.1805,0.5035,-0.2225,0.4446,layer_27
norm_asym,row_norm,8,per_ckpt,136B,90,0.3053,0.1019,0.2853,0.1628,layer_27
norm_asym,row_norm,8,per_ckpt,168B,90,-0.0503,0.6953,-0.0129,0.9241,layer_27
norm_asym,row_norm,8,per_ckpt,199B,90,0.1304,0.5944,0.1501,0.5345,layer_27
norm_asym,row_norm,8,per_ckpt,231B,90,-0.3374,0.0829,-0.3261,0.1099,layer_27
norm_asym,row_norm,8,per_ckpt,262B,90,0.2881,0.1878,0.308,0.1469,layer_27
norm_asym,row_norm,8,per_ckpt,294B,90,0.2845,0.0969,0.2618,0.1379,layer_27
norm_asym,row_norm,8,per_ckpt,325B,90,-0.0521,0.8452,-0.0777,0.7552,layer_27
norm_asym,row_norm,8,per_ckpt,352B,90,-0.2444,0.2627,-0.2445,0.2607,layer_27
norm_asym,row_norm,8,per_ckpt,384B,90,-0.1414,0.5175,-0.106,0.6344,layer_27
norm_asym,row_norm,8,per_ckpt,415B,90,-0.0681,0.7463,-0.0392,0.8442,layer_27
norm_asym,row_norm,8,per_ckpt,447B,90,0.1469,0.4885,0.1325,0.5235,layer_27
norm_asym,row_norm,8,per_ckpt,478B,90,0.0065,0.982,0.0711,0.7962,layer_27
norm_asym,row_norm,8,per_ckpt,510B,90,-0.1067,0.5794,-0.1354,0.4925,layer_27
norm_asym,row_norm,8,per_ckpt,541B,90,0.026,0.8911,0.0365,0.8581,layer_27
norm_asym,row_norm,8,per_ckpt,573B,90,0.018,0.9361,0.0117,0.963,layer_27
norm_asym,row_norm,8,per_ckpt,main,90,-0.1032,0.6583,-0.0579,0.8052,layer_27
norm_asym,col_norm,4,per_ckpt,10B,90,-0.1249,0.6653,-0.1219,0.6773,layer_27
norm_asym,col_norm,4,per_ckpt,42B,90,-0.032,0.9131,0.0048,0.988,layer_27
norm_asym,col_norm,4,per_ckpt,73B,90,-0.0325,0.9251,-0.0066,0.983,layer_27
norm_asym,col_norm,4,per_ckpt,105B,90,-0.0783,0.7992,-0.0904,0.7742,layer_27
norm_asym,col_norm,4,per_ckpt,136B,90,-0.4001,0.1309,-0.4051,0.1369,layer_27
norm_asym,col_norm,4,per_ckpt,168B,90,-0.2383,0.4086,-0.2211,0.4735,layer_27
norm_asym,col_norm,4,per_ckpt,199B,90,0.3718,0.1878,0.3739,0.1918,layer_27
norm_asym,col_norm,4,per_ckpt,231B,90,0.3618,0.2398,0.3304,0.3087,layer_27
norm_asym,col_norm,4,per_ckpt,262B,90,-0.0955,0.6963,-0.073,0.7512,layer_27
norm_asym,col_norm,4,per_ckpt,294B,90,-0.3473,0.1978,-0.3467,0.2138,layer_27
norm_asym,col_norm,4,per_ckpt,325B,90,-0.1413,0.6414,-0.1102,0.7333,layer_27
norm_asym,col_norm,4,per_ckpt,352B,90,-0.4014,0.1628,-0.4255,0.1469,layer_27
norm_asym,col_norm,4,per_ckpt,384B,90,-0.0918,0.7393,-0.0538,0.8541,layer_27
norm_asym,col_norm,4,per_ckpt,415B,90,-0.1159,0.6464,-0.1117,0.6773,layer_27
norm_asym,col_norm,4,per_ckpt,447B,90,0.335,0.2208,0.2914,0.3087,layer_27
norm_asym,col_norm,4,per_ckpt,478B,90,-0.3376,0.2178,-0.2879,0.3057,layer_27
norm_asym,col_norm,4,per_ckpt,510B,90,-0.1693,0.5694,-0.1348,0.6703,layer_27
norm_asym,col_norm,4,per_ckpt,541B,90,-0.07,0.7902,-0.0231,0.9261,layer_27
norm_asym,col_norm,4,per_ckpt,573B,90,-0.474,0.0999,-0.4788,0.0939,layer_27
norm_asym,col_norm,4,per_ckpt,main,90,-0.3787,0.1499,-0.3256,0.2208,layer_27
norm_asym,col_norm,8,per_ckpt,10B,90,-0.1196,0.6284,-0.101,0.6583,layer_27
norm_asym,col_norm,8,per_ckpt,42B,90,-0.5819,0.03,-0.5581,0.032,layer_27
norm_asym,col_norm,8,per_ckpt,73B,90,-0.1333,0.6394,-0.1646,0.5844,layer_27
norm_asym,col_norm,8,per_ckpt,105B,90,-0.2078,0.4056,-0.205,0.4336,layer_27
norm_asym,col_norm,8,per_ckpt,136B,90,-0.4463,0.1668,-0.4423,0.1778,layer_27
norm_asym,col_norm,8,per_ckpt,168B,90,-0.1317,0.6274,-0.098,0.7193,layer_27
norm_asym,col_norm,8,per_ckpt,199B,90,-0.5133,0.024,-0.5055,0.03,layer_27
norm_asym,col_norm,8,per_ckpt,231B,90,0.0932,0.7433,0.1423,0.6264,layer_27
norm_asym,col_norm,8,per_ckpt,262B,90,-0.0874,0.7413,-0.1021,0.6973,layer_27
norm_asym,col_norm,8,per_ckpt,294B,90,-0.1629,0.6034,-0.2034,0.5365,layer_27
norm_asym,col_norm,8,per_ckpt,325B,90,0.0271,0.9281,0.0083,0.982,layer_27
norm_asym,col_norm,8,per_ckpt,352B,90,-0.3142,0.2308,-0.2722,0.3267,layer_27
norm_asym,col_norm,8,per_ckpt,384B,90,-0.1068,0.7053,-0.133,0.6743,layer_27
norm_asym,col_norm,8,per_ckpt,415B,90,-0.2766,0.2767,-0.2799,0.2877,layer_27
norm_asym,col_norm,8,per_ckpt,447B,90,-0.2257,0.4585,-0.2,0.5025,layer_27
norm_asym,col_norm,8,per_ckpt,478B,90,0.0745,0.8042,-0.0054,0.983,layer_27
norm_asym,col_norm,8,per_ckpt,510B,90,-0.2816,0.1608,-0.2647,0.1948,layer_27
norm_asym,col_norm,8,per_ckpt,541B,90,0.0964,0.7383,0.1067,0.6973,layer_27
norm_asym,col_norm,8,per_ckpt,573B,90,-0.2503,0.4116,-0.1652,0.5844,layer_27
norm_asym,col_norm,8,per_ckpt,main,90,0.0392,0.8881,0.0101,0.974,layer_27
abs_diff,row_norm,4,pooled,,1800,0.0073,0.7577,0.0133,0.572,layer_28
abs_diff,row_norm,8,pooled,,1800,-0.0488,0.0385,-0.0496,0.0355,layer_28
abs_diff,col_norm,4,pooled,,1800,0.0152,0.5204,0.0109,0.6435,layer_28
abs_diff,col_norm,8,pooled,,1800,-0.0345,0.1438,-0.0362,0.1249,layer_28
signed_diff,row_norm,4,pooled,,1800,-0.0833,0.0004,-0.076,0.0013,layer_28
signed_diff,row_norm,8,pooled,,1800,-0.0355,0.1318,-0.0423,0.0731,layer_28
signed_diff,col_norm,4,pooled,,1800,-0.083,0.0004,-0.0566,0.0164,layer_28
signed_diff,col_norm,8,pooled,,1800,-0.2131,0.0,-0.2208,0.0,layer_28
min_rankme,row_norm,4,pooled,,1800,-0.1022,0.0,-0.0946,0.0001,layer_28
min_rankme,row_norm,8,pooled,,1800,-0.007,0.7679,-0.0213,0.3659,layer_28
min_rankme,col_norm,4,pooled,,1800,-0.0774,0.001,-0.065,0.0058,layer_28
min_rankme,col_norm,8,pooled,,1800,-0.0124,0.6003,-0.0137,0.5615,layer_28
norm_asym,row_norm,4,pooled,,1800,-0.1004,0.0,-0.106,0.0,layer_28
norm_asym,row_norm,8,pooled,,1800,-0.0229,0.3314,-0.0281,0.2336,layer_28
norm_asym,col_norm,4,pooled,,1800,-0.0816,0.0005,-0.0702,0.0029,layer_28
norm_asym,col_norm,8,pooled,,1800,-0.1862,0.0,-0.1832,0.0,layer_28
abs_diff,row_norm,4,per_ckpt,10B,90,0.0015,0.989,0.0013,0.992,layer_28
abs_diff,row_norm,4,per_ckpt,42B,90,0.1726,0.0619,0.1288,0.1349,layer_28
abs_diff,row_norm,4,per_ckpt,73B,90,0.0332,0.6923,0.0712,0.3736,layer_28
abs_diff,row_norm,4,per_ckpt,105B,90,0.098,0.2727,0.0985,0.2857,layer_28
abs_diff,row_norm,4,per_ckpt,136B,90,0.1731,0.033,0.2185,0.008,layer_28
abs_diff,row_norm,4,per_ckpt,168B,90,0.0565,0.5365,0.123,0.1738,layer_28
abs_diff,row_norm,4,per_ckpt,199B,90,-0.0556,0.5774,-0.0264,0.8262,layer_28
abs_diff,row_norm,4,per_ckpt,231B,90,0.0535,0.6064,0.0392,0.7303,layer_28
abs_diff,row_norm,4,per_ckpt,262B,90,0.1408,0.1329,0.083,0.4146,layer_28
abs_diff,row_norm,4,per_ckpt,294B,90,-0.0055,0.956,-0.0393,0.7243,layer_28
abs_diff,row_norm,4,per_ckpt,325B,90,-0.017,0.8881,0.0327,0.7742,layer_28
abs_diff,row_norm,4,per_ckpt,352B,90,0.0182,0.8432,0.0057,0.9491,layer_28
abs_diff,row_norm,4,per_ckpt,384B,90,0.1055,0.2378,0.152,0.1009,layer_28
abs_diff,row_norm,4,per_ckpt,415B,90,0.0467,0.5794,0.0745,0.4216,layer_28
abs_diff,row_norm,4,per_ckpt,447B,90,0.1085,0.2577,0.0999,0.3107,layer_28
abs_diff,row_norm,4,per_ckpt,478B,90,0.208,0.043,0.2444,0.025,layer_28
abs_diff,row_norm,4,per_ckpt,510B,90,0.1041,0.4296,0.1359,0.3297,layer_28
abs_diff,row_norm,4,per_ckpt,541B,90,0.047,0.6314,0.047,0.6314,layer_28
abs_diff,row_norm,4,per_ckpt,573B,90,0.0288,0.7972,0.0173,0.8741,layer_28
abs_diff,row_norm,4,per_ckpt,main,90,-0.2041,0.1039,-0.1498,0.2687,layer_28
abs_diff,row_norm,8,per_ckpt,10B,90,-0.0282,0.7862,-0.0541,0.5924,layer_28
abs_diff,row_norm,8,per_ckpt,42B,90,0.0913,0.3417,0.0797,0.4306,layer_28
abs_diff,row_norm,8,per_ckpt,73B,90,-0.1381,0.1239,-0.1186,0.1648,layer_28
abs_diff,row_norm,8,per_ckpt,105B,90,0.1866,0.005,0.1734,0.006,layer_28
abs_diff,row_norm,8,per_ckpt,136B,90,-0.0079,0.9391,0.0236,0.8042,layer_28
abs_diff,row_norm,8,per_ckpt,168B,90,-0.0112,0.9331,-0.0294,0.7972,layer_28
abs_diff,row_norm,8,per_ckpt,199B,90,0.0353,0.6993,-0.0123,0.9061,layer_28
abs_diff,row_norm,8,per_ckpt,231B,90,-0.0467,0.6064,-0.0468,0.6254,layer_28
abs_diff,row_norm,8,per_ckpt,262B,90,0.0761,0.4446,0.0696,0.5015,layer_28
abs_diff,row_norm,8,per_ckpt,294B,90,0.0123,0.8841,0.0001,1.0,layer_28
abs_diff,row_norm,8,per_ckpt,325B,90,-0.2453,0.003,-0.1813,0.032,layer_28
abs_diff,row_norm,8,per_ckpt,352B,90,0.0577,0.5514,0.0422,0.6623,layer_28
abs_diff,row_norm,8,per_ckpt,384B,90,-0.126,0.1848,-0.1651,0.0949,layer_28
abs_diff,row_norm,8,per_ckpt,415B,90,-0.2266,0.011,-0.2347,0.012,layer_28
abs_diff,row_norm,8,per_ckpt,447B,90,-0.0474,0.6164,-0.0446,0.6444,layer_28
abs_diff,row_norm,8,per_ckpt,478B,90,-0.219,0.013,-0.2063,0.031,layer_28
abs_diff,row_norm,8,per_ckpt,510B,90,-0.0498,0.6633,-0.0527,0.6753,layer_28
abs_diff,row_norm,8,per_ckpt,541B,90,0.0928,0.4356,0.1377,0.3187,layer_28
abs_diff,row_norm,8,per_ckpt,573B,90,-0.0143,0.9111,0.0061,0.962,layer_28
abs_diff,row_norm,8,per_ckpt,main,90,-0.1392,0.1728,-0.157,0.1558,layer_28
abs_diff,col_norm,4,per_ckpt,10B,90,-0.0014,0.98,-0.0096,0.8472,layer_28
abs_diff,col_norm,4,per_ckpt,42B,90,0.057,0.1039,0.0539,0.1249,layer_28
abs_diff,col_norm,4,per_ckpt,73B,90,0.0299,0.5844,0.046,0.3886,layer_28
abs_diff,col_norm,4,per_ckpt,105B,90,0.037,0.5285,0.0623,0.3087,layer_28
abs_diff,col_norm,4,per_ckpt,136B,90,0.2159,0.004,0.1888,0.007,layer_28
abs_diff,col_norm,4,per_ckpt,168B,90,0.0621,0.3087,0.0782,0.1868,layer_28
abs_diff,col_norm,4,per_ckpt,199B,90,-0.0221,0.7662,-0.0201,0.7942,layer_28
abs_diff,col_norm,4,per_ckpt,231B,90,0.0135,0.8062,0.0213,0.7093,layer_28
abs_diff,col_norm,4,per_ckpt,262B,90,0.1229,0.1658,0.0769,0.4106,layer_28
abs_diff,col_norm,4,per_ckpt,294B,90,-0.0148,0.8511,-0.0339,0.7073,layer_28
abs_diff,col_norm,4,per_ckpt,325B,90,0.0044,0.959,0.0259,0.7443,layer_28
abs_diff,col_norm,4,per_ckpt,352B,90,-0.007,0.9251,0.0069,0.9131,layer_28
abs_diff,col_norm,4,per_ckpt,384B,90,0.1206,0.1229,0.1311,0.1059,layer_28
abs_diff,col_norm,4,per_ckpt,415B,90,0.0877,0.2727,0.0704,0.4306,layer_28
abs_diff,col_norm,4,per_ckpt,447B,90,0.0789,0.2987,0.0706,0.3646,layer_28
abs_diff,col_norm,4,per_ckpt,478B,90,0.1619,0.0839,0.2206,0.024,layer_28
abs_diff,col_norm,4,per_ckpt,510B,90,0.0875,0.2458,0.0765,0.3357,layer_28
abs_diff,col_norm,4,per_ckpt,541B,90,0.0608,0.5005,0.0523,0.6104,layer_28
abs_diff,col_norm,4,per_ckpt,573B,90,0.0186,0.7832,0.0206,0.8002,layer_28
abs_diff,col_norm,4,per_ckpt,main,90,-0.1071,0.1598,-0.0984,0.2507,layer_28
abs_diff,col_norm,8,per_ckpt,10B,90,-0.0172,0.8232,-0.0398,0.6174,layer_28
abs_diff,col_norm,8,per_ckpt,42B,90,0.0558,0.3616,0.0545,0.4026,layer_28
abs_diff,col_norm,8,per_ckpt,73B,90,-0.1167,0.0959,-0.0995,0.1558,layer_28
abs_diff,col_norm,8,per_ckpt,105B,90,0.2173,0.004,0.2015,0.003,layer_28
abs_diff,col_norm,8,per_ckpt,136B,90,-0.0031,0.9421,0.0203,0.6274,layer_28
abs_diff,col_norm,8,per_ckpt,168B,90,0.0296,0.6713,-0.0149,0.8482,layer_28
abs_diff,col_norm,8,per_ckpt,199B,90,-0.0039,0.974,-0.0118,0.8921,layer_28
abs_diff,col_norm,8,per_ckpt,231B,90,-0.0565,0.4476,-0.0417,0.5864,layer_28
abs_diff,col_norm,8,per_ckpt,262B,90,0.0638,0.4086,0.0571,0.5045,layer_28
abs_diff,col_norm,8,per_ckpt,294B,90,-0.0253,0.5574,-0.0018,0.974,layer_28
abs_diff,col_norm,8,per_ckpt,325B,90,-0.103,0.1548,-0.1464,0.029,layer_28
abs_diff,col_norm,8,per_ckpt,352B,90,0.0392,0.6254,0.0299,0.7003,layer_28
abs_diff,col_norm,8,per_ckpt,384B,90,-0.0724,0.2867,-0.1276,0.0909,layer_28
abs_diff,col_norm,8,per_ckpt,415B,90,-0.165,0.028,-0.1929,0.01,layer_28
abs_diff,col_norm,8,per_ckpt,447B,90,-0.0294,0.6703,-0.0353,0.6184,layer_28
abs_diff,col_norm,8,per_ckpt,478B,90,-0.1213,0.1129,-0.1763,0.037,layer_28
abs_diff,col_norm,8,per_ckpt,510B,90,-0.0427,0.7203,-0.0511,0.6733,layer_28
abs_diff,col_norm,8,per_ckpt,541B,90,0.1425,0.0949,0.0909,0.3626,layer_28
abs_diff,col_norm,8,per_ckpt,573B,90,-0.0262,0.7213,-0.0045,0.9451,layer_28
abs_diff,col_norm,8,per_ckpt,main,90,-0.0797,0.3407,-0.1244,0.1329,layer_28
signed_diff,row_norm,4,per_ckpt,10B,90,0.1464,0.5005,0.1468,0.4975,layer_28
signed_diff,row_norm,4,per_ckpt,42B,90,0.0542,0.6783,0.0938,0.5285,layer_28
signed_diff,row_norm,4,per_ckpt,73B,90,-0.3153,0.1449,-0.3372,0.1319,layer_28
signed_diff,row_norm,4,per_ckpt,105B,90,-0.1859,0.4575,-0.1786,0.4715,layer_28
signed_diff,row_norm,4,per_ckpt,136B,90,-0.0561,0.8112,-0.0723,0.7712,layer_28
signed_diff,row_norm,4,per_ckpt,168B,90,-0.0509,0.8082,-0.0028,0.986,layer_28
signed_diff,row_norm,4,per_ckpt,199B,90,-0.1782,0.4505,-0.1858,0.4176,layer_28
signed_diff,row_norm,4,per_ckpt,231B,90,-0.3776,0.041,-0.3633,0.0659,layer_28
signed_diff,row_norm,4,per_ckpt,262B,90,-0.1691,0.4226,-0.1469,0.5465,layer_28
signed_diff,row_norm,4,per_ckpt,294B,90,-0.0062,0.987,-0.0038,0.988,layer_28
signed_diff,row_norm,4,per_ckpt,325B,90,0.0449,0.8102,0.0785,0.7263,layer_28
signed_diff,row_norm,4,per_ckpt,352B,90,-0.0872,0.6943,-0.1337,0.5804,layer_28
signed_diff,row_norm,4,per_ckpt,384B,90,0.0163,0.9491,-0.0037,0.986,layer_28
signed_diff,row_norm,4,per_ckpt,415B,90,-0.172,0.4486,-0.2111,0.3786,layer_28
signed_diff,row_norm,4,per_ckpt,447B,90,-0.3174,0.1578,-0.3179,0.1638,layer_28
signed_diff,row_norm,4,per_ckpt,478B,90,-0.0627,0.8272,-0.0599,0.8342,layer_28
signed_diff,row_norm,4,per_ckpt,510B,90,0.0176,0.8462,-0.0563,0.5694,layer_28
signed_diff,row_norm,4,per_ckpt,541B,90,0.1924,0.4216,0.1585,0.5255,layer_28
signed_diff,row_norm,4,per_ckpt,573B,90,-0.141,0.5904,-0.1528,0.5864,layer_28
signed_diff,row_norm,4,per_ckpt,main,90,0.0601,0.6723,0.0654,0.6304,layer_28
signed_diff,row_norm,8,per_ckpt,10B,90,-0.1113,0.5415,-0.1521,0.4436,layer_28
signed_diff,row_norm,8,per_ckpt,42B,90,-0.0386,0.8252,-0.0043,0.984,layer_28
signed_diff,row_norm,8,per_ckpt,73B,90,-0.117,0.5944,-0.1294,0.5714,layer_28
signed_diff,row_norm,8,per_ckpt,105B,90,-0.1582,0.5824,-0.2219,0.4975,layer_28
signed_diff,row_norm,8,per_ckpt,136B,90,0.2836,0.1379,0.2732,0.1738,layer_28
signed_diff,row_norm,8,per_ckpt,168B,90,-0.0949,0.4765,-0.0569,0.6753,layer_28
signed_diff,row_norm,8,per_ckpt,199B,90,-0.0184,0.9411,-0.0269,0.9081,layer_28
signed_diff,row_norm,8,per_ckpt,231B,90,-0.3115,0.1239,-0.3081,0.1359,layer_28
signed_diff,row_norm,8,per_ckpt,262B,90,0.3513,0.1009,0.3518,0.0929,layer_28
signed_diff,row_norm,8,per_ckpt,294B,90,0.2425,0.1668,0.2476,0.1688,layer_28
signed_diff,row_norm,8,per_ckpt,325B,90,-0.1239,0.6324,-0.1745,0.5035,layer_28
signed_diff,row_norm,8,per_ckpt,352B,90,-0.2241,0.3087,-0.2216,0.3147,layer_28
signed_diff,row_norm,8,per_ckpt,384B,90,-0.2404,0.2547,-0.2211,0.2847,layer_28
signed_diff,row_norm,8,per_ckpt,415B,90,-0.1276,0.5435,-0.1172,0.5844,layer_28
signed_diff,row_norm,8,per_ckpt,447B,90,0.155,0.4795,0.1318,0.5305,layer_28
signed_diff,row_norm,8,per_ckpt,478B,90,-0.0184,0.9401,-0.0206,0.9241,layer_28
signed_diff,row_norm,8,per_ckpt,510B,90,-0.0211,0.9001,-0.0791,0.7023,layer_28
signed_diff,row_norm,8,per_ckpt,541B,90,0.0245,0.9201,0.0177,0.9391,layer_28
signed_diff,row_norm,8,per_ckpt,573B,90,0.0473,0.8362,0.0508,0.8322,layer_28
signed_diff,row_norm,8,per_ckpt,main,90,-0.0822,0.7333,-0.0642,0.7862,layer_28
signed_diff,col_norm,4,per_ckpt,10B,90,-0.04,0.8991,-0.0353,0.9031,layer_28
signed_diff,col_norm,4,per_ckpt,42B,90,-0.0475,0.8911,-0.0076,0.977,layer_28
signed_diff,col_norm,4,per_ckpt,73B,90,0.0582,0.8501,0.1005,0.7423,layer_28
signed_diff,col_norm,4,per_ckpt,105B,90,-0.0081,0.98,-0.0073,0.985,layer_28
signed_diff,col_norm,4,per_ckpt,136B,90,-0.4453,0.0959,-0.4468,0.0999,layer_28
signed_diff,col_norm,4,per_ckpt,168B,90,-0.1979,0.4795,-0.187,0.5185,layer_28
signed_diff,col_norm,4,per_ckpt,199B,90,0.4133,0.1518,0.4184,0.1469,layer_28
signed_diff,col_norm,4,per_ckpt,231B,90,0.4261,0.1628,0.4236,0.1738,layer_28
signed_diff,col_norm,4,per_ckpt,262B,90,-0.1745,0.4805,-0.1659,0.5125,layer_28
signed_diff,col_norm,4,per_ckpt,294B,90,-0.2508,0.3686,-0.2721,0.3417,layer_28
signed_diff,col_norm,4,per_ckpt,325B,90,-0.2354,0.4076,-0.2506,0.4026,layer_28
signed_diff,col_norm,4,per_ckpt,352B,90,-0.3576,0.2298,-0.3602,0.2328,layer_28
signed_diff,col_norm,4,per_ckpt,384B,90,-0.1721,0.5255,-0.1668,0.5355,layer_28
signed_diff,col_norm,4,per_ckpt,415B,90,-0.1648,0.5255,-0.1797,0.5065,layer_28
signed_diff,col_norm,4,per_ckpt,447B,90,0.3606,0.1748,0.3284,0.2458,layer_28
signed_diff,col_norm,4,per_ckpt,478B,90,-0.3598,0.1988,-0.363,0.2008,layer_28
signed_diff,col_norm,4,per_ckpt,510B,90,-0.2578,0.3906,-0.2688,0.3706,layer_28
signed_diff,col_norm,4,per_ckpt,541B,90,-0.1087,0.6733,-0.0974,0.7133,layer_28
signed_diff,col_norm,4,per_ckpt,573B,90,-0.4341,0.1359,-0.4484,0.1289,layer_28
signed_diff,col_norm,4,per_ckpt,main,90,-0.4046,0.1379,-0.3748,0.1698,layer_28
signed_diff,col_norm,8,per_ckpt,10B,90,-0.1571,0.5435,-0.1473,0.5704,layer_28
signed_diff,col_norm,8,per_ckpt,42B,90,-0.5715,0.037,-0.5529,0.044,layer_28
signed_diff,col_norm,8,per_ckpt,73B,90,-0.1698,0.5574,-0.1906,0.5315,layer_28
signed_diff,col_norm,8,per_ckpt,105B,90,-0.242,0.3157,-0.2624,0.3007,layer_28
signed_diff,col_norm,8,per_ckpt,136B,90,-0.5719,0.0669,-0.5975,0.0569,layer_28
signed_diff,col_norm,8,per_ckpt,168B,90,-0.2845,0.2987,-0.2912,0.3057,layer_28
signed_diff,col_norm,8,per_ckpt,199B,90,-0.5016,0.021,-0.486,0.03,layer_28
signed_diff,col_norm,8,per_ckpt,231B,90,-0.0738,0.7902,-0.0512,0.8561,layer_28
signed_diff,col_norm,8,per_ckpt,262B,90,-0.0016,0.996,0.0364,0.9091,layer_28
signed_diff,col_norm,8,per_ckpt,294B,90,-0.2499,0.4426,-0.2644,0.4326,layer_28
signed_diff,col_norm,8,per_ckpt,325B,90,-0.0146,0.959,-0.0264,0.9401,layer_28
signed_diff,col_norm,8,per_ckpt,352B,90,-0.2835,0.3097,-0.2589,0.3646,layer_28
signed_diff,col_norm,8,per_ckpt,384B,90,-0.084,0.7632,-0.1189,0.6923,layer_28
signed_diff,col_norm,8,per_ckpt,415B,90,-0.2949,0.2607,-0.3183,0.2498,layer_28
signed_diff,col_norm,8,per_ckpt,447B,90,-0.2496,0.4096,-0.2355,0.4296,layer_28
signed_diff,col_norm,8,per_ckpt,478B,90,0.1596,0.5824,0.165,0.5554,layer_28
signed_diff,col_norm,8,per_ckpt,510B,90,-0.3119,0.1129,-0.2912,0.1489,layer_28
signed_diff,col_norm,8,per_ckpt,541B,90,0.0939,0.7423,0.0845,0.7692,layer_28
signed_diff,col_norm,8,per_ckpt,573B,90,-0.3138,0.3147,-0.2514,0.4486,layer_28
signed_diff,col_norm,8,per_ckpt,main,90,-0.0171,0.9471,-0.018,0.951,layer_28
min_rankme,row_norm,4,per_ckpt,10B,90,0.1954,0.2038,0.1567,0.2667,layer_28
min_rankme,row_norm,4,per_ckpt,42B,90,0.2018,0.1968,0.1355,0.3826,layer_28
min_rankme,row_norm,4,per_ckpt,73B,90,-0.2069,0.2717,-0.2197,0.1718,layer_28
min_rankme,row_norm,4,per_ckpt,105B,90,-0.0685,0.6953,-0.0449,0.7962,layer_28
min_rankme,row_norm,4,per_ckpt,136B,90,-0.0673,0.6673,-0.1545,0.2957,layer_28
min_rankme,row_norm,4,per_ckpt,168B,90,-0.0601,0.7293,-0.0813,0.5984,layer_28
min_rankme,row_norm,4,per_ckpt,199B,90,-0.2525,0.0979,-0.2511,0.1119,layer_28
min_rankme,row_norm,4,per_ckpt,231B,90,-0.3138,0.048,-0.2093,0.2028,layer_28
min_rankme,row_norm,4,per_ckpt,262B,90,-0.2909,0.0729,-0.2711,0.0969,layer_28
min_rankme,row_norm,4,per_ckpt,294B,90,0.1498,0.4605,0.0165,0.9141,layer_28
min_rankme,row_norm,4,per_ckpt,325B,90,0.1388,0.4545,0.1246,0.4845,layer_28
min_rankme,row_norm,4,per_ckpt,352B,90,0.0241,0.8711,-0.0662,0.6713,layer_28
min_rankme,row_norm,4,per_ckpt,384B,90,-0.0464,0.7043,-0.0257,0.8322,layer_28
min_rankme,row_norm,4,per_ckpt,415B,90,-0.1487,0.2667,-0.1468,0.3047,layer_28
min_rankme,row_norm,4,per_ckpt,447B,90,-0.3002,0.046,-0.286,0.0729,layer_28
min_rankme,row_norm,4,per_ckpt,478B,90,-0.1681,0.2717,-0.1845,0.2178,layer_28
min_rankme,row_norm,4,per_ckpt,510B,90,-0.12,0.5395,-0.2048,0.2777,layer_28
min_rankme,row_norm,4,per_ckpt,541B,90,0.0312,0.8072,0.0838,0.4715,layer_28
min_rankme,row_norm,4,per_ckpt,573B,90,-0.1577,0.2667,-0.1269,0.3676,layer_28
min_rankme,row_norm,4,per_ckpt,main,90,0.1118,0.4745,0.0193,0.9261,layer_28
min_rankme,row_norm,8,per_ckpt,10B,90,-0.2662,0.1788,-0.1873,0.2997,layer_28
min_rankme,row_norm,8,per_ckpt,42B,90,0.2946,0.0699,0.289,0.0649,layer_28
min_rankme,row_norm,8,per_ckpt,73B,90,0.2409,0.1928,0.1069,0.5395,layer_28
min_rankme,row_norm,8,per_ckpt,105B,90,-0.1818,0.0989,-0.2167,0.008,layer_28
min_rankme,row_norm,8,per_ckpt,136B,90,0.2593,0.1019,0.2947,0.049,layer_28
min_rankme,row_norm,8,per_ckpt,168B,90,-0.2814,0.1079,-0.2736,0.0959,layer_28
min_rankme,row_norm,8,per_ckpt,199B,90,-0.0203,0.8931,-0.0116,0.9321,layer_28
min_rankme,row_norm,8,per_ckpt,231B,90,-0.1936,0.2977,-0.0552,0.7542,layer_28
min_rankme,row_norm,8,per_ckpt,262B,90,-0.0948,0.5654,-0.0797,0.5784,layer_28
min_rankme,row_norm,8,per_ckpt,294B,90,-0.1775,0.1489,-0.1325,0.3097,layer_28
min_rankme,row_norm,8,per_ckpt,325B,90,0.2713,0.004,0.2018,0.043,layer_28
min_rankme,row_norm,8,per_ckpt,352B,90,-0.0383,0.7982,-0.0677,0.6294,layer_28
min_rankme,row_norm,8,per_ckpt,384B,90,-0.0686,0.6973,-0.0335,0.8442,layer_28
min_rankme,row_norm,8,per_ckpt,415B,90,0.2095,0.1908,0.1984,0.1678,layer_28
min_rankme,row_norm,8,per_ckpt,447B,90,0.1591,0.1598,0.1676,0.1778,layer_28
min_rankme,row_norm,8,per_ckpt,478B,90,0.1634,0.2078,0.0927,0.5045,layer_28
min_rankme,row_norm,8,per_ckpt,510B,90,-0.0232,0.9051,-0.0371,0.8302,layer_28
min_rankme,row_norm,8,per_ckpt,541B,90,-0.0259,0.8801,-0.0401,0.8012,layer_28
min_rankme,row_norm,8,per_ckpt,573B,90,0.037,0.8152,0.0335,0.8242,layer_28
min_rankme,row_norm,8,per_ckpt,main,90,0.0815,0.4875,0.0401,0.7502,layer_28
min_rankme,col_norm,4,per_ckpt,10B,90,0.0915,0.2018,0.0984,0.2108,layer_28
min_rankme,col_norm,4,per_ckpt,42B,90,0.0881,0.1359,0.0571,0.3706,layer_28
min_rankme,col_norm,4,per_ckpt,73B,90,-0.1106,0.3506,-0.1448,0.1848,layer_28
min_rankme,col_norm,4,per_ckpt,105B,90,-0.0405,0.6923,-0.0309,0.7902,layer_28
min_rankme,col_norm,4,per_ckpt,136B,90,-0.0448,0.7353,-0.1353,0.2757,layer_28
min_rankme,col_norm,4,per_ckpt,168B,90,-0.0148,0.8911,-0.0471,0.6434,layer_28
min_rankme,col_norm,4,per_ckpt,199B,90,-0.1679,0.1119,-0.1652,0.1169,layer_28
min_rankme,col_norm,4,per_ckpt,231B,90,-0.1369,0.0789,-0.1021,0.2098,layer_28
min_rankme,col_norm,4,per_ckpt,262B,90,-0.2971,0.033,-0.2511,0.0909,layer_28
min_rankme,col_norm,4,per_ckpt,294B,90,0.1298,0.3676,0.0147,0.9011,layer_28
min_rankme,col_norm,4,per_ckpt,325B,90,0.0887,0.4695,0.0873,0.4965,layer_28
min_rankme,col_norm,4,per_ckpt,352B,90,0.0208,0.8681,-0.046,0.6653,layer_28
min_rankme,col_norm,4,per_ckpt,384B,90,-0.0619,0.5475,-0.0165,0.8751,layer_28
min_rankme,col_norm,4,per_ckpt,415B,90,-0.1907,0.1279,-0.1393,0.3047,layer_28
min_rankme,col_norm,4,per_ckpt,447B,90,-0.2536,0.04,-0.2146,0.0899,layer_28
min_rankme,col_norm,4,per_ckpt,478B,90,-0.1518,0.2328,-0.1647,0.2228,layer_28
min_rankme,col_norm,4,per_ckpt,510B,90,-0.0915,0.4216,-0.1152,0.2827,layer_28
min_rankme,col_norm,4,per_ckpt,541B,90,0.0615,0.6384,0.0881,0.4735,layer_28
min_rankme,col_norm,4,per_ckpt,573B,90,-0.0888,0.3477,-0.0933,0.3457,layer_28
min_rankme,col_norm,4,per_ckpt,main,90,0.0424,0.6963,0.0137,0.9091,layer_28
min_rankme,col_norm,8,per_ckpt,10B,90,-0.1901,0.2098,-0.1542,0.2837,layer_28
min_rankme,col_norm,8,per_ckpt,42B,90,0.2047,0.018,0.1804,0.0739,layer_28
min_rankme,col_norm,8,per_ckpt,73B,90,0.2097,0.1878,0.0902,0.5245,layer_28
min_rankme,col_norm,8,per_ckpt,105B,90,-0.1279,0.2707,-0.245,0.007,layer_28
min_rankme,col_norm,8,per_ckpt,136B,90,0.1252,0.1199,0.1246,0.0729,layer_28
min_rankme,col_norm,8,per_ckpt,168B,90,-0.1603,0.1588,-0.1753,0.0899,layer_28
min_rankme,col_norm,8,per_ckpt,199B,90,-0.0085,0.965,-0.0053,0.974,layer_28
min_rankme,col_norm,8,per_ckpt,231B,90,-0.1253,0.4276,-0.0464,0.7522,layer_28
min_rankme,col_norm,8,per_ckpt,262B,90,-0.1111,0.3676,-0.0688,0.5584,layer_28
min_rankme,col_norm,8,per_ckpt,294B,90,-0.0717,0.2687,-0.044,0.4426,layer_28
min_rankme,col_norm,8,per_ckpt,325B,90,0.1775,0.048,0.1746,0.024,layer_28
min_rankme,col_norm,8,per_ckpt,352B,90,-0.0124,0.9061,-0.0454,0.6803,layer_28
min_rankme,col_norm,8,per_ckpt,384B,90,-0.0628,0.5794,-0.0204,0.8671,layer_28
min_rankme,col_norm,8,per_ckpt,415B,90,0.1934,0.1319,0.154,0.2028,layer_28
min_rankme,col_norm,8,per_ckpt,447B,90,0.1186,0.1199,0.1303,0.1578,layer_28
min_rankme,col_norm,8,per_ckpt,478B,90,0.0819,0.4725,0.083,0.5095,layer_28
min_rankme,col_norm,8,per_ckpt,510B,90,-0.0174,0.9321,-0.0339,0.8432,layer_28
min_rankme,col_norm,8,per_ckpt,541B,90,-0.0444,0.7163,-0.0144,0.8991,layer_28
min_rankme,col_norm,8,per_ckpt,573B,90,0.0319,0.6923,0.0422,0.6204,layer_28
min_rankme,col_norm,8,per_ckpt,main,90,0.0526,0.5744,0.0381,0.6953,layer_28
norm_asym,row_norm,4,per_ckpt,10B,90,0.1569,0.4675,0.1568,0.4645,layer_28
norm_asym,row_norm,4,per_ckpt,42B,90,0.0435,0.7483,0.0652,0.6693,layer_28
norm_asym,row_norm,4,per_ckpt,73B,90,-0.3374,0.1239,-0.3624,0.0959,layer_28
norm_asym,row_norm,4,per_ckpt,105B,90,-0.2229,0.3696,-0.2255,0.3477,layer_28
norm_asym,row_norm,4,per_ckpt,136B,90,-0.0846,0.7333,-0.0866,0.7333,layer_28
norm_asym,row_norm,4,per_ckpt,168B,90,-0.1185,0.5814,-0.0895,0.6983,layer_28
norm_asym,row_norm,4,per_ckpt,199B,90,-0.1655,0.4835,-0.1821,0.4236,layer_28
norm_asym,row_norm,4,per_ckpt,231B,90,-0.4286,0.019,-0.4287,0.025,layer_28
norm_asym,row_norm,4,per_ckpt,262B,90,-0.2175,0.2967,-0.234,0.2847,layer_28
norm_asym,row_norm,4,per_ckpt,294B,90,0.0493,0.8262,0.0596,0.8112,layer_28
norm_asym,row_norm,4,per_ckpt,325B,90,-0.0,1.0,0.0139,0.9331,layer_28
norm_asym,row_norm,4,per_ckpt,352B,90,-0.0276,0.8991,-0.0798,0.7123,layer_28
norm_asym,row_norm,4,per_ckpt,384B,90,-0.0238,0.9101,-0.0533,0.8182,layer_28
norm_asym,row_norm,4,per_ckpt,415B,90,-0.2535,0.2817,-0.2945,0.2278,layer_28
norm_asym,row_norm,4,per_ckpt,447B,90,-0.3087,0.1748,-0.3285,0.1449,layer_28
norm_asym,row_norm,4,per_ckpt,478B,90,-0.1102,0.6703,-0.1148,0.6703,layer_28
norm_asym,row_norm,4,per_ckpt,510B,90,0.0148,0.8841,-0.0496,0.6304,layer_28
norm_asym,row_norm,4,per_ckpt,541B,90,0.1798,0.4705,0.1309,0.6084,layer_28
norm_asym,row_norm,4,per_ckpt,573B,90,-0.1084,0.6623,-0.1044,0.6783,layer_28
norm_asym,row_norm,4,per_ckpt,main,90,0.0691,0.6404,0.0471,0.7183,layer_28
norm_asym,row_norm,8,per_ckpt,10B,90,-0.0987,0.5854,-0.1318,0.5135,layer_28
norm_asym,row_norm,8,per_ckpt,42B,90,-0.0672,0.7063,-0.0394,0.8212,layer_28
norm_asym,row_norm,8,per_ckpt,73B,90,-0.1067,0.6164,-0.1178,0.5934,layer_28
norm_asym,row_norm,8,per_ckpt,105B,90,-0.1885,0.5005,-0.2585,0.4036,layer_28
norm_asym,row_norm,8,per_ckpt,136B,90,0.2983,0.1239,0.289,0.1528,layer_28
norm_asym,row_norm,8,per_ckpt,168B,90,-0.0876,0.4945,-0.0526,0.6953,layer_28
norm_asym,row_norm,8,per_ckpt,199B,90,0.0465,0.8541,0.0604,0.8202,layer_28
norm_asym,row_norm,8,per_ckpt,231B,90,-0.3146,0.1249,-0.3015,0.1479,layer_28
norm_asym,row_norm,8,per_ckpt,262B,90,0.297,0.1728,0.3097,0.1419,layer_28
norm_asym,row_norm,8,per_ckpt,294B,90,0.2577,0.1469,0.249,0.1628,layer_28
norm_asym,row_norm,8,per_ckpt,325B,90,-0.0877,0.7423,-0.1224,0.6434,layer_28
norm_asym,row_norm,8,per_ckpt,352B,90,-0.2188,0.3147,-0.2245,0.3057,layer_28
norm_asym,row_norm,8,per_ckpt,384B,90,-0.173,0.4356,-0.1266,0.5644,layer_28
norm_asym,row_norm,8,per_ckpt,415B,90,-0.0929,0.6603,-0.0735,0.7383,layer_28
norm_asym,row_norm,8,per_ckpt,447B,90,0.1769,0.4106,0.1374,0.5175,layer_28
norm_asym,row_norm,8,per_ckpt,478B,90,-0.0014,0.997,0.0248,0.9371,layer_28
norm_asym,row_norm,8,per_ckpt,510B,90,-0.014,0.9451,-0.0645,0.7592,layer_28
norm_asym,row_norm,8,per_ckpt,541B,90,0.0236,0.9061,0.0125,0.965,layer_28
norm_asym,row_norm,8,per_ckpt,573B,90,0.0333,0.8791,0.0269,0.9091,layer_28
norm_asym,row_norm,8,per_ckpt,main,90,-0.0633,0.7772,-0.0183,0.9361,layer_28
norm_asym,col_norm,4,per_ckpt,10B,90,-0.001,0.998,-0.012,0.97,layer_28
norm_asym,col_norm,4,per_ckpt,42B,90,-0.0404,0.8891,0.0105,0.969,layer_28
norm_asym,col_norm,4,per_ckpt,73B,90,0.0764,0.8022,0.1234,0.6793,layer_28
norm_asym,col_norm,4,per_ckpt,105B,90,0.0328,0.9151,0.0407,0.8881,layer_28
norm_asym,col_norm,4,per_ckpt,136B,90,-0.4552,0.0839,-0.4516,0.0919,layer_28
norm_asym,col_norm,4,per_ckpt,168B,90,-0.2174,0.4496,-0.185,0.5325,layer_28
norm_asym,col_norm,4,per_ckpt,199B,90,0.4117,0.1489,0.4166,0.1469,layer_28
norm_asym,col_norm,4,per_ckpt,231B,90,0.4117,0.1868,0.398,0.2278,layer_28
norm_asym,col_norm,4,per_ckpt,262B,90,-0.1496,0.5495,-0.139,0.5784,layer_28
norm_asym,col_norm,4,per_ckpt,294B,90,-0.3287,0.2288,-0.3395,0.2228,layer_28
norm_asym,col_norm,4,per_ckpt,325B,90,-0.1385,0.6583,-0.1513,0.6364,layer_28
norm_asym,col_norm,4,per_ckpt,352B,90,-0.3929,0.1858,-0.398,0.1828,layer_28
norm_asym,col_norm,4,per_ckpt,384B,90,-0.1113,0.6813,-0.0707,0.7792,layer_28
norm_asym,col_norm,4,per_ckpt,415B,90,-0.1195,0.6324,-0.1245,0.6224,layer_28
norm_asym,col_norm,4,per_ckpt,447B,90,0.3456,0.2018,0.3063,0.2887,layer_28
norm_asym,col_norm,4,per_ckpt,478B,90,-0.3131,0.2567,-0.276,0.3287,layer_28
norm_asym,col_norm,4,per_ckpt,510B,90,-0.1773,0.5644,-0.1485,0.6394,layer_28
norm_asym,col_norm,4,per_ckpt,541B,90,-0.0483,0.8432,-0.0193,0.9451,layer_28
norm_asym,col_norm,4,per_ckpt,573B,90,-0.4317,0.1339,-0.442,0.1259,layer_28
norm_asym,col_norm,4,per_ckpt,main,90,-0.3678,0.1678,-0.3349,0.2158,layer_28
norm_asym,col_norm,8,per_ckpt,10B,90,-0.1341,0.5894,-0.1183,0.6424,layer_28
norm_asym,col_norm,8,per_ckpt,42B,90,-0.5819,0.034,-0.5881,0.031,layer_28
norm_asym,col_norm,8,per_ckpt,73B,90,-0.1803,0.5435,-0.2193,0.4715,layer_28
norm_asym,col_norm,8,per_ckpt,105B,90,-0.1683,0.5045,-0.1768,0.5015,layer_28
norm_asym,col_norm,8,per_ckpt,136B,90,-0.5166,0.0949,-0.5274,0.0919,layer_28
norm_asym,col_norm,8,per_ckpt,168B,90,-0.1856,0.4885,-0.159,0.5654,layer_28
norm_asym,col_norm,8,per_ckpt,199B,90,-0.5024,0.026,-0.4872,0.032,layer_28
norm_asym,col_norm,8,per_ckpt,231B,90,0.014,0.967,0.0482,0.8631,layer_28
norm_asym,col_norm,8,per_ckpt,262B,90,0.0048,0.992,0.0203,0.9391,layer_28
norm_asym,col_norm,8,per_ckpt,294B,90,-0.2401,0.4695,-0.2701,0.4436,layer_28
norm_asym,col_norm,8,per_ckpt,325B,90,0.0056,0.977,-0.0169,0.954,layer_28
norm_asym,col_norm,8,per_ckpt,352B,90,-0.2544,0.3556,-0.2316,0.4286,layer_28
norm_asym,col_norm,8,per_ckpt,384B,90,-0.0679,0.8072,-0.1226,0.6983,layer_28
norm_asym,col_norm,8,per_ckpt,415B,90,-0.3041,0.2348,-0.3157,0.2338,layer_28
norm_asym,col_norm,8,per_ckpt,447B,90,-0.2145,0.4745,-0.2179,0.4715,layer_28
norm_asym,col_norm,8,per_ckpt,478B,90,0.1118,0.7163,0.0736,0.8182,layer_28
norm_asym,col_norm,8,per_ckpt,510B,90,-0.3197,0.1029,-0.2819,0.1608,layer_28
norm_asym,col_norm,8,per_ckpt,541B,90,0.1319,0.6394,0.1382,0.6314,layer_28
norm_asym,col_norm,8,per_ckpt,573B,90,-0.2396,0.4406,-0.1594,0.6034,layer_28
norm_asym,col_norm,8,per_ckpt,main,90,-0.0012,0.996,-0.0179,0.953,layer_28
abs_diff,row_norm,4,pooled,,1800,0.0323,0.1707,0.0336,0.1545,layer_29
abs_diff,row_norm,8,pooled,,1800,0.0204,0.3875,0.0198,0.4013,layer_29
abs_diff,col_norm,4,pooled,,1800,0.022,0.3508,0.0241,0.3068,layer_29
abs_diff,col_norm,8,pooled,,1800,0.0217,0.3564,0.0126,0.5941,layer_29
signed_diff,row_norm,4,pooled,,1800,-0.0806,0.0006,-0.0671,0.0044,layer_29
signed_diff,row_norm,8,pooled,,1800,-0.0451,0.0555,-0.0576,0.0144,layer_29
signed_diff,col_norm,4,pooled,,1800,-0.0949,0.0001,-0.0828,0.0004,layer_29
signed_diff,col_norm,8,pooled,,1800,-0.1969,0.0,-0.1825,0.0,layer_29
min_rankme,row_norm,4,pooled,,1800,0.0586,0.013,0.06,0.0108,layer_29
min_rankme,row_norm,8,pooled,,1800,0.0581,0.0137,0.0489,0.038,layer_29
min_rankme,col_norm,4,pooled,,1800,0.0393,0.0958,0.045,0.0562,layer_29
min_rankme,col_norm,8,pooled,,1800,0.0549,0.0199,0.0391,0.0975,layer_29
norm_asym,row_norm,4,pooled,,1800,-0.1081,0.0,-0.1032,0.0,layer_29
norm_asym,row_norm,8,pooled,,1800,-0.0708,0.0026,-0.0883,0.0002,layer_29
norm_asym,col_norm,4,pooled,,1800,-0.1002,0.0,-0.0943,0.0001,layer_29
norm_asym,col_norm,8,pooled,,1800,-0.2163,0.0,-0.2122,0.0,layer_29
abs_diff,row_norm,4,per_ckpt,10B,90,-0.1027,0.2368,-0.1225,0.1968,layer_29
abs_diff,row_norm,4,per_ckpt,42B,90,0.0171,0.8871,-0.0092,0.9491,layer_29
abs_diff,row_norm,4,per_ckpt,73B,90,-0.2107,0.1449,-0.239,0.1538,layer_29
abs_diff,row_norm,4,per_ckpt,105B,90,0.1244,0.3357,0.1119,0.4186,layer_29
abs_diff,row_norm,4,per_ckpt,136B,90,0.1023,0.3536,0.1167,0.3846,layer_29
abs_diff,row_norm,4,per_ckpt,168B,90,-0.0156,0.8881,-0.0033,0.99,layer_29
abs_diff,row_norm,4,per_ckpt,199B,90,-0.0512,0.6823,0.0178,0.8871,layer_29
abs_diff,row_norm,4,per_ckpt,231B,90,0.0205,0.9171,0.0733,0.6823,layer_29
abs_diff,row_norm,4,per_ckpt,262B,90,-0.1186,0.4585,-0.1745,0.3057,layer_29
abs_diff,row_norm,4,per_ckpt,294B,90,0.182,0.1518,0.1685,0.1908,layer_29
abs_diff,row_norm,4,per_ckpt,325B,90,-0.0308,0.7832,-0.0241,0.8102,layer_29
abs_diff,row_norm,4,per_ckpt,352B,90,0.0551,0.5584,0.051,0.6134,layer_29
abs_diff,row_norm,4,per_ckpt,384B,90,0.0379,0.6873,0.0386,0.6753,layer_29
abs_diff,row_norm,4,per_ckpt,415B,90,0.0779,0.3646,0.0712,0.4446,layer_29
abs_diff,row_norm,4,per_ckpt,447B,90,-0.0676,0.4565,-0.0309,0.7512,layer_29
abs_diff,row_norm,4,per_ckpt,478B,90,0.0421,0.6863,0.0559,0.5624,layer_29
abs_diff,row_norm,4,per_ckpt,510B,90,0.006,0.958,0.0023,0.983,layer_29
abs_diff,row_norm,4,per_ckpt,541B,90,0.0589,0.4555,0.0816,0.2967,layer_29
abs_diff,row_norm,4,per_ckpt,573B,90,0.082,0.3676,0.0662,0.4755,layer_29
abs_diff,row_norm,4,per_ckpt,main,90,-0.0875,0.3736,-0.1091,0.3077,layer_29
abs_diff,row_norm,8,per_ckpt,10B,90,-0.0366,0.7163,-0.056,0.6054,layer_29
abs_diff,row_norm,8,per_ckpt,42B,90,0.2525,0.036,0.2326,0.0729,layer_29
abs_diff,row_norm,8,per_ckpt,73B,90,0.1459,0.2987,0.2396,0.1329,layer_29
abs_diff,row_norm,8,per_ckpt,105B,90,0.0355,0.7003,0.0254,0.7752,layer_29
abs_diff,row_norm,8,per_ckpt,136B,90,0.0894,0.5265,0.1233,0.4126,layer_29
abs_diff,row_norm,8,per_ckpt,168B,90,-0.2223,0.0989,-0.1911,0.1968,layer_29
abs_diff,row_norm,8,per_ckpt,199B,90,0.0645,0.6094,0.0647,0.6214,layer_29
abs_diff,row_norm,8,per_ckpt,231B,90,0.0445,0.8152,0.0874,0.7053,layer_29
abs_diff,row_norm,8,per_ckpt,262B,90,-0.1393,0.3297,-0.1903,0.1808,layer_29
abs_diff,row_norm,8,per_ckpt,294B,90,-0.0102,0.9041,0.0097,0.9221,layer_29
abs_diff,row_norm,8,per_ckpt,325B,90,-0.0151,0.8751,0.0341,0.7153,layer_29
abs_diff,row_norm,8,per_ckpt,352B,90,-0.004,0.967,-0.0217,0.8272,layer_29
abs_diff,row_norm,8,per_ckpt,384B,90,0.0346,0.7193,0.0073,0.9441,layer_29
abs_diff,row_norm,8,per_ckpt,415B,90,-0.0241,0.8022,-0.0426,0.6494,layer_29
abs_diff,row_norm,8,per_ckpt,447B,90,-0.0321,0.7363,-0.0473,0.6284,layer_29
abs_diff,row_norm,8,per_ckpt,478B,90,-0.0918,0.2817,-0.1005,0.2338,layer_29
abs_diff,row_norm,8,per_ckpt,510B,90,0.1729,0.0959,0.1539,0.1608,layer_29
abs_diff,row_norm,8,per_ckpt,541B,90,0.0972,0.3047,0.1013,0.3387,layer_29
abs_diff,row_norm,8,per_ckpt,573B,90,0.0719,0.4645,0.075,0.4675,layer_29
abs_diff,row_norm,8,per_ckpt,main,90,-0.1255,0.1528,-0.1824,0.0579,layer_29
abs_diff,col_norm,4,per_ckpt,10B,90,-0.0649,0.1828,-0.0771,0.1289,layer_29
abs_diff,col_norm,4,per_ckpt,42B,90,-0.0072,0.8881,-0.0069,0.9081,layer_29
abs_diff,col_norm,4,per_ckpt,73B,90,-0.1393,0.1349,-0.1579,0.1608,layer_29
abs_diff,col_norm,4,per_ckpt,105B,90,0.0415,0.6024,0.0712,0.4226,layer_29
abs_diff,col_norm,4,per_ckpt,136B,90,0.1465,0.1578,0.1011,0.3736,layer_29
abs_diff,col_norm,4,per_ckpt,168B,90,-0.0159,0.8691,-0.002,0.989,layer_29
abs_diff,col_norm,4,per_ckpt,199B,90,-0.0178,0.8302,0.0085,0.9201,layer_29
abs_diff,col_norm,4,per_ckpt,231B,90,0.0235,0.7353,0.0317,0.6843,layer_29
abs_diff,col_norm,4,per_ckpt,262B,90,-0.1211,0.3996,-0.1634,0.2947,layer_29
abs_diff,col_norm,4,per_ckpt,294B,90,0.1343,0.1489,0.1292,0.2008,layer_29
abs_diff,col_norm,4,per_ckpt,325B,90,-0.0226,0.7642,-0.0134,0.8711,layer_29
abs_diff,col_norm,4,per_ckpt,352B,90,0.0459,0.5005,0.0415,0.5435,layer_29
abs_diff,col_norm,4,per_ckpt,384B,90,0.0384,0.6454,0.0307,0.7003,layer_29
abs_diff,col_norm,4,per_ckpt,415B,90,0.0841,0.3407,0.0682,0.4436,layer_29
abs_diff,col_norm,4,per_ckpt,447B,90,-0.0495,0.5135,-0.0292,0.6953,layer_29
abs_diff,col_norm,4,per_ckpt,478B,90,0.0391,0.6553,0.049,0.5634,layer_29
abs_diff,col_norm,4,per_ckpt,510B,90,-0.0277,0.6873,0.0008,0.989,layer_29
abs_diff,col_norm,4,per_ckpt,541B,90,0.083,0.2757,0.082,0.3107,layer_29
abs_diff,col_norm,4,per_ckpt,573B,90,0.028,0.6284,0.0546,0.4016,layer_29
abs_diff,col_norm,4,per_ckpt,main,90,-0.0399,0.5165,-0.0689,0.3107,layer_29
abs_diff,col_norm,8,per_ckpt,10B,90,-0.0125,0.8821,-0.0426,0.6274,layer_29
abs_diff,col_norm,8,per_ckpt,42B,90,0.1405,0.0579,0.1495,0.0799,layer_29
abs_diff,col_norm,8,per_ckpt,73B,90,0.1316,0.2627,0.1922,0.1399,layer_29
abs_diff,col_norm,8,per_ckpt,105B,90,0.0775,0.4246,0.0306,0.7652,layer_29
abs_diff,col_norm,8,per_ckpt,136B,90,0.0614,0.3616,0.0507,0.4645,layer_29
abs_diff,col_norm,8,per_ckpt,168B,90,-0.1096,0.1998,-0.1201,0.2018,layer_29
abs_diff,col_norm,8,per_ckpt,199B,90,0.035,0.7942,0.0599,0.6344,layer_29
abs_diff,col_norm,8,per_ckpt,231B,90,0.0472,0.7383,0.0641,0.7463,layer_29
abs_diff,col_norm,8,per_ckpt,262B,90,-0.1104,0.3027,-0.1544,0.1888,layer_29
abs_diff,col_norm,8,per_ckpt,294B,90,-0.0254,0.5924,0.0013,0.982,layer_29
abs_diff,col_norm,8,per_ckpt,325B,90,0.0533,0.4685,0.0256,0.7443,layer_29
abs_diff,col_norm,8,per_ckpt,352B,90,0.0051,0.9491,-0.0213,0.7832,layer_29
abs_diff,col_norm,8,per_ckpt,384B,90,0.0203,0.7732,0.0087,0.9001,layer_29
abs_diff,col_norm,8,per_ckpt,415B,90,-0.0143,0.8581,-0.0322,0.6743,layer_29
abs_diff,col_norm,8,per_ckpt,447B,90,0.0023,0.963,-0.0325,0.6643,layer_29
abs_diff,col_norm,8,per_ckpt,478B,90,-0.0499,0.4735,-0.0812,0.2747,layer_29
abs_diff,col_norm,8,per_ckpt,510B,90,0.1971,0.0539,0.1515,0.1528,layer_29
abs_diff,col_norm,8,per_ckpt,541B,90,0.1034,0.1349,0.0642,0.4086,layer_29
abs_diff,col_norm,8,per_ckpt,573B,90,0.0176,0.7752,0.0354,0.5435,layer_29
abs_diff,col_norm,8,per_ckpt,main,90,-0.1154,0.0839,-0.1368,0.0589,layer_29
signed_diff,row_norm,4,per_ckpt,10B,90,0.0689,0.7562,0.0766,0.7143,layer_29
signed_diff,row_norm,4,per_ckpt,42B,90,-0.0252,0.8551,0.0112,0.9431,layer_29
signed_diff,row_norm,4,per_ckpt,73B,90,-0.3322,0.1319,-0.3801,0.0789,layer_29
signed_diff,row_norm,4,per_ckpt,105B,90,-0.1968,0.4226,-0.1808,0.4765,layer_29
signed_diff,row_norm,4,per_ckpt,136B,90,-0.063,0.8092,-0.0645,0.8022,layer_29
signed_diff,row_norm,4,per_ckpt,168B,90,-0.0712,0.7522,-0.0546,0.8232,layer_29
signed_diff,row_norm,4,per_ckpt,199B,90,-0.0503,0.8282,0.011,0.96,layer_29
signed_diff,row_norm,4,per_ckpt,231B,90,-0.298,0.1269,-0.2673,0.2038,layer_29
signed_diff,row_norm,4,per_ckpt,262B,90,-0.2649,0.1878,-0.1772,0.3936,layer_29
signed_diff,row_norm,4,per_ckpt,294B,90,-0.0578,0.8112,-0.0126,0.958,layer_29
signed_diff,row_norm,4,per_ckpt,325B,90,-0.0044,0.985,0.0315,0.9041,layer_29
signed_diff,row_norm,4,per_ckpt,352B,90,-0.1345,0.5365,-0.1503,0.5225,layer_29
signed_diff,row_norm,4,per_ckpt,384B,90,0.1283,0.6004,0.1207,0.6314,layer_29
signed_diff,row_norm,4,per_ckpt,415B,90,-0.1509,0.5115,-0.1599,0.4865,layer_29
signed_diff,row_norm,4,per_ckpt,447B,90,-0.3389,0.1389,-0.3298,0.1518,layer_29
signed_diff,row_norm,4,per_ckpt,478B,90,-0.1224,0.6224,-0.1256,0.6044,layer_29
signed_diff,row_norm,4,per_ckpt,510B,90,0.1378,0.1508,0.0759,0.3996,layer_29
signed_diff,row_norm,4,per_ckpt,541B,90,0.13,0.5934,0.0758,0.7682,layer_29
signed_diff,row_norm,4,per_ckpt,573B,90,-0.2724,0.3107,-0.311,0.2597,layer_29
signed_diff,row_norm,4,per_ckpt,main,90,0.1403,0.3766,0.1239,0.4186,layer_29
signed_diff,row_norm,8,per_ckpt,10B,90,-0.1029,0.5734,-0.1381,0.4865,layer_29
signed_diff,row_norm,8,per_ckpt,42B,90,-0.0199,0.8991,0.0073,0.955,layer_29
signed_diff,row_norm,8,per_ckpt,73B,90,0.0344,0.8881,0.1011,0.6853,layer_29
signed_diff,row_norm,8,per_ckpt,105B,90,-0.1434,0.6094,-0.1884,0.5235,layer_29
signed_diff,row_norm,8,per_ckpt,136B,90,0.3408,0.0659,0.3545,0.0609,layer_29
signed_diff,row_norm,8,per_ckpt,168B,90,-0.1417,0.2967,-0.1505,0.2787,layer_29
signed_diff,row_norm,8,per_ckpt,199B,90,-0.0737,0.7642,-0.0641,0.7972,layer_29
signed_diff,row_norm,8,per_ckpt,231B,90,-0.1594,0.4525,-0.1164,0.6004,layer_29
signed_diff,row_norm,8,per_ckpt,262B,90,0.1294,0.5375,0.0613,0.8102,layer_29
signed_diff,row_norm,8,per_ckpt,294B,90,0.1459,0.4496,0.1433,0.4705,layer_29
signed_diff,row_norm,8,per_ckpt,325B,90,-0.113,0.6633,-0.1764,0.5005,layer_29
signed_diff,row_norm,8,per_ckpt,352B,90,-0.2225,0.3487,-0.2253,0.3457,layer_29
signed_diff,row_norm,8,per_ckpt,384B,90,-0.1785,0.4306,-0.1665,0.4246,layer_29
signed_diff,row_norm,8,per_ckpt,415B,90,-0.2951,0.1748,-0.3062,0.1858,layer_29
signed_diff,row_norm,8,per_ckpt,447B,90,0.04,0.8731,0.0389,0.8501,layer_29
signed_diff,row_norm,8,per_ckpt,478B,90,-0.1882,0.4665,-0.1934,0.4346,layer_29
signed_diff,row_norm,8,per_ckpt,510B,90,0.1922,0.3047,0.1304,0.4755,layer_29
signed_diff,row_norm,8,per_ckpt,541B,90,-0.1017,0.6484,-0.1373,0.5455,layer_29
signed_diff,row_norm,8,per_ckpt,573B,90,0.135,0.5544,0.0938,0.7043,layer_29
signed_diff,row_norm,8,per_ckpt,main,90,0.0276,0.8861,0.0148,0.9411,layer_29
signed_diff,col_norm,4,per_ckpt,10B,90,0.0564,0.8442,0.0559,0.8531,layer_29
signed_diff,col_norm,4,per_ckpt,42B,90,-0.0723,0.8382,-0.0379,0.9271,layer_29
signed_diff,col_norm,4,per_ckpt,73B,90,0.1623,0.5914,0.2123,0.4935,layer_29
signed_diff,col_norm,4,per_ckpt,105B,90,0.1455,0.6354,0.1453,0.6494,layer_29
signed_diff,col_norm,4,per_ckpt,136B,90,-0.3868,0.1159,-0.3561,0.1718,layer_29
signed_diff,col_norm,4,per_ckpt,168B,90,0.035,0.9041,0.0761,0.8062,layer_29
signed_diff,col_norm,4,per_ckpt,199B,90,0.3697,0.1868,0.3582,0.2168,layer_29
signed_diff,col_norm,4,per_ckpt,231B,90,0.246,0.4545,0.2511,0.4525,layer_29
signed_diff,col_norm,4,per_ckpt,262B,90,-0.1453,0.5255,-0.1035,0.6264,layer_29
signed_diff,col_norm,4,per_ckpt,294B,90,-0.2625,0.3407,-0.2789,0.3177,layer_29
signed_diff,col_norm,4,per_ckpt,325B,90,-0.3028,0.2897,-0.3532,0.2298,layer_29
signed_diff,col_norm,4,per_ckpt,352B,90,-0.3285,0.2777,-0.3618,0.2298,layer_29
signed_diff,col_norm,4,per_ckpt,384B,90,-0.0349,0.9141,-0.0562,0.8591,layer_29
signed_diff,col_norm,4,per_ckpt,415B,90,-0.067,0.8212,-0.1062,0.7193,layer_29
signed_diff,col_norm,4,per_ckpt,447B,90,0.1479,0.6114,0.1441,0.6424,layer_29
signed_diff,col_norm,4,per_ckpt,478B,90,-0.2498,0.3886,-0.2566,0.3706,layer_29
signed_diff,col_norm,4,per_ckpt,510B,90,-0.3761,0.2098,-0.385,0.2018,layer_29
signed_diff,col_norm,4,per_ckpt,541B,90,-0.1835,0.4985,-0.1826,0.5075,layer_29
signed_diff,col_norm,4,per_ckpt,573B,90,-0.3402,0.2757,-0.3512,0.2587,layer_29
signed_diff,col_norm,4,per_ckpt,main,90,-0.3233,0.2747,-0.3531,0.2328,layer_29
signed_diff,col_norm,8,per_ckpt,10B,90,-0.1314,0.6224,-0.1172,0.6643,layer_29
signed_diff,col_norm,8,per_ckpt,42B,90,-0.4811,0.0789,-0.4246,0.1229,layer_29
signed_diff,col_norm,8,per_ckpt,73B,90,-0.2757,0.3197,-0.3002,0.3007,layer_29
signed_diff,col_norm,8,per_ckpt,105B,90,-0.0759,0.7702,-0.0858,0.7453,layer_29
signed_diff,col_norm,8,per_ckpt,136B,90,-0.4773,0.1099,-0.4525,0.1349,layer_29
signed_diff,col_norm,8,per_ckpt,168B,90,-0.1604,0.5624,-0.1441,0.5954,layer_29
signed_diff,col_norm,8,per_ckpt,199B,90,-0.2317,0.3586,-0.201,0.4476,layer_29
signed_diff,col_norm,8,per_ckpt,231B,90,-0.1679,0.5485,-0.1674,0.5574,layer_29
signed_diff,col_norm,8,per_ckpt,262B,90,0.3003,0.2707,0.3434,0.2098,layer_29
signed_diff,col_norm,8,per_ckpt,294B,90,-0.3373,0.3187,-0.364,0.2977,layer_29
signed_diff,col_norm,8,per_ckpt,325B,90,-0.2231,0.4376,-0.2264,0.4565,layer_29
signed_diff,col_norm,8,per_ckpt,352B,90,-0.1943,0.4795,-0.1514,0.5894,layer_29
signed_diff,col_norm,8,per_ckpt,384B,90,-0.1199,0.6953,-0.1979,0.5115,layer_29
signed_diff,col_norm,8,per_ckpt,415B,90,-0.4088,0.1149,-0.427,0.1069,layer_29
signed_diff,col_norm,8,per_ckpt,447B,90,-0.4059,0.1668,-0.3924,0.1768,layer_29
signed_diff,col_norm,8,per_ckpt,478B,90,0.3568,0.2008,0.3423,0.2058,layer_29
signed_diff,col_norm,8,per_ckpt,510B,90,-0.3874,0.04,-0.3678,0.0529,layer_29
signed_diff,col_norm,8,per_ckpt,541B,90,0.0441,0.8721,0.0325,0.9021,layer_29
signed_diff,col_norm,8,per_ckpt,573B,90,-0.4,0.1888,-0.3382,0.3057,layer_29
signed_diff,col_norm,8,per_ckpt,main,90,-0.206,0.4815,-0.1939,0.5155,layer_29
min_rankme,row_norm,4,per_ckpt,10B,90,0.1932,0.2098,0.1646,0.2498,layer_29
min_rankme,row_norm,4,per_ckpt,42B,90,0.109,0.4945,0.1462,0.3516,layer_29
min_rankme,row_norm,4,per_ckpt,73B,90,-0.2378,0.1858,-0.2285,0.1499,layer_29
min_rankme,row_norm,4,per_ckpt,105B,90,-0.1327,0.4515,-0.0288,0.8781,layer_29
min_rankme,row_norm,4,per_ckpt,136B,90,-0.0448,0.7692,-0.0773,0.5764,layer_29
min_rankme,row_norm,4,per_ckpt,168B,90,-0.0628,0.7263,-0.0652,0.6623,layer_29
min_rankme,row_norm,4,per_ckpt,199B,90,-0.1408,0.3996,-0.1726,0.2478,layer_29
min_rankme,row_norm,4,per_ckpt,231B,90,0.01,0.965,-0.0575,0.7013,layer_29
min_rankme,row_norm,4,per_ckpt,262B,90,0.0281,0.8691,-0.0814,0.6374,layer_29
min_rankme,row_norm,4,per_ckpt,294B,90,-0.1477,0.4486,-0.1027,0.5225,layer_29
min_rankme,row_norm,4,per_ckpt,325B,90,0.0716,0.7383,0.157,0.3586,layer_29
min_rankme,row_norm,4,per_ckpt,352B,90,-0.0902,0.5884,-0.1519,0.3067,layer_29
min_rankme,row_norm,4,per_ckpt,384B,90,0.1186,0.3516,0.1292,0.2757,layer_29
min_rankme,row_norm,4,per_ckpt,415B,90,-0.0603,0.6913,-0.0439,0.7942,layer_29
min_rankme,row_norm,4,per_ckpt,447B,90,-0.1939,0.2338,-0.2677,0.0769,layer_29
min_rankme,row_norm,4,per_ckpt,478B,90,-0.0279,0.8581,-0.0763,0.5914,layer_29
min_rankme,row_norm,4,per_ckpt,510B,90,0.1392,0.4685,-0.0066,0.97,layer_29
min_rankme,row_norm,4,per_ckpt,541B,90,0.0972,0.4266,0.114,0.2897,layer_29
min_rankme,row_norm,4,per_ckpt,573B,90,-0.2,0.1229,-0.162,0.2278,layer_29
min_rankme,row_norm,4,per_ckpt,main,90,0.0426,0.7742,0.0006,0.998,layer_29
min_rankme,row_norm,8,per_ckpt,10B,90,-0.266,0.1788,-0.1808,0.3157,layer_29
min_rankme,row_norm,8,per_ckpt,42B,90,0.3386,0.025,0.3045,0.049,layer_29
min_rankme,row_norm,8,per_ckpt,73B,90,-0.0218,0.9041,0.0943,0.5844,layer_29
min_rankme,row_norm,8,per_ckpt,105B,90,-0.1898,0.0949,-0.2312,0.003,layer_29
min_rankme,row_norm,8,per_ckpt,136B,90,0.2394,0.1479,0.2871,0.0539,layer_29
min_rankme,row_norm,8,per_ckpt,168B,90,-0.1937,0.2777,-0.2411,0.1419,layer_29
min_rankme,row_norm,8,per_ckpt,199B,90,-0.0066,0.974,-0.0288,0.8152,layer_29
min_rankme,row_norm,8,per_ckpt,231B,90,0.0231,0.9111,0.0505,0.7642,layer_29
min_rankme,row_norm,8,per_ckpt,262B,90,0.0156,0.9341,-0.0355,0.7832,layer_29
min_rankme,row_norm,8,per_ckpt,294B,90,-0.0899,0.4925,-0.114,0.4106,layer_29
min_rankme,row_norm,8,per_ckpt,325B,90,0.0783,0.4885,0.0808,0.4306,layer_29
min_rankme,row_norm,8,per_ckpt,352B,90,-0.1073,0.4525,-0.1366,0.3067,layer_29
min_rankme,row_norm,8,per_ckpt,384B,90,-0.028,0.8601,0.001,1.0,layer_29
min_rankme,row_norm,8,per_ckpt,415B,90,-0.0724,0.6653,0.0294,0.8302,layer_29
min_rankme,row_norm,8,per_ckpt,447B,90,0.126,0.2647,0.0847,0.4865,layer_29
min_rankme,row_norm,8,per_ckpt,478B,90,-0.011,0.9351,-0.0094,0.9381,layer_29
min_rankme,row_norm,8,per_ckpt,510B,90,-0.001,0.994,-0.005,0.985,layer_29
min_rankme,row_norm,8,per_ckpt,541B,90,-0.014,0.9461,0.0232,0.8881,layer_29
min_rankme,row_norm,8,per_ckpt,573B,90,0.0647,0.7113,0.0927,0.5485,layer_29
min_rankme,row_norm,8,per_ckpt,main,90,0.2021,0.0679,0.1964,0.0979,layer_29
min_rankme,col_norm,4,per_ckpt,10B,90,0.0906,0.2108,0.1028,0.2008,layer_29
min_rankme,col_norm,4,per_ckpt,42B,90,0.0553,0.3666,0.0613,0.3427,layer_29
min_rankme,col_norm,4,per_ckpt,73B,90,-0.145,0.2238,-0.1505,0.1638,layer_29
min_rankme,col_norm,4,per_ckpt,105B,90,-0.0731,0.5175,-0.0195,0.8711,layer_29
min_rankme,col_norm,4,per_ckpt,136B,90,0.0026,0.981,-0.0703,0.5475,layer_29
min_rankme,col_norm,4,per_ckpt,168B,90,-0.01,0.9291,-0.0364,0.7133,layer_29
min_rankme,col_norm,4,per_ckpt,199B,90,-0.0969,0.3317,-0.1151,0.2468,layer_29
min_rankme,col_norm,4,per_ckpt,231B,90,0.0148,0.8501,-0.0295,0.7093,layer_29
min_rankme,col_norm,4,per_ckpt,262B,90,-0.0293,0.8651,-0.0829,0.5864,layer_29
min_rankme,col_norm,4,per_ckpt,294B,90,-0.0805,0.5854,-0.08,0.5275,layer_29
min_rankme,col_norm,4,per_ckpt,325B,90,0.0371,0.7812,0.1074,0.3866,layer_29
min_rankme,col_norm,4,per_ckpt,352B,90,-0.0833,0.4995,-0.1027,0.3137,layer_29
min_rankme,col_norm,4,per_ckpt,384B,90,0.1045,0.3147,0.1209,0.2478,layer_29
min_rankme,col_norm,4,per_ckpt,415B,90,-0.0375,0.7952,-0.0401,0.8022,layer_29
min_rankme,col_norm,4,per_ckpt,447B,90,-0.1462,0.2757,-0.2034,0.0779,layer_29
min_rankme,col_norm,4,per_ckpt,478B,90,-0.0336,0.8092,-0.0709,0.5804,layer_29
min_rankme,col_norm,4,per_ckpt,510B,90,0.1039,0.3806,-0.0064,0.95,layer_29
min_rankme,col_norm,4,per_ckpt,541B,90,0.1186,0.3107,0.1296,0.2318,layer_29
min_rankme,col_norm,4,per_ckpt,573B,90,-0.0977,0.2607,-0.1206,0.1898,layer_29
min_rankme,col_norm,4,per_ckpt,main,90,-0.0173,0.8521,-0.0054,0.951,layer_29
min_rankme,col_norm,8,per_ckpt,10B,90,-0.1899,0.2128,-0.1484,0.3047,layer_29
min_rankme,col_norm,8,per_ckpt,42B,90,0.2213,0.009,0.1915,0.0549,layer_29
min_rankme,col_norm,8,per_ckpt,73B,90,0.0081,0.962,0.0802,0.5774,layer_29
min_rankme,col_norm,8,per_ckpt,105B,90,-0.2519,0.021,-0.258,0.003,layer_29
min_rankme,col_norm,8,per_ckpt,136B,90,0.1237,0.1129,0.1218,0.0679,layer_29
min_rankme,col_norm,8,per_ckpt,168B,90,-0.1204,0.2887,-0.1538,0.1349,layer_29
min_rankme,col_norm,8,per_ckpt,199B,90,0.0318,0.8342,-0.023,0.8432,layer_29
min_rankme,col_norm,8,per_ckpt,231B,90,0.0633,0.6893,0.0395,0.7782,layer_29
min_rankme,col_norm,8,per_ckpt,262B,90,0.0416,0.7542,-0.0335,0.7622,layer_29
min_rankme,col_norm,8,per_ckpt,294B,90,-0.0347,0.6084,-0.0438,0.4715,layer_29
min_rankme,col_norm,8,per_ckpt,325B,90,0.0264,0.7972,0.0804,0.3227,layer_29
min_rankme,col_norm,8,per_ckpt,352B,90,-0.0896,0.4226,-0.1024,0.3437,layer_29
min_rankme,col_norm,8,per_ckpt,384B,90,-0.0282,0.7852,0.0068,0.96,layer_29
min_rankme,col_norm,8,per_ckpt,415B,90,-0.0104,0.9201,0.0167,0.8811,layer_29
min_rankme,col_norm,8,per_ckpt,447B,90,0.0606,0.4286,0.0671,0.4615,layer_29
min_rankme,col_norm,8,per_ckpt,478B,90,-0.0325,0.7632,-0.0093,0.9221,layer_29
min_rankme,col_norm,8,per_ckpt,510B,90,-0.0048,0.977,-0.001,0.996,layer_29
min_rankme,col_norm,8,per_ckpt,541B,90,0.0214,0.8571,0.0356,0.7582,layer_29
min_rankme,col_norm,8,per_ckpt,573B,90,0.0492,0.5485,0.0781,0.3586,layer_29
min_rankme,col_norm,8,per_ckpt,main,90,0.186,0.031,0.1513,0.0949,layer_29
norm_asym,row_norm,4,per_ckpt,10B,90,0.1312,0.5355,0.1315,0.5255,layer_29
norm_asym,row_norm,4,per_ckpt,42B,90,-0.0148,0.9191,0.0168,0.9121,layer_29
norm_asym,row_norm,4,per_ckpt,73B,90,-0.3356,0.1319,-0.3798,0.0829,layer_29
norm_asym,row_norm,4,per_ckpt,105B,90,-0.2267,0.3506,-0.2215,0.3626,layer_29
norm_asym,row_norm,4,per_ckpt,136B,90,-0.1444,0.5664,-0.1353,0.5894,layer_29
norm_asym,row_norm,4,per_ckpt,168B,90,-0.1219,0.5804,-0.0946,0.6563,layer_29
norm_asym,row_norm,4,per_ckpt,199B,90,-0.101,0.6503,-0.0855,0.6873,layer_29
norm_asym,row_norm,4,per_ckpt,231B,90,-0.2937,0.1369,-0.2799,0.1868,layer_29
norm_asym,row_norm,4,per_ckpt,262B,90,-0.1876,0.3656,-0.0864,0.7193,layer_29
norm_asym,row_norm,4,per_ckpt,294B,90,-0.0504,0.8322,-0.0293,0.9041,layer_29
norm_asym,row_norm,4,per_ckpt,325B,90,-0.0102,0.957,0.0321,0.8981,layer_29
norm_asym,row_norm,4,per_ckpt,352B,90,-0.1417,0.5165,-0.1754,0.4665,layer_29
norm_asym,row_norm,4,per_ckpt,384B,90,0.0899,0.7023,0.0745,0.7473,layer_29
norm_asym,row_norm,4,per_ckpt,415B,90,-0.1677,0.4775,-0.1906,0.4196,layer_29
norm_asym,row_norm,4,per_ckpt,447B,90,-0.3129,0.1698,-0.3122,0.1788,layer_29
norm_asym,row_norm,4,per_ckpt,478B,90,-0.1547,0.5425,-0.1655,0.5165,layer_29
norm_asym,row_norm,4,per_ckpt,510B,90,0.1505,0.1049,0.083,0.3407,layer_29
norm_asym,row_norm,4,per_ckpt,541B,90,0.0585,0.8192,0.0079,0.977,layer_29
norm_asym,row_norm,4,per_ckpt,573B,90,-0.354,0.1628,-0.4015,0.1119,layer_29
norm_asym,row_norm,4,per_ckpt,main,90,0.1094,0.4965,0.0885,0.5594,layer_29
norm_asym,row_norm,8,per_ckpt,10B,90,-0.0848,0.6454,-0.111,0.5824,layer_29
norm_asym,row_norm,8,per_ckpt,42B,90,-0.0764,0.6394,-0.0508,0.7642,layer_29
norm_asym,row_norm,8,per_ckpt,73B,90,-0.032,0.8911,-0.0261,0.9181,layer_29
norm_asym,row_norm,8,per_ckpt,105B,90,-0.234,0.4106,-0.2971,0.3367,layer_29
norm_asym,row_norm,8,per_ckpt,136B,90,0.3097,0.1039,0.2936,0.1449,layer_29
norm_asym,row_norm,8,per_ckpt,168B,90,-0.1573,0.2388,-0.1436,0.2977,layer_29
norm_asym,row_norm,8,per_ckpt,199B,90,-0.1027,0.6763,-0.105,0.6873,layer_29
norm_asym,row_norm,8,per_ckpt,231B,90,-0.1936,0.3586,-0.1861,0.3876,layer_29
norm_asym,row_norm,8,per_ckpt,262B,90,0.1696,0.4316,0.1135,0.5754,layer_29
norm_asym,row_norm,8,per_ckpt,294B,90,0.1314,0.4765,0.1322,0.4985,layer_29
norm_asym,row_norm,8,per_ckpt,325B,90,-0.1409,0.6014,-0.2197,0.4026,layer_29
norm_asym,row_norm,8,per_ckpt,352B,90,-0.2371,0.3037,-0.242,0.2987,layer_29
norm_asym,row_norm,8,per_ckpt,384B,90,-0.1995,0.3616,-0.1915,0.3686,layer_29
norm_asym,row_norm,8,per_ckpt,415B,90,-0.3347,0.1199,-0.3538,0.1119,layer_29
norm_asym,row_norm,8,per_ckpt,447B,90,0.0371,0.8591,0.0212,0.9111,layer_29
norm_asym,row_norm,8,per_ckpt,478B,90,-0.1914,0.4515,-0.2051,0.4086,layer_29
norm_asym,row_norm,8,per_ckpt,510B,90,0.1812,0.3317,0.1064,0.5624,layer_29
norm_asym,row_norm,8,per_ckpt,541B,90,-0.1687,0.4426,-0.201,0.3976,layer_29
norm_asym,row_norm,8,per_ckpt,573B,90,0.0747,0.7483,0.0214,0.9311,layer_29
norm_asym,row_norm,8,per_ckpt,main,90,0.0156,0.9451,0.0207,0.9251,layer_29
norm_asym,col_norm,4,per_ckpt,10B,90,0.045,0.8871,0.0463,0.8971,layer_29
norm_asym,col_norm,4,per_ckpt,42B,90,-0.0519,0.8831,-0.0277,0.9421,layer_29
norm_asym,col_norm,4,per_ckpt,73B,90,0.1395,0.6394,0.1672,0.5864,layer_29
norm_asym,col_norm,4,per_ckpt,105B,90,0.1661,0.5744,0.1266,0.6723,layer_29
norm_asym,col_norm,4,per_ckpt,136B,90,-0.454,0.0809,-0.4576,0.0789,layer_29
norm_asym,col_norm,4,per_ckpt,168B,90,-0.0407,0.8911,-0.0537,0.8501,layer_29
norm_asym,col_norm,4,per_ckpt,199B,90,0.3836,0.1768,0.3972,0.1678,layer_29
norm_asym,col_norm,4,per_ckpt,231B,90,0.3148,0.3417,0.327,0.3457,layer_29
norm_asym,col_norm,4,per_ckpt,262B,90,-0.2259,0.3586,-0.2298,0.3586,layer_29
norm_asym,col_norm,4,per_ckpt,294B,90,-0.3308,0.2338,-0.3519,0.2138,layer_29
norm_asym,col_norm,4,per_ckpt,325B,90,-0.3625,0.2058,-0.4119,0.1568,layer_29
norm_asym,col_norm,4,per_ckpt,352B,90,-0.3046,0.3067,-0.3188,0.2947,layer_29
norm_asym,col_norm,4,per_ckpt,384B,90,-0.0639,0.8142,-0.0851,0.7592,layer_29
norm_asym,col_norm,4,per_ckpt,415B,90,-0.0075,0.978,-0.041,0.8761,layer_29
norm_asym,col_norm,4,per_ckpt,447B,90,0.1266,0.6753,0.1298,0.6753,layer_29
norm_asym,col_norm,4,per_ckpt,478B,90,-0.2885,0.3107,-0.3202,0.2607,layer_29
norm_asym,col_norm,4,per_ckpt,510B,90,-0.418,0.1508,-0.4397,0.1259,layer_29
norm_asym,col_norm,4,per_ckpt,541B,90,-0.2105,0.4316,-0.198,0.4785,layer_29
norm_asym,col_norm,4,per_ckpt,573B,90,-0.359,0.2557,-0.3795,0.2298,layer_29
norm_asym,col_norm,4,per_ckpt,main,90,-0.3977,0.1708,-0.4307,0.1389,layer_29
norm_asym,col_norm,8,per_ckpt,10B,90,-0.1155,0.6503,-0.0959,0.7163,layer_29
norm_asym,col_norm,8,per_ckpt,42B,90,-0.5512,0.048,-0.4991,0.0629,layer_29
norm_asym,col_norm,8,per_ckpt,73B,90,-0.2582,0.3696,-0.2785,0.3427,layer_29
norm_asym,col_norm,8,per_ckpt,105B,90,-0.0676,0.7952,-0.0557,0.8551,layer_29
norm_asym,col_norm,8,per_ckpt,136B,90,-0.5198,0.0899,-0.515,0.0969,layer_29
norm_asym,col_norm,8,per_ckpt,168B,90,-0.1652,0.5574,-0.1691,0.5514,layer_29
norm_asym,col_norm,8,per_ckpt,199B,90,-0.3229,0.1998,-0.3207,0.2048,layer_29
norm_asym,col_norm,8,per_ckpt,231B,90,-0.1557,0.5724,-0.1381,0.6064,layer_29
norm_asym,col_norm,8,per_ckpt,262B,90,0.3358,0.2128,0.3728,0.1668,layer_29
norm_asym,col_norm,8,per_ckpt,294B,90,-0.4143,0.2048,-0.4244,0.2088,layer_29
norm_asym,col_norm,8,per_ckpt,325B,90,-0.2219,0.4316,-0.2222,0.4555,layer_29
norm_asym,col_norm,8,per_ckpt,352B,90,-0.2667,0.3417,-0.2374,0.3966,layer_29
norm_asym,col_norm,8,per_ckpt,384B,90,-0.1131,0.6973,-0.193,0.5165,layer_29
norm_asym,col_norm,8,per_ckpt,415B,90,-0.4647,0.0649,-0.503,0.047,layer_29
norm_asym,col_norm,8,per_ckpt,447B,90,-0.4386,0.1239,-0.4254,0.1349,layer_29
norm_asym,col_norm,8,per_ckpt,478B,90,0.3625,0.1758,0.3489,0.1928,layer_29
norm_asym,col_norm,8,per_ckpt,510B,90,-0.3663,0.049,-0.3524,0.0689,layer_29
norm_asym,col_norm,8,per_ckpt,541B,90,0.0209,0.9311,0.0249,0.9191,layer_29
norm_asym,col_norm,8,per_ckpt,573B,90,-0.3443,0.2607,-0.2729,0.4166,layer_29
norm_asym,col_norm,8,per_ckpt,main,90,-0.2536,0.3736,-0.2339,0.4306,layer_29
