predictor,normalization,k,scope,checkpoint,n,spearman_r,spearman_p,pearson_r,pearson_p,layer_collapse,ckpt_collapse
abs_diff,accuracy_majority,0,pooled,,3240,0.0839,0.0,0.0662,0.0002,average_rankme,none
abs_diff,overall_score,0,pooled,,3240,0.0267,0.1282,0.0324,0.0651,average_rankme,none
abs_diff,transfer_score,0,pooled,,3240,-0.0114,0.517,0.0091,0.6041,average_rankme,none
abs_diff,transfer_score_str,0,pooled,,3240,-0.2556,0.0,-0.2892,0.0,average_rankme,none
abs_diff,overall_score_str,0,pooled,,3240,-0.196,0.0,-0.235,0.0,average_rankme,none
abs_diff,transfer_margin_str,0,pooled,,3240,-0.1953,0.0,-0.1628,0.0,average_rankme,none
abs_diff,overall_margin_str,0,pooled,,3240,-0.2525,0.0,-0.3068,0.0,average_rankme,none
signed_diff,accuracy_majority,0,pooled,,3240,-0.1824,0.0,-0.154,0.0,average_rankme,none
signed_diff,overall_score,0,pooled,,3240,0.014,0.426,0.0698,0.0001,average_rankme,none
signed_diff,transfer_score,0,pooled,,3240,0.0037,0.8312,0.0586,0.0009,average_rankme,none
signed_diff,transfer_score_str,0,pooled,,3240,0.0182,0.3009,0.0063,0.7212,average_rankme,none
signed_diff,overall_score_str,0,pooled,,3240,0.0942,0.0,0.0065,0.7122,average_rankme,none
signed_diff,transfer_margin_str,0,pooled,,3240,0.3538,0.0,0.3075,0.0,average_rankme,none
signed_diff,overall_margin_str,0,pooled,,3240,0.3251,0.0,0.3603,0.0,average_rankme,none
min_rankme,accuracy_majority,0,pooled,,3240,-0.0891,0.0,-0.0967,0.0,average_rankme,none
min_rankme,overall_score,0,pooled,,3240,0.0388,0.0272,0.0078,0.658,average_rankme,none
min_rankme,transfer_score,0,pooled,,3240,0.0507,0.0039,0.0069,0.6948,average_rankme,none
min_rankme,transfer_score_str,0,pooled,,3240,0.2839,0.0,0.2847,0.0,average_rankme,none
min_rankme,overall_score_str,0,pooled,,3240,0.2661,0.0,0.232,0.0,average_rankme,none
min_rankme,transfer_margin_str,0,pooled,,3240,0.3057,0.0,0.2718,0.0,average_rankme,none
min_rankme,overall_margin_str,0,pooled,,3240,0.4243,0.0,0.4359,0.0,average_rankme,none
norm_asym,accuracy_majority,0,pooled,,3240,-0.2041,0.0,-0.1903,0.0,average_rankme,none
norm_asym,overall_score,0,pooled,,3240,0.0047,0.7881,0.0489,0.0054,average_rankme,none
norm_asym,transfer_score,0,pooled,,3240,-0.0023,0.8979,0.0339,0.0538,average_rankme,none
norm_asym,transfer_score_str,0,pooled,,3240,0.0022,0.9008,-0.0098,0.5785,average_rankme,none
norm_asym,overall_score_str,0,pooled,,3240,0.1009,0.0,0.0193,0.271,average_rankme,none
norm_asym,transfer_margin_str,0,pooled,,3240,0.3535,0.0,0.3024,0.0,average_rankme,none
norm_asym,overall_margin_str,0,pooled,,3240,0.3285,0.0,0.3576,0.0,average_rankme,none
abs_diff,accuracy_majority,0,per_ckpt,step50000-tokens210B,72,0.0829,0.4925,0.0816,0.4875,average_rankme,none
abs_diff,accuracy_majority,0,per_ckpt,step100000-tokens420B,72,0.1204,0.3417,0.1151,0.3487,average_rankme,none
abs_diff,accuracy_majority,0,per_ckpt,step150000-tokens630B,72,0.1161,0.3487,0.0988,0.4076,average_rankme,none
abs_diff,accuracy_majority,0,per_ckpt,step200000-tokens840B,72,0.1128,0.3596,0.1006,0.4006,average_rankme,none
abs_diff,accuracy_majority,0,per_ckpt,step250000-tokens1050B,72,0.1023,0.4006,0.0888,0.4655,average_rankme,none
abs_diff,accuracy_majority,0,per_ckpt,step300000-tokens1260B,72,0.1025,0.3936,0.08,0.5025,average_rankme,none
abs_diff,accuracy_majority,0,per_ckpt,step350000-tokens1470B,72,0.1062,0.3776,0.0881,0.4605,average_rankme,none
abs_diff,accuracy_majority,0,per_ckpt,step400000-tokens1680B,72,0.0964,0.4166,0.0779,0.5035,average_rankme,none
abs_diff,accuracy_majority,0,per_ckpt,step450000-tokens1890B,72,0.0947,0.4246,0.0769,0.5135,average_rankme,none
abs_diff,accuracy_majority,0,per_ckpt,step500000-tokens2100B,72,0.0956,0.4086,0.073,0.5275,average_rankme,none
abs_diff,accuracy_majority,0,per_ckpt,step550000-tokens2310B,72,0.0845,0.4605,0.0678,0.5524,average_rankme,none
abs_diff,accuracy_majority,0,per_ckpt,step600000-tokens2520B,72,0.0698,0.5534,0.0639,0.5844,average_rankme,none
abs_diff,accuracy_majority,0,per_ckpt,step650000-tokens2730B,72,0.0719,0.5435,0.0574,0.6274,average_rankme,none
abs_diff,accuracy_majority,0,per_ckpt,step700000-tokens2940B,72,0.0523,0.6593,0.0553,0.6354,average_rankme,none
abs_diff,accuracy_majority,0,per_ckpt,step750000-tokens3150B,72,0.0722,0.5295,0.0586,0.6154,average_rankme,none
abs_diff,accuracy_majority,0,per_ckpt,step800000-tokens3360B,72,0.0508,0.6713,0.0514,0.6683,average_rankme,none
abs_diff,accuracy_majority,0,per_ckpt,step850000-tokens3570B,72,0.0828,0.4755,0.061,0.6004,average_rankme,none
abs_diff,accuracy_majority,0,per_ckpt,step900000-tokens3780B,72,0.0923,0.4276,0.0683,0.5604,average_rankme,none
abs_diff,accuracy_majority,0,per_ckpt,step950000-tokens3990B,72,0.0925,0.4436,0.0682,0.5544,average_rankme,none
abs_diff,accuracy_majority,0,per_ckpt,step1000000-tokens4200B,72,0.0906,0.4476,0.0666,0.5654,average_rankme,none
abs_diff,accuracy_majority,0,per_ckpt,step1194000-tokens5014B,72,0.0842,0.4735,0.0622,0.5934,average_rankme,none
abs_diff,accuracy_majority,0,per_ckpt,step1432000-tokens6014B,72,0.0898,0.4505,0.0641,0.5814,average_rankme,none
abs_diff,accuracy_majority,0,per_ckpt,step1670000-tokens7014B,72,0.1311,0.3137,0.1183,0.3477,average_rankme,none
abs_diff,accuracy_majority,0,per_ckpt,step1678000-tokens7047B,72,0.0941,0.4316,0.0747,0.5275,average_rankme,none
abs_diff,accuracy_majority,0,per_ckpt,step1700000-tokens7232B,72,0.0953,0.4296,0.0781,0.5115,average_rankme,none
abs_diff,accuracy_majority,0,per_ckpt,step1750000-tokens7652B,72,0.1064,0.3856,0.0881,0.4615,average_rankme,none
abs_diff,accuracy_majority,0,per_ckpt,step1800000-tokens8072B,72,0.1033,0.3986,0.076,0.5275,average_rankme,none
abs_diff,accuracy_majority,0,per_ckpt,step1850000-tokens8492B,72,0.0825,0.4995,0.07,0.5514,average_rankme,none
abs_diff,accuracy_majority,0,per_ckpt,step1900000-tokens8912B,72,0.0577,0.6314,0.0583,0.6144,average_rankme,none
abs_diff,accuracy_majority,0,per_ckpt,step1950000-tokens9332B,72,0.05,0.6933,0.0566,0.6404,average_rankme,none
abs_diff,accuracy_majority,0,per_ckpt,step2000000-tokens9752B,72,0.0868,0.4655,0.071,0.5465,average_rankme,none
abs_diff,accuracy_majority,0,per_ckpt,step2050000-tokens10172B,72,0.0922,0.4416,0.0675,0.5704,average_rankme,none
abs_diff,accuracy_majority,0,per_ckpt,step2100000-tokens10592B,72,0.0934,0.4416,0.0805,0.4975,average_rankme,none
abs_diff,accuracy_majority,0,per_ckpt,step2150000-tokens11012B,72,0.0776,0.5165,0.0704,0.5554,average_rankme,none
abs_diff,accuracy_majority,0,per_ckpt,step2200000-tokens11432B,72,0.0894,0.4505,0.0727,0.5385,average_rankme,none
abs_diff,accuracy_majority,0,per_ckpt,step2250000-tokens11852B,72,0.0714,0.5634,0.0644,0.5874,average_rankme,none
abs_diff,accuracy_majority,0,per_ckpt,step2300000-tokens12272B,72,0.0966,0.4256,0.072,0.5375,average_rankme,none
abs_diff,accuracy_majority,0,per_ckpt,step2350000-tokens12692B,72,0.1008,0.4096,0.0672,0.5704,average_rankme,none
abs_diff,accuracy_majority,0,per_ckpt,step2400000-tokens13112B,72,0.0937,0.4505,0.0687,0.5674,average_rankme,none
abs_diff,accuracy_majority,0,per_ckpt,step2450000-tokens13532B,72,0.0845,0.4855,0.0648,0.5674,average_rankme,none
abs_diff,accuracy_majority,0,per_ckpt,step2500000-tokens13952B,72,0.0713,0.5664,0.0581,0.6274,average_rankme,none
abs_diff,accuracy_majority,0,per_ckpt,step2550000-tokens14372B,72,0.0779,0.5335,0.0591,0.6194,average_rankme,none
abs_diff,accuracy_majority,0,per_ckpt,step2600000-tokens14792B,72,0.0781,0.5355,0.0588,0.6214,average_rankme,none
abs_diff,accuracy_majority,0,per_ckpt,step2627139-tokens15T,72,0.077,0.5385,0.0602,0.6154,average_rankme,none
abs_diff,accuracy_majority,0,per_ckpt,main,72,0.0706,0.5614,0.055,0.6484,average_rankme,none
abs_diff,overall_score,0,per_ckpt,step50000-tokens210B,72,0.0255,0.8462,0.0596,0.6623,average_rankme,none
abs_diff,overall_score,0,per_ckpt,step100000-tokens420B,72,0.075,0.6294,0.1046,0.5245,average_rankme,none
abs_diff,overall_score,0,per_ckpt,step150000-tokens630B,72,0.0609,0.6813,0.0685,0.6653,average_rankme,none
abs_diff,overall_score,0,per_ckpt,step200000-tokens840B,72,0.0651,0.6533,0.0797,0.6184,average_rankme,none
abs_diff,overall_score,0,per_ckpt,step250000-tokens1050B,72,0.0391,0.7782,0.0551,0.7243,average_rankme,none
abs_diff,overall_score,0,per_ckpt,step300000-tokens1260B,72,0.0363,0.7802,0.0471,0.7552,average_rankme,none
abs_diff,overall_score,0,per_ckpt,step350000-tokens1470B,72,0.0427,0.7502,0.0644,0.6603,average_rankme,none
abs_diff,overall_score,0,per_ckpt,step400000-tokens1680B,72,0.0364,0.7762,0.0468,0.7473,average_rankme,none
abs_diff,overall_score,0,per_ckpt,step450000-tokens1890B,72,0.0319,0.8002,0.0495,0.7363,average_rankme,none
abs_diff,overall_score,0,per_ckpt,step500000-tokens2100B,72,0.0419,0.7383,0.0527,0.7243,average_rankme,none
abs_diff,overall_score,0,per_ckpt,step550000-tokens2310B,72,0.0265,0.8242,0.0418,0.7772,average_rankme,none
abs_diff,overall_score,0,per_ckpt,step600000-tokens2520B,72,0.011,0.9291,0.0338,0.8222,average_rankme,none
abs_diff,overall_score,0,per_ckpt,step650000-tokens2730B,72,0.0134,0.9121,0.0236,0.8681,average_rankme,none
abs_diff,overall_score,0,per_ckpt,step700000-tokens2940B,72,-0.0141,0.9101,0.0155,0.9081,average_rankme,none
abs_diff,overall_score,0,per_ckpt,step750000-tokens3150B,72,-0.0109,0.9271,0.0106,0.9441,average_rankme,none
abs_diff,overall_score,0,per_ckpt,step800000-tokens3360B,72,-0.0199,0.8801,0.0171,0.9061,average_rankme,none
abs_diff,overall_score,0,per_ckpt,step850000-tokens3570B,72,0.0119,0.9201,0.0127,0.9291,average_rankme,none
abs_diff,overall_score,0,per_ckpt,step900000-tokens3780B,72,0.0301,0.7962,0.0341,0.8172,average_rankme,none
abs_diff,overall_score,0,per_ckpt,step950000-tokens3990B,72,0.0313,0.7962,0.0305,0.8312,average_rankme,none
abs_diff,overall_score,0,per_ckpt,step1000000-tokens4200B,72,0.0309,0.7972,0.0329,0.8212,average_rankme,none
abs_diff,overall_score,0,per_ckpt,step1194000-tokens5014B,72,0.0378,0.7752,0.0313,0.8242,average_rankme,none
abs_diff,overall_score,0,per_ckpt,step1432000-tokens6014B,72,0.0307,0.8092,0.0278,0.8402,average_rankme,none
abs_diff,overall_score,0,per_ckpt,step1670000-tokens7014B,72,0.0925,0.5744,0.0998,0.5604,average_rankme,none
abs_diff,overall_score,0,per_ckpt,step1678000-tokens7047B,72,0.0357,0.7692,0.0433,0.7712,average_rankme,none
abs_diff,overall_score,0,per_ckpt,step1700000-tokens7232B,72,0.0305,0.8022,0.0443,0.7662,average_rankme,none
abs_diff,overall_score,0,per_ckpt,step1750000-tokens7652B,72,0.0388,0.7742,0.0609,0.6873,average_rankme,none
abs_diff,overall_score,0,per_ckpt,step1800000-tokens8072B,72,0.032,0.8072,0.0334,0.8202,average_rankme,none
abs_diff,overall_score,0,per_ckpt,step1850000-tokens8492B,72,-0.0082,0.9421,0.0182,0.8981,average_rankme,none
abs_diff,overall_score,0,per_ckpt,step1900000-tokens8912B,72,-0.0278,0.8332,0.0128,0.9401,average_rankme,none
abs_diff,overall_score,0,per_ckpt,step1950000-tokens9332B,72,-0.0121,0.9371,0.0184,0.9251,average_rankme,none
abs_diff,overall_score,0,per_ckpt,step2000000-tokens9752B,72,0.0292,0.8112,0.0413,0.7862,average_rankme,none
abs_diff,overall_score,0,per_ckpt,step2050000-tokens10172B,72,0.0351,0.7752,0.0337,0.8222,average_rankme,none
abs_diff,overall_score,0,per_ckpt,step2100000-tokens10592B,72,0.0296,0.8222,0.0455,0.7702,average_rankme,none
abs_diff,overall_score,0,per_ckpt,step2150000-tokens11012B,72,-0.0011,0.993,0.026,0.8591,average_rankme,none
abs_diff,overall_score,0,per_ckpt,step2200000-tokens11432B,72,0.0329,0.7942,0.0396,0.7912,average_rankme,none
abs_diff,overall_score,0,per_ckpt,step2250000-tokens11852B,72,-0.0059,0.969,0.0168,0.9141,average_rankme,none
abs_diff,overall_score,0,per_ckpt,step2300000-tokens12272B,72,0.0216,0.8581,0.0202,0.8811,average_rankme,none
abs_diff,overall_score,0,per_ckpt,step2350000-tokens12692B,72,0.0271,0.8322,0.0188,0.8971,average_rankme,none
abs_diff,overall_score,0,per_ckpt,step2400000-tokens13112B,72,0.0283,0.8501,0.0254,0.8701,average_rankme,none
abs_diff,overall_score,0,per_ckpt,step2450000-tokens13532B,72,0.0193,0.8891,0.0351,0.8192,average_rankme,none
abs_diff,overall_score,0,per_ckpt,step2500000-tokens13952B,72,0.0105,0.9371,0.0252,0.8651,average_rankme,none
abs_diff,overall_score,0,per_ckpt,step2550000-tokens14372B,72,0.0205,0.8811,0.0222,0.8831,average_rankme,none
abs_diff,overall_score,0,per_ckpt,step2600000-tokens14792B,72,0.011,0.9301,0.0171,0.9021,average_rankme,none
abs_diff,overall_score,0,per_ckpt,step2627139-tokens15T,72,0.0163,0.9001,0.0228,0.8791,average_rankme,none
abs_diff,overall_score,0,per_ckpt,main,72,0.004,0.972,0.0064,0.967,average_rankme,none
abs_diff,transfer_score,0,per_ckpt,step50000-tokens210B,72,-0.0054,0.973,0.0368,0.8122,average_rankme,none
abs_diff,transfer_score,0,per_ckpt,step100000-tokens420B,72,0.0403,0.8092,0.0756,0.6324,average_rankme,none
abs_diff,transfer_score,0,per_ckpt,step150000-tokens630B,72,0.0272,0.8531,0.048,0.7542,average_rankme,none
abs_diff,transfer_score,0,per_ckpt,step200000-tokens840B,72,0.0382,0.8002,0.0546,0.7253,average_rankme,none
abs_diff,transfer_score,0,per_ckpt,step250000-tokens1050B,72,0.008,0.96,0.0342,0.8302,average_rankme,none
abs_diff,transfer_score,0,per_ckpt,step300000-tokens1260B,72,0.0042,0.977,0.0265,0.8661,average_rankme,none
abs_diff,transfer_score,0,per_ckpt,step350000-tokens1470B,72,0.0141,0.9351,0.0367,0.8162,average_rankme,none
abs_diff,transfer_score,0,per_ckpt,step400000-tokens1680B,72,0.0051,0.98,0.0191,0.9011,average_rankme,none
abs_diff,transfer_score,0,per_ckpt,step450000-tokens1890B,72,-0.0073,0.968,0.0239,0.8891,average_rankme,none
abs_diff,transfer_score,0,per_ckpt,step500000-tokens2100B,72,0.0066,0.973,0.0244,0.8771,average_rankme,none
abs_diff,transfer_score,0,per_ckpt,step550000-tokens2310B,72,-0.0152,0.9171,0.0147,0.9251,average_rankme,none
abs_diff,transfer_score,0,per_ckpt,step600000-tokens2520B,72,-0.0287,0.8651,0.008,0.964,average_rankme,none
abs_diff,transfer_score,0,per_ckpt,step650000-tokens2730B,72,-0.0282,0.8651,-0.0008,0.993,average_rankme,none
abs_diff,transfer_score,0,per_ckpt,step700000-tokens2940B,72,-0.061,0.7133,-0.0105,0.9461,average_rankme,none
abs_diff,transfer_score,0,per_ckpt,step750000-tokens3150B,72,-0.0599,0.7223,-0.0141,0.9301,average_rankme,none
abs_diff,transfer_score,0,per_ckpt,step800000-tokens3360B,72,-0.0676,0.6763,-0.0126,0.9331,average_rankme,none
abs_diff,transfer_score,0,per_ckpt,step850000-tokens3570B,72,-0.0338,0.8382,-0.0122,0.9381,average_rankme,none
abs_diff,transfer_score,0,per_ckpt,step900000-tokens3780B,72,-0.0118,0.9371,0.0063,0.965,average_rankme,none
abs_diff,transfer_score,0,per_ckpt,step950000-tokens3990B,72,-0.0113,0.9311,0.0018,0.989,average_rankme,none
abs_diff,transfer_score,0,per_ckpt,step1000000-tokens4200B,72,-0.0111,0.9461,0.0062,0.971,average_rankme,none
abs_diff,transfer_score,0,per_ckpt,step1194000-tokens5014B,72,-0.0044,0.98,0.0055,0.969,average_rankme,none
abs_diff,transfer_score,0,per_ckpt,step1432000-tokens6014B,72,-0.0097,0.952,0.0048,0.975,average_rankme,none
abs_diff,transfer_score,0,per_ckpt,step1670000-tokens7014B,72,0.0557,0.7493,0.0831,0.6124,average_rankme,none
abs_diff,transfer_score,0,per_ckpt,step1678000-tokens7047B,72,-0.0043,0.974,0.0171,0.9231,average_rankme,none
abs_diff,transfer_score,0,per_ckpt,step1700000-tokens7232B,72,-0.009,0.954,0.0158,0.9321,average_rankme,none
abs_diff,transfer_score,0,per_ckpt,step1750000-tokens7652B,72,0.0072,0.968,0.0371,0.8082,average_rankme,none
abs_diff,transfer_score,0,per_ckpt,step1800000-tokens8072B,72,-0.0064,0.97,0.0028,0.985,average_rankme,none
abs_diff,transfer_score,0,per_ckpt,step1850000-tokens8492B,72,-0.0497,0.7672,-0.0168,0.9121,average_rankme,none
abs_diff,transfer_score,0,per_ckpt,step1900000-tokens8912B,72,-0.0786,0.6414,-0.0242,0.8861,average_rankme,none
abs_diff,transfer_score,0,per_ckpt,step1950000-tokens9332B,72,-0.0587,0.7353,-0.0195,0.9191,average_rankme,none
abs_diff,transfer_score,0,per_ckpt,step2000000-tokens9752B,72,-0.0111,0.9461,0.0097,0.957,average_rankme,none
abs_diff,transfer_score,0,per_ckpt,step2050000-tokens10172B,72,-0.0037,0.985,0.0085,0.963,average_rankme,none
abs_diff,transfer_score,0,per_ckpt,step2100000-tokens10592B,72,-0.0078,0.968,0.0197,0.9091,average_rankme,none
abs_diff,transfer_score,0,per_ckpt,step2150000-tokens11012B,72,-0.046,0.7792,-0.0064,0.966,average_rankme,none
abs_diff,transfer_score,0,per_ckpt,step2200000-tokens11432B,72,-0.0044,0.98,0.0104,0.952,average_rankme,none
abs_diff,transfer_score,0,per_ckpt,step2250000-tokens11852B,72,-0.0506,0.7642,-0.0187,0.9111,average_rankme,none
abs_diff,transfer_score,0,per_ckpt,step2300000-tokens12272B,72,-0.0216,0.8961,-0.0022,0.995,average_rankme,none
abs_diff,transfer_score,0,per_ckpt,step2350000-tokens12692B,72,-0.0151,0.9291,0.002,0.991,average_rankme,none
abs_diff,transfer_score,0,per_ckpt,step2400000-tokens13112B,72,-0.0107,0.9441,0.0094,0.9431,average_rankme,none
abs_diff,transfer_score,0,per_ckpt,step2450000-tokens13532B,72,-0.0185,0.9181,0.0215,0.8901,average_rankme,none
abs_diff,transfer_score,0,per_ckpt,step2500000-tokens13952B,72,-0.026,0.8891,0.013,0.9411,average_rankme,none
abs_diff,transfer_score,0,per_ckpt,step2550000-tokens14372B,72,-0.0154,0.9321,0.0081,0.964,average_rankme,none
abs_diff,transfer_score,0,per_ckpt,step2600000-tokens14792B,72,-0.0215,0.9101,0.0049,0.984,average_rankme,none
abs_diff,transfer_score,0,per_ckpt,step2627139-tokens15T,72,-0.021,0.9051,0.0083,0.962,average_rankme,none
abs_diff,transfer_score,0,per_ckpt,main,72,-0.034,0.8521,-0.0034,0.981,average_rankme,none
abs_diff,transfer_score_str,0,per_ckpt,step50000-tokens210B,72,-0.26,0.1319,-0.2724,0.1079,average_rankme,none
abs_diff,transfer_score_str,0,per_ckpt,step100000-tokens420B,72,-0.2716,0.1369,-0.2891,0.1239,average_rankme,none
abs_diff,transfer_score_str,0,per_ckpt,step150000-tokens630B,72,-0.2684,0.1439,-0.3115,0.1009,average_rankme,none
abs_diff,transfer_score_str,0,per_ckpt,step200000-tokens840B,72,-0.2607,0.1518,-0.2997,0.1159,average_rankme,none
abs_diff,transfer_score_str,0,per_ckpt,step250000-tokens1050B,72,-0.2847,0.1199,-0.319,0.0919,average_rankme,none
abs_diff,transfer_score_str,0,per_ckpt,step300000-tokens1260B,72,-0.2704,0.1209,-0.3083,0.0889,average_rankme,none
abs_diff,transfer_score_str,0,per_ckpt,step350000-tokens1470B,72,-0.2575,0.1499,-0.2908,0.0959,average_rankme,none
abs_diff,transfer_score_str,0,per_ckpt,step400000-tokens1680B,72,-0.2629,0.1299,-0.296,0.0899,average_rankme,none
abs_diff,transfer_score_str,0,per_ckpt,step450000-tokens1890B,72,-0.2631,0.1269,-0.2939,0.0899,average_rankme,none
abs_diff,transfer_score_str,0,per_ckpt,step500000-tokens2100B,72,-0.2438,0.1479,-0.2826,0.0939,average_rankme,none
abs_diff,transfer_score_str,0,per_ckpt,step550000-tokens2310B,72,-0.2607,0.1079,-0.2899,0.0869,average_rankme,none
abs_diff,transfer_score_str,0,per_ckpt,step600000-tokens2520B,72,-0.2805,0.0939,-0.3018,0.0779,average_rankme,none
abs_diff,transfer_score_str,0,per_ckpt,step650000-tokens2730B,72,-0.279,0.1009,-0.305,0.0779,average_rankme,none
abs_diff,transfer_score_str,0,per_ckpt,step700000-tokens2940B,72,-0.2906,0.0819,-0.308,0.0769,average_rankme,none
abs_diff,transfer_score_str,0,per_ckpt,step750000-tokens3150B,72,-0.2871,0.1019,-0.312,0.0759,average_rankme,none
abs_diff,transfer_score_str,0,per_ckpt,step800000-tokens3360B,72,-0.2939,0.0779,-0.3022,0.0729,average_rankme,none
abs_diff,transfer_score_str,0,per_ckpt,step850000-tokens3570B,72,-0.2798,0.1089,-0.3177,0.0749,average_rankme,none
abs_diff,transfer_score_str,0,per_ckpt,step900000-tokens3780B,72,-0.2618,0.1219,-0.2999,0.0859,average_rankme,none
abs_diff,transfer_score_str,0,per_ckpt,step950000-tokens3990B,72,-0.2601,0.1399,-0.3032,0.0859,average_rankme,none
abs_diff,transfer_score_str,0,per_ckpt,step1000000-tokens4200B,72,-0.2672,0.1249,-0.3084,0.0809,average_rankme,none
abs_diff,transfer_score_str,0,per_ckpt,step1194000-tokens5014B,72,-0.249,0.1439,-0.3028,0.0859,average_rankme,none
abs_diff,transfer_score_str,0,per_ckpt,step1432000-tokens6014B,72,-0.2533,0.1469,-0.3053,0.0869,average_rankme,none
abs_diff,transfer_score_str,0,per_ckpt,step1670000-tokens7014B,72,-0.2455,0.2028,-0.2929,0.1349,average_rankme,none
abs_diff,transfer_score_str,0,per_ckpt,step1678000-tokens7047B,72,-0.2555,0.1389,-0.3018,0.0919,average_rankme,none
abs_diff,transfer_score_str,0,per_ckpt,step1700000-tokens7232B,72,-0.2641,0.1289,-0.3015,0.0909,average_rankme,none
abs_diff,transfer_score_str,0,per_ckpt,step1750000-tokens7652B,72,-0.2731,0.1269,-0.2993,0.0969,average_rankme,none
abs_diff,transfer_score_str,0,per_ckpt,step1800000-tokens8072B,72,-0.2771,0.1249,-0.314,0.0849,average_rankme,none
abs_diff,transfer_score_str,0,per_ckpt,step1850000-tokens8492B,72,-0.2999,0.0969,-0.3181,0.0839,average_rankme,none
abs_diff,transfer_score_str,0,per_ckpt,step1900000-tokens8912B,72,-0.3201,0.0739,-0.3215,0.0709,average_rankme,none
abs_diff,transfer_score_str,0,per_ckpt,step1950000-tokens9332B,72,-0.293,0.0889,-0.3303,0.0579,average_rankme,none
abs_diff,transfer_score_str,0,per_ckpt,step2000000-tokens9752B,72,-0.2773,0.1039,-0.3097,0.0759,average_rankme,none
abs_diff,transfer_score_str,0,per_ckpt,step2050000-tokens10172B,72,-0.2553,0.1419,-0.3068,0.0839,average_rankme,none
abs_diff,transfer_score_str,0,per_ckpt,step2100000-tokens10592B,72,-0.2981,0.0999,-0.3177,0.0849,average_rankme,none
abs_diff,transfer_score_str,0,per_ckpt,step2150000-tokens11012B,72,-0.2906,0.1009,-0.3214,0.0729,average_rankme,none
abs_diff,transfer_score_str,0,per_ckpt,step2200000-tokens11432B,72,-0.271,0.1159,-0.3113,0.0839,average_rankme,none
abs_diff,transfer_score_str,0,per_ckpt,step2250000-tokens11852B,72,-0.2931,0.1049,-0.3224,0.0719,average_rankme,none
abs_diff,transfer_score_str,0,per_ckpt,step2300000-tokens12272B,72,-0.2732,0.1249,-0.3179,0.0799,average_rankme,none
abs_diff,transfer_score_str,0,per_ckpt,step2350000-tokens12692B,72,-0.2733,0.1369,-0.3196,0.0809,average_rankme,none
abs_diff,transfer_score_str,0,per_ckpt,step2400000-tokens13112B,72,-0.2726,0.1389,-0.3187,0.0849,average_rankme,none
abs_diff,transfer_score_str,0,per_ckpt,step2450000-tokens13532B,72,-0.2635,0.1339,-0.2917,0.0879,average_rankme,none
abs_diff,transfer_score_str,0,per_ckpt,step2500000-tokens13952B,72,-0.2748,0.1129,-0.3012,0.0839,average_rankme,none
abs_diff,transfer_score_str,0,per_ckpt,step2550000-tokens14372B,72,-0.2616,0.1399,-0.306,0.0809,average_rankme,none
abs_diff,transfer_score_str,0,per_ckpt,step2600000-tokens14792B,72,-0.2703,0.1269,-0.3128,0.0769,average_rankme,none
abs_diff,transfer_score_str,0,per_ckpt,step2627139-tokens15T,72,-0.277,0.1119,-0.3081,0.0789,average_rankme,none
abs_diff,transfer_score_str,0,per_ckpt,main,72,-0.2817,0.1029,-0.3186,0.0729,average_rankme,none
abs_diff,overall_score_str,0,per_ckpt,step50000-tokens210B,72,-0.2052,0.2338,-0.2176,0.2148,average_rankme,none
abs_diff,overall_score_str,0,per_ckpt,step100000-tokens420B,72,-0.2398,0.1948,-0.2476,0.1908,average_rankme,none
abs_diff,overall_score_str,0,per_ckpt,step150000-tokens630B,72,-0.2342,0.2038,-0.2644,0.1698,average_rankme,none
abs_diff,overall_score_str,0,per_ckpt,step200000-tokens840B,72,-0.2242,0.2218,-0.2501,0.1898,average_rankme,none
abs_diff,overall_score_str,0,per_ckpt,step250000-tokens1050B,72,-0.2393,0.1848,-0.2744,0.1548,average_rankme,none
abs_diff,overall_score_str,0,per_ckpt,step300000-tokens1260B,72,-0.2257,0.1948,-0.2604,0.1588,average_rankme,none
abs_diff,overall_score_str,0,per_ckpt,step350000-tokens1470B,72,-0.209,0.2388,-0.2333,0.2068,average_rankme,none
abs_diff,overall_score_str,0,per_ckpt,step400000-tokens1680B,72,-0.2106,0.2188,-0.2387,0.1868,average_rankme,none
abs_diff,overall_score_str,0,per_ckpt,step450000-tokens1890B,72,-0.2023,0.2448,-0.2366,0.1888,average_rankme,none
abs_diff,overall_score_str,0,per_ckpt,step500000-tokens2100B,72,-0.1842,0.2617,-0.2218,0.2058,average_rankme,none
abs_diff,overall_score_str,0,per_ckpt,step550000-tokens2310B,72,-0.1974,0.2198,-0.2297,0.1918,average_rankme,none
abs_diff,overall_score_str,0,per_ckpt,step600000-tokens2520B,72,-0.2216,0.1818,-0.2454,0.1718,average_rankme,none
abs_diff,overall_score_str,0,per_ckpt,step650000-tokens2730B,72,-0.217,0.1908,-0.2456,0.1738,average_rankme,none
abs_diff,overall_score_str,0,per_ckpt,step700000-tokens2940B,72,-0.2165,0.1878,-0.2449,0.1768,average_rankme,none
abs_diff,overall_score_str,0,per_ckpt,step750000-tokens3150B,72,-0.2135,0.2168,-0.247,0.1798,average_rankme,none
abs_diff,overall_score_str,0,per_ckpt,step800000-tokens3360B,72,-0.2135,0.1978,-0.2352,0.1868,average_rankme,none
abs_diff,overall_score_str,0,per_ckpt,step850000-tokens3570B,72,-0.2154,0.2168,-0.2542,0.1748,average_rankme,none
abs_diff,overall_score_str,0,per_ckpt,step900000-tokens3780B,72,-0.1981,0.2388,-0.2349,0.1918,average_rankme,none
abs_diff,overall_score_str,0,per_ckpt,step950000-tokens3990B,72,-0.1947,0.2667,-0.237,0.1988,average_rankme,none
abs_diff,overall_score_str,0,per_ckpt,step1000000-tokens4200B,72,-0.2051,0.2328,-0.2452,0.1878,average_rankme,none
abs_diff,overall_score_str,0,per_ckpt,step1194000-tokens5014B,72,-0.1889,0.2567,-0.2378,0.1948,average_rankme,none
abs_diff,overall_score_str,0,per_ckpt,step1432000-tokens6014B,72,-0.1913,0.2667,-0.2449,0.1858,average_rankme,none
abs_diff,overall_score_str,0,per_ckpt,step1670000-tokens7014B,72,-0.2267,0.2438,-0.2652,0.1828,average_rankme,none
abs_diff,overall_score_str,0,per_ckpt,step1678000-tokens7047B,72,-0.192,0.2647,-0.2391,0.1948,average_rankme,none
abs_diff,overall_score_str,0,per_ckpt,step1700000-tokens7232B,72,-0.203,0.2458,-0.2376,0.1978,average_rankme,none
abs_diff,overall_score_str,0,per_ckpt,step1750000-tokens7652B,72,-0.2228,0.2148,-0.2458,0.1868,average_rankme,none
abs_diff,overall_score_str,0,per_ckpt,step1800000-tokens8072B,72,-0.2187,0.2258,-0.2493,0.1908,average_rankme,none
abs_diff,overall_score_str,0,per_ckpt,step1850000-tokens8492B,72,-0.2257,0.2178,-0.2456,0.1958,average_rankme,none
abs_diff,overall_score_str,0,per_ckpt,step1900000-tokens8912B,72,-0.2329,0.1908,-0.2446,0.1888,average_rankme,none
abs_diff,overall_score_str,0,per_ckpt,step1950000-tokens9332B,72,-0.2115,0.2248,-0.2594,0.1648,average_rankme,none
abs_diff,overall_score_str,0,per_ckpt,step2000000-tokens9752B,72,-0.2137,0.2058,-0.2464,0.1838,average_rankme,none
abs_diff,overall_score_str,0,per_ckpt,step2050000-tokens10172B,72,-0.1949,0.2597,-0.2463,0.1858,average_rankme,none
abs_diff,overall_score_str,0,per_ckpt,step2100000-tokens10592B,72,-0.2431,0.1738,-0.2636,0.1608,average_rankme,none
abs_diff,overall_score_str,0,per_ckpt,step2150000-tokens11012B,72,-0.2174,0.2198,-0.2568,0.1738,average_rankme,none
abs_diff,overall_score_str,0,per_ckpt,step2200000-tokens11432B,72,-0.2128,0.2138,-0.249,0.1898,average_rankme,none
abs_diff,overall_score_str,0,per_ckpt,step2250000-tokens11852B,72,-0.2157,0.2368,-0.2485,0.1878,average_rankme,none
abs_diff,overall_score_str,0,per_ckpt,step2300000-tokens12272B,72,-0.2109,0.2418,-0.2574,0.1718,average_rankme,none
abs_diff,overall_score_str,0,per_ckpt,step2350000-tokens12692B,72,-0.2154,0.2448,-0.2665,0.1628,average_rankme,none
abs_diff,overall_score_str,0,per_ckpt,step2400000-tokens13112B,72,-0.2187,0.2378,-0.2668,0.1618,average_rankme,none
abs_diff,overall_score_str,0,per_ckpt,step2450000-tokens13532B,72,-0.2095,0.2238,-0.2485,0.1588,average_rankme,none
abs_diff,overall_score_str,0,per_ckpt,step2500000-tokens13952B,72,-0.2202,0.2098,-0.2619,0.1469,average_rankme,none
abs_diff,overall_score_str,0,per_ckpt,step2550000-tokens14372B,72,-0.2081,0.2338,-0.2619,0.1518,average_rankme,none
abs_diff,overall_score_str,0,per_ckpt,step2600000-tokens14792B,72,-0.2186,0.2188,-0.2719,0.1399,average_rankme,none
abs_diff,overall_score_str,0,per_ckpt,step2627139-tokens15T,72,-0.2223,0.2078,-0.2671,0.1419,average_rankme,none
abs_diff,overall_score_str,0,per_ckpt,main,72,-0.2288,0.1848,-0.2796,0.1289,average_rankme,none
abs_diff,transfer_margin_str,0,per_ckpt,step50000-tokens210B,72,-0.1969,0.1848,-0.1593,0.3157,average_rankme,none
abs_diff,transfer_margin_str,0,per_ckpt,step100000-tokens420B,72,-0.1929,0.2198,-0.1505,0.3906,average_rankme,none
abs_diff,transfer_margin_str,0,per_ckpt,step150000-tokens630B,72,-0.1981,0.2038,-0.1573,0.3936,average_rankme,none
abs_diff,transfer_margin_str,0,per_ckpt,step200000-tokens840B,72,-0.2109,0.1608,-0.1656,0.3477,average_rankme,none
abs_diff,transfer_margin_str,0,per_ckpt,step250000-tokens1050B,72,-0.2066,0.1738,-0.1699,0.3417,average_rankme,none
abs_diff,transfer_margin_str,0,per_ckpt,step300000-tokens1260B,72,-0.1864,0.2198,-0.1582,0.3606,average_rankme,none
abs_diff,transfer_margin_str,0,per_ckpt,step350000-tokens1470B,72,-0.2028,0.1698,-0.1703,0.2947,average_rankme,none
abs_diff,transfer_margin_str,0,per_ckpt,step400000-tokens1680B,72,-0.2005,0.1638,-0.1738,0.2877,average_rankme,none
abs_diff,transfer_margin_str,0,per_ckpt,step450000-tokens1890B,72,-0.2026,0.1668,-0.1625,0.3177,average_rankme,none
abs_diff,transfer_margin_str,0,per_ckpt,step500000-tokens2100B,72,-0.1745,0.2238,-0.1541,0.3317,average_rankme,none
abs_diff,transfer_margin_str,0,per_ckpt,step550000-tokens2310B,72,-0.1723,0.2198,-0.1508,0.3497,average_rankme,none
abs_diff,transfer_margin_str,0,per_ckpt,step600000-tokens2520B,72,-0.1868,0.2058,-0.1618,0.3307,average_rankme,none
abs_diff,transfer_margin_str,0,per_ckpt,step650000-tokens2730B,72,-0.1866,0.2018,-0.1642,0.3297,average_rankme,none
abs_diff,transfer_margin_str,0,per_ckpt,step700000-tokens2940B,72,-0.2027,0.1648,-0.1731,0.3057,average_rankme,none
abs_diff,transfer_margin_str,0,per_ckpt,step750000-tokens3150B,72,-0.2155,0.1479,-0.1824,0.2777,average_rankme,none
abs_diff,transfer_margin_str,0,per_ckpt,step800000-tokens3360B,72,-0.2108,0.1489,-0.1752,0.2907,average_rankme,none
abs_diff,transfer_margin_str,0,per_ckpt,step850000-tokens3570B,72,-0.2038,0.1668,-0.1818,0.2867,average_rankme,none
abs_diff,transfer_margin_str,0,per_ckpt,step900000-tokens3780B,72,-0.188,0.1888,-0.163,0.3207,average_rankme,none
abs_diff,transfer_margin_str,0,per_ckpt,step950000-tokens3990B,72,-0.2194,0.1359,-0.1883,0.2567,average_rankme,none
abs_diff,transfer_margin_str,0,per_ckpt,step1000000-tokens4200B,72,-0.1977,0.1768,-0.1672,0.3267,average_rankme,none
abs_diff,transfer_margin_str,0,per_ckpt,step1194000-tokens5014B,72,-0.1886,0.1978,-0.1594,0.3487,average_rankme,none
abs_diff,transfer_margin_str,0,per_ckpt,step1432000-tokens6014B,72,-0.2044,0.1678,-0.1741,0.3017,average_rankme,none
abs_diff,transfer_margin_str,0,per_ckpt,step1670000-tokens7014B,72,-0.1888,0.2428,-0.1307,0.4665,average_rankme,none
abs_diff,transfer_margin_str,0,per_ckpt,step1678000-tokens7047B,72,-0.2102,0.1508,-0.1654,0.3287,average_rankme,none
abs_diff,transfer_margin_str,0,per_ckpt,step1700000-tokens7232B,72,-0.2086,0.1588,-0.1749,0.2867,average_rankme,none
abs_diff,transfer_margin_str,0,per_ckpt,step1750000-tokens7652B,72,-0.2001,0.1868,-0.16,0.3427,average_rankme,none
abs_diff,transfer_margin_str,0,per_ckpt,step1800000-tokens8072B,72,-0.2276,0.1389,-0.205,0.2258,average_rankme,none
abs_diff,transfer_margin_str,0,per_ckpt,step1850000-tokens8492B,72,-0.2649,0.0769,-0.2283,0.1758,average_rankme,none
abs_diff,transfer_margin_str,0,per_ckpt,step1900000-tokens8912B,72,-0.258,0.0869,-0.2148,0.1978,average_rankme,none
abs_diff,transfer_margin_str,0,per_ckpt,step1950000-tokens9332B,72,-0.2409,0.0979,-0.2109,0.2138,average_rankme,none
abs_diff,transfer_margin_str,0,per_ckpt,step2000000-tokens9752B,72,-0.1989,0.1718,-0.1743,0.2957,average_rankme,none
abs_diff,transfer_margin_str,0,per_ckpt,step2050000-tokens10172B,72,-0.2087,0.1538,-0.1794,0.2887,average_rankme,none
abs_diff,transfer_margin_str,0,per_ckpt,step2100000-tokens10592B,72,-0.214,0.1628,-0.1761,0.3057,average_rankme,none
abs_diff,transfer_margin_str,0,per_ckpt,step2150000-tokens11012B,72,-0.2403,0.1139,-0.2114,0.2128,average_rankme,none
abs_diff,transfer_margin_str,0,per_ckpt,step2200000-tokens11432B,72,-0.1973,0.1768,-0.1797,0.2907,average_rankme,none
abs_diff,transfer_margin_str,0,per_ckpt,step2250000-tokens11852B,72,-0.2605,0.0779,-0.2198,0.1908,average_rankme,none
abs_diff,transfer_margin_str,0,per_ckpt,step2300000-tokens12272B,72,-0.2098,0.1648,-0.1867,0.2757,average_rankme,none
abs_diff,transfer_margin_str,0,per_ckpt,step2350000-tokens12692B,72,-0.218,0.1618,-0.1731,0.3187,average_rankme,none
abs_diff,transfer_margin_str,0,per_ckpt,step2400000-tokens13112B,72,-0.2066,0.1948,-0.1647,0.3487,average_rankme,none
abs_diff,transfer_margin_str,0,per_ckpt,step2450000-tokens13532B,72,-0.1842,0.2238,-0.1335,0.4256,average_rankme,none
abs_diff,transfer_margin_str,0,per_ckpt,step2500000-tokens13952B,72,-0.1839,0.2358,-0.1411,0.4086,average_rankme,none
abs_diff,transfer_margin_str,0,per_ckpt,step2550000-tokens14372B,72,-0.1983,0.1978,-0.1559,0.3666,average_rankme,none
abs_diff,transfer_margin_str,0,per_ckpt,step2600000-tokens14792B,72,-0.1858,0.2328,-0.1582,0.3656,average_rankme,none
abs_diff,transfer_margin_str,0,per_ckpt,step2627139-tokens15T,72,-0.1916,0.2198,-0.1585,0.3576,average_rankme,none
abs_diff,transfer_margin_str,0,per_ckpt,main,72,-0.185,0.2288,-0.1521,0.3826,average_rankme,none
abs_diff,overall_margin_str,0,per_ckpt,step50000-tokens210B,72,-0.2557,0.1239,-0.3041,0.0619,average_rankme,none
abs_diff,overall_margin_str,0,per_ckpt,step100000-tokens420B,72,-0.2839,0.1039,-0.3237,0.0779,average_rankme,none
abs_diff,overall_margin_str,0,per_ckpt,step150000-tokens630B,72,-0.2821,0.0969,-0.3351,0.0769,average_rankme,none
abs_diff,overall_margin_str,0,per_ckpt,step200000-tokens840B,72,-0.2752,0.1029,-0.3309,0.0779,average_rankme,none
abs_diff,overall_margin_str,0,per_ckpt,step250000-tokens1050B,72,-0.2905,0.0889,-0.3515,0.0639,average_rankme,none
abs_diff,overall_margin_str,0,per_ckpt,step300000-tokens1260B,72,-0.2727,0.0999,-0.328,0.0709,average_rankme,none
abs_diff,overall_margin_str,0,per_ckpt,step350000-tokens1470B,72,-0.2605,0.1209,-0.3207,0.0679,average_rankme,none
abs_diff,overall_margin_str,0,per_ckpt,step400000-tokens1680B,72,-0.2667,0.0949,-0.3217,0.0709,average_rankme,none
abs_diff,overall_margin_str,0,per_ckpt,step450000-tokens1890B,72,-0.262,0.1109,-0.3103,0.0749,average_rankme,none
abs_diff,overall_margin_str,0,per_ckpt,step500000-tokens2100B,72,-0.2277,0.1489,-0.2902,0.0789,average_rankme,none
abs_diff,overall_margin_str,0,per_ckpt,step550000-tokens2310B,72,-0.2383,0.1289,-0.2903,0.0789,average_rankme,none
abs_diff,overall_margin_str,0,per_ckpt,step600000-tokens2520B,72,-0.2719,0.0879,-0.3114,0.0739,average_rankme,none
abs_diff,overall_margin_str,0,per_ckpt,step650000-tokens2730B,72,-0.2605,0.1109,-0.3086,0.0759,average_rankme,none
abs_diff,overall_margin_str,0,per_ckpt,step700000-tokens2940B,72,-0.2759,0.0879,-0.313,0.0769,average_rankme,none
abs_diff,overall_margin_str,0,per_ckpt,step750000-tokens3150B,72,-0.283,0.0879,-0.325,0.0689,average_rankme,none
abs_diff,overall_margin_str,0,per_ckpt,step800000-tokens3360B,72,-0.2759,0.0899,-0.3076,0.0729,average_rankme,none
abs_diff,overall_margin_str,0,per_ckpt,step850000-tokens3570B,72,-0.2745,0.0979,-0.3296,0.0699,average_rankme,none
abs_diff,overall_margin_str,0,per_ckpt,step900000-tokens3780B,72,-0.2484,0.1239,-0.302,0.0789,average_rankme,none
abs_diff,overall_margin_str,0,per_ckpt,step950000-tokens3990B,72,-0.2573,0.1229,-0.3243,0.0689,average_rankme,none
abs_diff,overall_margin_str,0,per_ckpt,step1000000-tokens4200B,72,-0.2565,0.1219,-0.3107,0.0799,average_rankme,none
abs_diff,overall_margin_str,0,per_ckpt,step1194000-tokens5014B,72,-0.2293,0.1728,-0.2951,0.0909,average_rankme,none
abs_diff,overall_margin_str,0,per_ckpt,step1432000-tokens6014B,72,-0.2461,0.1399,-0.319,0.0719,average_rankme,none
abs_diff,overall_margin_str,0,per_ckpt,step1670000-tokens7014B,72,-0.2719,0.1429,-0.3259,0.0849,average_rankme,none
abs_diff,overall_margin_str,0,per_ckpt,step1678000-tokens7047B,72,-0.2505,0.1279,-0.308,0.0809,average_rankme,none
abs_diff,overall_margin_str,0,per_ckpt,step1700000-tokens7232B,72,-0.2645,0.1069,-0.3187,0.0729,average_rankme,none
abs_diff,overall_margin_str,0,per_ckpt,step1750000-tokens7652B,72,-0.2718,0.1109,-0.3189,0.0769,average_rankme,none
abs_diff,overall_margin_str,0,per_ckpt,step1800000-tokens8072B,72,-0.2919,0.0879,-0.3531,0.0589,average_rankme,none
abs_diff,overall_margin_str,0,per_ckpt,step1850000-tokens8492B,72,-0.3235,0.0599,-0.3703,0.044,average_rankme,none
abs_diff,overall_margin_str,0,per_ckpt,step1900000-tokens8912B,72,-0.3164,0.0629,-0.3504,0.0519,average_rankme,none
abs_diff,overall_margin_str,0,per_ckpt,step1950000-tokens9332B,72,-0.2896,0.0749,-0.3576,0.0509,average_rankme,none
abs_diff,overall_margin_str,0,per_ckpt,step2000000-tokens9752B,72,-0.2648,0.1029,-0.3199,0.0729,average_rankme,none
abs_diff,overall_margin_str,0,per_ckpt,step2050000-tokens10172B,72,-0.255,0.1229,-0.3263,0.0719,average_rankme,none
abs_diff,overall_margin_str,0,per_ckpt,step2100000-tokens10592B,72,-0.2937,0.0859,-0.3422,0.0689,average_rankme,none
abs_diff,overall_margin_str,0,per_ckpt,step2150000-tokens11012B,72,-0.3065,0.0689,-0.3622,0.0549,average_rankme,none
abs_diff,overall_margin_str,0,per_ckpt,step2200000-tokens11432B,72,-0.2652,0.1009,-0.3272,0.0719,average_rankme,none
abs_diff,overall_margin_str,0,per_ckpt,step2250000-tokens11852B,72,-0.3078,0.0739,-0.3598,0.0509,average_rankme,none
abs_diff,overall_margin_str,0,per_ckpt,step2300000-tokens12272B,72,-0.2723,0.1069,-0.3434,0.0679,average_rankme,none
abs_diff,overall_margin_str,0,per_ckpt,step2350000-tokens12692B,72,-0.2815,0.1069,-0.3387,0.0689,average_rankme,none
abs_diff,overall_margin_str,0,per_ckpt,step2400000-tokens13112B,72,-0.2703,0.1369,-0.3326,0.0699,average_rankme,none
abs_diff,overall_margin_str,0,per_ckpt,step2450000-tokens13532B,72,-0.2573,0.1239,-0.2977,0.0779,average_rankme,none
abs_diff,overall_margin_str,0,per_ckpt,step2500000-tokens13952B,72,-0.2728,0.1049,-0.3132,0.0659,average_rankme,none
abs_diff,overall_margin_str,0,per_ckpt,step2550000-tokens14372B,72,-0.2636,0.1209,-0.3228,0.0639,average_rankme,none
abs_diff,overall_margin_str,0,per_ckpt,step2600000-tokens14792B,72,-0.2723,0.1139,-0.3329,0.0639,average_rankme,none
abs_diff,overall_margin_str,0,per_ckpt,step2627139-tokens15T,72,-0.277,0.1019,-0.3316,0.0619,average_rankme,none
abs_diff,overall_margin_str,0,per_ckpt,main,72,-0.2832,0.0899,-0.3343,0.0619,average_rankme,none
signed_diff,accuracy_majority,0,per_ckpt,step50000-tokens210B,72,-0.1706,0.4575,-0.1403,0.5445,average_rankme,none
signed_diff,accuracy_majority,0,per_ckpt,step100000-tokens420B,72,-0.1675,0.4595,-0.1433,0.5335,average_rankme,none
signed_diff,accuracy_majority,0,per_ckpt,step150000-tokens630B,72,-0.1825,0.4296,-0.1603,0.4865,average_rankme,none
signed_diff,accuracy_majority,0,per_ckpt,step200000-tokens840B,72,-0.1851,0.4216,-0.1607,0.4825,average_rankme,none
signed_diff,accuracy_majority,0,per_ckpt,step250000-tokens1050B,72,-0.1859,0.4156,-0.1526,0.5045,average_rankme,none
signed_diff,accuracy_majority,0,per_ckpt,step300000-tokens1260B,72,-0.1788,0.4356,-0.1557,0.4985,average_rankme,none
signed_diff,accuracy_majority,0,per_ckpt,step350000-tokens1470B,72,-0.1818,0.4276,-0.1505,0.5115,average_rankme,none
signed_diff,accuracy_majority,0,per_ckpt,step400000-tokens1680B,72,-0.1911,0.4076,-0.1627,0.4805,average_rankme,none
signed_diff,accuracy_majority,0,per_ckpt,step450000-tokens1890B,72,-0.1824,0.4296,-0.1563,0.5045,average_rankme,none
signed_diff,accuracy_majority,0,per_ckpt,step500000-tokens2100B,72,-0.177,0.4426,-0.1513,0.5235,average_rankme,none
signed_diff,accuracy_majority,0,per_ckpt,step550000-tokens2310B,72,-0.1793,0.4356,-0.1572,0.4995,average_rankme,none
signed_diff,accuracy_majority,0,per_ckpt,step600000-tokens2520B,72,-0.1729,0.4505,-0.1493,0.5245,average_rankme,none
signed_diff,accuracy_majority,0,per_ckpt,step650000-tokens2730B,72,-0.1795,0.4316,-0.1533,0.5105,average_rankme,none
signed_diff,accuracy_majority,0,per_ckpt,step700000-tokens2940B,72,-0.1823,0.4296,-0.1661,0.4865,average_rankme,none
signed_diff,accuracy_majority,0,per_ckpt,step750000-tokens3150B,72,-0.1947,0.3946,-0.1701,0.4675,average_rankme,none
signed_diff,accuracy_majority,0,per_ckpt,step800000-tokens3360B,72,-0.1837,0.4226,-0.1597,0.5015,average_rankme,none
signed_diff,accuracy_majority,0,per_ckpt,step850000-tokens3570B,72,-0.191,0.4136,-0.1688,0.4705,average_rankme,none
signed_diff,accuracy_majority,0,per_ckpt,step900000-tokens3780B,72,-0.1849,0.4226,-0.1654,0.4755,average_rankme,none
signed_diff,accuracy_majority,0,per_ckpt,step950000-tokens3990B,72,-0.1961,0.3916,-0.1681,0.4675,average_rankme,none
signed_diff,accuracy_majority,0,per_ckpt,step1000000-tokens4200B,72,-0.1876,0.4206,-0.1624,0.4815,average_rankme,none
signed_diff,accuracy_majority,0,per_ckpt,step1194000-tokens5014B,72,-0.1851,0.4196,-0.166,0.4745,average_rankme,none
signed_diff,accuracy_majority,0,per_ckpt,step1432000-tokens6014B,72,-0.1884,0.4106,-0.1622,0.4835,average_rankme,none
signed_diff,accuracy_majority,0,per_ckpt,step1670000-tokens7014B,72,-0.1594,0.4805,-0.1438,0.5255,average_rankme,none
signed_diff,accuracy_majority,0,per_ckpt,step1678000-tokens7047B,72,-0.1893,0.4066,-0.1684,0.4625,average_rankme,none
signed_diff,accuracy_majority,0,per_ckpt,step1700000-tokens7232B,72,-0.1877,0.4176,-0.1641,0.4725,average_rankme,none
signed_diff,accuracy_majority,0,per_ckpt,step1750000-tokens7652B,72,-0.1851,0.4206,-0.1597,0.4795,average_rankme,none
signed_diff,accuracy_majority,0,per_ckpt,step1800000-tokens8072B,72,-0.1886,0.4116,-0.161,0.4875,average_rankme,none
signed_diff,accuracy_majority,0,per_ckpt,step1850000-tokens8492B,72,-0.2024,0.3736,-0.1688,0.4695,average_rankme,none
signed_diff,accuracy_majority,0,per_ckpt,step1900000-tokens8912B,72,-0.1967,0.3836,-0.1627,0.4855,average_rankme,none
signed_diff,accuracy_majority,0,per_ckpt,step1950000-tokens9332B,72,-0.173,0.4525,-0.144,0.5385,average_rankme,none
signed_diff,accuracy_majority,0,per_ckpt,step2000000-tokens9752B,72,-0.1825,0.4296,-0.1554,0.5055,average_rankme,none
signed_diff,accuracy_majority,0,per_ckpt,step2050000-tokens10172B,72,-0.1837,0.4266,-0.1567,0.4975,average_rankme,none
signed_diff,accuracy_majority,0,per_ckpt,step2100000-tokens10592B,72,-0.1865,0.4146,-0.1553,0.5055,average_rankme,none
signed_diff,accuracy_majority,0,per_ckpt,step2150000-tokens11012B,72,-0.1901,0.4036,-0.1594,0.4945,average_rankme,none
signed_diff,accuracy_majority,0,per_ckpt,step2200000-tokens11432B,72,-0.1804,0.4326,-0.1603,0.4905,average_rankme,none
signed_diff,accuracy_majority,0,per_ckpt,step2250000-tokens11852B,72,-0.1955,0.3946,-0.1653,0.4765,average_rankme,none
signed_diff,accuracy_majority,0,per_ckpt,step2300000-tokens12272B,72,-0.1956,0.3996,-0.1719,0.4565,average_rankme,none
signed_diff,accuracy_majority,0,per_ckpt,step2350000-tokens12692B,72,-0.1944,0.3996,-0.162,0.4775,average_rankme,none
signed_diff,accuracy_majority,0,per_ckpt,step2400000-tokens13112B,72,-0.1806,0.4296,-0.157,0.4945,average_rankme,none
signed_diff,accuracy_majority,0,per_ckpt,step2450000-tokens13532B,72,-0.1822,0.4296,-0.1449,0.5375,average_rankme,none
signed_diff,accuracy_majority,0,per_ckpt,step2500000-tokens13952B,72,-0.1673,0.4665,-0.1358,0.5764,average_rankme,none
signed_diff,accuracy_majority,0,per_ckpt,step2550000-tokens14372B,72,-0.175,0.4426,-0.1464,0.5295,average_rankme,none
signed_diff,accuracy_majority,0,per_ckpt,step2600000-tokens14792B,72,-0.1718,0.4486,-0.1467,0.5295,average_rankme,none
signed_diff,accuracy_majority,0,per_ckpt,step2627139-tokens15T,72,-0.1714,0.4515,-0.1402,0.5544,average_rankme,none
signed_diff,accuracy_majority,0,per_ckpt,main,72,-0.1698,0.4605,-0.1467,0.5365,average_rankme,none
signed_diff,overall_score,0,per_ckpt,step50000-tokens210B,72,0.024,0.9021,0.0684,0.7433,average_rankme,none
signed_diff,overall_score,0,per_ckpt,step100000-tokens420B,72,0.0486,0.8072,0.1,0.6553,average_rankme,none
signed_diff,overall_score,0,per_ckpt,step150000-tokens630B,72,0.0349,0.8501,0.0813,0.7093,average_rankme,none
signed_diff,overall_score,0,per_ckpt,step200000-tokens840B,72,0.0288,0.8711,0.0845,0.7003,average_rankme,none
signed_diff,overall_score,0,per_ckpt,step250000-tokens1050B,72,0.0269,0.8891,0.0909,0.6853,average_rankme,none
signed_diff,overall_score,0,per_ckpt,step300000-tokens1260B,72,0.0316,0.8711,0.0824,0.7083,average_rankme,none
signed_diff,overall_score,0,per_ckpt,step350000-tokens1470B,72,0.0194,0.9241,0.0769,0.7203,average_rankme,none
signed_diff,overall_score,0,per_ckpt,step400000-tokens1680B,72,0.0201,0.9201,0.0772,0.7263,average_rankme,none
signed_diff,overall_score,0,per_ckpt,step450000-tokens1890B,72,0.0181,0.9231,0.0722,0.7383,average_rankme,none
signed_diff,overall_score,0,per_ckpt,step500000-tokens2100B,72,0.0212,0.9141,0.072,0.7453,average_rankme,none
signed_diff,overall_score,0,per_ckpt,step550000-tokens2310B,72,0.0221,0.9171,0.0717,0.7502,average_rankme,none
signed_diff,overall_score,0,per_ckpt,step600000-tokens2520B,72,0.0281,0.8961,0.0789,0.7233,average_rankme,none
signed_diff,overall_score,0,per_ckpt,step650000-tokens2730B,72,0.0228,0.9181,0.0687,0.7552,average_rankme,none
signed_diff,overall_score,0,per_ckpt,step700000-tokens2940B,72,0.0151,0.9441,0.0635,0.7742,average_rankme,none
signed_diff,overall_score,0,per_ckpt,step750000-tokens3150B,72,0.0009,0.997,0.0554,0.8042,average_rankme,none
signed_diff,overall_score,0,per_ckpt,step800000-tokens3360B,72,0.0109,0.965,0.0642,0.7722,average_rankme,none
signed_diff,overall_score,0,per_ckpt,step850000-tokens3570B,72,0.0064,0.972,0.0607,0.7822,average_rankme,none
signed_diff,overall_score,0,per_ckpt,step900000-tokens3780B,72,0.014,0.9481,0.0636,0.7722,average_rankme,none
signed_diff,overall_score,0,per_ckpt,step950000-tokens3990B,72,0.0025,0.987,0.0609,0.7792,average_rankme,none
signed_diff,overall_score,0,per_ckpt,step1000000-tokens4200B,72,0.0152,0.9471,0.0655,0.7592,average_rankme,none
signed_diff,overall_score,0,per_ckpt,step1194000-tokens5014B,72,0.0133,0.9481,0.0588,0.7902,average_rankme,none
signed_diff,overall_score,0,per_ckpt,step1432000-tokens6014B,72,0.0061,0.978,0.0617,0.7732,average_rankme,none
signed_diff,overall_score,0,per_ckpt,step1670000-tokens7014B,72,0.0488,0.8082,0.0934,0.6663,average_rankme,none
signed_diff,overall_score,0,per_ckpt,step1678000-tokens7047B,72,0.0087,0.969,0.0623,0.7692,average_rankme,none
signed_diff,overall_score,0,per_ckpt,step1700000-tokens7232B,72,0.0133,0.95,0.0657,0.7572,average_rankme,none
signed_diff,overall_score,0,per_ckpt,step1750000-tokens7652B,72,0.0209,0.9171,0.0751,0.7253,average_rankme,none
signed_diff,overall_score,0,per_ckpt,step1800000-tokens8072B,72,0.017,0.9341,0.0706,0.7493,average_rankme,none
signed_diff,overall_score,0,per_ckpt,step1850000-tokens8492B,72,0.0028,0.983,0.0621,0.7712,average_rankme,none
signed_diff,overall_score,0,per_ckpt,step1900000-tokens8912B,72,0.0013,0.999,0.0614,0.7812,average_rankme,none
signed_diff,overall_score,0,per_ckpt,step1950000-tokens9332B,72,0.0183,0.9311,0.0835,0.7163,average_rankme,none
signed_diff,overall_score,0,per_ckpt,step2000000-tokens9752B,72,0.0228,0.9151,0.0796,0.7233,average_rankme,none
signed_diff,overall_score,0,per_ckpt,step2050000-tokens10172B,72,0.0143,0.9471,0.0684,0.7512,average_rankme,none
signed_diff,overall_score,0,per_ckpt,step2100000-tokens10592B,72,0.0225,0.9111,0.0839,0.7113,average_rankme,none
signed_diff,overall_score,0,per_ckpt,step2150000-tokens11012B,72,0.0097,0.96,0.077,0.7383,average_rankme,none
signed_diff,overall_score,0,per_ckpt,step2200000-tokens11432B,72,0.0241,0.9061,0.0737,0.7333,average_rankme,none
signed_diff,overall_score,0,per_ckpt,step2250000-tokens11852B,72,0.0014,0.995,0.0632,0.7762,average_rankme,none
signed_diff,overall_score,0,per_ckpt,step2300000-tokens12272B,72,0.0045,0.981,0.0582,0.7892,average_rankme,none
signed_diff,overall_score,0,per_ckpt,step2350000-tokens12692B,72,0.0054,0.976,0.0611,0.7782,average_rankme,none
signed_diff,overall_score,0,per_ckpt,step2400000-tokens13112B,72,0.0116,0.9471,0.0636,0.7672,average_rankme,none
signed_diff,overall_score,0,per_ckpt,step2450000-tokens13532B,72,0.0189,0.9271,0.0738,0.7443,average_rankme,none
signed_diff,overall_score,0,per_ckpt,step2500000-tokens13952B,72,0.0286,0.8841,0.081,0.7263,average_rankme,none
signed_diff,overall_score,0,per_ckpt,step2550000-tokens14372B,72,0.0212,0.9191,0.0747,0.7423,average_rankme,none
signed_diff,overall_score,0,per_ckpt,step2600000-tokens14792B,72,0.0255,0.9041,0.0771,0.7323,average_rankme,none
signed_diff,overall_score,0,per_ckpt,step2627139-tokens15T,72,0.0301,0.8831,0.0832,0.7183,average_rankme,none
signed_diff,overall_score,0,per_ckpt,main,72,0.0299,0.8961,0.0775,0.7273,average_rankme,none
signed_diff,transfer_score,0,per_ckpt,step50000-tokens210B,72,0.0125,0.9231,0.0593,0.6763,average_rankme,none
signed_diff,transfer_score,0,per_ckpt,step100000-tokens420B,72,0.0319,0.8112,0.0767,0.5764,average_rankme,none
signed_diff,transfer_score,0,per_ckpt,step150000-tokens630B,72,0.0227,0.8611,0.0677,0.6334,average_rankme,none
signed_diff,transfer_score,0,per_ckpt,step200000-tokens840B,72,0.014,0.9131,0.0652,0.6394,average_rankme,none
signed_diff,transfer_score,0,per_ckpt,step250000-tokens1050B,72,0.0153,0.9001,0.0706,0.6124,average_rankme,none
signed_diff,transfer_score,0,per_ckpt,step300000-tokens1260B,72,0.0211,0.8811,0.067,0.6354,average_rankme,none
signed_diff,transfer_score,0,per_ckpt,step350000-tokens1470B,72,0.0103,0.9431,0.0616,0.6613,average_rankme,none
signed_diff,transfer_score,0,per_ckpt,step400000-tokens1680B,72,0.0077,0.95,0.0584,0.6703,average_rankme,none
signed_diff,transfer_score,0,per_ckpt,step450000-tokens1890B,72,0.0099,0.9461,0.06,0.6693,average_rankme,none
signed_diff,transfer_score,0,per_ckpt,step500000-tokens2100B,72,0.0127,0.9321,0.0607,0.6643,average_rankme,none
signed_diff,transfer_score,0,per_ckpt,step550000-tokens2310B,72,0.0123,0.9291,0.0613,0.6603,average_rankme,none
signed_diff,transfer_score,0,per_ckpt,step600000-tokens2520B,72,0.0171,0.9011,0.0652,0.6484,average_rankme,none
signed_diff,transfer_score,0,per_ckpt,step650000-tokens2730B,72,0.0145,0.9101,0.0607,0.6673,average_rankme,none
signed_diff,transfer_score,0,per_ckpt,step700000-tokens2940B,72,0.0053,0.962,0.0546,0.6873,average_rankme,none
signed_diff,transfer_score,0,per_ckpt,step750000-tokens3150B,72,-0.0012,0.993,0.0504,0.7093,average_rankme,none
signed_diff,transfer_score,0,per_ckpt,step800000-tokens3360B,72,0.0023,0.986,0.0535,0.6983,average_rankme,none
signed_diff,transfer_score,0,per_ckpt,step850000-tokens3570B,72,0.0042,0.965,0.0543,0.6933,average_rankme,none
signed_diff,transfer_score,0,per_ckpt,step900000-tokens3780B,72,0.0079,0.954,0.0568,0.6863,average_rankme,none
signed_diff,transfer_score,0,per_ckpt,step950000-tokens3990B,72,-0.0028,0.985,0.0503,0.7083,average_rankme,none
signed_diff,transfer_score,0,per_ckpt,step1000000-tokens4200B,72,0.0085,0.9451,0.0584,0.6733,average_rankme,none
signed_diff,transfer_score,0,per_ckpt,step1194000-tokens5014B,72,0.0075,0.958,0.0557,0.6833,average_rankme,none
signed_diff,transfer_score,0,per_ckpt,step1432000-tokens6014B,72,0.0025,0.985,0.0549,0.6873,average_rankme,none
signed_diff,transfer_score,0,per_ckpt,step1670000-tokens7014B,72,0.0364,0.7922,0.0793,0.5704,average_rankme,none
signed_diff,transfer_score,0,per_ckpt,step1678000-tokens7047B,72,0.0016,0.991,0.0552,0.6903,average_rankme,none
signed_diff,transfer_score,0,per_ckpt,step1700000-tokens7232B,72,0.0057,0.965,0.0559,0.6893,average_rankme,none
signed_diff,transfer_score,0,per_ckpt,step1750000-tokens7652B,72,0.0143,0.9081,0.0622,0.6593,average_rankme,none
signed_diff,transfer_score,0,per_ckpt,step1800000-tokens8072B,72,0.0071,0.955,0.0543,0.6933,average_rankme,none
signed_diff,transfer_score,0,per_ckpt,step1850000-tokens8492B,72,-0.0093,0.9451,0.0437,0.7443,average_rankme,none
signed_diff,transfer_score,0,per_ckpt,step1900000-tokens8912B,72,-0.0083,0.9461,0.0476,0.7263,average_rankme,none
signed_diff,transfer_score,0,per_ckpt,step1950000-tokens9332B,72,0.0037,0.973,0.062,0.6563,average_rankme,none
signed_diff,transfer_score,0,per_ckpt,step2000000-tokens9752B,72,0.011,0.9331,0.064,0.6464,average_rankme,none
signed_diff,transfer_score,0,per_ckpt,step2050000-tokens10172B,72,0.0057,0.966,0.058,0.6803,average_rankme,none
signed_diff,transfer_score,0,per_ckpt,step2100000-tokens10592B,72,0.0133,0.9161,0.0665,0.6354,average_rankme,none
signed_diff,transfer_score,0,per_ckpt,step2150000-tokens11012B,72,-0.003,0.981,0.0561,0.6873,average_rankme,none
signed_diff,transfer_score,0,per_ckpt,step2200000-tokens11432B,72,0.0126,0.9241,0.0598,0.6683,average_rankme,none
signed_diff,transfer_score,0,per_ckpt,step2250000-tokens11852B,72,-0.0107,0.9311,0.0475,0.7253,average_rankme,none
signed_diff,transfer_score,0,per_ckpt,step2300000-tokens12272B,72,0.0032,0.98,0.0521,0.7033,average_rankme,none
signed_diff,transfer_score,0,per_ckpt,step2350000-tokens12692B,72,0.0045,0.971,0.0575,0.6803,average_rankme,none
signed_diff,transfer_score,0,per_ckpt,step2400000-tokens13112B,72,0.0112,0.9311,0.0613,0.6663,average_rankme,none
signed_diff,transfer_score,0,per_ckpt,step2450000-tokens13532B,72,0.0153,0.9091,0.0671,0.6304,average_rankme,none
signed_diff,transfer_score,0,per_ckpt,step2500000-tokens13952B,72,0.0212,0.8691,0.0713,0.6124,average_rankme,none
signed_diff,transfer_score,0,per_ckpt,step2550000-tokens14372B,72,0.0127,0.9241,0.065,0.6414,average_rankme,none
signed_diff,transfer_score,0,per_ckpt,step2600000-tokens14792B,72,0.02,0.8761,0.0663,0.6354,average_rankme,none
signed_diff,transfer_score,0,per_ckpt,step2627139-tokens15T,72,0.0208,0.8751,0.069,0.6274,average_rankme,none
signed_diff,transfer_score,0,per_ckpt,main,72,0.0227,0.8681,0.0691,0.6214,average_rankme,none
signed_diff,transfer_score_str,0,per_ckpt,step50000-tokens210B,72,0.0255,0.8931,0.0167,0.9211,average_rankme,none
signed_diff,transfer_score_str,0,per_ckpt,step100000-tokens420B,72,0.0702,0.7103,0.0511,0.8042,average_rankme,none
signed_diff,transfer_score_str,0,per_ckpt,step150000-tokens630B,72,0.0543,0.7742,0.033,0.8781,average_rankme,none
signed_diff,transfer_score_str,0,per_ckpt,step200000-tokens840B,72,0.0414,0.8302,0.0297,0.8831,average_rankme,none
signed_diff,transfer_score_str,0,per_ckpt,step250000-tokens1050B,72,0.0382,0.8412,0.0232,0.9111,average_rankme,none
signed_diff,transfer_score_str,0,per_ckpt,step300000-tokens1260B,72,0.0379,0.8422,0.0193,0.9251,average_rankme,none
signed_diff,transfer_score_str,0,per_ckpt,step350000-tokens1470B,72,0.0342,0.8611,0.0212,0.9131,average_rankme,none
signed_diff,transfer_score_str,0,per_ckpt,step400000-tokens1680B,72,0.0297,0.8741,0.0133,0.957,average_rankme,none
signed_diff,transfer_score_str,0,per_ckpt,step450000-tokens1890B,72,0.0255,0.8941,0.0123,0.957,average_rankme,none
signed_diff,transfer_score_str,0,per_ckpt,step500000-tokens2100B,72,0.0299,0.8751,0.0125,0.95,average_rankme,none
signed_diff,transfer_score_str,0,per_ckpt,step550000-tokens2310B,72,0.0312,0.8641,0.0123,0.959,average_rankme,none
signed_diff,transfer_score_str,0,per_ckpt,step600000-tokens2520B,72,0.0213,0.9121,0.0067,0.973,average_rankme,none
signed_diff,transfer_score_str,0,per_ckpt,step650000-tokens2730B,72,0.015,0.9431,-0.0036,0.988,average_rankme,none
signed_diff,transfer_score_str,0,per_ckpt,step700000-tokens2940B,72,0.0037,0.982,-0.0064,0.968,average_rankme,none
signed_diff,transfer_score_str,0,per_ckpt,step750000-tokens3150B,72,0.0041,0.984,-0.0053,0.978,average_rankme,none
signed_diff,transfer_score_str,0,per_ckpt,step800000-tokens3360B,72,-0.0017,0.99,-0.0082,0.967,average_rankme,none
signed_diff,transfer_score_str,0,per_ckpt,step850000-tokens3570B,72,0.0171,0.9351,-0.0015,0.99,average_rankme,none
signed_diff,transfer_score_str,0,per_ckpt,step900000-tokens3780B,72,0.028,0.8761,0.0098,0.967,average_rankme,none
signed_diff,transfer_score_str,0,per_ckpt,step950000-tokens3990B,72,0.01,0.957,-0.0037,0.985,average_rankme,none
signed_diff,transfer_score_str,0,per_ckpt,step1000000-tokens4200B,72,0.0236,0.9041,0.0029,0.988,average_rankme,none
signed_diff,transfer_score_str,0,per_ckpt,step1194000-tokens5014B,72,0.0134,0.9471,-0.0022,0.992,average_rankme,none
signed_diff,transfer_score_str,0,per_ckpt,step1432000-tokens6014B,72,0.0079,0.964,-0.0047,0.979,average_rankme,none
signed_diff,transfer_score_str,0,per_ckpt,step1670000-tokens7014B,72,0.0729,0.7053,0.0567,0.7822,average_rankme,none
signed_diff,transfer_score_str,0,per_ckpt,step1678000-tokens7047B,72,0.0153,0.9381,0.0069,0.974,average_rankme,none
signed_diff,transfer_score_str,0,per_ckpt,step1700000-tokens7232B,72,0.0247,0.8941,0.0124,0.951,average_rankme,none
signed_diff,transfer_score_str,0,per_ckpt,step1750000-tokens7652B,72,0.0396,0.8392,0.0214,0.9121,average_rankme,none
signed_diff,transfer_score_str,0,per_ckpt,step1800000-tokens8072B,72,0.0263,0.8851,0.0042,0.982,average_rankme,none
signed_diff,transfer_score_str,0,per_ckpt,step1850000-tokens8492B,72,0.0047,0.985,-0.0013,0.995,average_rankme,none
signed_diff,transfer_score_str,0,per_ckpt,step1900000-tokens8912B,72,0.002,0.994,-0.006,0.972,average_rankme,none
signed_diff,transfer_score_str,0,per_ckpt,step1950000-tokens9332B,72,-0.0028,0.991,-0.003,0.991,average_rankme,none
signed_diff,transfer_score_str,0,per_ckpt,step2000000-tokens9752B,72,0.0246,0.9011,0.0107,0.963,average_rankme,none
signed_diff,transfer_score_str,0,per_ckpt,step2050000-tokens10172B,72,0.0172,0.9341,-0.001,1.0,average_rankme,none
signed_diff,transfer_score_str,0,per_ckpt,step2100000-tokens10592B,72,0.0367,0.8462,0.017,0.9371,average_rankme,none
signed_diff,transfer_score_str,0,per_ckpt,step2150000-tokens11012B,72,0.0124,0.9461,0.0015,0.997,average_rankme,none
signed_diff,transfer_score_str,0,per_ckpt,step2200000-tokens11432B,72,0.0296,0.8731,0.0059,0.981,average_rankme,none
signed_diff,transfer_score_str,0,per_ckpt,step2250000-tokens11852B,72,-0.0044,0.976,-0.0047,0.982,average_rankme,none
signed_diff,transfer_score_str,0,per_ckpt,step2300000-tokens12272B,72,0.0188,0.9151,0.0051,0.981,average_rankme,none
signed_diff,transfer_score_str,0,per_ckpt,step2350000-tokens12692B,72,0.0196,0.9171,-0.0,1.0,average_rankme,none
signed_diff,transfer_score_str,0,per_ckpt,step2400000-tokens13112B,72,0.0164,0.9281,0.0034,0.983,average_rankme,none
signed_diff,transfer_score_str,0,per_ckpt,step2450000-tokens13532B,72,0.0172,0.9331,0.0092,0.961,average_rankme,none
signed_diff,transfer_score_str,0,per_ckpt,step2500000-tokens13952B,72,0.0165,0.9341,0.0022,0.988,average_rankme,none
signed_diff,transfer_score_str,0,per_ckpt,step2550000-tokens14372B,72,0.0068,0.974,-0.0034,0.985,average_rankme,none
signed_diff,transfer_score_str,0,per_ckpt,step2600000-tokens14792B,72,0.0124,0.955,-0.0034,0.986,average_rankme,none
signed_diff,transfer_score_str,0,per_ckpt,step2627139-tokens15T,72,0.0191,0.9281,0.0003,0.998,average_rankme,none
signed_diff,transfer_score_str,0,per_ckpt,main,72,0.0156,0.9401,0.0019,0.987,average_rankme,none
signed_diff,overall_score_str,0,per_ckpt,step50000-tokens210B,72,0.0924,0.6244,0.0039,0.987,average_rankme,none
signed_diff,overall_score_str,0,per_ckpt,step100000-tokens420B,72,0.119,0.5205,0.0228,0.9171,average_rankme,none
signed_diff,overall_score_str,0,per_ckpt,step150000-tokens630B,72,0.1087,0.5604,0.0123,0.964,average_rankme,none
signed_diff,overall_score_str,0,per_ckpt,step200000-tokens840B,72,0.0938,0.6104,0.0054,0.986,average_rankme,none
signed_diff,overall_score_str,0,per_ckpt,step250000-tokens1050B,72,0.1085,0.5634,0.0186,0.9371,average_rankme,none
signed_diff,overall_score_str,0,per_ckpt,step300000-tokens1260B,72,0.1096,0.5604,0.0155,0.95,average_rankme,none
signed_diff,overall_score_str,0,per_ckpt,step350000-tokens1470B,72,0.0923,0.6174,0.0078,0.978,average_rankme,none
signed_diff,overall_score_str,0,per_ckpt,step400000-tokens1680B,72,0.1042,0.5814,0.01,0.969,average_rankme,none
signed_diff,overall_score_str,0,per_ckpt,step450000-tokens1890B,72,0.1001,0.5994,0.0044,0.983,average_rankme,none
signed_diff,overall_score_str,0,per_ckpt,step500000-tokens2100B,72,0.0962,0.6194,0.0037,0.988,average_rankme,none
signed_diff,overall_score_str,0,per_ckpt,step550000-tokens2310B,72,0.1081,0.5694,0.0084,0.975,average_rankme,none
signed_diff,overall_score_str,0,per_ckpt,step600000-tokens2520B,72,0.1102,0.5564,0.0127,0.961,average_rankme,none
signed_diff,overall_score_str,0,per_ckpt,step650000-tokens2730B,72,0.1016,0.5954,0.0027,0.989,average_rankme,none
signed_diff,overall_score_str,0,per_ckpt,step700000-tokens2940B,72,0.1015,0.5904,0.0007,0.998,average_rankme,none
signed_diff,overall_score_str,0,per_ckpt,step750000-tokens3150B,72,0.0955,0.6124,0.0014,0.997,average_rankme,none
signed_diff,overall_score_str,0,per_ckpt,step800000-tokens3360B,72,0.096,0.6134,-0.0018,0.994,average_rankme,none
signed_diff,overall_score_str,0,per_ckpt,step850000-tokens3570B,72,0.1002,0.5974,0.0066,0.977,average_rankme,none
signed_diff,overall_score_str,0,per_ckpt,step900000-tokens3780B,72,0.1034,0.5954,0.0058,0.982,average_rankme,none
signed_diff,overall_score_str,0,per_ckpt,step950000-tokens3990B,72,0.0814,0.6713,-0.0045,0.986,average_rankme,none
signed_diff,overall_score_str,0,per_ckpt,step1000000-tokens4200B,72,0.0999,0.6054,0.0002,1.0,average_rankme,none
signed_diff,overall_score_str,0,per_ckpt,step1194000-tokens5014B,72,0.0834,0.6633,-0.0087,0.965,average_rankme,none
signed_diff,overall_score_str,0,per_ckpt,step1432000-tokens6014B,72,0.0809,0.6713,-0.0055,0.982,average_rankme,none
signed_diff,overall_score_str,0,per_ckpt,step1670000-tokens7014B,72,0.1093,0.5594,0.0228,0.9141,average_rankme,none
signed_diff,overall_score_str,0,per_ckpt,step1678000-tokens7047B,72,0.0855,0.6563,-0.0047,0.991,average_rankme,none
signed_diff,overall_score_str,0,per_ckpt,step1700000-tokens7232B,72,0.098,0.6164,0.0044,0.988,average_rankme,none
signed_diff,overall_score_str,0,per_ckpt,step1750000-tokens7652B,72,0.1014,0.5874,0.0055,0.983,average_rankme,none
signed_diff,overall_score_str,0,per_ckpt,step1800000-tokens8072B,72,0.1035,0.5854,0.0089,0.971,average_rankme,none
signed_diff,overall_score_str,0,per_ckpt,step1850000-tokens8492B,72,0.0947,0.6164,0.0071,0.974,average_rankme,none
signed_diff,overall_score_str,0,per_ckpt,step1900000-tokens8912B,72,0.094,0.6184,0.0026,0.991,average_rankme,none
signed_diff,overall_score_str,0,per_ckpt,step1950000-tokens9332B,72,0.0852,0.6543,0.0141,0.9441,average_rankme,none
signed_diff,overall_score_str,0,per_ckpt,step2000000-tokens9752B,72,0.1062,0.5744,0.012,0.966,average_rankme,none
signed_diff,overall_score_str,0,per_ckpt,step2050000-tokens10172B,72,0.0883,0.6513,-0.0009,0.998,average_rankme,none
signed_diff,overall_score_str,0,per_ckpt,step2100000-tokens10592B,72,0.1081,0.5684,0.0166,0.9481,average_rankme,none
signed_diff,overall_score_str,0,per_ckpt,step2150000-tokens11012B,72,0.1037,0.5784,0.0134,0.955,average_rankme,none
signed_diff,overall_score_str,0,per_ckpt,step2200000-tokens11432B,72,0.1064,0.5684,0.0048,0.986,average_rankme,none
signed_diff,overall_score_str,0,per_ckpt,step2250000-tokens11852B,72,0.085,0.6533,0.0038,0.982,average_rankme,none
signed_diff,overall_score_str,0,per_ckpt,step2300000-tokens12272B,72,0.0947,0.6254,0.0073,0.972,average_rankme,none
signed_diff,overall_score_str,0,per_ckpt,step2350000-tokens12692B,72,0.0956,0.6114,0.0033,0.991,average_rankme,none
signed_diff,overall_score_str,0,per_ckpt,step2400000-tokens13112B,72,0.0865,0.6464,0.0029,0.991,average_rankme,none
signed_diff,overall_score_str,0,per_ckpt,step2450000-tokens13532B,72,0.0975,0.6094,0.009,0.969,average_rankme,none
signed_diff,overall_score_str,0,per_ckpt,step2500000-tokens13952B,72,0.1065,0.5694,0.0132,0.951,average_rankme,none
signed_diff,overall_score_str,0,per_ckpt,step2550000-tokens14372B,72,0.0898,0.6304,0.0058,0.986,average_rankme,none
signed_diff,overall_score_str,0,per_ckpt,step2600000-tokens14792B,72,0.1021,0.5864,0.0098,0.973,average_rankme,none
signed_diff,overall_score_str,0,per_ckpt,step2627139-tokens15T,72,0.109,0.5564,0.0148,0.9461,average_rankme,none
signed_diff,overall_score_str,0,per_ckpt,main,72,0.1118,0.5504,0.021,0.9311,average_rankme,none
signed_diff,transfer_margin_str,0,per_ckpt,step50000-tokens210B,72,0.368,0.1538,0.314,0.2488,average_rankme,none
signed_diff,transfer_margin_str,0,per_ckpt,step100000-tokens420B,72,0.3799,0.1329,0.3471,0.1958,average_rankme,none
signed_diff,transfer_margin_str,0,per_ckpt,step150000-tokens630B,72,0.3828,0.1259,0.351,0.1888,average_rankme,none
signed_diff,transfer_margin_str,0,per_ckpt,step200000-tokens840B,72,0.3872,0.1199,0.3495,0.1908,average_rankme,none
signed_diff,transfer_margin_str,0,per_ckpt,step250000-tokens1050B,72,0.3698,0.1479,0.3297,0.2168,average_rankme,none
signed_diff,transfer_margin_str,0,per_ckpt,step300000-tokens1260B,72,0.3658,0.1598,0.3232,0.2218,average_rankme,none
signed_diff,transfer_margin_str,0,per_ckpt,step350000-tokens1470B,72,0.3787,0.1409,0.3203,0.2348,average_rankme,none
signed_diff,transfer_margin_str,0,per_ckpt,step400000-tokens1680B,72,0.3618,0.1668,0.3091,0.2498,average_rankme,none
signed_diff,transfer_margin_str,0,per_ckpt,step450000-tokens1890B,72,0.3597,0.1708,0.3189,0.2308,average_rankme,none
signed_diff,transfer_margin_str,0,per_ckpt,step500000-tokens2100B,72,0.3636,0.1678,0.3118,0.2438,average_rankme,none
signed_diff,transfer_margin_str,0,per_ckpt,step550000-tokens2310B,72,0.3541,0.1788,0.309,0.2418,average_rankme,none
signed_diff,transfer_margin_str,0,per_ckpt,step600000-tokens2520B,72,0.3433,0.1958,0.3012,0.2547,average_rankme,none
signed_diff,transfer_margin_str,0,per_ckpt,step650000-tokens2730B,72,0.3539,0.1808,0.3068,0.2478,average_rankme,none
signed_diff,transfer_margin_str,0,per_ckpt,step700000-tokens2940B,72,0.3365,0.2038,0.3051,0.2547,average_rankme,none
signed_diff,transfer_margin_str,0,per_ckpt,step750000-tokens3150B,72,0.3467,0.1888,0.3061,0.2517,average_rankme,none
signed_diff,transfer_margin_str,0,per_ckpt,step800000-tokens3360B,72,0.3357,0.2058,0.2976,0.2677,average_rankme,none
signed_diff,transfer_margin_str,0,per_ckpt,step850000-tokens3570B,72,0.3569,0.1698,0.3064,0.2468,average_rankme,none
signed_diff,transfer_margin_str,0,per_ckpt,step900000-tokens3780B,72,0.359,0.1698,0.3126,0.2418,average_rankme,none
signed_diff,transfer_margin_str,0,per_ckpt,step950000-tokens3990B,72,0.3712,0.1588,0.3118,0.2398,average_rankme,none
signed_diff,transfer_margin_str,0,per_ckpt,step1000000-tokens4200B,72,0.3635,0.1628,0.3196,0.2298,average_rankme,none
signed_diff,transfer_margin_str,0,per_ckpt,step1194000-tokens5014B,72,0.3718,0.1538,0.3267,0.2148,average_rankme,none
signed_diff,transfer_margin_str,0,per_ckpt,step1432000-tokens6014B,72,0.3724,0.1558,0.3202,0.2278,average_rankme,none
signed_diff,transfer_margin_str,0,per_ckpt,step1670000-tokens7014B,72,0.3933,0.1159,0.3729,0.1628,average_rankme,none
signed_diff,transfer_margin_str,0,per_ckpt,step1678000-tokens7047B,72,0.3691,0.1598,0.331,0.2198,average_rankme,none
signed_diff,transfer_margin_str,0,per_ckpt,step1700000-tokens7232B,72,0.3616,0.1668,0.3182,0.2298,average_rankme,none
signed_diff,transfer_margin_str,0,per_ckpt,step1750000-tokens7652B,72,0.3767,0.1429,0.3354,0.2118,average_rankme,none
signed_diff,transfer_margin_str,0,per_ckpt,step1800000-tokens8072B,72,0.3585,0.1678,0.3013,0.2637,average_rankme,none
signed_diff,transfer_margin_str,0,per_ckpt,step1850000-tokens8492B,72,0.3393,0.2018,0.2869,0.2877,average_rankme,none
signed_diff,transfer_margin_str,0,per_ckpt,step1900000-tokens8912B,72,0.3321,0.2058,0.2883,0.2887,average_rankme,none
signed_diff,transfer_margin_str,0,per_ckpt,step1950000-tokens9332B,72,0.3297,0.2108,0.2792,0.3007,average_rankme,none
signed_diff,transfer_margin_str,0,per_ckpt,step2000000-tokens9752B,72,0.3522,0.1818,0.306,0.2458,average_rankme,none
signed_diff,transfer_margin_str,0,per_ckpt,step2050000-tokens10172B,72,0.3659,0.1638,0.3157,0.2328,average_rankme,none
signed_diff,transfer_margin_str,0,per_ckpt,step2100000-tokens10592B,72,0.3679,0.1538,0.3169,0.2288,average_rankme,none
signed_diff,transfer_margin_str,0,per_ckpt,step2150000-tokens11012B,72,0.3366,0.2048,0.2913,0.2827,average_rankme,none
signed_diff,transfer_margin_str,0,per_ckpt,step2200000-tokens11432B,72,0.3576,0.1738,0.3148,0.2368,average_rankme,none
signed_diff,transfer_margin_str,0,per_ckpt,step2250000-tokens11852B,72,0.3416,0.1958,0.2916,0.2877,average_rankme,none
signed_diff,transfer_margin_str,0,per_ckpt,step2300000-tokens12272B,72,0.3683,0.1588,0.3157,0.2358,average_rankme,none
signed_diff,transfer_margin_str,0,per_ckpt,step2350000-tokens12692B,72,0.3684,0.1548,0.3243,0.2228,average_rankme,none
signed_diff,transfer_margin_str,0,per_ckpt,step2400000-tokens13112B,72,0.3784,0.1389,0.3311,0.2128,average_rankme,none
signed_diff,transfer_margin_str,0,per_ckpt,step2450000-tokens13532B,72,0.3638,0.1638,0.319,0.2328,average_rankme,none
signed_diff,transfer_margin_str,0,per_ckpt,step2500000-tokens13952B,72,0.3488,0.1878,0.3089,0.2428,average_rankme,none
signed_diff,transfer_margin_str,0,per_ckpt,step2550000-tokens14372B,72,0.362,0.1688,0.3137,0.2378,average_rankme,none
signed_diff,transfer_margin_str,0,per_ckpt,step2600000-tokens14792B,72,0.3542,0.1828,0.3123,0.2378,average_rankme,none
signed_diff,transfer_margin_str,0,per_ckpt,step2627139-tokens15T,72,0.3495,0.1858,0.3037,0.2517,average_rankme,none
signed_diff,transfer_margin_str,0,per_ckpt,main,72,0.3427,0.1928,0.3044,0.2498,average_rankme,none
signed_diff,overall_margin_str,0,per_ckpt,step50000-tokens210B,72,0.325,0.1319,0.3512,0.1009,average_rankme,none
signed_diff,overall_margin_str,0,per_ckpt,step100000-tokens420B,72,0.3498,0.1049,0.377,0.0819,average_rankme,none
signed_diff,overall_margin_str,0,per_ckpt,step150000-tokens630B,72,0.344,0.1129,0.3795,0.0759,average_rankme,none
signed_diff,overall_margin_str,0,per_ckpt,step200000-tokens840B,72,0.3257,0.1309,0.3698,0.0809,average_rankme,none
signed_diff,overall_margin_str,0,per_ckpt,step250000-tokens1050B,72,0.3419,0.1159,0.3783,0.0749,average_rankme,none
signed_diff,overall_margin_str,0,per_ckpt,step300000-tokens1260B,72,0.3441,0.1109,0.3801,0.0699,average_rankme,none
signed_diff,overall_margin_str,0,per_ckpt,step350000-tokens1470B,72,0.3256,0.1339,0.3598,0.0909,average_rankme,none
signed_diff,overall_margin_str,0,per_ckpt,step400000-tokens1680B,72,0.3361,0.1179,0.3684,0.0829,average_rankme,none
signed_diff,overall_margin_str,0,per_ckpt,step450000-tokens1890B,72,0.3328,0.1279,0.3665,0.0849,average_rankme,none
signed_diff,overall_margin_str,0,per_ckpt,step500000-tokens2100B,72,0.3315,0.1319,0.3637,0.0849,average_rankme,none
signed_diff,overall_margin_str,0,per_ckpt,step550000-tokens2310B,72,0.3417,0.1099,0.3733,0.0749,average_rankme,none
signed_diff,overall_margin_str,0,per_ckpt,step600000-tokens2520B,72,0.3427,0.1119,0.3722,0.0729,average_rankme,none
signed_diff,overall_margin_str,0,per_ckpt,step650000-tokens2730B,72,0.3395,0.1179,0.3682,0.0739,average_rankme,none
signed_diff,overall_margin_str,0,per_ckpt,step700000-tokens2940B,72,0.3319,0.1249,0.3691,0.0749,average_rankme,none
signed_diff,overall_margin_str,0,per_ckpt,step750000-tokens3150B,72,0.3307,0.1259,0.367,0.0769,average_rankme,none
signed_diff,overall_margin_str,0,per_ckpt,step800000-tokens3360B,72,0.324,0.1399,0.3596,0.0869,average_rankme,none
signed_diff,overall_margin_str,0,per_ckpt,step850000-tokens3570B,72,0.3392,0.1129,0.3724,0.0719,average_rankme,none
signed_diff,overall_margin_str,0,per_ckpt,step900000-tokens3780B,72,0.339,0.1149,0.3725,0.0739,average_rankme,none
signed_diff,overall_margin_str,0,per_ckpt,step950000-tokens3990B,72,0.3185,0.1429,0.3579,0.0909,average_rankme,none
signed_diff,overall_margin_str,0,per_ckpt,step1000000-tokens4200B,72,0.337,0.1209,0.3698,0.0719,average_rankme,none
signed_diff,overall_margin_str,0,per_ckpt,step1194000-tokens5014B,72,0.327,0.1339,0.3682,0.0739,average_rankme,none
signed_diff,overall_margin_str,0,per_ckpt,step1432000-tokens6014B,72,0.3225,0.1379,0.3629,0.0849,average_rankme,none
signed_diff,overall_margin_str,0,per_ckpt,step1670000-tokens7014B,72,0.3481,0.1069,0.3876,0.0659,average_rankme,none
signed_diff,overall_margin_str,0,per_ckpt,step1678000-tokens7047B,72,0.3209,0.1409,0.3678,0.0829,average_rankme,none
signed_diff,overall_margin_str,0,per_ckpt,step1700000-tokens7232B,72,0.3306,0.1279,0.3657,0.0849,average_rankme,none
signed_diff,overall_margin_str,0,per_ckpt,step1750000-tokens7652B,72,0.3377,0.1199,0.3709,0.0799,average_rankme,none
signed_diff,overall_margin_str,0,per_ckpt,step1800000-tokens8072B,72,0.3314,0.1239,0.357,0.0939,average_rankme,none
signed_diff,overall_margin_str,0,per_ckpt,step1850000-tokens8492B,72,0.3098,0.1528,0.3443,0.1089,average_rankme,none
signed_diff,overall_margin_str,0,per_ckpt,step1900000-tokens8912B,72,0.3081,0.1528,0.3464,0.0989,average_rankme,none
signed_diff,overall_margin_str,0,per_ckpt,step1950000-tokens9332B,72,0.2959,0.1718,0.3512,0.0929,average_rankme,none
signed_diff,overall_margin_str,0,per_ckpt,step2000000-tokens9752B,72,0.3374,0.1209,0.3705,0.0739,average_rankme,none
signed_diff,overall_margin_str,0,per_ckpt,step2050000-tokens10172B,72,0.3223,0.1379,0.3611,0.0849,average_rankme,none
signed_diff,overall_margin_str,0,per_ckpt,step2100000-tokens10592B,72,0.3416,0.1129,0.375,0.0719,average_rankme,none
signed_diff,overall_margin_str,0,per_ckpt,step2150000-tokens11012B,72,0.3229,0.1359,0.358,0.0929,average_rankme,none
signed_diff,overall_margin_str,0,per_ckpt,step2200000-tokens11432B,72,0.3383,0.1199,0.3667,0.0799,average_rankme,none
signed_diff,overall_margin_str,0,per_ckpt,step2250000-tokens11852B,72,0.3037,0.1578,0.3477,0.1009,average_rankme,none
signed_diff,overall_margin_str,0,per_ckpt,step2300000-tokens12272B,72,0.334,0.1199,0.3709,0.0769,average_rankme,none
signed_diff,overall_margin_str,0,per_ckpt,step2350000-tokens12692B,72,0.3356,0.1189,0.3724,0.0769,average_rankme,none
signed_diff,overall_margin_str,0,per_ckpt,step2400000-tokens13112B,72,0.3312,0.1259,0.3736,0.0739,average_rankme,none
signed_diff,overall_margin_str,0,per_ckpt,step2450000-tokens13532B,72,0.3407,0.1149,0.3779,0.0719,average_rankme,none
signed_diff,overall_margin_str,0,per_ckpt,step2500000-tokens13952B,72,0.3446,0.1129,0.377,0.0749,average_rankme,none
signed_diff,overall_margin_str,0,per_ckpt,step2550000-tokens14372B,72,0.3293,0.1299,0.3725,0.0769,average_rankme,none
signed_diff,overall_margin_str,0,per_ckpt,step2600000-tokens14792B,72,0.3428,0.1149,0.3763,0.0709,average_rankme,none
signed_diff,overall_margin_str,0,per_ckpt,step2627139-tokens15T,72,0.345,0.1089,0.3745,0.0759,average_rankme,none
signed_diff,overall_margin_str,0,per_ckpt,main,72,0.3489,0.1059,0.387,0.0629,average_rankme,none
min_rankme,accuracy_majority,0,per_ckpt,step50000-tokens210B,72,-0.0902,0.5315,-0.101,0.4805,average_rankme,none
min_rankme,accuracy_majority,0,per_ckpt,step100000-tokens420B,72,-0.0992,0.4945,-0.0985,0.4895,average_rankme,none
min_rankme,accuracy_majority,0,per_ckpt,step150000-tokens630B,72,-0.0992,0.4945,-0.1027,0.4725,average_rankme,none
min_rankme,accuracy_majority,0,per_ckpt,step200000-tokens840B,72,-0.0838,0.5614,-0.1018,0.4715,average_rankme,none
min_rankme,accuracy_majority,0,per_ckpt,step250000-tokens1050B,72,-0.1056,0.4725,-0.0999,0.4765,average_rankme,none
min_rankme,accuracy_majority,0,per_ckpt,step300000-tokens1260B,72,-0.1056,0.4725,-0.1067,0.4535,average_rankme,none
min_rankme,accuracy_majority,0,per_ckpt,step350000-tokens1470B,72,-0.0902,0.5315,-0.1049,0.4575,average_rankme,none
min_rankme,accuracy_majority,0,per_ckpt,step400000-tokens1680B,72,-0.1056,0.4725,-0.1122,0.4256,average_rankme,none
min_rankme,accuracy_majority,0,per_ckpt,step450000-tokens1890B,72,-0.1056,0.4725,-0.1094,0.4376,average_rankme,none
min_rankme,accuracy_majority,0,per_ckpt,step500000-tokens2100B,72,-0.1056,0.4725,-0.1124,0.4226,average_rankme,none
min_rankme,accuracy_majority,0,per_ckpt,step550000-tokens2310B,72,-0.1056,0.4725,-0.1173,0.4116,average_rankme,none
min_rankme,accuracy_majority,0,per_ckpt,step600000-tokens2520B,72,-0.1056,0.4725,-0.1111,0.4326,average_rankme,none
min_rankme,accuracy_majority,0,per_ckpt,step650000-tokens2730B,72,-0.1056,0.4725,-0.1109,0.4306,average_rankme,none
min_rankme,accuracy_majority,0,per_ckpt,step700000-tokens2940B,72,-0.1056,0.4725,-0.1155,0.4146,average_rankme,none
min_rankme,accuracy_majority,0,per_ckpt,step750000-tokens3150B,72,-0.1056,0.4725,-0.115,0.4196,average_rankme,none
min_rankme,accuracy_majority,0,per_ckpt,step800000-tokens3360B,72,-0.1056,0.4725,-0.1125,0.4266,average_rankme,none
min_rankme,accuracy_majority,0,per_ckpt,step850000-tokens3570B,72,-0.1056,0.4725,-0.1158,0.4156,average_rankme,none
min_rankme,accuracy_majority,0,per_ckpt,step900000-tokens3780B,72,-0.1056,0.4725,-0.119,0.4066,average_rankme,none
min_rankme,accuracy_majority,0,per_ckpt,step950000-tokens3990B,72,-0.0902,0.5315,-0.1123,0.4316,average_rankme,none
min_rankme,accuracy_majority,0,per_ckpt,step1000000-tokens4200B,72,-0.1056,0.4725,-0.1137,0.4246,average_rankme,none
min_rankme,accuracy_majority,0,per_ckpt,step1194000-tokens5014B,72,-0.0902,0.5315,-0.1155,0.4166,average_rankme,none
min_rankme,accuracy_majority,0,per_ckpt,step1432000-tokens6014B,72,-0.0902,0.5315,-0.1086,0.4446,average_rankme,none
min_rankme,accuracy_majority,0,per_ckpt,step1670000-tokens7014B,72,-0.0838,0.5614,-0.0913,0.5195,average_rankme,none
min_rankme,accuracy_majority,0,per_ckpt,step1678000-tokens7047B,72,-0.0902,0.5315,-0.1133,0.4286,average_rankme,none
min_rankme,accuracy_majority,0,per_ckpt,step1700000-tokens7232B,72,-0.1056,0.4725,-0.1132,0.4266,average_rankme,none
min_rankme,accuracy_majority,0,per_ckpt,step1750000-tokens7652B,72,-0.1056,0.4725,-0.1068,0.4525,average_rankme,none
min_rankme,accuracy_majority,0,per_ckpt,step1800000-tokens8072B,72,-0.1056,0.4725,-0.108,0.4496,average_rankme,none
min_rankme,accuracy_majority,0,per_ckpt,step1850000-tokens8492B,72,-0.1056,0.4725,-0.1064,0.4575,average_rankme,none
min_rankme,accuracy_majority,0,per_ckpt,step1900000-tokens8912B,72,-0.1056,0.4725,-0.1078,0.4436,average_rankme,none
min_rankme,accuracy_majority,0,per_ckpt,step1950000-tokens9332B,72,-0.0929,0.5215,-0.103,0.4645,average_rankme,none
min_rankme,accuracy_majority,0,per_ckpt,step2000000-tokens9752B,72,-0.1056,0.4725,-0.1138,0.4206,average_rankme,none
min_rankme,accuracy_majority,0,per_ckpt,step2050000-tokens10172B,72,-0.0902,0.5315,-0.1066,0.4486,average_rankme,none
min_rankme,accuracy_majority,0,per_ckpt,step2100000-tokens10592B,72,-0.1056,0.4725,-0.1067,0.4525,average_rankme,none
min_rankme,accuracy_majority,0,per_ckpt,step2150000-tokens11012B,72,-0.1056,0.4725,-0.1071,0.4515,average_rankme,none
min_rankme,accuracy_majority,0,per_ckpt,step2200000-tokens11432B,72,-0.1056,0.4725,-0.1108,0.4326,average_rankme,none
min_rankme,accuracy_majority,0,per_ckpt,step2250000-tokens11852B,72,-0.0902,0.5315,-0.1072,0.4515,average_rankme,none
min_rankme,accuracy_majority,0,per_ckpt,step2300000-tokens12272B,72,-0.1056,0.4725,-0.112,0.4286,average_rankme,none
min_rankme,accuracy_majority,0,per_ckpt,step2350000-tokens12692B,72,-0.1056,0.4725,-0.1051,0.4595,average_rankme,none
min_rankme,accuracy_majority,0,per_ckpt,step2400000-tokens13112B,72,-0.0902,0.5315,-0.1033,0.4665,average_rankme,none
min_rankme,accuracy_majority,0,per_ckpt,step2450000-tokens13532B,72,-0.1056,0.4725,-0.1045,0.4575,average_rankme,none
min_rankme,accuracy_majority,0,per_ckpt,step2500000-tokens13952B,72,-0.1056,0.4725,-0.099,0.4825,average_rankme,none
min_rankme,accuracy_majority,0,per_ckpt,step2550000-tokens14372B,72,-0.0902,0.5315,-0.1004,0.4725,average_rankme,none
min_rankme,accuracy_majority,0,per_ckpt,step2600000-tokens14792B,72,-0.1056,0.4725,-0.0992,0.4815,average_rankme,none
min_rankme,accuracy_majority,0,per_ckpt,step2627139-tokens15T,72,-0.1056,0.4725,-0.0988,0.4835,average_rankme,none
min_rankme,accuracy_majority,0,per_ckpt,main,72,-0.1056,0.4725,-0.1029,0.4635,average_rankme,none
min_rankme,overall_score,0,per_ckpt,step50000-tokens210B,72,0.019,0.9031,0.001,0.996,average_rankme,none
min_rankme,overall_score,0,per_ckpt,step100000-tokens420B,72,0.0517,0.7602,0.0209,0.9091,average_rankme,none
min_rankme,overall_score,0,per_ckpt,step150000-tokens630B,72,0.0517,0.7602,0.0199,0.9191,average_rankme,none
min_rankme,overall_score,0,per_ckpt,step200000-tokens840B,72,0.027,0.8731,0.0156,0.9441,average_rankme,none
min_rankme,overall_score,0,per_ckpt,step250000-tokens1050B,72,0.0437,0.8042,0.0241,0.9021,average_rankme,none
min_rankme,overall_score,0,per_ckpt,step300000-tokens1260B,72,0.0437,0.8042,0.0157,0.9371,average_rankme,none
min_rankme,overall_score,0,per_ckpt,step350000-tokens1470B,72,0.019,0.9031,0.0067,0.968,average_rankme,none
min_rankme,overall_score,0,per_ckpt,step400000-tokens1680B,72,0.0437,0.8042,0.0076,0.971,average_rankme,none
min_rankme,overall_score,0,per_ckpt,step450000-tokens1890B,72,0.0437,0.8042,0.0038,0.985,average_rankme,none
min_rankme,overall_score,0,per_ckpt,step500000-tokens2100B,72,0.0437,0.8042,-0.0031,0.987,average_rankme,none
min_rankme,overall_score,0,per_ckpt,step550000-tokens2310B,72,0.0437,0.8042,-0.0009,0.997,average_rankme,none
min_rankme,overall_score,0,per_ckpt,step600000-tokens2520B,72,0.0437,0.8042,0.0059,0.97,average_rankme,none
min_rankme,overall_score,0,per_ckpt,step650000-tokens2730B,72,0.0437,0.8042,0.0021,0.99,average_rankme,none
min_rankme,overall_score,0,per_ckpt,step700000-tokens2940B,72,0.0437,0.8042,0.0022,0.99,average_rankme,none
min_rankme,overall_score,0,per_ckpt,step750000-tokens3150B,72,0.0437,0.8042,0.004,0.985,average_rankme,none
min_rankme,overall_score,0,per_ckpt,step800000-tokens3360B,72,0.0437,0.8042,-0.0006,0.997,average_rankme,none
min_rankme,overall_score,0,per_ckpt,step850000-tokens3570B,72,0.0437,0.8042,0.007,0.971,average_rankme,none
min_rankme,overall_score,0,per_ckpt,step900000-tokens3780B,72,0.0437,0.8042,-0.0001,1.0,average_rankme,none
min_rankme,overall_score,0,per_ckpt,step950000-tokens3990B,72,0.019,0.9031,0.0012,0.999,average_rankme,none
min_rankme,overall_score,0,per_ckpt,step1000000-tokens4200B,72,0.0437,0.8042,0.0018,0.996,average_rankme,none
min_rankme,overall_score,0,per_ckpt,step1194000-tokens5014B,72,0.019,0.9031,-0.0041,0.983,average_rankme,none
min_rankme,overall_score,0,per_ckpt,step1432000-tokens6014B,72,0.019,0.9031,0.0027,0.989,average_rankme,none
min_rankme,overall_score,0,per_ckpt,step1670000-tokens7014B,72,0.027,0.8731,0.0299,0.8831,average_rankme,none
min_rankme,overall_score,0,per_ckpt,step1678000-tokens7047B,72,0.019,0.9031,0.0007,0.999,average_rankme,none
min_rankme,overall_score,0,per_ckpt,step1700000-tokens7232B,72,0.0437,0.8042,0.0035,0.989,average_rankme,none
min_rankme,overall_score,0,per_ckpt,step1750000-tokens7652B,72,0.0437,0.8042,0.0094,0.961,average_rankme,none
min_rankme,overall_score,0,per_ckpt,step1800000-tokens8072B,72,0.0437,0.8042,0.0109,0.956,average_rankme,none
min_rankme,overall_score,0,per_ckpt,step1850000-tokens8492B,72,0.0437,0.8042,0.0136,0.9451,average_rankme,none
min_rankme,overall_score,0,per_ckpt,step1900000-tokens8912B,72,0.0437,0.8042,0.008,0.964,average_rankme,none
min_rankme,overall_score,0,per_ckpt,step1950000-tokens9332B,72,0.0116,0.9411,0.0149,0.9361,average_rankme,none
min_rankme,overall_score,0,per_ckpt,step2000000-tokens9752B,72,0.0437,0.8042,0.0062,0.981,average_rankme,none
min_rankme,overall_score,0,per_ckpt,step2050000-tokens10172B,72,0.019,0.9031,0.0051,0.978,average_rankme,none
min_rankme,overall_score,0,per_ckpt,step2100000-tokens10592B,72,0.0437,0.8042,0.0166,0.9341,average_rankme,none
min_rankme,overall_score,0,per_ckpt,step2150000-tokens11012B,72,0.0437,0.8042,0.015,0.9381,average_rankme,none
min_rankme,overall_score,0,per_ckpt,step2200000-tokens11432B,72,0.0437,0.8042,0.0067,0.977,average_rankme,none
min_rankme,overall_score,0,per_ckpt,step2250000-tokens11852B,72,0.019,0.9031,0.0106,0.958,average_rankme,none
min_rankme,overall_score,0,per_ckpt,step2300000-tokens12272B,72,0.0437,0.8042,0.0114,0.954,average_rankme,none
min_rankme,overall_score,0,per_ckpt,step2350000-tokens12692B,72,0.0437,0.8042,0.0128,0.9471,average_rankme,none
min_rankme,overall_score,0,per_ckpt,step2400000-tokens13112B,72,0.019,0.9031,0.0124,0.9481,average_rankme,none
min_rankme,overall_score,0,per_ckpt,step2450000-tokens13532B,72,0.0437,0.8042,0.0075,0.965,average_rankme,none
min_rankme,overall_score,0,per_ckpt,step2500000-tokens13952B,72,0.0437,0.8042,0.0129,0.9381,average_rankme,none
min_rankme,overall_score,0,per_ckpt,step2550000-tokens14372B,72,0.019,0.9031,0.0119,0.9411,average_rankme,none
min_rankme,overall_score,0,per_ckpt,step2600000-tokens14792B,72,0.0437,0.8042,0.0166,0.9291,average_rankme,none
min_rankme,overall_score,0,per_ckpt,step2627139-tokens15T,72,0.0437,0.8042,0.0166,0.9281,average_rankme,none
min_rankme,overall_score,0,per_ckpt,main,72,0.0437,0.8042,0.0205,0.9161,average_rankme,none
min_rankme,transfer_score,0,per_ckpt,step50000-tokens210B,72,0.0225,0.9061,0.0038,0.987,average_rankme,none
min_rankme,transfer_score,0,per_ckpt,step100000-tokens420B,72,0.0561,0.7712,0.0248,0.9131,average_rankme,none
min_rankme,transfer_score,0,per_ckpt,step150000-tokens630B,72,0.0561,0.7712,0.0233,0.9121,average_rankme,none
min_rankme,transfer_score,0,per_ckpt,step200000-tokens840B,72,0.0284,0.8781,0.0178,0.9371,average_rankme,none
min_rankme,transfer_score,0,per_ckpt,step250000-tokens1050B,72,0.0503,0.7972,0.0206,0.9271,average_rankme,none
min_rankme,transfer_score,0,per_ckpt,step300000-tokens1260B,72,0.0503,0.7972,0.0126,0.958,average_rankme,none
min_rankme,transfer_score,0,per_ckpt,step350000-tokens1470B,72,0.0225,0.9061,0.0083,0.966,average_rankme,none
min_rankme,transfer_score,0,per_ckpt,step400000-tokens1680B,72,0.0503,0.7972,0.0048,0.978,average_rankme,none
min_rankme,transfer_score,0,per_ckpt,step450000-tokens1890B,72,0.0503,0.7972,0.0038,0.986,average_rankme,none
min_rankme,transfer_score,0,per_ckpt,step500000-tokens2100B,72,0.0503,0.7972,-0.0034,0.984,average_rankme,none
min_rankme,transfer_score,0,per_ckpt,step550000-tokens2310B,72,0.0503,0.7972,-0.0026,0.987,average_rankme,none
min_rankme,transfer_score,0,per_ckpt,step600000-tokens2520B,72,0.0503,0.7972,0.0005,0.999,average_rankme,none
min_rankme,transfer_score,0,per_ckpt,step650000-tokens2730B,72,0.0503,0.7972,-0.0013,0.997,average_rankme,none
min_rankme,transfer_score,0,per_ckpt,step700000-tokens2940B,72,0.0503,0.7972,-0.0006,0.998,average_rankme,none
min_rankme,transfer_score,0,per_ckpt,step750000-tokens3150B,72,0.0503,0.7972,0.005,0.98,average_rankme,none
min_rankme,transfer_score,0,per_ckpt,step800000-tokens3360B,72,0.0503,0.7972,-0.0032,0.989,average_rankme,none
min_rankme,transfer_score,0,per_ckpt,step850000-tokens3570B,72,0.0503,0.7972,0.0067,0.974,average_rankme,none
min_rankme,transfer_score,0,per_ckpt,step900000-tokens3780B,72,0.0503,0.7972,0.0014,0.993,average_rankme,none
min_rankme,transfer_score,0,per_ckpt,step950000-tokens3990B,72,0.0225,0.9061,0.002,0.995,average_rankme,none
min_rankme,transfer_score,0,per_ckpt,step1000000-tokens4200B,72,0.0503,0.7972,0.0023,0.997,average_rankme,none
min_rankme,transfer_score,0,per_ckpt,step1194000-tokens5014B,72,0.0225,0.9061,-0.0022,0.992,average_rankme,none
min_rankme,transfer_score,0,per_ckpt,step1432000-tokens6014B,72,0.0225,0.9061,0.0026,0.997,average_rankme,none
min_rankme,transfer_score,0,per_ckpt,step1670000-tokens7014B,72,0.0284,0.8781,0.0383,0.8581,average_rankme,none
min_rankme,transfer_score,0,per_ckpt,step1678000-tokens7047B,72,0.0225,0.9061,0.0039,0.983,average_rankme,none
min_rankme,transfer_score,0,per_ckpt,step1700000-tokens7232B,72,0.0503,0.7972,0.0064,0.974,average_rankme,none
min_rankme,transfer_score,0,per_ckpt,step1750000-tokens7652B,72,0.0503,0.7972,0.0115,0.954,average_rankme,none
min_rankme,transfer_score,0,per_ckpt,step1800000-tokens8072B,72,0.0503,0.7972,0.0107,0.962,average_rankme,none
min_rankme,transfer_score,0,per_ckpt,step1850000-tokens8492B,72,0.0503,0.7972,0.0156,0.9461,average_rankme,none
min_rankme,transfer_score,0,per_ckpt,step1900000-tokens8912B,72,0.0503,0.7972,0.0097,0.963,average_rankme,none
min_rankme,transfer_score,0,per_ckpt,step1950000-tokens9332B,72,0.0107,0.957,0.0089,0.965,average_rankme,none
min_rankme,transfer_score,0,per_ckpt,step2000000-tokens9752B,72,0.0503,0.7972,0.003,0.994,average_rankme,none
min_rankme,transfer_score,0,per_ckpt,step2050000-tokens10172B,72,0.0225,0.9061,0.0038,0.992,average_rankme,none
min_rankme,transfer_score,0,per_ckpt,step2100000-tokens10592B,72,0.0503,0.7972,0.0138,0.9481,average_rankme,none
min_rankme,transfer_score,0,per_ckpt,step2150000-tokens11012B,72,0.0503,0.7972,0.0114,0.958,average_rankme,none
min_rankme,transfer_score,0,per_ckpt,step2200000-tokens11432B,72,0.0503,0.7972,0.0053,0.987,average_rankme,none
min_rankme,transfer_score,0,per_ckpt,step2250000-tokens11852B,72,0.0225,0.9061,0.0118,0.957,average_rankme,none
min_rankme,transfer_score,0,per_ckpt,step2300000-tokens12272B,72,0.0503,0.7972,0.0143,0.9421,average_rankme,none
min_rankme,transfer_score,0,per_ckpt,step2350000-tokens12692B,72,0.0503,0.7972,0.0139,0.954,average_rankme,none
min_rankme,transfer_score,0,per_ckpt,step2400000-tokens13112B,72,0.0225,0.9061,0.0139,0.954,average_rankme,none
min_rankme,transfer_score,0,per_ckpt,step2450000-tokens13532B,72,0.0503,0.7972,0.0038,0.986,average_rankme,none
min_rankme,transfer_score,0,per_ckpt,step2500000-tokens13952B,72,0.0503,0.7972,0.0049,0.981,average_rankme,none
min_rankme,transfer_score,0,per_ckpt,step2550000-tokens14372B,72,0.0225,0.9061,0.0056,0.984,average_rankme,none
min_rankme,transfer_score,0,per_ckpt,step2600000-tokens14792B,72,0.0503,0.7972,0.0092,0.973,average_rankme,none
min_rankme,transfer_score,0,per_ckpt,step2627139-tokens15T,72,0.0503,0.7972,0.0075,0.976,average_rankme,none
min_rankme,transfer_score,0,per_ckpt,main,72,0.0503,0.7972,0.0123,0.955,average_rankme,none
min_rankme,transfer_score_str,0,per_ckpt,step50000-tokens210B,72,0.2501,0.2827,0.303,0.1918,average_rankme,none
min_rankme,transfer_score_str,0,per_ckpt,step100000-tokens420B,72,0.3137,0.1578,0.34,0.1528,average_rankme,none
min_rankme,transfer_score_str,0,per_ckpt,step150000-tokens630B,72,0.3137,0.1578,0.3391,0.1518,average_rankme,none
min_rankme,transfer_score_str,0,per_ckpt,step200000-tokens840B,72,0.2609,0.2567,0.3309,0.1608,average_rankme,none
min_rankme,transfer_score_str,0,per_ckpt,step250000-tokens1050B,72,0.303,0.1818,0.3386,0.1548,average_rankme,none
min_rankme,transfer_score_str,0,per_ckpt,step300000-tokens1260B,72,0.303,0.1818,0.3257,0.1618,average_rankme,none
min_rankme,transfer_score_str,0,per_ckpt,step350000-tokens1470B,72,0.2501,0.2827,0.318,0.1708,average_rankme,none
min_rankme,transfer_score_str,0,per_ckpt,step400000-tokens1680B,72,0.303,0.1818,0.3156,0.1698,average_rankme,none
min_rankme,transfer_score_str,0,per_ckpt,step450000-tokens1890B,72,0.303,0.1818,0.3113,0.1788,average_rankme,none
min_rankme,transfer_score_str,0,per_ckpt,step500000-tokens2100B,72,0.303,0.1818,0.3019,0.1958,average_rankme,none
min_rankme,transfer_score_str,0,per_ckpt,step550000-tokens2310B,72,0.303,0.1818,0.3053,0.1858,average_rankme,none
min_rankme,transfer_score_str,0,per_ckpt,step600000-tokens2520B,72,0.303,0.1818,0.3115,0.1808,average_rankme,none
min_rankme,transfer_score_str,0,per_ckpt,step650000-tokens2730B,72,0.303,0.1818,0.3065,0.1858,average_rankme,none
min_rankme,transfer_score_str,0,per_ckpt,step700000-tokens2940B,72,0.303,0.1818,0.3075,0.1878,average_rankme,none
min_rankme,transfer_score_str,0,per_ckpt,step750000-tokens3150B,72,0.303,0.1818,0.3127,0.1808,average_rankme,none
min_rankme,transfer_score_str,0,per_ckpt,step800000-tokens3360B,72,0.303,0.1818,0.3025,0.1908,average_rankme,none
min_rankme,transfer_score_str,0,per_ckpt,step850000-tokens3570B,72,0.303,0.1818,0.3186,0.1748,average_rankme,none
min_rankme,transfer_score_str,0,per_ckpt,step900000-tokens3780B,72,0.303,0.1818,0.3112,0.1808,average_rankme,none
min_rankme,transfer_score_str,0,per_ckpt,step950000-tokens3990B,72,0.2501,0.2827,0.3095,0.1818,average_rankme,none
min_rankme,transfer_score_str,0,per_ckpt,step1000000-tokens4200B,72,0.303,0.1818,0.3127,0.1788,average_rankme,none
min_rankme,transfer_score_str,0,per_ckpt,step1194000-tokens5014B,72,0.2501,0.2827,0.3039,0.1928,average_rankme,none
min_rankme,transfer_score_str,0,per_ckpt,step1432000-tokens6014B,72,0.2501,0.2827,0.3081,0.1878,average_rankme,none
min_rankme,transfer_score_str,0,per_ckpt,step1670000-tokens7014B,72,0.2609,0.2567,0.3486,0.1419,average_rankme,none
min_rankme,transfer_score_str,0,per_ckpt,step1678000-tokens7047B,72,0.2501,0.2827,0.3116,0.1818,average_rankme,none
min_rankme,transfer_score_str,0,per_ckpt,step1700000-tokens7232B,72,0.303,0.1818,0.317,0.1728,average_rankme,none
min_rankme,transfer_score_str,0,per_ckpt,step1750000-tokens7652B,72,0.303,0.1818,0.3218,0.1668,average_rankme,none
min_rankme,transfer_score_str,0,per_ckpt,step1800000-tokens8072B,72,0.303,0.1818,0.3256,0.1668,average_rankme,none
min_rankme,transfer_score_str,0,per_ckpt,step1850000-tokens8492B,72,0.303,0.1818,0.3291,0.1618,average_rankme,none
min_rankme,transfer_score_str,0,per_ckpt,step1900000-tokens8912B,72,0.303,0.1818,0.3227,0.1688,average_rankme,none
min_rankme,transfer_score_str,0,per_ckpt,step1950000-tokens9332B,72,0.2511,0.2837,0.33,0.1618,average_rankme,none
min_rankme,transfer_score_str,0,per_ckpt,step2000000-tokens9752B,72,0.303,0.1818,0.3201,0.1678,average_rankme,none
min_rankme,transfer_score_str,0,per_ckpt,step2050000-tokens10172B,72,0.2501,0.2827,0.3125,0.1788,average_rankme,none
min_rankme,transfer_score_str,0,per_ckpt,step2100000-tokens10592B,72,0.303,0.1818,0.3318,0.1618,average_rankme,none
min_rankme,transfer_score_str,0,per_ckpt,step2150000-tokens11012B,72,0.303,0.1818,0.3293,0.1658,average_rankme,none
min_rankme,transfer_score_str,0,per_ckpt,step2200000-tokens11432B,72,0.303,0.1818,0.3193,0.1708,average_rankme,none
min_rankme,transfer_score_str,0,per_ckpt,step2250000-tokens11852B,72,0.2501,0.2827,0.3261,0.1678,average_rankme,none
min_rankme,transfer_score_str,0,per_ckpt,step2300000-tokens12272B,72,0.303,0.1818,0.3254,0.1678,average_rankme,none
min_rankme,transfer_score_str,0,per_ckpt,step2350000-tokens12692B,72,0.303,0.1818,0.3217,0.1718,average_rankme,none
min_rankme,transfer_score_str,0,per_ckpt,step2400000-tokens13112B,72,0.2501,0.2827,0.322,0.1688,average_rankme,none
min_rankme,transfer_score_str,0,per_ckpt,step2450000-tokens13532B,72,0.303,0.1818,0.305,0.1858,average_rankme,none
min_rankme,transfer_score_str,0,per_ckpt,step2500000-tokens13952B,72,0.303,0.1818,0.3079,0.1818,average_rankme,none
min_rankme,transfer_score_str,0,per_ckpt,step2550000-tokens14372B,72,0.2501,0.2827,0.3092,0.1838,average_rankme,none
min_rankme,transfer_score_str,0,per_ckpt,step2600000-tokens14792B,72,0.303,0.1818,0.3144,0.1788,average_rankme,none
min_rankme,transfer_score_str,0,per_ckpt,step2627139-tokens15T,72,0.303,0.1818,0.314,0.1768,average_rankme,none
min_rankme,transfer_score_str,0,per_ckpt,main,72,0.303,0.1818,0.3204,0.1688,average_rankme,none
min_rankme,overall_score_str,0,per_ckpt,step50000-tokens210B,72,0.2351,0.3317,0.2379,0.3457,average_rankme,none
min_rankme,overall_score_str,0,per_ckpt,step100000-tokens420B,72,0.3097,0.1988,0.2671,0.2957,average_rankme,none
min_rankme,overall_score_str,0,per_ckpt,step150000-tokens630B,72,0.3097,0.1988,0.2695,0.2937,average_rankme,none
min_rankme,overall_score_str,0,per_ckpt,step200000-tokens840B,72,0.2439,0.3097,0.2581,0.3127,average_rankme,none
min_rankme,overall_score_str,0,per_ckpt,step250000-tokens1050B,72,0.3009,0.2148,0.2795,0.2747,average_rankme,none
min_rankme,overall_score_str,0,per_ckpt,step300000-tokens1260B,72,0.3009,0.2148,0.2679,0.2967,average_rankme,none
min_rankme,overall_score_str,0,per_ckpt,step350000-tokens1470B,72,0.2351,0.3317,0.2503,0.3257,average_rankme,none
min_rankme,overall_score_str,0,per_ckpt,step400000-tokens1680B,72,0.3009,0.2148,0.2542,0.3177,average_rankme,none
min_rankme,overall_score_str,0,per_ckpt,step450000-tokens1890B,72,0.3009,0.2148,0.2485,0.3297,average_rankme,none
min_rankme,overall_score_str,0,per_ckpt,step500000-tokens2100B,72,0.3009,0.2148,0.239,0.3487,average_rankme,none
min_rankme,overall_score_str,0,per_ckpt,step550000-tokens2310B,72,0.3009,0.2148,0.246,0.3317,average_rankme,none
min_rankme,overall_score_str,0,per_ckpt,step600000-tokens2520B,72,0.3009,0.2148,0.259,0.3087,average_rankme,none
min_rankme,overall_score_str,0,per_ckpt,step650000-tokens2730B,72,0.3009,0.2148,0.2534,0.3197,average_rankme,none
min_rankme,overall_score_str,0,per_ckpt,step700000-tokens2940B,72,0.3009,0.2148,0.2525,0.3207,average_rankme,none
min_rankme,overall_score_str,0,per_ckpt,step750000-tokens3150B,72,0.3009,0.2148,0.2551,0.3197,average_rankme,none
min_rankme,overall_score_str,0,per_ckpt,step800000-tokens3360B,72,0.3009,0.2148,0.2457,0.3377,average_rankme,none
min_rankme,overall_score_str,0,per_ckpt,step850000-tokens3570B,72,0.3009,0.2148,0.2624,0.3097,average_rankme,none
min_rankme,overall_score_str,0,per_ckpt,step900000-tokens3780B,72,0.3009,0.2148,0.2489,0.3267,average_rankme,none
min_rankme,overall_score_str,0,per_ckpt,step950000-tokens3990B,72,0.2351,0.3317,0.2464,0.3317,average_rankme,none
min_rankme,overall_score_str,0,per_ckpt,step1000000-tokens4200B,72,0.3009,0.2148,0.2517,0.3247,average_rankme,none
min_rankme,overall_score_str,0,per_ckpt,step1194000-tokens5014B,72,0.2351,0.3317,0.2412,0.3427,average_rankme,none
min_rankme,overall_score_str,0,per_ckpt,step1432000-tokens6014B,72,0.2351,0.3317,0.2486,0.3317,average_rankme,none
min_rankme,overall_score_str,0,per_ckpt,step1670000-tokens7014B,72,0.2439,0.3097,0.2766,0.2767,average_rankme,none
min_rankme,overall_score_str,0,per_ckpt,step1678000-tokens7047B,72,0.2351,0.3317,0.2445,0.3377,average_rankme,none
min_rankme,overall_score_str,0,per_ckpt,step1700000-tokens7232B,72,0.3009,0.2148,0.2506,0.3237,average_rankme,none
min_rankme,overall_score_str,0,per_ckpt,step1750000-tokens7652B,72,0.3009,0.2148,0.2541,0.3217,average_rankme,none
min_rankme,overall_score_str,0,per_ckpt,step1800000-tokens8072B,72,0.3009,0.2148,0.2639,0.3047,average_rankme,none
min_rankme,overall_score_str,0,per_ckpt,step1850000-tokens8492B,72,0.3009,0.2148,0.2637,0.3067,average_rankme,none
min_rankme,overall_score_str,0,per_ckpt,step1900000-tokens8912B,72,0.3009,0.2148,0.2589,0.3137,average_rankme,none
min_rankme,overall_score_str,0,per_ckpt,step1950000-tokens9332B,72,0.2292,0.3477,0.2751,0.2777,average_rankme,none
min_rankme,overall_score_str,0,per_ckpt,step2000000-tokens9752B,72,0.3009,0.2148,0.2611,0.3117,average_rankme,none
min_rankme,overall_score_str,0,per_ckpt,step2050000-tokens10172B,72,0.2351,0.3317,0.2531,0.3237,average_rankme,none
min_rankme,overall_score_str,0,per_ckpt,step2100000-tokens10592B,72,0.3009,0.2148,0.2729,0.2827,average_rankme,none
min_rankme,overall_score_str,0,per_ckpt,step2150000-tokens11012B,72,0.3009,0.2148,0.2716,0.2887,average_rankme,none
min_rankme,overall_score_str,0,per_ckpt,step2200000-tokens11432B,72,0.3009,0.2148,0.2581,0.3177,average_rankme,none
min_rankme,overall_score_str,0,per_ckpt,step2250000-tokens11852B,72,0.2351,0.3317,0.2623,0.3077,average_rankme,none
min_rankme,overall_score_str,0,per_ckpt,step2300000-tokens12272B,72,0.3009,0.2148,0.2645,0.3077,average_rankme,none
min_rankme,overall_score_str,0,per_ckpt,step2350000-tokens12692B,72,0.3009,0.2148,0.2657,0.2977,average_rankme,none
min_rankme,overall_score_str,0,per_ckpt,step2400000-tokens13112B,72,0.2351,0.3317,0.2651,0.2977,average_rankme,none
min_rankme,overall_score_str,0,per_ckpt,step2450000-tokens13532B,72,0.3009,0.2148,0.2544,0.3147,average_rankme,none
min_rankme,overall_score_str,0,per_ckpt,step2500000-tokens13952B,72,0.3009,0.2148,0.2654,0.2827,average_rankme,none
min_rankme,overall_score_str,0,per_ckpt,step2550000-tokens14372B,72,0.2351,0.3317,0.2625,0.2967,average_rankme,none
min_rankme,overall_score_str,0,per_ckpt,step2600000-tokens14792B,72,0.3009,0.2148,0.2706,0.2797,average_rankme,none
min_rankme,overall_score_str,0,per_ckpt,step2627139-tokens15T,72,0.3009,0.2148,0.2712,0.2777,average_rankme,none
min_rankme,overall_score_str,0,per_ckpt,main,72,0.3009,0.2148,0.2812,0.2617,average_rankme,none
min_rankme,transfer_margin_str,0,per_ckpt,step50000-tokens210B,72,0.3386,0.0879,0.2917,0.1868,average_rankme,none
min_rankme,transfer_margin_str,0,per_ckpt,step100000-tokens420B,72,0.3062,0.1349,0.3145,0.1608,average_rankme,none
min_rankme,transfer_margin_str,0,per_ckpt,step150000-tokens630B,72,0.3062,0.1349,0.3177,0.1528,average_rankme,none
min_rankme,transfer_margin_str,0,per_ckpt,step200000-tokens840B,72,0.3402,0.0859,0.3212,0.1429,average_rankme,none
min_rankme,transfer_margin_str,0,per_ckpt,step250000-tokens1050B,72,0.3045,0.1359,0.3107,0.1638,average_rankme,none
min_rankme,transfer_margin_str,0,per_ckpt,step300000-tokens1260B,72,0.3045,0.1359,0.3028,0.1758,average_rankme,none
min_rankme,transfer_margin_str,0,per_ckpt,step350000-tokens1470B,72,0.3386,0.0879,0.3035,0.1708,average_rankme,none
min_rankme,transfer_margin_str,0,per_ckpt,step400000-tokens1680B,72,0.3045,0.1359,0.3015,0.1788,average_rankme,none
min_rankme,transfer_margin_str,0,per_ckpt,step450000-tokens1890B,72,0.3045,0.1359,0.3012,0.1748,average_rankme,none
min_rankme,transfer_margin_str,0,per_ckpt,step500000-tokens2100B,72,0.3045,0.1359,0.294,0.1808,average_rankme,none
min_rankme,transfer_margin_str,0,per_ckpt,step550000-tokens2310B,72,0.3045,0.1359,0.2932,0.1818,average_rankme,none
min_rankme,transfer_margin_str,0,per_ckpt,step600000-tokens2520B,72,0.3045,0.1359,0.2928,0.1848,average_rankme,none
min_rankme,transfer_margin_str,0,per_ckpt,step650000-tokens2730B,72,0.3045,0.1359,0.2971,0.1808,average_rankme,none
min_rankme,transfer_margin_str,0,per_ckpt,step700000-tokens2940B,72,0.3045,0.1359,0.3012,0.1748,average_rankme,none
min_rankme,transfer_margin_str,0,per_ckpt,step750000-tokens3150B,72,0.3045,0.1359,0.3038,0.1758,average_rankme,none
min_rankme,transfer_margin_str,0,per_ckpt,step800000-tokens3360B,72,0.3045,0.1359,0.297,0.1788,average_rankme,none
min_rankme,transfer_margin_str,0,per_ckpt,step850000-tokens3570B,72,0.3045,0.1359,0.3046,0.1718,average_rankme,none
min_rankme,transfer_margin_str,0,per_ckpt,step900000-tokens3780B,72,0.3045,0.1359,0.3006,0.1788,average_rankme,none
min_rankme,transfer_margin_str,0,per_ckpt,step950000-tokens3990B,72,0.3386,0.0879,0.3087,0.1668,average_rankme,none
min_rankme,transfer_margin_str,0,per_ckpt,step1000000-tokens4200B,72,0.3045,0.1359,0.3064,0.1688,average_rankme,none
min_rankme,transfer_margin_str,0,per_ckpt,step1194000-tokens5014B,72,0.3386,0.0879,0.3081,0.1658,average_rankme,none
min_rankme,transfer_margin_str,0,per_ckpt,step1432000-tokens6014B,72,0.3386,0.0879,0.3075,0.1638,average_rankme,none
min_rankme,transfer_margin_str,0,per_ckpt,step1670000-tokens7014B,72,0.3402,0.0859,0.3205,0.1578,average_rankme,none
min_rankme,transfer_margin_str,0,per_ckpt,step1678000-tokens7047B,72,0.3386,0.0879,0.3111,0.1608,average_rankme,none
min_rankme,transfer_margin_str,0,per_ckpt,step1700000-tokens7232B,72,0.3045,0.1359,0.3064,0.1708,average_rankme,none
min_rankme,transfer_margin_str,0,per_ckpt,step1750000-tokens7652B,72,0.3045,0.1359,0.3095,0.1658,average_rankme,none
min_rankme,transfer_margin_str,0,per_ckpt,step1800000-tokens8072B,72,0.3045,0.1359,0.3086,0.1678,average_rankme,none
min_rankme,transfer_margin_str,0,per_ckpt,step1850000-tokens8492B,72,0.3045,0.1359,0.3099,0.1658,average_rankme,none
min_rankme,transfer_margin_str,0,per_ckpt,step1900000-tokens8912B,72,0.3045,0.1359,0.3069,0.1698,average_rankme,none
min_rankme,transfer_margin_str,0,per_ckpt,step1950000-tokens9332B,72,0.3454,0.0819,0.3022,0.1728,average_rankme,none
min_rankme,transfer_margin_str,0,per_ckpt,step2000000-tokens9752B,72,0.3045,0.1359,0.3024,0.1718,average_rankme,none
min_rankme,transfer_margin_str,0,per_ckpt,step2050000-tokens10172B,72,0.3386,0.0879,0.307,0.1648,average_rankme,none
min_rankme,transfer_margin_str,0,per_ckpt,step2100000-tokens10592B,72,0.3045,0.1359,0.3071,0.1728,average_rankme,none
min_rankme,transfer_margin_str,0,per_ckpt,step2150000-tokens11012B,72,0.3045,0.1359,0.3069,0.1708,average_rankme,none
min_rankme,transfer_margin_str,0,per_ckpt,step2200000-tokens11432B,72,0.3045,0.1359,0.3082,0.1668,average_rankme,none
min_rankme,transfer_margin_str,0,per_ckpt,step2250000-tokens11852B,72,0.3386,0.0879,0.3102,0.1648,average_rankme,none
min_rankme,transfer_margin_str,0,per_ckpt,step2300000-tokens12272B,72,0.3045,0.1359,0.3092,0.1698,average_rankme,none
min_rankme,transfer_margin_str,0,per_ckpt,step2350000-tokens12692B,72,0.3045,0.1359,0.3077,0.1688,average_rankme,none
min_rankme,transfer_margin_str,0,per_ckpt,step2400000-tokens13112B,72,0.3386,0.0879,0.3083,0.1678,average_rankme,none
min_rankme,transfer_margin_str,0,per_ckpt,step2450000-tokens13532B,72,0.3045,0.1359,0.2881,0.1928,average_rankme,none
min_rankme,transfer_margin_str,0,per_ckpt,step2500000-tokens13952B,72,0.3045,0.1359,0.285,0.2008,average_rankme,none
min_rankme,transfer_margin_str,0,per_ckpt,step2550000-tokens14372B,72,0.3386,0.0879,0.2945,0.1888,average_rankme,none
min_rankme,transfer_margin_str,0,per_ckpt,step2600000-tokens14792B,72,0.3045,0.1359,0.2946,0.1908,average_rankme,none
min_rankme,transfer_margin_str,0,per_ckpt,step2627139-tokens15T,72,0.3045,0.1359,0.2895,0.1978,average_rankme,none
min_rankme,transfer_margin_str,0,per_ckpt,main,72,0.3045,0.1359,0.2885,0.2008,average_rankme,none
min_rankme,overall_margin_str,0,per_ckpt,step50000-tokens210B,72,0.42,0.0639,0.4601,0.035,average_rankme,none
min_rankme,overall_margin_str,0,per_ckpt,step100000-tokens420B,72,0.4881,0.02,0.4966,0.025,average_rankme,none
min_rankme,overall_margin_str,0,per_ckpt,step150000-tokens630B,72,0.4881,0.02,0.4993,0.027,average_rankme,none
min_rankme,overall_margin_str,0,per_ckpt,step200000-tokens840B,72,0.425,0.0589,0.4921,0.029,average_rankme,none
min_rankme,overall_margin_str,0,per_ckpt,step250000-tokens1050B,72,0.4831,0.022,0.5058,0.025,average_rankme,none
min_rankme,overall_margin_str,0,per_ckpt,step300000-tokens1260B,72,0.4831,0.022,0.4957,0.025,average_rankme,none
min_rankme,overall_margin_str,0,per_ckpt,step350000-tokens1470B,72,0.42,0.0639,0.4771,0.029,average_rankme,none
min_rankme,overall_margin_str,0,per_ckpt,step400000-tokens1680B,72,0.4831,0.022,0.4856,0.027,average_rankme,none
min_rankme,overall_margin_str,0,per_ckpt,step450000-tokens1890B,72,0.4831,0.022,0.4774,0.029,average_rankme,none
min_rankme,overall_margin_str,0,per_ckpt,step500000-tokens2100B,72,0.4831,0.022,0.4665,0.029,average_rankme,none
min_rankme,overall_margin_str,0,per_ckpt,step550000-tokens2310B,72,0.4831,0.022,0.4751,0.027,average_rankme,none
min_rankme,overall_margin_str,0,per_ckpt,step600000-tokens2520B,72,0.4831,0.022,0.484,0.025,average_rankme,none
min_rankme,overall_margin_str,0,per_ckpt,step650000-tokens2730B,72,0.4831,0.022,0.4795,0.028,average_rankme,none
min_rankme,overall_margin_str,0,per_ckpt,step700000-tokens2940B,72,0.4831,0.022,0.4835,0.028,average_rankme,none
min_rankme,overall_margin_str,0,per_ckpt,step750000-tokens3150B,72,0.4831,0.022,0.4857,0.028,average_rankme,none
min_rankme,overall_margin_str,0,per_ckpt,step800000-tokens3360B,72,0.4831,0.022,0.4745,0.029,average_rankme,none
min_rankme,overall_margin_str,0,per_ckpt,step850000-tokens3570B,72,0.4831,0.022,0.4923,0.028,average_rankme,none
min_rankme,overall_margin_str,0,per_ckpt,step900000-tokens3780B,72,0.4831,0.022,0.4798,0.028,average_rankme,none
min_rankme,overall_margin_str,0,per_ckpt,step950000-tokens3990B,72,0.42,0.0639,0.4789,0.029,average_rankme,none
min_rankme,overall_margin_str,0,per_ckpt,step1000000-tokens4200B,72,0.4831,0.022,0.4819,0.029,average_rankme,none
min_rankme,overall_margin_str,0,per_ckpt,step1194000-tokens5014B,72,0.42,0.0639,0.474,0.031,average_rankme,none
min_rankme,overall_margin_str,0,per_ckpt,step1432000-tokens6014B,72,0.42,0.0639,0.4791,0.03,average_rankme,none
min_rankme,overall_margin_str,0,per_ckpt,step1670000-tokens7014B,72,0.425,0.0589,0.5054,0.027,average_rankme,none
min_rankme,overall_margin_str,0,per_ckpt,step1678000-tokens7047B,72,0.42,0.0639,0.4781,0.03,average_rankme,none
min_rankme,overall_margin_str,0,per_ckpt,step1700000-tokens7232B,72,0.4831,0.022,0.4812,0.028,average_rankme,none
min_rankme,overall_margin_str,0,per_ckpt,step1750000-tokens7652B,72,0.4831,0.022,0.4847,0.029,average_rankme,none
min_rankme,overall_margin_str,0,per_ckpt,step1800000-tokens8072B,72,0.4831,0.022,0.4916,0.029,average_rankme,none
min_rankme,overall_margin_str,0,per_ckpt,step1850000-tokens8492B,72,0.4831,0.022,0.4924,0.028,average_rankme,none
min_rankme,overall_margin_str,0,per_ckpt,step1900000-tokens8912B,72,0.4831,0.022,0.4856,0.029,average_rankme,none
min_rankme,overall_margin_str,0,per_ckpt,step1950000-tokens9332B,72,0.4045,0.0779,0.4951,0.026,average_rankme,none
min_rankme,overall_margin_str,0,per_ckpt,step2000000-tokens9752B,72,0.4831,0.022,0.4887,0.026,average_rankme,none
min_rankme,overall_margin_str,0,per_ckpt,step2050000-tokens10172B,72,0.42,0.0639,0.4816,0.029,average_rankme,none
min_rankme,overall_margin_str,0,per_ckpt,step2100000-tokens10592B,72,0.4831,0.022,0.4997,0.025,average_rankme,none
min_rankme,overall_margin_str,0,per_ckpt,step2150000-tokens11012B,72,0.4831,0.022,0.4983,0.025,average_rankme,none
min_rankme,overall_margin_str,0,per_ckpt,step2200000-tokens11432B,72,0.4831,0.022,0.4876,0.029,average_rankme,none
min_rankme,overall_margin_str,0,per_ckpt,step2250000-tokens11852B,72,0.42,0.0639,0.4902,0.029,average_rankme,none
min_rankme,overall_margin_str,0,per_ckpt,step2300000-tokens12272B,72,0.4831,0.022,0.4949,0.028,average_rankme,none
min_rankme,overall_margin_str,0,per_ckpt,step2350000-tokens12692B,72,0.4831,0.022,0.4928,0.028,average_rankme,none
min_rankme,overall_margin_str,0,per_ckpt,step2400000-tokens13112B,72,0.42,0.0639,0.491,0.028,average_rankme,none
min_rankme,overall_margin_str,0,per_ckpt,step2450000-tokens13532B,72,0.4831,0.022,0.4775,0.025,average_rankme,none
min_rankme,overall_margin_str,0,per_ckpt,step2500000-tokens13952B,72,0.4831,0.022,0.4839,0.025,average_rankme,none
min_rankme,overall_margin_str,0,per_ckpt,step2550000-tokens14372B,72,0.42,0.0639,0.4857,0.027,average_rankme,none
min_rankme,overall_margin_str,0,per_ckpt,step2600000-tokens14792B,72,0.4831,0.022,0.4929,0.026,average_rankme,none
min_rankme,overall_margin_str,0,per_ckpt,step2627139-tokens15T,72,0.4831,0.022,0.4912,0.025,average_rankme,none
min_rankme,overall_margin_str,0,per_ckpt,main,72,0.4831,0.022,0.5013,0.024,average_rankme,none
norm_asym,accuracy_majority,0,per_ckpt,step50000-tokens210B,72,-0.1761,0.4316,-0.1675,0.4665,average_rankme,none
norm_asym,accuracy_majority,0,per_ckpt,step100000-tokens420B,72,-0.1905,0.3906,-0.194,0.3946,average_rankme,none
norm_asym,accuracy_majority,0,per_ckpt,step150000-tokens630B,72,-0.2069,0.3536,-0.2077,0.3536,average_rankme,none
norm_asym,accuracy_majority,0,per_ckpt,step200000-tokens840B,72,-0.2112,0.3437,-0.2085,0.3516,average_rankme,none
norm_asym,accuracy_majority,0,per_ckpt,step250000-tokens1050B,72,-0.2026,0.3656,-0.1958,0.3876,average_rankme,none
norm_asym,accuracy_majority,0,per_ckpt,step300000-tokens1260B,72,-0.2052,0.3616,-0.1915,0.4036,average_rankme,none
norm_asym,accuracy_majority,0,per_ckpt,step350000-tokens1470B,72,-0.1921,0.3956,-0.1853,0.4186,average_rankme,none
norm_asym,accuracy_majority,0,per_ckpt,step400000-tokens1680B,72,-0.2132,0.3427,-0.1971,0.3936,average_rankme,none
norm_asym,accuracy_majority,0,per_ckpt,step450000-tokens1890B,72,-0.194,0.3966,-0.1878,0.4136,average_rankme,none
norm_asym,accuracy_majority,0,per_ckpt,step500000-tokens2100B,72,-0.2008,0.3806,-0.1793,0.4326,average_rankme,none
norm_asym,accuracy_majority,0,per_ckpt,step550000-tokens2310B,72,-0.2008,0.3776,-0.1871,0.4196,average_rankme,none
norm_asym,accuracy_majority,0,per_ckpt,step600000-tokens2520B,72,-0.1969,0.3866,-0.1791,0.4346,average_rankme,none
norm_asym,accuracy_majority,0,per_ckpt,step650000-tokens2730B,72,-0.198,0.3846,-0.1822,0.4246,average_rankme,none
norm_asym,accuracy_majority,0,per_ckpt,step700000-tokens2940B,72,-0.21,0.3447,-0.1965,0.3966,average_rankme,none
norm_asym,accuracy_majority,0,per_ckpt,step750000-tokens3150B,72,-0.2121,0.3417,-0.2002,0.3826,average_rankme,none
norm_asym,accuracy_majority,0,per_ckpt,step800000-tokens3360B,72,-0.2043,0.3626,-0.1874,0.4156,average_rankme,none
norm_asym,accuracy_majority,0,per_ckpt,step850000-tokens3570B,72,-0.213,0.3387,-0.2024,0.3746,average_rankme,none
norm_asym,accuracy_majority,0,per_ckpt,step900000-tokens3780B,72,-0.2102,0.3467,-0.1984,0.3906,average_rankme,none
norm_asym,accuracy_majority,0,per_ckpt,step950000-tokens3990B,72,-0.2145,0.3367,-0.2017,0.3716,average_rankme,none
norm_asym,accuracy_majority,0,per_ckpt,step1000000-tokens4200B,72,-0.2093,0.3516,-0.1967,0.3916,average_rankme,none
norm_asym,accuracy_majority,0,per_ckpt,step1194000-tokens5014B,72,-0.21,0.3556,-0.1978,0.3846,average_rankme,none
norm_asym,accuracy_majority,0,per_ckpt,step1432000-tokens6014B,72,-0.2055,0.3616,-0.1929,0.3956,average_rankme,none
norm_asym,accuracy_majority,0,per_ckpt,step1670000-tokens7014B,72,-0.1863,0.4026,-0.1851,0.4126,average_rankme,none
norm_asym,accuracy_majority,0,per_ckpt,step1678000-tokens7047B,72,-0.2155,0.3427,-0.2033,0.3726,average_rankme,none
norm_asym,accuracy_majority,0,per_ckpt,step1700000-tokens7232B,72,-0.2134,0.3407,-0.1996,0.3856,average_rankme,none
norm_asym,accuracy_majority,0,per_ckpt,step1750000-tokens7652B,72,-0.2051,0.3646,-0.1983,0.3856,average_rankme,none
norm_asym,accuracy_majority,0,per_ckpt,step1800000-tokens8072B,72,-0.2124,0.3417,-0.1975,0.3836,average_rankme,none
norm_asym,accuracy_majority,0,per_ckpt,step1850000-tokens8492B,72,-0.2202,0.3137,-0.2039,0.3706,average_rankme,none
norm_asym,accuracy_majority,0,per_ckpt,step1900000-tokens8912B,72,-0.2149,0.3237,-0.1954,0.3876,average_rankme,none
norm_asym,accuracy_majority,0,per_ckpt,step1950000-tokens9332B,72,-0.2033,0.3606,-0.1809,0.4176,average_rankme,none
norm_asym,accuracy_majority,0,per_ckpt,step2000000-tokens9752B,72,-0.2111,0.3457,-0.1923,0.4026,average_rankme,none
norm_asym,accuracy_majority,0,per_ckpt,step2050000-tokens10172B,72,-0.2064,0.3576,-0.1893,0.4046,average_rankme,none
norm_asym,accuracy_majority,0,per_ckpt,step2100000-tokens10592B,72,-0.2072,0.3566,-0.1931,0.3996,average_rankme,none
norm_asym,accuracy_majority,0,per_ckpt,step2150000-tokens11012B,72,-0.2145,0.3277,-0.1959,0.3876,average_rankme,none
norm_asym,accuracy_majority,0,per_ckpt,step2200000-tokens11432B,72,-0.2124,0.3417,-0.1971,0.3906,average_rankme,none
norm_asym,accuracy_majority,0,per_ckpt,step2250000-tokens11852B,72,-0.2163,0.3277,-0.1993,0.3806,average_rankme,none
norm_asym,accuracy_majority,0,per_ckpt,step2300000-tokens12272B,72,-0.2126,0.3397,-0.2053,0.3716,average_rankme,none
norm_asym,accuracy_majority,0,per_ckpt,step2350000-tokens12692B,72,-0.2096,0.3457,-0.192,0.3936,average_rankme,none
norm_asym,accuracy_majority,0,per_ckpt,step2400000-tokens13112B,72,-0.1962,0.3776,-0.1896,0.4026,average_rankme,none
norm_asym,accuracy_majority,0,per_ckpt,step2450000-tokens13532B,72,-0.186,0.4096,-0.1679,0.4635,average_rankme,none
norm_asym,accuracy_majority,0,per_ckpt,step2500000-tokens13952B,72,-0.18,0.4266,-0.1582,0.4825,average_rankme,none
norm_asym,accuracy_majority,0,per_ckpt,step2550000-tokens14372B,72,-0.1829,0.4186,-0.1718,0.4525,average_rankme,none
norm_asym,accuracy_majority,0,per_ckpt,step2600000-tokens14792B,72,-0.1827,0.4146,-0.1728,0.4496,average_rankme,none
norm_asym,accuracy_majority,0,per_ckpt,step2627139-tokens15T,72,-0.1778,0.4306,-0.1656,0.4665,average_rankme,none
norm_asym,accuracy_majority,0,per_ckpt,main,72,-0.1869,0.4086,-0.172,0.4515,average_rankme,none
norm_asym,overall_score,0,per_ckpt,step50000-tokens210B,72,0.0199,0.9161,0.0476,0.8232,average_rankme,none
norm_asym,overall_score,0,per_ckpt,step100000-tokens420B,72,0.0335,0.8691,0.0565,0.7942,average_rankme,none
norm_asym,overall_score,0,per_ckpt,step150000-tokens630B,72,0.0182,0.9261,0.0454,0.8292,average_rankme,none
norm_asym,overall_score,0,per_ckpt,step200000-tokens840B,72,0.014,0.9381,0.0467,0.8242,average_rankme,none
norm_asym,overall_score,0,per_ckpt,step250000-tokens1050B,72,0.0123,0.952,0.0573,0.7912,average_rankme,none
norm_asym,overall_score,0,per_ckpt,step300000-tokens1260B,72,0.013,0.954,0.0551,0.8032,average_rankme,none
norm_asym,overall_score,0,per_ckpt,step350000-tokens1470B,72,0.0143,0.9391,0.05,0.8112,average_rankme,none
norm_asym,overall_score,0,per_ckpt,step400000-tokens1680B,72,0.0091,0.969,0.0506,0.8112,average_rankme,none
norm_asym,overall_score,0,per_ckpt,step450000-tokens1890B,72,0.0136,0.951,0.0488,0.8162,average_rankme,none
norm_asym,overall_score,0,per_ckpt,step500000-tokens2100B,72,0.0101,0.961,0.0502,0.8152,average_rankme,none
norm_asym,overall_score,0,per_ckpt,step550000-tokens2310B,72,0.0082,0.974,0.0495,0.8152,average_rankme,none
norm_asym,overall_score,0,per_ckpt,step600000-tokens2520B,72,0.0077,0.975,0.0572,0.7942,average_rankme,none
norm_asym,overall_score,0,per_ckpt,step650000-tokens2730B,72,0.0049,0.981,0.0503,0.8162,average_rankme,none
norm_asym,overall_score,0,per_ckpt,step700000-tokens2940B,72,-0.0033,0.984,0.0447,0.8382,average_rankme,none
norm_asym,overall_score,0,per_ckpt,step750000-tokens3150B,72,-0.0035,0.984,0.0384,0.8621,average_rankme,none
norm_asym,overall_score,0,per_ckpt,step800000-tokens3360B,72,-0.0029,0.992,0.0463,0.8312,average_rankme,none
norm_asym,overall_score,0,per_ckpt,step850000-tokens3570B,72,-0.0013,0.998,0.0409,0.8541,average_rankme,none
norm_asym,overall_score,0,per_ckpt,step900000-tokens3780B,72,0.002,0.995,0.0414,0.8452,average_rankme,none
norm_asym,overall_score,0,per_ckpt,step950000-tokens3990B,72,-0.0027,0.983,0.0393,0.8551,average_rankme,none
norm_asym,overall_score,0,per_ckpt,step1000000-tokens4200B,72,0.0025,0.996,0.0433,0.8442,average_rankme,none
norm_asym,overall_score,0,per_ckpt,step1194000-tokens5014B,72,-0.004,0.984,0.0392,0.8551,average_rankme,none
norm_asym,overall_score,0,per_ckpt,step1432000-tokens6014B,72,-0.0003,0.998,0.0428,0.8422,average_rankme,none
norm_asym,overall_score,0,per_ckpt,step1670000-tokens7014B,72,0.0266,0.8941,0.0601,0.7842,average_rankme,none
norm_asym,overall_score,0,per_ckpt,step1678000-tokens7047B,72,-0.0001,1.0,0.0387,0.8561,average_rankme,none
norm_asym,overall_score,0,per_ckpt,step1700000-tokens7232B,72,0.0051,0.986,0.0411,0.8452,average_rankme,none
norm_asym,overall_score,0,per_ckpt,step1750000-tokens7652B,72,0.0138,0.9411,0.0459,0.8272,average_rankme,none
norm_asym,overall_score,0,per_ckpt,step1800000-tokens8072B,72,0.0025,0.993,0.046,0.8322,average_rankme,none
norm_asym,overall_score,0,per_ckpt,step1850000-tokens8492B,72,-0.0032,0.988,0.0396,0.8541,average_rankme,none
norm_asym,overall_score,0,per_ckpt,step1900000-tokens8912B,72,-0.0041,0.984,0.0415,0.8472,average_rankme,none
norm_asym,overall_score,0,per_ckpt,step1950000-tokens9332B,72,-0.0024,0.992,0.0587,0.7762,average_rankme,none
norm_asym,overall_score,0,per_ckpt,step2000000-tokens9752B,72,0.0051,0.985,0.053,0.8082,average_rankme,none
norm_asym,overall_score,0,per_ckpt,step2050000-tokens10172B,72,0.0027,0.991,0.0471,0.8282,average_rankme,none
norm_asym,overall_score,0,per_ckpt,step2100000-tokens10592B,72,0.0117,0.957,0.0557,0.7982,average_rankme,none
norm_asym,overall_score,0,per_ckpt,step2150000-tokens11012B,72,-0.0031,0.987,0.0517,0.8062,average_rankme,none
norm_asym,overall_score,0,per_ckpt,step2200000-tokens11432B,72,0.0025,0.993,0.048,0.8242,average_rankme,none
norm_asym,overall_score,0,per_ckpt,step2250000-tokens11852B,72,-0.0079,0.969,0.042,0.8462,average_rankme,none
norm_asym,overall_score,0,per_ckpt,step2300000-tokens12272B,72,-0.0027,0.988,0.0381,0.8641,average_rankme,none
norm_asym,overall_score,0,per_ckpt,step2350000-tokens12692B,72,-0.0032,0.992,0.0438,0.8402,average_rankme,none
norm_asym,overall_score,0,per_ckpt,step2400000-tokens13112B,72,0.003,0.991,0.0445,0.8432,average_rankme,none
norm_asym,overall_score,0,per_ckpt,step2450000-tokens13532B,72,0.0142,0.95,0.0567,0.7972,average_rankme,none
norm_asym,overall_score,0,per_ckpt,step2500000-tokens13952B,72,0.014,0.9471,0.0645,0.7832,average_rankme,none
norm_asym,overall_score,0,per_ckpt,step2550000-tokens14372B,72,0.0083,0.965,0.0577,0.7962,average_rankme,none
norm_asym,overall_score,0,per_ckpt,step2600000-tokens14792B,72,0.0116,0.955,0.0597,0.7952,average_rankme,none
norm_asym,overall_score,0,per_ckpt,step2627139-tokens15T,72,0.0191,0.9231,0.0647,0.7792,average_rankme,none
norm_asym,overall_score,0,per_ckpt,main,72,0.0117,0.959,0.0612,0.7882,average_rankme,none
norm_asym,transfer_score,0,per_ckpt,step50000-tokens210B,72,0.0084,0.9471,0.0365,0.8022,average_rankme,none
norm_asym,transfer_score,0,per_ckpt,step100000-tokens420B,72,0.0194,0.8921,0.0349,0.8162,average_rankme,none
norm_asym,transfer_score,0,per_ckpt,step150000-tokens630B,72,0.0072,0.956,0.0289,0.8561,average_rankme,none
norm_asym,transfer_score,0,per_ckpt,step200000-tokens840B,72,-0.0015,0.99,0.0273,0.8681,average_rankme,none
norm_asym,transfer_score,0,per_ckpt,step250000-tokens1050B,72,0.005,0.978,0.0357,0.8262,average_rankme,none
norm_asym,transfer_score,0,per_ckpt,step300000-tokens1260B,72,0.0059,0.97,0.0375,0.8072,average_rankme,none
norm_asym,transfer_score,0,per_ckpt,step350000-tokens1470B,72,0.0038,0.978,0.0343,0.8272,average_rankme,none
norm_asym,transfer_score,0,per_ckpt,step400000-tokens1680B,72,-0.0019,0.985,0.0319,0.8352,average_rankme,none
norm_asym,transfer_score,0,per_ckpt,step450000-tokens1890B,72,0.0042,0.971,0.0346,0.8222,average_rankme,none
norm_asym,transfer_score,0,per_ckpt,step500000-tokens2100B,72,0.0026,0.985,0.0374,0.7972,average_rankme,none
norm_asym,transfer_score,0,per_ckpt,step550000-tokens2310B,72,0.0019,0.986,0.0366,0.8112,average_rankme,none
norm_asym,transfer_score,0,per_ckpt,step600000-tokens2520B,72,0.001,0.996,0.0408,0.7852,average_rankme,none
norm_asym,transfer_score,0,per_ckpt,step650000-tokens2730B,72,0.0006,0.997,0.0372,0.8032,average_rankme,none
norm_asym,transfer_score,0,per_ckpt,step700000-tokens2940B,72,-0.0078,0.9411,0.0313,0.8402,average_rankme,none
norm_asym,transfer_score,0,per_ckpt,step750000-tokens3150B,72,-0.0061,0.961,0.0279,0.8571,average_rankme,none
norm_asym,transfer_score,0,per_ckpt,step800000-tokens3360B,72,-0.008,0.9411,0.0324,0.8372,average_rankme,none
norm_asym,transfer_score,0,per_ckpt,step850000-tokens3570B,72,-0.0045,0.974,0.0288,0.8561,average_rankme,none
norm_asym,transfer_score,0,per_ckpt,step900000-tokens3780B,72,-0.0019,0.99,0.0307,0.8442,average_rankme,none
norm_asym,transfer_score,0,per_ckpt,step950000-tokens3990B,72,-0.0079,0.962,0.0256,0.8711,average_rankme,none
norm_asym,transfer_score,0,per_ckpt,step1000000-tokens4200B,72,-0.0003,0.998,0.0313,0.8372,average_rankme,none
norm_asym,transfer_score,0,per_ckpt,step1194000-tokens5014B,72,-0.0062,0.959,0.0303,0.8412,average_rankme,none
norm_asym,transfer_score,0,per_ckpt,step1432000-tokens6014B,72,-0.0042,0.962,0.031,0.8501,average_rankme,none
norm_asym,transfer_score,0,per_ckpt,step1670000-tokens7014B,72,0.0187,0.8861,0.0437,0.7632,average_rankme,none
norm_asym,transfer_score,0,per_ckpt,step1678000-tokens7047B,72,-0.0068,0.951,0.0276,0.8541,average_rankme,none
norm_asym,transfer_score,0,per_ckpt,step1700000-tokens7232B,72,-0.0029,0.984,0.0285,0.8501,average_rankme,none
norm_asym,transfer_score,0,per_ckpt,step1750000-tokens7652B,72,0.0039,0.98,0.0309,0.8392,average_rankme,none
norm_asym,transfer_score,0,per_ckpt,step1800000-tokens8072B,72,-0.004,0.979,0.0285,0.8621,average_rankme,none
norm_asym,transfer_score,0,per_ckpt,step1850000-tokens8492B,72,-0.0157,0.8901,0.0216,0.8901,average_rankme,none
norm_asym,transfer_score,0,per_ckpt,step1900000-tokens8912B,72,-0.0119,0.9241,0.0262,0.8611,average_rankme,none
norm_asym,transfer_score,0,per_ckpt,step1950000-tokens9332B,72,-0.0111,0.9291,0.0369,0.8192,average_rankme,none
norm_asym,transfer_score,0,per_ckpt,step2000000-tokens9752B,72,-0.0019,0.993,0.0356,0.8182,average_rankme,none
norm_asym,transfer_score,0,per_ckpt,step2050000-tokens10172B,72,-0.0042,0.981,0.033,0.8372,average_rankme,none
norm_asym,transfer_score,0,per_ckpt,step2100000-tokens10592B,72,0.0039,0.978,0.0367,0.8152,average_rankme,none
norm_asym,transfer_score,0,per_ckpt,step2150000-tokens11012B,72,-0.011,0.9371,0.0308,0.8511,average_rankme,none
norm_asym,transfer_score,0,per_ckpt,step2200000-tokens11432B,72,-0.004,0.979,0.0317,0.8392,average_rankme,none
norm_asym,transfer_score,0,per_ckpt,step2250000-tokens11852B,72,-0.0162,0.8971,0.0253,0.8691,average_rankme,none
norm_asym,transfer_score,0,per_ckpt,step2300000-tokens12272B,72,-0.004,0.969,0.0268,0.8711,average_rankme,none
norm_asym,transfer_score,0,per_ckpt,step2350000-tokens12692B,72,-0.005,0.971,0.0334,0.8362,average_rankme,none
norm_asym,transfer_score,0,per_ckpt,step2400000-tokens13112B,72,0.0013,0.996,0.0345,0.8252,average_rankme,none
norm_asym,transfer_score,0,per_ckpt,step2450000-tokens13532B,72,0.0109,0.9381,0.0449,0.7552,average_rankme,none
norm_asym,transfer_score,0,per_ckpt,step2500000-tokens13952B,72,0.0108,0.9301,0.0493,0.7323,average_rankme,none
norm_asym,transfer_score,0,per_ckpt,step2550000-tokens14372B,72,0.0054,0.961,0.0426,0.7732,average_rankme,none
norm_asym,transfer_score,0,per_ckpt,step2600000-tokens14792B,72,0.0092,0.9411,0.0434,0.7752,average_rankme,none
norm_asym,transfer_score,0,per_ckpt,step2627139-tokens15T,72,0.0122,0.9261,0.0465,0.7602,average_rankme,none
norm_asym,transfer_score,0,per_ckpt,main,72,0.0098,0.9391,0.0463,0.7662,average_rankme,none
norm_asym,transfer_score_str,0,per_ckpt,step50000-tokens210B,72,0.0055,0.978,-0.0019,0.993,average_rankme,none
norm_asym,transfer_score_str,0,per_ckpt,step100000-tokens420B,72,0.0424,0.8252,0.0107,0.967,average_rankme,none
norm_asym,transfer_score_str,0,per_ckpt,step150000-tokens630B,72,0.03,0.8761,-0.0005,0.999,average_rankme,none
norm_asym,transfer_score_str,0,per_ckpt,step200000-tokens840B,72,0.0217,0.9081,-0.0019,0.997,average_rankme,none
norm_asym,transfer_score_str,0,per_ckpt,step250000-tokens1050B,72,0.0163,0.9351,-0.0057,0.983,average_rankme,none
norm_asym,transfer_score_str,0,per_ckpt,step300000-tokens1260B,72,0.0147,0.9381,-0.0038,0.986,average_rankme,none
norm_asym,transfer_score_str,0,per_ckpt,step350000-tokens1470B,72,0.0103,0.957,-0.0004,0.998,average_rankme,none
norm_asym,transfer_score_str,0,per_ckpt,step400000-tokens1680B,72,0.0088,0.96,-0.0054,0.976,average_rankme,none
norm_asym,transfer_score_str,0,per_ckpt,step450000-tokens1890B,72,0.0111,0.955,-0.0053,0.983,average_rankme,none
norm_asym,transfer_score_str,0,per_ckpt,step500000-tokens2100B,72,0.0116,0.9481,-0.0023,0.994,average_rankme,none
norm_asym,transfer_score_str,0,per_ckpt,step550000-tokens2310B,72,0.0101,0.954,-0.0027,0.992,average_rankme,none
norm_asym,transfer_score_str,0,per_ckpt,step600000-tokens2520B,72,0.0068,0.972,-0.0083,0.966,average_rankme,none
norm_asym,transfer_score_str,0,per_ckpt,step650000-tokens2730B,72,0.0004,0.999,-0.0155,0.9441,average_rankme,none
norm_asym,transfer_score_str,0,per_ckpt,step700000-tokens2940B,72,-0.0086,0.951,-0.0174,0.9331,average_rankme,none
norm_asym,transfer_score_str,0,per_ckpt,step750000-tokens3150B,72,-0.0106,0.9441,-0.0169,0.9401,average_rankme,none
norm_asym,transfer_score_str,0,per_ckpt,step800000-tokens3360B,72,-0.0144,0.9271,-0.0171,0.9371,average_rankme,none
norm_asym,transfer_score_str,0,per_ckpt,step850000-tokens3570B,72,-0.0001,0.999,-0.0156,0.9461,average_rankme,none
norm_asym,transfer_score_str,0,per_ckpt,step900000-tokens3780B,72,0.0043,0.978,-0.0057,0.982,average_rankme,none
norm_asym,transfer_score_str,0,per_ckpt,step950000-tokens3990B,72,-0.0062,0.978,-0.0169,0.9441,average_rankme,none
norm_asym,transfer_score_str,0,per_ckpt,step1000000-tokens4200B,72,0.0018,0.99,-0.0124,0.96,average_rankme,none
norm_asym,transfer_score_str,0,per_ckpt,step1194000-tokens5014B,72,-0.0072,0.969,-0.0145,0.952,average_rankme,none
norm_asym,transfer_score_str,0,per_ckpt,step1432000-tokens6014B,72,-0.0066,0.97,-0.0175,0.9381,average_rankme,none
norm_asym,transfer_score_str,0,per_ckpt,step1670000-tokens7014B,72,0.0425,0.8302,0.0184,0.9371,average_rankme,none
norm_asym,transfer_score_str,0,per_ckpt,step1678000-tokens7047B,72,-0.0011,0.992,-0.01,0.966,average_rankme,none
norm_asym,transfer_score_str,0,per_ckpt,step1700000-tokens7232B,72,0.0084,0.959,-0.0061,0.975,average_rankme,none
norm_asym,transfer_score_str,0,per_ckpt,step1750000-tokens7652B,72,0.0186,0.9241,-0.0029,0.989,average_rankme,none
norm_asym,transfer_score_str,0,per_ckpt,step1800000-tokens8072B,72,0.0033,0.982,-0.0132,0.951,average_rankme,none
norm_asym,transfer_score_str,0,per_ckpt,step1850000-tokens8492B,72,-0.0144,0.9391,-0.0162,0.9451,average_rankme,none
norm_asym,transfer_score_str,0,per_ckpt,step1900000-tokens8912B,72,-0.0111,0.95,-0.0172,0.9381,average_rankme,none
norm_asym,transfer_score_str,0,per_ckpt,step1950000-tokens9332B,72,-0.025,0.8981,-0.0164,0.9401,average_rankme,none
norm_asym,transfer_score_str,0,per_ckpt,step2000000-tokens9752B,72,0.0089,0.956,-0.007,0.97,average_rankme,none
norm_asym,transfer_score_str,0,per_ckpt,step2050000-tokens10172B,72,-0.002,0.992,-0.0154,0.9491,average_rankme,none
norm_asym,transfer_score_str,0,per_ckpt,step2100000-tokens10592B,72,0.0126,0.9481,-0.0054,0.983,average_rankme,none
norm_asym,transfer_score_str,0,per_ckpt,step2150000-tokens11012B,72,-0.0066,0.969,-0.0149,0.9491,average_rankme,none
norm_asym,transfer_score_str,0,per_ckpt,step2200000-tokens11432B,72,0.0033,0.982,-0.0116,0.956,average_rankme,none
norm_asym,transfer_score_str,0,per_ckpt,step2250000-tokens11852B,72,-0.0194,0.9171,-0.0175,0.9391,average_rankme,none
norm_asym,transfer_score_str,0,per_ckpt,step2300000-tokens12272B,72,-0.0025,0.985,-0.0122,0.953,average_rankme,none
norm_asym,transfer_score_str,0,per_ckpt,step2350000-tokens12692B,72,-0.0014,0.992,-0.016,0.9471,average_rankme,none
norm_asym,transfer_score_str,0,per_ckpt,step2400000-tokens13112B,72,-0.0008,1.0,-0.0147,0.951,average_rankme,none
norm_asym,transfer_score_str,0,per_ckpt,step2450000-tokens13532B,72,0.0028,0.982,-0.0068,0.983,average_rankme,none
norm_asym,transfer_score_str,0,per_ckpt,step2500000-tokens13952B,72,-0.0005,0.999,-0.0129,0.955,average_rankme,none
norm_asym,transfer_score_str,0,per_ckpt,step2550000-tokens14372B,72,-0.0111,0.9481,-0.0175,0.9351,average_rankme,none
norm_asym,transfer_score_str,0,per_ckpt,step2600000-tokens14792B,72,-0.0027,0.987,-0.0184,0.9311,average_rankme,none
norm_asym,transfer_score_str,0,per_ckpt,step2627139-tokens15T,72,0.0065,0.975,-0.0152,0.9411,average_rankme,none
norm_asym,transfer_score_str,0,per_ckpt,main,72,0.0046,0.987,-0.014,0.9481,average_rankme,none
norm_asym,overall_score_str,0,per_ckpt,step50000-tokens210B,72,0.101,0.5754,0.0177,0.9311,average_rankme,none
norm_asym,overall_score_str,0,per_ckpt,step100000-tokens420B,72,0.1191,0.5395,0.0255,0.9061,average_rankme,none
norm_asym,overall_score_str,0,per_ckpt,step150000-tokens630B,72,0.1095,0.5744,0.0192,0.9331,average_rankme,none
norm_asym,overall_score_str,0,per_ckpt,step200000-tokens840B,72,0.0981,0.6084,0.0129,0.957,average_rankme,none
norm_asym,overall_score_str,0,per_ckpt,step250000-tokens1050B,72,0.1111,0.5664,0.0267,0.9091,average_rankme,none
norm_asym,overall_score_str,0,per_ckpt,step300000-tokens1260B,72,0.108,0.5724,0.0246,0.9081,average_rankme,none
norm_asym,overall_score_str,0,per_ckpt,step350000-tokens1470B,72,0.0957,0.6024,0.0171,0.9291,average_rankme,none
norm_asym,overall_score_str,0,per_ckpt,step400000-tokens1680B,72,0.103,0.5884,0.0188,0.9271,average_rankme,none
norm_asym,overall_score_str,0,per_ckpt,step450000-tokens1890B,72,0.1072,0.5614,0.0156,0.9361,average_rankme,none
norm_asym,overall_score_str,0,per_ckpt,step500000-tokens2100B,72,0.1043,0.5744,0.015,0.9441,average_rankme,none
norm_asym,overall_score_str,0,per_ckpt,step550000-tokens2310B,72,0.1069,0.5684,0.0189,0.9281,average_rankme,none
norm_asym,overall_score_str,0,per_ckpt,step600000-tokens2520B,72,0.1087,0.5664,0.0251,0.9101,average_rankme,none
norm_asym,overall_score_str,0,per_ckpt,step650000-tokens2730B,72,0.1032,0.5774,0.0189,0.9331,average_rankme,none
norm_asym,overall_score_str,0,per_ckpt,step700000-tokens2940B,72,0.0997,0.5964,0.0156,0.9451,average_rankme,none
norm_asym,overall_score_str,0,per_ckpt,step750000-tokens3150B,72,0.0979,0.6064,0.0157,0.9421,average_rankme,none
norm_asym,overall_score_str,0,per_ckpt,step800000-tokens3360B,72,0.0981,0.6014,0.0141,0.9431,average_rankme,none
norm_asym,overall_score_str,0,per_ckpt,step850000-tokens3570B,72,0.1026,0.5894,0.0198,0.9321,average_rankme,none
norm_asym,overall_score_str,0,per_ckpt,step900000-tokens3780B,72,0.1034,0.5804,0.0164,0.9441,average_rankme,none
norm_asym,overall_score_str,0,per_ckpt,step950000-tokens3990B,72,0.09,0.6374,0.0099,0.96,average_rankme,none
norm_asym,overall_score_str,0,per_ckpt,step1000000-tokens4200B,72,0.0996,0.5934,0.0139,0.95,average_rankme,none
norm_asym,overall_score_str,0,per_ckpt,step1194000-tokens5014B,72,0.0867,0.6414,0.0067,0.98,average_rankme,none
norm_asym,overall_score_str,0,per_ckpt,step1432000-tokens6014B,72,0.0895,0.6314,0.0107,0.963,average_rankme,none
norm_asym,overall_score_str,0,per_ckpt,step1670000-tokens7014B,72,0.1053,0.5844,0.0272,0.8971,average_rankme,none
norm_asym,overall_score_str,0,per_ckpt,step1678000-tokens7047B,72,0.0884,0.6364,0.0077,0.973,average_rankme,none
norm_asym,overall_score_str,0,per_ckpt,step1700000-tokens7232B,72,0.1018,0.5894,0.0146,0.9451,average_rankme,none
norm_asym,overall_score_str,0,per_ckpt,step1750000-tokens7652B,72,0.1073,0.5734,0.0149,0.9371,average_rankme,none
norm_asym,overall_score_str,0,per_ckpt,step1800000-tokens8072B,72,0.1034,0.5834,0.02,0.9281,average_rankme,none
norm_asym,overall_score_str,0,per_ckpt,step1850000-tokens8492B,72,0.1003,0.5954,0.0178,0.9361,average_rankme,none
norm_asym,overall_score_str,0,per_ckpt,step1900000-tokens8912B,72,0.1,0.5964,0.016,0.9401,average_rankme,none
norm_asym,overall_score_str,0,per_ckpt,step1950000-tokens9332B,72,0.0857,0.6464,0.0274,0.9011,average_rankme,none
norm_asym,overall_score_str,0,per_ckpt,step2000000-tokens9752B,72,0.1076,0.5714,0.0222,0.9231,average_rankme,none
norm_asym,overall_score_str,0,per_ckpt,step2050000-tokens10172B,72,0.0936,0.6184,0.0142,0.9491,average_rankme,none
norm_asym,overall_score_str,0,per_ckpt,step2100000-tokens10592B,72,0.1098,0.5704,0.0252,0.9131,average_rankme,none
norm_asym,overall_score_str,0,per_ckpt,step2150000-tokens11012B,72,0.1034,0.5894,0.024,0.9141,average_rankme,none
norm_asym,overall_score_str,0,per_ckpt,step2200000-tokens11432B,72,0.1034,0.5834,0.0167,0.9371,average_rankme,none
norm_asym,overall_score_str,0,per_ckpt,step2250000-tokens11852B,72,0.0882,0.6424,0.0163,0.9381,average_rankme,none
norm_asym,overall_score_str,0,per_ckpt,step2300000-tokens12272B,72,0.1019,0.5924,0.0186,0.9371,average_rankme,none
norm_asym,overall_score_str,0,per_ckpt,step2350000-tokens12692B,72,0.1017,0.5924,0.0184,0.9311,average_rankme,none
norm_asym,overall_score_str,0,per_ckpt,step2400000-tokens13112B,72,0.096,0.6104,0.0187,0.9331,average_rankme,none
norm_asym,overall_score_str,0,per_ckpt,step2450000-tokens13532B,72,0.1051,0.5664,0.024,0.9181,average_rankme,none
norm_asym,overall_score_str,0,per_ckpt,step2500000-tokens13952B,72,0.1091,0.5604,0.0306,0.8961,average_rankme,none
norm_asym,overall_score_str,0,per_ckpt,step2550000-tokens14372B,72,0.0949,0.6044,0.0235,0.9141,average_rankme,none
norm_asym,overall_score_str,0,per_ckpt,step2600000-tokens14792B,72,0.1071,0.5664,0.0269,0.9011,average_rankme,none
norm_asym,overall_score_str,0,per_ckpt,step2627139-tokens15T,72,0.1146,0.5405,0.0309,0.8921,average_rankme,none
norm_asym,overall_score_str,0,per_ckpt,main,72,0.1146,0.5455,0.0357,0.8751,average_rankme,none
norm_asym,transfer_margin_str,0,per_ckpt,step50000-tokens210B,72,0.3509,0.1748,0.2982,0.2677,average_rankme,none
norm_asym,transfer_margin_str,0,per_ckpt,step100000-tokens420B,72,0.3678,0.1439,0.3214,0.2318,average_rankme,none
norm_asym,transfer_margin_str,0,per_ckpt,step150000-tokens630B,72,0.3743,0.1339,0.3245,0.2248,average_rankme,none
norm_asym,transfer_margin_str,0,per_ckpt,step200000-tokens840B,72,0.3764,0.1289,0.3265,0.2178,average_rankme,none
norm_asym,transfer_margin_str,0,per_ckpt,step250000-tokens1050B,72,0.363,0.1459,0.3093,0.2537,average_rankme,none
norm_asym,transfer_margin_str,0,per_ckpt,step300000-tokens1260B,72,0.3621,0.1538,0.3067,0.2507,average_rankme,none
norm_asym,transfer_margin_str,0,per_ckpt,step350000-tokens1470B,72,0.3648,0.1518,0.3075,0.2577,average_rankme,none
norm_asym,transfer_margin_str,0,per_ckpt,step400000-tokens1680B,72,0.3566,0.1608,0.3016,0.2617,average_rankme,none
norm_asym,transfer_margin_str,0,per_ckpt,step450000-tokens1890B,72,0.3516,0.1788,0.3064,0.2507,average_rankme,none
norm_asym,transfer_margin_str,0,per_ckpt,step500000-tokens2100B,72,0.354,0.1678,0.302,0.2617,average_rankme,none
norm_asym,transfer_margin_str,0,per_ckpt,step550000-tokens2310B,72,0.3482,0.1818,0.3005,0.2597,average_rankme,none
norm_asym,transfer_margin_str,0,per_ckpt,step600000-tokens2520B,72,0.3469,0.1848,0.2923,0.2757,average_rankme,none
norm_asym,transfer_margin_str,0,per_ckpt,step650000-tokens2730B,72,0.3513,0.1738,0.296,0.2677,average_rankme,none
norm_asym,transfer_margin_str,0,per_ckpt,step700000-tokens2940B,72,0.3431,0.1828,0.2981,0.2657,average_rankme,none
norm_asym,transfer_margin_str,0,per_ckpt,step750000-tokens3150B,72,0.3449,0.1798,0.2987,0.2657,average_rankme,none
norm_asym,transfer_margin_str,0,per_ckpt,step800000-tokens3360B,72,0.3358,0.1988,0.293,0.2727,average_rankme,none
norm_asym,transfer_margin_str,0,per_ckpt,step850000-tokens3570B,72,0.3545,0.1628,0.2984,0.2677,average_rankme,none
norm_asym,transfer_margin_str,0,per_ckpt,step900000-tokens3780B,72,0.3539,0.1688,0.3043,0.2547,average_rankme,none
norm_asym,transfer_margin_str,0,per_ckpt,step950000-tokens3990B,72,0.3652,0.1469,0.3039,0.2597,average_rankme,none
norm_asym,transfer_margin_str,0,per_ckpt,step1000000-tokens4200B,72,0.3606,0.1578,0.3074,0.2458,average_rankme,none
norm_asym,transfer_margin_str,0,per_ckpt,step1194000-tokens5014B,72,0.3675,0.1469,0.3136,0.2358,average_rankme,none
norm_asym,transfer_margin_str,0,per_ckpt,step1432000-tokens6014B,72,0.3643,0.1518,0.3069,0.2488,average_rankme,none
norm_asym,transfer_margin_str,0,per_ckpt,step1670000-tokens7014B,72,0.3901,0.1229,0.3384,0.2098,average_rankme,none
norm_asym,transfer_margin_str,0,per_ckpt,step1678000-tokens7047B,72,0.3678,0.1459,0.3167,0.2308,average_rankme,none
norm_asym,transfer_margin_str,0,per_ckpt,step1700000-tokens7232B,72,0.3599,0.1588,0.3078,0.2527,average_rankme,none
norm_asym,transfer_margin_str,0,per_ckpt,step1750000-tokens7652B,72,0.3657,0.1499,0.317,0.2348,average_rankme,none
norm_asym,transfer_margin_str,0,per_ckpt,step1800000-tokens8072B,72,0.3573,0.1568,0.2957,0.2767,average_rankme,none
norm_asym,transfer_margin_str,0,per_ckpt,step1850000-tokens8492B,72,0.3333,0.2018,0.2887,0.2917,average_rankme,none
norm_asym,transfer_margin_str,0,per_ckpt,step1900000-tokens8912B,72,0.3406,0.1878,0.2892,0.2907,average_rankme,none
norm_asym,transfer_margin_str,0,per_ckpt,step1950000-tokens9332B,72,0.3325,0.1988,0.2804,0.3007,average_rankme,none
norm_asym,transfer_margin_str,0,per_ckpt,step2000000-tokens9752B,72,0.3535,0.1668,0.2989,0.2667,average_rankme,none
norm_asym,transfer_margin_str,0,per_ckpt,step2050000-tokens10172B,72,0.3639,0.1499,0.3036,0.2577,average_rankme,none
norm_asym,transfer_margin_str,0,per_ckpt,step2100000-tokens10592B,72,0.3573,0.1588,0.304,0.2577,average_rankme,none
norm_asym,transfer_margin_str,0,per_ckpt,step2150000-tokens11012B,72,0.3412,0.1868,0.2892,0.2917,average_rankme,none
norm_asym,transfer_margin_str,0,per_ckpt,step2200000-tokens11432B,72,0.3573,0.1568,0.3045,0.2567,average_rankme,none
norm_asym,transfer_margin_str,0,per_ckpt,step2250000-tokens11852B,72,0.3468,0.1688,0.2913,0.2877,average_rankme,none
norm_asym,transfer_margin_str,0,per_ckpt,step2300000-tokens12272B,72,0.3558,0.1628,0.3044,0.2567,average_rankme,none
norm_asym,transfer_margin_str,0,per_ckpt,step2350000-tokens12692B,72,0.3581,0.1558,0.3064,0.2507,average_rankme,none
norm_asym,transfer_margin_str,0,per_ckpt,step2400000-tokens13112B,72,0.3645,0.1489,0.3094,0.2488,average_rankme,none
norm_asym,transfer_margin_str,0,per_ckpt,step2450000-tokens13532B,72,0.3473,0.1868,0.2991,0.2637,average_rankme,none
norm_asym,transfer_margin_str,0,per_ckpt,step2500000-tokens13952B,72,0.339,0.2028,0.2886,0.2867,average_rankme,none
norm_asym,transfer_margin_str,0,per_ckpt,step2550000-tokens14372B,72,0.3469,0.1848,0.2953,0.2677,average_rankme,none
norm_asym,transfer_margin_str,0,per_ckpt,step2600000-tokens14792B,72,0.3417,0.1938,0.2935,0.2747,average_rankme,none
norm_asym,transfer_margin_str,0,per_ckpt,step2627139-tokens15T,72,0.3369,0.2078,0.2872,0.2877,average_rankme,none
norm_asym,transfer_margin_str,0,per_ckpt,main,72,0.3396,0.2008,0.2874,0.2877,average_rankme,none
norm_asym,overall_margin_str,0,per_ckpt,step50000-tokens210B,72,0.329,0.1279,0.3453,0.1149,average_rankme,none
norm_asym,overall_margin_str,0,per_ckpt,step100000-tokens420B,72,0.3426,0.1079,0.3594,0.0939,average_rankme,none
norm_asym,overall_margin_str,0,per_ckpt,step150000-tokens630B,72,0.337,0.1119,0.3603,0.0909,average_rankme,none
norm_asym,overall_margin_str,0,per_ckpt,step200000-tokens840B,72,0.3194,0.1319,0.3545,0.0979,average_rankme,none
norm_asym,overall_margin_str,0,per_ckpt,step250000-tokens1050B,72,0.341,0.1079,0.3624,0.0889,average_rankme,none
norm_asym,overall_margin_str,0,per_ckpt,step300000-tokens1260B,72,0.3392,0.1149,0.3657,0.0879,average_rankme,none
norm_asym,overall_margin_str,0,per_ckpt,step350000-tokens1470B,72,0.3264,0.1299,0.3512,0.1049,average_rankme,none
norm_asym,overall_margin_str,0,per_ckpt,step400000-tokens1680B,72,0.3284,0.1259,0.3587,0.0939,average_rankme,none
norm_asym,overall_margin_str,0,per_ckpt,step450000-tokens1890B,72,0.336,0.1179,0.3567,0.0999,average_rankme,none
norm_asym,overall_margin_str,0,per_ckpt,step500000-tokens2100B,72,0.333,0.1199,0.3554,0.0989,average_rankme,none
norm_asym,overall_margin_str,0,per_ckpt,step550000-tokens2310B,72,0.3349,0.1189,0.3628,0.0879,average_rankme,none
norm_asym,overall_margin_str,0,per_ckpt,step600000-tokens2520B,72,0.3373,0.1159,0.363,0.0879,average_rankme,none
norm_asym,overall_margin_str,0,per_ckpt,step650000-tokens2730B,72,0.3365,0.1149,0.3598,0.0949,average_rankme,none
norm_asym,overall_margin_str,0,per_ckpt,step700000-tokens2940B,72,0.3266,0.1299,0.3604,0.0919,average_rankme,none
norm_asym,overall_margin_str,0,per_ckpt,step750000-tokens3150B,72,0.326,0.1289,0.3581,0.0959,average_rankme,none
norm_asym,overall_margin_str,0,per_ckpt,step800000-tokens3360B,72,0.3226,0.1339,0.3544,0.1029,average_rankme,none
norm_asym,overall_margin_str,0,per_ckpt,step850000-tokens3570B,72,0.333,0.1199,0.3614,0.0909,average_rankme,none
norm_asym,overall_margin_str,0,per_ckpt,step900000-tokens3780B,72,0.3343,0.1189,0.3611,0.0899,average_rankme,none
norm_asym,overall_margin_str,0,per_ckpt,step950000-tokens3990B,72,0.3217,0.1329,0.3508,0.1039,average_rankme,none
norm_asym,overall_margin_str,0,per_ckpt,step1000000-tokens4200B,72,0.3331,0.1209,0.3589,0.0939,average_rankme,none
norm_asym,overall_margin_str,0,per_ckpt,step1194000-tokens5014B,72,0.3237,0.1319,0.358,0.0959,average_rankme,none
norm_asym,overall_margin_str,0,per_ckpt,step1432000-tokens6014B,72,0.3253,0.1309,0.3546,0.1019,average_rankme,none
norm_asym,overall_margin_str,0,per_ckpt,step1670000-tokens7014B,72,0.3424,0.1079,0.3682,0.0869,average_rankme,none
norm_asym,overall_margin_str,0,per_ckpt,step1678000-tokens7047B,72,0.3193,0.1369,0.3562,0.0989,average_rankme,none
norm_asym,overall_margin_str,0,per_ckpt,step1700000-tokens7232B,72,0.3292,0.1249,0.3552,0.0989,average_rankme,none
norm_asym,overall_margin_str,0,per_ckpt,step1750000-tokens7652B,72,0.3361,0.1159,0.3573,0.0979,average_rankme,none
norm_asym,overall_margin_str,0,per_ckpt,step1800000-tokens8072B,72,0.3315,0.1199,0.3504,0.1039,average_rankme,none
norm_asym,overall_margin_str,0,per_ckpt,step1850000-tokens8492B,72,0.3147,0.1389,0.3423,0.1179,average_rankme,none
norm_asym,overall_margin_str,0,per_ckpt,step1900000-tokens8912B,72,0.3198,0.1339,0.3447,0.1119,average_rankme,none
norm_asym,overall_margin_str,0,per_ckpt,step1950000-tokens9332B,72,0.2957,0.1638,0.3496,0.1029,average_rankme,none
norm_asym,overall_margin_str,0,per_ckpt,step2000000-tokens9752B,72,0.334,0.1199,0.3606,0.0909,average_rankme,none
norm_asym,overall_margin_str,0,per_ckpt,step2050000-tokens10172B,72,0.325,0.1299,0.3534,0.1009,average_rankme,none
norm_asym,overall_margin_str,0,per_ckpt,step2100000-tokens10592B,72,0.3377,0.1129,0.3624,0.0899,average_rankme,none
norm_asym,overall_margin_str,0,per_ckpt,step2150000-tokens11012B,72,0.3246,0.1299,0.3523,0.1029,average_rankme,none
norm_asym,overall_margin_str,0,per_ckpt,step2200000-tokens11432B,72,0.3315,0.1199,0.3568,0.0959,average_rankme,none
norm_asym,overall_margin_str,0,per_ckpt,step2250000-tokens11852B,72,0.3094,0.1479,0.345,0.1119,average_rankme,none
norm_asym,overall_margin_str,0,per_ckpt,step2300000-tokens12272B,72,0.3348,0.1129,0.3589,0.0979,average_rankme,none
norm_asym,overall_margin_str,0,per_ckpt,step2350000-tokens12692B,72,0.3368,0.1139,0.3605,0.0929,average_rankme,none
norm_asym,overall_margin_str,0,per_ckpt,step2400000-tokens13112B,72,0.3333,0.1189,0.3605,0.0929,average_rankme,none
norm_asym,overall_margin_str,0,per_ckpt,step2450000-tokens13532B,72,0.3395,0.1129,0.3657,0.0899,average_rankme,none
norm_asym,overall_margin_str,0,per_ckpt,step2500000-tokens13952B,72,0.3399,0.1149,0.3658,0.0909,average_rankme,none
norm_asym,overall_margin_str,0,per_ckpt,step2550000-tokens14372B,72,0.3285,0.1319,0.3623,0.0929,average_rankme,none
norm_asym,overall_margin_str,0,per_ckpt,step2600000-tokens14792B,72,0.3393,0.1129,0.365,0.0899,average_rankme,none
norm_asym,overall_margin_str,0,per_ckpt,step2627139-tokens15T,72,0.3417,0.1129,0.3643,0.0919,average_rankme,none
norm_asym,overall_margin_str,0,per_ckpt,main,72,0.3483,0.1069,0.3731,0.0849,average_rankme,none
abs_diff,accuracy_majority,0,pooled,,3240,0.0939,0.0,0.0745,0.0,average_rankme,average_rankme
abs_diff,overall_score,0,pooled,,3240,0.0371,0.0345,0.0444,0.0115,average_rankme,average_rankme
abs_diff,transfer_score,0,pooled,,3240,-0.0002,0.9893,0.02,0.2547,average_rankme,average_rankme
abs_diff,transfer_score_str,0,pooled,,3240,-0.2548,0.0,-0.2906,0.0,average_rankme,average_rankme
abs_diff,overall_score_str,0,pooled,,3240,-0.197,0.0,-0.2354,0.0,average_rankme,average_rankme
abs_diff,transfer_margin_str,0,pooled,,3240,-0.1974,0.0,-0.1628,0.0,average_rankme,average_rankme
abs_diff,overall_margin_str,0,pooled,,3240,-0.2541,0.0,-0.3097,0.0,average_rankme,average_rankme
signed_diff,accuracy_majority,0,pooled,,3240,-0.1824,0.0,-0.1547,0.0,average_rankme,average_rankme
signed_diff,overall_score,0,pooled,,3240,0.0174,0.3221,0.0719,0.0,average_rankme,average_rankme
signed_diff,transfer_score,0,pooled,,3240,0.007,0.691,0.0598,0.0007,average_rankme,average_rankme
signed_diff,transfer_score_str,0,pooled,,3240,0.0246,0.1612,0.012,0.4942,average_rankme,average_rankme
signed_diff,overall_score_str,0,pooled,,3240,0.0955,0.0,0.0065,0.7095,average_rankme,average_rankme
signed_diff,transfer_margin_str,0,pooled,,3240,0.3591,0.0,0.3147,0.0,average_rankme,average_rankme
signed_diff,overall_margin_str,0,pooled,,3240,0.3272,0.0,0.363,0.0,average_rankme,average_rankme
min_rankme,accuracy_majority,0,pooled,,3240,-0.0996,0.0,-0.1011,0.0,average_rankme,average_rankme
min_rankme,overall_score,0,pooled,,3240,0.0348,0.0479,0.0066,0.7079,average_rankme,average_rankme
min_rankme,transfer_score,0,pooled,,3240,0.0543,0.002,0.0066,0.7091,average_rankme,average_rankme
min_rankme,transfer_score_str,0,pooled,,3240,0.2993,0.0,0.2959,0.0,average_rankme,average_rankme
min_rankme,overall_score_str,0,pooled,,3240,0.2666,0.0,0.2379,0.0,average_rankme,average_rankme
min_rankme,transfer_margin_str,0,pooled,,3240,0.3315,0.0,0.2833,0.0,average_rankme,average_rankme
min_rankme,overall_margin_str,0,pooled,,3240,0.4336,0.0,0.451,0.0,average_rankme,average_rankme
norm_asym,accuracy_majority,0,pooled,,3240,-0.202,0.0,-0.1905,0.0,average_rankme,average_rankme
norm_asym,overall_score,0,pooled,,3240,0.0082,0.6388,0.0483,0.006,average_rankme,average_rankme
norm_asym,transfer_score,0,pooled,,3240,0.0008,0.9647,0.0334,0.0575,average_rankme,average_rankme
norm_asym,transfer_score_str,0,pooled,,3240,0.0071,0.6866,-0.0065,0.7111,average_rankme,average_rankme
norm_asym,overall_score_str,0,pooled,,3240,0.1035,0.0,0.0182,0.3016,average_rankme,average_rankme
norm_asym,transfer_margin_str,0,pooled,,3240,0.3577,0.0,0.3055,0.0,average_rankme,average_rankme
norm_asym,overall_margin_str,0,pooled,,3240,0.3333,0.0,0.3566,0.0,average_rankme,average_rankme
abs_diff,accuracy_majority,0,per_ckpt,step50000-tokens210B,72,0.0829,0.4925,0.0816,0.4875,average_rankme,average_rankme
abs_diff,accuracy_majority,0,per_ckpt,step100000-tokens420B,72,0.1043,0.3876,0.0927,0.4336,average_rankme,average_rankme
abs_diff,accuracy_majority,0,per_ckpt,step150000-tokens630B,72,0.1083,0.3726,0.0942,0.4346,average_rankme,average_rankme
abs_diff,accuracy_majority,0,per_ckpt,step200000-tokens840B,72,0.1191,0.3287,0.0954,0.4216,average_rankme,average_rankme
abs_diff,accuracy_majority,0,per_ckpt,step250000-tokens1050B,72,0.1055,0.3886,0.0943,0.4296,average_rankme,average_rankme
abs_diff,accuracy_majority,0,per_ckpt,step300000-tokens1260B,72,0.1041,0.3916,0.0923,0.4396,average_rankme,average_rankme
abs_diff,accuracy_majority,0,per_ckpt,step350000-tokens1470B,72,0.1041,0.3916,0.0917,0.4436,average_rankme,average_rankme
abs_diff,accuracy_majority,0,per_ckpt,step400000-tokens1680B,72,0.1059,0.3906,0.09,0.4505,average_rankme,average_rankme
abs_diff,accuracy_majority,0,per_ckpt,step450000-tokens1890B,72,0.1059,0.3906,0.0883,0.4545,average_rankme,average_rankme
abs_diff,accuracy_majority,0,per_ckpt,step500000-tokens2100B,72,0.1059,0.3906,0.0865,0.4655,average_rankme,average_rankme
abs_diff,accuracy_majority,0,per_ckpt,step550000-tokens2310B,72,0.1026,0.3976,0.0844,0.4805,average_rankme,average_rankme
abs_diff,accuracy_majority,0,per_ckpt,step600000-tokens2520B,72,0.0935,0.4366,0.0822,0.4905,average_rankme,average_rankme
abs_diff,accuracy_majority,0,per_ckpt,step650000-tokens2730B,72,0.0968,0.4216,0.0797,0.5015,average_rankme,average_rankme
abs_diff,accuracy_majority,0,per_ckpt,step700000-tokens2940B,72,0.0919,0.4416,0.0776,0.5125,average_rankme,average_rankme
abs_diff,accuracy_majority,0,per_ckpt,step750000-tokens3150B,72,0.0919,0.4416,0.076,0.5165,average_rankme,average_rankme
abs_diff,accuracy_majority,0,per_ckpt,step800000-tokens3360B,72,0.0919,0.4416,0.0744,0.5215,average_rankme,average_rankme
abs_diff,accuracy_majority,0,per_ckpt,step850000-tokens3570B,72,0.0919,0.4416,0.0734,0.5255,average_rankme,average_rankme
abs_diff,accuracy_majority,0,per_ckpt,step900000-tokens3780B,72,0.0919,0.4416,0.073,0.5265,average_rankme,average_rankme
abs_diff,accuracy_majority,0,per_ckpt,step950000-tokens3990B,72,0.0919,0.4416,0.0727,0.5275,average_rankme,average_rankme
abs_diff,accuracy_majority,0,per_ckpt,step1000000-tokens4200B,72,0.0919,0.4416,0.0723,0.5325,average_rankme,average_rankme
abs_diff,accuracy_majority,0,per_ckpt,step1194000-tokens5014B,72,0.0919,0.4416,0.0717,0.5365,average_rankme,average_rankme
abs_diff,accuracy_majority,0,per_ckpt,step1432000-tokens6014B,72,0.0919,0.4416,0.0713,0.5385,average_rankme,average_rankme
abs_diff,accuracy_majority,0,per_ckpt,step1670000-tokens7014B,72,0.0919,0.4416,0.0739,0.5285,average_rankme,average_rankme
abs_diff,accuracy_majority,0,per_ckpt,step1678000-tokens7047B,72,0.0919,0.4416,0.074,0.5295,average_rankme,average_rankme
abs_diff,accuracy_majority,0,per_ckpt,step1700000-tokens7232B,72,0.0919,0.4416,0.0742,0.5295,average_rankme,average_rankme
abs_diff,accuracy_majority,0,per_ckpt,step1750000-tokens7652B,72,0.0919,0.4416,0.0749,0.5265,average_rankme,average_rankme
abs_diff,accuracy_majority,0,per_ckpt,step1800000-tokens8072B,72,0.0919,0.4416,0.0749,0.5255,average_rankme,average_rankme
abs_diff,accuracy_majority,0,per_ckpt,step1850000-tokens8492B,72,0.0947,0.4246,0.075,0.5245,average_rankme,average_rankme
abs_diff,accuracy_majority,0,per_ckpt,step1900000-tokens8912B,72,0.0947,0.4246,0.0747,0.5235,average_rankme,average_rankme
abs_diff,accuracy_majority,0,per_ckpt,step1950000-tokens9332B,72,0.0947,0.4246,0.0744,0.5265,average_rankme,average_rankme
abs_diff,accuracy_majority,0,per_ckpt,step2000000-tokens9752B,72,0.0947,0.4246,0.0742,0.5265,average_rankme,average_rankme
abs_diff,accuracy_majority,0,per_ckpt,step2050000-tokens10172B,72,0.0947,0.4246,0.074,0.5275,average_rankme,average_rankme
abs_diff,accuracy_majority,0,per_ckpt,step2100000-tokens10592B,72,0.0947,0.4246,0.0743,0.5265,average_rankme,average_rankme
abs_diff,accuracy_majority,0,per_ckpt,step2150000-tokens11012B,72,0.0947,0.4246,0.0742,0.5265,average_rankme,average_rankme
abs_diff,accuracy_majority,0,per_ckpt,step2200000-tokens11432B,72,0.0947,0.4246,0.0742,0.5285,average_rankme,average_rankme
abs_diff,accuracy_majority,0,per_ckpt,step2250000-tokens11852B,72,0.0947,0.4246,0.0741,0.5265,average_rankme,average_rankme
abs_diff,accuracy_majority,0,per_ckpt,step2300000-tokens12272B,72,0.0936,0.4386,0.074,0.5275,average_rankme,average_rankme
abs_diff,accuracy_majority,0,per_ckpt,step2350000-tokens12692B,72,0.0936,0.4386,0.0738,0.5285,average_rankme,average_rankme
abs_diff,accuracy_majority,0,per_ckpt,step2400000-tokens13112B,72,0.0936,0.4386,0.0737,0.5285,average_rankme,average_rankme
abs_diff,accuracy_majority,0,per_ckpt,step2450000-tokens13532B,72,0.0947,0.4246,0.0735,0.5305,average_rankme,average_rankme
abs_diff,accuracy_majority,0,per_ckpt,step2500000-tokens13952B,72,0.0947,0.4246,0.0731,0.5325,average_rankme,average_rankme
abs_diff,accuracy_majority,0,per_ckpt,step2550000-tokens14372B,72,0.0947,0.4246,0.0727,0.5355,average_rankme,average_rankme
abs_diff,accuracy_majority,0,per_ckpt,step2600000-tokens14792B,72,0.0947,0.4246,0.0724,0.5365,average_rankme,average_rankme
abs_diff,accuracy_majority,0,per_ckpt,step2627139-tokens15T,72,0.0947,0.4246,0.0721,0.5365,average_rankme,average_rankme
abs_diff,accuracy_majority,0,per_ckpt,main,72,0.0912,0.4476,0.0717,0.5375,average_rankme,average_rankme
abs_diff,overall_score,0,per_ckpt,step50000-tokens210B,72,0.0255,0.8462,0.0596,0.6623,average_rankme,average_rankme
abs_diff,overall_score,0,per_ckpt,step100000-tokens420B,72,0.0437,0.7473,0.0735,0.6154,average_rankme,average_rankme
abs_diff,overall_score,0,per_ckpt,step150000-tokens630B,72,0.0503,0.7173,0.0724,0.6294,average_rankme,average_rankme
abs_diff,overall_score,0,per_ckpt,step200000-tokens840B,72,0.0673,0.6434,0.0737,0.6314,average_rankme,average_rankme
abs_diff,overall_score,0,per_ckpt,step250000-tokens1050B,72,0.0486,0.7213,0.0704,0.6494,average_rankme,average_rankme
abs_diff,overall_score,0,per_ckpt,step300000-tokens1260B,72,0.043,0.7443,0.0669,0.6603,average_rankme,average_rankme
abs_diff,overall_score,0,per_ckpt,step350000-tokens1470B,72,0.043,0.7443,0.0666,0.6623,average_rankme,average_rankme
abs_diff,overall_score,0,per_ckpt,step400000-tokens1680B,72,0.0378,0.7802,0.0639,0.6693,average_rankme,average_rankme
abs_diff,overall_score,0,per_ckpt,step450000-tokens1890B,72,0.0378,0.7802,0.0621,0.6773,average_rankme,average_rankme
abs_diff,overall_score,0,per_ckpt,step500000-tokens2100B,72,0.0378,0.7802,0.0609,0.6813,average_rankme,average_rankme
abs_diff,overall_score,0,per_ckpt,step550000-tokens2310B,72,0.0349,0.7942,0.0588,0.6863,average_rankme,average_rankme
abs_diff,overall_score,0,per_ckpt,step600000-tokens2520B,72,0.0335,0.7992,0.0561,0.6983,average_rankme,average_rankme
abs_diff,overall_score,0,per_ckpt,step650000-tokens2730B,72,0.0293,0.8282,0.0528,0.7213,average_rankme,average_rankme
abs_diff,overall_score,0,per_ckpt,step700000-tokens2940B,72,0.0312,0.8022,0.0494,0.7363,average_rankme,average_rankme
abs_diff,overall_score,0,per_ckpt,step750000-tokens3150B,72,0.0312,0.8022,0.0461,0.7582,average_rankme,average_rankme
abs_diff,overall_score,0,per_ckpt,step800000-tokens3360B,72,0.0312,0.8022,0.0442,0.7662,average_rankme,average_rankme
abs_diff,overall_score,0,per_ckpt,step850000-tokens3570B,72,0.0312,0.8022,0.0417,0.7702,average_rankme,average_rankme
abs_diff,overall_score,0,per_ckpt,step900000-tokens3780B,72,0.0312,0.8022,0.0411,0.7742,average_rankme,average_rankme
abs_diff,overall_score,0,per_ckpt,step950000-tokens3990B,72,0.0312,0.8022,0.0404,0.7742,average_rankme,average_rankme
abs_diff,overall_score,0,per_ckpt,step1000000-tokens4200B,72,0.0312,0.8022,0.0399,0.7812,average_rankme,average_rankme
abs_diff,overall_score,0,per_ckpt,step1194000-tokens5014B,72,0.0312,0.8022,0.0394,0.7852,average_rankme,average_rankme
abs_diff,overall_score,0,per_ckpt,step1432000-tokens6014B,72,0.0312,0.8022,0.0387,0.7872,average_rankme,average_rankme
abs_diff,overall_score,0,per_ckpt,step1670000-tokens7014B,72,0.0312,0.8022,0.0418,0.7782,average_rankme,average_rankme
abs_diff,overall_score,0,per_ckpt,step1678000-tokens7047B,72,0.0312,0.8022,0.0419,0.7772,average_rankme,average_rankme
abs_diff,overall_score,0,per_ckpt,step1700000-tokens7232B,72,0.0312,0.8022,0.042,0.7782,average_rankme,average_rankme
abs_diff,overall_score,0,per_ckpt,step1750000-tokens7652B,72,0.0312,0.8022,0.0429,0.7762,average_rankme,average_rankme
abs_diff,overall_score,0,per_ckpt,step1800000-tokens8072B,72,0.0312,0.8022,0.0425,0.7762,average_rankme,average_rankme
abs_diff,overall_score,0,per_ckpt,step1850000-tokens8492B,72,0.0319,0.8002,0.0418,0.7812,average_rankme,average_rankme
abs_diff,overall_score,0,per_ckpt,step1900000-tokens8912B,72,0.0319,0.8002,0.041,0.7832,average_rankme,average_rankme
abs_diff,overall_score,0,per_ckpt,step1950000-tokens9332B,72,0.0319,0.8002,0.0405,0.7862,average_rankme,average_rankme
abs_diff,overall_score,0,per_ckpt,step2000000-tokens9752B,72,0.0319,0.8002,0.0405,0.7852,average_rankme,average_rankme
abs_diff,overall_score,0,per_ckpt,step2050000-tokens10172B,72,0.0319,0.8002,0.0403,0.7852,average_rankme,average_rankme
abs_diff,overall_score,0,per_ckpt,step2100000-tokens10592B,72,0.0319,0.8002,0.0405,0.7852,average_rankme,average_rankme
abs_diff,overall_score,0,per_ckpt,step2150000-tokens11012B,72,0.0319,0.8002,0.0401,0.7882,average_rankme,average_rankme
abs_diff,overall_score,0,per_ckpt,step2200000-tokens11432B,72,0.0319,0.8002,0.0401,0.7882,average_rankme,average_rankme
abs_diff,overall_score,0,per_ckpt,step2250000-tokens11852B,72,0.0319,0.8002,0.0396,0.7902,average_rankme,average_rankme
abs_diff,overall_score,0,per_ckpt,step2300000-tokens12272B,72,0.0291,0.8222,0.039,0.7942,average_rankme,average_rankme
abs_diff,overall_score,0,per_ckpt,step2350000-tokens12692B,72,0.0291,0.8222,0.0384,0.7952,average_rankme,average_rankme
abs_diff,overall_score,0,per_ckpt,step2400000-tokens13112B,72,0.0291,0.8222,0.038,0.7982,average_rankme,average_rankme
abs_diff,overall_score,0,per_ckpt,step2450000-tokens13532B,72,0.0319,0.8002,0.038,0.7972,average_rankme,average_rankme
abs_diff,overall_score,0,per_ckpt,step2500000-tokens13952B,72,0.0319,0.8002,0.0376,0.7992,average_rankme,average_rankme
abs_diff,overall_score,0,per_ckpt,step2550000-tokens14372B,72,0.0319,0.8002,0.0372,0.8022,average_rankme,average_rankme
abs_diff,overall_score,0,per_ckpt,step2600000-tokens14792B,72,0.0319,0.8002,0.0367,0.8042,average_rankme,average_rankme
abs_diff,overall_score,0,per_ckpt,step2627139-tokens15T,72,0.0319,0.8002,0.0364,0.8082,average_rankme,average_rankme
abs_diff,overall_score,0,per_ckpt,main,72,0.0267,0.8352,0.0357,0.8102,average_rankme,average_rankme
abs_diff,transfer_score,0,per_ckpt,step50000-tokens210B,72,-0.0054,0.973,0.0368,0.8122,average_rankme,average_rankme
abs_diff,transfer_score,0,per_ckpt,step100000-tokens420B,72,0.0172,0.9221,0.0512,0.7293,average_rankme,average_rankme
abs_diff,transfer_score,0,per_ckpt,step150000-tokens630B,72,0.0252,0.8801,0.0506,0.7393,average_rankme,average_rankme
abs_diff,transfer_score,0,per_ckpt,step200000-tokens840B,72,0.041,0.7882,0.0514,0.7323,average_rankme,average_rankme
abs_diff,transfer_score,0,per_ckpt,step250000-tokens1050B,72,0.0217,0.9001,0.0484,0.7493,average_rankme,average_rankme
abs_diff,transfer_score,0,per_ckpt,step300000-tokens1260B,72,0.0137,0.9341,0.0448,0.7712,average_rankme,average_rankme
abs_diff,transfer_score,0,per_ckpt,step350000-tokens1470B,72,0.0137,0.9341,0.0436,0.7772,average_rankme,average_rankme
abs_diff,transfer_score,0,per_ckpt,step400000-tokens1680B,72,0.0069,0.966,0.0401,0.7992,average_rankme,average_rankme
abs_diff,transfer_score,0,per_ckpt,step450000-tokens1890B,72,0.0069,0.966,0.038,0.8052,average_rankme,average_rankme
abs_diff,transfer_score,0,per_ckpt,step500000-tokens2100B,72,0.0069,0.966,0.0363,0.8122,average_rankme,average_rankme
abs_diff,transfer_score,0,per_ckpt,step550000-tokens2310B,72,0.0031,0.978,0.0339,0.8232,average_rankme,average_rankme
abs_diff,transfer_score,0,per_ckpt,step600000-tokens2520B,72,0.0019,0.984,0.031,0.8472,average_rankme,average_rankme
abs_diff,transfer_score,0,per_ckpt,step650000-tokens2730B,72,-0.0059,0.964,0.0278,0.8651,average_rankme,average_rankme
abs_diff,transfer_score,0,per_ckpt,step700000-tokens2940B,72,-0.0082,0.962,0.0243,0.8851,average_rankme,average_rankme
abs_diff,transfer_score,0,per_ckpt,step750000-tokens3150B,72,-0.0082,0.962,0.021,0.9041,average_rankme,average_rankme
abs_diff,transfer_score,0,per_ckpt,step800000-tokens3360B,72,-0.0082,0.962,0.0188,0.9161,average_rankme,average_rankme
abs_diff,transfer_score,0,per_ckpt,step850000-tokens3570B,72,-0.0082,0.962,0.0164,0.9291,average_rankme,average_rankme
abs_diff,transfer_score,0,per_ckpt,step900000-tokens3780B,72,-0.0082,0.962,0.0156,0.9321,average_rankme,average_rankme
abs_diff,transfer_score,0,per_ckpt,step950000-tokens3990B,72,-0.0082,0.962,0.0146,0.9361,average_rankme,average_rankme
abs_diff,transfer_score,0,per_ckpt,step1000000-tokens4200B,72,-0.0082,0.962,0.0141,0.9411,average_rankme,average_rankme
abs_diff,transfer_score,0,per_ckpt,step1194000-tokens5014B,72,-0.0082,0.962,0.0135,0.9431,average_rankme,average_rankme
abs_diff,transfer_score,0,per_ckpt,step1432000-tokens6014B,72,-0.0082,0.962,0.013,0.9441,average_rankme,average_rankme
abs_diff,transfer_score,0,per_ckpt,step1670000-tokens7014B,72,-0.0082,0.962,0.017,0.9271,average_rankme,average_rankme
abs_diff,transfer_score,0,per_ckpt,step1678000-tokens7047B,72,-0.0082,0.962,0.017,0.9271,average_rankme,average_rankme
abs_diff,transfer_score,0,per_ckpt,step1700000-tokens7232B,72,-0.0082,0.962,0.0169,0.9281,average_rankme,average_rankme
abs_diff,transfer_score,0,per_ckpt,step1750000-tokens7652B,72,-0.0082,0.962,0.0179,0.9221,average_rankme,average_rankme
abs_diff,transfer_score,0,per_ckpt,step1800000-tokens8072B,72,-0.0082,0.962,0.0172,0.9241,average_rankme,average_rankme
abs_diff,transfer_score,0,per_ckpt,step1850000-tokens8492B,72,-0.0073,0.968,0.0161,0.9301,average_rankme,average_rankme
abs_diff,transfer_score,0,per_ckpt,step1900000-tokens8912B,72,-0.0073,0.968,0.015,0.9381,average_rankme,average_rankme
abs_diff,transfer_score,0,per_ckpt,step1950000-tokens9332B,72,-0.0073,0.968,0.014,0.9411,average_rankme,average_rankme
abs_diff,transfer_score,0,per_ckpt,step2000000-tokens9752B,72,-0.0073,0.968,0.0138,0.9411,average_rankme,average_rankme
abs_diff,transfer_score,0,per_ckpt,step2050000-tokens10172B,72,-0.0073,0.968,0.0136,0.9431,average_rankme,average_rankme
abs_diff,transfer_score,0,per_ckpt,step2100000-tokens10592B,72,-0.0073,0.968,0.0138,0.9411,average_rankme,average_rankme
abs_diff,transfer_score,0,per_ckpt,step2150000-tokens11012B,72,-0.0073,0.968,0.0132,0.9421,average_rankme,average_rankme
abs_diff,transfer_score,0,per_ckpt,step2200000-tokens11432B,72,-0.0073,0.968,0.0131,0.9421,average_rankme,average_rankme
abs_diff,transfer_score,0,per_ckpt,step2250000-tokens11852B,72,-0.0073,0.968,0.0124,0.9461,average_rankme,average_rankme
abs_diff,transfer_score,0,per_ckpt,step2300000-tokens12272B,72,-0.0111,0.9391,0.012,0.95,average_rankme,average_rankme
abs_diff,transfer_score,0,per_ckpt,step2350000-tokens12692B,72,-0.0111,0.9391,0.0117,0.952,average_rankme,average_rankme
abs_diff,transfer_score,0,per_ckpt,step2400000-tokens13112B,72,-0.0111,0.9391,0.0116,0.951,average_rankme,average_rankme
abs_diff,transfer_score,0,per_ckpt,step2450000-tokens13532B,72,-0.0073,0.968,0.0119,0.95,average_rankme,average_rankme
abs_diff,transfer_score,0,per_ckpt,step2500000-tokens13952B,72,-0.0073,0.968,0.0119,0.951,average_rankme,average_rankme
abs_diff,transfer_score,0,per_ckpt,step2550000-tokens14372B,72,-0.0073,0.968,0.0118,0.951,average_rankme,average_rankme
abs_diff,transfer_score,0,per_ckpt,step2600000-tokens14792B,72,-0.0073,0.968,0.0116,0.95,average_rankme,average_rankme
abs_diff,transfer_score,0,per_ckpt,step2627139-tokens15T,72,-0.0073,0.968,0.0115,0.95,average_rankme,average_rankme
abs_diff,transfer_score,0,per_ckpt,main,72,-0.0108,0.951,0.0112,0.951,average_rankme,average_rankme
abs_diff,transfer_score_str,0,per_ckpt,step50000-tokens210B,72,-0.26,0.1319,-0.2724,0.1079,average_rankme,average_rankme
abs_diff,transfer_score_str,0,per_ckpt,step100000-tokens420B,72,-0.2496,0.1598,-0.2796,0.1099,average_rankme,average_rankme
abs_diff,transfer_score_str,0,per_ckpt,step150000-tokens630B,72,-0.2521,0.1578,-0.2871,0.1049,average_rankme,average_rankme
abs_diff,transfer_score_str,0,per_ckpt,step200000-tokens840B,72,-0.2491,0.1668,-0.2897,0.1039,average_rankme,average_rankme
abs_diff,transfer_score_str,0,per_ckpt,step250000-tokens1050B,72,-0.2607,0.1499,-0.2952,0.1019,average_rankme,average_rankme
abs_diff,transfer_score_str,0,per_ckpt,step300000-tokens1260B,72,-0.2685,0.1389,-0.298,0.0979,average_rankme,average_rankme
abs_diff,transfer_score_str,0,per_ckpt,step350000-tokens1470B,72,-0.2685,0.1389,-0.297,0.0979,average_rankme,average_rankme
abs_diff,transfer_score_str,0,per_ckpt,step400000-tokens1680B,72,-0.2737,0.1249,-0.2975,0.0969,average_rankme,average_rankme
abs_diff,transfer_score_str,0,per_ckpt,step450000-tokens1890B,72,-0.2737,0.1249,-0.2971,0.0959,average_rankme,average_rankme
abs_diff,transfer_score_str,0,per_ckpt,step500000-tokens2100B,72,-0.2737,0.1249,-0.2956,0.0949,average_rankme,average_rankme
abs_diff,transfer_score_str,0,per_ckpt,step550000-tokens2310B,72,-0.273,0.1189,-0.2952,0.0939,average_rankme,average_rankme
abs_diff,transfer_score_str,0,per_ckpt,step600000-tokens2520B,72,-0.273,0.1129,-0.2961,0.0929,average_rankme,average_rankme
abs_diff,transfer_score_str,0,per_ckpt,step650000-tokens2730B,72,-0.2745,0.1119,-0.2973,0.0909,average_rankme,average_rankme
abs_diff,transfer_score_str,0,per_ckpt,step700000-tokens2940B,72,-0.2661,0.1229,-0.2984,0.0899,average_rankme,average_rankme
abs_diff,transfer_score_str,0,per_ckpt,step750000-tokens3150B,72,-0.2661,0.1229,-0.2996,0.0889,average_rankme,average_rankme
abs_diff,transfer_score_str,0,per_ckpt,step800000-tokens3360B,72,-0.2661,0.1229,-0.2993,0.0889,average_rankme,average_rankme
abs_diff,transfer_score_str,0,per_ckpt,step850000-tokens3570B,72,-0.2661,0.1229,-0.3009,0.0889,average_rankme,average_rankme
abs_diff,transfer_score_str,0,per_ckpt,step900000-tokens3780B,72,-0.2661,0.1229,-0.3009,0.0879,average_rankme,average_rankme
abs_diff,transfer_score_str,0,per_ckpt,step950000-tokens3990B,72,-0.2661,0.1229,-0.3011,0.0879,average_rankme,average_rankme
abs_diff,transfer_score_str,0,per_ckpt,step1000000-tokens4200B,72,-0.2661,0.1229,-0.3016,0.0869,average_rankme,average_rankme
abs_diff,transfer_score_str,0,per_ckpt,step1194000-tokens5014B,72,-0.2661,0.1229,-0.3018,0.0869,average_rankme,average_rankme
abs_diff,transfer_score_str,0,per_ckpt,step1432000-tokens6014B,72,-0.2661,0.1229,-0.3022,0.0869,average_rankme,average_rankme
abs_diff,transfer_score_str,0,per_ckpt,step1670000-tokens7014B,72,-0.2661,0.1229,-0.3025,0.0889,average_rankme,average_rankme
abs_diff,transfer_score_str,0,per_ckpt,step1678000-tokens7047B,72,-0.2661,0.1229,-0.3025,0.0889,average_rankme,average_rankme
abs_diff,transfer_score_str,0,per_ckpt,step1700000-tokens7232B,72,-0.2661,0.1229,-0.3024,0.0889,average_rankme,average_rankme
abs_diff,transfer_score_str,0,per_ckpt,step1750000-tokens7652B,72,-0.2661,0.1229,-0.3023,0.0899,average_rankme,average_rankme
abs_diff,transfer_score_str,0,per_ckpt,step1800000-tokens8072B,72,-0.2661,0.1229,-0.3029,0.0899,average_rankme,average_rankme
abs_diff,transfer_score_str,0,per_ckpt,step1850000-tokens8492B,72,-0.2631,0.1269,-0.3033,0.0889,average_rankme,average_rankme
abs_diff,transfer_score_str,0,per_ckpt,step1900000-tokens8912B,72,-0.2631,0.1269,-0.3035,0.0889,average_rankme,average_rankme
abs_diff,transfer_score_str,0,per_ckpt,step1950000-tokens9332B,72,-0.2631,0.1269,-0.3043,0.0879,average_rankme,average_rankme
abs_diff,transfer_score_str,0,per_ckpt,step2000000-tokens9752B,72,-0.2631,0.1269,-0.3045,0.0879,average_rankme,average_rankme
abs_diff,transfer_score_str,0,per_ckpt,step2050000-tokens10172B,72,-0.2631,0.1269,-0.3047,0.0879,average_rankme,average_rankme
abs_diff,transfer_score_str,0,per_ckpt,step2100000-tokens10592B,72,-0.2631,0.1269,-0.3052,0.0879,average_rankme,average_rankme
abs_diff,transfer_score_str,0,per_ckpt,step2150000-tokens11012B,72,-0.2631,0.1269,-0.3057,0.0879,average_rankme,average_rankme
abs_diff,transfer_score_str,0,per_ckpt,step2200000-tokens11432B,72,-0.2631,0.1269,-0.3059,0.0879,average_rankme,average_rankme
abs_diff,transfer_score_str,0,per_ckpt,step2250000-tokens11852B,72,-0.2631,0.1269,-0.3061,0.0879,average_rankme,average_rankme
abs_diff,transfer_score_str,0,per_ckpt,step2300000-tokens12272B,72,-0.2686,0.1229,-0.3065,0.0879,average_rankme,average_rankme
abs_diff,transfer_score_str,0,per_ckpt,step2350000-tokens12692B,72,-0.2686,0.1229,-0.3069,0.0879,average_rankme,average_rankme
abs_diff,transfer_score_str,0,per_ckpt,step2400000-tokens13112B,72,-0.2686,0.1229,-0.3074,0.0879,average_rankme,average_rankme
abs_diff,transfer_score_str,0,per_ckpt,step2450000-tokens13532B,72,-0.2631,0.1269,-0.307,0.0879,average_rankme,average_rankme
abs_diff,transfer_score_str,0,per_ckpt,step2500000-tokens13952B,72,-0.2631,0.1269,-0.3069,0.0879,average_rankme,average_rankme
abs_diff,transfer_score_str,0,per_ckpt,step2550000-tokens14372B,72,-0.2631,0.1269,-0.3069,0.0879,average_rankme,average_rankme
abs_diff,transfer_score_str,0,per_ckpt,step2600000-tokens14792B,72,-0.2631,0.1269,-0.3071,0.0879,average_rankme,average_rankme
abs_diff,transfer_score_str,0,per_ckpt,step2627139-tokens15T,72,-0.2631,0.1269,-0.3071,0.0879,average_rankme,average_rankme
abs_diff,transfer_score_str,0,per_ckpt,main,72,-0.2651,0.1269,-0.3075,0.0869,average_rankme,average_rankme
abs_diff,overall_score_str,0,per_ckpt,step50000-tokens210B,72,-0.2052,0.2338,-0.2176,0.2148,average_rankme,average_rankme
abs_diff,overall_score_str,0,per_ckpt,step100000-tokens420B,72,-0.2044,0.2438,-0.2304,0.2058,average_rankme,average_rankme
abs_diff,overall_score_str,0,per_ckpt,step150000-tokens630B,72,-0.2061,0.2438,-0.2383,0.2008,average_rankme,average_rankme
abs_diff,overall_score_str,0,per_ckpt,step200000-tokens840B,72,-0.2091,0.2428,-0.2408,0.2008,average_rankme,average_rankme
abs_diff,overall_score_str,0,per_ckpt,step250000-tokens1050B,72,-0.2131,0.2328,-0.2471,0.1918,average_rankme,average_rankme
abs_diff,overall_score_str,0,per_ckpt,step300000-tokens1260B,72,-0.2179,0.2178,-0.2496,0.1878,average_rankme,average_rankme
abs_diff,overall_score_str,0,per_ckpt,step350000-tokens1470B,72,-0.2179,0.2178,-0.2472,0.1888,average_rankme,average_rankme
abs_diff,overall_score_str,0,per_ckpt,step400000-tokens1680B,72,-0.2234,0.2128,-0.2464,0.1858,average_rankme,average_rankme
abs_diff,overall_score_str,0,per_ckpt,step450000-tokens1890B,72,-0.2234,0.2128,-0.2452,0.1858,average_rankme,average_rankme
abs_diff,overall_score_str,0,per_ckpt,step500000-tokens2100B,72,-0.2234,0.2128,-0.2425,0.1888,average_rankme,average_rankme
abs_diff,overall_score_str,0,per_ckpt,step550000-tokens2310B,72,-0.2214,0.2028,-0.2413,0.1828,average_rankme,average_rankme
abs_diff,overall_score_str,0,per_ckpt,step600000-tokens2520B,72,-0.2203,0.1998,-0.2419,0.1828,average_rankme,average_rankme
abs_diff,overall_score_str,0,per_ckpt,step650000-tokens2730B,72,-0.2208,0.1998,-0.2425,0.1828,average_rankme,average_rankme
abs_diff,overall_score_str,0,per_ckpt,step700000-tokens2940B,72,-0.2059,0.2358,-0.2428,0.1818,average_rankme,average_rankme
abs_diff,overall_score_str,0,per_ckpt,step750000-tokens3150B,72,-0.2059,0.2358,-0.2432,0.1798,average_rankme,average_rankme
abs_diff,overall_score_str,0,per_ckpt,step800000-tokens3360B,72,-0.2059,0.2358,-0.2422,0.1818,average_rankme,average_rankme
abs_diff,overall_score_str,0,per_ckpt,step850000-tokens3570B,72,-0.2059,0.2358,-0.2432,0.1788,average_rankme,average_rankme
abs_diff,overall_score_str,0,per_ckpt,step900000-tokens3780B,72,-0.2059,0.2358,-0.2427,0.1818,average_rankme,average_rankme
abs_diff,overall_score_str,0,per_ckpt,step950000-tokens3990B,72,-0.2059,0.2358,-0.2423,0.1838,average_rankme,average_rankme
abs_diff,overall_score_str,0,per_ckpt,step1000000-tokens4200B,72,-0.2059,0.2358,-0.2425,0.1868,average_rankme,average_rankme
abs_diff,overall_score_str,0,per_ckpt,step1194000-tokens5014B,72,-0.2059,0.2358,-0.2423,0.1878,average_rankme,average_rankme
abs_diff,overall_score_str,0,per_ckpt,step1432000-tokens6014B,72,-0.2059,0.2358,-0.2425,0.1858,average_rankme,average_rankme
abs_diff,overall_score_str,0,per_ckpt,step1670000-tokens7014B,72,-0.2059,0.2358,-0.2447,0.1798,average_rankme,average_rankme
abs_diff,overall_score_str,0,per_ckpt,step1678000-tokens7047B,72,-0.2059,0.2358,-0.2444,0.1798,average_rankme,average_rankme
abs_diff,overall_score_str,0,per_ckpt,step1700000-tokens7232B,72,-0.2059,0.2358,-0.2441,0.1798,average_rankme,average_rankme
abs_diff,overall_score_str,0,per_ckpt,step1750000-tokens7652B,72,-0.2059,0.2358,-0.2442,0.1798,average_rankme,average_rankme
abs_diff,overall_score_str,0,per_ckpt,step1800000-tokens8072B,72,-0.2059,0.2358,-0.2445,0.1798,average_rankme,average_rankme
abs_diff,overall_score_str,0,per_ckpt,step1850000-tokens8492B,72,-0.2023,0.2448,-0.2443,0.1808,average_rankme,average_rankme
abs_diff,overall_score_str,0,per_ckpt,step1900000-tokens8912B,72,-0.2023,0.2448,-0.2439,0.1838,average_rankme,average_rankme
abs_diff,overall_score_str,0,per_ckpt,step1950000-tokens9332B,72,-0.2023,0.2448,-0.2443,0.1838,average_rankme,average_rankme
abs_diff,overall_score_str,0,per_ckpt,step2000000-tokens9752B,72,-0.2023,0.2448,-0.2444,0.1828,average_rankme,average_rankme
abs_diff,overall_score_str,0,per_ckpt,step2050000-tokens10172B,72,-0.2023,0.2448,-0.2445,0.1828,average_rankme,average_rankme
abs_diff,overall_score_str,0,per_ckpt,step2100000-tokens10592B,72,-0.2023,0.2448,-0.2452,0.1818,average_rankme,average_rankme
abs_diff,overall_score_str,0,per_ckpt,step2150000-tokens11012B,72,-0.2023,0.2448,-0.2455,0.1828,average_rankme,average_rankme
abs_diff,overall_score_str,0,per_ckpt,step2200000-tokens11432B,72,-0.2023,0.2448,-0.2457,0.1828,average_rankme,average_rankme
abs_diff,overall_score_str,0,per_ckpt,step2250000-tokens11852B,72,-0.2023,0.2448,-0.2456,0.1858,average_rankme,average_rankme
abs_diff,overall_score_str,0,per_ckpt,step2300000-tokens12272B,72,-0.2073,0.2328,-0.2459,0.1848,average_rankme,average_rankme
abs_diff,overall_score_str,0,per_ckpt,step2350000-tokens12692B,72,-0.2073,0.2328,-0.2466,0.1828,average_rankme,average_rankme
abs_diff,overall_score_str,0,per_ckpt,step2400000-tokens13112B,72,-0.2073,0.2328,-0.2472,0.1808,average_rankme,average_rankme
abs_diff,overall_score_str,0,per_ckpt,step2450000-tokens13532B,72,-0.2023,0.2448,-0.2473,0.1808,average_rankme,average_rankme
abs_diff,overall_score_str,0,per_ckpt,step2500000-tokens13952B,72,-0.2023,0.2448,-0.2477,0.1798,average_rankme,average_rankme
abs_diff,overall_score_str,0,per_ckpt,step2550000-tokens14372B,72,-0.2023,0.2448,-0.2481,0.1798,average_rankme,average_rankme
abs_diff,overall_score_str,0,per_ckpt,step2600000-tokens14792B,72,-0.2023,0.2448,-0.2488,0.1798,average_rankme,average_rankme
abs_diff,overall_score_str,0,per_ckpt,step2627139-tokens15T,72,-0.2023,0.2448,-0.2493,0.1758,average_rankme,average_rankme
abs_diff,overall_score_str,0,per_ckpt,main,72,-0.2055,0.2368,-0.25,0.1748,average_rankme,average_rankme
abs_diff,transfer_margin_str,0,per_ckpt,step50000-tokens210B,72,-0.1969,0.1848,-0.1593,0.3157,average_rankme,average_rankme
abs_diff,transfer_margin_str,0,per_ckpt,step100000-tokens420B,72,-0.2052,0.1628,-0.1534,0.3377,average_rankme,average_rankme
abs_diff,transfer_margin_str,0,per_ckpt,step150000-tokens630B,72,-0.2012,0.1718,-0.1545,0.3516,average_rankme,average_rankme
abs_diff,transfer_margin_str,0,per_ckpt,step200000-tokens840B,72,-0.2055,0.1698,-0.1565,0.3497,average_rankme,average_rankme
abs_diff,transfer_margin_str,0,per_ckpt,step250000-tokens1050B,72,-0.2081,0.1678,-0.1588,0.3467,average_rankme,average_rankme
abs_diff,transfer_margin_str,0,per_ckpt,step300000-tokens1260B,72,-0.2079,0.1648,-0.159,0.3467,average_rankme,average_rankme
abs_diff,transfer_margin_str,0,per_ckpt,step350000-tokens1470B,72,-0.2079,0.1648,-0.1607,0.3357,average_rankme,average_rankme
abs_diff,transfer_margin_str,0,per_ckpt,step400000-tokens1680B,72,-0.2035,0.1788,-0.1628,0.3287,average_rankme,average_rankme
abs_diff,transfer_margin_str,0,per_ckpt,step450000-tokens1890B,72,-0.2035,0.1788,-0.1628,0.3247,average_rankme,average_rankme
abs_diff,transfer_margin_str,0,per_ckpt,step500000-tokens2100B,72,-0.2035,0.1788,-0.1618,0.3217,average_rankme,average_rankme
abs_diff,transfer_margin_str,0,per_ckpt,step550000-tokens2310B,72,-0.1974,0.1848,-0.1607,0.3237,average_rankme,average_rankme
abs_diff,transfer_margin_str,0,per_ckpt,step600000-tokens2520B,72,-0.1924,0.1918,-0.1609,0.3227,average_rankme,average_rankme
abs_diff,transfer_margin_str,0,per_ckpt,step650000-tokens2730B,72,-0.1908,0.2018,-0.1614,0.3217,average_rankme,average_rankme
abs_diff,transfer_margin_str,0,per_ckpt,step700000-tokens2940B,72,-0.2003,0.1708,-0.1627,0.3157,average_rankme,average_rankme
abs_diff,transfer_margin_str,0,per_ckpt,step750000-tokens3150B,72,-0.2003,0.1708,-0.1645,0.3117,average_rankme,average_rankme
abs_diff,transfer_margin_str,0,per_ckpt,step800000-tokens3360B,72,-0.2003,0.1708,-0.1655,0.3107,average_rankme,average_rankme
abs_diff,transfer_margin_str,0,per_ckpt,step850000-tokens3570B,72,-0.2003,0.1708,-0.1669,0.3067,average_rankme,average_rankme
abs_diff,transfer_margin_str,0,per_ckpt,step900000-tokens3780B,72,-0.2003,0.1708,-0.1666,0.3067,average_rankme,average_rankme
abs_diff,transfer_margin_str,0,per_ckpt,step950000-tokens3990B,72,-0.2003,0.1708,-0.1682,0.3027,average_rankme,average_rankme
abs_diff,transfer_margin_str,0,per_ckpt,step1000000-tokens4200B,72,-0.2003,0.1708,-0.1681,0.3037,average_rankme,average_rankme
abs_diff,transfer_margin_str,0,per_ckpt,step1194000-tokens5014B,72,-0.2003,0.1708,-0.1676,0.3087,average_rankme,average_rankme
abs_diff,transfer_margin_str,0,per_ckpt,step1432000-tokens6014B,72,-0.2003,0.1708,-0.168,0.3077,average_rankme,average_rankme
abs_diff,transfer_margin_str,0,per_ckpt,step1670000-tokens7014B,72,-0.2003,0.1708,-0.1657,0.3167,average_rankme,average_rankme
abs_diff,transfer_margin_str,0,per_ckpt,step1678000-tokens7047B,72,-0.2003,0.1708,-0.1657,0.3177,average_rankme,average_rankme
abs_diff,transfer_margin_str,0,per_ckpt,step1700000-tokens7232B,72,-0.2003,0.1708,-0.1662,0.3157,average_rankme,average_rankme
abs_diff,transfer_margin_str,0,per_ckpt,step1750000-tokens7652B,72,-0.2003,0.1708,-0.1659,0.3167,average_rankme,average_rankme
abs_diff,transfer_margin_str,0,per_ckpt,step1800000-tokens8072B,72,-0.2003,0.1708,-0.1678,0.3107,average_rankme,average_rankme
abs_diff,transfer_margin_str,0,per_ckpt,step1850000-tokens8492B,72,-0.2026,0.1668,-0.1706,0.3017,average_rankme,average_rankme
abs_diff,transfer_margin_str,0,per_ckpt,step1900000-tokens8912B,72,-0.2026,0.1668,-0.1726,0.2967,average_rankme,average_rankme
abs_diff,transfer_margin_str,0,per_ckpt,step1950000-tokens9332B,72,-0.2026,0.1668,-0.1743,0.2947,average_rankme,average_rankme
abs_diff,transfer_margin_str,0,per_ckpt,step2000000-tokens9752B,72,-0.2026,0.1668,-0.1743,0.2947,average_rankme,average_rankme
abs_diff,transfer_margin_str,0,per_ckpt,step2050000-tokens10172B,72,-0.2026,0.1668,-0.1745,0.2947,average_rankme,average_rankme
abs_diff,transfer_margin_str,0,per_ckpt,step2100000-tokens10592B,72,-0.2026,0.1668,-0.1746,0.2957,average_rankme,average_rankme
abs_diff,transfer_margin_str,0,per_ckpt,step2150000-tokens11012B,72,-0.2026,0.1668,-0.1759,0.2927,average_rankme,average_rankme
abs_diff,transfer_margin_str,0,per_ckpt,step2200000-tokens11432B,72,-0.2026,0.1668,-0.176,0.2917,average_rankme,average_rankme
abs_diff,transfer_margin_str,0,per_ckpt,step2250000-tokens11852B,72,-0.2026,0.1668,-0.1774,0.2907,average_rankme,average_rankme
abs_diff,transfer_margin_str,0,per_ckpt,step2300000-tokens12272B,72,-0.2113,0.1558,-0.1777,0.2907,average_rankme,average_rankme
abs_diff,transfer_margin_str,0,per_ckpt,step2350000-tokens12692B,72,-0.2113,0.1558,-0.1776,0.2907,average_rankme,average_rankme
abs_diff,transfer_margin_str,0,per_ckpt,step2400000-tokens13112B,72,-0.2113,0.1558,-0.1773,0.2927,average_rankme,average_rankme
abs_diff,transfer_margin_str,0,per_ckpt,step2450000-tokens13532B,72,-0.2026,0.1668,-0.1761,0.2947,average_rankme,average_rankme
abs_diff,transfer_margin_str,0,per_ckpt,step2500000-tokens13952B,72,-0.2026,0.1668,-0.1752,0.2947,average_rankme,average_rankme
abs_diff,transfer_margin_str,0,per_ckpt,step2550000-tokens14372B,72,-0.2026,0.1668,-0.1747,0.2957,average_rankme,average_rankme
abs_diff,transfer_margin_str,0,per_ckpt,step2600000-tokens14792B,72,-0.2026,0.1668,-0.1743,0.2967,average_rankme,average_rankme
abs_diff,transfer_margin_str,0,per_ckpt,step2627139-tokens15T,72,-0.2026,0.1668,-0.1739,0.2997,average_rankme,average_rankme
abs_diff,transfer_margin_str,0,per_ckpt,main,72,-0.1987,0.1798,-0.1734,0.2997,average_rankme,average_rankme
abs_diff,overall_margin_str,0,per_ckpt,step50000-tokens210B,72,-0.2557,0.1239,-0.3041,0.0619,average_rankme,average_rankme
abs_diff,overall_margin_str,0,per_ckpt,step100000-tokens420B,72,-0.2618,0.1149,-0.3121,0.0669,average_rankme,average_rankme
abs_diff,overall_margin_str,0,per_ckpt,step150000-tokens630B,72,-0.2541,0.1279,-0.3177,0.0669,average_rankme,average_rankme
abs_diff,overall_margin_str,0,per_ckpt,step200000-tokens840B,72,-0.2632,0.1169,-0.3205,0.0719,average_rankme,average_rankme
abs_diff,overall_margin_str,0,per_ckpt,step250000-tokens1050B,72,-0.2641,0.1179,-0.3262,0.0719,average_rankme,average_rankme
abs_diff,overall_margin_str,0,per_ckpt,step300000-tokens1260B,72,-0.2674,0.1119,-0.3266,0.0709,average_rankme,average_rankme
abs_diff,overall_margin_str,0,per_ckpt,step350000-tokens1470B,72,-0.2674,0.1119,-0.3258,0.0709,average_rankme,average_rankme
abs_diff,overall_margin_str,0,per_ckpt,step400000-tokens1680B,72,-0.2775,0.1009,-0.3255,0.0679,average_rankme,average_rankme
abs_diff,overall_margin_str,0,per_ckpt,step450000-tokens1890B,72,-0.2775,0.1009,-0.3236,0.0699,average_rankme,average_rankme
abs_diff,overall_margin_str,0,per_ckpt,step500000-tokens2100B,72,-0.2775,0.1009,-0.3197,0.0709,average_rankme,average_rankme
abs_diff,overall_margin_str,0,per_ckpt,step550000-tokens2310B,72,-0.2739,0.0999,-0.3166,0.0719,average_rankme,average_rankme
abs_diff,overall_margin_str,0,per_ckpt,step600000-tokens2520B,72,-0.2688,0.0999,-0.3163,0.0719,average_rankme,average_rankme
abs_diff,overall_margin_str,0,per_ckpt,step650000-tokens2730B,72,-0.2719,0.0969,-0.3158,0.0739,average_rankme,average_rankme
abs_diff,overall_margin_str,0,per_ckpt,step700000-tokens2940B,72,-0.2629,0.1059,-0.3157,0.0729,average_rankme,average_rankme
abs_diff,overall_margin_str,0,per_ckpt,step750000-tokens3150B,72,-0.2629,0.1059,-0.3166,0.0729,average_rankme,average_rankme
abs_diff,overall_margin_str,0,per_ckpt,step800000-tokens3360B,72,-0.2629,0.1059,-0.3158,0.0719,average_rankme,average_rankme
abs_diff,overall_margin_str,0,per_ckpt,step850000-tokens3570B,72,-0.2629,0.1059,-0.317,0.0719,average_rankme,average_rankme
abs_diff,overall_margin_str,0,per_ckpt,step900000-tokens3780B,72,-0.2629,0.1059,-0.316,0.0729,average_rankme,average_rankme
abs_diff,overall_margin_str,0,per_ckpt,step950000-tokens3990B,72,-0.2629,0.1059,-0.3166,0.0729,average_rankme,average_rankme
abs_diff,overall_margin_str,0,per_ckpt,step1000000-tokens4200B,72,-0.2629,0.1059,-0.3162,0.0729,average_rankme,average_rankme
abs_diff,overall_margin_str,0,per_ckpt,step1194000-tokens5014B,72,-0.2629,0.1059,-0.315,0.0729,average_rankme,average_rankme
abs_diff,overall_margin_str,0,per_ckpt,step1432000-tokens6014B,72,-0.2629,0.1059,-0.3152,0.0729,average_rankme,average_rankme
abs_diff,overall_margin_str,0,per_ckpt,step1670000-tokens7014B,72,-0.2629,0.1059,-0.3166,0.0739,average_rankme,average_rankme
abs_diff,overall_margin_str,0,per_ckpt,step1678000-tokens7047B,72,-0.2629,0.1059,-0.3162,0.0739,average_rankme,average_rankme
abs_diff,overall_margin_str,0,per_ckpt,step1700000-tokens7232B,72,-0.2629,0.1059,-0.3163,0.0739,average_rankme,average_rankme
abs_diff,overall_margin_str,0,per_ckpt,step1750000-tokens7652B,72,-0.2629,0.1059,-0.3165,0.0739,average_rankme,average_rankme
abs_diff,overall_margin_str,0,per_ckpt,step1800000-tokens8072B,72,-0.2629,0.1059,-0.3182,0.0739,average_rankme,average_rankme
abs_diff,overall_margin_str,0,per_ckpt,step1850000-tokens8492B,72,-0.262,0.1109,-0.3205,0.0719,average_rankme,average_rankme
abs_diff,overall_margin_str,0,per_ckpt,step1900000-tokens8912B,72,-0.262,0.1109,-0.3217,0.0709,average_rankme,average_rankme
abs_diff,overall_margin_str,0,per_ckpt,step1950000-tokens9332B,72,-0.262,0.1109,-0.3231,0.0709,average_rankme,average_rankme
abs_diff,overall_margin_str,0,per_ckpt,step2000000-tokens9752B,72,-0.262,0.1109,-0.323,0.0709,average_rankme,average_rankme
abs_diff,overall_margin_str,0,per_ckpt,step2050000-tokens10172B,72,-0.262,0.1109,-0.3231,0.0709,average_rankme,average_rankme
abs_diff,overall_margin_str,0,per_ckpt,step2100000-tokens10592B,72,-0.262,0.1109,-0.3238,0.0709,average_rankme,average_rankme
abs_diff,overall_margin_str,0,per_ckpt,step2150000-tokens11012B,72,-0.262,0.1109,-0.3252,0.0709,average_rankme,average_rankme
abs_diff,overall_margin_str,0,per_ckpt,step2200000-tokens11432B,72,-0.262,0.1109,-0.3252,0.0709,average_rankme,average_rankme
abs_diff,overall_margin_str,0,per_ckpt,step2250000-tokens11852B,72,-0.262,0.1109,-0.3263,0.0709,average_rankme,average_rankme
abs_diff,overall_margin_str,0,per_ckpt,step2300000-tokens12272B,72,-0.2705,0.1009,-0.3268,0.0709,average_rankme,average_rankme
abs_diff,overall_margin_str,0,per_ckpt,step2350000-tokens12692B,72,-0.2705,0.1009,-0.3272,0.0709,average_rankme,average_rankme
abs_diff,overall_margin_str,0,per_ckpt,step2400000-tokens13112B,72,-0.2705,0.1009,-0.3274,0.0709,average_rankme,average_rankme
abs_diff,overall_margin_str,0,per_ckpt,step2450000-tokens13532B,72,-0.262,0.1109,-0.3266,0.0709,average_rankme,average_rankme
abs_diff,overall_margin_str,0,per_ckpt,step2500000-tokens13952B,72,-0.262,0.1109,-0.3263,0.0709,average_rankme,average_rankme
abs_diff,overall_margin_str,0,per_ckpt,step2550000-tokens14372B,72,-0.262,0.1109,-0.3263,0.0709,average_rankme,average_rankme
abs_diff,overall_margin_str,0,per_ckpt,step2600000-tokens14792B,72,-0.262,0.1109,-0.3265,0.0699,average_rankme,average_rankme
abs_diff,overall_margin_str,0,per_ckpt,step2627139-tokens15T,72,-0.262,0.1109,-0.3266,0.0699,average_rankme,average_rankme
abs_diff,overall_margin_str,0,per_ckpt,main,72,-0.2642,0.1109,-0.3269,0.0699,average_rankme,average_rankme
signed_diff,accuracy_majority,0,per_ckpt,step50000-tokens210B,72,-0.1706,0.4575,-0.1403,0.5445,average_rankme,average_rankme
signed_diff,accuracy_majority,0,per_ckpt,step100000-tokens420B,72,-0.1776,0.4386,-0.1416,0.5345,average_rankme,average_rankme
signed_diff,accuracy_majority,0,per_ckpt,step150000-tokens630B,72,-0.1856,0.4176,-0.1458,0.5255,average_rankme,average_rankme
signed_diff,accuracy_majority,0,per_ckpt,step200000-tokens840B,72,-0.1809,0.4296,-0.1488,0.5145,average_rankme,average_rankme
signed_diff,accuracy_majority,0,per_ckpt,step250000-tokens1050B,72,-0.1863,0.4166,-0.1495,0.5125,average_rankme,average_rankme
signed_diff,accuracy_majority,0,per_ckpt,step300000-tokens1260B,72,-0.1857,0.4176,-0.1505,0.5085,average_rankme,average_rankme
signed_diff,accuracy_majority,0,per_ckpt,step350000-tokens1470B,72,-0.1857,0.4176,-0.1505,0.5095,average_rankme,average_rankme
signed_diff,accuracy_majority,0,per_ckpt,step400000-tokens1680B,72,-0.1812,0.4306,-0.1523,0.5065,average_rankme,average_rankme
signed_diff,accuracy_majority,0,per_ckpt,step450000-tokens1890B,72,-0.1812,0.4306,-0.1529,0.5035,average_rankme,average_rankme
signed_diff,accuracy_majority,0,per_ckpt,step500000-tokens2100B,72,-0.1812,0.4306,-0.1527,0.5045,average_rankme,average_rankme
signed_diff,accuracy_majority,0,per_ckpt,step550000-tokens2310B,72,-0.1782,0.4376,-0.1533,0.5045,average_rankme,average_rankme
signed_diff,accuracy_majority,0,per_ckpt,step600000-tokens2520B,72,-0.1757,0.4436,-0.1529,0.5075,average_rankme,average_rankme
signed_diff,accuracy_majority,0,per_ckpt,step650000-tokens2730B,72,-0.1775,0.4406,-0.153,0.5085,average_rankme,average_rankme
signed_diff,accuracy_majority,0,per_ckpt,step700000-tokens2940B,72,-0.1821,0.4286,-0.1543,0.5065,average_rankme,average_rankme
signed_diff,accuracy_majority,0,per_ckpt,step750000-tokens3150B,72,-0.1821,0.4286,-0.1557,0.5045,average_rankme,average_rankme
signed_diff,accuracy_majority,0,per_ckpt,step800000-tokens3360B,72,-0.1821,0.4286,-0.1561,0.5025,average_rankme,average_rankme
signed_diff,accuracy_majority,0,per_ckpt,step850000-tokens3570B,72,-0.1821,0.4286,-0.1571,0.4995,average_rankme,average_rankme
signed_diff,accuracy_majority,0,per_ckpt,step900000-tokens3780B,72,-0.1821,0.4286,-0.1577,0.4955,average_rankme,average_rankme
signed_diff,accuracy_majority,0,per_ckpt,step950000-tokens3990B,72,-0.1821,0.4286,-0.1584,0.4945,average_rankme,average_rankme
signed_diff,accuracy_majority,0,per_ckpt,step1000000-tokens4200B,72,-0.1821,0.4286,-0.1587,0.4955,average_rankme,average_rankme
signed_diff,accuracy_majority,0,per_ckpt,step1194000-tokens5014B,72,-0.1821,0.4286,-0.1592,0.4925,average_rankme,average_rankme
signed_diff,accuracy_majority,0,per_ckpt,step1432000-tokens6014B,72,-0.1821,0.4286,-0.1594,0.4925,average_rankme,average_rankme
signed_diff,accuracy_majority,0,per_ckpt,step1670000-tokens7014B,72,-0.1821,0.4286,-0.1587,0.4925,average_rankme,average_rankme
signed_diff,accuracy_majority,0,per_ckpt,step1678000-tokens7047B,72,-0.1821,0.4286,-0.1592,0.4905,average_rankme,average_rankme
signed_diff,accuracy_majority,0,per_ckpt,step1700000-tokens7232B,72,-0.1821,0.4286,-0.1595,0.4895,average_rankme,average_rankme
signed_diff,accuracy_majority,0,per_ckpt,step1750000-tokens7652B,72,-0.1821,0.4286,-0.1595,0.4905,average_rankme,average_rankme
signed_diff,accuracy_majority,0,per_ckpt,step1800000-tokens8072B,72,-0.1821,0.4286,-0.1596,0.4895,average_rankme,average_rankme
signed_diff,accuracy_majority,0,per_ckpt,step1850000-tokens8492B,72,-0.1824,0.4296,-0.16,0.4875,average_rankme,average_rankme
signed_diff,accuracy_majority,0,per_ckpt,step1900000-tokens8912B,72,-0.1824,0.4296,-0.1601,0.4865,average_rankme,average_rankme
signed_diff,accuracy_majority,0,per_ckpt,step1950000-tokens9332B,72,-0.1824,0.4296,-0.1595,0.4925,average_rankme,average_rankme
signed_diff,accuracy_majority,0,per_ckpt,step2000000-tokens9752B,72,-0.1824,0.4296,-0.1593,0.4925,average_rankme,average_rankme
signed_diff,accuracy_majority,0,per_ckpt,step2050000-tokens10172B,72,-0.1824,0.4296,-0.1592,0.4915,average_rankme,average_rankme
signed_diff,accuracy_majority,0,per_ckpt,step2100000-tokens10592B,72,-0.1824,0.4296,-0.1591,0.4925,average_rankme,average_rankme
signed_diff,accuracy_majority,0,per_ckpt,step2150000-tokens11012B,72,-0.1824,0.4296,-0.1591,0.4915,average_rankme,average_rankme
signed_diff,accuracy_majority,0,per_ckpt,step2200000-tokens11432B,72,-0.1824,0.4296,-0.1592,0.4915,average_rankme,average_rankme
signed_diff,accuracy_majority,0,per_ckpt,step2250000-tokens11852B,72,-0.1824,0.4296,-0.1594,0.4895,average_rankme,average_rankme
signed_diff,accuracy_majority,0,per_ckpt,step2300000-tokens12272B,72,-0.1884,0.4156,-0.1597,0.4895,average_rankme,average_rankme
signed_diff,accuracy_majority,0,per_ckpt,step2350000-tokens12692B,72,-0.1884,0.4156,-0.1598,0.4885,average_rankme,average_rankme
signed_diff,accuracy_majority,0,per_ckpt,step2400000-tokens13112B,72,-0.1884,0.4156,-0.1597,0.4885,average_rankme,average_rankme
signed_diff,accuracy_majority,0,per_ckpt,step2450000-tokens13532B,72,-0.1824,0.4296,-0.1593,0.4915,average_rankme,average_rankme
signed_diff,accuracy_majority,0,per_ckpt,step2500000-tokens13952B,72,-0.1824,0.4296,-0.1587,0.4945,average_rankme,average_rankme
signed_diff,accuracy_majority,0,per_ckpt,step2550000-tokens14372B,72,-0.1824,0.4296,-0.1584,0.4975,average_rankme,average_rankme
signed_diff,accuracy_majority,0,per_ckpt,step2600000-tokens14792B,72,-0.1824,0.4296,-0.1581,0.4985,average_rankme,average_rankme
signed_diff,accuracy_majority,0,per_ckpt,step2627139-tokens15T,72,-0.1824,0.4296,-0.1576,0.4985,average_rankme,average_rankme
signed_diff,accuracy_majority,0,per_ckpt,main,72,-0.1806,0.4366,-0.1574,0.4985,average_rankme,average_rankme
signed_diff,overall_score,0,per_ckpt,step50000-tokens210B,72,0.024,0.9021,0.0684,0.7433,average_rankme,average_rankme
signed_diff,overall_score,0,per_ckpt,step100000-tokens420B,72,0.0253,0.9001,0.0796,0.7083,average_rankme,average_rankme
signed_diff,overall_score,0,per_ckpt,step150000-tokens630B,72,0.0186,0.9261,0.08,0.7063,average_rankme,average_rankme
signed_diff,overall_score,0,per_ckpt,step200000-tokens840B,72,0.0277,0.8811,0.0809,0.7053,average_rankme,average_rankme
signed_diff,overall_score,0,per_ckpt,step250000-tokens1050B,72,0.02,0.9161,0.0827,0.7063,average_rankme,average_rankme
signed_diff,overall_score,0,per_ckpt,step300000-tokens1260B,72,0.0185,0.9281,0.0827,0.7053,average_rankme,average_rankme
signed_diff,overall_score,0,per_ckpt,step350000-tokens1470B,72,0.0185,0.9281,0.0818,0.7063,average_rankme,average_rankme
signed_diff,overall_score,0,per_ckpt,step400000-tokens1680B,72,0.0246,0.9021,0.0812,0.7083,average_rankme,average_rankme
signed_diff,overall_score,0,per_ckpt,step450000-tokens1890B,72,0.0246,0.9021,0.08,0.7093,average_rankme,average_rankme
signed_diff,overall_score,0,per_ckpt,step500000-tokens2100B,72,0.0246,0.9021,0.079,0.7163,average_rankme,average_rankme
signed_diff,overall_score,0,per_ckpt,step550000-tokens2310B,72,0.0269,0.8931,0.0782,0.7213,average_rankme,average_rankme
signed_diff,overall_score,0,per_ckpt,step600000-tokens2520B,72,0.0288,0.8851,0.0783,0.7203,average_rankme,average_rankme
signed_diff,overall_score,0,per_ckpt,step650000-tokens2730B,72,0.0273,0.8921,0.0773,0.7253,average_rankme,average_rankme
signed_diff,overall_score,0,per_ckpt,step700000-tokens2940B,72,0.0195,0.9181,0.076,0.7293,average_rankme,average_rankme
signed_diff,overall_score,0,per_ckpt,step750000-tokens3150B,72,0.0195,0.9181,0.0742,0.7353,average_rankme,average_rankme
signed_diff,overall_score,0,per_ckpt,step800000-tokens3360B,72,0.0195,0.9181,0.0734,0.7363,average_rankme,average_rankme
signed_diff,overall_score,0,per_ckpt,step850000-tokens3570B,72,0.0195,0.9181,0.0724,0.7393,average_rankme,average_rankme
signed_diff,overall_score,0,per_ckpt,step900000-tokens3780B,72,0.0195,0.9181,0.0717,0.7403,average_rankme,average_rankme
signed_diff,overall_score,0,per_ckpt,step950000-tokens3990B,72,0.0195,0.9181,0.071,0.7413,average_rankme,average_rankme
signed_diff,overall_score,0,per_ckpt,step1000000-tokens4200B,72,0.0195,0.9181,0.0706,0.7423,average_rankme,average_rankme
signed_diff,overall_score,0,per_ckpt,step1194000-tokens5014B,72,0.0195,0.9181,0.0699,0.7453,average_rankme,average_rankme
signed_diff,overall_score,0,per_ckpt,step1432000-tokens6014B,72,0.0195,0.9181,0.0694,0.7483,average_rankme,average_rankme
signed_diff,overall_score,0,per_ckpt,step1670000-tokens7014B,72,0.0195,0.9181,0.0707,0.7443,average_rankme,average_rankme
signed_diff,overall_score,0,per_ckpt,step1678000-tokens7047B,72,0.0195,0.9181,0.0703,0.7453,average_rankme,average_rankme
signed_diff,overall_score,0,per_ckpt,step1700000-tokens7232B,72,0.0195,0.9181,0.0701,0.7453,average_rankme,average_rankme
signed_diff,overall_score,0,per_ckpt,step1750000-tokens7652B,72,0.0195,0.9181,0.0703,0.7443,average_rankme,average_rankme
signed_diff,overall_score,0,per_ckpt,step1800000-tokens8072B,72,0.0195,0.9181,0.0703,0.7453,average_rankme,average_rankme
signed_diff,overall_score,0,per_ckpt,step1850000-tokens8492B,72,0.0181,0.9231,0.07,0.7433,average_rankme,average_rankme
signed_diff,overall_score,0,per_ckpt,step1900000-tokens8912B,72,0.0181,0.9231,0.0696,0.7463,average_rankme,average_rankme
signed_diff,overall_score,0,per_ckpt,step1950000-tokens9332B,72,0.0181,0.9231,0.0702,0.7453,average_rankme,average_rankme
signed_diff,overall_score,0,per_ckpt,step2000000-tokens9752B,72,0.0181,0.9231,0.0706,0.7453,average_rankme,average_rankme
signed_diff,overall_score,0,per_ckpt,step2050000-tokens10172B,72,0.0181,0.9231,0.0705,0.7453,average_rankme,average_rankme
signed_diff,overall_score,0,per_ckpt,step2100000-tokens10592B,72,0.0181,0.9231,0.0709,0.7413,average_rankme,average_rankme
signed_diff,overall_score,0,per_ckpt,step2150000-tokens11012B,72,0.0181,0.9231,0.0712,0.7383,average_rankme,average_rankme
signed_diff,overall_score,0,per_ckpt,step2200000-tokens11432B,72,0.0181,0.9231,0.0712,0.7393,average_rankme,average_rankme
signed_diff,overall_score,0,per_ckpt,step2250000-tokens11852B,72,0.0181,0.9231,0.071,0.7393,average_rankme,average_rankme
signed_diff,overall_score,0,per_ckpt,step2300000-tokens12272B,72,0.0138,0.9461,0.0706,0.7413,average_rankme,average_rankme
signed_diff,overall_score,0,per_ckpt,step2350000-tokens12692B,72,0.0138,0.9461,0.0703,0.7403,average_rankme,average_rankme
signed_diff,overall_score,0,per_ckpt,step2400000-tokens13112B,72,0.0138,0.9461,0.0701,0.7413,average_rankme,average_rankme
signed_diff,overall_score,0,per_ckpt,step2450000-tokens13532B,72,0.0181,0.9231,0.0702,0.7413,average_rankme,average_rankme
signed_diff,overall_score,0,per_ckpt,step2500000-tokens13952B,72,0.0181,0.9231,0.0705,0.7403,average_rankme,average_rankme
signed_diff,overall_score,0,per_ckpt,step2550000-tokens14372B,72,0.0181,0.9231,0.0706,0.7423,average_rankme,average_rankme
signed_diff,overall_score,0,per_ckpt,step2600000-tokens14792B,72,0.0181,0.9231,0.0708,0.7413,average_rankme,average_rankme
signed_diff,overall_score,0,per_ckpt,step2627139-tokens15T,72,0.0181,0.9231,0.0711,0.7423,average_rankme,average_rankme
signed_diff,overall_score,0,per_ckpt,main,72,0.0181,0.9281,0.0713,0.7423,average_rankme,average_rankme
signed_diff,transfer_score,0,per_ckpt,step50000-tokens210B,72,0.0125,0.9231,0.0593,0.6763,average_rankme,average_rankme
signed_diff,transfer_score,0,per_ckpt,step100000-tokens420B,72,0.0135,0.9171,0.0655,0.6444,average_rankme,average_rankme
signed_diff,transfer_score,0,per_ckpt,step150000-tokens630B,72,0.0095,0.9431,0.066,0.6414,average_rankme,average_rankme
signed_diff,transfer_score,0,per_ckpt,step200000-tokens840B,72,0.0143,0.9141,0.0659,0.6384,average_rankme,average_rankme
signed_diff,transfer_score,0,per_ckpt,step250000-tokens1050B,72,0.0102,0.9441,0.0667,0.6354,average_rankme,average_rankme
signed_diff,transfer_score,0,per_ckpt,step300000-tokens1260B,72,0.0097,0.9421,0.0668,0.6344,average_rankme,average_rankme
signed_diff,transfer_score,0,per_ckpt,step350000-tokens1470B,72,0.0097,0.9421,0.066,0.6404,average_rankme,average_rankme
signed_diff,transfer_score,0,per_ckpt,step400000-tokens1680B,72,0.0153,0.9031,0.065,0.6454,average_rankme,average_rankme
signed_diff,transfer_score,0,per_ckpt,step450000-tokens1890B,72,0.0153,0.9031,0.0643,0.6484,average_rankme,average_rankme
signed_diff,transfer_score,0,per_ckpt,step500000-tokens2100B,72,0.0153,0.9031,0.0639,0.6523,average_rankme,average_rankme
signed_diff,transfer_score,0,per_ckpt,step550000-tokens2310B,72,0.0165,0.8961,0.0636,0.6543,average_rankme,average_rankme
signed_diff,transfer_score,0,per_ckpt,step600000-tokens2520B,72,0.0168,0.9011,0.0638,0.6543,average_rankme,average_rankme
signed_diff,transfer_score,0,per_ckpt,step650000-tokens2730B,72,0.0186,0.8891,0.0635,0.6573,average_rankme,average_rankme
signed_diff,transfer_score,0,per_ckpt,step700000-tokens2940B,72,0.0107,0.9381,0.0626,0.6603,average_rankme,average_rankme
signed_diff,transfer_score,0,per_ckpt,step750000-tokens3150B,72,0.0107,0.9381,0.0616,0.6623,average_rankme,average_rankme
signed_diff,transfer_score,0,per_ckpt,step800000-tokens3360B,72,0.0107,0.9381,0.0609,0.6663,average_rankme,average_rankme
signed_diff,transfer_score,0,per_ckpt,step850000-tokens3570B,72,0.0107,0.9381,0.0604,0.6693,average_rankme,average_rankme
signed_diff,transfer_score,0,per_ckpt,step900000-tokens3780B,72,0.0107,0.9381,0.0601,0.6683,average_rankme,average_rankme
signed_diff,transfer_score,0,per_ckpt,step950000-tokens3990B,72,0.0107,0.9381,0.0594,0.6753,average_rankme,average_rankme
signed_diff,transfer_score,0,per_ckpt,step1000000-tokens4200B,72,0.0107,0.9381,0.0594,0.6753,average_rankme,average_rankme
signed_diff,transfer_score,0,per_ckpt,step1194000-tokens5014B,72,0.0107,0.9381,0.0591,0.6763,average_rankme,average_rankme
signed_diff,transfer_score,0,per_ckpt,step1432000-tokens6014B,72,0.0107,0.9381,0.0589,0.6773,average_rankme,average_rankme
signed_diff,transfer_score,0,per_ckpt,step1670000-tokens7014B,72,0.0107,0.9381,0.06,0.6713,average_rankme,average_rankme
signed_diff,transfer_score,0,per_ckpt,step1678000-tokens7047B,72,0.0107,0.9381,0.0598,0.6743,average_rankme,average_rankme
signed_diff,transfer_score,0,per_ckpt,step1700000-tokens7232B,72,0.0107,0.9381,0.0596,0.6743,average_rankme,average_rankme
signed_diff,transfer_score,0,per_ckpt,step1750000-tokens7652B,72,0.0107,0.9381,0.0597,0.6733,average_rankme,average_rankme
signed_diff,transfer_score,0,per_ckpt,step1800000-tokens8072B,72,0.0107,0.9381,0.0595,0.6743,average_rankme,average_rankme
signed_diff,transfer_score,0,per_ckpt,step1850000-tokens8492B,72,0.0099,0.9461,0.0588,0.6763,average_rankme,average_rankme
signed_diff,transfer_score,0,per_ckpt,step1900000-tokens8912B,72,0.0099,0.9461,0.0583,0.6803,average_rankme,average_rankme
signed_diff,transfer_score,0,per_ckpt,step1950000-tokens9332B,72,0.0099,0.9461,0.0585,0.6793,average_rankme,average_rankme
signed_diff,transfer_score,0,per_ckpt,step2000000-tokens9752B,72,0.0099,0.9461,0.0587,0.6783,average_rankme,average_rankme
signed_diff,transfer_score,0,per_ckpt,step2050000-tokens10172B,72,0.0099,0.9461,0.0587,0.6793,average_rankme,average_rankme
signed_diff,transfer_score,0,per_ckpt,step2100000-tokens10592B,72,0.0099,0.9461,0.0589,0.6763,average_rankme,average_rankme
signed_diff,transfer_score,0,per_ckpt,step2150000-tokens11012B,72,0.0099,0.9461,0.0589,0.6763,average_rankme,average_rankme
signed_diff,transfer_score,0,per_ckpt,step2200000-tokens11432B,72,0.0099,0.9461,0.0589,0.6763,average_rankme,average_rankme
signed_diff,transfer_score,0,per_ckpt,step2250000-tokens11852B,72,0.0099,0.9461,0.0585,0.6783,average_rankme,average_rankme
signed_diff,transfer_score,0,per_ckpt,step2300000-tokens12272B,72,0.0059,0.966,0.0583,0.6783,average_rankme,average_rankme
signed_diff,transfer_score,0,per_ckpt,step2350000-tokens12692B,72,0.0059,0.966,0.0583,0.6793,average_rankme,average_rankme
signed_diff,transfer_score,0,per_ckpt,step2400000-tokens13112B,72,0.0059,0.966,0.0584,0.6793,average_rankme,average_rankme
signed_diff,transfer_score,0,per_ckpt,step2450000-tokens13532B,72,0.0099,0.9461,0.0587,0.6783,average_rankme,average_rankme
signed_diff,transfer_score,0,per_ckpt,step2500000-tokens13952B,72,0.0099,0.9461,0.059,0.6763,average_rankme,average_rankme
signed_diff,transfer_score,0,per_ckpt,step2550000-tokens14372B,72,0.0099,0.9461,0.0592,0.6763,average_rankme,average_rankme
signed_diff,transfer_score,0,per_ckpt,step2600000-tokens14792B,72,0.0099,0.9461,0.0593,0.6743,average_rankme,average_rankme
signed_diff,transfer_score,0,per_ckpt,step2627139-tokens15T,72,0.0099,0.9461,0.0596,0.6723,average_rankme,average_rankme
signed_diff,transfer_score,0,per_ckpt,main,72,0.011,0.9341,0.0598,0.6723,average_rankme,average_rankme
signed_diff,transfer_score_str,0,per_ckpt,step50000-tokens210B,72,0.0255,0.8931,0.0167,0.9211,average_rankme,average_rankme
signed_diff,transfer_score_str,0,per_ckpt,step100000-tokens420B,72,0.0345,0.8571,0.0288,0.8811,average_rankme,average_rankme
signed_diff,transfer_score_str,0,per_ckpt,step150000-tokens630B,72,0.0356,0.8571,0.0297,0.8781,average_rankme,average_rankme
signed_diff,transfer_score_str,0,per_ckpt,step200000-tokens840B,72,0.0439,0.8182,0.0297,0.8821,average_rankme,average_rankme
signed_diff,transfer_score_str,0,per_ckpt,step250000-tokens1050B,72,0.033,0.8631,0.0286,0.8881,average_rankme,average_rankme
signed_diff,transfer_score_str,0,per_ckpt,step300000-tokens1260B,72,0.0325,0.8641,0.0271,0.8891,average_rankme,average_rankme
signed_diff,transfer_score_str,0,per_ckpt,step350000-tokens1470B,72,0.0325,0.8641,0.0262,0.8941,average_rankme,average_rankme
signed_diff,transfer_score_str,0,per_ckpt,step400000-tokens1680B,72,0.0399,0.8332,0.0244,0.8981,average_rankme,average_rankme
signed_diff,transfer_score_str,0,per_ckpt,step450000-tokens1890B,72,0.0399,0.8332,0.0228,0.9051,average_rankme,average_rankme
signed_diff,transfer_score_str,0,per_ckpt,step500000-tokens2100B,72,0.0399,0.8332,0.0215,0.9131,average_rankme,average_rankme
signed_diff,transfer_score_str,0,per_ckpt,step550000-tokens2310B,72,0.0395,0.8342,0.0204,0.9181,average_rankme,average_rankme
signed_diff,transfer_score_str,0,per_ckpt,step600000-tokens2520B,72,0.0383,0.8442,0.0189,0.9251,average_rankme,average_rankme
signed_diff,transfer_score_str,0,per_ckpt,step650000-tokens2730B,72,0.034,0.8591,0.0166,0.9301,average_rankme,average_rankme
signed_diff,transfer_score_str,0,per_ckpt,step700000-tokens2940B,72,0.0274,0.8901,0.0143,0.9441,average_rankme,average_rankme
signed_diff,transfer_score_str,0,per_ckpt,step750000-tokens3150B,72,0.0274,0.8901,0.0126,0.957,average_rankme,average_rankme
signed_diff,transfer_score_str,0,per_ckpt,step800000-tokens3360B,72,0.0274,0.8901,0.0109,0.96,average_rankme,average_rankme
signed_diff,transfer_score_str,0,per_ckpt,step850000-tokens3570B,72,0.0274,0.8901,0.0099,0.962,average_rankme,average_rankme
signed_diff,transfer_score_str,0,per_ckpt,step900000-tokens3780B,72,0.0274,0.8901,0.0099,0.962,average_rankme,average_rankme
signed_diff,transfer_score_str,0,per_ckpt,step950000-tokens3990B,72,0.0274,0.8901,0.0089,0.967,average_rankme,average_rankme
signed_diff,transfer_score_str,0,per_ckpt,step1000000-tokens4200B,72,0.0274,0.8901,0.0085,0.968,average_rankme,average_rankme
signed_diff,transfer_score_str,0,per_ckpt,step1194000-tokens5014B,72,0.0274,0.8901,0.0079,0.97,average_rankme,average_rankme
signed_diff,transfer_score_str,0,per_ckpt,step1432000-tokens6014B,72,0.0274,0.8901,0.0071,0.974,average_rankme,average_rankme
signed_diff,transfer_score_str,0,per_ckpt,step1670000-tokens7014B,72,0.0274,0.8901,0.0098,0.965,average_rankme,average_rankme
signed_diff,transfer_score_str,0,per_ckpt,step1678000-tokens7047B,72,0.0274,0.8901,0.0096,0.965,average_rankme,average_rankme
signed_diff,transfer_score_str,0,per_ckpt,step1700000-tokens7232B,72,0.0274,0.8901,0.0097,0.965,average_rankme,average_rankme
signed_diff,transfer_score_str,0,per_ckpt,step1750000-tokens7652B,72,0.0274,0.8901,0.0103,0.964,average_rankme,average_rankme
signed_diff,transfer_score_str,0,per_ckpt,step1800000-tokens8072B,72,0.0274,0.8901,0.01,0.964,average_rankme,average_rankme
signed_diff,transfer_score_str,0,per_ckpt,step1850000-tokens8492B,72,0.0255,0.8941,0.0095,0.963,average_rankme,average_rankme
signed_diff,transfer_score_str,0,per_ckpt,step1900000-tokens8912B,72,0.0255,0.8941,0.0089,0.966,average_rankme,average_rankme
signed_diff,transfer_score_str,0,per_ckpt,step1950000-tokens9332B,72,0.0255,0.8941,0.0084,0.969,average_rankme,average_rankme
signed_diff,transfer_score_str,0,per_ckpt,step2000000-tokens9752B,72,0.0255,0.8941,0.0085,0.967,average_rankme,average_rankme
signed_diff,transfer_score_str,0,per_ckpt,step2050000-tokens10172B,72,0.0255,0.8941,0.0081,0.97,average_rankme,average_rankme
signed_diff,transfer_score_str,0,per_ckpt,step2100000-tokens10592B,72,0.0255,0.8941,0.0084,0.97,average_rankme,average_rankme
signed_diff,transfer_score_str,0,per_ckpt,step2150000-tokens11012B,72,0.0255,0.8941,0.0082,0.97,average_rankme,average_rankme
signed_diff,transfer_score_str,0,per_ckpt,step2200000-tokens11432B,72,0.0255,0.8941,0.0081,0.971,average_rankme,average_rankme
signed_diff,transfer_score_str,0,per_ckpt,step2250000-tokens11852B,72,0.0255,0.8941,0.0077,0.972,average_rankme,average_rankme
signed_diff,transfer_score_str,0,per_ckpt,step2300000-tokens12272B,72,0.0231,0.9041,0.0077,0.971,average_rankme,average_rankme
signed_diff,transfer_score_str,0,per_ckpt,step2350000-tokens12692B,72,0.0231,0.9041,0.0074,0.973,average_rankme,average_rankme
signed_diff,transfer_score_str,0,per_ckpt,step2400000-tokens13112B,72,0.0231,0.9041,0.0073,0.973,average_rankme,average_rankme
signed_diff,transfer_score_str,0,per_ckpt,step2450000-tokens13532B,72,0.0255,0.8941,0.0074,0.972,average_rankme,average_rankme
signed_diff,transfer_score_str,0,per_ckpt,step2500000-tokens13952B,72,0.0255,0.8941,0.0072,0.974,average_rankme,average_rankme
signed_diff,transfer_score_str,0,per_ckpt,step2550000-tokens14372B,72,0.0255,0.8941,0.0069,0.976,average_rankme,average_rankme
signed_diff,transfer_score_str,0,per_ckpt,step2600000-tokens14792B,72,0.0255,0.8941,0.0067,0.977,average_rankme,average_rankme
signed_diff,transfer_score_str,0,per_ckpt,step2627139-tokens15T,72,0.0255,0.8941,0.0065,0.977,average_rankme,average_rankme
signed_diff,transfer_score_str,0,per_ckpt,main,72,0.0221,0.9051,0.0064,0.979,average_rankme,average_rankme
signed_diff,overall_score_str,0,per_ckpt,step50000-tokens210B,72,0.0924,0.6244,0.0039,0.987,average_rankme,average_rankme
signed_diff,overall_score_str,0,per_ckpt,step100000-tokens420B,72,0.0931,0.6094,0.0105,0.97,average_rankme,average_rankme
signed_diff,overall_score_str,0,per_ckpt,step150000-tokens630B,72,0.0879,0.6364,0.0109,0.968,average_rankme,average_rankme
signed_diff,overall_score_str,0,per_ckpt,step200000-tokens840B,72,0.0931,0.6084,0.0099,0.968,average_rankme,average_rankme
signed_diff,overall_score_str,0,per_ckpt,step250000-tokens1050B,72,0.0893,0.6274,0.0114,0.963,average_rankme,average_rankme
signed_diff,overall_score_str,0,per_ckpt,step300000-tokens1260B,72,0.0912,0.6174,0.0121,0.961,average_rankme,average_rankme
signed_diff,overall_score_str,0,per_ckpt,step350000-tokens1470B,72,0.0912,0.6174,0.0114,0.963,average_rankme,average_rankme
signed_diff,overall_score_str,0,per_ckpt,step400000-tokens1680B,72,0.1055,0.5744,0.0112,0.961,average_rankme,average_rankme
signed_diff,overall_score_str,0,per_ckpt,step450000-tokens1890B,72,0.1055,0.5744,0.0103,0.967,average_rankme,average_rankme
signed_diff,overall_score_str,0,per_ckpt,step500000-tokens2100B,72,0.1055,0.5744,0.0095,0.965,average_rankme,average_rankme
signed_diff,overall_score_str,0,per_ckpt,step550000-tokens2310B,72,0.107,0.5694,0.0094,0.969,average_rankme,average_rankme
signed_diff,overall_score_str,0,per_ckpt,step600000-tokens2520B,72,0.1078,0.5664,0.0097,0.967,average_rankme,average_rankme
signed_diff,overall_score_str,0,per_ckpt,step650000-tokens2730B,72,0.1068,0.5714,0.009,0.971,average_rankme,average_rankme
signed_diff,overall_score_str,0,per_ckpt,step700000-tokens2940B,72,0.1027,0.5834,0.0082,0.975,average_rankme,average_rankme
signed_diff,overall_score_str,0,per_ckpt,step750000-tokens3150B,72,0.1027,0.5834,0.0076,0.979,average_rankme,average_rankme
signed_diff,overall_score_str,0,per_ckpt,step800000-tokens3360B,72,0.1027,0.5834,0.0068,0.98,average_rankme,average_rankme
signed_diff,overall_score_str,0,per_ckpt,step850000-tokens3570B,72,0.1027,0.5834,0.0068,0.984,average_rankme,average_rankme
signed_diff,overall_score_str,0,per_ckpt,step900000-tokens3780B,72,0.1027,0.5834,0.0067,0.984,average_rankme,average_rankme
signed_diff,overall_score_str,0,per_ckpt,step950000-tokens3990B,72,0.1027,0.5834,0.0059,0.985,average_rankme,average_rankme
signed_diff,overall_score_str,0,per_ckpt,step1000000-tokens4200B,72,0.1027,0.5834,0.0056,0.985,average_rankme,average_rankme
signed_diff,overall_score_str,0,per_ckpt,step1194000-tokens5014B,72,0.1027,0.5834,0.0047,0.988,average_rankme,average_rankme
signed_diff,overall_score_str,0,per_ckpt,step1432000-tokens6014B,72,0.1027,0.5834,0.0041,0.991,average_rankme,average_rankme
signed_diff,overall_score_str,0,per_ckpt,step1670000-tokens7014B,72,0.1027,0.5834,0.0051,0.988,average_rankme,average_rankme
signed_diff,overall_score_str,0,per_ckpt,step1678000-tokens7047B,72,0.1027,0.5834,0.0046,0.988,average_rankme,average_rankme
signed_diff,overall_score_str,0,per_ckpt,step1700000-tokens7232B,72,0.1027,0.5834,0.0045,0.988,average_rankme,average_rankme
signed_diff,overall_score_str,0,per_ckpt,step1750000-tokens7652B,72,0.1027,0.5834,0.0046,0.988,average_rankme,average_rankme
signed_diff,overall_score_str,0,per_ckpt,step1800000-tokens8072B,72,0.1027,0.5834,0.0048,0.987,average_rankme,average_rankme
signed_diff,overall_score_str,0,per_ckpt,step1850000-tokens8492B,72,0.1001,0.5994,0.0049,0.986,average_rankme,average_rankme
signed_diff,overall_score_str,0,per_ckpt,step1900000-tokens8912B,72,0.1001,0.5994,0.0048,0.987,average_rankme,average_rankme
signed_diff,overall_score_str,0,per_ckpt,step1950000-tokens9332B,72,0.1001,0.5994,0.0052,0.984,average_rankme,average_rankme
signed_diff,overall_score_str,0,per_ckpt,step2000000-tokens9752B,72,0.1001,0.5994,0.0054,0.985,average_rankme,average_rankme
signed_diff,overall_score_str,0,per_ckpt,step2050000-tokens10172B,72,0.1001,0.5994,0.0052,0.985,average_rankme,average_rankme
signed_diff,overall_score_str,0,per_ckpt,step2100000-tokens10592B,72,0.1001,0.5994,0.0056,0.985,average_rankme,average_rankme
signed_diff,overall_score_str,0,per_ckpt,step2150000-tokens11012B,72,0.1001,0.5994,0.0059,0.983,average_rankme,average_rankme
signed_diff,overall_score_str,0,per_ckpt,step2200000-tokens11432B,72,0.1001,0.5994,0.0058,0.984,average_rankme,average_rankme
signed_diff,overall_score_str,0,per_ckpt,step2250000-tokens11852B,72,0.1001,0.5994,0.0058,0.984,average_rankme,average_rankme
signed_diff,overall_score_str,0,per_ckpt,step2300000-tokens12272B,72,0.0982,0.6114,0.0058,0.985,average_rankme,average_rankme
signed_diff,overall_score_str,0,per_ckpt,step2350000-tokens12692B,72,0.0982,0.6114,0.0057,0.985,average_rankme,average_rankme
signed_diff,overall_score_str,0,per_ckpt,step2400000-tokens13112B,72,0.0982,0.6114,0.0057,0.984,average_rankme,average_rankme
signed_diff,overall_score_str,0,per_ckpt,step2450000-tokens13532B,72,0.1001,0.5994,0.0058,0.985,average_rankme,average_rankme
signed_diff,overall_score_str,0,per_ckpt,step2500000-tokens13952B,72,0.1001,0.5994,0.006,0.985,average_rankme,average_rankme
signed_diff,overall_score_str,0,per_ckpt,step2550000-tokens14372B,72,0.1001,0.5994,0.006,0.986,average_rankme,average_rankme
signed_diff,overall_score_str,0,per_ckpt,step2600000-tokens14792B,72,0.1001,0.5994,0.0061,0.985,average_rankme,average_rankme
signed_diff,overall_score_str,0,per_ckpt,step2627139-tokens15T,72,0.1001,0.5994,0.0063,0.984,average_rankme,average_rankme
signed_diff,overall_score_str,0,per_ckpt,main,72,0.0994,0.6054,0.0066,0.984,average_rankme,average_rankme
signed_diff,transfer_margin_str,0,per_ckpt,step50000-tokens210B,72,0.368,0.1538,0.314,0.2488,average_rankme,average_rankme
signed_diff,transfer_margin_str,0,per_ckpt,step100000-tokens420B,72,0.3759,0.1469,0.3262,0.2288,average_rankme,average_rankme
signed_diff,transfer_margin_str,0,per_ckpt,step150000-tokens630B,72,0.3859,0.1309,0.3318,0.2208,average_rankme,average_rankme
signed_diff,transfer_margin_str,0,per_ckpt,step200000-tokens840B,72,0.3845,0.1319,0.3354,0.2178,average_rankme,average_rankme
signed_diff,transfer_margin_str,0,per_ckpt,step250000-tokens1050B,72,0.3833,0.1339,0.3344,0.2168,average_rankme,average_rankme
signed_diff,transfer_margin_str,0,per_ckpt,step300000-tokens1260B,72,0.3813,0.1349,0.3327,0.2168,average_rankme,average_rankme
signed_diff,transfer_margin_str,0,per_ckpt,step350000-tokens1470B,72,0.3813,0.1349,0.3309,0.2208,average_rankme,average_rankme
signed_diff,transfer_margin_str,0,per_ckpt,step400000-tokens1680B,72,0.3699,0.1508,0.3279,0.2228,average_rankme,average_rankme
signed_diff,transfer_margin_str,0,per_ckpt,step450000-tokens1890B,72,0.3699,0.1508,0.3267,0.2218,average_rankme,average_rankme
signed_diff,transfer_margin_str,0,per_ckpt,step500000-tokens2100B,72,0.3699,0.1508,0.325,0.2258,average_rankme,average_rankme
signed_diff,transfer_margin_str,0,per_ckpt,step550000-tokens2310B,72,0.3669,0.1568,0.3232,0.2268,average_rankme,average_rankme
signed_diff,transfer_margin_str,0,per_ckpt,step600000-tokens2520B,72,0.3633,0.1638,0.3208,0.2308,average_rankme,average_rankme
signed_diff,transfer_margin_str,0,per_ckpt,step650000-tokens2730B,72,0.3601,0.1668,0.3194,0.2308,average_rankme,average_rankme
signed_diff,transfer_margin_str,0,per_ckpt,step700000-tokens2940B,72,0.359,0.1698,0.3181,0.2308,average_rankme,average_rankme
signed_diff,transfer_margin_str,0,per_ckpt,step750000-tokens3150B,72,0.359,0.1698,0.3171,0.2328,average_rankme,average_rankme
signed_diff,transfer_margin_str,0,per_ckpt,step800000-tokens3360B,72,0.359,0.1698,0.3155,0.2338,average_rankme,average_rankme
signed_diff,transfer_margin_str,0,per_ckpt,step850000-tokens3570B,72,0.359,0.1698,0.3148,0.2348,average_rankme,average_rankme
signed_diff,transfer_margin_str,0,per_ckpt,step900000-tokens3780B,72,0.359,0.1698,0.3147,0.2338,average_rankme,average_rankme
signed_diff,transfer_margin_str,0,per_ckpt,step950000-tokens3990B,72,0.359,0.1698,0.3145,0.2348,average_rankme,average_rankme
signed_diff,transfer_margin_str,0,per_ckpt,step1000000-tokens4200B,72,0.359,0.1698,0.3148,0.2348,average_rankme,average_rankme
signed_diff,transfer_margin_str,0,per_ckpt,step1194000-tokens5014B,72,0.359,0.1698,0.3156,0.2328,average_rankme,average_rankme
signed_diff,transfer_margin_str,0,per_ckpt,step1432000-tokens6014B,72,0.359,0.1698,0.3159,0.2328,average_rankme,average_rankme
signed_diff,transfer_margin_str,0,per_ckpt,step1670000-tokens7014B,72,0.359,0.1698,0.3192,0.2288,average_rankme,average_rankme
signed_diff,transfer_margin_str,0,per_ckpt,step1678000-tokens7047B,72,0.359,0.1698,0.3198,0.2288,average_rankme,average_rankme
signed_diff,transfer_margin_str,0,per_ckpt,step1700000-tokens7232B,72,0.359,0.1698,0.3197,0.2288,average_rankme,average_rankme
signed_diff,transfer_margin_str,0,per_ckpt,step1750000-tokens7652B,72,0.359,0.1698,0.3205,0.2288,average_rankme,average_rankme
signed_diff,transfer_margin_str,0,per_ckpt,step1800000-tokens8072B,72,0.359,0.1698,0.3196,0.2288,average_rankme,average_rankme
signed_diff,transfer_margin_str,0,per_ckpt,step1850000-tokens8492B,72,0.3597,0.1708,0.3183,0.2288,average_rankme,average_rankme
signed_diff,transfer_margin_str,0,per_ckpt,step1900000-tokens8912B,72,0.3597,0.1708,0.317,0.2318,average_rankme,average_rankme
signed_diff,transfer_margin_str,0,per_ckpt,step1950000-tokens9332B,72,0.3597,0.1708,0.3155,0.2328,average_rankme,average_rankme
signed_diff,transfer_margin_str,0,per_ckpt,step2000000-tokens9752B,72,0.3597,0.1708,0.3152,0.2328,average_rankme,average_rankme
signed_diff,transfer_margin_str,0,per_ckpt,step2050000-tokens10172B,72,0.3597,0.1708,0.3152,0.2328,average_rankme,average_rankme
signed_diff,transfer_margin_str,0,per_ckpt,step2100000-tokens10592B,72,0.3597,0.1708,0.3153,0.2328,average_rankme,average_rankme
signed_diff,transfer_margin_str,0,per_ckpt,step2150000-tokens11012B,72,0.3597,0.1708,0.3145,0.2328,average_rankme,average_rankme
signed_diff,transfer_margin_str,0,per_ckpt,step2200000-tokens11432B,72,0.3597,0.1708,0.3145,0.2328,average_rankme,average_rankme
signed_diff,transfer_margin_str,0,per_ckpt,step2250000-tokens11852B,72,0.3597,0.1708,0.3138,0.2348,average_rankme,average_rankme
signed_diff,transfer_margin_str,0,per_ckpt,step2300000-tokens12272B,72,0.3608,0.1688,0.3139,0.2348,average_rankme,average_rankme
signed_diff,transfer_margin_str,0,per_ckpt,step2350000-tokens12692B,72,0.3608,0.1688,0.3142,0.2338,average_rankme,average_rankme
signed_diff,transfer_margin_str,0,per_ckpt,step2400000-tokens13112B,72,0.3608,0.1688,0.3147,0.2338,average_rankme,average_rankme
signed_diff,transfer_margin_str,0,per_ckpt,step2450000-tokens13532B,72,0.3597,0.1708,0.3148,0.2338,average_rankme,average_rankme
signed_diff,transfer_margin_str,0,per_ckpt,step2500000-tokens13952B,72,0.3597,0.1708,0.3147,0.2338,average_rankme,average_rankme
signed_diff,transfer_margin_str,0,per_ckpt,step2550000-tokens14372B,72,0.3597,0.1708,0.3147,0.2338,average_rankme,average_rankme
signed_diff,transfer_margin_str,0,per_ckpt,step2600000-tokens14792B,72,0.3597,0.1708,0.3146,0.2338,average_rankme,average_rankme
signed_diff,transfer_margin_str,0,per_ckpt,step2627139-tokens15T,72,0.3597,0.1708,0.3143,0.2348,average_rankme,average_rankme
signed_diff,transfer_margin_str,0,per_ckpt,main,72,0.359,0.1718,0.3141,0.2348,average_rankme,average_rankme
signed_diff,overall_margin_str,0,per_ckpt,step50000-tokens210B,72,0.325,0.1319,0.3512,0.1009,average_rankme,average_rankme
signed_diff,overall_margin_str,0,per_ckpt,step100000-tokens420B,72,0.3227,0.1369,0.3609,0.0909,average_rankme,average_rankme
signed_diff,overall_margin_str,0,per_ckpt,step150000-tokens630B,72,0.3222,0.1399,0.3652,0.0889,average_rankme,average_rankme
signed_diff,overall_margin_str,0,per_ckpt,step200000-tokens840B,72,0.3223,0.1359,0.3662,0.0859,average_rankme,average_rankme
signed_diff,overall_margin_str,0,per_ckpt,step250000-tokens1050B,72,0.3237,0.1349,0.3685,0.0829,average_rankme,average_rankme
signed_diff,overall_margin_str,0,per_ckpt,step300000-tokens1260B,72,0.3266,0.1309,0.3704,0.0829,average_rankme,average_rankme
signed_diff,overall_margin_str,0,per_ckpt,step350000-tokens1470B,72,0.3266,0.1309,0.3688,0.0829,average_rankme,average_rankme
signed_diff,overall_margin_str,0,per_ckpt,step400000-tokens1680B,72,0.3374,0.1209,0.3689,0.0859,average_rankme,average_rankme
signed_diff,overall_margin_str,0,per_ckpt,step450000-tokens1890B,72,0.3374,0.1209,0.3686,0.0859,average_rankme,average_rankme
signed_diff,overall_margin_str,0,per_ckpt,step500000-tokens2100B,72,0.3374,0.1209,0.3681,0.0829,average_rankme,average_rankme
signed_diff,overall_margin_str,0,per_ckpt,step550000-tokens2310B,72,0.3383,0.1189,0.3688,0.0829,average_rankme,average_rankme
signed_diff,overall_margin_str,0,per_ckpt,step600000-tokens2520B,72,0.3396,0.1169,0.3693,0.0819,average_rankme,average_rankme
signed_diff,overall_margin_str,0,per_ckpt,step650000-tokens2730B,72,0.3402,0.1149,0.3693,0.0829,average_rankme,average_rankme
signed_diff,overall_margin_str,0,per_ckpt,step700000-tokens2940B,72,0.3358,0.1229,0.3693,0.0829,average_rankme,average_rankme
signed_diff,overall_margin_str,0,per_ckpt,step750000-tokens3150B,72,0.3358,0.1229,0.3692,0.0799,average_rankme,average_rankme
signed_diff,overall_margin_str,0,per_ckpt,step800000-tokens3360B,72,0.3358,0.1229,0.3684,0.0819,average_rankme,average_rankme
signed_diff,overall_margin_str,0,per_ckpt,step850000-tokens3570B,72,0.3358,0.1229,0.3688,0.0809,average_rankme,average_rankme
signed_diff,overall_margin_str,0,per_ckpt,step900000-tokens3780B,72,0.3358,0.1229,0.3691,0.0819,average_rankme,average_rankme
signed_diff,overall_margin_str,0,per_ckpt,step950000-tokens3990B,72,0.3358,0.1229,0.3683,0.0819,average_rankme,average_rankme
signed_diff,overall_margin_str,0,per_ckpt,step1000000-tokens4200B,72,0.3358,0.1229,0.3684,0.0819,average_rankme,average_rankme
signed_diff,overall_margin_str,0,per_ckpt,step1194000-tokens5014B,72,0.3358,0.1229,0.3684,0.0819,average_rankme,average_rankme
signed_diff,overall_margin_str,0,per_ckpt,step1432000-tokens6014B,72,0.3358,0.1229,0.3681,0.0819,average_rankme,average_rankme
signed_diff,overall_margin_str,0,per_ckpt,step1670000-tokens7014B,72,0.3358,0.1229,0.3695,0.0799,average_rankme,average_rankme
signed_diff,overall_margin_str,0,per_ckpt,step1678000-tokens7047B,72,0.3358,0.1229,0.3694,0.0799,average_rankme,average_rankme
signed_diff,overall_margin_str,0,per_ckpt,step1700000-tokens7232B,72,0.3358,0.1229,0.3692,0.0799,average_rankme,average_rankme
signed_diff,overall_margin_str,0,per_ckpt,step1750000-tokens7652B,72,0.3358,0.1229,0.3693,0.0809,average_rankme,average_rankme
signed_diff,overall_margin_str,0,per_ckpt,step1800000-tokens8072B,72,0.3358,0.1229,0.3688,0.0809,average_rankme,average_rankme
signed_diff,overall_margin_str,0,per_ckpt,step1850000-tokens8492B,72,0.3328,0.1279,0.3678,0.0839,average_rankme,average_rankme
signed_diff,overall_margin_str,0,per_ckpt,step1900000-tokens8912B,72,0.3328,0.1279,0.3669,0.0839,average_rankme,average_rankme
signed_diff,overall_margin_str,0,per_ckpt,step1950000-tokens9332B,72,0.3328,0.1279,0.3663,0.0829,average_rankme,average_rankme
signed_diff,overall_margin_str,0,per_ckpt,step2000000-tokens9752B,72,0.3328,0.1279,0.3665,0.0839,average_rankme,average_rankme
signed_diff,overall_margin_str,0,per_ckpt,step2050000-tokens10172B,72,0.3328,0.1279,0.3663,0.0839,average_rankme,average_rankme
signed_diff,overall_margin_str,0,per_ckpt,step2100000-tokens10592B,72,0.3328,0.1279,0.3666,0.0819,average_rankme,average_rankme
signed_diff,overall_margin_str,0,per_ckpt,step2150000-tokens11012B,72,0.3328,0.1279,0.3663,0.0829,average_rankme,average_rankme
signed_diff,overall_margin_str,0,per_ckpt,step2200000-tokens11432B,72,0.3328,0.1279,0.3664,0.0829,average_rankme,average_rankme
signed_diff,overall_margin_str,0,per_ckpt,step2250000-tokens11852B,72,0.3328,0.1279,0.3658,0.0839,average_rankme,average_rankme
signed_diff,overall_margin_str,0,per_ckpt,step2300000-tokens12272B,72,0.3308,0.1299,0.366,0.0839,average_rankme,average_rankme
signed_diff,overall_margin_str,0,per_ckpt,step2350000-tokens12692B,72,0.3308,0.1299,0.3662,0.0829,average_rankme,average_rankme
signed_diff,overall_margin_str,0,per_ckpt,step2400000-tokens13112B,72,0.3308,0.1299,0.3664,0.0829,average_rankme,average_rankme
signed_diff,overall_margin_str,0,per_ckpt,step2450000-tokens13532B,72,0.3328,0.1279,0.3667,0.0829,average_rankme,average_rankme
signed_diff,overall_margin_str,0,per_ckpt,step2500000-tokens13952B,72,0.3328,0.1279,0.367,0.0809,average_rankme,average_rankme
signed_diff,overall_margin_str,0,per_ckpt,step2550000-tokens14372B,72,0.3328,0.1279,0.3672,0.0809,average_rankme,average_rankme
signed_diff,overall_margin_str,0,per_ckpt,step2600000-tokens14792B,72,0.3328,0.1279,0.3674,0.0809,average_rankme,average_rankme
signed_diff,overall_margin_str,0,per_ckpt,step2627139-tokens15T,72,0.3328,0.1279,0.3676,0.0809,average_rankme,average_rankme
signed_diff,overall_margin_str,0,per_ckpt,main,72,0.3341,0.1259,0.3681,0.0809,average_rankme,average_rankme
min_rankme,accuracy_majority,0,per_ckpt,step50000-tokens210B,72,-0.0902,0.5315,-0.101,0.4805,average_rankme,average_rankme
min_rankme,accuracy_majority,0,per_ckpt,step100000-tokens420B,72,-0.0902,0.5315,-0.0998,0.4855,average_rankme,average_rankme
min_rankme,accuracy_majority,0,per_ckpt,step150000-tokens630B,72,-0.0902,0.5315,-0.1005,0.4785,average_rankme,average_rankme
min_rankme,accuracy_majority,0,per_ckpt,step200000-tokens840B,72,-0.0838,0.5614,-0.1008,0.4805,average_rankme,average_rankme
min_rankme,accuracy_majority,0,per_ckpt,step250000-tokens1050B,72,-0.0902,0.5315,-0.1006,0.4795,average_rankme,average_rankme
min_rankme,accuracy_majority,0,per_ckpt,step300000-tokens1260B,72,-0.0902,0.5315,-0.1017,0.4745,average_rankme,average_rankme
min_rankme,accuracy_majority,0,per_ckpt,step350000-tokens1470B,72,-0.0902,0.5315,-0.1022,0.4735,average_rankme,average_rankme
min_rankme,accuracy_majority,0,per_ckpt,step400000-tokens1680B,72,-0.1056,0.4725,-0.1037,0.4645,average_rankme,average_rankme
min_rankme,accuracy_majority,0,per_ckpt,step450000-tokens1890B,72,-0.1056,0.4725,-0.1045,0.4575,average_rankme,average_rankme
min_rankme,accuracy_majority,0,per_ckpt,step500000-tokens2100B,72,-0.1056,0.4725,-0.1055,0.4535,average_rankme,average_rankme
min_rankme,accuracy_majority,0,per_ckpt,step550000-tokens2310B,72,-0.1056,0.4725,-0.1068,0.4486,average_rankme,average_rankme
min_rankme,accuracy_majority,0,per_ckpt,step600000-tokens2520B,72,-0.1056,0.4725,-0.1073,0.4466,average_rankme,average_rankme
min_rankme,accuracy_majority,0,per_ckpt,step650000-tokens2730B,72,-0.1056,0.4725,-0.1077,0.4426,average_rankme,average_rankme
min_rankme,accuracy_majority,0,per_ckpt,step700000-tokens2940B,72,-0.1056,0.4725,-0.1085,0.4396,average_rankme,average_rankme
min_rankme,accuracy_majority,0,per_ckpt,step750000-tokens3150B,72,-0.1056,0.4725,-0.1091,0.4356,average_rankme,average_rankme
min_rankme,accuracy_majority,0,per_ckpt,step800000-tokens3360B,72,-0.1056,0.4725,-0.1096,0.4356,average_rankme,average_rankme
min_rankme,accuracy_majority,0,per_ckpt,step850000-tokens3570B,72,-0.1056,0.4725,-0.1101,0.4346,average_rankme,average_rankme
min_rankme,accuracy_majority,0,per_ckpt,step900000-tokens3780B,72,-0.1056,0.4725,-0.1107,0.4326,average_rankme,average_rankme
min_rankme,accuracy_majority,0,per_ckpt,step950000-tokens3990B,72,-0.1056,0.4725,-0.1109,0.4326,average_rankme,average_rankme
min_rankme,accuracy_majority,0,per_ckpt,step1000000-tokens4200B,72,-0.1056,0.4725,-0.111,0.4326,average_rankme,average_rankme
min_rankme,accuracy_majority,0,per_ckpt,step1194000-tokens5014B,72,-0.1056,0.4725,-0.1113,0.4316,average_rankme,average_rankme
min_rankme,accuracy_majority,0,per_ckpt,step1432000-tokens6014B,72,-0.1056,0.4725,-0.1112,0.4316,average_rankme,average_rankme
min_rankme,accuracy_majority,0,per_ckpt,step1670000-tokens7014B,72,-0.1056,0.4725,-0.1101,0.4326,average_rankme,average_rankme
min_rankme,accuracy_majority,0,per_ckpt,step1678000-tokens7047B,72,-0.1056,0.4725,-0.1103,0.4326,average_rankme,average_rankme
min_rankme,accuracy_majority,0,per_ckpt,step1700000-tokens7232B,72,-0.1056,0.4725,-0.1104,0.4326,average_rankme,average_rankme
min_rankme,accuracy_majority,0,per_ckpt,step1750000-tokens7652B,72,-0.1056,0.4725,-0.1102,0.4336,average_rankme,average_rankme
min_rankme,accuracy_majority,0,per_ckpt,step1800000-tokens8072B,72,-0.1056,0.4725,-0.1101,0.4336,average_rankme,average_rankme
min_rankme,accuracy_majority,0,per_ckpt,step1850000-tokens8492B,72,-0.1056,0.4725,-0.1101,0.4356,average_rankme,average_rankme
min_rankme,accuracy_majority,0,per_ckpt,step1900000-tokens8912B,72,-0.1056,0.4725,-0.1102,0.4356,average_rankme,average_rankme
min_rankme,accuracy_majority,0,per_ckpt,step1950000-tokens9332B,72,-0.1056,0.4725,-0.11,0.4346,average_rankme,average_rankme
min_rankme,accuracy_majority,0,per_ckpt,step2000000-tokens9752B,72,-0.1056,0.4725,-0.1102,0.4336,average_rankme,average_rankme
min_rankme,accuracy_majority,0,per_ckpt,step2050000-tokens10172B,72,-0.1056,0.4725,-0.11,0.4346,average_rankme,average_rankme
min_rankme,accuracy_majority,0,per_ckpt,step2100000-tokens10592B,72,-0.1056,0.4725,-0.1099,0.4346,average_rankme,average_rankme
min_rankme,accuracy_majority,0,per_ckpt,step2150000-tokens11012B,72,-0.1056,0.4725,-0.1099,0.4346,average_rankme,average_rankme
min_rankme,accuracy_majority,0,per_ckpt,step2200000-tokens11432B,72,-0.1056,0.4725,-0.1099,0.4346,average_rankme,average_rankme
min_rankme,accuracy_majority,0,per_ckpt,step2250000-tokens11852B,72,-0.1056,0.4725,-0.1099,0.4346,average_rankme,average_rankme
min_rankme,accuracy_majority,0,per_ckpt,step2300000-tokens12272B,72,-0.1056,0.4725,-0.11,0.4346,average_rankme,average_rankme
min_rankme,accuracy_majority,0,per_ckpt,step2350000-tokens12692B,72,-0.1056,0.4725,-0.1098,0.4346,average_rankme,average_rankme
min_rankme,accuracy_majority,0,per_ckpt,step2400000-tokens13112B,72,-0.1056,0.4725,-0.1096,0.4356,average_rankme,average_rankme
min_rankme,accuracy_majority,0,per_ckpt,step2450000-tokens13532B,72,-0.1056,0.4725,-0.1095,0.4376,average_rankme,average_rankme
min_rankme,accuracy_majority,0,per_ckpt,step2500000-tokens13952B,72,-0.1056,0.4725,-0.1092,0.4406,average_rankme,average_rankme
min_rankme,accuracy_majority,0,per_ckpt,step2550000-tokens14372B,72,-0.1056,0.4725,-0.109,0.4406,average_rankme,average_rankme
min_rankme,accuracy_majority,0,per_ckpt,step2600000-tokens14792B,72,-0.1056,0.4725,-0.1088,0.4416,average_rankme,average_rankme
min_rankme,accuracy_majority,0,per_ckpt,step2627139-tokens15T,72,-0.1056,0.4725,-0.1085,0.4426,average_rankme,average_rankme
min_rankme,accuracy_majority,0,per_ckpt,main,72,-0.1056,0.4725,-0.1084,0.4426,average_rankme,average_rankme
min_rankme,overall_score,0,per_ckpt,step50000-tokens210B,72,0.019,0.9031,0.001,0.996,average_rankme,average_rankme
min_rankme,overall_score,0,per_ckpt,step100000-tokens420B,72,0.019,0.9031,0.0085,0.963,average_rankme,average_rankme
min_rankme,overall_score,0,per_ckpt,step150000-tokens630B,72,0.019,0.9031,0.011,0.952,average_rankme,average_rankme
min_rankme,overall_score,0,per_ckpt,step200000-tokens840B,72,0.027,0.8731,0.012,0.9461,average_rankme,average_rankme
min_rankme,overall_score,0,per_ckpt,step250000-tokens1050B,72,0.019,0.9031,0.0142,0.9401,average_rankme,average_rankme
min_rankme,overall_score,0,per_ckpt,step300000-tokens1260B,72,0.019,0.9031,0.0143,0.9401,average_rankme,average_rankme
min_rankme,overall_score,0,per_ckpt,step350000-tokens1470B,72,0.019,0.9031,0.0132,0.9441,average_rankme,average_rankme
min_rankme,overall_score,0,per_ckpt,step400000-tokens1680B,72,0.0437,0.8042,0.0123,0.9451,average_rankme,average_rankme
min_rankme,overall_score,0,per_ckpt,step450000-tokens1890B,72,0.0437,0.8042,0.0112,0.9481,average_rankme,average_rankme
min_rankme,overall_score,0,per_ckpt,step500000-tokens2100B,72,0.0437,0.8042,0.0095,0.958,average_rankme,average_rankme
min_rankme,overall_score,0,per_ckpt,step550000-tokens2310B,72,0.0437,0.8042,0.0083,0.965,average_rankme,average_rankme
min_rankme,overall_score,0,per_ckpt,step600000-tokens2520B,72,0.0437,0.8042,0.008,0.968,average_rankme,average_rankme
min_rankme,overall_score,0,per_ckpt,step650000-tokens2730B,72,0.0437,0.8042,0.0074,0.97,average_rankme,average_rankme
min_rankme,overall_score,0,per_ckpt,step700000-tokens2940B,72,0.0437,0.8042,0.0069,0.972,average_rankme,average_rankme
min_rankme,overall_score,0,per_ckpt,step750000-tokens3150B,72,0.0437,0.8042,0.0065,0.975,average_rankme,average_rankme
min_rankme,overall_score,0,per_ckpt,step800000-tokens3360B,72,0.0437,0.8042,0.0057,0.979,average_rankme,average_rankme
min_rankme,overall_score,0,per_ckpt,step850000-tokens3570B,72,0.0437,0.8042,0.0058,0.979,average_rankme,average_rankme
min_rankme,overall_score,0,per_ckpt,step900000-tokens3780B,72,0.0437,0.8042,0.0054,0.979,average_rankme,average_rankme
min_rankme,overall_score,0,per_ckpt,step950000-tokens3990B,72,0.0437,0.8042,0.0051,0.981,average_rankme,average_rankme
min_rankme,overall_score,0,per_ckpt,step1000000-tokens4200B,72,0.0437,0.8042,0.0049,0.983,average_rankme,average_rankme
min_rankme,overall_score,0,per_ckpt,step1194000-tokens5014B,72,0.0437,0.8042,0.0043,0.985,average_rankme,average_rankme
min_rankme,overall_score,0,per_ckpt,step1432000-tokens6014B,72,0.0437,0.8042,0.0042,0.985,average_rankme,average_rankme
min_rankme,overall_score,0,per_ckpt,step1670000-tokens7014B,72,0.0437,0.8042,0.0057,0.978,average_rankme,average_rankme
min_rankme,overall_score,0,per_ckpt,step1678000-tokens7047B,72,0.0437,0.8042,0.0054,0.98,average_rankme,average_rankme
min_rankme,overall_score,0,per_ckpt,step1700000-tokens7232B,72,0.0437,0.8042,0.0054,0.981,average_rankme,average_rankme
min_rankme,overall_score,0,per_ckpt,step1750000-tokens7652B,72,0.0437,0.8042,0.0055,0.98,average_rankme,average_rankme
min_rankme,overall_score,0,per_ckpt,step1800000-tokens8072B,72,0.0437,0.8042,0.0058,0.979,average_rankme,average_rankme
min_rankme,overall_score,0,per_ckpt,step1850000-tokens8492B,72,0.0437,0.8042,0.006,0.977,average_rankme,average_rankme
min_rankme,overall_score,0,per_ckpt,step1900000-tokens8912B,72,0.0437,0.8042,0.0059,0.979,average_rankme,average_rankme
min_rankme,overall_score,0,per_ckpt,step1950000-tokens9332B,72,0.0437,0.8042,0.006,0.98,average_rankme,average_rankme
min_rankme,overall_score,0,per_ckpt,step2000000-tokens9752B,72,0.0437,0.8042,0.006,0.979,average_rankme,average_rankme
min_rankme,overall_score,0,per_ckpt,step2050000-tokens10172B,72,0.0437,0.8042,0.006,0.979,average_rankme,average_rankme
min_rankme,overall_score,0,per_ckpt,step2100000-tokens10592B,72,0.0437,0.8042,0.0063,0.979,average_rankme,average_rankme
min_rankme,overall_score,0,per_ckpt,step2150000-tokens11012B,72,0.0437,0.8042,0.0066,0.978,average_rankme,average_rankme
min_rankme,overall_score,0,per_ckpt,step2200000-tokens11432B,72,0.0437,0.8042,0.0066,0.978,average_rankme,average_rankme
min_rankme,overall_score,0,per_ckpt,step2250000-tokens11852B,72,0.0437,0.8042,0.0066,0.978,average_rankme,average_rankme
min_rankme,overall_score,0,per_ckpt,step2300000-tokens12272B,72,0.0437,0.8042,0.0068,0.978,average_rankme,average_rankme
min_rankme,overall_score,0,per_ckpt,step2350000-tokens12692B,72,0.0437,0.8042,0.0069,0.975,average_rankme,average_rankme
min_rankme,overall_score,0,per_ckpt,step2400000-tokens13112B,72,0.0437,0.8042,0.0071,0.975,average_rankme,average_rankme
min_rankme,overall_score,0,per_ckpt,step2450000-tokens13532B,72,0.0437,0.8042,0.0071,0.976,average_rankme,average_rankme
min_rankme,overall_score,0,per_ckpt,step2500000-tokens13952B,72,0.0437,0.8042,0.0073,0.972,average_rankme,average_rankme
min_rankme,overall_score,0,per_ckpt,step2550000-tokens14372B,72,0.0437,0.8042,0.0074,0.97,average_rankme,average_rankme
min_rankme,overall_score,0,per_ckpt,step2600000-tokens14792B,72,0.0437,0.8042,0.0076,0.97,average_rankme,average_rankme
min_rankme,overall_score,0,per_ckpt,step2627139-tokens15T,72,0.0437,0.8042,0.0079,0.97,average_rankme,average_rankme
min_rankme,overall_score,0,per_ckpt,main,72,0.0437,0.8042,0.0082,0.97,average_rankme,average_rankme
min_rankme,transfer_score,0,per_ckpt,step50000-tokens210B,72,0.0225,0.9061,0.0038,0.987,average_rankme,average_rankme
min_rankme,transfer_score,0,per_ckpt,step100000-tokens420B,72,0.0225,0.9061,0.0105,0.959,average_rankme,average_rankme
min_rankme,transfer_score,0,per_ckpt,step150000-tokens630B,72,0.0225,0.9061,0.0134,0.9481,average_rankme,average_rankme
min_rankme,transfer_score,0,per_ckpt,step200000-tokens840B,72,0.0284,0.8781,0.0142,0.9481,average_rankme,average_rankme
min_rankme,transfer_score,0,per_ckpt,step250000-tokens1050B,72,0.0225,0.9061,0.0153,0.9431,average_rankme,average_rankme
min_rankme,transfer_score,0,per_ckpt,step300000-tokens1260B,72,0.0225,0.9061,0.015,0.9461,average_rankme,average_rankme
min_rankme,transfer_score,0,per_ckpt,step350000-tokens1470B,72,0.0225,0.9061,0.014,0.9481,average_rankme,average_rankme
min_rankme,transfer_score,0,per_ckpt,step400000-tokens1680B,72,0.0503,0.7972,0.0127,0.951,average_rankme,average_rankme
min_rankme,transfer_score,0,per_ckpt,step450000-tokens1890B,72,0.0503,0.7972,0.0116,0.954,average_rankme,average_rankme
min_rankme,transfer_score,0,per_ckpt,step500000-tokens2100B,72,0.0503,0.7972,0.0097,0.964,average_rankme,average_rankme
min_rankme,transfer_score,0,per_ckpt,step550000-tokens2310B,72,0.0503,0.7972,0.0083,0.971,average_rankme,average_rankme
min_rankme,transfer_score,0,per_ckpt,step600000-tokens2520B,72,0.0503,0.7972,0.0075,0.973,average_rankme,average_rankme
min_rankme,transfer_score,0,per_ckpt,step650000-tokens2730B,72,0.0503,0.7972,0.0066,0.976,average_rankme,average_rankme
min_rankme,transfer_score,0,per_ckpt,step700000-tokens2940B,72,0.0503,0.7972,0.0058,0.979,average_rankme,average_rankme
min_rankme,transfer_score,0,per_ckpt,step750000-tokens3150B,72,0.0503,0.7972,0.0057,0.981,average_rankme,average_rankme
min_rankme,transfer_score,0,per_ckpt,step800000-tokens3360B,72,0.0503,0.7972,0.0047,0.982,average_rankme,average_rankme
min_rankme,transfer_score,0,per_ckpt,step850000-tokens3570B,72,0.0503,0.7972,0.0048,0.982,average_rankme,average_rankme
min_rankme,transfer_score,0,per_ckpt,step900000-tokens3780B,72,0.0503,0.7972,0.0046,0.982,average_rankme,average_rankme
min_rankme,transfer_score,0,per_ckpt,step950000-tokens3990B,72,0.0503,0.7972,0.0044,0.983,average_rankme,average_rankme
min_rankme,transfer_score,0,per_ckpt,step1000000-tokens4200B,72,0.0503,0.7972,0.0043,0.984,average_rankme,average_rankme
min_rankme,transfer_score,0,per_ckpt,step1194000-tokens5014B,72,0.0503,0.7972,0.0039,0.984,average_rankme,average_rankme
min_rankme,transfer_score,0,per_ckpt,step1432000-tokens6014B,72,0.0503,0.7972,0.0038,0.987,average_rankme,average_rankme
min_rankme,transfer_score,0,per_ckpt,step1670000-tokens7014B,72,0.0503,0.7972,0.0056,0.982,average_rankme,average_rankme
min_rankme,transfer_score,0,per_ckpt,step1678000-tokens7047B,72,0.0503,0.7972,0.0055,0.982,average_rankme,average_rankme
min_rankme,transfer_score,0,per_ckpt,step1700000-tokens7232B,72,0.0503,0.7972,0.0055,0.982,average_rankme,average_rankme
min_rankme,transfer_score,0,per_ckpt,step1750000-tokens7652B,72,0.0503,0.7972,0.0058,0.982,average_rankme,average_rankme
min_rankme,transfer_score,0,per_ckpt,step1800000-tokens8072B,72,0.0503,0.7972,0.006,0.982,average_rankme,average_rankme
min_rankme,transfer_score,0,per_ckpt,step1850000-tokens8492B,72,0.0503,0.7972,0.0063,0.979,average_rankme,average_rankme
min_rankme,transfer_score,0,per_ckpt,step1900000-tokens8912B,72,0.0503,0.7972,0.0062,0.98,average_rankme,average_rankme
min_rankme,transfer_score,0,per_ckpt,step1950000-tokens9332B,72,0.0503,0.7972,0.0061,0.981,average_rankme,average_rankme
min_rankme,transfer_score,0,per_ckpt,step2000000-tokens9752B,72,0.0503,0.7972,0.0059,0.981,average_rankme,average_rankme
min_rankme,transfer_score,0,per_ckpt,step2050000-tokens10172B,72,0.0503,0.7972,0.0059,0.982,average_rankme,average_rankme
min_rankme,transfer_score,0,per_ckpt,step2100000-tokens10592B,72,0.0503,0.7972,0.0062,0.981,average_rankme,average_rankme
min_rankme,transfer_score,0,per_ckpt,step2150000-tokens11012B,72,0.0503,0.7972,0.0063,0.982,average_rankme,average_rankme
min_rankme,transfer_score,0,per_ckpt,step2200000-tokens11432B,72,0.0503,0.7972,0.0063,0.984,average_rankme,average_rankme
min_rankme,transfer_score,0,per_ckpt,step2250000-tokens11852B,72,0.0503,0.7972,0.0063,0.984,average_rankme,average_rankme
min_rankme,transfer_score,0,per_ckpt,step2300000-tokens12272B,72,0.0503,0.7972,0.0066,0.98,average_rankme,average_rankme
min_rankme,transfer_score,0,per_ckpt,step2350000-tokens12692B,72,0.0503,0.7972,0.0068,0.98,average_rankme,average_rankme
min_rankme,transfer_score,0,per_ckpt,step2400000-tokens13112B,72,0.0503,0.7972,0.007,0.978,average_rankme,average_rankme
min_rankme,transfer_score,0,per_ckpt,step2450000-tokens13532B,72,0.0503,0.7972,0.0069,0.979,average_rankme,average_rankme
min_rankme,transfer_score,0,per_ckpt,step2500000-tokens13952B,72,0.0503,0.7972,0.0068,0.979,average_rankme,average_rankme
min_rankme,transfer_score,0,per_ckpt,step2550000-tokens14372B,72,0.0503,0.7972,0.0068,0.981,average_rankme,average_rankme
min_rankme,transfer_score,0,per_ckpt,step2600000-tokens14792B,72,0.0503,0.7972,0.0069,0.983,average_rankme,average_rankme
min_rankme,transfer_score,0,per_ckpt,step2627139-tokens15T,72,0.0503,0.7972,0.0069,0.983,average_rankme,average_rankme
min_rankme,transfer_score,0,per_ckpt,main,72,0.0503,0.7972,0.007,0.982,average_rankme,average_rankme
min_rankme,transfer_score_str,0,per_ckpt,step50000-tokens210B,72,0.2501,0.2827,0.303,0.1918,average_rankme,average_rankme
min_rankme,transfer_score_str,0,per_ckpt,step100000-tokens420B,72,0.2501,0.2827,0.3159,0.1668,average_rankme,average_rankme
min_rankme,transfer_score_str,0,per_ckpt,step150000-tokens630B,72,0.2501,0.2827,0.3213,0.1648,average_rankme,average_rankme
min_rankme,transfer_score_str,0,per_ckpt,step200000-tokens840B,72,0.2609,0.2567,0.3232,0.1638,average_rankme,average_rankme
min_rankme,transfer_score_str,0,per_ckpt,step250000-tokens1050B,72,0.2501,0.2827,0.3261,0.1598,average_rankme,average_rankme
min_rankme,transfer_score_str,0,per_ckpt,step300000-tokens1260B,72,0.2501,0.2827,0.3264,0.1608,average_rankme,average_rankme
min_rankme,transfer_score_str,0,per_ckpt,step350000-tokens1470B,72,0.2501,0.2827,0.3252,0.1608,average_rankme,average_rankme
min_rankme,transfer_score_str,0,per_ckpt,step400000-tokens1680B,72,0.303,0.1818,0.3241,0.1628,average_rankme,average_rankme
min_rankme,transfer_score_str,0,per_ckpt,step450000-tokens1890B,72,0.303,0.1818,0.3224,0.1638,average_rankme,average_rankme
min_rankme,transfer_score_str,0,per_ckpt,step500000-tokens2100B,72,0.303,0.1818,0.32,0.1688,average_rankme,average_rankme
min_rankme,transfer_score_str,0,per_ckpt,step550000-tokens2310B,72,0.303,0.1818,0.3183,0.1698,average_rankme,average_rankme
min_rankme,transfer_score_str,0,per_ckpt,step600000-tokens2520B,72,0.303,0.1818,0.3176,0.1698,average_rankme,average_rankme
min_rankme,transfer_score_str,0,per_ckpt,step650000-tokens2730B,72,0.303,0.1818,0.3165,0.1698,average_rankme,average_rankme
min_rankme,transfer_score_str,0,per_ckpt,step700000-tokens2940B,72,0.303,0.1818,0.3156,0.1728,average_rankme,average_rankme
min_rankme,transfer_score_str,0,per_ckpt,step750000-tokens3150B,72,0.303,0.1818,0.3153,0.1748,average_rankme,average_rankme
min_rankme,transfer_score_str,0,per_ckpt,step800000-tokens3360B,72,0.303,0.1818,0.314,0.1758,average_rankme,average_rankme
min_rankme,transfer_score_str,0,per_ckpt,step850000-tokens3570B,72,0.303,0.1818,0.3144,0.1768,average_rankme,average_rankme
min_rankme,transfer_score_str,0,per_ckpt,step900000-tokens3780B,72,0.303,0.1818,0.3141,0.1768,average_rankme,average_rankme
min_rankme,transfer_score_str,0,per_ckpt,step950000-tokens3990B,72,0.303,0.1818,0.3138,0.1768,average_rankme,average_rankme
min_rankme,transfer_score_str,0,per_ckpt,step1000000-tokens4200B,72,0.303,0.1818,0.3138,0.1768,average_rankme,average_rankme
min_rankme,transfer_score_str,0,per_ckpt,step1194000-tokens5014B,72,0.303,0.1818,0.3132,0.1778,average_rankme,average_rankme
min_rankme,transfer_score_str,0,per_ckpt,step1432000-tokens6014B,72,0.303,0.1818,0.313,0.1778,average_rankme,average_rankme
min_rankme,transfer_score_str,0,per_ckpt,step1670000-tokens7014B,72,0.303,0.1818,0.3149,0.1758,average_rankme,average_rankme
min_rankme,transfer_score_str,0,per_ckpt,step1678000-tokens7047B,72,0.303,0.1818,0.3148,0.1768,average_rankme,average_rankme
min_rankme,transfer_score_str,0,per_ckpt,step1700000-tokens7232B,72,0.303,0.1818,0.3149,0.1768,average_rankme,average_rankme
min_rankme,transfer_score_str,0,per_ckpt,step1750000-tokens7652B,72,0.303,0.1818,0.3152,0.1768,average_rankme,average_rankme
min_rankme,transfer_score_str,0,per_ckpt,step1800000-tokens8072B,72,0.303,0.1818,0.3157,0.1768,average_rankme,average_rankme
min_rankme,transfer_score_str,0,per_ckpt,step1850000-tokens8492B,72,0.303,0.1818,0.3161,0.1758,average_rankme,average_rankme
min_rankme,transfer_score_str,0,per_ckpt,step1900000-tokens8912B,72,0.303,0.1818,0.3161,0.1758,average_rankme,average_rankme
min_rankme,transfer_score_str,0,per_ckpt,step1950000-tokens9332B,72,0.303,0.1818,0.3165,0.1748,average_rankme,average_rankme
min_rankme,transfer_score_str,0,per_ckpt,step2000000-tokens9752B,72,0.303,0.1818,0.3166,0.1748,average_rankme,average_rankme
min_rankme,transfer_score_str,0,per_ckpt,step2050000-tokens10172B,72,0.303,0.1818,0.3165,0.1748,average_rankme,average_rankme
min_rankme,transfer_score_str,0,per_ckpt,step2100000-tokens10592B,72,0.303,0.1818,0.3171,0.1728,average_rankme,average_rankme
min_rankme,transfer_score_str,0,per_ckpt,step2150000-tokens11012B,72,0.303,0.1818,0.3174,0.1728,average_rankme,average_rankme
min_rankme,transfer_score_str,0,per_ckpt,step2200000-tokens11432B,72,0.303,0.1818,0.3175,0.1728,average_rankme,average_rankme
min_rankme,transfer_score_str,0,per_ckpt,step2250000-tokens11852B,72,0.303,0.1818,0.3176,0.1718,average_rankme,average_rankme
min_rankme,transfer_score_str,0,per_ckpt,step2300000-tokens12272B,72,0.303,0.1818,0.3179,0.1718,average_rankme,average_rankme
min_rankme,transfer_score_str,0,per_ckpt,step2350000-tokens12692B,72,0.303,0.1818,0.318,0.1718,average_rankme,average_rankme
min_rankme,transfer_score_str,0,per_ckpt,step2400000-tokens13112B,72,0.303,0.1818,0.3181,0.1708,average_rankme,average_rankme
min_rankme,transfer_score_str,0,per_ckpt,step2450000-tokens13532B,72,0.303,0.1818,0.3178,0.1718,average_rankme,average_rankme
min_rankme,transfer_score_str,0,per_ckpt,step2500000-tokens13952B,72,0.303,0.1818,0.3176,0.1738,average_rankme,average_rankme
min_rankme,transfer_score_str,0,per_ckpt,step2550000-tokens14372B,72,0.303,0.1818,0.3174,0.1738,average_rankme,average_rankme
min_rankme,transfer_score_str,0,per_ckpt,step2600000-tokens14792B,72,0.303,0.1818,0.3173,0.1728,average_rankme,average_rankme
min_rankme,transfer_score_str,0,per_ckpt,step2627139-tokens15T,72,0.303,0.1818,0.3173,0.1728,average_rankme,average_rankme
min_rankme,transfer_score_str,0,per_ckpt,main,72,0.303,0.1818,0.3173,0.1728,average_rankme,average_rankme
min_rankme,overall_score_str,0,per_ckpt,step50000-tokens210B,72,0.2351,0.3317,0.2379,0.3457,average_rankme,average_rankme
min_rankme,overall_score_str,0,per_ckpt,step100000-tokens420B,72,0.2351,0.3317,0.2487,0.3317,average_rankme,average_rankme
min_rankme,overall_score_str,0,per_ckpt,step150000-tokens630B,72,0.2351,0.3317,0.2535,0.3217,average_rankme,average_rankme
min_rankme,overall_score_str,0,per_ckpt,step200000-tokens840B,72,0.2439,0.3097,0.2545,0.3177,average_rankme,average_rankme
min_rankme,overall_score_str,0,per_ckpt,step250000-tokens1050B,72,0.2351,0.3317,0.2591,0.3107,average_rankme,average_rankme
min_rankme,overall_score_str,0,per_ckpt,step300000-tokens1260B,72,0.2351,0.3317,0.2607,0.3057,average_rankme,average_rankme
min_rankme,overall_score_str,0,per_ckpt,step350000-tokens1470B,72,0.2351,0.3317,0.2592,0.3117,average_rankme,average_rankme
min_rankme,overall_score_str,0,per_ckpt,step400000-tokens1680B,72,0.3009,0.2148,0.2586,0.3117,average_rankme,average_rankme
min_rankme,overall_score_str,0,per_ckpt,step450000-tokens1890B,72,0.3009,0.2148,0.2573,0.3147,average_rankme,average_rankme
min_rankme,overall_score_str,0,per_ckpt,step500000-tokens2100B,72,0.3009,0.2148,0.2551,0.3157,average_rankme,average_rankme
min_rankme,overall_score_str,0,per_ckpt,step550000-tokens2310B,72,0.3009,0.2148,0.2541,0.3187,average_rankme,average_rankme
min_rankme,overall_score_str,0,per_ckpt,step600000-tokens2520B,72,0.3009,0.2148,0.2547,0.3177,average_rankme,average_rankme
min_rankme,overall_score_str,0,per_ckpt,step650000-tokens2730B,72,0.3009,0.2148,0.2546,0.3177,average_rankme,average_rankme
min_rankme,overall_score_str,0,per_ckpt,step700000-tokens2940B,72,0.3009,0.2148,0.2543,0.3177,average_rankme,average_rankme
min_rankme,overall_score_str,0,per_ckpt,step750000-tokens3150B,72,0.3009,0.2148,0.2544,0.3177,average_rankme,average_rankme
min_rankme,overall_score_str,0,per_ckpt,step800000-tokens3360B,72,0.3009,0.2148,0.2534,0.3217,average_rankme,average_rankme
min_rankme,overall_score_str,0,per_ckpt,step850000-tokens3570B,72,0.3009,0.2148,0.2542,0.3187,average_rankme,average_rankme
min_rankme,overall_score_str,0,per_ckpt,step900000-tokens3780B,72,0.3009,0.2148,0.2538,0.3187,average_rankme,average_rankme
min_rankme,overall_score_str,0,per_ckpt,step950000-tokens3990B,72,0.3009,0.2148,0.2533,0.3207,average_rankme,average_rankme
min_rankme,overall_score_str,0,per_ckpt,step1000000-tokens4200B,72,0.3009,0.2148,0.2532,0.3217,average_rankme,average_rankme
min_rankme,overall_score_str,0,per_ckpt,step1194000-tokens5014B,72,0.3009,0.2148,0.2525,0.3247,average_rankme,average_rankme
min_rankme,overall_score_str,0,per_ckpt,step1432000-tokens6014B,72,0.3009,0.2148,0.2523,0.3257,average_rankme,average_rankme
min_rankme,overall_score_str,0,per_ckpt,step1670000-tokens7014B,72,0.3009,0.2148,0.2538,0.3207,average_rankme,average_rankme
min_rankme,overall_score_str,0,per_ckpt,step1678000-tokens7047B,72,0.3009,0.2148,0.2533,0.3247,average_rankme,average_rankme
min_rankme,overall_score_str,0,per_ckpt,step1700000-tokens7232B,72,0.3009,0.2148,0.2532,0.3237,average_rankme,average_rankme
min_rankme,overall_score_str,0,per_ckpt,step1750000-tokens7652B,72,0.3009,0.2148,0.2532,0.3237,average_rankme,average_rankme
min_rankme,overall_score_str,0,per_ckpt,step1800000-tokens8072B,72,0.3009,0.2148,0.2537,0.3217,average_rankme,average_rankme
min_rankme,overall_score_str,0,per_ckpt,step1850000-tokens8492B,72,0.3009,0.2148,0.254,0.3217,average_rankme,average_rankme
min_rankme,overall_score_str,0,per_ckpt,step1900000-tokens8912B,72,0.3009,0.2148,0.254,0.3217,average_rankme,average_rankme
min_rankme,overall_score_str,0,per_ckpt,step1950000-tokens9332B,72,0.3009,0.2148,0.2547,0.3207,average_rankme,average_rankme
min_rankme,overall_score_str,0,per_ckpt,step2000000-tokens9752B,72,0.3009,0.2148,0.255,0.3207,average_rankme,average_rankme
min_rankme,overall_score_str,0,per_ckpt,step2050000-tokens10172B,72,0.3009,0.2148,0.2549,0.3207,average_rankme,average_rankme
min_rankme,overall_score_str,0,per_ckpt,step2100000-tokens10592B,72,0.3009,0.2148,0.2556,0.3197,average_rankme,average_rankme
min_rankme,overall_score_str,0,per_ckpt,step2150000-tokens11012B,72,0.3009,0.2148,0.2561,0.3197,average_rankme,average_rankme
min_rankme,overall_score_str,0,per_ckpt,step2200000-tokens11432B,72,0.3009,0.2148,0.2561,0.3197,average_rankme,average_rankme
min_rankme,overall_score_str,0,per_ckpt,step2250000-tokens11852B,72,0.3009,0.2148,0.2562,0.3197,average_rankme,average_rankme
min_rankme,overall_score_str,0,per_ckpt,step2300000-tokens12272B,72,0.3009,0.2148,0.2565,0.3197,average_rankme,average_rankme
min_rankme,overall_score_str,0,per_ckpt,step2350000-tokens12692B,72,0.3009,0.2148,0.2568,0.3187,average_rankme,average_rankme
min_rankme,overall_score_str,0,per_ckpt,step2400000-tokens13112B,72,0.3009,0.2148,0.257,0.3187,average_rankme,average_rankme
min_rankme,overall_score_str,0,per_ckpt,step2450000-tokens13532B,72,0.3009,0.2148,0.257,0.3187,average_rankme,average_rankme
min_rankme,overall_score_str,0,per_ckpt,step2500000-tokens13952B,72,0.3009,0.2148,0.2572,0.3187,average_rankme,average_rankme
min_rankme,overall_score_str,0,per_ckpt,step2550000-tokens14372B,72,0.3009,0.2148,0.2574,0.3187,average_rankme,average_rankme
min_rankme,overall_score_str,0,per_ckpt,step2600000-tokens14792B,72,0.3009,0.2148,0.2578,0.3187,average_rankme,average_rankme
min_rankme,overall_score_str,0,per_ckpt,step2627139-tokens15T,72,0.3009,0.2148,0.2581,0.3177,average_rankme,average_rankme
min_rankme,overall_score_str,0,per_ckpt,main,72,0.3009,0.2148,0.2587,0.3177,average_rankme,average_rankme
min_rankme,transfer_margin_str,0,per_ckpt,step50000-tokens210B,72,0.3386,0.0879,0.2917,0.1868,average_rankme,average_rankme
min_rankme,transfer_margin_str,0,per_ckpt,step100000-tokens420B,72,0.3386,0.0879,0.2977,0.1788,average_rankme,average_rankme
min_rankme,transfer_margin_str,0,per_ckpt,step150000-tokens630B,72,0.3386,0.0879,0.3023,0.1738,average_rankme,average_rankme
min_rankme,transfer_margin_str,0,per_ckpt,step200000-tokens840B,72,0.3402,0.0859,0.3059,0.1708,average_rankme,average_rankme
min_rankme,transfer_margin_str,0,per_ckpt,step250000-tokens1050B,72,0.3386,0.0879,0.3068,0.1708,average_rankme,average_rankme
min_rankme,transfer_margin_str,0,per_ckpt,step300000-tokens1260B,72,0.3386,0.0879,0.3063,0.1728,average_rankme,average_rankme
min_rankme,transfer_margin_str,0,per_ckpt,step350000-tokens1470B,72,0.3386,0.0879,0.3059,0.1728,average_rankme,average_rankme
min_rankme,transfer_margin_str,0,per_ckpt,step400000-tokens1680B,72,0.3045,0.1359,0.3053,0.1748,average_rankme,average_rankme
min_rankme,transfer_margin_str,0,per_ckpt,step450000-tokens1890B,72,0.3045,0.1359,0.3048,0.1748,average_rankme,average_rankme
min_rankme,transfer_margin_str,0,per_ckpt,step500000-tokens2100B,72,0.3045,0.1359,0.3035,0.1748,average_rankme,average_rankme
min_rankme,transfer_margin_str,0,per_ckpt,step550000-tokens2310B,72,0.3045,0.1359,0.3024,0.1748,average_rankme,average_rankme
min_rankme,transfer_margin_str,0,per_ckpt,step600000-tokens2520B,72,0.3045,0.1359,0.3014,0.1758,average_rankme,average_rankme
min_rankme,transfer_margin_str,0,per_ckpt,step650000-tokens2730B,72,0.3045,0.1359,0.301,0.1768,average_rankme,average_rankme
min_rankme,transfer_margin_str,0,per_ckpt,step700000-tokens2940B,72,0.3045,0.1359,0.301,0.1768,average_rankme,average_rankme
min_rankme,transfer_margin_str,0,per_ckpt,step750000-tokens3150B,72,0.3045,0.1359,0.3013,0.1768,average_rankme,average_rankme
min_rankme,transfer_margin_str,0,per_ckpt,step800000-tokens3360B,72,0.3045,0.1359,0.3009,0.1758,average_rankme,average_rankme
min_rankme,transfer_margin_str,0,per_ckpt,step850000-tokens3570B,72,0.3045,0.1359,0.3012,0.1748,average_rankme,average_rankme
min_rankme,transfer_margin_str,0,per_ckpt,step900000-tokens3780B,72,0.3045,0.1359,0.3012,0.1748,average_rankme,average_rankme
min_rankme,transfer_margin_str,0,per_ckpt,step950000-tokens3990B,72,0.3045,0.1359,0.3017,0.1748,average_rankme,average_rankme
min_rankme,transfer_margin_str,0,per_ckpt,step1000000-tokens4200B,72,0.3045,0.1359,0.302,0.1748,average_rankme,average_rankme
min_rankme,transfer_margin_str,0,per_ckpt,step1194000-tokens5014B,72,0.3045,0.1359,0.3024,0.1748,average_rankme,average_rankme
min_rankme,transfer_margin_str,0,per_ckpt,step1432000-tokens6014B,72,0.3045,0.1359,0.3028,0.1748,average_rankme,average_rankme
min_rankme,transfer_margin_str,0,per_ckpt,step1670000-tokens7014B,72,0.3045,0.1359,0.3034,0.1748,average_rankme,average_rankme
min_rankme,transfer_margin_str,0,per_ckpt,step1678000-tokens7047B,72,0.3045,0.1359,0.3038,0.1748,average_rankme,average_rankme
min_rankme,transfer_margin_str,0,per_ckpt,step1700000-tokens7232B,72,0.3045,0.1359,0.3039,0.1748,average_rankme,average_rankme
min_rankme,transfer_margin_str,0,per_ckpt,step1750000-tokens7652B,72,0.3045,0.1359,0.3042,0.1748,average_rankme,average_rankme
min_rankme,transfer_margin_str,0,per_ckpt,step1800000-tokens8072B,72,0.3045,0.1359,0.3044,0.1748,average_rankme,average_rankme
min_rankme,transfer_margin_str,0,per_ckpt,step1850000-tokens8492B,72,0.3045,0.1359,0.3046,0.1748,average_rankme,average_rankme
min_rankme,transfer_margin_str,0,per_ckpt,step1900000-tokens8912B,72,0.3045,0.1359,0.3047,0.1748,average_rankme,average_rankme
min_rankme,transfer_margin_str,0,per_ckpt,step1950000-tokens9332B,72,0.3045,0.1359,0.3046,0.1748,average_rankme,average_rankme
min_rankme,transfer_margin_str,0,per_ckpt,step2000000-tokens9752B,72,0.3045,0.1359,0.3045,0.1748,average_rankme,average_rankme
min_rankme,transfer_margin_str,0,per_ckpt,step2050000-tokens10172B,72,0.3045,0.1359,0.3046,0.1738,average_rankme,average_rankme
min_rankme,transfer_margin_str,0,per_ckpt,step2100000-tokens10592B,72,0.3045,0.1359,0.3047,0.1738,average_rankme,average_rankme
min_rankme,transfer_margin_str,0,per_ckpt,step2150000-tokens11012B,72,0.3045,0.1359,0.3048,0.1728,average_rankme,average_rankme
min_rankme,transfer_margin_str,0,per_ckpt,step2200000-tokens11432B,72,0.3045,0.1359,0.3049,0.1728,average_rankme,average_rankme
min_rankme,transfer_margin_str,0,per_ckpt,step2250000-tokens11852B,72,0.3045,0.1359,0.3051,0.1728,average_rankme,average_rankme
min_rankme,transfer_margin_str,0,per_ckpt,step2300000-tokens12272B,72,0.3045,0.1359,0.3052,0.1718,average_rankme,average_rankme
min_rankme,transfer_margin_str,0,per_ckpt,step2350000-tokens12692B,72,0.3045,0.1359,0.3053,0.1728,average_rankme,average_rankme
min_rankme,transfer_margin_str,0,per_ckpt,step2400000-tokens13112B,72,0.3045,0.1359,0.3054,0.1728,average_rankme,average_rankme
min_rankme,transfer_margin_str,0,per_ckpt,step2450000-tokens13532B,72,0.3045,0.1359,0.3049,0.1748,average_rankme,average_rankme
min_rankme,transfer_margin_str,0,per_ckpt,step2500000-tokens13952B,72,0.3045,0.1359,0.3044,0.1748,average_rankme,average_rankme
min_rankme,transfer_margin_str,0,per_ckpt,step2550000-tokens14372B,72,0.3045,0.1359,0.3042,0.1748,average_rankme,average_rankme
min_rankme,transfer_margin_str,0,per_ckpt,step2600000-tokens14792B,72,0.3045,0.1359,0.3039,0.1738,average_rankme,average_rankme
min_rankme,transfer_margin_str,0,per_ckpt,step2627139-tokens15T,72,0.3045,0.1359,0.3036,0.1738,average_rankme,average_rankme
min_rankme,transfer_margin_str,0,per_ckpt,main,72,0.3045,0.1359,0.3033,0.1758,average_rankme,average_rankme
min_rankme,overall_margin_str,0,per_ckpt,step50000-tokens210B,72,0.42,0.0639,0.4601,0.035,average_rankme,average_rankme
min_rankme,overall_margin_str,0,per_ckpt,step100000-tokens420B,72,0.42,0.0639,0.4724,0.029,average_rankme,average_rankme
min_rankme,overall_margin_str,0,per_ckpt,step150000-tokens630B,72,0.42,0.0639,0.4787,0.029,average_rankme,average_rankme
min_rankme,overall_margin_str,0,per_ckpt,step200000-tokens840B,72,0.425,0.0589,0.4814,0.029,average_rankme,average_rankme
min_rankme,overall_margin_str,0,per_ckpt,step250000-tokens1050B,72,0.42,0.0639,0.4859,0.028,average_rankme,average_rankme
min_rankme,overall_margin_str,0,per_ckpt,step300000-tokens1260B,72,0.42,0.0639,0.4875,0.028,average_rankme,average_rankme
min_rankme,overall_margin_str,0,per_ckpt,step350000-tokens1470B,72,0.42,0.0639,0.486,0.028,average_rankme,average_rankme
min_rankme,overall_margin_str,0,per_ckpt,step400000-tokens1680B,72,0.4831,0.022,0.486,0.028,average_rankme,average_rankme
min_rankme,overall_margin_str,0,per_ckpt,step450000-tokens1890B,72,0.4831,0.022,0.4849,0.028,average_rankme,average_rankme
min_rankme,overall_margin_str,0,per_ckpt,step500000-tokens2100B,72,0.4831,0.022,0.4827,0.028,average_rankme,average_rankme
min_rankme,overall_margin_str,0,per_ckpt,step550000-tokens2310B,72,0.4831,0.022,0.482,0.027,average_rankme,average_rankme
min_rankme,overall_margin_str,0,per_ckpt,step600000-tokens2520B,72,0.4831,0.022,0.4822,0.027,average_rankme,average_rankme
min_rankme,overall_margin_str,0,per_ckpt,step650000-tokens2730B,72,0.4831,0.022,0.482,0.027,average_rankme,average_rankme
min_rankme,overall_margin_str,0,per_ckpt,step700000-tokens2940B,72,0.4831,0.022,0.4822,0.027,average_rankme,average_rankme
min_rankme,overall_margin_str,0,per_ckpt,step750000-tokens3150B,72,0.4831,0.022,0.4825,0.028,average_rankme,average_rankme
min_rankme,overall_margin_str,0,per_ckpt,step800000-tokens3360B,72,0.4831,0.022,0.4817,0.028,average_rankme,average_rankme
min_rankme,overall_margin_str,0,per_ckpt,step850000-tokens3570B,72,0.4831,0.022,0.4826,0.028,average_rankme,average_rankme
min_rankme,overall_margin_str,0,per_ckpt,step900000-tokens3780B,72,0.4831,0.022,0.4824,0.028,average_rankme,average_rankme
min_rankme,overall_margin_str,0,per_ckpt,step950000-tokens3990B,72,0.4831,0.022,0.4821,0.028,average_rankme,average_rankme
min_rankme,overall_margin_str,0,per_ckpt,step1000000-tokens4200B,72,0.4831,0.022,0.4821,0.028,average_rankme,average_rankme
min_rankme,overall_margin_str,0,per_ckpt,step1194000-tokens5014B,72,0.4831,0.022,0.4816,0.029,average_rankme,average_rankme
min_rankme,overall_margin_str,0,per_ckpt,step1432000-tokens6014B,72,0.4831,0.022,0.4815,0.029,average_rankme,average_rankme
min_rankme,overall_margin_str,0,per_ckpt,step1670000-tokens7014B,72,0.4831,0.022,0.4828,0.029,average_rankme,average_rankme
min_rankme,overall_margin_str,0,per_ckpt,step1678000-tokens7047B,72,0.4831,0.022,0.4825,0.029,average_rankme,average_rankme
min_rankme,overall_margin_str,0,per_ckpt,step1700000-tokens7232B,72,0.4831,0.022,0.4825,0.029,average_rankme,average_rankme
min_rankme,overall_margin_str,0,per_ckpt,step1750000-tokens7652B,72,0.4831,0.022,0.4826,0.029,average_rankme,average_rankme
min_rankme,overall_margin_str,0,per_ckpt,step1800000-tokens8072B,72,0.4831,0.022,0.483,0.029,average_rankme,average_rankme
min_rankme,overall_margin_str,0,per_ckpt,step1850000-tokens8492B,72,0.4831,0.022,0.4833,0.029,average_rankme,average_rankme
min_rankme,overall_margin_str,0,per_ckpt,step1900000-tokens8912B,72,0.4831,0.022,0.4833,0.029,average_rankme,average_rankme
min_rankme,overall_margin_str,0,per_ckpt,step1950000-tokens9332B,72,0.4831,0.022,0.4837,0.029,average_rankme,average_rankme
min_rankme,overall_margin_str,0,per_ckpt,step2000000-tokens9752B,72,0.4831,0.022,0.4839,0.029,average_rankme,average_rankme
min_rankme,overall_margin_str,0,per_ckpt,step2050000-tokens10172B,72,0.4831,0.022,0.4838,0.029,average_rankme,average_rankme
min_rankme,overall_margin_str,0,per_ckpt,step2100000-tokens10592B,72,0.4831,0.022,0.4843,0.029,average_rankme,average_rankme
min_rankme,overall_margin_str,0,per_ckpt,step2150000-tokens11012B,72,0.4831,0.022,0.4848,0.029,average_rankme,average_rankme
min_rankme,overall_margin_str,0,per_ckpt,step2200000-tokens11432B,72,0.4831,0.022,0.4849,0.029,average_rankme,average_rankme
min_rankme,overall_margin_str,0,per_ckpt,step2250000-tokens11852B,72,0.4831,0.022,0.485,0.029,average_rankme,average_rankme
min_rankme,overall_margin_str,0,per_ckpt,step2300000-tokens12272B,72,0.4831,0.022,0.4853,0.029,average_rankme,average_rankme
min_rankme,overall_margin_str,0,per_ckpt,step2350000-tokens12692B,72,0.4831,0.022,0.4855,0.029,average_rankme,average_rankme
min_rankme,overall_margin_str,0,per_ckpt,step2400000-tokens13112B,72,0.4831,0.022,0.4857,0.029,average_rankme,average_rankme
min_rankme,overall_margin_str,0,per_ckpt,step2450000-tokens13532B,72,0.4831,0.022,0.4855,0.029,average_rankme,average_rankme
min_rankme,overall_margin_str,0,per_ckpt,step2500000-tokens13952B,72,0.4831,0.022,0.4855,0.029,average_rankme,average_rankme
min_rankme,overall_margin_str,0,per_ckpt,step2550000-tokens14372B,72,0.4831,0.022,0.4856,0.029,average_rankme,average_rankme
min_rankme,overall_margin_str,0,per_ckpt,step2600000-tokens14792B,72,0.4831,0.022,0.4858,0.029,average_rankme,average_rankme
min_rankme,overall_margin_str,0,per_ckpt,step2627139-tokens15T,72,0.4831,0.022,0.4859,0.029,average_rankme,average_rankme
min_rankme,overall_margin_str,0,per_ckpt,main,72,0.4831,0.022,0.4863,0.029,average_rankme,average_rankme
norm_asym,accuracy_majority,0,per_ckpt,step50000-tokens210B,72,-0.1761,0.4316,-0.1675,0.4665,average_rankme,average_rankme
norm_asym,accuracy_majority,0,per_ckpt,step100000-tokens420B,72,-0.1791,0.4216,-0.1772,0.4326,average_rankme,average_rankme
norm_asym,accuracy_majority,0,per_ckpt,step150000-tokens630B,72,-0.1904,0.3956,-0.1843,0.4136,average_rankme,average_rankme
norm_asym,accuracy_majority,0,per_ckpt,step200000-tokens840B,72,-0.1863,0.3976,-0.1893,0.4056,average_rankme,average_rankme
norm_asym,accuracy_majority,0,per_ckpt,step250000-tokens1050B,72,-0.1953,0.3856,-0.1905,0.4036,average_rankme,average_rankme
norm_asym,accuracy_majority,0,per_ckpt,step300000-tokens1260B,72,-0.1947,0.3856,-0.1907,0.4036,average_rankme,average_rankme
norm_asym,accuracy_majority,0,per_ckpt,step350000-tokens1470B,72,-0.2007,0.3736,-0.1898,0.4066,average_rankme,average_rankme
norm_asym,accuracy_majority,0,per_ckpt,step400000-tokens1680B,72,-0.1993,0.3716,-0.1908,0.4036,average_rankme,average_rankme
norm_asym,accuracy_majority,0,per_ckpt,step450000-tokens1890B,72,-0.1993,0.3716,-0.1904,0.4046,average_rankme,average_rankme
norm_asym,accuracy_majority,0,per_ckpt,step500000-tokens2100B,72,-0.1979,0.3756,-0.189,0.4086,average_rankme,average_rankme
norm_asym,accuracy_majority,0,per_ckpt,step550000-tokens2310B,72,-0.2018,0.3716,-0.1888,0.4106,average_rankme,average_rankme
norm_asym,accuracy_majority,0,per_ckpt,step600000-tokens2520B,72,-0.2019,0.3706,-0.1877,0.4146,average_rankme,average_rankme
norm_asym,accuracy_majority,0,per_ckpt,step650000-tokens2730B,72,-0.2026,0.3686,-0.1872,0.4156,average_rankme,average_rankme
norm_asym,accuracy_majority,0,per_ckpt,step700000-tokens2940B,72,-0.2018,0.3696,-0.1881,0.4136,average_rankme,average_rankme
norm_asym,accuracy_majority,0,per_ckpt,step750000-tokens3150B,72,-0.2018,0.3696,-0.1892,0.4116,average_rankme,average_rankme
norm_asym,accuracy_majority,0,per_ckpt,step800000-tokens3360B,72,-0.2018,0.3696,-0.1891,0.4126,average_rankme,average_rankme
norm_asym,accuracy_majority,0,per_ckpt,step850000-tokens3570B,72,-0.2032,0.3666,-0.1902,0.4096,average_rankme,average_rankme
norm_asym,accuracy_majority,0,per_ckpt,step900000-tokens3780B,72,-0.2032,0.3666,-0.1908,0.4096,average_rankme,average_rankme
norm_asym,accuracy_majority,0,per_ckpt,step950000-tokens3990B,72,-0.2032,0.3666,-0.1915,0.4066,average_rankme,average_rankme
norm_asym,accuracy_majority,0,per_ckpt,step1000000-tokens4200B,72,-0.2032,0.3666,-0.1919,0.4056,average_rankme,average_rankme
norm_asym,accuracy_majority,0,per_ckpt,step1194000-tokens5014B,72,-0.207,0.3566,-0.1923,0.4056,average_rankme,average_rankme
norm_asym,accuracy_majority,0,per_ckpt,step1432000-tokens6014B,72,-0.207,0.3566,-0.1923,0.4056,average_rankme,average_rankme
norm_asym,accuracy_majority,0,per_ckpt,step1670000-tokens7014B,72,-0.2032,0.3666,-0.192,0.4036,average_rankme,average_rankme
norm_asym,accuracy_majority,0,per_ckpt,step1678000-tokens7047B,72,-0.2032,0.3666,-0.1926,0.4026,average_rankme,average_rankme
norm_asym,accuracy_majority,0,per_ckpt,step1700000-tokens7232B,72,-0.2032,0.3666,-0.193,0.4006,average_rankme,average_rankme
norm_asym,accuracy_majority,0,per_ckpt,step1750000-tokens7652B,72,-0.2032,0.3666,-0.1932,0.3996,average_rankme,average_rankme
norm_asym,accuracy_majority,0,per_ckpt,step1800000-tokens8072B,72,-0.2032,0.3666,-0.1934,0.3996,average_rankme,average_rankme
norm_asym,accuracy_majority,0,per_ckpt,step1850000-tokens8492B,72,-0.2044,0.3626,-0.1939,0.3976,average_rankme,average_rankme
norm_asym,accuracy_majority,0,per_ckpt,step1900000-tokens8912B,72,-0.2058,0.3566,-0.194,0.3976,average_rankme,average_rankme
norm_asym,accuracy_majority,0,per_ckpt,step1950000-tokens9332B,72,-0.205,0.3566,-0.1935,0.3996,average_rankme,average_rankme
norm_asym,accuracy_majority,0,per_ckpt,step2000000-tokens9752B,72,-0.2088,0.3497,-0.1934,0.4006,average_rankme,average_rankme
norm_asym,accuracy_majority,0,per_ckpt,step2050000-tokens10172B,72,-0.2088,0.3497,-0.1933,0.4016,average_rankme,average_rankme
norm_asym,accuracy_majority,0,per_ckpt,step2100000-tokens10592B,72,-0.2088,0.3497,-0.1933,0.4016,average_rankme,average_rankme
norm_asym,accuracy_majority,0,per_ckpt,step2150000-tokens11012B,72,-0.2088,0.3497,-0.1934,0.3996,average_rankme,average_rankme
norm_asym,accuracy_majority,0,per_ckpt,step2200000-tokens11432B,72,-0.2088,0.3497,-0.1935,0.3996,average_rankme,average_rankme
norm_asym,accuracy_majority,0,per_ckpt,step2250000-tokens11852B,72,-0.2088,0.3497,-0.1937,0.3976,average_rankme,average_rankme
norm_asym,accuracy_majority,0,per_ckpt,step2300000-tokens12272B,72,-0.2088,0.3497,-0.194,0.3976,average_rankme,average_rankme
norm_asym,accuracy_majority,0,per_ckpt,step2350000-tokens12692B,72,-0.2088,0.3497,-0.194,0.3976,average_rankme,average_rankme
norm_asym,accuracy_majority,0,per_ckpt,step2400000-tokens13112B,72,-0.205,0.3566,-0.1938,0.3986,average_rankme,average_rankme
norm_asym,accuracy_majority,0,per_ckpt,step2450000-tokens13532B,72,-0.205,0.3566,-0.1932,0.3986,average_rankme,average_rankme
norm_asym,accuracy_majority,0,per_ckpt,step2500000-tokens13952B,72,-0.205,0.3566,-0.1922,0.4006,average_rankme,average_rankme
norm_asym,accuracy_majority,0,per_ckpt,step2550000-tokens14372B,72,-0.2058,0.3566,-0.1917,0.4026,average_rankme,average_rankme
norm_asym,accuracy_majority,0,per_ckpt,step2600000-tokens14792B,72,-0.2044,0.3626,-0.1912,0.4056,average_rankme,average_rankme
norm_asym,accuracy_majority,0,per_ckpt,step2627139-tokens15T,72,-0.2044,0.3626,-0.1906,0.4096,average_rankme,average_rankme
norm_asym,accuracy_majority,0,per_ckpt,main,72,-0.2044,0.3626,-0.1902,0.4116,average_rankme,average_rankme
norm_asym,overall_score,0,per_ckpt,step50000-tokens210B,72,0.0199,0.9161,0.0476,0.8232,average_rankme,average_rankme
norm_asym,overall_score,0,per_ckpt,step100000-tokens420B,72,0.0228,0.8991,0.0509,0.8102,average_rankme,average_rankme
norm_asym,overall_score,0,per_ckpt,step150000-tokens630B,72,0.0179,0.9201,0.0497,0.8102,average_rankme,average_rankme
norm_asym,overall_score,0,per_ckpt,step200000-tokens840B,72,0.0268,0.8731,0.049,0.8112,average_rankme,average_rankme
norm_asym,overall_score,0,per_ckpt,step250000-tokens1050B,72,0.0152,0.9341,0.0506,0.8122,average_rankme,average_rankme
norm_asym,overall_score,0,per_ckpt,step300000-tokens1260B,72,0.0138,0.9401,0.0513,0.8102,average_rankme,average_rankme
norm_asym,overall_score,0,per_ckpt,step350000-tokens1470B,72,0.0107,0.957,0.0512,0.8102,average_rankme,average_rankme
norm_asym,overall_score,0,per_ckpt,step400000-tokens1680B,72,0.0145,0.9421,0.0511,0.8112,average_rankme,average_rankme
norm_asym,overall_score,0,per_ckpt,step450000-tokens1890B,72,0.0145,0.9421,0.0508,0.8122,average_rankme,average_rankme
norm_asym,overall_score,0,per_ckpt,step500000-tokens2100B,72,0.0143,0.9431,0.0508,0.8092,average_rankme,average_rankme
norm_asym,overall_score,0,per_ckpt,step550000-tokens2310B,72,0.0147,0.9471,0.0507,0.8092,average_rankme,average_rankme
norm_asym,overall_score,0,per_ckpt,step600000-tokens2520B,72,0.0107,0.964,0.0514,0.8062,average_rankme,average_rankme
norm_asym,overall_score,0,per_ckpt,step650000-tokens2730B,72,0.0093,0.969,0.0513,0.8052,average_rankme,average_rankme
norm_asym,overall_score,0,per_ckpt,step700000-tokens2940B,72,0.0095,0.971,0.0507,0.8092,average_rankme,average_rankme
norm_asym,overall_score,0,per_ckpt,step750000-tokens3150B,72,0.0095,0.971,0.0496,0.8122,average_rankme,average_rankme
norm_asym,overall_score,0,per_ckpt,step800000-tokens3360B,72,0.0095,0.971,0.0493,0.8142,average_rankme,average_rankme
norm_asym,overall_score,0,per_ckpt,step850000-tokens3570B,72,0.0054,0.986,0.0486,0.8172,average_rankme,average_rankme
norm_asym,overall_score,0,per_ckpt,step900000-tokens3780B,72,0.0054,0.986,0.0481,0.8182,average_rankme,average_rankme
norm_asym,overall_score,0,per_ckpt,step950000-tokens3990B,72,0.0054,0.986,0.0475,0.8212,average_rankme,average_rankme
norm_asym,overall_score,0,per_ckpt,step1000000-tokens4200B,72,0.0054,0.986,0.0472,0.8212,average_rankme,average_rankme
norm_asym,overall_score,0,per_ckpt,step1194000-tokens5014B,72,0.0042,0.99,0.0467,0.8232,average_rankme,average_rankme
norm_asym,overall_score,0,per_ckpt,step1432000-tokens6014B,72,0.0042,0.99,0.0465,0.8262,average_rankme,average_rankme
norm_asym,overall_score,0,per_ckpt,step1670000-tokens7014B,72,0.0054,0.986,0.0472,0.8232,average_rankme,average_rankme
norm_asym,overall_score,0,per_ckpt,step1678000-tokens7047B,72,0.0054,0.986,0.0467,0.8242,average_rankme,average_rankme
norm_asym,overall_score,0,per_ckpt,step1700000-tokens7232B,72,0.0054,0.986,0.0464,0.8242,average_rankme,average_rankme
norm_asym,overall_score,0,per_ckpt,step1750000-tokens7652B,72,0.0054,0.986,0.0464,0.8242,average_rankme,average_rankme
norm_asym,overall_score,0,per_ckpt,step1800000-tokens8072B,72,0.0054,0.986,0.0464,0.8242,average_rankme,average_rankme
norm_asym,overall_score,0,per_ckpt,step1850000-tokens8492B,72,0.0049,0.986,0.0461,0.8252,average_rankme,average_rankme
norm_asym,overall_score,0,per_ckpt,step1900000-tokens8912B,72,0.0051,0.983,0.0459,0.8252,average_rankme,average_rankme
norm_asym,overall_score,0,per_ckpt,step1950000-tokens9332B,72,0.0065,0.979,0.0464,0.8242,average_rankme,average_rankme
norm_asym,overall_score,0,per_ckpt,step2000000-tokens9752B,72,0.0053,0.988,0.0467,0.8242,average_rankme,average_rankme
norm_asym,overall_score,0,per_ckpt,step2050000-tokens10172B,72,0.0053,0.988,0.0467,0.8242,average_rankme,average_rankme
norm_asym,overall_score,0,per_ckpt,step2100000-tokens10592B,72,0.0053,0.988,0.047,0.8242,average_rankme,average_rankme
norm_asym,overall_score,0,per_ckpt,step2150000-tokens11012B,72,0.0053,0.988,0.0472,0.8222,average_rankme,average_rankme
norm_asym,overall_score,0,per_ckpt,step2200000-tokens11432B,72,0.0053,0.988,0.0472,0.8222,average_rankme,average_rankme
norm_asym,overall_score,0,per_ckpt,step2250000-tokens11852B,72,0.0053,0.988,0.0471,0.8242,average_rankme,average_rankme
norm_asym,overall_score,0,per_ckpt,step2300000-tokens12272B,72,0.0053,0.988,0.0468,0.8262,average_rankme,average_rankme
norm_asym,overall_score,0,per_ckpt,step2350000-tokens12692B,72,0.0053,0.988,0.0467,0.8262,average_rankme,average_rankme
norm_asym,overall_score,0,per_ckpt,step2400000-tokens13112B,72,0.0065,0.979,0.0466,0.8282,average_rankme,average_rankme
norm_asym,overall_score,0,per_ckpt,step2450000-tokens13532B,72,0.0065,0.979,0.0469,0.8252,average_rankme,average_rankme
norm_asym,overall_score,0,per_ckpt,step2500000-tokens13952B,72,0.0065,0.979,0.0474,0.8242,average_rankme,average_rankme
norm_asym,overall_score,0,per_ckpt,step2550000-tokens14372B,72,0.0051,0.983,0.0477,0.8232,average_rankme,average_rankme
norm_asym,overall_score,0,per_ckpt,step2600000-tokens14792B,72,0.0049,0.986,0.048,0.8222,average_rankme,average_rankme
norm_asym,overall_score,0,per_ckpt,step2627139-tokens15T,72,0.0049,0.986,0.0484,0.8202,average_rankme,average_rankme
norm_asym,overall_score,0,per_ckpt,main,72,0.0049,0.986,0.0487,0.8212,average_rankme,average_rankme
norm_asym,transfer_score,0,per_ckpt,step50000-tokens210B,72,0.0084,0.9471,0.0365,0.8022,average_rankme,average_rankme
norm_asym,transfer_score,0,per_ckpt,step100000-tokens420B,72,0.0113,0.9341,0.036,0.8172,average_rankme,average_rankme
norm_asym,transfer_score,0,per_ckpt,step150000-tokens630B,72,0.0082,0.958,0.0344,0.8252,average_rankme,average_rankme
norm_asym,transfer_score,0,per_ckpt,step200000-tokens840B,72,0.0132,0.9271,0.033,0.8352,average_rankme,average_rankme
norm_asym,transfer_score,0,per_ckpt,step250000-tokens1050B,72,0.0053,0.971,0.0335,0.8292,average_rankme,average_rankme
norm_asym,transfer_score,0,per_ckpt,step300000-tokens1260B,72,0.0048,0.974,0.0341,0.8252,average_rankme,average_rankme
norm_asym,transfer_score,0,per_ckpt,step350000-tokens1470B,72,0.0023,0.989,0.0342,0.8242,average_rankme,average_rankme
norm_asym,transfer_score,0,per_ckpt,step400000-tokens1680B,72,0.0065,0.964,0.0339,0.8252,average_rankme,average_rankme
norm_asym,transfer_score,0,per_ckpt,step450000-tokens1890B,72,0.0065,0.964,0.0341,0.8222,average_rankme,average_rankme
norm_asym,transfer_score,0,per_ckpt,step500000-tokens2100B,72,0.0061,0.962,0.0345,0.8172,average_rankme,average_rankme
norm_asym,transfer_score,0,per_ckpt,step550000-tokens2310B,72,0.0056,0.962,0.0348,0.8182,average_rankme,average_rankme
norm_asym,transfer_score,0,per_ckpt,step600000-tokens2520B,72,0.0017,0.985,0.0354,0.8172,average_rankme,average_rankme
norm_asym,transfer_score,0,per_ckpt,step650000-tokens2730B,72,0.0007,0.993,0.0356,0.8162,average_rankme,average_rankme
norm_asym,transfer_score,0,per_ckpt,step700000-tokens2940B,72,0.0023,0.985,0.0352,0.8192,average_rankme,average_rankme
norm_asym,transfer_score,0,per_ckpt,step750000-tokens3150B,72,0.0023,0.985,0.0346,0.8242,average_rankme,average_rankme
norm_asym,transfer_score,0,per_ckpt,step800000-tokens3360B,72,0.0023,0.985,0.0344,0.8262,average_rankme,average_rankme
norm_asym,transfer_score,0,per_ckpt,step850000-tokens3570B,72,0.0004,0.997,0.0339,0.8272,average_rankme,average_rankme
norm_asym,transfer_score,0,per_ckpt,step900000-tokens3780B,72,0.0004,0.997,0.0337,0.8272,average_rankme,average_rankme
norm_asym,transfer_score,0,per_ckpt,step950000-tokens3990B,72,0.0004,0.997,0.0331,0.8292,average_rankme,average_rankme
norm_asym,transfer_score,0,per_ckpt,step1000000-tokens4200B,72,0.0004,0.997,0.033,0.8302,average_rankme,average_rankme
norm_asym,transfer_score,0,per_ckpt,step1194000-tokens5014B,72,-0.0004,1.0,0.0328,0.8312,average_rankme,average_rankme
norm_asym,transfer_score,0,per_ckpt,step1432000-tokens6014B,72,-0.0004,1.0,0.0327,0.8332,average_rankme,average_rankme
norm_asym,transfer_score,0,per_ckpt,step1670000-tokens7014B,72,0.0004,0.997,0.0333,0.8282,average_rankme,average_rankme
norm_asym,transfer_score,0,per_ckpt,step1678000-tokens7047B,72,0.0004,0.997,0.033,0.8292,average_rankme,average_rankme
norm_asym,transfer_score,0,per_ckpt,step1700000-tokens7232B,72,0.0004,0.997,0.0328,0.8322,average_rankme,average_rankme
norm_asym,transfer_score,0,per_ckpt,step1750000-tokens7652B,72,0.0004,0.997,0.0327,0.8332,average_rankme,average_rankme
norm_asym,transfer_score,0,per_ckpt,step1800000-tokens8072B,72,0.0004,0.997,0.0325,0.8342,average_rankme,average_rankme
norm_asym,transfer_score,0,per_ckpt,step1850000-tokens8492B,72,-0.0,1.0,0.032,0.8352,average_rankme,average_rankme
norm_asym,transfer_score,0,per_ckpt,step1900000-tokens8912B,72,0.0004,0.999,0.0318,0.8392,average_rankme,average_rankme
norm_asym,transfer_score,0,per_ckpt,step1950000-tokens9332B,72,0.0001,1.0,0.032,0.8372,average_rankme,average_rankme
norm_asym,transfer_score,0,per_ckpt,step2000000-tokens9752B,72,-0.0007,0.994,0.0321,0.8382,average_rankme,average_rankme
norm_asym,transfer_score,0,per_ckpt,step2050000-tokens10172B,72,-0.0007,0.994,0.0322,0.8382,average_rankme,average_rankme
norm_asym,transfer_score,0,per_ckpt,step2100000-tokens10592B,72,-0.0007,0.994,0.0323,0.8372,average_rankme,average_rankme
norm_asym,transfer_score,0,per_ckpt,step2150000-tokens11012B,72,-0.0007,0.994,0.0323,0.8342,average_rankme,average_rankme
norm_asym,transfer_score,0,per_ckpt,step2200000-tokens11432B,72,-0.0007,0.994,0.0322,0.8342,average_rankme,average_rankme
norm_asym,transfer_score,0,per_ckpt,step2250000-tokens11852B,72,-0.0007,0.994,0.032,0.8362,average_rankme,average_rankme
norm_asym,transfer_score,0,per_ckpt,step2300000-tokens12272B,72,-0.0007,0.994,0.0319,0.8362,average_rankme,average_rankme
norm_asym,transfer_score,0,per_ckpt,step2350000-tokens12692B,72,-0.0007,0.994,0.0319,0.8372,average_rankme,average_rankme
norm_asym,transfer_score,0,per_ckpt,step2400000-tokens13112B,72,0.0001,1.0,0.032,0.8372,average_rankme,average_rankme
norm_asym,transfer_score,0,per_ckpt,step2450000-tokens13532B,72,0.0001,1.0,0.0324,0.8352,average_rankme,average_rankme
norm_asym,transfer_score,0,per_ckpt,step2500000-tokens13952B,72,0.0001,1.0,0.0328,0.8342,average_rankme,average_rankme
norm_asym,transfer_score,0,per_ckpt,step2550000-tokens14372B,72,0.0004,0.999,0.0331,0.8292,average_rankme,average_rankme
norm_asym,transfer_score,0,per_ckpt,step2600000-tokens14792B,72,-0.0,1.0,0.0333,0.8262,average_rankme,average_rankme
norm_asym,transfer_score,0,per_ckpt,step2627139-tokens15T,72,-0.0,1.0,0.0337,0.8252,average_rankme,average_rankme
norm_asym,transfer_score,0,per_ckpt,main,72,-0.0,1.0,0.034,0.8242,average_rankme,average_rankme
norm_asym,transfer_score_str,0,per_ckpt,step50000-tokens210B,72,0.0055,0.978,-0.0019,0.993,average_rankme,average_rankme
norm_asym,transfer_score_str,0,per_ckpt,step100000-tokens420B,72,0.0119,0.95,0.0027,0.989,average_rankme,average_rankme
norm_asym,transfer_score_str,0,per_ckpt,step150000-tokens630B,72,0.0107,0.96,0.002,0.995,average_rankme,average_rankme
norm_asym,transfer_score_str,0,per_ckpt,step200000-tokens840B,72,0.021,0.9171,0.0012,0.998,average_rankme,average_rankme
norm_asym,transfer_score_str,0,per_ckpt,step250000-tokens1050B,72,0.0085,0.966,-0.0001,0.999,average_rankme,average_rankme
norm_asym,transfer_score_str,0,per_ckpt,step300000-tokens1260B,72,0.008,0.972,-0.0006,0.997,average_rankme,average_rankme
norm_asym,transfer_score_str,0,per_ckpt,step350000-tokens1470B,72,0.0077,0.974,-0.0006,0.998,average_rankme,average_rankme
norm_asym,transfer_score_str,0,per_ckpt,step400000-tokens1680B,72,0.016,0.9371,-0.0012,0.998,average_rankme,average_rankme
norm_asym,transfer_score_str,0,per_ckpt,step450000-tokens1890B,72,0.016,0.9371,-0.0017,0.997,average_rankme,average_rankme
norm_asym,transfer_score_str,0,per_ckpt,step500000-tokens2100B,72,0.0155,0.9391,-0.0018,0.994,average_rankme,average_rankme
norm_asym,transfer_score_str,0,per_ckpt,step550000-tokens2310B,72,0.0154,0.9281,-0.0019,0.992,average_rankme,average_rankme
norm_asym,transfer_score_str,0,per_ckpt,step600000-tokens2520B,72,0.0096,0.97,-0.0026,0.991,average_rankme,average_rankme
norm_asym,transfer_score_str,0,per_ckpt,step650000-tokens2730B,72,0.0082,0.972,-0.004,0.986,average_rankme,average_rankme
norm_asym,transfer_score_str,0,per_ckpt,step700000-tokens2940B,72,0.0074,0.97,-0.0053,0.978,average_rankme,average_rankme
norm_asym,transfer_score_str,0,per_ckpt,step750000-tokens3150B,72,0.0074,0.97,-0.0063,0.975,average_rankme,average_rankme
norm_asym,transfer_score_str,0,per_ckpt,step800000-tokens3360B,72,0.0074,0.97,-0.0072,0.97,average_rankme,average_rankme
norm_asym,transfer_score_str,0,per_ckpt,step850000-tokens3570B,72,0.0046,0.981,-0.0079,0.967,average_rankme,average_rankme
norm_asym,transfer_score_str,0,per_ckpt,step900000-tokens3780B,72,0.0046,0.981,-0.0077,0.968,average_rankme,average_rankme
norm_asym,transfer_score_str,0,per_ckpt,step950000-tokens3990B,72,0.0046,0.981,-0.0084,0.966,average_rankme,average_rankme
norm_asym,transfer_score_str,0,per_ckpt,step1000000-tokens4200B,72,0.0046,0.981,-0.0086,0.965,average_rankme,average_rankme
norm_asym,transfer_score_str,0,per_ckpt,step1194000-tokens5014B,72,0.0042,0.979,-0.009,0.965,average_rankme,average_rankme
norm_asym,transfer_score_str,0,per_ckpt,step1432000-tokens6014B,72,0.0042,0.979,-0.0095,0.964,average_rankme,average_rankme
norm_asym,transfer_score_str,0,per_ckpt,step1670000-tokens7014B,72,0.0046,0.981,-0.0082,0.966,average_rankme,average_rankme
norm_asym,transfer_score_str,0,per_ckpt,step1678000-tokens7047B,72,0.0046,0.981,-0.0083,0.966,average_rankme,average_rankme
norm_asym,transfer_score_str,0,per_ckpt,step1700000-tokens7232B,72,0.0046,0.981,-0.0081,0.967,average_rankme,average_rankme
norm_asym,transfer_score_str,0,per_ckpt,step1750000-tokens7652B,72,0.0046,0.981,-0.0079,0.967,average_rankme,average_rankme
norm_asym,transfer_score_str,0,per_ckpt,step1800000-tokens8072B,72,0.0046,0.981,-0.0081,0.966,average_rankme,average_rankme
norm_asym,transfer_score_str,0,per_ckpt,step1850000-tokens8492B,72,0.0046,0.983,-0.0085,0.964,average_rankme,average_rankme
norm_asym,transfer_score_str,0,per_ckpt,step1900000-tokens8912B,72,0.0051,0.982,-0.0089,0.963,average_rankme,average_rankme
norm_asym,transfer_score_str,0,per_ckpt,step1950000-tokens9332B,72,0.0063,0.975,-0.0092,0.961,average_rankme,average_rankme
norm_asym,transfer_score_str,0,per_ckpt,step2000000-tokens9752B,72,0.0059,0.974,-0.0091,0.961,average_rankme,average_rankme
norm_asym,transfer_score_str,0,per_ckpt,step2050000-tokens10172B,72,0.0059,0.974,-0.0093,0.961,average_rankme,average_rankme
norm_asym,transfer_score_str,0,per_ckpt,step2100000-tokens10592B,72,0.0059,0.974,-0.0092,0.961,average_rankme,average_rankme
norm_asym,transfer_score_str,0,per_ckpt,step2150000-tokens11012B,72,0.0059,0.974,-0.0094,0.961,average_rankme,average_rankme
norm_asym,transfer_score_str,0,per_ckpt,step2200000-tokens11432B,72,0.0059,0.974,-0.0095,0.961,average_rankme,average_rankme
norm_asym,transfer_score_str,0,per_ckpt,step2250000-tokens11852B,72,0.0059,0.974,-0.0097,0.961,average_rankme,average_rankme
norm_asym,transfer_score_str,0,per_ckpt,step2300000-tokens12272B,72,0.0059,0.974,-0.0098,0.962,average_rankme,average_rankme
norm_asym,transfer_score_str,0,per_ckpt,step2350000-tokens12692B,72,0.0059,0.974,-0.01,0.962,average_rankme,average_rankme
norm_asym,transfer_score_str,0,per_ckpt,step2400000-tokens13112B,72,0.0063,0.975,-0.0101,0.962,average_rankme,average_rankme
norm_asym,transfer_score_str,0,per_ckpt,step2450000-tokens13532B,72,0.0063,0.975,-0.01,0.961,average_rankme,average_rankme
norm_asym,transfer_score_str,0,per_ckpt,step2500000-tokens13952B,72,0.0063,0.975,-0.0101,0.961,average_rankme,average_rankme
norm_asym,transfer_score_str,0,per_ckpt,step2550000-tokens14372B,72,0.0051,0.982,-0.0103,0.96,average_rankme,average_rankme
norm_asym,transfer_score_str,0,per_ckpt,step2600000-tokens14792B,72,0.0046,0.983,-0.0105,0.96,average_rankme,average_rankme
norm_asym,transfer_score_str,0,per_ckpt,step2627139-tokens15T,72,0.0046,0.983,-0.0106,0.959,average_rankme,average_rankme
norm_asym,transfer_score_str,0,per_ckpt,main,72,0.0046,0.983,-0.0107,0.959,average_rankme,average_rankme
norm_asym,overall_score_str,0,per_ckpt,step50000-tokens210B,72,0.101,0.5754,0.0177,0.9311,average_rankme,average_rankme
norm_asym,overall_score_str,0,per_ckpt,step100000-tokens420B,72,0.1013,0.5824,0.0204,0.9141,average_rankme,average_rankme
norm_asym,overall_score_str,0,per_ckpt,step150000-tokens630B,72,0.0991,0.5954,0.0201,0.9141,average_rankme,average_rankme
norm_asym,overall_score_str,0,per_ckpt,step200000-tokens840B,72,0.1041,0.5864,0.0186,0.9201,average_rankme,average_rankme
norm_asym,overall_score_str,0,per_ckpt,step250000-tokens1050B,72,0.0987,0.6034,0.0201,0.9211,average_rankme,average_rankme
norm_asym,overall_score_str,0,per_ckpt,step300000-tokens1260B,72,0.1006,0.5954,0.0208,0.9211,average_rankme,average_rankme
norm_asym,overall_score_str,0,per_ckpt,step350000-tokens1470B,72,0.0971,0.6024,0.0203,0.9221,average_rankme,average_rankme
norm_asym,overall_score_str,0,per_ckpt,step400000-tokens1680B,72,0.1089,0.5704,0.02,0.9201,average_rankme,average_rankme
norm_asym,overall_score_str,0,per_ckpt,step450000-tokens1890B,72,0.1089,0.5704,0.0194,0.9221,average_rankme,average_rankme
norm_asym,overall_score_str,0,per_ckpt,step500000-tokens2100B,72,0.1089,0.5674,0.0189,0.9231,average_rankme,average_rankme
norm_asym,overall_score_str,0,per_ckpt,step550000-tokens2310B,72,0.1093,0.5624,0.0189,0.9211,average_rankme,average_rankme
norm_asym,overall_score_str,0,per_ckpt,step600000-tokens2520B,72,0.1063,0.5684,0.0196,0.9211,average_rankme,average_rankme
norm_asym,overall_score_str,0,per_ckpt,step650000-tokens2730B,72,0.106,0.5694,0.0195,0.9221,average_rankme,average_rankme
norm_asym,overall_score_str,0,per_ckpt,step700000-tokens2940B,72,0.1065,0.5714,0.0191,0.9221,average_rankme,average_rankme
norm_asym,overall_score_str,0,per_ckpt,step750000-tokens3150B,72,0.1065,0.5714,0.0188,0.9231,average_rankme,average_rankme
norm_asym,overall_score_str,0,per_ckpt,step800000-tokens3360B,72,0.1065,0.5714,0.0184,0.9251,average_rankme,average_rankme
norm_asym,overall_score_str,0,per_ckpt,step850000-tokens3570B,72,0.1034,0.5804,0.0185,0.9251,average_rankme,average_rankme
norm_asym,overall_score_str,0,per_ckpt,step900000-tokens3780B,72,0.1034,0.5804,0.0184,0.9291,average_rankme,average_rankme
norm_asym,overall_score_str,0,per_ckpt,step950000-tokens3990B,72,0.1034,0.5804,0.0178,0.9321,average_rankme,average_rankme
norm_asym,overall_score_str,0,per_ckpt,step1000000-tokens4200B,72,0.1034,0.5804,0.0175,0.9361,average_rankme,average_rankme
norm_asym,overall_score_str,0,per_ckpt,step1194000-tokens5014B,72,0.1018,0.5854,0.0168,0.9391,average_rankme,average_rankme
norm_asym,overall_score_str,0,per_ckpt,step1432000-tokens6014B,72,0.1018,0.5854,0.0165,0.9401,average_rankme,average_rankme
norm_asym,overall_score_str,0,per_ckpt,step1670000-tokens7014B,72,0.1034,0.5804,0.017,0.9331,average_rankme,average_rankme
norm_asym,overall_score_str,0,per_ckpt,step1678000-tokens7047B,72,0.1034,0.5804,0.0165,0.9371,average_rankme,average_rankme
norm_asym,overall_score_str,0,per_ckpt,step1700000-tokens7232B,72,0.1034,0.5804,0.0164,0.9381,average_rankme,average_rankme
norm_asym,overall_score_str,0,per_ckpt,step1750000-tokens7652B,72,0.1034,0.5804,0.0163,0.9371,average_rankme,average_rankme
norm_asym,overall_score_str,0,per_ckpt,step1800000-tokens8072B,72,0.1034,0.5804,0.0165,0.9351,average_rankme,average_rankme
norm_asym,overall_score_str,0,per_ckpt,step1850000-tokens8492B,72,0.1038,0.5794,0.0166,0.9381,average_rankme,average_rankme
norm_asym,overall_score_str,0,per_ckpt,step1900000-tokens8912B,72,0.1038,0.5794,0.0165,0.9371,average_rankme,average_rankme
norm_asym,overall_score_str,0,per_ckpt,step1950000-tokens9332B,72,0.1054,0.5734,0.017,0.9371,average_rankme,average_rankme
norm_asym,overall_score_str,0,per_ckpt,step2000000-tokens9752B,72,0.1038,0.5784,0.0172,0.9371,average_rankme,average_rankme
norm_asym,overall_score_str,0,per_ckpt,step2050000-tokens10172B,72,0.1038,0.5784,0.0171,0.9371,average_rankme,average_rankme
norm_asym,overall_score_str,0,per_ckpt,step2100000-tokens10592B,72,0.1038,0.5784,0.0173,0.9361,average_rankme,average_rankme
norm_asym,overall_score_str,0,per_ckpt,step2150000-tokens11012B,72,0.1038,0.5784,0.0176,0.9351,average_rankme,average_rankme
norm_asym,overall_score_str,0,per_ckpt,step2200000-tokens11432B,72,0.1038,0.5784,0.0175,0.9341,average_rankme,average_rankme
norm_asym,overall_score_str,0,per_ckpt,step2250000-tokens11852B,72,0.1038,0.5784,0.0175,0.9351,average_rankme,average_rankme
norm_asym,overall_score_str,0,per_ckpt,step2300000-tokens12272B,72,0.1038,0.5784,0.0175,0.9361,average_rankme,average_rankme
norm_asym,overall_score_str,0,per_ckpt,step2350000-tokens12692B,72,0.1038,0.5784,0.0176,0.9351,average_rankme,average_rankme
norm_asym,overall_score_str,0,per_ckpt,step2400000-tokens13112B,72,0.1054,0.5734,0.0176,0.9351,average_rankme,average_rankme
norm_asym,overall_score_str,0,per_ckpt,step2450000-tokens13532B,72,0.1054,0.5734,0.0178,0.9351,average_rankme,average_rankme
norm_asym,overall_score_str,0,per_ckpt,step2500000-tokens13952B,72,0.1054,0.5734,0.0181,0.9351,average_rankme,average_rankme
norm_asym,overall_score_str,0,per_ckpt,step2550000-tokens14372B,72,0.1038,0.5794,0.0183,0.9341,average_rankme,average_rankme
norm_asym,overall_score_str,0,per_ckpt,step2600000-tokens14792B,72,0.1038,0.5794,0.0185,0.9331,average_rankme,average_rankme
norm_asym,overall_score_str,0,per_ckpt,step2627139-tokens15T,72,0.1038,0.5794,0.0188,0.9311,average_rankme,average_rankme
norm_asym,overall_score_str,0,per_ckpt,main,72,0.1038,0.5794,0.0192,0.9301,average_rankme,average_rankme
norm_asym,transfer_margin_str,0,per_ckpt,step50000-tokens210B,72,0.3509,0.1748,0.2982,0.2677,average_rankme,average_rankme
norm_asym,transfer_margin_str,0,per_ckpt,step100000-tokens420B,72,0.3572,0.1638,0.3071,0.2557,average_rankme,average_rankme
norm_asym,transfer_margin_str,0,per_ckpt,step150000-tokens630B,72,0.3667,0.1459,0.3114,0.2488,average_rankme,average_rankme
norm_asym,transfer_margin_str,0,per_ckpt,step200000-tokens840B,72,0.3674,0.1479,0.3146,0.2438,average_rankme,average_rankme
norm_asym,transfer_margin_str,0,per_ckpt,step250000-tokens1050B,72,0.3665,0.1459,0.3137,0.2418,average_rankme,average_rankme
norm_asym,transfer_margin_str,0,per_ckpt,step300000-tokens1260B,72,0.3645,0.1479,0.3126,0.2418,average_rankme,average_rankme
norm_asym,transfer_margin_str,0,per_ckpt,step350000-tokens1470B,72,0.3699,0.1409,0.3119,0.2448,average_rankme,average_rankme
norm_asym,transfer_margin_str,0,per_ckpt,step400000-tokens1680B,72,0.3637,0.1499,0.3106,0.2438,average_rankme,average_rankme
norm_asym,transfer_margin_str,0,per_ckpt,step450000-tokens1890B,72,0.3637,0.1499,0.3101,0.2468,average_rankme,average_rankme
norm_asym,transfer_margin_str,0,per_ckpt,step500000-tokens2100B,72,0.3623,0.1518,0.3092,0.2488,average_rankme,average_rankme
norm_asym,transfer_margin_str,0,per_ckpt,step550000-tokens2310B,72,0.3581,0.1608,0.3082,0.2488,average_rankme,average_rankme
norm_asym,transfer_margin_str,0,per_ckpt,step600000-tokens2520B,72,0.3573,0.1628,0.3065,0.2517,average_rankme,average_rankme
norm_asym,transfer_margin_str,0,per_ckpt,step650000-tokens2730B,72,0.3563,0.1658,0.3054,0.2547,average_rankme,average_rankme
norm_asym,transfer_margin_str,0,per_ckpt,step700000-tokens2940B,72,0.3547,0.1688,0.3047,0.2527,average_rankme,average_rankme
norm_asym,transfer_margin_str,0,per_ckpt,step750000-tokens3150B,72,0.3547,0.1688,0.3042,0.2547,average_rankme,average_rankme
norm_asym,transfer_margin_str,0,per_ckpt,step800000-tokens3360B,72,0.3547,0.1688,0.3033,0.2557,average_rankme,average_rankme
norm_asym,transfer_margin_str,0,per_ckpt,step850000-tokens3570B,72,0.357,0.1648,0.3029,0.2577,average_rankme,average_rankme
norm_asym,transfer_margin_str,0,per_ckpt,step900000-tokens3780B,72,0.357,0.1648,0.303,0.2577,average_rankme,average_rankme
norm_asym,transfer_margin_str,0,per_ckpt,step950000-tokens3990B,72,0.357,0.1648,0.3031,0.2577,average_rankme,average_rankme
norm_asym,transfer_margin_str,0,per_ckpt,step1000000-tokens4200B,72,0.357,0.1648,0.3034,0.2577,average_rankme,average_rankme
norm_asym,transfer_margin_str,0,per_ckpt,step1194000-tokens5014B,72,0.3582,0.1608,0.304,0.2557,average_rankme,average_rankme
norm_asym,transfer_margin_str,0,per_ckpt,step1432000-tokens6014B,72,0.3582,0.1608,0.3042,0.2537,average_rankme,average_rankme
norm_asym,transfer_margin_str,0,per_ckpt,step1670000-tokens7014B,72,0.357,0.1648,0.306,0.2517,average_rankme,average_rankme
norm_asym,transfer_margin_str,0,per_ckpt,step1678000-tokens7047B,72,0.357,0.1648,0.3066,0.2517,average_rankme,average_rankme
norm_asym,transfer_margin_str,0,per_ckpt,step1700000-tokens7232B,72,0.357,0.1648,0.3066,0.2517,average_rankme,average_rankme
norm_asym,transfer_margin_str,0,per_ckpt,step1750000-tokens7652B,72,0.357,0.1648,0.3071,0.2517,average_rankme,average_rankme
norm_asym,transfer_margin_str,0,per_ckpt,step1800000-tokens8072B,72,0.357,0.1648,0.3066,0.2517,average_rankme,average_rankme
norm_asym,transfer_margin_str,0,per_ckpt,step1850000-tokens8492B,72,0.3581,0.1598,0.3059,0.2527,average_rankme,average_rankme
norm_asym,transfer_margin_str,0,per_ckpt,step1900000-tokens8912B,72,0.3594,0.1578,0.3052,0.2547,average_rankme,average_rankme
norm_asym,transfer_margin_str,0,per_ckpt,step1950000-tokens9332B,72,0.3577,0.1588,0.3042,0.2567,average_rankme,average_rankme
norm_asym,transfer_margin_str,0,per_ckpt,step2000000-tokens9752B,72,0.3589,0.1588,0.304,0.2567,average_rankme,average_rankme
norm_asym,transfer_margin_str,0,per_ckpt,step2050000-tokens10172B,72,0.3589,0.1588,0.3039,0.2577,average_rankme,average_rankme
norm_asym,transfer_margin_str,0,per_ckpt,step2100000-tokens10592B,72,0.3589,0.1588,0.304,0.2567,average_rankme,average_rankme
norm_asym,transfer_margin_str,0,per_ckpt,step2150000-tokens11012B,72,0.3589,0.1588,0.3035,0.2587,average_rankme,average_rankme
norm_asym,transfer_margin_str,0,per_ckpt,step2200000-tokens11432B,72,0.3589,0.1588,0.3035,0.2587,average_rankme,average_rankme
norm_asym,transfer_margin_str,0,per_ckpt,step2250000-tokens11852B,72,0.3589,0.1588,0.3031,0.2587,average_rankme,average_rankme
norm_asym,transfer_margin_str,0,per_ckpt,step2300000-tokens12272B,72,0.3589,0.1588,0.3032,0.2587,average_rankme,average_rankme
norm_asym,transfer_margin_str,0,per_ckpt,step2350000-tokens12692B,72,0.3589,0.1588,0.3033,0.2577,average_rankme,average_rankme
norm_asym,transfer_margin_str,0,per_ckpt,step2400000-tokens13112B,72,0.3577,0.1588,0.3035,0.2577,average_rankme,average_rankme
norm_asym,transfer_margin_str,0,per_ckpt,step2450000-tokens13532B,72,0.3577,0.1588,0.3034,0.2577,average_rankme,average_rankme
norm_asym,transfer_margin_str,0,per_ckpt,step2500000-tokens13952B,72,0.3577,0.1588,0.303,0.2577,average_rankme,average_rankme
norm_asym,transfer_margin_str,0,per_ckpt,step2550000-tokens14372B,72,0.3594,0.1578,0.3028,0.2567,average_rankme,average_rankme
norm_asym,transfer_margin_str,0,per_ckpt,step2600000-tokens14792B,72,0.3581,0.1598,0.3026,0.2567,average_rankme,average_rankme
norm_asym,transfer_margin_str,0,per_ckpt,step2627139-tokens15T,72,0.3581,0.1598,0.3022,0.2567,average_rankme,average_rankme
norm_asym,transfer_margin_str,0,per_ckpt,main,72,0.3581,0.1598,0.3019,0.2577,average_rankme,average_rankme
norm_asym,overall_margin_str,0,per_ckpt,step50000-tokens210B,72,0.329,0.1279,0.3453,0.1149,average_rankme,average_rankme
norm_asym,overall_margin_str,0,per_ckpt,step100000-tokens420B,72,0.3303,0.1259,0.3509,0.1069,average_rankme,average_rankme
norm_asym,overall_margin_str,0,per_ckpt,step150000-tokens630B,72,0.3302,0.1239,0.3533,0.1039,average_rankme,average_rankme
norm_asym,overall_margin_str,0,per_ckpt,step200000-tokens840B,72,0.3297,0.1259,0.3537,0.1029,average_rankme,average_rankme
norm_asym,overall_margin_str,0,per_ckpt,step250000-tokens1050B,72,0.3281,0.1269,0.3554,0.0999,average_rankme,average_rankme
norm_asym,overall_margin_str,0,per_ckpt,step300000-tokens1260B,72,0.331,0.1209,0.357,0.0959,average_rankme,average_rankme
norm_asym,overall_margin_str,0,per_ckpt,step350000-tokens1470B,72,0.3294,0.1269,0.3562,0.0979,average_rankme,average_rankme
norm_asym,overall_margin_str,0,per_ckpt,step400000-tokens1680B,72,0.3399,0.1119,0.3566,0.0969,average_rankme,average_rankme
norm_asym,overall_margin_str,0,per_ckpt,step450000-tokens1890B,72,0.3399,0.1119,0.3566,0.0969,average_rankme,average_rankme
norm_asym,overall_margin_str,0,per_ckpt,step500000-tokens2100B,72,0.3403,0.1129,0.3566,0.0969,average_rankme,average_rankme
norm_asym,overall_margin_str,0,per_ckpt,step550000-tokens2310B,72,0.3386,0.1159,0.3573,0.0969,average_rankme,average_rankme
norm_asym,overall_margin_str,0,per_ckpt,step600000-tokens2520B,72,0.3364,0.1169,0.358,0.0969,average_rankme,average_rankme
norm_asym,overall_margin_str,0,per_ckpt,step650000-tokens2730B,72,0.3359,0.1179,0.3582,0.0969,average_rankme,average_rankme
norm_asym,overall_margin_str,0,per_ckpt,step700000-tokens2940B,72,0.3367,0.1189,0.3584,0.0969,average_rankme,average_rankme
norm_asym,overall_margin_str,0,per_ckpt,step750000-tokens3150B,72,0.3367,0.1189,0.3584,0.0969,average_rankme,average_rankme
norm_asym,overall_margin_str,0,per_ckpt,step800000-tokens3360B,72,0.3367,0.1189,0.3581,0.0969,average_rankme,average_rankme
norm_asym,overall_margin_str,0,per_ckpt,step850000-tokens3570B,72,0.3362,0.1179,0.3584,0.0959,average_rankme,average_rankme
norm_asym,overall_margin_str,0,per_ckpt,step900000-tokens3780B,72,0.3362,0.1179,0.3586,0.0959,average_rankme,average_rankme
norm_asym,overall_margin_str,0,per_ckpt,step950000-tokens3990B,72,0.3362,0.1179,0.3581,0.0969,average_rankme,average_rankme
norm_asym,overall_margin_str,0,per_ckpt,step1000000-tokens4200B,72,0.3362,0.1179,0.3581,0.0969,average_rankme,average_rankme
norm_asym,overall_margin_str,0,per_ckpt,step1194000-tokens5014B,72,0.3339,0.1189,0.3581,0.0959,average_rankme,average_rankme
norm_asym,overall_margin_str,0,per_ckpt,step1432000-tokens6014B,72,0.3339,0.1189,0.3579,0.0959,average_rankme,average_rankme
norm_asym,overall_margin_str,0,per_ckpt,step1670000-tokens7014B,72,0.3362,0.1179,0.3585,0.0959,average_rankme,average_rankme
norm_asym,overall_margin_str,0,per_ckpt,step1678000-tokens7047B,72,0.3362,0.1179,0.3584,0.0959,average_rankme,average_rankme
norm_asym,overall_margin_str,0,per_ckpt,step1700000-tokens7232B,72,0.3362,0.1179,0.3583,0.0959,average_rankme,average_rankme
norm_asym,overall_margin_str,0,per_ckpt,step1750000-tokens7652B,72,0.3362,0.1179,0.3582,0.0959,average_rankme,average_rankme
norm_asym,overall_margin_str,0,per_ckpt,step1800000-tokens8072B,72,0.3362,0.1179,0.3579,0.0959,average_rankme,average_rankme
norm_asym,overall_margin_str,0,per_ckpt,step1850000-tokens8492B,72,0.3365,0.1169,0.3572,0.0979,average_rankme,average_rankme
norm_asym,overall_margin_str,0,per_ckpt,step1900000-tokens8912B,72,0.3361,0.1179,0.3567,0.0979,average_rankme,average_rankme
norm_asym,overall_margin_str,0,per_ckpt,step1950000-tokens9332B,72,0.3355,0.1199,0.3564,0.0979,average_rankme,average_rankme
norm_asym,overall_margin_str,0,per_ckpt,step2000000-tokens9752B,72,0.3332,0.1199,0.3566,0.0979,average_rankme,average_rankme
norm_asym,overall_margin_str,0,per_ckpt,step2050000-tokens10172B,72,0.3332,0.1199,0.3565,0.0979,average_rankme,average_rankme
norm_asym,overall_margin_str,0,per_ckpt,step2100000-tokens10592B,72,0.3332,0.1199,0.3567,0.0979,average_rankme,average_rankme
norm_asym,overall_margin_str,0,per_ckpt,step2150000-tokens11012B,72,0.3332,0.1199,0.3566,0.0979,average_rankme,average_rankme
norm_asym,overall_margin_str,0,per_ckpt,step2200000-tokens11432B,72,0.3332,0.1199,0.3566,0.0979,average_rankme,average_rankme
norm_asym,overall_margin_str,0,per_ckpt,step2250000-tokens11852B,72,0.3332,0.1199,0.3562,0.0979,average_rankme,average_rankme
norm_asym,overall_margin_str,0,per_ckpt,step2300000-tokens12272B,72,0.3332,0.1199,0.3563,0.0979,average_rankme,average_rankme
norm_asym,overall_margin_str,0,per_ckpt,step2350000-tokens12692B,72,0.3332,0.1199,0.3564,0.0979,average_rankme,average_rankme
norm_asym,overall_margin_str,0,per_ckpt,step2400000-tokens13112B,72,0.3355,0.1199,0.3566,0.0969,average_rankme,average_rankme
norm_asym,overall_margin_str,0,per_ckpt,step2450000-tokens13532B,72,0.3355,0.1199,0.3568,0.0979,average_rankme,average_rankme
norm_asym,overall_margin_str,0,per_ckpt,step2500000-tokens13952B,72,0.3355,0.1199,0.3571,0.0979,average_rankme,average_rankme
norm_asym,overall_margin_str,0,per_ckpt,step2550000-tokens14372B,72,0.3361,0.1179,0.3573,0.0979,average_rankme,average_rankme
norm_asym,overall_margin_str,0,per_ckpt,step2600000-tokens14792B,72,0.3365,0.1169,0.3575,0.0959,average_rankme,average_rankme
norm_asym,overall_margin_str,0,per_ckpt,step2627139-tokens15T,72,0.3365,0.1169,0.3577,0.0959,average_rankme,average_rankme
norm_asym,overall_margin_str,0,per_ckpt,main,72,0.3365,0.1169,0.3581,0.0959,average_rankme,average_rankme
abs_diff,accuracy_majority,0,pooled,,3240,0.0934,0.0,0.074,0.0,average_rankme,average_predictors
abs_diff,overall_score,0,pooled,,3240,0.0368,0.0362,0.044,0.0123,average_rankme,average_predictors
abs_diff,transfer_score,0,pooled,,3240,-0.0016,0.9292,0.0191,0.278,average_rankme,average_predictors
abs_diff,transfer_score_str,0,pooled,,3240,-0.2559,0.0,-0.2911,0.0,average_rankme,average_predictors
abs_diff,overall_score_str,0,pooled,,3240,-0.1972,0.0,-0.2355,0.0,average_rankme,average_predictors
abs_diff,transfer_margin_str,0,pooled,,3240,-0.1981,0.0,-0.1635,0.0,average_rankme,average_predictors
abs_diff,overall_margin_str,0,pooled,,3240,-0.2541,0.0,-0.3101,0.0,average_rankme,average_predictors
signed_diff,accuracy_majority,0,pooled,,3240,-0.1824,0.0,-0.1547,0.0,average_rankme,average_predictors
signed_diff,overall_score,0,pooled,,3240,0.0174,0.3221,0.0719,0.0,average_rankme,average_predictors
signed_diff,transfer_score,0,pooled,,3240,0.007,0.691,0.0598,0.0007,average_rankme,average_predictors
signed_diff,transfer_score_str,0,pooled,,3240,0.0246,0.1612,0.012,0.4942,average_rankme,average_predictors
signed_diff,overall_score_str,0,pooled,,3240,0.0955,0.0,0.0065,0.7095,average_rankme,average_predictors
signed_diff,transfer_margin_str,0,pooled,,3240,0.3591,0.0,0.3147,0.0,average_rankme,average_predictors
signed_diff,overall_margin_str,0,pooled,,3240,0.3272,0.0,0.363,0.0,average_rankme,average_predictors
min_rankme,accuracy_majority,0,pooled,,3240,-0.0995,0.0,-0.1009,0.0,average_rankme,average_predictors
min_rankme,overall_score,0,pooled,,3240,0.0347,0.0481,0.0068,0.6982,average_rankme,average_predictors
min_rankme,transfer_score,0,pooled,,3240,0.0543,0.002,0.007,0.6903,average_rankme,average_predictors
min_rankme,transfer_score_str,0,pooled,,3240,0.299,0.0,0.2961,0.0,average_rankme,average_predictors
min_rankme,overall_score_str,0,pooled,,3240,0.2664,0.0,0.238,0.0,average_rankme,average_predictors
min_rankme,transfer_margin_str,0,pooled,,3240,0.3317,0.0,0.2838,0.0,average_rankme,average_predictors
min_rankme,overall_margin_str,0,pooled,,3240,0.4336,0.0,0.4513,0.0,average_rankme,average_predictors
norm_asym,accuracy_majority,0,pooled,,3240,-0.2031,0.0,-0.1919,0.0,average_rankme,average_predictors
norm_asym,overall_score,0,pooled,,3240,0.0095,0.589,0.0488,0.0055,average_rankme,average_predictors
norm_asym,transfer_score,0,pooled,,3240,0.0013,0.94,0.0332,0.0586,average_rankme,average_predictors
norm_asym,transfer_score_str,0,pooled,,3240,0.0089,0.6108,-0.0055,0.7529,average_rankme,average_predictors
norm_asym,overall_score_str,0,pooled,,3240,0.1048,0.0,0.0186,0.2887,average_rankme,average_predictors
norm_asym,transfer_margin_str,0,pooled,,3240,0.359,0.0,0.3073,0.0,average_rankme,average_predictors
norm_asym,overall_margin_str,0,pooled,,3240,0.3339,0.0,0.3573,0.0,average_rankme,average_predictors
abs_diff,accuracy_majority,0,per_ckpt,step50000-tokens210B,72,0.0829,0.4925,0.0816,0.4875,average_rankme,average_predictors
abs_diff,accuracy_majority,0,per_ckpt,step100000-tokens420B,72,0.1021,0.3876,0.0936,0.4336,average_rankme,average_predictors
abs_diff,accuracy_majority,0,per_ckpt,step150000-tokens630B,72,0.1097,0.3726,0.0949,0.4346,average_rankme,average_predictors
abs_diff,accuracy_majority,0,per_ckpt,step200000-tokens840B,72,0.1205,0.3287,0.0961,0.4216,average_rankme,average_predictors
abs_diff,accuracy_majority,0,per_ckpt,step250000-tokens1050B,72,0.1069,0.3886,0.0949,0.4296,average_rankme,average_predictors
abs_diff,accuracy_majority,0,per_ckpt,step300000-tokens1260B,72,0.1041,0.3916,0.0926,0.4396,average_rankme,average_predictors
abs_diff,accuracy_majority,0,per_ckpt,step350000-tokens1470B,72,0.1041,0.3916,0.0919,0.4436,average_rankme,average_predictors
abs_diff,accuracy_majority,0,per_ckpt,step400000-tokens1680B,72,0.1059,0.3906,0.09,0.4505,average_rankme,average_predictors
abs_diff,accuracy_majority,0,per_ckpt,step450000-tokens1890B,72,0.1059,0.3906,0.0883,0.4545,average_rankme,average_predictors
abs_diff,accuracy_majority,0,per_ckpt,step500000-tokens2100B,72,0.1059,0.3906,0.0865,0.4655,average_rankme,average_predictors
abs_diff,accuracy_majority,0,per_ckpt,step550000-tokens2310B,72,0.1026,0.3976,0.0844,0.4805,average_rankme,average_predictors
abs_diff,accuracy_majority,0,per_ckpt,step600000-tokens2520B,72,0.0956,0.4366,0.0822,0.4905,average_rankme,average_predictors
abs_diff,accuracy_majority,0,per_ckpt,step650000-tokens2730B,72,0.0972,0.4216,0.0797,0.5015,average_rankme,average_predictors
abs_diff,accuracy_majority,0,per_ckpt,step700000-tokens2940B,72,0.09,0.4416,0.0774,0.5125,average_rankme,average_predictors
abs_diff,accuracy_majority,0,per_ckpt,step750000-tokens3150B,72,0.0919,0.4416,0.0758,0.5165,average_rankme,average_predictors
abs_diff,accuracy_majority,0,per_ckpt,step800000-tokens3360B,72,0.0919,0.4416,0.0738,0.5215,average_rankme,average_predictors
abs_diff,accuracy_majority,0,per_ckpt,step850000-tokens3570B,72,0.0919,0.4416,0.0728,0.5255,average_rankme,average_predictors
abs_diff,accuracy_majority,0,per_ckpt,step900000-tokens3780B,72,0.0919,0.4416,0.0725,0.5265,average_rankme,average_predictors
abs_diff,accuracy_majority,0,per_ckpt,step950000-tokens3990B,72,0.0919,0.4416,0.0722,0.5275,average_rankme,average_predictors
abs_diff,accuracy_majority,0,per_ckpt,step1000000-tokens4200B,72,0.0919,0.4416,0.0718,0.5325,average_rankme,average_predictors
abs_diff,accuracy_majority,0,per_ckpt,step1194000-tokens5014B,72,0.0919,0.4416,0.0712,0.5365,average_rankme,average_predictors
abs_diff,accuracy_majority,0,per_ckpt,step1432000-tokens6014B,72,0.0919,0.4416,0.0708,0.5385,average_rankme,average_predictors
abs_diff,accuracy_majority,0,per_ckpt,step1670000-tokens7014B,72,0.0919,0.4416,0.0736,0.5285,average_rankme,average_predictors
abs_diff,accuracy_majority,0,per_ckpt,step1678000-tokens7047B,72,0.0919,0.4416,0.0736,0.5295,average_rankme,average_predictors
abs_diff,accuracy_majority,0,per_ckpt,step1700000-tokens7232B,72,0.0919,0.4416,0.0739,0.5295,average_rankme,average_predictors
abs_diff,accuracy_majority,0,per_ckpt,step1750000-tokens7652B,72,0.0919,0.4416,0.0746,0.5265,average_rankme,average_predictors
abs_diff,accuracy_majority,0,per_ckpt,step1800000-tokens8072B,72,0.0919,0.4416,0.0747,0.5255,average_rankme,average_predictors
abs_diff,accuracy_majority,0,per_ckpt,step1850000-tokens8492B,72,0.0947,0.4246,0.0745,0.5245,average_rankme,average_predictors
abs_diff,accuracy_majority,0,per_ckpt,step1900000-tokens8912B,72,0.0947,0.4246,0.0738,0.5235,average_rankme,average_predictors
abs_diff,accuracy_majority,0,per_ckpt,step1950000-tokens9332B,72,0.0947,0.4246,0.0731,0.5265,average_rankme,average_predictors
abs_diff,accuracy_majority,0,per_ckpt,step2000000-tokens9752B,72,0.0947,0.4246,0.073,0.5265,average_rankme,average_predictors
abs_diff,accuracy_majority,0,per_ckpt,step2050000-tokens10172B,72,0.0947,0.4246,0.0728,0.5275,average_rankme,average_predictors
abs_diff,accuracy_majority,0,per_ckpt,step2100000-tokens10592B,72,0.0947,0.4246,0.0731,0.5265,average_rankme,average_predictors
abs_diff,accuracy_majority,0,per_ckpt,step2150000-tokens11012B,72,0.0947,0.4246,0.073,0.5265,average_rankme,average_predictors
abs_diff,accuracy_majority,0,per_ckpt,step2200000-tokens11432B,72,0.0947,0.4246,0.073,0.5285,average_rankme,average_predictors
abs_diff,accuracy_majority,0,per_ckpt,step2250000-tokens11852B,72,0.0947,0.4246,0.0727,0.5265,average_rankme,average_predictors
abs_diff,accuracy_majority,0,per_ckpt,step2300000-tokens12272B,72,0.0936,0.4386,0.0727,0.5275,average_rankme,average_predictors
abs_diff,accuracy_majority,0,per_ckpt,step2350000-tokens12692B,72,0.0936,0.4386,0.0726,0.5285,average_rankme,average_predictors
abs_diff,accuracy_majority,0,per_ckpt,step2400000-tokens13112B,72,0.0936,0.4386,0.0725,0.5285,average_rankme,average_predictors
abs_diff,accuracy_majority,0,per_ckpt,step2450000-tokens13532B,72,0.0947,0.4246,0.0723,0.5305,average_rankme,average_predictors
abs_diff,accuracy_majority,0,per_ckpt,step2500000-tokens13952B,72,0.0947,0.4246,0.0719,0.5325,average_rankme,average_predictors
abs_diff,accuracy_majority,0,per_ckpt,step2550000-tokens14372B,72,0.0947,0.4246,0.0716,0.5355,average_rankme,average_predictors
abs_diff,accuracy_majority,0,per_ckpt,step2600000-tokens14792B,72,0.0947,0.4246,0.0712,0.5365,average_rankme,average_predictors
abs_diff,accuracy_majority,0,per_ckpt,step2627139-tokens15T,72,0.0947,0.4246,0.071,0.5365,average_rankme,average_predictors
abs_diff,accuracy_majority,0,per_ckpt,main,72,0.0912,0.4476,0.0706,0.5375,average_rankme,average_predictors
abs_diff,overall_score,0,per_ckpt,step50000-tokens210B,72,0.0255,0.8462,0.0596,0.6623,average_rankme,average_predictors
abs_diff,overall_score,0,per_ckpt,step100000-tokens420B,72,0.0444,0.7473,0.0755,0.6154,average_rankme,average_predictors
abs_diff,overall_score,0,per_ckpt,step150000-tokens630B,72,0.051,0.7173,0.0741,0.6294,average_rankme,average_predictors
abs_diff,overall_score,0,per_ckpt,step200000-tokens840B,72,0.0681,0.6434,0.0752,0.6314,average_rankme,average_predictors
abs_diff,overall_score,0,per_ckpt,step250000-tokens1050B,72,0.0493,0.7213,0.0717,0.6494,average_rankme,average_predictors
abs_diff,overall_score,0,per_ckpt,step300000-tokens1260B,72,0.043,0.7443,0.0679,0.6603,average_rankme,average_predictors
abs_diff,overall_score,0,per_ckpt,step350000-tokens1470B,72,0.043,0.7443,0.0674,0.6623,average_rankme,average_predictors
abs_diff,overall_score,0,per_ckpt,step400000-tokens1680B,72,0.0378,0.7802,0.0645,0.6693,average_rankme,average_predictors
abs_diff,overall_score,0,per_ckpt,step450000-tokens1890B,72,0.0378,0.7802,0.0626,0.6773,average_rankme,average_predictors
abs_diff,overall_score,0,per_ckpt,step500000-tokens2100B,72,0.0378,0.7802,0.0614,0.6813,average_rankme,average_predictors
abs_diff,overall_score,0,per_ckpt,step550000-tokens2310B,72,0.0349,0.7942,0.0592,0.6863,average_rankme,average_predictors
abs_diff,overall_score,0,per_ckpt,step600000-tokens2520B,72,0.0355,0.7992,0.0564,0.6983,average_rankme,average_predictors
abs_diff,overall_score,0,per_ckpt,step650000-tokens2730B,72,0.034,0.8282,0.053,0.7213,average_rankme,average_predictors
abs_diff,overall_score,0,per_ckpt,step700000-tokens2940B,72,0.0284,0.8022,0.0495,0.7363,average_rankme,average_predictors
abs_diff,overall_score,0,per_ckpt,step750000-tokens3150B,72,0.0312,0.8022,0.046,0.7582,average_rankme,average_predictors
abs_diff,overall_score,0,per_ckpt,step800000-tokens3360B,72,0.0312,0.8022,0.0437,0.7662,average_rankme,average_predictors
abs_diff,overall_score,0,per_ckpt,step850000-tokens3570B,72,0.0312,0.8022,0.0412,0.7702,average_rankme,average_predictors
abs_diff,overall_score,0,per_ckpt,step900000-tokens3780B,72,0.0312,0.8022,0.0407,0.7742,average_rankme,average_predictors
abs_diff,overall_score,0,per_ckpt,step950000-tokens3990B,72,0.0312,0.8022,0.04,0.7742,average_rankme,average_predictors
abs_diff,overall_score,0,per_ckpt,step1000000-tokens4200B,72,0.0312,0.8022,0.0395,0.7812,average_rankme,average_predictors
abs_diff,overall_score,0,per_ckpt,step1194000-tokens5014B,72,0.0312,0.8022,0.039,0.7852,average_rankme,average_predictors
abs_diff,overall_score,0,per_ckpt,step1432000-tokens6014B,72,0.0312,0.8022,0.0383,0.7872,average_rankme,average_predictors
abs_diff,overall_score,0,per_ckpt,step1670000-tokens7014B,72,0.0312,0.8022,0.0418,0.7782,average_rankme,average_predictors
abs_diff,overall_score,0,per_ckpt,step1678000-tokens7047B,72,0.0312,0.8022,0.0419,0.7772,average_rankme,average_predictors
abs_diff,overall_score,0,per_ckpt,step1700000-tokens7232B,72,0.0312,0.8022,0.042,0.7782,average_rankme,average_predictors
abs_diff,overall_score,0,per_ckpt,step1750000-tokens7652B,72,0.0312,0.8022,0.0429,0.7762,average_rankme,average_predictors
abs_diff,overall_score,0,per_ckpt,step1800000-tokens8072B,72,0.0312,0.8022,0.0425,0.7762,average_rankme,average_predictors
abs_diff,overall_score,0,per_ckpt,step1850000-tokens8492B,72,0.0319,0.8002,0.0414,0.7812,average_rankme,average_predictors
abs_diff,overall_score,0,per_ckpt,step1900000-tokens8912B,72,0.0319,0.8002,0.0402,0.7832,average_rankme,average_predictors
abs_diff,overall_score,0,per_ckpt,step1950000-tokens9332B,72,0.0319,0.8002,0.0393,0.7862,average_rankme,average_predictors
abs_diff,overall_score,0,per_ckpt,step2000000-tokens9752B,72,0.0319,0.8002,0.0394,0.7852,average_rankme,average_predictors
abs_diff,overall_score,0,per_ckpt,step2050000-tokens10172B,72,0.0319,0.8002,0.0392,0.7852,average_rankme,average_predictors
abs_diff,overall_score,0,per_ckpt,step2100000-tokens10592B,72,0.0319,0.8002,0.0394,0.7852,average_rankme,average_predictors
abs_diff,overall_score,0,per_ckpt,step2150000-tokens11012B,72,0.0319,0.8002,0.0389,0.7882,average_rankme,average_predictors
abs_diff,overall_score,0,per_ckpt,step2200000-tokens11432B,72,0.0319,0.8002,0.0389,0.7882,average_rankme,average_predictors
abs_diff,overall_score,0,per_ckpt,step2250000-tokens11852B,72,0.0319,0.8002,0.0382,0.7902,average_rankme,average_predictors
abs_diff,overall_score,0,per_ckpt,step2300000-tokens12272B,72,0.0291,0.8222,0.0377,0.7942,average_rankme,average_predictors
abs_diff,overall_score,0,per_ckpt,step2350000-tokens12692B,72,0.0291,0.8222,0.0371,0.7952,average_rankme,average_predictors
abs_diff,overall_score,0,per_ckpt,step2400000-tokens13112B,72,0.0291,0.8222,0.0368,0.7982,average_rankme,average_predictors
abs_diff,overall_score,0,per_ckpt,step2450000-tokens13532B,72,0.0319,0.8002,0.0368,0.7972,average_rankme,average_predictors
abs_diff,overall_score,0,per_ckpt,step2500000-tokens13952B,72,0.0319,0.8002,0.0364,0.7992,average_rankme,average_predictors
abs_diff,overall_score,0,per_ckpt,step2550000-tokens14372B,72,0.0319,0.8002,0.0361,0.8022,average_rankme,average_predictors
abs_diff,overall_score,0,per_ckpt,step2600000-tokens14792B,72,0.0319,0.8002,0.0356,0.8042,average_rankme,average_predictors
abs_diff,overall_score,0,per_ckpt,step2627139-tokens15T,72,0.0319,0.8002,0.0353,0.8082,average_rankme,average_predictors
abs_diff,overall_score,0,per_ckpt,main,72,0.0267,0.8352,0.0346,0.8102,average_rankme,average_predictors
abs_diff,transfer_score,0,per_ckpt,step50000-tokens210B,72,-0.0054,0.973,0.0368,0.8122,average_rankme,average_predictors
abs_diff,transfer_score,0,per_ckpt,step100000-tokens420B,72,0.0127,0.9221,0.0505,0.7293,average_rankme,average_predictors
abs_diff,transfer_score,0,per_ckpt,step150000-tokens630B,72,0.0239,0.8801,0.05,0.7393,average_rankme,average_predictors
abs_diff,transfer_score,0,per_ckpt,step200000-tokens840B,72,0.0398,0.7882,0.051,0.7323,average_rankme,average_predictors
abs_diff,transfer_score,0,per_ckpt,step250000-tokens1050B,72,0.0204,0.9001,0.048,0.7493,average_rankme,average_predictors
abs_diff,transfer_score,0,per_ckpt,step300000-tokens1260B,72,0.0137,0.9341,0.0446,0.7712,average_rankme,average_predictors
abs_diff,transfer_score,0,per_ckpt,step350000-tokens1470B,72,0.0137,0.9341,0.0435,0.7772,average_rankme,average_predictors
abs_diff,transfer_score,0,per_ckpt,step400000-tokens1680B,72,0.0069,0.966,0.0401,0.7992,average_rankme,average_predictors
abs_diff,transfer_score,0,per_ckpt,step450000-tokens1890B,72,0.0069,0.966,0.038,0.8052,average_rankme,average_predictors
abs_diff,transfer_score,0,per_ckpt,step500000-tokens2100B,72,0.0069,0.966,0.0363,0.8122,average_rankme,average_predictors
abs_diff,transfer_score,0,per_ckpt,step550000-tokens2310B,72,0.0031,0.978,0.0338,0.8232,average_rankme,average_predictors
abs_diff,transfer_score,0,per_ckpt,step600000-tokens2520B,72,0.0018,0.984,0.031,0.8472,average_rankme,average_predictors
abs_diff,transfer_score,0,per_ckpt,step650000-tokens2730B,72,-0.0058,0.964,0.0277,0.8651,average_rankme,average_predictors
abs_diff,transfer_score,0,per_ckpt,step700000-tokens2940B,72,-0.0117,0.962,0.0241,0.8851,average_rankme,average_predictors
abs_diff,transfer_score,0,per_ckpt,step750000-tokens3150B,72,-0.0082,0.962,0.0207,0.9041,average_rankme,average_predictors
abs_diff,transfer_score,0,per_ckpt,step800000-tokens3360B,72,-0.0082,0.962,0.0179,0.9161,average_rankme,average_predictors
abs_diff,transfer_score,0,per_ckpt,step850000-tokens3570B,72,-0.0082,0.962,0.0155,0.9291,average_rankme,average_predictors
abs_diff,transfer_score,0,per_ckpt,step900000-tokens3780B,72,-0.0082,0.962,0.0149,0.9321,average_rankme,average_predictors
abs_diff,transfer_score,0,per_ckpt,step950000-tokens3990B,72,-0.0082,0.962,0.0139,0.9361,average_rankme,average_predictors
abs_diff,transfer_score,0,per_ckpt,step1000000-tokens4200B,72,-0.0082,0.962,0.0134,0.9411,average_rankme,average_predictors
abs_diff,transfer_score,0,per_ckpt,step1194000-tokens5014B,72,-0.0082,0.962,0.0129,0.9431,average_rankme,average_predictors
abs_diff,transfer_score,0,per_ckpt,step1432000-tokens6014B,72,-0.0082,0.962,0.0124,0.9441,average_rankme,average_predictors
abs_diff,transfer_score,0,per_ckpt,step1670000-tokens7014B,72,-0.0082,0.962,0.0163,0.9271,average_rankme,average_predictors
abs_diff,transfer_score,0,per_ckpt,step1678000-tokens7047B,72,-0.0082,0.962,0.0164,0.9271,average_rankme,average_predictors
abs_diff,transfer_score,0,per_ckpt,step1700000-tokens7232B,72,-0.0082,0.962,0.0163,0.9281,average_rankme,average_predictors
abs_diff,transfer_score,0,per_ckpt,step1750000-tokens7652B,72,-0.0082,0.962,0.0173,0.9221,average_rankme,average_predictors
abs_diff,transfer_score,0,per_ckpt,step1800000-tokens8072B,72,-0.0082,0.962,0.0167,0.9241,average_rankme,average_predictors
abs_diff,transfer_score,0,per_ckpt,step1850000-tokens8492B,72,-0.0073,0.968,0.0152,0.9301,average_rankme,average_predictors
abs_diff,transfer_score,0,per_ckpt,step1900000-tokens8912B,72,-0.0073,0.968,0.0135,0.9381,average_rankme,average_predictors
abs_diff,transfer_score,0,per_ckpt,step1950000-tokens9332B,72,-0.0073,0.968,0.0121,0.9411,average_rankme,average_predictors
abs_diff,transfer_score,0,per_ckpt,step2000000-tokens9752B,72,-0.0073,0.968,0.012,0.9411,average_rankme,average_predictors
abs_diff,transfer_score,0,per_ckpt,step2050000-tokens10172B,72,-0.0073,0.968,0.0119,0.9431,average_rankme,average_predictors
abs_diff,transfer_score,0,per_ckpt,step2100000-tokens10592B,72,-0.0073,0.968,0.0122,0.9411,average_rankme,average_predictors
abs_diff,transfer_score,0,per_ckpt,step2150000-tokens11012B,72,-0.0073,0.968,0.0115,0.9421,average_rankme,average_predictors
abs_diff,transfer_score,0,per_ckpt,step2200000-tokens11432B,72,-0.0073,0.968,0.0115,0.9421,average_rankme,average_predictors
abs_diff,transfer_score,0,per_ckpt,step2250000-tokens11852B,72,-0.0073,0.968,0.0105,0.9461,average_rankme,average_predictors
abs_diff,transfer_score,0,per_ckpt,step2300000-tokens12272B,72,-0.0111,0.9391,0.0101,0.95,average_rankme,average_predictors
abs_diff,transfer_score,0,per_ckpt,step2350000-tokens12692B,72,-0.0111,0.9391,0.0099,0.952,average_rankme,average_predictors
abs_diff,transfer_score,0,per_ckpt,step2400000-tokens13112B,72,-0.0111,0.9391,0.0099,0.951,average_rankme,average_predictors
abs_diff,transfer_score,0,per_ckpt,step2450000-tokens13532B,72,-0.0073,0.968,0.0102,0.95,average_rankme,average_predictors
abs_diff,transfer_score,0,per_ckpt,step2500000-tokens13952B,72,-0.0073,0.968,0.0103,0.951,average_rankme,average_predictors
abs_diff,transfer_score,0,per_ckpt,step2550000-tokens14372B,72,-0.0073,0.968,0.0102,0.951,average_rankme,average_predictors
abs_diff,transfer_score,0,per_ckpt,step2600000-tokens14792B,72,-0.0073,0.968,0.0101,0.95,average_rankme,average_predictors
abs_diff,transfer_score,0,per_ckpt,step2627139-tokens15T,72,-0.0073,0.968,0.01,0.95,average_rankme,average_predictors
abs_diff,transfer_score,0,per_ckpt,main,72,-0.0108,0.951,0.0097,0.951,average_rankme,average_predictors
abs_diff,transfer_score_str,0,per_ckpt,step50000-tokens210B,72,-0.26,0.1319,-0.2724,0.1079,average_rankme,average_predictors
abs_diff,transfer_score_str,0,per_ckpt,step100000-tokens420B,72,-0.2522,0.1598,-0.2796,0.1099,average_rankme,average_predictors
abs_diff,transfer_score_str,0,per_ckpt,step150000-tokens630B,72,-0.254,0.1578,-0.2871,0.1049,average_rankme,average_predictors
abs_diff,transfer_score_str,0,per_ckpt,step200000-tokens840B,72,-0.251,0.1668,-0.2898,0.1039,average_rankme,average_predictors
abs_diff,transfer_score_str,0,per_ckpt,step250000-tokens1050B,72,-0.2625,0.1499,-0.2953,0.1019,average_rankme,average_predictors
abs_diff,transfer_score_str,0,per_ckpt,step300000-tokens1260B,72,-0.2685,0.1389,-0.2975,0.0979,average_rankme,average_predictors
abs_diff,transfer_score_str,0,per_ckpt,step350000-tokens1470B,72,-0.2685,0.1389,-0.2966,0.0979,average_rankme,average_predictors
abs_diff,transfer_score_str,0,per_ckpt,step400000-tokens1680B,72,-0.2737,0.1249,-0.2967,0.0969,average_rankme,average_predictors
abs_diff,transfer_score_str,0,per_ckpt,step450000-tokens1890B,72,-0.2737,0.1249,-0.2965,0.0959,average_rankme,average_predictors
abs_diff,transfer_score_str,0,per_ckpt,step500000-tokens2100B,72,-0.2737,0.1249,-0.295,0.0949,average_rankme,average_predictors
abs_diff,transfer_score_str,0,per_ckpt,step550000-tokens2310B,72,-0.273,0.1189,-0.2947,0.0939,average_rankme,average_predictors
abs_diff,transfer_score_str,0,per_ckpt,step600000-tokens2520B,72,-0.2749,0.1129,-0.2956,0.0929,average_rankme,average_predictors
abs_diff,transfer_score_str,0,per_ckpt,step650000-tokens2730B,72,-0.2703,0.1119,-0.2969,0.0909,average_rankme,average_predictors
abs_diff,transfer_score_str,0,per_ckpt,step700000-tokens2940B,72,-0.273,0.1229,-0.2981,0.0899,average_rankme,average_predictors
abs_diff,transfer_score_str,0,per_ckpt,step750000-tokens3150B,72,-0.2661,0.1229,-0.2995,0.0889,average_rankme,average_predictors
abs_diff,transfer_score_str,0,per_ckpt,step800000-tokens3360B,72,-0.2661,0.1229,-0.2999,0.0889,average_rankme,average_predictors
abs_diff,transfer_score_str,0,per_ckpt,step850000-tokens3570B,72,-0.2661,0.1229,-0.3014,0.0889,average_rankme,average_predictors
abs_diff,transfer_score_str,0,per_ckpt,step900000-tokens3780B,72,-0.2661,0.1229,-0.3013,0.0879,average_rankme,average_predictors
abs_diff,transfer_score_str,0,per_ckpt,step950000-tokens3990B,72,-0.2661,0.1229,-0.3015,0.0879,average_rankme,average_predictors
abs_diff,transfer_score_str,0,per_ckpt,step1000000-tokens4200B,72,-0.2661,0.1229,-0.302,0.0869,average_rankme,average_predictors
abs_diff,transfer_score_str,0,per_ckpt,step1194000-tokens5014B,72,-0.2661,0.1229,-0.3021,0.0869,average_rankme,average_predictors
abs_diff,transfer_score_str,0,per_ckpt,step1432000-tokens6014B,72,-0.2661,0.1229,-0.3023,0.0869,average_rankme,average_predictors
abs_diff,transfer_score_str,0,per_ckpt,step1670000-tokens7014B,72,-0.2661,0.1229,-0.3026,0.0889,average_rankme,average_predictors
abs_diff,transfer_score_str,0,per_ckpt,step1678000-tokens7047B,72,-0.2661,0.1229,-0.3026,0.0889,average_rankme,average_predictors
abs_diff,transfer_score_str,0,per_ckpt,step1700000-tokens7232B,72,-0.2661,0.1229,-0.3025,0.0889,average_rankme,average_predictors
abs_diff,transfer_score_str,0,per_ckpt,step1750000-tokens7652B,72,-0.2661,0.1229,-0.3024,0.0899,average_rankme,average_predictors
abs_diff,transfer_score_str,0,per_ckpt,step1800000-tokens8072B,72,-0.2661,0.1229,-0.303,0.0899,average_rankme,average_predictors
abs_diff,transfer_score_str,0,per_ckpt,step1850000-tokens8492B,72,-0.2631,0.1269,-0.3038,0.0889,average_rankme,average_predictors
abs_diff,transfer_score_str,0,per_ckpt,step1900000-tokens8912B,72,-0.2631,0.1269,-0.3046,0.0889,average_rankme,average_predictors
abs_diff,transfer_score_str,0,per_ckpt,step1950000-tokens9332B,72,-0.2631,0.1269,-0.3058,0.0879,average_rankme,average_predictors
abs_diff,transfer_score_str,0,per_ckpt,step2000000-tokens9752B,72,-0.2631,0.1269,-0.306,0.0879,average_rankme,average_predictors
abs_diff,transfer_score_str,0,per_ckpt,step2050000-tokens10172B,72,-0.2631,0.1269,-0.3061,0.0879,average_rankme,average_predictors
abs_diff,transfer_score_str,0,per_ckpt,step2100000-tokens10592B,72,-0.2631,0.1269,-0.3065,0.0879,average_rankme,average_predictors
abs_diff,transfer_score_str,0,per_ckpt,step2150000-tokens11012B,72,-0.2631,0.1269,-0.307,0.0879,average_rankme,average_predictors
abs_diff,transfer_score_str,0,per_ckpt,step2200000-tokens11432B,72,-0.2631,0.1269,-0.3072,0.0879,average_rankme,average_predictors
abs_diff,transfer_score_str,0,per_ckpt,step2250000-tokens11852B,72,-0.2631,0.1269,-0.3077,0.0879,average_rankme,average_predictors
abs_diff,transfer_score_str,0,per_ckpt,step2300000-tokens12272B,72,-0.2686,0.1229,-0.3081,0.0879,average_rankme,average_predictors
abs_diff,transfer_score_str,0,per_ckpt,step2350000-tokens12692B,72,-0.2686,0.1229,-0.3084,0.0879,average_rankme,average_predictors
abs_diff,transfer_score_str,0,per_ckpt,step2400000-tokens13112B,72,-0.2686,0.1229,-0.3088,0.0879,average_rankme,average_predictors
abs_diff,transfer_score_str,0,per_ckpt,step2450000-tokens13532B,72,-0.2631,0.1269,-0.3084,0.0879,average_rankme,average_predictors
abs_diff,transfer_score_str,0,per_ckpt,step2500000-tokens13952B,72,-0.2631,0.1269,-0.3082,0.0879,average_rankme,average_predictors
abs_diff,transfer_score_str,0,per_ckpt,step2550000-tokens14372B,72,-0.2631,0.1269,-0.3082,0.0879,average_rankme,average_predictors
abs_diff,transfer_score_str,0,per_ckpt,step2600000-tokens14792B,72,-0.2631,0.1269,-0.3083,0.0879,average_rankme,average_predictors
abs_diff,transfer_score_str,0,per_ckpt,step2627139-tokens15T,72,-0.2631,0.1269,-0.3084,0.0879,average_rankme,average_predictors
abs_diff,transfer_score_str,0,per_ckpt,main,72,-0.2651,0.1269,-0.3087,0.0869,average_rankme,average_predictors
abs_diff,overall_score_str,0,per_ckpt,step50000-tokens210B,72,-0.2052,0.2338,-0.2176,0.2148,average_rankme,average_predictors
abs_diff,overall_score_str,0,per_ckpt,step100000-tokens420B,72,-0.2021,0.2438,-0.2292,0.2058,average_rankme,average_predictors
abs_diff,overall_score_str,0,per_ckpt,step150000-tokens630B,72,-0.2055,0.2438,-0.2374,0.2008,average_rankme,average_predictors
abs_diff,overall_score_str,0,per_ckpt,step200000-tokens840B,72,-0.2085,0.2428,-0.2401,0.2008,average_rankme,average_predictors
abs_diff,overall_score_str,0,per_ckpt,step250000-tokens1050B,72,-0.2126,0.2328,-0.2464,0.1918,average_rankme,average_predictors
abs_diff,overall_score_str,0,per_ckpt,step300000-tokens1260B,72,-0.2179,0.2178,-0.2487,0.1878,average_rankme,average_predictors
abs_diff,overall_score_str,0,per_ckpt,step350000-tokens1470B,72,-0.2179,0.2178,-0.2465,0.1888,average_rankme,average_predictors
abs_diff,overall_score_str,0,per_ckpt,step400000-tokens1680B,72,-0.2234,0.2128,-0.2456,0.1858,average_rankme,average_predictors
abs_diff,overall_score_str,0,per_ckpt,step450000-tokens1890B,72,-0.2234,0.2128,-0.2445,0.1858,average_rankme,average_predictors
abs_diff,overall_score_str,0,per_ckpt,step500000-tokens2100B,72,-0.2234,0.2128,-0.2419,0.1888,average_rankme,average_predictors
abs_diff,overall_score_str,0,per_ckpt,step550000-tokens2310B,72,-0.2214,0.2028,-0.2407,0.1828,average_rankme,average_predictors
abs_diff,overall_score_str,0,per_ckpt,step600000-tokens2520B,72,-0.2207,0.1998,-0.2414,0.1828,average_rankme,average_predictors
abs_diff,overall_score_str,0,per_ckpt,step650000-tokens2730B,72,-0.2133,0.1998,-0.242,0.1828,average_rankme,average_predictors
abs_diff,overall_score_str,0,per_ckpt,step700000-tokens2940B,72,-0.212,0.2358,-0.2425,0.1818,average_rankme,average_predictors
abs_diff,overall_score_str,0,per_ckpt,step750000-tokens3150B,72,-0.2059,0.2358,-0.243,0.1798,average_rankme,average_predictors
abs_diff,overall_score_str,0,per_ckpt,step800000-tokens3360B,72,-0.2059,0.2358,-0.2425,0.1818,average_rankme,average_predictors
abs_diff,overall_score_str,0,per_ckpt,step850000-tokens3570B,72,-0.2059,0.2358,-0.2435,0.1788,average_rankme,average_predictors
abs_diff,overall_score_str,0,per_ckpt,step900000-tokens3780B,72,-0.2059,0.2358,-0.2429,0.1818,average_rankme,average_predictors
abs_diff,overall_score_str,0,per_ckpt,step950000-tokens3990B,72,-0.2059,0.2358,-0.2425,0.1838,average_rankme,average_predictors
abs_diff,overall_score_str,0,per_ckpt,step1000000-tokens4200B,72,-0.2059,0.2358,-0.2427,0.1868,average_rankme,average_predictors
abs_diff,overall_score_str,0,per_ckpt,step1194000-tokens5014B,72,-0.2059,0.2358,-0.2424,0.1878,average_rankme,average_predictors
abs_diff,overall_score_str,0,per_ckpt,step1432000-tokens6014B,72,-0.2059,0.2358,-0.2426,0.1858,average_rankme,average_predictors
abs_diff,overall_score_str,0,per_ckpt,step1670000-tokens7014B,72,-0.2059,0.2358,-0.2445,0.1798,average_rankme,average_predictors
abs_diff,overall_score_str,0,per_ckpt,step1678000-tokens7047B,72,-0.2059,0.2358,-0.2442,0.1798,average_rankme,average_predictors
abs_diff,overall_score_str,0,per_ckpt,step1700000-tokens7232B,72,-0.2059,0.2358,-0.2439,0.1798,average_rankme,average_predictors
abs_diff,overall_score_str,0,per_ckpt,step1750000-tokens7652B,72,-0.2059,0.2358,-0.244,0.1798,average_rankme,average_predictors
abs_diff,overall_score_str,0,per_ckpt,step1800000-tokens8072B,72,-0.2059,0.2358,-0.2443,0.1798,average_rankme,average_predictors
abs_diff,overall_score_str,0,per_ckpt,step1850000-tokens8492B,72,-0.2023,0.2448,-0.2445,0.1808,average_rankme,average_predictors
abs_diff,overall_score_str,0,per_ckpt,step1900000-tokens8912B,72,-0.2023,0.2448,-0.2445,0.1838,average_rankme,average_predictors
abs_diff,overall_score_str,0,per_ckpt,step1950000-tokens9332B,72,-0.2023,0.2448,-0.2452,0.1838,average_rankme,average_predictors
abs_diff,overall_score_str,0,per_ckpt,step2000000-tokens9752B,72,-0.2023,0.2448,-0.2453,0.1828,average_rankme,average_predictors
abs_diff,overall_score_str,0,per_ckpt,step2050000-tokens10172B,72,-0.2023,0.2448,-0.2454,0.1828,average_rankme,average_predictors
abs_diff,overall_score_str,0,per_ckpt,step2100000-tokens10592B,72,-0.2023,0.2448,-0.246,0.1818,average_rankme,average_predictors
abs_diff,overall_score_str,0,per_ckpt,step2150000-tokens11012B,72,-0.2023,0.2448,-0.2464,0.1828,average_rankme,average_predictors
abs_diff,overall_score_str,0,per_ckpt,step2200000-tokens11432B,72,-0.2023,0.2448,-0.2465,0.1828,average_rankme,average_predictors
abs_diff,overall_score_str,0,per_ckpt,step2250000-tokens11852B,72,-0.2023,0.2448,-0.2466,0.1858,average_rankme,average_predictors
abs_diff,overall_score_str,0,per_ckpt,step2300000-tokens12272B,72,-0.2073,0.2328,-0.247,0.1848,average_rankme,average_predictors
abs_diff,overall_score_str,0,per_ckpt,step2350000-tokens12692B,72,-0.2073,0.2328,-0.2476,0.1828,average_rankme,average_predictors
abs_diff,overall_score_str,0,per_ckpt,step2400000-tokens13112B,72,-0.2073,0.2328,-0.2482,0.1808,average_rankme,average_predictors
abs_diff,overall_score_str,0,per_ckpt,step2450000-tokens13532B,72,-0.2023,0.2448,-0.2482,0.1808,average_rankme,average_predictors
abs_diff,overall_score_str,0,per_ckpt,step2500000-tokens13952B,72,-0.2023,0.2448,-0.2486,0.1798,average_rankme,average_predictors
abs_diff,overall_score_str,0,per_ckpt,step2550000-tokens14372B,72,-0.2023,0.2448,-0.249,0.1798,average_rankme,average_predictors
abs_diff,overall_score_str,0,per_ckpt,step2600000-tokens14792B,72,-0.2023,0.2448,-0.2496,0.1798,average_rankme,average_predictors
abs_diff,overall_score_str,0,per_ckpt,step2627139-tokens15T,72,-0.2023,0.2448,-0.2501,0.1758,average_rankme,average_predictors
abs_diff,overall_score_str,0,per_ckpt,main,72,-0.2055,0.2368,-0.2508,0.1748,average_rankme,average_predictors
abs_diff,transfer_margin_str,0,per_ckpt,step50000-tokens210B,72,-0.1969,0.1848,-0.1593,0.3157,average_rankme,average_predictors
abs_diff,transfer_margin_str,0,per_ckpt,step100000-tokens420B,72,-0.2099,0.1628,-0.1571,0.3377,average_rankme,average_predictors
abs_diff,transfer_margin_str,0,per_ckpt,step150000-tokens630B,72,-0.2026,0.1718,-0.1574,0.3516,average_rankme,average_predictors
abs_diff,transfer_margin_str,0,per_ckpt,step200000-tokens840B,72,-0.2069,0.1698,-0.1591,0.3497,average_rankme,average_predictors
abs_diff,transfer_margin_str,0,per_ckpt,step250000-tokens1050B,72,-0.2095,0.1678,-0.1612,0.3467,average_rankme,average_predictors
abs_diff,transfer_margin_str,0,per_ckpt,step300000-tokens1260B,72,-0.2079,0.1648,-0.1608,0.3467,average_rankme,average_predictors
abs_diff,transfer_margin_str,0,per_ckpt,step350000-tokens1470B,72,-0.2079,0.1648,-0.1623,0.3357,average_rankme,average_predictors
abs_diff,transfer_margin_str,0,per_ckpt,step400000-tokens1680B,72,-0.2035,0.1788,-0.164,0.3287,average_rankme,average_predictors
abs_diff,transfer_margin_str,0,per_ckpt,step450000-tokens1890B,72,-0.2035,0.1788,-0.1639,0.3247,average_rankme,average_predictors
abs_diff,transfer_margin_str,0,per_ckpt,step500000-tokens2100B,72,-0.2035,0.1788,-0.1628,0.3217,average_rankme,average_predictors
abs_diff,transfer_margin_str,0,per_ckpt,step550000-tokens2310B,72,-0.1974,0.1848,-0.1615,0.3237,average_rankme,average_predictors
abs_diff,transfer_margin_str,0,per_ckpt,step600000-tokens2520B,72,-0.1934,0.1918,-0.1617,0.3227,average_rankme,average_predictors
abs_diff,transfer_margin_str,0,per_ckpt,step650000-tokens2730B,72,-0.1952,0.2018,-0.1621,0.3217,average_rankme,average_predictors
abs_diff,transfer_margin_str,0,per_ckpt,step700000-tokens2940B,72,-0.2003,0.1708,-0.1632,0.3157,average_rankme,average_predictors
abs_diff,transfer_margin_str,0,per_ckpt,step750000-tokens3150B,72,-0.2003,0.1708,-0.165,0.3117,average_rankme,average_predictors
abs_diff,transfer_margin_str,0,per_ckpt,step800000-tokens3360B,72,-0.2003,0.1708,-0.166,0.3107,average_rankme,average_predictors
abs_diff,transfer_margin_str,0,per_ckpt,step850000-tokens3570B,72,-0.2003,0.1708,-0.1673,0.3067,average_rankme,average_predictors
abs_diff,transfer_margin_str,0,per_ckpt,step900000-tokens3780B,72,-0.2003,0.1708,-0.167,0.3067,average_rankme,average_predictors
abs_diff,transfer_margin_str,0,per_ckpt,step950000-tokens3990B,72,-0.2003,0.1708,-0.1685,0.3027,average_rankme,average_predictors
abs_diff,transfer_margin_str,0,per_ckpt,step1000000-tokens4200B,72,-0.2003,0.1708,-0.1684,0.3037,average_rankme,average_predictors
abs_diff,transfer_margin_str,0,per_ckpt,step1194000-tokens5014B,72,-0.2003,0.1708,-0.1679,0.3087,average_rankme,average_predictors
abs_diff,transfer_margin_str,0,per_ckpt,step1432000-tokens6014B,72,-0.2003,0.1708,-0.1683,0.3077,average_rankme,average_predictors
abs_diff,transfer_margin_str,0,per_ckpt,step1670000-tokens7014B,72,-0.2003,0.1708,-0.1667,0.3167,average_rankme,average_predictors
abs_diff,transfer_margin_str,0,per_ckpt,step1678000-tokens7047B,72,-0.2003,0.1708,-0.1666,0.3177,average_rankme,average_predictors
abs_diff,transfer_margin_str,0,per_ckpt,step1700000-tokens7232B,72,-0.2003,0.1708,-0.167,0.3157,average_rankme,average_predictors
abs_diff,transfer_margin_str,0,per_ckpt,step1750000-tokens7652B,72,-0.2003,0.1708,-0.1667,0.3167,average_rankme,average_predictors
abs_diff,transfer_margin_str,0,per_ckpt,step1800000-tokens8072B,72,-0.2003,0.1708,-0.1685,0.3107,average_rankme,average_predictors
abs_diff,transfer_margin_str,0,per_ckpt,step1850000-tokens8492B,72,-0.2026,0.1668,-0.1713,0.3017,average_rankme,average_predictors
abs_diff,transfer_margin_str,0,per_ckpt,step1900000-tokens8912B,72,-0.2026,0.1668,-0.1732,0.2967,average_rankme,average_predictors
abs_diff,transfer_margin_str,0,per_ckpt,step1950000-tokens9332B,72,-0.2026,0.1668,-0.1749,0.2947,average_rankme,average_predictors
abs_diff,transfer_margin_str,0,per_ckpt,step2000000-tokens9752B,72,-0.2026,0.1668,-0.1749,0.2947,average_rankme,average_predictors
abs_diff,transfer_margin_str,0,per_ckpt,step2050000-tokens10172B,72,-0.2026,0.1668,-0.175,0.2947,average_rankme,average_predictors
abs_diff,transfer_margin_str,0,per_ckpt,step2100000-tokens10592B,72,-0.2026,0.1668,-0.1751,0.2957,average_rankme,average_predictors
abs_diff,transfer_margin_str,0,per_ckpt,step2150000-tokens11012B,72,-0.2026,0.1668,-0.1764,0.2927,average_rankme,average_predictors
abs_diff,transfer_margin_str,0,per_ckpt,step2200000-tokens11432B,72,-0.2026,0.1668,-0.1765,0.2917,average_rankme,average_predictors
abs_diff,transfer_margin_str,0,per_ckpt,step2250000-tokens11852B,72,-0.2026,0.1668,-0.1779,0.2907,average_rankme,average_predictors
abs_diff,transfer_margin_str,0,per_ckpt,step2300000-tokens12272B,72,-0.2113,0.1558,-0.1782,0.2907,average_rankme,average_predictors
abs_diff,transfer_margin_str,0,per_ckpt,step2350000-tokens12692B,72,-0.2113,0.1558,-0.178,0.2907,average_rankme,average_predictors
abs_diff,transfer_margin_str,0,per_ckpt,step2400000-tokens13112B,72,-0.2113,0.1558,-0.1777,0.2927,average_rankme,average_predictors
abs_diff,transfer_margin_str,0,per_ckpt,step2450000-tokens13532B,72,-0.2026,0.1668,-0.1765,0.2947,average_rankme,average_predictors
abs_diff,transfer_margin_str,0,per_ckpt,step2500000-tokens13952B,72,-0.2026,0.1668,-0.1755,0.2947,average_rankme,average_predictors
abs_diff,transfer_margin_str,0,per_ckpt,step2550000-tokens14372B,72,-0.2026,0.1668,-0.175,0.2957,average_rankme,average_predictors
abs_diff,transfer_margin_str,0,per_ckpt,step2600000-tokens14792B,72,-0.2026,0.1668,-0.1746,0.2967,average_rankme,average_predictors
abs_diff,transfer_margin_str,0,per_ckpt,step2627139-tokens15T,72,-0.2026,0.1668,-0.1742,0.2997,average_rankme,average_predictors
abs_diff,transfer_margin_str,0,per_ckpt,main,72,-0.1987,0.1798,-0.1737,0.2997,average_rankme,average_predictors
abs_diff,overall_margin_str,0,per_ckpt,step50000-tokens210B,72,-0.2557,0.1239,-0.3041,0.0619,average_rankme,average_predictors
abs_diff,overall_margin_str,0,per_ckpt,step100000-tokens420B,72,-0.2606,0.1149,-0.3125,0.0669,average_rankme,average_predictors
abs_diff,overall_margin_str,0,per_ckpt,step150000-tokens630B,72,-0.2536,0.1279,-0.318,0.0669,average_rankme,average_predictors
abs_diff,overall_margin_str,0,per_ckpt,step200000-tokens840B,72,-0.2627,0.1169,-0.3208,0.0719,average_rankme,average_predictors
abs_diff,overall_margin_str,0,per_ckpt,step250000-tokens1050B,72,-0.2636,0.1179,-0.3265,0.0719,average_rankme,average_predictors
abs_diff,overall_margin_str,0,per_ckpt,step300000-tokens1260B,72,-0.2674,0.1119,-0.327,0.0709,average_rankme,average_predictors
abs_diff,overall_margin_str,0,per_ckpt,step350000-tokens1470B,72,-0.2674,0.1119,-0.3261,0.0709,average_rankme,average_predictors
abs_diff,overall_margin_str,0,per_ckpt,step400000-tokens1680B,72,-0.2775,0.1009,-0.3258,0.0679,average_rankme,average_predictors
abs_diff,overall_margin_str,0,per_ckpt,step450000-tokens1890B,72,-0.2775,0.1009,-0.3239,0.0699,average_rankme,average_predictors
abs_diff,overall_margin_str,0,per_ckpt,step500000-tokens2100B,72,-0.2775,0.1009,-0.3199,0.0709,average_rankme,average_predictors
abs_diff,overall_margin_str,0,per_ckpt,step550000-tokens2310B,72,-0.2739,0.0999,-0.3168,0.0719,average_rankme,average_predictors
abs_diff,overall_margin_str,0,per_ckpt,step600000-tokens2520B,72,-0.2704,0.0999,-0.3164,0.0719,average_rankme,average_predictors
abs_diff,overall_margin_str,0,per_ckpt,step650000-tokens2730B,72,-0.2687,0.0969,-0.3158,0.0739,average_rankme,average_predictors
abs_diff,overall_margin_str,0,per_ckpt,step700000-tokens2940B,72,-0.267,0.1059,-0.3158,0.0729,average_rankme,average_predictors
abs_diff,overall_margin_str,0,per_ckpt,step750000-tokens3150B,72,-0.2629,0.1059,-0.3168,0.0729,average_rankme,average_predictors
abs_diff,overall_margin_str,0,per_ckpt,step800000-tokens3360B,72,-0.2629,0.1059,-0.3162,0.0719,average_rankme,average_predictors
abs_diff,overall_margin_str,0,per_ckpt,step850000-tokens3570B,72,-0.2629,0.1059,-0.3174,0.0719,average_rankme,average_predictors
abs_diff,overall_margin_str,0,per_ckpt,step900000-tokens3780B,72,-0.2629,0.1059,-0.3163,0.0729,average_rankme,average_predictors
abs_diff,overall_margin_str,0,per_ckpt,step950000-tokens3990B,72,-0.2629,0.1059,-0.3169,0.0729,average_rankme,average_predictors
abs_diff,overall_margin_str,0,per_ckpt,step1000000-tokens4200B,72,-0.2629,0.1059,-0.3165,0.0729,average_rankme,average_predictors
abs_diff,overall_margin_str,0,per_ckpt,step1194000-tokens5014B,72,-0.2629,0.1059,-0.3152,0.0729,average_rankme,average_predictors
abs_diff,overall_margin_str,0,per_ckpt,step1432000-tokens6014B,72,-0.2629,0.1059,-0.3155,0.0729,average_rankme,average_predictors
abs_diff,overall_margin_str,0,per_ckpt,step1670000-tokens7014B,72,-0.2629,0.1059,-0.3169,0.0739,average_rankme,average_predictors
abs_diff,overall_margin_str,0,per_ckpt,step1678000-tokens7047B,72,-0.2629,0.1059,-0.3164,0.0739,average_rankme,average_predictors
abs_diff,overall_margin_str,0,per_ckpt,step1700000-tokens7232B,72,-0.2629,0.1059,-0.3165,0.0739,average_rankme,average_predictors
abs_diff,overall_margin_str,0,per_ckpt,step1750000-tokens7652B,72,-0.2629,0.1059,-0.3167,0.0739,average_rankme,average_predictors
abs_diff,overall_margin_str,0,per_ckpt,step1800000-tokens8072B,72,-0.2629,0.1059,-0.3185,0.0739,average_rankme,average_predictors
abs_diff,overall_margin_str,0,per_ckpt,step1850000-tokens8492B,72,-0.262,0.1109,-0.3209,0.0719,average_rankme,average_predictors
abs_diff,overall_margin_str,0,per_ckpt,step1900000-tokens8912B,72,-0.262,0.1109,-0.3223,0.0709,average_rankme,average_predictors
abs_diff,overall_margin_str,0,per_ckpt,step1950000-tokens9332B,72,-0.262,0.1109,-0.3239,0.0709,average_rankme,average_predictors
abs_diff,overall_margin_str,0,per_ckpt,step2000000-tokens9752B,72,-0.262,0.1109,-0.3237,0.0709,average_rankme,average_predictors
abs_diff,overall_margin_str,0,per_ckpt,step2050000-tokens10172B,72,-0.262,0.1109,-0.3239,0.0709,average_rankme,average_predictors
abs_diff,overall_margin_str,0,per_ckpt,step2100000-tokens10592B,72,-0.262,0.1109,-0.3245,0.0709,average_rankme,average_predictors
abs_diff,overall_margin_str,0,per_ckpt,step2150000-tokens11012B,72,-0.262,0.1109,-0.3259,0.0709,average_rankme,average_predictors
abs_diff,overall_margin_str,0,per_ckpt,step2200000-tokens11432B,72,-0.262,0.1109,-0.3259,0.0709,average_rankme,average_predictors
abs_diff,overall_margin_str,0,per_ckpt,step2250000-tokens11852B,72,-0.262,0.1109,-0.327,0.0709,average_rankme,average_predictors
abs_diff,overall_margin_str,0,per_ckpt,step2300000-tokens12272B,72,-0.2705,0.1009,-0.3276,0.0709,average_rankme,average_predictors
abs_diff,overall_margin_str,0,per_ckpt,step2350000-tokens12692B,72,-0.2705,0.1009,-0.3279,0.0709,average_rankme,average_predictors
abs_diff,overall_margin_str,0,per_ckpt,step2400000-tokens13112B,72,-0.2705,0.1009,-0.3281,0.0709,average_rankme,average_predictors
abs_diff,overall_margin_str,0,per_ckpt,step2450000-tokens13532B,72,-0.262,0.1109,-0.3273,0.0709,average_rankme,average_predictors
abs_diff,overall_margin_str,0,per_ckpt,step2500000-tokens13952B,72,-0.262,0.1109,-0.327,0.0709,average_rankme,average_predictors
abs_diff,overall_margin_str,0,per_ckpt,step2550000-tokens14372B,72,-0.262,0.1109,-0.3269,0.0709,average_rankme,average_predictors
abs_diff,overall_margin_str,0,per_ckpt,step2600000-tokens14792B,72,-0.262,0.1109,-0.3271,0.0699,average_rankme,average_predictors
abs_diff,overall_margin_str,0,per_ckpt,step2627139-tokens15T,72,-0.262,0.1109,-0.3273,0.0699,average_rankme,average_predictors
abs_diff,overall_margin_str,0,per_ckpt,main,72,-0.2642,0.1109,-0.3275,0.0699,average_rankme,average_predictors
signed_diff,accuracy_majority,0,per_ckpt,step50000-tokens210B,72,-0.1706,0.4575,-0.1403,0.5445,average_rankme,average_predictors
signed_diff,accuracy_majority,0,per_ckpt,step100000-tokens420B,72,-0.1776,0.4386,-0.1416,0.5345,average_rankme,average_predictors
signed_diff,accuracy_majority,0,per_ckpt,step150000-tokens630B,72,-0.1856,0.4176,-0.1458,0.5255,average_rankme,average_predictors
signed_diff,accuracy_majority,0,per_ckpt,step200000-tokens840B,72,-0.1809,0.4296,-0.1488,0.5145,average_rankme,average_predictors
signed_diff,accuracy_majority,0,per_ckpt,step250000-tokens1050B,72,-0.1863,0.4166,-0.1495,0.5125,average_rankme,average_predictors
signed_diff,accuracy_majority,0,per_ckpt,step300000-tokens1260B,72,-0.1857,0.4176,-0.1505,0.5085,average_rankme,average_predictors
signed_diff,accuracy_majority,0,per_ckpt,step350000-tokens1470B,72,-0.1857,0.4176,-0.1505,0.5095,average_rankme,average_predictors
signed_diff,accuracy_majority,0,per_ckpt,step400000-tokens1680B,72,-0.1812,0.4306,-0.1523,0.5065,average_rankme,average_predictors
signed_diff,accuracy_majority,0,per_ckpt,step450000-tokens1890B,72,-0.1812,0.4306,-0.1529,0.5035,average_rankme,average_predictors
signed_diff,accuracy_majority,0,per_ckpt,step500000-tokens2100B,72,-0.1812,0.4306,-0.1527,0.5045,average_rankme,average_predictors
signed_diff,accuracy_majority,0,per_ckpt,step550000-tokens2310B,72,-0.1782,0.4376,-0.1533,0.5045,average_rankme,average_predictors
signed_diff,accuracy_majority,0,per_ckpt,step600000-tokens2520B,72,-0.1757,0.4436,-0.1529,0.5075,average_rankme,average_predictors
signed_diff,accuracy_majority,0,per_ckpt,step650000-tokens2730B,72,-0.1775,0.4406,-0.153,0.5085,average_rankme,average_predictors
signed_diff,accuracy_majority,0,per_ckpt,step700000-tokens2940B,72,-0.1821,0.4286,-0.1543,0.5065,average_rankme,average_predictors
signed_diff,accuracy_majority,0,per_ckpt,step750000-tokens3150B,72,-0.1821,0.4286,-0.1557,0.5045,average_rankme,average_predictors
signed_diff,accuracy_majority,0,per_ckpt,step800000-tokens3360B,72,-0.1821,0.4286,-0.1561,0.5025,average_rankme,average_predictors
signed_diff,accuracy_majority,0,per_ckpt,step850000-tokens3570B,72,-0.1821,0.4286,-0.1571,0.4995,average_rankme,average_predictors
signed_diff,accuracy_majority,0,per_ckpt,step900000-tokens3780B,72,-0.1821,0.4286,-0.1577,0.4955,average_rankme,average_predictors
signed_diff,accuracy_majority,0,per_ckpt,step950000-tokens3990B,72,-0.1821,0.4286,-0.1584,0.4945,average_rankme,average_predictors
signed_diff,accuracy_majority,0,per_ckpt,step1000000-tokens4200B,72,-0.1821,0.4286,-0.1587,0.4955,average_rankme,average_predictors
signed_diff,accuracy_majority,0,per_ckpt,step1194000-tokens5014B,72,-0.1821,0.4286,-0.1592,0.4925,average_rankme,average_predictors
signed_diff,accuracy_majority,0,per_ckpt,step1432000-tokens6014B,72,-0.1821,0.4286,-0.1594,0.4925,average_rankme,average_predictors
signed_diff,accuracy_majority,0,per_ckpt,step1670000-tokens7014B,72,-0.1821,0.4286,-0.1587,0.4925,average_rankme,average_predictors
signed_diff,accuracy_majority,0,per_ckpt,step1678000-tokens7047B,72,-0.1821,0.4286,-0.1592,0.4905,average_rankme,average_predictors
signed_diff,accuracy_majority,0,per_ckpt,step1700000-tokens7232B,72,-0.1821,0.4286,-0.1595,0.4895,average_rankme,average_predictors
signed_diff,accuracy_majority,0,per_ckpt,step1750000-tokens7652B,72,-0.1821,0.4286,-0.1595,0.4905,average_rankme,average_predictors
signed_diff,accuracy_majority,0,per_ckpt,step1800000-tokens8072B,72,-0.1821,0.4286,-0.1596,0.4895,average_rankme,average_predictors
signed_diff,accuracy_majority,0,per_ckpt,step1850000-tokens8492B,72,-0.1824,0.4296,-0.16,0.4875,average_rankme,average_predictors
signed_diff,accuracy_majority,0,per_ckpt,step1900000-tokens8912B,72,-0.1824,0.4296,-0.1601,0.4865,average_rankme,average_predictors
signed_diff,accuracy_majority,0,per_ckpt,step1950000-tokens9332B,72,-0.1824,0.4296,-0.1595,0.4925,average_rankme,average_predictors
signed_diff,accuracy_majority,0,per_ckpt,step2000000-tokens9752B,72,-0.1824,0.4296,-0.1593,0.4925,average_rankme,average_predictors
signed_diff,accuracy_majority,0,per_ckpt,step2050000-tokens10172B,72,-0.1824,0.4296,-0.1592,0.4915,average_rankme,average_predictors
signed_diff,accuracy_majority,0,per_ckpt,step2100000-tokens10592B,72,-0.1824,0.4296,-0.1591,0.4925,average_rankme,average_predictors
signed_diff,accuracy_majority,0,per_ckpt,step2150000-tokens11012B,72,-0.1824,0.4296,-0.1591,0.4915,average_rankme,average_predictors
signed_diff,accuracy_majority,0,per_ckpt,step2200000-tokens11432B,72,-0.1824,0.4296,-0.1592,0.4915,average_rankme,average_predictors
signed_diff,accuracy_majority,0,per_ckpt,step2250000-tokens11852B,72,-0.1824,0.4296,-0.1594,0.4895,average_rankme,average_predictors
signed_diff,accuracy_majority,0,per_ckpt,step2300000-tokens12272B,72,-0.1884,0.4156,-0.1597,0.4895,average_rankme,average_predictors
signed_diff,accuracy_majority,0,per_ckpt,step2350000-tokens12692B,72,-0.1884,0.4156,-0.1598,0.4885,average_rankme,average_predictors
signed_diff,accuracy_majority,0,per_ckpt,step2400000-tokens13112B,72,-0.1884,0.4156,-0.1597,0.4885,average_rankme,average_predictors
signed_diff,accuracy_majority,0,per_ckpt,step2450000-tokens13532B,72,-0.1824,0.4296,-0.1593,0.4915,average_rankme,average_predictors
signed_diff,accuracy_majority,0,per_ckpt,step2500000-tokens13952B,72,-0.1824,0.4296,-0.1587,0.4945,average_rankme,average_predictors
signed_diff,accuracy_majority,0,per_ckpt,step2550000-tokens14372B,72,-0.1824,0.4296,-0.1584,0.4975,average_rankme,average_predictors
signed_diff,accuracy_majority,0,per_ckpt,step2600000-tokens14792B,72,-0.1824,0.4296,-0.1581,0.4985,average_rankme,average_predictors
signed_diff,accuracy_majority,0,per_ckpt,step2627139-tokens15T,72,-0.1824,0.4296,-0.1576,0.4985,average_rankme,average_predictors
signed_diff,accuracy_majority,0,per_ckpt,main,72,-0.1806,0.4366,-0.1574,0.4985,average_rankme,average_predictors
signed_diff,overall_score,0,per_ckpt,step50000-tokens210B,72,0.024,0.9021,0.0684,0.7433,average_rankme,average_predictors
signed_diff,overall_score,0,per_ckpt,step100000-tokens420B,72,0.0253,0.9001,0.0796,0.7083,average_rankme,average_predictors
signed_diff,overall_score,0,per_ckpt,step150000-tokens630B,72,0.0186,0.9261,0.08,0.7063,average_rankme,average_predictors
signed_diff,overall_score,0,per_ckpt,step200000-tokens840B,72,0.0277,0.8811,0.0809,0.7053,average_rankme,average_predictors
signed_diff,overall_score,0,per_ckpt,step250000-tokens1050B,72,0.02,0.9161,0.0827,0.7063,average_rankme,average_predictors
signed_diff,overall_score,0,per_ckpt,step300000-tokens1260B,72,0.0185,0.9281,0.0827,0.7053,average_rankme,average_predictors
signed_diff,overall_score,0,per_ckpt,step350000-tokens1470B,72,0.0185,0.9281,0.0818,0.7063,average_rankme,average_predictors
signed_diff,overall_score,0,per_ckpt,step400000-tokens1680B,72,0.0246,0.9021,0.0812,0.7083,average_rankme,average_predictors
signed_diff,overall_score,0,per_ckpt,step450000-tokens1890B,72,0.0246,0.9021,0.08,0.7093,average_rankme,average_predictors
signed_diff,overall_score,0,per_ckpt,step500000-tokens2100B,72,0.0246,0.9021,0.079,0.7163,average_rankme,average_predictors
signed_diff,overall_score,0,per_ckpt,step550000-tokens2310B,72,0.0269,0.8931,0.0782,0.7213,average_rankme,average_predictors
signed_diff,overall_score,0,per_ckpt,step600000-tokens2520B,72,0.0288,0.8851,0.0783,0.7203,average_rankme,average_predictors
signed_diff,overall_score,0,per_ckpt,step650000-tokens2730B,72,0.0273,0.8921,0.0773,0.7253,average_rankme,average_predictors
signed_diff,overall_score,0,per_ckpt,step700000-tokens2940B,72,0.0195,0.9181,0.076,0.7293,average_rankme,average_predictors
signed_diff,overall_score,0,per_ckpt,step750000-tokens3150B,72,0.0195,0.9181,0.0742,0.7353,average_rankme,average_predictors
signed_diff,overall_score,0,per_ckpt,step800000-tokens3360B,72,0.0195,0.9181,0.0734,0.7363,average_rankme,average_predictors
signed_diff,overall_score,0,per_ckpt,step850000-tokens3570B,72,0.0195,0.9181,0.0724,0.7393,average_rankme,average_predictors
signed_diff,overall_score,0,per_ckpt,step900000-tokens3780B,72,0.0195,0.9181,0.0717,0.7403,average_rankme,average_predictors
signed_diff,overall_score,0,per_ckpt,step950000-tokens3990B,72,0.0195,0.9181,0.071,0.7413,average_rankme,average_predictors
signed_diff,overall_score,0,per_ckpt,step1000000-tokens4200B,72,0.0195,0.9181,0.0706,0.7423,average_rankme,average_predictors
signed_diff,overall_score,0,per_ckpt,step1194000-tokens5014B,72,0.0195,0.9181,0.0699,0.7453,average_rankme,average_predictors
signed_diff,overall_score,0,per_ckpt,step1432000-tokens6014B,72,0.0195,0.9181,0.0694,0.7483,average_rankme,average_predictors
signed_diff,overall_score,0,per_ckpt,step1670000-tokens7014B,72,0.0195,0.9181,0.0707,0.7443,average_rankme,average_predictors
signed_diff,overall_score,0,per_ckpt,step1678000-tokens7047B,72,0.0195,0.9181,0.0703,0.7453,average_rankme,average_predictors
signed_diff,overall_score,0,per_ckpt,step1700000-tokens7232B,72,0.0195,0.9181,0.0701,0.7453,average_rankme,average_predictors
signed_diff,overall_score,0,per_ckpt,step1750000-tokens7652B,72,0.0195,0.9181,0.0703,0.7443,average_rankme,average_predictors
signed_diff,overall_score,0,per_ckpt,step1800000-tokens8072B,72,0.0195,0.9181,0.0703,0.7453,average_rankme,average_predictors
signed_diff,overall_score,0,per_ckpt,step1850000-tokens8492B,72,0.0181,0.9231,0.07,0.7433,average_rankme,average_predictors
signed_diff,overall_score,0,per_ckpt,step1900000-tokens8912B,72,0.0181,0.9231,0.0696,0.7463,average_rankme,average_predictors
signed_diff,overall_score,0,per_ckpt,step1950000-tokens9332B,72,0.0181,0.9231,0.0702,0.7453,average_rankme,average_predictors
signed_diff,overall_score,0,per_ckpt,step2000000-tokens9752B,72,0.0181,0.9231,0.0706,0.7453,average_rankme,average_predictors
signed_diff,overall_score,0,per_ckpt,step2050000-tokens10172B,72,0.0181,0.9231,0.0705,0.7453,average_rankme,average_predictors
signed_diff,overall_score,0,per_ckpt,step2100000-tokens10592B,72,0.0181,0.9231,0.0709,0.7413,average_rankme,average_predictors
signed_diff,overall_score,0,per_ckpt,step2150000-tokens11012B,72,0.0181,0.9231,0.0712,0.7383,average_rankme,average_predictors
signed_diff,overall_score,0,per_ckpt,step2200000-tokens11432B,72,0.0181,0.9231,0.0712,0.7393,average_rankme,average_predictors
signed_diff,overall_score,0,per_ckpt,step2250000-tokens11852B,72,0.0181,0.9231,0.071,0.7393,average_rankme,average_predictors
signed_diff,overall_score,0,per_ckpt,step2300000-tokens12272B,72,0.0138,0.9461,0.0706,0.7413,average_rankme,average_predictors
signed_diff,overall_score,0,per_ckpt,step2350000-tokens12692B,72,0.0138,0.9461,0.0703,0.7403,average_rankme,average_predictors
signed_diff,overall_score,0,per_ckpt,step2400000-tokens13112B,72,0.0138,0.9461,0.0701,0.7413,average_rankme,average_predictors
signed_diff,overall_score,0,per_ckpt,step2450000-tokens13532B,72,0.0181,0.9231,0.0702,0.7413,average_rankme,average_predictors
signed_diff,overall_score,0,per_ckpt,step2500000-tokens13952B,72,0.0181,0.9231,0.0705,0.7403,average_rankme,average_predictors
signed_diff,overall_score,0,per_ckpt,step2550000-tokens14372B,72,0.0181,0.9231,0.0706,0.7423,average_rankme,average_predictors
signed_diff,overall_score,0,per_ckpt,step2600000-tokens14792B,72,0.0181,0.9231,0.0708,0.7413,average_rankme,average_predictors
signed_diff,overall_score,0,per_ckpt,step2627139-tokens15T,72,0.0181,0.9231,0.0711,0.7423,average_rankme,average_predictors
signed_diff,overall_score,0,per_ckpt,main,72,0.0181,0.9281,0.0713,0.7423,average_rankme,average_predictors
signed_diff,transfer_score,0,per_ckpt,step50000-tokens210B,72,0.0125,0.9231,0.0593,0.6763,average_rankme,average_predictors
signed_diff,transfer_score,0,per_ckpt,step100000-tokens420B,72,0.0135,0.9171,0.0655,0.6444,average_rankme,average_predictors
signed_diff,transfer_score,0,per_ckpt,step150000-tokens630B,72,0.0095,0.9431,0.066,0.6414,average_rankme,average_predictors
signed_diff,transfer_score,0,per_ckpt,step200000-tokens840B,72,0.0143,0.9141,0.0659,0.6384,average_rankme,average_predictors
signed_diff,transfer_score,0,per_ckpt,step250000-tokens1050B,72,0.0102,0.9441,0.0667,0.6354,average_rankme,average_predictors
signed_diff,transfer_score,0,per_ckpt,step300000-tokens1260B,72,0.0097,0.9421,0.0668,0.6344,average_rankme,average_predictors
signed_diff,transfer_score,0,per_ckpt,step350000-tokens1470B,72,0.0097,0.9421,0.066,0.6404,average_rankme,average_predictors
signed_diff,transfer_score,0,per_ckpt,step400000-tokens1680B,72,0.0153,0.9031,0.065,0.6454,average_rankme,average_predictors
signed_diff,transfer_score,0,per_ckpt,step450000-tokens1890B,72,0.0153,0.9031,0.0643,0.6484,average_rankme,average_predictors
signed_diff,transfer_score,0,per_ckpt,step500000-tokens2100B,72,0.0153,0.9031,0.0639,0.6523,average_rankme,average_predictors
signed_diff,transfer_score,0,per_ckpt,step550000-tokens2310B,72,0.0165,0.8961,0.0636,0.6543,average_rankme,average_predictors
signed_diff,transfer_score,0,per_ckpt,step600000-tokens2520B,72,0.0168,0.9011,0.0638,0.6543,average_rankme,average_predictors
signed_diff,transfer_score,0,per_ckpt,step650000-tokens2730B,72,0.0186,0.8891,0.0635,0.6573,average_rankme,average_predictors
signed_diff,transfer_score,0,per_ckpt,step700000-tokens2940B,72,0.0107,0.9381,0.0626,0.6603,average_rankme,average_predictors
signed_diff,transfer_score,0,per_ckpt,step750000-tokens3150B,72,0.0107,0.9381,0.0616,0.6623,average_rankme,average_predictors
signed_diff,transfer_score,0,per_ckpt,step800000-tokens3360B,72,0.0107,0.9381,0.0609,0.6663,average_rankme,average_predictors
signed_diff,transfer_score,0,per_ckpt,step850000-tokens3570B,72,0.0107,0.9381,0.0604,0.6693,average_rankme,average_predictors
signed_diff,transfer_score,0,per_ckpt,step900000-tokens3780B,72,0.0107,0.9381,0.0601,0.6683,average_rankme,average_predictors
signed_diff,transfer_score,0,per_ckpt,step950000-tokens3990B,72,0.0107,0.9381,0.0594,0.6753,average_rankme,average_predictors
signed_diff,transfer_score,0,per_ckpt,step1000000-tokens4200B,72,0.0107,0.9381,0.0594,0.6753,average_rankme,average_predictors
signed_diff,transfer_score,0,per_ckpt,step1194000-tokens5014B,72,0.0107,0.9381,0.0591,0.6763,average_rankme,average_predictors
signed_diff,transfer_score,0,per_ckpt,step1432000-tokens6014B,72,0.0107,0.9381,0.0589,0.6773,average_rankme,average_predictors
signed_diff,transfer_score,0,per_ckpt,step1670000-tokens7014B,72,0.0107,0.9381,0.06,0.6713,average_rankme,average_predictors
signed_diff,transfer_score,0,per_ckpt,step1678000-tokens7047B,72,0.0107,0.9381,0.0598,0.6743,average_rankme,average_predictors
signed_diff,transfer_score,0,per_ckpt,step1700000-tokens7232B,72,0.0107,0.9381,0.0596,0.6743,average_rankme,average_predictors
signed_diff,transfer_score,0,per_ckpt,step1750000-tokens7652B,72,0.0107,0.9381,0.0597,0.6733,average_rankme,average_predictors
signed_diff,transfer_score,0,per_ckpt,step1800000-tokens8072B,72,0.0107,0.9381,0.0595,0.6743,average_rankme,average_predictors
signed_diff,transfer_score,0,per_ckpt,step1850000-tokens8492B,72,0.0099,0.9461,0.0588,0.6763,average_rankme,average_predictors
signed_diff,transfer_score,0,per_ckpt,step1900000-tokens8912B,72,0.0099,0.9461,0.0583,0.6803,average_rankme,average_predictors
signed_diff,transfer_score,0,per_ckpt,step1950000-tokens9332B,72,0.0099,0.9461,0.0585,0.6793,average_rankme,average_predictors
signed_diff,transfer_score,0,per_ckpt,step2000000-tokens9752B,72,0.0099,0.9461,0.0587,0.6783,average_rankme,average_predictors
signed_diff,transfer_score,0,per_ckpt,step2050000-tokens10172B,72,0.0099,0.9461,0.0587,0.6793,average_rankme,average_predictors
signed_diff,transfer_score,0,per_ckpt,step2100000-tokens10592B,72,0.0099,0.9461,0.0589,0.6763,average_rankme,average_predictors
signed_diff,transfer_score,0,per_ckpt,step2150000-tokens11012B,72,0.0099,0.9461,0.0589,0.6763,average_rankme,average_predictors
signed_diff,transfer_score,0,per_ckpt,step2200000-tokens11432B,72,0.0099,0.9461,0.0589,0.6763,average_rankme,average_predictors
signed_diff,transfer_score,0,per_ckpt,step2250000-tokens11852B,72,0.0099,0.9461,0.0585,0.6783,average_rankme,average_predictors
signed_diff,transfer_score,0,per_ckpt,step2300000-tokens12272B,72,0.0059,0.966,0.0583,0.6783,average_rankme,average_predictors
signed_diff,transfer_score,0,per_ckpt,step2350000-tokens12692B,72,0.0059,0.966,0.0583,0.6793,average_rankme,average_predictors
signed_diff,transfer_score,0,per_ckpt,step2400000-tokens13112B,72,0.0059,0.966,0.0584,0.6793,average_rankme,average_predictors
signed_diff,transfer_score,0,per_ckpt,step2450000-tokens13532B,72,0.0099,0.9461,0.0587,0.6783,average_rankme,average_predictors
signed_diff,transfer_score,0,per_ckpt,step2500000-tokens13952B,72,0.0099,0.9461,0.059,0.6763,average_rankme,average_predictors
signed_diff,transfer_score,0,per_ckpt,step2550000-tokens14372B,72,0.0099,0.9461,0.0592,0.6763,average_rankme,average_predictors
signed_diff,transfer_score,0,per_ckpt,step2600000-tokens14792B,72,0.0099,0.9461,0.0593,0.6743,average_rankme,average_predictors
signed_diff,transfer_score,0,per_ckpt,step2627139-tokens15T,72,0.0099,0.9461,0.0596,0.6723,average_rankme,average_predictors
signed_diff,transfer_score,0,per_ckpt,main,72,0.011,0.9341,0.0598,0.6723,average_rankme,average_predictors
signed_diff,transfer_score_str,0,per_ckpt,step50000-tokens210B,72,0.0255,0.8931,0.0167,0.9211,average_rankme,average_predictors
signed_diff,transfer_score_str,0,per_ckpt,step100000-tokens420B,72,0.0345,0.8571,0.0288,0.8811,average_rankme,average_predictors
signed_diff,transfer_score_str,0,per_ckpt,step150000-tokens630B,72,0.0356,0.8571,0.0297,0.8781,average_rankme,average_predictors
signed_diff,transfer_score_str,0,per_ckpt,step200000-tokens840B,72,0.0439,0.8182,0.0297,0.8821,average_rankme,average_predictors
signed_diff,transfer_score_str,0,per_ckpt,step250000-tokens1050B,72,0.033,0.8631,0.0286,0.8881,average_rankme,average_predictors
signed_diff,transfer_score_str,0,per_ckpt,step300000-tokens1260B,72,0.0325,0.8641,0.0271,0.8891,average_rankme,average_predictors
signed_diff,transfer_score_str,0,per_ckpt,step350000-tokens1470B,72,0.0325,0.8641,0.0262,0.8941,average_rankme,average_predictors
signed_diff,transfer_score_str,0,per_ckpt,step400000-tokens1680B,72,0.0399,0.8332,0.0244,0.8981,average_rankme,average_predictors
signed_diff,transfer_score_str,0,per_ckpt,step450000-tokens1890B,72,0.0399,0.8332,0.0228,0.9051,average_rankme,average_predictors
signed_diff,transfer_score_str,0,per_ckpt,step500000-tokens2100B,72,0.0399,0.8332,0.0215,0.9131,average_rankme,average_predictors
signed_diff,transfer_score_str,0,per_ckpt,step550000-tokens2310B,72,0.0395,0.8342,0.0204,0.9181,average_rankme,average_predictors
signed_diff,transfer_score_str,0,per_ckpt,step600000-tokens2520B,72,0.0383,0.8442,0.0189,0.9251,average_rankme,average_predictors
signed_diff,transfer_score_str,0,per_ckpt,step650000-tokens2730B,72,0.034,0.8591,0.0166,0.9301,average_rankme,average_predictors
signed_diff,transfer_score_str,0,per_ckpt,step700000-tokens2940B,72,0.0274,0.8901,0.0143,0.9441,average_rankme,average_predictors
signed_diff,transfer_score_str,0,per_ckpt,step750000-tokens3150B,72,0.0274,0.8901,0.0126,0.957,average_rankme,average_predictors
signed_diff,transfer_score_str,0,per_ckpt,step800000-tokens3360B,72,0.0274,0.8901,0.0109,0.96,average_rankme,average_predictors
signed_diff,transfer_score_str,0,per_ckpt,step850000-tokens3570B,72,0.0274,0.8901,0.0099,0.962,average_rankme,average_predictors
signed_diff,transfer_score_str,0,per_ckpt,step900000-tokens3780B,72,0.0274,0.8901,0.0099,0.962,average_rankme,average_predictors
signed_diff,transfer_score_str,0,per_ckpt,step950000-tokens3990B,72,0.0274,0.8901,0.0089,0.967,average_rankme,average_predictors
signed_diff,transfer_score_str,0,per_ckpt,step1000000-tokens4200B,72,0.0274,0.8901,0.0085,0.968,average_rankme,average_predictors
signed_diff,transfer_score_str,0,per_ckpt,step1194000-tokens5014B,72,0.0274,0.8901,0.0079,0.97,average_rankme,average_predictors
signed_diff,transfer_score_str,0,per_ckpt,step1432000-tokens6014B,72,0.0274,0.8901,0.0071,0.974,average_rankme,average_predictors
signed_diff,transfer_score_str,0,per_ckpt,step1670000-tokens7014B,72,0.0274,0.8901,0.0098,0.965,average_rankme,average_predictors
signed_diff,transfer_score_str,0,per_ckpt,step1678000-tokens7047B,72,0.0274,0.8901,0.0096,0.965,average_rankme,average_predictors
signed_diff,transfer_score_str,0,per_ckpt,step1700000-tokens7232B,72,0.0274,0.8901,0.0097,0.965,average_rankme,average_predictors
signed_diff,transfer_score_str,0,per_ckpt,step1750000-tokens7652B,72,0.0274,0.8901,0.0103,0.964,average_rankme,average_predictors
signed_diff,transfer_score_str,0,per_ckpt,step1800000-tokens8072B,72,0.0274,0.8901,0.01,0.964,average_rankme,average_predictors
signed_diff,transfer_score_str,0,per_ckpt,step1850000-tokens8492B,72,0.0255,0.8941,0.0095,0.963,average_rankme,average_predictors
signed_diff,transfer_score_str,0,per_ckpt,step1900000-tokens8912B,72,0.0255,0.8941,0.0089,0.966,average_rankme,average_predictors
signed_diff,transfer_score_str,0,per_ckpt,step1950000-tokens9332B,72,0.0255,0.8941,0.0084,0.969,average_rankme,average_predictors
signed_diff,transfer_score_str,0,per_ckpt,step2000000-tokens9752B,72,0.0255,0.8941,0.0085,0.967,average_rankme,average_predictors
signed_diff,transfer_score_str,0,per_ckpt,step2050000-tokens10172B,72,0.0255,0.8941,0.0081,0.97,average_rankme,average_predictors
signed_diff,transfer_score_str,0,per_ckpt,step2100000-tokens10592B,72,0.0255,0.8941,0.0084,0.97,average_rankme,average_predictors
signed_diff,transfer_score_str,0,per_ckpt,step2150000-tokens11012B,72,0.0255,0.8941,0.0082,0.97,average_rankme,average_predictors
signed_diff,transfer_score_str,0,per_ckpt,step2200000-tokens11432B,72,0.0255,0.8941,0.0081,0.971,average_rankme,average_predictors
signed_diff,transfer_score_str,0,per_ckpt,step2250000-tokens11852B,72,0.0255,0.8941,0.0077,0.972,average_rankme,average_predictors
signed_diff,transfer_score_str,0,per_ckpt,step2300000-tokens12272B,72,0.0231,0.9041,0.0077,0.971,average_rankme,average_predictors
signed_diff,transfer_score_str,0,per_ckpt,step2350000-tokens12692B,72,0.0231,0.9041,0.0074,0.973,average_rankme,average_predictors
signed_diff,transfer_score_str,0,per_ckpt,step2400000-tokens13112B,72,0.0231,0.9041,0.0073,0.973,average_rankme,average_predictors
signed_diff,transfer_score_str,0,per_ckpt,step2450000-tokens13532B,72,0.0255,0.8941,0.0074,0.972,average_rankme,average_predictors
signed_diff,transfer_score_str,0,per_ckpt,step2500000-tokens13952B,72,0.0255,0.8941,0.0072,0.974,average_rankme,average_predictors
signed_diff,transfer_score_str,0,per_ckpt,step2550000-tokens14372B,72,0.0255,0.8941,0.0069,0.976,average_rankme,average_predictors
signed_diff,transfer_score_str,0,per_ckpt,step2600000-tokens14792B,72,0.0255,0.8941,0.0067,0.977,average_rankme,average_predictors
signed_diff,transfer_score_str,0,per_ckpt,step2627139-tokens15T,72,0.0255,0.8941,0.0065,0.977,average_rankme,average_predictors
signed_diff,transfer_score_str,0,per_ckpt,main,72,0.0221,0.9051,0.0064,0.979,average_rankme,average_predictors
signed_diff,overall_score_str,0,per_ckpt,step50000-tokens210B,72,0.0924,0.6244,0.0039,0.987,average_rankme,average_predictors
signed_diff,overall_score_str,0,per_ckpt,step100000-tokens420B,72,0.0931,0.6094,0.0105,0.97,average_rankme,average_predictors
signed_diff,overall_score_str,0,per_ckpt,step150000-tokens630B,72,0.0879,0.6364,0.0109,0.968,average_rankme,average_predictors
signed_diff,overall_score_str,0,per_ckpt,step200000-tokens840B,72,0.0931,0.6084,0.0099,0.968,average_rankme,average_predictors
signed_diff,overall_score_str,0,per_ckpt,step250000-tokens1050B,72,0.0893,0.6274,0.0114,0.963,average_rankme,average_predictors
signed_diff,overall_score_str,0,per_ckpt,step300000-tokens1260B,72,0.0912,0.6174,0.0121,0.961,average_rankme,average_predictors
signed_diff,overall_score_str,0,per_ckpt,step350000-tokens1470B,72,0.0912,0.6174,0.0114,0.963,average_rankme,average_predictors
signed_diff,overall_score_str,0,per_ckpt,step400000-tokens1680B,72,0.1055,0.5744,0.0112,0.961,average_rankme,average_predictors
signed_diff,overall_score_str,0,per_ckpt,step450000-tokens1890B,72,0.1055,0.5744,0.0103,0.967,average_rankme,average_predictors
signed_diff,overall_score_str,0,per_ckpt,step500000-tokens2100B,72,0.1055,0.5744,0.0095,0.965,average_rankme,average_predictors
signed_diff,overall_score_str,0,per_ckpt,step550000-tokens2310B,72,0.107,0.5694,0.0094,0.969,average_rankme,average_predictors
signed_diff,overall_score_str,0,per_ckpt,step600000-tokens2520B,72,0.1078,0.5664,0.0097,0.967,average_rankme,average_predictors
signed_diff,overall_score_str,0,per_ckpt,step650000-tokens2730B,72,0.1068,0.5714,0.009,0.971,average_rankme,average_predictors
signed_diff,overall_score_str,0,per_ckpt,step700000-tokens2940B,72,0.1027,0.5834,0.0082,0.975,average_rankme,average_predictors
signed_diff,overall_score_str,0,per_ckpt,step750000-tokens3150B,72,0.1027,0.5834,0.0076,0.979,average_rankme,average_predictors
signed_diff,overall_score_str,0,per_ckpt,step800000-tokens3360B,72,0.1027,0.5834,0.0068,0.98,average_rankme,average_predictors
signed_diff,overall_score_str,0,per_ckpt,step850000-tokens3570B,72,0.1027,0.5834,0.0068,0.984,average_rankme,average_predictors
signed_diff,overall_score_str,0,per_ckpt,step900000-tokens3780B,72,0.1027,0.5834,0.0067,0.984,average_rankme,average_predictors
signed_diff,overall_score_str,0,per_ckpt,step950000-tokens3990B,72,0.1027,0.5834,0.0059,0.985,average_rankme,average_predictors
signed_diff,overall_score_str,0,per_ckpt,step1000000-tokens4200B,72,0.1027,0.5834,0.0056,0.985,average_rankme,average_predictors
signed_diff,overall_score_str,0,per_ckpt,step1194000-tokens5014B,72,0.1027,0.5834,0.0047,0.988,average_rankme,average_predictors
signed_diff,overall_score_str,0,per_ckpt,step1432000-tokens6014B,72,0.1027,0.5834,0.0041,0.991,average_rankme,average_predictors
signed_diff,overall_score_str,0,per_ckpt,step1670000-tokens7014B,72,0.1027,0.5834,0.0051,0.988,average_rankme,average_predictors
signed_diff,overall_score_str,0,per_ckpt,step1678000-tokens7047B,72,0.1027,0.5834,0.0046,0.988,average_rankme,average_predictors
signed_diff,overall_score_str,0,per_ckpt,step1700000-tokens7232B,72,0.1027,0.5834,0.0045,0.988,average_rankme,average_predictors
signed_diff,overall_score_str,0,per_ckpt,step1750000-tokens7652B,72,0.1027,0.5834,0.0046,0.988,average_rankme,average_predictors
signed_diff,overall_score_str,0,per_ckpt,step1800000-tokens8072B,72,0.1027,0.5834,0.0048,0.987,average_rankme,average_predictors
signed_diff,overall_score_str,0,per_ckpt,step1850000-tokens8492B,72,0.1001,0.5994,0.0049,0.986,average_rankme,average_predictors
signed_diff,overall_score_str,0,per_ckpt,step1900000-tokens8912B,72,0.1001,0.5994,0.0048,0.987,average_rankme,average_predictors
signed_diff,overall_score_str,0,per_ckpt,step1950000-tokens9332B,72,0.1001,0.5994,0.0052,0.984,average_rankme,average_predictors
signed_diff,overall_score_str,0,per_ckpt,step2000000-tokens9752B,72,0.1001,0.5994,0.0054,0.985,average_rankme,average_predictors
signed_diff,overall_score_str,0,per_ckpt,step2050000-tokens10172B,72,0.1001,0.5994,0.0052,0.985,average_rankme,average_predictors
signed_diff,overall_score_str,0,per_ckpt,step2100000-tokens10592B,72,0.1001,0.5994,0.0056,0.985,average_rankme,average_predictors
signed_diff,overall_score_str,0,per_ckpt,step2150000-tokens11012B,72,0.1001,0.5994,0.0059,0.983,average_rankme,average_predictors
signed_diff,overall_score_str,0,per_ckpt,step2200000-tokens11432B,72,0.1001,0.5994,0.0058,0.984,average_rankme,average_predictors
signed_diff,overall_score_str,0,per_ckpt,step2250000-tokens11852B,72,0.1001,0.5994,0.0058,0.984,average_rankme,average_predictors
signed_diff,overall_score_str,0,per_ckpt,step2300000-tokens12272B,72,0.0982,0.6114,0.0058,0.985,average_rankme,average_predictors
signed_diff,overall_score_str,0,per_ckpt,step2350000-tokens12692B,72,0.0982,0.6114,0.0057,0.985,average_rankme,average_predictors
signed_diff,overall_score_str,0,per_ckpt,step2400000-tokens13112B,72,0.0982,0.6114,0.0057,0.984,average_rankme,average_predictors
signed_diff,overall_score_str,0,per_ckpt,step2450000-tokens13532B,72,0.1001,0.5994,0.0058,0.985,average_rankme,average_predictors
signed_diff,overall_score_str,0,per_ckpt,step2500000-tokens13952B,72,0.1001,0.5994,0.006,0.985,average_rankme,average_predictors
signed_diff,overall_score_str,0,per_ckpt,step2550000-tokens14372B,72,0.1001,0.5994,0.006,0.986,average_rankme,average_predictors
signed_diff,overall_score_str,0,per_ckpt,step2600000-tokens14792B,72,0.1001,0.5994,0.0061,0.985,average_rankme,average_predictors
signed_diff,overall_score_str,0,per_ckpt,step2627139-tokens15T,72,0.1001,0.5994,0.0063,0.984,average_rankme,average_predictors
signed_diff,overall_score_str,0,per_ckpt,main,72,0.0994,0.6054,0.0066,0.984,average_rankme,average_predictors
signed_diff,transfer_margin_str,0,per_ckpt,step50000-tokens210B,72,0.368,0.1538,0.314,0.2488,average_rankme,average_predictors
signed_diff,transfer_margin_str,0,per_ckpt,step100000-tokens420B,72,0.3759,0.1469,0.3262,0.2288,average_rankme,average_predictors
signed_diff,transfer_margin_str,0,per_ckpt,step150000-tokens630B,72,0.3859,0.1309,0.3318,0.2208,average_rankme,average_predictors
signed_diff,transfer_margin_str,0,per_ckpt,step200000-tokens840B,72,0.3845,0.1319,0.3354,0.2178,average_rankme,average_predictors
signed_diff,transfer_margin_str,0,per_ckpt,step250000-tokens1050B,72,0.3833,0.1339,0.3344,0.2168,average_rankme,average_predictors
signed_diff,transfer_margin_str,0,per_ckpt,step300000-tokens1260B,72,0.3813,0.1349,0.3327,0.2168,average_rankme,average_predictors
signed_diff,transfer_margin_str,0,per_ckpt,step350000-tokens1470B,72,0.3813,0.1349,0.3309,0.2208,average_rankme,average_predictors
signed_diff,transfer_margin_str,0,per_ckpt,step400000-tokens1680B,72,0.3699,0.1508,0.3279,0.2228,average_rankme,average_predictors
signed_diff,transfer_margin_str,0,per_ckpt,step450000-tokens1890B,72,0.3699,0.1508,0.3267,0.2218,average_rankme,average_predictors
signed_diff,transfer_margin_str,0,per_ckpt,step500000-tokens2100B,72,0.3699,0.1508,0.325,0.2258,average_rankme,average_predictors
signed_diff,transfer_margin_str,0,per_ckpt,step550000-tokens2310B,72,0.3669,0.1568,0.3232,0.2268,average_rankme,average_predictors
signed_diff,transfer_margin_str,0,per_ckpt,step600000-tokens2520B,72,0.3633,0.1638,0.3208,0.2308,average_rankme,average_predictors
signed_diff,transfer_margin_str,0,per_ckpt,step650000-tokens2730B,72,0.3601,0.1668,0.3194,0.2308,average_rankme,average_predictors
signed_diff,transfer_margin_str,0,per_ckpt,step700000-tokens2940B,72,0.359,0.1698,0.3181,0.2308,average_rankme,average_predictors
signed_diff,transfer_margin_str,0,per_ckpt,step750000-tokens3150B,72,0.359,0.1698,0.3171,0.2328,average_rankme,average_predictors
signed_diff,transfer_margin_str,0,per_ckpt,step800000-tokens3360B,72,0.359,0.1698,0.3155,0.2338,average_rankme,average_predictors
signed_diff,transfer_margin_str,0,per_ckpt,step850000-tokens3570B,72,0.359,0.1698,0.3148,0.2348,average_rankme,average_predictors
signed_diff,transfer_margin_str,0,per_ckpt,step900000-tokens3780B,72,0.359,0.1698,0.3147,0.2338,average_rankme,average_predictors
signed_diff,transfer_margin_str,0,per_ckpt,step950000-tokens3990B,72,0.359,0.1698,0.3145,0.2348,average_rankme,average_predictors
signed_diff,transfer_margin_str,0,per_ckpt,step1000000-tokens4200B,72,0.359,0.1698,0.3148,0.2348,average_rankme,average_predictors
signed_diff,transfer_margin_str,0,per_ckpt,step1194000-tokens5014B,72,0.359,0.1698,0.3156,0.2328,average_rankme,average_predictors
signed_diff,transfer_margin_str,0,per_ckpt,step1432000-tokens6014B,72,0.359,0.1698,0.3159,0.2328,average_rankme,average_predictors
signed_diff,transfer_margin_str,0,per_ckpt,step1670000-tokens7014B,72,0.359,0.1698,0.3192,0.2288,average_rankme,average_predictors
signed_diff,transfer_margin_str,0,per_ckpt,step1678000-tokens7047B,72,0.359,0.1698,0.3198,0.2288,average_rankme,average_predictors
signed_diff,transfer_margin_str,0,per_ckpt,step1700000-tokens7232B,72,0.359,0.1698,0.3197,0.2288,average_rankme,average_predictors
signed_diff,transfer_margin_str,0,per_ckpt,step1750000-tokens7652B,72,0.359,0.1698,0.3205,0.2288,average_rankme,average_predictors
signed_diff,transfer_margin_str,0,per_ckpt,step1800000-tokens8072B,72,0.359,0.1698,0.3196,0.2288,average_rankme,average_predictors
signed_diff,transfer_margin_str,0,per_ckpt,step1850000-tokens8492B,72,0.3597,0.1708,0.3183,0.2288,average_rankme,average_predictors
signed_diff,transfer_margin_str,0,per_ckpt,step1900000-tokens8912B,72,0.3597,0.1708,0.317,0.2318,average_rankme,average_predictors
signed_diff,transfer_margin_str,0,per_ckpt,step1950000-tokens9332B,72,0.3597,0.1708,0.3155,0.2328,average_rankme,average_predictors
signed_diff,transfer_margin_str,0,per_ckpt,step2000000-tokens9752B,72,0.3597,0.1708,0.3152,0.2328,average_rankme,average_predictors
signed_diff,transfer_margin_str,0,per_ckpt,step2050000-tokens10172B,72,0.3597,0.1708,0.3152,0.2328,average_rankme,average_predictors
signed_diff,transfer_margin_str,0,per_ckpt,step2100000-tokens10592B,72,0.3597,0.1708,0.3153,0.2328,average_rankme,average_predictors
signed_diff,transfer_margin_str,0,per_ckpt,step2150000-tokens11012B,72,0.3597,0.1708,0.3145,0.2328,average_rankme,average_predictors
signed_diff,transfer_margin_str,0,per_ckpt,step2200000-tokens11432B,72,0.3597,0.1708,0.3145,0.2328,average_rankme,average_predictors
signed_diff,transfer_margin_str,0,per_ckpt,step2250000-tokens11852B,72,0.3597,0.1708,0.3138,0.2348,average_rankme,average_predictors
signed_diff,transfer_margin_str,0,per_ckpt,step2300000-tokens12272B,72,0.3608,0.1688,0.3139,0.2348,average_rankme,average_predictors
signed_diff,transfer_margin_str,0,per_ckpt,step2350000-tokens12692B,72,0.3608,0.1688,0.3142,0.2338,average_rankme,average_predictors
signed_diff,transfer_margin_str,0,per_ckpt,step2400000-tokens13112B,72,0.3608,0.1688,0.3147,0.2338,average_rankme,average_predictors
signed_diff,transfer_margin_str,0,per_ckpt,step2450000-tokens13532B,72,0.3597,0.1708,0.3148,0.2338,average_rankme,average_predictors
signed_diff,transfer_margin_str,0,per_ckpt,step2500000-tokens13952B,72,0.3597,0.1708,0.3147,0.2338,average_rankme,average_predictors
signed_diff,transfer_margin_str,0,per_ckpt,step2550000-tokens14372B,72,0.3597,0.1708,0.3147,0.2338,average_rankme,average_predictors
signed_diff,transfer_margin_str,0,per_ckpt,step2600000-tokens14792B,72,0.3597,0.1708,0.3146,0.2338,average_rankme,average_predictors
signed_diff,transfer_margin_str,0,per_ckpt,step2627139-tokens15T,72,0.3597,0.1708,0.3143,0.2348,average_rankme,average_predictors
signed_diff,transfer_margin_str,0,per_ckpt,main,72,0.359,0.1718,0.3141,0.2348,average_rankme,average_predictors
signed_diff,overall_margin_str,0,per_ckpt,step50000-tokens210B,72,0.325,0.1319,0.3512,0.1009,average_rankme,average_predictors
signed_diff,overall_margin_str,0,per_ckpt,step100000-tokens420B,72,0.3227,0.1369,0.3609,0.0909,average_rankme,average_predictors
signed_diff,overall_margin_str,0,per_ckpt,step150000-tokens630B,72,0.3222,0.1399,0.3652,0.0889,average_rankme,average_predictors
signed_diff,overall_margin_str,0,per_ckpt,step200000-tokens840B,72,0.3223,0.1359,0.3662,0.0859,average_rankme,average_predictors
signed_diff,overall_margin_str,0,per_ckpt,step250000-tokens1050B,72,0.3237,0.1349,0.3685,0.0829,average_rankme,average_predictors
signed_diff,overall_margin_str,0,per_ckpt,step300000-tokens1260B,72,0.3266,0.1309,0.3704,0.0829,average_rankme,average_predictors
signed_diff,overall_margin_str,0,per_ckpt,step350000-tokens1470B,72,0.3266,0.1309,0.3688,0.0829,average_rankme,average_predictors
signed_diff,overall_margin_str,0,per_ckpt,step400000-tokens1680B,72,0.3374,0.1209,0.3689,0.0859,average_rankme,average_predictors
signed_diff,overall_margin_str,0,per_ckpt,step450000-tokens1890B,72,0.3374,0.1209,0.3686,0.0859,average_rankme,average_predictors
signed_diff,overall_margin_str,0,per_ckpt,step500000-tokens2100B,72,0.3374,0.1209,0.3681,0.0829,average_rankme,average_predictors
signed_diff,overall_margin_str,0,per_ckpt,step550000-tokens2310B,72,0.3383,0.1189,0.3688,0.0829,average_rankme,average_predictors
signed_diff,overall_margin_str,0,per_ckpt,step600000-tokens2520B,72,0.3396,0.1169,0.3693,0.0819,average_rankme,average_predictors
signed_diff,overall_margin_str,0,per_ckpt,step650000-tokens2730B,72,0.3402,0.1149,0.3693,0.0829,average_rankme,average_predictors
signed_diff,overall_margin_str,0,per_ckpt,step700000-tokens2940B,72,0.3358,0.1229,0.3693,0.0829,average_rankme,average_predictors
signed_diff,overall_margin_str,0,per_ckpt,step750000-tokens3150B,72,0.3358,0.1229,0.3692,0.0799,average_rankme,average_predictors
signed_diff,overall_margin_str,0,per_ckpt,step800000-tokens3360B,72,0.3358,0.1229,0.3684,0.0819,average_rankme,average_predictors
signed_diff,overall_margin_str,0,per_ckpt,step850000-tokens3570B,72,0.3358,0.1229,0.3688,0.0809,average_rankme,average_predictors
signed_diff,overall_margin_str,0,per_ckpt,step900000-tokens3780B,72,0.3358,0.1229,0.3691,0.0819,average_rankme,average_predictors
signed_diff,overall_margin_str,0,per_ckpt,step950000-tokens3990B,72,0.3358,0.1229,0.3683,0.0819,average_rankme,average_predictors
signed_diff,overall_margin_str,0,per_ckpt,step1000000-tokens4200B,72,0.3358,0.1229,0.3684,0.0819,average_rankme,average_predictors
signed_diff,overall_margin_str,0,per_ckpt,step1194000-tokens5014B,72,0.3358,0.1229,0.3684,0.0819,average_rankme,average_predictors
signed_diff,overall_margin_str,0,per_ckpt,step1432000-tokens6014B,72,0.3358,0.1229,0.3681,0.0819,average_rankme,average_predictors
signed_diff,overall_margin_str,0,per_ckpt,step1670000-tokens7014B,72,0.3358,0.1229,0.3695,0.0799,average_rankme,average_predictors
signed_diff,overall_margin_str,0,per_ckpt,step1678000-tokens7047B,72,0.3358,0.1229,0.3694,0.0799,average_rankme,average_predictors
signed_diff,overall_margin_str,0,per_ckpt,step1700000-tokens7232B,72,0.3358,0.1229,0.3692,0.0799,average_rankme,average_predictors
signed_diff,overall_margin_str,0,per_ckpt,step1750000-tokens7652B,72,0.3358,0.1229,0.3693,0.0809,average_rankme,average_predictors
signed_diff,overall_margin_str,0,per_ckpt,step1800000-tokens8072B,72,0.3358,0.1229,0.3688,0.0809,average_rankme,average_predictors
signed_diff,overall_margin_str,0,per_ckpt,step1850000-tokens8492B,72,0.3328,0.1279,0.3678,0.0839,average_rankme,average_predictors
signed_diff,overall_margin_str,0,per_ckpt,step1900000-tokens8912B,72,0.3328,0.1279,0.3669,0.0839,average_rankme,average_predictors
signed_diff,overall_margin_str,0,per_ckpt,step1950000-tokens9332B,72,0.3328,0.1279,0.3663,0.0829,average_rankme,average_predictors
signed_diff,overall_margin_str,0,per_ckpt,step2000000-tokens9752B,72,0.3328,0.1279,0.3665,0.0839,average_rankme,average_predictors
signed_diff,overall_margin_str,0,per_ckpt,step2050000-tokens10172B,72,0.3328,0.1279,0.3663,0.0839,average_rankme,average_predictors
signed_diff,overall_margin_str,0,per_ckpt,step2100000-tokens10592B,72,0.3328,0.1279,0.3666,0.0819,average_rankme,average_predictors
signed_diff,overall_margin_str,0,per_ckpt,step2150000-tokens11012B,72,0.3328,0.1279,0.3663,0.0829,average_rankme,average_predictors
signed_diff,overall_margin_str,0,per_ckpt,step2200000-tokens11432B,72,0.3328,0.1279,0.3664,0.0829,average_rankme,average_predictors
signed_diff,overall_margin_str,0,per_ckpt,step2250000-tokens11852B,72,0.3328,0.1279,0.3658,0.0839,average_rankme,average_predictors
signed_diff,overall_margin_str,0,per_ckpt,step2300000-tokens12272B,72,0.3308,0.1299,0.366,0.0839,average_rankme,average_predictors
signed_diff,overall_margin_str,0,per_ckpt,step2350000-tokens12692B,72,0.3308,0.1299,0.3662,0.0829,average_rankme,average_predictors
signed_diff,overall_margin_str,0,per_ckpt,step2400000-tokens13112B,72,0.3308,0.1299,0.3664,0.0829,average_rankme,average_predictors
signed_diff,overall_margin_str,0,per_ckpt,step2450000-tokens13532B,72,0.3328,0.1279,0.3667,0.0829,average_rankme,average_predictors
signed_diff,overall_margin_str,0,per_ckpt,step2500000-tokens13952B,72,0.3328,0.1279,0.367,0.0809,average_rankme,average_predictors
signed_diff,overall_margin_str,0,per_ckpt,step2550000-tokens14372B,72,0.3328,0.1279,0.3672,0.0809,average_rankme,average_predictors
signed_diff,overall_margin_str,0,per_ckpt,step2600000-tokens14792B,72,0.3328,0.1279,0.3674,0.0809,average_rankme,average_predictors
signed_diff,overall_margin_str,0,per_ckpt,step2627139-tokens15T,72,0.3328,0.1279,0.3676,0.0809,average_rankme,average_predictors
signed_diff,overall_margin_str,0,per_ckpt,main,72,0.3341,0.1259,0.3681,0.0809,average_rankme,average_predictors
min_rankme,accuracy_majority,0,per_ckpt,step50000-tokens210B,72,-0.0902,0.5315,-0.101,0.4805,average_rankme,average_predictors
min_rankme,accuracy_majority,0,per_ckpt,step100000-tokens420B,72,-0.0882,0.5315,-0.1003,0.4855,average_rankme,average_predictors
min_rankme,accuracy_majority,0,per_ckpt,step150000-tokens630B,72,-0.0882,0.5315,-0.1009,0.4785,average_rankme,average_predictors
min_rankme,accuracy_majority,0,per_ckpt,step200000-tokens840B,72,-0.0839,0.5614,-0.1011,0.4805,average_rankme,average_predictors
min_rankme,accuracy_majority,0,per_ckpt,step250000-tokens1050B,72,-0.0882,0.5315,-0.1009,0.4795,average_rankme,average_predictors
min_rankme,accuracy_majority,0,per_ckpt,step300000-tokens1260B,72,-0.0882,0.5315,-0.1019,0.4745,average_rankme,average_predictors
min_rankme,accuracy_majority,0,per_ckpt,step350000-tokens1470B,72,-0.0882,0.5315,-0.1023,0.4735,average_rankme,average_predictors
min_rankme,accuracy_majority,0,per_ckpt,step400000-tokens1680B,72,-0.1019,0.4725,-0.1037,0.4645,average_rankme,average_predictors
min_rankme,accuracy_majority,0,per_ckpt,step450000-tokens1890B,72,-0.1019,0.4725,-0.1045,0.4575,average_rankme,average_predictors
min_rankme,accuracy_majority,0,per_ckpt,step500000-tokens2100B,72,-0.1019,0.4725,-0.1055,0.4535,average_rankme,average_predictors
min_rankme,accuracy_majority,0,per_ckpt,step550000-tokens2310B,72,-0.1019,0.4725,-0.1068,0.4486,average_rankme,average_predictors
min_rankme,accuracy_majority,0,per_ckpt,step600000-tokens2520B,72,-0.1019,0.4725,-0.1073,0.4466,average_rankme,average_predictors
min_rankme,accuracy_majority,0,per_ckpt,step650000-tokens2730B,72,-0.1019,0.4725,-0.1077,0.4426,average_rankme,average_predictors
min_rankme,accuracy_majority,0,per_ckpt,step700000-tokens2940B,72,-0.1019,0.4725,-0.1085,0.4396,average_rankme,average_predictors
min_rankme,accuracy_majority,0,per_ckpt,step750000-tokens3150B,72,-0.1019,0.4725,-0.109,0.4356,average_rankme,average_predictors
min_rankme,accuracy_majority,0,per_ckpt,step800000-tokens3360B,72,-0.1019,0.4725,-0.1093,0.4356,average_rankme,average_predictors
min_rankme,accuracy_majority,0,per_ckpt,step850000-tokens3570B,72,-0.1019,0.4725,-0.1099,0.4346,average_rankme,average_predictors
min_rankme,accuracy_majority,0,per_ckpt,step900000-tokens3780B,72,-0.1019,0.4725,-0.1105,0.4326,average_rankme,average_predictors
min_rankme,accuracy_majority,0,per_ckpt,step950000-tokens3990B,72,-0.1019,0.4725,-0.1107,0.4326,average_rankme,average_predictors
min_rankme,accuracy_majority,0,per_ckpt,step1000000-tokens4200B,72,-0.1019,0.4725,-0.1109,0.4326,average_rankme,average_predictors
min_rankme,accuracy_majority,0,per_ckpt,step1194000-tokens5014B,72,-0.1019,0.4725,-0.1112,0.4316,average_rankme,average_predictors
min_rankme,accuracy_majority,0,per_ckpt,step1432000-tokens6014B,72,-0.1019,0.4725,-0.111,0.4316,average_rankme,average_predictors
min_rankme,accuracy_majority,0,per_ckpt,step1670000-tokens7014B,72,-0.1019,0.4725,-0.11,0.4326,average_rankme,average_predictors
min_rankme,accuracy_majority,0,per_ckpt,step1678000-tokens7047B,72,-0.1019,0.4725,-0.1102,0.4326,average_rankme,average_predictors
min_rankme,accuracy_majority,0,per_ckpt,step1700000-tokens7232B,72,-0.1019,0.4725,-0.1103,0.4326,average_rankme,average_predictors
min_rankme,accuracy_majority,0,per_ckpt,step1750000-tokens7652B,72,-0.1019,0.4725,-0.1102,0.4336,average_rankme,average_predictors
min_rankme,accuracy_majority,0,per_ckpt,step1800000-tokens8072B,72,-0.1019,0.4725,-0.1101,0.4336,average_rankme,average_predictors
min_rankme,accuracy_majority,0,per_ckpt,step1850000-tokens8492B,72,-0.1019,0.4725,-0.1099,0.4356,average_rankme,average_predictors
min_rankme,accuracy_majority,0,per_ckpt,step1900000-tokens8912B,72,-0.1019,0.4725,-0.1098,0.4356,average_rankme,average_predictors
min_rankme,accuracy_majority,0,per_ckpt,step1950000-tokens9332B,72,-0.1086,0.4725,-0.1095,0.4346,average_rankme,average_predictors
min_rankme,accuracy_majority,0,per_ckpt,step2000000-tokens9752B,72,-0.1086,0.4725,-0.1097,0.4336,average_rankme,average_predictors
min_rankme,accuracy_majority,0,per_ckpt,step2050000-tokens10172B,72,-0.1086,0.4725,-0.1096,0.4346,average_rankme,average_predictors
min_rankme,accuracy_majority,0,per_ckpt,step2100000-tokens10592B,72,-0.1086,0.4725,-0.1095,0.4346,average_rankme,average_predictors
min_rankme,accuracy_majority,0,per_ckpt,step2150000-tokens11012B,72,-0.1086,0.4725,-0.1094,0.4346,average_rankme,average_predictors
min_rankme,accuracy_majority,0,per_ckpt,step2200000-tokens11432B,72,-0.1086,0.4725,-0.1095,0.4346,average_rankme,average_predictors
min_rankme,accuracy_majority,0,per_ckpt,step2250000-tokens11852B,72,-0.1086,0.4725,-0.1094,0.4346,average_rankme,average_predictors
min_rankme,accuracy_majority,0,per_ckpt,step2300000-tokens12272B,72,-0.1086,0.4725,-0.1095,0.4346,average_rankme,average_predictors
min_rankme,accuracy_majority,0,per_ckpt,step2350000-tokens12692B,72,-0.1086,0.4725,-0.1093,0.4346,average_rankme,average_predictors
min_rankme,accuracy_majority,0,per_ckpt,step2400000-tokens13112B,72,-0.1086,0.4725,-0.1092,0.4356,average_rankme,average_predictors
min_rankme,accuracy_majority,0,per_ckpt,step2450000-tokens13532B,72,-0.1086,0.4725,-0.109,0.4376,average_rankme,average_predictors
min_rankme,accuracy_majority,0,per_ckpt,step2500000-tokens13952B,72,-0.1086,0.4725,-0.1088,0.4406,average_rankme,average_predictors
min_rankme,accuracy_majority,0,per_ckpt,step2550000-tokens14372B,72,-0.1086,0.4725,-0.1086,0.4406,average_rankme,average_predictors
min_rankme,accuracy_majority,0,per_ckpt,step2600000-tokens14792B,72,-0.1086,0.4725,-0.1083,0.4416,average_rankme,average_predictors
min_rankme,accuracy_majority,0,per_ckpt,step2627139-tokens15T,72,-0.1086,0.4725,-0.1081,0.4426,average_rankme,average_predictors
min_rankme,accuracy_majority,0,per_ckpt,main,72,-0.1086,0.4725,-0.108,0.4426,average_rankme,average_predictors
min_rankme,overall_score,0,per_ckpt,step50000-tokens210B,72,0.019,0.9031,0.001,0.996,average_rankme,average_predictors
min_rankme,overall_score,0,per_ckpt,step100000-tokens420B,72,0.0213,0.9031,0.0079,0.963,average_rankme,average_predictors
min_rankme,overall_score,0,per_ckpt,step150000-tokens630B,72,0.0213,0.9031,0.0105,0.952,average_rankme,average_predictors
min_rankme,overall_score,0,per_ckpt,step200000-tokens840B,72,0.0267,0.8731,0.0115,0.9461,average_rankme,average_predictors
min_rankme,overall_score,0,per_ckpt,step250000-tokens1050B,72,0.0213,0.9031,0.0138,0.9401,average_rankme,average_predictors
min_rankme,overall_score,0,per_ckpt,step300000-tokens1260B,72,0.0213,0.9031,0.0141,0.9401,average_rankme,average_predictors
min_rankme,overall_score,0,per_ckpt,step350000-tokens1470B,72,0.0213,0.9031,0.013,0.9441,average_rankme,average_predictors
min_rankme,overall_score,0,per_ckpt,step400000-tokens1680B,72,0.0433,0.8042,0.0122,0.9451,average_rankme,average_predictors
min_rankme,overall_score,0,per_ckpt,step450000-tokens1890B,72,0.0433,0.8042,0.0111,0.9481,average_rankme,average_predictors
min_rankme,overall_score,0,per_ckpt,step500000-tokens2100B,72,0.0433,0.8042,0.0094,0.958,average_rankme,average_predictors
min_rankme,overall_score,0,per_ckpt,step550000-tokens2310B,72,0.0433,0.8042,0.0082,0.965,average_rankme,average_predictors
min_rankme,overall_score,0,per_ckpt,step600000-tokens2520B,72,0.0433,0.8042,0.008,0.968,average_rankme,average_predictors
min_rankme,overall_score,0,per_ckpt,step650000-tokens2730B,72,0.0433,0.8042,0.0074,0.97,average_rankme,average_predictors
min_rankme,overall_score,0,per_ckpt,step700000-tokens2940B,72,0.0433,0.8042,0.0069,0.972,average_rankme,average_predictors
min_rankme,overall_score,0,per_ckpt,step750000-tokens3150B,72,0.0433,0.8042,0.0066,0.975,average_rankme,average_predictors
min_rankme,overall_score,0,per_ckpt,step800000-tokens3360B,72,0.0433,0.8042,0.006,0.979,average_rankme,average_predictors
min_rankme,overall_score,0,per_ckpt,step850000-tokens3570B,72,0.0433,0.8042,0.0061,0.979,average_rankme,average_predictors
min_rankme,overall_score,0,per_ckpt,step900000-tokens3780B,72,0.0433,0.8042,0.0056,0.979,average_rankme,average_predictors
min_rankme,overall_score,0,per_ckpt,step950000-tokens3990B,72,0.0433,0.8042,0.0053,0.981,average_rankme,average_predictors
min_rankme,overall_score,0,per_ckpt,step1000000-tokens4200B,72,0.0433,0.8042,0.0051,0.983,average_rankme,average_predictors
min_rankme,overall_score,0,per_ckpt,step1194000-tokens5014B,72,0.0433,0.8042,0.0045,0.985,average_rankme,average_predictors
min_rankme,overall_score,0,per_ckpt,step1432000-tokens6014B,72,0.0433,0.8042,0.0044,0.985,average_rankme,average_predictors
min_rankme,overall_score,0,per_ckpt,step1670000-tokens7014B,72,0.0433,0.8042,0.0058,0.978,average_rankme,average_predictors
min_rankme,overall_score,0,per_ckpt,step1678000-tokens7047B,72,0.0433,0.8042,0.0055,0.98,average_rankme,average_predictors
min_rankme,overall_score,0,per_ckpt,step1700000-tokens7232B,72,0.0433,0.8042,0.0054,0.981,average_rankme,average_predictors
min_rankme,overall_score,0,per_ckpt,step1750000-tokens7652B,72,0.0433,0.8042,0.0056,0.98,average_rankme,average_predictors
min_rankme,overall_score,0,per_ckpt,step1800000-tokens8072B,72,0.0433,0.8042,0.0059,0.979,average_rankme,average_predictors
min_rankme,overall_score,0,per_ckpt,step1850000-tokens8492B,72,0.0433,0.8042,0.0062,0.977,average_rankme,average_predictors
min_rankme,overall_score,0,per_ckpt,step1900000-tokens8912B,72,0.0433,0.8042,0.0063,0.979,average_rankme,average_predictors
min_rankme,overall_score,0,per_ckpt,step1950000-tokens9332B,72,0.041,0.8042,0.0066,0.98,average_rankme,average_predictors
min_rankme,overall_score,0,per_ckpt,step2000000-tokens9752B,72,0.041,0.8042,0.0066,0.979,average_rankme,average_predictors
min_rankme,overall_score,0,per_ckpt,step2050000-tokens10172B,72,0.041,0.8042,0.0066,0.979,average_rankme,average_predictors
min_rankme,overall_score,0,per_ckpt,step2100000-tokens10592B,72,0.041,0.8042,0.0069,0.979,average_rankme,average_predictors
min_rankme,overall_score,0,per_ckpt,step2150000-tokens11012B,72,0.041,0.8042,0.0072,0.978,average_rankme,average_predictors
min_rankme,overall_score,0,per_ckpt,step2200000-tokens11432B,72,0.041,0.8042,0.0072,0.978,average_rankme,average_predictors
min_rankme,overall_score,0,per_ckpt,step2250000-tokens11852B,72,0.041,0.8042,0.0073,0.978,average_rankme,average_predictors
min_rankme,overall_score,0,per_ckpt,step2300000-tokens12272B,72,0.041,0.8042,0.0074,0.978,average_rankme,average_predictors
min_rankme,overall_score,0,per_ckpt,step2350000-tokens12692B,72,0.041,0.8042,0.0076,0.975,average_rankme,average_predictors
min_rankme,overall_score,0,per_ckpt,step2400000-tokens13112B,72,0.041,0.8042,0.0077,0.975,average_rankme,average_predictors
min_rankme,overall_score,0,per_ckpt,step2450000-tokens13532B,72,0.041,0.8042,0.0077,0.976,average_rankme,average_predictors
min_rankme,overall_score,0,per_ckpt,step2500000-tokens13952B,72,0.041,0.8042,0.0079,0.972,average_rankme,average_predictors
min_rankme,overall_score,0,per_ckpt,step2550000-tokens14372B,72,0.041,0.8042,0.008,0.97,average_rankme,average_predictors
min_rankme,overall_score,0,per_ckpt,step2600000-tokens14792B,72,0.041,0.8042,0.0082,0.97,average_rankme,average_predictors
min_rankme,overall_score,0,per_ckpt,step2627139-tokens15T,72,0.041,0.8042,0.0084,0.97,average_rankme,average_predictors
min_rankme,overall_score,0,per_ckpt,main,72,0.041,0.8042,0.0087,0.97,average_rankme,average_predictors
min_rankme,transfer_score,0,per_ckpt,step50000-tokens210B,72,0.0225,0.9061,0.0038,0.987,average_rankme,average_predictors
min_rankme,transfer_score,0,per_ckpt,step100000-tokens420B,72,0.0246,0.9061,0.0111,0.959,average_rankme,average_predictors
min_rankme,transfer_score,0,per_ckpt,step150000-tokens630B,72,0.0246,0.9061,0.0138,0.9481,average_rankme,average_predictors
min_rankme,transfer_score,0,per_ckpt,step200000-tokens840B,72,0.0285,0.8781,0.0146,0.9481,average_rankme,average_predictors
min_rankme,transfer_score,0,per_ckpt,step250000-tokens1050B,72,0.0246,0.9061,0.0157,0.9431,average_rankme,average_predictors
min_rankme,transfer_score,0,per_ckpt,step300000-tokens1260B,72,0.0246,0.9061,0.0152,0.9461,average_rankme,average_predictors
min_rankme,transfer_score,0,per_ckpt,step350000-tokens1470B,72,0.0246,0.9061,0.0142,0.9481,average_rankme,average_predictors
min_rankme,transfer_score,0,per_ckpt,step400000-tokens1680B,72,0.0492,0.7972,0.0129,0.951,average_rankme,average_predictors
min_rankme,transfer_score,0,per_ckpt,step450000-tokens1890B,72,0.0492,0.7972,0.0117,0.954,average_rankme,average_predictors
min_rankme,transfer_score,0,per_ckpt,step500000-tokens2100B,72,0.0492,0.7972,0.0098,0.964,average_rankme,average_predictors
min_rankme,transfer_score,0,per_ckpt,step550000-tokens2310B,72,0.0492,0.7972,0.0084,0.971,average_rankme,average_predictors
min_rankme,transfer_score,0,per_ckpt,step600000-tokens2520B,72,0.0492,0.7972,0.0075,0.973,average_rankme,average_predictors
min_rankme,transfer_score,0,per_ckpt,step650000-tokens2730B,72,0.0492,0.7972,0.0066,0.976,average_rankme,average_predictors
min_rankme,transfer_score,0,per_ckpt,step700000-tokens2940B,72,0.0492,0.7972,0.0059,0.979,average_rankme,average_predictors
min_rankme,transfer_score,0,per_ckpt,step750000-tokens3150B,72,0.0492,0.7972,0.0058,0.981,average_rankme,average_predictors
min_rankme,transfer_score,0,per_ckpt,step800000-tokens3360B,72,0.0492,0.7972,0.0051,0.982,average_rankme,average_predictors
min_rankme,transfer_score,0,per_ckpt,step850000-tokens3570B,72,0.0492,0.7972,0.0052,0.982,average_rankme,average_predictors
min_rankme,transfer_score,0,per_ckpt,step900000-tokens3780B,72,0.0492,0.7972,0.0049,0.982,average_rankme,average_predictors
min_rankme,transfer_score,0,per_ckpt,step950000-tokens3990B,72,0.0492,0.7972,0.0047,0.983,average_rankme,average_predictors
min_rankme,transfer_score,0,per_ckpt,step1000000-tokens4200B,72,0.0492,0.7972,0.0046,0.984,average_rankme,average_predictors
min_rankme,transfer_score,0,per_ckpt,step1194000-tokens5014B,72,0.0492,0.7972,0.0042,0.984,average_rankme,average_predictors
min_rankme,transfer_score,0,per_ckpt,step1432000-tokens6014B,72,0.0492,0.7972,0.0041,0.987,average_rankme,average_predictors
min_rankme,transfer_score,0,per_ckpt,step1670000-tokens7014B,72,0.0492,0.7972,0.0059,0.982,average_rankme,average_predictors
min_rankme,transfer_score,0,per_ckpt,step1678000-tokens7047B,72,0.0492,0.7972,0.0058,0.982,average_rankme,average_predictors
min_rankme,transfer_score,0,per_ckpt,step1700000-tokens7232B,72,0.0492,0.7972,0.0058,0.982,average_rankme,average_predictors
min_rankme,transfer_score,0,per_ckpt,step1750000-tokens7652B,72,0.0492,0.7972,0.0061,0.982,average_rankme,average_predictors
min_rankme,transfer_score,0,per_ckpt,step1800000-tokens8072B,72,0.0492,0.7972,0.0063,0.982,average_rankme,average_predictors
min_rankme,transfer_score,0,per_ckpt,step1850000-tokens8492B,72,0.0492,0.7972,0.0067,0.979,average_rankme,average_predictors
min_rankme,transfer_score,0,per_ckpt,step1900000-tokens8912B,72,0.0492,0.7972,0.0069,0.98,average_rankme,average_predictors
min_rankme,transfer_score,0,per_ckpt,step1950000-tokens9332B,72,0.044,0.7972,0.0069,0.981,average_rankme,average_predictors
min_rankme,transfer_score,0,per_ckpt,step2000000-tokens9752B,72,0.044,0.7972,0.0068,0.981,average_rankme,average_predictors
min_rankme,transfer_score,0,per_ckpt,step2050000-tokens10172B,72,0.044,0.7972,0.0067,0.982,average_rankme,average_predictors
min_rankme,transfer_score,0,per_ckpt,step2100000-tokens10592B,72,0.044,0.7972,0.0069,0.981,average_rankme,average_predictors
min_rankme,transfer_score,0,per_ckpt,step2150000-tokens11012B,72,0.044,0.7972,0.0071,0.982,average_rankme,average_predictors
min_rankme,transfer_score,0,per_ckpt,step2200000-tokens11432B,72,0.044,0.7972,0.007,0.984,average_rankme,average_predictors
min_rankme,transfer_score,0,per_ckpt,step2250000-tokens11852B,72,0.044,0.7972,0.0072,0.984,average_rankme,average_predictors
min_rankme,transfer_score,0,per_ckpt,step2300000-tokens12272B,72,0.044,0.7972,0.0074,0.98,average_rankme,average_predictors
min_rankme,transfer_score,0,per_ckpt,step2350000-tokens12692B,72,0.044,0.7972,0.0076,0.98,average_rankme,average_predictors
min_rankme,transfer_score,0,per_ckpt,step2400000-tokens13112B,72,0.044,0.7972,0.0078,0.978,average_rankme,average_predictors
min_rankme,transfer_score,0,per_ckpt,step2450000-tokens13532B,72,0.044,0.7972,0.0077,0.979,average_rankme,average_predictors
min_rankme,transfer_score,0,per_ckpt,step2500000-tokens13952B,72,0.044,0.7972,0.0076,0.979,average_rankme,average_predictors
min_rankme,transfer_score,0,per_ckpt,step2550000-tokens14372B,72,0.044,0.7972,0.0075,0.981,average_rankme,average_predictors
min_rankme,transfer_score,0,per_ckpt,step2600000-tokens14792B,72,0.044,0.7972,0.0076,0.983,average_rankme,average_predictors
min_rankme,transfer_score,0,per_ckpt,step2627139-tokens15T,72,0.044,0.7972,0.0076,0.983,average_rankme,average_predictors
min_rankme,transfer_score,0,per_ckpt,main,72,0.044,0.7972,0.0077,0.982,average_rankme,average_predictors
min_rankme,transfer_score_str,0,per_ckpt,step50000-tokens210B,72,0.2501,0.2827,0.303,0.1918,average_rankme,average_predictors
min_rankme,transfer_score_str,0,per_ckpt,step100000-tokens420B,72,0.2508,0.2827,0.3161,0.1668,average_rankme,average_predictors
min_rankme,transfer_score_str,0,per_ckpt,step150000-tokens630B,72,0.2508,0.2827,0.3215,0.1648,average_rankme,average_predictors
min_rankme,transfer_score_str,0,per_ckpt,step200000-tokens840B,72,0.2579,0.2567,0.3234,0.1638,average_rankme,average_predictors
min_rankme,transfer_score_str,0,per_ckpt,step250000-tokens1050B,72,0.2508,0.2827,0.3263,0.1598,average_rankme,average_predictors
min_rankme,transfer_score_str,0,per_ckpt,step300000-tokens1260B,72,0.2508,0.2827,0.3262,0.1608,average_rankme,average_predictors
min_rankme,transfer_score_str,0,per_ckpt,step350000-tokens1470B,72,0.2508,0.2827,0.325,0.1608,average_rankme,average_predictors
min_rankme,transfer_score_str,0,per_ckpt,step400000-tokens1680B,72,0.2977,0.1818,0.3238,0.1628,average_rankme,average_predictors
min_rankme,transfer_score_str,0,per_ckpt,step450000-tokens1890B,72,0.2977,0.1818,0.3221,0.1638,average_rankme,average_predictors
min_rankme,transfer_score_str,0,per_ckpt,step500000-tokens2100B,72,0.2977,0.1818,0.3197,0.1688,average_rankme,average_predictors
min_rankme,transfer_score_str,0,per_ckpt,step550000-tokens2310B,72,0.2977,0.1818,0.3181,0.1698,average_rankme,average_predictors
min_rankme,transfer_score_str,0,per_ckpt,step600000-tokens2520B,72,0.2977,0.1818,0.3174,0.1698,average_rankme,average_predictors
min_rankme,transfer_score_str,0,per_ckpt,step650000-tokens2730B,72,0.2977,0.1818,0.3163,0.1698,average_rankme,average_predictors
min_rankme,transfer_score_str,0,per_ckpt,step700000-tokens2940B,72,0.2977,0.1818,0.3155,0.1728,average_rankme,average_predictors
min_rankme,transfer_score_str,0,per_ckpt,step750000-tokens3150B,72,0.2977,0.1818,0.3153,0.1748,average_rankme,average_predictors
min_rankme,transfer_score_str,0,per_ckpt,step800000-tokens3360B,72,0.2977,0.1818,0.3143,0.1758,average_rankme,average_predictors
min_rankme,transfer_score_str,0,per_ckpt,step850000-tokens3570B,72,0.2977,0.1818,0.3146,0.1768,average_rankme,average_predictors
min_rankme,transfer_score_str,0,per_ckpt,step900000-tokens3780B,72,0.2977,0.1818,0.3144,0.1768,average_rankme,average_predictors
min_rankme,transfer_score_str,0,per_ckpt,step950000-tokens3990B,72,0.2977,0.1818,0.3141,0.1768,average_rankme,average_predictors
min_rankme,transfer_score_str,0,per_ckpt,step1000000-tokens4200B,72,0.2977,0.1818,0.314,0.1768,average_rankme,average_predictors
min_rankme,transfer_score_str,0,per_ckpt,step1194000-tokens5014B,72,0.2977,0.1818,0.3134,0.1778,average_rankme,average_predictors
min_rankme,transfer_score_str,0,per_ckpt,step1432000-tokens6014B,72,0.2977,0.1818,0.3131,0.1778,average_rankme,average_predictors
min_rankme,transfer_score_str,0,per_ckpt,step1670000-tokens7014B,72,0.2977,0.1818,0.3151,0.1758,average_rankme,average_predictors
min_rankme,transfer_score_str,0,per_ckpt,step1678000-tokens7047B,72,0.2977,0.1818,0.3149,0.1768,average_rankme,average_predictors
min_rankme,transfer_score_str,0,per_ckpt,step1700000-tokens7232B,72,0.2977,0.1818,0.315,0.1768,average_rankme,average_predictors
min_rankme,transfer_score_str,0,per_ckpt,step1750000-tokens7652B,72,0.2977,0.1818,0.3153,0.1768,average_rankme,average_predictors
min_rankme,transfer_score_str,0,per_ckpt,step1800000-tokens8072B,72,0.2977,0.1818,0.3158,0.1768,average_rankme,average_predictors
min_rankme,transfer_score_str,0,per_ckpt,step1850000-tokens8492B,72,0.2977,0.1818,0.3164,0.1758,average_rankme,average_predictors
min_rankme,transfer_score_str,0,per_ckpt,step1900000-tokens8912B,72,0.2977,0.1818,0.3167,0.1758,average_rankme,average_predictors
min_rankme,transfer_score_str,0,per_ckpt,step1950000-tokens9332B,72,0.2937,0.1818,0.3173,0.1748,average_rankme,average_predictors
min_rankme,transfer_score_str,0,per_ckpt,step2000000-tokens9752B,72,0.2937,0.1818,0.3174,0.1748,average_rankme,average_predictors
min_rankme,transfer_score_str,0,per_ckpt,step2050000-tokens10172B,72,0.2937,0.1818,0.3172,0.1748,average_rankme,average_predictors
min_rankme,transfer_score_str,0,per_ckpt,step2100000-tokens10592B,72,0.2937,0.1818,0.3177,0.1728,average_rankme,average_predictors
min_rankme,transfer_score_str,0,per_ckpt,step2150000-tokens11012B,72,0.2937,0.1818,0.3181,0.1728,average_rankme,average_predictors
min_rankme,transfer_score_str,0,per_ckpt,step2200000-tokens11432B,72,0.2937,0.1818,0.3182,0.1728,average_rankme,average_predictors
min_rankme,transfer_score_str,0,per_ckpt,step2250000-tokens11852B,72,0.2937,0.1818,0.3184,0.1718,average_rankme,average_predictors
min_rankme,transfer_score_str,0,per_ckpt,step2300000-tokens12272B,72,0.2937,0.1818,0.3187,0.1718,average_rankme,average_predictors
min_rankme,transfer_score_str,0,per_ckpt,step2350000-tokens12692B,72,0.2937,0.1818,0.3188,0.1718,average_rankme,average_predictors
min_rankme,transfer_score_str,0,per_ckpt,step2400000-tokens13112B,72,0.2937,0.1818,0.3189,0.1708,average_rankme,average_predictors
min_rankme,transfer_score_str,0,per_ckpt,step2450000-tokens13532B,72,0.2937,0.1818,0.3185,0.1718,average_rankme,average_predictors
min_rankme,transfer_score_str,0,per_ckpt,step2500000-tokens13952B,72,0.2937,0.1818,0.3182,0.1738,average_rankme,average_predictors
min_rankme,transfer_score_str,0,per_ckpt,step2550000-tokens14372B,72,0.2937,0.1818,0.318,0.1738,average_rankme,average_predictors
min_rankme,transfer_score_str,0,per_ckpt,step2600000-tokens14792B,72,0.2937,0.1818,0.3179,0.1728,average_rankme,average_predictors
min_rankme,transfer_score_str,0,per_ckpt,step2627139-tokens15T,72,0.2937,0.1818,0.3179,0.1728,average_rankme,average_predictors
min_rankme,transfer_score_str,0,per_ckpt,main,72,0.2937,0.1818,0.3179,0.1728,average_rankme,average_predictors
min_rankme,overall_score_str,0,per_ckpt,step50000-tokens210B,72,0.2351,0.3317,0.2379,0.3457,average_rankme,average_predictors
min_rankme,overall_score_str,0,per_ckpt,step100000-tokens420B,72,0.2374,0.3317,0.2483,0.3317,average_rankme,average_predictors
min_rankme,overall_score_str,0,per_ckpt,step150000-tokens630B,72,0.2374,0.3317,0.2532,0.3217,average_rankme,average_predictors
min_rankme,overall_score_str,0,per_ckpt,step200000-tokens840B,72,0.2432,0.3097,0.2542,0.3177,average_rankme,average_predictors
min_rankme,overall_score_str,0,per_ckpt,step250000-tokens1050B,72,0.2374,0.3317,0.2589,0.3107,average_rankme,average_predictors
min_rankme,overall_score_str,0,per_ckpt,step300000-tokens1260B,72,0.2374,0.3317,0.2603,0.3057,average_rankme,average_predictors
min_rankme,overall_score_str,0,per_ckpt,step350000-tokens1470B,72,0.2374,0.3317,0.2589,0.3117,average_rankme,average_predictors
min_rankme,overall_score_str,0,per_ckpt,step400000-tokens1680B,72,0.2957,0.2148,0.2582,0.3117,average_rankme,average_predictors
min_rankme,overall_score_str,0,per_ckpt,step450000-tokens1890B,72,0.2957,0.2148,0.257,0.3147,average_rankme,average_predictors
min_rankme,overall_score_str,0,per_ckpt,step500000-tokens2100B,72,0.2957,0.2148,0.2548,0.3157,average_rankme,average_predictors
min_rankme,overall_score_str,0,per_ckpt,step550000-tokens2310B,72,0.2957,0.2148,0.2539,0.3187,average_rankme,average_predictors
min_rankme,overall_score_str,0,per_ckpt,step600000-tokens2520B,72,0.2957,0.2148,0.2544,0.3177,average_rankme,average_predictors
min_rankme,overall_score_str,0,per_ckpt,step650000-tokens2730B,72,0.2957,0.2148,0.2544,0.3177,average_rankme,average_predictors
min_rankme,overall_score_str,0,per_ckpt,step700000-tokens2940B,72,0.2957,0.2148,0.2542,0.3177,average_rankme,average_predictors
min_rankme,overall_score_str,0,per_ckpt,step750000-tokens3150B,72,0.2957,0.2148,0.2543,0.3177,average_rankme,average_predictors
min_rankme,overall_score_str,0,per_ckpt,step800000-tokens3360B,72,0.2957,0.2148,0.2536,0.3217,average_rankme,average_predictors
min_rankme,overall_score_str,0,per_ckpt,step850000-tokens3570B,72,0.2957,0.2148,0.2543,0.3187,average_rankme,average_predictors
min_rankme,overall_score_str,0,per_ckpt,step900000-tokens3780B,72,0.2957,0.2148,0.2539,0.3187,average_rankme,average_predictors
min_rankme,overall_score_str,0,per_ckpt,step950000-tokens3990B,72,0.2957,0.2148,0.2534,0.3207,average_rankme,average_predictors
min_rankme,overall_score_str,0,per_ckpt,step1000000-tokens4200B,72,0.2957,0.2148,0.2533,0.3217,average_rankme,average_predictors
min_rankme,overall_score_str,0,per_ckpt,step1194000-tokens5014B,72,0.2957,0.2148,0.2526,0.3247,average_rankme,average_predictors
min_rankme,overall_score_str,0,per_ckpt,step1432000-tokens6014B,72,0.2957,0.2148,0.2523,0.3257,average_rankme,average_predictors
min_rankme,overall_score_str,0,per_ckpt,step1670000-tokens7014B,72,0.2957,0.2148,0.2537,0.3207,average_rankme,average_predictors
min_rankme,overall_score_str,0,per_ckpt,step1678000-tokens7047B,72,0.2957,0.2148,0.2533,0.3247,average_rankme,average_predictors
min_rankme,overall_score_str,0,per_ckpt,step1700000-tokens7232B,72,0.2957,0.2148,0.2531,0.3237,average_rankme,average_predictors
min_rankme,overall_score_str,0,per_ckpt,step1750000-tokens7652B,72,0.2957,0.2148,0.2532,0.3237,average_rankme,average_predictors
min_rankme,overall_score_str,0,per_ckpt,step1800000-tokens8072B,72,0.2957,0.2148,0.2537,0.3217,average_rankme,average_predictors
min_rankme,overall_score_str,0,per_ckpt,step1850000-tokens8492B,72,0.2957,0.2148,0.2541,0.3217,average_rankme,average_predictors
min_rankme,overall_score_str,0,per_ckpt,step1900000-tokens8912B,72,0.2957,0.2148,0.2544,0.3217,average_rankme,average_predictors
min_rankme,overall_score_str,0,per_ckpt,step1950000-tokens9332B,72,0.2932,0.2148,0.2552,0.3207,average_rankme,average_predictors
min_rankme,overall_score_str,0,per_ckpt,step2000000-tokens9752B,72,0.2932,0.2148,0.2555,0.3207,average_rankme,average_predictors
min_rankme,overall_score_str,0,per_ckpt,step2050000-tokens10172B,72,0.2932,0.2148,0.2554,0.3207,average_rankme,average_predictors
min_rankme,overall_score_str,0,per_ckpt,step2100000-tokens10592B,72,0.2932,0.2148,0.256,0.3197,average_rankme,average_predictors
min_rankme,overall_score_str,0,per_ckpt,step2150000-tokens11012B,72,0.2932,0.2148,0.2565,0.3197,average_rankme,average_predictors
min_rankme,overall_score_str,0,per_ckpt,step2200000-tokens11432B,72,0.2932,0.2148,0.2566,0.3197,average_rankme,average_predictors
min_rankme,overall_score_str,0,per_ckpt,step2250000-tokens11852B,72,0.2932,0.2148,0.2568,0.3197,average_rankme,average_predictors
min_rankme,overall_score_str,0,per_ckpt,step2300000-tokens12272B,72,0.2932,0.2148,0.257,0.3197,average_rankme,average_predictors
min_rankme,overall_score_str,0,per_ckpt,step2350000-tokens12692B,72,0.2932,0.2148,0.2573,0.3187,average_rankme,average_predictors
min_rankme,overall_score_str,0,per_ckpt,step2400000-tokens13112B,72,0.2932,0.2148,0.2575,0.3187,average_rankme,average_predictors
min_rankme,overall_score_str,0,per_ckpt,step2450000-tokens13532B,72,0.2932,0.2148,0.2575,0.3187,average_rankme,average_predictors
min_rankme,overall_score_str,0,per_ckpt,step2500000-tokens13952B,72,0.2932,0.2148,0.2577,0.3187,average_rankme,average_predictors
min_rankme,overall_score_str,0,per_ckpt,step2550000-tokens14372B,72,0.2932,0.2148,0.2578,0.3187,average_rankme,average_predictors
min_rankme,overall_score_str,0,per_ckpt,step2600000-tokens14792B,72,0.2932,0.2148,0.2582,0.3187,average_rankme,average_predictors
min_rankme,overall_score_str,0,per_ckpt,step2627139-tokens15T,72,0.2932,0.2148,0.2585,0.3177,average_rankme,average_predictors
min_rankme,overall_score_str,0,per_ckpt,main,72,0.2932,0.2148,0.2591,0.3177,average_rankme,average_predictors
min_rankme,transfer_margin_str,0,per_ckpt,step50000-tokens210B,72,0.3386,0.0879,0.2917,0.1868,average_rankme,average_predictors
min_rankme,transfer_margin_str,0,per_ckpt,step100000-tokens420B,72,0.3379,0.0879,0.2999,0.1788,average_rankme,average_predictors
min_rankme,transfer_margin_str,0,per_ckpt,step150000-tokens630B,72,0.3379,0.0879,0.3041,0.1738,average_rankme,average_predictors
min_rankme,transfer_margin_str,0,per_ckpt,step200000-tokens840B,72,0.339,0.0859,0.3076,0.1708,average_rankme,average_predictors
min_rankme,transfer_margin_str,0,per_ckpt,step250000-tokens1050B,72,0.3379,0.0879,0.3083,0.1708,average_rankme,average_predictors
min_rankme,transfer_margin_str,0,per_ckpt,step300000-tokens1260B,72,0.3379,0.0879,0.3074,0.1728,average_rankme,average_predictors
min_rankme,transfer_margin_str,0,per_ckpt,step350000-tokens1470B,72,0.3379,0.0879,0.3069,0.1728,average_rankme,average_predictors
min_rankme,transfer_margin_str,0,per_ckpt,step400000-tokens1680B,72,0.3076,0.1359,0.3062,0.1748,average_rankme,average_predictors
min_rankme,transfer_margin_str,0,per_ckpt,step450000-tokens1890B,72,0.3076,0.1359,0.3055,0.1748,average_rankme,average_predictors
min_rankme,transfer_margin_str,0,per_ckpt,step500000-tokens2100B,72,0.3076,0.1359,0.3042,0.1748,average_rankme,average_predictors
min_rankme,transfer_margin_str,0,per_ckpt,step550000-tokens2310B,72,0.3076,0.1359,0.303,0.1748,average_rankme,average_predictors
min_rankme,transfer_margin_str,0,per_ckpt,step600000-tokens2520B,72,0.3076,0.1359,0.3019,0.1758,average_rankme,average_predictors
min_rankme,transfer_margin_str,0,per_ckpt,step650000-tokens2730B,72,0.3076,0.1359,0.3014,0.1768,average_rankme,average_predictors
min_rankme,transfer_margin_str,0,per_ckpt,step700000-tokens2940B,72,0.3076,0.1359,0.3014,0.1768,average_rankme,average_predictors
min_rankme,transfer_margin_str,0,per_ckpt,step750000-tokens3150B,72,0.3076,0.1359,0.3017,0.1768,average_rankme,average_predictors
min_rankme,transfer_margin_str,0,per_ckpt,step800000-tokens3360B,72,0.3076,0.1359,0.3013,0.1758,average_rankme,average_predictors
min_rankme,transfer_margin_str,0,per_ckpt,step850000-tokens3570B,72,0.3076,0.1359,0.3016,0.1748,average_rankme,average_predictors
min_rankme,transfer_margin_str,0,per_ckpt,step900000-tokens3780B,72,0.3076,0.1359,0.3015,0.1748,average_rankme,average_predictors
min_rankme,transfer_margin_str,0,per_ckpt,step950000-tokens3990B,72,0.3076,0.1359,0.302,0.1748,average_rankme,average_predictors
min_rankme,transfer_margin_str,0,per_ckpt,step1000000-tokens4200B,72,0.3076,0.1359,0.3023,0.1748,average_rankme,average_predictors
min_rankme,transfer_margin_str,0,per_ckpt,step1194000-tokens5014B,72,0.3076,0.1359,0.3027,0.1748,average_rankme,average_predictors
min_rankme,transfer_margin_str,0,per_ckpt,step1432000-tokens6014B,72,0.3076,0.1359,0.303,0.1748,average_rankme,average_predictors
min_rankme,transfer_margin_str,0,per_ckpt,step1670000-tokens7014B,72,0.3076,0.1359,0.304,0.1748,average_rankme,average_predictors
min_rankme,transfer_margin_str,0,per_ckpt,step1678000-tokens7047B,72,0.3076,0.1359,0.3044,0.1748,average_rankme,average_predictors
min_rankme,transfer_margin_str,0,per_ckpt,step1700000-tokens7232B,72,0.3076,0.1359,0.3045,0.1748,average_rankme,average_predictors
min_rankme,transfer_margin_str,0,per_ckpt,step1750000-tokens7652B,72,0.3076,0.1359,0.3048,0.1748,average_rankme,average_predictors
min_rankme,transfer_margin_str,0,per_ckpt,step1800000-tokens8072B,72,0.3076,0.1359,0.3049,0.1748,average_rankme,average_predictors
min_rankme,transfer_margin_str,0,per_ckpt,step1850000-tokens8492B,72,0.3076,0.1359,0.3052,0.1748,average_rankme,average_predictors
min_rankme,transfer_margin_str,0,per_ckpt,step1900000-tokens8912B,72,0.3076,0.1359,0.3053,0.1748,average_rankme,average_predictors
min_rankme,transfer_margin_str,0,per_ckpt,step1950000-tokens9332B,72,0.3058,0.1359,0.3052,0.1748,average_rankme,average_predictors
min_rankme,transfer_margin_str,0,per_ckpt,step2000000-tokens9752B,72,0.3058,0.1359,0.3051,0.1748,average_rankme,average_predictors
min_rankme,transfer_margin_str,0,per_ckpt,step2050000-tokens10172B,72,0.3058,0.1359,0.3051,0.1738,average_rankme,average_predictors
min_rankme,transfer_margin_str,0,per_ckpt,step2100000-tokens10592B,72,0.3058,0.1359,0.3052,0.1738,average_rankme,average_predictors
min_rankme,transfer_margin_str,0,per_ckpt,step2150000-tokens11012B,72,0.3058,0.1359,0.3053,0.1728,average_rankme,average_predictors
min_rankme,transfer_margin_str,0,per_ckpt,step2200000-tokens11432B,72,0.3058,0.1359,0.3054,0.1728,average_rankme,average_predictors
min_rankme,transfer_margin_str,0,per_ckpt,step2250000-tokens11852B,72,0.3058,0.1359,0.3055,0.1728,average_rankme,average_predictors
min_rankme,transfer_margin_str,0,per_ckpt,step2300000-tokens12272B,72,0.3058,0.1359,0.3057,0.1718,average_rankme,average_predictors
min_rankme,transfer_margin_str,0,per_ckpt,step2350000-tokens12692B,72,0.3058,0.1359,0.3057,0.1728,average_rankme,average_predictors
min_rankme,transfer_margin_str,0,per_ckpt,step2400000-tokens13112B,72,0.3058,0.1359,0.3058,0.1728,average_rankme,average_predictors
min_rankme,transfer_margin_str,0,per_ckpt,step2450000-tokens13532B,72,0.3058,0.1359,0.3053,0.1748,average_rankme,average_predictors
min_rankme,transfer_margin_str,0,per_ckpt,step2500000-tokens13952B,72,0.3058,0.1359,0.3048,0.1748,average_rankme,average_predictors
min_rankme,transfer_margin_str,0,per_ckpt,step2550000-tokens14372B,72,0.3058,0.1359,0.3046,0.1748,average_rankme,average_predictors
min_rankme,transfer_margin_str,0,per_ckpt,step2600000-tokens14792B,72,0.3058,0.1359,0.3043,0.1738,average_rankme,average_predictors
min_rankme,transfer_margin_str,0,per_ckpt,step2627139-tokens15T,72,0.3058,0.1359,0.304,0.1738,average_rankme,average_predictors
min_rankme,transfer_margin_str,0,per_ckpt,main,72,0.3058,0.1359,0.3036,0.1758,average_rankme,average_predictors
min_rankme,overall_margin_str,0,per_ckpt,step50000-tokens210B,72,0.42,0.0639,0.4601,0.035,average_rankme,average_predictors
min_rankme,overall_margin_str,0,per_ckpt,step100000-tokens420B,72,0.4239,0.0639,0.4733,0.029,average_rankme,average_predictors
min_rankme,overall_margin_str,0,per_ckpt,step150000-tokens630B,72,0.4239,0.0639,0.4794,0.029,average_rankme,average_predictors
min_rankme,overall_margin_str,0,per_ckpt,step200000-tokens840B,72,0.4273,0.0589,0.4821,0.029,average_rankme,average_predictors
min_rankme,overall_margin_str,0,per_ckpt,step250000-tokens1050B,72,0.4239,0.0639,0.4865,0.028,average_rankme,average_predictors
min_rankme,overall_margin_str,0,per_ckpt,step300000-tokens1260B,72,0.4239,0.0639,0.4881,0.028,average_rankme,average_predictors
min_rankme,overall_margin_str,0,per_ckpt,step350000-tokens1470B,72,0.4239,0.0639,0.4864,0.028,average_rankme,average_predictors
min_rankme,overall_margin_str,0,per_ckpt,step400000-tokens1680B,72,0.48,0.022,0.4864,0.028,average_rankme,average_predictors
min_rankme,overall_margin_str,0,per_ckpt,step450000-tokens1890B,72,0.48,0.022,0.4853,0.028,average_rankme,average_predictors
min_rankme,overall_margin_str,0,per_ckpt,step500000-tokens2100B,72,0.48,0.022,0.483,0.028,average_rankme,average_predictors
min_rankme,overall_margin_str,0,per_ckpt,step550000-tokens2310B,72,0.48,0.022,0.4822,0.027,average_rankme,average_predictors
min_rankme,overall_margin_str,0,per_ckpt,step600000-tokens2520B,72,0.48,0.022,0.4825,0.027,average_rankme,average_predictors
min_rankme,overall_margin_str,0,per_ckpt,step650000-tokens2730B,72,0.48,0.022,0.4822,0.027,average_rankme,average_predictors
min_rankme,overall_margin_str,0,per_ckpt,step700000-tokens2940B,72,0.48,0.022,0.4824,0.027,average_rankme,average_predictors
min_rankme,overall_margin_str,0,per_ckpt,step750000-tokens3150B,72,0.48,0.022,0.4827,0.028,average_rankme,average_predictors
min_rankme,overall_margin_str,0,per_ckpt,step800000-tokens3360B,72,0.48,0.022,0.4821,0.028,average_rankme,average_predictors
min_rankme,overall_margin_str,0,per_ckpt,step850000-tokens3570B,72,0.48,0.022,0.4829,0.028,average_rankme,average_predictors
min_rankme,overall_margin_str,0,per_ckpt,step900000-tokens3780B,72,0.48,0.022,0.4827,0.028,average_rankme,average_predictors
min_rankme,overall_margin_str,0,per_ckpt,step950000-tokens3990B,72,0.48,0.022,0.4824,0.028,average_rankme,average_predictors
min_rankme,overall_margin_str,0,per_ckpt,step1000000-tokens4200B,72,0.48,0.022,0.4824,0.028,average_rankme,average_predictors
min_rankme,overall_margin_str,0,per_ckpt,step1194000-tokens5014B,72,0.48,0.022,0.4819,0.029,average_rankme,average_predictors
min_rankme,overall_margin_str,0,per_ckpt,step1432000-tokens6014B,72,0.48,0.022,0.4818,0.029,average_rankme,average_predictors
min_rankme,overall_margin_str,0,per_ckpt,step1670000-tokens7014B,72,0.48,0.022,0.4832,0.029,average_rankme,average_predictors
min_rankme,overall_margin_str,0,per_ckpt,step1678000-tokens7047B,72,0.48,0.022,0.4829,0.029,average_rankme,average_predictors
min_rankme,overall_margin_str,0,per_ckpt,step1700000-tokens7232B,72,0.48,0.022,0.4829,0.029,average_rankme,average_predictors
min_rankme,overall_margin_str,0,per_ckpt,step1750000-tokens7652B,72,0.48,0.022,0.4829,0.029,average_rankme,average_predictors
min_rankme,overall_margin_str,0,per_ckpt,step1800000-tokens8072B,72,0.48,0.022,0.4834,0.029,average_rankme,average_predictors
min_rankme,overall_margin_str,0,per_ckpt,step1850000-tokens8492B,72,0.48,0.022,0.4838,0.029,average_rankme,average_predictors
min_rankme,overall_margin_str,0,per_ckpt,step1900000-tokens8912B,72,0.48,0.022,0.4839,0.029,average_rankme,average_predictors
min_rankme,overall_margin_str,0,per_ckpt,step1950000-tokens9332B,72,0.4769,0.022,0.4844,0.029,average_rankme,average_predictors
min_rankme,overall_margin_str,0,per_ckpt,step2000000-tokens9752B,72,0.4769,0.022,0.4846,0.029,average_rankme,average_predictors
min_rankme,overall_margin_str,0,per_ckpt,step2050000-tokens10172B,72,0.4769,0.022,0.4845,0.029,average_rankme,average_predictors
min_rankme,overall_margin_str,0,per_ckpt,step2100000-tokens10592B,72,0.4769,0.022,0.485,0.029,average_rankme,average_predictors
min_rankme,overall_margin_str,0,per_ckpt,step2150000-tokens11012B,72,0.4769,0.022,0.4855,0.029,average_rankme,average_predictors
min_rankme,overall_margin_str,0,per_ckpt,step2200000-tokens11432B,72,0.4769,0.022,0.4855,0.029,average_rankme,average_predictors
min_rankme,overall_margin_str,0,per_ckpt,step2250000-tokens11852B,72,0.4769,0.022,0.4857,0.029,average_rankme,average_predictors
min_rankme,overall_margin_str,0,per_ckpt,step2300000-tokens12272B,72,0.4769,0.022,0.486,0.029,average_rankme,average_predictors
min_rankme,overall_margin_str,0,per_ckpt,step2350000-tokens12692B,72,0.4769,0.022,0.4862,0.029,average_rankme,average_predictors
min_rankme,overall_margin_str,0,per_ckpt,step2400000-tokens13112B,72,0.4769,0.022,0.4864,0.029,average_rankme,average_predictors
min_rankme,overall_margin_str,0,per_ckpt,step2450000-tokens13532B,72,0.4769,0.022,0.4862,0.029,average_rankme,average_predictors
min_rankme,overall_margin_str,0,per_ckpt,step2500000-tokens13952B,72,0.4769,0.022,0.4861,0.029,average_rankme,average_predictors
min_rankme,overall_margin_str,0,per_ckpt,step2550000-tokens14372B,72,0.4769,0.022,0.4861,0.029,average_rankme,average_predictors
min_rankme,overall_margin_str,0,per_ckpt,step2600000-tokens14792B,72,0.4769,0.022,0.4863,0.029,average_rankme,average_predictors
min_rankme,overall_margin_str,0,per_ckpt,step2627139-tokens15T,72,0.4769,0.022,0.4865,0.029,average_rankme,average_predictors
min_rankme,overall_margin_str,0,per_ckpt,main,72,0.4769,0.022,0.4869,0.029,average_rankme,average_predictors
norm_asym,accuracy_majority,0,per_ckpt,step50000-tokens210B,72,-0.1761,0.4316,-0.1675,0.4665,average_rankme,average_predictors
norm_asym,accuracy_majority,0,per_ckpt,step100000-tokens420B,72,-0.1825,0.4216,-0.1814,0.4326,average_rankme,average_predictors
norm_asym,accuracy_majority,0,per_ckpt,step150000-tokens630B,72,-0.1875,0.3956,-0.1904,0.4136,average_rankme,average_predictors
norm_asym,accuracy_majority,0,per_ckpt,step200000-tokens840B,72,-0.1978,0.3976,-0.1949,0.4056,average_rankme,average_predictors
norm_asym,accuracy_majority,0,per_ckpt,step250000-tokens1050B,72,-0.2002,0.3856,-0.1951,0.4036,average_rankme,average_predictors
norm_asym,accuracy_majority,0,per_ckpt,step300000-tokens1260B,72,-0.21,0.3856,-0.1946,0.4036,average_rankme,average_predictors
norm_asym,accuracy_majority,0,per_ckpt,step350000-tokens1470B,72,-0.21,0.3736,-0.1934,0.4066,average_rankme,average_predictors
norm_asym,accuracy_majority,0,per_ckpt,step400000-tokens1680B,72,-0.2087,0.3716,-0.1938,0.4036,average_rankme,average_predictors
norm_asym,accuracy_majority,0,per_ckpt,step450000-tokens1890B,72,-0.2087,0.3716,-0.1932,0.4046,average_rankme,average_predictors
norm_asym,accuracy_majority,0,per_ckpt,step500000-tokens2100B,72,-0.2051,0.3756,-0.192,0.4086,average_rankme,average_predictors
norm_asym,accuracy_majority,0,per_ckpt,step550000-tokens2310B,72,-0.2051,0.3716,-0.1916,0.4106,average_rankme,average_predictors
norm_asym,accuracy_majority,0,per_ckpt,step600000-tokens2520B,72,-0.2044,0.3706,-0.1906,0.4146,average_rankme,average_predictors
norm_asym,accuracy_majority,0,per_ckpt,step650000-tokens2730B,72,-0.1997,0.3686,-0.19,0.4156,average_rankme,average_predictors
norm_asym,accuracy_majority,0,per_ckpt,step700000-tokens2940B,72,-0.2031,0.3696,-0.1905,0.4136,average_rankme,average_predictors
norm_asym,accuracy_majority,0,per_ckpt,step750000-tokens3150B,72,-0.2031,0.3696,-0.1911,0.4116,average_rankme,average_predictors
norm_asym,accuracy_majority,0,per_ckpt,step800000-tokens3360B,72,-0.2037,0.3696,-0.1909,0.4126,average_rankme,average_predictors
norm_asym,accuracy_majority,0,per_ckpt,step850000-tokens3570B,72,-0.203,0.3666,-0.1916,0.4096,average_rankme,average_predictors
norm_asym,accuracy_majority,0,per_ckpt,step900000-tokens3780B,72,-0.203,0.3666,-0.192,0.4096,average_rankme,average_predictors
norm_asym,accuracy_majority,0,per_ckpt,step950000-tokens3990B,72,-0.203,0.3666,-0.1925,0.4066,average_rankme,average_predictors
norm_asym,accuracy_majority,0,per_ckpt,step1000000-tokens4200B,72,-0.203,0.3666,-0.1927,0.4056,average_rankme,average_predictors
norm_asym,accuracy_majority,0,per_ckpt,step1194000-tokens5014B,72,-0.2044,0.3566,-0.193,0.4056,average_rankme,average_predictors
norm_asym,accuracy_majority,0,per_ckpt,step1432000-tokens6014B,72,-0.2044,0.3566,-0.193,0.4056,average_rankme,average_predictors
norm_asym,accuracy_majority,0,per_ckpt,step1670000-tokens7014B,72,-0.2038,0.3666,-0.1927,0.4036,average_rankme,average_predictors
norm_asym,accuracy_majority,0,per_ckpt,step1678000-tokens7047B,72,-0.2052,0.3666,-0.1931,0.4026,average_rankme,average_predictors
norm_asym,accuracy_majority,0,per_ckpt,step1700000-tokens7232B,72,-0.2052,0.3666,-0.1934,0.4006,average_rankme,average_predictors
norm_asym,accuracy_majority,0,per_ckpt,step1750000-tokens7652B,72,-0.2052,0.3666,-0.1936,0.3996,average_rankme,average_predictors
norm_asym,accuracy_majority,0,per_ckpt,step1800000-tokens8072B,72,-0.2052,0.3666,-0.1937,0.3996,average_rankme,average_predictors
norm_asym,accuracy_majority,0,per_ckpt,step1850000-tokens8492B,72,-0.2044,0.3626,-0.1941,0.3976,average_rankme,average_predictors
norm_asym,accuracy_majority,0,per_ckpt,step1900000-tokens8912B,72,-0.2044,0.3566,-0.1942,0.3976,average_rankme,average_predictors
norm_asym,accuracy_majority,0,per_ckpt,step1950000-tokens9332B,72,-0.205,0.3566,-0.1937,0.3996,average_rankme,average_predictors
norm_asym,accuracy_majority,0,per_ckpt,step2000000-tokens9752B,72,-0.205,0.3497,-0.1937,0.4006,average_rankme,average_predictors
norm_asym,accuracy_majority,0,per_ckpt,step2050000-tokens10172B,72,-0.205,0.3497,-0.1935,0.4016,average_rankme,average_predictors
norm_asym,accuracy_majority,0,per_ckpt,step2100000-tokens10592B,72,-0.205,0.3497,-0.1935,0.4016,average_rankme,average_predictors
norm_asym,accuracy_majority,0,per_ckpt,step2150000-tokens11012B,72,-0.205,0.3497,-0.1936,0.3996,average_rankme,average_predictors
norm_asym,accuracy_majority,0,per_ckpt,step2200000-tokens11432B,72,-0.205,0.3497,-0.1937,0.3996,average_rankme,average_predictors
norm_asym,accuracy_majority,0,per_ckpt,step2250000-tokens11852B,72,-0.205,0.3497,-0.1939,0.3976,average_rankme,average_predictors
norm_asym,accuracy_majority,0,per_ckpt,step2300000-tokens12272B,72,-0.205,0.3497,-0.1942,0.3976,average_rankme,average_predictors
norm_asym,accuracy_majority,0,per_ckpt,step2350000-tokens12692B,72,-0.205,0.3497,-0.1941,0.3976,average_rankme,average_predictors
norm_asym,accuracy_majority,0,per_ckpt,step2400000-tokens13112B,72,-0.205,0.3566,-0.194,0.3986,average_rankme,average_predictors
norm_asym,accuracy_majority,0,per_ckpt,step2450000-tokens13532B,72,-0.205,0.3566,-0.1934,0.3986,average_rankme,average_predictors
norm_asym,accuracy_majority,0,per_ckpt,step2500000-tokens13952B,72,-0.205,0.3566,-0.1925,0.4006,average_rankme,average_predictors
norm_asym,accuracy_majority,0,per_ckpt,step2550000-tokens14372B,72,-0.205,0.3566,-0.1921,0.4026,average_rankme,average_predictors
norm_asym,accuracy_majority,0,per_ckpt,step2600000-tokens14792B,72,-0.205,0.3626,-0.1916,0.4056,average_rankme,average_predictors
norm_asym,accuracy_majority,0,per_ckpt,step2627139-tokens15T,72,-0.2058,0.3626,-0.191,0.4096,average_rankme,average_predictors
norm_asym,accuracy_majority,0,per_ckpt,main,72,-0.2044,0.3626,-0.1906,0.4116,average_rankme,average_predictors
norm_asym,overall_score,0,per_ckpt,step50000-tokens210B,72,0.0199,0.9161,0.0476,0.8232,average_rankme,average_predictors
norm_asym,overall_score,0,per_ckpt,step100000-tokens420B,72,0.0308,0.8991,0.0523,0.8102,average_rankme,average_predictors
norm_asym,overall_score,0,per_ckpt,step150000-tokens630B,72,0.0281,0.9201,0.05,0.8102,average_rankme,average_predictors
norm_asym,overall_score,0,per_ckpt,step200000-tokens840B,72,0.0236,0.8731,0.0492,0.8112,average_rankme,average_predictors
norm_asym,overall_score,0,per_ckpt,step250000-tokens1050B,72,0.0193,0.9341,0.0508,0.8122,average_rankme,average_predictors
norm_asym,overall_score,0,per_ckpt,step300000-tokens1260B,72,0.0071,0.9401,0.0515,0.8102,average_rankme,average_predictors
norm_asym,overall_score,0,per_ckpt,step350000-tokens1470B,72,0.0071,0.957,0.0513,0.8102,average_rankme,average_predictors
norm_asym,overall_score,0,per_ckpt,step400000-tokens1680B,72,0.0109,0.9421,0.0512,0.8112,average_rankme,average_predictors
norm_asym,overall_score,0,per_ckpt,step450000-tokens1890B,72,0.0109,0.9421,0.051,0.8122,average_rankme,average_predictors
norm_asym,overall_score,0,per_ckpt,step500000-tokens2100B,72,0.0138,0.9431,0.0509,0.8092,average_rankme,average_predictors
norm_asym,overall_score,0,per_ckpt,step550000-tokens2310B,72,0.0138,0.9471,0.0508,0.8092,average_rankme,average_predictors
norm_asym,overall_score,0,per_ckpt,step600000-tokens2520B,72,0.0144,0.964,0.0513,0.8062,average_rankme,average_predictors
norm_asym,overall_score,0,per_ckpt,step650000-tokens2730B,72,0.014,0.969,0.0513,0.8052,average_rankme,average_predictors
norm_asym,overall_score,0,per_ckpt,step700000-tokens2940B,72,0.0102,0.971,0.0508,0.8092,average_rankme,average_predictors
norm_asym,overall_score,0,per_ckpt,step750000-tokens3150B,72,0.0102,0.971,0.05,0.8122,average_rankme,average_predictors
norm_asym,overall_score,0,per_ckpt,step800000-tokens3360B,72,0.0089,0.971,0.0498,0.8142,average_rankme,average_predictors
norm_asym,overall_score,0,per_ckpt,step850000-tokens3570B,72,0.009,0.986,0.0492,0.8172,average_rankme,average_predictors
norm_asym,overall_score,0,per_ckpt,step900000-tokens3780B,72,0.009,0.986,0.0488,0.8182,average_rankme,average_predictors
norm_asym,overall_score,0,per_ckpt,step950000-tokens3990B,72,0.009,0.986,0.0483,0.8212,average_rankme,average_predictors
norm_asym,overall_score,0,per_ckpt,step1000000-tokens4200B,72,0.009,0.986,0.048,0.8212,average_rankme,average_predictors
norm_asym,overall_score,0,per_ckpt,step1194000-tokens5014B,72,0.0049,0.99,0.0476,0.8232,average_rankme,average_predictors
norm_asym,overall_score,0,per_ckpt,step1432000-tokens6014B,72,0.0049,0.99,0.0474,0.8262,average_rankme,average_predictors
norm_asym,overall_score,0,per_ckpt,step1670000-tokens7014B,72,0.0076,0.986,0.048,0.8232,average_rankme,average_predictors
norm_asym,overall_score,0,per_ckpt,step1678000-tokens7047B,72,0.0078,0.986,0.0476,0.8242,average_rankme,average_predictors
norm_asym,overall_score,0,per_ckpt,step1700000-tokens7232B,72,0.0078,0.986,0.0473,0.8242,average_rankme,average_predictors
norm_asym,overall_score,0,per_ckpt,step1750000-tokens7652B,72,0.0078,0.986,0.0473,0.8242,average_rankme,average_predictors
norm_asym,overall_score,0,per_ckpt,step1800000-tokens8072B,72,0.0078,0.986,0.0472,0.8242,average_rankme,average_predictors
norm_asym,overall_score,0,per_ckpt,step1850000-tokens8492B,72,0.0092,0.986,0.0469,0.8252,average_rankme,average_predictors
norm_asym,overall_score,0,per_ckpt,step1900000-tokens8912B,72,0.0092,0.983,0.0468,0.8252,average_rankme,average_predictors
norm_asym,overall_score,0,per_ckpt,step1950000-tokens9332B,72,0.0065,0.979,0.0472,0.8242,average_rankme,average_predictors
norm_asym,overall_score,0,per_ckpt,step2000000-tokens9752B,72,0.0065,0.988,0.0474,0.8242,average_rankme,average_predictors
norm_asym,overall_score,0,per_ckpt,step2050000-tokens10172B,72,0.0065,0.988,0.0473,0.8242,average_rankme,average_predictors
norm_asym,overall_score,0,per_ckpt,step2100000-tokens10592B,72,0.0065,0.988,0.0476,0.8242,average_rankme,average_predictors
norm_asym,overall_score,0,per_ckpt,step2150000-tokens11012B,72,0.0065,0.988,0.0477,0.8222,average_rankme,average_predictors
norm_asym,overall_score,0,per_ckpt,step2200000-tokens11432B,72,0.0065,0.988,0.0477,0.8222,average_rankme,average_predictors
norm_asym,overall_score,0,per_ckpt,step2250000-tokens11852B,72,0.0065,0.988,0.0476,0.8242,average_rankme,average_predictors
norm_asym,overall_score,0,per_ckpt,step2300000-tokens12272B,72,0.0065,0.988,0.0473,0.8262,average_rankme,average_predictors
norm_asym,overall_score,0,per_ckpt,step2350000-tokens12692B,72,0.0065,0.988,0.0472,0.8262,average_rankme,average_predictors
norm_asym,overall_score,0,per_ckpt,step2400000-tokens13112B,72,0.0065,0.979,0.0472,0.8282,average_rankme,average_predictors
norm_asym,overall_score,0,per_ckpt,step2450000-tokens13532B,72,0.0065,0.979,0.0474,0.8252,average_rankme,average_predictors
norm_asym,overall_score,0,per_ckpt,step2500000-tokens13952B,72,0.0065,0.979,0.0478,0.8242,average_rankme,average_predictors
norm_asym,overall_score,0,per_ckpt,step2550000-tokens14372B,72,0.0065,0.983,0.048,0.8232,average_rankme,average_predictors
norm_asym,overall_score,0,per_ckpt,step2600000-tokens14792B,72,0.0065,0.986,0.0483,0.8222,average_rankme,average_predictors
norm_asym,overall_score,0,per_ckpt,step2627139-tokens15T,72,0.0051,0.986,0.0487,0.8202,average_rankme,average_predictors
norm_asym,overall_score,0,per_ckpt,main,72,0.0049,0.986,0.049,0.8212,average_rankme,average_predictors
norm_asym,transfer_score,0,per_ckpt,step50000-tokens210B,72,0.0084,0.9471,0.0365,0.8022,average_rankme,average_predictors
norm_asym,transfer_score,0,per_ckpt,step100000-tokens420B,72,0.0161,0.9341,0.0357,0.8172,average_rankme,average_predictors
norm_asym,transfer_score,0,per_ckpt,step150000-tokens630B,72,0.0133,0.958,0.0335,0.8252,average_rankme,average_predictors
norm_asym,transfer_score,0,per_ckpt,step200000-tokens840B,72,0.0069,0.9271,0.0319,0.8352,average_rankme,average_predictors
norm_asym,transfer_score,0,per_ckpt,step250000-tokens1050B,72,0.0036,0.971,0.0327,0.8292,average_rankme,average_predictors
norm_asym,transfer_score,0,per_ckpt,step300000-tokens1260B,72,-0.0036,0.974,0.0334,0.8252,average_rankme,average_predictors
norm_asym,transfer_score,0,per_ckpt,step350000-tokens1470B,72,-0.0036,0.989,0.0336,0.8242,average_rankme,average_predictors
norm_asym,transfer_score,0,per_ckpt,step400000-tokens1680B,72,0.0006,0.964,0.0334,0.8252,average_rankme,average_predictors
norm_asym,transfer_score,0,per_ckpt,step450000-tokens1890B,72,0.0006,0.964,0.0335,0.8222,average_rankme,average_predictors
norm_asym,transfer_score,0,per_ckpt,step500000-tokens2100B,72,0.0039,0.962,0.0339,0.8172,average_rankme,average_predictors
norm_asym,transfer_score,0,per_ckpt,step550000-tokens2310B,72,0.0039,0.962,0.0341,0.8182,average_rankme,average_predictors
norm_asym,transfer_score,0,per_ckpt,step600000-tokens2520B,72,0.0056,0.985,0.0347,0.8172,average_rankme,average_predictors
norm_asym,transfer_score,0,per_ckpt,step650000-tokens2730B,72,0.0059,0.993,0.0349,0.8162,average_rankme,average_predictors
norm_asym,transfer_score,0,per_ckpt,step700000-tokens2940B,72,0.0013,0.985,0.0346,0.8192,average_rankme,average_predictors
norm_asym,transfer_score,0,per_ckpt,step750000-tokens3150B,72,0.0013,0.985,0.0342,0.8242,average_rankme,average_predictors
norm_asym,transfer_score,0,per_ckpt,step800000-tokens3360B,72,0.0003,0.985,0.0341,0.8262,average_rankme,average_predictors
norm_asym,transfer_score,0,per_ckpt,step850000-tokens3570B,72,0.0019,0.997,0.0338,0.8272,average_rankme,average_predictors
norm_asym,transfer_score,0,per_ckpt,step900000-tokens3780B,72,0.0019,0.997,0.0336,0.8272,average_rankme,average_predictors
norm_asym,transfer_score,0,per_ckpt,step950000-tokens3990B,72,0.0019,0.997,0.0332,0.8292,average_rankme,average_predictors
norm_asym,transfer_score,0,per_ckpt,step1000000-tokens4200B,72,0.0019,0.997,0.0331,0.8302,average_rankme,average_predictors
norm_asym,transfer_score,0,per_ckpt,step1194000-tokens5014B,72,-0.0,1.0,0.033,0.8312,average_rankme,average_predictors
norm_asym,transfer_score,0,per_ckpt,step1432000-tokens6014B,72,-0.0,1.0,0.0329,0.8332,average_rankme,average_predictors
norm_asym,transfer_score,0,per_ckpt,step1670000-tokens7014B,72,0.0022,0.997,0.0333,0.8282,average_rankme,average_predictors
norm_asym,transfer_score,0,per_ckpt,step1678000-tokens7047B,72,0.0026,0.997,0.0331,0.8292,average_rankme,average_predictors
norm_asym,transfer_score,0,per_ckpt,step1700000-tokens7232B,72,0.0026,0.997,0.0329,0.8322,average_rankme,average_predictors
norm_asym,transfer_score,0,per_ckpt,step1750000-tokens7652B,72,0.0026,0.997,0.0328,0.8332,average_rankme,average_predictors
norm_asym,transfer_score,0,per_ckpt,step1800000-tokens8072B,72,0.0026,0.997,0.0327,0.8342,average_rankme,average_predictors
norm_asym,transfer_score,0,per_ckpt,step1850000-tokens8492B,72,0.0023,1.0,0.0323,0.8352,average_rankme,average_predictors
norm_asym,transfer_score,0,per_ckpt,step1900000-tokens8912B,72,0.0023,0.999,0.0321,0.8392,average_rankme,average_predictors
norm_asym,transfer_score,0,per_ckpt,step1950000-tokens9332B,72,0.0001,1.0,0.0322,0.8372,average_rankme,average_predictors
norm_asym,transfer_score,0,per_ckpt,step2000000-tokens9752B,72,0.0001,0.994,0.0323,0.8382,average_rankme,average_predictors
norm_asym,transfer_score,0,per_ckpt,step2050000-tokens10172B,72,0.0001,0.994,0.0324,0.8382,average_rankme,average_predictors
norm_asym,transfer_score,0,per_ckpt,step2100000-tokens10592B,72,0.0001,0.994,0.0325,0.8372,average_rankme,average_predictors
norm_asym,transfer_score,0,per_ckpt,step2150000-tokens11012B,72,0.0001,0.994,0.0324,0.8342,average_rankme,average_predictors
norm_asym,transfer_score,0,per_ckpt,step2200000-tokens11432B,72,0.0001,0.994,0.0324,0.8342,average_rankme,average_predictors
norm_asym,transfer_score,0,per_ckpt,step2250000-tokens11852B,72,0.0001,0.994,0.0322,0.8362,average_rankme,average_predictors
norm_asym,transfer_score,0,per_ckpt,step2300000-tokens12272B,72,0.0001,0.994,0.0321,0.8362,average_rankme,average_predictors
norm_asym,transfer_score,0,per_ckpt,step2350000-tokens12692B,72,0.0001,0.994,0.0321,0.8372,average_rankme,average_predictors
norm_asym,transfer_score,0,per_ckpt,step2400000-tokens13112B,72,0.0001,1.0,0.0322,0.8372,average_rankme,average_predictors
norm_asym,transfer_score,0,per_ckpt,step2450000-tokens13532B,72,0.0001,1.0,0.0325,0.8352,average_rankme,average_predictors
norm_asym,transfer_score,0,per_ckpt,step2500000-tokens13952B,72,0.0001,1.0,0.0329,0.8342,average_rankme,average_predictors
norm_asym,transfer_score,0,per_ckpt,step2550000-tokens14372B,72,0.0001,0.999,0.0331,0.8292,average_rankme,average_predictors
norm_asym,transfer_score,0,per_ckpt,step2600000-tokens14792B,72,0.0001,1.0,0.0334,0.8262,average_rankme,average_predictors
norm_asym,transfer_score,0,per_ckpt,step2627139-tokens15T,72,0.0004,1.0,0.0337,0.8252,average_rankme,average_predictors
norm_asym,transfer_score,0,per_ckpt,main,72,-0.0,1.0,0.0339,0.8242,average_rankme,average_predictors
norm_asym,transfer_score_str,0,per_ckpt,step50000-tokens210B,72,0.0055,0.978,-0.0019,0.993,average_rankme,average_predictors
norm_asym,transfer_score_str,0,per_ckpt,step100000-tokens420B,72,0.025,0.95,0.0046,0.989,average_rankme,average_predictors
norm_asym,transfer_score_str,0,per_ckpt,step150000-tokens630B,72,0.0228,0.96,0.0029,0.995,average_rankme,average_predictors
norm_asym,transfer_score_str,0,per_ckpt,step200000-tokens840B,72,0.0227,0.9171,0.0017,0.998,average_rankme,average_predictors
norm_asym,transfer_score_str,0,per_ckpt,step250000-tokens1050B,72,0.0183,0.966,0.0002,0.999,average_rankme,average_predictors
norm_asym,transfer_score_str,0,per_ckpt,step300000-tokens1260B,72,0.0077,0.972,-0.0004,0.997,average_rankme,average_predictors
norm_asym,transfer_score_str,0,per_ckpt,step350000-tokens1470B,72,0.0077,0.974,-0.0004,0.998,average_rankme,average_predictors
norm_asym,transfer_score_str,0,per_ckpt,step400000-tokens1680B,72,0.0159,0.9371,-0.001,0.998,average_rankme,average_predictors
norm_asym,transfer_score_str,0,per_ckpt,step450000-tokens1890B,72,0.0159,0.9371,-0.0014,0.997,average_rankme,average_predictors
norm_asym,transfer_score_str,0,per_ckpt,step500000-tokens2100B,72,0.0186,0.9391,-0.0015,0.994,average_rankme,average_predictors
norm_asym,transfer_score_str,0,per_ckpt,step550000-tokens2310B,72,0.0186,0.9281,-0.0016,0.992,average_rankme,average_predictors
norm_asym,transfer_score_str,0,per_ckpt,step600000-tokens2520B,72,0.0159,0.97,-0.0021,0.991,average_rankme,average_predictors
norm_asym,transfer_score_str,0,per_ckpt,step650000-tokens2730B,72,0.0132,0.972,-0.0032,0.986,average_rankme,average_predictors
norm_asym,transfer_score_str,0,per_ckpt,step700000-tokens2940B,72,0.0096,0.97,-0.0042,0.978,average_rankme,average_predictors
norm_asym,transfer_score_str,0,per_ckpt,step750000-tokens3150B,72,0.0096,0.97,-0.005,0.975,average_rankme,average_predictors
norm_asym,transfer_score_str,0,per_ckpt,step800000-tokens3360B,72,0.0082,0.97,-0.0058,0.97,average_rankme,average_predictors
norm_asym,transfer_score_str,0,per_ckpt,step850000-tokens3570B,72,0.0075,0.981,-0.0064,0.967,average_rankme,average_predictors
norm_asym,transfer_score_str,0,per_ckpt,step900000-tokens3780B,72,0.0075,0.981,-0.0063,0.968,average_rankme,average_predictors
norm_asym,transfer_score_str,0,per_ckpt,step950000-tokens3990B,72,0.0075,0.981,-0.0069,0.966,average_rankme,average_predictors
norm_asym,transfer_score_str,0,per_ckpt,step1000000-tokens4200B,72,0.0075,0.981,-0.0072,0.965,average_rankme,average_predictors
norm_asym,transfer_score_str,0,per_ckpt,step1194000-tokens5014B,72,0.0046,0.979,-0.0075,0.965,average_rankme,average_predictors
norm_asym,transfer_score_str,0,per_ckpt,step1432000-tokens6014B,72,0.0046,0.979,-0.0079,0.964,average_rankme,average_predictors
norm_asym,transfer_score_str,0,per_ckpt,step1670000-tokens7014B,72,0.0063,0.981,-0.0069,0.966,average_rankme,average_predictors
norm_asym,transfer_score_str,0,per_ckpt,step1678000-tokens7047B,72,0.0067,0.981,-0.007,0.966,average_rankme,average_predictors
norm_asym,transfer_score_str,0,per_ckpt,step1700000-tokens7232B,72,0.0067,0.981,-0.007,0.967,average_rankme,average_predictors
norm_asym,transfer_score_str,0,per_ckpt,step1750000-tokens7652B,72,0.0067,0.981,-0.0068,0.967,average_rankme,average_predictors
norm_asym,transfer_score_str,0,per_ckpt,step1800000-tokens8072B,72,0.0067,0.981,-0.007,0.966,average_rankme,average_predictors
norm_asym,transfer_score_str,0,per_ckpt,step1850000-tokens8492B,72,0.0079,0.983,-0.0074,0.964,average_rankme,average_predictors
norm_asym,transfer_score_str,0,per_ckpt,step1900000-tokens8912B,72,0.0079,0.982,-0.0077,0.963,average_rankme,average_predictors
norm_asym,transfer_score_str,0,per_ckpt,step1950000-tokens9332B,72,0.0063,0.975,-0.008,0.961,average_rankme,average_predictors
norm_asym,transfer_score_str,0,per_ckpt,step2000000-tokens9752B,72,0.0063,0.974,-0.008,0.961,average_rankme,average_predictors
norm_asym,transfer_score_str,0,per_ckpt,step2050000-tokens10172B,72,0.0063,0.974,-0.0082,0.961,average_rankme,average_predictors
norm_asym,transfer_score_str,0,per_ckpt,step2100000-tokens10592B,72,0.0063,0.974,-0.0081,0.961,average_rankme,average_predictors
norm_asym,transfer_score_str,0,per_ckpt,step2150000-tokens11012B,72,0.0063,0.974,-0.0083,0.961,average_rankme,average_predictors
norm_asym,transfer_score_str,0,per_ckpt,step2200000-tokens11432B,72,0.0063,0.974,-0.0084,0.961,average_rankme,average_predictors
norm_asym,transfer_score_str,0,per_ckpt,step2250000-tokens11852B,72,0.0063,0.974,-0.0087,0.961,average_rankme,average_predictors
norm_asym,transfer_score_str,0,per_ckpt,step2300000-tokens12272B,72,0.0063,0.974,-0.0088,0.962,average_rankme,average_predictors
norm_asym,transfer_score_str,0,per_ckpt,step2350000-tokens12692B,72,0.0063,0.974,-0.009,0.962,average_rankme,average_predictors
norm_asym,transfer_score_str,0,per_ckpt,step2400000-tokens13112B,72,0.0063,0.975,-0.0091,0.962,average_rankme,average_predictors
norm_asym,transfer_score_str,0,per_ckpt,step2450000-tokens13532B,72,0.0063,0.975,-0.0091,0.961,average_rankme,average_predictors
norm_asym,transfer_score_str,0,per_ckpt,step2500000-tokens13952B,72,0.0063,0.975,-0.0091,0.961,average_rankme,average_predictors
norm_asym,transfer_score_str,0,per_ckpt,step2550000-tokens14372B,72,0.0063,0.982,-0.0093,0.96,average_rankme,average_predictors
norm_asym,transfer_score_str,0,per_ckpt,step2600000-tokens14792B,72,0.0063,0.983,-0.0096,0.96,average_rankme,average_predictors
norm_asym,transfer_score_str,0,per_ckpt,step2627139-tokens15T,72,0.0051,0.983,-0.0097,0.959,average_rankme,average_predictors
norm_asym,transfer_score_str,0,per_ckpt,main,72,0.0046,0.983,-0.0098,0.959,average_rankme,average_predictors
norm_asym,overall_score_str,0,per_ckpt,step50000-tokens210B,72,0.101,0.5754,0.0177,0.9311,average_rankme,average_predictors
norm_asym,overall_score_str,0,per_ckpt,step100000-tokens420B,72,0.108,0.5824,0.0218,0.9141,average_rankme,average_predictors
norm_asym,overall_score_str,0,per_ckpt,step150000-tokens630B,72,0.1076,0.5954,0.0209,0.9141,average_rankme,average_predictors
norm_asym,overall_score_str,0,per_ckpt,step200000-tokens840B,72,0.1025,0.5864,0.0189,0.9201,average_rankme,average_predictors
norm_asym,overall_score_str,0,per_ckpt,step250000-tokens1050B,72,0.0987,0.6034,0.0205,0.9211,average_rankme,average_predictors
norm_asym,overall_score_str,0,per_ckpt,step300000-tokens1260B,72,0.0952,0.5954,0.0211,0.9211,average_rankme,average_predictors
norm_asym,overall_score_str,0,per_ckpt,step350000-tokens1470B,72,0.0952,0.6024,0.0206,0.9221,average_rankme,average_predictors
norm_asym,overall_score_str,0,per_ckpt,step400000-tokens1680B,72,0.107,0.5704,0.0204,0.9201,average_rankme,average_predictors
norm_asym,overall_score_str,0,per_ckpt,step450000-tokens1890B,72,0.107,0.5704,0.0199,0.9221,average_rankme,average_predictors
norm_asym,overall_score_str,0,per_ckpt,step500000-tokens2100B,72,0.1073,0.5674,0.0194,0.9231,average_rankme,average_predictors
norm_asym,overall_score_str,0,per_ckpt,step550000-tokens2310B,72,0.1073,0.5624,0.0194,0.9211,average_rankme,average_predictors
norm_asym,overall_score_str,0,per_ckpt,step600000-tokens2520B,72,0.1097,0.5684,0.0199,0.9211,average_rankme,average_predictors
norm_asym,overall_score_str,0,per_ckpt,step650000-tokens2730B,72,0.1089,0.5694,0.0198,0.9221,average_rankme,average_predictors
norm_asym,overall_score_str,0,per_ckpt,step700000-tokens2940B,72,0.1067,0.5714,0.0195,0.9221,average_rankme,average_predictors
norm_asym,overall_score_str,0,per_ckpt,step750000-tokens3150B,72,0.1067,0.5714,0.0192,0.9231,average_rankme,average_predictors
norm_asym,overall_score_str,0,per_ckpt,step800000-tokens3360B,72,0.1064,0.5714,0.0189,0.9251,average_rankme,average_predictors
norm_asym,overall_score_str,0,per_ckpt,step850000-tokens3570B,72,0.107,0.5804,0.019,0.9251,average_rankme,average_predictors
norm_asym,overall_score_str,0,per_ckpt,step900000-tokens3780B,72,0.107,0.5804,0.0188,0.9291,average_rankme,average_predictors
norm_asym,overall_score_str,0,per_ckpt,step950000-tokens3990B,72,0.107,0.5804,0.0184,0.9321,average_rankme,average_predictors
norm_asym,overall_score_str,0,per_ckpt,step1000000-tokens4200B,72,0.107,0.5804,0.0181,0.9361,average_rankme,average_predictors
norm_asym,overall_score_str,0,per_ckpt,step1194000-tokens5014B,72,0.1038,0.5854,0.0176,0.9391,average_rankme,average_predictors
norm_asym,overall_score_str,0,per_ckpt,step1432000-tokens6014B,72,0.1038,0.5854,0.0173,0.9401,average_rankme,average_predictors
norm_asym,overall_score_str,0,per_ckpt,step1670000-tokens7014B,72,0.1053,0.5804,0.0177,0.9331,average_rankme,average_predictors
norm_asym,overall_score_str,0,per_ckpt,step1678000-tokens7047B,72,0.1053,0.5804,0.0173,0.9371,average_rankme,average_predictors
norm_asym,overall_score_str,0,per_ckpt,step1700000-tokens7232B,72,0.1053,0.5804,0.0172,0.9381,average_rankme,average_predictors
norm_asym,overall_score_str,0,per_ckpt,step1750000-tokens7652B,72,0.1053,0.5804,0.0171,0.9371,average_rankme,average_predictors
norm_asym,overall_score_str,0,per_ckpt,step1800000-tokens8072B,72,0.1053,0.5804,0.0172,0.9351,average_rankme,average_predictors
norm_asym,overall_score_str,0,per_ckpt,step1850000-tokens8492B,72,0.1069,0.5794,0.0172,0.9381,average_rankme,average_predictors
norm_asym,overall_score_str,0,per_ckpt,step1900000-tokens8912B,72,0.1069,0.5794,0.0172,0.9371,average_rankme,average_predictors
norm_asym,overall_score_str,0,per_ckpt,step1950000-tokens9332B,72,0.1054,0.5734,0.0175,0.9371,average_rankme,average_predictors
norm_asym,overall_score_str,0,per_ckpt,step2000000-tokens9752B,72,0.1054,0.5784,0.0177,0.9371,average_rankme,average_predictors
norm_asym,overall_score_str,0,per_ckpt,step2050000-tokens10172B,72,0.1054,0.5784,0.0176,0.9371,average_rankme,average_predictors
norm_asym,overall_score_str,0,per_ckpt,step2100000-tokens10592B,72,0.1054,0.5784,0.0178,0.9361,average_rankme,average_predictors
norm_asym,overall_score_str,0,per_ckpt,step2150000-tokens11012B,72,0.1054,0.5784,0.018,0.9351,average_rankme,average_predictors
norm_asym,overall_score_str,0,per_ckpt,step2200000-tokens11432B,72,0.1054,0.5784,0.018,0.9341,average_rankme,average_predictors
norm_asym,overall_score_str,0,per_ckpt,step2250000-tokens11852B,72,0.1054,0.5784,0.0179,0.9351,average_rankme,average_predictors
norm_asym,overall_score_str,0,per_ckpt,step2300000-tokens12272B,72,0.1054,0.5784,0.0179,0.9361,average_rankme,average_predictors
norm_asym,overall_score_str,0,per_ckpt,step2350000-tokens12692B,72,0.1054,0.5784,0.0179,0.9351,average_rankme,average_predictors
norm_asym,overall_score_str,0,per_ckpt,step2400000-tokens13112B,72,0.1054,0.5734,0.018,0.9351,average_rankme,average_predictors
norm_asym,overall_score_str,0,per_ckpt,step2450000-tokens13532B,72,0.1054,0.5734,0.0181,0.9351,average_rankme,average_predictors
norm_asym,overall_score_str,0,per_ckpt,step2500000-tokens13952B,72,0.1054,0.5734,0.0184,0.9351,average_rankme,average_predictors
norm_asym,overall_score_str,0,per_ckpt,step2550000-tokens14372B,72,0.1054,0.5794,0.0185,0.9341,average_rankme,average_predictors
norm_asym,overall_score_str,0,per_ckpt,step2600000-tokens14792B,72,0.1054,0.5794,0.0187,0.9331,average_rankme,average_predictors
norm_asym,overall_score_str,0,per_ckpt,step2627139-tokens15T,72,0.1038,0.5794,0.019,0.9311,average_rankme,average_predictors
norm_asym,overall_score_str,0,per_ckpt,main,72,0.1038,0.5794,0.0194,0.9301,average_rankme,average_predictors
norm_asym,transfer_margin_str,0,per_ckpt,step50000-tokens210B,72,0.3509,0.1748,0.2982,0.2677,average_rankme,average_predictors
norm_asym,transfer_margin_str,0,per_ckpt,step100000-tokens420B,72,0.3629,0.1638,0.3107,0.2557,average_rankme,average_predictors
norm_asym,transfer_margin_str,0,per_ckpt,step150000-tokens630B,72,0.3627,0.1459,0.3156,0.2488,average_rankme,average_predictors
norm_asym,transfer_margin_str,0,per_ckpt,step200000-tokens840B,72,0.3678,0.1479,0.3183,0.2438,average_rankme,average_predictors
norm_asym,transfer_margin_str,0,per_ckpt,step250000-tokens1050B,72,0.3709,0.1459,0.3166,0.2418,average_rankme,average_predictors
norm_asym,transfer_margin_str,0,per_ckpt,step300000-tokens1260B,72,0.3703,0.1479,0.3151,0.2418,average_rankme,average_predictors
norm_asym,transfer_margin_str,0,per_ckpt,step350000-tokens1470B,72,0.3703,0.1409,0.3142,0.2448,average_rankme,average_predictors
norm_asym,transfer_margin_str,0,per_ckpt,step400000-tokens1680B,72,0.3641,0.1499,0.3127,0.2438,average_rankme,average_predictors
norm_asym,transfer_margin_str,0,per_ckpt,step450000-tokens1890B,72,0.3641,0.1499,0.3121,0.2468,average_rankme,average_predictors
norm_asym,transfer_margin_str,0,per_ckpt,step500000-tokens2100B,72,0.3657,0.1518,0.3113,0.2488,average_rankme,average_predictors
norm_asym,transfer_margin_str,0,per_ckpt,step550000-tokens2310B,72,0.3657,0.1608,0.3104,0.2488,average_rankme,average_predictors
norm_asym,transfer_margin_str,0,per_ckpt,step600000-tokens2520B,72,0.3604,0.1628,0.309,0.2517,average_rankme,average_predictors
norm_asym,transfer_margin_str,0,per_ckpt,step650000-tokens2730B,72,0.359,0.1658,0.308,0.2547,average_rankme,average_predictors
norm_asym,transfer_margin_str,0,per_ckpt,step700000-tokens2940B,72,0.3583,0.1688,0.3073,0.2527,average_rankme,average_predictors
norm_asym,transfer_margin_str,0,per_ckpt,step750000-tokens3150B,72,0.3583,0.1688,0.3068,0.2547,average_rankme,average_predictors
norm_asym,transfer_margin_str,0,per_ckpt,step800000-tokens3360B,72,0.3573,0.1688,0.306,0.2557,average_rankme,average_predictors
norm_asym,transfer_margin_str,0,per_ckpt,step850000-tokens3570B,72,0.3557,0.1648,0.3055,0.2577,average_rankme,average_predictors
norm_asym,transfer_margin_str,0,per_ckpt,step900000-tokens3780B,72,0.3557,0.1648,0.3055,0.2577,average_rankme,average_predictors
norm_asym,transfer_margin_str,0,per_ckpt,step950000-tokens3990B,72,0.3557,0.1648,0.3054,0.2577,average_rankme,average_predictors
norm_asym,transfer_margin_str,0,per_ckpt,step1000000-tokens4200B,72,0.3557,0.1648,0.3055,0.2577,average_rankme,average_predictors
norm_asym,transfer_margin_str,0,per_ckpt,step1194000-tokens5014B,72,0.3581,0.1608,0.3059,0.2557,average_rankme,average_predictors
norm_asym,transfer_margin_str,0,per_ckpt,step1432000-tokens6014B,72,0.3581,0.1608,0.3059,0.2537,average_rankme,average_predictors
norm_asym,transfer_margin_str,0,per_ckpt,step1670000-tokens7014B,72,0.3574,0.1648,0.3073,0.2517,average_rankme,average_predictors
norm_asym,transfer_margin_str,0,per_ckpt,step1678000-tokens7047B,72,0.3587,0.1648,0.3077,0.2517,average_rankme,average_predictors
norm_asym,transfer_margin_str,0,per_ckpt,step1700000-tokens7232B,72,0.3587,0.1648,0.3077,0.2517,average_rankme,average_predictors
norm_asym,transfer_margin_str,0,per_ckpt,step1750000-tokens7652B,72,0.3587,0.1648,0.3081,0.2517,average_rankme,average_predictors
norm_asym,transfer_margin_str,0,per_ckpt,step1800000-tokens8072B,72,0.3587,0.1648,0.3076,0.2517,average_rankme,average_predictors
norm_asym,transfer_margin_str,0,per_ckpt,step1850000-tokens8492B,72,0.3571,0.1598,0.307,0.2527,average_rankme,average_predictors
norm_asym,transfer_margin_str,0,per_ckpt,step1900000-tokens8912B,72,0.3571,0.1578,0.3064,0.2547,average_rankme,average_predictors
norm_asym,transfer_margin_str,0,per_ckpt,step1950000-tokens9332B,72,0.3577,0.1588,0.3055,0.2567,average_rankme,average_predictors
norm_asym,transfer_margin_str,0,per_ckpt,step2000000-tokens9752B,72,0.3577,0.1588,0.3053,0.2567,average_rankme,average_predictors
norm_asym,transfer_margin_str,0,per_ckpt,step2050000-tokens10172B,72,0.3577,0.1588,0.3052,0.2577,average_rankme,average_predictors
norm_asym,transfer_margin_str,0,per_ckpt,step2100000-tokens10592B,72,0.3577,0.1588,0.3052,0.2567,average_rankme,average_predictors
norm_asym,transfer_margin_str,0,per_ckpt,step2150000-tokens11012B,72,0.3577,0.1588,0.3047,0.2587,average_rankme,average_predictors
norm_asym,transfer_margin_str,0,per_ckpt,step2200000-tokens11432B,72,0.3577,0.1588,0.3047,0.2587,average_rankme,average_predictors
norm_asym,transfer_margin_str,0,per_ckpt,step2250000-tokens11852B,72,0.3577,0.1588,0.3044,0.2587,average_rankme,average_predictors
norm_asym,transfer_margin_str,0,per_ckpt,step2300000-tokens12272B,72,0.3577,0.1588,0.3044,0.2587,average_rankme,average_predictors
norm_asym,transfer_margin_str,0,per_ckpt,step2350000-tokens12692B,72,0.3577,0.1588,0.3044,0.2577,average_rankme,average_predictors
norm_asym,transfer_margin_str,0,per_ckpt,step2400000-tokens13112B,72,0.3577,0.1588,0.3046,0.2577,average_rankme,average_predictors
norm_asym,transfer_margin_str,0,per_ckpt,step2450000-tokens13532B,72,0.3577,0.1588,0.3045,0.2577,average_rankme,average_predictors
norm_asym,transfer_margin_str,0,per_ckpt,step2500000-tokens13952B,72,0.3577,0.1588,0.3041,0.2577,average_rankme,average_predictors
norm_asym,transfer_margin_str,0,per_ckpt,step2550000-tokens14372B,72,0.3577,0.1578,0.3039,0.2567,average_rankme,average_predictors
norm_asym,transfer_margin_str,0,per_ckpt,step2600000-tokens14792B,72,0.3577,0.1598,0.3037,0.2567,average_rankme,average_predictors
norm_asym,transfer_margin_str,0,per_ckpt,step2627139-tokens15T,72,0.3594,0.1598,0.3033,0.2567,average_rankme,average_predictors
norm_asym,transfer_margin_str,0,per_ckpt,main,72,0.3581,0.1598,0.303,0.2577,average_rankme,average_predictors
norm_asym,overall_margin_str,0,per_ckpt,step50000-tokens210B,72,0.329,0.1279,0.3453,0.1149,average_rankme,average_predictors
norm_asym,overall_margin_str,0,per_ckpt,step100000-tokens420B,72,0.3326,0.1259,0.3532,0.1069,average_rankme,average_predictors
norm_asym,overall_margin_str,0,per_ckpt,step150000-tokens630B,72,0.3305,0.1239,0.3558,0.1039,average_rankme,average_predictors
norm_asym,overall_margin_str,0,per_ckpt,step200000-tokens840B,72,0.3237,0.1259,0.3556,0.1029,average_rankme,average_predictors
norm_asym,overall_margin_str,0,per_ckpt,step250000-tokens1050B,72,0.3212,0.1269,0.357,0.0999,average_rankme,average_predictors
norm_asym,overall_margin_str,0,per_ckpt,step300000-tokens1260B,72,0.324,0.1209,0.3584,0.0959,average_rankme,average_predictors
norm_asym,overall_margin_str,0,per_ckpt,step350000-tokens1470B,72,0.324,0.1269,0.3575,0.0979,average_rankme,average_predictors
norm_asym,overall_margin_str,0,per_ckpt,step400000-tokens1680B,72,0.3344,0.1119,0.3577,0.0969,average_rankme,average_predictors
norm_asym,overall_margin_str,0,per_ckpt,step450000-tokens1890B,72,0.3344,0.1119,0.3576,0.0969,average_rankme,average_predictors
norm_asym,overall_margin_str,0,per_ckpt,step500000-tokens2100B,72,0.3361,0.1129,0.3575,0.0969,average_rankme,average_predictors
norm_asym,overall_margin_str,0,per_ckpt,step550000-tokens2310B,72,0.3361,0.1159,0.358,0.0969,average_rankme,average_predictors
norm_asym,overall_margin_str,0,per_ckpt,step600000-tokens2520B,72,0.3385,0.1169,0.3585,0.0969,average_rankme,average_predictors
norm_asym,overall_margin_str,0,per_ckpt,step650000-tokens2730B,72,0.3394,0.1179,0.3586,0.0969,average_rankme,average_predictors
norm_asym,overall_margin_str,0,per_ckpt,step700000-tokens2940B,72,0.3367,0.1189,0.3588,0.0969,average_rankme,average_predictors
norm_asym,overall_margin_str,0,per_ckpt,step750000-tokens3150B,72,0.3367,0.1189,0.3588,0.0969,average_rankme,average_predictors
norm_asym,overall_margin_str,0,per_ckpt,step800000-tokens3360B,72,0.3362,0.1189,0.3585,0.0969,average_rankme,average_predictors
norm_asym,overall_margin_str,0,per_ckpt,step850000-tokens3570B,72,0.337,0.1179,0.3587,0.0959,average_rankme,average_predictors
norm_asym,overall_margin_str,0,per_ckpt,step900000-tokens3780B,72,0.337,0.1179,0.3589,0.0959,average_rankme,average_predictors
norm_asym,overall_margin_str,0,per_ckpt,step950000-tokens3990B,72,0.337,0.1179,0.3584,0.0969,average_rankme,average_predictors
norm_asym,overall_margin_str,0,per_ckpt,step1000000-tokens4200B,72,0.337,0.1179,0.3585,0.0969,average_rankme,average_predictors
norm_asym,overall_margin_str,0,per_ckpt,step1194000-tokens5014B,72,0.3365,0.1189,0.3584,0.0959,average_rankme,average_predictors
norm_asym,overall_margin_str,0,per_ckpt,step1432000-tokens6014B,72,0.3365,0.1189,0.3583,0.0959,average_rankme,average_predictors
norm_asym,overall_margin_str,0,per_ckpt,step1670000-tokens7014B,72,0.3376,0.1179,0.3588,0.0959,average_rankme,average_predictors
norm_asym,overall_margin_str,0,per_ckpt,step1678000-tokens7047B,72,0.3372,0.1179,0.3587,0.0959,average_rankme,average_predictors
norm_asym,overall_margin_str,0,per_ckpt,step1700000-tokens7232B,72,0.3372,0.1179,0.3585,0.0959,average_rankme,average_predictors
norm_asym,overall_margin_str,0,per_ckpt,step1750000-tokens7652B,72,0.3372,0.1179,0.3585,0.0959,average_rankme,average_predictors
norm_asym,overall_margin_str,0,per_ckpt,step1800000-tokens8072B,72,0.3372,0.1179,0.3582,0.0959,average_rankme,average_predictors
norm_asym,overall_margin_str,0,per_ckpt,step1850000-tokens8492B,72,0.3366,0.1169,0.3576,0.0979,average_rankme,average_predictors
norm_asym,overall_margin_str,0,per_ckpt,step1900000-tokens8912B,72,0.3366,0.1179,0.3572,0.0979,average_rankme,average_predictors
norm_asym,overall_margin_str,0,per_ckpt,step1950000-tokens9332B,72,0.3355,0.1199,0.357,0.0979,average_rankme,average_predictors
norm_asym,overall_margin_str,0,per_ckpt,step2000000-tokens9752B,72,0.3355,0.1199,0.3571,0.0979,average_rankme,average_predictors
norm_asym,overall_margin_str,0,per_ckpt,step2050000-tokens10172B,72,0.3355,0.1199,0.357,0.0979,average_rankme,average_predictors
norm_asym,overall_margin_str,0,per_ckpt,step2100000-tokens10592B,72,0.3355,0.1199,0.3571,0.0979,average_rankme,average_predictors
norm_asym,overall_margin_str,0,per_ckpt,step2150000-tokens11012B,72,0.3355,0.1199,0.357,0.0979,average_rankme,average_predictors
norm_asym,overall_margin_str,0,per_ckpt,step2200000-tokens11432B,72,0.3355,0.1199,0.357,0.0979,average_rankme,average_predictors
norm_asym,overall_margin_str,0,per_ckpt,step2250000-tokens11852B,72,0.3355,0.1199,0.3567,0.0979,average_rankme,average_predictors
norm_asym,overall_margin_str,0,per_ckpt,step2300000-tokens12272B,72,0.3355,0.1199,0.3567,0.0979,average_rankme,average_predictors
norm_asym,overall_margin_str,0,per_ckpt,step2350000-tokens12692B,72,0.3355,0.1199,0.3568,0.0979,average_rankme,average_predictors
norm_asym,overall_margin_str,0,per_ckpt,step2400000-tokens13112B,72,0.3355,0.1199,0.357,0.0969,average_rankme,average_predictors
norm_asym,overall_margin_str,0,per_ckpt,step2450000-tokens13532B,72,0.3355,0.1199,0.3572,0.0979,average_rankme,average_predictors
norm_asym,overall_margin_str,0,per_ckpt,step2500000-tokens13952B,72,0.3355,0.1199,0.3574,0.0979,average_rankme,average_predictors
norm_asym,overall_margin_str,0,per_ckpt,step2550000-tokens14372B,72,0.3355,0.1179,0.3576,0.0979,average_rankme,average_predictors
norm_asym,overall_margin_str,0,per_ckpt,step2600000-tokens14792B,72,0.3355,0.1169,0.3577,0.0959,average_rankme,average_predictors
norm_asym,overall_margin_str,0,per_ckpt,step2627139-tokens15T,72,0.3361,0.1169,0.3579,0.0959,average_rankme,average_predictors
norm_asym,overall_margin_str,0,per_ckpt,main,72,0.3365,0.1169,0.3583,0.0959,average_rankme,average_predictors
abs_diff,accuracy_majority,0,pooled,,3240,0.0722,0.0,0.0591,0.0008,average_predictors,none
abs_diff,overall_score,0,pooled,,3240,0.019,0.2807,0.0271,0.1235,average_predictors,none
abs_diff,transfer_score,0,pooled,,3240,-0.0268,0.1269,-0.0015,0.9338,average_predictors,none
abs_diff,transfer_score_str,0,pooled,,3240,-0.2645,0.0,-0.2943,0.0,average_predictors,none
abs_diff,overall_score_str,0,pooled,,3240,-0.2035,0.0,-0.2406,0.0,average_predictors,none
abs_diff,transfer_margin_str,0,pooled,,3240,-0.1921,0.0,-0.1613,0.0,average_predictors,none
abs_diff,overall_margin_str,0,pooled,,3240,-0.2529,0.0,-0.3064,0.0,average_predictors,none
signed_diff,accuracy_majority,0,pooled,,3240,-0.1824,0.0,-0.154,0.0,average_predictors,none
signed_diff,overall_score,0,pooled,,3240,0.014,0.426,0.0698,0.0001,average_predictors,none
signed_diff,transfer_score,0,pooled,,3240,0.0037,0.8312,0.0586,0.0009,average_predictors,none
signed_diff,transfer_score_str,0,pooled,,3240,0.0182,0.3009,0.0063,0.7212,average_predictors,none
signed_diff,overall_score_str,0,pooled,,3240,0.0942,0.0,0.0065,0.7122,average_predictors,none
signed_diff,transfer_margin_str,0,pooled,,3240,0.3538,0.0,0.3075,0.0,average_predictors,none
signed_diff,overall_margin_str,0,pooled,,3240,0.3251,0.0,0.3603,0.0,average_predictors,none
min_rankme,accuracy_majority,0,pooled,,3240,-0.0879,0.0,-0.0945,0.0,average_predictors,none
min_rankme,overall_score,0,pooled,,3240,0.0396,0.0241,0.0106,0.5463,average_predictors,none
min_rankme,transfer_score,0,pooled,,3240,0.0526,0.0028,0.0116,0.5092,average_predictors,none
min_rankme,transfer_score_str,0,pooled,,3240,0.2849,0.0,0.2881,0.0,average_predictors,none
min_rankme,overall_score_str,0,pooled,,3240,0.2673,0.0,0.2354,0.0,average_predictors,none
min_rankme,transfer_margin_str,0,pooled,,3240,0.3066,0.0,0.2739,0.0,average_predictors,none
min_rankme,overall_margin_str,0,pooled,,3240,0.4266,0.0,0.4395,0.0,average_predictors,none
norm_asym,accuracy_majority,0,pooled,,3240,-0.2241,0.0,-0.2256,0.0,average_predictors,none
norm_asym,overall_score,0,pooled,,3240,-0.0189,0.2831,0.0239,0.173,average_predictors,none
norm_asym,transfer_score,0,pooled,,3240,-0.0174,0.3222,0.012,0.4963,average_predictors,none
norm_asym,transfer_score_str,0,pooled,,3240,-0.014,0.4264,-0.0269,0.1263,average_predictors,none
norm_asym,overall_score_str,0,pooled,,3240,0.0873,0.0,0.0115,0.5134,average_predictors,none
norm_asym,transfer_margin_str,0,pooled,,3240,0.3578,0.0,0.3041,0.0,average_predictors,none
norm_asym,overall_margin_str,0,pooled,,3240,0.3162,0.0,0.3481,0.0,average_predictors,none
abs_diff,accuracy_majority,0,per_ckpt,step50000-tokens210B,72,0.0953,0.4925,0.0836,0.4875,average_predictors,none
abs_diff,accuracy_majority,0,per_ckpt,step100000-tokens420B,72,0.1235,0.3417,0.1106,0.3487,average_predictors,none
abs_diff,accuracy_majority,0,per_ckpt,step150000-tokens630B,72,0.1146,0.3487,0.1009,0.4076,average_predictors,none
abs_diff,accuracy_majority,0,per_ckpt,step200000-tokens840B,72,0.121,0.3596,0.1027,0.4006,average_predictors,none
abs_diff,accuracy_majority,0,per_ckpt,step250000-tokens1050B,72,0.1031,0.4006,0.0898,0.4655,average_predictors,none
abs_diff,accuracy_majority,0,per_ckpt,step300000-tokens1260B,72,0.0983,0.3936,0.0799,0.5025,average_predictors,none
abs_diff,accuracy_majority,0,per_ckpt,step350000-tokens1470B,72,0.1104,0.3776,0.0903,0.4605,average_predictors,none
abs_diff,accuracy_majority,0,per_ckpt,step400000-tokens1680B,72,0.092,0.4166,0.0751,0.5035,average_predictors,none
abs_diff,accuracy_majority,0,per_ckpt,step450000-tokens1890B,72,0.0878,0.4246,0.0738,0.5135,average_predictors,none
abs_diff,accuracy_majority,0,per_ckpt,step500000-tokens2100B,72,0.0875,0.4086,0.0689,0.5275,average_predictors,none
abs_diff,accuracy_majority,0,per_ckpt,step550000-tokens2310B,72,0.0671,0.4605,0.0615,0.5524,average_predictors,none
abs_diff,accuracy_majority,0,per_ckpt,step600000-tokens2520B,72,0.0567,0.5534,0.0559,0.5844,average_predictors,none
abs_diff,accuracy_majority,0,per_ckpt,step650000-tokens2730B,72,0.0639,0.5435,0.0497,0.6274,average_predictors,none
abs_diff,accuracy_majority,0,per_ckpt,step700000-tokens2940B,72,0.0504,0.6593,0.0471,0.6354,average_predictors,none
abs_diff,accuracy_majority,0,per_ckpt,step750000-tokens3150B,72,0.0648,0.5295,0.051,0.6154,average_predictors,none
abs_diff,accuracy_majority,0,per_ckpt,step800000-tokens3360B,72,0.0418,0.6713,0.0458,0.6683,average_predictors,none
abs_diff,accuracy_majority,0,per_ckpt,step850000-tokens3570B,72,0.079,0.4755,0.0537,0.6004,average_predictors,none
abs_diff,accuracy_majority,0,per_ckpt,step900000-tokens3780B,72,0.0754,0.4276,0.0618,0.5604,average_predictors,none
abs_diff,accuracy_majority,0,per_ckpt,step950000-tokens3990B,72,0.0878,0.4436,0.0609,0.5544,average_predictors,none
abs_diff,accuracy_majority,0,per_ckpt,step1000000-tokens4200B,72,0.0753,0.4476,0.0585,0.5654,average_predictors,none
abs_diff,accuracy_majority,0,per_ckpt,step1194000-tokens5014B,72,0.0736,0.4735,0.0554,0.5934,average_predictors,none
abs_diff,accuracy_majority,0,per_ckpt,step1432000-tokens6014B,72,0.0793,0.4505,0.0602,0.5814,average_predictors,none
abs_diff,accuracy_majority,0,per_ckpt,step1670000-tokens7014B,72,0.0421,0.3137,0.0443,0.3477,average_predictors,none
abs_diff,accuracy_majority,0,per_ckpt,step1678000-tokens7047B,72,0.0851,0.4316,0.0648,0.5275,average_predictors,none
abs_diff,accuracy_majority,0,per_ckpt,step1700000-tokens7232B,72,0.0838,0.4296,0.0724,0.5115,average_predictors,none
abs_diff,accuracy_majority,0,per_ckpt,step1750000-tokens7652B,72,0.0976,0.3856,0.0781,0.4615,average_predictors,none
abs_diff,accuracy_majority,0,per_ckpt,step1800000-tokens8072B,72,0.0844,0.3986,0.0696,0.5275,average_predictors,none
abs_diff,accuracy_majority,0,per_ckpt,step1850000-tokens8492B,72,0.0698,0.4995,0.0565,0.5514,average_predictors,none
abs_diff,accuracy_majority,0,per_ckpt,step1900000-tokens8912B,72,0.0761,0.6314,0.0541,0.6144,average_predictors,none
abs_diff,accuracy_majority,0,per_ckpt,step1950000-tokens9332B,72,0.0543,0.6933,0.0521,0.6404,average_predictors,none
abs_diff,accuracy_majority,0,per_ckpt,step2000000-tokens9752B,72,0.0739,0.4655,0.0664,0.5465,average_predictors,none
abs_diff,accuracy_majority,0,per_ckpt,step2050000-tokens10172B,72,0.0753,0.4416,0.0633,0.5704,average_predictors,none
abs_diff,accuracy_majority,0,per_ckpt,step2100000-tokens10592B,72,0.0945,0.4416,0.0708,0.4975,average_predictors,none
abs_diff,accuracy_majority,0,per_ckpt,step2150000-tokens11012B,72,0.069,0.5165,0.0589,0.5554,average_predictors,none
abs_diff,accuracy_majority,0,per_ckpt,step2200000-tokens11432B,72,0.0805,0.4505,0.0676,0.5385,average_predictors,none
abs_diff,accuracy_majority,0,per_ckpt,step2250000-tokens11852B,72,0.0774,0.5634,0.0604,0.5874,average_predictors,none
abs_diff,accuracy_majority,0,per_ckpt,step2300000-tokens12272B,72,0.0741,0.4256,0.0616,0.5375,average_predictors,none
abs_diff,accuracy_majority,0,per_ckpt,step2350000-tokens12692B,72,0.0877,0.4096,0.0619,0.5704,average_predictors,none
abs_diff,accuracy_majority,0,per_ckpt,step2400000-tokens13112B,72,0.0938,0.4505,0.0648,0.5674,average_predictors,none
abs_diff,accuracy_majority,0,per_ckpt,step2450000-tokens13532B,72,0.0768,0.4855,0.0565,0.5674,average_predictors,none
abs_diff,accuracy_majority,0,per_ckpt,step2500000-tokens13952B,72,0.0665,0.5664,0.0543,0.6274,average_predictors,none
abs_diff,accuracy_majority,0,per_ckpt,step2550000-tokens14372B,72,0.0676,0.5335,0.0556,0.6194,average_predictors,none
abs_diff,accuracy_majority,0,per_ckpt,step2600000-tokens14792B,72,0.0722,0.5355,0.0555,0.6214,average_predictors,none
abs_diff,accuracy_majority,0,per_ckpt,step2627139-tokens15T,72,0.0694,0.5385,0.056,0.6154,average_predictors,none
abs_diff,accuracy_majority,0,per_ckpt,main,72,0.0697,0.5614,0.0556,0.6484,average_predictors,none
abs_diff,overall_score,0,per_ckpt,step50000-tokens210B,72,0.0422,0.8462,0.062,0.6623,average_predictors,none
abs_diff,overall_score,0,per_ckpt,step100000-tokens420B,72,0.0786,0.6294,0.1032,0.5245,average_predictors,none
abs_diff,overall_score,0,per_ckpt,step150000-tokens630B,72,0.0716,0.6813,0.0752,0.6653,average_predictors,none
abs_diff,overall_score,0,per_ckpt,step200000-tokens840B,72,0.0847,0.6533,0.0845,0.6184,average_predictors,none
abs_diff,overall_score,0,per_ckpt,step250000-tokens1050B,72,0.0456,0.7782,0.0593,0.7243,average_predictors,none
abs_diff,overall_score,0,per_ckpt,step300000-tokens1260B,72,0.0395,0.7802,0.0496,0.7552,average_predictors,none
abs_diff,overall_score,0,per_ckpt,step350000-tokens1470B,72,0.0481,0.7502,0.0674,0.6603,average_predictors,none
abs_diff,overall_score,0,per_ckpt,step400000-tokens1680B,72,0.0336,0.7762,0.0469,0.7473,average_predictors,none
abs_diff,overall_score,0,per_ckpt,step450000-tokens1890B,72,0.0273,0.8002,0.0482,0.7363,average_predictors,none
abs_diff,overall_score,0,per_ckpt,step500000-tokens2100B,72,0.0372,0.7383,0.0489,0.7243,average_predictors,none
abs_diff,overall_score,0,per_ckpt,step550000-tokens2310B,72,0.0084,0.8242,0.0369,0.7772,average_predictors,none
abs_diff,overall_score,0,per_ckpt,step600000-tokens2520B,72,-0.0001,0.9291,0.0257,0.8222,average_predictors,none
abs_diff,overall_score,0,per_ckpt,step650000-tokens2730B,72,0.0088,0.9121,0.0155,0.8681,average_predictors,none
abs_diff,overall_score,0,per_ckpt,step700000-tokens2940B,72,-0.0196,0.9101,0.0085,0.9081,average_predictors,none
abs_diff,overall_score,0,per_ckpt,step750000-tokens3150B,72,-0.013,0.9271,0.0036,0.9441,average_predictors,none
abs_diff,overall_score,0,per_ckpt,step800000-tokens3360B,72,-0.0248,0.8801,0.0132,0.9061,average_predictors,none
abs_diff,overall_score,0,per_ckpt,step850000-tokens3570B,72,0.009,0.9201,0.0072,0.9291,average_predictors,none
abs_diff,overall_score,0,per_ckpt,step900000-tokens3780B,72,0.0136,0.7962,0.0288,0.8172,average_predictors,none
abs_diff,overall_score,0,per_ckpt,step950000-tokens3990B,72,0.0232,0.7962,0.0244,0.8312,average_predictors,none
abs_diff,overall_score,0,per_ckpt,step1000000-tokens4200B,72,0.0189,0.7972,0.0251,0.8212,average_predictors,none
abs_diff,overall_score,0,per_ckpt,step1194000-tokens5014B,72,0.0253,0.7752,0.0247,0.8242,average_predictors,none
abs_diff,overall_score,0,per_ckpt,step1432000-tokens6014B,72,0.0232,0.8092,0.0247,0.8402,average_predictors,none
abs_diff,overall_score,0,per_ckpt,step1670000-tokens7014B,72,-0.0267,0.5744,0.0195,0.5604,average_predictors,none
abs_diff,overall_score,0,per_ckpt,step1678000-tokens7047B,72,0.0184,0.7692,0.0345,0.7712,average_predictors,none
abs_diff,overall_score,0,per_ckpt,step1700000-tokens7232B,72,0.0199,0.8022,0.0401,0.7662,average_predictors,none
abs_diff,overall_score,0,per_ckpt,step1750000-tokens7652B,72,0.0241,0.7742,0.0516,0.6873,average_predictors,none
abs_diff,overall_score,0,per_ckpt,step1800000-tokens8072B,72,0.0115,0.8072,0.0291,0.8202,average_predictors,none
abs_diff,overall_score,0,per_ckpt,step1850000-tokens8492B,72,-0.0076,0.9421,0.0077,0.8981,average_predictors,none
abs_diff,overall_score,0,per_ckpt,step1900000-tokens8912B,72,0.0053,0.8332,0.0108,0.9401,average_predictors,none
abs_diff,overall_score,0,per_ckpt,step1950000-tokens9332B,72,-0.0014,0.9371,0.0039,0.9251,average_predictors,none
abs_diff,overall_score,0,per_ckpt,step2000000-tokens9752B,72,0.0146,0.8112,0.0386,0.7862,average_predictors,none
abs_diff,overall_score,0,per_ckpt,step2050000-tokens10172B,72,0.0242,0.7752,0.0305,0.8222,average_predictors,none
abs_diff,overall_score,0,per_ckpt,step2100000-tokens10592B,72,0.0291,0.8222,0.0385,0.7702,average_predictors,none
abs_diff,overall_score,0,per_ckpt,step2150000-tokens11012B,72,0.0037,0.993,0.0165,0.8591,average_predictors,none
abs_diff,overall_score,0,per_ckpt,step2200000-tokens11432B,72,0.0296,0.7942,0.0362,0.7912,average_predictors,none
abs_diff,overall_score,0,per_ckpt,step2250000-tokens11852B,72,0.0051,0.969,0.0168,0.9141,average_predictors,none
abs_diff,overall_score,0,per_ckpt,step2300000-tokens12272B,72,0.003,0.8581,0.0131,0.8811,average_predictors,none
abs_diff,overall_score,0,per_ckpt,step2350000-tokens12692B,72,0.0229,0.8322,0.0179,0.8971,average_predictors,none
abs_diff,overall_score,0,per_ckpt,step2400000-tokens13112B,72,0.0288,0.8501,0.0251,0.8701,average_predictors,none
abs_diff,overall_score,0,per_ckpt,step2450000-tokens13532B,72,0.0221,0.8891,0.031,0.8192,average_predictors,none
abs_diff,overall_score,0,per_ckpt,step2500000-tokens13952B,72,0.0108,0.9371,0.0245,0.8651,average_predictors,none
abs_diff,overall_score,0,per_ckpt,step2550000-tokens14372B,72,0.0169,0.8811,0.0223,0.8831,average_predictors,none
abs_diff,overall_score,0,per_ckpt,step2600000-tokens14792B,72,0.0168,0.9301,0.018,0.9021,average_predictors,none
abs_diff,overall_score,0,per_ckpt,step2627139-tokens15T,72,0.0126,0.9001,0.0219,0.8791,average_predictors,none
abs_diff,overall_score,0,per_ckpt,main,72,0.0112,0.972,0.0161,0.967,average_predictors,none
abs_diff,transfer_score,0,per_ckpt,step50000-tokens210B,72,0.006,0.973,0.0358,0.8122,average_predictors,none
abs_diff,transfer_score,0,per_ckpt,step100000-tokens420B,72,0.0357,0.8092,0.067,0.6324,average_predictors,none
abs_diff,transfer_score,0,per_ckpt,step150000-tokens630B,72,0.0216,0.8531,0.0458,0.7542,average_predictors,none
abs_diff,transfer_score,0,per_ckpt,step200000-tokens840B,72,0.0416,0.8002,0.052,0.7253,average_predictors,none
abs_diff,transfer_score,0,per_ckpt,step250000-tokens1050B,72,0.0044,0.96,0.0319,0.8302,average_predictors,none
abs_diff,transfer_score,0,per_ckpt,step300000-tokens1260B,72,-0.0063,0.977,0.024,0.8661,average_predictors,none
abs_diff,transfer_score,0,per_ckpt,step350000-tokens1470B,72,0.0116,0.9351,0.0332,0.8162,average_predictors,none
abs_diff,transfer_score,0,per_ckpt,step400000-tokens1680B,72,-0.0081,0.98,0.0113,0.9011,average_predictors,none
abs_diff,transfer_score,0,per_ckpt,step450000-tokens1890B,72,-0.0172,0.968,0.018,0.8891,average_predictors,none
abs_diff,transfer_score,0,per_ckpt,step500000-tokens2100B,72,-0.0038,0.973,0.0155,0.8771,average_predictors,none
abs_diff,transfer_score,0,per_ckpt,step550000-tokens2310B,72,-0.0393,0.9171,0.004,0.9251,average_predictors,none
abs_diff,transfer_score,0,per_ckpt,step600000-tokens2520B,72,-0.0465,0.8651,-0.0056,0.964,average_predictors,none
abs_diff,transfer_score,0,per_ckpt,step650000-tokens2730B,72,-0.0372,0.8651,-0.0114,0.993,average_predictors,none
abs_diff,transfer_score,0,per_ckpt,step700000-tokens2940B,72,-0.0716,0.7133,-0.0223,0.9461,average_predictors,none
abs_diff,transfer_score,0,per_ckpt,step750000-tokens3150B,72,-0.0653,0.7223,-0.0255,0.9301,average_predictors,none
abs_diff,transfer_score,0,per_ckpt,step800000-tokens3360B,72,-0.0743,0.6763,-0.0198,0.9331,average_predictors,none
abs_diff,transfer_score,0,per_ckpt,step850000-tokens3570B,72,-0.0386,0.8382,-0.0226,0.9381,average_predictors,none
abs_diff,transfer_score,0,per_ckpt,step900000-tokens3780B,72,-0.0326,0.9371,-0.0042,0.965,average_predictors,none
abs_diff,transfer_score,0,per_ckpt,step950000-tokens3990B,72,-0.0211,0.9311,-0.0089,0.989,average_predictors,none
abs_diff,transfer_score,0,per_ckpt,step1000000-tokens4200B,72,-0.0271,0.9461,-0.0051,0.971,average_predictors,none
abs_diff,transfer_score,0,per_ckpt,step1194000-tokens5014B,72,-0.0175,0.98,-0.0032,0.969,average_predictors,none
abs_diff,transfer_score,0,per_ckpt,step1432000-tokens6014B,72,-0.0205,0.952,-0.0015,0.975,average_predictors,none
abs_diff,transfer_score,0,per_ckpt,step1670000-tokens7014B,72,-0.0774,0.7493,-0.0169,0.6124,average_predictors,none
abs_diff,transfer_score,0,per_ckpt,step1678000-tokens7047B,72,-0.0281,0.974,0.0021,0.9231,average_predictors,none
abs_diff,transfer_score,0,per_ckpt,step1700000-tokens7232B,72,-0.0261,0.954,0.0039,0.9321,average_predictors,none
abs_diff,transfer_score,0,per_ckpt,step1750000-tokens7652B,72,-0.0155,0.968,0.0196,0.8082,average_predictors,none
abs_diff,transfer_score,0,per_ckpt,step1800000-tokens8072B,72,-0.0377,0.97,-0.0108,0.985,average_predictors,none
abs_diff,transfer_score,0,per_ckpt,step1850000-tokens8492B,72,-0.0545,0.7672,-0.0333,0.9121,average_predictors,none
abs_diff,transfer_score,0,per_ckpt,step1900000-tokens8912B,72,-0.0426,0.6414,-0.0268,0.8861,average_predictors,none
abs_diff,transfer_score,0,per_ckpt,step1950000-tokens9332B,72,-0.0473,0.7353,-0.0298,0.9191,average_predictors,none
abs_diff,transfer_score,0,per_ckpt,step2000000-tokens9752B,72,-0.031,0.9461,0.0014,0.957,average_predictors,none
abs_diff,transfer_score,0,per_ckpt,step2050000-tokens10172B,72,-0.0234,0.985,-0.0001,0.963,average_predictors,none
abs_diff,transfer_score,0,per_ckpt,step2100000-tokens10592B,72,-0.0141,0.968,0.0029,0.9091,average_predictors,none
abs_diff,transfer_score,0,per_ckpt,step2150000-tokens11012B,72,-0.0439,0.7792,-0.0226,0.966,average_predictors,none
abs_diff,transfer_score,0,per_ckpt,step2200000-tokens11432B,72,-0.0121,0.98,0.0016,0.952,average_predictors,none
abs_diff,transfer_score,0,per_ckpt,step2250000-tokens11852B,72,-0.0414,0.7642,-0.0208,0.9111,average_predictors,none
abs_diff,transfer_score,0,per_ckpt,step2300000-tokens12272B,72,-0.0446,0.8961,-0.0156,0.995,average_predictors,none
abs_diff,transfer_score,0,per_ckpt,step2350000-tokens12692B,72,-0.0244,0.9291,-0.0043,0.991,average_predictors,none
abs_diff,transfer_score,0,per_ckpt,step2400000-tokens13112B,72,-0.0152,0.9441,0.0035,0.9431,average_predictors,none
abs_diff,transfer_score,0,per_ckpt,step2450000-tokens13532B,72,-0.0233,0.9181,0.0094,0.8901,average_predictors,none
abs_diff,transfer_score,0,per_ckpt,step2500000-tokens13952B,72,-0.031,0.8891,0.0067,0.9411,average_predictors,none
abs_diff,transfer_score,0,per_ckpt,step2550000-tokens14372B,72,-0.0241,0.9321,0.0016,0.964,average_predictors,none
abs_diff,transfer_score,0,per_ckpt,step2600000-tokens14792B,72,-0.025,0.9101,-0.0011,0.984,average_predictors,none
abs_diff,transfer_score,0,per_ckpt,step2627139-tokens15T,72,-0.0303,0.9051,-0.0006,0.962,average_predictors,none
abs_diff,transfer_score,0,per_ckpt,main,72,-0.0369,0.8521,-0.0033,0.981,average_predictors,none
abs_diff,transfer_score_str,0,per_ckpt,step50000-tokens210B,72,-0.2431,0.1319,-0.2671,0.1079,average_predictors,none
abs_diff,transfer_score_str,0,per_ckpt,step100000-tokens420B,72,-0.254,0.1369,-0.2849,0.1239,average_predictors,none
abs_diff,transfer_score_str,0,per_ckpt,step150000-tokens630B,72,-0.25,0.1439,-0.3057,0.1009,average_predictors,none
abs_diff,transfer_score_str,0,per_ckpt,step200000-tokens840B,72,-0.2389,0.1518,-0.2962,0.1159,average_predictors,none
abs_diff,transfer_score_str,0,per_ckpt,step250000-tokens1050B,72,-0.2768,0.1199,-0.3138,0.0919,average_predictors,none
abs_diff,transfer_score_str,0,per_ckpt,step300000-tokens1260B,72,-0.2665,0.1209,-0.3046,0.0889,average_predictors,none
abs_diff,transfer_score_str,0,per_ckpt,step350000-tokens1470B,72,-0.2565,0.1499,-0.2865,0.0959,average_predictors,none
abs_diff,transfer_score_str,0,per_ckpt,step400000-tokens1680B,72,-0.2675,0.1299,-0.2968,0.0899,average_predictors,none
abs_diff,transfer_score_str,0,per_ckpt,step450000-tokens1890B,72,-0.2703,0.1269,-0.2942,0.0899,average_predictors,none
abs_diff,transfer_score_str,0,per_ckpt,step500000-tokens2100B,72,-0.2511,0.1479,-0.2854,0.0939,average_predictors,none
abs_diff,transfer_score_str,0,per_ckpt,step550000-tokens2310B,72,-0.2835,0.1079,-0.2968,0.0869,average_predictors,none
abs_diff,transfer_score_str,0,per_ckpt,step600000-tokens2520B,72,-0.2984,0.0939,-0.3113,0.0779,average_predictors,none
abs_diff,transfer_score_str,0,per_ckpt,step650000-tokens2730B,72,-0.2845,0.1009,-0.3135,0.0779,average_predictors,none
abs_diff,transfer_score_str,0,per_ckpt,step700000-tokens2940B,72,-0.3008,0.0819,-0.3182,0.0769,average_predictors,none
abs_diff,transfer_score_str,0,per_ckpt,step750000-tokens3150B,72,-0.2983,0.1019,-0.3227,0.0759,average_predictors,none
abs_diff,transfer_score_str,0,per_ckpt,step800000-tokens3360B,72,-0.3045,0.0779,-0.3081,0.0729,average_predictors,none
abs_diff,transfer_score_str,0,per_ckpt,step850000-tokens3570B,72,-0.2915,0.1089,-0.3264,0.0749,average_predictors,none
abs_diff,transfer_score_str,0,per_ckpt,step900000-tokens3780B,72,-0.2856,0.1219,-0.3084,0.0859,average_predictors,none
abs_diff,transfer_score_str,0,per_ckpt,step950000-tokens3990B,72,-0.2763,0.1399,-0.3099,0.0859,average_predictors,none
abs_diff,transfer_score_str,0,per_ckpt,step1000000-tokens4200B,72,-0.2807,0.1249,-0.3174,0.0809,average_predictors,none
abs_diff,transfer_score_str,0,per_ckpt,step1194000-tokens5014B,72,-0.2682,0.1439,-0.31,0.0859,average_predictors,none
abs_diff,transfer_score_str,0,per_ckpt,step1432000-tokens6014B,72,-0.2662,0.1469,-0.31,0.0869,average_predictors,none
abs_diff,transfer_score_str,0,per_ckpt,step1670000-tokens7014B,72,-0.3278,0.2028,-0.3597,0.1349,average_predictors,none
abs_diff,transfer_score_str,0,per_ckpt,step1678000-tokens7047B,72,-0.2762,0.1389,-0.3103,0.0919,average_predictors,none
abs_diff,transfer_score_str,0,per_ckpt,step1700000-tokens7232B,72,-0.2751,0.1289,-0.3086,0.0909,average_predictors,none
abs_diff,transfer_score_str,0,per_ckpt,step1750000-tokens7652B,72,-0.2901,0.1269,-0.309,0.0969,average_predictors,none
abs_diff,transfer_score_str,0,per_ckpt,step1800000-tokens8072B,72,-0.289,0.1249,-0.3187,0.0849,average_predictors,none
abs_diff,transfer_score_str,0,per_ckpt,step1850000-tokens8492B,72,-0.2946,0.0969,-0.3333,0.0839,average_predictors,none
abs_diff,transfer_score_str,0,per_ckpt,step1900000-tokens8912B,72,-0.282,0.0739,-0.3246,0.0709,average_predictors,none
abs_diff,transfer_score_str,0,per_ckpt,step1950000-tokens9332B,72,-0.2912,0.0889,-0.3283,0.0579,average_predictors,none
abs_diff,transfer_score_str,0,per_ckpt,step2000000-tokens9752B,72,-0.2932,0.1039,-0.3127,0.0759,average_predictors,none
abs_diff,transfer_score_str,0,per_ckpt,step2050000-tokens10172B,72,-0.2631,0.1419,-0.3112,0.0839,average_predictors,none
abs_diff,transfer_score_str,0,per_ckpt,step2100000-tokens10592B,72,-0.2916,0.0999,-0.3271,0.0849,average_predictors,none
abs_diff,transfer_score_str,0,per_ckpt,step2150000-tokens11012B,72,-0.2914,0.1009,-0.3356,0.0729,average_predictors,none
abs_diff,transfer_score_str,0,per_ckpt,step2200000-tokens11432B,72,-0.278,0.1159,-0.3145,0.0839,average_predictors,none
abs_diff,transfer_score_str,0,per_ckpt,step2250000-tokens11852B,72,-0.2894,0.1049,-0.3279,0.0719,average_predictors,none
abs_diff,transfer_score_str,0,per_ckpt,step2300000-tokens12272B,72,-0.2971,0.1249,-0.3326,0.0799,average_predictors,none
abs_diff,transfer_score_str,0,per_ckpt,step2350000-tokens12692B,72,-0.2813,0.1369,-0.3261,0.0809,average_predictors,none
abs_diff,transfer_score_str,0,per_ckpt,step2400000-tokens13112B,72,-0.2699,0.1389,-0.3233,0.0849,average_predictors,none
abs_diff,transfer_score_str,0,per_ckpt,step2450000-tokens13532B,72,-0.2719,0.1339,-0.3043,0.0879,average_predictors,none
abs_diff,transfer_score_str,0,per_ckpt,step2500000-tokens13952B,72,-0.2756,0.1129,-0.3098,0.0839,average_predictors,none
abs_diff,transfer_score_str,0,per_ckpt,step2550000-tokens14372B,72,-0.2675,0.1399,-0.3122,0.0809,average_predictors,none
abs_diff,transfer_score_str,0,per_ckpt,step2600000-tokens14792B,72,-0.2722,0.1269,-0.318,0.0769,average_predictors,none
abs_diff,transfer_score_str,0,per_ckpt,step2627139-tokens15T,72,-0.2825,0.1119,-0.3155,0.0789,average_predictors,none
abs_diff,transfer_score_str,0,per_ckpt,main,72,-0.2798,0.1029,-0.322,0.0729,average_predictors,none
abs_diff,overall_score_str,0,per_ckpt,step50000-tokens210B,72,-0.1961,0.2338,-0.2163,0.2148,average_predictors,none
abs_diff,overall_score_str,0,per_ckpt,step100000-tokens420B,72,-0.2268,0.1948,-0.2458,0.1908,average_predictors,none
abs_diff,overall_score_str,0,per_ckpt,step150000-tokens630B,72,-0.212,0.2038,-0.2601,0.1698,average_predictors,none
abs_diff,overall_score_str,0,per_ckpt,step200000-tokens840B,72,-0.1985,0.2218,-0.2467,0.1898,average_predictors,none
abs_diff,overall_score_str,0,per_ckpt,step250000-tokens1050B,72,-0.2294,0.1848,-0.2706,0.1548,average_predictors,none
abs_diff,overall_score_str,0,per_ckpt,step300000-tokens1260B,72,-0.2162,0.1948,-0.2579,0.1588,average_predictors,none
abs_diff,overall_score_str,0,per_ckpt,step350000-tokens1470B,72,-0.206,0.2388,-0.2312,0.2068,average_predictors,none
abs_diff,overall_score_str,0,per_ckpt,step400000-tokens1680B,72,-0.2093,0.2188,-0.2399,0.1868,average_predictors,none
abs_diff,overall_score_str,0,per_ckpt,step450000-tokens1890B,72,-0.2074,0.2448,-0.2384,0.1888,average_predictors,none
abs_diff,overall_score_str,0,per_ckpt,step500000-tokens2100B,72,-0.1886,0.2617,-0.2261,0.2058,average_predictors,none
abs_diff,overall_score_str,0,per_ckpt,step550000-tokens2310B,72,-0.2167,0.2198,-0.2359,0.1918,average_predictors,none
abs_diff,overall_score_str,0,per_ckpt,step600000-tokens2520B,72,-0.2364,0.1818,-0.2544,0.1718,average_predictors,none
abs_diff,overall_score_str,0,per_ckpt,step650000-tokens2730B,72,-0.2195,0.1908,-0.2542,0.1738,average_predictors,none
abs_diff,overall_score_str,0,per_ckpt,step700000-tokens2940B,72,-0.2268,0.1878,-0.2538,0.1768,average_predictors,none
abs_diff,overall_score_str,0,per_ckpt,step750000-tokens3150B,72,-0.2241,0.2168,-0.2567,0.1798,average_predictors,none
abs_diff,overall_score_str,0,per_ckpt,step800000-tokens3360B,72,-0.2247,0.1978,-0.2416,0.1868,average_predictors,none
abs_diff,overall_score_str,0,per_ckpt,step850000-tokens3570B,72,-0.2265,0.2168,-0.2625,0.1748,average_predictors,none
abs_diff,overall_score_str,0,per_ckpt,step900000-tokens3780B,72,-0.2197,0.2388,-0.2426,0.1918,average_predictors,none
abs_diff,overall_score_str,0,per_ckpt,step950000-tokens3990B,72,-0.2102,0.2667,-0.244,0.1988,average_predictors,none
abs_diff,overall_score_str,0,per_ckpt,step1000000-tokens4200B,72,-0.219,0.2328,-0.2541,0.1878,average_predictors,none
abs_diff,overall_score_str,0,per_ckpt,step1194000-tokens5014B,72,-0.2099,0.2567,-0.2459,0.1948,average_predictors,none
abs_diff,overall_score_str,0,per_ckpt,step1432000-tokens6014B,72,-0.2034,0.2667,-0.2508,0.1858,average_predictors,none
abs_diff,overall_score_str,0,per_ckpt,step1670000-tokens7014B,72,-0.2613,0.2438,-0.2996,0.1828,average_predictors,none
abs_diff,overall_score_str,0,per_ckpt,step1678000-tokens7047B,72,-0.2127,0.2647,-0.2458,0.1948,average_predictors,none
abs_diff,overall_score_str,0,per_ckpt,step1700000-tokens7232B,72,-0.2104,0.2458,-0.2429,0.1978,average_predictors,none
abs_diff,overall_score_str,0,per_ckpt,step1750000-tokens7652B,72,-0.2319,0.2148,-0.2533,0.1868,average_predictors,none
abs_diff,overall_score_str,0,per_ckpt,step1800000-tokens8072B,72,-0.2232,0.2258,-0.2545,0.1908,average_predictors,none
abs_diff,overall_score_str,0,per_ckpt,step1850000-tokens8492B,72,-0.2252,0.2178,-0.2623,0.1958,average_predictors,none
abs_diff,overall_score_str,0,per_ckpt,step1900000-tokens8912B,72,-0.2138,0.1908,-0.255,0.1888,average_predictors,none
abs_diff,overall_score_str,0,per_ckpt,step1950000-tokens9332B,72,-0.2281,0.2248,-0.2694,0.1648,average_predictors,none
abs_diff,overall_score_str,0,per_ckpt,step2000000-tokens9752B,72,-0.2266,0.2058,-0.2503,0.1838,average_predictors,none
abs_diff,overall_score_str,0,per_ckpt,step2050000-tokens10172B,72,-0.1987,0.2597,-0.252,0.1858,average_predictors,none
abs_diff,overall_score_str,0,per_ckpt,step2100000-tokens10592B,72,-0.2346,0.1738,-0.2703,0.1608,average_predictors,none
abs_diff,overall_score_str,0,per_ckpt,step2150000-tokens11012B,72,-0.2268,0.2198,-0.2725,0.1738,average_predictors,none
abs_diff,overall_score_str,0,per_ckpt,step2200000-tokens11432B,72,-0.2167,0.2138,-0.2528,0.1898,average_predictors,none
abs_diff,overall_score_str,0,per_ckpt,step2250000-tokens11852B,72,-0.2244,0.2368,-0.2606,0.1878,average_predictors,none
abs_diff,overall_score_str,0,per_ckpt,step2300000-tokens12272B,72,-0.2323,0.2418,-0.2715,0.1718,average_predictors,none
abs_diff,overall_score_str,0,per_ckpt,step2350000-tokens12692B,72,-0.2207,0.2448,-0.2748,0.1628,average_predictors,none
abs_diff,overall_score_str,0,per_ckpt,step2400000-tokens13112B,72,-0.2169,0.2378,-0.2719,0.1618,average_predictors,none
abs_diff,overall_score_str,0,per_ckpt,step2450000-tokens13532B,72,-0.2156,0.2238,-0.2593,0.1588,average_predictors,none
abs_diff,overall_score_str,0,per_ckpt,step2500000-tokens13952B,72,-0.2258,0.2098,-0.2718,0.1469,average_predictors,none
abs_diff,overall_score_str,0,per_ckpt,step2550000-tokens14372B,72,-0.2205,0.2338,-0.2693,0.1518,average_predictors,none
abs_diff,overall_score_str,0,per_ckpt,step2600000-tokens14792B,72,-0.2277,0.2188,-0.2785,0.1399,average_predictors,none
abs_diff,overall_score_str,0,per_ckpt,step2627139-tokens15T,72,-0.2315,0.2078,-0.2755,0.1419,average_predictors,none
abs_diff,overall_score_str,0,per_ckpt,main,72,-0.2289,0.1848,-0.2841,0.1289,average_predictors,none
abs_diff,transfer_margin_str,0,per_ckpt,step50000-tokens210B,72,-0.19,0.1848,-0.1592,0.3157,average_predictors,none
abs_diff,transfer_margin_str,0,per_ckpt,step100000-tokens420B,72,-0.1848,0.2198,-0.1542,0.3906,average_predictors,none
abs_diff,transfer_margin_str,0,per_ckpt,step150000-tokens630B,72,-0.1996,0.2038,-0.1657,0.3936,average_predictors,none
abs_diff,transfer_margin_str,0,per_ckpt,step200000-tokens840B,72,-0.2161,0.1608,-0.1726,0.3477,average_predictors,none
abs_diff,transfer_margin_str,0,per_ckpt,step250000-tokens1050B,72,-0.2077,0.1738,-0.1758,0.3417,average_predictors,none
abs_diff,transfer_margin_str,0,per_ckpt,step300000-tokens1260B,72,-0.1907,0.2198,-0.1608,0.3606,average_predictors,none
abs_diff,transfer_margin_str,0,per_ckpt,step350000-tokens1470B,72,-0.2028,0.1698,-0.1725,0.2947,average_predictors,none
abs_diff,transfer_margin_str,0,per_ckpt,step400000-tokens1680B,72,-0.2037,0.1638,-0.1759,0.2877,average_predictors,none
abs_diff,transfer_margin_str,0,per_ckpt,step450000-tokens1890B,72,-0.2039,0.1668,-0.1628,0.3177,average_predictors,none
abs_diff,transfer_margin_str,0,per_ckpt,step500000-tokens2100B,72,-0.1738,0.2238,-0.1526,0.3317,average_predictors,none
abs_diff,transfer_margin_str,0,per_ckpt,step550000-tokens2310B,72,-0.1715,0.2198,-0.1499,0.3497,average_predictors,none
abs_diff,transfer_margin_str,0,per_ckpt,step600000-tokens2520B,72,-0.1865,0.2058,-0.1602,0.3307,average_predictors,none
abs_diff,transfer_margin_str,0,per_ckpt,step650000-tokens2730B,72,-0.1885,0.2018,-0.1617,0.3297,average_predictors,none
abs_diff,transfer_margin_str,0,per_ckpt,step700000-tokens2940B,72,-0.1982,0.1648,-0.1723,0.3057,average_predictors,none
abs_diff,transfer_margin_str,0,per_ckpt,step750000-tokens3150B,72,-0.2158,0.1479,-0.1815,0.2777,average_predictors,none
abs_diff,transfer_margin_str,0,per_ckpt,step800000-tokens3360B,72,-0.2103,0.1489,-0.1728,0.2907,average_predictors,none
abs_diff,transfer_margin_str,0,per_ckpt,step850000-tokens3570B,72,-0.2031,0.1668,-0.1808,0.2867,average_predictors,none
abs_diff,transfer_margin_str,0,per_ckpt,step900000-tokens3780B,72,-0.1868,0.1888,-0.1619,0.3207,average_predictors,none
abs_diff,transfer_margin_str,0,per_ckpt,step950000-tokens3990B,72,-0.2172,0.1359,-0.1879,0.2567,average_predictors,none
abs_diff,transfer_margin_str,0,per_ckpt,step1000000-tokens4200B,72,-0.194,0.1768,-0.1644,0.3267,average_predictors,none
abs_diff,transfer_margin_str,0,per_ckpt,step1194000-tokens5014B,72,-0.1786,0.1978,-0.1558,0.3487,average_predictors,none
abs_diff,transfer_margin_str,0,per_ckpt,step1432000-tokens6014B,72,-0.2037,0.1678,-0.1735,0.3017,average_predictors,none
abs_diff,transfer_margin_str,0,per_ckpt,step1670000-tokens7014B,72,-0.1987,0.2428,-0.1531,0.4665,average_predictors,none
abs_diff,transfer_margin_str,0,per_ckpt,step1678000-tokens7047B,72,-0.2034,0.1508,-0.1678,0.3287,average_predictors,none
abs_diff,transfer_margin_str,0,per_ckpt,step1700000-tokens7232B,72,-0.2089,0.1588,-0.1778,0.2867,average_predictors,none
abs_diff,transfer_margin_str,0,per_ckpt,step1750000-tokens7652B,72,-0.203,0.1868,-0.1634,0.3427,average_predictors,none
abs_diff,transfer_margin_str,0,per_ckpt,step1800000-tokens8072B,72,-0.2275,0.1389,-0.2072,0.2258,average_predictors,none
abs_diff,transfer_margin_str,0,per_ckpt,step1850000-tokens8492B,72,-0.2335,0.0769,-0.2123,0.1758,average_predictors,none
abs_diff,transfer_margin_str,0,per_ckpt,step1900000-tokens8912B,72,-0.2116,0.0869,-0.1955,0.1978,average_predictors,none
abs_diff,transfer_margin_str,0,per_ckpt,step1950000-tokens9332B,72,-0.2082,0.0979,-0.1947,0.2138,average_predictors,none
abs_diff,transfer_margin_str,0,per_ckpt,step2000000-tokens9752B,72,-0.1997,0.1718,-0.175,0.2957,average_predictors,none
abs_diff,transfer_margin_str,0,per_ckpt,step2050000-tokens10172B,72,-0.2108,0.1538,-0.1794,0.2887,average_predictors,none
abs_diff,transfer_margin_str,0,per_ckpt,step2100000-tokens10592B,72,-0.213,0.1628,-0.1816,0.3057,average_predictors,none
abs_diff,transfer_margin_str,0,per_ckpt,step2150000-tokens11012B,72,-0.2203,0.1139,-0.2014,0.2128,average_predictors,none
abs_diff,transfer_margin_str,0,per_ckpt,step2200000-tokens11432B,72,-0.203,0.1768,-0.1813,0.2907,average_predictors,none
abs_diff,transfer_margin_str,0,per_ckpt,step2250000-tokens11852B,72,-0.227,0.0779,-0.1993,0.1908,average_predictors,none
abs_diff,transfer_margin_str,0,per_ckpt,step2300000-tokens12272B,72,-0.2071,0.1648,-0.1801,0.2757,average_predictors,none
abs_diff,transfer_margin_str,0,per_ckpt,step2350000-tokens12692B,72,-0.2176,0.1618,-0.1715,0.3187,average_predictors,none
abs_diff,transfer_margin_str,0,per_ckpt,step2400000-tokens13112B,72,-0.2025,0.1948,-0.1671,0.3487,average_predictors,none
abs_diff,transfer_margin_str,0,per_ckpt,step2450000-tokens13532B,72,-0.1881,0.2238,-0.1406,0.4256,average_predictors,none
abs_diff,transfer_margin_str,0,per_ckpt,step2500000-tokens13952B,72,-0.1817,0.2358,-0.1457,0.4086,average_predictors,none
abs_diff,transfer_margin_str,0,per_ckpt,step2550000-tokens14372B,72,-0.187,0.1978,-0.1581,0.3666,average_predictors,none
abs_diff,transfer_margin_str,0,per_ckpt,step2600000-tokens14792B,72,-0.1848,0.2328,-0.1608,0.3656,average_predictors,none
abs_diff,transfer_margin_str,0,per_ckpt,step2627139-tokens15T,72,-0.1925,0.2198,-0.1625,0.3576,average_predictors,none
abs_diff,transfer_margin_str,0,per_ckpt,main,72,-0.1878,0.2288,-0.1602,0.3826,average_predictors,none
abs_diff,overall_margin_str,0,per_ckpt,step50000-tokens210B,72,-0.257,0.1239,-0.3037,0.0619,average_predictors,none
abs_diff,overall_margin_str,0,per_ckpt,step100000-tokens420B,72,-0.2741,0.1039,-0.3207,0.0779,average_predictors,none
abs_diff,overall_margin_str,0,per_ckpt,step150000-tokens630B,72,-0.2691,0.0969,-0.3349,0.0769,average_predictors,none
abs_diff,overall_margin_str,0,per_ckpt,step200000-tokens840B,72,-0.2613,0.1029,-0.3299,0.0779,average_predictors,none
abs_diff,overall_margin_str,0,per_ckpt,step250000-tokens1050B,72,-0.2833,0.0889,-0.35,0.0639,average_predictors,none
abs_diff,overall_margin_str,0,per_ckpt,step300000-tokens1260B,72,-0.2668,0.0999,-0.3256,0.0709,average_predictors,none
abs_diff,overall_margin_str,0,per_ckpt,step350000-tokens1470B,72,-0.2603,0.1209,-0.3171,0.0679,average_predictors,none
abs_diff,overall_margin_str,0,per_ckpt,step400000-tokens1680B,72,-0.266,0.0949,-0.3198,0.0709,average_predictors,none
abs_diff,overall_margin_str,0,per_ckpt,step450000-tokens1890B,72,-0.2658,0.1109,-0.3098,0.0749,average_predictors,none
abs_diff,overall_margin_str,0,per_ckpt,step500000-tokens2100B,72,-0.2304,0.1489,-0.2902,0.0789,average_predictors,none
abs_diff,overall_margin_str,0,per_ckpt,step550000-tokens2310B,72,-0.2474,0.1289,-0.2906,0.0789,average_predictors,none
abs_diff,overall_margin_str,0,per_ckpt,step600000-tokens2520B,72,-0.2786,0.0879,-0.3131,0.0739,average_predictors,none
abs_diff,overall_margin_str,0,per_ckpt,step650000-tokens2730B,72,-0.2576,0.1109,-0.3114,0.0759,average_predictors,none
abs_diff,overall_margin_str,0,per_ckpt,step700000-tokens2940B,72,-0.2771,0.0879,-0.3157,0.0769,average_predictors,none
abs_diff,overall_margin_str,0,per_ckpt,step750000-tokens3150B,72,-0.2859,0.0879,-0.3289,0.0689,average_predictors,none
abs_diff,overall_margin_str,0,per_ckpt,step800000-tokens3360B,72,-0.2813,0.0899,-0.3089,0.0729,average_predictors,none
abs_diff,overall_margin_str,0,per_ckpt,step850000-tokens3570B,72,-0.2792,0.0979,-0.3328,0.0699,average_predictors,none
abs_diff,overall_margin_str,0,per_ckpt,step900000-tokens3780B,72,-0.2592,0.1239,-0.3044,0.0789,average_predictors,none
abs_diff,overall_margin_str,0,per_ckpt,step950000-tokens3990B,72,-0.269,0.1229,-0.3274,0.0689,average_predictors,none
abs_diff,overall_margin_str,0,per_ckpt,step1000000-tokens4200B,72,-0.2582,0.1219,-0.3134,0.0799,average_predictors,none
abs_diff,overall_margin_str,0,per_ckpt,step1194000-tokens5014B,72,-0.2388,0.1728,-0.2974,0.0909,average_predictors,none
abs_diff,overall_margin_str,0,per_ckpt,step1432000-tokens6014B,72,-0.252,0.1399,-0.323,0.0719,average_predictors,none
abs_diff,overall_margin_str,0,per_ckpt,step1670000-tokens7014B,72,-0.2826,0.1429,-0.3414,0.0849,average_predictors,none
abs_diff,overall_margin_str,0,per_ckpt,step1678000-tokens7047B,72,-0.2614,0.1279,-0.311,0.0809,average_predictors,none
abs_diff,overall_margin_str,0,per_ckpt,step1700000-tokens7232B,72,-0.2669,0.1069,-0.3209,0.0729,average_predictors,none
abs_diff,overall_margin_str,0,per_ckpt,step1750000-tokens7652B,72,-0.2789,0.1109,-0.3224,0.0769,average_predictors,none
abs_diff,overall_margin_str,0,per_ckpt,step1800000-tokens8072B,72,-0.2943,0.0879,-0.3541,0.0589,average_predictors,none
abs_diff,overall_margin_str,0,per_ckpt,step1850000-tokens8492B,72,-0.2921,0.0599,-0.3602,0.044,average_predictors,none
abs_diff,overall_margin_str,0,per_ckpt,step1900000-tokens8912B,72,-0.2746,0.0629,-0.3398,0.0519,average_predictors,none
abs_diff,overall_margin_str,0,per_ckpt,step1950000-tokens9332B,72,-0.2884,0.0749,-0.3496,0.0509,average_predictors,none
abs_diff,overall_margin_str,0,per_ckpt,step2000000-tokens9752B,72,-0.2742,0.1029,-0.3206,0.0729,average_predictors,none
abs_diff,overall_margin_str,0,per_ckpt,step2050000-tokens10172B,72,-0.2535,0.1229,-0.3287,0.0719,average_predictors,none
abs_diff,overall_margin_str,0,per_ckpt,step2100000-tokens10592B,72,-0.2889,0.0859,-0.3453,0.0689,average_predictors,none
abs_diff,overall_margin_str,0,per_ckpt,step2150000-tokens11012B,72,-0.2925,0.0689,-0.3595,0.0549,average_predictors,none
abs_diff,overall_margin_str,0,per_ckpt,step2200000-tokens11432B,72,-0.2678,0.1009,-0.3278,0.0719,average_predictors,none
abs_diff,overall_margin_str,0,per_ckpt,step2250000-tokens11852B,72,-0.2948,0.0739,-0.3481,0.0509,average_predictors,none
abs_diff,overall_margin_str,0,per_ckpt,step2300000-tokens12272B,72,-0.2778,0.1069,-0.3428,0.0679,average_predictors,none
abs_diff,overall_margin_str,0,per_ckpt,step2350000-tokens12692B,72,-0.2806,0.1069,-0.3411,0.0689,average_predictors,none
abs_diff,overall_margin_str,0,per_ckpt,step2400000-tokens13112B,72,-0.2685,0.1369,-0.3365,0.0699,average_predictors,none
abs_diff,overall_margin_str,0,per_ckpt,step2450000-tokens13532B,72,-0.2599,0.1239,-0.3071,0.0779,average_predictors,none
abs_diff,overall_margin_str,0,per_ckpt,step2500000-tokens13952B,72,-0.2749,0.1049,-0.324,0.0659,average_predictors,none
abs_diff,overall_margin_str,0,per_ckpt,step2550000-tokens14372B,72,-0.2697,0.1209,-0.3288,0.0639,average_predictors,none
abs_diff,overall_margin_str,0,per_ckpt,step2600000-tokens14792B,72,-0.2817,0.1139,-0.3387,0.0639,average_predictors,none
abs_diff,overall_margin_str,0,per_ckpt,step2627139-tokens15T,72,-0.2849,0.1019,-0.3392,0.0619,average_predictors,none
abs_diff,overall_margin_str,0,per_ckpt,main,72,-0.2834,0.0899,-0.3407,0.0619,average_predictors,none
signed_diff,accuracy_majority,0,per_ckpt,step50000-tokens210B,72,-0.1706,0.4575,-0.1403,0.5445,average_predictors,none
signed_diff,accuracy_majority,0,per_ckpt,step100000-tokens420B,72,-0.1675,0.4595,-0.1433,0.5335,average_predictors,none
signed_diff,accuracy_majority,0,per_ckpt,step150000-tokens630B,72,-0.1825,0.4296,-0.1603,0.4865,average_predictors,none
signed_diff,accuracy_majority,0,per_ckpt,step200000-tokens840B,72,-0.1851,0.4216,-0.1607,0.4825,average_predictors,none
signed_diff,accuracy_majority,0,per_ckpt,step250000-tokens1050B,72,-0.1859,0.4156,-0.1526,0.5045,average_predictors,none
signed_diff,accuracy_majority,0,per_ckpt,step300000-tokens1260B,72,-0.1788,0.4356,-0.1557,0.4985,average_predictors,none
signed_diff,accuracy_majority,0,per_ckpt,step350000-tokens1470B,72,-0.1818,0.4276,-0.1505,0.5115,average_predictors,none
signed_diff,accuracy_majority,0,per_ckpt,step400000-tokens1680B,72,-0.1911,0.4076,-0.1627,0.4805,average_predictors,none
signed_diff,accuracy_majority,0,per_ckpt,step450000-tokens1890B,72,-0.1824,0.4296,-0.1563,0.5045,average_predictors,none
signed_diff,accuracy_majority,0,per_ckpt,step500000-tokens2100B,72,-0.177,0.4426,-0.1513,0.5235,average_predictors,none
signed_diff,accuracy_majority,0,per_ckpt,step550000-tokens2310B,72,-0.1793,0.4356,-0.1572,0.4995,average_predictors,none
signed_diff,accuracy_majority,0,per_ckpt,step600000-tokens2520B,72,-0.1729,0.4505,-0.1493,0.5245,average_predictors,none
signed_diff,accuracy_majority,0,per_ckpt,step650000-tokens2730B,72,-0.1795,0.4316,-0.1533,0.5105,average_predictors,none
signed_diff,accuracy_majority,0,per_ckpt,step700000-tokens2940B,72,-0.1823,0.4296,-0.1661,0.4865,average_predictors,none
signed_diff,accuracy_majority,0,per_ckpt,step750000-tokens3150B,72,-0.1947,0.3946,-0.1701,0.4675,average_predictors,none
signed_diff,accuracy_majority,0,per_ckpt,step800000-tokens3360B,72,-0.1837,0.4226,-0.1597,0.5015,average_predictors,none
signed_diff,accuracy_majority,0,per_ckpt,step850000-tokens3570B,72,-0.191,0.4136,-0.1688,0.4705,average_predictors,none
signed_diff,accuracy_majority,0,per_ckpt,step900000-tokens3780B,72,-0.1849,0.4226,-0.1654,0.4755,average_predictors,none
signed_diff,accuracy_majority,0,per_ckpt,step950000-tokens3990B,72,-0.1961,0.3916,-0.1681,0.4675,average_predictors,none
signed_diff,accuracy_majority,0,per_ckpt,step1000000-tokens4200B,72,-0.1876,0.4206,-0.1624,0.4815,average_predictors,none
signed_diff,accuracy_majority,0,per_ckpt,step1194000-tokens5014B,72,-0.1851,0.4196,-0.166,0.4745,average_predictors,none
signed_diff,accuracy_majority,0,per_ckpt,step1432000-tokens6014B,72,-0.1884,0.4106,-0.1622,0.4835,average_predictors,none
signed_diff,accuracy_majority,0,per_ckpt,step1670000-tokens7014B,72,-0.1594,0.4805,-0.1438,0.5255,average_predictors,none
signed_diff,accuracy_majority,0,per_ckpt,step1678000-tokens7047B,72,-0.1893,0.4066,-0.1684,0.4625,average_predictors,none
signed_diff,accuracy_majority,0,per_ckpt,step1700000-tokens7232B,72,-0.1877,0.4176,-0.1641,0.4725,average_predictors,none
signed_diff,accuracy_majority,0,per_ckpt,step1750000-tokens7652B,72,-0.1851,0.4206,-0.1597,0.4795,average_predictors,none
signed_diff,accuracy_majority,0,per_ckpt,step1800000-tokens8072B,72,-0.1886,0.4116,-0.161,0.4875,average_predictors,none
signed_diff,accuracy_majority,0,per_ckpt,step1850000-tokens8492B,72,-0.2024,0.3736,-0.1688,0.4695,average_predictors,none
signed_diff,accuracy_majority,0,per_ckpt,step1900000-tokens8912B,72,-0.1967,0.3836,-0.1627,0.4855,average_predictors,none
signed_diff,accuracy_majority,0,per_ckpt,step1950000-tokens9332B,72,-0.173,0.4525,-0.144,0.5385,average_predictors,none
signed_diff,accuracy_majority,0,per_ckpt,step2000000-tokens9752B,72,-0.1825,0.4296,-0.1554,0.5055,average_predictors,none
signed_diff,accuracy_majority,0,per_ckpt,step2050000-tokens10172B,72,-0.1837,0.4266,-0.1567,0.4975,average_predictors,none
signed_diff,accuracy_majority,0,per_ckpt,step2100000-tokens10592B,72,-0.1865,0.4146,-0.1553,0.5055,average_predictors,none
signed_diff,accuracy_majority,0,per_ckpt,step2150000-tokens11012B,72,-0.1901,0.4036,-0.1594,0.4945,average_predictors,none
signed_diff,accuracy_majority,0,per_ckpt,step2200000-tokens11432B,72,-0.1804,0.4326,-0.1603,0.4905,average_predictors,none
signed_diff,accuracy_majority,0,per_ckpt,step2250000-tokens11852B,72,-0.1955,0.3946,-0.1653,0.4765,average_predictors,none
signed_diff,accuracy_majority,0,per_ckpt,step2300000-tokens12272B,72,-0.1956,0.3996,-0.1719,0.4565,average_predictors,none
signed_diff,accuracy_majority,0,per_ckpt,step2350000-tokens12692B,72,-0.1944,0.3996,-0.162,0.4775,average_predictors,none
signed_diff,accuracy_majority,0,per_ckpt,step2400000-tokens13112B,72,-0.1806,0.4296,-0.157,0.4945,average_predictors,none
signed_diff,accuracy_majority,0,per_ckpt,step2450000-tokens13532B,72,-0.1822,0.4296,-0.1449,0.5375,average_predictors,none
signed_diff,accuracy_majority,0,per_ckpt,step2500000-tokens13952B,72,-0.1673,0.4665,-0.1358,0.5764,average_predictors,none
signed_diff,accuracy_majority,0,per_ckpt,step2550000-tokens14372B,72,-0.175,0.4426,-0.1464,0.5295,average_predictors,none
signed_diff,accuracy_majority,0,per_ckpt,step2600000-tokens14792B,72,-0.1718,0.4486,-0.1467,0.5295,average_predictors,none
signed_diff,accuracy_majority,0,per_ckpt,step2627139-tokens15T,72,-0.1714,0.4515,-0.1402,0.5544,average_predictors,none
signed_diff,accuracy_majority,0,per_ckpt,main,72,-0.1698,0.4605,-0.1467,0.5365,average_predictors,none
signed_diff,overall_score,0,per_ckpt,step50000-tokens210B,72,0.024,0.9021,0.0684,0.7433,average_predictors,none
signed_diff,overall_score,0,per_ckpt,step100000-tokens420B,72,0.0486,0.8072,0.1,0.6553,average_predictors,none
signed_diff,overall_score,0,per_ckpt,step150000-tokens630B,72,0.0349,0.8501,0.0813,0.7093,average_predictors,none
signed_diff,overall_score,0,per_ckpt,step200000-tokens840B,72,0.0288,0.8711,0.0845,0.7003,average_predictors,none
signed_diff,overall_score,0,per_ckpt,step250000-tokens1050B,72,0.0269,0.8891,0.0909,0.6853,average_predictors,none
signed_diff,overall_score,0,per_ckpt,step300000-tokens1260B,72,0.0316,0.8711,0.0824,0.7083,average_predictors,none
signed_diff,overall_score,0,per_ckpt,step350000-tokens1470B,72,0.0194,0.9241,0.0769,0.7203,average_predictors,none
signed_diff,overall_score,0,per_ckpt,step400000-tokens1680B,72,0.0201,0.9201,0.0772,0.7263,average_predictors,none
signed_diff,overall_score,0,per_ckpt,step450000-tokens1890B,72,0.0181,0.9231,0.0722,0.7383,average_predictors,none
signed_diff,overall_score,0,per_ckpt,step500000-tokens2100B,72,0.0212,0.9141,0.072,0.7453,average_predictors,none
signed_diff,overall_score,0,per_ckpt,step550000-tokens2310B,72,0.0221,0.9171,0.0717,0.7502,average_predictors,none
signed_diff,overall_score,0,per_ckpt,step600000-tokens2520B,72,0.0281,0.8961,0.0789,0.7233,average_predictors,none
signed_diff,overall_score,0,per_ckpt,step650000-tokens2730B,72,0.0228,0.9181,0.0687,0.7552,average_predictors,none
signed_diff,overall_score,0,per_ckpt,step700000-tokens2940B,72,0.0151,0.9441,0.0635,0.7742,average_predictors,none
signed_diff,overall_score,0,per_ckpt,step750000-tokens3150B,72,0.0009,0.997,0.0554,0.8042,average_predictors,none
signed_diff,overall_score,0,per_ckpt,step800000-tokens3360B,72,0.0109,0.965,0.0642,0.7722,average_predictors,none
signed_diff,overall_score,0,per_ckpt,step850000-tokens3570B,72,0.0064,0.972,0.0607,0.7822,average_predictors,none
signed_diff,overall_score,0,per_ckpt,step900000-tokens3780B,72,0.014,0.9481,0.0636,0.7722,average_predictors,none
signed_diff,overall_score,0,per_ckpt,step950000-tokens3990B,72,0.0025,0.987,0.0609,0.7792,average_predictors,none
signed_diff,overall_score,0,per_ckpt,step1000000-tokens4200B,72,0.0152,0.9471,0.0655,0.7592,average_predictors,none
signed_diff,overall_score,0,per_ckpt,step1194000-tokens5014B,72,0.0133,0.9481,0.0588,0.7902,average_predictors,none
signed_diff,overall_score,0,per_ckpt,step1432000-tokens6014B,72,0.0061,0.978,0.0617,0.7732,average_predictors,none
signed_diff,overall_score,0,per_ckpt,step1670000-tokens7014B,72,0.0488,0.8082,0.0934,0.6663,average_predictors,none
signed_diff,overall_score,0,per_ckpt,step1678000-tokens7047B,72,0.0087,0.969,0.0623,0.7692,average_predictors,none
signed_diff,overall_score,0,per_ckpt,step1700000-tokens7232B,72,0.0133,0.95,0.0657,0.7572,average_predictors,none
signed_diff,overall_score,0,per_ckpt,step1750000-tokens7652B,72,0.0209,0.9171,0.0751,0.7253,average_predictors,none
signed_diff,overall_score,0,per_ckpt,step1800000-tokens8072B,72,0.017,0.9341,0.0706,0.7493,average_predictors,none
signed_diff,overall_score,0,per_ckpt,step1850000-tokens8492B,72,0.0028,0.983,0.0621,0.7712,average_predictors,none
signed_diff,overall_score,0,per_ckpt,step1900000-tokens8912B,72,0.0013,0.999,0.0614,0.7812,average_predictors,none
signed_diff,overall_score,0,per_ckpt,step1950000-tokens9332B,72,0.0183,0.9311,0.0835,0.7163,average_predictors,none
signed_diff,overall_score,0,per_ckpt,step2000000-tokens9752B,72,0.0228,0.9151,0.0796,0.7233,average_predictors,none
signed_diff,overall_score,0,per_ckpt,step2050000-tokens10172B,72,0.0143,0.9471,0.0684,0.7512,average_predictors,none
signed_diff,overall_score,0,per_ckpt,step2100000-tokens10592B,72,0.0225,0.9111,0.0839,0.7113,average_predictors,none
signed_diff,overall_score,0,per_ckpt,step2150000-tokens11012B,72,0.0097,0.96,0.077,0.7383,average_predictors,none
signed_diff,overall_score,0,per_ckpt,step2200000-tokens11432B,72,0.0241,0.9061,0.0737,0.7333,average_predictors,none
signed_diff,overall_score,0,per_ckpt,step2250000-tokens11852B,72,0.0014,0.995,0.0632,0.7762,average_predictors,none
signed_diff,overall_score,0,per_ckpt,step2300000-tokens12272B,72,0.0045,0.981,0.0582,0.7892,average_predictors,none
signed_diff,overall_score,0,per_ckpt,step2350000-tokens12692B,72,0.0054,0.976,0.0611,0.7782,average_predictors,none
signed_diff,overall_score,0,per_ckpt,step2400000-tokens13112B,72,0.0116,0.9471,0.0636,0.7672,average_predictors,none
signed_diff,overall_score,0,per_ckpt,step2450000-tokens13532B,72,0.0189,0.9271,0.0738,0.7443,average_predictors,none
signed_diff,overall_score,0,per_ckpt,step2500000-tokens13952B,72,0.0286,0.8841,0.081,0.7263,average_predictors,none
signed_diff,overall_score,0,per_ckpt,step2550000-tokens14372B,72,0.0212,0.9191,0.0747,0.7423,average_predictors,none
signed_diff,overall_score,0,per_ckpt,step2600000-tokens14792B,72,0.0255,0.9041,0.0771,0.7323,average_predictors,none
signed_diff,overall_score,0,per_ckpt,step2627139-tokens15T,72,0.0301,0.8831,0.0832,0.7183,average_predictors,none
signed_diff,overall_score,0,per_ckpt,main,72,0.0299,0.8961,0.0775,0.7273,average_predictors,none
signed_diff,transfer_score,0,per_ckpt,step50000-tokens210B,72,0.0125,0.9231,0.0593,0.6763,average_predictors,none
signed_diff,transfer_score,0,per_ckpt,step100000-tokens420B,72,0.0319,0.8112,0.0767,0.5764,average_predictors,none
signed_diff,transfer_score,0,per_ckpt,step150000-tokens630B,72,0.0227,0.8611,0.0677,0.6334,average_predictors,none
signed_diff,transfer_score,0,per_ckpt,step200000-tokens840B,72,0.014,0.9131,0.0652,0.6394,average_predictors,none
signed_diff,transfer_score,0,per_ckpt,step250000-tokens1050B,72,0.0153,0.9001,0.0706,0.6124,average_predictors,none
signed_diff,transfer_score,0,per_ckpt,step300000-tokens1260B,72,0.0211,0.8811,0.067,0.6354,average_predictors,none
signed_diff,transfer_score,0,per_ckpt,step350000-tokens1470B,72,0.0103,0.9431,0.0616,0.6613,average_predictors,none
signed_diff,transfer_score,0,per_ckpt,step400000-tokens1680B,72,0.0077,0.95,0.0584,0.6703,average_predictors,none
signed_diff,transfer_score,0,per_ckpt,step450000-tokens1890B,72,0.0099,0.9461,0.06,0.6693,average_predictors,none
signed_diff,transfer_score,0,per_ckpt,step500000-tokens2100B,72,0.0127,0.9321,0.0607,0.6643,average_predictors,none
signed_diff,transfer_score,0,per_ckpt,step550000-tokens2310B,72,0.0123,0.9291,0.0613,0.6603,average_predictors,none
signed_diff,transfer_score,0,per_ckpt,step600000-tokens2520B,72,0.0171,0.9011,0.0652,0.6484,average_predictors,none
signed_diff,transfer_score,0,per_ckpt,step650000-tokens2730B,72,0.0145,0.9101,0.0607,0.6673,average_predictors,none
signed_diff,transfer_score,0,per_ckpt,step700000-tokens2940B,72,0.0053,0.962,0.0546,0.6873,average_predictors,none
signed_diff,transfer_score,0,per_ckpt,step750000-tokens3150B,72,-0.0012,0.993,0.0504,0.7093,average_predictors,none
signed_diff,transfer_score,0,per_ckpt,step800000-tokens3360B,72,0.0023,0.986,0.0535,0.6983,average_predictors,none
signed_diff,transfer_score,0,per_ckpt,step850000-tokens3570B,72,0.0042,0.965,0.0543,0.6933,average_predictors,none
signed_diff,transfer_score,0,per_ckpt,step900000-tokens3780B,72,0.0079,0.954,0.0568,0.6863,average_predictors,none
signed_diff,transfer_score,0,per_ckpt,step950000-tokens3990B,72,-0.0028,0.985,0.0503,0.7083,average_predictors,none
signed_diff,transfer_score,0,per_ckpt,step1000000-tokens4200B,72,0.0085,0.9451,0.0584,0.6733,average_predictors,none
signed_diff,transfer_score,0,per_ckpt,step1194000-tokens5014B,72,0.0075,0.958,0.0557,0.6833,average_predictors,none
signed_diff,transfer_score,0,per_ckpt,step1432000-tokens6014B,72,0.0025,0.985,0.0549,0.6873,average_predictors,none
signed_diff,transfer_score,0,per_ckpt,step1670000-tokens7014B,72,0.0364,0.7922,0.0793,0.5704,average_predictors,none
signed_diff,transfer_score,0,per_ckpt,step1678000-tokens7047B,72,0.0016,0.991,0.0552,0.6903,average_predictors,none
signed_diff,transfer_score,0,per_ckpt,step1700000-tokens7232B,72,0.0057,0.965,0.0559,0.6893,average_predictors,none
signed_diff,transfer_score,0,per_ckpt,step1750000-tokens7652B,72,0.0143,0.9081,0.0622,0.6593,average_predictors,none
signed_diff,transfer_score,0,per_ckpt,step1800000-tokens8072B,72,0.0071,0.955,0.0543,0.6933,average_predictors,none
signed_diff,transfer_score,0,per_ckpt,step1850000-tokens8492B,72,-0.0093,0.9451,0.0437,0.7443,average_predictors,none
signed_diff,transfer_score,0,per_ckpt,step1900000-tokens8912B,72,-0.0083,0.9461,0.0476,0.7263,average_predictors,none
signed_diff,transfer_score,0,per_ckpt,step1950000-tokens9332B,72,0.0037,0.973,0.062,0.6563,average_predictors,none
signed_diff,transfer_score,0,per_ckpt,step2000000-tokens9752B,72,0.011,0.9331,0.064,0.6464,average_predictors,none
signed_diff,transfer_score,0,per_ckpt,step2050000-tokens10172B,72,0.0057,0.966,0.058,0.6803,average_predictors,none
signed_diff,transfer_score,0,per_ckpt,step2100000-tokens10592B,72,0.0133,0.9161,0.0665,0.6354,average_predictors,none
signed_diff,transfer_score,0,per_ckpt,step2150000-tokens11012B,72,-0.003,0.981,0.0561,0.6873,average_predictors,none
signed_diff,transfer_score,0,per_ckpt,step2200000-tokens11432B,72,0.0126,0.9241,0.0598,0.6683,average_predictors,none
signed_diff,transfer_score,0,per_ckpt,step2250000-tokens11852B,72,-0.0107,0.9311,0.0475,0.7253,average_predictors,none
signed_diff,transfer_score,0,per_ckpt,step2300000-tokens12272B,72,0.0032,0.98,0.0521,0.7033,average_predictors,none
signed_diff,transfer_score,0,per_ckpt,step2350000-tokens12692B,72,0.0045,0.971,0.0575,0.6803,average_predictors,none
signed_diff,transfer_score,0,per_ckpt,step2400000-tokens13112B,72,0.0112,0.9311,0.0613,0.6663,average_predictors,none
signed_diff,transfer_score,0,per_ckpt,step2450000-tokens13532B,72,0.0153,0.9091,0.0671,0.6304,average_predictors,none
signed_diff,transfer_score,0,per_ckpt,step2500000-tokens13952B,72,0.0212,0.8691,0.0713,0.6124,average_predictors,none
signed_diff,transfer_score,0,per_ckpt,step2550000-tokens14372B,72,0.0127,0.9241,0.065,0.6414,average_predictors,none
signed_diff,transfer_score,0,per_ckpt,step2600000-tokens14792B,72,0.02,0.8761,0.0663,0.6354,average_predictors,none
signed_diff,transfer_score,0,per_ckpt,step2627139-tokens15T,72,0.0208,0.8751,0.069,0.6274,average_predictors,none
signed_diff,transfer_score,0,per_ckpt,main,72,0.0227,0.8681,0.0691,0.6214,average_predictors,none
signed_diff,transfer_score_str,0,per_ckpt,step50000-tokens210B,72,0.0255,0.8931,0.0167,0.9211,average_predictors,none
signed_diff,transfer_score_str,0,per_ckpt,step100000-tokens420B,72,0.0702,0.7103,0.0511,0.8042,average_predictors,none
signed_diff,transfer_score_str,0,per_ckpt,step150000-tokens630B,72,0.0543,0.7742,0.033,0.8781,average_predictors,none
signed_diff,transfer_score_str,0,per_ckpt,step200000-tokens840B,72,0.0414,0.8302,0.0297,0.8831,average_predictors,none
signed_diff,transfer_score_str,0,per_ckpt,step250000-tokens1050B,72,0.0382,0.8412,0.0232,0.9111,average_predictors,none
signed_diff,transfer_score_str,0,per_ckpt,step300000-tokens1260B,72,0.0379,0.8422,0.0193,0.9251,average_predictors,none
signed_diff,transfer_score_str,0,per_ckpt,step350000-tokens1470B,72,0.0342,0.8611,0.0212,0.9131,average_predictors,none
signed_diff,transfer_score_str,0,per_ckpt,step400000-tokens1680B,72,0.0297,0.8741,0.0133,0.957,average_predictors,none
signed_diff,transfer_score_str,0,per_ckpt,step450000-tokens1890B,72,0.0255,0.8941,0.0123,0.957,average_predictors,none
signed_diff,transfer_score_str,0,per_ckpt,step500000-tokens2100B,72,0.0299,0.8751,0.0125,0.95,average_predictors,none
signed_diff,transfer_score_str,0,per_ckpt,step550000-tokens2310B,72,0.0312,0.8641,0.0123,0.959,average_predictors,none
signed_diff,transfer_score_str,0,per_ckpt,step600000-tokens2520B,72,0.0213,0.9121,0.0067,0.973,average_predictors,none
signed_diff,transfer_score_str,0,per_ckpt,step650000-tokens2730B,72,0.015,0.9431,-0.0036,0.988,average_predictors,none
signed_diff,transfer_score_str,0,per_ckpt,step700000-tokens2940B,72,0.0037,0.982,-0.0064,0.968,average_predictors,none
signed_diff,transfer_score_str,0,per_ckpt,step750000-tokens3150B,72,0.0041,0.984,-0.0053,0.978,average_predictors,none
signed_diff,transfer_score_str,0,per_ckpt,step800000-tokens3360B,72,-0.0017,0.99,-0.0082,0.967,average_predictors,none
signed_diff,transfer_score_str,0,per_ckpt,step850000-tokens3570B,72,0.0171,0.9351,-0.0015,0.99,average_predictors,none
signed_diff,transfer_score_str,0,per_ckpt,step900000-tokens3780B,72,0.028,0.8761,0.0098,0.967,average_predictors,none
signed_diff,transfer_score_str,0,per_ckpt,step950000-tokens3990B,72,0.01,0.957,-0.0037,0.985,average_predictors,none
signed_diff,transfer_score_str,0,per_ckpt,step1000000-tokens4200B,72,0.0236,0.9041,0.0029,0.988,average_predictors,none
signed_diff,transfer_score_str,0,per_ckpt,step1194000-tokens5014B,72,0.0134,0.9471,-0.0022,0.992,average_predictors,none
signed_diff,transfer_score_str,0,per_ckpt,step1432000-tokens6014B,72,0.0079,0.964,-0.0047,0.979,average_predictors,none
signed_diff,transfer_score_str,0,per_ckpt,step1670000-tokens7014B,72,0.0729,0.7053,0.0567,0.7822,average_predictors,none
signed_diff,transfer_score_str,0,per_ckpt,step1678000-tokens7047B,72,0.0153,0.9381,0.0069,0.974,average_predictors,none
signed_diff,transfer_score_str,0,per_ckpt,step1700000-tokens7232B,72,0.0247,0.8941,0.0124,0.951,average_predictors,none
signed_diff,transfer_score_str,0,per_ckpt,step1750000-tokens7652B,72,0.0396,0.8392,0.0214,0.9121,average_predictors,none
signed_diff,transfer_score_str,0,per_ckpt,step1800000-tokens8072B,72,0.0263,0.8851,0.0042,0.982,average_predictors,none
signed_diff,transfer_score_str,0,per_ckpt,step1850000-tokens8492B,72,0.0047,0.985,-0.0013,0.995,average_predictors,none
signed_diff,transfer_score_str,0,per_ckpt,step1900000-tokens8912B,72,0.002,0.994,-0.006,0.972,average_predictors,none
signed_diff,transfer_score_str,0,per_ckpt,step1950000-tokens9332B,72,-0.0028,0.991,-0.003,0.991,average_predictors,none
signed_diff,transfer_score_str,0,per_ckpt,step2000000-tokens9752B,72,0.0246,0.9011,0.0107,0.963,average_predictors,none
signed_diff,transfer_score_str,0,per_ckpt,step2050000-tokens10172B,72,0.0172,0.9341,-0.001,1.0,average_predictors,none
signed_diff,transfer_score_str,0,per_ckpt,step2100000-tokens10592B,72,0.0367,0.8462,0.017,0.9371,average_predictors,none
signed_diff,transfer_score_str,0,per_ckpt,step2150000-tokens11012B,72,0.0124,0.9461,0.0015,0.997,average_predictors,none
signed_diff,transfer_score_str,0,per_ckpt,step2200000-tokens11432B,72,0.0296,0.8731,0.0059,0.981,average_predictors,none
signed_diff,transfer_score_str,0,per_ckpt,step2250000-tokens11852B,72,-0.0044,0.976,-0.0047,0.982,average_predictors,none
signed_diff,transfer_score_str,0,per_ckpt,step2300000-tokens12272B,72,0.0188,0.9151,0.0051,0.981,average_predictors,none
signed_diff,transfer_score_str,0,per_ckpt,step2350000-tokens12692B,72,0.0196,0.9171,-0.0,1.0,average_predictors,none
signed_diff,transfer_score_str,0,per_ckpt,step2400000-tokens13112B,72,0.0164,0.9281,0.0034,0.983,average_predictors,none
signed_diff,transfer_score_str,0,per_ckpt,step2450000-tokens13532B,72,0.0172,0.9331,0.0092,0.961,average_predictors,none
signed_diff,transfer_score_str,0,per_ckpt,step2500000-tokens13952B,72,0.0165,0.9341,0.0022,0.988,average_predictors,none
signed_diff,transfer_score_str,0,per_ckpt,step2550000-tokens14372B,72,0.0068,0.974,-0.0034,0.985,average_predictors,none
signed_diff,transfer_score_str,0,per_ckpt,step2600000-tokens14792B,72,0.0124,0.955,-0.0034,0.986,average_predictors,none
signed_diff,transfer_score_str,0,per_ckpt,step2627139-tokens15T,72,0.0191,0.9281,0.0003,0.998,average_predictors,none
signed_diff,transfer_score_str,0,per_ckpt,main,72,0.0156,0.9401,0.0019,0.987,average_predictors,none
signed_diff,overall_score_str,0,per_ckpt,step50000-tokens210B,72,0.0924,0.6244,0.0039,0.987,average_predictors,none
signed_diff,overall_score_str,0,per_ckpt,step100000-tokens420B,72,0.119,0.5205,0.0228,0.9171,average_predictors,none
signed_diff,overall_score_str,0,per_ckpt,step150000-tokens630B,72,0.1087,0.5604,0.0123,0.964,average_predictors,none
signed_diff,overall_score_str,0,per_ckpt,step200000-tokens840B,72,0.0938,0.6104,0.0054,0.986,average_predictors,none
signed_diff,overall_score_str,0,per_ckpt,step250000-tokens1050B,72,0.1085,0.5634,0.0186,0.9371,average_predictors,none
signed_diff,overall_score_str,0,per_ckpt,step300000-tokens1260B,72,0.1096,0.5604,0.0155,0.95,average_predictors,none
signed_diff,overall_score_str,0,per_ckpt,step350000-tokens1470B,72,0.0923,0.6174,0.0078,0.978,average_predictors,none
signed_diff,overall_score_str,0,per_ckpt,step400000-tokens1680B,72,0.1042,0.5814,0.01,0.969,average_predictors,none
signed_diff,overall_score_str,0,per_ckpt,step450000-tokens1890B,72,0.1001,0.5994,0.0044,0.983,average_predictors,none
signed_diff,overall_score_str,0,per_ckpt,step500000-tokens2100B,72,0.0962,0.6194,0.0037,0.988,average_predictors,none
signed_diff,overall_score_str,0,per_ckpt,step550000-tokens2310B,72,0.1081,0.5694,0.0084,0.975,average_predictors,none
signed_diff,overall_score_str,0,per_ckpt,step600000-tokens2520B,72,0.1102,0.5564,0.0127,0.961,average_predictors,none
signed_diff,overall_score_str,0,per_ckpt,step650000-tokens2730B,72,0.1016,0.5954,0.0027,0.989,average_predictors,none
signed_diff,overall_score_str,0,per_ckpt,step700000-tokens2940B,72,0.1015,0.5904,0.0007,0.998,average_predictors,none
signed_diff,overall_score_str,0,per_ckpt,step750000-tokens3150B,72,0.0955,0.6124,0.0014,0.997,average_predictors,none
signed_diff,overall_score_str,0,per_ckpt,step800000-tokens3360B,72,0.096,0.6134,-0.0018,0.994,average_predictors,none
signed_diff,overall_score_str,0,per_ckpt,step850000-tokens3570B,72,0.1002,0.5974,0.0066,0.977,average_predictors,none
signed_diff,overall_score_str,0,per_ckpt,step900000-tokens3780B,72,0.1034,0.5954,0.0058,0.982,average_predictors,none
signed_diff,overall_score_str,0,per_ckpt,step950000-tokens3990B,72,0.0814,0.6713,-0.0045,0.986,average_predictors,none
signed_diff,overall_score_str,0,per_ckpt,step1000000-tokens4200B,72,0.0999,0.6054,0.0002,1.0,average_predictors,none
signed_diff,overall_score_str,0,per_ckpt,step1194000-tokens5014B,72,0.0834,0.6633,-0.0087,0.965,average_predictors,none
signed_diff,overall_score_str,0,per_ckpt,step1432000-tokens6014B,72,0.0809,0.6713,-0.0055,0.982,average_predictors,none
signed_diff,overall_score_str,0,per_ckpt,step1670000-tokens7014B,72,0.1093,0.5594,0.0228,0.9141,average_predictors,none
signed_diff,overall_score_str,0,per_ckpt,step1678000-tokens7047B,72,0.0855,0.6563,-0.0047,0.991,average_predictors,none
signed_diff,overall_score_str,0,per_ckpt,step1700000-tokens7232B,72,0.098,0.6164,0.0044,0.988,average_predictors,none
signed_diff,overall_score_str,0,per_ckpt,step1750000-tokens7652B,72,0.1014,0.5874,0.0055,0.983,average_predictors,none
signed_diff,overall_score_str,0,per_ckpt,step1800000-tokens8072B,72,0.1035,0.5854,0.0089,0.971,average_predictors,none
signed_diff,overall_score_str,0,per_ckpt,step1850000-tokens8492B,72,0.0947,0.6164,0.0071,0.974,average_predictors,none
signed_diff,overall_score_str,0,per_ckpt,step1900000-tokens8912B,72,0.094,0.6184,0.0026,0.991,average_predictors,none
signed_diff,overall_score_str,0,per_ckpt,step1950000-tokens9332B,72,0.0852,0.6543,0.0141,0.9441,average_predictors,none
signed_diff,overall_score_str,0,per_ckpt,step2000000-tokens9752B,72,0.1062,0.5744,0.012,0.966,average_predictors,none
signed_diff,overall_score_str,0,per_ckpt,step2050000-tokens10172B,72,0.0883,0.6513,-0.0009,0.998,average_predictors,none
signed_diff,overall_score_str,0,per_ckpt,step2100000-tokens10592B,72,0.1081,0.5684,0.0166,0.9481,average_predictors,none
signed_diff,overall_score_str,0,per_ckpt,step2150000-tokens11012B,72,0.1037,0.5784,0.0134,0.955,average_predictors,none
signed_diff,overall_score_str,0,per_ckpt,step2200000-tokens11432B,72,0.1064,0.5684,0.0048,0.986,average_predictors,none
signed_diff,overall_score_str,0,per_ckpt,step2250000-tokens11852B,72,0.085,0.6533,0.0038,0.982,average_predictors,none
signed_diff,overall_score_str,0,per_ckpt,step2300000-tokens12272B,72,0.0947,0.6254,0.0073,0.972,average_predictors,none
signed_diff,overall_score_str,0,per_ckpt,step2350000-tokens12692B,72,0.0956,0.6114,0.0033,0.991,average_predictors,none
signed_diff,overall_score_str,0,per_ckpt,step2400000-tokens13112B,72,0.0865,0.6464,0.0029,0.991,average_predictors,none
signed_diff,overall_score_str,0,per_ckpt,step2450000-tokens13532B,72,0.0975,0.6094,0.009,0.969,average_predictors,none
signed_diff,overall_score_str,0,per_ckpt,step2500000-tokens13952B,72,0.1065,0.5694,0.0132,0.951,average_predictors,none
signed_diff,overall_score_str,0,per_ckpt,step2550000-tokens14372B,72,0.0898,0.6304,0.0058,0.986,average_predictors,none
signed_diff,overall_score_str,0,per_ckpt,step2600000-tokens14792B,72,0.1021,0.5864,0.0098,0.973,average_predictors,none
signed_diff,overall_score_str,0,per_ckpt,step2627139-tokens15T,72,0.109,0.5564,0.0148,0.9461,average_predictors,none
signed_diff,overall_score_str,0,per_ckpt,main,72,0.1118,0.5504,0.021,0.9311,average_predictors,none
signed_diff,transfer_margin_str,0,per_ckpt,step50000-tokens210B,72,0.368,0.1538,0.314,0.2488,average_predictors,none
signed_diff,transfer_margin_str,0,per_ckpt,step100000-tokens420B,72,0.3799,0.1329,0.3471,0.1958,average_predictors,none
signed_diff,transfer_margin_str,0,per_ckpt,step150000-tokens630B,72,0.3828,0.1259,0.351,0.1888,average_predictors,none
signed_diff,transfer_margin_str,0,per_ckpt,step200000-tokens840B,72,0.3872,0.1199,0.3495,0.1908,average_predictors,none
signed_diff,transfer_margin_str,0,per_ckpt,step250000-tokens1050B,72,0.3698,0.1479,0.3297,0.2168,average_predictors,none
signed_diff,transfer_margin_str,0,per_ckpt,step300000-tokens1260B,72,0.3658,0.1598,0.3232,0.2218,average_predictors,none
signed_diff,transfer_margin_str,0,per_ckpt,step350000-tokens1470B,72,0.3787,0.1409,0.3203,0.2348,average_predictors,none
signed_diff,transfer_margin_str,0,per_ckpt,step400000-tokens1680B,72,0.3618,0.1668,0.3091,0.2498,average_predictors,none
signed_diff,transfer_margin_str,0,per_ckpt,step450000-tokens1890B,72,0.3597,0.1708,0.3189,0.2308,average_predictors,none
signed_diff,transfer_margin_str,0,per_ckpt,step500000-tokens2100B,72,0.3636,0.1678,0.3118,0.2438,average_predictors,none
signed_diff,transfer_margin_str,0,per_ckpt,step550000-tokens2310B,72,0.3541,0.1788,0.309,0.2418,average_predictors,none
signed_diff,transfer_margin_str,0,per_ckpt,step600000-tokens2520B,72,0.3433,0.1958,0.3012,0.2547,average_predictors,none
signed_diff,transfer_margin_str,0,per_ckpt,step650000-tokens2730B,72,0.3539,0.1808,0.3068,0.2478,average_predictors,none
signed_diff,transfer_margin_str,0,per_ckpt,step700000-tokens2940B,72,0.3365,0.2038,0.3051,0.2547,average_predictors,none
signed_diff,transfer_margin_str,0,per_ckpt,step750000-tokens3150B,72,0.3467,0.1888,0.3061,0.2517,average_predictors,none
signed_diff,transfer_margin_str,0,per_ckpt,step800000-tokens3360B,72,0.3357,0.2058,0.2976,0.2677,average_predictors,none
signed_diff,transfer_margin_str,0,per_ckpt,step850000-tokens3570B,72,0.3569,0.1698,0.3064,0.2468,average_predictors,none
signed_diff,transfer_margin_str,0,per_ckpt,step900000-tokens3780B,72,0.359,0.1698,0.3126,0.2418,average_predictors,none
signed_diff,transfer_margin_str,0,per_ckpt,step950000-tokens3990B,72,0.3712,0.1588,0.3118,0.2398,average_predictors,none
signed_diff,transfer_margin_str,0,per_ckpt,step1000000-tokens4200B,72,0.3635,0.1628,0.3196,0.2298,average_predictors,none
signed_diff,transfer_margin_str,0,per_ckpt,step1194000-tokens5014B,72,0.3718,0.1538,0.3267,0.2148,average_predictors,none
signed_diff,transfer_margin_str,0,per_ckpt,step1432000-tokens6014B,72,0.3724,0.1558,0.3202,0.2278,average_predictors,none
signed_diff,transfer_margin_str,0,per_ckpt,step1670000-tokens7014B,72,0.3933,0.1159,0.3729,0.1628,average_predictors,none
signed_diff,transfer_margin_str,0,per_ckpt,step1678000-tokens7047B,72,0.3691,0.1598,0.331,0.2198,average_predictors,none
signed_diff,transfer_margin_str,0,per_ckpt,step1700000-tokens7232B,72,0.3616,0.1668,0.3182,0.2298,average_predictors,none
signed_diff,transfer_margin_str,0,per_ckpt,step1750000-tokens7652B,72,0.3767,0.1429,0.3354,0.2118,average_predictors,none
signed_diff,transfer_margin_str,0,per_ckpt,step1800000-tokens8072B,72,0.3585,0.1678,0.3013,0.2637,average_predictors,none
signed_diff,transfer_margin_str,0,per_ckpt,step1850000-tokens8492B,72,0.3393,0.2018,0.2869,0.2877,average_predictors,none
signed_diff,transfer_margin_str,0,per_ckpt,step1900000-tokens8912B,72,0.3321,0.2058,0.2883,0.2887,average_predictors,none
signed_diff,transfer_margin_str,0,per_ckpt,step1950000-tokens9332B,72,0.3297,0.2108,0.2792,0.3007,average_predictors,none
signed_diff,transfer_margin_str,0,per_ckpt,step2000000-tokens9752B,72,0.3522,0.1818,0.306,0.2458,average_predictors,none
signed_diff,transfer_margin_str,0,per_ckpt,step2050000-tokens10172B,72,0.3659,0.1638,0.3157,0.2328,average_predictors,none
signed_diff,transfer_margin_str,0,per_ckpt,step2100000-tokens10592B,72,0.3679,0.1538,0.3169,0.2288,average_predictors,none
signed_diff,transfer_margin_str,0,per_ckpt,step2150000-tokens11012B,72,0.3366,0.2048,0.2913,0.2827,average_predictors,none
signed_diff,transfer_margin_str,0,per_ckpt,step2200000-tokens11432B,72,0.3576,0.1738,0.3148,0.2368,average_predictors,none
signed_diff,transfer_margin_str,0,per_ckpt,step2250000-tokens11852B,72,0.3416,0.1958,0.2916,0.2877,average_predictors,none
signed_diff,transfer_margin_str,0,per_ckpt,step2300000-tokens12272B,72,0.3683,0.1588,0.3157,0.2358,average_predictors,none
signed_diff,transfer_margin_str,0,per_ckpt,step2350000-tokens12692B,72,0.3684,0.1548,0.3243,0.2228,average_predictors,none
signed_diff,transfer_margin_str,0,per_ckpt,step2400000-tokens13112B,72,0.3784,0.1389,0.3311,0.2128,average_predictors,none
signed_diff,transfer_margin_str,0,per_ckpt,step2450000-tokens13532B,72,0.3638,0.1638,0.319,0.2328,average_predictors,none
signed_diff,transfer_margin_str,0,per_ckpt,step2500000-tokens13952B,72,0.3488,0.1878,0.3089,0.2428,average_predictors,none
signed_diff,transfer_margin_str,0,per_ckpt,step2550000-tokens14372B,72,0.362,0.1688,0.3137,0.2378,average_predictors,none
signed_diff,transfer_margin_str,0,per_ckpt,step2600000-tokens14792B,72,0.3542,0.1828,0.3123,0.2378,average_predictors,none
signed_diff,transfer_margin_str,0,per_ckpt,step2627139-tokens15T,72,0.3495,0.1858,0.3037,0.2517,average_predictors,none
signed_diff,transfer_margin_str,0,per_ckpt,main,72,0.3427,0.1928,0.3044,0.2498,average_predictors,none
signed_diff,overall_margin_str,0,per_ckpt,step50000-tokens210B,72,0.325,0.1319,0.3512,0.1009,average_predictors,none
signed_diff,overall_margin_str,0,per_ckpt,step100000-tokens420B,72,0.3498,0.1049,0.377,0.0819,average_predictors,none
signed_diff,overall_margin_str,0,per_ckpt,step150000-tokens630B,72,0.344,0.1129,0.3795,0.0759,average_predictors,none
signed_diff,overall_margin_str,0,per_ckpt,step200000-tokens840B,72,0.3257,0.1309,0.3698,0.0809,average_predictors,none
signed_diff,overall_margin_str,0,per_ckpt,step250000-tokens1050B,72,0.3419,0.1159,0.3783,0.0749,average_predictors,none
signed_diff,overall_margin_str,0,per_ckpt,step300000-tokens1260B,72,0.3441,0.1109,0.3801,0.0699,average_predictors,none
signed_diff,overall_margin_str,0,per_ckpt,step350000-tokens1470B,72,0.3256,0.1339,0.3598,0.0909,average_predictors,none
signed_diff,overall_margin_str,0,per_ckpt,step400000-tokens1680B,72,0.3361,0.1179,0.3684,0.0829,average_predictors,none
signed_diff,overall_margin_str,0,per_ckpt,step450000-tokens1890B,72,0.3328,0.1279,0.3665,0.0849,average_predictors,none
signed_diff,overall_margin_str,0,per_ckpt,step500000-tokens2100B,72,0.3315,0.1319,0.3637,0.0849,average_predictors,none
signed_diff,overall_margin_str,0,per_ckpt,step550000-tokens2310B,72,0.3417,0.1099,0.3733,0.0749,average_predictors,none
signed_diff,overall_margin_str,0,per_ckpt,step600000-tokens2520B,72,0.3427,0.1119,0.3722,0.0729,average_predictors,none
signed_diff,overall_margin_str,0,per_ckpt,step650000-tokens2730B,72,0.3395,0.1179,0.3682,0.0739,average_predictors,none
signed_diff,overall_margin_str,0,per_ckpt,step700000-tokens2940B,72,0.3319,0.1249,0.3691,0.0749,average_predictors,none
signed_diff,overall_margin_str,0,per_ckpt,step750000-tokens3150B,72,0.3307,0.1259,0.367,0.0769,average_predictors,none
signed_diff,overall_margin_str,0,per_ckpt,step800000-tokens3360B,72,0.324,0.1399,0.3596,0.0869,average_predictors,none
signed_diff,overall_margin_str,0,per_ckpt,step850000-tokens3570B,72,0.3392,0.1129,0.3724,0.0719,average_predictors,none
signed_diff,overall_margin_str,0,per_ckpt,step900000-tokens3780B,72,0.339,0.1149,0.3725,0.0739,average_predictors,none
signed_diff,overall_margin_str,0,per_ckpt,step950000-tokens3990B,72,0.3185,0.1429,0.3579,0.0909,average_predictors,none
signed_diff,overall_margin_str,0,per_ckpt,step1000000-tokens4200B,72,0.337,0.1209,0.3698,0.0719,average_predictors,none
signed_diff,overall_margin_str,0,per_ckpt,step1194000-tokens5014B,72,0.327,0.1339,0.3682,0.0739,average_predictors,none
signed_diff,overall_margin_str,0,per_ckpt,step1432000-tokens6014B,72,0.3225,0.1379,0.3629,0.0849,average_predictors,none
signed_diff,overall_margin_str,0,per_ckpt,step1670000-tokens7014B,72,0.3481,0.1069,0.3876,0.0659,average_predictors,none
signed_diff,overall_margin_str,0,per_ckpt,step1678000-tokens7047B,72,0.3209,0.1409,0.3678,0.0829,average_predictors,none
signed_diff,overall_margin_str,0,per_ckpt,step1700000-tokens7232B,72,0.3306,0.1279,0.3657,0.0849,average_predictors,none
signed_diff,overall_margin_str,0,per_ckpt,step1750000-tokens7652B,72,0.3377,0.1199,0.3709,0.0799,average_predictors,none
signed_diff,overall_margin_str,0,per_ckpt,step1800000-tokens8072B,72,0.3314,0.1239,0.357,0.0939,average_predictors,none
signed_diff,overall_margin_str,0,per_ckpt,step1850000-tokens8492B,72,0.3098,0.1528,0.3443,0.1089,average_predictors,none
signed_diff,overall_margin_str,0,per_ckpt,step1900000-tokens8912B,72,0.3081,0.1528,0.3464,0.0989,average_predictors,none
signed_diff,overall_margin_str,0,per_ckpt,step1950000-tokens9332B,72,0.2959,0.1718,0.3512,0.0929,average_predictors,none
signed_diff,overall_margin_str,0,per_ckpt,step2000000-tokens9752B,72,0.3374,0.1209,0.3705,0.0739,average_predictors,none
signed_diff,overall_margin_str,0,per_ckpt,step2050000-tokens10172B,72,0.3223,0.1379,0.3611,0.0849,average_predictors,none
signed_diff,overall_margin_str,0,per_ckpt,step2100000-tokens10592B,72,0.3416,0.1129,0.375,0.0719,average_predictors,none
signed_diff,overall_margin_str,0,per_ckpt,step2150000-tokens11012B,72,0.3229,0.1359,0.358,0.0929,average_predictors,none
signed_diff,overall_margin_str,0,per_ckpt,step2200000-tokens11432B,72,0.3383,0.1199,0.3667,0.0799,average_predictors,none
signed_diff,overall_margin_str,0,per_ckpt,step2250000-tokens11852B,72,0.3037,0.1578,0.3477,0.1009,average_predictors,none
signed_diff,overall_margin_str,0,per_ckpt,step2300000-tokens12272B,72,0.334,0.1199,0.3709,0.0769,average_predictors,none
signed_diff,overall_margin_str,0,per_ckpt,step2350000-tokens12692B,72,0.3356,0.1189,0.3724,0.0769,average_predictors,none
signed_diff,overall_margin_str,0,per_ckpt,step2400000-tokens13112B,72,0.3312,0.1259,0.3736,0.0739,average_predictors,none
signed_diff,overall_margin_str,0,per_ckpt,step2450000-tokens13532B,72,0.3407,0.1149,0.3779,0.0719,average_predictors,none
signed_diff,overall_margin_str,0,per_ckpt,step2500000-tokens13952B,72,0.3446,0.1129,0.377,0.0749,average_predictors,none
signed_diff,overall_margin_str,0,per_ckpt,step2550000-tokens14372B,72,0.3293,0.1299,0.3725,0.0769,average_predictors,none
signed_diff,overall_margin_str,0,per_ckpt,step2600000-tokens14792B,72,0.3428,0.1149,0.3763,0.0709,average_predictors,none
signed_diff,overall_margin_str,0,per_ckpt,step2627139-tokens15T,72,0.345,0.1089,0.3745,0.0759,average_predictors,none
signed_diff,overall_margin_str,0,per_ckpt,main,72,0.3489,0.1059,0.387,0.0629,average_predictors,none
min_rankme,accuracy_majority,0,per_ckpt,step50000-tokens210B,72,-0.0865,0.5315,-0.1024,0.4805,average_predictors,none
min_rankme,accuracy_majority,0,per_ckpt,step100000-tokens420B,72,-0.0805,0.4945,-0.0964,0.4895,average_predictors,none
min_rankme,accuracy_majority,0,per_ckpt,step150000-tokens630B,72,-0.0917,0.4945,-0.1039,0.4725,average_predictors,none
min_rankme,accuracy_majority,0,per_ckpt,step200000-tokens840B,72,-0.0876,0.5614,-0.103,0.4715,average_predictors,none
min_rankme,accuracy_majority,0,per_ckpt,step250000-tokens1050B,72,-0.1072,0.4725,-0.1007,0.4765,average_predictors,none
min_rankme,accuracy_majority,0,per_ckpt,step300000-tokens1260B,72,-0.1104,0.4725,-0.1071,0.4535,average_predictors,none
min_rankme,accuracy_majority,0,per_ckpt,step350000-tokens1470B,72,-0.1192,0.5315,-0.1065,0.4575,average_predictors,none
min_rankme,accuracy_majority,0,per_ckpt,step400000-tokens1680B,72,-0.115,0.4725,-0.1119,0.4256,average_predictors,none
min_rankme,accuracy_majority,0,per_ckpt,step450000-tokens1890B,72,-0.1218,0.4725,-0.1088,0.4376,average_predictors,none
min_rankme,accuracy_majority,0,per_ckpt,step500000-tokens2100B,72,-0.1203,0.4725,-0.1115,0.4226,average_predictors,none
min_rankme,accuracy_majority,0,per_ckpt,step550000-tokens2310B,72,-0.1293,0.4725,-0.1155,0.4116,average_predictors,none
min_rankme,accuracy_majority,0,per_ckpt,step600000-tokens2520B,72,-0.1177,0.4725,-0.1087,0.4326,average_predictors,none
min_rankme,accuracy_majority,0,per_ckpt,step650000-tokens2730B,72,-0.1241,0.4725,-0.1084,0.4306,average_predictors,none
min_rankme,accuracy_majority,0,per_ckpt,step700000-tokens2940B,72,-0.1226,0.4725,-0.1129,0.4146,average_predictors,none
min_rankme,accuracy_majority,0,per_ckpt,step750000-tokens3150B,72,-0.1258,0.4725,-0.1126,0.4196,average_predictors,none
min_rankme,accuracy_majority,0,per_ckpt,step800000-tokens3360B,72,-0.1433,0.4725,-0.111,0.4266,average_predictors,none
min_rankme,accuracy_majority,0,per_ckpt,step850000-tokens3570B,72,-0.1164,0.4725,-0.1136,0.4156,average_predictors,none
min_rankme,accuracy_majority,0,per_ckpt,step900000-tokens3780B,72,-0.1194,0.4725,-0.117,0.4066,average_predictors,none
min_rankme,accuracy_majority,0,per_ckpt,step950000-tokens3990B,72,-0.1036,0.5315,-0.1099,0.4316,average_predictors,none
min_rankme,accuracy_majority,0,per_ckpt,step1000000-tokens4200B,72,-0.1327,0.4725,-0.111,0.4246,average_predictors,none
min_rankme,accuracy_majority,0,per_ckpt,step1194000-tokens5014B,72,-0.12,0.5315,-0.1133,0.4166,average_predictors,none
min_rankme,accuracy_majority,0,per_ckpt,step1432000-tokens6014B,72,-0.0995,0.5315,-0.1075,0.4446,average_predictors,none
min_rankme,accuracy_majority,0,per_ckpt,step1670000-tokens7014B,72,-0.0286,0.5614,-0.0585,0.5195,average_predictors,none
min_rankme,accuracy_majority,0,per_ckpt,step1678000-tokens7047B,72,-0.0713,0.5315,-0.1098,0.4286,average_predictors,none
min_rankme,accuracy_majority,0,per_ckpt,step1700000-tokens7232B,72,-0.0989,0.4725,-0.1114,0.4266,average_predictors,none
min_rankme,accuracy_majority,0,per_ckpt,step1750000-tokens7652B,72,-0.0854,0.4725,-0.103,0.4525,average_predictors,none
min_rankme,accuracy_majority,0,per_ckpt,step1800000-tokens8072B,72,-0.1036,0.4725,-0.1061,0.4496,average_predictors,none
min_rankme,accuracy_majority,0,per_ckpt,step1850000-tokens8492B,72,-0.1025,0.4725,-0.1026,0.4575,average_predictors,none
min_rankme,accuracy_majority,0,per_ckpt,step1900000-tokens8912B,72,-0.1294,0.4725,-0.1077,0.4436,average_predictors,none
min_rankme,accuracy_majority,0,per_ckpt,step1950000-tokens9332B,72,-0.1009,0.5215,-0.1026,0.4645,average_predictors,none
min_rankme,accuracy_majority,0,per_ckpt,step2000000-tokens9752B,72,-0.0963,0.4725,-0.1125,0.4206,average_predictors,none
min_rankme,accuracy_majority,0,per_ckpt,step2050000-tokens10172B,72,-0.0863,0.5315,-0.1054,0.4486,average_predictors,none
min_rankme,accuracy_majority,0,per_ckpt,step2100000-tokens10592B,72,-0.0872,0.4725,-0.1032,0.4525,average_predictors,none
min_rankme,accuracy_majority,0,per_ckpt,step2150000-tokens11012B,72,-0.1037,0.4725,-0.1037,0.4515,average_predictors,none
min_rankme,accuracy_majority,0,per_ckpt,step2200000-tokens11432B,72,-0.1013,0.4725,-0.1093,0.4326,average_predictors,none
min_rankme,accuracy_majority,0,per_ckpt,step2250000-tokens11852B,72,-0.1176,0.5315,-0.1073,0.4515,average_predictors,none
min_rankme,accuracy_majority,0,per_ckpt,step2300000-tokens12272B,72,-0.1143,0.4725,-0.1088,0.4286,average_predictors,none
min_rankme,accuracy_majority,0,per_ckpt,step2350000-tokens12692B,72,-0.1036,0.4725,-0.1037,0.4595,average_predictors,none
min_rankme,accuracy_majority,0,per_ckpt,step2400000-tokens13112B,72,-0.0875,0.5315,-0.1022,0.4665,average_predictors,none
min_rankme,accuracy_majority,0,per_ckpt,step2450000-tokens13532B,72,-0.1014,0.4725,-0.1015,0.4575,average_predictors,none
min_rankme,accuracy_majority,0,per_ckpt,step2500000-tokens13952B,72,-0.1098,0.4725,-0.0976,0.4825,average_predictors,none
min_rankme,accuracy_majority,0,per_ckpt,step2550000-tokens14372B,72,-0.1118,0.5315,-0.0995,0.4725,average_predictors,none
min_rankme,accuracy_majority,0,per_ckpt,step2600000-tokens14792B,72,-0.1273,0.4725,-0.0984,0.4815,average_predictors,none
min_rankme,accuracy_majority,0,per_ckpt,step2627139-tokens15T,72,-0.122,0.4725,-0.0974,0.4835,average_predictors,none
min_rankme,accuracy_majority,0,per_ckpt,main,72,-0.1069,0.4725,-0.1042,0.4635,average_predictors,none
min_rankme,overall_score,0,per_ckpt,step50000-tokens210B,72,0.0224,0.9031,0.0008,0.996,average_predictors,none
min_rankme,overall_score,0,per_ckpt,step100000-tokens420B,72,0.0664,0.7602,0.0242,0.9091,average_predictors,none
min_rankme,overall_score,0,per_ckpt,step150000-tokens630B,72,0.0513,0.7602,0.0187,0.9191,average_predictors,none
min_rankme,overall_score,0,per_ckpt,step200000-tokens840B,72,0.0266,0.8731,0.0148,0.9441,average_predictors,none
min_rankme,overall_score,0,per_ckpt,step250000-tokens1050B,72,0.0529,0.8042,0.0235,0.9021,average_predictors,none
min_rankme,overall_score,0,per_ckpt,step300000-tokens1260B,72,0.0449,0.8042,0.0153,0.9371,average_predictors,none
min_rankme,overall_score,0,per_ckpt,step350000-tokens1470B,72,0.0135,0.9031,0.0065,0.968,average_predictors,none
min_rankme,overall_score,0,per_ckpt,step400000-tokens1680B,72,0.0365,0.8042,0.0084,0.971,average_predictors,none
min_rankme,overall_score,0,per_ckpt,step450000-tokens1890B,72,0.038,0.8042,0.0051,0.985,average_predictors,none
min_rankme,overall_score,0,per_ckpt,step500000-tokens2100B,72,0.0316,0.8042,-0.0007,0.987,average_predictors,none
min_rankme,overall_score,0,per_ckpt,step550000-tokens2310B,72,0.0212,0.8042,0.0018,0.997,average_predictors,none
min_rankme,overall_score,0,per_ckpt,step600000-tokens2520B,72,0.0399,0.8042,0.0101,0.97,average_predictors,none
min_rankme,overall_score,0,per_ckpt,step650000-tokens2730B,72,0.0229,0.8042,0.006,0.99,average_predictors,none
min_rankme,overall_score,0,per_ckpt,step700000-tokens2940B,72,0.0248,0.8042,0.0055,0.99,average_predictors,none
min_rankme,overall_score,0,per_ckpt,step750000-tokens3150B,72,0.0282,0.8042,0.0073,0.985,average_predictors,none
min_rankme,overall_score,0,per_ckpt,step800000-tokens3360B,72,0.0027,0.8042,0.0014,0.997,average_predictors,none
min_rankme,overall_score,0,per_ckpt,step850000-tokens3570B,72,0.0335,0.8042,0.0097,0.971,average_predictors,none
min_rankme,overall_score,0,per_ckpt,step900000-tokens3780B,72,0.0292,0.8042,0.0026,1.0,average_predictors,none
min_rankme,overall_score,0,per_ckpt,step950000-tokens3990B,72,0.0201,0.9031,0.0043,0.999,average_predictors,none
min_rankme,overall_score,0,per_ckpt,step1000000-tokens4200B,72,0.0172,0.8042,0.0057,0.996,average_predictors,none
min_rankme,overall_score,0,per_ckpt,step1194000-tokens5014B,72,0.002,0.9031,-0.0008,0.983,average_predictors,none
min_rankme,overall_score,0,per_ckpt,step1432000-tokens6014B,72,0.0213,0.9031,0.0044,0.989,average_predictors,none
min_rankme,overall_score,0,per_ckpt,step1670000-tokens7014B,72,0.1229,0.8731,0.0704,0.8831,average_predictors,none
min_rankme,overall_score,0,per_ckpt,step1678000-tokens7047B,72,0.0626,0.9031,0.0052,0.999,average_predictors,none
min_rankme,overall_score,0,per_ckpt,step1700000-tokens7232B,72,0.0515,0.8042,0.006,0.989,average_predictors,none
min_rankme,overall_score,0,per_ckpt,step1750000-tokens7652B,72,0.0559,0.8042,0.0148,0.961,average_predictors,none
min_rankme,overall_score,0,per_ckpt,step1800000-tokens8072B,72,0.0452,0.8042,0.0137,0.956,average_predictors,none
min_rankme,overall_score,0,per_ckpt,step1850000-tokens8492B,72,0.0229,0.8042,0.0192,0.9451,average_predictors,none
min_rankme,overall_score,0,per_ckpt,step1900000-tokens8912B,72,-0.0082,0.8042,0.0094,0.964,average_predictors,none
min_rankme,overall_score,0,per_ckpt,step1950000-tokens9332B,72,0.0273,0.9411,0.0222,0.9361,average_predictors,none
min_rankme,overall_score,0,per_ckpt,step2000000-tokens9752B,72,0.0507,0.8042,0.008,0.981,average_predictors,none
min_rankme,overall_score,0,per_ckpt,step2050000-tokens10172B,72,0.0266,0.9031,0.007,0.978,average_predictors,none
min_rankme,overall_score,0,per_ckpt,step2100000-tokens10592B,72,0.0588,0.8042,0.0208,0.9341,average_predictors,none
min_rankme,overall_score,0,per_ckpt,step2150000-tokens11012B,72,0.0248,0.8042,0.0201,0.9381,average_predictors,none
min_rankme,overall_score,0,per_ckpt,step2200000-tokens11432B,72,0.0332,0.8042,0.0088,0.977,average_predictors,none
min_rankme,overall_score,0,per_ckpt,step2250000-tokens11852B,72,-0.005,0.9031,0.0113,0.958,average_predictors,none
min_rankme,overall_score,0,per_ckpt,step2300000-tokens12272B,72,0.0138,0.8042,0.0151,0.954,average_predictors,none
min_rankme,overall_score,0,per_ckpt,step2350000-tokens12692B,72,0.0083,0.8042,0.0137,0.9471,average_predictors,none
min_rankme,overall_score,0,per_ckpt,step2400000-tokens13112B,72,0.0252,0.9031,0.0131,0.9481,average_predictors,none
min_rankme,overall_score,0,per_ckpt,step2450000-tokens13532B,72,0.0418,0.8042,0.01,0.965,average_predictors,none
min_rankme,overall_score,0,per_ckpt,step2500000-tokens13952B,72,0.0277,0.8042,0.0137,0.9381,average_predictors,none
min_rankme,overall_score,0,per_ckpt,step2550000-tokens14372B,72,-0.0018,0.9031,0.0124,0.9411,average_predictors,none
min_rankme,overall_score,0,per_ckpt,step2600000-tokens14792B,72,0.0033,0.8042,0.0168,0.9291,average_predictors,none
min_rankme,overall_score,0,per_ckpt,step2627139-tokens15T,72,0.0091,0.8042,0.0175,0.9281,average_predictors,none
min_rankme,overall_score,0,per_ckpt,main,72,0.0333,0.8042,0.0168,0.9161,average_predictors,none
min_rankme,transfer_score,0,per_ckpt,step50000-tokens210B,72,0.0176,0.9061,0.0049,0.987,average_predictors,none
min_rankme,transfer_score,0,per_ckpt,step100000-tokens420B,72,0.0668,0.7712,0.0308,0.9131,average_predictors,none
min_rankme,transfer_score,0,per_ckpt,step150000-tokens630B,72,0.0519,0.7712,0.0258,0.9121,average_predictors,none
min_rankme,transfer_score,0,per_ckpt,step200000-tokens840B,72,0.0204,0.8781,0.02,0.9371,average_predictors,none
min_rankme,transfer_score,0,per_ckpt,step250000-tokens1050B,72,0.0498,0.7972,0.0224,0.9271,average_predictors,none
min_rankme,transfer_score,0,per_ckpt,step300000-tokens1260B,72,0.0407,0.7972,0.0142,0.958,average_predictors,none
min_rankme,transfer_score,0,per_ckpt,step350000-tokens1470B,72,0.0017,0.9061,0.0106,0.966,average_predictors,none
min_rankme,transfer_score,0,per_ckpt,step400000-tokens1680B,72,0.0367,0.7972,0.0086,0.978,average_predictors,none
min_rankme,transfer_score,0,per_ckpt,step450000-tokens1890B,72,0.0383,0.7972,0.0068,0.986,average_predictors,none
min_rankme,transfer_score,0,per_ckpt,step500000-tokens2100B,72,0.0326,0.7972,0.0008,0.984,average_predictors,none
min_rankme,transfer_score,0,per_ckpt,step550000-tokens2310B,72,0.0203,0.7972,0.0023,0.987,average_predictors,none
min_rankme,transfer_score,0,per_ckpt,step600000-tokens2520B,72,0.0407,0.7972,0.0067,0.999,average_predictors,none
min_rankme,transfer_score,0,per_ckpt,step650000-tokens2730B,72,0.0218,0.7972,0.0034,0.997,average_predictors,none
min_rankme,transfer_score,0,per_ckpt,step700000-tokens2940B,72,0.0278,0.7972,0.0045,0.998,average_predictors,none
min_rankme,transfer_score,0,per_ckpt,step750000-tokens3150B,72,0.03,0.7972,0.0099,0.98,average_predictors,none
min_rankme,transfer_score,0,per_ckpt,step800000-tokens3360B,72,0.0095,0.7972,-0.0002,0.989,average_predictors,none
min_rankme,transfer_score,0,per_ckpt,step850000-tokens3570B,72,0.0421,0.7972,0.0113,0.974,average_predictors,none
min_rankme,transfer_score,0,per_ckpt,step900000-tokens3780B,72,0.0332,0.7972,0.0062,0.993,average_predictors,none
min_rankme,transfer_score,0,per_ckpt,step950000-tokens3990B,72,0.0304,0.9061,0.0068,0.995,average_predictors,none
min_rankme,transfer_score,0,per_ckpt,step1000000-tokens4200B,72,0.0187,0.7972,0.0075,0.997,average_predictors,none
min_rankme,transfer_score,0,per_ckpt,step1194000-tokens5014B,72,0.0041,0.9061,0.0017,0.992,average_predictors,none
min_rankme,transfer_score,0,per_ckpt,step1432000-tokens6014B,72,0.0275,0.9061,0.0054,0.997,average_predictors,none
min_rankme,transfer_score,0,per_ckpt,step1670000-tokens7014B,72,0.1509,0.8781,0.0871,0.8581,average_predictors,none
min_rankme,transfer_score,0,per_ckpt,step1678000-tokens7047B,72,0.0749,0.9061,0.0108,0.983,average_predictors,none
min_rankme,transfer_score,0,per_ckpt,step1700000-tokens7232B,72,0.0645,0.7972,0.012,0.974,average_predictors,none
min_rankme,transfer_score,0,per_ckpt,step1750000-tokens7652B,72,0.0679,0.7972,0.0201,0.954,average_predictors,none
min_rankme,transfer_score,0,per_ckpt,step1800000-tokens8072B,72,0.0548,0.7972,0.0169,0.962,average_predictors,none
min_rankme,transfer_score,0,per_ckpt,step1850000-tokens8492B,72,0.0255,0.7972,0.0229,0.9461,average_predictors,none
min_rankme,transfer_score,0,per_ckpt,step1900000-tokens8912B,72,-0.0104,0.7972,0.0106,0.963,average_predictors,none
min_rankme,transfer_score,0,per_ckpt,step1950000-tokens9332B,72,0.0173,0.957,0.013,0.965,average_predictors,none
min_rankme,transfer_score,0,per_ckpt,step2000000-tokens9752B,72,0.0612,0.7972,0.0069,0.994,average_predictors,none
min_rankme,transfer_score,0,per_ckpt,step2050000-tokens10172B,72,0.0333,0.9061,0.0078,0.992,average_predictors,none
min_rankme,transfer_score,0,per_ckpt,step2100000-tokens10592B,72,0.0715,0.7972,0.0218,0.9481,average_predictors,none
min_rankme,transfer_score,0,per_ckpt,step2150000-tokens11012B,72,0.0351,0.7972,0.0187,0.958,average_predictors,none
min_rankme,transfer_score,0,per_ckpt,step2200000-tokens11432B,72,0.0422,0.7972,0.0095,0.987,average_predictors,none
min_rankme,transfer_score,0,per_ckpt,step2250000-tokens11852B,72,-0.0034,0.9061,0.0127,0.957,average_predictors,none
min_rankme,transfer_score,0,per_ckpt,step2300000-tokens12272B,72,0.0193,0.7972,0.0205,0.9421,average_predictors,none
min_rankme,transfer_score,0,per_ckpt,step2350000-tokens12692B,72,0.0162,0.7972,0.0169,0.954,average_predictors,none
min_rankme,transfer_score,0,per_ckpt,step2400000-tokens13112B,72,0.0382,0.9061,0.0168,0.954,average_predictors,none
min_rankme,transfer_score,0,per_ckpt,step2450000-tokens13532B,72,0.0582,0.7972,0.0095,0.986,average_predictors,none
min_rankme,transfer_score,0,per_ckpt,step2500000-tokens13952B,72,0.0452,0.7972,0.0079,0.981,average_predictors,none
min_rankme,transfer_score,0,per_ckpt,step2550000-tokens14372B,72,0.0085,0.9061,0.0087,0.984,average_predictors,none
min_rankme,transfer_score,0,per_ckpt,step2600000-tokens14792B,72,0.0177,0.7972,0.0121,0.973,average_predictors,none
min_rankme,transfer_score,0,per_ckpt,step2627139-tokens15T,72,0.0205,0.7972,0.0117,0.976,average_predictors,none
min_rankme,transfer_score,0,per_ckpt,main,72,0.047,0.7972,0.0124,0.955,average_predictors,none
min_rankme,transfer_score_str,0,per_ckpt,step50000-tokens210B,72,0.2503,0.2827,0.3015,0.1918,average_predictors,none
min_rankme,transfer_score_str,0,per_ckpt,step100000-tokens420B,72,0.3136,0.1578,0.3398,0.1528,average_predictors,none
min_rankme,transfer_score_str,0,per_ckpt,step150000-tokens630B,72,0.3011,0.1578,0.3379,0.1518,average_predictors,none
min_rankme,transfer_score_str,0,per_ckpt,step200000-tokens840B,72,0.2623,0.2567,0.3305,0.1608,average_predictors,none
min_rankme,transfer_score_str,0,per_ckpt,step250000-tokens1050B,72,0.307,0.1818,0.3372,0.1548,average_predictors,none
min_rankme,transfer_score_str,0,per_ckpt,step300000-tokens1260B,72,0.3016,0.1818,0.3249,0.1618,average_predictors,none
min_rankme,transfer_score_str,0,per_ckpt,step350000-tokens1470B,72,0.2582,0.2827,0.3174,0.1708,average_predictors,none
min_rankme,transfer_score_str,0,per_ckpt,step400000-tokens1680B,72,0.2943,0.1818,0.3174,0.1698,average_predictors,none
min_rankme,transfer_score_str,0,per_ckpt,step450000-tokens1890B,72,0.2918,0.1818,0.3124,0.1788,average_predictors,none
min_rankme,transfer_score_str,0,per_ckpt,step500000-tokens2100B,72,0.2793,0.1818,0.3044,0.1958,average_predictors,none
min_rankme,transfer_score_str,0,per_ckpt,step550000-tokens2310B,72,0.2811,0.1818,0.3098,0.1858,average_predictors,none
min_rankme,transfer_score_str,0,per_ckpt,step600000-tokens2520B,72,0.2873,0.1818,0.3171,0.1808,average_predictors,none
min_rankme,transfer_score_str,0,per_ckpt,step650000-tokens2730B,72,0.2811,0.1818,0.3109,0.1858,average_predictors,none
min_rankme,transfer_score_str,0,per_ckpt,step700000-tokens2940B,72,0.2908,0.1818,0.313,0.1878,average_predictors,none
min_rankme,transfer_score_str,0,per_ckpt,step750000-tokens3150B,72,0.2803,0.1818,0.3183,0.1808,average_predictors,none
min_rankme,transfer_score_str,0,per_ckpt,step800000-tokens3360B,72,0.2823,0.1818,0.3058,0.1908,average_predictors,none
min_rankme,transfer_score_str,0,per_ckpt,step850000-tokens3570B,72,0.2923,0.1818,0.3233,0.1748,average_predictors,none
min_rankme,transfer_score_str,0,per_ckpt,step900000-tokens3780B,72,0.2829,0.1818,0.3159,0.1808,average_predictors,none
min_rankme,transfer_score_str,0,per_ckpt,step950000-tokens3990B,72,0.2455,0.2827,0.3133,0.1818,average_predictors,none
min_rankme,transfer_score_str,0,per_ckpt,step1000000-tokens4200B,72,0.2835,0.1818,0.3177,0.1788,average_predictors,none
min_rankme,transfer_score_str,0,per_ckpt,step1194000-tokens5014B,72,0.236,0.2827,0.3079,0.1928,average_predictors,none
min_rankme,transfer_score_str,0,per_ckpt,step1432000-tokens6014B,72,0.2361,0.2827,0.3105,0.1878,average_predictors,none
min_rankme,transfer_score_str,0,per_ckpt,step1670000-tokens7014B,72,0.3405,0.2567,0.3818,0.1419,average_predictors,none
min_rankme,transfer_score_str,0,per_ckpt,step1678000-tokens7047B,72,0.2924,0.2827,0.3163,0.1818,average_predictors,none
min_rankme,transfer_score_str,0,per_ckpt,step1700000-tokens7232B,72,0.3033,0.1818,0.3208,0.1728,average_predictors,none
min_rankme,transfer_score_str,0,per_ckpt,step1750000-tokens7652B,72,0.3057,0.1818,0.3272,0.1668,average_predictors,none
min_rankme,transfer_score_str,0,per_ckpt,step1800000-tokens8072B,72,0.2889,0.1818,0.3292,0.1668,average_predictors,none
min_rankme,transfer_score_str,0,per_ckpt,step1850000-tokens8492B,72,0.3041,0.1818,0.3392,0.1618,average_predictors,none
min_rankme,transfer_score_str,0,per_ckpt,step1900000-tokens8912B,72,0.2722,0.1818,0.3263,0.1688,average_predictors,none
min_rankme,transfer_score_str,0,per_ckpt,step1950000-tokens9332B,72,0.2673,0.2837,0.3295,0.1618,average_predictors,none
min_rankme,transfer_score_str,0,per_ckpt,step2000000-tokens9752B,72,0.2963,0.1818,0.3221,0.1678,average_predictors,none
min_rankme,transfer_score_str,0,per_ckpt,step2050000-tokens10172B,72,0.2525,0.2827,0.3151,0.1788,average_predictors,none
min_rankme,transfer_score_str,0,per_ckpt,step2100000-tokens10592B,72,0.3045,0.1818,0.3372,0.1618,average_predictors,none
min_rankme,transfer_score_str,0,per_ckpt,step2150000-tokens11012B,72,0.2847,0.1818,0.3382,0.1658,average_predictors,none
min_rankme,transfer_score_str,0,per_ckpt,step2200000-tokens11432B,72,0.2718,0.1818,0.3215,0.1708,average_predictors,none
min_rankme,transfer_score_str,0,per_ckpt,step2250000-tokens11852B,72,0.2803,0.2827,0.3313,0.1678,average_predictors,none
min_rankme,transfer_score_str,0,per_ckpt,step2300000-tokens12272B,72,0.2972,0.1818,0.334,0.1678,average_predictors,none
min_rankme,transfer_score_str,0,per_ckpt,step2350000-tokens12692B,72,0.2816,0.1818,0.3254,0.1718,average_predictors,none
min_rankme,transfer_score_str,0,per_ckpt,step2400000-tokens13112B,72,0.2567,0.2827,0.3246,0.1688,average_predictors,none
min_rankme,transfer_score_str,0,per_ckpt,step2450000-tokens13532B,72,0.3056,0.1818,0.3107,0.1858,average_predictors,none
min_rankme,transfer_score_str,0,per_ckpt,step2500000-tokens13952B,72,0.2821,0.1818,0.3109,0.1818,average_predictors,none
min_rankme,transfer_score_str,0,per_ckpt,step2550000-tokens14372B,72,0.2326,0.2827,0.3121,0.1838,average_predictors,none
min_rankme,transfer_score_str,0,per_ckpt,step2600000-tokens14792B,72,0.2524,0.1818,0.3169,0.1788,average_predictors,none
min_rankme,transfer_score_str,0,per_ckpt,step2627139-tokens15T,72,0.2565,0.1818,0.3172,0.1768,average_predictors,none
min_rankme,transfer_score_str,0,per_ckpt,main,72,0.275,0.1818,0.3222,0.1688,average_predictors,none
min_rankme,overall_score_str,0,per_ckpt,step50000-tokens210B,72,0.2423,0.3317,0.2379,0.3457,average_predictors,none
min_rankme,overall_score_str,0,per_ckpt,step100000-tokens420B,72,0.2986,0.1988,0.2671,0.2957,average_predictors,none
min_rankme,overall_score_str,0,per_ckpt,step150000-tokens630B,72,0.2921,0.1988,0.2682,0.2937,average_predictors,none
min_rankme,overall_score_str,0,per_ckpt,step200000-tokens840B,72,0.2429,0.3097,0.2572,0.3127,average_predictors,none
min_rankme,overall_score_str,0,per_ckpt,step250000-tokens1050B,72,0.3069,0.2148,0.2784,0.2747,average_predictors,none
min_rankme,overall_score_str,0,per_ckpt,step300000-tokens1260B,72,0.3035,0.2148,0.2674,0.2967,average_predictors,none
min_rankme,overall_score_str,0,per_ckpt,step350000-tokens1470B,72,0.2512,0.3317,0.2503,0.3257,average_predictors,none
min_rankme,overall_score_str,0,per_ckpt,step400000-tokens1680B,72,0.2955,0.2148,0.256,0.3177,average_predictors,none
min_rankme,overall_score_str,0,per_ckpt,step450000-tokens1890B,72,0.2928,0.2148,0.25,0.3297,average_predictors,none
min_rankme,overall_score_str,0,per_ckpt,step500000-tokens2100B,72,0.2808,0.2148,0.2419,0.3487,average_predictors,none
min_rankme,overall_score_str,0,per_ckpt,step550000-tokens2310B,72,0.2892,0.2148,0.2499,0.3317,average_predictors,none
min_rankme,overall_score_str,0,per_ckpt,step600000-tokens2520B,72,0.2907,0.2148,0.2642,0.3087,average_predictors,none
min_rankme,overall_score_str,0,per_ckpt,step650000-tokens2730B,72,0.2824,0.2148,0.2579,0.3197,average_predictors,none
min_rankme,overall_score_str,0,per_ckpt,step700000-tokens2940B,72,0.2956,0.2148,0.2573,0.3207,average_predictors,none
min_rankme,overall_score_str,0,per_ckpt,step750000-tokens3150B,72,0.2883,0.2148,0.2601,0.3197,average_predictors,none
min_rankme,overall_score_str,0,per_ckpt,step800000-tokens3360B,72,0.2867,0.2148,0.2493,0.3377,average_predictors,none
min_rankme,overall_score_str,0,per_ckpt,step850000-tokens3570B,72,0.2965,0.2148,0.2669,0.3097,average_predictors,none
min_rankme,overall_score_str,0,per_ckpt,step900000-tokens3780B,72,0.2871,0.2148,0.2531,0.3267,average_predictors,none
min_rankme,overall_score_str,0,per_ckpt,step950000-tokens3990B,72,0.2403,0.3317,0.2502,0.3317,average_predictors,none
min_rankme,overall_score_str,0,per_ckpt,step1000000-tokens4200B,72,0.2924,0.2148,0.2566,0.3247,average_predictors,none
min_rankme,overall_score_str,0,per_ckpt,step1194000-tokens5014B,72,0.243,0.3317,0.2455,0.3427,average_predictors,none
min_rankme,overall_score_str,0,per_ckpt,step1432000-tokens6014B,72,0.2322,0.3317,0.2514,0.3317,average_predictors,none
min_rankme,overall_score_str,0,per_ckpt,step1670000-tokens7014B,72,0.2907,0.3097,0.2934,0.2767,average_predictors,none
min_rankme,overall_score_str,0,per_ckpt,step1678000-tokens7047B,72,0.274,0.3317,0.2482,0.3377,average_predictors,none
min_rankme,overall_score_str,0,per_ckpt,step1700000-tokens7232B,72,0.2984,0.2148,0.2536,0.3237,average_predictors,none
min_rankme,overall_score_str,0,per_ckpt,step1750000-tokens7652B,72,0.2842,0.2148,0.2582,0.3217,average_predictors,none
min_rankme,overall_score_str,0,per_ckpt,step1800000-tokens8072B,72,0.2863,0.2148,0.2676,0.3047,average_predictors,none
min_rankme,overall_score_str,0,per_ckpt,step1850000-tokens8492B,72,0.2974,0.2148,0.2741,0.3067,average_predictors,none
min_rankme,overall_score_str,0,per_ckpt,step1900000-tokens8912B,72,0.2816,0.2148,0.2656,0.3137,average_predictors,none
min_rankme,overall_score_str,0,per_ckpt,step1950000-tokens9332B,72,0.2681,0.3477,0.2803,0.2777,average_predictors,none
min_rankme,overall_score_str,0,per_ckpt,step2000000-tokens9752B,72,0.2917,0.2148,0.2634,0.3117,average_predictors,none
min_rankme,overall_score_str,0,per_ckpt,step2050000-tokens10172B,72,0.2379,0.3317,0.2561,0.3237,average_predictors,none
min_rankme,overall_score_str,0,per_ckpt,step2100000-tokens10592B,72,0.2924,0.2148,0.2769,0.2827,average_predictors,none
min_rankme,overall_score_str,0,per_ckpt,step2150000-tokens11012B,72,0.283,0.2148,0.2809,0.2887,average_predictors,none
min_rankme,overall_score_str,0,per_ckpt,step2200000-tokens11432B,72,0.2625,0.2148,0.2604,0.3177,average_predictors,none
min_rankme,overall_score_str,0,per_ckpt,step2250000-tokens11852B,72,0.2838,0.3317,0.2701,0.3077,average_predictors,none
min_rankme,overall_score_str,0,per_ckpt,step2300000-tokens12272B,72,0.3042,0.2148,0.2726,0.3077,average_predictors,none
min_rankme,overall_score_str,0,per_ckpt,step2350000-tokens12692B,72,0.2806,0.2148,0.2701,0.2977,average_predictors,none
min_rankme,overall_score_str,0,per_ckpt,step2400000-tokens13112B,72,0.24,0.3317,0.2677,0.2977,average_predictors,none
min_rankme,overall_score_str,0,per_ckpt,step2450000-tokens13532B,72,0.2955,0.2148,0.2592,0.3147,average_predictors,none
min_rankme,overall_score_str,0,per_ckpt,step2500000-tokens13952B,72,0.274,0.2148,0.2691,0.2827,average_predictors,none
min_rankme,overall_score_str,0,per_ckpt,step2550000-tokens14372B,72,0.2298,0.3317,0.2659,0.2967,average_predictors,none
min_rankme,overall_score_str,0,per_ckpt,step2600000-tokens14792B,72,0.2539,0.2148,0.2736,0.2797,average_predictors,none
min_rankme,overall_score_str,0,per_ckpt,step2627139-tokens15T,72,0.2575,0.2148,0.2749,0.2777,average_predictors,none
min_rankme,overall_score_str,0,per_ckpt,main,72,0.2685,0.2148,0.2836,0.2617,average_predictors,none
min_rankme,transfer_margin_str,0,per_ckpt,step50000-tokens210B,72,0.3272,0.0879,0.294,0.1868,average_predictors,none
min_rankme,transfer_margin_str,0,per_ckpt,step100000-tokens420B,72,0.3225,0.1349,0.3201,0.1608,average_predictors,none
min_rankme,transfer_margin_str,0,per_ckpt,step150000-tokens630B,72,0.3195,0.1349,0.3254,0.1528,average_predictors,none
min_rankme,transfer_margin_str,0,per_ckpt,step200000-tokens840B,72,0.3407,0.0859,0.3271,0.1429,average_predictors,none
min_rankme,transfer_margin_str,0,per_ckpt,step250000-tokens1050B,72,0.3039,0.1359,0.3159,0.1638,average_predictors,none
min_rankme,transfer_margin_str,0,per_ckpt,step300000-tokens1260B,72,0.2997,0.1359,0.3061,0.1758,average_predictors,none
min_rankme,transfer_margin_str,0,per_ckpt,step350000-tokens1470B,72,0.3219,0.0879,0.3075,0.1708,average_predictors,none
min_rankme,transfer_margin_str,0,per_ckpt,step400000-tokens1680B,72,0.3076,0.1359,0.3054,0.1788,average_predictors,none
min_rankme,transfer_margin_str,0,per_ckpt,step450000-tokens1890B,72,0.3094,0.1359,0.3041,0.1748,average_predictors,none
min_rankme,transfer_margin_str,0,per_ckpt,step500000-tokens2100B,72,0.3103,0.1359,0.2965,0.1808,average_predictors,none
min_rankme,transfer_margin_str,0,per_ckpt,step550000-tokens2310B,72,0.2998,0.1359,0.2958,0.1818,average_predictors,none
min_rankme,transfer_margin_str,0,per_ckpt,step600000-tokens2520B,72,0.3064,0.1359,0.2951,0.1848,average_predictors,none
min_rankme,transfer_margin_str,0,per_ckpt,step650000-tokens2730B,72,0.3078,0.1359,0.2983,0.1808,average_predictors,none
min_rankme,transfer_margin_str,0,per_ckpt,step700000-tokens2940B,72,0.3068,0.1359,0.3034,0.1748,average_predictors,none
min_rankme,transfer_margin_str,0,per_ckpt,step750000-tokens3150B,72,0.3026,0.1359,0.3057,0.1758,average_predictors,none
min_rankme,transfer_margin_str,0,per_ckpt,step800000-tokens3360B,72,0.3097,0.1359,0.298,0.1788,average_predictors,none
min_rankme,transfer_margin_str,0,per_ckpt,step850000-tokens3570B,72,0.3095,0.1359,0.3065,0.1718,average_predictors,none
min_rankme,transfer_margin_str,0,per_ckpt,step900000-tokens3780B,72,0.3062,0.1359,0.3024,0.1788,average_predictors,none
min_rankme,transfer_margin_str,0,per_ckpt,step950000-tokens3990B,72,0.3393,0.0879,0.311,0.1668,average_predictors,none
min_rankme,transfer_margin_str,0,per_ckpt,step1000000-tokens4200B,72,0.2989,0.1359,0.3077,0.1688,average_predictors,none
min_rankme,transfer_margin_str,0,per_ckpt,step1194000-tokens5014B,72,0.3232,0.0879,0.309,0.1658,average_predictors,none
min_rankme,transfer_margin_str,0,per_ckpt,step1432000-tokens6014B,72,0.3395,0.0879,0.309,0.1638,average_predictors,none
min_rankme,transfer_margin_str,0,per_ckpt,step1670000-tokens7014B,72,0.3604,0.0859,0.3399,0.1578,average_predictors,none
min_rankme,transfer_margin_str,0,per_ckpt,step1678000-tokens7047B,72,0.3436,0.0879,0.3152,0.1608,average_predictors,none
min_rankme,transfer_margin_str,0,per_ckpt,step1700000-tokens7232B,72,0.3214,0.1359,0.3101,0.1708,average_predictors,none
min_rankme,transfer_margin_str,0,per_ckpt,step1750000-tokens7652B,72,0.3376,0.1359,0.3145,0.1658,average_predictors,none
min_rankme,transfer_margin_str,0,per_ckpt,step1800000-tokens8072B,72,0.3165,0.1359,0.3127,0.1678,average_predictors,none
min_rankme,transfer_margin_str,0,per_ckpt,step1850000-tokens8492B,72,0.2929,0.1359,0.3082,0.1658,average_predictors,none
min_rankme,transfer_margin_str,0,per_ckpt,step1900000-tokens8912B,72,0.284,0.1359,0.3025,0.1698,average_predictors,none
min_rankme,transfer_margin_str,0,per_ckpt,step1950000-tokens9332B,72,0.3062,0.0819,0.2985,0.1728,average_predictors,none
min_rankme,transfer_margin_str,0,per_ckpt,step2000000-tokens9752B,72,0.3229,0.1359,0.3047,0.1718,average_predictors,none
min_rankme,transfer_margin_str,0,per_ckpt,step2050000-tokens10172B,72,0.3499,0.0879,0.3091,0.1648,average_predictors,none
min_rankme,transfer_margin_str,0,per_ckpt,step2100000-tokens10592B,72,0.3316,0.1359,0.3126,0.1728,average_predictors,none
min_rankme,transfer_margin_str,0,per_ckpt,step2150000-tokens11012B,72,0.3161,0.1359,0.3069,0.1708,average_predictors,none
min_rankme,transfer_margin_str,0,per_ckpt,step2200000-tokens11432B,72,0.3392,0.1359,0.3114,0.1668,average_predictors,none
min_rankme,transfer_margin_str,0,per_ckpt,step2250000-tokens11852B,72,0.2919,0.0879,0.3058,0.1648,average_predictors,none
min_rankme,transfer_margin_str,0,per_ckpt,step2300000-tokens12272B,72,0.2872,0.1359,0.3103,0.1698,average_predictors,none
min_rankme,transfer_margin_str,0,per_ckpt,step2350000-tokens12692B,72,0.3156,0.1359,0.3099,0.1688,average_predictors,none
min_rankme,transfer_margin_str,0,per_ckpt,step2400000-tokens13112B,72,0.3582,0.0879,0.3117,0.1678,average_predictors,none
min_rankme,transfer_margin_str,0,per_ckpt,step2450000-tokens13532B,72,0.3269,0.1359,0.2937,0.1928,average_predictors,none
min_rankme,transfer_margin_str,0,per_ckpt,step2500000-tokens13952B,72,0.34,0.1359,0.2883,0.2008,average_predictors,none
min_rankme,transfer_margin_str,0,per_ckpt,step2550000-tokens14372B,72,0.3416,0.0879,0.2976,0.1888,average_predictors,none
min_rankme,transfer_margin_str,0,per_ckpt,step2600000-tokens14792B,72,0.329,0.1359,0.298,0.1908,average_predictors,none
min_rankme,transfer_margin_str,0,per_ckpt,step2627139-tokens15T,72,0.3292,0.1359,0.2932,0.1978,average_predictors,none
min_rankme,transfer_margin_str,0,per_ckpt,main,72,0.3212,0.1359,0.2949,0.2008,average_predictors,none
min_rankme,overall_margin_str,0,per_ckpt,step50000-tokens210B,72,0.4235,0.0639,0.4629,0.035,average_predictors,none
min_rankme,overall_margin_str,0,per_ckpt,step100000-tokens420B,72,0.4897,0.02,0.4997,0.025,average_predictors,none
min_rankme,overall_margin_str,0,per_ckpt,step150000-tokens630B,72,0.4831,0.02,0.5037,0.027,average_predictors,none
min_rankme,overall_margin_str,0,per_ckpt,step200000-tokens840B,72,0.425,0.0589,0.4949,0.029,average_predictors,none
min_rankme,overall_margin_str,0,per_ckpt,step250000-tokens1050B,72,0.4916,0.022,0.5082,0.025,average_predictors,none
min_rankme,overall_margin_str,0,per_ckpt,step300000-tokens1260B,72,0.4871,0.022,0.4975,0.025,average_predictors,none
min_rankme,overall_margin_str,0,per_ckpt,step350000-tokens1470B,72,0.4335,0.0639,0.4795,0.029,average_predictors,none
min_rankme,overall_margin_str,0,per_ckpt,step400000-tokens1680B,72,0.4895,0.022,0.489,0.027,average_predictors,none
min_rankme,overall_margin_str,0,per_ckpt,step450000-tokens1890B,72,0.4884,0.022,0.4808,0.029,average_predictors,none
min_rankme,overall_margin_str,0,per_ckpt,step500000-tokens2100B,72,0.4769,0.022,0.4708,0.029,average_predictors,none
min_rankme,overall_margin_str,0,per_ckpt,step550000-tokens2310B,72,0.4813,0.022,0.4794,0.027,average_predictors,none
min_rankme,overall_margin_str,0,per_ckpt,step600000-tokens2520B,72,0.4853,0.022,0.4891,0.025,average_predictors,none
min_rankme,overall_margin_str,0,per_ckpt,step650000-tokens2730B,72,0.4745,0.022,0.484,0.028,average_predictors,none
min_rankme,overall_margin_str,0,per_ckpt,step700000-tokens2940B,72,0.4893,0.022,0.4882,0.028,average_predictors,none
min_rankme,overall_margin_str,0,per_ckpt,step750000-tokens3150B,72,0.4856,0.022,0.4906,0.028,average_predictors,none
min_rankme,overall_margin_str,0,per_ckpt,step800000-tokens3360B,72,0.4805,0.022,0.4781,0.029,average_predictors,none
min_rankme,overall_margin_str,0,per_ckpt,step850000-tokens3570B,72,0.4946,0.022,0.497,0.028,average_predictors,none
min_rankme,overall_margin_str,0,per_ckpt,step900000-tokens3780B,72,0.4841,0.022,0.4841,0.028,average_predictors,none
min_rankme,overall_margin_str,0,per_ckpt,step950000-tokens3990B,72,0.453,0.0639,0.4836,0.029,average_predictors,none
min_rankme,overall_margin_str,0,per_ckpt,step1000000-tokens4200B,72,0.4827,0.022,0.4866,0.029,average_predictors,none
min_rankme,overall_margin_str,0,per_ckpt,step1194000-tokens5014B,72,0.4407,0.0639,0.4783,0.031,average_predictors,none
min_rankme,overall_margin_str,0,per_ckpt,step1432000-tokens6014B,72,0.436,0.0639,0.4831,0.03,average_predictors,none
min_rankme,overall_margin_str,0,per_ckpt,step1670000-tokens7014B,72,0.4874,0.0589,0.5223,0.027,average_predictors,none
min_rankme,overall_margin_str,0,per_ckpt,step1678000-tokens7047B,72,0.476,0.0639,0.4833,0.03,average_predictors,none
min_rankme,overall_margin_str,0,per_ckpt,step1700000-tokens7232B,72,0.4983,0.022,0.4852,0.028,average_predictors,none
min_rankme,overall_margin_str,0,per_ckpt,step1750000-tokens7652B,72,0.4829,0.022,0.4904,0.029,average_predictors,none
min_rankme,overall_margin_str,0,per_ckpt,step1800000-tokens8072B,72,0.4911,0.022,0.4966,0.029,average_predictors,none
min_rankme,overall_margin_str,0,per_ckpt,step1850000-tokens8492B,72,0.4487,0.022,0.4961,0.028,average_predictors,none
min_rankme,overall_margin_str,0,per_ckpt,step1900000-tokens8912B,72,0.4351,0.022,0.4872,0.029,average_predictors,none
min_rankme,overall_margin_str,0,per_ckpt,step1950000-tokens9332B,72,0.4351,0.0779,0.4966,0.026,average_predictors,none
min_rankme,overall_margin_str,0,per_ckpt,step2000000-tokens9752B,72,0.4923,0.022,0.4918,0.026,average_predictors,none
min_rankme,overall_margin_str,0,per_ckpt,step2050000-tokens10172B,72,0.438,0.0639,0.4854,0.029,average_predictors,none
min_rankme,overall_margin_str,0,per_ckpt,step2100000-tokens10592B,72,0.498,0.022,0.5053,0.025,average_predictors,none
min_rankme,overall_margin_str,0,per_ckpt,step2150000-tokens11012B,72,0.4764,0.022,0.5038,0.025,average_predictors,none
min_rankme,overall_margin_str,0,per_ckpt,step2200000-tokens11432B,72,0.4747,0.022,0.4912,0.029,average_predictors,none
min_rankme,overall_margin_str,0,per_ckpt,step2250000-tokens11852B,72,0.4415,0.0639,0.492,0.029,average_predictors,none
min_rankme,overall_margin_str,0,per_ckpt,step2300000-tokens12272B,72,0.4719,0.022,0.5003,0.028,average_predictors,none
min_rankme,overall_margin_str,0,per_ckpt,step2350000-tokens12692B,72,0.4664,0.022,0.4976,0.028,average_predictors,none
min_rankme,overall_margin_str,0,per_ckpt,step2400000-tokens13112B,72,0.456,0.0639,0.4956,0.028,average_predictors,none
min_rankme,overall_margin_str,0,per_ckpt,step2450000-tokens13532B,72,0.5009,0.022,0.4845,0.025,average_predictors,none
min_rankme,overall_margin_str,0,per_ckpt,step2500000-tokens13952B,72,0.4884,0.022,0.4897,0.025,average_predictors,none
min_rankme,overall_margin_str,0,per_ckpt,step2550000-tokens14372B,72,0.4435,0.0639,0.4909,0.027,average_predictors,none
min_rankme,overall_margin_str,0,per_ckpt,step2600000-tokens14792B,72,0.4773,0.022,0.4981,0.026,average_predictors,none
min_rankme,overall_margin_str,0,per_ckpt,step2627139-tokens15T,72,0.4772,0.022,0.4968,0.025,average_predictors,none
min_rankme,overall_margin_str,0,per_ckpt,main,72,0.4827,0.022,0.5078,0.024,average_predictors,none
norm_asym,accuracy_majority,0,per_ckpt,step50000-tokens210B,72,-0.1957,0.4316,-0.1912,0.4665,average_predictors,none
norm_asym,accuracy_majority,0,per_ckpt,step100000-tokens420B,72,-0.2101,0.3906,-0.2204,0.3946,average_predictors,none
norm_asym,accuracy_majority,0,per_ckpt,step150000-tokens630B,72,-0.2082,0.3536,-0.2237,0.3536,average_predictors,none
norm_asym,accuracy_majority,0,per_ckpt,step200000-tokens840B,72,-0.2139,0.3437,-0.2241,0.3516,average_predictors,none
norm_asym,accuracy_majority,0,per_ckpt,step250000-tokens1050B,72,-0.21,0.3656,-0.2233,0.3876,average_predictors,none
norm_asym,accuracy_majority,0,per_ckpt,step300000-tokens1260B,72,-0.221,0.3616,-0.2283,0.4036,average_predictors,none
norm_asym,accuracy_majority,0,per_ckpt,step350000-tokens1470B,72,-0.2224,0.3956,-0.2232,0.4186,average_predictors,none
norm_asym,accuracy_majority,0,per_ckpt,step400000-tokens1680B,72,-0.2263,0.3427,-0.2327,0.3936,average_predictors,none
norm_asym,accuracy_majority,0,per_ckpt,step450000-tokens1890B,72,-0.2293,0.3966,-0.2322,0.4136,average_predictors,none
norm_asym,accuracy_majority,0,per_ckpt,step500000-tokens2100B,72,-0.2258,0.3806,-0.2241,0.4326,average_predictors,none
norm_asym,accuracy_majority,0,per_ckpt,step550000-tokens2310B,72,-0.2267,0.3776,-0.225,0.4196,average_predictors,none
norm_asym,accuracy_majority,0,per_ckpt,step600000-tokens2520B,72,-0.2248,0.3866,-0.2219,0.4346,average_predictors,none
norm_asym,accuracy_majority,0,per_ckpt,step650000-tokens2730B,72,-0.2245,0.3846,-0.2179,0.4246,average_predictors,none
norm_asym,accuracy_majority,0,per_ckpt,step700000-tokens2940B,72,-0.2262,0.3447,-0.2277,0.3966,average_predictors,none
norm_asym,accuracy_majority,0,per_ckpt,step750000-tokens3150B,72,-0.227,0.3417,-0.2299,0.3826,average_predictors,none
norm_asym,accuracy_majority,0,per_ckpt,step800000-tokens3360B,72,-0.226,0.3626,-0.2205,0.4156,average_predictors,none
norm_asym,accuracy_majority,0,per_ckpt,step850000-tokens3570B,72,-0.2286,0.3387,-0.2311,0.3746,average_predictors,none
norm_asym,accuracy_majority,0,per_ckpt,step900000-tokens3780B,72,-0.2346,0.3467,-0.2323,0.3906,average_predictors,none
norm_asym,accuracy_majority,0,per_ckpt,step950000-tokens3990B,72,-0.2344,0.3367,-0.2368,0.3716,average_predictors,none
norm_asym,accuracy_majority,0,per_ckpt,step1000000-tokens4200B,72,-0.2263,0.3516,-0.2279,0.3916,average_predictors,none
norm_asym,accuracy_majority,0,per_ckpt,step1194000-tokens5014B,72,-0.2408,0.3556,-0.2322,0.3846,average_predictors,none
norm_asym,accuracy_majority,0,per_ckpt,step1432000-tokens6014B,72,-0.2296,0.3616,-0.2268,0.3956,average_predictors,none
norm_asym,accuracy_majority,0,per_ckpt,step1670000-tokens7014B,72,-0.1645,0.4026,-0.1814,0.4126,average_predictors,none
norm_asym,accuracy_majority,0,per_ckpt,step1678000-tokens7047B,72,-0.2437,0.3427,-0.2386,0.3726,average_predictors,none
norm_asym,accuracy_majority,0,per_ckpt,step1700000-tokens7232B,72,-0.2409,0.3407,-0.2385,0.3856,average_predictors,none
norm_asym,accuracy_majority,0,per_ckpt,step1750000-tokens7652B,72,-0.2252,0.3646,-0.2272,0.3856,average_predictors,none
norm_asym,accuracy_majority,0,per_ckpt,step1800000-tokens8072B,72,-0.2268,0.3417,-0.2307,0.3836,average_predictors,none
norm_asym,accuracy_majority,0,per_ckpt,step1850000-tokens8492B,72,-0.2292,0.3137,-0.2436,0.3706,average_predictors,none
norm_asym,accuracy_majority,0,per_ckpt,step1900000-tokens8912B,72,-0.2231,0.3237,-0.2373,0.3876,average_predictors,none
norm_asym,accuracy_majority,0,per_ckpt,step1950000-tokens9332B,72,-0.1813,0.3606,-0.188,0.4176,average_predictors,none
norm_asym,accuracy_majority,0,per_ckpt,step2000000-tokens9752B,72,-0.2391,0.3457,-0.2347,0.4026,average_predictors,none
norm_asym,accuracy_majority,0,per_ckpt,step2050000-tokens10172B,72,-0.232,0.3576,-0.2304,0.4046,average_predictors,none
norm_asym,accuracy_majority,0,per_ckpt,step2100000-tokens10592B,72,-0.231,0.3566,-0.2364,0.3996,average_predictors,none
norm_asym,accuracy_majority,0,per_ckpt,step2150000-tokens11012B,72,-0.2255,0.3277,-0.2364,0.3876,average_predictors,none
norm_asym,accuracy_majority,0,per_ckpt,step2200000-tokens11432B,72,-0.2396,0.3417,-0.2354,0.3906,average_predictors,none
norm_asym,accuracy_majority,0,per_ckpt,step2250000-tokens11852B,72,-0.2368,0.3277,-0.245,0.3806,average_predictors,none
norm_asym,accuracy_majority,0,per_ckpt,step2300000-tokens12272B,72,-0.2344,0.3397,-0.2466,0.3716,average_predictors,none
norm_asym,accuracy_majority,0,per_ckpt,step2350000-tokens12692B,72,-0.2269,0.3457,-0.236,0.3936,average_predictors,none
norm_asym,accuracy_majority,0,per_ckpt,step2400000-tokens13112B,72,-0.229,0.3776,-0.23,0.4026,average_predictors,none
norm_asym,accuracy_majority,0,per_ckpt,step2450000-tokens13532B,72,-0.2212,0.4096,-0.2123,0.4635,average_predictors,none
norm_asym,accuracy_majority,0,per_ckpt,step2500000-tokens13952B,72,-0.2155,0.4266,-0.2089,0.4825,average_predictors,none
norm_asym,accuracy_majority,0,per_ckpt,step2550000-tokens14372B,72,-0.2248,0.4186,-0.2167,0.4525,average_predictors,none
norm_asym,accuracy_majority,0,per_ckpt,step2600000-tokens14792B,72,-0.2224,0.4146,-0.2161,0.4496,average_predictors,none
norm_asym,accuracy_majority,0,per_ckpt,step2627139-tokens15T,72,-0.2219,0.4306,-0.2108,0.4665,average_predictors,none
norm_asym,accuracy_majority,0,per_ckpt,main,72,-0.2198,0.4086,-0.2164,0.4515,average_predictors,none
norm_asym,overall_score,0,per_ckpt,step50000-tokens210B,72,0.0087,0.9161,0.0404,0.8232,average_predictors,none
norm_asym,overall_score,0,per_ckpt,step100000-tokens420B,72,0.0283,0.8691,0.0308,0.7942,average_predictors,none
norm_asym,overall_score,0,per_ckpt,step150000-tokens630B,72,0.0212,0.9261,0.0327,0.8292,average_predictors,none
norm_asym,overall_score,0,per_ckpt,step200000-tokens840B,72,0.0158,0.9381,0.0361,0.8242,average_predictors,none
norm_asym,overall_score,0,per_ckpt,step250000-tokens1050B,72,0.0084,0.952,0.0371,0.7912,average_predictors,none
norm_asym,overall_score,0,per_ckpt,step300000-tokens1260B,72,-0.0089,0.954,0.0321,0.8032,average_predictors,none
norm_asym,overall_score,0,per_ckpt,step350000-tokens1470B,72,-0.0109,0.9391,0.0299,0.8112,average_predictors,none
norm_asym,overall_score,0,per_ckpt,step400000-tokens1680B,72,-0.0135,0.969,0.0256,0.8112,average_predictors,none
norm_asym,overall_score,0,per_ckpt,step450000-tokens1890B,72,-0.0242,0.951,0.0189,0.8162,average_predictors,none
norm_asym,overall_score,0,per_ckpt,step500000-tokens2100B,72,-0.0178,0.961,0.0234,0.8152,average_predictors,none
norm_asym,overall_score,0,per_ckpt,step550000-tokens2310B,72,-0.0161,0.974,0.0277,0.8152,average_predictors,none
norm_asym,overall_score,0,per_ckpt,step600000-tokens2520B,72,-0.018,0.975,0.0314,0.7942,average_predictors,none
norm_asym,overall_score,0,per_ckpt,step650000-tokens2730B,72,-0.0269,0.981,0.0311,0.8162,average_predictors,none
norm_asym,overall_score,0,per_ckpt,step700000-tokens2940B,72,-0.0216,0.984,0.0278,0.8382,average_predictors,none
norm_asym,overall_score,0,per_ckpt,step750000-tokens3150B,72,-0.0241,0.984,0.0226,0.8621,average_predictors,none
norm_asym,overall_score,0,per_ckpt,step800000-tokens3360B,72,-0.0203,0.992,0.028,0.8312,average_predictors,none
norm_asym,overall_score,0,per_ckpt,step850000-tokens3570B,72,-0.0243,0.998,0.0236,0.8541,average_predictors,none
norm_asym,overall_score,0,per_ckpt,step900000-tokens3780B,72,-0.0241,0.995,0.0221,0.8452,average_predictors,none
norm_asym,overall_score,0,per_ckpt,step950000-tokens3990B,72,-0.0301,0.983,0.0157,0.8551,average_predictors,none
norm_asym,overall_score,0,per_ckpt,step1000000-tokens4200B,72,-0.0219,0.996,0.0243,0.8442,average_predictors,none
norm_asym,overall_score,0,per_ckpt,step1194000-tokens5014B,72,-0.038,0.984,0.0187,0.8551,average_predictors,none
norm_asym,overall_score,0,per_ckpt,step1432000-tokens6014B,72,-0.0257,0.998,0.0204,0.8422,average_predictors,none
norm_asym,overall_score,0,per_ckpt,step1670000-tokens7014B,72,0.0291,0.8941,0.0616,0.7842,average_predictors,none
norm_asym,overall_score,0,per_ckpt,step1678000-tokens7047B,72,-0.033,1.0,0.0129,0.8561,average_predictors,none
norm_asym,overall_score,0,per_ckpt,step1700000-tokens7232B,72,-0.0236,0.986,0.0116,0.8452,average_predictors,none
norm_asym,overall_score,0,per_ckpt,step1750000-tokens7652B,72,-0.0136,0.9411,0.0227,0.8272,average_predictors,none
norm_asym,overall_score,0,per_ckpt,step1800000-tokens8072B,72,-0.0236,0.993,0.0206,0.8322,average_predictors,none
norm_asym,overall_score,0,per_ckpt,step1850000-tokens8492B,72,-0.0248,0.988,0.0032,0.8541,average_predictors,none
norm_asym,overall_score,0,per_ckpt,step1900000-tokens8912B,72,-0.0243,0.984,0.0048,0.8472,average_predictors,none
norm_asym,overall_score,0,per_ckpt,step1950000-tokens9332B,72,0.0111,0.992,0.0525,0.7762,average_predictors,none
norm_asym,overall_score,0,per_ckpt,step2000000-tokens9752B,72,-0.023,0.985,0.018,0.8082,average_predictors,none
norm_asym,overall_score,0,per_ckpt,step2050000-tokens10172B,72,-0.0268,0.991,0.0159,0.8282,average_predictors,none
norm_asym,overall_score,0,per_ckpt,step2100000-tokens10592B,72,-0.0133,0.957,0.0209,0.7982,average_predictors,none
norm_asym,overall_score,0,per_ckpt,step2150000-tokens11012B,72,-0.0204,0.987,0.0176,0.8062,average_predictors,none
norm_asym,overall_score,0,per_ckpt,step2200000-tokens11432B,72,-0.0302,0.993,0.0167,0.8242,average_predictors,none
norm_asym,overall_score,0,per_ckpt,step2250000-tokens11852B,72,-0.0479,0.969,-0.0031,0.8462,average_predictors,none
norm_asym,overall_score,0,per_ckpt,step2300000-tokens12272B,72,-0.0323,0.988,0.0025,0.8641,average_predictors,none
norm_asym,overall_score,0,per_ckpt,step2350000-tokens12692B,72,-0.0285,0.992,0.0106,0.8402,average_predictors,none
norm_asym,overall_score,0,per_ckpt,step2400000-tokens13112B,72,-0.0269,0.991,0.0147,0.8432,average_predictors,none
norm_asym,overall_score,0,per_ckpt,step2450000-tokens13532B,72,-0.0182,0.95,0.0268,0.7972,average_predictors,none
norm_asym,overall_score,0,per_ckpt,step2500000-tokens13952B,72,-0.0189,0.9471,0.0303,0.7832,average_predictors,none
norm_asym,overall_score,0,per_ckpt,step2550000-tokens14372B,72,-0.0249,0.965,0.0275,0.7962,average_predictors,none
norm_asym,overall_score,0,per_ckpt,step2600000-tokens14792B,72,-0.0213,0.955,0.029,0.7952,average_predictors,none
norm_asym,overall_score,0,per_ckpt,step2627139-tokens15T,72,-0.0203,0.9231,0.0342,0.7792,average_predictors,none
norm_asym,overall_score,0,per_ckpt,main,72,-0.0196,0.959,0.0285,0.7882,average_predictors,none
norm_asym,transfer_score,0,per_ckpt,step50000-tokens210B,72,-0.0059,0.9471,0.0232,0.8022,average_predictors,none
norm_asym,transfer_score,0,per_ckpt,step100000-tokens420B,72,0.0156,0.8921,0.016,0.8162,average_predictors,none
norm_asym,transfer_score,0,per_ckpt,step150000-tokens630B,72,0.0081,0.956,0.017,0.8561,average_predictors,none
norm_asym,transfer_score,0,per_ckpt,step200000-tokens840B,72,-0.0024,0.99,0.0156,0.8681,average_predictors,none
norm_asym,transfer_score,0,per_ckpt,step250000-tokens1050B,72,-0.0016,0.978,0.0166,0.8262,average_predictors,none
norm_asym,transfer_score,0,per_ckpt,step300000-tokens1260B,72,-0.0126,0.97,0.0136,0.8072,average_predictors,none
norm_asym,transfer_score,0,per_ckpt,step350000-tokens1470B,72,-0.0197,0.978,0.0119,0.8272,average_predictors,none
norm_asym,transfer_score,0,per_ckpt,step400000-tokens1680B,72,-0.0155,0.985,0.0095,0.8352,average_predictors,none
norm_asym,transfer_score,0,per_ckpt,step450000-tokens1890B,72,-0.0226,0.971,0.0072,0.8222,average_predictors,none
norm_asym,transfer_score,0,per_ckpt,step500000-tokens2100B,72,-0.0181,0.985,0.0114,0.7972,average_predictors,none
norm_asym,transfer_score,0,per_ckpt,step550000-tokens2310B,72,-0.0152,0.986,0.0148,0.8112,average_predictors,none
norm_asym,transfer_score,0,per_ckpt,step600000-tokens2520B,72,-0.0176,0.996,0.0164,0.7852,average_predictors,none
norm_asym,transfer_score,0,per_ckpt,step650000-tokens2730B,72,-0.0245,0.997,0.0172,0.8032,average_predictors,none
norm_asym,transfer_score,0,per_ckpt,step700000-tokens2940B,72,-0.0194,0.9411,0.0144,0.8402,average_predictors,none
norm_asym,transfer_score,0,per_ckpt,step750000-tokens3150B,72,-0.0207,0.961,0.0116,0.8571,average_predictors,none
norm_asym,transfer_score,0,per_ckpt,step800000-tokens3360B,72,-0.0196,0.9411,0.0152,0.8372,average_predictors,none
norm_asym,transfer_score,0,per_ckpt,step850000-tokens3570B,72,-0.02,0.974,0.0124,0.8561,average_predictors,none
norm_asym,transfer_score,0,per_ckpt,step900000-tokens3780B,72,-0.0215,0.99,0.0115,0.8442,average_predictors,none
norm_asym,transfer_score,0,per_ckpt,step950000-tokens3990B,72,-0.0275,0.962,0.0052,0.8711,average_predictors,none
norm_asym,transfer_score,0,per_ckpt,step1000000-tokens4200B,72,-0.0201,0.998,0.0128,0.8372,average_predictors,none
norm_asym,transfer_score,0,per_ckpt,step1194000-tokens5014B,72,-0.0312,0.959,0.0104,0.8412,average_predictors,none
norm_asym,transfer_score,0,per_ckpt,step1432000-tokens6014B,72,-0.0214,0.962,0.0127,0.8501,average_predictors,none
norm_asym,transfer_score,0,per_ckpt,step1670000-tokens7014B,72,0.0496,0.8861,0.0478,0.7632,average_predictors,none
norm_asym,transfer_score,0,per_ckpt,step1678000-tokens7047B,72,-0.0252,0.951,0.0073,0.8541,average_predictors,none
norm_asym,transfer_score,0,per_ckpt,step1700000-tokens7232B,72,-0.0188,0.984,0.0058,0.8501,average_predictors,none
norm_asym,transfer_score,0,per_ckpt,step1750000-tokens7652B,72,-0.0119,0.98,0.013,0.8392,average_predictors,none
norm_asym,transfer_score,0,per_ckpt,step1800000-tokens8072B,72,-0.022,0.979,0.0096,0.8621,average_predictors,none
norm_asym,transfer_score,0,per_ckpt,step1850000-tokens8492B,72,-0.0401,0.8901,-0.0164,0.8901,average_predictors,none
norm_asym,transfer_score,0,per_ckpt,step1900000-tokens8912B,72,-0.0381,0.9241,-0.0124,0.8611,average_predictors,none
norm_asym,transfer_score,0,per_ckpt,step1950000-tokens9332B,72,0.0005,0.9291,0.032,0.8192,average_predictors,none
norm_asym,transfer_score,0,per_ckpt,step2000000-tokens9752B,72,-0.0194,0.993,0.01,0.8182,average_predictors,none
norm_asym,transfer_score,0,per_ckpt,step2050000-tokens10172B,72,-0.0213,0.981,0.0092,0.8372,average_predictors,none
norm_asym,transfer_score,0,per_ckpt,step2100000-tokens10592B,72,-0.012,0.978,0.0111,0.8152,average_predictors,none
norm_asym,transfer_score,0,per_ckpt,step2150000-tokens11012B,72,-0.0229,0.9371,0.0045,0.8511,average_predictors,none
norm_asym,transfer_score,0,per_ckpt,step2200000-tokens11432B,72,-0.0257,0.979,0.0091,0.8392,average_predictors,none
norm_asym,transfer_score,0,per_ckpt,step2250000-tokens11852B,72,-0.0584,0.8971,-0.0211,0.8691,average_predictors,none
norm_asym,transfer_score,0,per_ckpt,step2300000-tokens12272B,72,-0.0301,0.969,-0.0083,0.8711,average_predictors,none
norm_asym,transfer_score,0,per_ckpt,step2350000-tokens12692B,72,-0.0247,0.971,0.0041,0.8362,average_predictors,none
norm_asym,transfer_score,0,per_ckpt,step2400000-tokens13112B,72,-0.0185,0.996,0.0111,0.8252,average_predictors,none
norm_asym,transfer_score,0,per_ckpt,step2450000-tokens13532B,72,-0.012,0.9381,0.021,0.7552,average_predictors,none
norm_asym,transfer_score,0,per_ckpt,step2500000-tokens13952B,72,-0.0134,0.9301,0.0225,0.7323,average_predictors,none
norm_asym,transfer_score,0,per_ckpt,step2550000-tokens14372B,72,-0.0198,0.961,0.0189,0.7732,average_predictors,none
norm_asym,transfer_score,0,per_ckpt,step2600000-tokens14792B,72,-0.0174,0.9411,0.0198,0.7752,average_predictors,none
norm_asym,transfer_score,0,per_ckpt,step2627139-tokens15T,72,-0.0166,0.9261,0.0226,0.7602,average_predictors,none
norm_asym,transfer_score,0,per_ckpt,main,72,-0.0111,0.9391,0.0218,0.7662,average_predictors,none
norm_asym,transfer_score_str,0,per_ckpt,step50000-tokens210B,72,-0.0132,0.978,-0.0139,0.993,average_predictors,none
norm_asym,transfer_score_str,0,per_ckpt,step100000-tokens420B,72,0.0633,0.8252,0.0191,0.967,average_predictors,none
norm_asym,transfer_score_str,0,per_ckpt,step150000-tokens630B,72,0.0294,0.8761,-0.0007,0.999,average_predictors,none
norm_asym,transfer_score_str,0,per_ckpt,step200000-tokens840B,72,0.0184,0.9081,-0.0125,0.997,average_predictors,none
norm_asym,transfer_score_str,0,per_ckpt,step250000-tokens1050B,72,0.0072,0.9351,-0.0202,0.983,average_predictors,none
norm_asym,transfer_score_str,0,per_ckpt,step300000-tokens1260B,72,-0.018,0.9381,-0.0279,0.986,average_predictors,none
norm_asym,transfer_score_str,0,per_ckpt,step350000-tokens1470B,72,-0.0205,0.957,-0.0303,0.998,average_predictors,none
norm_asym,transfer_score_str,0,per_ckpt,step400000-tokens1680B,72,-0.0234,0.96,-0.033,0.976,average_predictors,none
norm_asym,transfer_score_str,0,per_ckpt,step450000-tokens1890B,72,-0.0299,0.955,-0.0333,0.983,average_predictors,none
norm_asym,transfer_score_str,0,per_ckpt,step500000-tokens2100B,72,-0.0182,0.9481,-0.0289,0.994,average_predictors,none
norm_asym,transfer_score_str,0,per_ckpt,step550000-tokens2310B,72,-0.0167,0.954,-0.0284,0.992,average_predictors,none
norm_asym,transfer_score_str,0,per_ckpt,step600000-tokens2520B,72,-0.0222,0.972,-0.0327,0.966,average_predictors,none
norm_asym,transfer_score_str,0,per_ckpt,step650000-tokens2730B,72,-0.0316,0.999,-0.0364,0.9441,average_predictors,none
norm_asym,transfer_score_str,0,per_ckpt,step700000-tokens2940B,72,-0.0249,0.951,-0.0377,0.9331,average_predictors,none
norm_asym,transfer_score_str,0,per_ckpt,step750000-tokens3150B,72,-0.025,0.9441,-0.0355,0.9401,average_predictors,none
norm_asym,transfer_score_str,0,per_ckpt,step800000-tokens3360B,72,-0.0256,0.9271,-0.0359,0.9371,average_predictors,none
norm_asym,transfer_score_str,0,per_ckpt,step850000-tokens3570B,72,-0.0234,0.999,-0.035,0.9461,average_predictors,none
norm_asym,transfer_score_str,0,per_ckpt,step900000-tokens3780B,72,-0.016,0.978,-0.0278,0.982,average_predictors,none
norm_asym,transfer_score_str,0,per_ckpt,step950000-tokens3990B,72,-0.0328,0.978,-0.0324,0.9441,average_predictors,none
norm_asym,transfer_score_str,0,per_ckpt,step1000000-tokens4200B,72,-0.0187,0.99,-0.0311,0.96,average_predictors,none
norm_asym,transfer_score_str,0,per_ckpt,step1194000-tokens5014B,72,-0.0304,0.969,-0.0332,0.952,average_predictors,none
norm_asym,transfer_score_str,0,per_ckpt,step1432000-tokens6014B,72,-0.0245,0.97,-0.0333,0.9381,average_predictors,none
norm_asym,transfer_score_str,0,per_ckpt,step1670000-tokens7014B,72,0.1199,0.8302,0.07,0.9371,average_predictors,none
norm_asym,transfer_score_str,0,per_ckpt,step1678000-tokens7047B,72,-0.0166,0.992,-0.0232,0.966,average_predictors,none
norm_asym,transfer_score_str,0,per_ckpt,step1700000-tokens7232B,72,-0.0055,0.959,-0.0201,0.975,average_predictors,none
norm_asym,transfer_score_str,0,per_ckpt,step1750000-tokens7652B,72,0.0019,0.9241,-0.0119,0.989,average_predictors,none
norm_asym,transfer_score_str,0,per_ckpt,step1800000-tokens8072B,72,-0.024,0.982,-0.0294,0.951,average_predictors,none
norm_asym,transfer_score_str,0,per_ckpt,step1850000-tokens8492B,72,-0.0549,0.9391,-0.0475,0.9451,average_predictors,none
norm_asym,transfer_score_str,0,per_ckpt,step1900000-tokens8912B,72,-0.0518,0.95,-0.0488,0.9381,average_predictors,none
norm_asym,transfer_score_str,0,per_ckpt,step1950000-tokens9332B,72,0.0092,0.8981,-0.0152,0.9401,average_predictors,none
norm_asym,transfer_score_str,0,per_ckpt,step2000000-tokens9752B,72,-0.0016,0.956,-0.0198,0.97,average_predictors,none
norm_asym,transfer_score_str,0,per_ckpt,step2050000-tokens10172B,72,-0.0178,0.992,-0.0268,0.9491,average_predictors,none
norm_asym,transfer_score_str,0,per_ckpt,step2100000-tokens10592B,72,0.0039,0.9481,-0.0186,0.983,average_predictors,none
norm_asym,transfer_score_str,0,per_ckpt,step2150000-tokens11012B,72,-0.0247,0.969,-0.0341,0.9491,average_predictors,none
norm_asym,transfer_score_str,0,per_ckpt,step2200000-tokens11432B,72,-0.0112,0.982,-0.025,0.956,average_predictors,none
norm_asym,transfer_score_str,0,per_ckpt,step2250000-tokens11852B,72,-0.0707,0.9171,-0.0579,0.9391,average_predictors,none
norm_asym,transfer_score_str,0,per_ckpt,step2300000-tokens12272B,72,-0.0429,0.985,-0.0456,0.953,average_predictors,none
norm_asym,transfer_score_str,0,per_ckpt,step2350000-tokens12692B,72,-0.0337,0.992,-0.0359,0.9471,average_predictors,none
norm_asym,transfer_score_str,0,per_ckpt,step2400000-tokens13112B,72,-0.0159,1.0,-0.0285,0.951,average_predictors,none
norm_asym,transfer_score_str,0,per_ckpt,step2450000-tokens13532B,72,-0.0107,0.982,-0.0243,0.983,average_predictors,none
norm_asym,transfer_score_str,0,per_ckpt,step2500000-tokens13952B,72,-0.0176,0.999,-0.0324,0.955,average_predictors,none
norm_asym,transfer_score_str,0,per_ckpt,step2550000-tokens14372B,72,-0.0278,0.9481,-0.0395,0.9351,average_predictors,none
norm_asym,transfer_score_str,0,per_ckpt,step2600000-tokens14792B,72,-0.0216,0.987,-0.0379,0.9311,average_predictors,none
norm_asym,transfer_score_str,0,per_ckpt,step2627139-tokens15T,72,-0.0172,0.975,-0.0345,0.9411,average_predictors,none
norm_asym,transfer_score_str,0,per_ckpt,main,72,-0.0113,0.987,-0.0316,0.9481,average_predictors,none
norm_asym,overall_score_str,0,per_ckpt,step50000-tokens210B,72,0.0989,0.5754,0.0209,0.9311,average_predictors,none
norm_asym,overall_score_str,0,per_ckpt,step100000-tokens420B,72,0.1171,0.5395,0.0216,0.9061,average_predictors,none
norm_asym,overall_score_str,0,per_ckpt,step150000-tokens630B,72,0.1115,0.5744,0.0208,0.9331,average_predictors,none
norm_asym,overall_score_str,0,per_ckpt,step200000-tokens840B,72,0.0999,0.6084,0.0184,0.957,average_predictors,none
norm_asym,overall_score_str,0,per_ckpt,step250000-tokens1050B,72,0.1099,0.5664,0.0261,0.9091,average_predictors,none
norm_asym,overall_score_str,0,per_ckpt,step300000-tokens1260B,72,0.0977,0.5724,0.02,0.9081,average_predictors,none
norm_asym,overall_score_str,0,per_ckpt,step350000-tokens1470B,72,0.0954,0.6024,0.0156,0.9291,average_predictors,none
norm_asym,overall_score_str,0,per_ckpt,step400000-tokens1680B,72,0.0913,0.5884,0.0143,0.9271,average_predictors,none
norm_asym,overall_score_str,0,per_ckpt,step450000-tokens1890B,72,0.078,0.5614,0.0054,0.9361,average_predictors,none
norm_asym,overall_score_str,0,per_ckpt,step500000-tokens2100B,72,0.0921,0.5744,0.0083,0.9441,average_predictors,none
norm_asym,overall_score_str,0,per_ckpt,step550000-tokens2310B,72,0.093,0.5684,0.0143,0.9281,average_predictors,none
norm_asym,overall_score_str,0,per_ckpt,step600000-tokens2520B,72,0.0916,0.5664,0.0164,0.9101,average_predictors,none
norm_asym,overall_score_str,0,per_ckpt,step650000-tokens2730B,72,0.0799,0.5774,0.0131,0.9331,average_predictors,none
norm_asym,overall_score_str,0,per_ckpt,step700000-tokens2940B,72,0.0893,0.5964,0.0128,0.9451,average_predictors,none
norm_asym,overall_score_str,0,per_ckpt,step750000-tokens3150B,72,0.0882,0.6064,0.0116,0.9421,average_predictors,none
norm_asym,overall_score_str,0,per_ckpt,step800000-tokens3360B,72,0.089,0.6014,0.0103,0.9431,average_predictors,none
norm_asym,overall_score_str,0,per_ckpt,step850000-tokens3570B,72,0.0869,0.5894,0.0134,0.9321,average_predictors,none
norm_asym,overall_score_str,0,per_ckpt,step900000-tokens3780B,72,0.0918,0.5804,0.0091,0.9441,average_predictors,none
norm_asym,overall_score_str,0,per_ckpt,step950000-tokens3990B,72,0.075,0.6374,0.0018,0.96,average_predictors,none
norm_asym,overall_score_str,0,per_ckpt,step1000000-tokens4200B,72,0.0911,0.5934,0.0084,0.95,average_predictors,none
norm_asym,overall_score_str,0,per_ckpt,step1194000-tokens5014B,72,0.0742,0.6414,0.0028,0.98,average_predictors,none
norm_asym,overall_score_str,0,per_ckpt,step1432000-tokens6014B,72,0.076,0.6314,0.0034,0.963,average_predictors,none
norm_asym,overall_score_str,0,per_ckpt,step1670000-tokens7014B,72,0.1024,0.5844,0.0528,0.8971,average_predictors,none
norm_asym,overall_score_str,0,per_ckpt,step1678000-tokens7047B,72,0.0716,0.6364,-0.0009,0.973,average_predictors,none
norm_asym,overall_score_str,0,per_ckpt,step1700000-tokens7232B,72,0.0852,0.5894,0.0012,0.9451,average_predictors,none
norm_asym,overall_score_str,0,per_ckpt,step1750000-tokens7652B,72,0.0833,0.5734,0.0056,0.9371,average_predictors,none
norm_asym,overall_score_str,0,per_ckpt,step1800000-tokens8072B,72,0.0794,0.5834,0.008,0.9281,average_predictors,none
norm_asym,overall_score_str,0,per_ckpt,step1850000-tokens8492B,72,0.0843,0.5954,0.0076,0.9361,average_predictors,none
norm_asym,overall_score_str,0,per_ckpt,step1900000-tokens8912B,72,0.0815,0.5964,0.0038,0.9401,average_predictors,none
norm_asym,overall_score_str,0,per_ckpt,step1950000-tokens9332B,72,0.1165,0.6464,0.0385,0.9011,average_predictors,none
norm_asym,overall_score_str,0,per_ckpt,step2000000-tokens9752B,72,0.0891,0.5714,0.0042,0.9231,average_predictors,none
norm_asym,overall_score_str,0,per_ckpt,step2050000-tokens10172B,72,0.076,0.6184,-0.0008,0.9491,average_predictors,none
norm_asym,overall_score_str,0,per_ckpt,step2100000-tokens10592B,72,0.0937,0.5704,0.0066,0.9131,average_predictors,none
norm_asym,overall_score_str,0,per_ckpt,step2150000-tokens11012B,72,0.0834,0.5894,0.0067,0.9141,average_predictors,none
norm_asym,overall_score_str,0,per_ckpt,step2200000-tokens11432B,72,0.0775,0.5834,0.0022,0.9371,average_predictors,none
norm_asym,overall_score_str,0,per_ckpt,step2250000-tokens11852B,72,0.0676,0.6424,0.0031,0.9381,average_predictors,none
norm_asym,overall_score_str,0,per_ckpt,step2300000-tokens12272B,72,0.0839,0.5924,0.0054,0.9371,average_predictors,none
norm_asym,overall_score_str,0,per_ckpt,step2350000-tokens12692B,72,0.0775,0.5924,0.0038,0.9311,average_predictors,none
norm_asym,overall_score_str,0,per_ckpt,step2400000-tokens13112B,72,0.0776,0.6104,0.0049,0.9331,average_predictors,none
norm_asym,overall_score_str,0,per_ckpt,step2450000-tokens13532B,72,0.0914,0.5664,0.0125,0.9181,average_predictors,none
norm_asym,overall_score_str,0,per_ckpt,step2500000-tokens13952B,72,0.0816,0.5604,0.0132,0.8961,average_predictors,none
norm_asym,overall_score_str,0,per_ckpt,step2550000-tokens14372B,72,0.0729,0.6044,0.0091,0.9141,average_predictors,none
norm_asym,overall_score_str,0,per_ckpt,step2600000-tokens14792B,72,0.0799,0.5664,0.0114,0.9011,average_predictors,none
norm_asym,overall_score_str,0,per_ckpt,step2627139-tokens15T,72,0.0833,0.5405,0.0158,0.8921,average_predictors,none
norm_asym,overall_score_str,0,per_ckpt,main,72,0.0944,0.5455,0.0175,0.8751,average_predictors,none
norm_asym,transfer_margin_str,0,per_ckpt,step50000-tokens210B,72,0.3401,0.1748,0.2869,0.2677,average_predictors,none
norm_asym,transfer_margin_str,0,per_ckpt,step100000-tokens420B,72,0.383,0.1439,0.3288,0.2318,average_predictors,none
norm_asym,transfer_margin_str,0,per_ckpt,step150000-tokens630B,72,0.3693,0.1339,0.3195,0.2248,average_predictors,none
norm_asym,transfer_margin_str,0,per_ckpt,step200000-tokens840B,72,0.3708,0.1289,0.3115,0.2178,average_predictors,none
norm_asym,transfer_margin_str,0,per_ckpt,step250000-tokens1050B,72,0.3529,0.1459,0.2975,0.2537,average_predictors,none
norm_asym,transfer_margin_str,0,per_ckpt,step300000-tokens1260B,72,0.342,0.1538,0.2954,0.2507,average_predictors,none
norm_asym,transfer_margin_str,0,per_ckpt,step350000-tokens1470B,72,0.3396,0.1518,0.2903,0.2577,average_predictors,none
norm_asym,transfer_margin_str,0,per_ckpt,step400000-tokens1680B,72,0.3444,0.1608,0.2937,0.2617,average_predictors,none
norm_asym,transfer_margin_str,0,per_ckpt,step450000-tokens1890B,72,0.3604,0.1788,0.3035,0.2507,average_predictors,none
norm_asym,transfer_margin_str,0,per_ckpt,step500000-tokens2100B,72,0.3507,0.1678,0.3,0.2617,average_predictors,none
norm_asym,transfer_margin_str,0,per_ckpt,step550000-tokens2310B,72,0.3521,0.1818,0.2978,0.2597,average_predictors,none
norm_asym,transfer_margin_str,0,per_ckpt,step600000-tokens2520B,72,0.3474,0.1848,0.2923,0.2757,average_predictors,none
norm_asym,transfer_margin_str,0,per_ckpt,step650000-tokens2730B,72,0.3574,0.1738,0.2962,0.2677,average_predictors,none
norm_asym,transfer_margin_str,0,per_ckpt,step700000-tokens2940B,72,0.349,0.1828,0.2959,0.2657,average_predictors,none
norm_asym,transfer_margin_str,0,per_ckpt,step750000-tokens3150B,72,0.351,0.1798,0.2981,0.2657,average_predictors,none
norm_asym,transfer_margin_str,0,per_ckpt,step800000-tokens3360B,72,0.3479,0.1988,0.2936,0.2727,average_predictors,none
norm_asym,transfer_margin_str,0,per_ckpt,step850000-tokens3570B,72,0.3547,0.1628,0.299,0.2677,average_predictors,none
norm_asym,transfer_margin_str,0,per_ckpt,step900000-tokens3780B,72,0.3549,0.1688,0.3058,0.2547,average_predictors,none
norm_asym,transfer_margin_str,0,per_ckpt,step950000-tokens3990B,72,0.3624,0.1469,0.3086,0.2597,average_predictors,none
norm_asym,transfer_margin_str,0,per_ckpt,step1000000-tokens4200B,72,0.3526,0.1578,0.3048,0.2458,average_predictors,none
norm_asym,transfer_margin_str,0,per_ckpt,step1194000-tokens5014B,72,0.3684,0.1469,0.3105,0.2358,average_predictors,none
norm_asym,transfer_margin_str,0,per_ckpt,step1432000-tokens6014B,72,0.373,0.1518,0.3133,0.2488,average_predictors,none
norm_asym,transfer_margin_str,0,per_ckpt,step1670000-tokens7014B,72,0.4306,0.1229,0.3861,0.2098,average_predictors,none
norm_asym,transfer_margin_str,0,per_ckpt,step1678000-tokens7047B,72,0.3911,0.1459,0.3282,0.2308,average_predictors,none
norm_asym,transfer_margin_str,0,per_ckpt,step1700000-tokens7232B,72,0.3797,0.1588,0.3237,0.2527,average_predictors,none
norm_asym,transfer_margin_str,0,per_ckpt,step1750000-tokens7652B,72,0.3939,0.1499,0.332,0.2348,average_predictors,none
norm_asym,transfer_margin_str,0,per_ckpt,step1800000-tokens8072B,72,0.3673,0.1568,0.308,0.2767,average_predictors,none
norm_asym,transfer_margin_str,0,per_ckpt,step1850000-tokens8492B,72,0.265,0.2018,0.2542,0.2917,average_predictors,none
norm_asym,transfer_margin_str,0,per_ckpt,step1900000-tokens8912B,72,0.2874,0.1878,0.2588,0.2907,average_predictors,none
norm_asym,transfer_margin_str,0,per_ckpt,step1950000-tokens9332B,72,0.3125,0.1988,0.2661,0.3007,average_predictors,none
norm_asym,transfer_margin_str,0,per_ckpt,step2000000-tokens9752B,72,0.3779,0.1668,0.3194,0.2667,average_predictors,none
norm_asym,transfer_margin_str,0,per_ckpt,step2050000-tokens10172B,72,0.3828,0.1499,0.3227,0.2577,average_predictors,none
norm_asym,transfer_margin_str,0,per_ckpt,step2100000-tokens10592B,72,0.3748,0.1588,0.3251,0.2577,average_predictors,none
norm_asym,transfer_margin_str,0,per_ckpt,step2150000-tokens11012B,72,0.356,0.1868,0.2987,0.2917,average_predictors,none
norm_asym,transfer_margin_str,0,per_ckpt,step2200000-tokens11432B,72,0.3866,0.1568,0.3202,0.2567,average_predictors,none
norm_asym,transfer_margin_str,0,per_ckpt,step2250000-tokens11852B,72,0.2741,0.1688,0.2466,0.2877,average_predictors,none
norm_asym,transfer_margin_str,0,per_ckpt,step2300000-tokens12272B,72,0.322,0.1628,0.2806,0.2567,average_predictors,none
norm_asym,transfer_margin_str,0,per_ckpt,step2350000-tokens12692B,72,0.3568,0.1558,0.3085,0.2507,average_predictors,none
norm_asym,transfer_margin_str,0,per_ckpt,step2400000-tokens13112B,72,0.3866,0.1489,0.3224,0.2488,average_predictors,none
norm_asym,transfer_margin_str,0,per_ckpt,step2450000-tokens13532B,72,0.3704,0.1868,0.3138,0.2637,average_predictors,none
norm_asym,transfer_margin_str,0,per_ckpt,step2500000-tokens13952B,72,0.3743,0.2028,0.3085,0.2867,average_predictors,none
norm_asym,transfer_margin_str,0,per_ckpt,step2550000-tokens14372B,72,0.3749,0.1848,0.3081,0.2677,average_predictors,none
norm_asym,transfer_margin_str,0,per_ckpt,step2600000-tokens14792B,72,0.3735,0.1938,0.3079,0.2747,average_predictors,none
norm_asym,transfer_margin_str,0,per_ckpt,step2627139-tokens15T,72,0.374,0.2078,0.3031,0.2877,average_predictors,none
norm_asym,transfer_margin_str,0,per_ckpt,main,72,0.3639,0.2008,0.3063,0.2877,average_predictors,none
norm_asym,overall_margin_str,0,per_ckpt,step50000-tokens210B,72,0.3164,0.1279,0.3387,0.1149,average_predictors,none
norm_asym,overall_margin_str,0,per_ckpt,step100000-tokens420B,72,0.3389,0.1079,0.349,0.0939,average_predictors,none
norm_asym,overall_margin_str,0,per_ckpt,step150000-tokens630B,72,0.3358,0.1119,0.3524,0.0909,average_predictors,none
norm_asym,overall_margin_str,0,per_ckpt,step200000-tokens840B,72,0.3179,0.1319,0.3461,0.0979,average_predictors,none
norm_asym,overall_margin_str,0,per_ckpt,step250000-tokens1050B,72,0.3343,0.1079,0.3493,0.0889,average_predictors,none
norm_asym,overall_margin_str,0,per_ckpt,step300000-tokens1260B,72,0.324,0.1149,0.3504,0.0879,average_predictors,none
norm_asym,overall_margin_str,0,per_ckpt,step350000-tokens1470B,72,0.3146,0.1299,0.3414,0.1049,average_predictors,none
norm_asym,overall_margin_str,0,per_ckpt,step400000-tokens1680B,72,0.3166,0.1259,0.3484,0.0939,average_predictors,none
norm_asym,overall_margin_str,0,per_ckpt,step450000-tokens1890B,72,0.3091,0.1179,0.3445,0.0999,average_predictors,none
norm_asym,overall_margin_str,0,per_ckpt,step500000-tokens2100B,72,0.3194,0.1199,0.3467,0.0989,average_predictors,none
norm_asym,overall_margin_str,0,per_ckpt,step550000-tokens2310B,72,0.3235,0.1189,0.3553,0.0879,average_predictors,none
norm_asym,overall_margin_str,0,per_ckpt,step600000-tokens2520B,72,0.3195,0.1159,0.3541,0.0879,average_predictors,none
norm_asym,overall_margin_str,0,per_ckpt,step650000-tokens2730B,72,0.3135,0.1149,0.3532,0.0949,average_predictors,none
norm_asym,overall_margin_str,0,per_ckpt,step700000-tokens2940B,72,0.3198,0.1299,0.3563,0.0919,average_predictors,none
norm_asym,overall_margin_str,0,per_ckpt,step750000-tokens3150B,72,0.3205,0.1289,0.3534,0.0959,average_predictors,none
norm_asym,overall_margin_str,0,per_ckpt,step800000-tokens3360B,72,0.3179,0.1339,0.3516,0.1029,average_predictors,none
norm_asym,overall_margin_str,0,per_ckpt,step850000-tokens3570B,72,0.3202,0.1199,0.3561,0.0909,average_predictors,none
norm_asym,overall_margin_str,0,per_ckpt,step900000-tokens3780B,72,0.3233,0.1189,0.3551,0.0899,average_predictors,none
norm_asym,overall_margin_str,0,per_ckpt,step950000-tokens3990B,72,0.307,0.1329,0.3451,0.1039,average_predictors,none
norm_asym,overall_margin_str,0,per_ckpt,step1000000-tokens4200B,72,0.3213,0.1209,0.3523,0.0939,average_predictors,none
norm_asym,overall_margin_str,0,per_ckpt,step1194000-tokens5014B,72,0.3121,0.1319,0.3526,0.0959,average_predictors,none
norm_asym,overall_margin_str,0,per_ckpt,step1432000-tokens6014B,72,0.3142,0.1309,0.353,0.1019,average_predictors,none
norm_asym,overall_margin_str,0,per_ckpt,step1670000-tokens7014B,72,0.336,0.1079,0.3653,0.0869,average_predictors,none
norm_asym,overall_margin_str,0,per_ckpt,step1678000-tokens7047B,72,0.3175,0.1369,0.3535,0.0989,average_predictors,none
norm_asym,overall_margin_str,0,per_ckpt,step1700000-tokens7232B,72,0.3261,0.1249,0.35,0.0989,average_predictors,none
norm_asym,overall_margin_str,0,per_ckpt,step1750000-tokens7652B,72,0.3287,0.1159,0.3536,0.0979,average_predictors,none
norm_asym,overall_margin_str,0,per_ckpt,step1800000-tokens8072B,72,0.3125,0.1199,0.3478,0.1039,average_predictors,none
norm_asym,overall_margin_str,0,per_ckpt,step1850000-tokens8492B,72,0.254,0.1389,0.3032,0.1179,average_predictors,none
norm_asym,overall_margin_str,0,per_ckpt,step1900000-tokens8912B,72,0.2622,0.1339,0.3067,0.1119,average_predictors,none
norm_asym,overall_margin_str,0,per_ckpt,step1950000-tokens9332B,72,0.3037,0.1638,0.3392,0.1029,average_predictors,none
norm_asym,overall_margin_str,0,per_ckpt,step2000000-tokens9752B,72,0.3282,0.1199,0.3541,0.0909,average_predictors,none
norm_asym,overall_margin_str,0,per_ckpt,step2050000-tokens10172B,72,0.3181,0.1299,0.3481,0.1009,average_predictors,none
norm_asym,overall_margin_str,0,per_ckpt,step2100000-tokens10592B,72,0.3305,0.1129,0.3555,0.0899,average_predictors,none
norm_asym,overall_margin_str,0,per_ckpt,step2150000-tokens11012B,72,0.3097,0.1299,0.3398,0.1029,average_predictors,none
norm_asym,overall_margin_str,0,per_ckpt,step2200000-tokens11432B,72,0.3191,0.1199,0.352,0.0959,average_predictors,none
norm_asym,overall_margin_str,0,per_ckpt,step2250000-tokens11852B,72,0.2383,0.1479,0.2977,0.1119,average_predictors,none
norm_asym,overall_margin_str,0,per_ckpt,step2300000-tokens12272B,72,0.298,0.1129,0.3293,0.0979,average_predictors,none
norm_asym,overall_margin_str,0,per_ckpt,step2350000-tokens12692B,72,0.3108,0.1139,0.345,0.0929,average_predictors,none
norm_asym,overall_margin_str,0,per_ckpt,step2400000-tokens13112B,72,0.3265,0.1189,0.3547,0.0929,average_predictors,none
norm_asym,overall_margin_str,0,per_ckpt,step2450000-tokens13532B,72,0.3361,0.1129,0.3621,0.0899,average_predictors,none
norm_asym,overall_margin_str,0,per_ckpt,step2500000-tokens13952B,72,0.3272,0.1149,0.3605,0.0909,average_predictors,none
norm_asym,overall_margin_str,0,per_ckpt,step2550000-tokens14372B,72,0.3156,0.1319,0.358,0.0929,average_predictors,none
norm_asym,overall_margin_str,0,per_ckpt,step2600000-tokens14792B,72,0.3204,0.1129,0.3598,0.0899,average_predictors,none
norm_asym,overall_margin_str,0,per_ckpt,step2627139-tokens15T,72,0.3252,0.1129,0.36,0.0919,average_predictors,none
norm_asym,overall_margin_str,0,per_ckpt,main,72,0.3393,0.1069,0.3662,0.0849,average_predictors,none
abs_diff,accuracy_majority,0,pooled,,3240,0.0885,0.0,0.0718,0.0,average_predictors,average_rankme
abs_diff,overall_score,0,pooled,,3240,0.0359,0.0412,0.0435,0.0134,average_predictors,average_rankme
abs_diff,transfer_score,0,pooled,,3240,-0.0092,0.5997,0.0144,0.411,average_predictors,average_rankme
abs_diff,transfer_score_str,0,pooled,,3240,-0.2579,0.0,-0.2902,0.0,average_predictors,average_rankme
abs_diff,overall_score_str,0,pooled,,3240,-0.1984,0.0,-0.2364,0.0,average_predictors,average_rankme
abs_diff,transfer_margin_str,0,pooled,,3240,-0.1971,0.0,-0.1632,0.0,average_predictors,average_rankme
abs_diff,overall_margin_str,0,pooled,,3240,-0.253,0.0,-0.3088,0.0,average_predictors,average_rankme
signed_diff,accuracy_majority,0,pooled,,3240,-0.1824,0.0,-0.1547,0.0,average_predictors,average_rankme
signed_diff,overall_score,0,pooled,,3240,0.0174,0.3221,0.0719,0.0,average_predictors,average_rankme
signed_diff,transfer_score,0,pooled,,3240,0.007,0.691,0.0598,0.0007,average_predictors,average_rankme
signed_diff,transfer_score_str,0,pooled,,3240,0.0246,0.1612,0.012,0.4942,average_predictors,average_rankme
signed_diff,overall_score_str,0,pooled,,3240,0.0955,0.0,0.0065,0.7095,average_predictors,average_rankme
signed_diff,transfer_margin_str,0,pooled,,3240,0.3591,0.0,0.3147,0.0,average_predictors,average_rankme
signed_diff,overall_margin_str,0,pooled,,3240,0.3272,0.0,0.363,0.0,average_predictors,average_rankme
min_rankme,accuracy_majority,0,pooled,,3240,-0.0997,0.0,-0.1004,0.0,average_predictors,average_rankme
min_rankme,overall_score,0,pooled,,3240,0.0341,0.0522,0.0076,0.6671,average_predictors,average_rankme
min_rankme,transfer_score,0,pooled,,3240,0.0545,0.0019,0.0092,0.5987,average_predictors,average_rankme
min_rankme,transfer_score_str,0,pooled,,3240,0.2976,0.0,0.2964,0.0,average_predictors,average_rankme
min_rankme,overall_score_str,0,pooled,,3240,0.2658,0.0,0.2388,0.0,average_predictors,average_rankme
min_rankme,transfer_margin_str,0,pooled,,3240,0.3318,0.0,0.2854,0.0,average_predictors,average_rankme
min_rankme,overall_margin_str,0,pooled,,3240,0.4344,0.0,0.453,0.0,average_predictors,average_rankme
norm_asym,accuracy_majority,0,pooled,,3240,-0.2208,0.0,-0.2243,0.0,average_predictors,average_rankme
norm_asym,overall_score,0,pooled,,3240,-0.0105,0.5493,0.0268,0.127,average_predictors,average_rankme
norm_asym,transfer_score,0,pooled,,3240,-0.0138,0.4315,0.0132,0.4534,average_predictors,average_rankme
norm_asym,transfer_score_str,0,pooled,,3240,-0.0117,0.505,-0.0258,0.1422,average_predictors,average_rankme
norm_asym,overall_score_str,0,pooled,,3240,0.0927,0.0,0.0123,0.4824,average_predictors,average_rankme
norm_asym,transfer_margin_str,0,pooled,,3240,0.3565,0.0,0.3037,0.0,average_predictors,average_rankme
norm_asym,overall_margin_str,0,pooled,,3240,0.3206,0.0,0.3485,0.0,average_predictors,average_rankme
abs_diff,accuracy_majority,0,per_ckpt,step50000-tokens210B,72,0.0953,0.4925,0.0836,0.4875,average_predictors,average_rankme
abs_diff,accuracy_majority,0,per_ckpt,step100000-tokens420B,72,0.1102,0.3876,0.0951,0.4336,average_predictors,average_rankme
abs_diff,accuracy_majority,0,per_ckpt,step150000-tokens630B,72,0.1181,0.3726,0.0967,0.4346,average_predictors,average_rankme
abs_diff,accuracy_majority,0,per_ckpt,step200000-tokens840B,72,0.1253,0.3287,0.0982,0.4216,average_predictors,average_rankme
abs_diff,accuracy_majority,0,per_ckpt,step250000-tokens1050B,72,0.1094,0.3886,0.0968,0.4296,average_predictors,average_rankme
abs_diff,accuracy_majority,0,per_ckpt,step300000-tokens1260B,72,0.1145,0.3916,0.0944,0.4396,average_predictors,average_rankme
abs_diff,accuracy_majority,0,per_ckpt,step350000-tokens1470B,72,0.1145,0.3916,0.0942,0.4436,average_predictors,average_rankme
abs_diff,accuracy_majority,0,per_ckpt,step400000-tokens1680B,72,0.1073,0.3906,0.0916,0.4505,average_predictors,average_rankme
abs_diff,accuracy_majority,0,per_ckpt,step450000-tokens1890B,72,0.1066,0.3906,0.0894,0.4545,average_predictors,average_rankme
abs_diff,accuracy_majority,0,per_ckpt,step500000-tokens2100B,72,0.1066,0.3906,0.0871,0.4655,average_predictors,average_rankme
abs_diff,accuracy_majority,0,per_ckpt,step550000-tokens2310B,72,0.1075,0.3976,0.0843,0.4805,average_predictors,average_rankme
abs_diff,accuracy_majority,0,per_ckpt,step600000-tokens2520B,72,0.0955,0.4366,0.0815,0.4905,average_predictors,average_rankme
abs_diff,accuracy_majority,0,per_ckpt,step650000-tokens2730B,72,0.0894,0.4216,0.0783,0.5015,average_predictors,average_rankme
abs_diff,accuracy_majority,0,per_ckpt,step700000-tokens2940B,72,0.085,0.4416,0.0755,0.5125,average_predictors,average_rankme
abs_diff,accuracy_majority,0,per_ckpt,step750000-tokens3150B,72,0.0805,0.4416,0.0734,0.5165,average_predictors,average_rankme
abs_diff,accuracy_majority,0,per_ckpt,step800000-tokens3360B,72,0.0817,0.4416,0.0711,0.5215,average_predictors,average_rankme
abs_diff,accuracy_majority,0,per_ckpt,step850000-tokens3570B,72,0.0805,0.4416,0.0698,0.5255,average_predictors,average_rankme
abs_diff,accuracy_majority,0,per_ckpt,step900000-tokens3780B,72,0.0805,0.4416,0.0693,0.5265,average_predictors,average_rankme
abs_diff,accuracy_majority,0,per_ckpt,step950000-tokens3990B,72,0.0805,0.4416,0.0687,0.5275,average_predictors,average_rankme
abs_diff,accuracy_majority,0,per_ckpt,step1000000-tokens4200B,72,0.0805,0.4416,0.0681,0.5325,average_predictors,average_rankme
abs_diff,accuracy_majority,0,per_ckpt,step1194000-tokens5014B,72,0.0805,0.4416,0.0673,0.5365,average_predictors,average_rankme
abs_diff,accuracy_majority,0,per_ckpt,step1432000-tokens6014B,72,0.0805,0.4416,0.067,0.5385,average_predictors,average_rankme
abs_diff,accuracy_majority,0,per_ckpt,step1670000-tokens7014B,72,0.0809,0.4416,0.0713,0.5285,average_predictors,average_rankme
abs_diff,accuracy_majority,0,per_ckpt,step1678000-tokens7047B,72,0.0809,0.4416,0.0713,0.5295,average_predictors,average_rankme
abs_diff,accuracy_majority,0,per_ckpt,step1700000-tokens7232B,72,0.0809,0.4416,0.0714,0.5295,average_predictors,average_rankme
abs_diff,accuracy_majority,0,per_ckpt,step1750000-tokens7652B,72,0.0809,0.4416,0.0724,0.5265,average_predictors,average_rankme
abs_diff,accuracy_majority,0,per_ckpt,step1800000-tokens8072B,72,0.0809,0.4416,0.0724,0.5255,average_predictors,average_rankme
abs_diff,accuracy_majority,0,per_ckpt,step1850000-tokens8492B,72,0.0837,0.4246,0.072,0.5245,average_predictors,average_rankme
abs_diff,accuracy_majority,0,per_ckpt,step1900000-tokens8912B,72,0.0837,0.4246,0.0711,0.5235,average_predictors,average_rankme
abs_diff,accuracy_majority,0,per_ckpt,step1950000-tokens9332B,72,0.085,0.4246,0.07,0.5265,average_predictors,average_rankme
abs_diff,accuracy_majority,0,per_ckpt,step2000000-tokens9752B,72,0.085,0.4246,0.07,0.5265,average_predictors,average_rankme
abs_diff,accuracy_majority,0,per_ckpt,step2050000-tokens10172B,72,0.085,0.4246,0.0699,0.5275,average_predictors,average_rankme
abs_diff,accuracy_majority,0,per_ckpt,step2100000-tokens10592B,72,0.085,0.4246,0.0701,0.5265,average_predictors,average_rankme
abs_diff,accuracy_majority,0,per_ckpt,step2150000-tokens11012B,72,0.085,0.4246,0.0697,0.5265,average_predictors,average_rankme
abs_diff,accuracy_majority,0,per_ckpt,step2200000-tokens11432B,72,0.085,0.4246,0.0697,0.5285,average_predictors,average_rankme
abs_diff,accuracy_majority,0,per_ckpt,step2250000-tokens11852B,72,0.085,0.4246,0.0693,0.5265,average_predictors,average_rankme
abs_diff,accuracy_majority,0,per_ckpt,step2300000-tokens12272B,72,0.0839,0.4386,0.0692,0.5275,average_predictors,average_rankme
abs_diff,accuracy_majority,0,per_ckpt,step2350000-tokens12692B,72,0.0839,0.4386,0.069,0.5285,average_predictors,average_rankme
abs_diff,accuracy_majority,0,per_ckpt,step2400000-tokens13112B,72,0.0826,0.4386,0.069,0.5285,average_predictors,average_rankme
abs_diff,accuracy_majority,0,per_ckpt,step2450000-tokens13532B,72,0.0837,0.4246,0.0688,0.5305,average_predictors,average_rankme
abs_diff,accuracy_majority,0,per_ckpt,step2500000-tokens13952B,72,0.0837,0.4246,0.0685,0.5325,average_predictors,average_rankme
abs_diff,accuracy_majority,0,per_ckpt,step2550000-tokens14372B,72,0.0837,0.4246,0.0681,0.5355,average_predictors,average_rankme
abs_diff,accuracy_majority,0,per_ckpt,step2600000-tokens14792B,72,0.0833,0.4246,0.0678,0.5365,average_predictors,average_rankme
abs_diff,accuracy_majority,0,per_ckpt,step2627139-tokens15T,72,0.0833,0.4246,0.0676,0.5365,average_predictors,average_rankme
abs_diff,accuracy_majority,0,per_ckpt,main,72,0.0773,0.4476,0.0672,0.5375,average_predictors,average_rankme
abs_diff,overall_score,0,per_ckpt,step50000-tokens210B,72,0.0422,0.8462,0.062,0.6623,average_predictors,average_rankme
abs_diff,overall_score,0,per_ckpt,step100000-tokens420B,72,0.0535,0.7473,0.0784,0.6154,average_predictors,average_rankme
abs_diff,overall_score,0,per_ckpt,step150000-tokens630B,72,0.061,0.7173,0.0781,0.6294,average_predictors,average_rankme
abs_diff,overall_score,0,per_ckpt,step200000-tokens840B,72,0.0792,0.6434,0.0796,0.6314,average_predictors,average_rankme
abs_diff,overall_score,0,per_ckpt,step250000-tokens1050B,72,0.0534,0.7213,0.0761,0.6494,average_predictors,average_rankme
abs_diff,overall_score,0,per_ckpt,step300000-tokens1260B,72,0.0542,0.7443,0.0722,0.6603,average_predictors,average_rankme
abs_diff,overall_score,0,per_ckpt,step350000-tokens1470B,72,0.0542,0.7443,0.0721,0.6623,average_predictors,average_rankme
abs_diff,overall_score,0,per_ckpt,step400000-tokens1680B,72,0.0455,0.7802,0.0687,0.6693,average_predictors,average_rankme
abs_diff,overall_score,0,per_ckpt,step450000-tokens1890B,72,0.0443,0.7802,0.0661,0.6773,average_predictors,average_rankme
abs_diff,overall_score,0,per_ckpt,step500000-tokens2100B,72,0.0443,0.7802,0.0642,0.6813,average_predictors,average_rankme
abs_diff,overall_score,0,per_ckpt,step550000-tokens2310B,72,0.0455,0.7942,0.0613,0.6863,average_predictors,average_rankme
abs_diff,overall_score,0,per_ckpt,step600000-tokens2520B,72,0.0399,0.7992,0.0577,0.6983,average_predictors,average_rankme
abs_diff,overall_score,0,per_ckpt,step650000-tokens2730B,72,0.03,0.8282,0.0534,0.7213,average_predictors,average_rankme
abs_diff,overall_score,0,per_ckpt,step700000-tokens2940B,72,0.0266,0.8022,0.0492,0.7363,average_predictors,average_rankme
abs_diff,overall_score,0,per_ckpt,step750000-tokens3150B,72,0.0207,0.8022,0.0452,0.7582,average_predictors,average_rankme
abs_diff,overall_score,0,per_ckpt,step800000-tokens3360B,72,0.0228,0.8022,0.0425,0.7662,average_predictors,average_rankme
abs_diff,overall_score,0,per_ckpt,step850000-tokens3570B,72,0.0207,0.8022,0.0398,0.7702,average_predictors,average_rankme
abs_diff,overall_score,0,per_ckpt,step900000-tokens3780B,72,0.0207,0.8022,0.0391,0.7742,average_predictors,average_rankme
abs_diff,overall_score,0,per_ckpt,step950000-tokens3990B,72,0.0207,0.8022,0.0381,0.7742,average_predictors,average_rankme
abs_diff,overall_score,0,per_ckpt,step1000000-tokens4200B,72,0.0207,0.8022,0.0372,0.7812,average_predictors,average_rankme
abs_diff,overall_score,0,per_ckpt,step1194000-tokens5014B,72,0.0207,0.8022,0.0364,0.7852,average_predictors,average_rankme
abs_diff,overall_score,0,per_ckpt,step1432000-tokens6014B,72,0.0207,0.8022,0.0358,0.7872,average_predictors,average_rankme
abs_diff,overall_score,0,per_ckpt,step1670000-tokens7014B,72,0.0222,0.8022,0.041,0.7782,average_predictors,average_rankme
abs_diff,overall_score,0,per_ckpt,step1678000-tokens7047B,72,0.0222,0.8022,0.041,0.7772,average_predictors,average_rankme
abs_diff,overall_score,0,per_ckpt,step1700000-tokens7232B,72,0.0222,0.8022,0.0411,0.7782,average_predictors,average_rankme
abs_diff,overall_score,0,per_ckpt,step1750000-tokens7652B,72,0.0222,0.8022,0.0423,0.7762,average_predictors,average_rankme
abs_diff,overall_score,0,per_ckpt,step1800000-tokens8072B,72,0.0222,0.8022,0.0418,0.7762,average_predictors,average_rankme
abs_diff,overall_score,0,per_ckpt,step1850000-tokens8492B,72,0.0229,0.8002,0.0405,0.7812,average_predictors,average_rankme
abs_diff,overall_score,0,per_ckpt,step1900000-tokens8912B,72,0.0229,0.8002,0.039,0.7832,average_predictors,average_rankme
abs_diff,overall_score,0,per_ckpt,step1950000-tokens9332B,72,0.025,0.8002,0.0374,0.7862,average_predictors,average_rankme
abs_diff,overall_score,0,per_ckpt,step2000000-tokens9752B,72,0.025,0.8002,0.0376,0.7852,average_predictors,average_rankme
abs_diff,overall_score,0,per_ckpt,step2050000-tokens10172B,72,0.025,0.8002,0.0375,0.7852,average_predictors,average_rankme
abs_diff,overall_score,0,per_ckpt,step2100000-tokens10592B,72,0.025,0.8002,0.0377,0.7852,average_predictors,average_rankme
abs_diff,overall_score,0,per_ckpt,step2150000-tokens11012B,72,0.025,0.8002,0.0369,0.7882,average_predictors,average_rankme
abs_diff,overall_score,0,per_ckpt,step2200000-tokens11432B,72,0.025,0.8002,0.037,0.7882,average_predictors,average_rankme
abs_diff,overall_score,0,per_ckpt,step2250000-tokens11852B,72,0.025,0.8002,0.0362,0.7902,average_predictors,average_rankme
abs_diff,overall_score,0,per_ckpt,step2300000-tokens12272B,72,0.0222,0.8222,0.0355,0.7942,average_predictors,average_rankme
abs_diff,overall_score,0,per_ckpt,step2350000-tokens12692B,72,0.0222,0.8222,0.035,0.7952,average_predictors,average_rankme
abs_diff,overall_score,0,per_ckpt,step2400000-tokens13112B,72,0.0201,0.8222,0.0348,0.7982,average_predictors,average_rankme
abs_diff,overall_score,0,per_ckpt,step2450000-tokens13532B,72,0.0229,0.8002,0.0349,0.7972,average_predictors,average_rankme
abs_diff,overall_score,0,per_ckpt,step2500000-tokens13952B,72,0.0229,0.8002,0.0348,0.7992,average_predictors,average_rankme
abs_diff,overall_score,0,per_ckpt,step2550000-tokens14372B,72,0.0229,0.8002,0.0345,0.8022,average_predictors,average_rankme
abs_diff,overall_score,0,per_ckpt,step2600000-tokens14792B,72,0.0214,0.8002,0.0341,0.8042,average_predictors,average_rankme
abs_diff,overall_score,0,per_ckpt,step2627139-tokens15T,72,0.0214,0.8002,0.0339,0.8082,average_predictors,average_rankme
abs_diff,overall_score,0,per_ckpt,main,72,0.0178,0.8352,0.0333,0.8102,average_predictors,average_rankme
abs_diff,transfer_score,0,per_ckpt,step50000-tokens210B,72,0.006,0.973,0.0358,0.8122,average_predictors,average_rankme
abs_diff,transfer_score,0,per_ckpt,step100000-tokens420B,72,0.0127,0.9221,0.0495,0.7293,average_predictors,average_rankme
abs_diff,transfer_score,0,per_ckpt,step150000-tokens630B,72,0.0215,0.8801,0.0491,0.7393,average_predictors,average_rankme
abs_diff,transfer_score,0,per_ckpt,step200000-tokens840B,72,0.0392,0.7882,0.05,0.7323,average_predictors,average_rankme
abs_diff,transfer_score,0,per_ckpt,step250000-tokens1050B,72,0.0132,0.9001,0.047,0.7493,average_predictors,average_rankme
abs_diff,transfer_score,0,per_ckpt,step300000-tokens1260B,72,0.0151,0.9341,0.0438,0.7712,average_predictors,average_rankme
abs_diff,transfer_score,0,per_ckpt,step350000-tokens1470B,72,0.0151,0.9341,0.043,0.7772,average_predictors,average_rankme
abs_diff,transfer_score,0,per_ckpt,step400000-tokens1680B,72,0.0044,0.966,0.0389,0.7992,average_predictors,average_rankme
abs_diff,transfer_score,0,per_ckpt,step450000-tokens1890B,72,0.0033,0.966,0.0364,0.8052,average_predictors,average_rankme
abs_diff,transfer_score,0,per_ckpt,step500000-tokens2100B,72,0.0033,0.966,0.0342,0.8122,average_predictors,average_rankme
abs_diff,transfer_score,0,per_ckpt,step550000-tokens2310B,72,0.0032,0.978,0.031,0.8232,average_predictors,average_rankme
abs_diff,transfer_score,0,per_ckpt,step600000-tokens2520B,72,-0.0012,0.984,0.0273,0.8472,average_predictors,average_rankme
abs_diff,transfer_score,0,per_ckpt,step650000-tokens2730B,72,-0.0128,0.964,0.0234,0.8651,average_predictors,average_rankme
abs_diff,transfer_score,0,per_ckpt,step700000-tokens2940B,72,-0.0181,0.962,0.0192,0.8851,average_predictors,average_rankme
abs_diff,transfer_score,0,per_ckpt,step750000-tokens3150B,72,-0.0254,0.962,0.0153,0.9041,average_predictors,average_rankme
abs_diff,transfer_score,0,per_ckpt,step800000-tokens3360B,72,-0.0219,0.962,0.0124,0.9161,average_predictors,average_rankme
abs_diff,transfer_score,0,per_ckpt,step850000-tokens3570B,72,-0.0254,0.962,0.0096,0.9291,average_predictors,average_rankme
abs_diff,transfer_score,0,per_ckpt,step900000-tokens3780B,72,-0.0254,0.962,0.0086,0.9321,average_predictors,average_rankme
abs_diff,transfer_score,0,per_ckpt,step950000-tokens3990B,72,-0.0254,0.962,0.0075,0.9361,average_predictors,average_rankme
abs_diff,transfer_score,0,per_ckpt,step1000000-tokens4200B,72,-0.0254,0.962,0.0066,0.9411,average_predictors,average_rankme
abs_diff,transfer_score,0,per_ckpt,step1194000-tokens5014B,72,-0.0254,0.962,0.0061,0.9431,average_predictors,average_rankme
abs_diff,transfer_score,0,per_ckpt,step1432000-tokens6014B,72,-0.0254,0.962,0.0058,0.9441,average_predictors,average_rankme
abs_diff,transfer_score,0,per_ckpt,step1670000-tokens7014B,72,-0.0222,0.962,0.0124,0.9271,average_predictors,average_rankme
abs_diff,transfer_score,0,per_ckpt,step1678000-tokens7047B,72,-0.0222,0.962,0.0125,0.9271,average_predictors,average_rankme
abs_diff,transfer_score,0,per_ckpt,step1700000-tokens7232B,72,-0.0222,0.962,0.0123,0.9281,average_predictors,average_rankme
abs_diff,transfer_score,0,per_ckpt,step1750000-tokens7652B,72,-0.0222,0.962,0.0137,0.9221,average_predictors,average_rankme
abs_diff,transfer_score,0,per_ckpt,step1800000-tokens8072B,72,-0.0222,0.962,0.0128,0.9241,average_predictors,average_rankme
abs_diff,transfer_score,0,per_ckpt,step1850000-tokens8492B,72,-0.0213,0.968,0.0109,0.9301,average_predictors,average_rankme
abs_diff,transfer_score,0,per_ckpt,step1900000-tokens8912B,72,-0.0213,0.968,0.0089,0.9381,average_predictors,average_rankme
abs_diff,transfer_score,0,per_ckpt,step1950000-tokens9332B,72,-0.0178,0.968,0.0068,0.9411,average_predictors,average_rankme
abs_diff,transfer_score,0,per_ckpt,step2000000-tokens9752B,72,-0.0178,0.968,0.0067,0.9411,average_predictors,average_rankme
abs_diff,transfer_score,0,per_ckpt,step2050000-tokens10172B,72,-0.0178,0.968,0.0065,0.9431,average_predictors,average_rankme
abs_diff,transfer_score,0,per_ckpt,step2100000-tokens10592B,72,-0.0178,0.968,0.0067,0.9411,average_predictors,average_rankme
abs_diff,transfer_score,0,per_ckpt,step2150000-tokens11012B,72,-0.0178,0.968,0.0055,0.9421,average_predictors,average_rankme
abs_diff,transfer_score,0,per_ckpt,step2200000-tokens11432B,72,-0.0178,0.968,0.0054,0.9421,average_predictors,average_rankme
abs_diff,transfer_score,0,per_ckpt,step2250000-tokens11852B,72,-0.0178,0.968,0.0042,0.9461,average_predictors,average_rankme
abs_diff,transfer_score,0,per_ckpt,step2300000-tokens12272B,72,-0.0215,0.9391,0.0036,0.95,average_predictors,average_rankme
abs_diff,transfer_score,0,per_ckpt,step2350000-tokens12692B,72,-0.0215,0.9391,0.0034,0.952,average_predictors,average_rankme
abs_diff,transfer_score,0,per_ckpt,step2400000-tokens13112B,72,-0.025,0.9391,0.0035,0.951,average_predictors,average_rankme
abs_diff,transfer_score,0,per_ckpt,step2450000-tokens13532B,72,-0.0213,0.968,0.0038,0.95,average_predictors,average_rankme
abs_diff,transfer_score,0,per_ckpt,step2500000-tokens13952B,72,-0.0213,0.968,0.004,0.951,average_predictors,average_rankme
abs_diff,transfer_score,0,per_ckpt,step2550000-tokens14372B,72,-0.0213,0.968,0.0039,0.951,average_predictors,average_rankme
abs_diff,transfer_score,0,per_ckpt,step2600000-tokens14792B,72,-0.0245,0.968,0.0038,0.95,average_predictors,average_rankme
abs_diff,transfer_score,0,per_ckpt,step2627139-tokens15T,72,-0.0245,0.968,0.0038,0.95,average_predictors,average_rankme
abs_diff,transfer_score,0,per_ckpt,main,72,-0.026,0.951,0.0035,0.951,average_predictors,average_rankme
abs_diff,transfer_score_str,0,per_ckpt,step50000-tokens210B,72,-0.2431,0.1319,-0.2671,0.1079,average_predictors,average_rankme
abs_diff,transfer_score_str,0,per_ckpt,step100000-tokens420B,72,-0.2415,0.1598,-0.2724,0.1099,average_predictors,average_rankme
abs_diff,transfer_score_str,0,per_ckpt,step150000-tokens630B,72,-0.2469,0.1578,-0.2799,0.1049,average_predictors,average_rankme
abs_diff,transfer_score_str,0,per_ckpt,step200000-tokens840B,72,-0.2371,0.1668,-0.283,0.1039,average_predictors,average_rankme
abs_diff,transfer_score_str,0,per_ckpt,step250000-tokens1050B,72,-0.2591,0.1499,-0.2886,0.1019,average_predictors,average_rankme
abs_diff,transfer_score_str,0,per_ckpt,step300000-tokens1260B,72,-0.2602,0.1389,-0.291,0.0979,average_predictors,average_rankme
abs_diff,transfer_score_str,0,per_ckpt,step350000-tokens1470B,72,-0.2602,0.1389,-0.2897,0.0979,average_predictors,average_rankme
abs_diff,transfer_score_str,0,per_ckpt,step400000-tokens1680B,72,-0.2659,0.1249,-0.2906,0.0969,average_predictors,average_rankme
abs_diff,transfer_score_str,0,per_ckpt,step450000-tokens1890B,72,-0.2658,0.1249,-0.2909,0.0959,average_predictors,average_rankme
abs_diff,transfer_score_str,0,per_ckpt,step500000-tokens2100B,72,-0.2658,0.1249,-0.2901,0.0949,average_predictors,average_rankme
abs_diff,transfer_score_str,0,per_ckpt,step550000-tokens2310B,72,-0.2611,0.1189,-0.2908,0.0939,average_predictors,average_rankme
abs_diff,transfer_score_str,0,per_ckpt,step600000-tokens2520B,72,-0.2667,0.1129,-0.2929,0.0929,average_predictors,average_rankme
abs_diff,transfer_score_str,0,per_ckpt,step650000-tokens2730B,72,-0.2751,0.1119,-0.2951,0.0909,average_predictors,average_rankme
abs_diff,transfer_score_str,0,per_ckpt,step700000-tokens2940B,72,-0.2733,0.1229,-0.2973,0.0899,average_predictors,average_rankme
abs_diff,transfer_score_str,0,per_ckpt,step750000-tokens3150B,72,-0.2771,0.1229,-0.2997,0.0889,average_predictors,average_rankme
abs_diff,transfer_score_str,0,per_ckpt,step800000-tokens3360B,72,-0.2768,0.1229,-0.3005,0.0889,average_predictors,average_rankme
abs_diff,transfer_score_str,0,per_ckpt,step850000-tokens3570B,72,-0.2771,0.1229,-0.3027,0.0889,average_predictors,average_rankme
abs_diff,transfer_score_str,0,per_ckpt,step900000-tokens3780B,72,-0.2771,0.1229,-0.3032,0.0879,average_predictors,average_rankme
abs_diff,transfer_score_str,0,per_ckpt,step950000-tokens3990B,72,-0.2771,0.1229,-0.3036,0.0879,average_predictors,average_rankme
abs_diff,transfer_score_str,0,per_ckpt,step1000000-tokens4200B,72,-0.2771,0.1229,-0.3046,0.0869,average_predictors,average_rankme
abs_diff,transfer_score_str,0,per_ckpt,step1194000-tokens5014B,72,-0.2771,0.1229,-0.3049,0.0869,average_predictors,average_rankme
abs_diff,transfer_score_str,0,per_ckpt,step1432000-tokens6014B,72,-0.2771,0.1229,-0.3051,0.0869,average_predictors,average_rankme
abs_diff,transfer_score_str,0,per_ckpt,step1670000-tokens7014B,72,-0.278,0.1229,-0.3027,0.0889,average_predictors,average_rankme
abs_diff,transfer_score_str,0,per_ckpt,step1678000-tokens7047B,72,-0.278,0.1229,-0.3027,0.0889,average_predictors,average_rankme
abs_diff,transfer_score_str,0,per_ckpt,step1700000-tokens7232B,72,-0.278,0.1229,-0.3027,0.0889,average_predictors,average_rankme
abs_diff,transfer_score_str,0,per_ckpt,step1750000-tokens7652B,72,-0.278,0.1229,-0.3021,0.0899,average_predictors,average_rankme
abs_diff,transfer_score_str,0,per_ckpt,step1800000-tokens8072B,72,-0.278,0.1229,-0.3028,0.0899,average_predictors,average_rankme
abs_diff,transfer_score_str,0,per_ckpt,step1850000-tokens8492B,72,-0.275,0.1269,-0.304,0.0889,average_predictors,average_rankme
abs_diff,transfer_score_str,0,per_ckpt,step1900000-tokens8912B,72,-0.275,0.1269,-0.3051,0.0889,average_predictors,average_rankme
abs_diff,transfer_score_str,0,per_ckpt,step1950000-tokens9332B,72,-0.2748,0.1269,-0.3064,0.0879,average_predictors,average_rankme
abs_diff,transfer_score_str,0,per_ckpt,step2000000-tokens9752B,72,-0.2748,0.1269,-0.3067,0.0879,average_predictors,average_rankme
abs_diff,transfer_score_str,0,per_ckpt,step2050000-tokens10172B,72,-0.2748,0.1269,-0.3068,0.0879,average_predictors,average_rankme
abs_diff,transfer_score_str,0,per_ckpt,step2100000-tokens10592B,72,-0.2748,0.1269,-0.3073,0.0879,average_predictors,average_rankme
abs_diff,transfer_score_str,0,per_ckpt,step2150000-tokens11012B,72,-0.2748,0.1269,-0.3084,0.0879,average_predictors,average_rankme
abs_diff,transfer_score_str,0,per_ckpt,step2200000-tokens11432B,72,-0.2748,0.1269,-0.3086,0.0879,average_predictors,average_rankme
abs_diff,transfer_score_str,0,per_ckpt,step2250000-tokens11852B,72,-0.2748,0.1269,-0.3093,0.0879,average_predictors,average_rankme
abs_diff,transfer_score_str,0,per_ckpt,step2300000-tokens12272B,72,-0.2803,0.1229,-0.31,0.0879,average_predictors,average_rankme
abs_diff,transfer_score_str,0,per_ckpt,step2350000-tokens12692B,72,-0.2803,0.1229,-0.3104,0.0879,average_predictors,average_rankme
abs_diff,transfer_score_str,0,per_ckpt,step2400000-tokens13112B,72,-0.2805,0.1229,-0.3107,0.0879,average_predictors,average_rankme
abs_diff,transfer_score_str,0,per_ckpt,step2450000-tokens13532B,72,-0.275,0.1269,-0.3104,0.0879,average_predictors,average_rankme
abs_diff,transfer_score_str,0,per_ckpt,step2500000-tokens13952B,72,-0.275,0.1269,-0.3102,0.0879,average_predictors,average_rankme
abs_diff,transfer_score_str,0,per_ckpt,step2550000-tokens14372B,72,-0.275,0.1269,-0.3102,0.0879,average_predictors,average_rankme
abs_diff,transfer_score_str,0,per_ckpt,step2600000-tokens14792B,72,-0.2741,0.1269,-0.3104,0.0879,average_predictors,average_rankme
abs_diff,transfer_score_str,0,per_ckpt,step2627139-tokens15T,72,-0.2741,0.1269,-0.3104,0.0879,average_predictors,average_rankme
abs_diff,transfer_score_str,0,per_ckpt,main,72,-0.2792,0.1269,-0.3108,0.0869,average_predictors,average_rankme
abs_diff,overall_score_str,0,per_ckpt,step50000-tokens210B,72,-0.1961,0.2338,-0.2163,0.2148,average_predictors,average_rankme
abs_diff,overall_score_str,0,per_ckpt,step100000-tokens420B,72,-0.1967,0.2438,-0.2263,0.2058,average_predictors,average_rankme
abs_diff,overall_score_str,0,per_ckpt,step150000-tokens630B,72,-0.2019,0.2438,-0.2337,0.2008,average_predictors,average_rankme
abs_diff,overall_score_str,0,per_ckpt,step200000-tokens840B,72,-0.1943,0.2428,-0.2362,0.2008,average_predictors,average_rankme
abs_diff,overall_score_str,0,per_ckpt,step250000-tokens1050B,72,-0.2086,0.2328,-0.2424,0.1918,average_predictors,average_rankme
abs_diff,overall_score_str,0,per_ckpt,step300000-tokens1260B,72,-0.2098,0.2178,-0.2448,0.1878,average_predictors,average_rankme
abs_diff,overall_score_str,0,per_ckpt,step350000-tokens1470B,72,-0.2098,0.2178,-0.2423,0.1888,average_predictors,average_rankme
abs_diff,overall_score_str,0,per_ckpt,step400000-tokens1680B,72,-0.2145,0.2128,-0.2417,0.1858,average_predictors,average_rankme
abs_diff,overall_score_str,0,per_ckpt,step450000-tokens1890B,72,-0.2135,0.2128,-0.2412,0.1858,average_predictors,average_rankme
abs_diff,overall_score_str,0,per_ckpt,step500000-tokens2100B,72,-0.2135,0.2128,-0.2392,0.1888,average_predictors,average_rankme
abs_diff,overall_score_str,0,per_ckpt,step550000-tokens2310B,72,-0.2069,0.2028,-0.2388,0.1828,average_predictors,average_rankme
abs_diff,overall_score_str,0,per_ckpt,step600000-tokens2520B,72,-0.2096,0.1998,-0.2404,0.1828,average_predictors,average_rankme
abs_diff,overall_score_str,0,per_ckpt,step650000-tokens2730B,72,-0.2161,0.1998,-0.2419,0.1828,average_predictors,average_rankme
abs_diff,overall_score_str,0,per_ckpt,step700000-tokens2940B,72,-0.2111,0.2358,-0.2431,0.1818,average_predictors,average_rankme
abs_diff,overall_score_str,0,per_ckpt,step750000-tokens3150B,72,-0.2133,0.2358,-0.2444,0.1798,average_predictors,average_rankme
abs_diff,overall_score_str,0,per_ckpt,step800000-tokens3360B,72,-0.2124,0.2358,-0.2442,0.1818,average_predictors,average_rankme
abs_diff,overall_score_str,0,per_ckpt,step850000-tokens3570B,72,-0.2133,0.2358,-0.2457,0.1788,average_predictors,average_rankme
abs_diff,overall_score_str,0,per_ckpt,step900000-tokens3780B,72,-0.2133,0.2358,-0.2455,0.1818,average_predictors,average_rankme
abs_diff,overall_score_str,0,per_ckpt,step950000-tokens3990B,72,-0.2133,0.2358,-0.2454,0.1838,average_predictors,average_rankme
abs_diff,overall_score_str,0,per_ckpt,step1000000-tokens4200B,72,-0.2133,0.2358,-0.246,0.1868,average_predictors,average_rankme
abs_diff,overall_score_str,0,per_ckpt,step1194000-tokens5014B,72,-0.2133,0.2358,-0.246,0.1878,average_predictors,average_rankme
abs_diff,overall_score_str,0,per_ckpt,step1432000-tokens6014B,72,-0.2133,0.2358,-0.2462,0.1858,average_predictors,average_rankme
abs_diff,overall_score_str,0,per_ckpt,step1670000-tokens7014B,72,-0.2157,0.2358,-0.2464,0.1798,average_predictors,average_rankme
abs_diff,overall_score_str,0,per_ckpt,step1678000-tokens7047B,72,-0.2157,0.2358,-0.2461,0.1798,average_predictors,average_rankme
abs_diff,overall_score_str,0,per_ckpt,step1700000-tokens7232B,72,-0.2157,0.2358,-0.2458,0.1798,average_predictors,average_rankme
abs_diff,overall_score_str,0,per_ckpt,step1750000-tokens7652B,72,-0.2157,0.2358,-0.2456,0.1798,average_predictors,average_rankme
abs_diff,overall_score_str,0,per_ckpt,step1800000-tokens8072B,72,-0.2157,0.2358,-0.246,0.1798,average_predictors,average_rankme
abs_diff,overall_score_str,0,per_ckpt,step1850000-tokens8492B,72,-0.212,0.2448,-0.2464,0.1808,average_predictors,average_rankme
abs_diff,overall_score_str,0,per_ckpt,step1900000-tokens8912B,72,-0.212,0.2448,-0.2467,0.1838,average_predictors,average_rankme
abs_diff,overall_score_str,0,per_ckpt,step1950000-tokens9332B,72,-0.2111,0.2448,-0.2475,0.1838,average_predictors,average_rankme
abs_diff,overall_score_str,0,per_ckpt,step2000000-tokens9752B,72,-0.2111,0.2448,-0.2476,0.1828,average_predictors,average_rankme
abs_diff,overall_score_str,0,per_ckpt,step2050000-tokens10172B,72,-0.2111,0.2448,-0.2477,0.1828,average_predictors,average_rankme
abs_diff,overall_score_str,0,per_ckpt,step2100000-tokens10592B,72,-0.2111,0.2448,-0.2484,0.1818,average_predictors,average_rankme
abs_diff,overall_score_str,0,per_ckpt,step2150000-tokens11012B,72,-0.2111,0.2448,-0.2492,0.1828,average_predictors,average_rankme
abs_diff,overall_score_str,0,per_ckpt,step2200000-tokens11432B,72,-0.2111,0.2448,-0.2493,0.1828,average_predictors,average_rankme
abs_diff,overall_score_str,0,per_ckpt,step2250000-tokens11852B,72,-0.2111,0.2448,-0.2495,0.1858,average_predictors,average_rankme
abs_diff,overall_score_str,0,per_ckpt,step2300000-tokens12272B,72,-0.2162,0.2328,-0.2501,0.1848,average_predictors,average_rankme
abs_diff,overall_score_str,0,per_ckpt,step2350000-tokens12692B,72,-0.2162,0.2328,-0.2507,0.1828,average_predictors,average_rankme
abs_diff,overall_score_str,0,per_ckpt,step2400000-tokens13112B,72,-0.2171,0.2328,-0.2513,0.1808,average_predictors,average_rankme
abs_diff,overall_score_str,0,per_ckpt,step2450000-tokens13532B,72,-0.212,0.2448,-0.2513,0.1808,average_predictors,average_rankme
abs_diff,overall_score_str,0,per_ckpt,step2500000-tokens13952B,72,-0.212,0.2448,-0.2517,0.1798,average_predictors,average_rankme
abs_diff,overall_score_str,0,per_ckpt,step2550000-tokens14372B,72,-0.212,0.2448,-0.2521,0.1798,average_predictors,average_rankme
abs_diff,overall_score_str,0,per_ckpt,step2600000-tokens14792B,72,-0.2097,0.2448,-0.2527,0.1798,average_predictors,average_rankme
abs_diff,overall_score_str,0,per_ckpt,step2627139-tokens15T,72,-0.2097,0.2448,-0.2532,0.1758,average_predictors,average_rankme
abs_diff,overall_score_str,0,per_ckpt,main,72,-0.2178,0.2368,-0.2539,0.1748,average_predictors,average_rankme
abs_diff,transfer_margin_str,0,per_ckpt,step50000-tokens210B,72,-0.19,0.1848,-0.1592,0.3157,average_predictors,average_rankme
abs_diff,transfer_margin_str,0,per_ckpt,step100000-tokens420B,72,-0.2014,0.1628,-0.1572,0.3377,average_predictors,average_rankme
abs_diff,transfer_margin_str,0,per_ckpt,step150000-tokens630B,72,-0.1977,0.1718,-0.1595,0.3516,average_predictors,average_rankme
abs_diff,transfer_margin_str,0,per_ckpt,step200000-tokens840B,72,-0.205,0.1698,-0.1623,0.3497,average_predictors,average_rankme
abs_diff,transfer_margin_str,0,per_ckpt,step250000-tokens1050B,72,-0.2072,0.1678,-0.1649,0.3467,average_predictors,average_rankme
abs_diff,transfer_margin_str,0,per_ckpt,step300000-tokens1260B,72,-0.2053,0.1648,-0.1643,0.3467,average_predictors,average_rankme
abs_diff,transfer_margin_str,0,per_ckpt,step350000-tokens1470B,72,-0.2053,0.1648,-0.1655,0.3357,average_predictors,average_rankme
abs_diff,transfer_margin_str,0,per_ckpt,step400000-tokens1680B,72,-0.2043,0.1788,-0.1671,0.3287,average_predictors,average_rankme
abs_diff,transfer_margin_str,0,per_ckpt,step450000-tokens1890B,72,-0.2046,0.1788,-0.1665,0.3247,average_predictors,average_rankme
abs_diff,transfer_margin_str,0,per_ckpt,step500000-tokens2100B,72,-0.2046,0.1788,-0.1649,0.3217,average_predictors,average_rankme
abs_diff,transfer_margin_str,0,per_ckpt,step550000-tokens2310B,72,-0.1997,0.1848,-0.1633,0.3237,average_predictors,average_rankme
abs_diff,transfer_margin_str,0,per_ckpt,step600000-tokens2520B,72,-0.1961,0.1918,-0.1631,0.3227,average_predictors,average_rankme
abs_diff,transfer_margin_str,0,per_ckpt,step650000-tokens2730B,72,-0.1974,0.2018,-0.1631,0.3217,average_predictors,average_rankme
abs_diff,transfer_margin_str,0,per_ckpt,step700000-tokens2940B,72,-0.2016,0.1708,-0.164,0.3157,average_predictors,average_rankme
abs_diff,transfer_margin_str,0,per_ckpt,step750000-tokens3150B,72,-0.2006,0.1708,-0.1657,0.3117,average_predictors,average_rankme
abs_diff,transfer_margin_str,0,per_ckpt,step800000-tokens3360B,72,-0.203,0.1708,-0.1664,0.3107,average_predictors,average_rankme
abs_diff,transfer_margin_str,0,per_ckpt,step850000-tokens3570B,72,-0.2006,0.1708,-0.1676,0.3067,average_predictors,average_rankme
abs_diff,transfer_margin_str,0,per_ckpt,step900000-tokens3780B,72,-0.2006,0.1708,-0.1673,0.3067,average_predictors,average_rankme
abs_diff,transfer_margin_str,0,per_ckpt,step950000-tokens3990B,72,-0.2006,0.1708,-0.1686,0.3027,average_predictors,average_rankme
abs_diff,transfer_margin_str,0,per_ckpt,step1000000-tokens4200B,72,-0.2006,0.1708,-0.1683,0.3037,average_predictors,average_rankme
abs_diff,transfer_margin_str,0,per_ckpt,step1194000-tokens5014B,72,-0.2006,0.1708,-0.1675,0.3087,average_predictors,average_rankme
abs_diff,transfer_margin_str,0,per_ckpt,step1432000-tokens6014B,72,-0.2006,0.1708,-0.1678,0.3077,average_predictors,average_rankme
abs_diff,transfer_margin_str,0,per_ckpt,step1670000-tokens7014B,72,-0.2001,0.1708,-0.1656,0.3167,average_predictors,average_rankme
abs_diff,transfer_margin_str,0,per_ckpt,step1678000-tokens7047B,72,-0.2001,0.1708,-0.1655,0.3177,average_predictors,average_rankme
abs_diff,transfer_margin_str,0,per_ckpt,step1700000-tokens7232B,72,-0.2001,0.1708,-0.166,0.3157,average_predictors,average_rankme
abs_diff,transfer_margin_str,0,per_ckpt,step1750000-tokens7652B,72,-0.2001,0.1708,-0.1657,0.3167,average_predictors,average_rankme
abs_diff,transfer_margin_str,0,per_ckpt,step1800000-tokens8072B,72,-0.2001,0.1708,-0.1676,0.3107,average_predictors,average_rankme
abs_diff,transfer_margin_str,0,per_ckpt,step1850000-tokens8492B,72,-0.2024,0.1668,-0.1703,0.3017,average_predictors,average_rankme
abs_diff,transfer_margin_str,0,per_ckpt,step1900000-tokens8912B,72,-0.2024,0.1668,-0.1721,0.2967,average_predictors,average_rankme
abs_diff,transfer_margin_str,0,per_ckpt,step1950000-tokens9332B,72,-0.2048,0.1668,-0.1736,0.2947,average_predictors,average_rankme
abs_diff,transfer_margin_str,0,per_ckpt,step2000000-tokens9752B,72,-0.2048,0.1668,-0.1737,0.2947,average_predictors,average_rankme
abs_diff,transfer_margin_str,0,per_ckpt,step2050000-tokens10172B,72,-0.2048,0.1668,-0.1739,0.2947,average_predictors,average_rankme
abs_diff,transfer_margin_str,0,per_ckpt,step2100000-tokens10592B,72,-0.2048,0.1668,-0.1741,0.2957,average_predictors,average_rankme
abs_diff,transfer_margin_str,0,per_ckpt,step2150000-tokens11012B,72,-0.2048,0.1668,-0.1755,0.2927,average_predictors,average_rankme
abs_diff,transfer_margin_str,0,per_ckpt,step2200000-tokens11432B,72,-0.2048,0.1668,-0.1757,0.2917,average_predictors,average_rankme
abs_diff,transfer_margin_str,0,per_ckpt,step2250000-tokens11852B,72,-0.2048,0.1668,-0.177,0.2907,average_predictors,average_rankme
abs_diff,transfer_margin_str,0,per_ckpt,step2300000-tokens12272B,72,-0.2135,0.1558,-0.1773,0.2907,average_predictors,average_rankme
abs_diff,transfer_margin_str,0,per_ckpt,step2350000-tokens12692B,72,-0.2135,0.1558,-0.1772,0.2907,average_predictors,average_rankme
abs_diff,transfer_margin_str,0,per_ckpt,step2400000-tokens13112B,72,-0.2111,0.1558,-0.177,0.2927,average_predictors,average_rankme
abs_diff,transfer_margin_str,0,per_ckpt,step2450000-tokens13532B,72,-0.2024,0.1668,-0.1759,0.2947,average_predictors,average_rankme
abs_diff,transfer_margin_str,0,per_ckpt,step2500000-tokens13952B,72,-0.2024,0.1668,-0.1751,0.2947,average_predictors,average_rankme
abs_diff,transfer_margin_str,0,per_ckpt,step2550000-tokens14372B,72,-0.2024,0.1668,-0.1747,0.2957,average_predictors,average_rankme
abs_diff,transfer_margin_str,0,per_ckpt,step2600000-tokens14792B,72,-0.2029,0.1668,-0.1744,0.2967,average_predictors,average_rankme
abs_diff,transfer_margin_str,0,per_ckpt,step2627139-tokens15T,72,-0.2029,0.1668,-0.1741,0.2997,average_predictors,average_rankme
abs_diff,transfer_margin_str,0,per_ckpt,main,72,-0.1961,0.1798,-0.1737,0.2997,average_predictors,average_rankme
abs_diff,overall_margin_str,0,per_ckpt,step50000-tokens210B,72,-0.257,0.1239,-0.3037,0.0619,average_predictors,average_rankme
abs_diff,overall_margin_str,0,per_ckpt,step100000-tokens420B,72,-0.2618,0.1149,-0.3101,0.0669,average_predictors,average_rankme
abs_diff,overall_margin_str,0,per_ckpt,step150000-tokens630B,72,-0.2603,0.1279,-0.316,0.0669,average_predictors,average_rankme
abs_diff,overall_margin_str,0,per_ckpt,step200000-tokens840B,72,-0.2585,0.1169,-0.3188,0.0719,average_predictors,average_rankme
abs_diff,overall_margin_str,0,per_ckpt,step250000-tokens1050B,72,-0.2668,0.1179,-0.3245,0.0719,average_predictors,average_rankme
abs_diff,overall_margin_str,0,per_ckpt,step300000-tokens1260B,72,-0.267,0.1119,-0.3247,0.0709,average_predictors,average_rankme
abs_diff,overall_margin_str,0,per_ckpt,step350000-tokens1470B,72,-0.267,0.1119,-0.3233,0.0709,average_predictors,average_rankme
abs_diff,overall_margin_str,0,per_ckpt,step400000-tokens1680B,72,-0.2724,0.1009,-0.3227,0.0679,average_predictors,average_rankme
abs_diff,overall_margin_str,0,per_ckpt,step450000-tokens1890B,72,-0.2703,0.1009,-0.321,0.0699,average_predictors,average_rankme
abs_diff,overall_margin_str,0,per_ckpt,step500000-tokens2100B,72,-0.2703,0.1009,-0.3173,0.0709,average_predictors,average_rankme
abs_diff,overall_margin_str,0,per_ckpt,step550000-tokens2310B,72,-0.2657,0.0999,-0.3143,0.0719,average_predictors,average_rankme
abs_diff,overall_margin_str,0,per_ckpt,step600000-tokens2520B,72,-0.2632,0.0999,-0.3142,0.0719,average_predictors,average_rankme
abs_diff,overall_margin_str,0,per_ckpt,step650000-tokens2730B,72,-0.269,0.0969,-0.3141,0.0739,average_predictors,average_rankme
abs_diff,overall_margin_str,0,per_ckpt,step700000-tokens2940B,72,-0.2668,0.1059,-0.3144,0.0729,average_predictors,average_rankme
abs_diff,overall_margin_str,0,per_ckpt,step750000-tokens3150B,72,-0.2653,0.1059,-0.3157,0.0729,average_predictors,average_rankme
abs_diff,overall_margin_str,0,per_ckpt,step800000-tokens3360B,72,-0.2656,0.1059,-0.3154,0.0719,average_predictors,average_rankme
abs_diff,overall_margin_str,0,per_ckpt,step850000-tokens3570B,72,-0.2653,0.1059,-0.3168,0.0719,average_predictors,average_rankme
abs_diff,overall_margin_str,0,per_ckpt,step900000-tokens3780B,72,-0.2653,0.1059,-0.3158,0.0729,average_predictors,average_rankme
abs_diff,overall_margin_str,0,per_ckpt,step950000-tokens3990B,72,-0.2653,0.1059,-0.3167,0.0729,average_predictors,average_rankme
abs_diff,overall_margin_str,0,per_ckpt,step1000000-tokens4200B,72,-0.2653,0.1059,-0.3165,0.0729,average_predictors,average_rankme
abs_diff,overall_margin_str,0,per_ckpt,step1194000-tokens5014B,72,-0.2653,0.1059,-0.3153,0.0729,average_predictors,average_rankme
abs_diff,overall_margin_str,0,per_ckpt,step1432000-tokens6014B,72,-0.2653,0.1059,-0.3157,0.0729,average_predictors,average_rankme
abs_diff,overall_margin_str,0,per_ckpt,step1670000-tokens7014B,72,-0.267,0.1059,-0.3162,0.0739,average_predictors,average_rankme
abs_diff,overall_margin_str,0,per_ckpt,step1678000-tokens7047B,72,-0.267,0.1059,-0.3158,0.0739,average_predictors,average_rankme
abs_diff,overall_margin_str,0,per_ckpt,step1700000-tokens7232B,72,-0.267,0.1059,-0.3159,0.0739,average_predictors,average_rankme
abs_diff,overall_margin_str,0,per_ckpt,step1750000-tokens7652B,72,-0.267,0.1059,-0.3159,0.0739,average_predictors,average_rankme
abs_diff,overall_margin_str,0,per_ckpt,step1800000-tokens8072B,72,-0.267,0.1059,-0.3178,0.0739,average_predictors,average_rankme
abs_diff,overall_margin_str,0,per_ckpt,step1850000-tokens8492B,72,-0.2661,0.1109,-0.3203,0.0719,average_predictors,average_rankme
abs_diff,overall_margin_str,0,per_ckpt,step1900000-tokens8912B,72,-0.2661,0.1109,-0.3218,0.0709,average_predictors,average_rankme
abs_diff,overall_margin_str,0,per_ckpt,step1950000-tokens9332B,72,-0.2664,0.1109,-0.3233,0.0709,average_predictors,average_rankme
abs_diff,overall_margin_str,0,per_ckpt,step2000000-tokens9752B,72,-0.2664,0.1109,-0.3232,0.0709,average_predictors,average_rankme
abs_diff,overall_margin_str,0,per_ckpt,step2050000-tokens10172B,72,-0.2664,0.1109,-0.3234,0.0709,average_predictors,average_rankme
abs_diff,overall_margin_str,0,per_ckpt,step2100000-tokens10592B,72,-0.2664,0.1109,-0.3241,0.0709,average_predictors,average_rankme
abs_diff,overall_margin_str,0,per_ckpt,step2150000-tokens11012B,72,-0.2664,0.1109,-0.3257,0.0709,average_predictors,average_rankme
abs_diff,overall_margin_str,0,per_ckpt,step2200000-tokens11432B,72,-0.2664,0.1109,-0.3257,0.0709,average_predictors,average_rankme
abs_diff,overall_margin_str,0,per_ckpt,step2250000-tokens11852B,72,-0.2664,0.1109,-0.3269,0.0709,average_predictors,average_rankme
abs_diff,overall_margin_str,0,per_ckpt,step2300000-tokens12272B,72,-0.275,0.1009,-0.3275,0.0709,average_predictors,average_rankme
abs_diff,overall_margin_str,0,per_ckpt,step2350000-tokens12692B,72,-0.275,0.1009,-0.3279,0.0709,average_predictors,average_rankme
abs_diff,overall_margin_str,0,per_ckpt,step2400000-tokens13112B,72,-0.2746,0.1009,-0.3281,0.0709,average_predictors,average_rankme
abs_diff,overall_margin_str,0,per_ckpt,step2450000-tokens13532B,72,-0.2661,0.1109,-0.3273,0.0709,average_predictors,average_rankme
abs_diff,overall_margin_str,0,per_ckpt,step2500000-tokens13952B,72,-0.2661,0.1109,-0.3271,0.0709,average_predictors,average_rankme
abs_diff,overall_margin_str,0,per_ckpt,step2550000-tokens14372B,72,-0.2661,0.1109,-0.3271,0.0709,average_predictors,average_rankme
abs_diff,overall_margin_str,0,per_ckpt,step2600000-tokens14792B,72,-0.2643,0.1109,-0.3273,0.0699,average_predictors,average_rankme
abs_diff,overall_margin_str,0,per_ckpt,step2627139-tokens15T,72,-0.2643,0.1109,-0.3275,0.0699,average_predictors,average_rankme
abs_diff,overall_margin_str,0,per_ckpt,main,72,-0.2677,0.1109,-0.3277,0.0699,average_predictors,average_rankme
signed_diff,accuracy_majority,0,per_ckpt,step50000-tokens210B,72,-0.1706,0.4575,-0.1403,0.5445,average_predictors,average_rankme
signed_diff,accuracy_majority,0,per_ckpt,step100000-tokens420B,72,-0.1776,0.4386,-0.1416,0.5345,average_predictors,average_rankme
signed_diff,accuracy_majority,0,per_ckpt,step150000-tokens630B,72,-0.1856,0.4176,-0.1458,0.5255,average_predictors,average_rankme
signed_diff,accuracy_majority,0,per_ckpt,step200000-tokens840B,72,-0.1809,0.4296,-0.1488,0.5145,average_predictors,average_rankme
signed_diff,accuracy_majority,0,per_ckpt,step250000-tokens1050B,72,-0.1863,0.4166,-0.1495,0.5125,average_predictors,average_rankme
signed_diff,accuracy_majority,0,per_ckpt,step300000-tokens1260B,72,-0.1857,0.4176,-0.1505,0.5085,average_predictors,average_rankme
signed_diff,accuracy_majority,0,per_ckpt,step350000-tokens1470B,72,-0.1857,0.4176,-0.1505,0.5095,average_predictors,average_rankme
signed_diff,accuracy_majority,0,per_ckpt,step400000-tokens1680B,72,-0.1812,0.4306,-0.1523,0.5065,average_predictors,average_rankme
signed_diff,accuracy_majority,0,per_ckpt,step450000-tokens1890B,72,-0.1812,0.4306,-0.1529,0.5035,average_predictors,average_rankme
signed_diff,accuracy_majority,0,per_ckpt,step500000-tokens2100B,72,-0.1812,0.4306,-0.1527,0.5045,average_predictors,average_rankme
signed_diff,accuracy_majority,0,per_ckpt,step550000-tokens2310B,72,-0.1782,0.4376,-0.1533,0.5045,average_predictors,average_rankme
signed_diff,accuracy_majority,0,per_ckpt,step600000-tokens2520B,72,-0.1757,0.4436,-0.1529,0.5075,average_predictors,average_rankme
signed_diff,accuracy_majority,0,per_ckpt,step650000-tokens2730B,72,-0.1775,0.4406,-0.153,0.5085,average_predictors,average_rankme
signed_diff,accuracy_majority,0,per_ckpt,step700000-tokens2940B,72,-0.1821,0.4286,-0.1543,0.5065,average_predictors,average_rankme
signed_diff,accuracy_majority,0,per_ckpt,step750000-tokens3150B,72,-0.1821,0.4286,-0.1557,0.5045,average_predictors,average_rankme
signed_diff,accuracy_majority,0,per_ckpt,step800000-tokens3360B,72,-0.1821,0.4286,-0.1561,0.5025,average_predictors,average_rankme
signed_diff,accuracy_majority,0,per_ckpt,step850000-tokens3570B,72,-0.1821,0.4286,-0.1571,0.4995,average_predictors,average_rankme
signed_diff,accuracy_majority,0,per_ckpt,step900000-tokens3780B,72,-0.1821,0.4286,-0.1577,0.4955,average_predictors,average_rankme
signed_diff,accuracy_majority,0,per_ckpt,step950000-tokens3990B,72,-0.1821,0.4286,-0.1584,0.4945,average_predictors,average_rankme
signed_diff,accuracy_majority,0,per_ckpt,step1000000-tokens4200B,72,-0.1821,0.4286,-0.1587,0.4955,average_predictors,average_rankme
signed_diff,accuracy_majority,0,per_ckpt,step1194000-tokens5014B,72,-0.1821,0.4286,-0.1592,0.4925,average_predictors,average_rankme
signed_diff,accuracy_majority,0,per_ckpt,step1432000-tokens6014B,72,-0.1821,0.4286,-0.1594,0.4925,average_predictors,average_rankme
signed_diff,accuracy_majority,0,per_ckpt,step1670000-tokens7014B,72,-0.1821,0.4286,-0.1587,0.4925,average_predictors,average_rankme
signed_diff,accuracy_majority,0,per_ckpt,step1678000-tokens7047B,72,-0.1821,0.4286,-0.1592,0.4905,average_predictors,average_rankme
signed_diff,accuracy_majority,0,per_ckpt,step1700000-tokens7232B,72,-0.1821,0.4286,-0.1595,0.4895,average_predictors,average_rankme
signed_diff,accuracy_majority,0,per_ckpt,step1750000-tokens7652B,72,-0.1821,0.4286,-0.1595,0.4905,average_predictors,average_rankme
signed_diff,accuracy_majority,0,per_ckpt,step1800000-tokens8072B,72,-0.1821,0.4286,-0.1596,0.4895,average_predictors,average_rankme
signed_diff,accuracy_majority,0,per_ckpt,step1850000-tokens8492B,72,-0.1824,0.4296,-0.16,0.4875,average_predictors,average_rankme
signed_diff,accuracy_majority,0,per_ckpt,step1900000-tokens8912B,72,-0.1824,0.4296,-0.1601,0.4865,average_predictors,average_rankme
signed_diff,accuracy_majority,0,per_ckpt,step1950000-tokens9332B,72,-0.1824,0.4296,-0.1595,0.4925,average_predictors,average_rankme
signed_diff,accuracy_majority,0,per_ckpt,step2000000-tokens9752B,72,-0.1824,0.4296,-0.1593,0.4925,average_predictors,average_rankme
signed_diff,accuracy_majority,0,per_ckpt,step2050000-tokens10172B,72,-0.1824,0.4296,-0.1592,0.4915,average_predictors,average_rankme
signed_diff,accuracy_majority,0,per_ckpt,step2100000-tokens10592B,72,-0.1824,0.4296,-0.1591,0.4925,average_predictors,average_rankme
signed_diff,accuracy_majority,0,per_ckpt,step2150000-tokens11012B,72,-0.1824,0.4296,-0.1591,0.4915,average_predictors,average_rankme
signed_diff,accuracy_majority,0,per_ckpt,step2200000-tokens11432B,72,-0.1824,0.4296,-0.1592,0.4915,average_predictors,average_rankme
signed_diff,accuracy_majority,0,per_ckpt,step2250000-tokens11852B,72,-0.1824,0.4296,-0.1594,0.4895,average_predictors,average_rankme
signed_diff,accuracy_majority,0,per_ckpt,step2300000-tokens12272B,72,-0.1884,0.4156,-0.1597,0.4895,average_predictors,average_rankme
signed_diff,accuracy_majority,0,per_ckpt,step2350000-tokens12692B,72,-0.1884,0.4156,-0.1598,0.4885,average_predictors,average_rankme
signed_diff,accuracy_majority,0,per_ckpt,step2400000-tokens13112B,72,-0.1884,0.4156,-0.1597,0.4885,average_predictors,average_rankme
signed_diff,accuracy_majority,0,per_ckpt,step2450000-tokens13532B,72,-0.1824,0.4296,-0.1593,0.4915,average_predictors,average_rankme
signed_diff,accuracy_majority,0,per_ckpt,step2500000-tokens13952B,72,-0.1824,0.4296,-0.1587,0.4945,average_predictors,average_rankme
signed_diff,accuracy_majority,0,per_ckpt,step2550000-tokens14372B,72,-0.1824,0.4296,-0.1584,0.4975,average_predictors,average_rankme
signed_diff,accuracy_majority,0,per_ckpt,step2600000-tokens14792B,72,-0.1824,0.4296,-0.1581,0.4985,average_predictors,average_rankme
signed_diff,accuracy_majority,0,per_ckpt,step2627139-tokens15T,72,-0.1824,0.4296,-0.1576,0.4985,average_predictors,average_rankme
signed_diff,accuracy_majority,0,per_ckpt,main,72,-0.1806,0.4366,-0.1574,0.4985,average_predictors,average_rankme
signed_diff,overall_score,0,per_ckpt,step50000-tokens210B,72,0.024,0.9021,0.0684,0.7433,average_predictors,average_rankme
signed_diff,overall_score,0,per_ckpt,step100000-tokens420B,72,0.0253,0.9001,0.0796,0.7083,average_predictors,average_rankme
signed_diff,overall_score,0,per_ckpt,step150000-tokens630B,72,0.0186,0.9261,0.08,0.7063,average_predictors,average_rankme
signed_diff,overall_score,0,per_ckpt,step200000-tokens840B,72,0.0277,0.8811,0.0809,0.7053,average_predictors,average_rankme
signed_diff,overall_score,0,per_ckpt,step250000-tokens1050B,72,0.02,0.9161,0.0827,0.7063,average_predictors,average_rankme
signed_diff,overall_score,0,per_ckpt,step300000-tokens1260B,72,0.0185,0.9281,0.0827,0.7053,average_predictors,average_rankme
signed_diff,overall_score,0,per_ckpt,step350000-tokens1470B,72,0.0185,0.9281,0.0818,0.7063,average_predictors,average_rankme
signed_diff,overall_score,0,per_ckpt,step400000-tokens1680B,72,0.0246,0.9021,0.0812,0.7083,average_predictors,average_rankme
signed_diff,overall_score,0,per_ckpt,step450000-tokens1890B,72,0.0246,0.9021,0.08,0.7093,average_predictors,average_rankme
signed_diff,overall_score,0,per_ckpt,step500000-tokens2100B,72,0.0246,0.9021,0.079,0.7163,average_predictors,average_rankme
signed_diff,overall_score,0,per_ckpt,step550000-tokens2310B,72,0.0269,0.8931,0.0782,0.7213,average_predictors,average_rankme
signed_diff,overall_score,0,per_ckpt,step600000-tokens2520B,72,0.0288,0.8851,0.0783,0.7203,average_predictors,average_rankme
signed_diff,overall_score,0,per_ckpt,step650000-tokens2730B,72,0.0273,0.8921,0.0773,0.7253,average_predictors,average_rankme
signed_diff,overall_score,0,per_ckpt,step700000-tokens2940B,72,0.0195,0.9181,0.076,0.7293,average_predictors,average_rankme
signed_diff,overall_score,0,per_ckpt,step750000-tokens3150B,72,0.0195,0.9181,0.0742,0.7353,average_predictors,average_rankme
signed_diff,overall_score,0,per_ckpt,step800000-tokens3360B,72,0.0195,0.9181,0.0734,0.7363,average_predictors,average_rankme
signed_diff,overall_score,0,per_ckpt,step850000-tokens3570B,72,0.0195,0.9181,0.0724,0.7393,average_predictors,average_rankme
signed_diff,overall_score,0,per_ckpt,step900000-tokens3780B,72,0.0195,0.9181,0.0717,0.7403,average_predictors,average_rankme
signed_diff,overall_score,0,per_ckpt,step950000-tokens3990B,72,0.0195,0.9181,0.071,0.7413,average_predictors,average_rankme
signed_diff,overall_score,0,per_ckpt,step1000000-tokens4200B,72,0.0195,0.9181,0.0706,0.7423,average_predictors,average_rankme
signed_diff,overall_score,0,per_ckpt,step1194000-tokens5014B,72,0.0195,0.9181,0.0699,0.7453,average_predictors,average_rankme
signed_diff,overall_score,0,per_ckpt,step1432000-tokens6014B,72,0.0195,0.9181,0.0694,0.7483,average_predictors,average_rankme
signed_diff,overall_score,0,per_ckpt,step1670000-tokens7014B,72,0.0195,0.9181,0.0707,0.7443,average_predictors,average_rankme
signed_diff,overall_score,0,per_ckpt,step1678000-tokens7047B,72,0.0195,0.9181,0.0703,0.7453,average_predictors,average_rankme
signed_diff,overall_score,0,per_ckpt,step1700000-tokens7232B,72,0.0195,0.9181,0.0701,0.7453,average_predictors,average_rankme
signed_diff,overall_score,0,per_ckpt,step1750000-tokens7652B,72,0.0195,0.9181,0.0703,0.7443,average_predictors,average_rankme
signed_diff,overall_score,0,per_ckpt,step1800000-tokens8072B,72,0.0195,0.9181,0.0703,0.7453,average_predictors,average_rankme
signed_diff,overall_score,0,per_ckpt,step1850000-tokens8492B,72,0.0181,0.9231,0.07,0.7433,average_predictors,average_rankme
signed_diff,overall_score,0,per_ckpt,step1900000-tokens8912B,72,0.0181,0.9231,0.0696,0.7463,average_predictors,average_rankme
signed_diff,overall_score,0,per_ckpt,step1950000-tokens9332B,72,0.0181,0.9231,0.0702,0.7453,average_predictors,average_rankme
signed_diff,overall_score,0,per_ckpt,step2000000-tokens9752B,72,0.0181,0.9231,0.0706,0.7453,average_predictors,average_rankme
signed_diff,overall_score,0,per_ckpt,step2050000-tokens10172B,72,0.0181,0.9231,0.0705,0.7453,average_predictors,average_rankme
signed_diff,overall_score,0,per_ckpt,step2100000-tokens10592B,72,0.0181,0.9231,0.0709,0.7413,average_predictors,average_rankme
signed_diff,overall_score,0,per_ckpt,step2150000-tokens11012B,72,0.0181,0.9231,0.0712,0.7383,average_predictors,average_rankme
signed_diff,overall_score,0,per_ckpt,step2200000-tokens11432B,72,0.0181,0.9231,0.0712,0.7393,average_predictors,average_rankme
signed_diff,overall_score,0,per_ckpt,step2250000-tokens11852B,72,0.0181,0.9231,0.071,0.7393,average_predictors,average_rankme
signed_diff,overall_score,0,per_ckpt,step2300000-tokens12272B,72,0.0138,0.9461,0.0706,0.7413,average_predictors,average_rankme
signed_diff,overall_score,0,per_ckpt,step2350000-tokens12692B,72,0.0138,0.9461,0.0703,0.7403,average_predictors,average_rankme
signed_diff,overall_score,0,per_ckpt,step2400000-tokens13112B,72,0.0138,0.9461,0.0701,0.7413,average_predictors,average_rankme
signed_diff,overall_score,0,per_ckpt,step2450000-tokens13532B,72,0.0181,0.9231,0.0702,0.7413,average_predictors,average_rankme
signed_diff,overall_score,0,per_ckpt,step2500000-tokens13952B,72,0.0181,0.9231,0.0705,0.7403,average_predictors,average_rankme
signed_diff,overall_score,0,per_ckpt,step2550000-tokens14372B,72,0.0181,0.9231,0.0706,0.7423,average_predictors,average_rankme
signed_diff,overall_score,0,per_ckpt,step2600000-tokens14792B,72,0.0181,0.9231,0.0708,0.7413,average_predictors,average_rankme
signed_diff,overall_score,0,per_ckpt,step2627139-tokens15T,72,0.0181,0.9231,0.0711,0.7423,average_predictors,average_rankme
signed_diff,overall_score,0,per_ckpt,main,72,0.0181,0.9281,0.0713,0.7423,average_predictors,average_rankme
signed_diff,transfer_score,0,per_ckpt,step50000-tokens210B,72,0.0125,0.9231,0.0593,0.6763,average_predictors,average_rankme
signed_diff,transfer_score,0,per_ckpt,step100000-tokens420B,72,0.0135,0.9171,0.0655,0.6444,average_predictors,average_rankme
signed_diff,transfer_score,0,per_ckpt,step150000-tokens630B,72,0.0095,0.9431,0.066,0.6414,average_predictors,average_rankme
signed_diff,transfer_score,0,per_ckpt,step200000-tokens840B,72,0.0143,0.9141,0.0659,0.6384,average_predictors,average_rankme
signed_diff,transfer_score,0,per_ckpt,step250000-tokens1050B,72,0.0102,0.9441,0.0667,0.6354,average_predictors,average_rankme
signed_diff,transfer_score,0,per_ckpt,step300000-tokens1260B,72,0.0097,0.9421,0.0668,0.6344,average_predictors,average_rankme
signed_diff,transfer_score,0,per_ckpt,step350000-tokens1470B,72,0.0097,0.9421,0.066,0.6404,average_predictors,average_rankme
signed_diff,transfer_score,0,per_ckpt,step400000-tokens1680B,72,0.0153,0.9031,0.065,0.6454,average_predictors,average_rankme
signed_diff,transfer_score,0,per_ckpt,step450000-tokens1890B,72,0.0153,0.9031,0.0643,0.6484,average_predictors,average_rankme
signed_diff,transfer_score,0,per_ckpt,step500000-tokens2100B,72,0.0153,0.9031,0.0639,0.6523,average_predictors,average_rankme
signed_diff,transfer_score,0,per_ckpt,step550000-tokens2310B,72,0.0165,0.8961,0.0636,0.6543,average_predictors,average_rankme
signed_diff,transfer_score,0,per_ckpt,step600000-tokens2520B,72,0.0168,0.9011,0.0638,0.6543,average_predictors,average_rankme
signed_diff,transfer_score,0,per_ckpt,step650000-tokens2730B,72,0.0186,0.8891,0.0635,0.6573,average_predictors,average_rankme
signed_diff,transfer_score,0,per_ckpt,step700000-tokens2940B,72,0.0107,0.9381,0.0626,0.6603,average_predictors,average_rankme
signed_diff,transfer_score,0,per_ckpt,step750000-tokens3150B,72,0.0107,0.9381,0.0616,0.6623,average_predictors,average_rankme
signed_diff,transfer_score,0,per_ckpt,step800000-tokens3360B,72,0.0107,0.9381,0.0609,0.6663,average_predictors,average_rankme
signed_diff,transfer_score,0,per_ckpt,step850000-tokens3570B,72,0.0107,0.9381,0.0604,0.6693,average_predictors,average_rankme
signed_diff,transfer_score,0,per_ckpt,step900000-tokens3780B,72,0.0107,0.9381,0.0601,0.6683,average_predictors,average_rankme
signed_diff,transfer_score,0,per_ckpt,step950000-tokens3990B,72,0.0107,0.9381,0.0594,0.6753,average_predictors,average_rankme
signed_diff,transfer_score,0,per_ckpt,step1000000-tokens4200B,72,0.0107,0.9381,0.0594,0.6753,average_predictors,average_rankme
signed_diff,transfer_score,0,per_ckpt,step1194000-tokens5014B,72,0.0107,0.9381,0.0591,0.6763,average_predictors,average_rankme
signed_diff,transfer_score,0,per_ckpt,step1432000-tokens6014B,72,0.0107,0.9381,0.0589,0.6773,average_predictors,average_rankme
signed_diff,transfer_score,0,per_ckpt,step1670000-tokens7014B,72,0.0107,0.9381,0.06,0.6713,average_predictors,average_rankme
signed_diff,transfer_score,0,per_ckpt,step1678000-tokens7047B,72,0.0107,0.9381,0.0598,0.6743,average_predictors,average_rankme
signed_diff,transfer_score,0,per_ckpt,step1700000-tokens7232B,72,0.0107,0.9381,0.0596,0.6743,average_predictors,average_rankme
signed_diff,transfer_score,0,per_ckpt,step1750000-tokens7652B,72,0.0107,0.9381,0.0597,0.6733,average_predictors,average_rankme
signed_diff,transfer_score,0,per_ckpt,step1800000-tokens8072B,72,0.0107,0.9381,0.0595,0.6743,average_predictors,average_rankme
signed_diff,transfer_score,0,per_ckpt,step1850000-tokens8492B,72,0.0099,0.9461,0.0588,0.6763,average_predictors,average_rankme
signed_diff,transfer_score,0,per_ckpt,step1900000-tokens8912B,72,0.0099,0.9461,0.0583,0.6803,average_predictors,average_rankme
signed_diff,transfer_score,0,per_ckpt,step1950000-tokens9332B,72,0.0099,0.9461,0.0585,0.6793,average_predictors,average_rankme
signed_diff,transfer_score,0,per_ckpt,step2000000-tokens9752B,72,0.0099,0.9461,0.0587,0.6783,average_predictors,average_rankme
signed_diff,transfer_score,0,per_ckpt,step2050000-tokens10172B,72,0.0099,0.9461,0.0587,0.6793,average_predictors,average_rankme
signed_diff,transfer_score,0,per_ckpt,step2100000-tokens10592B,72,0.0099,0.9461,0.0589,0.6763,average_predictors,average_rankme
signed_diff,transfer_score,0,per_ckpt,step2150000-tokens11012B,72,0.0099,0.9461,0.0589,0.6763,average_predictors,average_rankme
signed_diff,transfer_score,0,per_ckpt,step2200000-tokens11432B,72,0.0099,0.9461,0.0589,0.6763,average_predictors,average_rankme
signed_diff,transfer_score,0,per_ckpt,step2250000-tokens11852B,72,0.0099,0.9461,0.0585,0.6783,average_predictors,average_rankme
signed_diff,transfer_score,0,per_ckpt,step2300000-tokens12272B,72,0.0059,0.966,0.0583,0.6783,average_predictors,average_rankme
signed_diff,transfer_score,0,per_ckpt,step2350000-tokens12692B,72,0.0059,0.966,0.0583,0.6793,average_predictors,average_rankme
signed_diff,transfer_score,0,per_ckpt,step2400000-tokens13112B,72,0.0059,0.966,0.0584,0.6793,average_predictors,average_rankme
signed_diff,transfer_score,0,per_ckpt,step2450000-tokens13532B,72,0.0099,0.9461,0.0587,0.6783,average_predictors,average_rankme
signed_diff,transfer_score,0,per_ckpt,step2500000-tokens13952B,72,0.0099,0.9461,0.059,0.6763,average_predictors,average_rankme
signed_diff,transfer_score,0,per_ckpt,step2550000-tokens14372B,72,0.0099,0.9461,0.0592,0.6763,average_predictors,average_rankme
signed_diff,transfer_score,0,per_ckpt,step2600000-tokens14792B,72,0.0099,0.9461,0.0593,0.6743,average_predictors,average_rankme
signed_diff,transfer_score,0,per_ckpt,step2627139-tokens15T,72,0.0099,0.9461,0.0596,0.6723,average_predictors,average_rankme
signed_diff,transfer_score,0,per_ckpt,main,72,0.011,0.9341,0.0598,0.6723,average_predictors,average_rankme
signed_diff,transfer_score_str,0,per_ckpt,step50000-tokens210B,72,0.0255,0.8931,0.0167,0.9211,average_predictors,average_rankme
signed_diff,transfer_score_str,0,per_ckpt,step100000-tokens420B,72,0.0345,0.8571,0.0288,0.8811,average_predictors,average_rankme
signed_diff,transfer_score_str,0,per_ckpt,step150000-tokens630B,72,0.0356,0.8571,0.0297,0.8781,average_predictors,average_rankme
signed_diff,transfer_score_str,0,per_ckpt,step200000-tokens840B,72,0.0439,0.8182,0.0297,0.8821,average_predictors,average_rankme
signed_diff,transfer_score_str,0,per_ckpt,step250000-tokens1050B,72,0.033,0.8631,0.0286,0.8881,average_predictors,average_rankme
signed_diff,transfer_score_str,0,per_ckpt,step300000-tokens1260B,72,0.0325,0.8641,0.0271,0.8891,average_predictors,average_rankme
signed_diff,transfer_score_str,0,per_ckpt,step350000-tokens1470B,72,0.0325,0.8641,0.0262,0.8941,average_predictors,average_rankme
signed_diff,transfer_score_str,0,per_ckpt,step400000-tokens1680B,72,0.0399,0.8332,0.0244,0.8981,average_predictors,average_rankme
signed_diff,transfer_score_str,0,per_ckpt,step450000-tokens1890B,72,0.0399,0.8332,0.0228,0.9051,average_predictors,average_rankme
signed_diff,transfer_score_str,0,per_ckpt,step500000-tokens2100B,72,0.0399,0.8332,0.0215,0.9131,average_predictors,average_rankme
signed_diff,transfer_score_str,0,per_ckpt,step550000-tokens2310B,72,0.0395,0.8342,0.0204,0.9181,average_predictors,average_rankme
signed_diff,transfer_score_str,0,per_ckpt,step600000-tokens2520B,72,0.0383,0.8442,0.0189,0.9251,average_predictors,average_rankme
signed_diff,transfer_score_str,0,per_ckpt,step650000-tokens2730B,72,0.034,0.8591,0.0166,0.9301,average_predictors,average_rankme
signed_diff,transfer_score_str,0,per_ckpt,step700000-tokens2940B,72,0.0274,0.8901,0.0143,0.9441,average_predictors,average_rankme
signed_diff,transfer_score_str,0,per_ckpt,step750000-tokens3150B,72,0.0274,0.8901,0.0126,0.957,average_predictors,average_rankme
signed_diff,transfer_score_str,0,per_ckpt,step800000-tokens3360B,72,0.0274,0.8901,0.0109,0.96,average_predictors,average_rankme
signed_diff,transfer_score_str,0,per_ckpt,step850000-tokens3570B,72,0.0274,0.8901,0.0099,0.962,average_predictors,average_rankme
signed_diff,transfer_score_str,0,per_ckpt,step900000-tokens3780B,72,0.0274,0.8901,0.0099,0.962,average_predictors,average_rankme
signed_diff,transfer_score_str,0,per_ckpt,step950000-tokens3990B,72,0.0274,0.8901,0.0089,0.967,average_predictors,average_rankme
signed_diff,transfer_score_str,0,per_ckpt,step1000000-tokens4200B,72,0.0274,0.8901,0.0085,0.968,average_predictors,average_rankme
signed_diff,transfer_score_str,0,per_ckpt,step1194000-tokens5014B,72,0.0274,0.8901,0.0079,0.97,average_predictors,average_rankme
signed_diff,transfer_score_str,0,per_ckpt,step1432000-tokens6014B,72,0.0274,0.8901,0.0071,0.974,average_predictors,average_rankme
signed_diff,transfer_score_str,0,per_ckpt,step1670000-tokens7014B,72,0.0274,0.8901,0.0098,0.965,average_predictors,average_rankme
signed_diff,transfer_score_str,0,per_ckpt,step1678000-tokens7047B,72,0.0274,0.8901,0.0096,0.965,average_predictors,average_rankme
signed_diff,transfer_score_str,0,per_ckpt,step1700000-tokens7232B,72,0.0274,0.8901,0.0097,0.965,average_predictors,average_rankme
signed_diff,transfer_score_str,0,per_ckpt,step1750000-tokens7652B,72,0.0274,0.8901,0.0103,0.964,average_predictors,average_rankme
signed_diff,transfer_score_str,0,per_ckpt,step1800000-tokens8072B,72,0.0274,0.8901,0.01,0.964,average_predictors,average_rankme
signed_diff,transfer_score_str,0,per_ckpt,step1850000-tokens8492B,72,0.0255,0.8941,0.0095,0.963,average_predictors,average_rankme
signed_diff,transfer_score_str,0,per_ckpt,step1900000-tokens8912B,72,0.0255,0.8941,0.0089,0.966,average_predictors,average_rankme
signed_diff,transfer_score_str,0,per_ckpt,step1950000-tokens9332B,72,0.0255,0.8941,0.0084,0.969,average_predictors,average_rankme
signed_diff,transfer_score_str,0,per_ckpt,step2000000-tokens9752B,72,0.0255,0.8941,0.0085,0.967,average_predictors,average_rankme
signed_diff,transfer_score_str,0,per_ckpt,step2050000-tokens10172B,72,0.0255,0.8941,0.0081,0.97,average_predictors,average_rankme
signed_diff,transfer_score_str,0,per_ckpt,step2100000-tokens10592B,72,0.0255,0.8941,0.0084,0.97,average_predictors,average_rankme
signed_diff,transfer_score_str,0,per_ckpt,step2150000-tokens11012B,72,0.0255,0.8941,0.0082,0.97,average_predictors,average_rankme
signed_diff,transfer_score_str,0,per_ckpt,step2200000-tokens11432B,72,0.0255,0.8941,0.0081,0.971,average_predictors,average_rankme
signed_diff,transfer_score_str,0,per_ckpt,step2250000-tokens11852B,72,0.0255,0.8941,0.0077,0.972,average_predictors,average_rankme
signed_diff,transfer_score_str,0,per_ckpt,step2300000-tokens12272B,72,0.0231,0.9041,0.0077,0.971,average_predictors,average_rankme
signed_diff,transfer_score_str,0,per_ckpt,step2350000-tokens12692B,72,0.0231,0.9041,0.0074,0.973,average_predictors,average_rankme
signed_diff,transfer_score_str,0,per_ckpt,step2400000-tokens13112B,72,0.0231,0.9041,0.0073,0.973,average_predictors,average_rankme
signed_diff,transfer_score_str,0,per_ckpt,step2450000-tokens13532B,72,0.0255,0.8941,0.0074,0.972,average_predictors,average_rankme
signed_diff,transfer_score_str,0,per_ckpt,step2500000-tokens13952B,72,0.0255,0.8941,0.0072,0.974,average_predictors,average_rankme
signed_diff,transfer_score_str,0,per_ckpt,step2550000-tokens14372B,72,0.0255,0.8941,0.0069,0.976,average_predictors,average_rankme
signed_diff,transfer_score_str,0,per_ckpt,step2600000-tokens14792B,72,0.0255,0.8941,0.0067,0.977,average_predictors,average_rankme
signed_diff,transfer_score_str,0,per_ckpt,step2627139-tokens15T,72,0.0255,0.8941,0.0065,0.977,average_predictors,average_rankme
signed_diff,transfer_score_str,0,per_ckpt,main,72,0.0221,0.9051,0.0064,0.979,average_predictors,average_rankme
signed_diff,overall_score_str,0,per_ckpt,step50000-tokens210B,72,0.0924,0.6244,0.0039,0.987,average_predictors,average_rankme
signed_diff,overall_score_str,0,per_ckpt,step100000-tokens420B,72,0.0931,0.6094,0.0105,0.97,average_predictors,average_rankme
signed_diff,overall_score_str,0,per_ckpt,step150000-tokens630B,72,0.0879,0.6364,0.0109,0.968,average_predictors,average_rankme
signed_diff,overall_score_str,0,per_ckpt,step200000-tokens840B,72,0.0931,0.6084,0.0099,0.968,average_predictors,average_rankme
signed_diff,overall_score_str,0,per_ckpt,step250000-tokens1050B,72,0.0893,0.6274,0.0114,0.963,average_predictors,average_rankme
signed_diff,overall_score_str,0,per_ckpt,step300000-tokens1260B,72,0.0912,0.6174,0.0121,0.961,average_predictors,average_rankme
signed_diff,overall_score_str,0,per_ckpt,step350000-tokens1470B,72,0.0912,0.6174,0.0114,0.963,average_predictors,average_rankme
signed_diff,overall_score_str,0,per_ckpt,step400000-tokens1680B,72,0.1055,0.5744,0.0112,0.961,average_predictors,average_rankme
signed_diff,overall_score_str,0,per_ckpt,step450000-tokens1890B,72,0.1055,0.5744,0.0103,0.967,average_predictors,average_rankme
signed_diff,overall_score_str,0,per_ckpt,step500000-tokens2100B,72,0.1055,0.5744,0.0095,0.965,average_predictors,average_rankme
signed_diff,overall_score_str,0,per_ckpt,step550000-tokens2310B,72,0.107,0.5694,0.0094,0.969,average_predictors,average_rankme
signed_diff,overall_score_str,0,per_ckpt,step600000-tokens2520B,72,0.1078,0.5664,0.0097,0.967,average_predictors,average_rankme
signed_diff,overall_score_str,0,per_ckpt,step650000-tokens2730B,72,0.1068,0.5714,0.009,0.971,average_predictors,average_rankme
signed_diff,overall_score_str,0,per_ckpt,step700000-tokens2940B,72,0.1027,0.5834,0.0082,0.975,average_predictors,average_rankme
signed_diff,overall_score_str,0,per_ckpt,step750000-tokens3150B,72,0.1027,0.5834,0.0076,0.979,average_predictors,average_rankme
signed_diff,overall_score_str,0,per_ckpt,step800000-tokens3360B,72,0.1027,0.5834,0.0068,0.98,average_predictors,average_rankme
signed_diff,overall_score_str,0,per_ckpt,step850000-tokens3570B,72,0.1027,0.5834,0.0068,0.984,average_predictors,average_rankme
signed_diff,overall_score_str,0,per_ckpt,step900000-tokens3780B,72,0.1027,0.5834,0.0067,0.984,average_predictors,average_rankme
signed_diff,overall_score_str,0,per_ckpt,step950000-tokens3990B,72,0.1027,0.5834,0.0059,0.985,average_predictors,average_rankme
signed_diff,overall_score_str,0,per_ckpt,step1000000-tokens4200B,72,0.1027,0.5834,0.0056,0.985,average_predictors,average_rankme
signed_diff,overall_score_str,0,per_ckpt,step1194000-tokens5014B,72,0.1027,0.5834,0.0047,0.988,average_predictors,average_rankme
signed_diff,overall_score_str,0,per_ckpt,step1432000-tokens6014B,72,0.1027,0.5834,0.0041,0.991,average_predictors,average_rankme
signed_diff,overall_score_str,0,per_ckpt,step1670000-tokens7014B,72,0.1027,0.5834,0.0051,0.988,average_predictors,average_rankme
signed_diff,overall_score_str,0,per_ckpt,step1678000-tokens7047B,72,0.1027,0.5834,0.0046,0.988,average_predictors,average_rankme
signed_diff,overall_score_str,0,per_ckpt,step1700000-tokens7232B,72,0.1027,0.5834,0.0045,0.988,average_predictors,average_rankme
signed_diff,overall_score_str,0,per_ckpt,step1750000-tokens7652B,72,0.1027,0.5834,0.0046,0.988,average_predictors,average_rankme
signed_diff,overall_score_str,0,per_ckpt,step1800000-tokens8072B,72,0.1027,0.5834,0.0048,0.987,average_predictors,average_rankme
signed_diff,overall_score_str,0,per_ckpt,step1850000-tokens8492B,72,0.1001,0.5994,0.0049,0.986,average_predictors,average_rankme
signed_diff,overall_score_str,0,per_ckpt,step1900000-tokens8912B,72,0.1001,0.5994,0.0048,0.987,average_predictors,average_rankme
signed_diff,overall_score_str,0,per_ckpt,step1950000-tokens9332B,72,0.1001,0.5994,0.0052,0.984,average_predictors,average_rankme
signed_diff,overall_score_str,0,per_ckpt,step2000000-tokens9752B,72,0.1001,0.5994,0.0054,0.985,average_predictors,average_rankme
signed_diff,overall_score_str,0,per_ckpt,step2050000-tokens10172B,72,0.1001,0.5994,0.0052,0.985,average_predictors,average_rankme
signed_diff,overall_score_str,0,per_ckpt,step2100000-tokens10592B,72,0.1001,0.5994,0.0056,0.985,average_predictors,average_rankme
signed_diff,overall_score_str,0,per_ckpt,step2150000-tokens11012B,72,0.1001,0.5994,0.0059,0.983,average_predictors,average_rankme
signed_diff,overall_score_str,0,per_ckpt,step2200000-tokens11432B,72,0.1001,0.5994,0.0058,0.984,average_predictors,average_rankme
signed_diff,overall_score_str,0,per_ckpt,step2250000-tokens11852B,72,0.1001,0.5994,0.0058,0.984,average_predictors,average_rankme
signed_diff,overall_score_str,0,per_ckpt,step2300000-tokens12272B,72,0.0982,0.6114,0.0058,0.985,average_predictors,average_rankme
signed_diff,overall_score_str,0,per_ckpt,step2350000-tokens12692B,72,0.0982,0.6114,0.0057,0.985,average_predictors,average_rankme
signed_diff,overall_score_str,0,per_ckpt,step2400000-tokens13112B,72,0.0982,0.6114,0.0057,0.984,average_predictors,average_rankme
signed_diff,overall_score_str,0,per_ckpt,step2450000-tokens13532B,72,0.1001,0.5994,0.0058,0.985,average_predictors,average_rankme
signed_diff,overall_score_str,0,per_ckpt,step2500000-tokens13952B,72,0.1001,0.5994,0.006,0.985,average_predictors,average_rankme
signed_diff,overall_score_str,0,per_ckpt,step2550000-tokens14372B,72,0.1001,0.5994,0.006,0.986,average_predictors,average_rankme
signed_diff,overall_score_str,0,per_ckpt,step2600000-tokens14792B,72,0.1001,0.5994,0.0061,0.985,average_predictors,average_rankme
signed_diff,overall_score_str,0,per_ckpt,step2627139-tokens15T,72,0.1001,0.5994,0.0063,0.984,average_predictors,average_rankme
signed_diff,overall_score_str,0,per_ckpt,main,72,0.0994,0.6054,0.0066,0.984,average_predictors,average_rankme
signed_diff,transfer_margin_str,0,per_ckpt,step50000-tokens210B,72,0.368,0.1538,0.314,0.2488,average_predictors,average_rankme
signed_diff,transfer_margin_str,0,per_ckpt,step100000-tokens420B,72,0.3759,0.1469,0.3262,0.2288,average_predictors,average_rankme
signed_diff,transfer_margin_str,0,per_ckpt,step150000-tokens630B,72,0.3859,0.1309,0.3318,0.2208,average_predictors,average_rankme
signed_diff,transfer_margin_str,0,per_ckpt,step200000-tokens840B,72,0.3845,0.1319,0.3354,0.2178,average_predictors,average_rankme
signed_diff,transfer_margin_str,0,per_ckpt,step250000-tokens1050B,72,0.3833,0.1339,0.3344,0.2168,average_predictors,average_rankme
signed_diff,transfer_margin_str,0,per_ckpt,step300000-tokens1260B,72,0.3813,0.1349,0.3327,0.2168,average_predictors,average_rankme
signed_diff,transfer_margin_str,0,per_ckpt,step350000-tokens1470B,72,0.3813,0.1349,0.3309,0.2208,average_predictors,average_rankme
signed_diff,transfer_margin_str,0,per_ckpt,step400000-tokens1680B,72,0.3699,0.1508,0.3279,0.2228,average_predictors,average_rankme
signed_diff,transfer_margin_str,0,per_ckpt,step450000-tokens1890B,72,0.3699,0.1508,0.3267,0.2218,average_predictors,average_rankme
signed_diff,transfer_margin_str,0,per_ckpt,step500000-tokens2100B,72,0.3699,0.1508,0.325,0.2258,average_predictors,average_rankme
signed_diff,transfer_margin_str,0,per_ckpt,step550000-tokens2310B,72,0.3669,0.1568,0.3232,0.2268,average_predictors,average_rankme
signed_diff,transfer_margin_str,0,per_ckpt,step600000-tokens2520B,72,0.3633,0.1638,0.3208,0.2308,average_predictors,average_rankme
signed_diff,transfer_margin_str,0,per_ckpt,step650000-tokens2730B,72,0.3601,0.1668,0.3194,0.2308,average_predictors,average_rankme
signed_diff,transfer_margin_str,0,per_ckpt,step700000-tokens2940B,72,0.359,0.1698,0.3181,0.2308,average_predictors,average_rankme
signed_diff,transfer_margin_str,0,per_ckpt,step750000-tokens3150B,72,0.359,0.1698,0.3171,0.2328,average_predictors,average_rankme
signed_diff,transfer_margin_str,0,per_ckpt,step800000-tokens3360B,72,0.359,0.1698,0.3155,0.2338,average_predictors,average_rankme
signed_diff,transfer_margin_str,0,per_ckpt,step850000-tokens3570B,72,0.359,0.1698,0.3148,0.2348,average_predictors,average_rankme
signed_diff,transfer_margin_str,0,per_ckpt,step900000-tokens3780B,72,0.359,0.1698,0.3147,0.2338,average_predictors,average_rankme
signed_diff,transfer_margin_str,0,per_ckpt,step950000-tokens3990B,72,0.359,0.1698,0.3145,0.2348,average_predictors,average_rankme
signed_diff,transfer_margin_str,0,per_ckpt,step1000000-tokens4200B,72,0.359,0.1698,0.3148,0.2348,average_predictors,average_rankme
signed_diff,transfer_margin_str,0,per_ckpt,step1194000-tokens5014B,72,0.359,0.1698,0.3156,0.2328,average_predictors,average_rankme
signed_diff,transfer_margin_str,0,per_ckpt,step1432000-tokens6014B,72,0.359,0.1698,0.3159,0.2328,average_predictors,average_rankme
signed_diff,transfer_margin_str,0,per_ckpt,step1670000-tokens7014B,72,0.359,0.1698,0.3192,0.2288,average_predictors,average_rankme
signed_diff,transfer_margin_str,0,per_ckpt,step1678000-tokens7047B,72,0.359,0.1698,0.3198,0.2288,average_predictors,average_rankme
signed_diff,transfer_margin_str,0,per_ckpt,step1700000-tokens7232B,72,0.359,0.1698,0.3197,0.2288,average_predictors,average_rankme
signed_diff,transfer_margin_str,0,per_ckpt,step1750000-tokens7652B,72,0.359,0.1698,0.3205,0.2288,average_predictors,average_rankme
signed_diff,transfer_margin_str,0,per_ckpt,step1800000-tokens8072B,72,0.359,0.1698,0.3196,0.2288,average_predictors,average_rankme
signed_diff,transfer_margin_str,0,per_ckpt,step1850000-tokens8492B,72,0.3597,0.1708,0.3183,0.2288,average_predictors,average_rankme
signed_diff,transfer_margin_str,0,per_ckpt,step1900000-tokens8912B,72,0.3597,0.1708,0.317,0.2318,average_predictors,average_rankme
signed_diff,transfer_margin_str,0,per_ckpt,step1950000-tokens9332B,72,0.3597,0.1708,0.3155,0.2328,average_predictors,average_rankme
signed_diff,transfer_margin_str,0,per_ckpt,step2000000-tokens9752B,72,0.3597,0.1708,0.3152,0.2328,average_predictors,average_rankme
signed_diff,transfer_margin_str,0,per_ckpt,step2050000-tokens10172B,72,0.3597,0.1708,0.3152,0.2328,average_predictors,average_rankme
signed_diff,transfer_margin_str,0,per_ckpt,step2100000-tokens10592B,72,0.3597,0.1708,0.3153,0.2328,average_predictors,average_rankme
signed_diff,transfer_margin_str,0,per_ckpt,step2150000-tokens11012B,72,0.3597,0.1708,0.3145,0.2328,average_predictors,average_rankme
signed_diff,transfer_margin_str,0,per_ckpt,step2200000-tokens11432B,72,0.3597,0.1708,0.3145,0.2328,average_predictors,average_rankme
signed_diff,transfer_margin_str,0,per_ckpt,step2250000-tokens11852B,72,0.3597,0.1708,0.3138,0.2348,average_predictors,average_rankme
signed_diff,transfer_margin_str,0,per_ckpt,step2300000-tokens12272B,72,0.3608,0.1688,0.3139,0.2348,average_predictors,average_rankme
signed_diff,transfer_margin_str,0,per_ckpt,step2350000-tokens12692B,72,0.3608,0.1688,0.3142,0.2338,average_predictors,average_rankme
signed_diff,transfer_margin_str,0,per_ckpt,step2400000-tokens13112B,72,0.3608,0.1688,0.3147,0.2338,average_predictors,average_rankme
signed_diff,transfer_margin_str,0,per_ckpt,step2450000-tokens13532B,72,0.3597,0.1708,0.3148,0.2338,average_predictors,average_rankme
signed_diff,transfer_margin_str,0,per_ckpt,step2500000-tokens13952B,72,0.3597,0.1708,0.3147,0.2338,average_predictors,average_rankme
signed_diff,transfer_margin_str,0,per_ckpt,step2550000-tokens14372B,72,0.3597,0.1708,0.3147,0.2338,average_predictors,average_rankme
signed_diff,transfer_margin_str,0,per_ckpt,step2600000-tokens14792B,72,0.3597,0.1708,0.3146,0.2338,average_predictors,average_rankme
signed_diff,transfer_margin_str,0,per_ckpt,step2627139-tokens15T,72,0.3597,0.1708,0.3143,0.2348,average_predictors,average_rankme
signed_diff,transfer_margin_str,0,per_ckpt,main,72,0.359,0.1718,0.3141,0.2348,average_predictors,average_rankme
signed_diff,overall_margin_str,0,per_ckpt,step50000-tokens210B,72,0.325,0.1319,0.3512,0.1009,average_predictors,average_rankme
signed_diff,overall_margin_str,0,per_ckpt,step100000-tokens420B,72,0.3227,0.1369,0.3609,0.0909,average_predictors,average_rankme
signed_diff,overall_margin_str,0,per_ckpt,step150000-tokens630B,72,0.3222,0.1399,0.3652,0.0889,average_predictors,average_rankme
signed_diff,overall_margin_str,0,per_ckpt,step200000-tokens840B,72,0.3223,0.1359,0.3662,0.0859,average_predictors,average_rankme
signed_diff,overall_margin_str,0,per_ckpt,step250000-tokens1050B,72,0.3237,0.1349,0.3685,0.0829,average_predictors,average_rankme
signed_diff,overall_margin_str,0,per_ckpt,step300000-tokens1260B,72,0.3266,0.1309,0.3704,0.0829,average_predictors,average_rankme
signed_diff,overall_margin_str,0,per_ckpt,step350000-tokens1470B,72,0.3266,0.1309,0.3688,0.0829,average_predictors,average_rankme
signed_diff,overall_margin_str,0,per_ckpt,step400000-tokens1680B,72,0.3374,0.1209,0.3689,0.0859,average_predictors,average_rankme
signed_diff,overall_margin_str,0,per_ckpt,step450000-tokens1890B,72,0.3374,0.1209,0.3686,0.0859,average_predictors,average_rankme
signed_diff,overall_margin_str,0,per_ckpt,step500000-tokens2100B,72,0.3374,0.1209,0.3681,0.0829,average_predictors,average_rankme
signed_diff,overall_margin_str,0,per_ckpt,step550000-tokens2310B,72,0.3383,0.1189,0.3688,0.0829,average_predictors,average_rankme
signed_diff,overall_margin_str,0,per_ckpt,step600000-tokens2520B,72,0.3396,0.1169,0.3693,0.0819,average_predictors,average_rankme
signed_diff,overall_margin_str,0,per_ckpt,step650000-tokens2730B,72,0.3402,0.1149,0.3693,0.0829,average_predictors,average_rankme
signed_diff,overall_margin_str,0,per_ckpt,step700000-tokens2940B,72,0.3358,0.1229,0.3693,0.0829,average_predictors,average_rankme
signed_diff,overall_margin_str,0,per_ckpt,step750000-tokens3150B,72,0.3358,0.1229,0.3692,0.0799,average_predictors,average_rankme
signed_diff,overall_margin_str,0,per_ckpt,step800000-tokens3360B,72,0.3358,0.1229,0.3684,0.0819,average_predictors,average_rankme
signed_diff,overall_margin_str,0,per_ckpt,step850000-tokens3570B,72,0.3358,0.1229,0.3688,0.0809,average_predictors,average_rankme
signed_diff,overall_margin_str,0,per_ckpt,step900000-tokens3780B,72,0.3358,0.1229,0.3691,0.0819,average_predictors,average_rankme
signed_diff,overall_margin_str,0,per_ckpt,step950000-tokens3990B,72,0.3358,0.1229,0.3683,0.0819,average_predictors,average_rankme
signed_diff,overall_margin_str,0,per_ckpt,step1000000-tokens4200B,72,0.3358,0.1229,0.3684,0.0819,average_predictors,average_rankme
signed_diff,overall_margin_str,0,per_ckpt,step1194000-tokens5014B,72,0.3358,0.1229,0.3684,0.0819,average_predictors,average_rankme
signed_diff,overall_margin_str,0,per_ckpt,step1432000-tokens6014B,72,0.3358,0.1229,0.3681,0.0819,average_predictors,average_rankme
signed_diff,overall_margin_str,0,per_ckpt,step1670000-tokens7014B,72,0.3358,0.1229,0.3695,0.0799,average_predictors,average_rankme
signed_diff,overall_margin_str,0,per_ckpt,step1678000-tokens7047B,72,0.3358,0.1229,0.3694,0.0799,average_predictors,average_rankme
signed_diff,overall_margin_str,0,per_ckpt,step1700000-tokens7232B,72,0.3358,0.1229,0.3692,0.0799,average_predictors,average_rankme
signed_diff,overall_margin_str,0,per_ckpt,step1750000-tokens7652B,72,0.3358,0.1229,0.3693,0.0809,average_predictors,average_rankme
signed_diff,overall_margin_str,0,per_ckpt,step1800000-tokens8072B,72,0.3358,0.1229,0.3688,0.0809,average_predictors,average_rankme
signed_diff,overall_margin_str,0,per_ckpt,step1850000-tokens8492B,72,0.3328,0.1279,0.3678,0.0839,average_predictors,average_rankme
signed_diff,overall_margin_str,0,per_ckpt,step1900000-tokens8912B,72,0.3328,0.1279,0.3669,0.0839,average_predictors,average_rankme
signed_diff,overall_margin_str,0,per_ckpt,step1950000-tokens9332B,72,0.3328,0.1279,0.3663,0.0829,average_predictors,average_rankme
signed_diff,overall_margin_str,0,per_ckpt,step2000000-tokens9752B,72,0.3328,0.1279,0.3665,0.0839,average_predictors,average_rankme
signed_diff,overall_margin_str,0,per_ckpt,step2050000-tokens10172B,72,0.3328,0.1279,0.3663,0.0839,average_predictors,average_rankme
signed_diff,overall_margin_str,0,per_ckpt,step2100000-tokens10592B,72,0.3328,0.1279,0.3666,0.0819,average_predictors,average_rankme
signed_diff,overall_margin_str,0,per_ckpt,step2150000-tokens11012B,72,0.3328,0.1279,0.3663,0.0829,average_predictors,average_rankme
signed_diff,overall_margin_str,0,per_ckpt,step2200000-tokens11432B,72,0.3328,0.1279,0.3664,0.0829,average_predictors,average_rankme
signed_diff,overall_margin_str,0,per_ckpt,step2250000-tokens11852B,72,0.3328,0.1279,0.3658,0.0839,average_predictors,average_rankme
signed_diff,overall_margin_str,0,per_ckpt,step2300000-tokens12272B,72,0.3308,0.1299,0.366,0.0839,average_predictors,average_rankme
signed_diff,overall_margin_str,0,per_ckpt,step2350000-tokens12692B,72,0.3308,0.1299,0.3662,0.0829,average_predictors,average_rankme
signed_diff,overall_margin_str,0,per_ckpt,step2400000-tokens13112B,72,0.3308,0.1299,0.3664,0.0829,average_predictors,average_rankme
signed_diff,overall_margin_str,0,per_ckpt,step2450000-tokens13532B,72,0.3328,0.1279,0.3667,0.0829,average_predictors,average_rankme
signed_diff,overall_margin_str,0,per_ckpt,step2500000-tokens13952B,72,0.3328,0.1279,0.367,0.0809,average_predictors,average_rankme
signed_diff,overall_margin_str,0,per_ckpt,step2550000-tokens14372B,72,0.3328,0.1279,0.3672,0.0809,average_predictors,average_rankme
signed_diff,overall_margin_str,0,per_ckpt,step2600000-tokens14792B,72,0.3328,0.1279,0.3674,0.0809,average_predictors,average_rankme
signed_diff,overall_margin_str,0,per_ckpt,step2627139-tokens15T,72,0.3328,0.1279,0.3676,0.0809,average_predictors,average_rankme
signed_diff,overall_margin_str,0,per_ckpt,main,72,0.3341,0.1259,0.3681,0.0809,average_predictors,average_rankme
min_rankme,accuracy_majority,0,per_ckpt,step50000-tokens210B,72,-0.0865,0.5315,-0.1024,0.4805,average_predictors,average_rankme
min_rankme,accuracy_majority,0,per_ckpt,step100000-tokens420B,72,-0.0896,0.5315,-0.1012,0.4855,average_predictors,average_rankme
min_rankme,accuracy_majority,0,per_ckpt,step150000-tokens630B,72,-0.0884,0.5315,-0.102,0.4785,average_predictors,average_rankme
min_rankme,accuracy_majority,0,per_ckpt,step200000-tokens840B,72,-0.0908,0.5614,-0.1023,0.4805,average_predictors,average_rankme
min_rankme,accuracy_majority,0,per_ckpt,step250000-tokens1050B,72,-0.0908,0.5315,-0.102,0.4795,average_predictors,average_rankme
min_rankme,accuracy_majority,0,per_ckpt,step300000-tokens1260B,72,-0.1057,0.5315,-0.103,0.4745,average_predictors,average_rankme
min_rankme,accuracy_majority,0,per_ckpt,step350000-tokens1470B,72,-0.1069,0.5315,-0.1036,0.4735,average_predictors,average_rankme
min_rankme,accuracy_majority,0,per_ckpt,step400000-tokens1680B,72,-0.1017,0.4725,-0.1048,0.4645,average_predictors,average_rankme
min_rankme,accuracy_majority,0,per_ckpt,step450000-tokens1890B,72,-0.1016,0.4725,-0.1054,0.4575,average_predictors,average_rankme
min_rankme,accuracy_majority,0,per_ckpt,step500000-tokens2100B,72,-0.1016,0.4725,-0.1062,0.4535,average_predictors,average_rankme
min_rankme,accuracy_majority,0,per_ckpt,step550000-tokens2310B,72,-0.1155,0.4725,-0.1073,0.4486,average_predictors,average_rankme
min_rankme,accuracy_majority,0,per_ckpt,step600000-tokens2520B,72,-0.1192,0.4725,-0.1076,0.4466,average_predictors,average_rankme
min_rankme,accuracy_majority,0,per_ckpt,step650000-tokens2730B,72,-0.1192,0.4725,-0.1077,0.4426,average_predictors,average_rankme
min_rankme,accuracy_majority,0,per_ckpt,step700000-tokens2940B,72,-0.1266,0.4725,-0.1082,0.4396,average_predictors,average_rankme
min_rankme,accuracy_majority,0,per_ckpt,step750000-tokens3150B,72,-0.1266,0.4725,-0.1086,0.4356,average_predictors,average_rankme
min_rankme,accuracy_majority,0,per_ckpt,step800000-tokens3360B,72,-0.1266,0.4725,-0.1088,0.4356,average_predictors,average_rankme
min_rankme,accuracy_majority,0,per_ckpt,step850000-tokens3570B,72,-0.1266,0.4725,-0.1092,0.4346,average_predictors,average_rankme
min_rankme,accuracy_majority,0,per_ckpt,step900000-tokens3780B,72,-0.1255,0.4725,-0.1098,0.4326,average_predictors,average_rankme
min_rankme,accuracy_majority,0,per_ckpt,step950000-tokens3990B,72,-0.1225,0.4725,-0.1098,0.4326,average_predictors,average_rankme
min_rankme,accuracy_majority,0,per_ckpt,step1000000-tokens4200B,72,-0.1225,0.4725,-0.1099,0.4326,average_predictors,average_rankme
min_rankme,accuracy_majority,0,per_ckpt,step1194000-tokens5014B,72,-0.1275,0.4725,-0.1101,0.4316,average_predictors,average_rankme
min_rankme,accuracy_majority,0,per_ckpt,step1432000-tokens6014B,72,-0.1275,0.4725,-0.11,0.4316,average_predictors,average_rankme
min_rankme,accuracy_majority,0,per_ckpt,step1670000-tokens7014B,72,-0.1258,0.4725,-0.1095,0.4326,average_predictors,average_rankme
min_rankme,accuracy_majority,0,per_ckpt,step1678000-tokens7047B,72,-0.1233,0.4725,-0.1097,0.4326,average_predictors,average_rankme
min_rankme,accuracy_majority,0,per_ckpt,step1700000-tokens7232B,72,-0.1233,0.4725,-0.1098,0.4326,average_predictors,average_rankme
min_rankme,accuracy_majority,0,per_ckpt,step1750000-tokens7652B,72,-0.118,0.4725,-0.1097,0.4336,average_predictors,average_rankme
min_rankme,accuracy_majority,0,per_ckpt,step1800000-tokens8072B,72,-0.12,0.4725,-0.1096,0.4336,average_predictors,average_rankme
min_rankme,accuracy_majority,0,per_ckpt,step1850000-tokens8492B,72,-0.1222,0.4725,-0.1093,0.4356,average_predictors,average_rankme
min_rankme,accuracy_majority,0,per_ckpt,step1900000-tokens8912B,72,-0.1294,0.4725,-0.1092,0.4356,average_predictors,average_rankme
min_rankme,accuracy_majority,0,per_ckpt,step1950000-tokens9332B,72,-0.1306,0.4725,-0.1087,0.4346,average_predictors,average_rankme
min_rankme,accuracy_majority,0,per_ckpt,step2000000-tokens9752B,72,-0.1267,0.4725,-0.1089,0.4336,average_predictors,average_rankme
min_rankme,accuracy_majority,0,per_ckpt,step2050000-tokens10172B,72,-0.1182,0.4725,-0.1088,0.4346,average_predictors,average_rankme
min_rankme,accuracy_majority,0,per_ckpt,step2100000-tokens10592B,72,-0.1182,0.4725,-0.1087,0.4346,average_predictors,average_rankme
min_rankme,accuracy_majority,0,per_ckpt,step2150000-tokens11012B,72,-0.1182,0.4725,-0.1085,0.4346,average_predictors,average_rankme
min_rankme,accuracy_majority,0,per_ckpt,step2200000-tokens11432B,72,-0.1182,0.4725,-0.1086,0.4346,average_predictors,average_rankme
min_rankme,accuracy_majority,0,per_ckpt,step2250000-tokens11852B,72,-0.1208,0.4725,-0.1085,0.4346,average_predictors,average_rankme
min_rankme,accuracy_majority,0,per_ckpt,step2300000-tokens12272B,72,-0.1234,0.4725,-0.1085,0.4346,average_predictors,average_rankme
min_rankme,accuracy_majority,0,per_ckpt,step2350000-tokens12692B,72,-0.1274,0.4725,-0.1084,0.4346,average_predictors,average_rankme
min_rankme,accuracy_majority,0,per_ckpt,step2400000-tokens13112B,72,-0.1234,0.4725,-0.1082,0.4356,average_predictors,average_rankme
min_rankme,accuracy_majority,0,per_ckpt,step2450000-tokens13532B,72,-0.1208,0.4725,-0.1081,0.4376,average_predictors,average_rankme
min_rankme,accuracy_majority,0,per_ckpt,step2500000-tokens13952B,72,-0.1208,0.4725,-0.1079,0.4406,average_predictors,average_rankme
min_rankme,accuracy_majority,0,per_ckpt,step2550000-tokens14372B,72,-0.1208,0.4725,-0.1077,0.4406,average_predictors,average_rankme
min_rankme,accuracy_majority,0,per_ckpt,step2600000-tokens14792B,72,-0.1208,0.4725,-0.1074,0.4416,average_predictors,average_rankme
min_rankme,accuracy_majority,0,per_ckpt,step2627139-tokens15T,72,-0.1208,0.4725,-0.1072,0.4426,average_predictors,average_rankme
min_rankme,accuracy_majority,0,per_ckpt,main,72,-0.1222,0.4725,-0.1071,0.4426,average_predictors,average_rankme
min_rankme,overall_score,0,per_ckpt,step50000-tokens210B,72,0.0224,0.9031,0.0008,0.996,average_predictors,average_rankme
min_rankme,overall_score,0,per_ckpt,step100000-tokens420B,72,0.0225,0.9031,0.0078,0.963,average_predictors,average_rankme
min_rankme,overall_score,0,per_ckpt,step150000-tokens630B,72,0.0322,0.9031,0.0101,0.952,average_predictors,average_rankme
min_rankme,overall_score,0,per_ckpt,step200000-tokens840B,72,0.0209,0.8731,0.0109,0.9461,average_predictors,average_rankme
min_rankme,overall_score,0,per_ckpt,step250000-tokens1050B,72,0.0209,0.9031,0.0131,0.9401,average_predictors,average_rankme
min_rankme,overall_score,0,per_ckpt,step300000-tokens1260B,72,0.0269,0.9031,0.0133,0.9401,average_predictors,average_rankme
min_rankme,overall_score,0,per_ckpt,step350000-tokens1470B,72,0.0195,0.9031,0.012,0.9441,average_predictors,average_rankme
min_rankme,overall_score,0,per_ckpt,step400000-tokens1680B,72,0.042,0.8042,0.0114,0.9451,average_predictors,average_rankme
min_rankme,overall_score,0,per_ckpt,step450000-tokens1890B,72,0.0436,0.8042,0.0105,0.9481,average_predictors,average_rankme
min_rankme,overall_score,0,per_ckpt,step500000-tokens2100B,72,0.0436,0.8042,0.0091,0.958,average_predictors,average_rankme
min_rankme,overall_score,0,per_ckpt,step550000-tokens2310B,72,0.0348,0.8042,0.0081,0.965,average_predictors,average_rankme
min_rankme,overall_score,0,per_ckpt,step600000-tokens2520B,72,0.0347,0.8042,0.0082,0.968,average_predictors,average_rankme
min_rankme,overall_score,0,per_ckpt,step650000-tokens2730B,72,0.0347,0.8042,0.0079,0.97,average_predictors,average_rankme
min_rankme,overall_score,0,per_ckpt,step700000-tokens2940B,72,0.0309,0.8042,0.0077,0.972,average_predictors,average_rankme
min_rankme,overall_score,0,per_ckpt,step750000-tokens3150B,72,0.0309,0.8042,0.0076,0.975,average_predictors,average_rankme
min_rankme,overall_score,0,per_ckpt,step800000-tokens3360B,72,0.0309,0.8042,0.0071,0.979,average_predictors,average_rankme
min_rankme,overall_score,0,per_ckpt,step850000-tokens3570B,72,0.0309,0.8042,0.0073,0.979,average_predictors,average_rankme
min_rankme,overall_score,0,per_ckpt,step900000-tokens3780B,72,0.0311,0.8042,0.0069,0.979,average_predictors,average_rankme
min_rankme,overall_score,0,per_ckpt,step950000-tokens3990B,72,0.031,0.8042,0.0067,0.981,average_predictors,average_rankme
min_rankme,overall_score,0,per_ckpt,step1000000-tokens4200B,72,0.031,0.8042,0.0066,0.983,average_predictors,average_rankme
min_rankme,overall_score,0,per_ckpt,step1194000-tokens5014B,72,0.0266,0.8042,0.0062,0.985,average_predictors,average_rankme
min_rankme,overall_score,0,per_ckpt,step1432000-tokens6014B,72,0.0266,0.8042,0.006,0.985,average_predictors,average_rankme
min_rankme,overall_score,0,per_ckpt,step1670000-tokens7014B,72,0.0282,0.8042,0.0066,0.978,average_predictors,average_rankme
min_rankme,overall_score,0,per_ckpt,step1678000-tokens7047B,72,0.0294,0.8042,0.0063,0.98,average_predictors,average_rankme
min_rankme,overall_score,0,per_ckpt,step1700000-tokens7232B,72,0.0294,0.8042,0.0063,0.981,average_predictors,average_rankme
min_rankme,overall_score,0,per_ckpt,step1750000-tokens7652B,72,0.0317,0.8042,0.0063,0.98,average_predictors,average_rankme
min_rankme,overall_score,0,per_ckpt,step1800000-tokens8072B,72,0.033,0.8042,0.0066,0.979,average_predictors,average_rankme
min_rankme,overall_score,0,per_ckpt,step1850000-tokens8492B,72,0.0296,0.8042,0.0071,0.977,average_predictors,average_rankme
min_rankme,overall_score,0,per_ckpt,step1900000-tokens8912B,72,0.0232,0.8042,0.0073,0.979,average_predictors,average_rankme
min_rankme,overall_score,0,per_ckpt,step1950000-tokens9332B,72,0.0232,0.8042,0.0079,0.98,average_predictors,average_rankme
min_rankme,overall_score,0,per_ckpt,step2000000-tokens9752B,72,0.0275,0.8042,0.0079,0.979,average_predictors,average_rankme
min_rankme,overall_score,0,per_ckpt,step2050000-tokens10172B,72,0.0353,0.8042,0.0078,0.979,average_predictors,average_rankme
min_rankme,overall_score,0,per_ckpt,step2100000-tokens10592B,72,0.0353,0.8042,0.0081,0.979,average_predictors,average_rankme
min_rankme,overall_score,0,per_ckpt,step2150000-tokens11012B,72,0.0353,0.8042,0.0085,0.978,average_predictors,average_rankme
min_rankme,overall_score,0,per_ckpt,step2200000-tokens11432B,72,0.0353,0.8042,0.0085,0.978,average_predictors,average_rankme
min_rankme,overall_score,0,per_ckpt,step2250000-tokens11852B,72,0.0332,0.8042,0.0087,0.978,average_predictors,average_rankme
min_rankme,overall_score,0,per_ckpt,step2300000-tokens12272B,72,0.0311,0.8042,0.0088,0.978,average_predictors,average_rankme
min_rankme,overall_score,0,per_ckpt,step2350000-tokens12692B,72,0.0268,0.8042,0.009,0.975,average_predictors,average_rankme
min_rankme,overall_score,0,per_ckpt,step2400000-tokens13112B,72,0.0311,0.8042,0.0091,0.975,average_predictors,average_rankme
min_rankme,overall_score,0,per_ckpt,step2450000-tokens13532B,72,0.0332,0.8042,0.009,0.976,average_predictors,average_rankme
min_rankme,overall_score,0,per_ckpt,step2500000-tokens13952B,72,0.0332,0.8042,0.0091,0.972,average_predictors,average_rankme
min_rankme,overall_score,0,per_ckpt,step2550000-tokens14372B,72,0.0332,0.8042,0.0091,0.97,average_predictors,average_rankme
min_rankme,overall_score,0,per_ckpt,step2600000-tokens14792B,72,0.0332,0.8042,0.0093,0.97,average_predictors,average_rankme
min_rankme,overall_score,0,per_ckpt,step2627139-tokens15T,72,0.0332,0.8042,0.0095,0.97,average_predictors,average_rankme
min_rankme,overall_score,0,per_ckpt,main,72,0.0311,0.8042,0.0097,0.97,average_predictors,average_rankme
min_rankme,transfer_score,0,per_ckpt,step50000-tokens210B,72,0.0176,0.9061,0.0049,0.987,average_predictors,average_rankme
min_rankme,transfer_score,0,per_ckpt,step100000-tokens420B,72,0.0155,0.9061,0.0124,0.959,average_predictors,average_rankme
min_rankme,transfer_score,0,per_ckpt,step150000-tokens630B,72,0.0259,0.9061,0.0152,0.9481,average_predictors,average_rankme
min_rankme,transfer_score,0,per_ckpt,step200000-tokens840B,72,0.0142,0.8781,0.016,0.9481,average_predictors,average_rankme
min_rankme,transfer_score,0,per_ckpt,step250000-tokens1050B,72,0.0142,0.9061,0.0171,0.9431,average_predictors,average_rankme
min_rankme,transfer_score,0,per_ckpt,step300000-tokens1260B,72,0.0169,0.9061,0.0164,0.9461,average_predictors,average_rankme
min_rankme,transfer_score,0,per_ckpt,step350000-tokens1470B,72,0.0074,0.9061,0.0152,0.9481,average_predictors,average_rankme
min_rankme,transfer_score,0,per_ckpt,step400000-tokens1680B,72,0.0368,0.7972,0.0141,0.951,average_predictors,average_rankme
min_rankme,transfer_score,0,per_ckpt,step450000-tokens1890B,72,0.0395,0.7972,0.013,0.954,average_predictors,average_rankme
min_rankme,transfer_score,0,per_ckpt,step500000-tokens2100B,72,0.0395,0.7972,0.0114,0.964,average_predictors,average_rankme
min_rankme,transfer_score,0,per_ckpt,step550000-tokens2310B,72,0.0291,0.7972,0.0102,0.971,average_predictors,average_rankme
min_rankme,transfer_score,0,per_ckpt,step600000-tokens2520B,72,0.0304,0.7972,0.0097,0.973,average_predictors,average_rankme
min_rankme,transfer_score,0,per_ckpt,step650000-tokens2730B,72,0.0304,0.7972,0.0089,0.976,average_predictors,average_rankme
min_rankme,transfer_score,0,per_ckpt,step700000-tokens2940B,72,0.0305,0.7972,0.0085,0.979,average_predictors,average_rankme
min_rankme,transfer_score,0,per_ckpt,step750000-tokens3150B,72,0.0305,0.7972,0.0086,0.981,average_predictors,average_rankme
min_rankme,transfer_score,0,per_ckpt,step800000-tokens3360B,72,0.0305,0.7972,0.0079,0.982,average_predictors,average_rankme
min_rankme,transfer_score,0,per_ckpt,step850000-tokens3570B,72,0.0305,0.7972,0.0081,0.982,average_predictors,average_rankme
min_rankme,transfer_score,0,per_ckpt,step900000-tokens3780B,72,0.0315,0.7972,0.0079,0.982,average_predictors,average_rankme
min_rankme,transfer_score,0,per_ckpt,step950000-tokens3990B,72,0.0336,0.7972,0.0078,0.983,average_predictors,average_rankme
min_rankme,transfer_score,0,per_ckpt,step1000000-tokens4200B,72,0.0336,0.7972,0.0078,0.984,average_predictors,average_rankme
min_rankme,transfer_score,0,per_ckpt,step1194000-tokens5014B,72,0.0283,0.7972,0.0074,0.984,average_predictors,average_rankme
min_rankme,transfer_score,0,per_ckpt,step1432000-tokens6014B,72,0.0283,0.7972,0.0072,0.987,average_predictors,average_rankme
min_rankme,transfer_score,0,per_ckpt,step1670000-tokens7014B,72,0.03,0.7972,0.0078,0.982,average_predictors,average_rankme
min_rankme,transfer_score,0,per_ckpt,step1678000-tokens7047B,72,0.0328,0.7972,0.0077,0.982,average_predictors,average_rankme
min_rankme,transfer_score,0,per_ckpt,step1700000-tokens7232B,72,0.0328,0.7972,0.0078,0.982,average_predictors,average_rankme
min_rankme,transfer_score,0,per_ckpt,step1750000-tokens7652B,72,0.0398,0.7972,0.008,0.982,average_predictors,average_rankme
min_rankme,transfer_score,0,per_ckpt,step1800000-tokens8072B,72,0.0377,0.7972,0.0083,0.982,average_predictors,average_rankme
min_rankme,transfer_score,0,per_ckpt,step1850000-tokens8492B,72,0.0337,0.7972,0.0089,0.979,average_predictors,average_rankme
min_rankme,transfer_score,0,per_ckpt,step1900000-tokens8912B,72,0.0272,0.7972,0.0091,0.98,average_predictors,average_rankme
min_rankme,transfer_score,0,per_ckpt,step1950000-tokens9332B,72,0.0272,0.7972,0.0095,0.981,average_predictors,average_rankme
min_rankme,transfer_score,0,per_ckpt,step2000000-tokens9752B,72,0.0315,0.7972,0.0094,0.981,average_predictors,average_rankme
min_rankme,transfer_score,0,per_ckpt,step2050000-tokens10172B,72,0.0408,0.7972,0.0093,0.982,average_predictors,average_rankme
min_rankme,transfer_score,0,per_ckpt,step2100000-tokens10592B,72,0.0408,0.7972,0.0096,0.981,average_predictors,average_rankme
min_rankme,transfer_score,0,per_ckpt,step2150000-tokens11012B,72,0.0408,0.7972,0.01,0.982,average_predictors,average_rankme
min_rankme,transfer_score,0,per_ckpt,step2200000-tokens11432B,72,0.0408,0.7972,0.0099,0.984,average_predictors,average_rankme
min_rankme,transfer_score,0,per_ckpt,step2250000-tokens11852B,72,0.0386,0.7972,0.0102,0.984,average_predictors,average_rankme
min_rankme,transfer_score,0,per_ckpt,step2300000-tokens12272B,72,0.0365,0.7972,0.0105,0.98,average_predictors,average_rankme
min_rankme,transfer_score,0,per_ckpt,step2350000-tokens12692B,72,0.0321,0.7972,0.0107,0.98,average_predictors,average_rankme
min_rankme,transfer_score,0,per_ckpt,step2400000-tokens13112B,72,0.0365,0.7972,0.0108,0.978,average_predictors,average_rankme
min_rankme,transfer_score,0,per_ckpt,step2450000-tokens13532B,72,0.0386,0.7972,0.0107,0.979,average_predictors,average_rankme
min_rankme,transfer_score,0,per_ckpt,step2500000-tokens13952B,72,0.0386,0.7972,0.0106,0.979,average_predictors,average_rankme
min_rankme,transfer_score,0,per_ckpt,step2550000-tokens14372B,72,0.0386,0.7972,0.0105,0.981,average_predictors,average_rankme
min_rankme,transfer_score,0,per_ckpt,step2600000-tokens14792B,72,0.0386,0.7972,0.0106,0.983,average_predictors,average_rankme
min_rankme,transfer_score,0,per_ckpt,step2627139-tokens15T,72,0.0386,0.7972,0.0106,0.983,average_predictors,average_rankme
min_rankme,transfer_score,0,per_ckpt,main,72,0.0365,0.7972,0.0107,0.982,average_predictors,average_rankme
min_rankme,transfer_score_str,0,per_ckpt,step50000-tokens210B,72,0.2503,0.2827,0.3015,0.1918,average_predictors,average_rankme
min_rankme,transfer_score_str,0,per_ckpt,step100000-tokens420B,72,0.2495,0.2827,0.314,0.1668,average_predictors,average_rankme
min_rankme,transfer_score_str,0,per_ckpt,step150000-tokens630B,72,0.2594,0.2827,0.3193,0.1648,average_predictors,average_rankme
min_rankme,transfer_score_str,0,per_ckpt,step200000-tokens840B,72,0.249,0.2567,0.3215,0.1638,average_predictors,average_rankme
min_rankme,transfer_score_str,0,per_ckpt,step250000-tokens1050B,72,0.249,0.2827,0.3244,0.1598,average_predictors,average_rankme
min_rankme,transfer_score_str,0,per_ckpt,step300000-tokens1260B,72,0.2602,0.2827,0.3243,0.1608,average_predictors,average_rankme
min_rankme,transfer_score_str,0,per_ckpt,step350000-tokens1470B,72,0.2555,0.2827,0.323,0.1608,average_predictors,average_rankme
min_rankme,transfer_score_str,0,per_ckpt,step400000-tokens1680B,72,0.2939,0.1818,0.322,0.1628,average_predictors,average_rankme
min_rankme,transfer_score_str,0,per_ckpt,step450000-tokens1890B,72,0.2908,0.1818,0.3206,0.1638,average_predictors,average_rankme
min_rankme,transfer_score_str,0,per_ckpt,step500000-tokens2100B,72,0.2908,0.1818,0.3185,0.1688,average_predictors,average_rankme
min_rankme,transfer_score_str,0,per_ckpt,step550000-tokens2310B,72,0.2883,0.1818,0.3174,0.1698,average_predictors,average_rankme
min_rankme,transfer_score_str,0,per_ckpt,step600000-tokens2520B,72,0.2889,0.1818,0.3173,0.1698,average_predictors,average_rankme
min_rankme,transfer_score_str,0,per_ckpt,step650000-tokens2730B,72,0.2889,0.1818,0.3165,0.1698,average_predictors,average_rankme
min_rankme,transfer_score_str,0,per_ckpt,step700000-tokens2940B,72,0.282,0.1818,0.3162,0.1728,average_predictors,average_rankme
min_rankme,transfer_score_str,0,per_ckpt,step750000-tokens3150B,72,0.282,0.1818,0.3164,0.1748,average_predictors,average_rankme
min_rankme,transfer_score_str,0,per_ckpt,step800000-tokens3360B,72,0.282,0.1818,0.3155,0.1758,average_predictors,average_rankme
min_rankme,transfer_score_str,0,per_ckpt,step850000-tokens3570B,72,0.282,0.1818,0.3161,0.1768,average_predictors,average_rankme
min_rankme,transfer_score_str,0,per_ckpt,step900000-tokens3780B,72,0.282,0.1818,0.3162,0.1768,average_predictors,average_rankme
min_rankme,transfer_score_str,0,per_ckpt,step950000-tokens3990B,72,0.2829,0.1818,0.3159,0.1768,average_predictors,average_rankme
min_rankme,transfer_score_str,0,per_ckpt,step1000000-tokens4200B,72,0.2829,0.1818,0.3161,0.1768,average_predictors,average_rankme
min_rankme,transfer_score_str,0,per_ckpt,step1194000-tokens5014B,72,0.2819,0.1818,0.3155,0.1778,average_predictors,average_rankme
min_rankme,transfer_score_str,0,per_ckpt,step1432000-tokens6014B,72,0.2819,0.1818,0.3152,0.1778,average_predictors,average_rankme
min_rankme,transfer_score_str,0,per_ckpt,step1670000-tokens7014B,72,0.2803,0.1818,0.3158,0.1758,average_predictors,average_rankme
min_rankme,transfer_score_str,0,per_ckpt,step1678000-tokens7047B,72,0.2848,0.1818,0.3156,0.1768,average_predictors,average_rankme
min_rankme,transfer_score_str,0,per_ckpt,step1700000-tokens7232B,72,0.2848,0.1818,0.3158,0.1768,average_predictors,average_rankme
min_rankme,transfer_score_str,0,per_ckpt,step1750000-tokens7652B,72,0.2908,0.1818,0.3159,0.1768,average_predictors,average_rankme
min_rankme,transfer_score_str,0,per_ckpt,step1800000-tokens8072B,72,0.2873,0.1818,0.3164,0.1768,average_predictors,average_rankme
min_rankme,transfer_score_str,0,per_ckpt,step1850000-tokens8492B,72,0.2848,0.1818,0.3172,0.1758,average_predictors,average_rankme
min_rankme,transfer_score_str,0,per_ckpt,step1900000-tokens8912B,72,0.2813,0.1818,0.3176,0.1758,average_predictors,average_rankme
min_rankme,transfer_score_str,0,per_ckpt,step1950000-tokens9332B,72,0.2791,0.1818,0.3182,0.1748,average_predictors,average_rankme
min_rankme,transfer_score_str,0,per_ckpt,step2000000-tokens9752B,72,0.28,0.1818,0.3184,0.1748,average_predictors,average_rankme
min_rankme,transfer_score_str,0,per_ckpt,step2050000-tokens10172B,72,0.2856,0.1818,0.3182,0.1748,average_predictors,average_rankme
min_rankme,transfer_score_str,0,per_ckpt,step2100000-tokens10592B,72,0.2856,0.1818,0.3188,0.1728,average_predictors,average_rankme
min_rankme,transfer_score_str,0,per_ckpt,step2150000-tokens11012B,72,0.2856,0.1818,0.3195,0.1728,average_predictors,average_rankme
min_rankme,transfer_score_str,0,per_ckpt,step2200000-tokens11432B,72,0.2856,0.1818,0.3196,0.1728,average_predictors,average_rankme
min_rankme,transfer_score_str,0,per_ckpt,step2250000-tokens11852B,72,0.2841,0.1818,0.3199,0.1718,average_predictors,average_rankme
min_rankme,transfer_score_str,0,per_ckpt,step2300000-tokens12272B,72,0.2826,0.1818,0.3203,0.1718,average_predictors,average_rankme
min_rankme,transfer_score_str,0,per_ckpt,step2350000-tokens12692B,72,0.2816,0.1818,0.3204,0.1718,average_predictors,average_rankme
min_rankme,transfer_score_str,0,per_ckpt,step2400000-tokens13112B,72,0.2826,0.1818,0.3205,0.1708,average_predictors,average_rankme
min_rankme,transfer_score_str,0,per_ckpt,step2450000-tokens13532B,72,0.2841,0.1818,0.3202,0.1718,average_predictors,average_rankme
min_rankme,transfer_score_str,0,per_ckpt,step2500000-tokens13952B,72,0.2841,0.1818,0.3199,0.1738,average_predictors,average_rankme
min_rankme,transfer_score_str,0,per_ckpt,step2550000-tokens14372B,72,0.2841,0.1818,0.3197,0.1738,average_predictors,average_rankme
min_rankme,transfer_score_str,0,per_ckpt,step2600000-tokens14792B,72,0.2841,0.1818,0.3196,0.1728,average_predictors,average_rankme
min_rankme,transfer_score_str,0,per_ckpt,step2627139-tokens15T,72,0.2841,0.1818,0.3196,0.1728,average_predictors,average_rankme
min_rankme,transfer_score_str,0,per_ckpt,main,72,0.2848,0.1818,0.3197,0.1728,average_predictors,average_rankme
min_rankme,overall_score_str,0,per_ckpt,step50000-tokens210B,72,0.2423,0.3317,0.2379,0.3457,average_predictors,average_rankme
min_rankme,overall_score_str,0,per_ckpt,step100000-tokens420B,72,0.2418,0.3317,0.2477,0.3317,average_predictors,average_rankme
min_rankme,overall_score_str,0,per_ckpt,step150000-tokens630B,72,0.2544,0.3317,0.2522,0.3217,average_predictors,average_rankme
min_rankme,overall_score_str,0,per_ckpt,step200000-tokens840B,72,0.2418,0.3097,0.2532,0.3177,average_predictors,average_rankme
min_rankme,overall_score_str,0,per_ckpt,step250000-tokens1050B,72,0.2418,0.3317,0.2577,0.3107,average_predictors,average_rankme
min_rankme,overall_score_str,0,per_ckpt,step300000-tokens1260B,72,0.2587,0.3317,0.2592,0.3057,average_predictors,average_rankme
min_rankme,overall_score_str,0,per_ckpt,step350000-tokens1470B,72,0.2512,0.3317,0.2576,0.3117,average_predictors,average_rankme
min_rankme,overall_score_str,0,per_ckpt,step400000-tokens1680B,72,0.2971,0.2148,0.2572,0.3117,average_predictors,average_rankme
min_rankme,overall_score_str,0,per_ckpt,step450000-tokens1890B,72,0.2936,0.2148,0.2562,0.3147,average_predictors,average_rankme
min_rankme,overall_score_str,0,per_ckpt,step500000-tokens2100B,72,0.2936,0.2148,0.2544,0.3157,average_predictors,average_rankme
min_rankme,overall_score_str,0,per_ckpt,step550000-tokens2310B,72,0.2973,0.2148,0.2538,0.3187,average_predictors,average_rankme
min_rankme,overall_score_str,0,per_ckpt,step600000-tokens2520B,72,0.2939,0.2148,0.2548,0.3177,average_predictors,average_rankme
min_rankme,overall_score_str,0,per_ckpt,step650000-tokens2730B,72,0.2939,0.2148,0.2551,0.3177,average_predictors,average_rankme
min_rankme,overall_score_str,0,per_ckpt,step700000-tokens2940B,72,0.2881,0.2148,0.2552,0.3177,average_predictors,average_rankme
min_rankme,overall_score_str,0,per_ckpt,step750000-tokens3150B,72,0.2881,0.2148,0.2557,0.3177,average_predictors,average_rankme
min_rankme,overall_score_str,0,per_ckpt,step800000-tokens3360B,72,0.2881,0.2148,0.2551,0.3217,average_predictors,average_rankme
min_rankme,overall_score_str,0,per_ckpt,step850000-tokens3570B,72,0.2881,0.2148,0.2561,0.3187,average_predictors,average_rankme
min_rankme,overall_score_str,0,per_ckpt,step900000-tokens3780B,72,0.2851,0.2148,0.2559,0.3187,average_predictors,average_rankme
min_rankme,overall_score_str,0,per_ckpt,step950000-tokens3990B,72,0.2856,0.2148,0.2555,0.3207,average_predictors,average_rankme
min_rankme,overall_score_str,0,per_ckpt,step1000000-tokens4200B,72,0.2856,0.2148,0.2555,0.3217,average_predictors,average_rankme
min_rankme,overall_score_str,0,per_ckpt,step1194000-tokens5014B,72,0.2881,0.2148,0.2549,0.3247,average_predictors,average_rankme
min_rankme,overall_score_str,0,per_ckpt,step1432000-tokens6014B,72,0.2881,0.2148,0.2547,0.3257,average_predictors,average_rankme
min_rankme,overall_score_str,0,per_ckpt,step1670000-tokens7014B,72,0.2883,0.2148,0.2552,0.3207,average_predictors,average_rankme
min_rankme,overall_score_str,0,per_ckpt,step1678000-tokens7047B,72,0.2919,0.2148,0.2547,0.3247,average_predictors,average_rankme
min_rankme,overall_score_str,0,per_ckpt,step1700000-tokens7232B,72,0.2919,0.2148,0.2545,0.3237,average_predictors,average_rankme
min_rankme,overall_score_str,0,per_ckpt,step1750000-tokens7652B,72,0.2899,0.2148,0.2544,0.3237,average_predictors,average_rankme
min_rankme,overall_score_str,0,per_ckpt,step1800000-tokens8072B,72,0.2931,0.2148,0.255,0.3217,average_predictors,average_rankme
min_rankme,overall_score_str,0,per_ckpt,step1850000-tokens8492B,72,0.2889,0.2148,0.2556,0.3217,average_predictors,average_rankme
min_rankme,overall_score_str,0,per_ckpt,step1900000-tokens8912B,72,0.2879,0.2148,0.2559,0.3217,average_predictors,average_rankme
min_rankme,overall_score_str,0,per_ckpt,step1950000-tokens9332B,72,0.2876,0.2148,0.2568,0.3207,average_predictors,average_rankme
min_rankme,overall_score_str,0,per_ckpt,step2000000-tokens9752B,72,0.2881,0.2148,0.2571,0.3207,average_predictors,average_rankme
min_rankme,overall_score_str,0,per_ckpt,step2050000-tokens10172B,72,0.2901,0.2148,0.257,0.3207,average_predictors,average_rankme
min_rankme,overall_score_str,0,per_ckpt,step2100000-tokens10592B,72,0.2901,0.2148,0.2576,0.3197,average_predictors,average_rankme
min_rankme,overall_score_str,0,per_ckpt,step2150000-tokens11012B,72,0.2901,0.2148,0.2584,0.3197,average_predictors,average_rankme
min_rankme,overall_score_str,0,per_ckpt,step2200000-tokens11432B,72,0.2901,0.2148,0.2584,0.3197,average_predictors,average_rankme
min_rankme,overall_score_str,0,per_ckpt,step2250000-tokens11852B,72,0.2897,0.2148,0.2587,0.3197,average_predictors,average_rankme
min_rankme,overall_score_str,0,per_ckpt,step2300000-tokens12272B,72,0.2893,0.2148,0.2591,0.3197,average_predictors,average_rankme
min_rankme,overall_score_str,0,per_ckpt,step2350000-tokens12692B,72,0.2888,0.2148,0.2594,0.3187,average_predictors,average_rankme
min_rankme,overall_score_str,0,per_ckpt,step2400000-tokens13112B,72,0.2893,0.2148,0.2596,0.3187,average_predictors,average_rankme
min_rankme,overall_score_str,0,per_ckpt,step2450000-tokens13532B,72,0.2897,0.2148,0.2595,0.3187,average_predictors,average_rankme
min_rankme,overall_score_str,0,per_ckpt,step2500000-tokens13952B,72,0.2897,0.2148,0.2597,0.3187,average_predictors,average_rankme
min_rankme,overall_score_str,0,per_ckpt,step2550000-tokens14372B,72,0.2897,0.2148,0.2599,0.3187,average_predictors,average_rankme
min_rankme,overall_score_str,0,per_ckpt,step2600000-tokens14792B,72,0.2897,0.2148,0.2602,0.3187,average_predictors,average_rankme
min_rankme,overall_score_str,0,per_ckpt,step2627139-tokens15T,72,0.2897,0.2148,0.2605,0.3177,average_predictors,average_rankme
min_rankme,overall_score_str,0,per_ckpt,main,72,0.2896,0.2148,0.2611,0.3177,average_predictors,average_rankme
min_rankme,transfer_margin_str,0,per_ckpt,step50000-tokens210B,72,0.3272,0.0879,0.294,0.1868,average_predictors,average_rankme
min_rankme,transfer_margin_str,0,per_ckpt,step100000-tokens420B,72,0.3259,0.0879,0.3026,0.1788,average_predictors,average_rankme
min_rankme,transfer_margin_str,0,per_ckpt,step150000-tokens630B,72,0.3192,0.0879,0.3078,0.1738,average_predictors,average_rankme
min_rankme,transfer_margin_str,0,per_ckpt,step200000-tokens840B,72,0.3265,0.0859,0.3117,0.1708,average_predictors,average_rankme
min_rankme,transfer_margin_str,0,per_ckpt,step250000-tokens1050B,72,0.3265,0.0879,0.3126,0.1708,average_predictors,average_rankme
min_rankme,transfer_margin_str,0,per_ckpt,step300000-tokens1260B,72,0.3167,0.0879,0.3115,0.1728,average_predictors,average_rankme
min_rankme,transfer_margin_str,0,per_ckpt,step350000-tokens1470B,72,0.3209,0.0879,0.3108,0.1728,average_predictors,average_rankme
min_rankme,transfer_margin_str,0,per_ckpt,step400000-tokens1680B,72,0.2994,0.1359,0.31,0.1748,average_predictors,average_rankme
min_rankme,transfer_margin_str,0,per_ckpt,step450000-tokens1890B,72,0.3029,0.1359,0.3091,0.1748,average_predictors,average_rankme
min_rankme,transfer_margin_str,0,per_ckpt,step500000-tokens2100B,72,0.3029,0.1359,0.3076,0.1748,average_predictors,average_rankme
min_rankme,transfer_margin_str,0,per_ckpt,step550000-tokens2310B,72,0.2952,0.1359,0.3062,0.1748,average_predictors,average_rankme
min_rankme,transfer_margin_str,0,per_ckpt,step600000-tokens2520B,72,0.2994,0.1359,0.305,0.1758,average_predictors,average_rankme
min_rankme,transfer_margin_str,0,per_ckpt,step650000-tokens2730B,72,0.2994,0.1359,0.3043,0.1768,average_predictors,average_rankme
min_rankme,transfer_margin_str,0,per_ckpt,step700000-tokens2940B,72,0.3038,0.1359,0.3042,0.1768,average_predictors,average_rankme
min_rankme,transfer_margin_str,0,per_ckpt,step750000-tokens3150B,72,0.3038,0.1359,0.3043,0.1768,average_predictors,average_rankme
min_rankme,transfer_margin_str,0,per_ckpt,step800000-tokens3360B,72,0.3038,0.1359,0.3038,0.1758,average_predictors,average_rankme
min_rankme,transfer_margin_str,0,per_ckpt,step850000-tokens3570B,72,0.3038,0.1359,0.304,0.1748,average_predictors,average_rankme
min_rankme,transfer_margin_str,0,per_ckpt,step900000-tokens3780B,72,0.3072,0.1359,0.3039,0.1748,average_predictors,average_rankme
min_rankme,transfer_margin_str,0,per_ckpt,step950000-tokens3990B,72,0.3085,0.1359,0.3043,0.1748,average_predictors,average_rankme
min_rankme,transfer_margin_str,0,per_ckpt,step1000000-tokens4200B,72,0.3085,0.1359,0.3045,0.1748,average_predictors,average_rankme
min_rankme,transfer_margin_str,0,per_ckpt,step1194000-tokens5014B,72,0.3045,0.1359,0.3048,0.1748,average_predictors,average_rankme
min_rankme,transfer_margin_str,0,per_ckpt,step1432000-tokens6014B,72,0.3045,0.1359,0.305,0.1748,average_predictors,average_rankme
min_rankme,transfer_margin_str,0,per_ckpt,step1670000-tokens7014B,72,0.3026,0.1359,0.3054,0.1748,average_predictors,average_rankme
min_rankme,transfer_margin_str,0,per_ckpt,step1678000-tokens7047B,72,0.3021,0.1359,0.3057,0.1748,average_predictors,average_rankme
min_rankme,transfer_margin_str,0,per_ckpt,step1700000-tokens7232B,72,0.3021,0.1359,0.3059,0.1748,average_predictors,average_rankme
min_rankme,transfer_margin_str,0,per_ckpt,step1750000-tokens7652B,72,0.3117,0.1359,0.3061,0.1748,average_predictors,average_rankme
min_rankme,transfer_margin_str,0,per_ckpt,step1800000-tokens8072B,72,0.3051,0.1359,0.3063,0.1748,average_predictors,average_rankme
min_rankme,transfer_margin_str,0,per_ckpt,step1850000-tokens8492B,72,0.3055,0.1359,0.3066,0.1748,average_predictors,average_rankme
min_rankme,transfer_margin_str,0,per_ckpt,step1900000-tokens8912B,72,0.3035,0.1359,0.3066,0.1748,average_predictors,average_rankme
min_rankme,transfer_margin_str,0,per_ckpt,step1950000-tokens9332B,72,0.3024,0.1359,0.3064,0.1748,average_predictors,average_rankme
min_rankme,transfer_margin_str,0,per_ckpt,step2000000-tokens9752B,72,0.303,0.1359,0.3063,0.1748,average_predictors,average_rankme
min_rankme,transfer_margin_str,0,per_ckpt,step2050000-tokens10172B,72,0.3076,0.1359,0.3065,0.1738,average_predictors,average_rankme
min_rankme,transfer_margin_str,0,per_ckpt,step2100000-tokens10592B,72,0.3076,0.1359,0.3066,0.1738,average_predictors,average_rankme
min_rankme,transfer_margin_str,0,per_ckpt,step2150000-tokens11012B,72,0.3076,0.1359,0.3068,0.1728,average_predictors,average_rankme
min_rankme,transfer_margin_str,0,per_ckpt,step2200000-tokens11432B,72,0.3076,0.1359,0.3069,0.1728,average_predictors,average_rankme
min_rankme,transfer_margin_str,0,per_ckpt,step2250000-tokens11852B,72,0.3068,0.1359,0.3071,0.1728,average_predictors,average_rankme
min_rankme,transfer_margin_str,0,per_ckpt,step2300000-tokens12272B,72,0.3059,0.1359,0.3072,0.1718,average_predictors,average_rankme
min_rankme,transfer_margin_str,0,per_ckpt,step2350000-tokens12692B,72,0.3054,0.1359,0.3073,0.1728,average_predictors,average_rankme
min_rankme,transfer_margin_str,0,per_ckpt,step2400000-tokens13112B,72,0.3059,0.1359,0.3075,0.1728,average_predictors,average_rankme
min_rankme,transfer_margin_str,0,per_ckpt,step2450000-tokens13532B,72,0.3068,0.1359,0.3071,0.1748,average_predictors,average_rankme
min_rankme,transfer_margin_str,0,per_ckpt,step2500000-tokens13952B,72,0.3068,0.1359,0.3066,0.1748,average_predictors,average_rankme
min_rankme,transfer_margin_str,0,per_ckpt,step2550000-tokens14372B,72,0.3068,0.1359,0.3064,0.1748,average_predictors,average_rankme
min_rankme,transfer_margin_str,0,per_ckpt,step2600000-tokens14792B,72,0.3068,0.1359,0.3062,0.1738,average_predictors,average_rankme
min_rankme,transfer_margin_str,0,per_ckpt,step2627139-tokens15T,72,0.3068,0.1359,0.3059,0.1738,average_predictors,average_rankme
min_rankme,transfer_margin_str,0,per_ckpt,main,72,0.3071,0.1359,0.3056,0.1758,average_predictors,average_rankme
min_rankme,overall_margin_str,0,per_ckpt,step50000-tokens210B,72,0.4235,0.0639,0.4629,0.035,average_predictors,average_rankme
min_rankme,overall_margin_str,0,per_ckpt,step100000-tokens420B,72,0.4212,0.0639,0.4753,0.029,average_predictors,average_rankme
min_rankme,overall_margin_str,0,per_ckpt,step150000-tokens630B,72,0.4371,0.0639,0.4818,0.029,average_predictors,average_rankme
min_rankme,overall_margin_str,0,per_ckpt,step200000-tokens840B,72,0.4217,0.0589,0.4844,0.029,average_predictors,average_rankme
min_rankme,overall_margin_str,0,per_ckpt,step250000-tokens1050B,72,0.4217,0.0639,0.4888,0.028,average_predictors,average_rankme
min_rankme,overall_margin_str,0,per_ckpt,step300000-tokens1260B,72,0.448,0.0639,0.4901,0.028,average_predictors,average_rankme
min_rankme,overall_margin_str,0,per_ckpt,step350000-tokens1470B,72,0.4338,0.0639,0.4882,0.028,average_predictors,average_rankme
min_rankme,overall_margin_str,0,per_ckpt,step400000-tokens1680B,72,0.4798,0.022,0.4881,0.028,average_predictors,average_rankme
min_rankme,overall_margin_str,0,per_ckpt,step450000-tokens1890B,72,0.4811,0.022,0.4871,0.028,average_predictors,average_rankme
min_rankme,overall_margin_str,0,per_ckpt,step500000-tokens2100B,72,0.4811,0.022,0.485,0.028,average_predictors,average_rankme
min_rankme,overall_margin_str,0,per_ckpt,step550000-tokens2310B,72,0.4857,0.022,0.4843,0.027,average_predictors,average_rankme
min_rankme,overall_margin_str,0,per_ckpt,step600000-tokens2520B,72,0.4846,0.022,0.4847,0.027,average_predictors,average_rankme
min_rankme,overall_margin_str,0,per_ckpt,step650000-tokens2730B,72,0.4846,0.022,0.4846,0.027,average_predictors,average_rankme
min_rankme,overall_margin_str,0,per_ckpt,step700000-tokens2940B,72,0.4846,0.022,0.4849,0.027,average_predictors,average_rankme
min_rankme,overall_margin_str,0,per_ckpt,step750000-tokens3150B,72,0.4846,0.022,0.4854,0.028,average_predictors,average_rankme
min_rankme,overall_margin_str,0,per_ckpt,step800000-tokens3360B,72,0.4846,0.022,0.4848,0.028,average_predictors,average_rankme
min_rankme,overall_margin_str,0,per_ckpt,step850000-tokens3570B,72,0.4846,0.022,0.4857,0.028,average_predictors,average_rankme
min_rankme,overall_margin_str,0,per_ckpt,step900000-tokens3780B,72,0.4823,0.022,0.4856,0.028,average_predictors,average_rankme
min_rankme,overall_margin_str,0,per_ckpt,step950000-tokens3990B,72,0.4847,0.022,0.4854,0.028,average_predictors,average_rankme
min_rankme,overall_margin_str,0,per_ckpt,step1000000-tokens4200B,72,0.4847,0.022,0.4855,0.028,average_predictors,average_rankme
min_rankme,overall_margin_str,0,per_ckpt,step1194000-tokens5014B,72,0.4858,0.022,0.485,0.029,average_predictors,average_rankme
min_rankme,overall_margin_str,0,per_ckpt,step1432000-tokens6014B,72,0.4858,0.022,0.4848,0.029,average_predictors,average_rankme
min_rankme,overall_margin_str,0,per_ckpt,step1670000-tokens7014B,72,0.4856,0.022,0.4854,0.029,average_predictors,average_rankme
min_rankme,overall_margin_str,0,per_ckpt,step1678000-tokens7047B,72,0.4878,0.022,0.4851,0.029,average_predictors,average_rankme
min_rankme,overall_margin_str,0,per_ckpt,step1700000-tokens7232B,72,0.4878,0.022,0.485,0.029,average_predictors,average_rankme
min_rankme,overall_margin_str,0,per_ckpt,step1750000-tokens7652B,72,0.4852,0.022,0.485,0.029,average_predictors,average_rankme
min_rankme,overall_margin_str,0,per_ckpt,step1800000-tokens8072B,72,0.49,0.022,0.4854,0.029,average_predictors,average_rankme
min_rankme,overall_margin_str,0,per_ckpt,step1850000-tokens8492B,72,0.4856,0.022,0.4859,0.029,average_predictors,average_rankme
min_rankme,overall_margin_str,0,per_ckpt,step1900000-tokens8912B,72,0.4831,0.022,0.4861,0.029,average_predictors,average_rankme
min_rankme,overall_margin_str,0,per_ckpt,step1950000-tokens9332B,72,0.4823,0.022,0.4866,0.029,average_predictors,average_rankme
min_rankme,overall_margin_str,0,per_ckpt,step2000000-tokens9752B,72,0.4834,0.022,0.4868,0.029,average_predictors,average_rankme
min_rankme,overall_margin_str,0,per_ckpt,step2050000-tokens10172B,72,0.4875,0.022,0.4867,0.029,average_predictors,average_rankme
min_rankme,overall_margin_str,0,per_ckpt,step2100000-tokens10592B,72,0.4875,0.022,0.4873,0.029,average_predictors,average_rankme
min_rankme,overall_margin_str,0,per_ckpt,step2150000-tokens11012B,72,0.4875,0.022,0.4879,0.029,average_predictors,average_rankme
min_rankme,overall_margin_str,0,per_ckpt,step2200000-tokens11432B,72,0.4875,0.022,0.488,0.029,average_predictors,average_rankme
min_rankme,overall_margin_str,0,per_ckpt,step2250000-tokens11852B,72,0.4865,0.022,0.4882,0.029,average_predictors,average_rankme
min_rankme,overall_margin_str,0,per_ckpt,step2300000-tokens12272B,72,0.4856,0.022,0.4886,0.029,average_predictors,average_rankme
min_rankme,overall_margin_str,0,per_ckpt,step2350000-tokens12692B,72,0.4845,0.022,0.4888,0.029,average_predictors,average_rankme
min_rankme,overall_margin_str,0,per_ckpt,step2400000-tokens13112B,72,0.4856,0.022,0.489,0.029,average_predictors,average_rankme
min_rankme,overall_margin_str,0,per_ckpt,step2450000-tokens13532B,72,0.4865,0.022,0.4888,0.029,average_predictors,average_rankme
min_rankme,overall_margin_str,0,per_ckpt,step2500000-tokens13952B,72,0.4865,0.022,0.4889,0.029,average_predictors,average_rankme
min_rankme,overall_margin_str,0,per_ckpt,step2550000-tokens14372B,72,0.4865,0.022,0.4889,0.029,average_predictors,average_rankme
min_rankme,overall_margin_str,0,per_ckpt,step2600000-tokens14792B,72,0.4865,0.022,0.4891,0.029,average_predictors,average_rankme
min_rankme,overall_margin_str,0,per_ckpt,step2627139-tokens15T,72,0.4865,0.022,0.4893,0.029,average_predictors,average_rankme
min_rankme,overall_margin_str,0,per_ckpt,main,72,0.4865,0.022,0.4897,0.029,average_predictors,average_rankme
norm_asym,accuracy_majority,0,per_ckpt,step50000-tokens210B,72,-0.1957,0.4316,-0.1912,0.4665,average_predictors,average_rankme
norm_asym,accuracy_majority,0,per_ckpt,step100000-tokens420B,72,-0.1999,0.4216,-0.1996,0.4326,average_predictors,average_rankme
norm_asym,accuracy_majority,0,per_ckpt,step150000-tokens630B,72,-0.2008,0.3956,-0.2049,0.4136,average_predictors,average_rankme
norm_asym,accuracy_majority,0,per_ckpt,step200000-tokens840B,72,-0.2001,0.3976,-0.2088,0.4056,average_predictors,average_rankme
norm_asym,accuracy_majority,0,per_ckpt,step250000-tokens1050B,72,-0.2008,0.3856,-0.2111,0.4036,average_predictors,average_rankme
norm_asym,accuracy_majority,0,per_ckpt,step300000-tokens1260B,72,-0.2108,0.3856,-0.2141,0.4036,average_predictors,average_rankme
norm_asym,accuracy_majority,0,per_ckpt,step350000-tokens1470B,72,-0.2186,0.3736,-0.2157,0.4066,average_predictors,average_rankme
norm_asym,accuracy_majority,0,per_ckpt,step400000-tokens1680B,72,-0.2182,0.3716,-0.2194,0.4036,average_predictors,average_rankme
norm_asym,accuracy_majority,0,per_ckpt,step450000-tokens1890B,72,-0.2164,0.3716,-0.2224,0.4046,average_predictors,average_rankme
norm_asym,accuracy_majority,0,per_ckpt,step500000-tokens2100B,72,-0.2211,0.3756,-0.2231,0.4086,average_predictors,average_rankme
norm_asym,accuracy_majority,0,per_ckpt,step550000-tokens2310B,72,-0.2192,0.3716,-0.2235,0.4106,average_predictors,average_rankme
norm_asym,accuracy_majority,0,per_ckpt,step600000-tokens2520B,72,-0.2212,0.3706,-0.2237,0.4146,average_predictors,average_rankme
norm_asym,accuracy_majority,0,per_ckpt,step650000-tokens2730B,72,-0.2212,0.3686,-0.2232,0.4156,average_predictors,average_rankme
norm_asym,accuracy_majority,0,per_ckpt,step700000-tokens2940B,72,-0.2234,0.3696,-0.2236,0.4136,average_predictors,average_rankme
norm_asym,accuracy_majority,0,per_ckpt,step750000-tokens3150B,72,-0.2252,0.3696,-0.2244,0.4116,average_predictors,average_rankme
norm_asym,accuracy_majority,0,per_ckpt,step800000-tokens3360B,72,-0.2252,0.3696,-0.2243,0.4126,average_predictors,average_rankme
norm_asym,accuracy_majority,0,per_ckpt,step850000-tokens3570B,72,-0.2256,0.3666,-0.2249,0.4096,average_predictors,average_rankme
norm_asym,accuracy_majority,0,per_ckpt,step900000-tokens3780B,72,-0.2256,0.3666,-0.2256,0.4096,average_predictors,average_rankme
norm_asym,accuracy_majority,0,per_ckpt,step950000-tokens3990B,72,-0.2256,0.3666,-0.2266,0.4066,average_predictors,average_rankme
norm_asym,accuracy_majority,0,per_ckpt,step1000000-tokens4200B,72,-0.2268,0.3666,-0.2267,0.4056,average_predictors,average_rankme
norm_asym,accuracy_majority,0,per_ckpt,step1194000-tokens5014B,72,-0.228,0.3566,-0.2272,0.4056,average_predictors,average_rankme
norm_asym,accuracy_majority,0,per_ckpt,step1432000-tokens6014B,72,-0.228,0.3566,-0.2272,0.4056,average_predictors,average_rankme
norm_asym,accuracy_majority,0,per_ckpt,step1670000-tokens7014B,72,-0.2228,0.3666,-0.2269,0.4036,average_predictors,average_rankme
norm_asym,accuracy_majority,0,per_ckpt,step1678000-tokens7047B,72,-0.224,0.3666,-0.2278,0.4026,average_predictors,average_rankme
norm_asym,accuracy_majority,0,per_ckpt,step1700000-tokens7232B,72,-0.224,0.3666,-0.2286,0.4006,average_predictors,average_rankme
norm_asym,accuracy_majority,0,per_ckpt,step1750000-tokens7652B,72,-0.2248,0.3666,-0.2288,0.3996,average_predictors,average_rankme
norm_asym,accuracy_majority,0,per_ckpt,step1800000-tokens8072B,72,-0.2248,0.3666,-0.229,0.3996,average_predictors,average_rankme
norm_asym,accuracy_majority,0,per_ckpt,step1850000-tokens8492B,72,-0.2238,0.3626,-0.2298,0.3976,average_predictors,average_rankme
norm_asym,accuracy_majority,0,per_ckpt,step1900000-tokens8912B,72,-0.2228,0.3566,-0.2301,0.3976,average_predictors,average_rankme
norm_asym,accuracy_majority,0,per_ckpt,step1950000-tokens9332B,72,-0.2226,0.3566,-0.2288,0.3996,average_predictors,average_rankme
norm_asym,accuracy_majority,0,per_ckpt,step2000000-tokens9752B,72,-0.2221,0.3497,-0.2291,0.4006,average_predictors,average_rankme
norm_asym,accuracy_majority,0,per_ckpt,step2050000-tokens10172B,72,-0.2244,0.3497,-0.2293,0.4016,average_predictors,average_rankme
norm_asym,accuracy_majority,0,per_ckpt,step2100000-tokens10592B,72,-0.2234,0.3497,-0.2296,0.4016,average_predictors,average_rankme
norm_asym,accuracy_majority,0,per_ckpt,step2150000-tokens11012B,72,-0.2234,0.3497,-0.2299,0.3996,average_predictors,average_rankme
norm_asym,accuracy_majority,0,per_ckpt,step2200000-tokens11432B,72,-0.2234,0.3497,-0.2301,0.3996,average_predictors,average_rankme
norm_asym,accuracy_majority,0,per_ckpt,step2250000-tokens11852B,72,-0.2241,0.3497,-0.2305,0.3976,average_predictors,average_rankme
norm_asym,accuracy_majority,0,per_ckpt,step2300000-tokens12272B,72,-0.2239,0.3497,-0.231,0.3976,average_predictors,average_rankme
norm_asym,accuracy_majority,0,per_ckpt,step2350000-tokens12692B,72,-0.2246,0.3497,-0.2312,0.3976,average_predictors,average_rankme
norm_asym,accuracy_majority,0,per_ckpt,step2400000-tokens13112B,72,-0.2241,0.3566,-0.2312,0.3986,average_predictors,average_rankme
norm_asym,accuracy_majority,0,per_ckpt,step2450000-tokens13532B,72,-0.2233,0.3566,-0.2307,0.3986,average_predictors,average_rankme
norm_asym,accuracy_majority,0,per_ckpt,step2500000-tokens13952B,72,-0.2247,0.3566,-0.2302,0.4006,average_predictors,average_rankme
norm_asym,accuracy_majority,0,per_ckpt,step2550000-tokens14372B,72,-0.2265,0.3566,-0.2299,0.4026,average_predictors,average_rankme
norm_asym,accuracy_majority,0,per_ckpt,step2600000-tokens14792B,72,-0.2289,0.3626,-0.2295,0.4056,average_predictors,average_rankme
norm_asym,accuracy_majority,0,per_ckpt,step2627139-tokens15T,72,-0.2279,0.3626,-0.229,0.4096,average_predictors,average_rankme
norm_asym,accuracy_majority,0,per_ckpt,main,72,-0.2279,0.3626,-0.2287,0.4116,average_predictors,average_rankme
norm_asym,overall_score,0,per_ckpt,step50000-tokens210B,72,0.0087,0.9161,0.0404,0.8232,average_predictors,average_rankme
norm_asym,overall_score,0,per_ckpt,step100000-tokens420B,72,0.021,0.8991,0.0393,0.8102,average_predictors,average_rankme
norm_asym,overall_score,0,per_ckpt,step150000-tokens630B,72,0.0227,0.9201,0.0374,0.8102,average_predictors,average_rankme
norm_asym,overall_score,0,per_ckpt,step200000-tokens840B,72,0.0223,0.8731,0.0364,0.8112,average_predictors,average_rankme
norm_asym,overall_score,0,per_ckpt,step250000-tokens1050B,72,0.0227,0.9341,0.0365,0.8122,average_predictors,average_rankme
norm_asym,overall_score,0,per_ckpt,step300000-tokens1260B,72,0.0082,0.9401,0.0355,0.8102,average_predictors,average_rankme
norm_asym,overall_score,0,per_ckpt,step350000-tokens1470B,72,-0.0002,0.957,0.0344,0.8102,average_predictors,average_rankme
norm_asym,overall_score,0,per_ckpt,step400000-tokens1680B,72,0.001,0.9421,0.0314,0.8112,average_predictors,average_rankme
norm_asym,overall_score,0,per_ckpt,step450000-tokens1890B,72,-0.0057,0.9421,0.0282,0.8122,average_predictors,average_rankme
norm_asym,overall_score,0,per_ckpt,step500000-tokens2100B,72,-0.0153,0.9431,0.0271,0.8092,average_predictors,average_rankme
norm_asym,overall_score,0,per_ckpt,step550000-tokens2310B,72,-0.0116,0.9471,0.0274,0.8092,average_predictors,average_rankme
norm_asym,overall_score,0,per_ckpt,step600000-tokens2520B,72,-0.0126,0.964,0.028,0.8062,average_predictors,average_rankme
norm_asym,overall_score,0,per_ckpt,step650000-tokens2730B,72,-0.0126,0.969,0.0286,0.8052,average_predictors,average_rankme
norm_asym,overall_score,0,per_ckpt,step700000-tokens2940B,72,-0.015,0.971,0.029,0.8092,average_predictors,average_rankme
norm_asym,overall_score,0,per_ckpt,step750000-tokens3150B,72,-0.0152,0.971,0.0285,0.8122,average_predictors,average_rankme
norm_asym,overall_score,0,per_ckpt,step800000-tokens3360B,72,-0.0152,0.971,0.0285,0.8142,average_predictors,average_rankme
norm_asym,overall_score,0,per_ckpt,step850000-tokens3570B,72,-0.0169,0.986,0.0283,0.8172,average_predictors,average_rankme
norm_asym,overall_score,0,per_ckpt,step900000-tokens3780B,72,-0.0169,0.986,0.0278,0.8182,average_predictors,average_rankme
norm_asym,overall_score,0,per_ckpt,step950000-tokens3990B,72,-0.0169,0.986,0.0269,0.8212,average_predictors,average_rankme
norm_asym,overall_score,0,per_ckpt,step1000000-tokens4200B,72,-0.0205,0.986,0.0268,0.8212,average_predictors,average_rankme
norm_asym,overall_score,0,per_ckpt,step1194000-tokens5014B,72,-0.0202,0.99,0.0263,0.8232,average_predictors,average_rankme
norm_asym,overall_score,0,per_ckpt,step1432000-tokens6014B,72,-0.0202,0.99,0.026,0.8262,average_predictors,average_rankme
norm_asym,overall_score,0,per_ckpt,step1670000-tokens7014B,72,-0.0096,0.986,0.0266,0.8232,average_predictors,average_rankme
norm_asym,overall_score,0,per_ckpt,step1678000-tokens7047B,72,-0.0104,0.986,0.0258,0.8242,average_predictors,average_rankme
norm_asym,overall_score,0,per_ckpt,step1700000-tokens7232B,72,-0.0104,0.986,0.0249,0.8242,average_predictors,average_rankme
norm_asym,overall_score,0,per_ckpt,step1750000-tokens7652B,72,-0.0129,0.986,0.0247,0.8242,average_predictors,average_rankme
norm_asym,overall_score,0,per_ckpt,step1800000-tokens8072B,72,-0.0129,0.986,0.0244,0.8242,average_predictors,average_rankme
norm_asym,overall_score,0,per_ckpt,step1850000-tokens8492B,72,-0.0092,0.986,0.0236,0.8252,average_predictors,average_rankme
norm_asym,overall_score,0,per_ckpt,step1900000-tokens8912B,72,-0.0096,0.983,0.023,0.8252,average_predictors,average_rankme
norm_asym,overall_score,0,per_ckpt,step1950000-tokens9332B,72,-0.0119,0.979,0.0238,0.8242,average_predictors,average_rankme
norm_asym,overall_score,0,per_ckpt,step2000000-tokens9752B,72,-0.0101,0.988,0.0236,0.8242,average_predictors,average_rankme
norm_asym,overall_score,0,per_ckpt,step2050000-tokens10172B,72,-0.0103,0.988,0.0233,0.8242,average_predictors,average_rankme
norm_asym,overall_score,0,per_ckpt,step2100000-tokens10592B,72,-0.0105,0.988,0.0232,0.8242,average_predictors,average_rankme
norm_asym,overall_score,0,per_ckpt,step2150000-tokens11012B,72,-0.0105,0.988,0.023,0.8222,average_predictors,average_rankme
norm_asym,overall_score,0,per_ckpt,step2200000-tokens11432B,72,-0.0105,0.988,0.0228,0.8222,average_predictors,average_rankme
norm_asym,overall_score,0,per_ckpt,step2250000-tokens11852B,72,-0.0143,0.988,0.0222,0.8242,average_predictors,average_rankme
norm_asym,overall_score,0,per_ckpt,step2300000-tokens12272B,72,-0.0129,0.988,0.0217,0.8262,average_predictors,average_rankme
norm_asym,overall_score,0,per_ckpt,step2350000-tokens12692B,72,-0.0148,0.988,0.0214,0.8262,average_predictors,average_rankme
norm_asym,overall_score,0,per_ckpt,step2400000-tokens13112B,72,-0.0143,0.979,0.0212,0.8282,average_predictors,average_rankme
norm_asym,overall_score,0,per_ckpt,step2450000-tokens13532B,72,-0.0124,0.979,0.0213,0.8252,average_predictors,average_rankme
norm_asym,overall_score,0,per_ckpt,step2500000-tokens13952B,72,-0.0163,0.979,0.0216,0.8242,average_predictors,average_rankme
norm_asym,overall_score,0,per_ckpt,step2550000-tokens14372B,72,-0.0213,0.983,0.0218,0.8232,average_predictors,average_rankme
norm_asym,overall_score,0,per_ckpt,step2600000-tokens14792B,72,-0.0212,0.986,0.022,0.8222,average_predictors,average_rankme
norm_asym,overall_score,0,per_ckpt,step2627139-tokens15T,72,-0.0213,0.986,0.0224,0.8202,average_predictors,average_rankme
norm_asym,overall_score,0,per_ckpt,main,72,-0.0213,0.986,0.0225,0.8212,average_predictors,average_rankme
norm_asym,transfer_score,0,per_ckpt,step50000-tokens210B,72,-0.0059,0.9471,0.0232,0.8022,average_predictors,average_rankme
norm_asym,transfer_score,0,per_ckpt,step100000-tokens420B,72,0.0023,0.9341,0.0214,0.8172,average_predictors,average_rankme
norm_asym,transfer_score,0,per_ckpt,step150000-tokens630B,72,0.005,0.958,0.02,0.8252,average_predictors,average_rankme
norm_asym,transfer_score,0,per_ckpt,step200000-tokens840B,72,0.0045,0.9271,0.0188,0.8352,average_predictors,average_rankme
norm_asym,transfer_score,0,per_ckpt,step250000-tokens1050B,72,0.005,0.971,0.0184,0.8292,average_predictors,average_rankme
norm_asym,transfer_score,0,per_ckpt,step300000-tokens1260B,72,-0.0039,0.974,0.0173,0.8252,average_predictors,average_rankme
norm_asym,transfer_score,0,per_ckpt,step350000-tokens1470B,72,-0.0117,0.989,0.0162,0.8242,average_predictors,average_rankme
norm_asym,transfer_score,0,per_ckpt,step400000-tokens1680B,72,-0.0103,0.964,0.0144,0.8252,average_predictors,average_rankme
norm_asym,transfer_score,0,per_ckpt,step450000-tokens1890B,72,-0.0131,0.964,0.0126,0.8222,average_predictors,average_rankme
norm_asym,transfer_score,0,per_ckpt,step500000-tokens2100B,72,-0.0202,0.962,0.0122,0.8172,average_predictors,average_rankme
norm_asym,transfer_score,0,per_ckpt,step550000-tokens2310B,72,-0.0156,0.962,0.0127,0.8182,average_predictors,average_rankme
norm_asym,transfer_score,0,per_ckpt,step600000-tokens2520B,72,-0.0164,0.985,0.0131,0.8172,average_predictors,average_rankme
norm_asym,transfer_score,0,per_ckpt,step650000-tokens2730B,72,-0.0164,0.993,0.0137,0.8162,average_predictors,average_rankme
norm_asym,transfer_score,0,per_ckpt,step700000-tokens2940B,72,-0.0163,0.985,0.014,0.8192,average_predictors,average_rankme
norm_asym,transfer_score,0,per_ckpt,step750000-tokens3150B,72,-0.0162,0.985,0.0138,0.8242,average_predictors,average_rankme
norm_asym,transfer_score,0,per_ckpt,step800000-tokens3360B,72,-0.0162,0.985,0.0139,0.8262,average_predictors,average_rankme
norm_asym,transfer_score,0,per_ckpt,step850000-tokens3570B,72,-0.0168,0.997,0.0139,0.8272,average_predictors,average_rankme
norm_asym,transfer_score,0,per_ckpt,step900000-tokens3780B,72,-0.0168,0.997,0.0137,0.8272,average_predictors,average_rankme
norm_asym,transfer_score,0,per_ckpt,step950000-tokens3990B,72,-0.0168,0.997,0.0131,0.8292,average_predictors,average_rankme
norm_asym,transfer_score,0,per_ckpt,step1000000-tokens4200B,72,-0.0188,0.997,0.013,0.8302,average_predictors,average_rankme
norm_asym,transfer_score,0,per_ckpt,step1194000-tokens5014B,72,-0.018,1.0,0.0129,0.8312,average_predictors,average_rankme
norm_asym,transfer_score,0,per_ckpt,step1432000-tokens6014B,72,-0.018,1.0,0.0129,0.8332,average_predictors,average_rankme
norm_asym,transfer_score,0,per_ckpt,step1670000-tokens7014B,72,-0.009,0.997,0.0137,0.8282,average_predictors,average_rankme
norm_asym,transfer_score,0,per_ckpt,step1678000-tokens7047B,72,-0.0083,0.997,0.0132,0.8292,average_predictors,average_rankme
norm_asym,transfer_score,0,per_ckpt,step1700000-tokens7232B,72,-0.0083,0.997,0.0127,0.8322,average_predictors,average_rankme
norm_asym,transfer_score,0,per_ckpt,step1750000-tokens7652B,72,-0.0096,0.997,0.0127,0.8332,average_predictors,average_rankme
norm_asym,transfer_score,0,per_ckpt,step1800000-tokens8072B,72,-0.0096,0.997,0.0125,0.8342,average_predictors,average_rankme
norm_asym,transfer_score,0,per_ckpt,step1850000-tokens8492B,72,-0.0085,1.0,0.0116,0.8352,average_predictors,average_rankme
norm_asym,transfer_score,0,per_ckpt,step1900000-tokens8912B,72,-0.009,0.999,0.0109,0.8392,average_predictors,average_rankme
norm_asym,transfer_score,0,per_ckpt,step1950000-tokens9332B,72,-0.0142,1.0,0.0114,0.8372,average_predictors,average_rankme
norm_asym,transfer_score,0,per_ckpt,step2000000-tokens9752B,72,-0.0121,0.994,0.0113,0.8382,average_predictors,average_rankme
norm_asym,transfer_score,0,per_ckpt,step2050000-tokens10172B,72,-0.0129,0.994,0.0113,0.8382,average_predictors,average_rankme
norm_asym,transfer_score,0,per_ckpt,step2100000-tokens10592B,72,-0.0132,0.994,0.0112,0.8372,average_predictors,average_rankme
norm_asym,transfer_score,0,per_ckpt,step2150000-tokens11012B,72,-0.0132,0.994,0.011,0.8342,average_predictors,average_rankme
norm_asym,transfer_score,0,per_ckpt,step2200000-tokens11432B,72,-0.0132,0.994,0.011,0.8342,average_predictors,average_rankme
norm_asym,transfer_score,0,per_ckpt,step2250000-tokens11852B,72,-0.0174,0.994,0.0103,0.8362,average_predictors,average_rankme
norm_asym,transfer_score,0,per_ckpt,step2300000-tokens12272B,72,-0.016,0.994,0.0099,0.8362,average_predictors,average_rankme
norm_asym,transfer_score,0,per_ckpt,step2350000-tokens12692B,72,-0.018,0.994,0.0097,0.8372,average_predictors,average_rankme
norm_asym,transfer_score,0,per_ckpt,step2400000-tokens13112B,72,-0.0174,1.0,0.0098,0.8372,average_predictors,average_rankme
norm_asym,transfer_score,0,per_ckpt,step2450000-tokens13532B,72,-0.0153,1.0,0.0101,0.8352,average_predictors,average_rankme
norm_asym,transfer_score,0,per_ckpt,step2500000-tokens13952B,72,-0.0179,1.0,0.0104,0.8342,average_predictors,average_rankme
norm_asym,transfer_score,0,per_ckpt,step2550000-tokens14372B,72,-0.0179,0.999,0.0107,0.8292,average_predictors,average_rankme
norm_asym,transfer_score,0,per_ckpt,step2600000-tokens14792B,72,-0.0163,1.0,0.0111,0.8262,average_predictors,average_rankme
norm_asym,transfer_score,0,per_ckpt,step2627139-tokens15T,72,-0.0166,1.0,0.0114,0.8252,average_predictors,average_rankme
norm_asym,transfer_score,0,per_ckpt,main,72,-0.0166,1.0,0.0117,0.8242,average_predictors,average_rankme
norm_asym,transfer_score_str,0,per_ckpt,step50000-tokens210B,72,-0.0132,0.978,-0.0139,0.993,average_predictors,average_rankme
norm_asym,transfer_score_str,0,per_ckpt,step100000-tokens420B,72,0.0143,0.95,-0.0085,0.989,average_predictors,average_rankme
norm_asym,transfer_score_str,0,per_ckpt,step150000-tokens630B,72,0.0182,0.96,-0.0081,0.995,average_predictors,average_rankme
norm_asym,transfer_score_str,0,per_ckpt,step200000-tokens840B,72,0.015,0.9171,-0.0089,0.998,average_predictors,average_rankme
norm_asym,transfer_score_str,0,per_ckpt,step250000-tokens1050B,72,0.0182,0.966,-0.0107,0.999,average_predictors,average_rankme
norm_asym,transfer_score_str,0,per_ckpt,step300000-tokens1260B,72,0.005,0.972,-0.0139,0.997,average_predictors,average_rankme
norm_asym,transfer_score_str,0,per_ckpt,step350000-tokens1470B,72,-0.0019,0.974,-0.018,0.998,average_predictors,average_rankme
norm_asym,transfer_score_str,0,per_ckpt,step400000-tokens1680B,72,-0.001,0.9371,-0.0216,0.998,average_predictors,average_rankme
norm_asym,transfer_score_str,0,per_ckpt,step450000-tokens1890B,72,-0.0045,0.9371,-0.0243,0.997,average_predictors,average_rankme
norm_asym,transfer_score_str,0,per_ckpt,step500000-tokens2100B,72,-0.0219,0.9391,-0.0254,0.994,average_predictors,average_rankme
norm_asym,transfer_score_str,0,per_ckpt,step550000-tokens2310B,72,-0.0167,0.9281,-0.0263,0.992,average_predictors,average_rankme
norm_asym,transfer_score_str,0,per_ckpt,step600000-tokens2520B,72,-0.0171,0.97,-0.0276,0.991,average_predictors,average_rankme
norm_asym,transfer_score_str,0,per_ckpt,step650000-tokens2730B,72,-0.0171,0.972,-0.0289,0.986,average_predictors,average_rankme
norm_asym,transfer_score_str,0,per_ckpt,step700000-tokens2940B,72,-0.0219,0.97,-0.0301,0.978,average_predictors,average_rankme
norm_asym,transfer_score_str,0,per_ckpt,step750000-tokens3150B,72,-0.0219,0.97,-0.0306,0.975,average_predictors,average_rankme
norm_asym,transfer_score_str,0,per_ckpt,step800000-tokens3360B,72,-0.0219,0.97,-0.0312,0.97,average_predictors,average_rankme
norm_asym,transfer_score_str,0,per_ckpt,step850000-tokens3570B,72,-0.0227,0.981,-0.0316,0.967,average_predictors,average_rankme
norm_asym,transfer_score_str,0,per_ckpt,step900000-tokens3780B,72,-0.0227,0.981,-0.0314,0.968,average_predictors,average_rankme
norm_asym,transfer_score_str,0,per_ckpt,step950000-tokens3990B,72,-0.0227,0.981,-0.0314,0.966,average_predictors,average_rankme
norm_asym,transfer_score_str,0,per_ckpt,step1000000-tokens4200B,72,-0.0234,0.981,-0.0314,0.965,average_predictors,average_rankme
norm_asym,transfer_score_str,0,per_ckpt,step1194000-tokens5014B,72,-0.023,0.979,-0.0315,0.965,average_predictors,average_rankme
norm_asym,transfer_score_str,0,per_ckpt,step1432000-tokens6014B,72,-0.023,0.979,-0.0315,0.964,average_predictors,average_rankme
norm_asym,transfer_score_str,0,per_ckpt,step1670000-tokens7014B,72,-0.0062,0.981,-0.0284,0.966,average_predictors,average_rankme
norm_asym,transfer_score_str,0,per_ckpt,step1678000-tokens7047B,72,-0.0061,0.981,-0.028,0.966,average_predictors,average_rankme
norm_asym,transfer_score_str,0,per_ckpt,step1700000-tokens7232B,72,-0.0061,0.981,-0.0276,0.967,average_predictors,average_rankme
norm_asym,transfer_score_str,0,per_ckpt,step1750000-tokens7652B,72,-0.0063,0.981,-0.0267,0.967,average_predictors,average_rankme
norm_asym,transfer_score_str,0,per_ckpt,step1800000-tokens8072B,72,-0.0063,0.981,-0.0268,0.966,average_predictors,average_rankme
norm_asym,transfer_score_str,0,per_ckpt,step1850000-tokens8492B,72,-0.0069,0.983,-0.0273,0.964,average_predictors,average_rankme
norm_asym,transfer_score_str,0,per_ckpt,step1900000-tokens8912B,72,-0.0062,0.982,-0.0279,0.963,average_predictors,average_rankme
norm_asym,transfer_score_str,0,per_ckpt,step1950000-tokens9332B,72,-0.0138,0.975,-0.0277,0.961,average_predictors,average_rankme
norm_asym,transfer_score_str,0,per_ckpt,step2000000-tokens9752B,72,-0.0112,0.974,-0.0274,0.961,average_predictors,average_rankme
norm_asym,transfer_score_str,0,per_ckpt,step2050000-tokens10172B,72,-0.0083,0.974,-0.0273,0.961,average_predictors,average_rankme
norm_asym,transfer_score_str,0,per_ckpt,step2100000-tokens10592B,72,-0.0074,0.974,-0.027,0.961,average_predictors,average_rankme
norm_asym,transfer_score_str,0,per_ckpt,step2150000-tokens11012B,72,-0.0074,0.974,-0.0272,0.961,average_predictors,average_rankme
norm_asym,transfer_score_str,0,per_ckpt,step2200000-tokens11432B,72,-0.0074,0.974,-0.0271,0.961,average_predictors,average_rankme
norm_asym,transfer_score_str,0,per_ckpt,step2250000-tokens11852B,72,-0.018,0.974,-0.0278,0.961,average_predictors,average_rankme
norm_asym,transfer_score_str,0,per_ckpt,step2300000-tokens12272B,72,-0.0172,0.974,-0.0282,0.962,average_predictors,average_rankme
norm_asym,transfer_score_str,0,per_ckpt,step2350000-tokens12692B,72,-0.0185,0.974,-0.0284,0.962,average_predictors,average_rankme
norm_asym,transfer_score_str,0,per_ckpt,step2400000-tokens13112B,72,-0.018,0.975,-0.0283,0.962,average_predictors,average_rankme
norm_asym,transfer_score_str,0,per_ckpt,step2450000-tokens13532B,72,-0.0168,0.975,-0.0282,0.961,average_predictors,average_rankme
norm_asym,transfer_score_str,0,per_ckpt,step2500000-tokens13952B,72,-0.0166,0.975,-0.0282,0.961,average_predictors,average_rankme
norm_asym,transfer_score_str,0,per_ckpt,step2550000-tokens14372B,72,-0.0187,0.982,-0.0284,0.96,average_predictors,average_rankme
norm_asym,transfer_score_str,0,per_ckpt,step2600000-tokens14792B,72,-0.0152,0.983,-0.0286,0.96,average_predictors,average_rankme
norm_asym,transfer_score_str,0,per_ckpt,step2627139-tokens15T,72,-0.0142,0.983,-0.0286,0.959,average_predictors,average_rankme
norm_asym,transfer_score_str,0,per_ckpt,main,72,-0.0142,0.983,-0.0287,0.959,average_predictors,average_rankme
norm_asym,overall_score_str,0,per_ckpt,step50000-tokens210B,72,0.0989,0.5754,0.0209,0.9311,average_predictors,average_rankme
norm_asym,overall_score_str,0,per_ckpt,step100000-tokens420B,72,0.1101,0.5824,0.0212,0.9141,average_predictors,average_rankme
norm_asym,overall_score_str,0,per_ckpt,step150000-tokens630B,72,0.1144,0.5954,0.0205,0.9141,average_predictors,average_rankme
norm_asym,overall_score_str,0,per_ckpt,step200000-tokens840B,72,0.1108,0.5864,0.0196,0.9201,average_predictors,average_rankme
norm_asym,overall_score_str,0,per_ckpt,step250000-tokens1050B,72,0.1144,0.6034,0.0207,0.9211,average_predictors,average_rankme
norm_asym,overall_score_str,0,per_ckpt,step300000-tokens1260B,72,0.1084,0.5954,0.0203,0.9211,average_predictors,average_rankme
norm_asym,overall_score_str,0,per_ckpt,step350000-tokens1470B,72,0.1016,0.6024,0.019,0.9221,average_predictors,average_rankme
norm_asym,overall_score_str,0,per_ckpt,step400000-tokens1680B,72,0.1031,0.5704,0.0168,0.9201,average_predictors,average_rankme
norm_asym,overall_score_str,0,per_ckpt,step450000-tokens1890B,72,0.0967,0.5704,0.0135,0.9221,average_predictors,average_rankme
norm_asym,overall_score_str,0,per_ckpt,step500000-tokens2100B,72,0.0897,0.5674,0.0123,0.9231,average_predictors,average_rankme
norm_asym,overall_score_str,0,per_ckpt,step550000-tokens2310B,72,0.0969,0.5624,0.013,0.9211,average_predictors,average_rankme
norm_asym,overall_score_str,0,per_ckpt,step600000-tokens2520B,72,0.0959,0.5684,0.0135,0.9211,average_predictors,average_rankme
norm_asym,overall_score_str,0,per_ckpt,step650000-tokens2730B,72,0.0959,0.5694,0.0135,0.9221,average_predictors,average_rankme
norm_asym,overall_score_str,0,per_ckpt,step700000-tokens2940B,72,0.0917,0.5714,0.0138,0.9221,average_predictors,average_rankme
norm_asym,overall_score_str,0,per_ckpt,step750000-tokens3150B,72,0.0911,0.5714,0.0137,0.9231,average_predictors,average_rankme
norm_asym,overall_score_str,0,per_ckpt,step800000-tokens3360B,72,0.0911,0.5714,0.0135,0.9251,average_predictors,average_rankme
norm_asym,overall_score_str,0,per_ckpt,step850000-tokens3570B,72,0.0909,0.5804,0.0135,0.9251,average_predictors,average_rankme
norm_asym,overall_score_str,0,per_ckpt,step900000-tokens3780B,72,0.0909,0.5804,0.0132,0.9291,average_predictors,average_rankme
norm_asym,overall_score_str,0,per_ckpt,step950000-tokens3990B,72,0.0909,0.5804,0.0124,0.9321,average_predictors,average_rankme
norm_asym,overall_score_str,0,per_ckpt,step1000000-tokens4200B,72,0.0889,0.5804,0.0121,0.9361,average_predictors,average_rankme
norm_asym,overall_score_str,0,per_ckpt,step1194000-tokens5014B,72,0.0879,0.5854,0.0116,0.9391,average_predictors,average_rankme
norm_asym,overall_score_str,0,per_ckpt,step1432000-tokens6014B,72,0.0879,0.5854,0.0112,0.9401,average_predictors,average_rankme
norm_asym,overall_score_str,0,per_ckpt,step1670000-tokens7014B,72,0.096,0.5804,0.012,0.9331,average_predictors,average_rankme
norm_asym,overall_score_str,0,per_ckpt,step1678000-tokens7047B,72,0.0933,0.5804,0.0112,0.9371,average_predictors,average_rankme
norm_asym,overall_score_str,0,per_ckpt,step1700000-tokens7232B,72,0.0933,0.5804,0.0105,0.9381,average_predictors,average_rankme
norm_asym,overall_score_str,0,per_ckpt,step1750000-tokens7652B,72,0.0922,0.5804,0.0101,0.9371,average_predictors,average_rankme
norm_asym,overall_score_str,0,per_ckpt,step1800000-tokens8072B,72,0.0922,0.5804,0.0099,0.9351,average_predictors,average_rankme
norm_asym,overall_score_str,0,per_ckpt,step1850000-tokens8492B,72,0.093,0.5794,0.0098,0.9381,average_predictors,average_rankme
norm_asym,overall_score_str,0,per_ckpt,step1900000-tokens8912B,72,0.096,0.5794,0.0095,0.9371,average_predictors,average_rankme
norm_asym,overall_score_str,0,per_ckpt,step1950000-tokens9332B,72,0.0934,0.5734,0.0103,0.9371,average_predictors,average_rankme
norm_asym,overall_score_str,0,per_ckpt,step2000000-tokens9752B,72,0.0953,0.5784,0.01,0.9371,average_predictors,average_rankme
norm_asym,overall_score_str,0,per_ckpt,step2050000-tokens10172B,72,0.0888,0.5784,0.0096,0.9371,average_predictors,average_rankme
norm_asym,overall_score_str,0,per_ckpt,step2100000-tokens10592B,72,0.09,0.5784,0.0094,0.9361,average_predictors,average_rankme
norm_asym,overall_score_str,0,per_ckpt,step2150000-tokens11012B,72,0.09,0.5784,0.0093,0.9351,average_predictors,average_rankme
norm_asym,overall_score_str,0,per_ckpt,step2200000-tokens11432B,72,0.09,0.5784,0.009,0.9341,average_predictors,average_rankme
norm_asym,overall_score_str,0,per_ckpt,step2250000-tokens11852B,72,0.0876,0.5784,0.0088,0.9351,average_predictors,average_rankme
norm_asym,overall_score_str,0,per_ckpt,step2300000-tokens12272B,72,0.0896,0.5784,0.0087,0.9361,average_predictors,average_rankme
norm_asym,overall_score_str,0,per_ckpt,step2350000-tokens12692B,72,0.088,0.5784,0.0086,0.9351,average_predictors,average_rankme
norm_asym,overall_score_str,0,per_ckpt,step2400000-tokens13112B,72,0.0876,0.5734,0.0085,0.9351,average_predictors,average_rankme
norm_asym,overall_score_str,0,per_ckpt,step2450000-tokens13532B,72,0.0892,0.5734,0.0085,0.9351,average_predictors,average_rankme
norm_asym,overall_score_str,0,per_ckpt,step2500000-tokens13952B,72,0.087,0.5734,0.0086,0.9351,average_predictors,average_rankme
norm_asym,overall_score_str,0,per_ckpt,step2550000-tokens14372B,72,0.0809,0.5794,0.0086,0.9341,average_predictors,average_rankme
norm_asym,overall_score_str,0,per_ckpt,step2600000-tokens14792B,72,0.082,0.5794,0.0087,0.9331,average_predictors,average_rankme
norm_asym,overall_score_str,0,per_ckpt,step2627139-tokens15T,72,0.0831,0.5794,0.0089,0.9311,average_predictors,average_rankme
norm_asym,overall_score_str,0,per_ckpt,main,72,0.0831,0.5794,0.0091,0.9301,average_predictors,average_rankme
norm_asym,transfer_margin_str,0,per_ckpt,step50000-tokens210B,72,0.3401,0.1748,0.2869,0.2677,average_predictors,average_rankme
norm_asym,transfer_margin_str,0,per_ckpt,step100000-tokens420B,72,0.3514,0.1638,0.2966,0.2557,average_predictors,average_rankme
norm_asym,transfer_margin_str,0,per_ckpt,step150000-tokens630B,72,0.3495,0.1459,0.3009,0.2488,average_predictors,average_rankme
norm_asym,transfer_margin_str,0,per_ckpt,step200000-tokens840B,72,0.3511,0.1479,0.3034,0.2438,average_predictors,average_rankme
norm_asym,transfer_margin_str,0,per_ckpt,step250000-tokens1050B,72,0.3495,0.1459,0.3025,0.2418,average_predictors,average_rankme
norm_asym,transfer_margin_str,0,per_ckpt,step300000-tokens1260B,72,0.352,0.1479,0.3008,0.2418,average_predictors,average_rankme
norm_asym,transfer_margin_str,0,per_ckpt,step350000-tokens1470B,72,0.355,0.1409,0.2985,0.2448,average_predictors,average_rankme
norm_asym,transfer_margin_str,0,per_ckpt,step400000-tokens1680B,72,0.3541,0.1499,0.2985,0.2438,average_predictors,average_rankme
norm_asym,transfer_margin_str,0,per_ckpt,step450000-tokens1890B,72,0.3624,0.1499,0.3005,0.2468,average_predictors,average_rankme
norm_asym,transfer_margin_str,0,per_ckpt,step500000-tokens2100B,72,0.3496,0.1518,0.3007,0.2488,average_predictors,average_rankme
norm_asym,transfer_margin_str,0,per_ckpt,step550000-tokens2310B,72,0.3439,0.1608,0.3002,0.2488,average_predictors,average_rankme
norm_asym,transfer_margin_str,0,per_ckpt,step600000-tokens2520B,72,0.3442,0.1628,0.2991,0.2517,average_predictors,average_rankme
norm_asym,transfer_margin_str,0,per_ckpt,step650000-tokens2730B,72,0.3442,0.1658,0.2989,0.2547,average_predictors,average_rankme
norm_asym,transfer_margin_str,0,per_ckpt,step700000-tokens2940B,72,0.3464,0.1688,0.2984,0.2527,average_predictors,average_rankme
norm_asym,transfer_margin_str,0,per_ckpt,step750000-tokens3150B,72,0.3473,0.1688,0.2985,0.2547,average_predictors,average_rankme
norm_asym,transfer_margin_str,0,per_ckpt,step800000-tokens3360B,72,0.3473,0.1688,0.2981,0.2557,average_predictors,average_rankme
norm_asym,transfer_margin_str,0,per_ckpt,step850000-tokens3570B,72,0.3477,0.1648,0.2984,0.2577,average_predictors,average_rankme
norm_asym,transfer_margin_str,0,per_ckpt,step900000-tokens3780B,72,0.3477,0.1648,0.2991,0.2577,average_predictors,average_rankme
norm_asym,transfer_margin_str,0,per_ckpt,step950000-tokens3990B,72,0.3477,0.1648,0.3,0.2577,average_predictors,average_rankme
norm_asym,transfer_margin_str,0,per_ckpt,step1000000-tokens4200B,72,0.351,0.1648,0.3003,0.2577,average_predictors,average_rankme
norm_asym,transfer_margin_str,0,per_ckpt,step1194000-tokens5014B,72,0.3529,0.1608,0.301,0.2557,average_predictors,average_rankme
norm_asym,transfer_margin_str,0,per_ckpt,step1432000-tokens6014B,72,0.3529,0.1608,0.3019,0.2537,average_predictors,average_rankme
norm_asym,transfer_margin_str,0,per_ckpt,step1670000-tokens7014B,72,0.3611,0.1648,0.306,0.2517,average_predictors,average_rankme
norm_asym,transfer_margin_str,0,per_ckpt,step1678000-tokens7047B,72,0.3677,0.1648,0.3075,0.2517,average_predictors,average_rankme
norm_asym,transfer_margin_str,0,per_ckpt,step1700000-tokens7232B,72,0.3677,0.1648,0.3087,0.2517,average_predictors,average_rankme
norm_asym,transfer_margin_str,0,per_ckpt,step1750000-tokens7652B,72,0.3697,0.1648,0.3102,0.2517,average_predictors,average_rankme
norm_asym,transfer_margin_str,0,per_ckpt,step1800000-tokens8072B,72,0.3697,0.1648,0.3103,0.2517,average_predictors,average_rankme
norm_asym,transfer_margin_str,0,per_ckpt,step1850000-tokens8492B,72,0.3666,0.1598,0.3088,0.2527,average_predictors,average_rankme
norm_asym,transfer_margin_str,0,per_ckpt,step1900000-tokens8912B,72,0.3611,0.1578,0.3075,0.2547,average_predictors,average_rankme
norm_asym,transfer_margin_str,0,per_ckpt,step1950000-tokens9332B,72,0.3525,0.1588,0.3062,0.2567,average_predictors,average_rankme
norm_asym,transfer_margin_str,0,per_ckpt,step2000000-tokens9752B,72,0.3522,0.1588,0.3068,0.2567,average_predictors,average_rankme
norm_asym,transfer_margin_str,0,per_ckpt,step2050000-tokens10172B,72,0.3701,0.1588,0.3075,0.2577,average_predictors,average_rankme
norm_asym,transfer_margin_str,0,per_ckpt,step2100000-tokens10592B,72,0.3701,0.1588,0.3082,0.2567,average_predictors,average_rankme
norm_asym,transfer_margin_str,0,per_ckpt,step2150000-tokens11012B,72,0.3701,0.1588,0.3081,0.2587,average_predictors,average_rankme
norm_asym,transfer_margin_str,0,per_ckpt,step2200000-tokens11432B,72,0.3701,0.1588,0.3085,0.2587,average_predictors,average_rankme
norm_asym,transfer_margin_str,0,per_ckpt,step2250000-tokens11852B,72,0.3572,0.1588,0.3074,0.2587,average_predictors,average_rankme
norm_asym,transfer_margin_str,0,per_ckpt,step2300000-tokens12272B,72,0.3548,0.1588,0.3069,0.2587,average_predictors,average_rankme
norm_asym,transfer_margin_str,0,per_ckpt,step2350000-tokens12692B,72,0.3562,0.1588,0.307,0.2577,average_predictors,average_rankme
norm_asym,transfer_margin_str,0,per_ckpt,step2400000-tokens13112B,72,0.3572,0.1588,0.3075,0.2577,average_predictors,average_rankme
norm_asym,transfer_margin_str,0,per_ckpt,step2450000-tokens13532B,72,0.3558,0.1588,0.3079,0.2577,average_predictors,average_rankme
norm_asym,transfer_margin_str,0,per_ckpt,step2500000-tokens13952B,72,0.3599,0.1588,0.3081,0.2577,average_predictors,average_rankme
norm_asym,transfer_margin_str,0,per_ckpt,step2550000-tokens14372B,72,0.3727,0.1578,0.3083,0.2567,average_predictors,average_rankme
norm_asym,transfer_margin_str,0,per_ckpt,step2600000-tokens14792B,72,0.3771,0.1598,0.3085,0.2567,average_predictors,average_rankme
norm_asym,transfer_margin_str,0,per_ckpt,step2627139-tokens15T,72,0.3771,0.1598,0.3085,0.2567,average_predictors,average_rankme
norm_asym,transfer_margin_str,0,per_ckpt,main,72,0.3771,0.1598,0.3087,0.2577,average_predictors,average_rankme
norm_asym,overall_margin_str,0,per_ckpt,step50000-tokens210B,72,0.3164,0.1279,0.3387,0.1149,average_predictors,average_rankme
norm_asym,overall_margin_str,0,per_ckpt,step100000-tokens420B,72,0.3254,0.1259,0.3417,0.1069,average_predictors,average_rankme
norm_asym,overall_margin_str,0,per_ckpt,step150000-tokens630B,72,0.3308,0.1239,0.3433,0.1039,average_predictors,average_rankme
norm_asym,overall_margin_str,0,per_ckpt,step200000-tokens840B,72,0.3275,0.1259,0.3434,0.1029,average_predictors,average_rankme
norm_asym,overall_margin_str,0,per_ckpt,step250000-tokens1050B,72,0.3308,0.1269,0.3443,0.0999,average_predictors,average_rankme
norm_asym,overall_margin_str,0,per_ckpt,step300000-tokens1260B,72,0.3313,0.1209,0.3446,0.0959,average_predictors,average_rankme
norm_asym,overall_margin_str,0,per_ckpt,step350000-tokens1470B,72,0.3263,0.1269,0.3437,0.0979,average_predictors,average_rankme
norm_asym,overall_margin_str,0,per_ckpt,step400000-tokens1680B,72,0.3276,0.1119,0.3443,0.0969,average_predictors,average_rankme
norm_asym,overall_margin_str,0,per_ckpt,step450000-tokens1890B,72,0.3256,0.1119,0.3442,0.0969,average_predictors,average_rankme
norm_asym,overall_margin_str,0,per_ckpt,step500000-tokens2100B,72,0.3147,0.1129,0.3446,0.0969,average_predictors,average_rankme
norm_asym,overall_margin_str,0,per_ckpt,step550000-tokens2310B,72,0.3214,0.1159,0.3466,0.0969,average_predictors,average_rankme
norm_asym,overall_margin_str,0,per_ckpt,step600000-tokens2520B,72,0.3199,0.1169,0.3477,0.0969,average_predictors,average_rankme
norm_asym,overall_margin_str,0,per_ckpt,step650000-tokens2730B,72,0.3199,0.1179,0.3486,0.0969,average_predictors,average_rankme
norm_asym,overall_margin_str,0,per_ckpt,step700000-tokens2940B,72,0.3188,0.1189,0.3499,0.0969,average_predictors,average_rankme
norm_asym,overall_margin_str,0,per_ckpt,step750000-tokens3150B,72,0.318,0.1189,0.3504,0.0969,average_predictors,average_rankme
norm_asym,overall_margin_str,0,per_ckpt,step800000-tokens3360B,72,0.318,0.1189,0.3507,0.0969,average_predictors,average_rankme
norm_asym,overall_margin_str,0,per_ckpt,step850000-tokens3570B,72,0.319,0.1179,0.3513,0.0959,average_predictors,average_rankme
norm_asym,overall_margin_str,0,per_ckpt,step900000-tokens3780B,72,0.319,0.1179,0.3516,0.0959,average_predictors,average_rankme
norm_asym,overall_margin_str,0,per_ckpt,step950000-tokens3990B,72,0.319,0.1179,0.3511,0.0969,average_predictors,average_rankme
norm_asym,overall_margin_str,0,per_ckpt,step1000000-tokens4200B,72,0.3187,0.1179,0.3512,0.0969,average_predictors,average_rankme
norm_asym,overall_margin_str,0,per_ckpt,step1194000-tokens5014B,72,0.3183,0.1189,0.3513,0.0959,average_predictors,average_rankme
norm_asym,overall_margin_str,0,per_ckpt,step1432000-tokens6014B,72,0.3183,0.1189,0.3515,0.0959,average_predictors,average_rankme
norm_asym,overall_margin_str,0,per_ckpt,step1670000-tokens7014B,72,0.33,0.1179,0.3527,0.0959,average_predictors,average_rankme
norm_asym,overall_margin_str,0,per_ckpt,step1678000-tokens7047B,72,0.3307,0.1179,0.3527,0.0959,average_predictors,average_rankme
norm_asym,overall_margin_str,0,per_ckpt,step1700000-tokens7232B,72,0.3307,0.1179,0.3525,0.0959,average_predictors,average_rankme
norm_asym,overall_margin_str,0,per_ckpt,step1750000-tokens7652B,72,0.3313,0.1179,0.3526,0.0959,average_predictors,average_rankme
norm_asym,overall_margin_str,0,per_ckpt,step1800000-tokens8072B,72,0.3313,0.1179,0.3523,0.0959,average_predictors,average_rankme
norm_asym,overall_margin_str,0,per_ckpt,step1850000-tokens8492B,72,0.3287,0.1169,0.3509,0.0979,average_predictors,average_rankme
norm_asym,overall_margin_str,0,per_ckpt,step1900000-tokens8912B,72,0.33,0.1179,0.3496,0.0979,average_predictors,average_rankme
norm_asym,overall_margin_str,0,per_ckpt,step1950000-tokens9332B,72,0.3196,0.1199,0.3491,0.0979,average_predictors,average_rankme
norm_asym,overall_margin_str,0,per_ckpt,step2000000-tokens9752B,72,0.3219,0.1199,0.3494,0.0979,average_predictors,average_rankme
norm_asym,overall_margin_str,0,per_ckpt,step2050000-tokens10172B,72,0.3211,0.1199,0.3493,0.0979,average_predictors,average_rankme
norm_asym,overall_margin_str,0,per_ckpt,step2100000-tokens10592B,72,0.3232,0.1199,0.3496,0.0979,average_predictors,average_rankme
norm_asym,overall_margin_str,0,per_ckpt,step2150000-tokens11012B,72,0.3232,0.1199,0.3493,0.0979,average_predictors,average_rankme
norm_asym,overall_margin_str,0,per_ckpt,step2200000-tokens11432B,72,0.3232,0.1199,0.3494,0.0979,average_predictors,average_rankme
norm_asym,overall_margin_str,0,per_ckpt,step2250000-tokens11852B,72,0.3143,0.1199,0.3484,0.0979,average_predictors,average_rankme
norm_asym,overall_margin_str,0,per_ckpt,step2300000-tokens12272B,72,0.3151,0.1199,0.348,0.0979,average_predictors,average_rankme
norm_asym,overall_margin_str,0,per_ckpt,step2350000-tokens12692B,72,0.3139,0.1199,0.348,0.0979,average_predictors,average_rankme
norm_asym,overall_margin_str,0,per_ckpt,step2400000-tokens13112B,72,0.3143,0.1199,0.3482,0.0969,average_predictors,average_rankme
norm_asym,overall_margin_str,0,per_ckpt,step2450000-tokens13532B,72,0.3155,0.1199,0.3487,0.0979,average_predictors,average_rankme
norm_asym,overall_margin_str,0,per_ckpt,step2500000-tokens13952B,72,0.3159,0.1199,0.3491,0.0979,average_predictors,average_rankme
norm_asym,overall_margin_str,0,per_ckpt,step2550000-tokens14372B,72,0.3186,0.1179,0.3495,0.0979,average_predictors,average_rankme
norm_asym,overall_margin_str,0,per_ckpt,step2600000-tokens14792B,72,0.3232,0.1169,0.35,0.0959,average_predictors,average_rankme
norm_asym,overall_margin_str,0,per_ckpt,step2627139-tokens15T,72,0.3253,0.1169,0.3504,0.0959,average_predictors,average_rankme
norm_asym,overall_margin_str,0,per_ckpt,main,72,0.3253,0.1169,0.351,0.0959,average_predictors,average_rankme
abs_diff,accuracy_majority,0,pooled,,3240,0.084,0.0,0.0684,0.0001,average_predictors,average_predictors
abs_diff,overall_score,0,pooled,,3240,0.0309,0.0782,0.0398,0.0235,average_predictors,average_predictors
abs_diff,transfer_score,0,pooled,,3240,-0.0152,0.3869,0.0097,0.5808,average_predictors,average_predictors
abs_diff,transfer_score_str,0,pooled,,3240,-0.2619,0.0,-0.2936,0.0,average_predictors,average_predictors
abs_diff,overall_score_str,0,pooled,,3240,-0.2012,0.0,-0.2388,0.0,average_predictors,average_predictors
abs_diff,transfer_margin_str,0,pooled,,3240,-0.196,0.0,-0.1631,0.0,average_predictors,average_predictors
abs_diff,overall_margin_str,0,pooled,,3240,-0.2532,0.0,-0.309,0.0,average_predictors,average_predictors
signed_diff,accuracy_majority,0,pooled,,3240,-0.1824,0.0,-0.1547,0.0,average_predictors,average_predictors
signed_diff,overall_score,0,pooled,,3240,0.0174,0.3221,0.0719,0.0,average_predictors,average_predictors
signed_diff,transfer_score,0,pooled,,3240,0.007,0.691,0.0598,0.0007,average_predictors,average_predictors
signed_diff,transfer_score_str,0,pooled,,3240,0.0246,0.1612,0.012,0.4942,average_predictors,average_predictors
signed_diff,overall_score_str,0,pooled,,3240,0.0955,0.0,0.0065,0.7095,average_predictors,average_predictors
signed_diff,transfer_margin_str,0,pooled,,3240,0.3591,0.0,0.3147,0.0,average_predictors,average_predictors
signed_diff,overall_margin_str,0,pooled,,3240,0.3272,0.0,0.363,0.0,average_predictors,average_predictors
min_rankme,accuracy_majority,0,pooled,,3240,-0.0982,0.0,-0.0993,0.0,average_predictors,average_predictors
min_rankme,overall_score,0,pooled,,3240,0.036,0.0406,0.0093,0.5966,average_predictors,average_predictors
min_rankme,transfer_score,0,pooled,,3240,0.0566,0.0013,0.0114,0.5174,average_predictors,average_predictors
min_rankme,transfer_score_str,0,pooled,,3240,0.2994,0.0,0.2986,0.0,average_predictors,average_predictors
min_rankme,overall_score_str,0,pooled,,3240,0.2669,0.0,0.2405,0.0,average_predictors,average_predictors
min_rankme,transfer_margin_str,0,pooled,,3240,0.3323,0.0,0.2864,0.0,average_predictors,average_predictors
min_rankme,overall_margin_str,0,pooled,,3240,0.4353,0.0,0.4547,0.0,average_predictors,average_predictors
norm_asym,accuracy_majority,0,pooled,,3240,-0.2178,0.0,-0.2233,0.0,average_predictors,average_predictors
norm_asym,overall_score,0,pooled,,3240,-0.0054,0.7596,0.0283,0.107,average_predictors,average_predictors
norm_asym,transfer_score,0,pooled,,3240,-0.0096,0.585,0.0139,0.4284,average_predictors,average_predictors
norm_asym,transfer_score_str,0,pooled,,3240,-0.0043,0.8046,-0.0212,0.2273,average_predictors,average_predictors
norm_asym,overall_score_str,0,pooled,,3240,0.0984,0.0,0.0148,0.3991,average_predictors,average_predictors
norm_asym,transfer_margin_str,0,pooled,,3240,0.3569,0.0,0.3043,0.0,average_predictors,average_predictors
norm_asym,overall_margin_str,0,pooled,,3240,0.3268,0.0,0.3488,0.0,average_predictors,average_predictors
abs_diff,accuracy_majority,0,per_ckpt,step50000-tokens210B,72,0.0953,0.4925,0.0836,0.4875,average_predictors,average_predictors
abs_diff,accuracy_majority,0,per_ckpt,step100000-tokens420B,72,0.1083,0.3876,0.0933,0.4336,average_predictors,average_predictors
abs_diff,accuracy_majority,0,per_ckpt,step150000-tokens630B,72,0.1137,0.3726,0.0952,0.4346,average_predictors,average_predictors
abs_diff,accuracy_majority,0,per_ckpt,step200000-tokens840B,72,0.1193,0.3287,0.0967,0.4216,average_predictors,average_predictors
abs_diff,accuracy_majority,0,per_ckpt,step250000-tokens1050B,72,0.1114,0.3886,0.0956,0.4296,average_predictors,average_predictors
abs_diff,accuracy_majority,0,per_ckpt,step300000-tokens1260B,72,0.1145,0.3916,0.0931,0.4396,average_predictors,average_predictors
abs_diff,accuracy_majority,0,per_ckpt,step350000-tokens1470B,72,0.1145,0.3916,0.0927,0.4436,average_predictors,average_predictors
abs_diff,accuracy_majority,0,per_ckpt,step400000-tokens1680B,72,0.1073,0.3906,0.0903,0.4505,average_predictors,average_predictors
abs_diff,accuracy_majority,0,per_ckpt,step450000-tokens1890B,72,0.1073,0.3906,0.0881,0.4545,average_predictors,average_predictors
abs_diff,accuracy_majority,0,per_ckpt,step500000-tokens2100B,72,0.1073,0.3906,0.0858,0.4655,average_predictors,average_predictors
abs_diff,accuracy_majority,0,per_ckpt,step550000-tokens2310B,72,0.0982,0.3976,0.083,0.4805,average_predictors,average_predictors
abs_diff,accuracy_majority,0,per_ckpt,step600000-tokens2520B,72,0.0915,0.4366,0.0801,0.4905,average_predictors,average_predictors
abs_diff,accuracy_majority,0,per_ckpt,step650000-tokens2730B,72,0.0896,0.4216,0.077,0.5015,average_predictors,average_predictors
abs_diff,accuracy_majority,0,per_ckpt,step700000-tokens2940B,72,0.085,0.4416,0.0742,0.5125,average_predictors,average_predictors
abs_diff,accuracy_majority,0,per_ckpt,step750000-tokens3150B,72,0.0805,0.4416,0.0721,0.5165,average_predictors,average_predictors
abs_diff,accuracy_majority,0,per_ckpt,step800000-tokens3360B,72,0.0817,0.4416,0.0699,0.5215,average_predictors,average_predictors
abs_diff,accuracy_majority,0,per_ckpt,step850000-tokens3570B,72,0.0805,0.4416,0.0687,0.5255,average_predictors,average_predictors
abs_diff,accuracy_majority,0,per_ckpt,step900000-tokens3780B,72,0.0805,0.4416,0.0682,0.5265,average_predictors,average_predictors
abs_diff,accuracy_majority,0,per_ckpt,step950000-tokens3990B,72,0.0805,0.4416,0.0676,0.5275,average_predictors,average_predictors
abs_diff,accuracy_majority,0,per_ckpt,step1000000-tokens4200B,72,0.0805,0.4416,0.067,0.5325,average_predictors,average_predictors
abs_diff,accuracy_majority,0,per_ckpt,step1194000-tokens5014B,72,0.0805,0.4416,0.0663,0.5365,average_predictors,average_predictors
abs_diff,accuracy_majority,0,per_ckpt,step1432000-tokens6014B,72,0.0805,0.4416,0.066,0.5385,average_predictors,average_predictors
abs_diff,accuracy_majority,0,per_ckpt,step1670000-tokens7014B,72,0.0763,0.4416,0.0649,0.5285,average_predictors,average_predictors
abs_diff,accuracy_majority,0,per_ckpt,step1678000-tokens7047B,72,0.0763,0.4416,0.0649,0.5295,average_predictors,average_predictors
abs_diff,accuracy_majority,0,per_ckpt,step1700000-tokens7232B,72,0.0763,0.4416,0.0653,0.5295,average_predictors,average_predictors
abs_diff,accuracy_majority,0,per_ckpt,step1750000-tokens7652B,72,0.0763,0.4416,0.0659,0.5265,average_predictors,average_predictors
abs_diff,accuracy_majority,0,per_ckpt,step1800000-tokens8072B,72,0.0805,0.4416,0.0661,0.5255,average_predictors,average_predictors
abs_diff,accuracy_majority,0,per_ckpt,step1850000-tokens8492B,72,0.0763,0.4246,0.0657,0.5245,average_predictors,average_predictors
abs_diff,accuracy_majority,0,per_ckpt,step1900000-tokens8912B,72,0.0791,0.4246,0.0652,0.5235,average_predictors,average_predictors
abs_diff,accuracy_majority,0,per_ckpt,step1950000-tokens9332B,72,0.0791,0.4246,0.0647,0.5265,average_predictors,average_predictors
abs_diff,accuracy_majority,0,per_ckpt,step2000000-tokens9752B,72,0.0805,0.4246,0.0648,0.5265,average_predictors,average_predictors
abs_diff,accuracy_majority,0,per_ckpt,step2050000-tokens10172B,72,0.0833,0.4246,0.0647,0.5275,average_predictors,average_predictors
abs_diff,accuracy_majority,0,per_ckpt,step2100000-tokens10592B,72,0.0805,0.4246,0.0649,0.5265,average_predictors,average_predictors
abs_diff,accuracy_majority,0,per_ckpt,step2150000-tokens11012B,72,0.0805,0.4246,0.0647,0.5265,average_predictors,average_predictors
abs_diff,accuracy_majority,0,per_ckpt,step2200000-tokens11432B,72,0.0805,0.4246,0.0648,0.5285,average_predictors,average_predictors
abs_diff,accuracy_majority,0,per_ckpt,step2250000-tokens11852B,72,0.0805,0.4246,0.0647,0.5265,average_predictors,average_predictors
abs_diff,accuracy_majority,0,per_ckpt,step2300000-tokens12272B,72,0.0808,0.4386,0.0646,0.5275,average_predictors,average_predictors
abs_diff,accuracy_majority,0,per_ckpt,step2350000-tokens12692B,72,0.0808,0.4386,0.0645,0.5285,average_predictors,average_predictors
abs_diff,accuracy_majority,0,per_ckpt,step2400000-tokens13112B,72,0.0808,0.4386,0.0646,0.5285,average_predictors,average_predictors
abs_diff,accuracy_majority,0,per_ckpt,step2450000-tokens13532B,72,0.0805,0.4246,0.0644,0.5305,average_predictors,average_predictors
abs_diff,accuracy_majority,0,per_ckpt,step2500000-tokens13952B,72,0.0805,0.4246,0.0641,0.5325,average_predictors,average_predictors
abs_diff,accuracy_majority,0,per_ckpt,step2550000-tokens14372B,72,0.0805,0.4246,0.0639,0.5355,average_predictors,average_predictors
abs_diff,accuracy_majority,0,per_ckpt,step2600000-tokens14792B,72,0.0805,0.4246,0.0637,0.5365,average_predictors,average_predictors
abs_diff,accuracy_majority,0,per_ckpt,step2627139-tokens15T,72,0.0805,0.4246,0.0635,0.5365,average_predictors,average_predictors
abs_diff,accuracy_majority,0,per_ckpt,main,72,0.0739,0.4476,0.0633,0.5375,average_predictors,average_predictors
abs_diff,overall_score,0,per_ckpt,step50000-tokens210B,72,0.0422,0.8462,0.062,0.6623,average_predictors,average_predictors
abs_diff,overall_score,0,per_ckpt,step100000-tokens420B,72,0.0497,0.7473,0.0765,0.6154,average_predictors,average_predictors
abs_diff,overall_score,0,per_ckpt,step150000-tokens630B,72,0.0574,0.7173,0.0763,0.6294,average_predictors,average_predictors
abs_diff,overall_score,0,per_ckpt,step200000-tokens840B,72,0.0676,0.6434,0.078,0.6314,average_predictors,average_predictors
abs_diff,overall_score,0,per_ckpt,step250000-tokens1050B,72,0.0572,0.7213,0.0747,0.6494,average_predictors,average_predictors
abs_diff,overall_score,0,per_ckpt,step300000-tokens1260B,72,0.0542,0.7443,0.0708,0.6603,average_predictors,average_predictors
abs_diff,overall_score,0,per_ckpt,step350000-tokens1470B,72,0.0542,0.7443,0.0703,0.6623,average_predictors,average_predictors
abs_diff,overall_score,0,per_ckpt,step400000-tokens1680B,72,0.0455,0.7802,0.067,0.6693,average_predictors,average_predictors
abs_diff,overall_score,0,per_ckpt,step450000-tokens1890B,72,0.0455,0.7802,0.0646,0.6773,average_predictors,average_predictors
abs_diff,overall_score,0,per_ckpt,step500000-tokens2100B,72,0.0455,0.7802,0.0627,0.6813,average_predictors,average_predictors
abs_diff,overall_score,0,per_ckpt,step550000-tokens2310B,72,0.0374,0.7942,0.0597,0.6863,average_predictors,average_predictors
abs_diff,overall_score,0,per_ckpt,step600000-tokens2520B,72,0.0355,0.7992,0.056,0.6983,average_predictors,average_predictors
abs_diff,overall_score,0,per_ckpt,step650000-tokens2730B,72,0.0296,0.8282,0.0518,0.7213,average_predictors,average_predictors
abs_diff,overall_score,0,per_ckpt,step700000-tokens2940B,72,0.0266,0.8022,0.0477,0.7363,average_predictors,average_predictors
abs_diff,overall_score,0,per_ckpt,step750000-tokens3150B,72,0.0207,0.8022,0.0437,0.7582,average_predictors,average_predictors
abs_diff,overall_score,0,per_ckpt,step800000-tokens3360B,72,0.0228,0.8022,0.0412,0.7662,average_predictors,average_predictors
abs_diff,overall_score,0,per_ckpt,step850000-tokens3570B,72,0.0207,0.8022,0.0385,0.7702,average_predictors,average_predictors
abs_diff,overall_score,0,per_ckpt,step900000-tokens3780B,72,0.0207,0.8022,0.0378,0.7742,average_predictors,average_predictors
abs_diff,overall_score,0,per_ckpt,step950000-tokens3990B,72,0.0207,0.8022,0.0368,0.7742,average_predictors,average_predictors
abs_diff,overall_score,0,per_ckpt,step1000000-tokens4200B,72,0.0207,0.8022,0.036,0.7812,average_predictors,average_predictors
abs_diff,overall_score,0,per_ckpt,step1194000-tokens5014B,72,0.0207,0.8022,0.0353,0.7852,average_predictors,average_predictors
abs_diff,overall_score,0,per_ckpt,step1432000-tokens6014B,72,0.0207,0.8022,0.0347,0.7872,average_predictors,average_predictors
abs_diff,overall_score,0,per_ckpt,step1670000-tokens7014B,72,0.0166,0.8022,0.034,0.7782,average_predictors,average_predictors
abs_diff,overall_score,0,per_ckpt,step1678000-tokens7047B,72,0.0166,0.8022,0.034,0.7772,average_predictors,average_predictors
abs_diff,overall_score,0,per_ckpt,step1700000-tokens7232B,72,0.0166,0.8022,0.0343,0.7782,average_predictors,average_predictors
abs_diff,overall_score,0,per_ckpt,step1750000-tokens7652B,72,0.0166,0.8022,0.0351,0.7762,average_predictors,average_predictors
abs_diff,overall_score,0,per_ckpt,step1800000-tokens8072B,72,0.0207,0.8022,0.0349,0.7762,average_predictors,average_predictors
abs_diff,overall_score,0,per_ckpt,step1850000-tokens8492B,72,0.0166,0.8002,0.0337,0.7812,average_predictors,average_predictors
abs_diff,overall_score,0,per_ckpt,step1900000-tokens8912B,72,0.0173,0.8002,0.0327,0.7832,average_predictors,average_predictors
abs_diff,overall_score,0,per_ckpt,step1950000-tokens9332B,72,0.0173,0.8002,0.0316,0.7862,average_predictors,average_predictors
abs_diff,overall_score,0,per_ckpt,step2000000-tokens9752B,72,0.0207,0.8002,0.0319,0.7852,average_predictors,average_predictors
abs_diff,overall_score,0,per_ckpt,step2050000-tokens10172B,72,0.0214,0.8002,0.0318,0.7852,average_predictors,average_predictors
abs_diff,overall_score,0,per_ckpt,step2100000-tokens10592B,72,0.0207,0.8002,0.032,0.7852,average_predictors,average_predictors
abs_diff,overall_score,0,per_ckpt,step2150000-tokens11012B,72,0.0207,0.8002,0.0315,0.7882,average_predictors,average_predictors
abs_diff,overall_score,0,per_ckpt,step2200000-tokens11432B,72,0.0207,0.8002,0.0317,0.7882,average_predictors,average_predictors
abs_diff,overall_score,0,per_ckpt,step2250000-tokens11852B,72,0.0207,0.8002,0.0312,0.7902,average_predictors,average_predictors
abs_diff,overall_score,0,per_ckpt,step2300000-tokens12272B,72,0.0202,0.8222,0.0306,0.7942,average_predictors,average_predictors
abs_diff,overall_score,0,per_ckpt,step2350000-tokens12692B,72,0.0202,0.8222,0.0303,0.7952,average_predictors,average_predictors
abs_diff,overall_score,0,per_ckpt,step2400000-tokens13112B,72,0.0202,0.8222,0.0301,0.7982,average_predictors,average_predictors
abs_diff,overall_score,0,per_ckpt,step2450000-tokens13532B,72,0.0207,0.8002,0.0301,0.7972,average_predictors,average_predictors
abs_diff,overall_score,0,per_ckpt,step2500000-tokens13952B,72,0.0207,0.8002,0.03,0.7992,average_predictors,average_predictors
abs_diff,overall_score,0,per_ckpt,step2550000-tokens14372B,72,0.0207,0.8002,0.0298,0.8022,average_predictors,average_predictors
abs_diff,overall_score,0,per_ckpt,step2600000-tokens14792B,72,0.0207,0.8002,0.0295,0.8042,average_predictors,average_predictors
abs_diff,overall_score,0,per_ckpt,step2627139-tokens15T,72,0.0207,0.8002,0.0293,0.8082,average_predictors,average_predictors
abs_diff,overall_score,0,per_ckpt,main,72,0.016,0.8352,0.029,0.8102,average_predictors,average_predictors
abs_diff,transfer_score,0,per_ckpt,step50000-tokens210B,72,0.006,0.973,0.0358,0.8122,average_predictors,average_predictors
abs_diff,transfer_score,0,per_ckpt,step100000-tokens420B,72,0.0089,0.9221,0.0467,0.7293,average_predictors,average_predictors
abs_diff,transfer_score,0,per_ckpt,step150000-tokens630B,72,0.0173,0.8801,0.0466,0.7393,average_predictors,average_predictors
abs_diff,transfer_score,0,per_ckpt,step200000-tokens840B,72,0.0266,0.7882,0.0477,0.7323,average_predictors,average_predictors
abs_diff,transfer_score,0,per_ckpt,step250000-tokens1050B,72,0.017,0.9001,0.0449,0.7493,average_predictors,average_predictors
abs_diff,transfer_score,0,per_ckpt,step300000-tokens1260B,72,0.0151,0.9341,0.0416,0.7712,average_predictors,average_predictors
abs_diff,transfer_score,0,per_ckpt,step350000-tokens1470B,72,0.0151,0.9341,0.0403,0.7772,average_predictors,average_predictors
abs_diff,transfer_score,0,per_ckpt,step400000-tokens1680B,72,0.0044,0.966,0.0363,0.7992,average_predictors,average_predictors
abs_diff,transfer_score,0,per_ckpt,step450000-tokens1890B,72,0.0044,0.966,0.0339,0.8052,average_predictors,average_predictors
abs_diff,transfer_score,0,per_ckpt,step500000-tokens2100B,72,0.0044,0.966,0.0316,0.8122,average_predictors,average_predictors
abs_diff,transfer_score,0,per_ckpt,step550000-tokens2310B,72,-0.0046,0.978,0.0284,0.8232,average_predictors,average_predictors
abs_diff,transfer_score,0,per_ckpt,step600000-tokens2520B,72,-0.007,0.984,0.0247,0.8472,average_predictors,average_predictors
abs_diff,transfer_score,0,per_ckpt,step650000-tokens2730B,72,-0.0148,0.964,0.0209,0.8651,average_predictors,average_predictors
abs_diff,transfer_score,0,per_ckpt,step700000-tokens2940B,72,-0.0181,0.962,0.0168,0.8851,average_predictors,average_predictors
abs_diff,transfer_score,0,per_ckpt,step750000-tokens3150B,72,-0.0254,0.962,0.013,0.9041,average_predictors,average_predictors
abs_diff,transfer_score,0,per_ckpt,step800000-tokens3360B,72,-0.0219,0.962,0.0103,0.9161,average_predictors,average_predictors
abs_diff,transfer_score,0,per_ckpt,step850000-tokens3570B,72,-0.0254,0.962,0.0076,0.9291,average_predictors,average_predictors
abs_diff,transfer_score,0,per_ckpt,step900000-tokens3780B,72,-0.0254,0.962,0.0068,0.9321,average_predictors,average_predictors
abs_diff,transfer_score,0,per_ckpt,step950000-tokens3990B,72,-0.0254,0.962,0.0057,0.9361,average_predictors,average_predictors
abs_diff,transfer_score,0,per_ckpt,step1000000-tokens4200B,72,-0.0254,0.962,0.0049,0.9411,average_predictors,average_predictors
abs_diff,transfer_score,0,per_ckpt,step1194000-tokens5014B,72,-0.0254,0.962,0.0044,0.9431,average_predictors,average_predictors
abs_diff,transfer_score,0,per_ckpt,step1432000-tokens6014B,72,-0.0254,0.962,0.0041,0.9441,average_predictors,average_predictors
abs_diff,transfer_score,0,per_ckpt,step1670000-tokens7014B,72,-0.0291,0.962,0.003,0.9271,average_predictors,average_predictors
abs_diff,transfer_score,0,per_ckpt,step1678000-tokens7047B,72,-0.0291,0.962,0.003,0.9271,average_predictors,average_predictors
abs_diff,transfer_score,0,per_ckpt,step1700000-tokens7232B,72,-0.0291,0.962,0.003,0.9281,average_predictors,average_predictors
abs_diff,transfer_score,0,per_ckpt,step1750000-tokens7652B,72,-0.0291,0.962,0.0038,0.9221,average_predictors,average_predictors
abs_diff,transfer_score,0,per_ckpt,step1800000-tokens8072B,72,-0.0254,0.962,0.0031,0.9241,average_predictors,average_predictors
abs_diff,transfer_score,0,per_ckpt,step1850000-tokens8492B,72,-0.0291,0.968,0.0016,0.9301,average_predictors,average_predictors
abs_diff,transfer_score,0,per_ckpt,step1900000-tokens8912B,72,-0.0282,0.968,0.0003,0.9381,average_predictors,average_predictors
abs_diff,transfer_score,0,per_ckpt,step1950000-tokens9332B,72,-0.0282,0.968,-0.0009,0.9411,average_predictors,average_predictors
abs_diff,transfer_score,0,per_ckpt,step2000000-tokens9752B,72,-0.0254,0.968,-0.0008,0.9411,average_predictors,average_predictors
abs_diff,transfer_score,0,per_ckpt,step2050000-tokens10172B,72,-0.0245,0.968,-0.0007,0.9431,average_predictors,average_predictors
abs_diff,transfer_score,0,per_ckpt,step2100000-tokens10592B,72,-0.0254,0.968,-0.0006,0.9411,average_predictors,average_predictors
abs_diff,transfer_score,0,per_ckpt,step2150000-tokens11012B,72,-0.0254,0.968,-0.0014,0.9421,average_predictors,average_predictors
abs_diff,transfer_score,0,per_ckpt,step2200000-tokens11432B,72,-0.0254,0.968,-0.0013,0.9421,average_predictors,average_predictors
abs_diff,transfer_score,0,per_ckpt,step2250000-tokens11852B,72,-0.0254,0.968,-0.0019,0.9461,average_predictors,average_predictors
abs_diff,transfer_score,0,per_ckpt,step2300000-tokens12272B,72,-0.0259,0.9391,-0.0023,0.95,average_predictors,average_predictors
abs_diff,transfer_score,0,per_ckpt,step2350000-tokens12692B,72,-0.0259,0.9391,-0.0024,0.952,average_predictors,average_predictors
abs_diff,transfer_score,0,per_ckpt,step2400000-tokens13112B,72,-0.0259,0.9391,-0.0022,0.951,average_predictors,average_predictors
abs_diff,transfer_score,0,per_ckpt,step2450000-tokens13532B,72,-0.0254,0.968,-0.0019,0.95,average_predictors,average_predictors
abs_diff,transfer_score,0,per_ckpt,step2500000-tokens13952B,72,-0.0254,0.968,-0.0016,0.951,average_predictors,average_predictors
abs_diff,transfer_score,0,per_ckpt,step2550000-tokens14372B,72,-0.0254,0.968,-0.0016,0.951,average_predictors,average_predictors
abs_diff,transfer_score,0,per_ckpt,step2600000-tokens14792B,72,-0.0254,0.968,-0.0015,0.95,average_predictors,average_predictors
abs_diff,transfer_score,0,per_ckpt,step2627139-tokens15T,72,-0.0254,0.968,-0.0015,0.95,average_predictors,average_predictors
abs_diff,transfer_score,0,per_ckpt,main,72,-0.0275,0.951,-0.0016,0.951,average_predictors,average_predictors
abs_diff,transfer_score_str,0,per_ckpt,step50000-tokens210B,72,-0.2431,0.1319,-0.2671,0.1079,average_predictors,average_predictors
abs_diff,transfer_score_str,0,per_ckpt,step100000-tokens420B,72,-0.245,0.1598,-0.2745,0.1099,average_predictors,average_predictors
abs_diff,transfer_score_str,0,per_ckpt,step150000-tokens630B,72,-0.2461,0.1578,-0.2819,0.1049,average_predictors,average_predictors
abs_diff,transfer_score_str,0,per_ckpt,step200000-tokens840B,72,-0.2456,0.1668,-0.2849,0.1039,average_predictors,average_predictors
abs_diff,transfer_score_str,0,per_ckpt,step250000-tokens1050B,72,-0.2556,0.1499,-0.2903,0.1019,average_predictors,average_predictors
abs_diff,transfer_score_str,0,per_ckpt,step300000-tokens1260B,72,-0.2602,0.1389,-0.2928,0.0979,average_predictors,average_predictors
abs_diff,transfer_score_str,0,per_ckpt,step350000-tokens1470B,72,-0.2602,0.1389,-0.2919,0.0979,average_predictors,average_predictors
abs_diff,transfer_score_str,0,per_ckpt,step400000-tokens1680B,72,-0.2659,0.1249,-0.2928,0.0969,average_predictors,average_predictors
abs_diff,transfer_score_str,0,per_ckpt,step450000-tokens1890B,72,-0.2659,0.1249,-0.2931,0.0959,average_predictors,average_predictors
abs_diff,transfer_score_str,0,per_ckpt,step500000-tokens2100B,72,-0.2659,0.1249,-0.2923,0.0949,average_predictors,average_predictors
abs_diff,transfer_score_str,0,per_ckpt,step550000-tokens2310B,72,-0.2665,0.1189,-0.293,0.0939,average_predictors,average_predictors
abs_diff,transfer_score_str,0,per_ckpt,step600000-tokens2520B,72,-0.2699,0.1129,-0.2952,0.0929,average_predictors,average_predictors
abs_diff,transfer_score_str,0,per_ckpt,step650000-tokens2730B,72,-0.2742,0.1119,-0.2973,0.0909,average_predictors,average_predictors
abs_diff,transfer_score_str,0,per_ckpt,step700000-tokens2940B,72,-0.2733,0.1229,-0.2995,0.0899,average_predictors,average_predictors
abs_diff,transfer_score_str,0,per_ckpt,step750000-tokens3150B,72,-0.2771,0.1229,-0.3017,0.0889,average_predictors,average_predictors
abs_diff,transfer_score_str,0,per_ckpt,step800000-tokens3360B,72,-0.2768,0.1229,-0.3023,0.0889,average_predictors,average_predictors
abs_diff,transfer_score_str,0,per_ckpt,step850000-tokens3570B,72,-0.2771,0.1229,-0.3043,0.0889,average_predictors,average_predictors
abs_diff,transfer_score_str,0,per_ckpt,step900000-tokens3780B,72,-0.2771,0.1229,-0.3047,0.0879,average_predictors,average_predictors
abs_diff,transfer_score_str,0,per_ckpt,step950000-tokens3990B,72,-0.2771,0.1229,-0.3051,0.0879,average_predictors,average_predictors
abs_diff,transfer_score_str,0,per_ckpt,step1000000-tokens4200B,72,-0.2771,0.1229,-0.3059,0.0869,average_predictors,average_predictors
abs_diff,transfer_score_str,0,per_ckpt,step1194000-tokens5014B,72,-0.2771,0.1229,-0.3062,0.0869,average_predictors,average_predictors
abs_diff,transfer_score_str,0,per_ckpt,step1432000-tokens6014B,72,-0.2771,0.1229,-0.3065,0.0869,average_predictors,average_predictors
abs_diff,transfer_score_str,0,per_ckpt,step1670000-tokens7014B,72,-0.2811,0.1229,-0.3095,0.0889,average_predictors,average_predictors
abs_diff,transfer_score_str,0,per_ckpt,step1678000-tokens7047B,72,-0.2811,0.1229,-0.3096,0.0889,average_predictors,average_predictors
abs_diff,transfer_score_str,0,per_ckpt,step1700000-tokens7232B,72,-0.2811,0.1229,-0.3095,0.0889,average_predictors,average_predictors
abs_diff,transfer_score_str,0,per_ckpt,step1750000-tokens7652B,72,-0.2811,0.1229,-0.3096,0.0899,average_predictors,average_predictors
abs_diff,transfer_score_str,0,per_ckpt,step1800000-tokens8072B,72,-0.2771,0.1229,-0.31,0.0899,average_predictors,average_predictors
abs_diff,transfer_score_str,0,per_ckpt,step1850000-tokens8492B,72,-0.2811,0.1269,-0.3111,0.0889,average_predictors,average_predictors
abs_diff,transfer_score_str,0,per_ckpt,step1900000-tokens8912B,72,-0.2781,0.1269,-0.3117,0.0889,average_predictors,average_predictors
abs_diff,transfer_score_str,0,per_ckpt,step1950000-tokens9332B,72,-0.2781,0.1269,-0.3125,0.0879,average_predictors,average_predictors
abs_diff,transfer_score_str,0,per_ckpt,step2000000-tokens9752B,72,-0.2771,0.1269,-0.3125,0.0879,average_predictors,average_predictors
abs_diff,transfer_score_str,0,per_ckpt,step2050000-tokens10172B,72,-0.2741,0.1269,-0.3125,0.0879,average_predictors,average_predictors
abs_diff,transfer_score_str,0,per_ckpt,step2100000-tokens10592B,72,-0.2771,0.1269,-0.313,0.0879,average_predictors,average_predictors
abs_diff,transfer_score_str,0,per_ckpt,step2150000-tokens11012B,72,-0.2771,0.1269,-0.3138,0.0879,average_predictors,average_predictors
abs_diff,transfer_score_str,0,per_ckpt,step2200000-tokens11432B,72,-0.2771,0.1269,-0.3138,0.0879,average_predictors,average_predictors
abs_diff,transfer_score_str,0,per_ckpt,step2250000-tokens11852B,72,-0.2771,0.1269,-0.3143,0.0879,average_predictors,average_predictors
abs_diff,transfer_score_str,0,per_ckpt,step2300000-tokens12272B,72,-0.2801,0.1229,-0.3149,0.0879,average_predictors,average_predictors
abs_diff,transfer_score_str,0,per_ckpt,step2350000-tokens12692B,72,-0.2801,0.1229,-0.3153,0.0879,average_predictors,average_predictors
abs_diff,transfer_score_str,0,per_ckpt,step2400000-tokens13112B,72,-0.2801,0.1229,-0.3155,0.0879,average_predictors,average_predictors
abs_diff,transfer_score_str,0,per_ckpt,step2450000-tokens13532B,72,-0.2771,0.1269,-0.3153,0.0879,average_predictors,average_predictors
abs_diff,transfer_score_str,0,per_ckpt,step2500000-tokens13952B,72,-0.2771,0.1269,-0.3152,0.0879,average_predictors,average_predictors
abs_diff,transfer_score_str,0,per_ckpt,step2550000-tokens14372B,72,-0.2771,0.1269,-0.3151,0.0879,average_predictors,average_predictors
abs_diff,transfer_score_str,0,per_ckpt,step2600000-tokens14792B,72,-0.2771,0.1269,-0.3152,0.0879,average_predictors,average_predictors
abs_diff,transfer_score_str,0,per_ckpt,step2627139-tokens15T,72,-0.2771,0.1269,-0.3153,0.0879,average_predictors,average_predictors
abs_diff,transfer_score_str,0,per_ckpt,main,72,-0.2827,0.1269,-0.3155,0.0869,average_predictors,average_predictors
abs_diff,overall_score_str,0,per_ckpt,step50000-tokens210B,72,-0.1961,0.2338,-0.2163,0.2148,average_predictors,average_predictors
abs_diff,overall_score_str,0,per_ckpt,step100000-tokens420B,72,-0.1987,0.2438,-0.2275,0.2058,average_predictors,average_predictors
abs_diff,overall_score_str,0,per_ckpt,step150000-tokens630B,72,-0.1971,0.2438,-0.2351,0.2008,average_predictors,average_predictors
abs_diff,overall_score_str,0,per_ckpt,step200000-tokens840B,72,-0.2009,0.2428,-0.2376,0.2008,average_predictors,average_predictors
abs_diff,overall_score_str,0,per_ckpt,step250000-tokens1050B,72,-0.2066,0.2328,-0.2437,0.1918,average_predictors,average_predictors
abs_diff,overall_score_str,0,per_ckpt,step300000-tokens1260B,72,-0.2098,0.2178,-0.246,0.1878,average_predictors,average_predictors
abs_diff,overall_score_str,0,per_ckpt,step350000-tokens1470B,72,-0.2098,0.2178,-0.2439,0.1888,average_predictors,average_predictors
abs_diff,overall_score_str,0,per_ckpt,step400000-tokens1680B,72,-0.2145,0.2128,-0.2435,0.1858,average_predictors,average_predictors
abs_diff,overall_score_str,0,per_ckpt,step450000-tokens1890B,72,-0.2145,0.2128,-0.2429,0.1858,average_predictors,average_predictors
abs_diff,overall_score_str,0,per_ckpt,step500000-tokens2100B,72,-0.2145,0.2128,-0.2409,0.1888,average_predictors,average_predictors
abs_diff,overall_score_str,0,per_ckpt,step550000-tokens2310B,72,-0.2082,0.2028,-0.2405,0.1828,average_predictors,average_predictors
abs_diff,overall_score_str,0,per_ckpt,step600000-tokens2520B,72,-0.2127,0.1998,-0.2422,0.1828,average_predictors,average_predictors
abs_diff,overall_score_str,0,per_ckpt,step650000-tokens2730B,72,-0.2147,0.1998,-0.2436,0.1828,average_predictors,average_predictors
abs_diff,overall_score_str,0,per_ckpt,step700000-tokens2940B,72,-0.2111,0.2358,-0.2447,0.1818,average_predictors,average_predictors
abs_diff,overall_score_str,0,per_ckpt,step750000-tokens3150B,72,-0.2133,0.2358,-0.2459,0.1798,average_predictors,average_predictors
abs_diff,overall_score_str,0,per_ckpt,step800000-tokens3360B,72,-0.2124,0.2358,-0.2456,0.1818,average_predictors,average_predictors
abs_diff,overall_score_str,0,per_ckpt,step850000-tokens3570B,72,-0.2133,0.2358,-0.2471,0.1788,average_predictors,average_predictors
abs_diff,overall_score_str,0,per_ckpt,step900000-tokens3780B,72,-0.2133,0.2358,-0.2468,0.1818,average_predictors,average_predictors
abs_diff,overall_score_str,0,per_ckpt,step950000-tokens3990B,72,-0.2133,0.2358,-0.2466,0.1838,average_predictors,average_predictors
abs_diff,overall_score_str,0,per_ckpt,step1000000-tokens4200B,72,-0.2133,0.2358,-0.2471,0.1868,average_predictors,average_predictors
abs_diff,overall_score_str,0,per_ckpt,step1194000-tokens5014B,72,-0.2133,0.2358,-0.2471,0.1878,average_predictors,average_predictors
abs_diff,overall_score_str,0,per_ckpt,step1432000-tokens6014B,72,-0.2133,0.2358,-0.2473,0.1858,average_predictors,average_predictors
abs_diff,overall_score_str,0,per_ckpt,step1670000-tokens7014B,72,-0.2179,0.2358,-0.2502,0.1798,average_predictors,average_predictors
abs_diff,overall_score_str,0,per_ckpt,step1678000-tokens7047B,72,-0.2179,0.2358,-0.25,0.1798,average_predictors,average_predictors
abs_diff,overall_score_str,0,per_ckpt,step1700000-tokens7232B,72,-0.2179,0.2358,-0.2497,0.1798,average_predictors,average_predictors
abs_diff,overall_score_str,0,per_ckpt,step1750000-tokens7652B,72,-0.2179,0.2358,-0.2499,0.1798,average_predictors,average_predictors
abs_diff,overall_score_str,0,per_ckpt,step1800000-tokens8072B,72,-0.2133,0.2358,-0.2501,0.1798,average_predictors,average_predictors
abs_diff,overall_score_str,0,per_ckpt,step1850000-tokens8492B,72,-0.2179,0.2448,-0.2507,0.1808,average_predictors,average_predictors
abs_diff,overall_score_str,0,per_ckpt,step1900000-tokens8912B,72,-0.2142,0.2448,-0.2509,0.1838,average_predictors,average_predictors
abs_diff,overall_score_str,0,per_ckpt,step1950000-tokens9332B,72,-0.2142,0.2448,-0.2517,0.1838,average_predictors,average_predictors
abs_diff,overall_score_str,0,per_ckpt,step2000000-tokens9752B,72,-0.2133,0.2448,-0.2517,0.1828,average_predictors,average_predictors
abs_diff,overall_score_str,0,per_ckpt,step2050000-tokens10172B,72,-0.2097,0.2448,-0.2517,0.1828,average_predictors,average_predictors
abs_diff,overall_score_str,0,per_ckpt,step2100000-tokens10592B,72,-0.2133,0.2448,-0.2524,0.1818,average_predictors,average_predictors
abs_diff,overall_score_str,0,per_ckpt,step2150000-tokens11012B,72,-0.2133,0.2448,-0.2531,0.1828,average_predictors,average_predictors
abs_diff,overall_score_str,0,per_ckpt,step2200000-tokens11432B,72,-0.2133,0.2448,-0.2531,0.1828,average_predictors,average_predictors
abs_diff,overall_score_str,0,per_ckpt,step2250000-tokens11852B,72,-0.2133,0.2448,-0.2534,0.1858,average_predictors,average_predictors
abs_diff,overall_score_str,0,per_ckpt,step2300000-tokens12272B,72,-0.2155,0.2328,-0.2539,0.1848,average_predictors,average_predictors
abs_diff,overall_score_str,0,per_ckpt,step2350000-tokens12692B,72,-0.2155,0.2328,-0.2546,0.1828,average_predictors,average_predictors
abs_diff,overall_score_str,0,per_ckpt,step2400000-tokens13112B,72,-0.2155,0.2328,-0.2551,0.1808,average_predictors,average_predictors
abs_diff,overall_score_str,0,per_ckpt,step2450000-tokens13532B,72,-0.2133,0.2448,-0.2553,0.1808,average_predictors,average_predictors
abs_diff,overall_score_str,0,per_ckpt,step2500000-tokens13952B,72,-0.2133,0.2448,-0.2558,0.1798,average_predictors,average_predictors
abs_diff,overall_score_str,0,per_ckpt,step2550000-tokens14372B,72,-0.2133,0.2448,-0.2561,0.1798,average_predictors,average_predictors
abs_diff,overall_score_str,0,per_ckpt,step2600000-tokens14792B,72,-0.2133,0.2448,-0.2568,0.1798,average_predictors,average_predictors
abs_diff,overall_score_str,0,per_ckpt,step2627139-tokens15T,72,-0.2133,0.2448,-0.2572,0.1758,average_predictors,average_predictors
abs_diff,overall_score_str,0,per_ckpt,main,72,-0.223,0.2368,-0.2579,0.1748,average_predictors,average_predictors
abs_diff,transfer_margin_str,0,per_ckpt,step50000-tokens210B,72,-0.19,0.1848,-0.1592,0.3157,average_predictors,average_predictors
abs_diff,transfer_margin_str,0,per_ckpt,step100000-tokens420B,72,-0.202,0.1628,-0.1582,0.3377,average_predictors,average_predictors
abs_diff,transfer_margin_str,0,per_ckpt,step150000-tokens630B,72,-0.2003,0.1718,-0.1601,0.3516,average_predictors,average_predictors
abs_diff,transfer_margin_str,0,per_ckpt,step200000-tokens840B,72,-0.2032,0.1698,-0.1627,0.3497,average_predictors,average_predictors
abs_diff,transfer_margin_str,0,per_ckpt,step250000-tokens1050B,72,-0.2066,0.1678,-0.1652,0.3467,average_predictors,average_predictors
abs_diff,transfer_margin_str,0,per_ckpt,step300000-tokens1260B,72,-0.2053,0.1648,-0.1646,0.3467,average_predictors,average_predictors
abs_diff,transfer_margin_str,0,per_ckpt,step350000-tokens1470B,72,-0.2053,0.1648,-0.1658,0.3357,average_predictors,average_predictors
abs_diff,transfer_margin_str,0,per_ckpt,step400000-tokens1680B,72,-0.2043,0.1788,-0.1674,0.3287,average_predictors,average_predictors
abs_diff,transfer_margin_str,0,per_ckpt,step450000-tokens1890B,72,-0.2043,0.1788,-0.1668,0.3247,average_predictors,average_predictors
abs_diff,transfer_margin_str,0,per_ckpt,step500000-tokens2100B,72,-0.2043,0.1788,-0.1652,0.3217,average_predictors,average_predictors
abs_diff,transfer_margin_str,0,per_ckpt,step550000-tokens2310B,72,-0.1993,0.1848,-0.1635,0.3237,average_predictors,average_predictors
abs_diff,transfer_margin_str,0,per_ckpt,step600000-tokens2520B,72,-0.1952,0.1918,-0.1632,0.3227,average_predictors,average_predictors
abs_diff,transfer_margin_str,0,per_ckpt,step650000-tokens2730B,72,-0.1976,0.2018,-0.1632,0.3217,average_predictors,average_predictors
abs_diff,transfer_margin_str,0,per_ckpt,step700000-tokens2940B,72,-0.2016,0.1708,-0.1642,0.3157,average_predictors,average_predictors
abs_diff,transfer_margin_str,0,per_ckpt,step750000-tokens3150B,72,-0.2006,0.1708,-0.1658,0.3117,average_predictors,average_predictors
abs_diff,transfer_margin_str,0,per_ckpt,step800000-tokens3360B,72,-0.203,0.1708,-0.1664,0.3107,average_predictors,average_predictors
abs_diff,transfer_margin_str,0,per_ckpt,step850000-tokens3570B,72,-0.2006,0.1708,-0.1676,0.3067,average_predictors,average_predictors
abs_diff,transfer_margin_str,0,per_ckpt,step900000-tokens3780B,72,-0.2006,0.1708,-0.1672,0.3067,average_predictors,average_predictors
abs_diff,transfer_margin_str,0,per_ckpt,step950000-tokens3990B,72,-0.2006,0.1708,-0.1687,0.3027,average_predictors,average_predictors
abs_diff,transfer_margin_str,0,per_ckpt,step1000000-tokens4200B,72,-0.2006,0.1708,-0.1684,0.3037,average_predictors,average_predictors
abs_diff,transfer_margin_str,0,per_ckpt,step1194000-tokens5014B,72,-0.2006,0.1708,-0.1677,0.3087,average_predictors,average_predictors
abs_diff,transfer_margin_str,0,per_ckpt,step1432000-tokens6014B,72,-0.2006,0.1708,-0.168,0.3077,average_predictors,average_predictors
abs_diff,transfer_margin_str,0,per_ckpt,step1670000-tokens7014B,72,-0.1994,0.1708,-0.1674,0.3167,average_predictors,average_predictors
abs_diff,transfer_margin_str,0,per_ckpt,step1678000-tokens7047B,72,-0.1994,0.1708,-0.1675,0.3177,average_predictors,average_predictors
abs_diff,transfer_margin_str,0,per_ckpt,step1700000-tokens7232B,72,-0.1994,0.1708,-0.168,0.3157,average_predictors,average_predictors
abs_diff,transfer_margin_str,0,per_ckpt,step1750000-tokens7652B,72,-0.1994,0.1708,-0.1678,0.3167,average_predictors,average_predictors
abs_diff,transfer_margin_str,0,per_ckpt,step1800000-tokens8072B,72,-0.2006,0.1708,-0.1696,0.3107,average_predictors,average_predictors
abs_diff,transfer_margin_str,0,per_ckpt,step1850000-tokens8492B,72,-0.1994,0.1668,-0.1715,0.3017,average_predictors,average_predictors
abs_diff,transfer_margin_str,0,per_ckpt,step1900000-tokens8912B,72,-0.2017,0.1668,-0.1726,0.2967,average_predictors,average_predictors
abs_diff,transfer_margin_str,0,per_ckpt,step1950000-tokens9332B,72,-0.2017,0.1668,-0.1735,0.2947,average_predictors,average_predictors
abs_diff,transfer_margin_str,0,per_ckpt,step2000000-tokens9752B,72,-0.2006,0.1668,-0.1736,0.2947,average_predictors,average_predictors
abs_diff,transfer_margin_str,0,per_ckpt,step2050000-tokens10172B,72,-0.2029,0.1668,-0.1738,0.2947,average_predictors,average_predictors
abs_diff,transfer_margin_str,0,per_ckpt,step2100000-tokens10592B,72,-0.2006,0.1668,-0.1741,0.2957,average_predictors,average_predictors
abs_diff,transfer_margin_str,0,per_ckpt,step2150000-tokens11012B,72,-0.2006,0.1668,-0.175,0.2927,average_predictors,average_predictors
abs_diff,transfer_margin_str,0,per_ckpt,step2200000-tokens11432B,72,-0.2006,0.1668,-0.1753,0.2917,average_predictors,average_predictors
abs_diff,transfer_margin_str,0,per_ckpt,step2250000-tokens11852B,72,-0.2006,0.1668,-0.176,0.2907,average_predictors,average_predictors
abs_diff,transfer_margin_str,0,per_ckpt,step2300000-tokens12272B,72,-0.2047,0.1558,-0.1762,0.2907,average_predictors,average_predictors
abs_diff,transfer_margin_str,0,per_ckpt,step2350000-tokens12692B,72,-0.2047,0.1558,-0.176,0.2907,average_predictors,average_predictors
abs_diff,transfer_margin_str,0,per_ckpt,step2400000-tokens13112B,72,-0.2047,0.1558,-0.1758,0.2927,average_predictors,average_predictors
abs_diff,transfer_margin_str,0,per_ckpt,step2450000-tokens13532B,72,-0.2006,0.1668,-0.1748,0.2947,average_predictors,average_predictors
abs_diff,transfer_margin_str,0,per_ckpt,step2500000-tokens13952B,72,-0.2006,0.1668,-0.1741,0.2947,average_predictors,average_predictors
abs_diff,transfer_margin_str,0,per_ckpt,step2550000-tokens14372B,72,-0.2006,0.1668,-0.1737,0.2957,average_predictors,average_predictors
abs_diff,transfer_margin_str,0,per_ckpt,step2600000-tokens14792B,72,-0.2006,0.1668,-0.1734,0.2967,average_predictors,average_predictors
abs_diff,transfer_margin_str,0,per_ckpt,step2627139-tokens15T,72,-0.2006,0.1668,-0.1731,0.2997,average_predictors,average_predictors
abs_diff,transfer_margin_str,0,per_ckpt,main,72,-0.1924,0.1798,-0.1728,0.2997,average_predictors,average_predictors
abs_diff,overall_margin_str,0,per_ckpt,step50000-tokens210B,72,-0.257,0.1239,-0.3037,0.0619,average_predictors,average_predictors
abs_diff,overall_margin_str,0,per_ckpt,step100000-tokens420B,72,-0.2622,0.1149,-0.311,0.0669,average_predictors,average_predictors
abs_diff,overall_margin_str,0,per_ckpt,step150000-tokens630B,72,-0.2548,0.1279,-0.3168,0.0669,average_predictors,average_predictors
abs_diff,overall_margin_str,0,per_ckpt,step200000-tokens840B,72,-0.2623,0.1169,-0.3197,0.0719,average_predictors,average_predictors
abs_diff,overall_margin_str,0,per_ckpt,step250000-tokens1050B,72,-0.2665,0.1179,-0.3253,0.0719,average_predictors,average_predictors
abs_diff,overall_margin_str,0,per_ckpt,step300000-tokens1260B,72,-0.267,0.1119,-0.3256,0.0709,average_predictors,average_predictors
abs_diff,overall_margin_str,0,per_ckpt,step350000-tokens1470B,72,-0.267,0.1119,-0.3244,0.0709,average_predictors,average_predictors
abs_diff,overall_margin_str,0,per_ckpt,step400000-tokens1680B,72,-0.2724,0.1009,-0.324,0.0679,average_predictors,average_predictors
abs_diff,overall_margin_str,0,per_ckpt,step450000-tokens1890B,72,-0.2724,0.1009,-0.3222,0.0699,average_predictors,average_predictors
abs_diff,overall_margin_str,0,per_ckpt,step500000-tokens2100B,72,-0.2724,0.1009,-0.3184,0.0709,average_predictors,average_predictors
abs_diff,overall_margin_str,0,per_ckpt,step550000-tokens2310B,72,-0.2637,0.0999,-0.3154,0.0719,average_predictors,average_predictors
abs_diff,overall_margin_str,0,per_ckpt,step600000-tokens2520B,72,-0.2645,0.0999,-0.3153,0.0719,average_predictors,average_predictors
abs_diff,overall_margin_str,0,per_ckpt,step650000-tokens2730B,72,-0.2694,0.0969,-0.3151,0.0739,average_predictors,average_predictors
abs_diff,overall_margin_str,0,per_ckpt,step700000-tokens2940B,72,-0.2668,0.1059,-0.3154,0.0729,average_predictors,average_predictors
abs_diff,overall_margin_str,0,per_ckpt,step750000-tokens3150B,72,-0.2653,0.1059,-0.3167,0.0729,average_predictors,average_predictors
abs_diff,overall_margin_str,0,per_ckpt,step800000-tokens3360B,72,-0.2656,0.1059,-0.3162,0.0719,average_predictors,average_predictors
abs_diff,overall_margin_str,0,per_ckpt,step850000-tokens3570B,72,-0.2653,0.1059,-0.3176,0.0719,average_predictors,average_predictors
abs_diff,overall_margin_str,0,per_ckpt,step900000-tokens3780B,72,-0.2653,0.1059,-0.3166,0.0729,average_predictors,average_predictors
abs_diff,overall_margin_str,0,per_ckpt,step950000-tokens3990B,72,-0.2653,0.1059,-0.3174,0.0729,average_predictors,average_predictors
abs_diff,overall_margin_str,0,per_ckpt,step1000000-tokens4200B,72,-0.2653,0.1059,-0.3172,0.0729,average_predictors,average_predictors
abs_diff,overall_margin_str,0,per_ckpt,step1194000-tokens5014B,72,-0.2653,0.1059,-0.316,0.0729,average_predictors,average_predictors
abs_diff,overall_margin_str,0,per_ckpt,step1432000-tokens6014B,72,-0.2653,0.1059,-0.3164,0.0729,average_predictors,average_predictors
abs_diff,overall_margin_str,0,per_ckpt,step1670000-tokens7014B,72,-0.2663,0.1059,-0.318,0.0739,average_predictors,average_predictors
abs_diff,overall_margin_str,0,per_ckpt,step1678000-tokens7047B,72,-0.2663,0.1059,-0.3177,0.0739,average_predictors,average_predictors
abs_diff,overall_margin_str,0,per_ckpt,step1700000-tokens7232B,72,-0.2663,0.1059,-0.3179,0.0739,average_predictors,average_predictors
abs_diff,overall_margin_str,0,per_ckpt,step1750000-tokens7652B,72,-0.2663,0.1059,-0.3181,0.0739,average_predictors,average_predictors
abs_diff,overall_margin_str,0,per_ckpt,step1800000-tokens8072B,72,-0.2653,0.1059,-0.3198,0.0739,average_predictors,average_predictors
abs_diff,overall_margin_str,0,per_ckpt,step1850000-tokens8492B,72,-0.2663,0.1109,-0.3217,0.0719,average_predictors,average_predictors
abs_diff,overall_margin_str,0,per_ckpt,step1900000-tokens8912B,72,-0.2653,0.1109,-0.3225,0.0709,average_predictors,average_predictors
abs_diff,overall_margin_str,0,per_ckpt,step1950000-tokens9332B,72,-0.2653,0.1109,-0.3237,0.0709,average_predictors,average_predictors
abs_diff,overall_margin_str,0,per_ckpt,step2000000-tokens9752B,72,-0.2653,0.1109,-0.3236,0.0709,average_predictors,average_predictors
abs_diff,overall_margin_str,0,per_ckpt,step2050000-tokens10172B,72,-0.2643,0.1109,-0.3238,0.0709,average_predictors,average_predictors
abs_diff,overall_margin_str,0,per_ckpt,step2100000-tokens10592B,72,-0.2653,0.1109,-0.3246,0.0709,average_predictors,average_predictors
abs_diff,overall_margin_str,0,per_ckpt,step2150000-tokens11012B,72,-0.2653,0.1109,-0.3258,0.0709,average_predictors,average_predictors
abs_diff,overall_margin_str,0,per_ckpt,step2200000-tokens11432B,72,-0.2653,0.1109,-0.3259,0.0709,average_predictors,average_predictors
abs_diff,overall_margin_str,0,per_ckpt,step2250000-tokens11852B,72,-0.2653,0.1109,-0.3266,0.0709,average_predictors,average_predictors
abs_diff,overall_margin_str,0,per_ckpt,step2300000-tokens12272B,72,-0.2685,0.1009,-0.3271,0.0709,average_predictors,average_predictors
abs_diff,overall_margin_str,0,per_ckpt,step2350000-tokens12692B,72,-0.2685,0.1009,-0.3275,0.0709,average_predictors,average_predictors
abs_diff,overall_margin_str,0,per_ckpt,step2400000-tokens13112B,72,-0.2685,0.1009,-0.3278,0.0709,average_predictors,average_predictors
abs_diff,overall_margin_str,0,per_ckpt,step2450000-tokens13532B,72,-0.2653,0.1109,-0.3273,0.0709,average_predictors,average_predictors
abs_diff,overall_margin_str,0,per_ckpt,step2500000-tokens13952B,72,-0.2653,0.1109,-0.3273,0.0709,average_predictors,average_predictors
abs_diff,overall_margin_str,0,per_ckpt,step2550000-tokens14372B,72,-0.2653,0.1109,-0.3273,0.0709,average_predictors,average_predictors
abs_diff,overall_margin_str,0,per_ckpt,step2600000-tokens14792B,72,-0.2653,0.1109,-0.3277,0.0699,average_predictors,average_predictors
abs_diff,overall_margin_str,0,per_ckpt,step2627139-tokens15T,72,-0.2653,0.1109,-0.328,0.0699,average_predictors,average_predictors
abs_diff,overall_margin_str,0,per_ckpt,main,72,-0.2706,0.1109,-0.3284,0.0699,average_predictors,average_predictors
signed_diff,accuracy_majority,0,per_ckpt,step50000-tokens210B,72,-0.1706,0.4575,-0.1403,0.5445,average_predictors,average_predictors
signed_diff,accuracy_majority,0,per_ckpt,step100000-tokens420B,72,-0.1776,0.4386,-0.1416,0.5345,average_predictors,average_predictors
signed_diff,accuracy_majority,0,per_ckpt,step150000-tokens630B,72,-0.1856,0.4176,-0.1458,0.5255,average_predictors,average_predictors
signed_diff,accuracy_majority,0,per_ckpt,step200000-tokens840B,72,-0.1809,0.4296,-0.1488,0.5145,average_predictors,average_predictors
signed_diff,accuracy_majority,0,per_ckpt,step250000-tokens1050B,72,-0.1863,0.4166,-0.1495,0.5125,average_predictors,average_predictors
signed_diff,accuracy_majority,0,per_ckpt,step300000-tokens1260B,72,-0.1857,0.4176,-0.1505,0.5085,average_predictors,average_predictors
signed_diff,accuracy_majority,0,per_ckpt,step350000-tokens1470B,72,-0.1857,0.4176,-0.1505,0.5095,average_predictors,average_predictors
signed_diff,accuracy_majority,0,per_ckpt,step400000-tokens1680B,72,-0.1812,0.4306,-0.1523,0.5065,average_predictors,average_predictors
signed_diff,accuracy_majority,0,per_ckpt,step450000-tokens1890B,72,-0.1812,0.4306,-0.1529,0.5035,average_predictors,average_predictors
signed_diff,accuracy_majority,0,per_ckpt,step500000-tokens2100B,72,-0.1812,0.4306,-0.1527,0.5045,average_predictors,average_predictors
signed_diff,accuracy_majority,0,per_ckpt,step550000-tokens2310B,72,-0.1782,0.4376,-0.1533,0.5045,average_predictors,average_predictors
signed_diff,accuracy_majority,0,per_ckpt,step600000-tokens2520B,72,-0.1757,0.4436,-0.1529,0.5075,average_predictors,average_predictors
signed_diff,accuracy_majority,0,per_ckpt,step650000-tokens2730B,72,-0.1775,0.4406,-0.153,0.5085,average_predictors,average_predictors
signed_diff,accuracy_majority,0,per_ckpt,step700000-tokens2940B,72,-0.1821,0.4286,-0.1543,0.5065,average_predictors,average_predictors
signed_diff,accuracy_majority,0,per_ckpt,step750000-tokens3150B,72,-0.1821,0.4286,-0.1557,0.5045,average_predictors,average_predictors
signed_diff,accuracy_majority,0,per_ckpt,step800000-tokens3360B,72,-0.1821,0.4286,-0.1561,0.5025,average_predictors,average_predictors
signed_diff,accuracy_majority,0,per_ckpt,step850000-tokens3570B,72,-0.1821,0.4286,-0.1571,0.4995,average_predictors,average_predictors
signed_diff,accuracy_majority,0,per_ckpt,step900000-tokens3780B,72,-0.1821,0.4286,-0.1577,0.4955,average_predictors,average_predictors
signed_diff,accuracy_majority,0,per_ckpt,step950000-tokens3990B,72,-0.1821,0.4286,-0.1584,0.4945,average_predictors,average_predictors
signed_diff,accuracy_majority,0,per_ckpt,step1000000-tokens4200B,72,-0.1821,0.4286,-0.1587,0.4955,average_predictors,average_predictors
signed_diff,accuracy_majority,0,per_ckpt,step1194000-tokens5014B,72,-0.1821,0.4286,-0.1592,0.4925,average_predictors,average_predictors
signed_diff,accuracy_majority,0,per_ckpt,step1432000-tokens6014B,72,-0.1821,0.4286,-0.1594,0.4925,average_predictors,average_predictors
signed_diff,accuracy_majority,0,per_ckpt,step1670000-tokens7014B,72,-0.1821,0.4286,-0.1587,0.4925,average_predictors,average_predictors
signed_diff,accuracy_majority,0,per_ckpt,step1678000-tokens7047B,72,-0.1821,0.4286,-0.1592,0.4905,average_predictors,average_predictors
signed_diff,accuracy_majority,0,per_ckpt,step1700000-tokens7232B,72,-0.1821,0.4286,-0.1595,0.4895,average_predictors,average_predictors
signed_diff,accuracy_majority,0,per_ckpt,step1750000-tokens7652B,72,-0.1821,0.4286,-0.1595,0.4905,average_predictors,average_predictors
signed_diff,accuracy_majority,0,per_ckpt,step1800000-tokens8072B,72,-0.1821,0.4286,-0.1596,0.4895,average_predictors,average_predictors
signed_diff,accuracy_majority,0,per_ckpt,step1850000-tokens8492B,72,-0.1824,0.4296,-0.16,0.4875,average_predictors,average_predictors
signed_diff,accuracy_majority,0,per_ckpt,step1900000-tokens8912B,72,-0.1824,0.4296,-0.1601,0.4865,average_predictors,average_predictors
signed_diff,accuracy_majority,0,per_ckpt,step1950000-tokens9332B,72,-0.1824,0.4296,-0.1595,0.4925,average_predictors,average_predictors
signed_diff,accuracy_majority,0,per_ckpt,step2000000-tokens9752B,72,-0.1824,0.4296,-0.1593,0.4925,average_predictors,average_predictors
signed_diff,accuracy_majority,0,per_ckpt,step2050000-tokens10172B,72,-0.1824,0.4296,-0.1592,0.4915,average_predictors,average_predictors
signed_diff,accuracy_majority,0,per_ckpt,step2100000-tokens10592B,72,-0.1824,0.4296,-0.1591,0.4925,average_predictors,average_predictors
signed_diff,accuracy_majority,0,per_ckpt,step2150000-tokens11012B,72,-0.1824,0.4296,-0.1591,0.4915,average_predictors,average_predictors
signed_diff,accuracy_majority,0,per_ckpt,step2200000-tokens11432B,72,-0.1824,0.4296,-0.1592,0.4915,average_predictors,average_predictors
signed_diff,accuracy_majority,0,per_ckpt,step2250000-tokens11852B,72,-0.1824,0.4296,-0.1594,0.4895,average_predictors,average_predictors
signed_diff,accuracy_majority,0,per_ckpt,step2300000-tokens12272B,72,-0.1884,0.4156,-0.1597,0.4895,average_predictors,average_predictors
signed_diff,accuracy_majority,0,per_ckpt,step2350000-tokens12692B,72,-0.1884,0.4156,-0.1598,0.4885,average_predictors,average_predictors
signed_diff,accuracy_majority,0,per_ckpt,step2400000-tokens13112B,72,-0.1884,0.4156,-0.1597,0.4885,average_predictors,average_predictors
signed_diff,accuracy_majority,0,per_ckpt,step2450000-tokens13532B,72,-0.1824,0.4296,-0.1593,0.4915,average_predictors,average_predictors
signed_diff,accuracy_majority,0,per_ckpt,step2500000-tokens13952B,72,-0.1824,0.4296,-0.1587,0.4945,average_predictors,average_predictors
signed_diff,accuracy_majority,0,per_ckpt,step2550000-tokens14372B,72,-0.1824,0.4296,-0.1584,0.4975,average_predictors,average_predictors
signed_diff,accuracy_majority,0,per_ckpt,step2600000-tokens14792B,72,-0.1824,0.4296,-0.1581,0.4985,average_predictors,average_predictors
signed_diff,accuracy_majority,0,per_ckpt,step2627139-tokens15T,72,-0.1824,0.4296,-0.1576,0.4985,average_predictors,average_predictors
signed_diff,accuracy_majority,0,per_ckpt,main,72,-0.1806,0.4366,-0.1574,0.4985,average_predictors,average_predictors
signed_diff,overall_score,0,per_ckpt,step50000-tokens210B,72,0.024,0.9021,0.0684,0.7433,average_predictors,average_predictors
signed_diff,overall_score,0,per_ckpt,step100000-tokens420B,72,0.0253,0.9001,0.0796,0.7083,average_predictors,average_predictors
signed_diff,overall_score,0,per_ckpt,step150000-tokens630B,72,0.0186,0.9261,0.08,0.7063,average_predictors,average_predictors
signed_diff,overall_score,0,per_ckpt,step200000-tokens840B,72,0.0277,0.8811,0.0809,0.7053,average_predictors,average_predictors
signed_diff,overall_score,0,per_ckpt,step250000-tokens1050B,72,0.02,0.9161,0.0827,0.7063,average_predictors,average_predictors
signed_diff,overall_score,0,per_ckpt,step300000-tokens1260B,72,0.0185,0.9281,0.0827,0.7053,average_predictors,average_predictors
signed_diff,overall_score,0,per_ckpt,step350000-tokens1470B,72,0.0185,0.9281,0.0818,0.7063,average_predictors,average_predictors
signed_diff,overall_score,0,per_ckpt,step400000-tokens1680B,72,0.0246,0.9021,0.0812,0.7083,average_predictors,average_predictors
signed_diff,overall_score,0,per_ckpt,step450000-tokens1890B,72,0.0246,0.9021,0.08,0.7093,average_predictors,average_predictors
signed_diff,overall_score,0,per_ckpt,step500000-tokens2100B,72,0.0246,0.9021,0.079,0.7163,average_predictors,average_predictors
signed_diff,overall_score,0,per_ckpt,step550000-tokens2310B,72,0.0269,0.8931,0.0782,0.7213,average_predictors,average_predictors
signed_diff,overall_score,0,per_ckpt,step600000-tokens2520B,72,0.0288,0.8851,0.0783,0.7203,average_predictors,average_predictors
signed_diff,overall_score,0,per_ckpt,step650000-tokens2730B,72,0.0273,0.8921,0.0773,0.7253,average_predictors,average_predictors
signed_diff,overall_score,0,per_ckpt,step700000-tokens2940B,72,0.0195,0.9181,0.076,0.7293,average_predictors,average_predictors
signed_diff,overall_score,0,per_ckpt,step750000-tokens3150B,72,0.0195,0.9181,0.0742,0.7353,average_predictors,average_predictors
signed_diff,overall_score,0,per_ckpt,step800000-tokens3360B,72,0.0195,0.9181,0.0734,0.7363,average_predictors,average_predictors
signed_diff,overall_score,0,per_ckpt,step850000-tokens3570B,72,0.0195,0.9181,0.0724,0.7393,average_predictors,average_predictors
signed_diff,overall_score,0,per_ckpt,step900000-tokens3780B,72,0.0195,0.9181,0.0717,0.7403,average_predictors,average_predictors
signed_diff,overall_score,0,per_ckpt,step950000-tokens3990B,72,0.0195,0.9181,0.071,0.7413,average_predictors,average_predictors
signed_diff,overall_score,0,per_ckpt,step1000000-tokens4200B,72,0.0195,0.9181,0.0706,0.7423,average_predictors,average_predictors
signed_diff,overall_score,0,per_ckpt,step1194000-tokens5014B,72,0.0195,0.9181,0.0699,0.7453,average_predictors,average_predictors
signed_diff,overall_score,0,per_ckpt,step1432000-tokens6014B,72,0.0195,0.9181,0.0694,0.7483,average_predictors,average_predictors
signed_diff,overall_score,0,per_ckpt,step1670000-tokens7014B,72,0.0195,0.9181,0.0707,0.7443,average_predictors,average_predictors
signed_diff,overall_score,0,per_ckpt,step1678000-tokens7047B,72,0.0195,0.9181,0.0703,0.7453,average_predictors,average_predictors
signed_diff,overall_score,0,per_ckpt,step1700000-tokens7232B,72,0.0195,0.9181,0.0701,0.7453,average_predictors,average_predictors
signed_diff,overall_score,0,per_ckpt,step1750000-tokens7652B,72,0.0195,0.9181,0.0703,0.7443,average_predictors,average_predictors
signed_diff,overall_score,0,per_ckpt,step1800000-tokens8072B,72,0.0195,0.9181,0.0703,0.7453,average_predictors,average_predictors
signed_diff,overall_score,0,per_ckpt,step1850000-tokens8492B,72,0.0181,0.9231,0.07,0.7433,average_predictors,average_predictors
signed_diff,overall_score,0,per_ckpt,step1900000-tokens8912B,72,0.0181,0.9231,0.0696,0.7463,average_predictors,average_predictors
signed_diff,overall_score,0,per_ckpt,step1950000-tokens9332B,72,0.0181,0.9231,0.0702,0.7453,average_predictors,average_predictors
signed_diff,overall_score,0,per_ckpt,step2000000-tokens9752B,72,0.0181,0.9231,0.0706,0.7453,average_predictors,average_predictors
signed_diff,overall_score,0,per_ckpt,step2050000-tokens10172B,72,0.0181,0.9231,0.0705,0.7453,average_predictors,average_predictors
signed_diff,overall_score,0,per_ckpt,step2100000-tokens10592B,72,0.0181,0.9231,0.0709,0.7413,average_predictors,average_predictors
signed_diff,overall_score,0,per_ckpt,step2150000-tokens11012B,72,0.0181,0.9231,0.0712,0.7383,average_predictors,average_predictors
signed_diff,overall_score,0,per_ckpt,step2200000-tokens11432B,72,0.0181,0.9231,0.0712,0.7393,average_predictors,average_predictors
signed_diff,overall_score,0,per_ckpt,step2250000-tokens11852B,72,0.0181,0.9231,0.071,0.7393,average_predictors,average_predictors
signed_diff,overall_score,0,per_ckpt,step2300000-tokens12272B,72,0.0138,0.9461,0.0706,0.7413,average_predictors,average_predictors
signed_diff,overall_score,0,per_ckpt,step2350000-tokens12692B,72,0.0138,0.9461,0.0703,0.7403,average_predictors,average_predictors
signed_diff,overall_score,0,per_ckpt,step2400000-tokens13112B,72,0.0138,0.9461,0.0701,0.7413,average_predictors,average_predictors
signed_diff,overall_score,0,per_ckpt,step2450000-tokens13532B,72,0.0181,0.9231,0.0702,0.7413,average_predictors,average_predictors
signed_diff,overall_score,0,per_ckpt,step2500000-tokens13952B,72,0.0181,0.9231,0.0705,0.7403,average_predictors,average_predictors
signed_diff,overall_score,0,per_ckpt,step2550000-tokens14372B,72,0.0181,0.9231,0.0706,0.7423,average_predictors,average_predictors
signed_diff,overall_score,0,per_ckpt,step2600000-tokens14792B,72,0.0181,0.9231,0.0708,0.7413,average_predictors,average_predictors
signed_diff,overall_score,0,per_ckpt,step2627139-tokens15T,72,0.0181,0.9231,0.0711,0.7423,average_predictors,average_predictors
signed_diff,overall_score,0,per_ckpt,main,72,0.0181,0.9281,0.0713,0.7423,average_predictors,average_predictors
signed_diff,transfer_score,0,per_ckpt,step50000-tokens210B,72,0.0125,0.9231,0.0593,0.6763,average_predictors,average_predictors
signed_diff,transfer_score,0,per_ckpt,step100000-tokens420B,72,0.0135,0.9171,0.0655,0.6444,average_predictors,average_predictors
signed_diff,transfer_score,0,per_ckpt,step150000-tokens630B,72,0.0095,0.9431,0.066,0.6414,average_predictors,average_predictors
signed_diff,transfer_score,0,per_ckpt,step200000-tokens840B,72,0.0143,0.9141,0.0659,0.6384,average_predictors,average_predictors
signed_diff,transfer_score,0,per_ckpt,step250000-tokens1050B,72,0.0102,0.9441,0.0667,0.6354,average_predictors,average_predictors
signed_diff,transfer_score,0,per_ckpt,step300000-tokens1260B,72,0.0097,0.9421,0.0668,0.6344,average_predictors,average_predictors
signed_diff,transfer_score,0,per_ckpt,step350000-tokens1470B,72,0.0097,0.9421,0.066,0.6404,average_predictors,average_predictors
signed_diff,transfer_score,0,per_ckpt,step400000-tokens1680B,72,0.0153,0.9031,0.065,0.6454,average_predictors,average_predictors
signed_diff,transfer_score,0,per_ckpt,step450000-tokens1890B,72,0.0153,0.9031,0.0643,0.6484,average_predictors,average_predictors
signed_diff,transfer_score,0,per_ckpt,step500000-tokens2100B,72,0.0153,0.9031,0.0639,0.6523,average_predictors,average_predictors
signed_diff,transfer_score,0,per_ckpt,step550000-tokens2310B,72,0.0165,0.8961,0.0636,0.6543,average_predictors,average_predictors
signed_diff,transfer_score,0,per_ckpt,step600000-tokens2520B,72,0.0168,0.9011,0.0638,0.6543,average_predictors,average_predictors
signed_diff,transfer_score,0,per_ckpt,step650000-tokens2730B,72,0.0186,0.8891,0.0635,0.6573,average_predictors,average_predictors
signed_diff,transfer_score,0,per_ckpt,step700000-tokens2940B,72,0.0107,0.9381,0.0626,0.6603,average_predictors,average_predictors
signed_diff,transfer_score,0,per_ckpt,step750000-tokens3150B,72,0.0107,0.9381,0.0616,0.6623,average_predictors,average_predictors
signed_diff,transfer_score,0,per_ckpt,step800000-tokens3360B,72,0.0107,0.9381,0.0609,0.6663,average_predictors,average_predictors
signed_diff,transfer_score,0,per_ckpt,step850000-tokens3570B,72,0.0107,0.9381,0.0604,0.6693,average_predictors,average_predictors
signed_diff,transfer_score,0,per_ckpt,step900000-tokens3780B,72,0.0107,0.9381,0.0601,0.6683,average_predictors,average_predictors
signed_diff,transfer_score,0,per_ckpt,step950000-tokens3990B,72,0.0107,0.9381,0.0594,0.6753,average_predictors,average_predictors
signed_diff,transfer_score,0,per_ckpt,step1000000-tokens4200B,72,0.0107,0.9381,0.0594,0.6753,average_predictors,average_predictors
signed_diff,transfer_score,0,per_ckpt,step1194000-tokens5014B,72,0.0107,0.9381,0.0591,0.6763,average_predictors,average_predictors
signed_diff,transfer_score,0,per_ckpt,step1432000-tokens6014B,72,0.0107,0.9381,0.0589,0.6773,average_predictors,average_predictors
signed_diff,transfer_score,0,per_ckpt,step1670000-tokens7014B,72,0.0107,0.9381,0.06,0.6713,average_predictors,average_predictors
signed_diff,transfer_score,0,per_ckpt,step1678000-tokens7047B,72,0.0107,0.9381,0.0598,0.6743,average_predictors,average_predictors
signed_diff,transfer_score,0,per_ckpt,step1700000-tokens7232B,72,0.0107,0.9381,0.0596,0.6743,average_predictors,average_predictors
signed_diff,transfer_score,0,per_ckpt,step1750000-tokens7652B,72,0.0107,0.9381,0.0597,0.6733,average_predictors,average_predictors
signed_diff,transfer_score,0,per_ckpt,step1800000-tokens8072B,72,0.0107,0.9381,0.0595,0.6743,average_predictors,average_predictors
signed_diff,transfer_score,0,per_ckpt,step1850000-tokens8492B,72,0.0099,0.9461,0.0588,0.6763,average_predictors,average_predictors
signed_diff,transfer_score,0,per_ckpt,step1900000-tokens8912B,72,0.0099,0.9461,0.0583,0.6803,average_predictors,average_predictors
signed_diff,transfer_score,0,per_ckpt,step1950000-tokens9332B,72,0.0099,0.9461,0.0585,0.6793,average_predictors,average_predictors
signed_diff,transfer_score,0,per_ckpt,step2000000-tokens9752B,72,0.0099,0.9461,0.0587,0.6783,average_predictors,average_predictors
signed_diff,transfer_score,0,per_ckpt,step2050000-tokens10172B,72,0.0099,0.9461,0.0587,0.6793,average_predictors,average_predictors
signed_diff,transfer_score,0,per_ckpt,step2100000-tokens10592B,72,0.0099,0.9461,0.0589,0.6763,average_predictors,average_predictors
signed_diff,transfer_score,0,per_ckpt,step2150000-tokens11012B,72,0.0099,0.9461,0.0589,0.6763,average_predictors,average_predictors
signed_diff,transfer_score,0,per_ckpt,step2200000-tokens11432B,72,0.0099,0.9461,0.0589,0.6763,average_predictors,average_predictors
signed_diff,transfer_score,0,per_ckpt,step2250000-tokens11852B,72,0.0099,0.9461,0.0585,0.6783,average_predictors,average_predictors
signed_diff,transfer_score,0,per_ckpt,step2300000-tokens12272B,72,0.0059,0.966,0.0583,0.6783,average_predictors,average_predictors
signed_diff,transfer_score,0,per_ckpt,step2350000-tokens12692B,72,0.0059,0.966,0.0583,0.6793,average_predictors,average_predictors
signed_diff,transfer_score,0,per_ckpt,step2400000-tokens13112B,72,0.0059,0.966,0.0584,0.6793,average_predictors,average_predictors
signed_diff,transfer_score,0,per_ckpt,step2450000-tokens13532B,72,0.0099,0.9461,0.0587,0.6783,average_predictors,average_predictors
signed_diff,transfer_score,0,per_ckpt,step2500000-tokens13952B,72,0.0099,0.9461,0.059,0.6763,average_predictors,average_predictors
signed_diff,transfer_score,0,per_ckpt,step2550000-tokens14372B,72,0.0099,0.9461,0.0592,0.6763,average_predictors,average_predictors
signed_diff,transfer_score,0,per_ckpt,step2600000-tokens14792B,72,0.0099,0.9461,0.0593,0.6743,average_predictors,average_predictors
signed_diff,transfer_score,0,per_ckpt,step2627139-tokens15T,72,0.0099,0.9461,0.0596,0.6723,average_predictors,average_predictors
signed_diff,transfer_score,0,per_ckpt,main,72,0.011,0.9341,0.0598,0.6723,average_predictors,average_predictors
signed_diff,transfer_score_str,0,per_ckpt,step50000-tokens210B,72,0.0255,0.8931,0.0167,0.9211,average_predictors,average_predictors
signed_diff,transfer_score_str,0,per_ckpt,step100000-tokens420B,72,0.0345,0.8571,0.0288,0.8811,average_predictors,average_predictors
signed_diff,transfer_score_str,0,per_ckpt,step150000-tokens630B,72,0.0356,0.8571,0.0297,0.8781,average_predictors,average_predictors
signed_diff,transfer_score_str,0,per_ckpt,step200000-tokens840B,72,0.0439,0.8182,0.0297,0.8821,average_predictors,average_predictors
signed_diff,transfer_score_str,0,per_ckpt,step250000-tokens1050B,72,0.033,0.8631,0.0286,0.8881,average_predictors,average_predictors
signed_diff,transfer_score_str,0,per_ckpt,step300000-tokens1260B,72,0.0325,0.8641,0.0271,0.8891,average_predictors,average_predictors
signed_diff,transfer_score_str,0,per_ckpt,step350000-tokens1470B,72,0.0325,0.8641,0.0262,0.8941,average_predictors,average_predictors
signed_diff,transfer_score_str,0,per_ckpt,step400000-tokens1680B,72,0.0399,0.8332,0.0244,0.8981,average_predictors,average_predictors
signed_diff,transfer_score_str,0,per_ckpt,step450000-tokens1890B,72,0.0399,0.8332,0.0228,0.9051,average_predictors,average_predictors
signed_diff,transfer_score_str,0,per_ckpt,step500000-tokens2100B,72,0.0399,0.8332,0.0215,0.9131,average_predictors,average_predictors
signed_diff,transfer_score_str,0,per_ckpt,step550000-tokens2310B,72,0.0395,0.8342,0.0204,0.9181,average_predictors,average_predictors
signed_diff,transfer_score_str,0,per_ckpt,step600000-tokens2520B,72,0.0383,0.8442,0.0189,0.9251,average_predictors,average_predictors
signed_diff,transfer_score_str,0,per_ckpt,step650000-tokens2730B,72,0.034,0.8591,0.0166,0.9301,average_predictors,average_predictors
signed_diff,transfer_score_str,0,per_ckpt,step700000-tokens2940B,72,0.0274,0.8901,0.0143,0.9441,average_predictors,average_predictors
signed_diff,transfer_score_str,0,per_ckpt,step750000-tokens3150B,72,0.0274,0.8901,0.0126,0.957,average_predictors,average_predictors
signed_diff,transfer_score_str,0,per_ckpt,step800000-tokens3360B,72,0.0274,0.8901,0.0109,0.96,average_predictors,average_predictors
signed_diff,transfer_score_str,0,per_ckpt,step850000-tokens3570B,72,0.0274,0.8901,0.0099,0.962,average_predictors,average_predictors
signed_diff,transfer_score_str,0,per_ckpt,step900000-tokens3780B,72,0.0274,0.8901,0.0099,0.962,average_predictors,average_predictors
signed_diff,transfer_score_str,0,per_ckpt,step950000-tokens3990B,72,0.0274,0.8901,0.0089,0.967,average_predictors,average_predictors
signed_diff,transfer_score_str,0,per_ckpt,step1000000-tokens4200B,72,0.0274,0.8901,0.0085,0.968,average_predictors,average_predictors
signed_diff,transfer_score_str,0,per_ckpt,step1194000-tokens5014B,72,0.0274,0.8901,0.0079,0.97,average_predictors,average_predictors
signed_diff,transfer_score_str,0,per_ckpt,step1432000-tokens6014B,72,0.0274,0.8901,0.0071,0.974,average_predictors,average_predictors
signed_diff,transfer_score_str,0,per_ckpt,step1670000-tokens7014B,72,0.0274,0.8901,0.0098,0.965,average_predictors,average_predictors
signed_diff,transfer_score_str,0,per_ckpt,step1678000-tokens7047B,72,0.0274,0.8901,0.0096,0.965,average_predictors,average_predictors
signed_diff,transfer_score_str,0,per_ckpt,step1700000-tokens7232B,72,0.0274,0.8901,0.0097,0.965,average_predictors,average_predictors
signed_diff,transfer_score_str,0,per_ckpt,step1750000-tokens7652B,72,0.0274,0.8901,0.0103,0.964,average_predictors,average_predictors
signed_diff,transfer_score_str,0,per_ckpt,step1800000-tokens8072B,72,0.0274,0.8901,0.01,0.964,average_predictors,average_predictors
signed_diff,transfer_score_str,0,per_ckpt,step1850000-tokens8492B,72,0.0255,0.8941,0.0095,0.963,average_predictors,average_predictors
signed_diff,transfer_score_str,0,per_ckpt,step1900000-tokens8912B,72,0.0255,0.8941,0.0089,0.966,average_predictors,average_predictors
signed_diff,transfer_score_str,0,per_ckpt,step1950000-tokens9332B,72,0.0255,0.8941,0.0084,0.969,average_predictors,average_predictors
signed_diff,transfer_score_str,0,per_ckpt,step2000000-tokens9752B,72,0.0255,0.8941,0.0085,0.967,average_predictors,average_predictors
signed_diff,transfer_score_str,0,per_ckpt,step2050000-tokens10172B,72,0.0255,0.8941,0.0081,0.97,average_predictors,average_predictors
signed_diff,transfer_score_str,0,per_ckpt,step2100000-tokens10592B,72,0.0255,0.8941,0.0084,0.97,average_predictors,average_predictors
signed_diff,transfer_score_str,0,per_ckpt,step2150000-tokens11012B,72,0.0255,0.8941,0.0082,0.97,average_predictors,average_predictors
signed_diff,transfer_score_str,0,per_ckpt,step2200000-tokens11432B,72,0.0255,0.8941,0.0081,0.971,average_predictors,average_predictors
signed_diff,transfer_score_str,0,per_ckpt,step2250000-tokens11852B,72,0.0255,0.8941,0.0077,0.972,average_predictors,average_predictors
signed_diff,transfer_score_str,0,per_ckpt,step2300000-tokens12272B,72,0.0231,0.9041,0.0077,0.971,average_predictors,average_predictors
signed_diff,transfer_score_str,0,per_ckpt,step2350000-tokens12692B,72,0.0231,0.9041,0.0074,0.973,average_predictors,average_predictors
signed_diff,transfer_score_str,0,per_ckpt,step2400000-tokens13112B,72,0.0231,0.9041,0.0073,0.973,average_predictors,average_predictors
signed_diff,transfer_score_str,0,per_ckpt,step2450000-tokens13532B,72,0.0255,0.8941,0.0074,0.972,average_predictors,average_predictors
signed_diff,transfer_score_str,0,per_ckpt,step2500000-tokens13952B,72,0.0255,0.8941,0.0072,0.974,average_predictors,average_predictors
signed_diff,transfer_score_str,0,per_ckpt,step2550000-tokens14372B,72,0.0255,0.8941,0.0069,0.976,average_predictors,average_predictors
signed_diff,transfer_score_str,0,per_ckpt,step2600000-tokens14792B,72,0.0255,0.8941,0.0067,0.977,average_predictors,average_predictors
signed_diff,transfer_score_str,0,per_ckpt,step2627139-tokens15T,72,0.0255,0.8941,0.0065,0.977,average_predictors,average_predictors
signed_diff,transfer_score_str,0,per_ckpt,main,72,0.0221,0.9051,0.0064,0.979,average_predictors,average_predictors
signed_diff,overall_score_str,0,per_ckpt,step50000-tokens210B,72,0.0924,0.6244,0.0039,0.987,average_predictors,average_predictors
signed_diff,overall_score_str,0,per_ckpt,step100000-tokens420B,72,0.0931,0.6094,0.0105,0.97,average_predictors,average_predictors
signed_diff,overall_score_str,0,per_ckpt,step150000-tokens630B,72,0.0879,0.6364,0.0109,0.968,average_predictors,average_predictors
signed_diff,overall_score_str,0,per_ckpt,step200000-tokens840B,72,0.0931,0.6084,0.0099,0.968,average_predictors,average_predictors
signed_diff,overall_score_str,0,per_ckpt,step250000-tokens1050B,72,0.0893,0.6274,0.0114,0.963,average_predictors,average_predictors
signed_diff,overall_score_str,0,per_ckpt,step300000-tokens1260B,72,0.0912,0.6174,0.0121,0.961,average_predictors,average_predictors
signed_diff,overall_score_str,0,per_ckpt,step350000-tokens1470B,72,0.0912,0.6174,0.0114,0.963,average_predictors,average_predictors
signed_diff,overall_score_str,0,per_ckpt,step400000-tokens1680B,72,0.1055,0.5744,0.0112,0.961,average_predictors,average_predictors
signed_diff,overall_score_str,0,per_ckpt,step450000-tokens1890B,72,0.1055,0.5744,0.0103,0.967,average_predictors,average_predictors
signed_diff,overall_score_str,0,per_ckpt,step500000-tokens2100B,72,0.1055,0.5744,0.0095,0.965,average_predictors,average_predictors
signed_diff,overall_score_str,0,per_ckpt,step550000-tokens2310B,72,0.107,0.5694,0.0094,0.969,average_predictors,average_predictors
signed_diff,overall_score_str,0,per_ckpt,step600000-tokens2520B,72,0.1078,0.5664,0.0097,0.967,average_predictors,average_predictors
signed_diff,overall_score_str,0,per_ckpt,step650000-tokens2730B,72,0.1068,0.5714,0.009,0.971,average_predictors,average_predictors
signed_diff,overall_score_str,0,per_ckpt,step700000-tokens2940B,72,0.1027,0.5834,0.0082,0.975,average_predictors,average_predictors
signed_diff,overall_score_str,0,per_ckpt,step750000-tokens3150B,72,0.1027,0.5834,0.0076,0.979,average_predictors,average_predictors
signed_diff,overall_score_str,0,per_ckpt,step800000-tokens3360B,72,0.1027,0.5834,0.0068,0.98,average_predictors,average_predictors
signed_diff,overall_score_str,0,per_ckpt,step850000-tokens3570B,72,0.1027,0.5834,0.0068,0.984,average_predictors,average_predictors
signed_diff,overall_score_str,0,per_ckpt,step900000-tokens3780B,72,0.1027,0.5834,0.0067,0.984,average_predictors,average_predictors
signed_diff,overall_score_str,0,per_ckpt,step950000-tokens3990B,72,0.1027,0.5834,0.0059,0.985,average_predictors,average_predictors
signed_diff,overall_score_str,0,per_ckpt,step1000000-tokens4200B,72,0.1027,0.5834,0.0056,0.985,average_predictors,average_predictors
signed_diff,overall_score_str,0,per_ckpt,step1194000-tokens5014B,72,0.1027,0.5834,0.0047,0.988,average_predictors,average_predictors
signed_diff,overall_score_str,0,per_ckpt,step1432000-tokens6014B,72,0.1027,0.5834,0.0041,0.991,average_predictors,average_predictors
signed_diff,overall_score_str,0,per_ckpt,step1670000-tokens7014B,72,0.1027,0.5834,0.0051,0.988,average_predictors,average_predictors
signed_diff,overall_score_str,0,per_ckpt,step1678000-tokens7047B,72,0.1027,0.5834,0.0046,0.988,average_predictors,average_predictors
signed_diff,overall_score_str,0,per_ckpt,step1700000-tokens7232B,72,0.1027,0.5834,0.0045,0.988,average_predictors,average_predictors
signed_diff,overall_score_str,0,per_ckpt,step1750000-tokens7652B,72,0.1027,0.5834,0.0046,0.988,average_predictors,average_predictors
signed_diff,overall_score_str,0,per_ckpt,step1800000-tokens8072B,72,0.1027,0.5834,0.0048,0.987,average_predictors,average_predictors
signed_diff,overall_score_str,0,per_ckpt,step1850000-tokens8492B,72,0.1001,0.5994,0.0049,0.986,average_predictors,average_predictors
signed_diff,overall_score_str,0,per_ckpt,step1900000-tokens8912B,72,0.1001,0.5994,0.0048,0.987,average_predictors,average_predictors
signed_diff,overall_score_str,0,per_ckpt,step1950000-tokens9332B,72,0.1001,0.5994,0.0052,0.984,average_predictors,average_predictors
signed_diff,overall_score_str,0,per_ckpt,step2000000-tokens9752B,72,0.1001,0.5994,0.0054,0.985,average_predictors,average_predictors
signed_diff,overall_score_str,0,per_ckpt,step2050000-tokens10172B,72,0.1001,0.5994,0.0052,0.985,average_predictors,average_predictors
signed_diff,overall_score_str,0,per_ckpt,step2100000-tokens10592B,72,0.1001,0.5994,0.0056,0.985,average_predictors,average_predictors
signed_diff,overall_score_str,0,per_ckpt,step2150000-tokens11012B,72,0.1001,0.5994,0.0059,0.983,average_predictors,average_predictors
signed_diff,overall_score_str,0,per_ckpt,step2200000-tokens11432B,72,0.1001,0.5994,0.0058,0.984,average_predictors,average_predictors
signed_diff,overall_score_str,0,per_ckpt,step2250000-tokens11852B,72,0.1001,0.5994,0.0058,0.984,average_predictors,average_predictors
signed_diff,overall_score_str,0,per_ckpt,step2300000-tokens12272B,72,0.0982,0.6114,0.0058,0.985,average_predictors,average_predictors
signed_diff,overall_score_str,0,per_ckpt,step2350000-tokens12692B,72,0.0982,0.6114,0.0057,0.985,average_predictors,average_predictors
signed_diff,overall_score_str,0,per_ckpt,step2400000-tokens13112B,72,0.0982,0.6114,0.0057,0.984,average_predictors,average_predictors
signed_diff,overall_score_str,0,per_ckpt,step2450000-tokens13532B,72,0.1001,0.5994,0.0058,0.985,average_predictors,average_predictors
signed_diff,overall_score_str,0,per_ckpt,step2500000-tokens13952B,72,0.1001,0.5994,0.006,0.985,average_predictors,average_predictors
signed_diff,overall_score_str,0,per_ckpt,step2550000-tokens14372B,72,0.1001,0.5994,0.006,0.986,average_predictors,average_predictors
signed_diff,overall_score_str,0,per_ckpt,step2600000-tokens14792B,72,0.1001,0.5994,0.0061,0.985,average_predictors,average_predictors
signed_diff,overall_score_str,0,per_ckpt,step2627139-tokens15T,72,0.1001,0.5994,0.0063,0.984,average_predictors,average_predictors
signed_diff,overall_score_str,0,per_ckpt,main,72,0.0994,0.6054,0.0066,0.984,average_predictors,average_predictors
signed_diff,transfer_margin_str,0,per_ckpt,step50000-tokens210B,72,0.368,0.1538,0.314,0.2488,average_predictors,average_predictors
signed_diff,transfer_margin_str,0,per_ckpt,step100000-tokens420B,72,0.3759,0.1469,0.3262,0.2288,average_predictors,average_predictors
signed_diff,transfer_margin_str,0,per_ckpt,step150000-tokens630B,72,0.3859,0.1309,0.3318,0.2208,average_predictors,average_predictors
signed_diff,transfer_margin_str,0,per_ckpt,step200000-tokens840B,72,0.3845,0.1319,0.3354,0.2178,average_predictors,average_predictors
signed_diff,transfer_margin_str,0,per_ckpt,step250000-tokens1050B,72,0.3833,0.1339,0.3344,0.2168,average_predictors,average_predictors
signed_diff,transfer_margin_str,0,per_ckpt,step300000-tokens1260B,72,0.3813,0.1349,0.3327,0.2168,average_predictors,average_predictors
signed_diff,transfer_margin_str,0,per_ckpt,step350000-tokens1470B,72,0.3813,0.1349,0.3309,0.2208,average_predictors,average_predictors
signed_diff,transfer_margin_str,0,per_ckpt,step400000-tokens1680B,72,0.3699,0.1508,0.3279,0.2228,average_predictors,average_predictors
signed_diff,transfer_margin_str,0,per_ckpt,step450000-tokens1890B,72,0.3699,0.1508,0.3267,0.2218,average_predictors,average_predictors
signed_diff,transfer_margin_str,0,per_ckpt,step500000-tokens2100B,72,0.3699,0.1508,0.325,0.2258,average_predictors,average_predictors
signed_diff,transfer_margin_str,0,per_ckpt,step550000-tokens2310B,72,0.3669,0.1568,0.3232,0.2268,average_predictors,average_predictors
signed_diff,transfer_margin_str,0,per_ckpt,step600000-tokens2520B,72,0.3633,0.1638,0.3208,0.2308,average_predictors,average_predictors
signed_diff,transfer_margin_str,0,per_ckpt,step650000-tokens2730B,72,0.3601,0.1668,0.3194,0.2308,average_predictors,average_predictors
signed_diff,transfer_margin_str,0,per_ckpt,step700000-tokens2940B,72,0.359,0.1698,0.3181,0.2308,average_predictors,average_predictors
signed_diff,transfer_margin_str,0,per_ckpt,step750000-tokens3150B,72,0.359,0.1698,0.3171,0.2328,average_predictors,average_predictors
signed_diff,transfer_margin_str,0,per_ckpt,step800000-tokens3360B,72,0.359,0.1698,0.3155,0.2338,average_predictors,average_predictors
signed_diff,transfer_margin_str,0,per_ckpt,step850000-tokens3570B,72,0.359,0.1698,0.3148,0.2348,average_predictors,average_predictors
signed_diff,transfer_margin_str,0,per_ckpt,step900000-tokens3780B,72,0.359,0.1698,0.3147,0.2338,average_predictors,average_predictors
signed_diff,transfer_margin_str,0,per_ckpt,step950000-tokens3990B,72,0.359,0.1698,0.3145,0.2348,average_predictors,average_predictors
signed_diff,transfer_margin_str,0,per_ckpt,step1000000-tokens4200B,72,0.359,0.1698,0.3148,0.2348,average_predictors,average_predictors
signed_diff,transfer_margin_str,0,per_ckpt,step1194000-tokens5014B,72,0.359,0.1698,0.3156,0.2328,average_predictors,average_predictors
signed_diff,transfer_margin_str,0,per_ckpt,step1432000-tokens6014B,72,0.359,0.1698,0.3159,0.2328,average_predictors,average_predictors
signed_diff,transfer_margin_str,0,per_ckpt,step1670000-tokens7014B,72,0.359,0.1698,0.3192,0.2288,average_predictors,average_predictors
signed_diff,transfer_margin_str,0,per_ckpt,step1678000-tokens7047B,72,0.359,0.1698,0.3198,0.2288,average_predictors,average_predictors
signed_diff,transfer_margin_str,0,per_ckpt,step1700000-tokens7232B,72,0.359,0.1698,0.3197,0.2288,average_predictors,average_predictors
signed_diff,transfer_margin_str,0,per_ckpt,step1750000-tokens7652B,72,0.359,0.1698,0.3205,0.2288,average_predictors,average_predictors
signed_diff,transfer_margin_str,0,per_ckpt,step1800000-tokens8072B,72,0.359,0.1698,0.3196,0.2288,average_predictors,average_predictors
signed_diff,transfer_margin_str,0,per_ckpt,step1850000-tokens8492B,72,0.3597,0.1708,0.3183,0.2288,average_predictors,average_predictors
signed_diff,transfer_margin_str,0,per_ckpt,step1900000-tokens8912B,72,0.3597,0.1708,0.317,0.2318,average_predictors,average_predictors
signed_diff,transfer_margin_str,0,per_ckpt,step1950000-tokens9332B,72,0.3597,0.1708,0.3155,0.2328,average_predictors,average_predictors
signed_diff,transfer_margin_str,0,per_ckpt,step2000000-tokens9752B,72,0.3597,0.1708,0.3152,0.2328,average_predictors,average_predictors
signed_diff,transfer_margin_str,0,per_ckpt,step2050000-tokens10172B,72,0.3597,0.1708,0.3152,0.2328,average_predictors,average_predictors
signed_diff,transfer_margin_str,0,per_ckpt,step2100000-tokens10592B,72,0.3597,0.1708,0.3153,0.2328,average_predictors,average_predictors
signed_diff,transfer_margin_str,0,per_ckpt,step2150000-tokens11012B,72,0.3597,0.1708,0.3145,0.2328,average_predictors,average_predictors
signed_diff,transfer_margin_str,0,per_ckpt,step2200000-tokens11432B,72,0.3597,0.1708,0.3145,0.2328,average_predictors,average_predictors
signed_diff,transfer_margin_str,0,per_ckpt,step2250000-tokens11852B,72,0.3597,0.1708,0.3138,0.2348,average_predictors,average_predictors
signed_diff,transfer_margin_str,0,per_ckpt,step2300000-tokens12272B,72,0.3608,0.1688,0.3139,0.2348,average_predictors,average_predictors
signed_diff,transfer_margin_str,0,per_ckpt,step2350000-tokens12692B,72,0.3608,0.1688,0.3142,0.2338,average_predictors,average_predictors
signed_diff,transfer_margin_str,0,per_ckpt,step2400000-tokens13112B,72,0.3608,0.1688,0.3147,0.2338,average_predictors,average_predictors
signed_diff,transfer_margin_str,0,per_ckpt,step2450000-tokens13532B,72,0.3597,0.1708,0.3148,0.2338,average_predictors,average_predictors
signed_diff,transfer_margin_str,0,per_ckpt,step2500000-tokens13952B,72,0.3597,0.1708,0.3147,0.2338,average_predictors,average_predictors
signed_diff,transfer_margin_str,0,per_ckpt,step2550000-tokens14372B,72,0.3597,0.1708,0.3147,0.2338,average_predictors,average_predictors
signed_diff,transfer_margin_str,0,per_ckpt,step2600000-tokens14792B,72,0.3597,0.1708,0.3146,0.2338,average_predictors,average_predictors
signed_diff,transfer_margin_str,0,per_ckpt,step2627139-tokens15T,72,0.3597,0.1708,0.3143,0.2348,average_predictors,average_predictors
signed_diff,transfer_margin_str,0,per_ckpt,main,72,0.359,0.1718,0.3141,0.2348,average_predictors,average_predictors
signed_diff,overall_margin_str,0,per_ckpt,step50000-tokens210B,72,0.325,0.1319,0.3512,0.1009,average_predictors,average_predictors
signed_diff,overall_margin_str,0,per_ckpt,step100000-tokens420B,72,0.3227,0.1369,0.3609,0.0909,average_predictors,average_predictors
signed_diff,overall_margin_str,0,per_ckpt,step150000-tokens630B,72,0.3222,0.1399,0.3652,0.0889,average_predictors,average_predictors
signed_diff,overall_margin_str,0,per_ckpt,step200000-tokens840B,72,0.3223,0.1359,0.3662,0.0859,average_predictors,average_predictors
signed_diff,overall_margin_str,0,per_ckpt,step250000-tokens1050B,72,0.3237,0.1349,0.3685,0.0829,average_predictors,average_predictors
signed_diff,overall_margin_str,0,per_ckpt,step300000-tokens1260B,72,0.3266,0.1309,0.3704,0.0829,average_predictors,average_predictors
signed_diff,overall_margin_str,0,per_ckpt,step350000-tokens1470B,72,0.3266,0.1309,0.3688,0.0829,average_predictors,average_predictors
signed_diff,overall_margin_str,0,per_ckpt,step400000-tokens1680B,72,0.3374,0.1209,0.3689,0.0859,average_predictors,average_predictors
signed_diff,overall_margin_str,0,per_ckpt,step450000-tokens1890B,72,0.3374,0.1209,0.3686,0.0859,average_predictors,average_predictors
signed_diff,overall_margin_str,0,per_ckpt,step500000-tokens2100B,72,0.3374,0.1209,0.3681,0.0829,average_predictors,average_predictors
signed_diff,overall_margin_str,0,per_ckpt,step550000-tokens2310B,72,0.3383,0.1189,0.3688,0.0829,average_predictors,average_predictors
signed_diff,overall_margin_str,0,per_ckpt,step600000-tokens2520B,72,0.3396,0.1169,0.3693,0.0819,average_predictors,average_predictors
signed_diff,overall_margin_str,0,per_ckpt,step650000-tokens2730B,72,0.3402,0.1149,0.3693,0.0829,average_predictors,average_predictors
signed_diff,overall_margin_str,0,per_ckpt,step700000-tokens2940B,72,0.3358,0.1229,0.3693,0.0829,average_predictors,average_predictors
signed_diff,overall_margin_str,0,per_ckpt,step750000-tokens3150B,72,0.3358,0.1229,0.3692,0.0799,average_predictors,average_predictors
signed_diff,overall_margin_str,0,per_ckpt,step800000-tokens3360B,72,0.3358,0.1229,0.3684,0.0819,average_predictors,average_predictors
signed_diff,overall_margin_str,0,per_ckpt,step850000-tokens3570B,72,0.3358,0.1229,0.3688,0.0809,average_predictors,average_predictors
signed_diff,overall_margin_str,0,per_ckpt,step900000-tokens3780B,72,0.3358,0.1229,0.3691,0.0819,average_predictors,average_predictors
signed_diff,overall_margin_str,0,per_ckpt,step950000-tokens3990B,72,0.3358,0.1229,0.3683,0.0819,average_predictors,average_predictors
signed_diff,overall_margin_str,0,per_ckpt,step1000000-tokens4200B,72,0.3358,0.1229,0.3684,0.0819,average_predictors,average_predictors
signed_diff,overall_margin_str,0,per_ckpt,step1194000-tokens5014B,72,0.3358,0.1229,0.3684,0.0819,average_predictors,average_predictors
signed_diff,overall_margin_str,0,per_ckpt,step1432000-tokens6014B,72,0.3358,0.1229,0.3681,0.0819,average_predictors,average_predictors
signed_diff,overall_margin_str,0,per_ckpt,step1670000-tokens7014B,72,0.3358,0.1229,0.3695,0.0799,average_predictors,average_predictors
signed_diff,overall_margin_str,0,per_ckpt,step1678000-tokens7047B,72,0.3358,0.1229,0.3694,0.0799,average_predictors,average_predictors
signed_diff,overall_margin_str,0,per_ckpt,step1700000-tokens7232B,72,0.3358,0.1229,0.3692,0.0799,average_predictors,average_predictors
signed_diff,overall_margin_str,0,per_ckpt,step1750000-tokens7652B,72,0.3358,0.1229,0.3693,0.0809,average_predictors,average_predictors
signed_diff,overall_margin_str,0,per_ckpt,step1800000-tokens8072B,72,0.3358,0.1229,0.3688,0.0809,average_predictors,average_predictors
signed_diff,overall_margin_str,0,per_ckpt,step1850000-tokens8492B,72,0.3328,0.1279,0.3678,0.0839,average_predictors,average_predictors
signed_diff,overall_margin_str,0,per_ckpt,step1900000-tokens8912B,72,0.3328,0.1279,0.3669,0.0839,average_predictors,average_predictors
signed_diff,overall_margin_str,0,per_ckpt,step1950000-tokens9332B,72,0.3328,0.1279,0.3663,0.0829,average_predictors,average_predictors
signed_diff,overall_margin_str,0,per_ckpt,step2000000-tokens9752B,72,0.3328,0.1279,0.3665,0.0839,average_predictors,average_predictors
signed_diff,overall_margin_str,0,per_ckpt,step2050000-tokens10172B,72,0.3328,0.1279,0.3663,0.0839,average_predictors,average_predictors
signed_diff,overall_margin_str,0,per_ckpt,step2100000-tokens10592B,72,0.3328,0.1279,0.3666,0.0819,average_predictors,average_predictors
signed_diff,overall_margin_str,0,per_ckpt,step2150000-tokens11012B,72,0.3328,0.1279,0.3663,0.0829,average_predictors,average_predictors
signed_diff,overall_margin_str,0,per_ckpt,step2200000-tokens11432B,72,0.3328,0.1279,0.3664,0.0829,average_predictors,average_predictors
signed_diff,overall_margin_str,0,per_ckpt,step2250000-tokens11852B,72,0.3328,0.1279,0.3658,0.0839,average_predictors,average_predictors
signed_diff,overall_margin_str,0,per_ckpt,step2300000-tokens12272B,72,0.3308,0.1299,0.366,0.0839,average_predictors,average_predictors
signed_diff,overall_margin_str,0,per_ckpt,step2350000-tokens12692B,72,0.3308,0.1299,0.3662,0.0829,average_predictors,average_predictors
signed_diff,overall_margin_str,0,per_ckpt,step2400000-tokens13112B,72,0.3308,0.1299,0.3664,0.0829,average_predictors,average_predictors
signed_diff,overall_margin_str,0,per_ckpt,step2450000-tokens13532B,72,0.3328,0.1279,0.3667,0.0829,average_predictors,average_predictors
signed_diff,overall_margin_str,0,per_ckpt,step2500000-tokens13952B,72,0.3328,0.1279,0.367,0.0809,average_predictors,average_predictors
signed_diff,overall_margin_str,0,per_ckpt,step2550000-tokens14372B,72,0.3328,0.1279,0.3672,0.0809,average_predictors,average_predictors
signed_diff,overall_margin_str,0,per_ckpt,step2600000-tokens14792B,72,0.3328,0.1279,0.3674,0.0809,average_predictors,average_predictors
signed_diff,overall_margin_str,0,per_ckpt,step2627139-tokens15T,72,0.3328,0.1279,0.3676,0.0809,average_predictors,average_predictors
signed_diff,overall_margin_str,0,per_ckpt,main,72,0.3341,0.1259,0.3681,0.0809,average_predictors,average_predictors
min_rankme,accuracy_majority,0,per_ckpt,step50000-tokens210B,72,-0.0865,0.5315,-0.1024,0.4805,average_predictors,average_predictors
min_rankme,accuracy_majority,0,per_ckpt,step100000-tokens420B,72,-0.0956,0.5315,-0.1004,0.4855,average_predictors,average_predictors
min_rankme,accuracy_majority,0,per_ckpt,step150000-tokens630B,72,-0.097,0.5315,-0.1013,0.4785,average_predictors,average_predictors
min_rankme,accuracy_majority,0,per_ckpt,step200000-tokens840B,72,-0.0902,0.5614,-0.1017,0.4805,average_predictors,average_predictors
min_rankme,accuracy_majority,0,per_ckpt,step250000-tokens1050B,72,-0.0873,0.5315,-0.1015,0.4795,average_predictors,average_predictors
min_rankme,accuracy_majority,0,per_ckpt,step300000-tokens1260B,72,-0.1024,0.5315,-0.1024,0.4745,average_predictors,average_predictors
min_rankme,accuracy_majority,0,per_ckpt,step350000-tokens1470B,72,-0.1017,0.5315,-0.103,0.4735,average_predictors,average_predictors
min_rankme,accuracy_majority,0,per_ckpt,step400000-tokens1680B,72,-0.1019,0.4725,-0.1043,0.4645,average_predictors,average_predictors
min_rankme,accuracy_majority,0,per_ckpt,step450000-tokens1890B,72,-0.1051,0.4725,-0.1049,0.4575,average_predictors,average_predictors
min_rankme,accuracy_majority,0,per_ckpt,step500000-tokens2100B,72,-0.1087,0.4725,-0.1057,0.4535,average_predictors,average_predictors
min_rankme,accuracy_majority,0,per_ckpt,step550000-tokens2310B,72,-0.1087,0.4725,-0.1069,0.4486,average_predictors,average_predictors
min_rankme,accuracy_majority,0,per_ckpt,step600000-tokens2520B,72,-0.1087,0.4725,-0.1071,0.4466,average_predictors,average_predictors
min_rankme,accuracy_majority,0,per_ckpt,step650000-tokens2730B,72,-0.1087,0.4725,-0.1072,0.4426,average_predictors,average_predictors
min_rankme,accuracy_majority,0,per_ckpt,step700000-tokens2940B,72,-0.1087,0.4725,-0.1078,0.4396,average_predictors,average_predictors
min_rankme,accuracy_majority,0,per_ckpt,step750000-tokens3150B,72,-0.1087,0.4725,-0.1082,0.4356,average_predictors,average_predictors
min_rankme,accuracy_majority,0,per_ckpt,step800000-tokens3360B,72,-0.1143,0.4725,-0.1084,0.4356,average_predictors,average_predictors
min_rankme,accuracy_majority,0,per_ckpt,step850000-tokens3570B,72,-0.1161,0.4725,-0.1088,0.4346,average_predictors,average_predictors
min_rankme,accuracy_majority,0,per_ckpt,step900000-tokens3780B,72,-0.1161,0.4725,-0.1095,0.4326,average_predictors,average_predictors
min_rankme,accuracy_majority,0,per_ckpt,step950000-tokens3990B,72,-0.1115,0.4725,-0.1095,0.4326,average_predictors,average_predictors
min_rankme,accuracy_majority,0,per_ckpt,step1000000-tokens4200B,72,-0.1115,0.4725,-0.1096,0.4326,average_predictors,average_predictors
min_rankme,accuracy_majority,0,per_ckpt,step1194000-tokens5014B,72,-0.1145,0.4725,-0.1098,0.4316,average_predictors,average_predictors
min_rankme,accuracy_majority,0,per_ckpt,step1432000-tokens6014B,72,-0.1145,0.4725,-0.1097,0.4316,average_predictors,average_predictors
min_rankme,accuracy_majority,0,per_ckpt,step1670000-tokens7014B,72,-0.0896,0.4725,-0.1071,0.4326,average_predictors,average_predictors
min_rankme,accuracy_majority,0,per_ckpt,step1678000-tokens7047B,72,-0.0896,0.4725,-0.1072,0.4326,average_predictors,average_predictors
min_rankme,accuracy_majority,0,per_ckpt,step1700000-tokens7232B,72,-0.0896,0.4725,-0.1074,0.4326,average_predictors,average_predictors
min_rankme,accuracy_majority,0,per_ckpt,step1750000-tokens7652B,72,-0.0931,0.4725,-0.1072,0.4336,average_predictors,average_predictors
min_rankme,accuracy_majority,0,per_ckpt,step1800000-tokens8072B,72,-0.0931,0.4725,-0.1072,0.4336,average_predictors,average_predictors
min_rankme,accuracy_majority,0,per_ckpt,step1850000-tokens8492B,72,-0.0922,0.4725,-0.107,0.4356,average_predictors,average_predictors
min_rankme,accuracy_majority,0,per_ckpt,step1900000-tokens8912B,72,-0.0882,0.4725,-0.107,0.4356,average_predictors,average_predictors
min_rankme,accuracy_majority,0,per_ckpt,step1950000-tokens9332B,72,-0.0729,0.4725,-0.1069,0.4346,average_predictors,average_predictors
min_rankme,accuracy_majority,0,per_ckpt,step2000000-tokens9752B,72,-0.076,0.4725,-0.1071,0.4336,average_predictors,average_predictors
min_rankme,accuracy_majority,0,per_ckpt,step2050000-tokens10172B,72,-0.076,0.4725,-0.107,0.4346,average_predictors,average_predictors
min_rankme,accuracy_majority,0,per_ckpt,step2100000-tokens10592B,72,-0.076,0.4725,-0.1069,0.4346,average_predictors,average_predictors
min_rankme,accuracy_majority,0,per_ckpt,step2150000-tokens11012B,72,-0.0745,0.4725,-0.1068,0.4346,average_predictors,average_predictors
min_rankme,accuracy_majority,0,per_ckpt,step2200000-tokens11432B,72,-0.0751,0.4725,-0.1069,0.4346,average_predictors,average_predictors
min_rankme,accuracy_majority,0,per_ckpt,step2250000-tokens11852B,72,-0.0774,0.4725,-0.1069,0.4346,average_predictors,average_predictors
min_rankme,accuracy_majority,0,per_ckpt,step2300000-tokens12272B,72,-0.0758,0.4725,-0.1069,0.4346,average_predictors,average_predictors
min_rankme,accuracy_majority,0,per_ckpt,step2350000-tokens12692B,72,-0.0777,0.4725,-0.1068,0.4346,average_predictors,average_predictors
min_rankme,accuracy_majority,0,per_ckpt,step2400000-tokens13112B,72,-0.0777,0.4725,-0.1067,0.4356,average_predictors,average_predictors
min_rankme,accuracy_majority,0,per_ckpt,step2450000-tokens13532B,72,-0.0791,0.4725,-0.1066,0.4376,average_predictors,average_predictors
min_rankme,accuracy_majority,0,per_ckpt,step2500000-tokens13952B,72,-0.0791,0.4725,-0.1063,0.4406,average_predictors,average_predictors
min_rankme,accuracy_majority,0,per_ckpt,step2550000-tokens14372B,72,-0.0791,0.4725,-0.1062,0.4406,average_predictors,average_predictors
min_rankme,accuracy_majority,0,per_ckpt,step2600000-tokens14792B,72,-0.0788,0.4725,-0.106,0.4416,average_predictors,average_predictors
min_rankme,accuracy_majority,0,per_ckpt,step2627139-tokens15T,72,-0.0788,0.4725,-0.1058,0.4426,average_predictors,average_predictors
min_rankme,accuracy_majority,0,per_ckpt,main,72,-0.0793,0.4725,-0.1057,0.4426,average_predictors,average_predictors
min_rankme,overall_score,0,per_ckpt,step50000-tokens210B,72,0.0224,0.9031,0.0008,0.996,average_predictors,average_predictors
min_rankme,overall_score,0,per_ckpt,step100000-tokens420B,72,0.031,0.9031,0.0089,0.963,average_predictors,average_predictors
min_rankme,overall_score,0,per_ckpt,step150000-tokens630B,72,0.0366,0.9031,0.0111,0.952,average_predictors,average_predictors
min_rankme,overall_score,0,per_ckpt,step200000-tokens840B,72,0.0313,0.8731,0.0118,0.9461,average_predictors,average_predictors
min_rankme,overall_score,0,per_ckpt,step250000-tokens1050B,72,0.034,0.9031,0.0139,0.9401,average_predictors,average_predictors
min_rankme,overall_score,0,per_ckpt,step300000-tokens1260B,72,0.0466,0.9031,0.0141,0.9401,average_predictors,average_predictors
min_rankme,overall_score,0,per_ckpt,step350000-tokens1470B,72,0.0449,0.9031,0.013,0.9441,average_predictors,average_predictors
min_rankme,overall_score,0,per_ckpt,step400000-tokens1680B,72,0.0513,0.8042,0.0123,0.9451,average_predictors,average_predictors
min_rankme,overall_score,0,per_ckpt,step450000-tokens1890B,72,0.0526,0.8042,0.0114,0.9481,average_predictors,average_predictors
min_rankme,overall_score,0,per_ckpt,step500000-tokens2100B,72,0.048,0.8042,0.0099,0.958,average_predictors,average_predictors
min_rankme,overall_score,0,per_ckpt,step550000-tokens2310B,72,0.048,0.8042,0.009,0.965,average_predictors,average_predictors
min_rankme,overall_score,0,per_ckpt,step600000-tokens2520B,72,0.048,0.8042,0.0091,0.968,average_predictors,average_predictors
min_rankme,overall_score,0,per_ckpt,step650000-tokens2730B,72,0.048,0.8042,0.0088,0.97,average_predictors,average_predictors
min_rankme,overall_score,0,per_ckpt,step700000-tokens2940B,72,0.048,0.8042,0.0085,0.972,average_predictors,average_predictors
min_rankme,overall_score,0,per_ckpt,step750000-tokens3150B,72,0.048,0.8042,0.0084,0.975,average_predictors,average_predictors
min_rankme,overall_score,0,per_ckpt,step800000-tokens3360B,72,0.0393,0.8042,0.0078,0.979,average_predictors,average_predictors
min_rankme,overall_score,0,per_ckpt,step850000-tokens3570B,72,0.0347,0.8042,0.0079,0.979,average_predictors,average_predictors
min_rankme,overall_score,0,per_ckpt,step900000-tokens3780B,72,0.0347,0.8042,0.0076,0.979,average_predictors,average_predictors
min_rankme,overall_score,0,per_ckpt,step950000-tokens3990B,72,0.0325,0.8042,0.0073,0.981,average_predictors,average_predictors
min_rankme,overall_score,0,per_ckpt,step1000000-tokens4200B,72,0.0325,0.8042,0.0072,0.983,average_predictors,average_predictors
min_rankme,overall_score,0,per_ckpt,step1194000-tokens5014B,72,0.0302,0.8042,0.0067,0.985,average_predictors,average_predictors
min_rankme,overall_score,0,per_ckpt,step1432000-tokens6014B,72,0.0302,0.8042,0.0066,0.985,average_predictors,average_predictors
min_rankme,overall_score,0,per_ckpt,step1670000-tokens7014B,72,0.0649,0.8042,0.0099,0.978,average_predictors,average_predictors
min_rankme,overall_score,0,per_ckpt,step1678000-tokens7047B,72,0.0649,0.8042,0.0097,0.98,average_predictors,average_predictors
min_rankme,overall_score,0,per_ckpt,step1700000-tokens7232B,72,0.0649,0.8042,0.0095,0.981,average_predictors,average_predictors
min_rankme,overall_score,0,per_ckpt,step1750000-tokens7652B,72,0.0624,0.8042,0.0097,0.98,average_predictors,average_predictors
min_rankme,overall_score,0,per_ckpt,step1800000-tokens8072B,72,0.0624,0.8042,0.0099,0.979,average_predictors,average_predictors
min_rankme,overall_score,0,per_ckpt,step1850000-tokens8492B,72,0.0624,0.8042,0.0103,0.977,average_predictors,average_predictors
min_rankme,overall_score,0,per_ckpt,step1900000-tokens8912B,72,0.0651,0.8042,0.0103,0.979,average_predictors,average_predictors
min_rankme,overall_score,0,per_ckpt,step1950000-tokens9332B,72,0.0812,0.8042,0.0108,0.98,average_predictors,average_predictors
min_rankme,overall_score,0,per_ckpt,step2000000-tokens9752B,72,0.0759,0.8042,0.0107,0.979,average_predictors,average_predictors
min_rankme,overall_score,0,per_ckpt,step2050000-tokens10172B,72,0.0759,0.8042,0.0105,0.979,average_predictors,average_predictors
min_rankme,overall_score,0,per_ckpt,step2100000-tokens10592B,72,0.0759,0.8042,0.0109,0.979,average_predictors,average_predictors
min_rankme,overall_score,0,per_ckpt,step2150000-tokens11012B,72,0.0744,0.8042,0.0112,0.978,average_predictors,average_predictors
min_rankme,overall_score,0,per_ckpt,step2200000-tokens11432B,72,0.0714,0.8042,0.0111,0.978,average_predictors,average_predictors
min_rankme,overall_score,0,per_ckpt,step2250000-tokens11852B,72,0.0632,0.8042,0.0111,0.978,average_predictors,average_predictors
min_rankme,overall_score,0,per_ckpt,step2300000-tokens12272B,72,0.0632,0.8042,0.0113,0.978,average_predictors,average_predictors
min_rankme,overall_score,0,per_ckpt,step2350000-tokens12692B,72,0.0594,0.8042,0.0113,0.975,average_predictors,average_predictors
min_rankme,overall_score,0,per_ckpt,step2400000-tokens13112B,72,0.0594,0.8042,0.0114,0.975,average_predictors,average_predictors
min_rankme,overall_score,0,per_ckpt,step2450000-tokens13532B,72,0.0575,0.8042,0.0114,0.976,average_predictors,average_predictors
min_rankme,overall_score,0,per_ckpt,step2500000-tokens13952B,72,0.0575,0.8042,0.0114,0.972,average_predictors,average_predictors
min_rankme,overall_score,0,per_ckpt,step2550000-tokens14372B,72,0.0575,0.8042,0.0114,0.97,average_predictors,average_predictors
min_rankme,overall_score,0,per_ckpt,step2600000-tokens14792B,72,0.0572,0.8042,0.0116,0.97,average_predictors,average_predictors
min_rankme,overall_score,0,per_ckpt,step2627139-tokens15T,72,0.0572,0.8042,0.0117,0.97,average_predictors,average_predictors
min_rankme,overall_score,0,per_ckpt,main,72,0.0574,0.8042,0.0119,0.97,average_predictors,average_predictors
min_rankme,transfer_score,0,per_ckpt,step50000-tokens210B,72,0.0176,0.9061,0.0049,0.987,average_predictors,average_predictors
min_rankme,transfer_score,0,per_ckpt,step100000-tokens420B,72,0.0259,0.9061,0.0138,0.959,average_predictors,average_predictors
min_rankme,transfer_score,0,per_ckpt,step150000-tokens630B,72,0.0355,0.9061,0.0165,0.9481,average_predictors,average_predictors
min_rankme,transfer_score,0,per_ckpt,step200000-tokens840B,72,0.0288,0.8781,0.0172,0.9481,average_predictors,average_predictors
min_rankme,transfer_score,0,per_ckpt,step250000-tokens1050B,72,0.0318,0.9061,0.0181,0.9431,average_predictors,average_predictors
min_rankme,transfer_score,0,per_ckpt,step300000-tokens1260B,72,0.0435,0.9061,0.0175,0.9461,average_predictors,average_predictors
min_rankme,transfer_score,0,per_ckpt,step350000-tokens1470B,72,0.0407,0.9061,0.0165,0.9481,average_predictors,average_predictors
min_rankme,transfer_score,0,per_ckpt,step400000-tokens1680B,72,0.0515,0.7972,0.0154,0.951,average_predictors,average_predictors
min_rankme,transfer_score,0,per_ckpt,step450000-tokens1890B,72,0.0521,0.7972,0.0142,0.954,average_predictors,average_predictors
min_rankme,transfer_score,0,per_ckpt,step500000-tokens2100B,72,0.0483,0.7972,0.0126,0.964,average_predictors,average_predictors
min_rankme,transfer_score,0,per_ckpt,step550000-tokens2310B,72,0.0483,0.7972,0.0114,0.971,average_predictors,average_predictors
min_rankme,transfer_score,0,per_ckpt,step600000-tokens2520B,72,0.0483,0.7972,0.0109,0.973,average_predictors,average_predictors
min_rankme,transfer_score,0,per_ckpt,step650000-tokens2730B,72,0.0483,0.7972,0.0101,0.976,average_predictors,average_predictors
min_rankme,transfer_score,0,per_ckpt,step700000-tokens2940B,72,0.0483,0.7972,0.0096,0.979,average_predictors,average_predictors
min_rankme,transfer_score,0,per_ckpt,step750000-tokens3150B,72,0.0483,0.7972,0.0096,0.981,average_predictors,average_predictors
min_rankme,transfer_score,0,per_ckpt,step800000-tokens3360B,72,0.04,0.7972,0.0088,0.982,average_predictors,average_predictors
min_rankme,transfer_score,0,per_ckpt,step850000-tokens3570B,72,0.0382,0.7972,0.009,0.982,average_predictors,average_predictors
min_rankme,transfer_score,0,per_ckpt,step900000-tokens3780B,72,0.0382,0.7972,0.0088,0.982,average_predictors,average_predictors
min_rankme,transfer_score,0,per_ckpt,step950000-tokens3990B,72,0.0382,0.7972,0.0087,0.983,average_predictors,average_predictors
min_rankme,transfer_score,0,per_ckpt,step1000000-tokens4200B,72,0.0382,0.7972,0.0086,0.984,average_predictors,average_predictors
min_rankme,transfer_score,0,per_ckpt,step1194000-tokens5014B,72,0.0354,0.7972,0.0082,0.984,average_predictors,average_predictors
min_rankme,transfer_score,0,per_ckpt,step1432000-tokens6014B,72,0.0354,0.7972,0.008,0.987,average_predictors,average_predictors
min_rankme,transfer_score,0,per_ckpt,step1670000-tokens7014B,72,0.0769,0.7972,0.0121,0.982,average_predictors,average_predictors
min_rankme,transfer_score,0,per_ckpt,step1678000-tokens7047B,72,0.0769,0.7972,0.012,0.982,average_predictors,average_predictors
min_rankme,transfer_score,0,per_ckpt,step1700000-tokens7232B,72,0.0769,0.7972,0.012,0.982,average_predictors,average_predictors
min_rankme,transfer_score,0,per_ckpt,step1750000-tokens7652B,72,0.0745,0.7972,0.0124,0.982,average_predictors,average_predictors
min_rankme,transfer_score,0,per_ckpt,step1800000-tokens8072B,72,0.0745,0.7972,0.0126,0.982,average_predictors,average_predictors
min_rankme,transfer_score,0,per_ckpt,step1850000-tokens8492B,72,0.0716,0.7972,0.0131,0.979,average_predictors,average_predictors
min_rankme,transfer_score,0,per_ckpt,step1900000-tokens8912B,72,0.0761,0.7972,0.013,0.98,average_predictors,average_predictors
min_rankme,transfer_score,0,per_ckpt,step1950000-tokens9332B,72,0.091,0.7972,0.013,0.981,average_predictors,average_predictors
min_rankme,transfer_score,0,per_ckpt,step2000000-tokens9752B,72,0.0851,0.7972,0.0128,0.981,average_predictors,average_predictors
min_rankme,transfer_score,0,per_ckpt,step2050000-tokens10172B,72,0.0851,0.7972,0.0126,0.982,average_predictors,average_predictors
min_rankme,transfer_score,0,per_ckpt,step2100000-tokens10592B,72,0.0851,0.7972,0.0129,0.981,average_predictors,average_predictors
min_rankme,transfer_score,0,per_ckpt,step2150000-tokens11012B,72,0.0843,0.7972,0.0131,0.982,average_predictors,average_predictors
min_rankme,transfer_score,0,per_ckpt,step2200000-tokens11432B,72,0.0814,0.7972,0.013,0.984,average_predictors,average_predictors
min_rankme,transfer_score,0,per_ckpt,step2250000-tokens11852B,72,0.0729,0.7972,0.013,0.984,average_predictors,average_predictors
min_rankme,transfer_score,0,per_ckpt,step2300000-tokens12272B,72,0.0733,0.7972,0.0132,0.98,average_predictors,average_predictors
min_rankme,transfer_score,0,per_ckpt,step2350000-tokens12692B,72,0.0694,0.7972,0.0133,0.98,average_predictors,average_predictors
min_rankme,transfer_score,0,per_ckpt,step2400000-tokens13112B,72,0.0694,0.7972,0.0134,0.978,average_predictors,average_predictors
min_rankme,transfer_score,0,per_ckpt,step2450000-tokens13532B,72,0.0699,0.7972,0.0133,0.979,average_predictors,average_predictors
min_rankme,transfer_score,0,per_ckpt,step2500000-tokens13952B,72,0.0699,0.7972,0.0132,0.979,average_predictors,average_predictors
min_rankme,transfer_score,0,per_ckpt,step2550000-tokens14372B,72,0.0699,0.7972,0.013,0.981,average_predictors,average_predictors
min_rankme,transfer_score,0,per_ckpt,step2600000-tokens14792B,72,0.0704,0.7972,0.013,0.983,average_predictors,average_predictors
min_rankme,transfer_score,0,per_ckpt,step2627139-tokens15T,72,0.0704,0.7972,0.013,0.983,average_predictors,average_predictors
min_rankme,transfer_score,0,per_ckpt,main,72,0.0707,0.7972,0.013,0.982,average_predictors,average_predictors
min_rankme,transfer_score_str,0,per_ckpt,step50000-tokens210B,72,0.2503,0.2827,0.3015,0.1918,average_predictors,average_predictors
min_rankme,transfer_score_str,0,per_ckpt,step100000-tokens420B,72,0.2571,0.2827,0.315,0.1668,average_predictors,average_predictors
min_rankme,transfer_score_str,0,per_ckpt,step150000-tokens630B,72,0.2724,0.2827,0.3203,0.1648,average_predictors,average_predictors
min_rankme,transfer_score_str,0,per_ckpt,step200000-tokens840B,72,0.2589,0.2567,0.3225,0.1638,average_predictors,average_predictors
min_rankme,transfer_score_str,0,per_ckpt,step250000-tokens1050B,72,0.2615,0.2827,0.3252,0.1598,average_predictors,average_predictors
min_rankme,transfer_score_str,0,per_ckpt,step300000-tokens1260B,72,0.2879,0.2827,0.3252,0.1608,average_predictors,average_predictors
min_rankme,transfer_score_str,0,per_ckpt,step350000-tokens1470B,72,0.2824,0.2827,0.3241,0.1608,average_predictors,average_predictors
min_rankme,transfer_score_str,0,per_ckpt,step400000-tokens1680B,72,0.3042,0.1818,0.3232,0.1628,average_predictors,average_predictors
min_rankme,transfer_score_str,0,per_ckpt,step450000-tokens1890B,72,0.305,0.1818,0.3218,0.1638,average_predictors,average_predictors
min_rankme,transfer_score_str,0,per_ckpt,step500000-tokens2100B,72,0.3045,0.1818,0.3197,0.1688,average_predictors,average_predictors
min_rankme,transfer_score_str,0,per_ckpt,step550000-tokens2310B,72,0.3045,0.1818,0.3186,0.1698,average_predictors,average_predictors
min_rankme,transfer_score_str,0,per_ckpt,step600000-tokens2520B,72,0.3045,0.1818,0.3185,0.1698,average_predictors,average_predictors
min_rankme,transfer_score_str,0,per_ckpt,step650000-tokens2730B,72,0.3045,0.1818,0.3177,0.1698,average_predictors,average_predictors
min_rankme,transfer_score_str,0,per_ckpt,step700000-tokens2940B,72,0.3045,0.1818,0.3173,0.1728,average_predictors,average_predictors
min_rankme,transfer_score_str,0,per_ckpt,step750000-tokens3150B,72,0.3045,0.1818,0.3174,0.1748,average_predictors,average_predictors
min_rankme,transfer_score_str,0,per_ckpt,step800000-tokens3360B,72,0.3007,0.1818,0.3165,0.1758,average_predictors,average_predictors
min_rankme,transfer_score_str,0,per_ckpt,step850000-tokens3570B,72,0.299,0.1818,0.317,0.1768,average_predictors,average_predictors
min_rankme,transfer_score_str,0,per_ckpt,step900000-tokens3780B,72,0.299,0.1818,0.317,0.1768,average_predictors,average_predictors
min_rankme,transfer_score_str,0,per_ckpt,step950000-tokens3990B,72,0.2894,0.1818,0.3167,0.1768,average_predictors,average_predictors
min_rankme,transfer_score_str,0,per_ckpt,step1000000-tokens4200B,72,0.2894,0.1818,0.3168,0.1768,average_predictors,average_predictors
min_rankme,transfer_score_str,0,per_ckpt,step1194000-tokens5014B,72,0.2893,0.1818,0.3162,0.1778,average_predictors,average_predictors
min_rankme,transfer_score_str,0,per_ckpt,step1432000-tokens6014B,72,0.2893,0.1818,0.3159,0.1778,average_predictors,average_predictors
min_rankme,transfer_score_str,0,per_ckpt,step1670000-tokens7014B,72,0.3026,0.1818,0.3195,0.1758,average_predictors,average_predictors
min_rankme,transfer_score_str,0,per_ckpt,step1678000-tokens7047B,72,0.3026,0.1818,0.3193,0.1768,average_predictors,average_predictors
min_rankme,transfer_score_str,0,per_ckpt,step1700000-tokens7232B,72,0.3026,0.1818,0.3194,0.1768,average_predictors,average_predictors
min_rankme,transfer_score_str,0,per_ckpt,step1750000-tokens7652B,72,0.3,0.1818,0.3198,0.1768,average_predictors,average_predictors
min_rankme,transfer_score_str,0,per_ckpt,step1800000-tokens8072B,72,0.3,0.1818,0.3203,0.1768,average_predictors,average_predictors
min_rankme,transfer_score_str,0,per_ckpt,step1850000-tokens8492B,72,0.3081,0.1818,0.3211,0.1758,average_predictors,average_predictors
min_rankme,transfer_score_str,0,per_ckpt,step1900000-tokens8912B,72,0.3126,0.1818,0.3213,0.1758,average_predictors,average_predictors
min_rankme,transfer_score_str,0,per_ckpt,step1950000-tokens9332B,72,0.3219,0.1818,0.3217,0.1748,average_predictors,average_predictors
min_rankme,transfer_score_str,0,per_ckpt,step2000000-tokens9752B,72,0.3192,0.1818,0.3217,0.1748,average_predictors,average_predictors
min_rankme,transfer_score_str,0,per_ckpt,step2050000-tokens10172B,72,0.3192,0.1818,0.3215,0.1748,average_predictors,average_predictors
min_rankme,transfer_score_str,0,per_ckpt,step2100000-tokens10592B,72,0.3192,0.1818,0.3221,0.1728,average_predictors,average_predictors
min_rankme,transfer_score_str,0,per_ckpt,step2150000-tokens11012B,72,0.3154,0.1818,0.3226,0.1728,average_predictors,average_predictors
min_rankme,transfer_score_str,0,per_ckpt,step2200000-tokens11432B,72,0.3161,0.1818,0.3226,0.1728,average_predictors,average_predictors
min_rankme,transfer_score_str,0,per_ckpt,step2250000-tokens11852B,72,0.3232,0.1818,0.3229,0.1718,average_predictors,average_predictors
min_rankme,transfer_score_str,0,per_ckpt,step2300000-tokens12272B,72,0.3232,0.1818,0.3232,0.1718,average_predictors,average_predictors
min_rankme,transfer_score_str,0,per_ckpt,step2350000-tokens12692B,72,0.3197,0.1818,0.3233,0.1718,average_predictors,average_predictors
min_rankme,transfer_score_str,0,per_ckpt,step2400000-tokens13112B,72,0.3197,0.1818,0.3233,0.1708,average_predictors,average_predictors
min_rankme,transfer_score_str,0,per_ckpt,step2450000-tokens13532B,72,0.3175,0.1818,0.323,0.1718,average_predictors,average_predictors
min_rankme,transfer_score_str,0,per_ckpt,step2500000-tokens13952B,72,0.3175,0.1818,0.3227,0.1738,average_predictors,average_predictors
min_rankme,transfer_score_str,0,per_ckpt,step2550000-tokens14372B,72,0.3175,0.1818,0.3224,0.1738,average_predictors,average_predictors
min_rankme,transfer_score_str,0,per_ckpt,step2600000-tokens14792B,72,0.3179,0.1818,0.3223,0.1728,average_predictors,average_predictors
min_rankme,transfer_score_str,0,per_ckpt,step2627139-tokens15T,72,0.3179,0.1818,0.3222,0.1728,average_predictors,average_predictors
min_rankme,transfer_score_str,0,per_ckpt,main,72,0.3174,0.1818,0.3222,0.1728,average_predictors,average_predictors
min_rankme,overall_score_str,0,per_ckpt,step50000-tokens210B,72,0.2423,0.3317,0.2379,0.3457,average_predictors,average_predictors
min_rankme,overall_score_str,0,per_ckpt,step100000-tokens420B,72,0.2446,0.3317,0.2483,0.3317,average_predictors,average_predictors
min_rankme,overall_score_str,0,per_ckpt,step150000-tokens630B,72,0.2619,0.3317,0.2529,0.3217,average_predictors,average_predictors
min_rankme,overall_score_str,0,per_ckpt,step200000-tokens840B,72,0.2445,0.3097,0.2538,0.3177,average_predictors,average_predictors
min_rankme,overall_score_str,0,per_ckpt,step250000-tokens1050B,72,0.2458,0.3317,0.2583,0.3107,average_predictors,average_predictors
min_rankme,overall_score_str,0,per_ckpt,step300000-tokens1260B,72,0.2788,0.3317,0.2598,0.3057,average_predictors,average_predictors
min_rankme,overall_score_str,0,per_ckpt,step350000-tokens1470B,72,0.274,0.3317,0.2584,0.3117,average_predictors,average_predictors
min_rankme,overall_score_str,0,per_ckpt,step400000-tokens1680B,72,0.2986,0.2148,0.2581,0.3117,average_predictors,average_predictors
min_rankme,overall_score_str,0,per_ckpt,step450000-tokens1890B,72,0.3017,0.2148,0.2571,0.3147,average_predictors,average_predictors
min_rankme,overall_score_str,0,per_ckpt,step500000-tokens2100B,72,0.3011,0.2148,0.2552,0.3157,average_predictors,average_predictors
min_rankme,overall_score_str,0,per_ckpt,step550000-tokens2310B,72,0.3011,0.2148,0.2547,0.3187,average_predictors,average_predictors
min_rankme,overall_score_str,0,per_ckpt,step600000-tokens2520B,72,0.3011,0.2148,0.2557,0.3177,average_predictors,average_predictors
min_rankme,overall_score_str,0,per_ckpt,step650000-tokens2730B,72,0.3011,0.2148,0.256,0.3177,average_predictors,average_predictors
min_rankme,overall_score_str,0,per_ckpt,step700000-tokens2940B,72,0.3011,0.2148,0.2561,0.3177,average_predictors,average_predictors
min_rankme,overall_score_str,0,per_ckpt,step750000-tokens3150B,72,0.3011,0.2148,0.2565,0.3177,average_predictors,average_predictors
min_rankme,overall_score_str,0,per_ckpt,step800000-tokens3360B,72,0.2984,0.2148,0.2559,0.3217,average_predictors,average_predictors
min_rankme,overall_score_str,0,per_ckpt,step850000-tokens3570B,72,0.2981,0.2148,0.2568,0.3187,average_predictors,average_predictors
min_rankme,overall_score_str,0,per_ckpt,step900000-tokens3780B,72,0.2981,0.2148,0.2565,0.3187,average_predictors,average_predictors
min_rankme,overall_score_str,0,per_ckpt,step950000-tokens3990B,72,0.2875,0.2148,0.2561,0.3207,average_predictors,average_predictors
min_rankme,overall_score_str,0,per_ckpt,step1000000-tokens4200B,72,0.2875,0.2148,0.2561,0.3217,average_predictors,average_predictors
min_rankme,overall_score_str,0,per_ckpt,step1194000-tokens5014B,72,0.2897,0.2148,0.2555,0.3247,average_predictors,average_predictors
min_rankme,overall_score_str,0,per_ckpt,step1432000-tokens6014B,72,0.2897,0.2148,0.2552,0.3257,average_predictors,average_predictors
min_rankme,overall_score_str,0,per_ckpt,step1670000-tokens7014B,72,0.2871,0.2148,0.2574,0.3207,average_predictors,average_predictors
min_rankme,overall_score_str,0,per_ckpt,step1678000-tokens7047B,72,0.2871,0.2148,0.2569,0.3247,average_predictors,average_predictors
min_rankme,overall_score_str,0,per_ckpt,step1700000-tokens7232B,72,0.2871,0.2148,0.2567,0.3237,average_predictors,average_predictors
min_rankme,overall_score_str,0,per_ckpt,step1750000-tokens7652B,72,0.2838,0.2148,0.2568,0.3237,average_predictors,average_predictors
min_rankme,overall_score_str,0,per_ckpt,step1800000-tokens8072B,72,0.2838,0.2148,0.2573,0.3217,average_predictors,average_predictors
min_rankme,overall_score_str,0,per_ckpt,step1850000-tokens8492B,72,0.2934,0.2148,0.2581,0.3217,average_predictors,average_predictors
min_rankme,overall_score_str,0,per_ckpt,step1900000-tokens8912B,72,0.2979,0.2148,0.2584,0.3217,average_predictors,average_predictors
min_rankme,overall_score_str,0,per_ckpt,step1950000-tokens9332B,72,0.3067,0.2148,0.2593,0.3207,average_predictors,average_predictors
min_rankme,overall_score_str,0,per_ckpt,step2000000-tokens9752B,72,0.3055,0.2148,0.2595,0.3207,average_predictors,average_predictors
min_rankme,overall_score_str,0,per_ckpt,step2050000-tokens10172B,72,0.3055,0.2148,0.2594,0.3207,average_predictors,average_predictors
min_rankme,overall_score_str,0,per_ckpt,step2100000-tokens10592B,72,0.3055,0.2148,0.26,0.3197,average_predictors,average_predictors
min_rankme,overall_score_str,0,per_ckpt,step2150000-tokens11012B,72,0.2981,0.2148,0.2607,0.3197,average_predictors,average_predictors
min_rankme,overall_score_str,0,per_ckpt,step2200000-tokens11432B,72,0.2988,0.2148,0.2607,0.3197,average_predictors,average_predictors
min_rankme,overall_score_str,0,per_ckpt,step2250000-tokens11852B,72,0.309,0.2148,0.261,0.3197,average_predictors,average_predictors
min_rankme,overall_score_str,0,per_ckpt,step2300000-tokens12272B,72,0.308,0.2148,0.2614,0.3197,average_predictors,average_predictors
min_rankme,overall_score_str,0,per_ckpt,step2350000-tokens12692B,72,0.306,0.2148,0.2616,0.3187,average_predictors,average_predictors
min_rankme,overall_score_str,0,per_ckpt,step2400000-tokens13112B,72,0.306,0.2148,0.2618,0.3187,average_predictors,average_predictors
min_rankme,overall_score_str,0,per_ckpt,step2450000-tokens13532B,72,0.3022,0.2148,0.2618,0.3187,average_predictors,average_predictors
min_rankme,overall_score_str,0,per_ckpt,step2500000-tokens13952B,72,0.3022,0.2148,0.262,0.3187,average_predictors,average_predictors
min_rankme,overall_score_str,0,per_ckpt,step2550000-tokens14372B,72,0.3022,0.2148,0.2621,0.3187,average_predictors,average_predictors
min_rankme,overall_score_str,0,per_ckpt,step2600000-tokens14792B,72,0.3022,0.2148,0.2624,0.3187,average_predictors,average_predictors
min_rankme,overall_score_str,0,per_ckpt,step2627139-tokens15T,72,0.3022,0.2148,0.2628,0.3177,average_predictors,average_predictors
min_rankme,overall_score_str,0,per_ckpt,main,72,0.3012,0.2148,0.2633,0.3177,average_predictors,average_predictors
min_rankme,transfer_margin_str,0,per_ckpt,step50000-tokens210B,72,0.3272,0.0879,0.294,0.1868,average_predictors,average_predictors
min_rankme,transfer_margin_str,0,per_ckpt,step100000-tokens420B,72,0.3317,0.0879,0.3034,0.1788,average_predictors,average_predictors
min_rankme,transfer_margin_str,0,per_ckpt,step150000-tokens630B,72,0.3289,0.0879,0.3085,0.1738,average_predictors,average_predictors
min_rankme,transfer_margin_str,0,per_ckpt,step200000-tokens840B,72,0.3368,0.0859,0.3123,0.1708,average_predictors,average_predictors
min_rankme,transfer_margin_str,0,per_ckpt,step250000-tokens1050B,72,0.3396,0.0879,0.313,0.1708,average_predictors,average_predictors
min_rankme,transfer_margin_str,0,per_ckpt,step300000-tokens1260B,72,0.3234,0.0879,0.312,0.1728,average_predictors,average_predictors
min_rankme,transfer_margin_str,0,per_ckpt,step350000-tokens1470B,72,0.3238,0.0879,0.3113,0.1728,average_predictors,average_predictors
min_rankme,transfer_margin_str,0,per_ckpt,step400000-tokens1680B,72,0.3149,0.1359,0.3105,0.1748,average_predictors,average_predictors
min_rankme,transfer_margin_str,0,per_ckpt,step450000-tokens1890B,72,0.3125,0.1359,0.3097,0.1748,average_predictors,average_predictors
min_rankme,transfer_margin_str,0,per_ckpt,step500000-tokens2100B,72,0.3138,0.1359,0.3081,0.1748,average_predictors,average_predictors
min_rankme,transfer_margin_str,0,per_ckpt,step550000-tokens2310B,72,0.3138,0.1359,0.3067,0.1748,average_predictors,average_predictors
min_rankme,transfer_margin_str,0,per_ckpt,step600000-tokens2520B,72,0.3138,0.1359,0.3055,0.1758,average_predictors,average_predictors
min_rankme,transfer_margin_str,0,per_ckpt,step650000-tokens2730B,72,0.3138,0.1359,0.3048,0.1768,average_predictors,average_predictors
min_rankme,transfer_margin_str,0,per_ckpt,step700000-tokens2940B,72,0.3138,0.1359,0.3047,0.1768,average_predictors,average_predictors
min_rankme,transfer_margin_str,0,per_ckpt,step750000-tokens3150B,72,0.3138,0.1359,0.3048,0.1768,average_predictors,average_predictors
min_rankme,transfer_margin_str,0,per_ckpt,step800000-tokens3360B,72,0.3143,0.1359,0.3042,0.1758,average_predictors,average_predictors
min_rankme,transfer_margin_str,0,per_ckpt,step850000-tokens3570B,72,0.3158,0.1359,0.3044,0.1748,average_predictors,average_predictors
min_rankme,transfer_margin_str,0,per_ckpt,step900000-tokens3780B,72,0.3158,0.1359,0.3043,0.1748,average_predictors,average_predictors
min_rankme,transfer_margin_str,0,per_ckpt,step950000-tokens3990B,72,0.3221,0.1359,0.3048,0.1748,average_predictors,average_predictors
min_rankme,transfer_margin_str,0,per_ckpt,step1000000-tokens4200B,72,0.3221,0.1359,0.305,0.1748,average_predictors,average_predictors
min_rankme,transfer_margin_str,0,per_ckpt,step1194000-tokens5014B,72,0.3191,0.1359,0.3052,0.1748,average_predictors,average_predictors
min_rankme,transfer_margin_str,0,per_ckpt,step1432000-tokens6014B,72,0.3191,0.1359,0.3054,0.1748,average_predictors,average_predictors
min_rankme,transfer_margin_str,0,per_ckpt,step1670000-tokens7014B,72,0.3241,0.1359,0.3074,0.1748,average_predictors,average_predictors
min_rankme,transfer_margin_str,0,per_ckpt,step1678000-tokens7047B,72,0.3241,0.1359,0.3078,0.1748,average_predictors,average_predictors
min_rankme,transfer_margin_str,0,per_ckpt,step1700000-tokens7232B,72,0.3241,0.1359,0.308,0.1748,average_predictors,average_predictors
min_rankme,transfer_margin_str,0,per_ckpt,step1750000-tokens7652B,72,0.3245,0.1359,0.3083,0.1748,average_predictors,average_predictors
min_rankme,transfer_margin_str,0,per_ckpt,step1800000-tokens8072B,72,0.3245,0.1359,0.3085,0.1748,average_predictors,average_predictors
min_rankme,transfer_margin_str,0,per_ckpt,step1850000-tokens8492B,72,0.3119,0.1359,0.3085,0.1748,average_predictors,average_predictors
min_rankme,transfer_margin_str,0,per_ckpt,step1900000-tokens8912B,72,0.3087,0.1359,0.3082,0.1748,average_predictors,average_predictors
min_rankme,transfer_margin_str,0,per_ckpt,step1950000-tokens9332B,72,0.3024,0.1359,0.3079,0.1748,average_predictors,average_predictors
min_rankme,transfer_margin_str,0,per_ckpt,step2000000-tokens9752B,72,0.3025,0.1359,0.3078,0.1748,average_predictors,average_predictors
min_rankme,transfer_margin_str,0,per_ckpt,step2050000-tokens10172B,72,0.3025,0.1359,0.3078,0.1738,average_predictors,average_predictors
min_rankme,transfer_margin_str,0,per_ckpt,step2100000-tokens10592B,72,0.3025,0.1359,0.308,0.1738,average_predictors,average_predictors
min_rankme,transfer_margin_str,0,per_ckpt,step2150000-tokens11012B,72,0.3103,0.1359,0.308,0.1728,average_predictors,average_predictors
min_rankme,transfer_margin_str,0,per_ckpt,step2200000-tokens11432B,72,0.3124,0.1359,0.3081,0.1728,average_predictors,average_predictors
min_rankme,transfer_margin_str,0,per_ckpt,step2250000-tokens11852B,72,0.3047,0.1359,0.308,0.1728,average_predictors,average_predictors
min_rankme,transfer_margin_str,0,per_ckpt,step2300000-tokens12272B,72,0.3049,0.1359,0.3081,0.1718,average_predictors,average_predictors
min_rankme,transfer_margin_str,0,per_ckpt,step2350000-tokens12692B,72,0.3043,0.1359,0.3082,0.1728,average_predictors,average_predictors
min_rankme,transfer_margin_str,0,per_ckpt,step2400000-tokens13112B,72,0.3043,0.1359,0.3083,0.1728,average_predictors,average_predictors
min_rankme,transfer_margin_str,0,per_ckpt,step2450000-tokens13532B,72,0.3071,0.1359,0.3079,0.1748,average_predictors,average_predictors
min_rankme,transfer_margin_str,0,per_ckpt,step2500000-tokens13952B,72,0.3071,0.1359,0.3074,0.1748,average_predictors,average_predictors
min_rankme,transfer_margin_str,0,per_ckpt,step2550000-tokens14372B,72,0.3071,0.1359,0.3071,0.1748,average_predictors,average_predictors
min_rankme,transfer_margin_str,0,per_ckpt,step2600000-tokens14792B,72,0.309,0.1359,0.3069,0.1738,average_predictors,average_predictors
min_rankme,transfer_margin_str,0,per_ckpt,step2627139-tokens15T,72,0.309,0.1359,0.3066,0.1738,average_predictors,average_predictors
min_rankme,transfer_margin_str,0,per_ckpt,main,72,0.308,0.1359,0.3063,0.1758,average_predictors,average_predictors
min_rankme,overall_margin_str,0,per_ckpt,step50000-tokens210B,72,0.4235,0.0639,0.4629,0.035,average_predictors,average_predictors
min_rankme,overall_margin_str,0,per_ckpt,step100000-tokens420B,72,0.4342,0.0639,0.4761,0.029,average_predictors,average_predictors
min_rankme,overall_margin_str,0,per_ckpt,step150000-tokens630B,72,0.4586,0.0639,0.4826,0.029,average_predictors,average_predictors
min_rankme,overall_margin_str,0,per_ckpt,step200000-tokens840B,72,0.4336,0.0589,0.4852,0.029,average_predictors,average_predictors
min_rankme,overall_margin_str,0,per_ckpt,step250000-tokens1050B,72,0.4365,0.0639,0.4895,0.028,average_predictors,average_predictors
min_rankme,overall_margin_str,0,per_ckpt,step300000-tokens1260B,72,0.4729,0.0639,0.4909,0.028,average_predictors,average_predictors
min_rankme,overall_margin_str,0,per_ckpt,step350000-tokens1470B,72,0.468,0.0639,0.4892,0.028,average_predictors,average_predictors
min_rankme,overall_margin_str,0,per_ckpt,step400000-tokens1680B,72,0.4919,0.022,0.4892,0.028,average_predictors,average_predictors
min_rankme,overall_margin_str,0,per_ckpt,step450000-tokens1890B,72,0.4954,0.022,0.4881,0.028,average_predictors,average_predictors
min_rankme,overall_margin_str,0,per_ckpt,step500000-tokens2100B,72,0.4966,0.022,0.4861,0.028,average_predictors,average_predictors
min_rankme,overall_margin_str,0,per_ckpt,step550000-tokens2310B,72,0.4966,0.022,0.4854,0.027,average_predictors,average_predictors
min_rankme,overall_margin_str,0,per_ckpt,step600000-tokens2520B,72,0.4966,0.022,0.4858,0.027,average_predictors,average_predictors
min_rankme,overall_margin_str,0,per_ckpt,step650000-tokens2730B,72,0.4966,0.022,0.4857,0.027,average_predictors,average_predictors
min_rankme,overall_margin_str,0,per_ckpt,step700000-tokens2940B,72,0.4966,0.022,0.4859,0.027,average_predictors,average_predictors
min_rankme,overall_margin_str,0,per_ckpt,step750000-tokens3150B,72,0.4966,0.022,0.4864,0.028,average_predictors,average_predictors
min_rankme,overall_margin_str,0,per_ckpt,step800000-tokens3360B,72,0.4947,0.022,0.4857,0.028,average_predictors,average_predictors
min_rankme,overall_margin_str,0,per_ckpt,step850000-tokens3570B,72,0.4974,0.022,0.4866,0.028,average_predictors,average_predictors
min_rankme,overall_margin_str,0,per_ckpt,step900000-tokens3780B,72,0.4974,0.022,0.4865,0.028,average_predictors,average_predictors
min_rankme,overall_margin_str,0,per_ckpt,step950000-tokens3990B,72,0.4962,0.022,0.4863,0.028,average_predictors,average_predictors
min_rankme,overall_margin_str,0,per_ckpt,step1000000-tokens4200B,72,0.4962,0.022,0.4863,0.028,average_predictors,average_predictors
min_rankme,overall_margin_str,0,per_ckpt,step1194000-tokens5014B,72,0.4958,0.022,0.4858,0.029,average_predictors,average_predictors
min_rankme,overall_margin_str,0,per_ckpt,step1432000-tokens6014B,72,0.4958,0.022,0.4857,0.029,average_predictors,average_predictors
min_rankme,overall_margin_str,0,per_ckpt,step1670000-tokens7014B,72,0.4917,0.022,0.4879,0.029,average_predictors,average_predictors
min_rankme,overall_margin_str,0,per_ckpt,step1678000-tokens7047B,72,0.4917,0.022,0.4876,0.029,average_predictors,average_predictors
min_rankme,overall_margin_str,0,per_ckpt,step1700000-tokens7232B,72,0.4917,0.022,0.4875,0.029,average_predictors,average_predictors
min_rankme,overall_margin_str,0,per_ckpt,step1750000-tokens7652B,72,0.4896,0.022,0.4877,0.029,average_predictors,average_predictors
min_rankme,overall_margin_str,0,per_ckpt,step1800000-tokens8072B,72,0.4896,0.022,0.4881,0.029,average_predictors,average_predictors
min_rankme,overall_margin_str,0,per_ckpt,step1850000-tokens8492B,72,0.4833,0.022,0.4885,0.029,average_predictors,average_predictors
min_rankme,overall_margin_str,0,per_ckpt,step1900000-tokens8912B,72,0.482,0.022,0.4884,0.029,average_predictors,average_predictors
min_rankme,overall_margin_str,0,per_ckpt,step1950000-tokens9332B,72,0.4797,0.022,0.4888,0.029,average_predictors,average_predictors
min_rankme,overall_margin_str,0,per_ckpt,step2000000-tokens9752B,72,0.4797,0.022,0.489,0.029,average_predictors,average_predictors
min_rankme,overall_margin_str,0,per_ckpt,step2050000-tokens10172B,72,0.4797,0.022,0.4888,0.029,average_predictors,average_predictors
min_rankme,overall_margin_str,0,per_ckpt,step2100000-tokens10592B,72,0.4797,0.022,0.4894,0.029,average_predictors,average_predictors
min_rankme,overall_margin_str,0,per_ckpt,step2150000-tokens11012B,72,0.482,0.022,0.4899,0.029,average_predictors,average_predictors
min_rankme,overall_margin_str,0,per_ckpt,step2200000-tokens11432B,72,0.4833,0.022,0.49,0.029,average_predictors,average_predictors
min_rankme,overall_margin_str,0,per_ckpt,step2250000-tokens11852B,72,0.481,0.022,0.4901,0.029,average_predictors,average_predictors
min_rankme,overall_margin_str,0,per_ckpt,step2300000-tokens12272B,72,0.478,0.022,0.4904,0.029,average_predictors,average_predictors
min_rankme,overall_margin_str,0,per_ckpt,step2350000-tokens12692B,72,0.4777,0.022,0.4906,0.029,average_predictors,average_predictors
min_rankme,overall_margin_str,0,per_ckpt,step2400000-tokens13112B,72,0.4777,0.022,0.4908,0.029,average_predictors,average_predictors
min_rankme,overall_margin_str,0,per_ckpt,step2450000-tokens13532B,72,0.4791,0.022,0.4906,0.029,average_predictors,average_predictors
min_rankme,overall_margin_str,0,per_ckpt,step2500000-tokens13952B,72,0.4791,0.022,0.4907,0.029,average_predictors,average_predictors
min_rankme,overall_margin_str,0,per_ckpt,step2550000-tokens14372B,72,0.4791,0.022,0.4907,0.029,average_predictors,average_predictors
min_rankme,overall_margin_str,0,per_ckpt,step2600000-tokens14792B,72,0.4814,0.022,0.4909,0.029,average_predictors,average_predictors
min_rankme,overall_margin_str,0,per_ckpt,step2627139-tokens15T,72,0.4814,0.022,0.4911,0.029,average_predictors,average_predictors
min_rankme,overall_margin_str,0,per_ckpt,main,72,0.4805,0.022,0.4915,0.029,average_predictors,average_predictors
norm_asym,accuracy_majority,0,per_ckpt,step50000-tokens210B,72,-0.1957,0.4316,-0.1912,0.4665,average_predictors,average_predictors
norm_asym,accuracy_majority,0,per_ckpt,step100000-tokens420B,72,-0.2005,0.4216,-0.2059,0.4326,average_predictors,average_predictors
norm_asym,accuracy_majority,0,per_ckpt,step150000-tokens630B,72,-0.2038,0.3956,-0.2118,0.4136,average_predictors,average_predictors
norm_asym,accuracy_majority,0,per_ckpt,step200000-tokens840B,72,-0.2081,0.3976,-0.2149,0.4056,average_predictors,average_predictors
norm_asym,accuracy_majority,0,per_ckpt,step250000-tokens1050B,72,-0.2079,0.3856,-0.2168,0.4036,average_predictors,average_predictors
norm_asym,accuracy_majority,0,per_ckpt,step300000-tokens1260B,72,-0.2063,0.3856,-0.2189,0.4036,average_predictors,average_predictors
norm_asym,accuracy_majority,0,per_ckpt,step350000-tokens1470B,72,-0.218,0.3736,-0.2196,0.4066,average_predictors,average_predictors
norm_asym,accuracy_majority,0,per_ckpt,step400000-tokens1680B,72,-0.2179,0.3716,-0.2214,0.4036,average_predictors,average_predictors
norm_asym,accuracy_majority,0,per_ckpt,step450000-tokens1890B,72,-0.2169,0.3716,-0.2227,0.4046,average_predictors,average_predictors
norm_asym,accuracy_majority,0,per_ckpt,step500000-tokens2100B,72,-0.2169,0.3756,-0.2228,0.4086,average_predictors,average_predictors
norm_asym,accuracy_majority,0,per_ckpt,step550000-tokens2310B,72,-0.2141,0.3716,-0.2231,0.4106,average_predictors,average_predictors
norm_asym,accuracy_majority,0,per_ckpt,step600000-tokens2520B,72,-0.2138,0.3706,-0.223,0.4146,average_predictors,average_predictors
norm_asym,accuracy_majority,0,per_ckpt,step650000-tokens2730B,72,-0.2141,0.3686,-0.2226,0.4156,average_predictors,average_predictors
norm_asym,accuracy_majority,0,per_ckpt,step700000-tokens2940B,72,-0.2158,0.3696,-0.223,0.4136,average_predictors,average_predictors
norm_asym,accuracy_majority,0,per_ckpt,step750000-tokens3150B,72,-0.2158,0.3696,-0.2235,0.4116,average_predictors,average_predictors
norm_asym,accuracy_majority,0,per_ckpt,step800000-tokens3360B,72,-0.2169,0.3696,-0.2233,0.4126,average_predictors,average_predictors
norm_asym,accuracy_majority,0,per_ckpt,step850000-tokens3570B,72,-0.2176,0.3666,-0.2238,0.4096,average_predictors,average_predictors
norm_asym,accuracy_majority,0,per_ckpt,step900000-tokens3780B,72,-0.2214,0.3666,-0.2243,0.4096,average_predictors,average_predictors
norm_asym,accuracy_majority,0,per_ckpt,step950000-tokens3990B,72,-0.2231,0.3666,-0.225,0.4066,average_predictors,average_predictors
norm_asym,accuracy_majority,0,per_ckpt,step1000000-tokens4200B,72,-0.2235,0.3666,-0.2251,0.4056,average_predictors,average_predictors
norm_asym,accuracy_majority,0,per_ckpt,step1194000-tokens5014B,72,-0.2247,0.3566,-0.2255,0.4056,average_predictors,average_predictors
norm_asym,accuracy_majority,0,per_ckpt,step1432000-tokens6014B,72,-0.2247,0.3566,-0.2255,0.4056,average_predictors,average_predictors
norm_asym,accuracy_majority,0,per_ckpt,step1670000-tokens7014B,72,-0.2184,0.3666,-0.2243,0.4036,average_predictors,average_predictors
norm_asym,accuracy_majority,0,per_ckpt,step1678000-tokens7047B,72,-0.22,0.3666,-0.2249,0.4026,average_predictors,average_predictors
norm_asym,accuracy_majority,0,per_ckpt,step1700000-tokens7232B,72,-0.22,0.3666,-0.2255,0.4006,average_predictors,average_predictors
norm_asym,accuracy_majority,0,per_ckpt,step1750000-tokens7652B,72,-0.22,0.3666,-0.2256,0.3996,average_predictors,average_predictors
norm_asym,accuracy_majority,0,per_ckpt,step1800000-tokens8072B,72,-0.22,0.3666,-0.2258,0.3996,average_predictors,average_predictors
norm_asym,accuracy_majority,0,per_ckpt,step1850000-tokens8492B,72,-0.22,0.3626,-0.2265,0.3976,average_predictors,average_predictors
norm_asym,accuracy_majority,0,per_ckpt,step1900000-tokens8912B,72,-0.2204,0.3566,-0.2269,0.3976,average_predictors,average_predictors
norm_asym,accuracy_majority,0,per_ckpt,step1950000-tokens9332B,72,-0.2188,0.3566,-0.2257,0.3996,average_predictors,average_predictors
norm_asym,accuracy_majority,0,per_ckpt,step2000000-tokens9752B,72,-0.2206,0.3497,-0.226,0.4006,average_predictors,average_predictors
norm_asym,accuracy_majority,0,per_ckpt,step2050000-tokens10172B,72,-0.2215,0.3497,-0.2261,0.4016,average_predictors,average_predictors
norm_asym,accuracy_majority,0,per_ckpt,step2100000-tokens10592B,72,-0.2215,0.3497,-0.2264,0.4016,average_predictors,average_predictors
norm_asym,accuracy_majority,0,per_ckpt,step2150000-tokens11012B,72,-0.2215,0.3497,-0.2267,0.3996,average_predictors,average_predictors
norm_asym,accuracy_majority,0,per_ckpt,step2200000-tokens11432B,72,-0.2215,0.3497,-0.227,0.3996,average_predictors,average_predictors
norm_asym,accuracy_majority,0,per_ckpt,step2250000-tokens11852B,72,-0.2206,0.3497,-0.2275,0.3976,average_predictors,average_predictors
norm_asym,accuracy_majority,0,per_ckpt,step2300000-tokens12272B,72,-0.2223,0.3497,-0.228,0.3976,average_predictors,average_predictors
norm_asym,accuracy_majority,0,per_ckpt,step2350000-tokens12692B,72,-0.2223,0.3497,-0.2283,0.3976,average_predictors,average_predictors
norm_asym,accuracy_majority,0,per_ckpt,step2400000-tokens13112B,72,-0.2223,0.3566,-0.2283,0.3986,average_predictors,average_predictors
norm_asym,accuracy_majority,0,per_ckpt,step2450000-tokens13532B,72,-0.2201,0.3566,-0.2279,0.3986,average_predictors,average_predictors
norm_asym,accuracy_majority,0,per_ckpt,step2500000-tokens13952B,72,-0.2206,0.3566,-0.2275,0.4006,average_predictors,average_predictors
norm_asym,accuracy_majority,0,per_ckpt,step2550000-tokens14372B,72,-0.2206,0.3566,-0.2272,0.4026,average_predictors,average_predictors
norm_asym,accuracy_majority,0,per_ckpt,step2600000-tokens14792B,72,-0.2212,0.3626,-0.227,0.4056,average_predictors,average_predictors
norm_asym,accuracy_majority,0,per_ckpt,step2627139-tokens15T,72,-0.2212,0.3626,-0.2266,0.4096,average_predictors,average_predictors
norm_asym,accuracy_majority,0,per_ckpt,main,72,-0.221,0.3626,-0.2264,0.4116,average_predictors,average_predictors
norm_asym,overall_score,0,per_ckpt,step50000-tokens210B,72,0.0087,0.9161,0.0404,0.8232,average_predictors,average_predictors
norm_asym,overall_score,0,per_ckpt,step100000-tokens420B,72,0.0258,0.8991,0.0358,0.8102,average_predictors,average_predictors
norm_asym,overall_score,0,per_ckpt,step150000-tokens630B,72,0.025,0.9201,0.0348,0.8102,average_predictors,average_predictors
norm_asym,overall_score,0,per_ckpt,step200000-tokens840B,72,0.0229,0.8731,0.0351,0.8112,average_predictors,average_predictors
norm_asym,overall_score,0,per_ckpt,step250000-tokens1050B,72,0.0232,0.9341,0.0356,0.8122,average_predictors,average_predictors
norm_asym,overall_score,0,per_ckpt,step300000-tokens1260B,72,0.0222,0.9401,0.035,0.8102,average_predictors,average_predictors
norm_asym,overall_score,0,per_ckpt,step350000-tokens1470B,72,0.0078,0.957,0.0342,0.8102,average_predictors,average_predictors
norm_asym,overall_score,0,per_ckpt,step400000-tokens1680B,72,0.0047,0.9421,0.0331,0.8112,average_predictors,average_predictors
norm_asym,overall_score,0,per_ckpt,step450000-tokens1890B,72,0.0032,0.9421,0.0314,0.8122,average_predictors,average_predictors
norm_asym,overall_score,0,per_ckpt,step500000-tokens2100B,72,0.0032,0.9431,0.0306,0.8092,average_predictors,average_predictors
norm_asym,overall_score,0,per_ckpt,step550000-tokens2310B,72,0.0014,0.9471,0.0303,0.8092,average_predictors,average_predictors
norm_asym,overall_score,0,per_ckpt,step600000-tokens2520B,72,-0.001,0.964,0.0304,0.8062,average_predictors,average_predictors
norm_asym,overall_score,0,per_ckpt,step650000-tokens2730B,72,-0.0023,0.969,0.0305,0.8052,average_predictors,average_predictors
norm_asym,overall_score,0,per_ckpt,step700000-tokens2940B,72,-0.0062,0.971,0.0303,0.8092,average_predictors,average_predictors
norm_asym,overall_score,0,per_ckpt,step750000-tokens3150B,72,-0.0062,0.971,0.0298,0.8122,average_predictors,average_predictors
norm_asym,overall_score,0,per_ckpt,step800000-tokens3360B,72,-0.007,0.971,0.0297,0.8142,average_predictors,average_predictors
norm_asym,overall_score,0,per_ckpt,step850000-tokens3570B,72,-0.0091,0.986,0.0293,0.8172,average_predictors,average_predictors
norm_asym,overall_score,0,per_ckpt,step900000-tokens3780B,72,-0.012,0.986,0.0289,0.8182,average_predictors,average_predictors
norm_asym,overall_score,0,per_ckpt,step950000-tokens3990B,72,-0.0122,0.986,0.0282,0.8212,average_predictors,average_predictors
norm_asym,overall_score,0,per_ckpt,step1000000-tokens4200B,72,-0.0127,0.986,0.028,0.8212,average_predictors,average_predictors
norm_asym,overall_score,0,per_ckpt,step1194000-tokens5014B,72,-0.0124,0.99,0.0276,0.8232,average_predictors,average_predictors
norm_asym,overall_score,0,per_ckpt,step1432000-tokens6014B,72,-0.0124,0.99,0.0272,0.8262,average_predictors,average_predictors
norm_asym,overall_score,0,per_ckpt,step1670000-tokens7014B,72,-0.006,0.986,0.0287,0.8232,average_predictors,average_predictors
norm_asym,overall_score,0,per_ckpt,step1678000-tokens7047B,72,-0.008,0.986,0.0281,0.8242,average_predictors,average_predictors
norm_asym,overall_score,0,per_ckpt,step1700000-tokens7232B,72,-0.008,0.986,0.0274,0.8242,average_predictors,average_predictors
norm_asym,overall_score,0,per_ckpt,step1750000-tokens7652B,72,-0.008,0.986,0.0272,0.8242,average_predictors,average_predictors
norm_asym,overall_score,0,per_ckpt,step1800000-tokens8072B,72,-0.008,0.986,0.027,0.8242,average_predictors,average_predictors
norm_asym,overall_score,0,per_ckpt,step1850000-tokens8492B,72,-0.008,0.986,0.0261,0.8252,average_predictors,average_predictors
norm_asym,overall_score,0,per_ckpt,step1900000-tokens8912B,72,-0.007,0.983,0.0254,0.8252,average_predictors,average_predictors
norm_asym,overall_score,0,per_ckpt,step1950000-tokens9332B,72,-0.007,0.979,0.0263,0.8242,average_predictors,average_predictors
norm_asym,overall_score,0,per_ckpt,step2000000-tokens9752B,72,-0.0072,0.988,0.0261,0.8242,average_predictors,average_predictors
norm_asym,overall_score,0,per_ckpt,step2050000-tokens10172B,72,-0.0068,0.988,0.0257,0.8242,average_predictors,average_predictors
norm_asym,overall_score,0,per_ckpt,step2100000-tokens10592B,72,-0.0068,0.988,0.0256,0.8242,average_predictors,average_predictors
norm_asym,overall_score,0,per_ckpt,step2150000-tokens11012B,72,-0.0068,0.988,0.0254,0.8222,average_predictors,average_predictors
norm_asym,overall_score,0,per_ckpt,step2200000-tokens11432B,72,-0.0068,0.988,0.0251,0.8222,average_predictors,average_predictors
norm_asym,overall_score,0,per_ckpt,step2250000-tokens11852B,72,-0.0072,0.988,0.0244,0.8242,average_predictors,average_predictors
norm_asym,overall_score,0,per_ckpt,step2300000-tokens12272B,72,-0.0101,0.988,0.0238,0.8262,average_predictors,average_predictors
norm_asym,overall_score,0,per_ckpt,step2350000-tokens12692B,72,-0.0101,0.988,0.0234,0.8262,average_predictors,average_predictors
norm_asym,overall_score,0,per_ckpt,step2400000-tokens13112B,72,-0.0101,0.979,0.0232,0.8282,average_predictors,average_predictors
norm_asym,overall_score,0,per_ckpt,step2450000-tokens13532B,72,-0.0091,0.979,0.0233,0.8252,average_predictors,average_predictors
norm_asym,overall_score,0,per_ckpt,step2500000-tokens13952B,72,-0.0072,0.979,0.0235,0.8242,average_predictors,average_predictors
norm_asym,overall_score,0,per_ckpt,step2550000-tokens14372B,72,-0.0072,0.983,0.0236,0.8232,average_predictors,average_predictors
norm_asym,overall_score,0,per_ckpt,step2600000-tokens14792B,72,-0.0076,0.986,0.0237,0.8222,average_predictors,average_predictors
norm_asym,overall_score,0,per_ckpt,step2627139-tokens15T,72,-0.0076,0.986,0.0239,0.8202,average_predictors,average_predictors
norm_asym,overall_score,0,per_ckpt,main,72,-0.0094,0.986,0.024,0.8212,average_predictors,average_predictors
norm_asym,transfer_score,0,per_ckpt,step50000-tokens210B,72,-0.0059,0.9471,0.0232,0.8022,average_predictors,average_predictors
norm_asym,transfer_score,0,per_ckpt,step100000-tokens420B,72,0.007,0.9341,0.0197,0.8172,average_predictors,average_predictors
norm_asym,transfer_score,0,per_ckpt,step150000-tokens630B,72,0.0098,0.958,0.0189,0.8252,average_predictors,average_predictors
norm_asym,transfer_score,0,per_ckpt,step200000-tokens840B,72,0.0058,0.9271,0.0181,0.8352,average_predictors,average_predictors
norm_asym,transfer_score,0,per_ckpt,step250000-tokens1050B,72,0.0056,0.971,0.0178,0.8292,average_predictors,average_predictors
norm_asym,transfer_score,0,per_ckpt,step300000-tokens1260B,72,0.0061,0.974,0.017,0.8252,average_predictors,average_predictors
norm_asym,transfer_score,0,per_ckpt,step350000-tokens1470B,72,-0.0059,0.989,0.0163,0.8242,average_predictors,average_predictors
norm_asym,transfer_score,0,per_ckpt,step400000-tokens1680B,72,-0.0062,0.964,0.0154,0.8252,average_predictors,average_predictors
norm_asym,transfer_score,0,per_ckpt,step450000-tokens1890B,72,-0.0069,0.964,0.0144,0.8222,average_predictors,average_predictors
norm_asym,transfer_score,0,per_ckpt,step500000-tokens2100B,72,-0.0069,0.962,0.0141,0.8172,average_predictors,average_predictors
norm_asym,transfer_score,0,per_ckpt,step550000-tokens2310B,72,-0.0071,0.962,0.0142,0.8182,average_predictors,average_predictors
norm_asym,transfer_score,0,per_ckpt,step600000-tokens2520B,72,-0.0063,0.985,0.0144,0.8172,average_predictors,average_predictors
norm_asym,transfer_score,0,per_ckpt,step650000-tokens2730B,72,-0.007,0.993,0.0146,0.8162,average_predictors,average_predictors
norm_asym,transfer_score,0,per_ckpt,step700000-tokens2940B,72,-0.0078,0.985,0.0146,0.8192,average_predictors,average_predictors
norm_asym,transfer_score,0,per_ckpt,step750000-tokens3150B,72,-0.0078,0.985,0.0144,0.8242,average_predictors,average_predictors
norm_asym,transfer_score,0,per_ckpt,step800000-tokens3360B,72,-0.0091,0.985,0.0144,0.8262,average_predictors,average_predictors
norm_asym,transfer_score,0,per_ckpt,step850000-tokens3570B,72,-0.0113,0.997,0.0143,0.8272,average_predictors,average_predictors
norm_asym,transfer_score,0,per_ckpt,step900000-tokens3780B,72,-0.0143,0.997,0.0142,0.8272,average_predictors,average_predictors
norm_asym,transfer_score,0,per_ckpt,step950000-tokens3990B,72,-0.0142,0.997,0.0137,0.8292,average_predictors,average_predictors
norm_asym,transfer_score,0,per_ckpt,step1000000-tokens4200B,72,-0.0143,0.997,0.0136,0.8302,average_predictors,average_predictors
norm_asym,transfer_score,0,per_ckpt,step1194000-tokens5014B,72,-0.0135,1.0,0.0135,0.8312,average_predictors,average_predictors
norm_asym,transfer_score,0,per_ckpt,step1432000-tokens6014B,72,-0.0135,1.0,0.0134,0.8332,average_predictors,average_predictors
norm_asym,transfer_score,0,per_ckpt,step1670000-tokens7014B,72,-0.0067,0.997,0.0149,0.8282,average_predictors,average_predictors
norm_asym,transfer_score,0,per_ckpt,step1678000-tokens7047B,72,-0.0078,0.997,0.0146,0.8292,average_predictors,average_predictors
norm_asym,transfer_score,0,per_ckpt,step1700000-tokens7232B,72,-0.0078,0.997,0.0142,0.8322,average_predictors,average_predictors
norm_asym,transfer_score,0,per_ckpt,step1750000-tokens7652B,72,-0.0078,0.997,0.0142,0.8332,average_predictors,average_predictors
norm_asym,transfer_score,0,per_ckpt,step1800000-tokens8072B,72,-0.0078,0.997,0.014,0.8342,average_predictors,average_predictors
norm_asym,transfer_score,0,per_ckpt,step1850000-tokens8492B,72,-0.0078,1.0,0.0129,0.8352,average_predictors,average_predictors
norm_asym,transfer_score,0,per_ckpt,step1900000-tokens8912B,72,-0.0075,0.999,0.0121,0.8392,average_predictors,average_predictors
norm_asym,transfer_score,0,per_ckpt,step1950000-tokens9332B,72,-0.0092,1.0,0.0128,0.8372,average_predictors,average_predictors
norm_asym,transfer_score,0,per_ckpt,step2000000-tokens9752B,72,-0.0091,0.994,0.0127,0.8382,average_predictors,average_predictors
norm_asym,transfer_score,0,per_ckpt,step2050000-tokens10172B,72,-0.0086,0.994,0.0126,0.8382,average_predictors,average_predictors
norm_asym,transfer_score,0,per_ckpt,step2100000-tokens10592B,72,-0.0086,0.994,0.0125,0.8372,average_predictors,average_predictors
norm_asym,transfer_score,0,per_ckpt,step2150000-tokens11012B,72,-0.0086,0.994,0.0123,0.8342,average_predictors,average_predictors
norm_asym,transfer_score,0,per_ckpt,step2200000-tokens11432B,72,-0.0086,0.994,0.0122,0.8342,average_predictors,average_predictors
norm_asym,transfer_score,0,per_ckpt,step2250000-tokens11852B,72,-0.0091,0.994,0.0113,0.8362,average_predictors,average_predictors
norm_asym,transfer_score,0,per_ckpt,step2300000-tokens12272B,72,-0.0126,0.994,0.0108,0.8362,average_predictors,average_predictors
norm_asym,transfer_score,0,per_ckpt,step2350000-tokens12692B,72,-0.0126,0.994,0.0106,0.8372,average_predictors,average_predictors
norm_asym,transfer_score,0,per_ckpt,step2400000-tokens13112B,72,-0.0126,1.0,0.0106,0.8372,average_predictors,average_predictors
norm_asym,transfer_score,0,per_ckpt,step2450000-tokens13532B,72,-0.0111,1.0,0.0109,0.8352,average_predictors,average_predictors
norm_asym,transfer_score,0,per_ckpt,step2500000-tokens13952B,72,-0.0091,1.0,0.0111,0.8342,average_predictors,average_predictors
norm_asym,transfer_score,0,per_ckpt,step2550000-tokens14372B,72,-0.0091,0.999,0.0113,0.8292,average_predictors,average_predictors
norm_asym,transfer_score,0,per_ckpt,step2600000-tokens14792B,72,-0.0079,1.0,0.0115,0.8262,average_predictors,average_predictors
norm_asym,transfer_score,0,per_ckpt,step2627139-tokens15T,72,-0.0079,1.0,0.0118,0.8252,average_predictors,average_predictors
norm_asym,transfer_score,0,per_ckpt,main,72,-0.0091,1.0,0.012,0.8242,average_predictors,average_predictors
norm_asym,transfer_score_str,0,per_ckpt,step50000-tokens210B,72,-0.0132,0.978,-0.0139,0.993,average_predictors,average_predictors
norm_asym,transfer_score_str,0,per_ckpt,step100000-tokens420B,72,0.0278,0.95,0.0024,0.989,average_predictors,average_predictors
norm_asym,transfer_score_str,0,per_ckpt,step150000-tokens630B,72,0.0312,0.96,0.0014,0.995,average_predictors,average_predictors
norm_asym,transfer_score_str,0,per_ckpt,step200000-tokens840B,72,0.0285,0.9171,-0.0021,0.998,average_predictors,average_predictors
norm_asym,transfer_score_str,0,per_ckpt,step250000-tokens1050B,72,0.0287,0.966,-0.0059,0.999,average_predictors,average_predictors
norm_asym,transfer_score_str,0,per_ckpt,step300000-tokens1260B,72,0.0261,0.972,-0.0097,0.997,average_predictors,average_predictors
norm_asym,transfer_score_str,0,per_ckpt,step350000-tokens1470B,72,0.0088,0.974,-0.0128,0.998,average_predictors,average_predictors
norm_asym,transfer_score_str,0,per_ckpt,step400000-tokens1680B,72,0.0069,0.9371,-0.0155,0.998,average_predictors,average_predictors
norm_asym,transfer_score_str,0,per_ckpt,step450000-tokens1890B,72,0.0047,0.9371,-0.0176,0.997,average_predictors,average_predictors
norm_asym,transfer_score_str,0,per_ckpt,step500000-tokens2100B,72,0.0047,0.9391,-0.0187,0.994,average_predictors,average_predictors
norm_asym,transfer_score_str,0,per_ckpt,step550000-tokens2310B,72,0.0048,0.9281,-0.0196,0.992,average_predictors,average_predictors
norm_asym,transfer_score_str,0,per_ckpt,step600000-tokens2520B,72,0.0018,0.97,-0.0208,0.991,average_predictors,average_predictors
norm_asym,transfer_score_str,0,per_ckpt,step650000-tokens2730B,72,0.0006,0.972,-0.022,0.986,average_predictors,average_predictors
norm_asym,transfer_score_str,0,per_ckpt,step700000-tokens2940B,72,-0.0051,0.97,-0.0232,0.978,average_predictors,average_predictors
norm_asym,transfer_score_str,0,per_ckpt,step750000-tokens3150B,72,-0.0051,0.97,-0.024,0.975,average_predictors,average_predictors
norm_asym,transfer_score_str,0,per_ckpt,step800000-tokens3360B,72,-0.0111,0.97,-0.0248,0.97,average_predictors,average_predictors
norm_asym,transfer_score_str,0,per_ckpt,step850000-tokens3570B,72,-0.0124,0.981,-0.0254,0.967,average_predictors,average_predictors
norm_asym,transfer_score_str,0,per_ckpt,step900000-tokens3780B,72,-0.015,0.981,-0.0255,0.968,average_predictors,average_predictors
norm_asym,transfer_score_str,0,per_ckpt,step950000-tokens3990B,72,-0.015,0.981,-0.0259,0.966,average_predictors,average_predictors
norm_asym,transfer_score_str,0,per_ckpt,step1000000-tokens4200B,72,-0.0139,0.981,-0.0262,0.965,average_predictors,average_predictors
norm_asym,transfer_score_str,0,per_ckpt,step1194000-tokens5014B,72,-0.0134,0.979,-0.0265,0.965,average_predictors,average_predictors
norm_asym,transfer_score_str,0,per_ckpt,step1432000-tokens6014B,72,-0.0134,0.979,-0.0268,0.964,average_predictors,average_predictors
norm_asym,transfer_score_str,0,per_ckpt,step1670000-tokens7014B,72,-0.0042,0.981,-0.0228,0.966,average_predictors,average_predictors
norm_asym,transfer_score_str,0,per_ckpt,step1678000-tokens7047B,72,-0.0065,0.981,-0.0228,0.966,average_predictors,average_predictors
norm_asym,transfer_score_str,0,per_ckpt,step1700000-tokens7232B,72,-0.0065,0.981,-0.0227,0.967,average_predictors,average_predictors
norm_asym,transfer_score_str,0,per_ckpt,step1750000-tokens7652B,72,-0.0065,0.981,-0.0223,0.967,average_predictors,average_predictors
norm_asym,transfer_score_str,0,per_ckpt,step1800000-tokens8072B,72,-0.0065,0.981,-0.0226,0.966,average_predictors,average_predictors
norm_asym,transfer_score_str,0,per_ckpt,step1850000-tokens8492B,72,-0.0065,0.983,-0.0235,0.964,average_predictors,average_predictors
norm_asym,transfer_score_str,0,per_ckpt,step1900000-tokens8912B,72,-0.0046,0.982,-0.0243,0.963,average_predictors,average_predictors
norm_asym,transfer_score_str,0,per_ckpt,step1950000-tokens9332B,72,-0.0015,0.975,-0.024,0.961,average_predictors,average_predictors
norm_asym,transfer_score_str,0,per_ckpt,step2000000-tokens9752B,72,-0.0015,0.974,-0.0239,0.961,average_predictors,average_predictors
norm_asym,transfer_score_str,0,per_ckpt,step2050000-tokens10172B,72,-0.0022,0.974,-0.024,0.961,average_predictors,average_predictors
norm_asym,transfer_score_str,0,per_ckpt,step2100000-tokens10592B,72,-0.0022,0.974,-0.0238,0.961,average_predictors,average_predictors
norm_asym,transfer_score_str,0,per_ckpt,step2150000-tokens11012B,72,-0.0022,0.974,-0.0241,0.961,average_predictors,average_predictors
norm_asym,transfer_score_str,0,per_ckpt,step2200000-tokens11432B,72,-0.0022,0.974,-0.0242,0.961,average_predictors,average_predictors
norm_asym,transfer_score_str,0,per_ckpt,step2250000-tokens11852B,72,-0.0015,0.974,-0.0251,0.961,average_predictors,average_predictors
norm_asym,transfer_score_str,0,per_ckpt,step2300000-tokens12272B,72,-0.0088,0.974,-0.0256,0.962,average_predictors,average_predictors
norm_asym,transfer_score_str,0,per_ckpt,step2350000-tokens12692B,72,-0.0088,0.974,-0.0259,0.962,average_predictors,average_predictors
norm_asym,transfer_score_str,0,per_ckpt,step2400000-tokens13112B,72,-0.0088,0.975,-0.026,0.962,average_predictors,average_predictors
norm_asym,transfer_score_str,0,per_ckpt,step2450000-tokens13532B,72,-0.0068,0.975,-0.0259,0.961,average_predictors,average_predictors
norm_asym,transfer_score_str,0,per_ckpt,step2500000-tokens13952B,72,-0.0015,0.975,-0.0261,0.961,average_predictors,average_predictors
norm_asym,transfer_score_str,0,per_ckpt,step2550000-tokens14372B,72,-0.0015,0.982,-0.0264,0.96,average_predictors,average_predictors
norm_asym,transfer_score_str,0,per_ckpt,step2600000-tokens14792B,72,-0.0039,0.983,-0.0267,0.96,average_predictors,average_predictors
norm_asym,transfer_score_str,0,per_ckpt,step2627139-tokens15T,72,-0.0039,0.983,-0.0269,0.959,average_predictors,average_predictors
norm_asym,transfer_score_str,0,per_ckpt,main,72,-0.0062,0.983,-0.027,0.959,average_predictors,average_predictors
norm_asym,overall_score_str,0,per_ckpt,step50000-tokens210B,72,0.0989,0.5754,0.0209,0.9311,average_predictors,average_predictors
norm_asym,overall_score_str,0,per_ckpt,step100000-tokens420B,72,0.1155,0.5824,0.0213,0.9141,average_predictors,average_predictors
norm_asym,overall_score_str,0,per_ckpt,step150000-tokens630B,72,0.1152,0.5954,0.0211,0.9141,average_predictors,average_predictors
norm_asym,overall_score_str,0,per_ckpt,step200000-tokens840B,72,0.113,0.5864,0.0205,0.9201,average_predictors,average_predictors
norm_asym,overall_score_str,0,per_ckpt,step250000-tokens1050B,72,0.1132,0.6034,0.0216,0.9211,average_predictors,average_predictors
norm_asym,overall_score_str,0,per_ckpt,step300000-tokens1260B,72,0.1173,0.5954,0.0214,0.9211,average_predictors,average_predictors
norm_asym,overall_score_str,0,per_ckpt,step350000-tokens1470B,72,0.1092,0.6024,0.0205,0.9221,average_predictors,average_predictors
norm_asym,overall_score_str,0,per_ckpt,step400000-tokens1680B,72,0.1072,0.5704,0.0197,0.9201,average_predictors,average_predictors
norm_asym,overall_score_str,0,per_ckpt,step450000-tokens1890B,72,0.1068,0.5704,0.018,0.9221,average_predictors,average_predictors
norm_asym,overall_score_str,0,per_ckpt,step500000-tokens2100B,72,0.1068,0.5674,0.017,0.9231,average_predictors,average_predictors
norm_asym,overall_score_str,0,per_ckpt,step550000-tokens2310B,72,0.1059,0.5624,0.0168,0.9211,average_predictors,average_predictors
norm_asym,overall_score_str,0,per_ckpt,step600000-tokens2520B,72,0.1054,0.5684,0.0167,0.9211,average_predictors,average_predictors
norm_asym,overall_score_str,0,per_ckpt,step650000-tokens2730B,72,0.1057,0.5694,0.0164,0.9221,average_predictors,average_predictors
norm_asym,overall_score_str,0,per_ckpt,step700000-tokens2940B,72,0.1014,0.5714,0.0162,0.9221,average_predictors,average_predictors
norm_asym,overall_score_str,0,per_ckpt,step750000-tokens3150B,72,0.1014,0.5714,0.0159,0.9231,average_predictors,average_predictors
norm_asym,overall_score_str,0,per_ckpt,step800000-tokens3360B,72,0.0999,0.5714,0.0155,0.9251,average_predictors,average_predictors
norm_asym,overall_score_str,0,per_ckpt,step850000-tokens3570B,72,0.0998,0.5804,0.0154,0.9251,average_predictors,average_predictors
norm_asym,overall_score_str,0,per_ckpt,step900000-tokens3780B,72,0.0975,0.5804,0.015,0.9291,average_predictors,average_predictors
norm_asym,overall_score_str,0,per_ckpt,step950000-tokens3990B,72,0.097,0.5804,0.0143,0.9321,average_predictors,average_predictors
norm_asym,overall_score_str,0,per_ckpt,step1000000-tokens4200B,72,0.0967,0.5804,0.014,0.9361,average_predictors,average_predictors
norm_asym,overall_score_str,0,per_ckpt,step1194000-tokens5014B,72,0.0957,0.5854,0.0135,0.9391,average_predictors,average_predictors
norm_asym,overall_score_str,0,per_ckpt,step1432000-tokens6014B,72,0.0957,0.5854,0.013,0.9401,average_predictors,average_predictors
norm_asym,overall_score_str,0,per_ckpt,step1670000-tokens7014B,72,0.097,0.5804,0.0147,0.9331,average_predictors,average_predictors
norm_asym,overall_score_str,0,per_ckpt,step1678000-tokens7047B,72,0.0946,0.5804,0.0141,0.9371,average_predictors,average_predictors
norm_asym,overall_score_str,0,per_ckpt,step1700000-tokens7232B,72,0.0946,0.5804,0.0135,0.9381,average_predictors,average_predictors
norm_asym,overall_score_str,0,per_ckpt,step1750000-tokens7652B,72,0.0946,0.5804,0.0132,0.9371,average_predictors,average_predictors
norm_asym,overall_score_str,0,per_ckpt,step1800000-tokens8072B,72,0.0946,0.5804,0.013,0.9351,average_predictors,average_predictors
norm_asym,overall_score_str,0,per_ckpt,step1850000-tokens8492B,72,0.0946,0.5794,0.0128,0.9381,average_predictors,average_predictors
norm_asym,overall_score_str,0,per_ckpt,step1900000-tokens8912B,72,0.096,0.5794,0.0125,0.9371,average_predictors,average_predictors
norm_asym,overall_score_str,0,per_ckpt,step1950000-tokens9332B,72,0.1008,0.5734,0.0134,0.9371,average_predictors,average_predictors
norm_asym,overall_score_str,0,per_ckpt,step2000000-tokens9752B,72,0.1002,0.5784,0.0131,0.9371,average_predictors,average_predictors
norm_asym,overall_score_str,0,per_ckpt,step2050000-tokens10172B,72,0.0972,0.5784,0.0127,0.9371,average_predictors,average_predictors
norm_asym,overall_score_str,0,per_ckpt,step2100000-tokens10592B,72,0.0972,0.5784,0.0125,0.9361,average_predictors,average_predictors
norm_asym,overall_score_str,0,per_ckpt,step2150000-tokens11012B,72,0.0972,0.5784,0.0123,0.9351,average_predictors,average_predictors
norm_asym,overall_score_str,0,per_ckpt,step2200000-tokens11432B,72,0.0972,0.5784,0.012,0.9341,average_predictors,average_predictors
norm_asym,overall_score_str,0,per_ckpt,step2250000-tokens11852B,72,0.1002,0.5784,0.0118,0.9351,average_predictors,average_predictors
norm_asym,overall_score_str,0,per_ckpt,step2300000-tokens12272B,72,0.0987,0.5784,0.0116,0.9361,average_predictors,average_predictors
norm_asym,overall_score_str,0,per_ckpt,step2350000-tokens12692B,72,0.0987,0.5784,0.0114,0.9351,average_predictors,average_predictors
norm_asym,overall_score_str,0,per_ckpt,step2400000-tokens13112B,72,0.0987,0.5734,0.0113,0.9351,average_predictors,average_predictors
norm_asym,overall_score_str,0,per_ckpt,step2450000-tokens13532B,72,0.099,0.5734,0.0113,0.9351,average_predictors,average_predictors
norm_asym,overall_score_str,0,per_ckpt,step2500000-tokens13952B,72,0.1002,0.5734,0.0113,0.9351,average_predictors,average_predictors
norm_asym,overall_score_str,0,per_ckpt,step2550000-tokens14372B,72,0.1002,0.5794,0.0113,0.9341,average_predictors,average_predictors
norm_asym,overall_score_str,0,per_ckpt,step2600000-tokens14792B,72,0.0984,0.5794,0.0113,0.9331,average_predictors,average_predictors
norm_asym,overall_score_str,0,per_ckpt,step2627139-tokens15T,72,0.0984,0.5794,0.0114,0.9311,average_predictors,average_predictors
norm_asym,overall_score_str,0,per_ckpt,main,72,0.0966,0.5794,0.0115,0.9301,average_predictors,average_predictors
norm_asym,transfer_margin_str,0,per_ckpt,step50000-tokens210B,72,0.3401,0.1748,0.2869,0.2677,average_predictors,average_predictors
norm_asym,transfer_margin_str,0,per_ckpt,step100000-tokens420B,72,0.3575,0.1638,0.3081,0.2557,average_predictors,average_predictors
norm_asym,transfer_margin_str,0,per_ckpt,step150000-tokens630B,72,0.3637,0.1459,0.3119,0.2488,average_predictors,average_predictors
norm_asym,transfer_margin_str,0,per_ckpt,step200000-tokens840B,72,0.3631,0.1479,0.3119,0.2438,average_predictors,average_predictors
norm_asym,transfer_margin_str,0,per_ckpt,step250000-tokens1050B,72,0.3624,0.1459,0.3091,0.2418,average_predictors,average_predictors
norm_asym,transfer_margin_str,0,per_ckpt,step300000-tokens1260B,72,0.3536,0.1479,0.3068,0.2418,average_predictors,average_predictors
norm_asym,transfer_margin_str,0,per_ckpt,step350000-tokens1470B,72,0.3521,0.1409,0.3044,0.2448,average_predictors,average_predictors
norm_asym,transfer_margin_str,0,per_ckpt,step400000-tokens1680B,72,0.356,0.1499,0.3031,0.2438,average_predictors,average_predictors
norm_asym,transfer_margin_str,0,per_ckpt,step450000-tokens1890B,72,0.3548,0.1499,0.3032,0.2468,average_predictors,average_predictors
norm_asym,transfer_margin_str,0,per_ckpt,step500000-tokens2100B,72,0.3548,0.1518,0.3029,0.2488,average_predictors,average_predictors
norm_asym,transfer_margin_str,0,per_ckpt,step550000-tokens2310B,72,0.3578,0.1608,0.3025,0.2488,average_predictors,average_predictors
norm_asym,transfer_margin_str,0,per_ckpt,step600000-tokens2520B,72,0.3549,0.1628,0.3016,0.2517,average_predictors,average_predictors
norm_asym,transfer_margin_str,0,per_ckpt,step650000-tokens2730B,72,0.3524,0.1658,0.3012,0.2547,average_predictors,average_predictors
norm_asym,transfer_margin_str,0,per_ckpt,step700000-tokens2940B,72,0.3545,0.1688,0.3009,0.2527,average_predictors,average_predictors
norm_asym,transfer_margin_str,0,per_ckpt,step750000-tokens3150B,72,0.3545,0.1688,0.3007,0.2547,average_predictors,average_predictors
norm_asym,transfer_margin_str,0,per_ckpt,step800000-tokens3360B,72,0.3478,0.1688,0.3003,0.2557,average_predictors,average_predictors
norm_asym,transfer_margin_str,0,per_ckpt,step850000-tokens3570B,72,0.3466,0.1648,0.3002,0.2577,average_predictors,average_predictors
norm_asym,transfer_margin_str,0,per_ckpt,step900000-tokens3780B,72,0.3453,0.1648,0.3005,0.2577,average_predictors,average_predictors
norm_asym,transfer_margin_str,0,per_ckpt,step950000-tokens3990B,72,0.3462,0.1648,0.301,0.2577,average_predictors,average_predictors
norm_asym,transfer_margin_str,0,per_ckpt,step1000000-tokens4200B,72,0.3481,0.1648,0.3012,0.2577,average_predictors,average_predictors
norm_asym,transfer_margin_str,0,per_ckpt,step1194000-tokens5014B,72,0.35,0.1608,0.3016,0.2557,average_predictors,average_predictors
norm_asym,transfer_margin_str,0,per_ckpt,step1432000-tokens6014B,72,0.35,0.1608,0.3022,0.2537,average_predictors,average_predictors
norm_asym,transfer_margin_str,0,per_ckpt,step1670000-tokens7014B,72,0.3637,0.1648,0.3065,0.2517,average_predictors,average_predictors
norm_asym,transfer_margin_str,0,per_ckpt,step1678000-tokens7047B,72,0.3654,0.1648,0.3075,0.2517,average_predictors,average_predictors
norm_asym,transfer_margin_str,0,per_ckpt,step1700000-tokens7232B,72,0.3654,0.1648,0.3081,0.2517,average_predictors,average_predictors
norm_asym,transfer_margin_str,0,per_ckpt,step1750000-tokens7652B,72,0.3654,0.1648,0.3091,0.2517,average_predictors,average_predictors
norm_asym,transfer_margin_str,0,per_ckpt,step1800000-tokens8072B,72,0.3654,0.1648,0.3091,0.2517,average_predictors,average_predictors
norm_asym,transfer_margin_str,0,per_ckpt,step1850000-tokens8492B,72,0.3654,0.1598,0.3072,0.2527,average_predictors,average_predictors
norm_asym,transfer_margin_str,0,per_ckpt,step1900000-tokens8912B,72,0.364,0.1578,0.3056,0.2547,average_predictors,average_predictors
norm_asym,transfer_margin_str,0,per_ckpt,step1950000-tokens9332B,72,0.3581,0.1588,0.3043,0.2567,average_predictors,average_predictors
norm_asym,transfer_margin_str,0,per_ckpt,step2000000-tokens9752B,72,0.359,0.1588,0.3048,0.2567,average_predictors,average_predictors
norm_asym,transfer_margin_str,0,per_ckpt,step2050000-tokens10172B,72,0.3645,0.1588,0.3054,0.2577,average_predictors,average_predictors
norm_asym,transfer_margin_str,0,per_ckpt,step2100000-tokens10592B,72,0.3645,0.1588,0.306,0.2567,average_predictors,average_predictors
norm_asym,transfer_margin_str,0,per_ckpt,step2150000-tokens11012B,72,0.3645,0.1588,0.3058,0.2587,average_predictors,average_predictors
norm_asym,transfer_margin_str,0,per_ckpt,step2200000-tokens11432B,72,0.3645,0.1588,0.3062,0.2587,average_predictors,average_predictors
norm_asym,transfer_margin_str,0,per_ckpt,step2250000-tokens11852B,72,0.359,0.1588,0.3047,0.2587,average_predictors,average_predictors
norm_asym,transfer_margin_str,0,per_ckpt,step2300000-tokens12272B,72,0.3511,0.1588,0.3041,0.2587,average_predictors,average_predictors
norm_asym,transfer_margin_str,0,per_ckpt,step2350000-tokens12692B,72,0.3511,0.1588,0.3042,0.2577,average_predictors,average_predictors
norm_asym,transfer_margin_str,0,per_ckpt,step2400000-tokens13112B,72,0.3511,0.1588,0.3047,0.2577,average_predictors,average_predictors
norm_asym,transfer_margin_str,0,per_ckpt,step2450000-tokens13532B,72,0.3538,0.1588,0.3049,0.2577,average_predictors,average_predictors
norm_asym,transfer_margin_str,0,per_ckpt,step2500000-tokens13952B,72,0.359,0.1588,0.305,0.2577,average_predictors,average_predictors
norm_asym,transfer_margin_str,0,per_ckpt,step2550000-tokens14372B,72,0.359,0.1578,0.3051,0.2567,average_predictors,average_predictors
norm_asym,transfer_margin_str,0,per_ckpt,step2600000-tokens14792B,72,0.3594,0.1598,0.3052,0.2567,average_predictors,average_predictors
norm_asym,transfer_margin_str,0,per_ckpt,step2627139-tokens15T,72,0.3594,0.1598,0.3051,0.2567,average_predictors,average_predictors
norm_asym,transfer_margin_str,0,per_ckpt,main,72,0.3602,0.1598,0.3052,0.2577,average_predictors,average_predictors
norm_asym,overall_margin_str,0,per_ckpt,step50000-tokens210B,72,0.3164,0.1279,0.3387,0.1149,average_predictors,average_predictors
norm_asym,overall_margin_str,0,per_ckpt,step100000-tokens420B,72,0.3316,0.1259,0.3445,0.1069,average_predictors,average_predictors
norm_asym,overall_margin_str,0,per_ckpt,step150000-tokens630B,72,0.3359,0.1239,0.3472,0.1039,average_predictors,average_predictors
norm_asym,overall_margin_str,0,per_ckpt,step200000-tokens840B,72,0.332,0.1259,0.347,0.1029,average_predictors,average_predictors
norm_asym,overall_margin_str,0,per_ckpt,step250000-tokens1050B,72,0.3312,0.1269,0.3477,0.0999,average_predictors,average_predictors
norm_asym,overall_margin_str,0,per_ckpt,step300000-tokens1260B,72,0.3345,0.1209,0.3483,0.0959,average_predictors,average_predictors
norm_asym,overall_margin_str,0,per_ckpt,step350000-tokens1470B,72,0.3299,0.1269,0.3473,0.0979,average_predictors,average_predictors
norm_asym,overall_margin_str,0,per_ckpt,step400000-tokens1680B,72,0.3308,0.1119,0.3475,0.0969,average_predictors,average_predictors
norm_asym,overall_margin_str,0,per_ckpt,step450000-tokens1890B,72,0.3309,0.1119,0.3472,0.0969,average_predictors,average_predictors
norm_asym,overall_margin_str,0,per_ckpt,step500000-tokens2100B,72,0.3309,0.1129,0.3473,0.0969,average_predictors,average_predictors
norm_asym,overall_margin_str,0,per_ckpt,step550000-tokens2310B,72,0.3323,0.1159,0.348,0.0969,average_predictors,average_predictors
norm_asym,overall_margin_str,0,per_ckpt,step600000-tokens2520B,72,0.3347,0.1169,0.3486,0.0969,average_predictors,average_predictors
norm_asym,overall_margin_str,0,per_ckpt,step650000-tokens2730B,72,0.3343,0.1179,0.349,0.0969,average_predictors,average_predictors
norm_asym,overall_margin_str,0,per_ckpt,step700000-tokens2940B,72,0.3334,0.1189,0.3496,0.0969,average_predictors,average_predictors
norm_asym,overall_margin_str,0,per_ckpt,step750000-tokens3150B,72,0.3334,0.1189,0.3499,0.0969,average_predictors,average_predictors
norm_asym,overall_margin_str,0,per_ckpt,step800000-tokens3360B,72,0.3283,0.1189,0.35,0.0969,average_predictors,average_predictors
norm_asym,overall_margin_str,0,per_ckpt,step850000-tokens3570B,72,0.3276,0.1179,0.3504,0.0959,average_predictors,average_predictors
norm_asym,overall_margin_str,0,per_ckpt,step900000-tokens3780B,72,0.3245,0.1179,0.3507,0.0959,average_predictors,average_predictors
norm_asym,overall_margin_str,0,per_ckpt,step950000-tokens3990B,72,0.3237,0.1179,0.3504,0.0969,average_predictors,average_predictors
norm_asym,overall_margin_str,0,per_ckpt,step1000000-tokens4200B,72,0.3238,0.1179,0.3505,0.0969,average_predictors,average_predictors
norm_asym,overall_margin_str,0,per_ckpt,step1194000-tokens5014B,72,0.3234,0.1189,0.3506,0.0959,average_predictors,average_predictors
norm_asym,overall_margin_str,0,per_ckpt,step1432000-tokens6014B,72,0.3234,0.1189,0.3507,0.0959,average_predictors,average_predictors
norm_asym,overall_margin_str,0,per_ckpt,step1670000-tokens7014B,72,0.3319,0.1179,0.3523,0.0959,average_predictors,average_predictors
norm_asym,overall_margin_str,0,per_ckpt,step1678000-tokens7047B,72,0.331,0.1179,0.3524,0.0959,average_predictors,average_predictors
norm_asym,overall_margin_str,0,per_ckpt,step1700000-tokens7232B,72,0.331,0.1179,0.3523,0.0959,average_predictors,average_predictors
norm_asym,overall_margin_str,0,per_ckpt,step1750000-tokens7652B,72,0.331,0.1179,0.3524,0.0959,average_predictors,average_predictors
norm_asym,overall_margin_str,0,per_ckpt,step1800000-tokens8072B,72,0.331,0.1179,0.3522,0.0959,average_predictors,average_predictors
norm_asym,overall_margin_str,0,per_ckpt,step1850000-tokens8492B,72,0.331,0.1169,0.3505,0.0979,average_predictors,average_predictors
norm_asym,overall_margin_str,0,per_ckpt,step1900000-tokens8912B,72,0.3304,0.1179,0.3491,0.0979,average_predictors,average_predictors
norm_asym,overall_margin_str,0,per_ckpt,step1950000-tokens9332B,72,0.3319,0.1199,0.3489,0.0979,average_predictors,average_predictors
norm_asym,overall_margin_str,0,per_ckpt,step2000000-tokens9752B,72,0.3311,0.1199,0.3491,0.0979,average_predictors,average_predictors
norm_asym,overall_margin_str,0,per_ckpt,step2050000-tokens10172B,72,0.3299,0.1199,0.3491,0.0979,average_predictors,average_predictors
norm_asym,overall_margin_str,0,per_ckpt,step2100000-tokens10592B,72,0.3299,0.1199,0.3492,0.0979,average_predictors,average_predictors
norm_asym,overall_margin_str,0,per_ckpt,step2150000-tokens11012B,72,0.3299,0.1199,0.349,0.0979,average_predictors,average_predictors
norm_asym,overall_margin_str,0,per_ckpt,step2200000-tokens11432B,72,0.3299,0.1199,0.3491,0.0979,average_predictors,average_predictors
norm_asym,overall_margin_str,0,per_ckpt,step2250000-tokens11852B,72,0.3311,0.1199,0.3478,0.0979,average_predictors,average_predictors
norm_asym,overall_margin_str,0,per_ckpt,step2300000-tokens12272B,72,0.3253,0.1199,0.3473,0.0979,average_predictors,average_predictors
norm_asym,overall_margin_str,0,per_ckpt,step2350000-tokens12692B,72,0.3253,0.1199,0.3472,0.0979,average_predictors,average_predictors
norm_asym,overall_margin_str,0,per_ckpt,step2400000-tokens13112B,72,0.3253,0.1199,0.3474,0.0969,average_predictors,average_predictors
norm_asym,overall_margin_str,0,per_ckpt,step2450000-tokens13532B,72,0.3273,0.1199,0.3478,0.0979,average_predictors,average_predictors
norm_asym,overall_margin_str,0,per_ckpt,step2500000-tokens13952B,72,0.3311,0.1199,0.3482,0.0979,average_predictors,average_predictors
norm_asym,overall_margin_str,0,per_ckpt,step2550000-tokens14372B,72,0.3311,0.1179,0.3484,0.0979,average_predictors,average_predictors
norm_asym,overall_margin_str,0,per_ckpt,step2600000-tokens14792B,72,0.3309,0.1169,0.3487,0.0959,average_predictors,average_predictors
norm_asym,overall_margin_str,0,per_ckpt,step2627139-tokens15T,72,0.3309,0.1169,0.3489,0.0959,average_predictors,average_predictors
norm_asym,overall_margin_str,0,per_ckpt,main,72,0.3308,0.1169,0.3493,0.0959,average_predictors,average_predictors
