checkpoint,language,task,lm_task_name,accuracy,num_fewshot,random_chance,rankme,pr,alpha_req,top_1_var,top_5_var,top_10_var,top_25_var,top_50_var,top_100_var,top_250_var,top_500_var,top_1000_var,rankme_layer,rankme_aggregation
10B,Arabic,m_mmlu,m_mmlu_ar,0.2714263613861386,5,0.25,,,,,,,,,,,,,,
21B,Arabic,m_mmlu,m_mmlu_ar,0.2678681930693069,5,0.25,,,,,,,,,,,,,,
31B,Arabic,m_mmlu,m_mmlu_ar,0.2628403465346535,5,0.25,,,,,,,,,,,,,,
42B,Arabic,m_mmlu,m_mmlu_ar,0.26647586633663367,5,0.25,,,,,,,,,,,,,,
52B,Arabic,m_mmlu,m_mmlu_ar,0.2568069306930693,5,0.25,,,,,,,,,,,,,,
63B,Arabic,m_mmlu,m_mmlu_ar,0.2667079207920792,5,0.25,,,,,,,,,,,,,,
73B,Arabic,m_mmlu,m_mmlu_ar,0.26322710396039606,5,0.25,,,,,,,,,,,,,,
84B,Arabic,m_mmlu,m_mmlu_ar,0.2571936881188119,5,0.25,,,,,,,,,,,,,,
94B,Arabic,m_mmlu,m_mmlu_ar,0.26392326732673266,5,0.25,,,,,,,,,,,,,,
105B,Arabic,m_mmlu,m_mmlu_ar,0.2605971534653465,5,0.25,,,,,,,,,,,,,,
115B,Arabic,m_mmlu,m_mmlu_ar,0.26956992574257427,5,0.25,,,,,,,,,,,,,,
126B,Arabic,m_mmlu,m_mmlu_ar,0.27274133663366334,5,0.25,,,,,,,,,,,,,,
136B,Arabic,m_mmlu,m_mmlu_ar,0.2635365099009901,5,0.25,,,,,,,,,,,,,,
147B,Arabic,m_mmlu,m_mmlu_ar,0.27042079207920794,5,0.25,,,,,,,,,,,,,,
157B,Arabic,m_mmlu,m_mmlu_ar,0.2661664603960396,5,0.25,,,,,,,,,,,,,,
168B,Arabic,m_mmlu,m_mmlu_ar,0.26276299504950495,5,0.25,,,,,,,,,,,,,,
178B,Arabic,m_mmlu,m_mmlu_ar,0.26802289603960394,5,0.25,,,,,,,,,,,,,,
189B,Arabic,m_mmlu,m_mmlu_ar,0.270884900990099,5,0.25,,,,,,,,,,,,,,
199B,Arabic,m_mmlu,m_mmlu_ar,0.2698019801980198,5,0.25,,,,,,,,,,,,,,
210B,Arabic,m_mmlu,m_mmlu_ar,0.2697246287128713,5,0.25,,,,,,,,,,,,,,
step50000-tokens210B,Arabic,m_mmlu,m_mmlu_ar,0.2607518564356436,5,0.25,18.168,2.737,0.791777,0.599,0.7332,0.759,0.7925,0.8181,0.8453,0.8867,0.9225,0.959,layer_31,last
220B,Arabic,m_mmlu,m_mmlu_ar,0.26570235148514854,5,0.25,,,,,,,,,,,,,,
231B,Arabic,m_mmlu,m_mmlu_ar,0.27011138613861385,5,0.25,,,,,,,,,,,,,,
241B,Arabic,m_mmlu,m_mmlu_ar,0.2633818069306931,5,0.25,,,,,,,,,,,,,,
252B,Arabic,m_mmlu,m_mmlu_ar,0.26848700495049505,5,0.25,,,,,,,,,,,,,,
262B,Arabic,m_mmlu,m_mmlu_ar,0.2677134900990099,5,0.25,,,,,,,,,,,,,,
273B,Arabic,m_mmlu,m_mmlu_ar,0.2711943069306931,5,0.25,,,,,,,,,,,,,,
283B,Arabic,m_mmlu,m_mmlu_ar,0.2713490099009901,5,0.25,,,,,,,,,,,,,,
294B,Arabic,m_mmlu,m_mmlu_ar,0.2666305693069307,5,0.25,,,,,,,,,,,,,,
304B,Arabic,m_mmlu,m_mmlu_ar,0.2678681930693069,5,0.25,,,,,,,,,,,,,,
315B,Arabic,m_mmlu,m_mmlu_ar,0.2646194306930693,5,0.25,,,,,,,,,,,,,,
325B,Arabic,m_mmlu,m_mmlu_ar,0.26879641089108913,5,0.25,,,,,,,,,,,,,,
334B,Arabic,m_mmlu,m_mmlu_ar,0.2670946782178218,5,0.25,,,,,,,,,,,,,,
342B,Arabic,m_mmlu,m_mmlu_ar,0.26794554455445546,5,0.25,,,,,,,,,,,,,,
352B,Arabic,m_mmlu,m_mmlu_ar,0.25920482673267325,5,0.25,,,,,,,,,,,,,,
363B,Arabic,m_mmlu,m_mmlu_ar,0.26794554455445546,5,0.25,,,,,,,,,,,,,,
373B,Arabic,m_mmlu,m_mmlu_ar,0.2636912128712871,5,0.25,,,,,,,,,,,,,,
384B,Arabic,m_mmlu,m_mmlu_ar,0.2592821782178218,5,0.25,,,,,,,,,,,,,,
394B,Arabic,m_mmlu,m_mmlu_ar,0.2597462871287129,5,0.25,,,,,,,,,,,,,,
405B,Arabic,m_mmlu,m_mmlu_ar,0.2610612623762376,5,0.25,,,,,,,,,,,,,,
415B,Arabic,m_mmlu,m_mmlu_ar,0.2635365099009901,5,0.25,,,,,,,,,,,,,,
step100000-tokens420B,Arabic,m_mmlu,m_mmlu_ar,0.23978960396039603,5,0.25,5.1406,1.5783,0.809141,0.7948,0.8628,0.8769,0.8949,0.9084,0.9226,0.9439,0.9619,0.9802,layer_31,last
426B,Arabic,m_mmlu,m_mmlu_ar,0.2625309405940594,5,0.25,,,,,,,,,,,,,,
436B,Arabic,m_mmlu,m_mmlu_ar,0.2571936881188119,5,0.25,,,,,,,,,,,,,,
447B,Arabic,m_mmlu,m_mmlu_ar,0.2560334158415842,5,0.25,,,,,,,,,,,,,,
457B,Arabic,m_mmlu,m_mmlu_ar,0.2516243811881188,5,0.25,,,,,,,,,,,,,,
468B,Arabic,m_mmlu,m_mmlu_ar,0.2600556930693069,5,0.25,,,,,,,,,,,,,,
478B,Arabic,m_mmlu,m_mmlu_ar,0.25642017326732675,5,0.25,,,,,,,,,,,,,,
489B,Arabic,m_mmlu,m_mmlu_ar,0.2589727722772277,5,0.25,,,,,,,,,,,,,,
499B,Arabic,m_mmlu,m_mmlu_ar,0.2660891089108911,5,0.25,,,,,,,,,,,,,,
510B,Arabic,m_mmlu,m_mmlu_ar,0.26330445544554454,5,0.25,,,,,,,,,,,,,,
520B,Arabic,m_mmlu,m_mmlu_ar,0.26168007425742573,5,0.25,,,,,,,,,,,,,,
531B,Arabic,m_mmlu,m_mmlu_ar,0.27382425742574257,5,0.25,,,,,,,,,,,,,,
541B,Arabic,m_mmlu,m_mmlu_ar,0.2669399752475248,5,0.25,,,,,,,,,,,,,,
552B,Arabic,m_mmlu,m_mmlu_ar,0.26183477722772275,5,0.25,,,,,,,,,,,,,,
562B,Arabic,m_mmlu,m_mmlu_ar,0.25270730198019803,5,0.25,,,,,,,,,,,,,,
573B,Arabic,m_mmlu,m_mmlu_ar,0.2645420792079208,5,0.25,,,,,,,,,,,,,,
583B,Arabic,m_mmlu,m_mmlu_ar,0.26013304455445546,5,0.25,,,,,,,,,,,,,,
593B,Arabic,m_mmlu,m_mmlu_ar,0.2641553217821782,5,0.25,,,,,,,,,,,,,,
step150000-tokens630B,Arabic,m_mmlu,m_mmlu_ar,0.3087871287128713,5,0.25,4.492,1.5157,0.821577,0.8113,0.877,0.891,0.9075,0.9196,0.9322,0.9511,0.9669,0.9829,layer_31,last
step200000-tokens840B,Arabic,m_mmlu,m_mmlu_ar,0.341197400990099,5,0.25,3.7963,1.4195,0.824354,0.8387,0.8903,0.9022,0.9171,0.928,0.9393,0.9562,0.9704,0.9847,layer_31,last
step250000-tokens1050B,Arabic,m_mmlu,m_mmlu_ar,0.320467202970297,5,0.25,5.6158,1.633,0.829199,0.7812,0.8541,0.8699,0.8889,0.9028,0.9179,0.9406,0.9598,0.9793,layer_31,last
step300000-tokens1260B,Arabic,m_mmlu,m_mmlu_ar,0.36177289603960394,5,0.25,5.1134,1.5742,0.82835,0.7959,0.8627,0.8775,0.8956,0.9086,0.9226,0.9441,0.9622,0.9806,layer_31,last
step350000-tokens1470B,Arabic,m_mmlu,m_mmlu_ar,0.3688118811881188,5,0.25,4.0135,1.4439,0.829636,0.8315,0.8845,0.8973,0.9125,0.9236,0.9355,0.9534,0.9685,0.9838,layer_31,last
step400000-tokens1680B,Arabic,m_mmlu,m_mmlu_ar,0.38374071782178215,5,0.25,4.7221,1.5183,0.827682,0.8107,0.8679,0.8819,0.8989,0.9114,0.9251,0.9458,0.9634,0.9812,layer_31,last
step450000-tokens1890B,Arabic,m_mmlu,m_mmlu_ar,0.3911664603960396,5,0.25,4.9846,1.5439,0.832799,0.8039,0.8624,0.8767,0.894,0.907,0.9215,0.9432,0.9617,0.9804,layer_31,last
step500000-tokens2100B,Arabic,m_mmlu,m_mmlu_ar,0.39758663366336633,5,0.25,5.3973,1.5751,0.831315,0.796,0.8528,0.8676,0.8858,0.8993,0.9146,0.9382,0.9582,0.9786,layer_31,last
step550000-tokens2310B,Arabic,m_mmlu,m_mmlu_ar,0.39449257425742573,5,0.25,5.5364,1.5966,0.834529,0.7905,0.8511,0.8667,0.8855,0.8992,0.9147,0.9383,0.9584,0.9787,layer_31,last
step600000-tokens2520B,Arabic,m_mmlu,m_mmlu_ar,0.4040841584158416,5,0.25,6.1824,1.6699,0.831414,0.7726,0.8413,0.858,0.8778,0.8925,0.9091,0.9344,0.9557,0.9773,layer_31,last
step650000-tokens2730B,Arabic,m_mmlu,m_mmlu_ar,0.38907797029702973,5,0.25,7.388,1.7807,0.838365,0.7479,0.8222,0.8406,0.8626,0.8792,0.8978,0.9262,0.9502,0.9747,layer_31,last
step700000-tokens2940B,Arabic,m_mmlu,m_mmlu_ar,0.3941831683168317,5,0.25,5.3711,1.5762,0.835467,0.7956,0.8531,0.8684,0.8868,0.9005,0.9158,0.9392,0.9589,0.979,layer_31,last
step750000-tokens3150B,Arabic,m_mmlu,m_mmlu_ar,0.4134436881188119,5,0.25,9.9256,2.001,0.834703,0.7048,0.791,0.8125,0.8376,0.8566,0.8784,0.9121,0.9407,0.9697,layer_31,last
step800000-tokens3360B,Arabic,m_mmlu,m_mmlu_ar,0.41375309405940597,5,0.25,6.5316,1.6999,0.838052,0.7657,0.8347,0.8525,0.8727,0.8878,0.905,0.9313,0.9537,0.9765,layer_31,last
step850000-tokens3570B,Arabic,m_mmlu,m_mmlu_ar,0.41367574257425743,5,0.25,7.6535,1.7994,0.843374,0.7439,0.817,0.836,0.8586,0.8753,0.8945,0.9239,0.9489,0.9741,layer_31,last
step900000-tokens3780B,Arabic,m_mmlu,m_mmlu_ar,0.4103496287128713,5,0.25,8.0979,1.8377,0.845189,0.7361,0.8114,0.8311,0.854,0.8712,0.891,0.9215,0.9472,0.9733,layer_31,last
step950000-tokens3990B,Arabic,m_mmlu,m_mmlu_ar,0.39603960396039606,5,0.25,8.7337,1.9056,0.836472,0.7225,0.8047,0.8256,0.8495,0.867,0.8873,0.9186,0.9452,0.9721,layer_31,last
step1000000-tokens4200B,Arabic,m_mmlu,m_mmlu_ar,0.4109684405940594,5,0.25,8.8901,1.921,0.848006,0.7195,0.8031,0.8242,0.8475,0.8653,0.886,0.9179,0.9448,0.9722,layer_31,last
step1194000-tokens5014B,Arabic,m_mmlu,m_mmlu_ar,0.4181621287128713,5,0.25,9.1766,1.923,0.843411,0.7194,0.7973,0.8188,0.8424,0.8607,0.8818,0.9146,0.9426,0.9711,layer_31,last
step1432000-tokens6014B,Arabic,m_mmlu,m_mmlu_ar,0.4224938118811881,5,0.25,8.6172,1.8807,0.845144,0.7275,0.8041,0.8251,0.8484,0.866,0.8866,0.9181,0.945,0.9723,layer_31,last
step1670000-tokens7014B,Arabic,m_mmlu,m_mmlu_ar,0.4234993811881188,5,0.25,8.7406,1.8867,0.854294,0.7265,0.8019,0.8232,0.8466,0.8644,0.8853,0.9175,0.9448,0.9724,layer_31,last
step1678000-tokens7047B,Arabic,m_mmlu,m_mmlu_ar,0.43889232673267325,5,0.25,9.9371,1.9866,0.851094,0.7076,0.7878,0.8102,0.8352,0.8546,0.8772,0.9118,0.941,0.9704,layer_31,last
step1700000-tokens7232B,Arabic,m_mmlu,m_mmlu_ar,0.4479424504950495,5,0.25,11.1409,2.1038,0.851968,0.687,0.7764,0.8005,0.8274,0.8477,0.8715,0.9079,0.9386,0.9693,layer_31,last
step1750000-tokens7652B,Arabic,m_mmlu,m_mmlu_ar,0.4488706683168317,5,0.25,9.8879,1.9906,0.862978,0.7068,0.7884,0.8106,0.836,0.8554,0.8782,0.9132,0.9424,0.9714,layer_31,last
step1800000-tokens8072B,Arabic,m_mmlu,m_mmlu_ar,0.4525061881188119,5,0.25,9.6272,1.9715,0.86324,0.7102,0.7922,0.8137,0.8384,0.8575,0.8799,0.9143,0.9431,0.9718,layer_31,last
step1850000-tokens8492B,Arabic,m_mmlu,m_mmlu_ar,0.44299195544554454,5,0.25,11.6226,2.1382,0.863179,0.6815,0.7717,0.7954,0.8225,0.8437,0.8686,0.9064,0.938,0.9693,layer_31,last
step1900000-tokens8912B,Arabic,m_mmlu,m_mmlu_ar,0.43842821782178215,5,0.25,7.5699,1.7855,0.857963,0.747,0.8168,0.8362,0.8579,0.8747,0.8946,0.9247,0.9499,0.9751,layer_31,last
step1950000-tokens9332B,Arabic,m_mmlu,m_mmlu_ar,0.4458539603960396,5,0.25,12.336,2.1986,0.855117,0.6719,0.7658,0.7904,0.8185,0.8402,0.8654,0.9038,0.936,0.9681,layer_31,last
step2000000-tokens9752B,Arabic,m_mmlu,m_mmlu_ar,0.45583230198019803,5,0.25,10.5245,2.0413,0.857881,0.6978,0.783,0.805,0.8303,0.8502,0.8737,0.9098,0.9401,0.9702,layer_31,last
step2050000-tokens10172B,Arabic,m_mmlu,m_mmlu_ar,0.45583230198019803,5,0.25,10.8978,2.0549,0.862171,0.6957,0.7778,0.7995,0.8251,0.8456,0.8698,0.9069,0.9382,0.9695,layer_31,last
step2100000-tokens10592B,Arabic,m_mmlu,m_mmlu_ar,0.4586943069306931,5,0.25,10.7244,2.0434,0.854234,0.6976,0.7791,0.8014,0.8276,0.848,0.8718,0.9082,0.9388,0.9695,layer_31,last
step2150000-tokens11012B,Arabic,m_mmlu,m_mmlu_ar,0.46178836633663367,5,0.25,8.7311,1.8934,0.870974,0.7251,0.8025,0.8231,0.8464,0.8646,0.8861,0.9189,0.9464,0.9736,layer_31,last
step2200000-tokens11432B,Arabic,m_mmlu,m_mmlu_ar,0.4622524752475248,5,0.25,9.1347,1.919,0.859706,0.7202,0.7974,0.8179,0.8416,0.8602,0.8823,0.9159,0.9442,0.9723,layer_31,last
step2250000-tokens11852B,Arabic,m_mmlu,m_mmlu_ar,0.4681311881188119,5,0.25,11.9816,2.1568,0.864619,0.6785,0.7692,0.792,0.8185,0.8397,0.8648,0.9035,0.936,0.9684,layer_31,last
step2300000-tokens12272B,Arabic,m_mmlu,m_mmlu_ar,0.49288366336633666,5,0.25,10.1835,1.9938,0.842956,0.7065,0.7849,0.8067,0.8313,0.8511,0.8744,0.9099,0.9399,0.9699,layer_31,last
step2350000-tokens12692B,Arabic,m_mmlu,m_mmlu_ar,0.5030167079207921,5,0.25,9.4414,1.9315,0.856334,0.7181,0.7927,0.8132,0.8374,0.8566,0.8792,0.9138,0.9428,0.9716,layer_31,last
step2400000-tokens13112B,Arabic,m_mmlu,m_mmlu_ar,0.5043316831683168,5,0.25,12.6398,2.1863,0.833676,0.6742,0.7622,0.7858,0.8134,0.835,0.8605,0.8997,0.9328,0.9661,layer_31,last
step2450000-tokens13532B,Arabic,m_mmlu,m_mmlu_ar,0.5035581683168316,5,0.25,15.4228,2.4094,0.81138,0.6417,0.7365,0.7673,0.8006,0.8244,0.8517,0.8938,0.9288,0.9635,layer_31,last
step2500000-tokens13952B,Arabic,m_mmlu,m_mmlu_ar,0.513072400990099,5,0.25,20.0981,2.7121,0.809811,0.6041,0.7044,0.7373,0.7735,0.8007,0.8318,0.8794,0.919,0.9585,layer_31,last
step2550000-tokens14372B,Arabic,m_mmlu,m_mmlu_ar,0.518177599009901,5,0.25,18.6263,2.6119,0.808405,0.6159,0.7125,0.744,0.7808,0.8074,0.8378,0.8842,0.9223,0.9601,layer_31,last
step2600000-tokens14792B,Arabic,m_mmlu,m_mmlu_ar,0.5146194306930693,5,0.25,22.5504,2.9997,0.817926,0.5731,0.6893,0.7301,0.7723,0.8015,0.8337,0.8819,0.9212,0.9597,layer_31,last
step2627139-tokens15T,Arabic,m_mmlu,m_mmlu_ar,0.5143873762376238,5,0.25,22.1547,3.0346,0.820715,0.5694,0.6912,0.7365,0.7786,0.8072,0.8388,0.8858,0.9239,0.9612,layer_31,last
10B,Chinese,m_mmlu,m_mmlu_zh,0.2721610330421572,5,0.25,,,,,,,,,,,,,,
21B,Chinese,m_mmlu,m_mmlu_zh,0.27102164830991265,5,0.25,,,,,,,,,,,,,,
31B,Chinese,m_mmlu,m_mmlu_zh,0.254310672236992,5,0.25,,,,,,,,,,,,,,
42B,Chinese,m_mmlu,m_mmlu_zh,0.2586403342195215,5,0.25,,,,,,,,,,,,,,
52B,Chinese,m_mmlu,m_mmlu_zh,0.26213444739840486,5,0.25,,,,,,,,,,,,,,
63B,Chinese,m_mmlu,m_mmlu_zh,0.2702620584884163,5,0.25,,,,,,,,,,,,,,
73B,Chinese,m_mmlu,m_mmlu_zh,0.25339916445119637,5,0.25,,,,,,,,,,,,,,
84B,Chinese,m_mmlu,m_mmlu_zh,0.2557538928978352,5,0.25,,,,,,,,,,,,,,
94B,Chinese,m_mmlu,m_mmlu_zh,0.26965438663121916,5,0.25,,,,,,,,,,,,,,
105B,Chinese,m_mmlu,m_mmlu_zh,0.2584884162552222,5,0.25,,,,,,,,,,,,,,
115B,Chinese,m_mmlu,m_mmlu_zh,0.27200911507785797,5,0.25,,,,,,,,,,,,,,
126B,Chinese,m_mmlu,m_mmlu_zh,0.262742119255602,5,0.25,,,,,,,,,,,,,,
136B,Chinese,m_mmlu,m_mmlu_zh,0.26767945309532853,5,0.25,,,,,,,,,,,,,,
147B,Chinese,m_mmlu,m_mmlu_zh,0.27102164830991265,5,0.25,,,,,,,,,,,,,,
157B,Chinese,m_mmlu,m_mmlu_zh,0.2594758830231675,5,0.25,,,,,,,,,,,,,,
168B,Chinese,m_mmlu,m_mmlu_zh,0.25826053930877324,5,0.25,,,,,,,,,,,,,,
178B,Chinese,m_mmlu,m_mmlu_zh,0.27284466388150397,5,0.25,,,,,,,,,,,,,,
189B,Chinese,m_mmlu,m_mmlu_zh,0.264641093809343,5,0.25,,,,,,,,,,,,,,
199B,Chinese,m_mmlu,m_mmlu_zh,0.2717052791492594,5,0.25,,,,,,,,,,,,,,
210B,Chinese,m_mmlu,m_mmlu_zh,0.25415875427269274,5,0.25,,,,,,,,,,,,,,
step50000-tokens210B,Chinese,m_mmlu,m_mmlu_zh,0.27086973034561335,5,0.25,87.5879,5.8833,0.686995,0.4064,0.5188,0.5604,0.6147,0.657,0.7014,0.7696,0.8331,0.9042,layer_31,last
220B,Chinese,m_mmlu,m_mmlu_zh,0.2699582225598177,5,0.25,,,,,,,,,,,,,,
231B,Chinese,m_mmlu,m_mmlu_zh,0.26631219141663504,5,0.25,,,,,,,,,,,,,,
241B,Chinese,m_mmlu,m_mmlu_zh,0.2641853399164451,5,0.25,,,,,,,,,,,,,,
252B,Chinese,m_mmlu,m_mmlu_zh,0.2703380174705659,5,0.25,,,,,,,,,,,,,,
262B,Chinese,m_mmlu,m_mmlu_zh,0.26479301177364223,5,0.25,,,,,,,,,,,,,,
273B,Chinese,m_mmlu,m_mmlu_zh,0.2683630839346753,5,0.25,,,,,,,,,,,,,,
283B,Chinese,m_mmlu,m_mmlu_zh,0.25567793391568555,5,0.25,,,,,,,,,,,,,,
294B,Chinese,m_mmlu,m_mmlu_zh,0.2575769084694265,5,0.25,,,,,,,,,,,,,,
304B,Chinese,m_mmlu,m_mmlu_zh,0.25977971895176605,5,0.25,,,,,,,,,,,,,,
315B,Chinese,m_mmlu,m_mmlu_zh,0.2702620584884163,5,0.25,,,,,,,,,,,,,,
325B,Chinese,m_mmlu,m_mmlu_zh,0.2643372578807444,5,0.25,,,,,,,,,,,,,,
334B,Chinese,m_mmlu,m_mmlu_zh,0.27292062286365365,5,0.25,,,,,,,,,,,,,,
342B,Chinese,m_mmlu,m_mmlu_zh,0.2680592480060767,5,0.25,,,,,,,,,,,,,,
352B,Chinese,m_mmlu,m_mmlu_zh,0.254310672236992,5,0.25,,,,,,,,,,,,,,
363B,Chinese,m_mmlu,m_mmlu_zh,0.27041397645271553,5,0.25,,,,,,,,,,,,,,
373B,Chinese,m_mmlu,m_mmlu_zh,0.2632738321306495,5,0.25,,,,,,,,,,,,,,
384B,Chinese,m_mmlu,m_mmlu_zh,0.26623623243448535,5,0.25,,,,,,,,,,,,,,
394B,Chinese,m_mmlu,m_mmlu_zh,0.26540068363083935,5,0.25,,,,,,,,,,,,,,
405B,Chinese,m_mmlu,m_mmlu_zh,0.2645651348271933,5,0.25,,,,,,,,,,,,,,
415B,Chinese,m_mmlu,m_mmlu_zh,0.2702620584884163,5,0.25,,,,,,,,,,,,,,
step100000-tokens420B,Chinese,m_mmlu,m_mmlu_zh,0.23987846562856058,5,0.25,17.4668,2.3753,0.699178,0.6473,0.7164,0.7451,0.78,0.8058,0.832,0.8709,0.9069,0.947,layer_31,last
426B,Chinese,m_mmlu,m_mmlu_zh,0.26767945309532853,5,0.25,,,,,,,,,,,,,,
436B,Chinese,m_mmlu,m_mmlu_zh,0.2538549183440942,5,0.25,,,,,,,,,,,,,,
447B,Chinese,m_mmlu,m_mmlu_zh,0.26578047854158754,5,0.25,,,,,,,,,,,,,,
457B,Chinese,m_mmlu,m_mmlu_zh,0.24952525636156475,5,0.25,,,,,,,,,,,,,,
468B,Chinese,m_mmlu,m_mmlu_zh,0.25127231295100644,5,0.25,,,,,,,,,,,,,,
478B,Chinese,m_mmlu,m_mmlu_zh,0.24800607671857197,5,0.25,,,,,,,,,,,,,,
489B,Chinese,m_mmlu,m_mmlu_zh,0.25127231295100644,5,0.25,,,,,,,,,,,,,,
499B,Chinese,m_mmlu,m_mmlu_zh,0.2679073300417774,5,0.25,,,,,,,,,,,,,,
510B,Chinese,m_mmlu,m_mmlu_zh,0.26524876566654004,5,0.25,,,,,,,,,,,,,,
520B,Chinese,m_mmlu,m_mmlu_zh,0.2552981390049373,5,0.25,,,,,,,,,,,,,,
531B,Chinese,m_mmlu,m_mmlu_zh,0.2605393087732624,5,0.25,,,,,,,,,,,,,,
541B,Chinese,m_mmlu,m_mmlu_zh,0.26448917584504367,5,0.25,,,,,,,,,,,,,,
552B,Chinese,m_mmlu,m_mmlu_zh,0.26259020129130267,5,0.25,,,,,,,,,,,,,,
562B,Chinese,m_mmlu,m_mmlu_zh,0.26486897075579185,5,0.25,,,,,,,,,,,,,,
573B,Chinese,m_mmlu,m_mmlu_zh,0.26479301177364223,5,0.25,,,,,,,,,,,,,,
583B,Chinese,m_mmlu,m_mmlu_zh,0.26213444739840486,5,0.25,,,,,,,,,,,,,,
593B,Chinese,m_mmlu,m_mmlu_zh,0.2613748575769085,5,0.25,,,,,,,,,,,,,,
step150000-tokens630B,Chinese,m_mmlu,m_mmlu_zh,0.3428028864413217,5,0.25,11.6111,2.0311,0.705137,0.7006,0.7637,0.7911,0.8215,0.8429,0.8642,0.8959,0.9251,0.9575,layer_31,last
step200000-tokens840B,Chinese,m_mmlu,m_mmlu_zh,0.35495632358526397,5,0.25,12.5868,2.0859,0.7061,0.6912,0.7544,0.7819,0.8126,0.8344,0.8565,0.8897,0.9206,0.9551,layer_31,last
step250000-tokens1050B,Chinese,m_mmlu,m_mmlu_zh,0.3490315229775921,5,0.25,16.9048,2.3554,0.707295,0.6501,0.7194,0.7511,0.7857,0.8102,0.8353,0.8733,0.9088,0.9485,layer_31,last
step300000-tokens1260B,Chinese,m_mmlu,m_mmlu_zh,0.3900493733383973,5,0.25,17.683,2.4098,0.708497,0.6425,0.7147,0.7469,0.7823,0.8073,0.8325,0.871,0.9072,0.9477,layer_31,last
step350000-tokens1470B,Chinese,m_mmlu,m_mmlu_zh,0.3872388909988606,5,0.25,15.7657,2.2797,0.708953,0.661,0.7255,0.7577,0.7915,0.8157,0.8402,0.8772,0.9117,0.9502,layer_31,last
step400000-tokens1680B,Chinese,m_mmlu,m_mmlu_zh,0.41496391948347894,5,0.25,18.1583,2.4086,0.710169,0.6429,0.7096,0.7416,0.7766,0.8022,0.828,0.8676,0.9048,0.9464,layer_31,last
step450000-tokens1890B,Chinese,m_mmlu,m_mmlu_zh,0.416635017090771,5,0.25,18.5065,2.4276,0.712194,0.6403,0.7083,0.74,0.7748,0.8,0.8258,0.8657,0.9035,0.9458,layer_31,last
step500000-tokens2100B,Chinese,m_mmlu,m_mmlu_zh,0.42377516141283705,5,0.25,18.61,2.4174,0.710259,0.6418,0.7069,0.7379,0.7723,0.7975,0.8237,0.8642,0.9023,0.9451,layer_31,last
step550000-tokens2310B,Chinese,m_mmlu,m_mmlu_zh,0.42992783896695785,5,0.25,19.2361,2.478,0.715729,0.6337,0.703,0.7364,0.7718,0.7977,0.8241,0.8647,0.9029,0.9456,layer_31,last
step600000-tokens2520B,Chinese,m_mmlu,m_mmlu_zh,0.44063805545005696,5,0.25,21.2971,2.5765,0.709751,0.6214,0.6907,0.7248,0.7613,0.7879,0.8151,0.8575,0.8975,0.9424,layer_31,last
step650000-tokens2730B,Chinese,m_mmlu,m_mmlu_zh,0.44276490695024684,5,0.25,22.8287,2.6726,0.715104,0.6099,0.6833,0.7177,0.755,0.7821,0.8101,0.8539,0.8951,0.9412,layer_31,last
step700000-tokens2940B,Chinese,m_mmlu,m_mmlu_zh,0.4441321686289404,5,0.25,24.2037,2.7705,0.714451,0.5987,0.6777,0.714,0.7515,0.7789,0.807,0.8512,0.8932,0.9401,layer_31,last
step750000-tokens3150B,Chinese,m_mmlu,m_mmlu_zh,0.4412457273072541,5,0.25,25.5246,2.8456,0.713529,0.5905,0.6718,0.7084,0.7468,0.7743,0.803,0.8481,0.8908,0.9388,layer_31,last
step800000-tokens3360B,Chinese,m_mmlu,m_mmlu_zh,0.46350170907709837,5,0.25,23.6087,2.7344,0.714399,0.6027,0.6797,0.7165,0.7535,0.7808,0.8088,0.8526,0.8942,0.9408,layer_31,last
step850000-tokens3570B,Chinese,m_mmlu,m_mmlu_zh,0.45400683630839345,5,0.25,23.3359,2.7045,0.716929,0.6061,0.6818,0.7158,0.7529,0.78,0.8077,0.8519,0.8938,0.9406,layer_31,last
step900000-tokens3780B,Chinese,m_mmlu,m_mmlu_zh,0.4515001898974554,5,0.25,23.748,2.7173,0.715689,0.6048,0.6785,0.7139,0.7514,0.7785,0.8064,0.8508,0.893,0.9401,layer_31,last
step950000-tokens3990B,Chinese,m_mmlu,m_mmlu_zh,0.4385112039498671,5,0.25,26.8178,2.8834,0.714946,0.5868,0.6652,0.7013,0.7395,0.7679,0.7971,0.8435,0.8876,0.9371,layer_31,last
step1000000-tokens4200B,Chinese,m_mmlu,m_mmlu_zh,0.4530953285225978,5,0.25,24.836,2.7736,0.718127,0.5985,0.6737,0.7089,0.7465,0.7739,0.8024,0.8476,0.8907,0.939,layer_31,last
step1194000-tokens5014B,Chinese,m_mmlu,m_mmlu_zh,0.4515001898974554,5,0.25,29.7594,3.0204,0.718104,0.5731,0.6539,0.6888,0.7276,0.7562,0.7864,0.8353,0.882,0.9343,layer_31,last
step1432000-tokens6014B,Chinese,m_mmlu,m_mmlu_zh,0.4644891758450437,5,0.25,30.583,3.0683,0.719033,0.5685,0.6503,0.6864,0.7253,0.7543,0.7847,0.8341,0.8812,0.9338,layer_31,last
step1670000-tokens7014B,Chinese,m_mmlu,m_mmlu_zh,0.4641093809342955,5,0.25,31.6443,3.1132,0.722374,0.5644,0.6476,0.6826,0.7204,0.7495,0.7806,0.8311,0.8794,0.9331,layer_31,last
step1678000-tokens7047B,Chinese,m_mmlu,m_mmlu_zh,0.47831371059627803,5,0.25,31.4966,3.1147,0.723597,0.5642,0.6474,0.6829,0.7216,0.7509,0.782,0.8325,0.8805,0.9338,layer_31,last
step1700000-tokens7232B,Chinese,m_mmlu,m_mmlu_zh,0.4891758450436764,5,0.25,28.672,2.996,0.728279,0.5754,0.6575,0.6941,0.7338,0.7618,0.7916,0.8399,0.8859,0.937,layer_31,last
step1750000-tokens7652B,Chinese,m_mmlu,m_mmlu_zh,0.4948727687048994,5,0.25,28.4276,2.9638,0.730681,0.5787,0.6576,0.6937,0.7321,0.7608,0.7913,0.8399,0.8861,0.9372,layer_31,last
step1800000-tokens8072B,Chinese,m_mmlu,m_mmlu_zh,0.4935814660083555,5,0.25,34.5166,3.289,0.732389,0.5487,0.6345,0.6725,0.7138,0.7437,0.7758,0.8278,0.8776,0.9327,layer_31,last
step1850000-tokens8492B,Chinese,m_mmlu,m_mmlu_zh,0.4961640714014432,5,0.25,31.6227,3.1284,0.731481,0.563,0.6449,0.6816,0.7216,0.7507,0.7821,0.8328,0.8812,0.9346,layer_31,last
step1900000-tokens8912B,Chinese,m_mmlu,m_mmlu_zh,0.48963159893657426,5,0.25,29.9733,3.0454,0.731734,0.5707,0.6522,0.6882,0.727,0.7555,0.7861,0.8357,0.8831,0.9357,layer_31,last
step1950000-tokens9332B,Chinese,m_mmlu,m_mmlu_zh,0.48363083934675277,5,0.25,34.5368,3.2724,0.726783,0.5503,0.6329,0.6719,0.7135,0.7435,0.7756,0.8278,0.8774,0.9323,layer_31,last
step2000000-tokens9752B,Chinese,m_mmlu,m_mmlu_zh,0.5001139384732245,5,0.25,27.2393,2.9006,0.729653,0.5851,0.664,0.6988,0.7368,0.7645,0.7937,0.8417,0.8875,0.9381,layer_31,last
step2050000-tokens10172B,Chinese,m_mmlu,m_mmlu_zh,0.5043676414736042,5,0.25,25.6065,2.7806,0.730837,0.5979,0.6711,0.7036,0.7394,0.7662,0.7952,0.8426,0.8882,0.9386,layer_31,last
step2100000-tokens10592B,Chinese,m_mmlu,m_mmlu_zh,0.5133308013672617,5,0.25,31.225,3.0842,0.729451,0.5673,0.6464,0.6831,0.722,0.7506,0.7814,0.8319,0.8804,0.9341,layer_31,last
step2150000-tokens11012B,Chinese,m_mmlu,m_mmlu_zh,0.50315229775921,5,0.25,31.9139,3.1335,0.734615,0.5626,0.6443,0.682,0.7208,0.7491,0.7798,0.831,0.8801,0.9344,layer_31,last
step2200000-tokens11432B,Chinese,m_mmlu,m_mmlu_zh,0.5045195594379035,5,0.25,23.8855,2.7236,0.734315,0.6042,0.6792,0.7133,0.75,0.7763,0.8045,0.8503,0.8938,0.9418,layer_31,last
step2250000-tokens11852B,Chinese,m_mmlu,m_mmlu_zh,0.5123433345993164,5,0.25,27.0095,2.8959,0.735136,0.5856,0.6647,0.7007,0.7389,0.7658,0.7948,0.8425,0.8882,0.9387,layer_31,last
step2300000-tokens12272B,Chinese,m_mmlu,m_mmlu_zh,0.536422331940752,5,0.25,27.3614,2.9056,0.731266,0.5847,0.663,0.6987,0.7363,0.7639,0.7937,0.842,0.8878,0.9383,layer_31,last
step2350000-tokens12692B,Chinese,m_mmlu,m_mmlu_zh,0.5478161792631979,5,0.25,26.4399,2.8448,0.73198,0.591,0.6686,0.7022,0.7382,0.7651,0.7941,0.8422,0.888,0.9386,layer_31,last
step2400000-tokens13112B,Chinese,m_mmlu,m_mmlu_zh,0.5502468666919863,5,0.25,27.8416,2.9301,0.727029,0.5821,0.6626,0.6969,0.7344,0.7615,0.7912,0.8399,0.8862,0.9373,layer_31,last
step2450000-tokens13532B,Chinese,m_mmlu,m_mmlu_zh,0.5544246107102165,5,0.25,26.4014,2.8857,0.723107,0.5866,0.6684,0.7022,0.7422,0.7705,0.8003,0.8475,0.8916,0.94,layer_31,last
step2500000-tokens13952B,Chinese,m_mmlu,m_mmlu_zh,0.5652867451576149,5,0.25,29.854,3.3539,0.725923,0.5396,0.6652,0.7001,0.7408,0.7703,0.8006,0.8478,0.8918,0.9402,layer_31,last
step2550000-tokens14372B,Chinese,m_mmlu,m_mmlu_zh,0.5668059248006077,5,0.25,31.4451,3.9009,0.730943,0.4879,0.6683,0.7039,0.7469,0.7759,0.8059,0.8522,0.8952,0.9422,layer_31,last
step2600000-tokens14792B,Chinese,m_mmlu,m_mmlu_zh,0.5698442840865933,5,0.25,22.1695,3.7065,0.735437,0.4815,0.7227,0.7559,0.7931,0.8172,0.8419,0.8798,0.9149,0.9532,layer_31,last
step2627139-tokens15T,Chinese,m_mmlu,m_mmlu_zh,0.5681731864793012,5,0.25,18.9077,3.6352,0.740645,0.4752,0.7478,0.7795,0.8142,0.8366,0.859,0.893,0.9244,0.9585,layer_31,last
10B,English,m_mmlu,m_mmlu_en,0.26919595715794237,5,0.25,,,,,,,,,,,,,,
21B,English,m_mmlu,m_mmlu_en,0.27040277568260673,5,0.25,,,,,,,,,,,,,,
31B,English,m_mmlu,m_mmlu_en,0.255996379544426,5,0.25,,,,,,,,,,,,,,
42B,English,m_mmlu,m_mmlu_en,0.2604465228541258,5,0.25,,,,,,,,,,,,,,
52B,English,m_mmlu,m_mmlu_en,0.25614723186000904,5,0.25,,,,,,,,,,,,,,
63B,English,m_mmlu,m_mmlu_en,0.25720319806909037,5,0.25,,,,,,,,,,,,,,
73B,English,m_mmlu,m_mmlu_en,0.2583345904359632,5,0.25,,,,,,,,,,,,,,
84B,English,m_mmlu,m_mmlu_en,0.255996379544426,5,0.25,,,,,,,,,,,,,,
94B,English,m_mmlu,m_mmlu_en,0.26806456479106955,5,0.25,,,,,,,,,,,,,,
105B,English,m_mmlu,m_mmlu_en,0.26527379695278325,5,0.25,,,,,,,,,,,,,,
115B,English,m_mmlu,m_mmlu_en,0.2725901342585609,5,0.25,,,,,,,,,,,,,,
126B,English,m_mmlu,m_mmlu_en,0.27010107105144066,5,0.25,,,,,,,,,,,,,,
136B,English,m_mmlu,m_mmlu_en,0.26225675064112236,5,0.25,,,,,,,,,,,,,,
147B,English,m_mmlu,m_mmlu_en,0.26813999094886104,5,0.25,,,,,,,,,,,,,,
157B,English,m_mmlu,m_mmlu_en,0.2699502187358576,5,0.25,,,,,,,,,,,,,,
168B,English,m_mmlu,m_mmlu_en,0.25727862422688186,5,0.25,,,,,,,,,,,,,,
178B,English,m_mmlu,m_mmlu_en,0.2699502187358576,5,0.25,,,,,,,,,,,,,,
189B,English,m_mmlu,m_mmlu_en,0.2710061849449389,5,0.25,,,,,,,,,,,,,,
199B,English,m_mmlu,m_mmlu_en,0.2712324634183135,5,0.25,,,,,,,,,,,,,,
210B,English,m_mmlu,m_mmlu_en,0.266254337004073,5,0.25,,,,,,,,,,,,,,
step50000-tokens210B,English,m_mmlu,m_mmlu_en,0.27198672499622867,5,0.25,175.0478,9.2991,0.601343,0.3184,0.4333,0.4717,0.5259,0.5711,0.6203,0.6971,0.7709,0.8592,layer_31,last
220B,English,m_mmlu,m_mmlu_en,0.2675365816865289,5,0.25,,,,,,,,,,,,,,
231B,English,m_mmlu,m_mmlu_en,0.2716850203650626,5,0.25,,,,,,,,,,,,,,
241B,English,m_mmlu,m_mmlu_en,0.2640669784281189,5,0.25,,,,,,,,,,,,,,
252B,English,m_mmlu,m_mmlu_en,0.26436868305928496,5,0.25,,,,,,,,,,,,,,
262B,English,m_mmlu,m_mmlu_en,0.26806456479106955,5,0.25,,,,,,,,,,,,,,
273B,English,m_mmlu,m_mmlu_en,0.2621058983255393,5,0.25,,,,,,,,,,,,,,
283B,English,m_mmlu,m_mmlu_en,0.27017649720923215,5,0.25,,,,,,,,,,,,,,
294B,English,m_mmlu,m_mmlu_en,0.26972394026248303,5,0.25,,,,,,,,,,,,,,
304B,English,m_mmlu,m_mmlu_en,0.26919595715794237,5,0.25,,,,,,,,,,,,,,
315B,English,m_mmlu,m_mmlu_en,0.2642932569014934,5,0.25,,,,,,,,,,,,,,
325B,English,m_mmlu,m_mmlu_en,0.2621813244833308,5,0.25,,,,,,,,,,,,,,
334B,English,m_mmlu,m_mmlu_en,0.2630864383768291,5,0.25,,,,,,,,,,,,,,
342B,English,m_mmlu,m_mmlu_en,0.26278473374566297,5,0.25,,,,,,,,,,,,,,
352B,English,m_mmlu,m_mmlu_en,0.25448785638859556,5,0.25,,,,,,,,,,,,,,
363B,English,m_mmlu,m_mmlu_en,0.2670085985819882,5,0.25,,,,,,,,,,,,,,
373B,English,m_mmlu,m_mmlu_en,0.25931513048725296,5,0.25,,,,,,,,,,,,,,
384B,English,m_mmlu,m_mmlu_en,0.26391612611253584,5,0.25,,,,,,,,,,,,,,
394B,English,m_mmlu,m_mmlu_en,0.2545632825463871,5,0.25,,,,,,,,,,,,,,
405B,English,m_mmlu,m_mmlu_en,0.25750490270025644,5,0.25,,,,,,,,,,,,,,
415B,English,m_mmlu,m_mmlu_en,0.2665560416352391,5,0.25,,,,,,,,,,,,,,
step100000-tokens420B,English,m_mmlu,m_mmlu_en,0.2399306079348318,5,0.25,38.0995,3.337,0.617228,0.5444,0.6317,0.6584,0.6997,0.7316,0.7641,0.813,0.8594,0.9143,layer_31,last
426B,English,m_mmlu,m_mmlu_en,0.2624076029567054,5,0.25,,,,,,,,,,,,,,
436B,English,m_mmlu,m_mmlu_en,0.2555438225976769,5,0.25,,,,,,,,,,,,,,
447B,English,m_mmlu,m_mmlu_en,0.24966058228993815,5,0.25,,,,,,,,,,,,,,
457B,English,m_mmlu,m_mmlu_en,0.2494343038165636,5,0.25,,,,,,,,,,,,,,
468B,English,m_mmlu,m_mmlu_en,0.2470206667672349,5,0.25,,,,,,,,,,,,,,
478B,English,m_mmlu,m_mmlu_en,0.2481520591341077,5,0.25,,,,,,,,,,,,,,
489B,English,m_mmlu,m_mmlu_en,0.2580328858047971,5,0.25,,,,,,,,,,,,,,
499B,English,m_mmlu,m_mmlu_en,0.2673103032131543,5,0.25,,,,,,,,,,,,,,
510B,English,m_mmlu,m_mmlu_en,0.25742947654246495,5,0.25,,,,,,,,,,,,,,
520B,English,m_mmlu,m_mmlu_en,0.24898174686981445,5,0.25,,,,,,,,,,,,,,
531B,English,m_mmlu,m_mmlu_en,0.25976768743400214,5,0.25,,,,,,,,,,,,,,
541B,English,m_mmlu,m_mmlu_en,0.2590134258560869,5,0.25,,,,,,,,,,,,,,
552B,English,m_mmlu,m_mmlu_en,0.2693468094735254,5,0.25,,,,,,,,,,,,,,
562B,English,m_mmlu,m_mmlu_en,0.25742947654246495,5,0.25,,,,,,,,,,,,,,
573B,English,m_mmlu,m_mmlu_en,0.2655000754261578,5,0.25,,,,,,,,,,,,,,
583B,English,m_mmlu,m_mmlu_en,0.2637652737969528,5,0.25,,,,,,,,,,,,,,
593B,English,m_mmlu,m_mmlu_en,0.2620304721677478,5,0.25,,,,,,,,,,,,,,
step150000-tokens630B,English,m_mmlu,m_mmlu_en,0.39674158998340625,5,0.25,23.0836,2.6368,0.622988,0.6139,0.6895,0.7148,0.7523,0.7803,0.8078,0.848,0.8858,0.9306,layer_31,last
step200000-tokens840B,English,m_mmlu,m_mmlu_en,0.406094433549555,5,0.25,25.6228,2.8772,0.625176,0.5865,0.6846,0.7109,0.7506,0.7785,0.8059,0.8462,0.8844,0.9299,layer_31,last
step250000-tokens1050B,English,m_mmlu,m_mmlu_en,0.41356162317091566,5,0.25,28.4377,3.2478,0.628768,0.5491,0.6826,0.7109,0.7503,0.7787,0.8063,0.8468,0.885,0.9304,layer_31,last
step300000-tokens1260B,English,m_mmlu,m_mmlu_en,0.44048876150248906,5,0.25,28.9657,3.2113,0.629649,0.553,0.677,0.7055,0.7457,0.7744,0.8025,0.8438,0.8828,0.9292,layer_31,last
step350000-tokens1470B,English,m_mmlu,m_mmlu_en,0.4543671745361291,5,0.25,32.127,3.3028,0.63065,0.546,0.6607,0.6901,0.7321,0.7623,0.7918,0.8354,0.8766,0.9254,layer_31,last
step400000-tokens1680B,English,m_mmlu,m_mmlu_en,0.4582893347412883,5,0.25,32.0262,3.4047,0.632583,0.5355,0.6662,0.6931,0.7342,0.7641,0.7936,0.8367,0.8776,0.9262,layer_31,last
step450000-tokens1890B,English,m_mmlu,m_mmlu_en,0.4765424649268366,5,0.25,31.7447,3.0805,0.630712,0.5671,0.6535,0.6808,0.7211,0.7518,0.7826,0.828,0.8711,0.9223,layer_31,last
step500000-tokens2100B,English,m_mmlu,m_mmlu_en,0.48695127470206667,5,0.25,32.1081,3.2138,0.633543,0.5541,0.6584,0.6855,0.7263,0.7565,0.7867,0.8313,0.8736,0.9239,layer_31,last
step550000-tokens2310B,English,m_mmlu,m_mmlu_en,0.4739779755619249,5,0.25,33.1336,3.3951,0.633939,0.5375,0.6599,0.6877,0.7281,0.7587,0.7889,0.8331,0.875,0.9248,layer_31,last
step600000-tokens2520B,English,m_mmlu,m_mmlu_en,0.4912505656961834,5,0.25,32.5102,3.39,0.632748,0.5369,0.6615,0.6893,0.7306,0.7605,0.7904,0.8342,0.8756,0.925,layer_31,last
step650000-tokens2730B,English,m_mmlu,m_mmlu_en,0.4900437471715191,5,0.25,34.1542,3.4659,0.634956,0.5312,0.6542,0.683,0.7252,0.7565,0.7871,0.8318,0.8739,0.9242,layer_31,last
step700000-tokens2940B,English,m_mmlu,m_mmlu_en,0.4986423291597526,5,0.25,32.5657,3.4278,0.634921,0.5333,0.6627,0.6914,0.7314,0.7612,0.7911,0.8349,0.8763,0.9256,layer_31,last
step750000-tokens3150B,English,m_mmlu,m_mmlu_en,0.5079197465681098,5,0.25,35.0103,3.3938,0.635395,0.5386,0.647,0.6763,0.7191,0.751,0.7824,0.8281,0.8712,0.9225,layer_31,last
step800000-tokens3360B,English,m_mmlu,m_mmlu_en,0.5101825313018555,5,0.25,35.1142,3.3001,0.635219,0.5475,0.6408,0.6717,0.7152,0.7478,0.7795,0.8258,0.8695,0.9215,layer_31,last
step850000-tokens3570B,English,m_mmlu,m_mmlu_en,0.506788354201237,5,0.25,33.0262,3.2438,0.637418,0.5519,0.6534,0.6822,0.7229,0.7539,0.7849,0.8302,0.8729,0.9237,layer_31,last
step900000-tokens3780B,English,m_mmlu,m_mmlu_en,0.5089757127771911,5,0.25,33.4559,3.5282,0.637471,0.5249,0.6616,0.6898,0.7302,0.7605,0.7905,0.8346,0.8762,0.9257,layer_31,last
step950000-tokens3990B,English,m_mmlu,m_mmlu_en,0.5,5,0.25,34.5043,3.5607,0.635287,0.5224,0.6573,0.6866,0.7258,0.756,0.7863,0.831,0.8733,0.9239,layer_31,last
step1000000-tokens4200B,English,m_mmlu,m_mmlu_en,0.5074671896213607,5,0.25,37.1874,3.628,0.636925,0.5191,0.6459,0.6763,0.717,0.7483,0.7796,0.826,0.8698,0.9219,layer_31,last
step1194000-tokens5014B,English,m_mmlu,m_mmlu_en,0.522099864232916,5,0.25,36.4544,3.4428,0.634706,0.5345,0.6443,0.6731,0.7122,0.7431,0.7749,0.8221,0.8668,0.9201,layer_31,last
step1432000-tokens6014B,English,m_mmlu,m_mmlu_en,0.5103333836174385,5,0.25,37.3564,3.6211,0.634873,0.5189,0.6448,0.6741,0.7143,0.7453,0.7766,0.8234,0.8676,0.9205,layer_31,last
step1670000-tokens7014B,English,m_mmlu,m_mmlu_en,0.5153869361894705,5,0.25,39.1782,3.4007,0.63396,0.5396,0.6278,0.6578,0.6979,0.7299,0.763,0.8127,0.8598,0.9159,layer_31,last
step1678000-tokens7047B,English,m_mmlu,m_mmlu_en,0.5363554080555136,5,0.25,40.1028,3.548,0.635974,0.5272,0.6289,0.6598,0.7,0.7321,0.765,0.8146,0.8614,0.917,layer_31,last
step1700000-tokens7232B,English,m_mmlu,m_mmlu_en,0.5371850957912204,5,0.25,37.6041,4.0904,0.644076,0.4819,0.653,0.687,0.729,0.7602,0.791,0.8356,0.8772,0.9266,layer_31,last
step1750000-tokens7652B,English,m_mmlu,m_mmlu_en,0.5512143611404435,5,0.25,47.3226,4.0181,0.643496,0.4942,0.609,0.6437,0.6884,0.7235,0.7586,0.8099,0.8581,0.9154,layer_31,last
step1800000-tokens8072B,English,m_mmlu,m_mmlu_en,0.5574747322371398,5,0.25,35.0258,3.8543,0.644976,0.4983,0.6624,0.6936,0.7335,0.7638,0.7938,0.8375,0.8786,0.9276,layer_31,last
step1850000-tokens8492B,English,m_mmlu,m_mmlu_en,0.5478956101976166,5,0.25,39.7389,3.8963,0.643805,0.4988,0.6398,0.6718,0.7142,0.7464,0.7785,0.8256,0.8697,0.9223,layer_31,last
step1900000-tokens8912B,English,m_mmlu,m_mmlu_en,0.5521949011917333,5,0.25,38.481,3.7343,0.642752,0.5104,0.6416,0.6715,0.7129,0.7453,0.7773,0.8243,0.8687,0.9217,layer_31,last
step1950000-tokens9332B,English,m_mmlu,m_mmlu_en,0.5510635088248604,5,0.25,35.0234,3.8353,0.639535,0.4977,0.6622,0.6916,0.7305,0.7606,0.7906,0.8346,0.8761,0.9258,layer_31,last
step2000000-tokens9752B,English,m_mmlu,m_mmlu_en,0.5527983104540655,5,0.25,35.0054,3.5378,0.641706,0.5254,0.6542,0.6835,0.7233,0.754,0.785,0.8305,0.8733,0.9243,layer_31,last
step2050000-tokens10172B,English,m_mmlu,m_mmlu_en,0.5558153567657264,5,0.25,33.0624,3.4267,0.64326,0.5338,0.6606,0.6886,0.7272,0.7577,0.7883,0.8331,0.8754,0.9258,layer_31,last
step2100000-tokens10592B,English,m_mmlu,m_mmlu_en,0.5619248755468397,5,0.25,29.8574,3.3943,0.641169,0.5337,0.679,0.7058,0.7423,0.771,0.7999,0.8421,0.8819,0.9294,layer_31,last
step2150000-tokens11012B,English,m_mmlu,m_mmlu_en,0.5521949011917333,5,0.25,31.5651,3.3554,0.643623,0.5395,0.6672,0.6951,0.7326,0.7624,0.7923,0.8361,0.8776,0.9271,layer_31,last
step2200000-tokens11432B,English,m_mmlu,m_mmlu_en,0.5621511540202142,5,0.25,28.3113,3.4758,0.644923,0.5237,0.6905,0.7175,0.7536,0.7813,0.809,0.8496,0.8877,0.9331,layer_31,last
step2250000-tokens11852B,English,m_mmlu,m_mmlu_en,0.5643385125961683,5,0.25,28.3847,3.4908,0.647129,0.5233,0.6892,0.7171,0.7553,0.7837,0.8114,0.8515,0.8892,0.934,layer_31,last
step2300000-tokens12272B,English,m_mmlu,m_mmlu_en,0.5969980389198974,5,0.25,26.1829,3.2876,0.650873,0.5407,0.6962,0.7231,0.7597,0.7877,0.8152,0.8552,0.8922,0.936,layer_31,last
step2350000-tokens12692B,English,m_mmlu,m_mmlu_en,0.607331422537336,5,0.25,27.6436,3.2268,0.652788,0.5499,0.6864,0.714,0.7504,0.779,0.8074,0.8493,0.8882,0.9338,layer_31,last
step2400000-tokens13112B,English,m_mmlu,m_mmlu_en,0.6040880977523005,5,0.25,26.5829,3.3062,0.650677,0.5407,0.6955,0.7232,0.76,0.7878,0.8152,0.8553,0.8925,0.9361,layer_31,last
step2450000-tokens13532B,English,m_mmlu,m_mmlu_en,0.6092925026399155,5,0.25,27.5809,3.6815,0.6527,0.504,0.6972,0.7278,0.7654,0.7933,0.8206,0.8598,0.8959,0.9382,layer_31,last
step2500000-tokens13952B,English,m_mmlu,m_mmlu_en,0.622944637200181,5,0.25,22.5455,3.7021,0.657043,0.4903,0.7287,0.7599,0.7967,0.8225,0.8468,0.8805,0.9113,0.9473,layer_31,last
step2550000-tokens14372B,English,m_mmlu,m_mmlu_en,0.6254337004073013,5,0.25,17.7126,3.6933,0.666311,0.4723,0.7648,0.7966,0.8318,0.8548,0.8753,0.9032,0.9283,0.9576,layer_31,last
step2600000-tokens14792B,English,m_mmlu,m_mmlu_en,0.622793784884598,5,0.25,15.1,3.8565,0.673038,0.4302,0.7901,0.8264,0.8593,0.8796,0.8971,0.9203,0.9411,0.9652,layer_31,last
step2627139-tokens15T,English,m_mmlu,m_mmlu_en,0.6252074219339266,5,0.25,13.3651,3.8013,0.677037,0.4191,0.8068,0.8445,0.8756,0.894,0.9096,0.9301,0.9484,0.9695,layer_31,last
10B,German,m_mmlu,m_mmlu_de,0.2722884296273948,5,0.25,,,,,,,,,,,,,,
21B,German,m_mmlu,m_mmlu_de,0.26595263237290695,5,0.25,,,,,,,,,,,,,,
31B,German,m_mmlu,m_mmlu_de,0.2628601599034545,5,0.25,,,,,,,,,,,,,,
42B,German,m_mmlu,m_mmlu_de,0.25856086890933777,5,0.25,,,,,,,,,,,,,,
52B,German,m_mmlu,m_mmlu_de,0.25584552722884296,5,0.25,,,,,,,,,,,,,,
63B,German,m_mmlu,m_mmlu_de,0.2683662694222356,5,0.25,,,,,,,,,,,,,,
73B,German,m_mmlu,m_mmlu_de,0.2604465228541258,5,0.25,,,,,,,,,,,,,,
84B,German,m_mmlu,m_mmlu_de,0.2564489364911751,5,0.25,,,,,,,,,,,,,,
94B,German,m_mmlu,m_mmlu_de,0.2648966661638256,5,0.25,,,,,,,,,,,,,,
105B,German,m_mmlu,m_mmlu_de,0.26391612611253584,5,0.25,,,,,,,,,,,,,,
115B,German,m_mmlu,m_mmlu_de,0.2716850203650626,5,0.25,,,,,,,,,,,,,,
126B,German,m_mmlu,m_mmlu_de,0.26670689395082214,5,0.25,,,,,,,,,,,,,,
136B,German,m_mmlu,m_mmlu_de,0.266254337004073,5,0.25,,,,,,,,,,,,,,
147B,German,m_mmlu,m_mmlu_de,0.2656509277417408,5,0.25,,,,,,,,,,,,,,
157B,German,m_mmlu,m_mmlu_de,0.2697993664202746,5,0.25,,,,,,,,,,,,,,
168B,German,m_mmlu,m_mmlu_de,0.25961683511841904,5,0.25,,,,,,,,,,,,,,
178B,German,m_mmlu,m_mmlu_de,0.27176044652285414,5,0.25,,,,,,,,,,,,,,
189B,German,m_mmlu,m_mmlu_de,0.26761200784432043,5,0.25,,,,,,,,,,,,,,
199B,German,m_mmlu,m_mmlu_de,0.27492834515009806,5,0.25,,,,,,,,,,,,,,
210B,German,m_mmlu,m_mmlu_de,0.2713833157338965,5,0.25,,,,,,,,,,,,,,
step50000-tokens210B,German,m_mmlu,m_mmlu_de,0.26881882636898474,5,0.25,134.5037,7.0646,0.615207,0.3715,0.4636,0.4986,0.5494,0.5926,0.6418,0.7207,0.7929,0.8745,layer_31,last
220B,German,m_mmlu,m_mmlu_de,0.2682154171066526,5,0.25,,,,,,,,,,,,,,
231B,German,m_mmlu,m_mmlu_de,0.27017649720923215,5,0.25,,,,,,,,,,,,,,
241B,German,m_mmlu,m_mmlu_de,0.2638406999547443,5,0.25,,,,,,,,,,,,,,
252B,German,m_mmlu,m_mmlu_de,0.26120078443204103,5,0.25,,,,,,,,,,,,,,
262B,German,m_mmlu,m_mmlu_de,0.2722884296273948,5,0.25,,,,,,,,,,,,,,
273B,German,m_mmlu,m_mmlu_de,0.2697993664202746,5,0.25,,,,,,,,,,,,,,
283B,German,m_mmlu,m_mmlu_de,0.2663297631618645,5,0.25,,,,,,,,,,,,,,
294B,German,m_mmlu,m_mmlu_de,0.25954140896062755,5,0.25,,,,,,,,,,,,,,
304B,German,m_mmlu,m_mmlu_de,0.26331271685020363,5,0.25,,,,,,,,,,,,,,
315B,German,m_mmlu,m_mmlu_de,0.26255845527228844,5,0.25,,,,,,,,,,,,,,
325B,German,m_mmlu,m_mmlu_de,0.2658772062151154,5,0.25,,,,,,,,,,,,,,
334B,German,m_mmlu,m_mmlu_de,0.2691205310001509,5,0.25,,,,,,,,,,,,,,
342B,German,m_mmlu,m_mmlu_de,0.2693468094735254,5,0.25,,,,,,,,,,,,,,
352B,German,m_mmlu,m_mmlu_de,0.26467038769045104,5,0.25,,,,,,,,,,,,,,
363B,German,m_mmlu,m_mmlu_de,0.2642932569014934,5,0.25,,,,,,,,,,,,,,
373B,German,m_mmlu,m_mmlu_de,0.2605973751697089,5,0.25,,,,,,,,,,,,,,
384B,German,m_mmlu,m_mmlu_de,0.2667823201086137,5,0.25,,,,,,,,,,,,,,
394B,German,m_mmlu,m_mmlu_de,0.26346356916578667,5,0.25,,,,,,,,,,,,,,
405B,German,m_mmlu,m_mmlu_de,0.26459496153265954,5,0.25,,,,,,,,,,,,,,
415B,German,m_mmlu,m_mmlu_de,0.27198672499622867,5,0.25,,,,,,,,,,,,,,
step100000-tokens420B,German,m_mmlu,m_mmlu_de,0.24279680193090963,5,0.25,26.6315,2.7309,0.628577,0.6037,0.6728,0.696,0.7289,0.7563,0.7865,0.8344,0.8778,0.9266,layer_31,last
426B,German,m_mmlu,m_mmlu_de,0.25961683511841904,5,0.25,,,,,,,,,,,,,,
436B,German,m_mmlu,m_mmlu_de,0.25931513048725296,5,0.25,,,,,,,,,,,,,,
447B,German,m_mmlu,m_mmlu_de,0.26851712173781866,5,0.25,,,,,,,,,,,,,,
457B,German,m_mmlu,m_mmlu_de,0.2532056117061397,5,0.25,,,,,,,,,,,,,,
468B,German,m_mmlu,m_mmlu_de,0.25478956101976163,5,0.25,,,,,,,,,,,,,,
478B,German,m_mmlu,m_mmlu_de,0.25147081007693467,5,0.25,,,,,,,,,,,,,,
489B,German,m_mmlu,m_mmlu_de,0.25177251470810075,5,0.25,,,,,,,,,,,,,,
499B,German,m_mmlu,m_mmlu_de,0.26120078443204103,5,0.25,,,,,,,,,,,,,,
510B,German,m_mmlu,m_mmlu_de,0.25961683511841904,5,0.25,,,,,,,,,,,,,,
520B,German,m_mmlu,m_mmlu_de,0.26776286015990347,5,0.25,,,,,,,,,,,,,,
531B,German,m_mmlu,m_mmlu_de,0.26399155227032733,5,0.25,,,,,,,,,,,,,,
541B,German,m_mmlu,m_mmlu_de,0.2628601599034545,5,0.25,,,,,,,,,,,,,,
552B,German,m_mmlu,m_mmlu_de,0.2642178307437019,5,0.25,,,,,,,,,,,,,,
562B,German,m_mmlu,m_mmlu_de,0.25682606728013274,5,0.25,,,,,,,,,,,,,,
573B,German,m_mmlu,m_mmlu_de,0.26761200784432043,5,0.25,,,,,,,,,,,,,,
583B,German,m_mmlu,m_mmlu_de,0.2604465228541258,5,0.25,,,,,,,,,,,,,,
593B,German,m_mmlu,m_mmlu_de,0.2581083119625886,5,0.25,,,,,,,,,,,,,,
step150000-tokens630B,German,m_mmlu,m_mmlu_de,0.37667823201086137,5,0.25,19.6253,2.4385,0.633775,0.6388,0.7121,0.7335,0.7637,0.7881,0.8145,0.8562,0.894,0.9365,layer_31,last
step200000-tokens840B,German,m_mmlu,m_mmlu_de,0.3869361894705084,5,0.25,22.2473,2.5834,0.635264,0.6204,0.6979,0.7207,0.7525,0.7779,0.8055,0.849,0.8886,0.9334,layer_31,last
step250000-tokens1050B,German,m_mmlu,m_mmlu_de,0.3717755317544124,5,0.25,25.2452,2.7454,0.635991,0.6014,0.6842,0.7073,0.7403,0.7668,0.7957,0.8415,0.8831,0.9301,layer_31,last
step300000-tokens1260B,German,m_mmlu,m_mmlu_de,0.41771006184944937,5,0.25,26.3312,2.7921,0.637776,0.5963,0.6784,0.702,0.7353,0.7623,0.7919,0.8386,0.8811,0.929,layer_31,last
step350000-tokens1470B,German,m_mmlu,m_mmlu_de,0.42344244984160506,5,0.25,27.0029,2.7996,0.638069,0.5957,0.6737,0.6976,0.7309,0.7583,0.7884,0.8359,0.8791,0.9278,layer_31,last
step400000-tokens1680B,German,m_mmlu,m_mmlu_de,0.4406396138180721,5,0.25,31.0582,2.9505,0.638775,0.5804,0.655,0.6794,0.7142,0.7431,0.7749,0.8255,0.8714,0.9234,layer_31,last
step450000-tokens1890B,German,m_mmlu,m_mmlu_de,0.45391461758938,5,0.25,31.2683,2.9319,0.639755,0.5825,0.6525,0.6771,0.7115,0.7406,0.7727,0.8239,0.8702,0.9228,layer_31,last
step500000-tokens2100B,German,m_mmlu,m_mmlu_de,0.4622114949464474,5,0.25,31.9202,2.9469,0.640345,0.5811,0.6491,0.6739,0.7084,0.7377,0.7701,0.8218,0.8687,0.922,layer_31,last
step550000-tokens2310B,German,m_mmlu,m_mmlu_de,0.4461457233368532,5,0.25,33.4836,3.0197,0.641513,0.574,0.6432,0.6686,0.704,0.7339,0.7669,0.8194,0.8671,0.921,layer_31,last
step600000-tokens2520B,German,m_mmlu,m_mmlu_de,0.4684718660431438,5,0.25,35.1347,3.1043,0.640837,0.566,0.638,0.6634,0.7001,0.7305,0.7639,0.8171,0.8653,0.9198,layer_31,last
step650000-tokens2730B,German,m_mmlu,m_mmlu_de,0.46839643988535223,5,0.25,36.3934,3.1521,0.643135,0.5617,0.633,0.6585,0.6957,0.7267,0.7608,0.8148,0.8638,0.9191,layer_31,last
step700000-tokens2940B,German,m_mmlu,m_mmlu_de,0.4682455875697692,5,0.25,37.1831,3.234,0.644471,0.5541,0.6322,0.6594,0.6967,0.7275,0.7614,0.8153,0.8642,0.9194,layer_31,last
step750000-tokens3150B,German,m_mmlu,m_mmlu_de,0.4822748529189923,5,0.25,39.7718,3.3029,0.644868,0.5485,0.6221,0.6482,0.6863,0.7184,0.7537,0.8097,0.8602,0.9171,layer_31,last
step800000-tokens3360B,German,m_mmlu,m_mmlu_de,0.486423291597526,5,0.25,36.5687,3.1411,0.644675,0.5628,0.6311,0.6569,0.6936,0.7249,0.7593,0.8138,0.8632,0.9189,layer_31,last
step850000-tokens3570B,German,m_mmlu,m_mmlu_de,0.4755619248755468,5,0.25,36.49,3.1301,0.647338,0.5638,0.6308,0.6563,0.693,0.7243,0.7587,0.8136,0.8633,0.9192,layer_31,last
step900000-tokens3780B,German,m_mmlu,m_mmlu_de,0.47661789108462815,5,0.25,37.8521,3.2229,0.646934,0.5554,0.6275,0.6546,0.6921,0.7235,0.7581,0.813,0.8627,0.9187,layer_31,last
step950000-tokens3990B,German,m_mmlu,m_mmlu_de,0.4668879167295218,5,0.25,37.8612,3.2422,0.645375,0.5535,0.6291,0.656,0.6931,0.7243,0.7587,0.8133,0.8628,0.9186,layer_31,last
step1000000-tokens4200B,German,m_mmlu,m_mmlu_de,0.486423291597526,5,0.25,38.5323,3.2569,0.646914,0.5523,0.6263,0.6523,0.6899,0.7216,0.7563,0.8117,0.8617,0.9181,layer_31,last
step1194000-tokens5014B,German,m_mmlu,m_mmlu_de,0.4868758485442752,5,0.25,39.4051,3.2584,0.647084,0.5524,0.6218,0.648,0.6854,0.7174,0.7526,0.8088,0.8596,0.9169,layer_31,last
step1432000-tokens6014B,German,m_mmlu,m_mmlu_de,0.4883089455423141,5,0.25,44.4756,3.4795,0.646277,0.5343,0.6081,0.6347,0.6735,0.7065,0.7429,0.801,0.8538,0.9135,layer_31,last
step1670000-tokens7014B,German,m_mmlu,m_mmlu_de,0.47495851561321467,5,0.25,42.9244,3.3487,0.647868,0.5451,0.6097,0.6352,0.6726,0.7053,0.7419,0.8005,0.8536,0.9136,layer_31,last
step1678000-tokens7047B,German,m_mmlu,m_mmlu_de,0.503318750942827,5,0.25,43.4151,3.3834,0.64967,0.5422,0.6084,0.6341,0.672,0.705,0.7419,0.8009,0.8542,0.9141,layer_31,last
step1700000-tokens7232B,German,m_mmlu,m_mmlu_de,0.5139538391914316,5,0.25,48.2359,3.8043,0.655101,0.5097,0.6033,0.6313,0.6716,0.7056,0.7431,0.8022,0.8552,0.9148,layer_31,last
step1750000-tokens7652B,German,m_mmlu,m_mmlu_de,0.5178005732387992,5,0.25,49.6847,3.7082,0.656748,0.5174,0.5925,0.6198,0.6611,0.6963,0.7353,0.7964,0.8511,0.9126,layer_31,last
step1800000-tokens8072B,German,m_mmlu,m_mmlu_de,0.5243626489666616,5,0.25,45.3602,3.6556,0.656144,0.5206,0.6062,0.6392,0.6784,0.7119,0.7485,0.8062,0.858,0.9165,layer_31,last
step1850000-tokens8492B,German,m_mmlu,m_mmlu_de,0.5126715945089757,5,0.25,42.4107,3.4589,0.657213,0.5358,0.6114,0.6435,0.6815,0.7148,0.7512,0.8087,0.8601,0.9178,layer_31,last
step1900000-tokens8912B,German,m_mmlu,m_mmlu_de,0.5179514255543822,5,0.25,42.6919,3.4211,0.656329,0.539,0.6087,0.64,0.6782,0.7114,0.7481,0.8059,0.858,0.9165,layer_31,last
step1950000-tokens9332B,German,m_mmlu,m_mmlu_de,0.5194599487102127,5,0.25,42.8753,3.5092,0.654136,0.5317,0.6133,0.6452,0.6825,0.7152,0.7512,0.808,0.8593,0.9171,layer_31,last
step2000000-tokens9752B,German,m_mmlu,m_mmlu_de,0.5192336702368381,5,0.25,37.7762,3.2261,0.656286,0.5552,0.6258,0.6554,0.6916,0.7236,0.7587,0.8141,0.8641,0.9202,layer_31,last
step2050000-tokens10172B,German,m_mmlu,m_mmlu_de,0.5217981596017499,5,0.25,35.9743,3.1486,0.65707,0.562,0.6324,0.6614,0.6967,0.7278,0.7622,0.8167,0.8659,0.9213,layer_31,last
step2100000-tokens10592B,German,m_mmlu,m_mmlu_de,0.5190828179212551,5,0.25,37.7215,3.2654,0.654711,0.5514,0.6284,0.6581,0.6942,0.7258,0.7603,0.8152,0.8646,0.9203,layer_31,last
step2150000-tokens11012B,German,m_mmlu,m_mmlu_de,0.5211193241816262,5,0.25,36.1415,3.1397,0.656287,0.5629,0.6301,0.6599,0.6955,0.7267,0.7612,0.8158,0.8653,0.9209,layer_31,last
step2200000-tokens11432B,German,m_mmlu,m_mmlu_de,0.5279831045406547,5,0.25,33.6663,3.1544,0.659137,0.5609,0.6465,0.6756,0.7102,0.7406,0.7738,0.8261,0.8729,0.9254,layer_31,last
step2250000-tokens11852B,German,m_mmlu,m_mmlu_de,0.5264745813848243,5,0.25,34.9481,3.1968,0.658521,0.5572,0.6413,0.6707,0.7057,0.7361,0.7697,0.8226,0.8703,0.9239,layer_31,last
step2300000-tokens12272B,German,m_mmlu,m_mmlu_de,0.5582289938150551,5,0.25,35.6245,3.3273,0.658068,0.545,0.6441,0.6729,0.7076,0.738,0.7714,0.8241,0.8714,0.9245,layer_31,last
step2350000-tokens12692B,German,m_mmlu,m_mmlu_de,0.5755770101071052,5,0.25,33.5334,3.1144,0.658428,0.5647,0.6453,0.674,0.7083,0.7385,0.772,0.8246,0.8719,0.9249,layer_31,last
step2400000-tokens13112B,German,m_mmlu,m_mmlu_de,0.568185246643536,5,0.25,35.6792,3.1858,0.655379,0.5584,0.6363,0.6654,0.7008,0.7317,0.7657,0.8196,0.8681,0.9225,layer_31,last
step2450000-tokens13532B,German,m_mmlu,m_mmlu_de,0.5696183436415749,5,0.25,37.2491,3.4904,0.65614,0.5314,0.6425,0.6723,0.7075,0.7381,0.7717,0.8245,0.8716,0.9245,layer_31,last
step2500000-tokens13952B,German,m_mmlu,m_mmlu_de,0.5853069844622115,5,0.25,32.6216,3.9084,0.657179,0.4911,0.68,0.7087,0.7415,0.7688,0.7986,0.8452,0.8866,0.9332,layer_31,last
step2550000-tokens14372B,German,m_mmlu,m_mmlu_de,0.5865138029868758,5,0.25,23.7379,3.7537,0.662588,0.488,0.729,0.756,0.7852,0.8085,0.8337,0.8725,0.9067,0.9451,layer_31,last
step2600000-tokens14792B,German,m_mmlu,m_mmlu_de,0.5871926384069995,5,0.25,19.5254,3.648,0.666188,0.4874,0.7573,0.7848,0.8122,0.8331,0.8553,0.8892,0.919,0.9524,layer_31,last
step2627139-tokens15T,German,m_mmlu,m_mmlu_de,0.5893045708251622,5,0.25,17.2065,3.6165,0.668884,0.4812,0.7763,0.8034,0.8294,0.8487,0.869,0.8998,0.9269,0.957,layer_31,last
10B,Hindi,m_mmlu,m_mmlu_hi,0.2680710782343009,5,0.25,,,,,,,,,,,,,,
21B,Hindi,m_mmlu,m_mmlu_hi,0.25375894508321944,5,0.25,,,,,,,,,,,,,,
31B,Hindi,m_mmlu,m_mmlu_hi,0.26509608426469405,5,0.25,,,,,,,,,,,,,,
42B,Hindi,m_mmlu,m_mmlu_hi,0.2632467636889925,5,0.25,,,,,,,,,,,,,,
52B,Hindi,m_mmlu,m_mmlu_hi,0.2557690761437646,5,0.25,,,,,,,,,,,,,,
63B,Hindi,m_mmlu,m_mmlu_hi,0.2648548685374286,5,0.25,,,,,,,,,,,,,,
73B,Hindi,m_mmlu,m_mmlu_hi,0.25946771729516765,5,0.25,,,,,,,,,,,,,,
84B,Hindi,m_mmlu,m_mmlu_hi,0.2563319128407172,5,0.25,,,,,,,,,,,,,,
94B,Hindi,m_mmlu,m_mmlu_hi,0.2580204229315751,5,0.25,,,,,,,,,,,,,,
105B,Hindi,m_mmlu,m_mmlu_hi,0.26630216290102116,5,0.25,,,,,,,,,,,,,,
115B,Hindi,m_mmlu,m_mmlu_hi,0.2680710782343009,5,0.25,,,,,,,,,,,,,,
126B,Hindi,m_mmlu,m_mmlu_hi,0.25432178178017206,5,0.25,,,,,,,,,,,,,,
136B,Hindi,m_mmlu,m_mmlu_hi,0.2597089330224331,5,0.25,,,,,,,,,,,,,,
147B,Hindi,m_mmlu,m_mmlu_hi,0.26220149553750904,5,0.25,,,,,,,,,,,,,,
157B,Hindi,m_mmlu,m_mmlu_hi,0.2680710782343009,5,0.25,,,,,,,,,,,,,,
168B,Hindi,m_mmlu,m_mmlu_hi,0.256412318083139,5,0.25,,,,,,,,,,,,,,
178B,Hindi,m_mmlu,m_mmlu_hi,0.2687947254160971,5,0.25,,,,,,,,,,,,,,
189B,Hindi,m_mmlu,m_mmlu_hi,0.2618798745678218,5,0.25,,,,,,,,,,,,,,
199B,Hindi,m_mmlu,m_mmlu_hi,0.2669454048403956,5,0.25,,,,,,,,,,,,,,
210B,Hindi,m_mmlu,m_mmlu_hi,0.2694379673554716,5,0.25,,,,,,,,,,,,,,
step50000-tokens210B,Hindi,m_mmlu,m_mmlu_hi,0.2652568947495377,5,0.25,14.2235,2.3025,0.748864,0.6557,0.7508,0.7718,0.8006,0.8245,0.8521,0.8922,0.9258,0.9596,layer_31,last
220B,Hindi,m_mmlu,m_mmlu_hi,0.258502854386106,5,0.25,,,,,,,,,,,,,,
231B,Hindi,m_mmlu,m_mmlu_hi,0.2640508161132106,5,0.25,,,,,,,,,,,,,,
241B,Hindi,m_mmlu,m_mmlu_hi,0.26517648950711586,5,0.25,,,,,,,,,,,,,,
252B,Hindi,m_mmlu,m_mmlu_hi,0.2532765136286886,5,0.25,,,,,,,,,,,,,,
262B,Hindi,m_mmlu,m_mmlu_hi,0.2616386588405564,5,0.25,,,,,,,,,,,,,,
273B,Hindi,m_mmlu,m_mmlu_hi,0.253517729355954,5,0.25,,,,,,,,,,,,,,
283B,Hindi,m_mmlu,m_mmlu_hi,0.253919755568063,5,0.25,,,,,,,,,,,,,,
294B,Hindi,m_mmlu,m_mmlu_hi,0.2518292192650961,5,0.25,,,,,,,,,,,,,,
304B,Hindi,m_mmlu,m_mmlu_hi,0.25938731205274584,5,0.25,,,,,,,,,,,,,,
315B,Hindi,m_mmlu,m_mmlu_hi,0.2584224491436842,5,0.25,,,,,,,,,,,,,,
325B,Hindi,m_mmlu,m_mmlu_hi,0.264292031840476,5,0.25,,,,,,,,,,,,,,
334B,Hindi,m_mmlu,m_mmlu_hi,0.25954812253758947,5,0.25,,,,,,,,,,,,,,
342B,Hindi,m_mmlu,m_mmlu_hi,0.2527940821741578,5,0.25,,,,,,,,,,,,,,
352B,Hindi,m_mmlu,m_mmlu_hi,0.2572163705073571,5,0.25,,,,,,,,,,,,,,
363B,Hindi,m_mmlu,m_mmlu_hi,0.26614135241617753,5,0.25,,,,,,,,,,,,,,
373B,Hindi,m_mmlu,m_mmlu_hi,0.25665353381040446,5,0.25,,,,,,,,,,,,,,
384B,Hindi,m_mmlu,m_mmlu_hi,0.258502854386106,5,0.25,,,,,,,,,,,,,,
394B,Hindi,m_mmlu,m_mmlu_hi,0.2549650237195465,5,0.25,,,,,,,,,,,,,,
405B,Hindi,m_mmlu,m_mmlu_hi,0.25432178178017206,5,0.25,,,,,,,,,,,,,,
415B,Hindi,m_mmlu,m_mmlu_hi,0.2558494813861864,5,0.25,,,,,,,,,,,,,,
step100000-tokens420B,Hindi,m_mmlu,m_mmlu_hi,0.24636166278041327,5,0.25,4.2977,1.4666,0.76523,0.8249,0.8769,0.8882,0.9033,0.9153,0.9288,0.9485,0.9648,0.9811,layer_31,last
426B,Hindi,m_mmlu,m_mmlu_hi,0.2545629975074375,5,0.25,,,,,,,,,,,,,,
436B,Hindi,m_mmlu,m_mmlu_hi,0.2558494813861864,5,0.25,,,,,,,,,,,,,,
447B,Hindi,m_mmlu,m_mmlu_hi,0.26107582214360375,5,0.25,,,,,,,,,,,,,,
457B,Hindi,m_mmlu,m_mmlu_hi,0.25295489265900134,5,0.25,,,,,,,,,,,,,,
468B,Hindi,m_mmlu,m_mmlu_hi,0.25319610838626677,5,0.25,,,,,,,,,,,,,,
478B,Hindi,m_mmlu,m_mmlu_hi,0.2507839511136126,5,0.25,,,,,,,,,,,,,,
489B,Hindi,m_mmlu,m_mmlu_hi,0.25367853984079763,5,0.25,,,,,,,,,,,,,,
499B,Hindi,m_mmlu,m_mmlu_hi,0.26348797941625796,5,0.25,,,,,,,,,,,,,,
510B,Hindi,m_mmlu,m_mmlu_hi,0.25705556002251345,5,0.25,,,,,,,,,,,,,,
520B,Hindi,m_mmlu,m_mmlu_hi,0.25713596526493526,5,0.25,,,,,,,,,,,,,,
531B,Hindi,m_mmlu,m_mmlu_hi,0.2665433786282866,5,0.25,,,,,,,,,,,,,,
541B,Hindi,m_mmlu,m_mmlu_hi,0.2585832596285278,5,0.25,,,,,,,,,,,,,,
552B,Hindi,m_mmlu,m_mmlu_hi,0.2591460963254804,5,0.25,,,,,,,,,,,,,,
562B,Hindi,m_mmlu,m_mmlu_hi,0.2563319128407172,5,0.25,,,,,,,,,,,,,,
573B,Hindi,m_mmlu,m_mmlu_hi,0.2552062394468119,5,0.25,,,,,,,,,,,,,,
583B,Hindi,m_mmlu,m_mmlu_hi,0.26332716893141433,5,0.25,,,,,,,,,,,,,,
593B,Hindi,m_mmlu,m_mmlu_hi,0.25536704993165554,5,0.25,,,,,,,,,,,,,,
step150000-tokens630B,Hindi,m_mmlu,m_mmlu_hi,0.2978210179303691,5,0.25,3.3509,1.3633,0.773103,0.8558,0.9028,0.9118,0.9243,0.9338,0.9442,0.9597,0.9725,0.9853,layer_31,last
step200000-tokens840B,Hindi,m_mmlu,m_mmlu_hi,0.33287770362627644,5,0.25,3.7432,1.4005,0.77212,0.8444,0.8902,0.9,0.9135,0.9241,0.936,0.9537,0.9684,0.9831,layer_31,last
step250000-tokens1050B,Hindi,m_mmlu,m_mmlu_hi,0.2888156307791268,5,0.25,3.782,1.4086,0.77313,0.8419,0.8896,0.9002,0.9136,0.924,0.9356,0.9532,0.9679,0.9829,layer_31,last
step300000-tokens1260B,Hindi,m_mmlu,m_mmlu_hi,0.3445364637774383,5,0.25,5.1076,1.5484,0.775054,0.8026,0.8592,0.872,0.8885,0.9018,0.9168,0.9396,0.9587,0.978,layer_31,last
step350000-tokens1470B,Hindi,m_mmlu,m_mmlu_hi,0.3241135322022996,5,0.25,5.1248,1.5491,0.775907,0.8025,0.859,0.872,0.8886,0.9018,0.917,0.9397,0.9587,0.978,layer_31,last
step400000-tokens1680B,Hindi,m_mmlu,m_mmlu_hi,0.36479858486773337,5,0.25,5.7121,1.6124,0.778018,0.7862,0.8487,0.8622,0.8799,0.8939,0.9101,0.9346,0.9552,0.9761,layer_31,last
step450000-tokens1890B,Hindi,m_mmlu,m_mmlu_hi,0.37139181474632144,5,0.25,6.2972,1.6583,0.779608,0.7753,0.8377,0.852,0.8703,0.8855,0.903,0.9295,0.9517,0.9743,layer_31,last
step500000-tokens2100B,Hindi,m_mmlu,m_mmlu_hi,0.3651202058374206,5,0.25,8.2915,1.8315,0.778597,0.7371,0.8091,0.825,0.8463,0.8637,0.8842,0.9155,0.942,0.9691,layer_31,last
step550000-tokens2310B,Hindi,m_mmlu,m_mmlu_hi,0.37669856074616065,5,0.25,8.6114,1.8711,0.782372,0.729,0.8059,0.8228,0.8449,0.8626,0.8832,0.9147,0.9415,0.9689,layer_31,last
step600000-tokens2520B,Hindi,m_mmlu,m_mmlu_hi,0.375733697837099,5,0.25,7.3142,1.7485,0.776688,0.7547,0.822,0.8371,0.8572,0.8737,0.893,0.9222,0.9466,0.9715,layer_31,last
step650000-tokens2730B,Hindi,m_mmlu,m_mmlu_hi,0.3809600385945164,5,0.25,9.9208,1.975,0.782358,0.7092,0.7903,0.8088,0.832,0.8511,0.8738,0.9083,0.9372,0.9666,layer_31,last
step700000-tokens2940B,Hindi,m_mmlu,m_mmlu_hi,0.3781458551097532,5,0.25,8.5298,1.8427,0.778999,0.7351,0.8048,0.8219,0.8432,0.8611,0.8823,0.9144,0.9413,0.9688,layer_31,last
step750000-tokens3150B,Hindi,m_mmlu,m_mmlu_hi,0.3842566535338104,5,0.25,11.3727,2.0912,0.781607,0.6887,0.7755,0.795,0.8199,0.8403,0.8642,0.901,0.932,0.9639,layer_31,last
step800000-tokens3360B,Hindi,m_mmlu,m_mmlu_hi,0.3868296212913082,5,0.25,9.6568,1.9485,0.779135,0.7142,0.7932,0.8114,0.8341,0.853,0.8751,0.909,0.9375,0.9667,layer_31,last
step850000-tokens3570B,Hindi,m_mmlu,m_mmlu_hi,0.3849803007156067,5,0.25,10.7844,2.0545,0.785616,0.6948,0.7818,0.8008,0.8253,0.8453,0.8685,0.9043,0.9343,0.9652,layer_31,last
step900000-tokens3780B,Hindi,m_mmlu,m_mmlu_hi,0.38859853662458793,5,0.25,11.826,2.1056,0.787419,0.6865,0.7697,0.7888,0.8137,0.8346,0.8594,0.8978,0.93,0.9629,layer_31,last
step950000-tokens3990B,Hindi,m_mmlu,m_mmlu_hi,0.3775026131703787,5,0.25,11.4968,2.0938,0.779331,0.6884,0.7726,0.7946,0.8193,0.8397,0.8636,0.9005,0.9316,0.9636,layer_31,last
step1000000-tokens4200B,Hindi,m_mmlu,m_mmlu_hi,0.39567419795770686,5,0.25,13.2418,2.2132,0.785605,0.6694,0.7588,0.7797,0.8054,0.8272,0.853,0.8929,0.9265,0.9611,layer_31,last
step1194000-tokens5014B,Hindi,m_mmlu,m_mmlu_hi,0.3968802765940339,5,0.25,16.9119,2.4486,0.783548,0.6354,0.7292,0.751,0.7798,0.804,0.8329,0.878,0.9162,0.9555,layer_31,last
step1432000-tokens6014B,Hindi,m_mmlu,m_mmlu_hi,0.4070917423816033,5,0.25,18.9642,2.5994,0.789332,0.6162,0.7172,0.7408,0.77,0.7956,0.8259,0.8732,0.9131,0.9541,layer_31,last
step1670000-tokens7014B,Hindi,m_mmlu,m_mmlu_hi,0.389402589048806,5,0.25,18.031,2.5063,0.791405,0.6282,0.7201,0.7434,0.7724,0.7977,0.8278,0.8746,0.9141,0.9547,layer_31,last
step1678000-tokens7047B,Hindi,m_mmlu,m_mmlu_hi,0.411353220229959,5,0.25,19.1295,2.5857,0.78996,0.6179,0.7146,0.7368,0.7665,0.7924,0.8231,0.8711,0.9116,0.9534,layer_31,last
step1700000-tokens7232B,Hindi,m_mmlu,m_mmlu_hi,0.425424137653775,5,0.25,22.7235,2.8735,0.80014,0.5845,0.6958,0.7205,0.7533,0.7812,0.8145,0.8656,0.9084,0.952,layer_31,last
step1750000-tokens7652B,Hindi,m_mmlu,m_mmlu_hi,0.42293157513869906,5,0.25,20.1099,2.6862,0.80429,0.6055,0.7093,0.7325,0.763,0.79,0.8219,0.8716,0.9127,0.9545,layer_31,last
step1800000-tokens8072B,Hindi,m_mmlu,m_mmlu_hi,0.4282383211385382,5,0.25,19.3909,2.6671,0.80552,0.6071,0.7151,0.737,0.7674,0.794,0.8254,0.874,0.9143,0.9553,layer_31,last
step1850000-tokens8492B,Hindi,m_mmlu,m_mmlu_hi,0.4277558896840074,5,0.25,21.8576,2.8298,0.807194,0.5887,0.7006,0.7243,0.756,0.7837,0.8167,0.8679,0.9104,0.9533,layer_31,last
step1900000-tokens8912B,Hindi,m_mmlu,m_mmlu_hi,0.4223687384417464,5,0.25,19.9719,2.6796,0.804389,0.6062,0.7104,0.7331,0.7637,0.7906,0.8225,0.8719,0.913,0.9546,layer_31,last
step1950000-tokens9332B,Hindi,m_mmlu,m_mmlu_hi,0.42968561550213075,5,0.25,14.0863,2.288,0.803292,0.6576,0.7503,0.771,0.798,0.821,0.8484,0.8907,0.9257,0.9612,layer_31,last
step2000000-tokens9752B,Hindi,m_mmlu,m_mmlu_hi,0.43081128889603604,5,0.25,17.9432,2.5432,0.800199,0.6228,0.723,0.7448,0.7737,0.7991,0.8297,0.8773,0.9166,0.9564,layer_31,last
step2050000-tokens10172B,Hindi,m_mmlu,m_mmlu_hi,0.438691002653373,5,0.25,19.6403,2.646,0.804317,0.6103,0.711,0.7344,0.7646,0.7911,0.8228,0.8723,0.9133,0.9548,layer_31,last
step2100000-tokens10592B,Hindi,m_mmlu,m_mmlu_hi,0.43660046635040606,5,0.25,19.4876,2.6372,0.803353,0.6113,0.7128,0.7357,0.7654,0.7916,0.8229,0.872,0.9129,0.9545,layer_31,last
step2150000-tokens11012B,Hindi,m_mmlu,m_mmlu_hi,0.4316957465626759,5,0.25,16.3876,2.439,0.807079,0.6364,0.733,0.7542,0.7821,0.8067,0.8361,0.8823,0.9202,0.9586,layer_31,last
step2200000-tokens11432B,Hindi,m_mmlu,m_mmlu_hi,0.43812816595642035,5,0.25,16.7421,2.4726,0.808636,0.6317,0.731,0.7525,0.7804,0.8051,0.8349,0.8814,0.9197,0.9583,layer_31,last
step2250000-tokens11852B,Hindi,m_mmlu,m_mmlu_hi,0.439093028865482,5,0.25,18.8859,2.6131,0.809321,0.6139,0.7173,0.7388,0.7683,0.7944,0.8257,0.8746,0.9149,0.9558,layer_31,last
step2300000-tokens12272B,Hindi,m_mmlu,m_mmlu_hi,0.46530513789499073,5,0.25,17.2673,2.479,0.80662,0.6316,0.7254,0.7476,0.7767,0.8021,0.8323,0.8794,0.9181,0.9574,layer_31,last
step2350000-tokens12692B,Hindi,m_mmlu,m_mmlu_hi,0.4750341722280293,5,0.25,15.2969,2.3126,0.808471,0.6551,0.7366,0.7576,0.7857,0.81,0.8392,0.8845,0.9218,0.9594,layer_31,last
step2400000-tokens13112B,Hindi,m_mmlu,m_mmlu_hi,0.46554635362225616,5,0.25,14.1057,2.2324,0.804814,0.667,0.746,0.7667,0.7939,0.817,0.845,0.8885,0.9243,0.9606,layer_31,last
step2450000-tokens13532B,Hindi,m_mmlu,m_mmlu_hi,0.47632065610677815,5,0.25,9.07,1.8403,0.808023,0.7361,0.7915,0.8074,0.8301,0.8497,0.8731,0.9091,0.9385,0.968,layer_31,last
step2500000-tokens13952B,Hindi,m_mmlu,m_mmlu_hi,0.48420036986411513,5,0.25,8.0722,1.7733,0.807281,0.75,0.804,0.8202,0.8434,0.8618,0.8833,0.9165,0.9435,0.9706,layer_31,last
step2550000-tokens14372B,Hindi,m_mmlu,m_mmlu_hi,0.490874004985125,5,0.25,7.6464,1.749,0.81078,0.7552,0.8094,0.8281,0.8505,0.8683,0.8892,0.921,0.9467,0.9724,layer_31,last
step2600000-tokens14792B,Hindi,m_mmlu,m_mmlu_hi,0.48822063198520543,5,0.25,10.6564,2.0597,0.816595,0.6946,0.7803,0.8042,0.8311,0.8518,0.8757,0.9118,0.9407,0.9693,layer_31,last
step2627139-tokens15T,Hindi,m_mmlu,m_mmlu_hi,0.49006995256090696,5,0.25,10.6084,2.1556,0.819203,0.6773,0.7912,0.8136,0.8399,0.8596,0.8825,0.9169,0.9441,0.9711,layer_31,last
10B,Indonesian,m_mmlu,m_mmlu_id,0.2722692924204259,5,0.25,,,,,,,,,,,,,,
21B,Indonesian,m_mmlu,m_mmlu_id,0.26677352873826427,5,0.25,,,,,,,,,,,,,,
31B,Indonesian,m_mmlu,m_mmlu_id,0.2602091443401267,5,0.25,,,,,,,,,,,,,,
42B,Indonesian,m_mmlu,m_mmlu_id,0.2699030608350508,5,0.25,,,,,,,,,,,,,,
52B,Indonesian,m_mmlu,m_mmlu_id,0.2570032821921991,5,0.25,,,,,,,,,,,,,,
63B,Indonesian,m_mmlu,m_mmlu_id,0.26677352873826427,5,0.25,,,,,,,,,,,,,,
73B,Indonesian,m_mmlu,m_mmlu_id,0.2719639722158614,5,0.25,,,,,,,,,,,,,,
84B,Indonesian,m_mmlu,m_mmlu_id,0.2653995878177238,5,0.25,,,,,,,,,,,,,,
94B,Indonesian,m_mmlu,m_mmlu_id,0.27074269139760326,5,0.25,,,,,,,,,,,,,,
105B,Indonesian,m_mmlu,m_mmlu_id,0.27051370124417984,5,0.25,,,,,,,,,,,,,,
115B,Indonesian,m_mmlu,m_mmlu_id,0.27303259293183724,5,0.25,,,,,,,,,,,,,,
126B,Indonesian,m_mmlu,m_mmlu_id,0.26081978474925577,5,0.25,,,,,,,,,,,,,,
136B,Indonesian,m_mmlu,m_mmlu_id,0.27074269139760326,5,0.25,,,,,,,,,,,,,,
147B,Indonesian,m_mmlu,m_mmlu_id,0.2617357453629494,5,0.25,,,,,,,,,,,,,,
157B,Indonesian,m_mmlu,m_mmlu_id,0.26959774063048625,5,0.25,,,,,,,,,,,,,,
168B,Indonesian,m_mmlu,m_mmlu_id,0.24830165636210977,5,0.25,,,,,,,,,,,,,,
178B,Indonesian,m_mmlu,m_mmlu_id,0.2704373711930387,5,0.25,,,,,,,,,,,,,,
189B,Indonesian,m_mmlu,m_mmlu_id,0.2635676665903366,5,0.25,,,,,,,,,,,,,,
199B,Indonesian,m_mmlu,m_mmlu_id,0.26646820853369974,5,0.25,,,,,,,,,,,,,,
210B,Indonesian,m_mmlu,m_mmlu_id,0.2679948095565224,5,0.25,,,,,,,,,,,,,,
step50000-tokens210B,Indonesian,m_mmlu,m_mmlu_id,0.27524616441493016,5,0.25,61.1668,5.8425,0.748457,0.3986,0.5768,0.6199,0.6775,0.718,0.7589,0.82,0.8735,0.9305,layer_31,last
220B,Indonesian,m_mmlu,m_mmlu_id,0.2678421494542401,5,0.25,,,,,,,,,,,,,,
231B,Indonesian,m_mmlu,m_mmlu_id,0.2698267307839096,5,0.25,,,,,,,,,,,,,,
241B,Indonesian,m_mmlu,m_mmlu_id,0.2542554003511182,5,0.25,,,,,,,,,,,,,,
252B,Indonesian,m_mmlu,m_mmlu_id,0.2545607205556828,5,0.25,,,,,,,,,,,,,,
262B,Indonesian,m_mmlu,m_mmlu_id,0.2674604991985345,5,0.25,,,,,,,,,,,,,,
273B,Indonesian,m_mmlu,m_mmlu_id,0.2650179375620182,5,0.25,,,,,,,,,,,,,,
283B,Indonesian,m_mmlu,m_mmlu_id,0.26204106556751394,5,0.25,,,,,,,,,,,,,,
294B,Indonesian,m_mmlu,m_mmlu_id,0.25478971070910617,5,0.25,,,,,,,,,,,,,,
304B,Indonesian,m_mmlu,m_mmlu_id,0.26684985878940537,5,0.25,,,,,,,,,,,,,,
315B,Indonesian,m_mmlu,m_mmlu_id,0.2599038241355622,5,0.25,,,,,,,,,,,,,,
325B,Indonesian,m_mmlu,m_mmlu_id,0.27097168155102663,5,0.25,,,,,,,,,,,,,,
334B,Indonesian,m_mmlu,m_mmlu_id,0.2713533318067323,5,0.25,,,,,,,,,,,,,,
342B,Indonesian,m_mmlu,m_mmlu_id,0.2673841691473933,5,0.25,,,,,,,,,,,,,,
352B,Indonesian,m_mmlu,m_mmlu_id,0.26074345469811466,5,0.25,,,,,,,,,,,,,,
363B,Indonesian,m_mmlu,m_mmlu_id,0.26081978474925577,5,0.25,,,,,,,,,,,,,,
373B,Indonesian,m_mmlu,m_mmlu_id,0.260361804442409,5,0.25,,,,,,,,,,,,,,
384B,Indonesian,m_mmlu,m_mmlu_id,0.26127776505610256,5,0.25,,,,,,,,,,,,,,
394B,Indonesian,m_mmlu,m_mmlu_id,0.26081978474925577,5,0.25,,,,,,,,,,,,,,
405B,Indonesian,m_mmlu,m_mmlu_id,0.2682237997099458,5,0.25,,,,,,,,,,,,,,
415B,Indonesian,m_mmlu,m_mmlu_id,0.25761392260132815,5,0.25,,,,,,,,,,,,,,
step100000-tokens420B,Indonesian,m_mmlu,m_mmlu_id,0.3076101060987711,5,0.25,15.5292,2.4669,0.765901,0.6326,0.7415,0.7685,0.8038,0.8289,0.8545,0.8922,0.9248,0.9594,layer_31,last
426B,Indonesian,m_mmlu,m_mmlu_id,0.2602091443401267,5,0.25,,,,,,,,,,,,,,
436B,Indonesian,m_mmlu,m_mmlu_id,0.2650942676131593,5,0.25,,,,,,,,,,,,,,
447B,Indonesian,m_mmlu,m_mmlu_id,0.2574612624990459,5,0.25,,,,,,,,,,,,,,
457B,Indonesian,m_mmlu,m_mmlu_id,0.25433173040225937,5,0.25,,,,,,,,,,,,,,
468B,Indonesian,m_mmlu,m_mmlu_id,0.26318601633463096,5,0.25,,,,,,,,,,,,,,
478B,Indonesian,m_mmlu,m_mmlu_id,0.251278528356614,5,0.25,,,,,,,,,,,,,,
489B,Indonesian,m_mmlu,m_mmlu_id,0.26272803602778416,5,0.25,,,,,,,,,,,,,,
499B,Indonesian,m_mmlu,m_mmlu_id,0.2641783069994657,5,0.25,,,,,,,,,,,,,,
510B,Indonesian,m_mmlu,m_mmlu_id,0.2597511640332799,5,0.25,,,,,,,,,,,,,,
520B,Indonesian,m_mmlu,m_mmlu_id,0.25242347912373103,5,0.25,,,,,,,,,,,,,,
531B,Indonesian,m_mmlu,m_mmlu_id,0.25799557285703384,5,0.25,,,,,,,,,,,,,,
541B,Indonesian,m_mmlu,m_mmlu_id,0.26295702618120753,5,0.25,,,,,,,,,,,,,,
552B,Indonesian,m_mmlu,m_mmlu_id,0.2599801541867033,5,0.25,,,,,,,,,,,,,,
562B,Indonesian,m_mmlu,m_mmlu_id,0.24891229677123883,5,0.25,,,,,,,,,,,,,,
573B,Indonesian,m_mmlu,m_mmlu_id,0.27051370124417984,5,0.25,,,,,,,,,,,,,,
583B,Indonesian,m_mmlu,m_mmlu_id,0.2686817800167926,5,0.25,,,,,,,,,,,,,,
593B,Indonesian,m_mmlu,m_mmlu_id,0.2647126173574536,5,0.25,,,,,,,,,,,,,,
step150000-tokens630B,Indonesian,m_mmlu,m_mmlu_id,0.35852225020990763,5,0.25,13.0746,2.3139,0.774682,0.6534,0.7635,0.7889,0.8215,0.8446,0.8684,0.903,0.9326,0.9638,layer_31,last
step200000-tokens840B,Indonesian,m_mmlu,m_mmlu_id,0.38623005877413935,5,0.25,13.4501,2.3035,0.77753,0.6554,0.7578,0.7828,0.8157,0.8391,0.8634,0.8991,0.93,0.9625,layer_31,last
step250000-tokens1050B,Indonesian,m_mmlu,m_mmlu_id,0.361575452255553,5,0.25,17.6679,2.6432,0.782309,0.6103,0.7276,0.7567,0.7931,0.8192,0.8464,0.8866,0.9213,0.958,layer_31,last
step300000-tokens1260B,Indonesian,m_mmlu,m_mmlu_id,0.4105793450881612,5,0.25,19.5405,2.7582,0.781696,0.5974,0.7149,0.7453,0.7829,0.81,0.8386,0.8809,0.9175,0.956,layer_31,last
step350000-tokens1470B,Indonesian,m_mmlu,m_mmlu_id,0.41515914815662924,5,0.25,19.682,2.7749,0.782956,0.5953,0.7141,0.7447,0.782,0.8093,0.8382,0.8805,0.9172,0.9559,layer_31,last
step400000-tokens1680B,Indonesian,m_mmlu,m_mmlu_id,0.4248530646515533,5,0.25,22.4774,2.944,0.786891,0.5773,0.6979,0.7287,0.7668,0.7956,0.8263,0.8717,0.9111,0.9528,layer_31,last
step450000-tokens1890B,Indonesian,m_mmlu,m_mmlu_id,0.43630257232272346,5,0.25,25.1831,3.1292,0.787481,0.5594,0.6844,0.7171,0.7563,0.7861,0.8182,0.8657,0.907,0.9507,layer_31,last
step500000-tokens2100B,Indonesian,m_mmlu,m_mmlu_id,0.4441645675902603,5,0.25,18.917,2.6135,0.786585,0.6152,0.7147,0.7429,0.778,0.8046,0.8337,0.877,0.9148,0.9549,layer_31,last
step550000-tokens2310B,Indonesian,m_mmlu,m_mmlu_id,0.4481337302495993,5,0.25,24.6066,3.045,0.791064,0.5679,0.6848,0.7162,0.7562,0.7864,0.8186,0.8661,0.9074,0.951,layer_31,last
step600000-tokens2520B,Indonesian,m_mmlu,m_mmlu_id,0.45454545454545453,5,0.25,29.2643,3.3538,0.786655,0.5402,0.6646,0.6982,0.7403,0.7719,0.8063,0.8569,0.9008,0.9474,layer_31,last
step650000-tokens2730B,Indonesian,m_mmlu,m_mmlu_id,0.4386688039080986,5,0.25,24.2056,3.0073,0.789361,0.5719,0.6872,0.7178,0.7573,0.7873,0.8194,0.8667,0.9077,0.9512,layer_31,last
step700000-tokens2940B,Indonesian,m_mmlu,m_mmlu_id,0.4453095183573773,5,0.25,29.9821,3.3516,0.788335,0.5409,0.6588,0.6938,0.7359,0.768,0.8027,0.8543,0.8992,0.9466,layer_31,last
step750000-tokens3150B,Indonesian,m_mmlu,m_mmlu_id,0.4614914891992978,5,0.25,28.109,3.2128,0.789769,0.5531,0.6662,0.6992,0.7409,0.7727,0.807,0.8575,0.9013,0.9478,layer_31,last
step800000-tokens3360B,Indonesian,m_mmlu,m_mmlu_id,0.46042286848332187,5,0.25,26.2758,3.1672,0.78959,0.5565,0.6785,0.7101,0.7509,0.7816,0.8146,0.8633,0.9054,0.95,layer_31,last
step850000-tokens3570B,Indonesian,m_mmlu,m_mmlu_id,0.45851461720479353,5,0.25,30.7027,3.3914,0.794199,0.5376,0.6566,0.6899,0.7326,0.7651,0.8004,0.8529,0.8985,0.9465,layer_31,last
step900000-tokens3780B,Indonesian,m_mmlu,m_mmlu_id,0.45034730173269216,5,0.25,32.4837,3.5398,0.793942,0.5252,0.6521,0.6852,0.7275,0.7606,0.7968,0.8501,0.8965,0.9454,layer_31,last
step950000-tokens3990B,Indonesian,m_mmlu,m_mmlu_id,0.4634760705289673,5,0.25,35.8446,3.7396,0.790324,0.5107,0.6387,0.6736,0.7181,0.7526,0.7899,0.8449,0.8927,0.9433,layer_31,last
step1000000-tokens4200B,Indonesian,m_mmlu,m_mmlu_id,0.4651553316540722,5,0.25,32.6451,3.5519,0.796147,0.5243,0.651,0.6845,0.7273,0.7605,0.7967,0.8501,0.8966,0.9456,layer_31,last
step1194000-tokens5014B,Indonesian,m_mmlu,m_mmlu_id,0.4729409968704679,5,0.25,34.9807,3.6757,0.796005,0.5151,0.6429,0.6763,0.7195,0.7526,0.7894,0.8445,0.8927,0.9436,layer_31,last
step1432000-tokens6014B,Indonesian,m_mmlu,m_mmlu_id,0.47820777039920614,5,0.25,37.6294,3.9075,0.79571,0.4984,0.6345,0.6699,0.7143,0.7491,0.787,0.8432,0.8919,0.9431,layer_31,last
step1670000-tokens7014B,Indonesian,m_mmlu,m_mmlu_id,0.48423784443935575,5,0.25,43.4549,4.1916,0.798212,0.481,0.6131,0.6502,0.6976,0.7336,0.7733,0.833,0.885,0.9396,layer_31,last
step1678000-tokens7047B,Indonesian,m_mmlu,m_mmlu_id,0.49011525837722314,5,0.25,41.9317,4.0773,0.797691,0.4883,0.617,0.6538,0.7007,0.7361,0.7756,0.8348,0.8864,0.9405,layer_31,last
step1700000-tokens7232B,Indonesian,m_mmlu,m_mmlu_id,0.49698496297992517,5,0.25,46.5861,4.5549,0.80478,0.4591,0.6057,0.6451,0.6948,0.7323,0.7734,0.8339,0.8858,0.9404,layer_31,last
step1750000-tokens7652B,Indonesian,m_mmlu,m_mmlu_id,0.4991985344630181,5,0.25,45.1978,4.3746,0.808975,0.4695,0.6086,0.6457,0.6941,0.7311,0.7722,0.8332,0.8857,0.9406,layer_31,last
step1800000-tokens8072B,Indonesian,m_mmlu,m_mmlu_id,0.5104953820319059,5,0.25,45.2063,4.3707,0.807081,0.4695,0.6096,0.6465,0.6936,0.7305,0.7712,0.8322,0.8848,0.94,layer_31,last
step1850000-tokens8492B,Indonesian,m_mmlu,m_mmlu_id,0.5001144950767117,5,0.25,40.5675,4.0177,0.809438,0.4917,0.6222,0.6574,0.7026,0.7384,0.7783,0.8377,0.8888,0.9422,layer_31,last
step1900000-tokens8912B,Indonesian,m_mmlu,m_mmlu_id,0.4981299137470422,5,0.25,39.8504,3.9823,0.806416,0.494,0.6258,0.661,0.7054,0.7405,0.7797,0.8383,0.889,0.9422,layer_31,last
step1950000-tokens9332B,Indonesian,m_mmlu,m_mmlu_id,0.5090451110602244,5,0.25,41.8843,4.1521,0.802392,0.4831,0.6202,0.6568,0.7026,0.7382,0.7779,0.8369,0.8878,0.9414,layer_31,last
step2000000-tokens9752B,Indonesian,m_mmlu,m_mmlu_id,0.5026333867643691,5,0.25,38.9807,3.9212,0.805444,0.4981,0.629,0.6632,0.7071,0.7421,0.781,0.8395,0.8899,0.9427,layer_31,last
step2050000-tokens10172B,Indonesian,m_mmlu,m_mmlu_id,0.5121746431570109,5,0.25,33.8416,3.5853,0.805763,0.522,0.6456,0.6789,0.7206,0.7538,0.7909,0.8466,0.8948,0.9453,layer_31,last
step2100000-tokens10592B,Indonesian,m_mmlu,m_mmlu_id,0.5172124265323258,5,0.25,39.032,3.9516,0.807163,0.4957,0.6287,0.6632,0.7079,0.743,0.7819,0.8399,0.8901,0.9428,layer_31,last
step2150000-tokens11012B,Indonesian,m_mmlu,m_mmlu_id,0.5090451110602244,5,0.25,36.7374,3.7679,0.808456,0.5086,0.6359,0.6692,0.7121,0.7464,0.7845,0.8418,0.8916,0.9437,layer_31,last
step2200000-tokens11432B,Indonesian,m_mmlu,m_mmlu_id,0.5127089535149989,5,0.25,32.38,3.4958,0.808198,0.5293,0.6488,0.683,0.7262,0.7593,0.7961,0.8506,0.8976,0.9468,layer_31,last
step2250000-tokens11852B,Indonesian,m_mmlu,m_mmlu_id,0.5132432638729868,5,0.25,33.0158,3.4808,0.808525,0.531,0.6458,0.6792,0.7216,0.7548,0.7918,0.8473,0.8953,0.9456,layer_31,last
step2300000-tokens12272B,Indonesian,m_mmlu,m_mmlu_id,0.5491183879093199,5,0.25,36.9995,3.7828,0.807716,0.5077,0.634,0.6673,0.7119,0.7466,0.7851,0.8424,0.892,0.9438,layer_31,last
step2350000-tokens12692B,Indonesian,m_mmlu,m_mmlu_id,0.5505686588810015,5,0.25,31.9979,3.467,0.808662,0.5313,0.6531,0.6835,0.7255,0.7585,0.7952,0.85,0.8973,0.9467,layer_31,last
step2400000-tokens13112B,Indonesian,m_mmlu,m_mmlu_id,0.5540798412334936,5,0.25,37.4509,3.8814,0.80408,0.5001,0.6345,0.6687,0.7131,0.7474,0.7858,0.843,0.8925,0.944,layer_31,last
step2450000-tokens13532B,Indonesian,m_mmlu,m_mmlu_id,0.5623234867567362,5,0.25,16.1046,2.3473,0.798221,0.6512,0.7206,0.7505,0.7871,0.8145,0.8442,0.8867,0.9224,0.9594,layer_31,last
step2500000-tokens13952B,Indonesian,m_mmlu,m_mmlu_id,0.5745362949393176,5,0.25,28.6798,3.2579,0.80202,0.5505,0.6522,0.6955,0.7425,0.7766,0.813,0.8643,0.9071,0.9514,layer_31,last
step2550000-tokens14372B,Indonesian,m_mmlu,m_mmlu_id,0.5771315166781161,5,0.25,32.9011,3.7434,0.80809,0.5114,0.6389,0.6912,0.7397,0.7748,0.8123,0.8645,0.9075,0.9518,layer_31,last
step2600000-tokens14792B,Indonesian,m_mmlu,m_mmlu_id,0.5749942752461644,5,0.25,31.1897,4.2763,0.813415,0.469,0.6656,0.7166,0.763,0.796,0.8303,0.8779,0.9169,0.9568,layer_31,last
step2627139-tokens15T,Indonesian,m_mmlu,m_mmlu_id,0.5778184871383863,5,0.25,27.6205,4.5365,0.817259,0.4417,0.6946,0.7422,0.7858,0.8164,0.848,0.8908,0.9258,0.9615,layer_31,last
10B,Italian,m_mmlu,m_mmlu_it,0.27113394273626956,5,0.25,,,,,,,,,,,,,,
21B,Italian,m_mmlu,m_mmlu_it,0.2627483568784468,5,0.25,,,,,,,,,,,,,,
31B,Italian,m_mmlu,m_mmlu_it,0.2652413688902319,5,0.25,,,,,,,,,,,,,,
42B,Italian,m_mmlu,m_mmlu_it,0.263805998337992,5,0.25,,,,,,,,,,,,,,
52B,Italian,m_mmlu,m_mmlu_it,0.2603308906852006,5,0.25,,,,,,,,,,,,,,
63B,Italian,m_mmlu,m_mmlu_it,0.26584573543854345,5,0.25,,,,,,,,,,,,,,
73B,Italian,m_mmlu,m_mmlu_it,0.2626728110599078,5,0.25,,,,,,,,,,,,,,
84B,Italian,m_mmlu,m_mmlu_it,0.2546649542947798,5,0.25,,,,,,,,,,,,,,
94B,Italian,m_mmlu,m_mmlu_it,0.2645614565233814,5,0.25,,,,,,,,,,,,,,
105B,Italian,m_mmlu,m_mmlu_it,0.2625972652413689,5,0.25,,,,,,,,,,,,,,
115B,Italian,m_mmlu,m_mmlu_it,0.2701518470952633,5,0.25,,,,,,,,,,,,,,
126B,Italian,m_mmlu,m_mmlu_it,0.2687920223615623,5,0.25,,,,,,,,,,,,,,
136B,Italian,m_mmlu,m_mmlu_it,0.26350381506383624,5,0.25,,,,,,,,,,,,,,
147B,Italian,m_mmlu,m_mmlu_it,0.26561909798292666,5,0.25,,,,,,,,,,,,,,
157B,Italian,m_mmlu,m_mmlu_it,0.2633527234267583,5,0.25,,,,,,,,,,,,,,
168B,Italian,m_mmlu,m_mmlu_it,0.25859333685880487,5,0.25,,,,,,,,,,,,,,
178B,Italian,m_mmlu,m_mmlu_it,0.26803656417617283,5,0.25,,,,,,,,,,,,,,
189B,Italian,m_mmlu,m_mmlu_it,0.263805998337992,5,0.25,,,,,,,,,,,,,,
199B,Italian,m_mmlu,m_mmlu_it,0.2715872176475032,5,0.25,,,,,,,,,,,,,,
210B,Italian,m_mmlu,m_mmlu_it,0.26577018962000454,5,0.25,,,,,,,,,,,,,,
step50000-tokens210B,Italian,m_mmlu,m_mmlu_it,0.2688675681801012,5,0.25,77.9716,5.4547,0.663748,0.4229,0.5298,0.5707,0.6278,0.6719,0.7177,0.7859,0.8451,0.9092,layer_31,last
220B,Italian,m_mmlu,m_mmlu_it,0.26833874745032865,5,0.25,,,,,,,,,,,,,,
231B,Italian,m_mmlu,m_mmlu_it,0.2695474805469517,5,0.25,,,,,,,,,,,,,,
241B,Italian,m_mmlu,m_mmlu_it,0.2645614565233814,5,0.25,,,,,,,,,,,,,,
252B,Italian,m_mmlu,m_mmlu_it,0.2655435521643877,5,0.25,,,,,,,,,,,,,,
262B,Italian,m_mmlu,m_mmlu_it,0.2604819823222785,5,0.25,,,,,,,,,,,,,,
273B,Italian,m_mmlu,m_mmlu_it,0.2659212812570824,5,0.25,,,,,,,,,,,,,,
283B,Italian,m_mmlu,m_mmlu_it,0.2632771776082194,5,0.25,,,,,,,,,,,,,,
294B,Italian,m_mmlu,m_mmlu_it,0.2675832892649392,5,0.25,,,,,,,,,,,,,,
304B,Italian,m_mmlu,m_mmlu_it,0.27264485910704844,5,0.25,,,,,,,,,,,,,,
315B,Italian,m_mmlu,m_mmlu_it,0.2675077434464002,5,0.25,,,,,,,,,,,,,,
325B,Italian,m_mmlu,m_mmlu_it,0.26350381506383624,5,0.25,,,,,,,,,,,,,,
334B,Italian,m_mmlu,m_mmlu_it,0.2708317594621138,5,0.25,,,,,,,,,,,,,,
342B,Italian,m_mmlu,m_mmlu_it,0.2703029387323412,5,0.25,,,,,,,,,,,,,,
352B,Italian,m_mmlu,m_mmlu_it,0.2638815441565309,5,0.25,,,,,,,,,,,,,,
363B,Italian,m_mmlu,m_mmlu_it,0.2666011936239329,5,0.25,,,,,,,,,,,,,,
373B,Italian,m_mmlu,m_mmlu_it,0.25602477902848075,5,0.25,,,,,,,,,,,,,,
384B,Italian,m_mmlu,m_mmlu_it,0.2675832892649392,5,0.25,,,,,,,,,,,,,,
394B,Italian,m_mmlu,m_mmlu_it,0.261161894689129,5,0.25,,,,,,,,,,,,,,
405B,Italian,m_mmlu,m_mmlu_it,0.2588199743144217,5,0.25,,,,,,,,,,,,,,
415B,Italian,m_mmlu,m_mmlu_it,0.2758177834856841,5,0.25,,,,,,,,,,,,,,
step100000-tokens420B,Italian,m_mmlu,m_mmlu_it,0.2548160459318577,5,0.25,15.3627,2.2486,0.678006,0.6656,0.7325,0.7566,0.7905,0.8166,0.843,0.8815,0.9147,0.9505,layer_31,last
426B,Italian,m_mmlu,m_mmlu_it,0.2617662612374405,5,0.25,,,,,,,,,,,,,,
436B,Italian,m_mmlu,m_mmlu_it,0.261161894689129,5,0.25,,,,,,,,,,,,,,
447B,Italian,m_mmlu,m_mmlu_it,0.2496789302712095,5,0.25,,,,,,,,,,,,,,
457B,Italian,m_mmlu,m_mmlu_it,0.24491954370325603,5,0.25,,,,,,,,,,,,,,
468B,Italian,m_mmlu,m_mmlu_it,0.25375840447231246,5,0.25,,,,,,,,,,,,,,
478B,Italian,m_mmlu,m_mmlu_it,0.24567500188864547,5,0.25,,,,,,,,,,,,,,
489B,Italian,m_mmlu,m_mmlu_it,0.25791342449195437,5,0.25,,,,,,,,,,,,,,
499B,Italian,m_mmlu,m_mmlu_it,0.2696230263654907,5,0.25,,,,,,,,,,,,,,
510B,Italian,m_mmlu,m_mmlu_it,0.26063307395935637,5,0.25,,,,,,,,,,,,,,
520B,Italian,m_mmlu,m_mmlu_it,0.25738460376218175,5,0.25,,,,,,,,,,,,,,
531B,Italian,m_mmlu,m_mmlu_it,0.26101080305205104,5,0.25,,,,,,,,,,,,,,
541B,Italian,m_mmlu,m_mmlu_it,0.26856538490594545,5,0.25,,,,,,,,,,,,,,
552B,Italian,m_mmlu,m_mmlu_it,0.26645010198685504,5,0.25,,,,,,,,,,,,,,
562B,Italian,m_mmlu,m_mmlu_it,0.26373045251945304,5,0.25,,,,,,,,,,,,,,
573B,Italian,m_mmlu,m_mmlu_it,0.26425927324922566,5,0.25,,,,,,,,,,,,,,
583B,Italian,m_mmlu,m_mmlu_it,0.26509027725315404,5,0.25,,,,,,,,,,,,,,
593B,Italian,m_mmlu,m_mmlu_it,0.26153962378182366,5,0.25,,,,,,,,,,,,,,
step150000-tokens630B,Italian,m_mmlu,m_mmlu_it,0.3678325904661177,5,0.25,12.054,2.0605,0.683029,0.6955,0.7618,0.7846,0.8156,0.839,0.8624,0.8963,0.9254,0.9568,layer_31,last
step200000-tokens840B,Italian,m_mmlu,m_mmlu_it,0.3895897862053335,5,0.25,14.5823,2.2513,0.684096,0.6649,0.7424,0.7678,0.8014,0.8266,0.8517,0.8881,0.9195,0.9535,layer_31,last
step250000-tokens1050B,Italian,m_mmlu,m_mmlu_it,0.37206315630429854,5,0.25,16.0659,2.3503,0.686507,0.6505,0.7321,0.7578,0.7922,0.8186,0.8448,0.883,0.9159,0.9514,layer_31,last
step300000-tokens1260B,Italian,m_mmlu,m_mmlu_it,0.4175417390647428,5,0.25,15.5746,2.3091,0.689493,0.6565,0.7334,0.7597,0.7941,0.8205,0.8465,0.8845,0.9171,0.9523,layer_31,last
step350000-tokens1470B,Italian,m_mmlu,m_mmlu_it,0.4140666314119513,5,0.25,18.0117,2.4391,0.687956,0.6386,0.7158,0.7429,0.7786,0.8063,0.8342,0.875,0.9102,0.9483,layer_31,last
step400000-tokens1680B,Italian,m_mmlu,m_mmlu_it,0.4328019944096094,5,0.25,18.2802,2.4456,0.68789,0.6378,0.714,0.7403,0.7761,0.8041,0.8321,0.8734,0.909,0.9476,layer_31,last
step450000-tokens1890B,Italian,m_mmlu,m_mmlu_it,0.4412631260859711,5,0.25,20.6549,2.5817,0.690162,0.6206,0.6985,0.7269,0.7646,0.7939,0.8234,0.867,0.9044,0.9451,layer_31,last
step500000-tokens2100B,Italian,m_mmlu,m_mmlu_it,0.457581022890383,5,0.25,20.3243,2.5584,0.689955,0.6234,0.7003,0.7286,0.7657,0.7945,0.8239,0.8674,0.9047,0.9452,layer_31,last
step550000-tokens2310B,Italian,m_mmlu,m_mmlu_it,0.452217269774118,5,0.25,20.9778,2.6087,0.692274,0.6173,0.6967,0.7261,0.7638,0.7933,0.8231,0.8668,0.9043,0.945,layer_31,last
step600000-tokens2520B,Italian,m_mmlu,m_mmlu_it,0.4601495807207071,5,0.25,22.9603,2.7204,0.691568,0.6043,0.6863,0.7159,0.7551,0.7856,0.8164,0.8617,0.9006,0.9428,layer_31,last
step650000-tokens2730B,Italian,m_mmlu,m_mmlu_it,0.45425700687466947,5,0.25,24.2333,2.7965,0.694206,0.5959,0.6793,0.7096,0.7502,0.7816,0.8131,0.8593,0.899,0.9421,layer_31,last
step700000-tokens2940B,Italian,m_mmlu,m_mmlu_it,0.46694870438921204,5,0.25,23.9731,2.7858,0.694828,0.597,0.681,0.7108,0.7516,0.7827,0.814,0.86,0.8996,0.9424,layer_31,last
step750000-tokens3150B,Italian,m_mmlu,m_mmlu_it,0.4732190073279444,5,0.25,25.1285,2.8557,0.694406,0.5894,0.6766,0.7065,0.747,0.7783,0.8101,0.8571,0.8974,0.9412,layer_31,last
step800000-tokens3360B,Italian,m_mmlu,m_mmlu_it,0.485910704842487,5,0.25,24.4654,2.8178,0.695426,0.5935,0.6789,0.7091,0.7497,0.7808,0.8125,0.859,0.8989,0.942,layer_31,last
step850000-tokens3570B,Italian,m_mmlu,m_mmlu_it,0.47525874442849586,5,0.25,23.2662,2.722,0.697117,0.6042,0.6832,0.7125,0.7523,0.7827,0.814,0.8601,0.8997,0.9427,layer_31,last
step900000-tokens3780B,Italian,m_mmlu,m_mmlu_it,0.4748810153358012,5,0.25,25.6668,2.8421,0.695811,0.5912,0.6704,0.7007,0.7421,0.774,0.8066,0.8544,0.8955,0.9402,layer_31,last
step950000-tokens3990B,Italian,m_mmlu,m_mmlu_it,0.4735967364206391,5,0.25,26.7817,2.8948,0.696113,0.5858,0.6644,0.6956,0.7375,0.7699,0.8031,0.8517,0.8937,0.9391,layer_31,last
step1000000-tokens4200B,Italian,m_mmlu,m_mmlu_it,0.48281332628239026,5,0.25,26.4128,2.8813,0.697365,0.5871,0.667,0.6979,0.7393,0.7713,0.8041,0.8526,0.8943,0.9396,layer_31,last
step1194000-tokens5014B,Italian,m_mmlu,m_mmlu_it,0.4887814459469668,5,0.25,26.2291,2.8516,0.695501,0.5903,0.6678,0.6976,0.7382,0.77,0.8028,0.8516,0.8935,0.9391,layer_31,last
step1432000-tokens6014B,Italian,m_mmlu,m_mmlu_it,0.48772380448742164,5,0.25,29.418,3.0535,0.696564,0.57,0.6543,0.6865,0.7297,0.7627,0.7969,0.8473,0.8905,0.9374,layer_31,last
step1670000-tokens7014B,Italian,m_mmlu,m_mmlu_it,0.49240764523683617,5,0.25,28.1255,2.9489,0.697849,0.5804,0.658,0.6903,0.7317,0.7638,0.7975,0.8476,0.8907,0.9376,layer_31,last
step1678000-tokens7047B,Italian,m_mmlu,m_mmlu_it,0.5034373347435219,5,0.25,27.7737,2.9301,0.698615,0.5823,0.6595,0.6913,0.7324,0.7647,0.7985,0.8485,0.8916,0.9382,layer_31,last
step1700000-tokens7232B,Italian,m_mmlu,m_mmlu_it,0.5176399486288434,5,0.25,34.7422,3.4827,0.704188,0.5321,0.6391,0.6736,0.7203,0.7552,0.7911,0.8434,0.888,0.9362,layer_31,last
step1750000-tokens7652B,Italian,m_mmlu,m_mmlu_it,0.5202840522777065,5,0.25,32.7105,3.2577,0.706407,0.5514,0.6412,0.6751,0.7202,0.7549,0.7908,0.8432,0.8879,0.9363,layer_31,last
step1800000-tokens8072B,Italian,m_mmlu,m_mmlu_it,0.5258744428495883,5,0.25,32.3561,3.3332,0.705177,0.5442,0.6477,0.6823,0.7267,0.7602,0.7951,0.8462,0.8899,0.9373,layer_31,last
step1850000-tokens8492B,Italian,m_mmlu,m_mmlu_it,0.5161290322580645,5,0.25,30.0796,3.1248,0.706277,0.5632,0.6529,0.6855,0.7291,0.7623,0.797,0.8479,0.8913,0.9383,layer_31,last
step1900000-tokens8912B,Italian,m_mmlu,m_mmlu_it,0.514164840976052,5,0.25,31.0307,3.1393,0.703752,0.5621,0.6473,0.6808,0.7244,0.7578,0.7928,0.8442,0.8884,0.9365,layer_31,last
step1950000-tokens9332B,Italian,m_mmlu,m_mmlu_it,0.5239857973861147,5,0.25,29.814,3.0997,0.70144,0.5656,0.6529,0.6877,0.7306,0.7632,0.7972,0.8474,0.8906,0.9376,layer_31,last
step2000000-tokens9752B,Italian,m_mmlu,m_mmlu_it,0.5236836141119589,5,0.25,28.054,2.9863,0.705026,0.5765,0.6597,0.6923,0.7345,0.7671,0.8009,0.8506,0.8932,0.9393,layer_31,last
step2050000-tokens10172B,Italian,m_mmlu,m_mmlu_it,0.5297272795950744,5,0.25,27.6172,2.9377,0.702652,0.5815,0.6624,0.6932,0.7343,0.7661,0.7998,0.8493,0.8921,0.9386,layer_31,last
step2100000-tokens10592B,Italian,m_mmlu,m_mmlu_it,0.5296517337765355,5,0.25,27.1683,2.9398,0.701405,0.5811,0.665,0.6967,0.7384,0.77,0.8031,0.8518,0.8938,0.9395,layer_31,last
step2150000-tokens11012B,Italian,m_mmlu,m_mmlu_it,0.5215683311928685,5,0.25,27.4129,2.9488,0.704256,0.5802,0.6634,0.6955,0.7371,0.7688,0.802,0.851,0.8933,0.9393,layer_31,last
step2200000-tokens11432B,Italian,m_mmlu,m_mmlu_it,0.5356953992596509,5,0.25,25.538,2.8923,0.705104,0.5857,0.6745,0.7069,0.7467,0.7776,0.8098,0.8572,0.8979,0.942,layer_31,last
step2250000-tokens11852B,Italian,m_mmlu,m_mmlu_it,0.5344866661630279,5,0.25,26.6262,3.0008,0.705145,0.5743,0.6722,0.7054,0.7454,0.776,0.8082,0.8556,0.8966,0.9413,layer_31,last
step2300000-tokens12272B,Italian,m_mmlu,m_mmlu_it,0.5634962604819823,5,0.25,25.181,2.9157,0.706972,0.5829,0.678,0.7109,0.7508,0.7813,0.8131,0.8599,0.8999,0.9432,layer_31,last
step2350000-tokens12692B,Italian,m_mmlu,m_mmlu_it,0.5697665634207146,5,0.25,24.5381,2.8158,0.705847,0.5938,0.6794,0.7091,0.7482,0.7788,0.8109,0.8581,0.8986,0.9425,layer_31,last
step2400000-tokens13112B,Italian,m_mmlu,m_mmlu_it,0.5714285714285714,5,0.25,25.8158,2.8717,0.701986,0.588,0.6724,0.7027,0.7429,0.774,0.8067,0.8548,0.8962,0.9409,layer_31,last
step2450000-tokens13532B,Italian,m_mmlu,m_mmlu_it,0.578756515826849,5,0.25,29.6221,3.2981,0.701631,0.5459,0.6615,0.6985,0.7407,0.7729,0.8063,0.8548,0.8962,0.9408,layer_31,last
step2500000-tokens13952B,Italian,m_mmlu,m_mmlu_it,0.5879731056886002,5,0.25,31.4214,3.802,0.701728,0.5017,0.6673,0.7066,0.7486,0.7801,0.8125,0.8594,0.8994,0.9425,layer_31,last
step2550000-tokens14372B,Italian,m_mmlu,m_mmlu_it,0.5874442849588275,5,0.25,25.1255,3.7534,0.707735,0.4967,0.7061,0.744,0.7816,0.8096,0.8381,0.8791,0.9137,0.9509,layer_31,last
step2600000-tokens14792B,Italian,m_mmlu,m_mmlu_it,0.588199743144217,5,0.25,19.2448,3.5519,0.712196,0.5048,0.747,0.7834,0.8167,0.841,0.8652,0.8995,0.9284,0.9593,layer_31,last
step2627139-tokens15T,Italian,m_mmlu,m_mmlu_it,0.5896351136964569,5,0.25,16.934,3.4886,0.714762,0.5052,0.7672,0.8029,0.8337,0.8561,0.8782,0.9093,0.9354,0.9633,layer_31,last
10B,Spanish,m_mmlu,m_mmlu_es,0.2689365531723414,5,0.25,,,,,,,,,,,,,,
21B,Spanish,m_mmlu,m_mmlu_es,0.26833658317084147,5,0.25,,,,,,,,,,,,,,
31B,Spanish,m_mmlu,m_mmlu_es,0.25746212689365533,5,0.25,,,,,,,,,,,,,,
42B,Spanish,m_mmlu,m_mmlu_es,0.26016199190040495,5,0.25,,,,,,,,,,,,,,
52B,Spanish,m_mmlu,m_mmlu_es,0.2618869056547173,5,0.25,,,,,,,,,,,,,,
63B,Spanish,m_mmlu,m_mmlu_es,0.26631168441577924,5,0.25,,,,,,,,,,,,,,
73B,Spanish,m_mmlu,m_mmlu_es,0.26781160941952903,5,0.25,,,,,,,,,,,,,,
84B,Spanish,m_mmlu,m_mmlu_es,0.25738713064346785,5,0.25,,,,,,,,,,,,,,
94B,Spanish,m_mmlu,m_mmlu_es,0.26698665066746663,5,0.25,,,,,,,,,,,,,,
105B,Spanish,m_mmlu,m_mmlu_es,0.2618869056547173,5,0.25,,,,,,,,,,,,,,
115B,Spanish,m_mmlu,m_mmlu_es,0.27081145942702867,5,0.25,,,,,,,,,,,,,,
126B,Spanish,m_mmlu,m_mmlu_es,0.268261586920654,5,0.25,,,,,,,,,,,,,,
136B,Spanish,m_mmlu,m_mmlu_es,0.2633868306584671,5,0.25,,,,,,,,,,,,,,
147B,Spanish,m_mmlu,m_mmlu_es,0.26653667316634166,5,0.25,,,,,,,,,,,,,,
157B,Spanish,m_mmlu,m_mmlu_es,0.26286185690715463,5,0.25,,,,,,,,,,,,,,
168B,Spanish,m_mmlu,m_mmlu_es,0.2662366881655917,5,0.25,,,,,,,,,,,,,,
178B,Spanish,m_mmlu,m_mmlu_es,0.26991150442477874,5,0.25,,,,,,,,,,,,,,
189B,Spanish,m_mmlu,m_mmlu_es,0.2662366881655917,5,0.25,,,,,,,,,,,,,,
199B,Spanish,m_mmlu,m_mmlu_es,0.27066146692665366,5,0.25,,,,,,,,,,,,,,
210B,Spanish,m_mmlu,m_mmlu_es,0.26751162441877907,5,0.25,,,,,,,,,,,,,,
step50000-tokens210B,Spanish,m_mmlu,m_mmlu_es,0.2672116394180291,5,0.25,110.4748,6.9493,0.657056,0.3704,0.4863,0.5261,0.5827,0.6287,0.6773,0.7519,0.8191,0.8935,layer_31,last
220B,Spanish,m_mmlu,m_mmlu_es,0.26863656817159143,5,0.25,,,,,,,,,,,,,,
231B,Spanish,m_mmlu,m_mmlu_es,0.2712614369281536,5,0.25,,,,,,,,,,,,,,
241B,Spanish,m_mmlu,m_mmlu_es,0.27621118944052797,5,0.25,,,,,,,,,,,,,,
252B,Spanish,m_mmlu,m_mmlu_es,0.26841157942102895,5,0.25,,,,,,,,,,,,,,
262B,Spanish,m_mmlu,m_mmlu_es,0.26908654567271634,5,0.25,,,,,,,,,,,,,,
273B,Spanish,m_mmlu,m_mmlu_es,0.27321133943302833,5,0.25,,,,,,,,,,,,,,
283B,Spanish,m_mmlu,m_mmlu_es,0.27021148942552875,5,0.25,,,,,,,,,,,,,,
294B,Spanish,m_mmlu,m_mmlu_es,0.2648117594120294,5,0.25,,,,,,,,,,,,,,
304B,Spanish,m_mmlu,m_mmlu_es,0.26218689065546724,5,0.25,,,,,,,,,,,,,,
315B,Spanish,m_mmlu,m_mmlu_es,0.2697615119244038,5,0.25,,,,,,,,,,,,,,
325B,Spanish,m_mmlu,m_mmlu_es,0.2645867706614669,5,0.25,,,,,,,,,,,,,,
334B,Spanish,m_mmlu,m_mmlu_es,0.2671366431678416,5,0.25,,,,,,,,,,,,,,
342B,Spanish,m_mmlu,m_mmlu_es,0.2696115194240288,5,0.25,,,,,,,,,,,,,,
352B,Spanish,m_mmlu,m_mmlu_es,0.25881205939703017,5,0.25,,,,,,,,,,,,,,
363B,Spanish,m_mmlu,m_mmlu_es,0.26383680815959204,5,0.25,,,,,,,,,,,,,,
373B,Spanish,m_mmlu,m_mmlu_es,0.25746212689365533,5,0.25,,,,,,,,,,,,,,
384B,Spanish,m_mmlu,m_mmlu_es,0.25716214189290537,5,0.25,,,,,,,,,,,,,,
394B,Spanish,m_mmlu,m_mmlu_es,0.25146242687865605,5,0.25,,,,,,,,,,,,,,
405B,Spanish,m_mmlu,m_mmlu_es,0.2567121643917804,5,0.25,,,,,,,,,,,,,,
415B,Spanish,m_mmlu,m_mmlu_es,0.26263686815659215,5,0.25,,,,,,,,,,,,,,
step100000-tokens420B,Spanish,m_mmlu,m_mmlu_es,0.23983800809959502,5,0.25,23.8008,2.8246,0.673085,0.5915,0.6902,0.7163,0.7539,0.7827,0.8123,0.8566,0.896,0.9394,layer_31,last
426B,Spanish,m_mmlu,m_mmlu_es,0.26466176691165444,5,0.25,,,,,,,,,,,,,,
436B,Spanish,m_mmlu,m_mmlu_es,0.25146242687865605,5,0.25,,,,,,,,,,,,,,
447B,Spanish,m_mmlu,m_mmlu_es,0.26406179691015447,5,0.25,,,,,,,,,,,,,,
457B,Spanish,m_mmlu,m_mmlu_es,0.24591270436478177,5,0.25,,,,,,,,,,,,,,
468B,Spanish,m_mmlu,m_mmlu_es,0.24771261436928155,5,0.25,,,,,,,,,,,,,,
478B,Spanish,m_mmlu,m_mmlu_es,0.24508774561271937,5,0.25,,,,,,,,,,,,,,
489B,Spanish,m_mmlu,m_mmlu_es,0.24733763311834409,5,0.25,,,,,,,,,,,,,,
499B,Spanish,m_mmlu,m_mmlu_es,0.26383680815959204,5,0.25,,,,,,,,,,,,,,
510B,Spanish,m_mmlu,m_mmlu_es,0.2501124943752812,5,0.25,,,,,,,,,,,,,,
520B,Spanish,m_mmlu,m_mmlu_es,0.25101244937753114,5,0.25,,,,,,,,,,,,,,
531B,Spanish,m_mmlu,m_mmlu_es,0.26196190190490476,5,0.25,,,,,,,,,,,,,,
541B,Spanish,m_mmlu,m_mmlu_es,0.26653667316634166,5,0.25,,,,,,,,,,,,,,
552B,Spanish,m_mmlu,m_mmlu_es,0.2688615569221539,5,0.25,,,,,,,,,,,,,,
562B,Spanish,m_mmlu,m_mmlu_es,0.26203689815509223,5,0.25,,,,,,,,,,,,,,
573B,Spanish,m_mmlu,m_mmlu_es,0.2672116394180291,5,0.25,,,,,,,,,,,,,,
583B,Spanish,m_mmlu,m_mmlu_es,0.26443677816109196,5,0.25,,,,,,,,,,,,,,
593B,Spanish,m_mmlu,m_mmlu_es,0.26346182690865455,5,0.25,,,,,,,,,,,,,,
step150000-tokens630B,Spanish,m_mmlu,m_mmlu_es,0.36943152842357885,5,0.25,17.9303,2.6019,0.679256,0.6152,0.7312,0.7549,0.7889,0.8143,0.8398,0.8776,0.9113,0.9485,layer_31,last
step200000-tokens840B,Spanish,m_mmlu,m_mmlu_es,0.3782060896955152,5,0.25,18.3465,2.6795,0.68023,0.6047,0.7314,0.7548,0.7885,0.8138,0.8392,0.877,0.9108,0.9483,layer_31,last
step250000-tokens1050B,Spanish,m_mmlu,m_mmlu_es,0.37385630718464075,5,0.25,23.2338,2.9289,0.681945,0.579,0.7003,0.7266,0.7638,0.7917,0.8201,0.8624,0.9002,0.9423,layer_31,last
step300000-tokens1260B,Spanish,m_mmlu,m_mmlu_es,0.4229038548072596,5,0.25,23.9935,2.9096,0.683313,0.5819,0.6925,0.7194,0.7576,0.7865,0.8156,0.859,0.8979,0.9411,layer_31,last
step350000-tokens1470B,Spanish,m_mmlu,m_mmlu_es,0.4184040797960102,5,0.25,25.007,2.9211,0.683199,0.5813,0.6849,0.7122,0.7513,0.7807,0.8107,0.8552,0.895,0.9394,layer_31,last
step400000-tokens1680B,Spanish,m_mmlu,m_mmlu_es,0.4352032398380081,5,0.25,27.5414,3.0193,0.683939,0.572,0.6708,0.699,0.7393,0.7697,0.8009,0.8477,0.8897,0.9364,layer_31,last
step450000-tokens1890B,Spanish,m_mmlu,m_mmlu_es,0.44907754612269385,5,0.25,28.1177,2.9931,0.684808,0.5752,0.6653,0.6939,0.7342,0.7653,0.7971,0.8448,0.8877,0.9353,layer_31,last
step500000-tokens2100B,Spanish,m_mmlu,m_mmlu_es,0.45560221988900557,5,0.25,28.0874,2.9441,0.685028,0.5804,0.663,0.6906,0.7312,0.7625,0.7946,0.8428,0.8862,0.9345,layer_31,last
step550000-tokens2310B,Spanish,m_mmlu,m_mmlu_es,0.4577771111444428,5,0.25,29.4301,3.0464,0.686969,0.5701,0.6587,0.6874,0.7287,0.7605,0.793,0.8417,0.8855,0.9341,layer_31,last
step600000-tokens2520B,Spanish,m_mmlu,m_mmlu_es,0.46475176241187943,5,0.25,33.6899,3.3026,0.685923,0.5469,0.6428,0.6737,0.7176,0.7508,0.7848,0.8353,0.8808,0.9313,layer_31,last
step650000-tokens2730B,Spanish,m_mmlu,m_mmlu_es,0.46017699115044247,5,0.25,33.1975,3.3182,0.689477,0.5452,0.6467,0.6767,0.7206,0.7536,0.7874,0.8376,0.8826,0.9325,layer_31,last
step700000-tokens2940B,Spanish,m_mmlu,m_mmlu_es,0.4679766011699415,5,0.25,33.7257,3.3436,0.690627,0.5433,0.6429,0.6753,0.7206,0.7533,0.787,0.8374,0.8824,0.9325,layer_31,last
step750000-tokens3150B,Spanish,m_mmlu,m_mmlu_es,0.47862606869656515,5,0.25,32.156,3.2062,0.688748,0.5554,0.648,0.6774,0.7212,0.7538,0.7876,0.8378,0.8827,0.9326,layer_31,last
step800000-tokens3360B,Spanish,m_mmlu,m_mmlu_es,0.4832758362081896,5,0.25,30.0915,3.104,0.689342,0.5646,0.6564,0.6855,0.728,0.7598,0.7928,0.8418,0.8856,0.9343,layer_31,last
step850000-tokens3570B,Spanish,m_mmlu,m_mmlu_es,0.47997600119994,5,0.25,31.7793,3.1691,0.692208,0.5588,0.6492,0.6779,0.7209,0.7534,0.7871,0.8375,0.8827,0.9328,layer_31,last
step900000-tokens3780B,Spanish,m_mmlu,m_mmlu_es,0.47090145492725366,5,0.25,35.4715,3.3661,0.69187,0.5419,0.6347,0.6654,0.7109,0.7448,0.7799,0.8321,0.8787,0.9304,layer_31,last
step950000-tokens3990B,Spanish,m_mmlu,m_mmlu_es,0.4721013949302535,5,0.25,35.1897,3.325,0.689876,0.5456,0.6335,0.6653,0.7111,0.7448,0.7798,0.8318,0.8784,0.9302,layer_31,last
step1000000-tokens4200B,Spanish,m_mmlu,m_mmlu_es,0.48845057747112647,5,0.25,33.6167,3.278,0.691407,0.5492,0.6421,0.6722,0.7164,0.7497,0.784,0.8351,0.8808,0.9316,layer_31,last
step1194000-tokens5014B,Spanish,m_mmlu,m_mmlu_es,0.4942252887355632,5,0.25,35.7955,3.3239,0.69109,0.5458,0.631,0.662,0.7071,0.7408,0.7763,0.8292,0.8766,0.9292,layer_31,last
step1432000-tokens6014B,Spanish,m_mmlu,m_mmlu_es,0.48920053997300134,5,0.25,38.6958,3.5919,0.691308,0.5237,0.6261,0.6596,0.7053,0.7392,0.7749,0.8281,0.8757,0.9287,layer_31,last
step1670000-tokens7014B,Spanish,m_mmlu,m_mmlu_es,0.4977501124943753,5,0.25,36.7465,3.3804,0.692525,0.541,0.63,0.6595,0.7043,0.738,0.7737,0.8273,0.8753,0.9286,layer_31,last
step1678000-tokens7047B,Spanish,m_mmlu,m_mmlu_es,0.5137993100344983,5,0.25,36.1622,3.3239,0.69378,0.5459,0.6308,0.6597,0.7042,0.738,0.7738,0.8275,0.8757,0.929,layer_31,last
step1700000-tokens7232B,Spanish,m_mmlu,m_mmlu_es,0.51972401379931,5,0.25,41.8239,3.9973,0.698966,0.4934,0.6243,0.6578,0.705,0.7397,0.7759,0.8293,0.877,0.9299,layer_31,last
step1750000-tokens7652B,Spanish,m_mmlu,m_mmlu_es,0.5229488525573721,5,0.25,37.9293,3.5064,0.700585,0.5307,0.6268,0.6579,0.704,0.7388,0.7754,0.8293,0.8771,0.9301,layer_31,last
step1800000-tokens8072B,Spanish,m_mmlu,m_mmlu_es,0.5300734963251837,5,0.25,36.7983,3.7312,0.700297,0.5112,0.6428,0.6749,0.7183,0.7514,0.7858,0.8369,0.8824,0.933,layer_31,last
step1850000-tokens8492B,Spanish,m_mmlu,m_mmlu_es,0.5162741862906854,5,0.25,35.8768,3.5073,0.700952,0.5297,0.6397,0.6711,0.7145,0.7476,0.7827,0.8348,0.8811,0.9324,layer_31,last
step1900000-tokens8912B,Spanish,m_mmlu,m_mmlu_es,0.515299235038248,5,0.25,36.1833,3.4698,0.699599,0.5331,0.6376,0.6682,0.7115,0.7446,0.7798,0.8324,0.8792,0.9312,layer_31,last
step1950000-tokens9332B,Spanish,m_mmlu,m_mmlu_es,0.5243737813109345,5,0.25,36.9751,3.6698,0.697721,0.5162,0.6407,0.6723,0.7152,0.7479,0.7825,0.834,0.8802,0.9317,layer_31,last
step2000000-tokens9752B,Spanish,m_mmlu,m_mmlu_es,0.5287985600719964,5,0.25,32.794,3.3107,0.700272,0.546,0.6501,0.6806,0.7226,0.7548,0.7887,0.8391,0.8842,0.9341,layer_31,last
step2050000-tokens10172B,Spanish,m_mmlu,m_mmlu_es,0.5298485075746213,5,0.25,31.1106,3.1941,0.700443,0.5562,0.6554,0.6858,0.7263,0.7576,0.7907,0.8405,0.8852,0.9348,layer_31,last
step2100000-tokens10592B,Spanish,m_mmlu,m_mmlu_es,0.5383230838458077,5,0.25,32.6912,3.3599,0.697754,0.5414,0.6532,0.6851,0.726,0.7574,0.7907,0.8404,0.8849,0.9344,layer_31,last
step2150000-tokens11012B,Spanish,m_mmlu,m_mmlu_es,0.5275986200689966,5,0.25,33.0072,3.3135,0.701065,0.5459,0.6489,0.6806,0.722,0.7536,0.7873,0.8379,0.8833,0.9337,layer_31,last
step2200000-tokens11432B,Spanish,m_mmlu,m_mmlu_es,0.5351732413379331,5,0.25,28.4052,3.1369,0.700568,0.5608,0.6708,0.7018,0.7406,0.7708,0.8027,0.8499,0.892,0.9385,layer_31,last
step2250000-tokens11852B,Spanish,m_mmlu,m_mmlu_es,0.5449977501124944,5,0.25,30.576,3.3636,0.701709,0.5394,0.6669,0.6972,0.7366,0.7668,0.7988,0.8466,0.8896,0.9373,layer_31,last
step2300000-tokens12272B,Spanish,m_mmlu,m_mmlu_es,0.5703464826758662,5,0.25,30.6706,3.3059,0.701782,0.5453,0.6638,0.6937,0.734,0.7651,0.7976,0.8462,0.8895,0.9372,layer_31,last
step2350000-tokens12692B,Spanish,m_mmlu,m_mmlu_es,0.5794210289485525,5,0.25,26.0384,2.9243,0.702044,0.5818,0.677,0.7046,0.7438,0.7736,0.805,0.8519,0.8936,0.9396,layer_31,last
step2400000-tokens13112B,Spanish,m_mmlu,m_mmlu_es,0.5764211789410529,5,0.25,31.4553,3.3176,0.698864,0.5446,0.6582,0.689,0.7301,0.7617,0.7949,0.844,0.8878,0.9361,layer_31,last
step2450000-tokens13532B,Spanish,m_mmlu,m_mmlu_es,0.5815209239538023,5,0.25,28.5612,3.4836,0.696391,0.5257,0.6822,0.7131,0.7516,0.7808,0.8114,0.8569,0.8971,0.9413,layer_31,last
step2500000-tokens13952B,Spanish,m_mmlu,m_mmlu_es,0.5966701664916754,5,0.25,25.4951,3.6338,0.697093,0.5064,0.7085,0.7377,0.7735,0.8004,0.8285,0.8699,0.9064,0.9465,layer_31,last
step2550000-tokens14372B,Spanish,m_mmlu,m_mmlu_es,0.5947202639868007,5,0.25,19.1402,3.3186,0.702006,0.5273,0.7494,0.7759,0.8075,0.8308,0.855,0.8904,0.9214,0.9552,layer_31,last
step2600000-tokens14792B,Spanish,m_mmlu,m_mmlu_es,0.596745162741863,5,0.25,15.8884,3.2237,0.706245,0.5308,0.7778,0.8033,0.8326,0.8535,0.8749,0.9056,0.9323,0.9615,layer_31,last
step2627139-tokens15T,Spanish,m_mmlu,m_mmlu_es,0.5986950652467377,5,0.25,14.4474,3.261,0.70934,0.5211,0.7946,0.8194,0.8472,0.8666,0.8863,0.9144,0.9386,0.9651,layer_31,last
10B,Chinese,xcopa,xcopa_zh,0.55,0,0.5,,,,,,,,,,,,,,
21B,Chinese,xcopa,xcopa_zh,0.556,0,0.5,,,,,,,,,,,,,,
31B,Chinese,xcopa,xcopa_zh,0.548,0,0.5,,,,,,,,,,,,,,
42B,Chinese,xcopa,xcopa_zh,0.57,0,0.5,,,,,,,,,,,,,,
52B,Chinese,xcopa,xcopa_zh,0.604,0,0.5,,,,,,,,,,,,,,
63B,Chinese,xcopa,xcopa_zh,0.584,0,0.5,,,,,,,,,,,,,,
73B,Chinese,xcopa,xcopa_zh,0.586,0,0.5,,,,,,,,,,,,,,
84B,Chinese,xcopa,xcopa_zh,0.594,0,0.5,,,,,,,,,,,,,,
94B,Chinese,xcopa,xcopa_zh,0.594,0,0.5,,,,,,,,,,,,,,
105B,Chinese,xcopa,xcopa_zh,0.596,0,0.5,,,,,,,,,,,,,,
115B,Chinese,xcopa,xcopa_zh,0.608,0,0.5,,,,,,,,,,,,,,
126B,Chinese,xcopa,xcopa_zh,0.602,0,0.5,,,,,,,,,,,,,,
136B,Chinese,xcopa,xcopa_zh,0.606,0,0.5,,,,,,,,,,,,,,
147B,Chinese,xcopa,xcopa_zh,0.616,0,0.5,,,,,,,,,,,,,,
157B,Chinese,xcopa,xcopa_zh,0.626,0,0.5,,,,,,,,,,,,,,
168B,Chinese,xcopa,xcopa_zh,0.616,0,0.5,,,,,,,,,,,,,,
178B,Chinese,xcopa,xcopa_zh,0.622,0,0.5,,,,,,,,,,,,,,
189B,Chinese,xcopa,xcopa_zh,0.6,0,0.5,,,,,,,,,,,,,,
199B,Chinese,xcopa,xcopa_zh,0.616,0,0.5,,,,,,,,,,,,,,
210B,Chinese,xcopa,xcopa_zh,0.602,0,0.5,,,,,,,,,,,,,,
step50000-tokens210B,Chinese,xcopa,xcopa_zh,0.67,0,0.5,87.5879,5.8833,0.686995,0.4064,0.5188,0.5604,0.6147,0.657,0.7014,0.7696,0.8331,0.9042,layer_31,last
220B,Chinese,xcopa,xcopa_zh,0.632,0,0.5,,,,,,,,,,,,,,
231B,Chinese,xcopa,xcopa_zh,0.626,0,0.5,,,,,,,,,,,,,,
241B,Chinese,xcopa,xcopa_zh,0.618,0,0.5,,,,,,,,,,,,,,
252B,Chinese,xcopa,xcopa_zh,0.62,0,0.5,,,,,,,,,,,,,,
262B,Chinese,xcopa,xcopa_zh,0.632,0,0.5,,,,,,,,,,,,,,
273B,Chinese,xcopa,xcopa_zh,0.63,0,0.5,,,,,,,,,,,,,,
283B,Chinese,xcopa,xcopa_zh,0.648,0,0.5,,,,,,,,,,,,,,
294B,Chinese,xcopa,xcopa_zh,0.65,0,0.5,,,,,,,,,,,,,,
304B,Chinese,xcopa,xcopa_zh,0.654,0,0.5,,,,,,,,,,,,,,
315B,Chinese,xcopa,xcopa_zh,0.642,0,0.5,,,,,,,,,,,,,,
325B,Chinese,xcopa,xcopa_zh,0.654,0,0.5,,,,,,,,,,,,,,
334B,Chinese,xcopa,xcopa_zh,0.652,0,0.5,,,,,,,,,,,,,,
342B,Chinese,xcopa,xcopa_zh,0.63,0,0.5,,,,,,,,,,,,,,
352B,Chinese,xcopa,xcopa_zh,0.622,0,0.5,,,,,,,,,,,,,,
363B,Chinese,xcopa,xcopa_zh,0.642,0,0.5,,,,,,,,,,,,,,
373B,Chinese,xcopa,xcopa_zh,0.646,0,0.5,,,,,,,,,,,,,,
384B,Chinese,xcopa,xcopa_zh,0.644,0,0.5,,,,,,,,,,,,,,
394B,Chinese,xcopa,xcopa_zh,0.654,0,0.5,,,,,,,,,,,,,,
405B,Chinese,xcopa,xcopa_zh,0.65,0,0.5,,,,,,,,,,,,,,
415B,Chinese,xcopa,xcopa_zh,0.656,0,0.5,,,,,,,,,,,,,,
step100000-tokens420B,Chinese,xcopa,xcopa_zh,0.634,0,0.5,17.4668,2.3753,0.699178,0.6473,0.7164,0.7451,0.78,0.8058,0.832,0.8709,0.9069,0.947,layer_31,last
426B,Chinese,xcopa,xcopa_zh,0.664,0,0.5,,,,,,,,,,,,,,
436B,Chinese,xcopa,xcopa_zh,0.638,0,0.5,,,,,,,,,,,,,,
447B,Chinese,xcopa,xcopa_zh,0.664,0,0.5,,,,,,,,,,,,,,
457B,Chinese,xcopa,xcopa_zh,0.662,0,0.5,,,,,,,,,,,,,,
468B,Chinese,xcopa,xcopa_zh,0.646,0,0.5,,,,,,,,,,,,,,
478B,Chinese,xcopa,xcopa_zh,0.658,0,0.5,,,,,,,,,,,,,,
489B,Chinese,xcopa,xcopa_zh,0.638,0,0.5,,,,,,,,,,,,,,
499B,Chinese,xcopa,xcopa_zh,0.64,0,0.5,,,,,,,,,,,,,,
510B,Chinese,xcopa,xcopa_zh,0.628,0,0.5,,,,,,,,,,,,,,
520B,Chinese,xcopa,xcopa_zh,0.64,0,0.5,,,,,,,,,,,,,,
531B,Chinese,xcopa,xcopa_zh,0.63,0,0.5,,,,,,,,,,,,,,
541B,Chinese,xcopa,xcopa_zh,0.63,0,0.5,,,,,,,,,,,,,,
552B,Chinese,xcopa,xcopa_zh,0.626,0,0.5,,,,,,,,,,,,,,
562B,Chinese,xcopa,xcopa_zh,0.63,0,0.5,,,,,,,,,,,,,,
573B,Chinese,xcopa,xcopa_zh,0.626,0,0.5,,,,,,,,,,,,,,
583B,Chinese,xcopa,xcopa_zh,0.616,0,0.5,,,,,,,,,,,,,,
593B,Chinese,xcopa,xcopa_zh,0.644,0,0.5,,,,,,,,,,,,,,
step150000-tokens630B,Chinese,xcopa,xcopa_zh,0.688,0,0.5,11.6111,2.0311,0.705137,0.7006,0.7637,0.7911,0.8215,0.8429,0.8642,0.8959,0.9251,0.9575,layer_31,last
step200000-tokens840B,Chinese,xcopa,xcopa_zh,0.64,0,0.5,12.5868,2.0859,0.7061,0.6912,0.7544,0.7819,0.8126,0.8344,0.8565,0.8897,0.9206,0.9551,layer_31,last
step250000-tokens1050B,Chinese,xcopa,xcopa_zh,0.662,0,0.5,16.9048,2.3554,0.707295,0.6501,0.7194,0.7511,0.7857,0.8102,0.8353,0.8733,0.9088,0.9485,layer_31,last
step300000-tokens1260B,Chinese,xcopa,xcopa_zh,0.676,0,0.5,17.683,2.4098,0.708497,0.6425,0.7147,0.7469,0.7823,0.8073,0.8325,0.871,0.9072,0.9477,layer_31,last
step350000-tokens1470B,Chinese,xcopa,xcopa_zh,0.67,0,0.5,15.7657,2.2797,0.708953,0.661,0.7255,0.7577,0.7915,0.8157,0.8402,0.8772,0.9117,0.9502,layer_31,last
step400000-tokens1680B,Chinese,xcopa,xcopa_zh,0.67,0,0.5,18.1583,2.4086,0.710169,0.6429,0.7096,0.7416,0.7766,0.8022,0.828,0.8676,0.9048,0.9464,layer_31,last
step450000-tokens1890B,Chinese,xcopa,xcopa_zh,0.672,0,0.5,18.5065,2.4276,0.712194,0.6403,0.7083,0.74,0.7748,0.8,0.8258,0.8657,0.9035,0.9458,layer_31,last
step500000-tokens2100B,Chinese,xcopa,xcopa_zh,0.68,0,0.5,18.61,2.4174,0.710259,0.6418,0.7069,0.7379,0.7723,0.7975,0.8237,0.8642,0.9023,0.9451,layer_31,last
step550000-tokens2310B,Chinese,xcopa,xcopa_zh,0.67,0,0.5,19.2361,2.478,0.715729,0.6337,0.703,0.7364,0.7718,0.7977,0.8241,0.8647,0.9029,0.9456,layer_31,last
step600000-tokens2520B,Chinese,xcopa,xcopa_zh,0.686,0,0.5,21.2971,2.5765,0.709751,0.6214,0.6907,0.7248,0.7613,0.7879,0.8151,0.8575,0.8975,0.9424,layer_31,last
step650000-tokens2730B,Chinese,xcopa,xcopa_zh,0.692,0,0.5,22.8287,2.6726,0.715104,0.6099,0.6833,0.7177,0.755,0.7821,0.8101,0.8539,0.8951,0.9412,layer_31,last
step700000-tokens2940B,Chinese,xcopa,xcopa_zh,0.664,0,0.5,24.2037,2.7705,0.714451,0.5987,0.6777,0.714,0.7515,0.7789,0.807,0.8512,0.8932,0.9401,layer_31,last
step750000-tokens3150B,Chinese,xcopa,xcopa_zh,0.682,0,0.5,25.5246,2.8456,0.713529,0.5905,0.6718,0.7084,0.7468,0.7743,0.803,0.8481,0.8908,0.9388,layer_31,last
step800000-tokens3360B,Chinese,xcopa,xcopa_zh,0.678,0,0.5,23.6087,2.7344,0.714399,0.6027,0.6797,0.7165,0.7535,0.7808,0.8088,0.8526,0.8942,0.9408,layer_31,last
step850000-tokens3570B,Chinese,xcopa,xcopa_zh,0.708,0,0.5,23.3359,2.7045,0.716929,0.6061,0.6818,0.7158,0.7529,0.78,0.8077,0.8519,0.8938,0.9406,layer_31,last
step900000-tokens3780B,Chinese,xcopa,xcopa_zh,0.696,0,0.5,23.748,2.7173,0.715689,0.6048,0.6785,0.7139,0.7514,0.7785,0.8064,0.8508,0.893,0.9401,layer_31,last
step950000-tokens3990B,Chinese,xcopa,xcopa_zh,0.684,0,0.5,26.8178,2.8834,0.714946,0.5868,0.6652,0.7013,0.7395,0.7679,0.7971,0.8435,0.8876,0.9371,layer_31,last
step1000000-tokens4200B,Chinese,xcopa,xcopa_zh,0.668,0,0.5,24.836,2.7736,0.718127,0.5985,0.6737,0.7089,0.7465,0.7739,0.8024,0.8476,0.8907,0.939,layer_31,last
step1194000-tokens5014B,Chinese,xcopa,xcopa_zh,0.696,0,0.5,29.7594,3.0204,0.718104,0.5731,0.6539,0.6888,0.7276,0.7562,0.7864,0.8353,0.882,0.9343,layer_31,last
step1432000-tokens6014B,Chinese,xcopa,xcopa_zh,0.69,0,0.5,30.583,3.0683,0.719033,0.5685,0.6503,0.6864,0.7253,0.7543,0.7847,0.8341,0.8812,0.9338,layer_31,last
step1670000-tokens7014B,Chinese,xcopa,xcopa_zh,0.696,0,0.5,31.6443,3.1132,0.722374,0.5644,0.6476,0.6826,0.7204,0.7495,0.7806,0.8311,0.8794,0.9331,layer_31,last
step1678000-tokens7047B,Chinese,xcopa,xcopa_zh,0.662,0,0.5,31.4966,3.1147,0.723597,0.5642,0.6474,0.6829,0.7216,0.7509,0.782,0.8325,0.8805,0.9338,layer_31,last
step1700000-tokens7232B,Chinese,xcopa,xcopa_zh,0.686,0,0.5,28.672,2.996,0.728279,0.5754,0.6575,0.6941,0.7338,0.7618,0.7916,0.8399,0.8859,0.937,layer_31,last
step1750000-tokens7652B,Chinese,xcopa,xcopa_zh,0.688,0,0.5,28.4276,2.9638,0.730681,0.5787,0.6576,0.6937,0.7321,0.7608,0.7913,0.8399,0.8861,0.9372,layer_31,last
step1800000-tokens8072B,Chinese,xcopa,xcopa_zh,0.68,0,0.5,34.5166,3.289,0.732389,0.5487,0.6345,0.6725,0.7138,0.7437,0.7758,0.8278,0.8776,0.9327,layer_31,last
step1850000-tokens8492B,Chinese,xcopa,xcopa_zh,0.66,0,0.5,31.6227,3.1284,0.731481,0.563,0.6449,0.6816,0.7216,0.7507,0.7821,0.8328,0.8812,0.9346,layer_31,last
step1900000-tokens8912B,Chinese,xcopa,xcopa_zh,0.666,0,0.5,29.9733,3.0454,0.731734,0.5707,0.6522,0.6882,0.727,0.7555,0.7861,0.8357,0.8831,0.9357,layer_31,last
step1950000-tokens9332B,Chinese,xcopa,xcopa_zh,0.676,0,0.5,34.5368,3.2724,0.726783,0.5503,0.6329,0.6719,0.7135,0.7435,0.7756,0.8278,0.8774,0.9323,layer_31,last
step2000000-tokens9752B,Chinese,xcopa,xcopa_zh,0.694,0,0.5,27.2393,2.9006,0.729653,0.5851,0.664,0.6988,0.7368,0.7645,0.7937,0.8417,0.8875,0.9381,layer_31,last
step2050000-tokens10172B,Chinese,xcopa,xcopa_zh,0.73,0,0.5,25.6065,2.7806,0.730837,0.5979,0.6711,0.7036,0.7394,0.7662,0.7952,0.8426,0.8882,0.9386,layer_31,last
step2100000-tokens10592B,Chinese,xcopa,xcopa_zh,0.7,0,0.5,31.225,3.0842,0.729451,0.5673,0.6464,0.6831,0.722,0.7506,0.7814,0.8319,0.8804,0.9341,layer_31,last
step2150000-tokens11012B,Chinese,xcopa,xcopa_zh,0.71,0,0.5,31.9139,3.1335,0.734615,0.5626,0.6443,0.682,0.7208,0.7491,0.7798,0.831,0.8801,0.9344,layer_31,last
step2200000-tokens11432B,Chinese,xcopa,xcopa_zh,0.696,0,0.5,23.8855,2.7236,0.734315,0.6042,0.6792,0.7133,0.75,0.7763,0.8045,0.8503,0.8938,0.9418,layer_31,last
step2250000-tokens11852B,Chinese,xcopa,xcopa_zh,0.694,0,0.5,27.0095,2.8959,0.735136,0.5856,0.6647,0.7007,0.7389,0.7658,0.7948,0.8425,0.8882,0.9387,layer_31,last
step2300000-tokens12272B,Chinese,xcopa,xcopa_zh,0.744,0,0.5,27.3614,2.9056,0.731266,0.5847,0.663,0.6987,0.7363,0.7639,0.7937,0.842,0.8878,0.9383,layer_31,last
step2350000-tokens12692B,Chinese,xcopa,xcopa_zh,0.738,0,0.5,26.4399,2.8448,0.73198,0.591,0.6686,0.7022,0.7382,0.7651,0.7941,0.8422,0.888,0.9386,layer_31,last
step2400000-tokens13112B,Chinese,xcopa,xcopa_zh,0.76,0,0.5,27.8416,2.9301,0.727029,0.5821,0.6626,0.6969,0.7344,0.7615,0.7912,0.8399,0.8862,0.9373,layer_31,last
step2450000-tokens13532B,Chinese,xcopa,xcopa_zh,0.728,0,0.5,26.4014,2.8857,0.723107,0.5866,0.6684,0.7022,0.7422,0.7705,0.8003,0.8475,0.8916,0.94,layer_31,last
step2500000-tokens13952B,Chinese,xcopa,xcopa_zh,0.734,0,0.5,29.854,3.3539,0.725923,0.5396,0.6652,0.7001,0.7408,0.7703,0.8006,0.8478,0.8918,0.9402,layer_31,last
step2550000-tokens14372B,Chinese,xcopa,xcopa_zh,0.762,0,0.5,31.4451,3.9009,0.730943,0.4879,0.6683,0.7039,0.7469,0.7759,0.8059,0.8522,0.8952,0.9422,layer_31,last
step2600000-tokens14792B,Chinese,xcopa,xcopa_zh,0.748,0,0.5,22.1695,3.7065,0.735437,0.4815,0.7227,0.7559,0.7931,0.8172,0.8419,0.8798,0.9149,0.9532,layer_31,last
step2627139-tokens15T,Chinese,xcopa,xcopa_zh,0.746,0,0.5,18.9077,3.6352,0.740645,0.4752,0.7478,0.7795,0.8142,0.8366,0.859,0.893,0.9244,0.9585,layer_31,last
10B,Indonesian,xcopa,xcopa_id,0.532,0,0.5,,,,,,,,,,,,,,
21B,Indonesian,xcopa,xcopa_id,0.554,0,0.5,,,,,,,,,,,,,,
31B,Indonesian,xcopa,xcopa_id,0.596,0,0.5,,,,,,,,,,,,,,
42B,Indonesian,xcopa,xcopa_id,0.604,0,0.5,,,,,,,,,,,,,,
52B,Indonesian,xcopa,xcopa_id,0.58,0,0.5,,,,,,,,,,,,,,
63B,Indonesian,xcopa,xcopa_id,0.61,0,0.5,,,,,,,,,,,,,,
73B,Indonesian,xcopa,xcopa_id,0.618,0,0.5,,,,,,,,,,,,,,
84B,Indonesian,xcopa,xcopa_id,0.62,0,0.5,,,,,,,,,,,,,,
94B,Indonesian,xcopa,xcopa_id,0.634,0,0.5,,,,,,,,,,,,,,
105B,Indonesian,xcopa,xcopa_id,0.624,0,0.5,,,,,,,,,,,,,,
115B,Indonesian,xcopa,xcopa_id,0.608,0,0.5,,,,,,,,,,,,,,
126B,Indonesian,xcopa,xcopa_id,0.632,0,0.5,,,,,,,,,,,,,,
136B,Indonesian,xcopa,xcopa_id,0.648,0,0.5,,,,,,,,,,,,,,
147B,Indonesian,xcopa,xcopa_id,0.648,0,0.5,,,,,,,,,,,,,,
157B,Indonesian,xcopa,xcopa_id,0.622,0,0.5,,,,,,,,,,,,,,
168B,Indonesian,xcopa,xcopa_id,0.63,0,0.5,,,,,,,,,,,,,,
178B,Indonesian,xcopa,xcopa_id,0.64,0,0.5,,,,,,,,,,,,,,
189B,Indonesian,xcopa,xcopa_id,0.626,0,0.5,,,,,,,,,,,,,,
199B,Indonesian,xcopa,xcopa_id,0.632,0,0.5,,,,,,,,,,,,,,
210B,Indonesian,xcopa,xcopa_id,0.62,0,0.5,,,,,,,,,,,,,,
step50000-tokens210B,Indonesian,xcopa,xcopa_id,0.692,0,0.5,61.1668,5.8425,0.748457,0.3986,0.5768,0.6199,0.6775,0.718,0.7589,0.82,0.8735,0.9305,layer_31,last
220B,Indonesian,xcopa,xcopa_id,0.662,0,0.5,,,,,,,,,,,,,,
231B,Indonesian,xcopa,xcopa_id,0.644,0,0.5,,,,,,,,,,,,,,
241B,Indonesian,xcopa,xcopa_id,0.66,0,0.5,,,,,,,,,,,,,,
252B,Indonesian,xcopa,xcopa_id,0.656,0,0.5,,,,,,,,,,,,,,
262B,Indonesian,xcopa,xcopa_id,0.656,0,0.5,,,,,,,,,,,,,,
273B,Indonesian,xcopa,xcopa_id,0.658,0,0.5,,,,,,,,,,,,,,
283B,Indonesian,xcopa,xcopa_id,0.662,0,0.5,,,,,,,,,,,,,,
294B,Indonesian,xcopa,xcopa_id,0.644,0,0.5,,,,,,,,,,,,,,
304B,Indonesian,xcopa,xcopa_id,0.684,0,0.5,,,,,,,,,,,,,,
315B,Indonesian,xcopa,xcopa_id,0.672,0,0.5,,,,,,,,,,,,,,
325B,Indonesian,xcopa,xcopa_id,0.674,0,0.5,,,,,,,,,,,,,,
334B,Indonesian,xcopa,xcopa_id,0.684,0,0.5,,,,,,,,,,,,,,
342B,Indonesian,xcopa,xcopa_id,0.684,0,0.5,,,,,,,,,,,,,,
352B,Indonesian,xcopa,xcopa_id,0.678,0,0.5,,,,,,,,,,,,,,
363B,Indonesian,xcopa,xcopa_id,0.692,0,0.5,,,,,,,,,,,,,,
373B,Indonesian,xcopa,xcopa_id,0.682,0,0.5,,,,,,,,,,,,,,
384B,Indonesian,xcopa,xcopa_id,0.682,0,0.5,,,,,,,,,,,,,,
394B,Indonesian,xcopa,xcopa_id,0.678,0,0.5,,,,,,,,,,,,,,
405B,Indonesian,xcopa,xcopa_id,0.682,0,0.5,,,,,,,,,,,,,,
415B,Indonesian,xcopa,xcopa_id,0.692,0,0.5,,,,,,,,,,,,,,
step100000-tokens420B,Indonesian,xcopa,xcopa_id,0.716,0,0.5,15.5292,2.4669,0.765901,0.6326,0.7415,0.7685,0.8038,0.8289,0.8545,0.8922,0.9248,0.9594,layer_31,last
426B,Indonesian,xcopa,xcopa_id,0.68,0,0.5,,,,,,,,,,,,,,
436B,Indonesian,xcopa,xcopa_id,0.688,0,0.5,,,,,,,,,,,,,,
447B,Indonesian,xcopa,xcopa_id,0.698,0,0.5,,,,,,,,,,,,,,
457B,Indonesian,xcopa,xcopa_id,0.68,0,0.5,,,,,,,,,,,,,,
468B,Indonesian,xcopa,xcopa_id,0.704,0,0.5,,,,,,,,,,,,,,
478B,Indonesian,xcopa,xcopa_id,0.698,0,0.5,,,,,,,,,,,,,,
489B,Indonesian,xcopa,xcopa_id,0.69,0,0.5,,,,,,,,,,,,,,
499B,Indonesian,xcopa,xcopa_id,0.694,0,0.5,,,,,,,,,,,,,,
510B,Indonesian,xcopa,xcopa_id,0.686,0,0.5,,,,,,,,,,,,,,
520B,Indonesian,xcopa,xcopa_id,0.69,0,0.5,,,,,,,,,,,,,,
531B,Indonesian,xcopa,xcopa_id,0.67,0,0.5,,,,,,,,,,,,,,
541B,Indonesian,xcopa,xcopa_id,0.686,0,0.5,,,,,,,,,,,,,,
552B,Indonesian,xcopa,xcopa_id,0.672,0,0.5,,,,,,,,,,,,,,
562B,Indonesian,xcopa,xcopa_id,0.68,0,0.5,,,,,,,,,,,,,,
573B,Indonesian,xcopa,xcopa_id,0.696,0,0.5,,,,,,,,,,,,,,
583B,Indonesian,xcopa,xcopa_id,0.676,0,0.5,,,,,,,,,,,,,,
593B,Indonesian,xcopa,xcopa_id,0.694,0,0.5,,,,,,,,,,,,,,
step150000-tokens630B,Indonesian,xcopa,xcopa_id,0.746,0,0.5,13.0746,2.3139,0.774682,0.6534,0.7635,0.7889,0.8215,0.8446,0.8684,0.903,0.9326,0.9638,layer_31,last
step200000-tokens840B,Indonesian,xcopa,xcopa_id,0.758,0,0.5,13.4501,2.3035,0.77753,0.6554,0.7578,0.7828,0.8157,0.8391,0.8634,0.8991,0.93,0.9625,layer_31,last
step250000-tokens1050B,Indonesian,xcopa,xcopa_id,0.74,0,0.5,17.6679,2.6432,0.782309,0.6103,0.7276,0.7567,0.7931,0.8192,0.8464,0.8866,0.9213,0.958,layer_31,last
step300000-tokens1260B,Indonesian,xcopa,xcopa_id,0.744,0,0.5,19.5405,2.7582,0.781696,0.5974,0.7149,0.7453,0.7829,0.81,0.8386,0.8809,0.9175,0.956,layer_31,last
step350000-tokens1470B,Indonesian,xcopa,xcopa_id,0.748,0,0.5,19.682,2.7749,0.782956,0.5953,0.7141,0.7447,0.782,0.8093,0.8382,0.8805,0.9172,0.9559,layer_31,last
step400000-tokens1680B,Indonesian,xcopa,xcopa_id,0.73,0,0.5,22.4774,2.944,0.786891,0.5773,0.6979,0.7287,0.7668,0.7956,0.8263,0.8717,0.9111,0.9528,layer_31,last
step450000-tokens1890B,Indonesian,xcopa,xcopa_id,0.752,0,0.5,25.1831,3.1292,0.787481,0.5594,0.6844,0.7171,0.7563,0.7861,0.8182,0.8657,0.907,0.9507,layer_31,last
step500000-tokens2100B,Indonesian,xcopa,xcopa_id,0.744,0,0.5,18.917,2.6135,0.786585,0.6152,0.7147,0.7429,0.778,0.8046,0.8337,0.877,0.9148,0.9549,layer_31,last
step550000-tokens2310B,Indonesian,xcopa,xcopa_id,0.744,0,0.5,24.6066,3.045,0.791064,0.5679,0.6848,0.7162,0.7562,0.7864,0.8186,0.8661,0.9074,0.951,layer_31,last
step600000-tokens2520B,Indonesian,xcopa,xcopa_id,0.746,0,0.5,29.2643,3.3538,0.786655,0.5402,0.6646,0.6982,0.7403,0.7719,0.8063,0.8569,0.9008,0.9474,layer_31,last
step650000-tokens2730B,Indonesian,xcopa,xcopa_id,0.75,0,0.5,24.2056,3.0073,0.789361,0.5719,0.6872,0.7178,0.7573,0.7873,0.8194,0.8667,0.9077,0.9512,layer_31,last
step700000-tokens2940B,Indonesian,xcopa,xcopa_id,0.748,0,0.5,29.9821,3.3516,0.788335,0.5409,0.6588,0.6938,0.7359,0.768,0.8027,0.8543,0.8992,0.9466,layer_31,last
step750000-tokens3150B,Indonesian,xcopa,xcopa_id,0.738,0,0.5,28.109,3.2128,0.789769,0.5531,0.6662,0.6992,0.7409,0.7727,0.807,0.8575,0.9013,0.9478,layer_31,last
step800000-tokens3360B,Indonesian,xcopa,xcopa_id,0.738,0,0.5,26.2758,3.1672,0.78959,0.5565,0.6785,0.7101,0.7509,0.7816,0.8146,0.8633,0.9054,0.95,layer_31,last
step850000-tokens3570B,Indonesian,xcopa,xcopa_id,0.756,0,0.5,30.7027,3.3914,0.794199,0.5376,0.6566,0.6899,0.7326,0.7651,0.8004,0.8529,0.8985,0.9465,layer_31,last
step900000-tokens3780B,Indonesian,xcopa,xcopa_id,0.752,0,0.5,32.4837,3.5398,0.793942,0.5252,0.6521,0.6852,0.7275,0.7606,0.7968,0.8501,0.8965,0.9454,layer_31,last
step950000-tokens3990B,Indonesian,xcopa,xcopa_id,0.752,0,0.5,35.8446,3.7396,0.790324,0.5107,0.6387,0.6736,0.7181,0.7526,0.7899,0.8449,0.8927,0.9433,layer_31,last
step1000000-tokens4200B,Indonesian,xcopa,xcopa_id,0.736,0,0.5,32.6451,3.5519,0.796147,0.5243,0.651,0.6845,0.7273,0.7605,0.7967,0.8501,0.8966,0.9456,layer_31,last
step1194000-tokens5014B,Indonesian,xcopa,xcopa_id,0.754,0,0.5,34.9807,3.6757,0.796005,0.5151,0.6429,0.6763,0.7195,0.7526,0.7894,0.8445,0.8927,0.9436,layer_31,last
step1432000-tokens6014B,Indonesian,xcopa,xcopa_id,0.74,0,0.5,37.6294,3.9075,0.79571,0.4984,0.6345,0.6699,0.7143,0.7491,0.787,0.8432,0.8919,0.9431,layer_31,last
step1670000-tokens7014B,Indonesian,xcopa,xcopa_id,0.738,0,0.5,43.4549,4.1916,0.798212,0.481,0.6131,0.6502,0.6976,0.7336,0.7733,0.833,0.885,0.9396,layer_31,last
step1678000-tokens7047B,Indonesian,xcopa,xcopa_id,0.754,0,0.5,41.9317,4.0773,0.797691,0.4883,0.617,0.6538,0.7007,0.7361,0.7756,0.8348,0.8864,0.9405,layer_31,last
step1700000-tokens7232B,Indonesian,xcopa,xcopa_id,0.776,0,0.5,46.5861,4.5549,0.80478,0.4591,0.6057,0.6451,0.6948,0.7323,0.7734,0.8339,0.8858,0.9404,layer_31,last
step1750000-tokens7652B,Indonesian,xcopa,xcopa_id,0.754,0,0.5,45.1978,4.3746,0.808975,0.4695,0.6086,0.6457,0.6941,0.7311,0.7722,0.8332,0.8857,0.9406,layer_31,last
step1800000-tokens8072B,Indonesian,xcopa,xcopa_id,0.75,0,0.5,45.2063,4.3707,0.807081,0.4695,0.6096,0.6465,0.6936,0.7305,0.7712,0.8322,0.8848,0.94,layer_31,last
step1850000-tokens8492B,Indonesian,xcopa,xcopa_id,0.75,0,0.5,40.5675,4.0177,0.809438,0.4917,0.6222,0.6574,0.7026,0.7384,0.7783,0.8377,0.8888,0.9422,layer_31,last
step1900000-tokens8912B,Indonesian,xcopa,xcopa_id,0.752,0,0.5,39.8504,3.9823,0.806416,0.494,0.6258,0.661,0.7054,0.7405,0.7797,0.8383,0.889,0.9422,layer_31,last
step1950000-tokens9332B,Indonesian,xcopa,xcopa_id,0.758,0,0.5,41.8843,4.1521,0.802392,0.4831,0.6202,0.6568,0.7026,0.7382,0.7779,0.8369,0.8878,0.9414,layer_31,last
step2000000-tokens9752B,Indonesian,xcopa,xcopa_id,0.774,0,0.5,38.9807,3.9212,0.805444,0.4981,0.629,0.6632,0.7071,0.7421,0.781,0.8395,0.8899,0.9427,layer_31,last
step2050000-tokens10172B,Indonesian,xcopa,xcopa_id,0.774,0,0.5,33.8416,3.5853,0.805763,0.522,0.6456,0.6789,0.7206,0.7538,0.7909,0.8466,0.8948,0.9453,layer_31,last
step2100000-tokens10592B,Indonesian,xcopa,xcopa_id,0.772,0,0.5,39.032,3.9516,0.807163,0.4957,0.6287,0.6632,0.7079,0.743,0.7819,0.8399,0.8901,0.9428,layer_31,last
step2150000-tokens11012B,Indonesian,xcopa,xcopa_id,0.752,0,0.5,36.7374,3.7679,0.808456,0.5086,0.6359,0.6692,0.7121,0.7464,0.7845,0.8418,0.8916,0.9437,layer_31,last
step2200000-tokens11432B,Indonesian,xcopa,xcopa_id,0.754,0,0.5,32.38,3.4958,0.808198,0.5293,0.6488,0.683,0.7262,0.7593,0.7961,0.8506,0.8976,0.9468,layer_31,last
step2250000-tokens11852B,Indonesian,xcopa,xcopa_id,0.768,0,0.5,33.0158,3.4808,0.808525,0.531,0.6458,0.6792,0.7216,0.7548,0.7918,0.8473,0.8953,0.9456,layer_31,last
step2300000-tokens12272B,Indonesian,xcopa,xcopa_id,0.752,0,0.5,36.9995,3.7828,0.807716,0.5077,0.634,0.6673,0.7119,0.7466,0.7851,0.8424,0.892,0.9438,layer_31,last
step2350000-tokens12692B,Indonesian,xcopa,xcopa_id,0.76,0,0.5,31.9979,3.467,0.808662,0.5313,0.6531,0.6835,0.7255,0.7585,0.7952,0.85,0.8973,0.9467,layer_31,last
step2400000-tokens13112B,Indonesian,xcopa,xcopa_id,0.764,0,0.5,37.4509,3.8814,0.80408,0.5001,0.6345,0.6687,0.7131,0.7474,0.7858,0.843,0.8925,0.944,layer_31,last
step2450000-tokens13532B,Indonesian,xcopa,xcopa_id,0.75,0,0.5,16.1046,2.3473,0.798221,0.6512,0.7206,0.7505,0.7871,0.8145,0.8442,0.8867,0.9224,0.9594,layer_31,last
step2500000-tokens13952B,Indonesian,xcopa,xcopa_id,0.756,0,0.5,28.6798,3.2579,0.80202,0.5505,0.6522,0.6955,0.7425,0.7766,0.813,0.8643,0.9071,0.9514,layer_31,last
step2550000-tokens14372B,Indonesian,xcopa,xcopa_id,0.764,0,0.5,32.9011,3.7434,0.80809,0.5114,0.6389,0.6912,0.7397,0.7748,0.8123,0.8645,0.9075,0.9518,layer_31,last
step2600000-tokens14792B,Indonesian,xcopa,xcopa_id,0.756,0,0.5,31.1897,4.2763,0.813415,0.469,0.6656,0.7166,0.763,0.796,0.8303,0.8779,0.9169,0.9568,layer_31,last
step2627139-tokens15T,Indonesian,xcopa,xcopa_id,0.76,0,0.5,27.6205,4.5365,0.817259,0.4417,0.6946,0.7422,0.7858,0.8164,0.848,0.8908,0.9258,0.9615,layer_31,last
10B,Italian,xcopa,xcopa_it,0.532,0,0.5,,,,,,,,,,,,,,
21B,Italian,xcopa,xcopa_it,0.534,0,0.5,,,,,,,,,,,,,,
31B,Italian,xcopa,xcopa_it,0.578,0,0.5,,,,,,,,,,,,,,
42B,Italian,xcopa,xcopa_it,0.614,0,0.5,,,,,,,,,,,,,,
52B,Italian,xcopa,xcopa_it,0.602,0,0.5,,,,,,,,,,,,,,
63B,Italian,xcopa,xcopa_it,0.618,0,0.5,,,,,,,,,,,,,,
73B,Italian,xcopa,xcopa_it,0.616,0,0.5,,,,,,,,,,,,,,
84B,Italian,xcopa,xcopa_it,0.618,0,0.5,,,,,,,,,,,,,,
94B,Italian,xcopa,xcopa_it,0.616,0,0.5,,,,,,,,,,,,,,
105B,Italian,xcopa,xcopa_it,0.616,0,0.5,,,,,,,,,,,,,,
115B,Italian,xcopa,xcopa_it,0.62,0,0.5,,,,,,,,,,,,,,
126B,Italian,xcopa,xcopa_it,0.618,0,0.5,,,,,,,,,,,,,,
136B,Italian,xcopa,xcopa_it,0.64,0,0.5,,,,,,,,,,,,,,
147B,Italian,xcopa,xcopa_it,0.614,0,0.5,,,,,,,,,,,,,,
157B,Italian,xcopa,xcopa_it,0.63,0,0.5,,,,,,,,,,,,,,
168B,Italian,xcopa,xcopa_it,0.638,0,0.5,,,,,,,,,,,,,,
178B,Italian,xcopa,xcopa_it,0.654,0,0.5,,,,,,,,,,,,,,
189B,Italian,xcopa,xcopa_it,0.642,0,0.5,,,,,,,,,,,,,,
199B,Italian,xcopa,xcopa_it,0.65,0,0.5,,,,,,,,,,,,,,
210B,Italian,xcopa,xcopa_it,0.66,0,0.5,,,,,,,,,,,,,,
step50000-tokens210B,Italian,xcopa,xcopa_it,0.696,0,0.5,77.9716,5.4547,0.663748,0.4229,0.5298,0.5707,0.6278,0.6719,0.7177,0.7859,0.8451,0.9092,layer_31,last
220B,Italian,xcopa,xcopa_it,0.644,0,0.5,,,,,,,,,,,,,,
231B,Italian,xcopa,xcopa_it,0.634,0,0.5,,,,,,,,,,,,,,
241B,Italian,xcopa,xcopa_it,0.658,0,0.5,,,,,,,,,,,,,,
252B,Italian,xcopa,xcopa_it,0.692,0,0.5,,,,,,,,,,,,,,
262B,Italian,xcopa,xcopa_it,0.668,0,0.5,,,,,,,,,,,,,,
273B,Italian,xcopa,xcopa_it,0.682,0,0.5,,,,,,,,,,,,,,
283B,Italian,xcopa,xcopa_it,0.672,0,0.5,,,,,,,,,,,,,,
294B,Italian,xcopa,xcopa_it,0.68,0,0.5,,,,,,,,,,,,,,
304B,Italian,xcopa,xcopa_it,0.694,0,0.5,,,,,,,,,,,,,,
315B,Italian,xcopa,xcopa_it,0.68,0,0.5,,,,,,,,,,,,,,
325B,Italian,xcopa,xcopa_it,0.676,0,0.5,,,,,,,,,,,,,,
334B,Italian,xcopa,xcopa_it,0.678,0,0.5,,,,,,,,,,,,,,
342B,Italian,xcopa,xcopa_it,0.702,0,0.5,,,,,,,,,,,,,,
352B,Italian,xcopa,xcopa_it,0.67,0,0.5,,,,,,,,,,,,,,
363B,Italian,xcopa,xcopa_it,0.654,0,0.5,,,,,,,,,,,,,,
373B,Italian,xcopa,xcopa_it,0.7,0,0.5,,,,,,,,,,,,,,
384B,Italian,xcopa,xcopa_it,0.686,0,0.5,,,,,,,,,,,,,,
394B,Italian,xcopa,xcopa_it,0.7,0,0.5,,,,,,,,,,,,,,
405B,Italian,xcopa,xcopa_it,0.68,0,0.5,,,,,,,,,,,,,,
415B,Italian,xcopa,xcopa_it,0.71,0,0.5,,,,,,,,,,,,,,
step100000-tokens420B,Italian,xcopa,xcopa_it,0.704,0,0.5,15.3627,2.2486,0.678006,0.6656,0.7325,0.7566,0.7905,0.8166,0.843,0.8815,0.9147,0.9505,layer_31,last
426B,Italian,xcopa,xcopa_it,0.712,0,0.5,,,,,,,,,,,,,,
436B,Italian,xcopa,xcopa_it,0.694,0,0.5,,,,,,,,,,,,,,
447B,Italian,xcopa,xcopa_it,0.692,0,0.5,,,,,,,,,,,,,,
457B,Italian,xcopa,xcopa_it,0.682,0,0.5,,,,,,,,,,,,,,
468B,Italian,xcopa,xcopa_it,0.688,0,0.5,,,,,,,,,,,,,,
478B,Italian,xcopa,xcopa_it,0.696,0,0.5,,,,,,,,,,,,,,
489B,Italian,xcopa,xcopa_it,0.698,0,0.5,,,,,,,,,,,,,,
499B,Italian,xcopa,xcopa_it,0.69,0,0.5,,,,,,,,,,,,,,
510B,Italian,xcopa,xcopa_it,0.704,0,0.5,,,,,,,,,,,,,,
520B,Italian,xcopa,xcopa_it,0.718,0,0.5,,,,,,,,,,,,,,
531B,Italian,xcopa,xcopa_it,0.704,0,0.5,,,,,,,,,,,,,,
541B,Italian,xcopa,xcopa_it,0.7,0,0.5,,,,,,,,,,,,,,
552B,Italian,xcopa,xcopa_it,0.698,0,0.5,,,,,,,,,,,,,,
562B,Italian,xcopa,xcopa_it,0.706,0,0.5,,,,,,,,,,,,,,
573B,Italian,xcopa,xcopa_it,0.706,0,0.5,,,,,,,,,,,,,,
583B,Italian,xcopa,xcopa_it,0.706,0,0.5,,,,,,,,,,,,,,
593B,Italian,xcopa,xcopa_it,0.702,0,0.5,,,,,,,,,,,,,,
step150000-tokens630B,Italian,xcopa,xcopa_it,0.73,0,0.5,12.054,2.0605,0.683029,0.6955,0.7618,0.7846,0.8156,0.839,0.8624,0.8963,0.9254,0.9568,layer_31,last
step200000-tokens840B,Italian,xcopa,xcopa_it,0.73,0,0.5,14.5823,2.2513,0.684096,0.6649,0.7424,0.7678,0.8014,0.8266,0.8517,0.8881,0.9195,0.9535,layer_31,last
step250000-tokens1050B,Italian,xcopa,xcopa_it,0.742,0,0.5,16.0659,2.3503,0.686507,0.6505,0.7321,0.7578,0.7922,0.8186,0.8448,0.883,0.9159,0.9514,layer_31,last
step300000-tokens1260B,Italian,xcopa,xcopa_it,0.75,0,0.5,15.5746,2.3091,0.689493,0.6565,0.7334,0.7597,0.7941,0.8205,0.8465,0.8845,0.9171,0.9523,layer_31,last
step350000-tokens1470B,Italian,xcopa,xcopa_it,0.734,0,0.5,18.0117,2.4391,0.687956,0.6386,0.7158,0.7429,0.7786,0.8063,0.8342,0.875,0.9102,0.9483,layer_31,last
step400000-tokens1680B,Italian,xcopa,xcopa_it,0.72,0,0.5,18.2802,2.4456,0.68789,0.6378,0.714,0.7403,0.7761,0.8041,0.8321,0.8734,0.909,0.9476,layer_31,last
step450000-tokens1890B,Italian,xcopa,xcopa_it,0.744,0,0.5,20.6549,2.5817,0.690162,0.6206,0.6985,0.7269,0.7646,0.7939,0.8234,0.867,0.9044,0.9451,layer_31,last
step500000-tokens2100B,Italian,xcopa,xcopa_it,0.75,0,0.5,20.3243,2.5584,0.689955,0.6234,0.7003,0.7286,0.7657,0.7945,0.8239,0.8674,0.9047,0.9452,layer_31,last
step550000-tokens2310B,Italian,xcopa,xcopa_it,0.74,0,0.5,20.9778,2.6087,0.692274,0.6173,0.6967,0.7261,0.7638,0.7933,0.8231,0.8668,0.9043,0.945,layer_31,last
step600000-tokens2520B,Italian,xcopa,xcopa_it,0.752,0,0.5,22.9603,2.7204,0.691568,0.6043,0.6863,0.7159,0.7551,0.7856,0.8164,0.8617,0.9006,0.9428,layer_31,last
step650000-tokens2730B,Italian,xcopa,xcopa_it,0.744,0,0.5,24.2333,2.7965,0.694206,0.5959,0.6793,0.7096,0.7502,0.7816,0.8131,0.8593,0.899,0.9421,layer_31,last
step700000-tokens2940B,Italian,xcopa,xcopa_it,0.754,0,0.5,23.9731,2.7858,0.694828,0.597,0.681,0.7108,0.7516,0.7827,0.814,0.86,0.8996,0.9424,layer_31,last
step750000-tokens3150B,Italian,xcopa,xcopa_it,0.762,0,0.5,25.1285,2.8557,0.694406,0.5894,0.6766,0.7065,0.747,0.7783,0.8101,0.8571,0.8974,0.9412,layer_31,last
step800000-tokens3360B,Italian,xcopa,xcopa_it,0.766,0,0.5,24.4654,2.8178,0.695426,0.5935,0.6789,0.7091,0.7497,0.7808,0.8125,0.859,0.8989,0.942,layer_31,last
step850000-tokens3570B,Italian,xcopa,xcopa_it,0.758,0,0.5,23.2662,2.722,0.697117,0.6042,0.6832,0.7125,0.7523,0.7827,0.814,0.8601,0.8997,0.9427,layer_31,last
step900000-tokens3780B,Italian,xcopa,xcopa_it,0.734,0,0.5,25.6668,2.8421,0.695811,0.5912,0.6704,0.7007,0.7421,0.774,0.8066,0.8544,0.8955,0.9402,layer_31,last
step950000-tokens3990B,Italian,xcopa,xcopa_it,0.752,0,0.5,26.7817,2.8948,0.696113,0.5858,0.6644,0.6956,0.7375,0.7699,0.8031,0.8517,0.8937,0.9391,layer_31,last
step1000000-tokens4200B,Italian,xcopa,xcopa_it,0.744,0,0.5,26.4128,2.8813,0.697365,0.5871,0.667,0.6979,0.7393,0.7713,0.8041,0.8526,0.8943,0.9396,layer_31,last
step1194000-tokens5014B,Italian,xcopa,xcopa_it,0.762,0,0.5,26.2291,2.8516,0.695501,0.5903,0.6678,0.6976,0.7382,0.77,0.8028,0.8516,0.8935,0.9391,layer_31,last
step1432000-tokens6014B,Italian,xcopa,xcopa_it,0.75,0,0.5,29.418,3.0535,0.696564,0.57,0.6543,0.6865,0.7297,0.7627,0.7969,0.8473,0.8905,0.9374,layer_31,last
step1670000-tokens7014B,Italian,xcopa,xcopa_it,0.774,0,0.5,28.1255,2.9489,0.697849,0.5804,0.658,0.6903,0.7317,0.7638,0.7975,0.8476,0.8907,0.9376,layer_31,last
step1678000-tokens7047B,Italian,xcopa,xcopa_it,0.758,0,0.5,27.7737,2.9301,0.698615,0.5823,0.6595,0.6913,0.7324,0.7647,0.7985,0.8485,0.8916,0.9382,layer_31,last
step1700000-tokens7232B,Italian,xcopa,xcopa_it,0.76,0,0.5,34.7422,3.4827,0.704188,0.5321,0.6391,0.6736,0.7203,0.7552,0.7911,0.8434,0.888,0.9362,layer_31,last
step1750000-tokens7652B,Italian,xcopa,xcopa_it,0.768,0,0.5,32.7105,3.2577,0.706407,0.5514,0.6412,0.6751,0.7202,0.7549,0.7908,0.8432,0.8879,0.9363,layer_31,last
step1800000-tokens8072B,Italian,xcopa,xcopa_it,0.766,0,0.5,32.3561,3.3332,0.705177,0.5442,0.6477,0.6823,0.7267,0.7602,0.7951,0.8462,0.8899,0.9373,layer_31,last
step1850000-tokens8492B,Italian,xcopa,xcopa_it,0.766,0,0.5,30.0796,3.1248,0.706277,0.5632,0.6529,0.6855,0.7291,0.7623,0.797,0.8479,0.8913,0.9383,layer_31,last
step1900000-tokens8912B,Italian,xcopa,xcopa_it,0.744,0,0.5,31.0307,3.1393,0.703752,0.5621,0.6473,0.6808,0.7244,0.7578,0.7928,0.8442,0.8884,0.9365,layer_31,last
step1950000-tokens9332B,Italian,xcopa,xcopa_it,0.766,0,0.5,29.814,3.0997,0.70144,0.5656,0.6529,0.6877,0.7306,0.7632,0.7972,0.8474,0.8906,0.9376,layer_31,last
step2000000-tokens9752B,Italian,xcopa,xcopa_it,0.784,0,0.5,28.054,2.9863,0.705026,0.5765,0.6597,0.6923,0.7345,0.7671,0.8009,0.8506,0.8932,0.9393,layer_31,last
step2050000-tokens10172B,Italian,xcopa,xcopa_it,0.766,0,0.5,27.6172,2.9377,0.702652,0.5815,0.6624,0.6932,0.7343,0.7661,0.7998,0.8493,0.8921,0.9386,layer_31,last
step2100000-tokens10592B,Italian,xcopa,xcopa_it,0.766,0,0.5,27.1683,2.9398,0.701405,0.5811,0.665,0.6967,0.7384,0.77,0.8031,0.8518,0.8938,0.9395,layer_31,last
step2150000-tokens11012B,Italian,xcopa,xcopa_it,0.77,0,0.5,27.4129,2.9488,0.704256,0.5802,0.6634,0.6955,0.7371,0.7688,0.802,0.851,0.8933,0.9393,layer_31,last
step2200000-tokens11432B,Italian,xcopa,xcopa_it,0.774,0,0.5,25.538,2.8923,0.705104,0.5857,0.6745,0.7069,0.7467,0.7776,0.8098,0.8572,0.8979,0.942,layer_31,last
step2250000-tokens11852B,Italian,xcopa,xcopa_it,0.778,0,0.5,26.6262,3.0008,0.705145,0.5743,0.6722,0.7054,0.7454,0.776,0.8082,0.8556,0.8966,0.9413,layer_31,last
step2300000-tokens12272B,Italian,xcopa,xcopa_it,0.762,0,0.5,25.181,2.9157,0.706972,0.5829,0.678,0.7109,0.7508,0.7813,0.8131,0.8599,0.8999,0.9432,layer_31,last
step2350000-tokens12692B,Italian,xcopa,xcopa_it,0.756,0,0.5,24.5381,2.8158,0.705847,0.5938,0.6794,0.7091,0.7482,0.7788,0.8109,0.8581,0.8986,0.9425,layer_31,last
step2400000-tokens13112B,Italian,xcopa,xcopa_it,0.756,0,0.5,25.8158,2.8717,0.701986,0.588,0.6724,0.7027,0.7429,0.774,0.8067,0.8548,0.8962,0.9409,layer_31,last
step2450000-tokens13532B,Italian,xcopa,xcopa_it,0.752,0,0.5,29.6221,3.2981,0.701631,0.5459,0.6615,0.6985,0.7407,0.7729,0.8063,0.8548,0.8962,0.9408,layer_31,last
step2500000-tokens13952B,Italian,xcopa,xcopa_it,0.762,0,0.5,31.4214,3.802,0.701728,0.5017,0.6673,0.7066,0.7486,0.7801,0.8125,0.8594,0.8994,0.9425,layer_31,last
step2550000-tokens14372B,Italian,xcopa,xcopa_it,0.762,0,0.5,25.1255,3.7534,0.707735,0.4967,0.7061,0.744,0.7816,0.8096,0.8381,0.8791,0.9137,0.9509,layer_31,last
step2600000-tokens14792B,Italian,xcopa,xcopa_it,0.766,0,0.5,19.2448,3.5519,0.712196,0.5048,0.747,0.7834,0.8167,0.841,0.8652,0.8995,0.9284,0.9593,layer_31,last
step2627139-tokens15T,Italian,xcopa,xcopa_it,0.774,0,0.5,16.934,3.4886,0.714762,0.5052,0.7672,0.8029,0.8337,0.8561,0.8782,0.9093,0.9354,0.9633,layer_31,last
10B,Turkish,xcopa,xcopa_tr,0.542,0,0.5,,,,,,,,,,,,,,
21B,Turkish,xcopa,xcopa_tr,0.552,0,0.5,,,,,,,,,,,,,,
31B,Turkish,xcopa,xcopa_tr,0.572,0,0.5,,,,,,,,,,,,,,
42B,Turkish,xcopa,xcopa_tr,0.564,0,0.5,,,,,,,,,,,,,,
52B,Turkish,xcopa,xcopa_tr,0.556,0,0.5,,,,,,,,,,,,,,
63B,Turkish,xcopa,xcopa_tr,0.56,0,0.5,,,,,,,,,,,,,,
73B,Turkish,xcopa,xcopa_tr,0.55,0,0.5,,,,,,,,,,,,,,
84B,Turkish,xcopa,xcopa_tr,0.572,0,0.5,,,,,,,,,,,,,,
94B,Turkish,xcopa,xcopa_tr,0.578,0,0.5,,,,,,,,,,,,,,
105B,Turkish,xcopa,xcopa_tr,0.582,0,0.5,,,,,,,,,,,,,,
115B,Turkish,xcopa,xcopa_tr,0.596,0,0.5,,,,,,,,,,,,,,
126B,Turkish,xcopa,xcopa_tr,0.572,0,0.5,,,,,,,,,,,,,,
136B,Turkish,xcopa,xcopa_tr,0.578,0,0.5,,,,,,,,,,,,,,
147B,Turkish,xcopa,xcopa_tr,0.582,0,0.5,,,,,,,,,,,,,,
157B,Turkish,xcopa,xcopa_tr,0.572,0,0.5,,,,,,,,,,,,,,
168B,Turkish,xcopa,xcopa_tr,0.586,0,0.5,,,,,,,,,,,,,,
178B,Turkish,xcopa,xcopa_tr,0.576,0,0.5,,,,,,,,,,,,,,
189B,Turkish,xcopa,xcopa_tr,0.574,0,0.5,,,,,,,,,,,,,,
199B,Turkish,xcopa,xcopa_tr,0.592,0,0.5,,,,,,,,,,,,,,
210B,Turkish,xcopa,xcopa_tr,0.588,0,0.5,,,,,,,,,,,,,,
step50000-tokens210B,Turkish,xcopa,xcopa_tr,0.618,0,0.5,65.9029,5.1704,0.699492,0.4311,0.5528,0.5913,0.6453,0.6882,0.735,0.8026,0.8594,0.9197,layer_31,last
220B,Turkish,xcopa,xcopa_tr,0.592,0,0.5,,,,,,,,,,,,,,
231B,Turkish,xcopa,xcopa_tr,0.588,0,0.5,,,,,,,,,,,,,,
241B,Turkish,xcopa,xcopa_tr,0.596,0,0.5,,,,,,,,,,,,,,
252B,Turkish,xcopa,xcopa_tr,0.6,0,0.5,,,,,,,,,,,,,,
262B,Turkish,xcopa,xcopa_tr,0.608,0,0.5,,,,,,,,,,,,,,
273B,Turkish,xcopa,xcopa_tr,0.616,0,0.5,,,,,,,,,,,,,,
283B,Turkish,xcopa,xcopa_tr,0.604,0,0.5,,,,,,,,,,,,,,
294B,Turkish,xcopa,xcopa_tr,0.596,0,0.5,,,,,,,,,,,,,,
304B,Turkish,xcopa,xcopa_tr,0.608,0,0.5,,,,,,,,,,,,,,
315B,Turkish,xcopa,xcopa_tr,0.606,0,0.5,,,,,,,,,,,,,,
325B,Turkish,xcopa,xcopa_tr,0.622,0,0.5,,,,,,,,,,,,,,
334B,Turkish,xcopa,xcopa_tr,0.622,0,0.5,,,,,,,,,,,,,,
342B,Turkish,xcopa,xcopa_tr,0.626,0,0.5,,,,,,,,,,,,,,
352B,Turkish,xcopa,xcopa_tr,0.616,0,0.5,,,,,,,,,,,,,,
363B,Turkish,xcopa,xcopa_tr,0.616,0,0.5,,,,,,,,,,,,,,
373B,Turkish,xcopa,xcopa_tr,0.62,0,0.5,,,,,,,,,,,,,,
384B,Turkish,xcopa,xcopa_tr,0.6,0,0.5,,,,,,,,,,,,,,
394B,Turkish,xcopa,xcopa_tr,0.596,0,0.5,,,,,,,,,,,,,,
405B,Turkish,xcopa,xcopa_tr,0.616,0,0.5,,,,,,,,,,,,,,
415B,Turkish,xcopa,xcopa_tr,0.598,0,0.5,,,,,,,,,,,,,,
step100000-tokens420B,Turkish,xcopa,xcopa_tr,0.622,0,0.5,11.1412,2.0044,0.720217,0.705,0.7671,0.788,0.8182,0.8419,0.8669,0.902,0.931,0.9612,layer_31,last
426B,Turkish,xcopa,xcopa_tr,0.604,0,0.5,,,,,,,,,,,,,,
436B,Turkish,xcopa,xcopa_tr,0.614,0,0.5,,,,,,,,,,,,,,
447B,Turkish,xcopa,xcopa_tr,0.618,0,0.5,,,,,,,,,,,,,,
457B,Turkish,xcopa,xcopa_tr,0.61,0,0.5,,,,,,,,,,,,,,
468B,Turkish,xcopa,xcopa_tr,0.6,0,0.5,,,,,,,,,,,,,,
478B,Turkish,xcopa,xcopa_tr,0.616,0,0.5,,,,,,,,,,,,,,
489B,Turkish,xcopa,xcopa_tr,0.614,0,0.5,,,,,,,,,,,,,,
499B,Turkish,xcopa,xcopa_tr,0.62,0,0.5,,,,,,,,,,,,,,
510B,Turkish,xcopa,xcopa_tr,0.624,0,0.5,,,,,,,,,,,,,,
520B,Turkish,xcopa,xcopa_tr,0.624,0,0.5,,,,,,,,,,,,,,
531B,Turkish,xcopa,xcopa_tr,0.618,0,0.5,,,,,,,,,,,,,,
541B,Turkish,xcopa,xcopa_tr,0.61,0,0.5,,,,,,,,,,,,,,
552B,Turkish,xcopa,xcopa_tr,0.616,0,0.5,,,,,,,,,,,,,,
562B,Turkish,xcopa,xcopa_tr,0.636,0,0.5,,,,,,,,,,,,,,
573B,Turkish,xcopa,xcopa_tr,0.638,0,0.5,,,,,,,,,,,,,,
583B,Turkish,xcopa,xcopa_tr,0.634,0,0.5,,,,,,,,,,,,,,
593B,Turkish,xcopa,xcopa_tr,0.644,0,0.5,,,,,,,,,,,,,,
step150000-tokens630B,Turkish,xcopa,xcopa_tr,0.658,0,0.5,7.791,1.7627,0.728597,0.7522,0.8081,0.8259,0.851,0.871,0.8917,0.9206,0.9443,0.9689,layer_31,last
step200000-tokens840B,Turkish,xcopa,xcopa_tr,0.652,0,0.5,7.7281,1.7483,0.729817,0.7554,0.808,0.8259,0.8503,0.87,0.8906,0.9196,0.9435,0.9685,layer_31,last
step250000-tokens1050B,Turkish,xcopa,xcopa_tr,0.66,0,0.5,8.9316,1.8444,0.737037,0.7353,0.7914,0.8116,0.838,0.8596,0.8821,0.9137,0.9395,0.9664,layer_31,last
step300000-tokens1260B,Turkish,xcopa,xcopa_tr,0.662,0,0.5,9.3823,1.8765,0.740069,0.729,0.785,0.8061,0.8334,0.8556,0.8787,0.9113,0.938,0.9657,layer_31,last
step350000-tokens1470B,Turkish,xcopa,xcopa_tr,0.662,0,0.5,9.2352,1.8638,0.73943,0.7315,0.787,0.8073,0.8344,0.8565,0.8794,0.9118,0.9384,0.9659,layer_31,last
step400000-tokens1680B,Turkish,xcopa,xcopa_tr,0.664,0,0.5,9.3174,1.8586,0.739594,0.7326,0.7854,0.8049,0.8318,0.8537,0.8768,0.9099,0.937,0.9652,layer_31,last
step450000-tokens1890B,Turkish,xcopa,xcopa_tr,0.646,0,0.5,9.4999,1.8649,0.743812,0.7314,0.782,0.8021,0.829,0.8512,0.8749,0.9087,0.9363,0.9649,layer_31,last
step500000-tokens2100B,Turkish,xcopa,xcopa_tr,0.666,0,0.5,8.5384,1.7776,0.742148,0.7494,0.7932,0.8107,0.836,0.8569,0.8795,0.9117,0.9384,0.966,layer_31,last
step550000-tokens2310B,Turkish,xcopa,xcopa_tr,0.67,0,0.5,8.9391,1.8148,0.747803,0.7416,0.7875,0.8064,0.8331,0.855,0.8782,0.9111,0.9381,0.966,layer_31,last
step600000-tokens2520B,Turkish,xcopa,xcopa_tr,0.658,0,0.5,10.3363,1.921,0.741713,0.7206,0.7723,0.7929,0.8212,0.8442,0.8688,0.904,0.9329,0.963,layer_31,last
step650000-tokens2730B,Turkish,xcopa,xcopa_tr,0.658,0,0.5,9.8309,1.878,0.746048,0.729,0.7768,0.7963,0.8244,0.8474,0.8717,0.9064,0.9348,0.9641,layer_31,last
step700000-tokens2940B,Turkish,xcopa,xcopa_tr,0.66,0,0.5,10.2937,1.9182,0.748227,0.7212,0.7718,0.7927,0.8215,0.8449,0.8696,0.9049,0.9338,0.9636,layer_31,last
step750000-tokens3150B,Turkish,xcopa,xcopa_tr,0.658,0,0.5,10.0141,1.89,0.747892,0.7266,0.775,0.794,0.8222,0.8456,0.8702,0.9055,0.9342,0.9638,layer_31,last
step800000-tokens3360B,Turkish,xcopa,xcopa_tr,0.664,0,0.5,10.2924,1.9201,0.747856,0.7208,0.7722,0.7932,0.8217,0.8449,0.8696,0.9049,0.9339,0.9637,layer_31,last
step850000-tokens3570B,Turkish,xcopa,xcopa_tr,0.686,0,0.5,10.0452,1.8939,0.752717,0.7259,0.7744,0.7938,0.8222,0.8455,0.8703,0.9057,0.9345,0.9642,layer_31,last
step900000-tokens3780B,Turkish,xcopa,xcopa_tr,0.664,0,0.5,11.7427,2.0159,0.751985,0.7033,0.7573,0.7782,0.8085,0.8336,0.8601,0.8982,0.9293,0.9613,layer_31,last
step950000-tokens3990B,Turkish,xcopa,xcopa_tr,0.654,0,0.5,11.4166,1.9889,0.747709,0.7082,0.7596,0.7813,0.8111,0.8357,0.8617,0.8991,0.9298,0.9614,layer_31,last
step1000000-tokens4200B,Turkish,xcopa,xcopa_tr,0.678,0,0.5,11.7984,2.0198,0.753694,0.7027,0.7559,0.778,0.8083,0.8334,0.8601,0.8984,0.9295,0.9615,layer_31,last
step1194000-tokens5014B,Turkish,xcopa,xcopa_tr,0.65,0,0.5,10.6328,1.9291,0.749454,0.7192,0.768,0.7874,0.816,0.8398,0.8652,0.902,0.9319,0.9627,layer_31,last
step1432000-tokens6014B,Turkish,xcopa,xcopa_tr,0.682,0,0.5,12.4767,2.0668,0.751306,0.6945,0.7499,0.7722,0.8035,0.8291,0.8562,0.8953,0.9274,0.9602,layer_31,last
step1670000-tokens7014B,Turkish,xcopa,xcopa_tr,0.694,0,0.5,12.2678,2.0381,0.755395,0.6996,0.7508,0.7717,0.8029,0.8285,0.8559,0.8954,0.9276,0.9606,layer_31,last
step1678000-tokens7047B,Turkish,xcopa,xcopa_tr,0.686,0,0.5,12.3346,2.0472,0.756198,0.698,0.7503,0.7716,0.8027,0.8284,0.8559,0.8956,0.9278,0.9607,layer_31,last
step1700000-tokens7232B,Turkish,xcopa,xcopa_tr,0.676,0,0.5,13.6122,2.1554,0.760056,0.6799,0.7397,0.7636,0.7972,0.8241,0.8525,0.8933,0.9263,0.96,layer_31,last
step1750000-tokens7652B,Turkish,xcopa,xcopa_tr,0.68,0,0.5,13.0878,2.1068,0.76378,0.6879,0.7437,0.7656,0.7982,0.8248,0.8532,0.894,0.9269,0.9604,layer_31,last
step1800000-tokens8072B,Turkish,xcopa,xcopa_tr,0.666,0,0.5,12.0719,2.0373,0.761692,0.6997,0.7531,0.7745,0.8056,0.8311,0.8585,0.8977,0.9293,0.9617,layer_31,last
step1850000-tokens8492B,Turkish,xcopa,xcopa_tr,0.7,0,0.5,10.6817,1.9389,0.764317,0.7174,0.7669,0.7863,0.8157,0.8402,0.8663,0.9036,0.9336,0.9641,layer_31,last
step1900000-tokens8912B,Turkish,xcopa,xcopa_tr,0.69,0,0.5,11.7433,2.011,0.759713,0.7043,0.7563,0.777,0.8077,0.8328,0.8596,0.8982,0.9296,0.9617,layer_31,last
step1950000-tokens9332B,Turkish,xcopa,xcopa_tr,0.672,0,0.5,12.0931,2.0403,0.758401,0.6991,0.7529,0.7749,0.8065,0.8318,0.8587,0.8977,0.9292,0.9615,layer_31,last
step2000000-tokens9752B,Turkish,xcopa,xcopa_tr,0.68,0,0.5,10.9206,1.9495,0.760764,0.7155,0.7643,0.784,0.8135,0.8377,0.8638,0.9015,0.932,0.9631,layer_31,last
step2050000-tokens10172B,Turkish,xcopa,xcopa_tr,0.696,0,0.5,10.4412,1.9182,0.762267,0.7213,0.7702,0.7891,0.8174,0.841,0.8665,0.9034,0.9334,0.9639,layer_31,last
step2100000-tokens10592B,Turkish,xcopa,xcopa_tr,0.688,0,0.5,10.6971,1.9347,0.759761,0.7182,0.7666,0.7863,0.8154,0.8396,0.8654,0.9025,0.9326,0.9634,layer_31,last
step2150000-tokens11012B,Turkish,xcopa,xcopa_tr,0.684,0,0.5,10.6801,1.9366,0.76298,0.7178,0.7676,0.7869,0.8158,0.8395,0.8653,0.9024,0.9326,0.9635,layer_31,last
step2200000-tokens11432B,Turkish,xcopa,xcopa_tr,0.698,0,0.5,9.1599,1.8262,0.763832,0.7394,0.7841,0.8019,0.8295,0.8519,0.876,0.9104,0.9382,0.9666,layer_31,last
step2250000-tokens11852B,Turkish,xcopa,xcopa_tr,0.676,0,0.5,10.1999,1.8981,0.76365,0.7252,0.7729,0.7912,0.8192,0.8426,0.8679,0.9043,0.934,0.9642,layer_31,last
step2300000-tokens12272B,Turkish,xcopa,xcopa_tr,0.678,0,0.5,11.2117,1.97,0.762782,0.7117,0.7607,0.7812,0.8114,0.8362,0.8626,0.9008,0.9316,0.963,layer_31,last
step2350000-tokens12692B,Turkish,xcopa,xcopa_tr,0.7,0,0.5,9.789,1.8698,0.766139,0.7307,0.7762,0.7946,0.823,0.8462,0.8712,0.9073,0.9362,0.9656,layer_31,last
step2400000-tokens13112B,Turkish,xcopa,xcopa_tr,0.684,0,0.5,11.2291,1.9778,0.760759,0.7102,0.7618,0.7817,0.8116,0.8363,0.8628,0.901,0.9317,0.963,layer_31,last
step2450000-tokens13532B,Turkish,xcopa,xcopa_tr,0.692,0,0.5,11.4139,1.9831,0.759198,0.7094,0.7573,0.7794,0.8103,0.8353,0.8623,0.9009,0.9317,0.9629,layer_31,last
step2500000-tokens13952B,Turkish,xcopa,xcopa_tr,0.702,0,0.5,14.9552,2.265,0.763237,0.6632,0.731,0.758,0.7928,0.8203,0.8498,0.892,0.9255,0.9596,layer_31,last
step2550000-tokens14372B,Turkish,xcopa,xcopa_tr,0.702,0,0.5,15.4942,2.4021,0.767893,0.643,0.7373,0.765,0.7992,0.8262,0.8549,0.8959,0.9284,0.9613,layer_31,last
step2600000-tokens14792B,Turkish,xcopa,xcopa_tr,0.696,0,0.5,17.5252,2.7828,0.771393,0.5936,0.7376,0.7673,0.8022,0.8293,0.8577,0.8981,0.9301,0.9622,layer_31,last
step2627139-tokens15T,Turkish,xcopa,xcopa_tr,0.694,0,0.5,17.2515,3.032,0.776943,0.5623,0.7514,0.7804,0.8141,0.8398,0.8668,0.9049,0.9348,0.9649,layer_31,last
10B,Vietnamese,xcopa,xcopa_vi,0.568,0,0.5,,,,,,,,,,,,,,
21B,Vietnamese,xcopa,xcopa_vi,0.592,0,0.5,,,,,,,,,,,,,,
31B,Vietnamese,xcopa,xcopa_vi,0.624,0,0.5,,,,,,,,,,,,,,
42B,Vietnamese,xcopa,xcopa_vi,0.622,0,0.5,,,,,,,,,,,,,,
52B,Vietnamese,xcopa,xcopa_vi,0.612,0,0.5,,,,,,,,,,,,,,
63B,Vietnamese,xcopa,xcopa_vi,0.626,0,0.5,,,,,,,,,,,,,,
73B,Vietnamese,xcopa,xcopa_vi,0.642,0,0.5,,,,,,,,,,,,,,
84B,Vietnamese,xcopa,xcopa_vi,0.632,0,0.5,,,,,,,,,,,,,,
94B,Vietnamese,xcopa,xcopa_vi,0.66,0,0.5,,,,,,,,,,,,,,
105B,Vietnamese,xcopa,xcopa_vi,0.636,0,0.5,,,,,,,,,,,,,,
115B,Vietnamese,xcopa,xcopa_vi,0.65,0,0.5,,,,,,,,,,,,,,
126B,Vietnamese,xcopa,xcopa_vi,0.682,0,0.5,,,,,,,,,,,,,,
136B,Vietnamese,xcopa,xcopa_vi,0.656,0,0.5,,,,,,,,,,,,,,
147B,Vietnamese,xcopa,xcopa_vi,0.652,0,0.5,,,,,,,,,,,,,,
157B,Vietnamese,xcopa,xcopa_vi,0.66,0,0.5,,,,,,,,,,,,,,
168B,Vietnamese,xcopa,xcopa_vi,0.662,0,0.5,,,,,,,,,,,,,,
178B,Vietnamese,xcopa,xcopa_vi,0.672,0,0.5,,,,,,,,,,,,,,
189B,Vietnamese,xcopa,xcopa_vi,0.688,0,0.5,,,,,,,,,,,,,,
199B,Vietnamese,xcopa,xcopa_vi,0.696,0,0.5,,,,,,,,,,,,,,
210B,Vietnamese,xcopa,xcopa_vi,0.668,0,0.5,,,,,,,,,,,,,,
step50000-tokens210B,Vietnamese,xcopa,xcopa_vi,0.692,0,0.5,21.6597,3.133,0.908393,0.5565,0.7146,0.7425,0.7781,0.8053,0.834,0.8792,0.9206,0.9624,layer_31,last
220B,Vietnamese,xcopa,xcopa_vi,0.688,0,0.5,,,,,,,,,,,,,,
231B,Vietnamese,xcopa,xcopa_vi,0.696,0,0.5,,,,,,,,,,,,,,
241B,Vietnamese,xcopa,xcopa_vi,0.68,0,0.5,,,,,,,,,,,,,,
252B,Vietnamese,xcopa,xcopa_vi,0.708,0,0.5,,,,,,,,,,,,,,
262B,Vietnamese,xcopa,xcopa_vi,0.718,0,0.5,,,,,,,,,,,,,,
273B,Vietnamese,xcopa,xcopa_vi,0.696,0,0.5,,,,,,,,,,,,,,
283B,Vietnamese,xcopa,xcopa_vi,0.706,0,0.5,,,,,,,,,,,,,,
294B,Vietnamese,xcopa,xcopa_vi,0.71,0,0.5,,,,,,,,,,,,,,
304B,Vietnamese,xcopa,xcopa_vi,0.712,0,0.5,,,,,,,,,,,,,,
315B,Vietnamese,xcopa,xcopa_vi,0.694,0,0.5,,,,,,,,,,,,,,
325B,Vietnamese,xcopa,xcopa_vi,0.712,0,0.5,,,,,,,,,,,,,,
334B,Vietnamese,xcopa,xcopa_vi,0.712,0,0.5,,,,,,,,,,,,,,
342B,Vietnamese,xcopa,xcopa_vi,0.718,0,0.5,,,,,,,,,,,,,,
352B,Vietnamese,xcopa,xcopa_vi,0.7,0,0.5,,,,,,,,,,,,,,
363B,Vietnamese,xcopa,xcopa_vi,0.718,0,0.5,,,,,,,,,,,,,,
373B,Vietnamese,xcopa,xcopa_vi,0.726,0,0.5,,,,,,,,,,,,,,
384B,Vietnamese,xcopa,xcopa_vi,0.716,0,0.5,,,,,,,,,,,,,,
394B,Vietnamese,xcopa,xcopa_vi,0.71,0,0.5,,,,,,,,,,,,,,
405B,Vietnamese,xcopa,xcopa_vi,0.722,0,0.5,,,,,,,,,,,,,,
415B,Vietnamese,xcopa,xcopa_vi,0.732,0,0.5,,,,,,,,,,,,,,
step100000-tokens420B,Vietnamese,xcopa,xcopa_vi,0.72,0,0.5,9.1457,2.12,0.924817,0.6811,0.8145,0.8338,0.8594,0.8777,0.8965,0.9252,0.9512,0.9772,layer_31,last
426B,Vietnamese,xcopa,xcopa_vi,0.734,0,0.5,,,,,,,,,,,,,,
436B,Vietnamese,xcopa,xcopa_vi,0.736,0,0.5,,,,,,,,,,,,,,
447B,Vietnamese,xcopa,xcopa_vi,0.736,0,0.5,,,,,,,,,,,,,,
457B,Vietnamese,xcopa,xcopa_vi,0.724,0,0.5,,,,,,,,,,,,,,
468B,Vietnamese,xcopa,xcopa_vi,0.706,0,0.5,,,,,,,,,,,,,,
478B,Vietnamese,xcopa,xcopa_vi,0.71,0,0.5,,,,,,,,,,,,,,
489B,Vietnamese,xcopa,xcopa_vi,0.722,0,0.5,,,,,,,,,,,,,,
499B,Vietnamese,xcopa,xcopa_vi,0.712,0,0.5,,,,,,,,,,,,,,
510B,Vietnamese,xcopa,xcopa_vi,0.724,0,0.5,,,,,,,,,,,,,,
520B,Vietnamese,xcopa,xcopa_vi,0.73,0,0.5,,,,,,,,,,,,,,
531B,Vietnamese,xcopa,xcopa_vi,0.706,0,0.5,,,,,,,,,,,,,,
541B,Vietnamese,xcopa,xcopa_vi,0.718,0,0.5,,,,,,,,,,,,,,
552B,Vietnamese,xcopa,xcopa_vi,0.724,0,0.5,,,,,,,,,,,,,,
562B,Vietnamese,xcopa,xcopa_vi,0.724,0,0.5,,,,,,,,,,,,,,
573B,Vietnamese,xcopa,xcopa_vi,0.73,0,0.5,,,,,,,,,,,,,,
583B,Vietnamese,xcopa,xcopa_vi,0.698,0,0.5,,,,,,,,,,,,,,
593B,Vietnamese,xcopa,xcopa_vi,0.712,0,0.5,,,,,,,,,,,,,,
step150000-tokens630B,Vietnamese,xcopa,xcopa_vi,0.73,0,0.5,7.2439,1.9501,0.933269,0.7108,0.8407,0.8584,0.8816,0.8979,0.9139,0.9379,0.9595,0.9812,layer_31,last
step200000-tokens840B,Vietnamese,xcopa,xcopa_vi,0.766,0,0.5,7.3628,1.9096,0.935742,0.7195,0.8336,0.8516,0.8752,0.8919,0.9085,0.9339,0.9569,0.9801,layer_31,last
step250000-tokens1050B,Vietnamese,xcopa,xcopa_vi,0.742,0,0.5,6.8381,1.8359,0.943127,0.7347,0.8408,0.8581,0.8801,0.8957,0.9116,0.9363,0.9586,0.981,layer_31,last
step300000-tokens1260B,Vietnamese,xcopa,xcopa_vi,0.74,0,0.5,8.6992,2.0584,0.943462,0.6921,0.8183,0.8378,0.8625,0.8805,0.8985,0.9268,0.9525,0.9782,layer_31,last
step350000-tokens1470B,Vietnamese,xcopa,xcopa_vi,0.744,0,0.5,9.0582,2.1165,0.946218,0.6817,0.8147,0.8351,0.8604,0.879,0.8975,0.9262,0.9522,0.9781,layer_31,last
step400000-tokens1680B,Vietnamese,xcopa,xcopa_vi,0.742,0,0.5,10.0535,2.1694,0.944279,0.6738,0.8009,0.822,0.848,0.8675,0.8874,0.9187,0.9472,0.9758,layer_31,last
step450000-tokens1890B,Vietnamese,xcopa,xcopa_vi,0.73,0,0.5,11.7409,2.3562,0.945911,0.6449,0.7848,0.808,0.8366,0.8573,0.8787,0.9124,0.9432,0.974,layer_31,last
step500000-tokens2100B,Vietnamese,xcopa,xcopa_vi,0.746,0,0.5,14.2051,2.5788,0.954063,0.6142,0.7618,0.7869,0.8174,0.8403,0.8641,0.9019,0.9365,0.9712,layer_31,last
step550000-tokens2310B,Vietnamese,xcopa,xcopa_vi,0.76,0,0.5,12.5752,2.4215,0.962057,0.6358,0.7753,0.7998,0.8294,0.851,0.8733,0.9086,0.941,0.9733,layer_31,last
step600000-tokens2520B,Vietnamese,xcopa,xcopa_vi,0.766,0,0.5,10.4705,2.1631,0.937271,0.676,0.7922,0.8153,0.8432,0.8633,0.884,0.9161,0.9454,0.9748,layer_31,last
step650000-tokens2730B,Vietnamese,xcopa,xcopa_vi,0.732,0,0.5,12.7514,2.4552,0.955978,0.631,0.7745,0.7996,0.8298,0.8518,0.8741,0.9092,0.9411,0.9732,layer_31,last
step700000-tokens2940B,Vietnamese,xcopa,xcopa_vi,0.756,0,0.5,15.7998,2.7808,0.953739,0.5895,0.7519,0.7795,0.8125,0.8366,0.8608,0.8995,0.9348,0.9704,layer_31,last
step750000-tokens3150B,Vietnamese,xcopa,xcopa_vi,0.746,0,0.5,14.2798,2.5918,0.943057,0.6131,0.7585,0.7871,0.8203,0.8431,0.8664,0.9033,0.9371,0.9713,layer_31,last
step800000-tokens3360B,Vietnamese,xcopa,xcopa_vi,0.752,0,0.5,12.0581,2.4235,0.951173,0.635,0.7849,0.8092,0.8371,0.8579,0.8792,0.9127,0.9433,0.9742,layer_31,last
step850000-tokens3570B,Vietnamese,xcopa,xcopa_vi,0.744,0,0.5,14.7687,2.6474,0.962318,0.6063,0.7599,0.7852,0.8166,0.8399,0.8637,0.9017,0.9364,0.9713,layer_31,last
step900000-tokens3780B,Vietnamese,xcopa,xcopa_vi,0.748,0,0.5,16.1432,2.7542,0.951249,0.5937,0.748,0.7748,0.8078,0.8318,0.8566,0.8963,0.9327,0.9694,layer_31,last
step950000-tokens3990B,Vietnamese,xcopa,xcopa_vi,0.746,0,0.5,13.9537,2.5429,0.951128,0.62,0.7637,0.7901,0.8209,0.8436,0.8668,0.9035,0.9373,0.9714,layer_31,last
step1000000-tokens4200B,Vietnamese,xcopa,xcopa_vi,0.72,0,0.5,16.5393,2.8987,0.971463,0.5759,0.7506,0.7772,0.81,0.8341,0.859,0.8985,0.9346,0.9707,layer_31,last
step1194000-tokens5014B,Vietnamese,xcopa,xcopa_vi,0.738,0,0.5,13.7006,2.4928,0.960331,0.6259,0.7632,0.7885,0.8185,0.8402,0.8634,0.9011,0.9359,0.9711,layer_31,last
step1432000-tokens6014B,Vietnamese,xcopa,xcopa_vi,0.756,0,0.5,12.5756,2.4155,0.948813,0.6372,0.7756,0.8012,0.8311,0.8525,0.8741,0.9088,0.9406,0.9729,layer_31,last
step1670000-tokens7014B,Vietnamese,xcopa,xcopa_vi,0.724,0,0.5,14.5402,2.5034,0.962842,0.6267,0.7529,0.7789,0.8121,0.8356,0.8601,0.899,0.9347,0.9706,layer_31,last
step1678000-tokens7047B,Vietnamese,xcopa,xcopa_vi,0.766,0,0.5,17.5729,2.8676,0.965855,0.581,0.7359,0.7632,0.7983,0.8235,0.8499,0.8919,0.9302,0.9687,layer_31,last
step1700000-tokens7232B,Vietnamese,xcopa,xcopa_vi,0.742,0,0.5,14.851,2.6166,0.959661,0.6107,0.757,0.7817,0.8138,0.8375,0.8619,0.9004,0.9356,0.9709,layer_31,last
step1750000-tokens7652B,Vietnamese,xcopa,xcopa_vi,0.752,0,0.5,17.2337,2.7671,0.969635,0.5938,0.7361,0.762,0.7963,0.8224,0.8494,0.8919,0.9305,0.969,layer_31,last
step1800000-tokens8072B,Vietnamese,xcopa,xcopa_vi,0.766,0,0.5,15.3536,2.6241,0.966365,0.6104,0.7521,0.776,0.8083,0.8326,0.8579,0.8977,0.934,0.9705,layer_31,last
step1850000-tokens8492B,Vietnamese,xcopa,xcopa_vi,0.744,0,0.5,18.0185,2.9431,0.960093,0.5727,0.7369,0.7634,0.7987,0.8238,0.8502,0.8922,0.9304,0.9688,layer_31,last
step1900000-tokens8912B,Vietnamese,xcopa,xcopa_vi,0.744,0,0.5,11.3119,2.1892,0.959148,0.6724,0.7791,0.8022,0.8305,0.8517,0.8741,0.9094,0.9415,0.9737,layer_31,last
step1950000-tokens9332B,Vietnamese,xcopa,xcopa_vi,0.754,0,0.5,13.9876,2.4809,0.956685,0.6294,0.7604,0.7853,0.8169,0.8401,0.8642,0.9022,0.9368,0.9715,layer_31,last
step2000000-tokens9752B,Vietnamese,xcopa,xcopa_vi,0.746,0,0.5,12.5248,2.3103,0.957004,0.6537,0.771,0.7934,0.8225,0.8448,0.8681,0.9049,0.9385,0.9723,layer_31,last
step2050000-tokens10172B,Vietnamese,xcopa,xcopa_vi,0.752,0,0.5,16.5382,2.6788,0.970016,0.6041,0.7395,0.7649,0.7975,0.8225,0.8492,0.8915,0.9303,0.969,layer_31,last
step2100000-tokens10592B,Vietnamese,xcopa,xcopa_vi,0.754,0,0.5,12.0809,2.3003,0.958967,0.6548,0.7766,0.7996,0.8284,0.8501,0.8727,0.9083,0.9407,0.9733,layer_31,last
step2150000-tokens11012B,Vietnamese,xcopa,xcopa_vi,0.75,0,0.5,16.6471,2.6634,0.968231,0.6067,0.7378,0.7637,0.7969,0.822,0.8487,0.8911,0.9299,0.9688,layer_31,last
step2200000-tokens11432B,Vietnamese,xcopa,xcopa_vi,0.75,0,0.5,12.2866,2.3159,0.958804,0.6523,0.7759,0.7974,0.8252,0.8469,0.8698,0.9061,0.9394,0.9728,layer_31,last
step2250000-tokens11852B,Vietnamese,xcopa,xcopa_vi,0.752,0,0.5,16.6744,2.7097,0.973556,0.6002,0.7386,0.7647,0.7981,0.8232,0.8497,0.892,0.9306,0.9692,layer_31,last
step2300000-tokens12272B,Vietnamese,xcopa,xcopa_vi,0.75,0,0.5,15.5996,2.6437,0.96629,0.6081,0.7487,0.7742,0.8065,0.8309,0.8566,0.897,0.9338,0.9705,layer_31,last
step2350000-tokens12692B,Vietnamese,xcopa,xcopa_vi,0.758,0,0.5,16.9733,2.7786,0.970322,0.5914,0.7387,0.7648,0.7981,0.8233,0.85,0.8924,0.9309,0.9693,layer_31,last
step2400000-tokens13112B,Vietnamese,xcopa,xcopa_vi,0.75,0,0.5,18.8499,3.2071,0.950616,0.5414,0.7345,0.764,0.7999,0.8268,0.8534,0.8948,0.9322,0.9694,layer_31,last
step2450000-tokens13532B,Vietnamese,xcopa,xcopa_vi,0.756,0,0.5,13.2245,2.3984,0.927387,0.6423,0.7557,0.7867,0.827,0.8538,0.8785,0.9141,0.9445,0.9745,layer_31,last
step2500000-tokens13952B,Vietnamese,xcopa,xcopa_vi,0.76,0,0.5,23.9119,3.4834,0.920755,0.5271,0.6846,0.7283,0.7826,0.8187,0.8506,0.8948,0.9318,0.9683,layer_31,last
step2550000-tokens14372B,Vietnamese,xcopa,xcopa_vi,0.74,0,0.5,17.0309,2.7923,0.929973,0.5935,0.7206,0.7623,0.81,0.842,0.8703,0.9091,0.9414,0.973,layer_31,last
step2600000-tokens14792B,Vietnamese,xcopa,xcopa_vi,0.76,0,0.5,23.4553,3.6893,0.928644,0.5096,0.6891,0.7403,0.795,0.8308,0.8618,0.9036,0.9379,0.9713,layer_31,last
step2627139-tokens15T,Vietnamese,xcopa,xcopa_vi,0.76,0,0.5,20.4313,3.5008,0.935891,0.5241,0.7093,0.7619,0.813,0.8465,0.875,0.913,0.9441,0.9743,layer_31,last
