checkpoint,language,task,lm_task_name,accuracy,num_fewshot,random_chance,rankme,pr,alpha_req,top_1_var,top_5_var,top_10_var,top_25_var,top_50_var,top_100_var,top_250_var,top_500_var,top_1000_var,rankme_layer,rankme_aggregation
10B,Arabic,m_mmlu,m_mmlu_ar,0.2714263613861386,5,0.25,208.1951,16.265,0.861684,0.2255,0.3676,0.4126,0.4809,0.5445,0.6219,0.7427,0.8361,0.9203,layer_15,last
21B,Arabic,m_mmlu,m_mmlu_ar,0.2678681930693069,5,0.25,182.265,14.5674,0.849677,0.2115,0.4054,0.4473,0.5067,0.5616,0.6288,0.737,0.8271,0.9144,layer_15,last
31B,Arabic,m_mmlu,m_mmlu_ar,0.2628403465346535,5,0.25,136.672,11.1182,0.836439,0.2524,0.4569,0.4955,0.5509,0.6004,0.6602,0.7562,0.8376,0.9184,layer_15,last
42B,Arabic,m_mmlu,m_mmlu_ar,0.26647586633663367,5,0.25,134.5478,11.0596,0.830167,0.2494,0.4637,0.5009,0.5554,0.6038,0.6618,0.7553,0.8358,0.9169,layer_15,last
52B,Arabic,m_mmlu,m_mmlu_ar,0.2568069306930693,5,0.25,112.0531,9.2045,0.831664,0.2857,0.4898,0.5268,0.5775,0.6227,0.6772,0.7655,0.8421,0.92,layer_15,last
63B,Arabic,m_mmlu,m_mmlu_ar,0.2667079207920792,5,0.25,127.9315,10.7826,0.825782,0.2532,0.4741,0.5147,0.5668,0.6133,0.6688,0.7587,0.8368,0.9169,layer_15,last
73B,Arabic,m_mmlu,m_mmlu_ar,0.26322710396039606,5,0.25,116.8099,9.8323,0.82351,0.262,0.4877,0.5249,0.5755,0.6204,0.6741,0.7617,0.8384,0.9176,layer_15,last
84B,Arabic,m_mmlu,m_mmlu_ar,0.2571936881188119,5,0.25,115.0904,9.8002,0.821213,0.2634,0.4907,0.5269,0.5783,0.6237,0.6777,0.7644,0.8402,0.9183,layer_15,last
94B,Arabic,m_mmlu,m_mmlu_ar,0.26392326732673266,5,0.25,6.2414,1.7407,0.818224,0.755,0.853,0.8652,0.8805,0.8935,0.9088,0.9332,0.9545,0.9766,layer_15,last
105B,Arabic,m_mmlu,m_mmlu_ar,0.2605971534653465,5,0.25,102.7343,8.8584,0.81695,0.2825,0.5087,0.543,0.5927,0.6359,0.6869,0.7703,0.8436,0.9197,layer_15,last
115B,Arabic,m_mmlu,m_mmlu_ar,0.26956992574257427,5,0.25,121.8038,10.4247,0.815687,0.243,0.485,0.5214,0.5732,0.6179,0.6716,0.759,0.8357,0.9156,layer_15,last
126B,Arabic,m_mmlu,m_mmlu_ar,0.27274133663366334,5,0.25,118.4363,10.3078,0.816095,0.2497,0.4912,0.5276,0.5792,0.6238,0.6765,0.7627,0.8383,0.9169,layer_15,last
136B,Arabic,m_mmlu,m_mmlu_ar,0.2635365099009901,5,0.25,109.1698,9.6373,0.808453,0.2686,0.5009,0.5399,0.5928,0.6369,0.688,0.7708,0.8433,0.9189,layer_15,last
147B,Arabic,m_mmlu,m_mmlu_ar,0.27042079207920794,5,0.25,112.2032,10.203,0.811454,0.2464,0.4982,0.5384,0.5915,0.6361,0.6878,0.7706,0.8433,0.9191,layer_15,last
157B,Arabic,m_mmlu,m_mmlu_ar,0.2661664603960396,5,0.25,101.8609,9.2069,0.807443,0.2768,0.5119,0.5511,0.6032,0.6463,0.6962,0.7767,0.8472,0.9209,layer_15,last
168B,Arabic,m_mmlu,m_mmlu_ar,0.26276299504950495,5,0.25,111.5217,9.9642,0.813441,0.253,0.4988,0.5371,0.5899,0.6337,0.6852,0.7687,0.842,0.9185,layer_15,last
178B,Arabic,m_mmlu,m_mmlu_ar,0.26802289603960394,5,0.25,111.0796,10.0888,0.803988,0.2547,0.4999,0.5401,0.5945,0.6384,0.6892,0.7714,0.8434,0.9188,layer_15,last
189B,Arabic,m_mmlu,m_mmlu_ar,0.270884900990099,5,0.25,127.072,11.4551,0.80681,0.2238,0.4808,0.5209,0.5769,0.6228,0.6759,0.7614,0.8367,0.9154,layer_15,last
199B,Arabic,m_mmlu,m_mmlu_ar,0.2698019801980198,5,0.25,117.1397,10.5023,0.799592,0.2424,0.4933,0.5314,0.5866,0.6312,0.6828,0.766,0.8394,0.9163,layer_15,last
210B,Arabic,m_mmlu,m_mmlu_ar,0.2697246287128713,5,0.25,116.1252,10.3733,0.804359,0.2503,0.492,0.5343,0.5887,0.6329,0.6841,0.7671,0.8402,0.917,layer_15,last
220B,Arabic,m_mmlu,m_mmlu_ar,0.26570235148514854,5,0.25,112.5691,10.1464,0.807831,0.2425,0.4968,0.5362,0.5905,0.6348,0.6859,0.7685,0.8413,0.9178,layer_15,last
231B,Arabic,m_mmlu,m_mmlu_ar,0.27011138613861385,5,0.25,109.236,10.0467,0.805945,0.2497,0.5038,0.5425,0.5968,0.6404,0.6912,0.7726,0.844,0.9189,layer_15,last
241B,Arabic,m_mmlu,m_mmlu_ar,0.2633818069306931,5,0.25,120.2475,10.9444,0.796887,0.236,0.4869,0.5287,0.5873,0.6327,0.6844,0.767,0.8397,0.9162,layer_15,last
252B,Arabic,m_mmlu,m_mmlu_ar,0.26848700495049505,5,0.25,112.0295,10.6814,0.812764,0.2193,0.4989,0.5412,0.5978,0.6421,0.6929,0.7741,0.8454,0.92,layer_15,last
262B,Arabic,m_mmlu,m_mmlu_ar,0.2677134900990099,5,0.25,97.9738,9.4491,0.811472,0.2548,0.5176,0.5589,0.6141,0.6568,0.7057,0.7835,0.8517,0.9231,layer_15,last
273B,Arabic,m_mmlu,m_mmlu_ar,0.2711943069306931,5,0.25,112.4294,10.5199,0.8087,0.2363,0.4967,0.5391,0.596,0.6411,0.692,0.7732,0.8445,0.9193,layer_15,last
283B,Arabic,m_mmlu,m_mmlu_ar,0.2713490099009901,5,0.25,117.5358,10.9096,0.814417,0.2292,0.49,0.5324,0.5903,0.6353,0.687,0.7696,0.8422,0.9184,layer_15,last
294B,Arabic,m_mmlu,m_mmlu_ar,0.2666305693069307,5,0.25,121.6758,11.268,0.815565,0.2218,0.4839,0.5274,0.5861,0.6319,0.6841,0.7675,0.8409,0.9177,layer_15,last
304B,Arabic,m_mmlu,m_mmlu_ar,0.2678681930693069,5,0.25,116.6987,11.0191,0.814877,0.2324,0.4905,0.5344,0.5931,0.6391,0.6907,0.7728,0.8447,0.9197,layer_15,last
315B,Arabic,m_mmlu,m_mmlu_ar,0.2646194306930693,5,0.25,119.7915,11.2866,0.817748,0.2236,0.4863,0.5304,0.5902,0.6356,0.6874,0.7703,0.843,0.919,layer_15,last
325B,Arabic,m_mmlu,m_mmlu_ar,0.26879641089108913,5,0.25,124.731,11.6477,0.815537,0.2181,0.4791,0.5233,0.5847,0.6312,0.6839,0.7678,0.8412,0.9179,layer_15,last
334B,Arabic,m_mmlu,m_mmlu_ar,0.2670946782178218,5,0.25,115.5532,10.9716,0.816878,0.2369,0.4913,0.5357,0.5958,0.6415,0.6927,0.7743,0.8457,0.9203,layer_15,last
342B,Arabic,m_mmlu,m_mmlu_ar,0.26794554455445546,5,0.25,116.4728,11.01,0.818465,0.2333,0.4894,0.5335,0.5938,0.6398,0.6914,0.7735,0.8453,0.9202,layer_15,last
352B,Arabic,m_mmlu,m_mmlu_ar,0.25920482673267325,5,0.25,118.7964,11.2732,0.823655,0.2265,0.4877,0.5314,0.5915,0.6371,0.6893,0.7723,0.8447,0.9202,layer_15,last
363B,Arabic,m_mmlu,m_mmlu_ar,0.26794554455445546,5,0.25,113.7706,10.7375,0.817882,0.2447,0.4934,0.5375,0.597,0.6428,0.6942,0.7756,0.8467,0.9208,layer_15,last
373B,Arabic,m_mmlu,m_mmlu_ar,0.2636912128712871,5,0.25,115.0596,10.9039,0.820205,0.2377,0.4914,0.5354,0.5956,0.6412,0.6928,0.7748,0.8463,0.9209,layer_15,last
384B,Arabic,m_mmlu,m_mmlu_ar,0.2592821782178218,5,0.25,110.4596,10.6053,0.819908,0.2436,0.4992,0.5431,0.6014,0.6463,0.6976,0.7785,0.8488,0.9221,layer_15,last
394B,Arabic,m_mmlu,m_mmlu_ar,0.2597462871287129,5,0.25,111.4438,10.7229,0.819011,0.2412,0.4975,0.5417,0.6006,0.6456,0.6968,0.7779,0.8485,0.922,layer_15,last
405B,Arabic,m_mmlu,m_mmlu_ar,0.2610612623762376,5,0.25,111.1377,10.5921,0.823156,0.2432,0.4969,0.5404,0.5994,0.6445,0.696,0.7776,0.8485,0.9222,layer_15,last
415B,Arabic,m_mmlu,m_mmlu_ar,0.2635365099009901,5,0.25,110.9103,10.6641,0.820624,0.2452,0.498,0.5421,0.6014,0.6465,0.6977,0.7787,0.8491,0.9224,layer_15,last
426B,Arabic,m_mmlu,m_mmlu_ar,0.2625309405940594,5,0.25,112.5662,10.7602,0.81982,0.2444,0.4947,0.5393,0.5996,0.645,0.6965,0.7778,0.8485,0.922,layer_15,last
436B,Arabic,m_mmlu,m_mmlu_ar,0.2571936881188119,5,0.25,110.1641,10.6,0.822423,0.2462,0.498,0.5422,0.6018,0.6472,0.6987,0.7798,0.8501,0.923,layer_15,last
447B,Arabic,m_mmlu,m_mmlu_ar,0.2560334158415842,5,0.25,107.6968,10.3581,0.821083,0.2508,0.5013,0.5455,0.6047,0.6496,0.7006,0.7809,0.8508,0.9233,layer_15,last
457B,Arabic,m_mmlu,m_mmlu_ar,0.2516243811881188,5,0.25,108.9426,10.4796,0.823632,0.249,0.5,0.5441,0.6032,0.648,0.6993,0.7803,0.8504,0.9232,layer_15,last
468B,Arabic,m_mmlu,m_mmlu_ar,0.2600556930693069,5,0.25,111.8813,10.7113,0.824056,0.2445,0.4956,0.5396,0.5993,0.6448,0.6967,0.7784,0.8492,0.9227,layer_15,last
478B,Arabic,m_mmlu,m_mmlu_ar,0.25642017326732675,5,0.25,109.4605,10.4831,0.823322,0.2504,0.4982,0.5425,0.6024,0.6476,0.699,0.7801,0.8504,0.9232,layer_15,last
489B,Arabic,m_mmlu,m_mmlu_ar,0.2589727722772277,5,0.25,108.7838,10.4763,0.823526,0.2523,0.499,0.5438,0.604,0.6495,0.7008,0.7816,0.8514,0.9237,layer_15,last
499B,Arabic,m_mmlu,m_mmlu_ar,0.2660891089108911,5,0.25,108.7083,10.4753,0.82452,0.2504,0.4996,0.5439,0.6037,0.6487,0.7001,0.781,0.8511,0.9237,layer_15,last
510B,Arabic,m_mmlu,m_mmlu_ar,0.26330445544554454,5,0.25,112.004,10.7101,0.82559,0.2452,0.4943,0.539,0.599,0.6448,0.6967,0.7787,0.8497,0.923,layer_15,last
520B,Arabic,m_mmlu,m_mmlu_ar,0.26168007425742573,5,0.25,109.1701,10.4843,0.826088,0.2508,0.4985,0.5431,0.6027,0.648,0.6995,0.7807,0.851,0.9237,layer_15,last
531B,Arabic,m_mmlu,m_mmlu_ar,0.27382425742574257,5,0.25,108.1572,10.3975,0.826431,0.2544,0.4996,0.5442,0.6041,0.6494,0.7008,0.7819,0.8519,0.9242,layer_15,last
541B,Arabic,m_mmlu,m_mmlu_ar,0.2669399752475248,5,0.25,111.7547,10.7463,0.825621,0.2454,0.4948,0.5397,0.6002,0.6458,0.6977,0.7795,0.8503,0.9234,layer_15,last
552B,Arabic,m_mmlu,m_mmlu_ar,0.26183477722772275,5,0.25,111.013,10.6549,0.824976,0.2479,0.4963,0.5408,0.6007,0.6462,0.6978,0.7795,0.8502,0.9233,layer_15,last
562B,Arabic,m_mmlu,m_mmlu_ar,0.25270730198019803,5,0.25,107.618,10.3892,0.82595,0.2531,0.5006,0.545,0.605,0.6501,0.7014,0.7823,0.8522,0.9244,layer_15,last
573B,Arabic,m_mmlu,m_mmlu_ar,0.2645420792079208,5,0.25,108.6772,10.4694,0.826968,0.2513,0.4993,0.5436,0.6033,0.6485,0.7001,0.7814,0.8517,0.9242,layer_15,last
583B,Arabic,m_mmlu,m_mmlu_ar,0.26013304455445546,5,0.25,111.9327,10.799,0.826706,0.2456,0.4944,0.5394,0.6002,0.6462,0.6981,0.78,0.8507,0.9236,layer_15,last
593B,Arabic,m_mmlu,m_mmlu_ar,0.2641553217821782,5,0.25,109.5834,10.5497,0.826469,0.2513,0.4974,0.5425,0.6026,0.6481,0.6998,0.7812,0.8515,0.924,layer_15,last
10B,Chinese,m_mmlu,m_mmlu_zh,0.2721610330421572,5,0.25,462.799,50.9349,0.796379,0.1096,0.2415,0.2898,0.3659,0.434,0.5201,0.661,0.7761,0.8852,layer_15,last
21B,Chinese,m_mmlu,m_mmlu_zh,0.27102164830991265,5,0.25,384.0739,26.9362,0.773043,0.1782,0.2902,0.331,0.396,0.4536,0.5267,0.6516,0.7623,0.8751,layer_15,last
31B,Chinese,m_mmlu,m_mmlu_zh,0.254310672236992,5,0.25,332.5801,21.6866,0.760511,0.2015,0.3217,0.3624,0.4245,0.4779,0.5447,0.6597,0.7646,0.8746,layer_15,last
42B,Chinese,m_mmlu,m_mmlu_zh,0.2586403342195215,5,0.25,295.5468,17.4977,0.752816,0.2281,0.3407,0.3796,0.4402,0.4915,0.5552,0.6652,0.7669,0.8749,layer_15,last
52B,Chinese,m_mmlu,m_mmlu_zh,0.26213444739840486,5,0.25,280.3992,15.4726,0.75318,0.2452,0.3487,0.3855,0.4433,0.4935,0.5558,0.6642,0.7653,0.874,layer_15,last
63B,Chinese,m_mmlu,m_mmlu_zh,0.2702620584884163,5,0.25,261.2529,14.0565,0.747043,0.2589,0.3619,0.3973,0.4545,0.5035,0.5637,0.6687,0.7675,0.8745,layer_15,last
73B,Chinese,m_mmlu,m_mmlu_zh,0.25339916445119637,5,0.25,204.3743,10.8547,0.745653,0.2969,0.4016,0.4364,0.4899,0.535,0.5906,0.688,0.7805,0.8812,layer_15,last
84B,Chinese,m_mmlu,m_mmlu_zh,0.2557538928978352,5,0.25,225.9865,11.5543,0.743984,0.2878,0.3844,0.4178,0.4711,0.5178,0.5756,0.6764,0.7721,0.8766,layer_15,last
94B,Chinese,m_mmlu,m_mmlu_zh,0.26965438663121916,5,0.25,4.961,1.4991,0.743576,0.8161,0.8642,0.8726,0.8852,0.8955,0.9081,0.9298,0.9505,0.9731,layer_15,last
105B,Chinese,m_mmlu,m_mmlu_zh,0.2584884162552222,5,0.25,169.1152,9.0759,0.738884,0.3256,0.4315,0.4638,0.5149,0.5581,0.6104,0.7018,0.7892,0.8854,layer_15,last
115B,Chinese,m_mmlu,m_mmlu_zh,0.27200911507785797,5,0.25,191.0043,9.5573,0.74021,0.3184,0.4092,0.441,0.4928,0.5373,0.5918,0.6872,0.7789,0.88,layer_15,last
126B,Chinese,m_mmlu,m_mmlu_zh,0.262742119255602,5,0.25,205.2589,10.6289,0.73906,0.2999,0.4028,0.4342,0.4867,0.5315,0.5866,0.6829,0.7757,0.8781,layer_15,last
136B,Chinese,m_mmlu,m_mmlu_zh,0.26767945309532853,5,0.25,175.6081,9.3507,0.738937,0.3209,0.4243,0.4582,0.5116,0.5552,0.6076,0.699,0.7869,0.884,layer_15,last
147B,Chinese,m_mmlu,m_mmlu_zh,0.27102164830991265,5,0.25,184.203,9.5076,0.737553,0.3187,0.4167,0.4489,0.5021,0.5459,0.5994,0.6923,0.7821,0.8814,layer_15,last
157B,Chinese,m_mmlu,m_mmlu_zh,0.2594758830231675,5,0.25,199.6608,10.5445,0.73736,0.3014,0.4037,0.4391,0.4948,0.5405,0.5948,0.6889,0.7796,0.8799,layer_15,last
168B,Chinese,m_mmlu,m_mmlu_zh,0.25826053930877324,5,0.25,198.1974,10.2459,0.737571,0.3066,0.4053,0.4387,0.4934,0.5389,0.5934,0.6879,0.779,0.8797,layer_15,last
178B,Chinese,m_mmlu,m_mmlu_zh,0.27284466388150397,5,0.25,202.1255,10.646,0.737148,0.3,0.404,0.4378,0.493,0.5385,0.5929,0.6874,0.7786,0.8794,layer_15,last
189B,Chinese,m_mmlu,m_mmlu_zh,0.264641093809343,5,0.25,163.8305,9.0679,0.736733,0.3254,0.4366,0.4712,0.5249,0.5682,0.6193,0.7073,0.7924,0.8868,layer_15,last
199B,Chinese,m_mmlu,m_mmlu_zh,0.2717052791492594,5,0.25,201.8466,10.5993,0.729896,0.3006,0.4027,0.4381,0.4941,0.54,0.5938,0.6871,0.7776,0.8782,layer_15,last
210B,Chinese,m_mmlu,m_mmlu_zh,0.25415875427269274,5,0.25,177.021,9.6762,0.732847,0.3146,0.4248,0.4598,0.515,0.5592,0.611,0.7004,0.787,0.8835,layer_15,last
220B,Chinese,m_mmlu,m_mmlu_zh,0.2699582225598177,5,0.25,161.6212,9.1369,0.732351,0.3236,0.4396,0.4755,0.5296,0.5732,0.6234,0.71,0.7939,0.8872,layer_15,last
231B,Chinese,m_mmlu,m_mmlu_zh,0.26631219141663504,5,0.25,175.2654,9.5962,0.733694,0.3161,0.4239,0.4597,0.5161,0.5612,0.6133,0.7026,0.7888,0.8845,layer_15,last
241B,Chinese,m_mmlu,m_mmlu_zh,0.2641853399164451,5,0.25,178.4517,10.2604,0.727908,0.3036,0.4254,0.4627,0.5197,0.5644,0.6159,0.7041,0.7893,0.8843,layer_15,last
252B,Chinese,m_mmlu,m_mmlu_zh,0.2703380174705659,5,0.25,175.4938,9.838,0.7383,0.3115,0.425,0.4624,0.5191,0.5637,0.6152,0.7036,0.7894,0.8851,layer_15,last
262B,Chinese,m_mmlu,m_mmlu_zh,0.26479301177364223,5,0.25,196.2752,10.5791,0.735828,0.3004,0.4074,0.4444,0.5006,0.5463,0.5996,0.6912,0.7803,0.88,layer_15,last
273B,Chinese,m_mmlu,m_mmlu_zh,0.2683630839346753,5,0.25,208.8552,11.3856,0.736167,0.2888,0.3985,0.436,0.4937,0.5405,0.5945,0.6872,0.7775,0.8785,layer_15,last
283B,Chinese,m_mmlu,m_mmlu_zh,0.25567793391568555,5,0.25,195.277,11.3433,0.736031,0.2871,0.4122,0.4501,0.5083,0.554,0.6064,0.6961,0.7836,0.8817,layer_15,last
294B,Chinese,m_mmlu,m_mmlu_zh,0.2575769084694265,5,0.25,225.7375,12.7786,0.736462,0.27,0.3889,0.4273,0.4858,0.5329,0.5875,0.6816,0.7734,0.8763,layer_15,last
304B,Chinese,m_mmlu,m_mmlu_zh,0.25977971895176605,5,0.25,217.6702,12.3184,0.738298,0.2757,0.3931,0.4316,0.4906,0.5382,0.5925,0.6857,0.7766,0.8782,layer_15,last
315B,Chinese,m_mmlu,m_mmlu_zh,0.2702620584884163,5,0.25,227.7562,12.9387,0.738651,0.2684,0.3863,0.4256,0.4846,0.5323,0.5873,0.6818,0.7738,0.8767,layer_15,last
325B,Chinese,m_mmlu,m_mmlu_zh,0.2643372578807444,5,0.25,222.8061,12.5971,0.739669,0.2726,0.3888,0.4283,0.4876,0.5354,0.59,0.6838,0.7753,0.8775,layer_15,last
334B,Chinese,m_mmlu,m_mmlu_zh,0.27292062286365365,5,0.25,204.6847,11.8998,0.740478,0.28,0.404,0.443,0.5016,0.5483,0.6015,0.6926,0.7816,0.8811,layer_15,last
342B,Chinese,m_mmlu,m_mmlu_zh,0.2680592480060767,5,0.25,210.968,12.2061,0.740947,0.2765,0.3982,0.4375,0.4969,0.5444,0.5983,0.6903,0.7801,0.8802,layer_15,last
352B,Chinese,m_mmlu,m_mmlu_zh,0.254310672236992,5,0.25,157.895,9.7817,0.744557,0.3084,0.4471,0.4842,0.5393,0.5827,0.632,0.7165,0.7988,0.8907,layer_15,last
363B,Chinese,m_mmlu,m_mmlu_zh,0.27041397645271553,5,0.25,177.6636,10.8364,0.741047,0.2925,0.4287,0.4659,0.5242,0.5694,0.6204,0.7073,0.792,0.8867,layer_15,last
373B,Chinese,m_mmlu,m_mmlu_zh,0.2632738321306495,5,0.25,168.5109,10.4466,0.744135,0.2975,0.4373,0.4753,0.5314,0.5757,0.6258,0.7118,0.7955,0.8889,layer_15,last
384B,Chinese,m_mmlu,m_mmlu_zh,0.26623623243448535,5,0.25,231.5154,12.907,0.743786,0.2695,0.3824,0.4213,0.4801,0.5282,0.5835,0.6789,0.7723,0.8765,layer_15,last
394B,Chinese,m_mmlu,m_mmlu_zh,0.26540068363083935,5,0.25,210.1488,12.1389,0.742296,0.2773,0.3977,0.4376,0.4974,0.5448,0.5986,0.6906,0.7804,0.8807,layer_15,last
405B,Chinese,m_mmlu,m_mmlu_zh,0.2645651348271933,5,0.25,220.0197,12.4919,0.744632,0.2738,0.3897,0.4294,0.4893,0.5373,0.5919,0.6856,0.7771,0.8791,layer_15,last
415B,Chinese,m_mmlu,m_mmlu_zh,0.2702620584884163,5,0.25,208.4604,12.0931,0.744321,0.2778,0.3996,0.4393,0.4985,0.5458,0.5995,0.6914,0.7812,0.8813,layer_15,last
426B,Chinese,m_mmlu,m_mmlu_zh,0.26767945309532853,5,0.25,235.9874,13.3701,0.741713,0.2639,0.3812,0.4199,0.4787,0.527,0.5824,0.6779,0.7713,0.8758,layer_15,last
436B,Chinese,m_mmlu,m_mmlu_zh,0.2538549183440942,5,0.25,198.8168,11.835,0.745288,0.28,0.408,0.448,0.5073,0.5536,0.6066,0.6971,0.7853,0.8836,layer_15,last
447B,Chinese,m_mmlu,m_mmlu_zh,0.26578047854158754,5,0.25,230.9036,13.0966,0.744077,0.2669,0.3834,0.4224,0.4817,0.5302,0.5857,0.6808,0.7737,0.8773,layer_15,last
457B,Chinese,m_mmlu,m_mmlu_zh,0.24952525636156475,5,0.25,230.4863,12.9737,0.746357,0.2686,0.3835,0.4225,0.4811,0.5292,0.5848,0.6804,0.7736,0.8774,layer_15,last
468B,Chinese,m_mmlu,m_mmlu_zh,0.25127231295100644,5,0.25,236.095,13.2764,0.744801,0.2654,0.3792,0.4186,0.4778,0.5266,0.5825,0.6784,0.772,0.8765,layer_15,last
478B,Chinese,m_mmlu,m_mmlu_zh,0.24800607671857197,5,0.25,223.0014,12.8487,0.747045,0.2692,0.3889,0.4285,0.4876,0.536,0.591,0.6853,0.7771,0.8794,layer_15,last
489B,Chinese,m_mmlu,m_mmlu_zh,0.25127231295100644,5,0.25,214.4276,12.6953,0.746795,0.27,0.396,0.4362,0.4956,0.5434,0.5976,0.6903,0.7806,0.8813,layer_15,last
499B,Chinese,m_mmlu,m_mmlu_zh,0.2679073300417774,5,0.25,210.0318,12.392,0.746794,0.2736,0.3987,0.4389,0.4985,0.546,0.5999,0.6921,0.7819,0.882,layer_15,last
510B,Chinese,m_mmlu,m_mmlu_zh,0.26524876566654004,5,0.25,206.7081,12.2242,0.748604,0.2755,0.4014,0.4415,0.5006,0.5478,0.6015,0.6934,0.783,0.8827,layer_15,last
520B,Chinese,m_mmlu,m_mmlu_zh,0.2552981390049373,5,0.25,212.2155,12.5628,0.747803,0.2715,0.3972,0.4375,0.4972,0.5447,0.5988,0.6913,0.7815,0.8818,layer_15,last
531B,Chinese,m_mmlu,m_mmlu_zh,0.2605393087732624,5,0.25,208.562,12.4964,0.748893,0.2718,0.4006,0.4411,0.5004,0.5477,0.6015,0.6936,0.7832,0.8829,layer_15,last
541B,Chinese,m_mmlu,m_mmlu_zh,0.26448917584504367,5,0.25,209.4232,12.4909,0.748838,0.272,0.3999,0.4401,0.4993,0.5468,0.6006,0.6928,0.7827,0.8826,layer_15,last
552B,Chinese,m_mmlu,m_mmlu_zh,0.26259020129130267,5,0.25,198.4541,12.0036,0.748934,0.2771,0.409,0.449,0.5079,0.5544,0.6072,0.6978,0.7862,0.8845,layer_15,last
562B,Chinese,m_mmlu,m_mmlu_zh,0.26486897075579185,5,0.25,220.3192,12.9591,0.749476,0.2673,0.3911,0.4312,0.4911,0.539,0.5937,0.6875,0.7791,0.8808,layer_15,last
573B,Chinese,m_mmlu,m_mmlu_zh,0.26479301177364223,5,0.25,214.2413,12.6582,0.749812,0.2705,0.3953,0.4357,0.4952,0.5431,0.5974,0.6904,0.7812,0.882,layer_15,last
583B,Chinese,m_mmlu,m_mmlu_zh,0.26213444739840486,5,0.25,210.9113,12.5419,0.750119,0.2717,0.3974,0.4383,0.4982,0.5459,0.5999,0.6924,0.7825,0.8827,layer_15,last
593B,Chinese,m_mmlu,m_mmlu_zh,0.2613748575769085,5,0.25,210.6758,12.6212,0.749674,0.2704,0.3982,0.4392,0.4991,0.5466,0.6005,0.6927,0.7827,0.8828,layer_15,last
10B,English,m_mmlu,m_mmlu_en,0.26919595715794237,5,0.25,679.22,84.594,0.706776,0.078,0.1976,0.2385,0.3049,0.3678,0.4499,0.5943,0.7209,0.8474,layer_15,last
21B,English,m_mmlu,m_mmlu_en,0.27040277568260673,5,0.25,673.8874,51.3799,0.666963,0.1282,0.2147,0.2497,0.3079,0.3635,0.436,0.5668,0.6899,0.8238,layer_15,last
31B,English,m_mmlu,m_mmlu_en,0.255996379544426,5,0.25,583.1367,37.2255,0.652805,0.153,0.2454,0.2812,0.3363,0.3883,0.455,0.5759,0.6925,0.8227,layer_15,last
42B,English,m_mmlu,m_mmlu_en,0.2604465228541258,5,0.25,543.2372,29.9351,0.643129,0.1746,0.2593,0.2908,0.3446,0.3957,0.4606,0.5777,0.6916,0.8205,layer_15,last
52B,English,m_mmlu,m_mmlu_en,0.25614723186000904,5,0.25,505.2975,24.7661,0.640879,0.1948,0.2716,0.3017,0.3526,0.4018,0.4644,0.5786,0.6913,0.82,layer_15,last
63B,English,m_mmlu,m_mmlu_en,0.25720319806909037,5,0.25,452.1184,21.8879,0.635341,0.2068,0.2921,0.3236,0.3748,0.4221,0.4818,0.5905,0.6987,0.8233,layer_15,last
73B,English,m_mmlu,m_mmlu_en,0.2583345904359632,5,0.25,437.2885,20.0625,0.633615,0.2175,0.2965,0.3269,0.3778,0.4247,0.4835,0.591,0.6983,0.8227,layer_15,last
84B,English,m_mmlu,m_mmlu_en,0.255996379544426,5,0.25,438.3942,20.1068,0.633799,0.2173,0.2964,0.3267,0.3772,0.4241,0.4832,0.5906,0.698,0.8226,layer_15,last
94B,English,m_mmlu,m_mmlu_en,0.26806456479106955,5,0.25,12.7191,1.9752,0.633253,0.7106,0.762,0.7742,0.792,0.8079,0.8276,0.8632,0.8988,0.9403,layer_15,last
105B,English,m_mmlu,m_mmlu_en,0.26527379695278325,5,0.25,380.6306,16.7673,0.629437,0.2388,0.3191,0.3495,0.3999,0.4445,0.5005,0.6029,0.7061,0.8267,layer_15,last
115B,English,m_mmlu,m_mmlu_en,0.2725901342585609,5,0.25,383.3102,16.6356,0.629197,0.2404,0.3168,0.347,0.3971,0.4427,0.4995,0.6022,0.7056,0.8264,layer_15,last
126B,English,m_mmlu,m_mmlu_en,0.27010107105144066,5,0.25,398.871,17.6061,0.62711,0.2329,0.3128,0.343,0.3929,0.4375,0.4938,0.5967,0.7011,0.8236,layer_15,last
136B,English,m_mmlu,m_mmlu_en,0.26225675064112236,5,0.25,340.8834,15.0292,0.628191,0.2526,0.3351,0.3679,0.4188,0.4629,0.5171,0.6155,0.7149,0.8316,layer_15,last
147B,English,m_mmlu,m_mmlu_en,0.26813999094886104,5,0.25,399.713,17.8365,0.62576,0.2313,0.3114,0.3436,0.3947,0.4401,0.4963,0.5982,0.7016,0.8234,layer_15,last
157B,English,m_mmlu,m_mmlu_en,0.2699502187358576,5,0.25,387.1247,17.5875,0.627036,0.2325,0.3161,0.3487,0.401,0.4467,0.5027,0.6039,0.706,0.8261,layer_15,last
168B,English,m_mmlu,m_mmlu_en,0.25727862422688186,5,0.25,349.9119,15.7241,0.628396,0.2463,0.3308,0.3642,0.4164,0.4612,0.5158,0.6144,0.7139,0.8309,layer_15,last
178B,English,m_mmlu,m_mmlu_en,0.2699502187358576,5,0.25,356.2903,16.1613,0.6282,0.2427,0.3286,0.3624,0.4145,0.4596,0.5142,0.6129,0.7129,0.8303,layer_15,last
189B,English,m_mmlu,m_mmlu_en,0.2710061849449389,5,0.25,353.2892,15.6574,0.626875,0.2473,0.3279,0.3626,0.4147,0.4594,0.5142,0.6126,0.7123,0.8298,layer_15,last
199B,English,m_mmlu,m_mmlu_en,0.2712324634183135,5,0.25,353.6033,15.5788,0.623673,0.248,0.3284,0.3629,0.4146,0.4593,0.5137,0.6115,0.711,0.8285,layer_15,last
210B,English,m_mmlu,m_mmlu_en,0.266254337004073,5,0.25,390.7402,17.4003,0.623752,0.2344,0.3131,0.348,0.3998,0.4451,0.5007,0.6011,0.7032,0.824,layer_15,last
220B,English,m_mmlu,m_mmlu_en,0.2675365816865289,5,0.25,334.3434,14.9303,0.624808,0.2532,0.3371,0.373,0.4253,0.4691,0.5223,0.6185,0.7163,0.8318,layer_15,last
231B,English,m_mmlu,m_mmlu_en,0.2716850203650626,5,0.25,332.3861,14.9072,0.624425,0.2533,0.3376,0.3737,0.4262,0.4707,0.5241,0.62,0.7171,0.8321,layer_15,last
241B,English,m_mmlu,m_mmlu_en,0.2640669784281189,5,0.25,363.7276,17.0788,0.623338,0.2351,0.3262,0.3624,0.416,0.4612,0.5156,0.6131,0.7118,0.8289,layer_15,last
252B,English,m_mmlu,m_mmlu_en,0.26436868305928496,5,0.25,344.5252,15.9726,0.628764,0.2438,0.3324,0.37,0.4232,0.4684,0.5221,0.6184,0.7161,0.832,layer_15,last
262B,English,m_mmlu,m_mmlu_en,0.26806456479106955,5,0.25,379.7496,17.7796,0.626195,0.2307,0.3176,0.3556,0.4089,0.4553,0.5099,0.6082,0.7082,0.8271,layer_15,last
273B,English,m_mmlu,m_mmlu_en,0.2621058983255393,5,0.25,385.3768,18.3293,0.626242,0.2268,0.3152,0.3536,0.408,0.4545,0.5095,0.6078,0.7079,0.8268,layer_15,last
283B,English,m_mmlu,m_mmlu_en,0.27017649720923215,5,0.25,387.9243,19.1548,0.626194,0.2204,0.3161,0.3551,0.4095,0.4558,0.5106,0.6087,0.7084,0.8271,layer_15,last
294B,English,m_mmlu,m_mmlu_en,0.26972394026248303,5,0.25,434.397,21.8793,0.625778,0.2058,0.298,0.3374,0.392,0.4391,0.4953,0.5962,0.6991,0.8216,layer_15,last
304B,English,m_mmlu,m_mmlu_en,0.26919595715794237,5,0.25,409.6464,20.4487,0.627789,0.2132,0.3066,0.3461,0.4008,0.4481,0.5037,0.6033,0.7046,0.8251,layer_15,last
315B,English,m_mmlu,m_mmlu_en,0.2642932569014934,5,0.25,401.1579,20.0533,0.627585,0.2151,0.3104,0.3503,0.4047,0.4514,0.5066,0.6054,0.7062,0.826,layer_15,last
325B,English,m_mmlu,m_mmlu_en,0.2621813244833308,5,0.25,397.6146,20.19,0.62836,0.214,0.3111,0.3523,0.4073,0.4543,0.5096,0.608,0.7082,0.8272,layer_15,last
334B,English,m_mmlu,m_mmlu_en,0.2630864383768291,5,0.25,396.5841,20.218,0.629057,0.2136,0.3121,0.3528,0.4077,0.4547,0.5098,0.6082,0.7085,0.8276,layer_15,last
342B,English,m_mmlu,m_mmlu_en,0.26278473374566297,5,0.25,401.5481,20.209,0.629136,0.2142,0.3095,0.3499,0.4048,0.4519,0.5073,0.6063,0.7071,0.8268,layer_15,last
352B,English,m_mmlu,m_mmlu_en,0.25448785638859556,5,0.25,374.8257,19.038,0.631229,0.2204,0.3203,0.3619,0.4169,0.4634,0.5178,0.6149,0.7136,0.8308,layer_15,last
363B,English,m_mmlu,m_mmlu_en,0.2670085985819882,5,0.25,385.8042,19.8096,0.629433,0.2157,0.3155,0.3576,0.4129,0.46,0.5151,0.6127,0.7117,0.8294,layer_15,last
373B,English,m_mmlu,m_mmlu_en,0.25931513048725296,5,0.25,364.1233,18.4599,0.631501,0.2238,0.325,0.3667,0.421,0.4673,0.5216,0.618,0.716,0.8323,layer_15,last
384B,English,m_mmlu,m_mmlu_en,0.26391612611253584,5,0.25,392.9988,19.9691,0.630966,0.2152,0.3128,0.354,0.409,0.4561,0.5112,0.6094,0.7095,0.8284,layer_15,last
394B,English,m_mmlu,m_mmlu_en,0.2545632825463871,5,0.25,368.4497,18.7744,0.630657,0.2217,0.3238,0.3649,0.4196,0.4661,0.5205,0.617,0.7151,0.8316,layer_15,last
405B,English,m_mmlu,m_mmlu_en,0.25750490270025644,5,0.25,372.6239,18.966,0.632655,0.2207,0.3214,0.363,0.4174,0.4641,0.5186,0.6156,0.7143,0.8315,layer_15,last
415B,English,m_mmlu,m_mmlu_en,0.2665560416352391,5,0.25,365.2611,18.7799,0.631847,0.2212,0.3256,0.3671,0.4214,0.4676,0.5217,0.6179,0.7159,0.8323,layer_15,last
426B,English,m_mmlu,m_mmlu_en,0.2624076029567054,5,0.25,360.2152,18.5781,0.631678,0.2223,0.3278,0.3695,0.4241,0.4702,0.524,0.6197,0.7172,0.833,layer_15,last
436B,English,m_mmlu,m_mmlu_en,0.2555438225976769,5,0.25,365.8066,18.9501,0.633083,0.22,0.3249,0.3666,0.4216,0.4682,0.5224,0.6187,0.7166,0.8328,layer_15,last
447B,English,m_mmlu,m_mmlu_en,0.24966058228993815,5,0.25,369.4592,18.9754,0.632907,0.2203,0.3229,0.3644,0.4194,0.4662,0.5205,0.6171,0.7155,0.8322,layer_15,last
457B,English,m_mmlu,m_mmlu_en,0.2494343038165636,5,0.25,364.4977,18.8885,0.633219,0.2204,0.3251,0.367,0.4222,0.4688,0.5231,0.6192,0.717,0.8331,layer_15,last
468B,English,m_mmlu,m_mmlu_en,0.2470206667672349,5,0.25,376.0908,19.4995,0.633912,0.217,0.3197,0.3615,0.4169,0.4642,0.519,0.616,0.7147,0.8319,layer_15,last
478B,English,m_mmlu,m_mmlu_en,0.2481520591341077,5,0.25,370.1766,19.4119,0.634141,0.2169,0.3229,0.3649,0.4202,0.4673,0.5217,0.6182,0.7163,0.8329,layer_15,last
489B,English,m_mmlu,m_mmlu_en,0.2580328858047971,5,0.25,366.8544,19.384,0.634327,0.2168,0.3247,0.367,0.4223,0.4691,0.5233,0.6195,0.7173,0.8335,layer_15,last
499B,English,m_mmlu,m_mmlu_en,0.2673103032131543,5,0.25,379.2486,19.8788,0.634834,0.2145,0.3184,0.3604,0.4161,0.4634,0.5184,0.6157,0.7146,0.832,layer_15,last
510B,English,m_mmlu,m_mmlu_en,0.25742947654246495,5,0.25,366.416,19.2891,0.635262,0.2176,0.3243,0.3665,0.4221,0.469,0.5235,0.6198,0.7178,0.8339,layer_15,last
520B,English,m_mmlu,m_mmlu_en,0.24898174686981445,5,0.25,389.2942,20.6485,0.634406,0.21,0.3147,0.3567,0.4125,0.4602,0.5155,0.6133,0.7128,0.8308,layer_15,last
531B,English,m_mmlu,m_mmlu_en,0.25976768743400214,5,0.25,383.409,20.3762,0.635512,0.2113,0.3172,0.3592,0.4148,0.4625,0.5177,0.6152,0.7144,0.8319,layer_15,last
541B,English,m_mmlu,m_mmlu_en,0.2590134258560869,5,0.25,370.1625,19.5702,0.635282,0.2157,0.323,0.3653,0.4206,0.4676,0.5221,0.6186,0.7168,0.8334,layer_15,last
552B,English,m_mmlu,m_mmlu_en,0.2693468094735254,5,0.25,363.4884,19.2751,0.636037,0.2171,0.3265,0.3684,0.4235,0.4702,0.5245,0.6205,0.7183,0.8344,layer_15,last
562B,English,m_mmlu,m_mmlu_en,0.25742947654246495,5,0.25,391.1611,20.8378,0.635972,0.2089,0.314,0.356,0.4116,0.4593,0.5147,0.6128,0.7126,0.831,layer_15,last
573B,English,m_mmlu,m_mmlu_en,0.2655000754261578,5,0.25,366.9375,19.3603,0.636418,0.217,0.3245,0.3664,0.4215,0.4684,0.5229,0.6194,0.7176,0.834,layer_15,last
583B,English,m_mmlu,m_mmlu_en,0.2637652737969528,5,0.25,372.4663,19.7692,0.636504,0.2146,0.3216,0.3639,0.4197,0.4669,0.5216,0.6185,0.7169,0.8336,layer_15,last
593B,English,m_mmlu,m_mmlu_en,0.2620304721677478,5,0.25,364.2651,19.3549,0.636397,0.2167,0.3255,0.368,0.4233,0.4703,0.5246,0.6209,0.7186,0.8346,layer_15,last
10B,German,m_mmlu,m_mmlu_de,0.2722884296273948,5,0.25,951.5763,203.2813,0.690327,0.0446,0.1201,0.1587,0.228,0.3004,0.3949,0.5573,0.6957,0.8318,layer_15,last
21B,German,m_mmlu,m_mmlu_de,0.26595263237290695,5,0.25,929.228,107.1305,0.648958,0.0842,0.1503,0.1848,0.2449,0.3061,0.3874,0.5319,0.6649,0.8074,layer_15,last
31B,German,m_mmlu,m_mmlu_de,0.2628601599034545,5,0.25,840.4683,70.2103,0.63424,0.1099,0.175,0.2101,0.2667,0.3242,0.3996,0.5351,0.6627,0.8032,layer_15,last
42B,German,m_mmlu,m_mmlu_de,0.25856086890933777,5,0.25,750.7964,47.9371,0.624364,0.1377,0.1976,0.231,0.285,0.34,0.4119,0.5413,0.6647,0.8023,layer_15,last
52B,German,m_mmlu,m_mmlu_de,0.25584552722884296,5,0.25,728.1927,41.1779,0.620601,0.1505,0.2051,0.2348,0.2873,0.3405,0.4107,0.5385,0.6614,0.7999,layer_15,last
63B,German,m_mmlu,m_mmlu_de,0.2683662694222356,5,0.25,590.5398,29.1663,0.616874,0.1798,0.2432,0.2746,0.326,0.376,0.4418,0.5611,0.6767,0.808,layer_15,last
73B,German,m_mmlu,m_mmlu_de,0.2604465228541258,5,0.25,384.8179,15.8114,0.615171,0.2472,0.3145,0.3432,0.3886,0.4338,0.4927,0.5998,0.7043,0.824,layer_15,last
84B,German,m_mmlu,m_mmlu_de,0.2564489364911751,5,0.25,634.5364,31.0138,0.613995,0.1749,0.2313,0.2608,0.3115,0.3623,0.4286,0.5492,0.6669,0.8018,layer_15,last
94B,German,m_mmlu,m_mmlu_de,0.2648966661638256,5,0.25,322.0388,13.0632,0.612724,0.2725,0.3431,0.3709,0.4157,0.4588,0.5148,0.6165,0.716,0.8305,layer_15,last
105B,German,m_mmlu,m_mmlu_de,0.26391612611253584,5,0.25,521.6767,22.6157,0.610322,0.2062,0.264,0.2942,0.3439,0.3917,0.4541,0.5676,0.6793,0.8084,layer_15,last
115B,German,m_mmlu,m_mmlu_de,0.2716850203650626,5,0.25,521.6661,22.4533,0.610442,0.2072,0.2633,0.2932,0.343,0.3911,0.4539,0.5679,0.6795,0.8084,layer_15,last
126B,German,m_mmlu,m_mmlu_de,0.26670689395082214,5,0.25,529.1123,23.157,0.609047,0.2036,0.2634,0.2933,0.3423,0.3899,0.4521,0.5658,0.6776,0.8071,layer_15,last
136B,German,m_mmlu,m_mmlu_de,0.266254337004073,5,0.25,414.7193,17.0249,0.609419,0.2384,0.3016,0.3326,0.3801,0.4258,0.4848,0.5915,0.6965,0.8183,layer_15,last
147B,German,m_mmlu,m_mmlu_de,0.2656509277417408,5,0.25,573.3833,25.8268,0.606054,0.1924,0.251,0.281,0.3299,0.3785,0.4415,0.5561,0.6698,0.8021,layer_15,last
157B,German,m_mmlu,m_mmlu_de,0.2697993664202746,5,0.25,519.9954,23.0694,0.607134,0.2036,0.2661,0.2977,0.3479,0.3957,0.4574,0.5691,0.6795,0.8078,layer_15,last
168B,German,m_mmlu,m_mmlu_de,0.25961683511841904,5,0.25,462.5284,19.5325,0.608754,0.2221,0.2838,0.3153,0.3648,0.4115,0.4718,0.5808,0.6883,0.8133,layer_15,last
178B,German,m_mmlu,m_mmlu_de,0.27176044652285414,5,0.25,466.4612,19.9792,0.608492,0.2194,0.2836,0.3157,0.3647,0.4113,0.4715,0.5804,0.688,0.8131,layer_15,last
189B,German,m_mmlu,m_mmlu_de,0.26761200784432043,5,0.25,468.2278,19.7862,0.607353,0.2207,0.2821,0.3144,0.3631,0.4098,0.4702,0.5791,0.6867,0.8121,layer_15,last
199B,German,m_mmlu,m_mmlu_de,0.27492834515009806,5,0.25,498.7427,21.3828,0.603944,0.212,0.2734,0.3053,0.3543,0.401,0.4616,0.5713,0.6802,0.8077,layer_15,last
210B,German,m_mmlu,m_mmlu_de,0.2713833157338965,5,0.25,537.0084,23.9511,0.604413,0.1998,0.2616,0.2936,0.3434,0.3913,0.453,0.5647,0.6754,0.8049,layer_15,last
220B,German,m_mmlu,m_mmlu_de,0.2682154171066526,5,0.25,453.418,19.2294,0.605591,0.2237,0.2884,0.3214,0.3704,0.4165,0.4756,0.5825,0.6887,0.813,layer_15,last
231B,German,m_mmlu,m_mmlu_de,0.27017649720923215,5,0.25,473.8838,20.4173,0.604706,0.2169,0.2814,0.315,0.3642,0.4109,0.4707,0.5786,0.6856,0.8109,layer_15,last
241B,German,m_mmlu,m_mmlu_de,0.2638406999547443,5,0.25,453.791,19.7574,0.6054,0.2201,0.2893,0.3235,0.3723,0.4187,0.4777,0.5843,0.69,0.8136,layer_15,last
252B,German,m_mmlu,m_mmlu_de,0.26120078443204103,5,0.25,452.8178,19.618,0.607932,0.2211,0.2892,0.3231,0.3726,0.419,0.4779,0.5842,0.6898,0.8138,layer_15,last
262B,German,m_mmlu,m_mmlu_de,0.2722884296273948,5,0.25,533.1264,24.6629,0.605636,0.1962,0.2643,0.2984,0.3488,0.3965,0.4573,0.5671,0.6766,0.8057,layer_15,last
273B,German,m_mmlu,m_mmlu_de,0.2697993664202746,5,0.25,511.86,23.654,0.606203,0.2003,0.2701,0.3055,0.3564,0.404,0.4644,0.5731,0.6811,0.8083,layer_15,last
283B,German,m_mmlu,m_mmlu_de,0.2663297631618645,5,0.25,551.4216,26.7848,0.60516,0.1872,0.2597,0.295,0.346,0.3941,0.4552,0.5655,0.6752,0.8047,layer_15,last
294B,German,m_mmlu,m_mmlu_de,0.25954140896062755,5,0.25,604.2406,31.1181,0.605277,0.1728,0.2449,0.2806,0.3319,0.3809,0.4433,0.5558,0.668,0.8004,layer_15,last
304B,German,m_mmlu,m_mmlu_de,0.26331271685020363,5,0.25,547.3484,26.7393,0.607153,0.1873,0.2606,0.2963,0.3476,0.3957,0.4568,0.5669,0.6765,0.8057,layer_15,last
315B,German,m_mmlu,m_mmlu_de,0.26255845527228844,5,0.25,544.0604,26.5208,0.60735,0.1881,0.2615,0.2973,0.3488,0.3969,0.4578,0.5675,0.6769,0.806,layer_15,last
325B,German,m_mmlu,m_mmlu_de,0.2658772062151154,5,0.25,535.0768,26.3496,0.607861,0.1884,0.2636,0.3007,0.3526,0.4008,0.4617,0.5709,0.6795,0.8075,layer_15,last
334B,German,m_mmlu,m_mmlu_de,0.2691205310001509,5,0.25,542.7406,26.8879,0.608277,0.1864,0.2616,0.2981,0.35,0.3984,0.4594,0.5691,0.6783,0.8069,layer_15,last
342B,German,m_mmlu,m_mmlu_de,0.2693468094735254,5,0.25,547.5853,27.0868,0.608753,0.1859,0.26,0.2962,0.3482,0.3968,0.4579,0.5678,0.6774,0.8064,layer_15,last
352B,German,m_mmlu,m_mmlu_de,0.26467038769045104,5,0.25,516.2629,25.0175,0.609536,0.1937,0.2687,0.3062,0.3581,0.4061,0.4665,0.5748,0.6826,0.8096,layer_15,last
363B,German,m_mmlu,m_mmlu_de,0.2642932569014934,5,0.25,523.4068,25.9429,0.608833,0.1897,0.2668,0.3046,0.3571,0.4055,0.4661,0.5746,0.6823,0.8093,layer_15,last
373B,German,m_mmlu,m_mmlu_de,0.2605973751697089,5,0.25,504.7867,24.5105,0.610162,0.1955,0.2726,0.3103,0.3622,0.41,0.4701,0.5778,0.6849,0.811,layer_15,last
384B,German,m_mmlu,m_mmlu_de,0.2667823201086137,5,0.25,547.3557,27.4005,0.609569,0.1845,0.2599,0.2967,0.3491,0.3977,0.4589,0.5685,0.6778,0.8068,layer_15,last
394B,German,m_mmlu,m_mmlu_de,0.26346356916578667,5,0.25,506.3974,24.5846,0.609817,0.1953,0.2722,0.3098,0.3619,0.4097,0.4698,0.5773,0.6844,0.8107,layer_15,last
405B,German,m_mmlu,m_mmlu_de,0.26459496153265954,5,0.25,513.9515,25.1134,0.610982,0.1931,0.2696,0.3073,0.3592,0.4072,0.4676,0.5757,0.6834,0.8103,layer_15,last
415B,German,m_mmlu,m_mmlu_de,0.27198672499622867,5,0.25,525.4164,26.0121,0.610423,0.1894,0.2665,0.3038,0.3561,0.4044,0.4649,0.5733,0.6814,0.8091,layer_15,last
426B,German,m_mmlu,m_mmlu_de,0.25961683511841904,5,0.25,503.0285,24.5771,0.610651,0.1951,0.2735,0.3115,0.3635,0.4113,0.4711,0.5783,0.6852,0.8113,layer_15,last
436B,German,m_mmlu,m_mmlu_de,0.25931513048725296,5,0.25,514.3322,25.5317,0.611806,0.1911,0.2697,0.3076,0.36,0.4082,0.4686,0.5766,0.6841,0.8109,layer_15,last
447B,German,m_mmlu,m_mmlu_de,0.26851712173781866,5,0.25,538.6796,27.0091,0.611409,0.1858,0.2621,0.2993,0.3519,0.4007,0.4617,0.571,0.6799,0.8083,layer_15,last
457B,German,m_mmlu,m_mmlu_de,0.2532056117061397,5,0.25,538.1597,27.1169,0.612017,0.1853,0.2622,0.2993,0.3522,0.4011,0.4623,0.5717,0.6805,0.8088,layer_15,last
468B,German,m_mmlu,m_mmlu_de,0.25478956101976163,5,0.25,531.5283,26.6678,0.612255,0.1869,0.2641,0.3016,0.3544,0.403,0.464,0.573,0.6815,0.8094,layer_15,last
478B,German,m_mmlu,m_mmlu_de,0.25147081007693467,5,0.25,528.5458,26.5998,0.612434,0.187,0.2652,0.3029,0.3557,0.4042,0.465,0.5738,0.6821,0.8098,layer_15,last
489B,German,m_mmlu,m_mmlu_de,0.25177251470810075,5,0.25,508.7548,25.457,0.61272,0.1911,0.2716,0.31,0.3626,0.4107,0.4709,0.5784,0.6855,0.8118,layer_15,last
499B,German,m_mmlu,m_mmlu_de,0.26120078443204103,5,0.25,512.9868,25.4832,0.613102,0.1913,0.2698,0.3079,0.3603,0.4085,0.469,0.5769,0.6845,0.8114,layer_15,last
510B,German,m_mmlu,m_mmlu_de,0.25961683511841904,5,0.25,487.4976,23.8731,0.613925,0.1979,0.2779,0.3165,0.3686,0.4163,0.4761,0.5828,0.6891,0.8141,layer_15,last
520B,German,m_mmlu,m_mmlu_de,0.26776286015990347,5,0.25,515.4849,25.7355,0.612806,0.1903,0.269,0.3073,0.3599,0.4082,0.4687,0.5767,0.6843,0.8111,layer_15,last
531B,German,m_mmlu,m_mmlu_de,0.26399155227032733,5,0.25,508.3227,25.2923,0.613968,0.192,0.2709,0.3094,0.362,0.4103,0.4707,0.5785,0.6859,0.8122,layer_15,last
541B,German,m_mmlu,m_mmlu_de,0.2628601599034545,5,0.25,498.9959,24.5452,0.613916,0.1951,0.2742,0.3125,0.3648,0.4127,0.4727,0.5799,0.6868,0.8128,layer_15,last
552B,German,m_mmlu,m_mmlu_de,0.2642178307437019,5,0.25,492.7365,24.2772,0.614014,0.196,0.2767,0.3152,0.3672,0.4148,0.4746,0.5813,0.6879,0.8135,layer_15,last
562B,German,m_mmlu,m_mmlu_de,0.25682606728013274,5,0.25,531.1282,26.9846,0.614076,0.1855,0.2644,0.3022,0.3551,0.4036,0.4646,0.5735,0.6821,0.8101,layer_15,last
573B,German,m_mmlu,m_mmlu_de,0.26761200784432043,5,0.25,510.3619,25.3941,0.614621,0.1916,0.2705,0.3086,0.3612,0.4093,0.4697,0.5777,0.6853,0.8121,layer_15,last
583B,German,m_mmlu,m_mmlu_de,0.2604465228541258,5,0.25,524.6958,26.6045,0.614631,0.1869,0.2659,0.3041,0.3572,0.4059,0.4667,0.5754,0.6836,0.8111,layer_15,last
593B,German,m_mmlu,m_mmlu_de,0.2581083119625886,5,0.25,519.3816,26.2214,0.614569,0.1883,0.2677,0.3058,0.3589,0.4074,0.4681,0.5763,0.6843,0.8115,layer_15,last
10B,Hindi,m_mmlu,m_mmlu_hi,0.2680710782343009,5,0.25,18.0609,2.6707,0.845306,0.6082,0.7154,0.7423,0.7775,0.8109,0.8491,0.9006,0.9368,0.9685,layer_15,last
21B,Hindi,m_mmlu,m_mmlu_hi,0.25375894508321944,5,0.25,11.5954,2.2223,0.825689,0.6666,0.7767,0.7972,0.8238,0.8483,0.8763,0.9152,0.9443,0.9715,layer_15,last
31B,Hindi,m_mmlu,m_mmlu_hi,0.26509608426469405,5,0.25,10.8506,2.1511,0.808075,0.6779,0.7869,0.8054,0.8302,0.8528,0.8787,0.9154,0.9436,0.9707,layer_15,last
42B,Hindi,m_mmlu,m_mmlu_hi,0.2632467636889925,5,0.25,12.0335,2.2063,0.799012,0.6696,0.7724,0.7917,0.8177,0.8412,0.8686,0.9075,0.9379,0.9674,layer_15,last
52B,Hindi,m_mmlu,m_mmlu_hi,0.2557690761437646,5,0.25,8.8703,1.9385,0.79758,0.7158,0.8068,0.8233,0.8456,0.8656,0.8886,0.9213,0.947,0.9721,layer_15,last
63B,Hindi,m_mmlu,m_mmlu_hi,0.2648548685374286,5,0.25,7.594,1.8002,0.792809,0.7435,0.8211,0.8354,0.8556,0.8742,0.8955,0.9257,0.9497,0.9733,layer_15,last
73B,Hindi,m_mmlu,m_mmlu_hi,0.25946771729516765,5,0.25,6.713,1.7138,0.789812,0.7624,0.8334,0.8471,0.8659,0.8831,0.9025,0.9304,0.9527,0.9749,layer_15,last
84B,Hindi,m_mmlu,m_mmlu_hi,0.2563319128407172,5,0.25,6.3157,1.6735,0.792599,0.7717,0.839,0.8528,0.871,0.8874,0.9062,0.9331,0.9546,0.9759,layer_15,last
94B,Hindi,m_mmlu,m_mmlu_hi,0.2580204229315751,5,0.25,1.8647,1.147,0.785327,0.9336,0.9533,0.9573,0.9626,0.9674,0.9729,0.9806,0.9868,0.9929,layer_15,last
105B,Hindi,m_mmlu,m_mmlu_hi,0.26630216290102116,5,0.25,5.5752,1.5925,0.786317,0.7914,0.8511,0.8631,0.8801,0.8952,0.9125,0.9372,0.9571,0.9771,layer_15,last
115B,Hindi,m_mmlu,m_mmlu_hi,0.2680710782343009,5,0.25,6.1361,1.6524,0.784902,0.7767,0.8422,0.8553,0.873,0.889,0.9073,0.9334,0.9545,0.9757,layer_15,last
126B,Hindi,m_mmlu,m_mmlu_hi,0.25432178178017206,5,0.25,5.5992,1.6062,0.78416,0.7879,0.8527,0.8651,0.8818,0.8967,0.9138,0.938,0.9577,0.9774,layer_15,last
136B,Hindi,m_mmlu,m_mmlu_hi,0.2597089330224331,5,0.25,5.7486,1.6104,0.780698,0.787,0.8484,0.861,0.878,0.8933,0.9108,0.9359,0.9561,0.9765,layer_15,last
147B,Hindi,m_mmlu,m_mmlu_hi,0.26220149553750904,5,0.25,5.3443,1.5664,0.781646,0.7981,0.8547,0.867,0.8835,0.8981,0.9149,0.9386,0.9579,0.9775,layer_15,last
157B,Hindi,m_mmlu,m_mmlu_hi,0.2680710782343009,5,0.25,6.1007,1.6499,0.781369,0.7773,0.8434,0.8565,0.874,0.8898,0.908,0.9337,0.9546,0.9757,layer_15,last
168B,Hindi,m_mmlu,m_mmlu_hi,0.256412318083139,5,0.25,5.9735,1.6372,0.783626,0.7804,0.8456,0.8584,0.8759,0.8912,0.9091,0.9345,0.9552,0.9761,layer_15,last
178B,Hindi,m_mmlu,m_mmlu_hi,0.2687947254160971,5,0.25,6.0148,1.6371,0.781335,0.7805,0.8438,0.8575,0.8751,0.8908,0.9087,0.9341,0.9548,0.9758,layer_15,last
189B,Hindi,m_mmlu,m_mmlu_hi,0.2618798745678218,5,0.25,7.1969,1.7493,0.778388,0.7546,0.8254,0.8406,0.86,0.8773,0.8973,0.926,0.9493,0.9728,layer_15,last
199B,Hindi,m_mmlu,m_mmlu_hi,0.2669454048403956,5,0.25,6.4385,1.6833,0.773752,0.7695,0.8378,0.8525,0.8705,0.8868,0.9053,0.9314,0.9529,0.9746,layer_15,last
210B,Hindi,m_mmlu,m_mmlu_hi,0.2694379673554716,5,0.25,6.8618,1.7165,0.772669,0.762,0.8304,0.8454,0.8642,0.8811,0.9005,0.928,0.9505,0.9733,layer_15,last
220B,Hindi,m_mmlu,m_mmlu_hi,0.258502854386106,5,0.25,6.1968,1.6558,0.773134,0.776,0.841,0.8553,0.8731,0.8889,0.9069,0.9326,0.9536,0.975,layer_15,last
231B,Hindi,m_mmlu,m_mmlu_hi,0.2640508161132106,5,0.25,6.398,1.6802,0.771765,0.7701,0.8388,0.8529,0.8707,0.8867,0.905,0.9311,0.9525,0.9744,layer_15,last
241B,Hindi,m_mmlu,m_mmlu_hi,0.26517648950711586,5,0.25,7.4175,1.7745,0.76843,0.7491,0.8232,0.8389,0.8588,0.8763,0.8964,0.9251,0.9484,0.9721,layer_15,last
252B,Hindi,m_mmlu,m_mmlu_hi,0.2532765136286886,5,0.25,5.8232,1.6244,0.781572,0.7834,0.8477,0.8612,0.8784,0.8936,0.911,0.9356,0.9558,0.9763,layer_15,last
262B,Hindi,m_mmlu,m_mmlu_hi,0.2616386588405564,5,0.25,5.5246,1.5949,0.781682,0.7908,0.853,0.8662,0.8828,0.8975,0.9142,0.9379,0.9573,0.9771,layer_15,last
273B,Hindi,m_mmlu,m_mmlu_hi,0.253517729355954,5,0.25,5.5007,1.5899,0.781999,0.7921,0.8532,0.8663,0.883,0.8978,0.9145,0.9381,0.9574,0.9772,layer_15,last
283B,Hindi,m_mmlu,m_mmlu_hi,0.253919755568063,5,0.25,5.2956,1.5711,0.782782,0.7968,0.8572,0.8702,0.8866,0.901,0.9172,0.94,0.9587,0.9779,layer_15,last
294B,Hindi,m_mmlu,m_mmlu_hi,0.2518292192650961,5,0.25,5.2076,1.5652,0.78085,0.7983,0.8598,0.8724,0.8884,0.9024,0.9183,0.9407,0.9592,0.9781,layer_15,last
304B,Hindi,m_mmlu,m_mmlu_hi,0.25938731205274584,5,0.25,4.7584,1.5187,0.78432,0.8106,0.8688,0.8805,0.8956,0.9088,0.9238,0.9448,0.9621,0.9797,layer_15,last
315B,Hindi,m_mmlu,m_mmlu_hi,0.2584224491436842,5,0.25,4.5249,1.4909,0.785425,0.8182,0.8732,0.8846,0.8991,0.9119,0.9263,0.9466,0.9633,0.9804,layer_15,last
325B,Hindi,m_mmlu,m_mmlu_hi,0.264292031840476,5,0.25,4.5116,1.4889,0.784867,0.8188,0.8735,0.8846,0.899,0.9118,0.9262,0.9466,0.9633,0.9803,layer_15,last
334B,Hindi,m_mmlu,m_mmlu_hi,0.25954812253758947,5,0.25,4.3757,1.4756,0.78882,0.8225,0.8767,0.8876,0.9018,0.9143,0.9283,0.9482,0.9644,0.981,layer_15,last
342B,Hindi,m_mmlu,m_mmlu_hi,0.2527940821741578,5,0.25,4.1729,1.4536,0.787956,0.8287,0.8816,0.8921,0.9056,0.9176,0.931,0.9501,0.9657,0.9817,layer_15,last
352B,Hindi,m_mmlu,m_mmlu_hi,0.2572163705073571,5,0.25,4.0076,1.4343,0.790812,0.8343,0.8852,0.8954,0.9086,0.9202,0.9333,0.9518,0.9669,0.9824,layer_15,last
363B,Hindi,m_mmlu,m_mmlu_hi,0.26614135241617753,5,0.25,4.1343,1.4475,0.787588,0.8305,0.8821,0.8926,0.9061,0.918,0.9314,0.9503,0.9659,0.9818,layer_15,last
373B,Hindi,m_mmlu,m_mmlu_hi,0.25665353381040446,5,0.25,3.9984,1.4347,0.791402,0.8342,0.8855,0.896,0.9092,0.9208,0.9338,0.9521,0.9671,0.9825,layer_15,last
384B,Hindi,m_mmlu,m_mmlu_hi,0.258502854386106,5,0.25,3.9124,1.4233,0.789436,0.8376,0.8875,0.8977,0.9107,0.922,0.9347,0.9527,0.9675,0.9827,layer_15,last
394B,Hindi,m_mmlu,m_mmlu_hi,0.2549650237195465,5,0.25,3.7666,1.4041,0.790223,0.8433,0.8906,0.9004,0.913,0.924,0.9365,0.954,0.9684,0.9832,layer_15,last
405B,Hindi,m_mmlu,m_mmlu_hi,0.25432178178017206,5,0.25,3.755,1.4029,0.792396,0.8437,0.8908,0.9008,0.9134,0.9245,0.9369,0.9543,0.9687,0.9834,layer_15,last
415B,Hindi,m_mmlu,m_mmlu_hi,0.2558494813861864,5,0.25,3.6815,1.3944,0.792412,0.8463,0.8928,0.9026,0.9149,0.9257,0.9379,0.9551,0.9692,0.9837,layer_15,last
426B,Hindi,m_mmlu,m_mmlu_hi,0.2545629975074375,5,0.25,3.5517,1.3765,0.791563,0.8519,0.8957,0.9052,0.9171,0.9276,0.9395,0.9562,0.9699,0.984,layer_15,last
436B,Hindi,m_mmlu,m_mmlu_hi,0.2558494813861864,5,0.25,3.5383,1.3768,0.79433,0.8517,0.8964,0.9059,0.9178,0.9283,0.94,0.9567,0.9703,0.9843,layer_15,last
447B,Hindi,m_mmlu,m_mmlu_hi,0.26107582214360375,5,0.25,3.5169,1.3748,0.793314,0.8524,0.8972,0.9065,0.9184,0.9288,0.9405,0.957,0.9705,0.9844,layer_15,last
457B,Hindi,m_mmlu,m_mmlu_hi,0.25295489265900134,5,0.25,3.4695,1.3685,0.793306,0.8543,0.8983,0.9076,0.9193,0.9295,0.9411,0.9574,0.9708,0.9845,layer_15,last
468B,Hindi,m_mmlu,m_mmlu_hi,0.25319610838626677,5,0.25,3.4497,1.3663,0.794348,0.855,0.8989,0.9081,0.9197,0.9299,0.9414,0.9576,0.971,0.9846,layer_15,last
478B,Hindi,m_mmlu,m_mmlu_hi,0.2507839511136126,5,0.25,3.4076,1.3618,0.7948,0.8565,0.9002,0.9093,0.9208,0.9309,0.9423,0.9583,0.9714,0.9849,layer_15,last
489B,Hindi,m_mmlu,m_mmlu_hi,0.25367853984079763,5,0.25,3.4745,1.3709,0.795267,0.8536,0.8985,0.9078,0.9195,0.9298,0.9414,0.9577,0.971,0.9847,layer_15,last
499B,Hindi,m_mmlu,m_mmlu_hi,0.26348797941625796,5,0.25,3.4318,1.3645,0.795774,0.8556,0.8994,0.9086,0.9202,0.9304,0.9418,0.958,0.9712,0.9848,layer_15,last
510B,Hindi,m_mmlu,m_mmlu_hi,0.25705556002251345,5,0.25,3.3565,1.3564,0.79687,0.8582,0.9018,0.9107,0.9221,0.9321,0.9433,0.959,0.972,0.9852,layer_15,last
520B,Hindi,m_mmlu,m_mmlu_hi,0.25713596526493526,5,0.25,3.317,1.3496,0.795889,0.8604,0.9025,0.9114,0.9226,0.9325,0.9436,0.9592,0.9721,0.9852,layer_15,last
531B,Hindi,m_mmlu,m_mmlu_hi,0.2665433786282866,5,0.25,3.2841,1.346,0.796741,0.8615,0.9036,0.9124,0.9235,0.9332,0.9442,0.9597,0.9724,0.9854,layer_15,last
541B,Hindi,m_mmlu,m_mmlu_hi,0.2585832596285278,5,0.25,3.224,1.3381,0.797296,0.8641,0.9051,0.9138,0.9247,0.9343,0.9451,0.9604,0.9729,0.9857,layer_15,last
552B,Hindi,m_mmlu,m_mmlu_hi,0.2591460963254804,5,0.25,3.1965,1.3347,0.798012,0.8652,0.906,0.9145,0.9253,0.9348,0.9455,0.9607,0.9731,0.9858,layer_15,last
562B,Hindi,m_mmlu,m_mmlu_hi,0.2563319128407172,5,0.25,3.1403,1.3283,0.797977,0.8673,0.9078,0.9163,0.9269,0.9363,0.9467,0.9615,0.9737,0.9861,layer_15,last
573B,Hindi,m_mmlu,m_mmlu_hi,0.2552062394468119,5,0.25,3.0875,1.3213,0.798533,0.8696,0.9093,0.9176,0.928,0.9372,0.9475,0.9621,0.9741,0.9863,layer_15,last
583B,Hindi,m_mmlu,m_mmlu_hi,0.26332716893141433,5,0.25,3.0923,1.3221,0.798824,0.8693,0.9091,0.9175,0.9279,0.9372,0.9475,0.9621,0.9741,0.9864,layer_15,last
593B,Hindi,m_mmlu,m_mmlu_hi,0.25536704993165554,5,0.25,3.0578,1.3175,0.799002,0.8708,0.9101,0.9184,0.9288,0.9379,0.9481,0.9626,0.9744,0.9865,layer_15,last
10B,Indonesian,m_mmlu,m_mmlu_id,0.2722692924204259,5,0.25,297.7179,32.1748,0.838729,0.1354,0.3215,0.3826,0.4536,0.515,0.589,0.7107,0.8113,0.9065,layer_15,last
21B,Indonesian,m_mmlu,m_mmlu_id,0.26677352873826427,5,0.25,276.5289,19.1601,0.819297,0.2153,0.3359,0.3906,0.4531,0.5085,0.5754,0.689,0.7904,0.8938,layer_15,last
31B,Indonesian,m_mmlu,m_mmlu_id,0.2602091443401267,5,0.25,236.3859,15.4565,0.804976,0.2416,0.3679,0.4194,0.4786,0.5298,0.591,0.6961,0.7925,0.8933,layer_15,last
42B,Indonesian,m_mmlu,m_mmlu_id,0.2699030608350508,5,0.25,212.8628,12.7014,0.794752,0.2715,0.3848,0.4328,0.4889,0.5384,0.5974,0.6988,0.7926,0.8922,layer_15,last
52B,Indonesian,m_mmlu,m_mmlu_id,0.2570032821921991,5,0.25,194.9334,11.2112,0.794713,0.2907,0.4,0.4459,0.499,0.5456,0.6022,0.7007,0.7931,0.8924,layer_15,last
63B,Indonesian,m_mmlu,m_mmlu_id,0.26677352873826427,5,0.25,193.2231,11.5077,0.784721,0.2861,0.4049,0.4523,0.5054,0.5524,0.6079,0.7039,0.7943,0.8921,layer_15,last
73B,Indonesian,m_mmlu,m_mmlu_id,0.2719639722158614,5,0.25,173.1283,9.8832,0.786723,0.3115,0.4178,0.4637,0.5172,0.5629,0.6166,0.7096,0.798,0.8942,layer_15,last
84B,Indonesian,m_mmlu,m_mmlu_id,0.2653995878177238,5,0.25,162.1145,9.2295,0.785323,0.3228,0.4264,0.4731,0.5246,0.5693,0.6224,0.7139,0.8008,0.8955,layer_15,last
94B,Indonesian,m_mmlu,m_mmlu_id,0.27074269139760326,5,0.25,3.6239,1.3752,0.781431,0.8522,0.8944,0.9046,0.9144,0.9226,0.9322,0.9485,0.9641,0.981,layer_15,last
105B,Indonesian,m_mmlu,m_mmlu_id,0.27051370124417984,5,0.25,154.7423,8.7866,0.782658,0.3311,0.4347,0.4797,0.5303,0.5742,0.6259,0.7157,0.8016,0.8956,layer_15,last
115B,Indonesian,m_mmlu,m_mmlu_id,0.27303259293183724,5,0.25,151.5649,8.645,0.773303,0.3343,0.4353,0.4836,0.5354,0.5793,0.6305,0.7187,0.803,0.8957,layer_15,last
126B,Indonesian,m_mmlu,m_mmlu_id,0.26081978474925577,5,0.25,142.7036,8.1844,0.778375,0.3438,0.4462,0.4919,0.5417,0.5845,0.6349,0.7221,0.8058,0.8975,layer_15,last
136B,Indonesian,m_mmlu,m_mmlu_id,0.27074269139760326,5,0.25,148.6339,8.4352,0.77885,0.3387,0.4396,0.4841,0.537,0.5805,0.6314,0.719,0.8033,0.8962,layer_15,last
147B,Indonesian,m_mmlu,m_mmlu_id,0.2617357453629494,5,0.25,153.6795,8.9593,0.774584,0.3274,0.4381,0.485,0.5357,0.5792,0.6302,0.7181,0.8025,0.8954,layer_15,last
157B,Indonesian,m_mmlu,m_mmlu_id,0.26959774063048625,5,0.25,151.6691,8.8096,0.773491,0.3305,0.4379,0.4851,0.5371,0.5812,0.6323,0.7196,0.8033,0.8957,layer_15,last
168B,Indonesian,m_mmlu,m_mmlu_id,0.24830165636210977,5,0.25,147.4072,8.7376,0.774213,0.3317,0.4419,0.4893,0.5431,0.5878,0.6382,0.7245,0.8069,0.8977,layer_15,last
178B,Indonesian,m_mmlu,m_mmlu_id,0.2704373711930387,5,0.25,149.962,8.7807,0.772509,0.331,0.44,0.4877,0.5397,0.5838,0.6347,0.7216,0.8046,0.8963,layer_15,last
189B,Indonesian,m_mmlu,m_mmlu_id,0.2635676665903366,5,0.25,154.9554,9.054,0.768505,0.326,0.435,0.4831,0.5368,0.5818,0.6333,0.7202,0.8035,0.8954,layer_15,last
199B,Indonesian,m_mmlu,m_mmlu_id,0.26646820853369974,5,0.25,149.2099,8.6859,0.76751,0.3331,0.4394,0.487,0.5407,0.5852,0.6359,0.722,0.8046,0.8959,layer_15,last
210B,Indonesian,m_mmlu,m_mmlu_id,0.2679948095565224,5,0.25,149.9218,8.6598,0.770102,0.3337,0.4396,0.4872,0.5394,0.5828,0.6332,0.7197,0.803,0.8952,layer_15,last
220B,Indonesian,m_mmlu,m_mmlu_id,0.2678421494542401,5,0.25,145.8815,8.7008,0.765253,0.3323,0.4425,0.4933,0.5468,0.5907,0.6405,0.7253,0.8066,0.8968,layer_15,last
231B,Indonesian,m_mmlu,m_mmlu_id,0.2698267307839096,5,0.25,152.7995,8.9842,0.764067,0.3271,0.4355,0.4847,0.5398,0.5849,0.636,0.7219,0.8041,0.8952,layer_15,last
241B,Indonesian,m_mmlu,m_mmlu_id,0.2542554003511182,5,0.25,156.6834,9.4551,0.761297,0.3176,0.4337,0.4849,0.5398,0.5849,0.6358,0.7213,0.8036,0.8948,layer_15,last
252B,Indonesian,m_mmlu,m_mmlu_id,0.2545607205556828,5,0.25,150.3148,9.11,0.773407,0.3241,0.4379,0.4893,0.5448,0.5894,0.6401,0.7251,0.807,0.8974,layer_15,last
262B,Indonesian,m_mmlu,m_mmlu_id,0.2674604991985345,5,0.25,149.8391,9.0065,0.772752,0.3264,0.4369,0.4884,0.5447,0.5895,0.6403,0.7254,0.8071,0.8974,layer_15,last
273B,Indonesian,m_mmlu,m_mmlu_id,0.2650179375620182,5,0.25,160.6088,9.554,0.77261,0.3163,0.4274,0.4782,0.5349,0.5803,0.632,0.7189,0.8025,0.895,layer_15,last
283B,Indonesian,m_mmlu,m_mmlu_id,0.26204106556751394,5,0.25,171.0075,10.4755,0.775163,0.3001,0.4199,0.4719,0.5296,0.5752,0.6274,0.7152,0.8,0.8938,layer_15,last
294B,Indonesian,m_mmlu,m_mmlu_id,0.25478971070910617,5,0.25,174.6519,10.7777,0.775533,0.2956,0.4171,0.4693,0.5278,0.574,0.6265,0.7146,0.7998,0.8938,layer_15,last
304B,Indonesian,m_mmlu,m_mmlu_id,0.26684985878940537,5,0.25,177.3055,11.0534,0.775863,0.2917,0.4133,0.4682,0.5272,0.5736,0.6266,0.7151,0.8002,0.894,layer_15,last
315B,Indonesian,m_mmlu,m_mmlu_id,0.2599038241355622,5,0.25,174.4905,10.8111,0.776881,0.2953,0.4154,0.4699,0.5286,0.5747,0.6274,0.7156,0.8007,0.8944,layer_15,last
325B,Indonesian,m_mmlu,m_mmlu_id,0.27097168155102663,5,0.25,182.0356,11.3318,0.776563,0.2879,0.4092,0.4639,0.5233,0.5702,0.6236,0.7129,0.7987,0.8933,layer_15,last
334B,Indonesian,m_mmlu,m_mmlu_id,0.2713533318067323,5,0.25,182.0012,11.5078,0.777531,0.2852,0.4094,0.4654,0.5251,0.5716,0.6246,0.7137,0.7994,0.8938,layer_15,last
342B,Indonesian,m_mmlu,m_mmlu_id,0.2673841691473933,5,0.25,179.0671,11.2787,0.77711,0.2884,0.4109,0.4683,0.5273,0.5734,0.6261,0.7148,0.8001,0.8942,layer_15,last
352B,Indonesian,m_mmlu,m_mmlu_id,0.26074345469811466,5,0.25,179.6006,11.2152,0.782811,0.2896,0.4098,0.4663,0.5256,0.5718,0.6247,0.7138,0.7999,0.8945,layer_15,last
363B,Indonesian,m_mmlu,m_mmlu_id,0.26081978474925577,5,0.25,185.6577,11.5377,0.778535,0.2854,0.4042,0.4606,0.5209,0.568,0.6215,0.7115,0.7979,0.8931,layer_15,last
373B,Indonesian,m_mmlu,m_mmlu_id,0.260361804442409,5,0.25,179.4849,11.1292,0.782511,0.291,0.41,0.4648,0.5246,0.5713,0.6246,0.7141,0.8001,0.8946,layer_15,last
384B,Indonesian,m_mmlu,m_mmlu_id,0.26127776505610256,5,0.25,185.3053,11.5125,0.781428,0.2858,0.4045,0.4606,0.5207,0.568,0.6215,0.7115,0.7982,0.8936,layer_15,last
394B,Indonesian,m_mmlu,m_mmlu_id,0.26081978474925577,5,0.25,182.7735,11.4366,0.77991,0.2867,0.4066,0.4629,0.523,0.5705,0.6242,0.7138,0.7998,0.8944,layer_15,last
405B,Indonesian,m_mmlu,m_mmlu_id,0.2682237997099458,5,0.25,184.1186,11.5224,0.784665,0.2855,0.4052,0.4616,0.5218,0.5691,0.6228,0.7129,0.7995,0.8946,layer_15,last
415B,Indonesian,m_mmlu,m_mmlu_id,0.25761392260132815,5,0.25,187.1718,11.7658,0.783153,0.2821,0.4036,0.4592,0.5198,0.5673,0.6214,0.7118,0.7987,0.8941,layer_15,last
426B,Indonesian,m_mmlu,m_mmlu_id,0.2602091443401267,5,0.25,190.8082,12.0019,0.782455,0.2792,0.3999,0.4568,0.5176,0.5653,0.6196,0.7103,0.7976,0.8934,layer_15,last
436B,Indonesian,m_mmlu,m_mmlu_id,0.2650942676131593,5,0.25,185.975,11.757,0.784307,0.2822,0.4036,0.4603,0.5211,0.5689,0.623,0.7133,0.7999,0.8948,layer_15,last
447B,Indonesian,m_mmlu,m_mmlu_id,0.2574612624990459,5,0.25,184.7788,11.6228,0.78373,0.284,0.405,0.4612,0.5216,0.569,0.6228,0.7131,0.7997,0.8947,layer_15,last
457B,Indonesian,m_mmlu,m_mmlu_id,0.25433173040225937,5,0.25,187.1397,11.9158,0.784262,0.28,0.4032,0.4604,0.521,0.5685,0.6226,0.7129,0.7996,0.8946,layer_15,last
468B,Indonesian,m_mmlu,m_mmlu_id,0.26318601633463096,5,0.25,187.0264,11.745,0.785781,0.2827,0.4019,0.459,0.5198,0.5676,0.6218,0.7124,0.7994,0.8947,layer_15,last
478B,Indonesian,m_mmlu,m_mmlu_id,0.251278528356614,5,0.25,187.3255,12.0275,0.786479,0.2784,0.4023,0.4604,0.5215,0.5692,0.6233,0.7137,0.8003,0.8952,layer_15,last
489B,Indonesian,m_mmlu,m_mmlu_id,0.26272803602778416,5,0.25,191.4082,12.4526,0.784999,0.273,0.3995,0.4586,0.5199,0.5678,0.6221,0.7127,0.7995,0.8947,layer_15,last
499B,Indonesian,m_mmlu,m_mmlu_id,0.2641783069994657,5,0.25,187.6034,11.9923,0.786553,0.279,0.4022,0.4599,0.5208,0.5685,0.6228,0.7133,0.8002,0.8953,layer_15,last
510B,Indonesian,m_mmlu,m_mmlu_id,0.2597511640332799,5,0.25,187.8263,11.9504,0.787412,0.2797,0.4016,0.459,0.5201,0.5678,0.6221,0.713,0.8001,0.8952,layer_15,last
520B,Indonesian,m_mmlu,m_mmlu_id,0.25242347912373103,5,0.25,190.7523,12.1829,0.786739,0.2767,0.3993,0.4569,0.5181,0.5662,0.6209,0.7119,0.7992,0.8947,layer_15,last
531B,Indonesian,m_mmlu,m_mmlu_id,0.25799557285703384,5,0.25,189.4623,12.2694,0.788006,0.2752,0.4008,0.459,0.5201,0.5681,0.6226,0.7133,0.8004,0.8955,layer_15,last
541B,Indonesian,m_mmlu,m_mmlu_id,0.26295702618120753,5,0.25,188.9476,12.1811,0.788013,0.2764,0.4012,0.459,0.5202,0.568,0.6225,0.7133,0.8004,0.8955,layer_15,last
552B,Indonesian,m_mmlu,m_mmlu_id,0.2599801541867033,5,0.25,192.2017,12.4107,0.788556,0.2736,0.3987,0.4562,0.5177,0.5659,0.6207,0.712,0.7996,0.8951,layer_15,last
562B,Indonesian,m_mmlu,m_mmlu_id,0.24891229677123883,5,0.25,190.2435,12.2772,0.788795,0.2753,0.3998,0.4581,0.5192,0.5672,0.6217,0.7128,0.8001,0.8955,layer_15,last
573B,Indonesian,m_mmlu,m_mmlu_id,0.27051370124417984,5,0.25,190.6005,12.3291,0.788936,0.2746,0.3996,0.4579,0.5191,0.5671,0.6217,0.7129,0.8003,0.8956,layer_15,last
583B,Indonesian,m_mmlu,m_mmlu_id,0.2686817800167926,5,0.25,191.3123,12.3323,0.789868,0.2747,0.3986,0.4565,0.5182,0.5665,0.6214,0.7127,0.8002,0.8955,layer_15,last
593B,Indonesian,m_mmlu,m_mmlu_id,0.2647126173574536,5,0.25,191.0613,12.3663,0.789831,0.2741,0.399,0.4571,0.5187,0.5668,0.6216,0.7129,0.8003,0.8956,layer_15,last
10B,Italian,m_mmlu,m_mmlu_it,0.27113394273626956,5,0.25,782.7573,143.8531,0.712323,0.0524,0.1533,0.2049,0.2788,0.3477,0.4373,0.5884,0.7184,0.8467,layer_15,last
21B,Italian,m_mmlu,m_mmlu_it,0.2627483568784468,5,0.25,707.9668,72.3458,0.677399,0.1011,0.1966,0.2423,0.3066,0.3653,0.4416,0.5747,0.6976,0.8293,layer_15,last
31B,Italian,m_mmlu,m_mmlu_it,0.2652413688902319,5,0.25,651.5126,53.0698,0.663242,0.124,0.2188,0.2624,0.3226,0.3782,0.4496,0.5752,0.6938,0.8247,layer_15,last
42B,Italian,m_mmlu,m_mmlu_it,0.263805998337992,5,0.25,611.7204,42.0557,0.652444,0.1438,0.2323,0.2739,0.332,0.3857,0.4546,0.5761,0.6921,0.8219,layer_15,last
52B,Italian,m_mmlu,m_mmlu_it,0.2603308906852006,5,0.25,548.2971,31.8688,0.650782,0.1691,0.2521,0.2919,0.3473,0.3985,0.4642,0.5816,0.6951,0.8234,layer_15,last
63B,Italian,m_mmlu,m_mmlu_it,0.26584573543854345,5,0.25,524.7036,29.9793,0.645779,0.1746,0.2604,0.3011,0.357,0.4076,0.4722,0.5865,0.6975,0.8238,layer_15,last
73B,Italian,m_mmlu,m_mmlu_it,0.2626728110599078,5,0.25,493.7441,26.172,0.643839,0.1885,0.2704,0.3109,0.3652,0.4145,0.4773,0.5894,0.6989,0.8243,layer_15,last
84B,Italian,m_mmlu,m_mmlu_it,0.2546649542947798,5,0.25,470.687,24.7194,0.64502,0.1941,0.2782,0.3191,0.3736,0.4226,0.4847,0.5952,0.7033,0.8269,layer_15,last
94B,Italian,m_mmlu,m_mmlu_it,0.2645614565233814,5,0.25,454.1331,23.4118,0.640611,0.1998,0.2837,0.3257,0.3804,0.4292,0.4902,0.5987,0.7051,0.8273,layer_15,last
105B,Italian,m_mmlu,m_mmlu_it,0.2625972652413689,5,0.25,432.2837,21.1779,0.640445,0.2113,0.2914,0.3325,0.3861,0.4338,0.4937,0.6008,0.7064,0.8281,layer_15,last
115B,Italian,m_mmlu,m_mmlu_it,0.2701518470952633,5,0.25,431.2462,21.017,0.639267,0.2122,0.2914,0.3328,0.3862,0.4343,0.4942,0.6011,0.7064,0.8279,layer_15,last
126B,Italian,m_mmlu,m_mmlu_it,0.2687920223615623,5,0.25,432.8918,21.6512,0.638876,0.2083,0.2929,0.3348,0.3884,0.4356,0.4949,0.6008,0.7059,0.8275,layer_15,last
136B,Italian,m_mmlu,m_mmlu_it,0.26350381506383624,5,0.25,360.8109,17.0915,0.639121,0.2362,0.3183,0.3616,0.4163,0.4621,0.5188,0.6197,0.7197,0.8355,layer_15,last
147B,Italian,m_mmlu,m_mmlu_it,0.26561909798292666,5,0.25,413.2974,20.0519,0.637132,0.2172,0.2992,0.3421,0.3949,0.4418,0.5001,0.6044,0.7082,0.8286,layer_15,last
157B,Italian,m_mmlu,m_mmlu_it,0.2633527234267583,5,0.25,419.5068,21.0953,0.636814,0.2111,0.2951,0.3397,0.3949,0.4432,0.5025,0.6067,0.7099,0.8294,layer_15,last
168B,Italian,m_mmlu,m_mmlu_it,0.25859333685880487,5,0.25,397.2904,19.398,0.638933,0.221,0.3025,0.3469,0.4021,0.4497,0.5081,0.6113,0.7135,0.8318,layer_15,last
178B,Italian,m_mmlu,m_mmlu_it,0.26803656417617283,5,0.25,392.7921,19.4188,0.638399,0.2206,0.3045,0.3504,0.4055,0.4529,0.511,0.6133,0.7149,0.8325,layer_15,last
189B,Italian,m_mmlu,m_mmlu_it,0.263805998337992,5,0.25,420.1286,20.7235,0.636786,0.2136,0.2927,0.3393,0.3938,0.4418,0.5009,0.6051,0.7085,0.8287,layer_15,last
199B,Italian,m_mmlu,m_mmlu_it,0.2715872176475032,5,0.25,416.7995,20.6783,0.633994,0.2134,0.2965,0.3422,0.3965,0.4437,0.5019,0.6052,0.7081,0.828,layer_15,last
210B,Italian,m_mmlu,m_mmlu_it,0.26577018962000454,5,0.25,428.2311,21.7685,0.634174,0.2075,0.2922,0.3388,0.3937,0.4414,0.5,0.6036,0.7069,0.8273,layer_15,last
220B,Italian,m_mmlu,m_mmlu_it,0.26833874745032865,5,0.25,397.2008,19.6754,0.634408,0.2189,0.3038,0.3504,0.4049,0.4519,0.5095,0.6111,0.7124,0.8306,layer_15,last
231B,Italian,m_mmlu,m_mmlu_it,0.2695474805469517,5,0.25,400.2442,20.5928,0.634094,0.2131,0.3022,0.3511,0.4064,0.454,0.5119,0.6134,0.7141,0.8313,layer_15,last
241B,Italian,m_mmlu,m_mmlu_it,0.2645614565233814,5,0.25,426.8982,22.7536,0.633185,0.2017,0.2921,0.3423,0.3981,0.4464,0.5049,0.6072,0.7092,0.8284,layer_15,last
252B,Italian,m_mmlu,m_mmlu_it,0.2655435521643877,5,0.25,379.8226,19.2954,0.638506,0.2207,0.3099,0.3594,0.4144,0.4616,0.5186,0.6184,0.7179,0.8341,layer_15,last
262B,Italian,m_mmlu,m_mmlu_it,0.2604819823222785,5,0.25,395.6617,20.3809,0.636544,0.2142,0.3037,0.3539,0.409,0.4565,0.5136,0.614,0.7144,0.8318,layer_15,last
273B,Italian,m_mmlu,m_mmlu_it,0.2659212812570824,5,0.25,424.6121,22.604,0.635668,0.2026,0.2922,0.3431,0.3992,0.4475,0.5057,0.6076,0.7095,0.8288,layer_15,last
283B,Italian,m_mmlu,m_mmlu_it,0.2632771776082194,5,0.25,432.4615,24.3394,0.635614,0.1933,0.2912,0.3435,0.3996,0.4477,0.5058,0.6075,0.7094,0.8287,layer_15,last
294B,Italian,m_mmlu,m_mmlu_it,0.2675832892649392,5,0.25,456.5643,26.197,0.636426,0.186,0.281,0.3341,0.3911,0.4399,0.4986,0.6019,0.7054,0.8265,layer_15,last
304B,Italian,m_mmlu,m_mmlu_it,0.27264485910704844,5,0.25,438.2645,24.4974,0.63789,0.1932,0.2876,0.3399,0.3965,0.4451,0.5034,0.6059,0.7085,0.8286,layer_15,last
315B,Italian,m_mmlu,m_mmlu_it,0.2675077434464002,5,0.25,438.6645,24.5018,0.638348,0.1933,0.2871,0.3394,0.3965,0.4452,0.5035,0.6059,0.7085,0.8286,layer_15,last
325B,Italian,m_mmlu,m_mmlu_it,0.26350381506383624,5,0.25,451.1616,26.0046,0.638735,0.1868,0.2818,0.3355,0.393,0.4425,0.5014,0.6046,0.7076,0.828,layer_15,last
334B,Italian,m_mmlu,m_mmlu_it,0.2708317594621138,5,0.25,444.1416,25.4123,0.639097,0.1891,0.2852,0.338,0.3955,0.4446,0.5032,0.6058,0.7085,0.8287,layer_15,last
342B,Italian,m_mmlu,m_mmlu_it,0.2703029387323412,5,0.25,439.5062,24.9626,0.639416,0.191,0.2866,0.3396,0.3971,0.446,0.5043,0.6067,0.7092,0.8291,layer_15,last
352B,Italian,m_mmlu,m_mmlu_it,0.2638815441565309,5,0.25,440.857,25.2353,0.640979,0.1899,0.2852,0.3383,0.3969,0.4463,0.5049,0.6073,0.7099,0.8297,layer_15,last
363B,Italian,m_mmlu,m_mmlu_it,0.2666011936239329,5,0.25,439.2212,25.517,0.639738,0.1883,0.2864,0.3396,0.3985,0.448,0.5067,0.6088,0.7108,0.83,layer_15,last
373B,Italian,m_mmlu,m_mmlu_it,0.25602477902848075,5,0.25,437.2226,25.5548,0.641128,0.1878,0.2884,0.3414,0.3993,0.4485,0.5068,0.6089,0.711,0.8305,layer_15,last
384B,Italian,m_mmlu,m_mmlu_it,0.2675832892649392,5,0.25,448.431,25.967,0.641023,0.1868,0.2837,0.3364,0.3944,0.4438,0.5024,0.6051,0.7082,0.8288,layer_15,last
394B,Italian,m_mmlu,m_mmlu_it,0.261161894689129,5,0.25,439.6601,25.3938,0.641209,0.1889,0.287,0.3399,0.3976,0.4469,0.5054,0.6077,0.7102,0.83,layer_15,last
405B,Italian,m_mmlu,m_mmlu_it,0.2588199743144217,5,0.25,439.3869,25.5797,0.642712,0.1879,0.2876,0.3404,0.3977,0.447,0.5055,0.6079,0.7106,0.8305,layer_15,last
415B,Italian,m_mmlu,m_mmlu_it,0.2758177834856841,5,0.25,445.1098,26.1264,0.64166,0.1857,0.2855,0.3385,0.3963,0.4456,0.5041,0.6066,0.7093,0.8296,layer_15,last
426B,Italian,m_mmlu,m_mmlu_it,0.2617662612374405,5,0.25,447.9091,26.1185,0.641781,0.186,0.2838,0.3369,0.395,0.4443,0.5029,0.6056,0.7087,0.8292,layer_15,last
436B,Italian,m_mmlu,m_mmlu_it,0.261161894689129,5,0.25,438.1432,25.916,0.64336,0.1862,0.288,0.3411,0.3993,0.4487,0.5072,0.6094,0.7117,0.8312,layer_15,last
447B,Italian,m_mmlu,m_mmlu_it,0.2496789302712095,5,0.25,444.1236,26.0926,0.642683,0.1859,0.2853,0.3383,0.3965,0.4461,0.5048,0.6073,0.71,0.8302,layer_15,last
457B,Italian,m_mmlu,m_mmlu_it,0.24491954370325603,5,0.25,441.4138,26.1549,0.643438,0.1853,0.2865,0.3398,0.398,0.4476,0.5062,0.6085,0.711,0.8308,layer_15,last
468B,Italian,m_mmlu,m_mmlu_it,0.25375840447231246,5,0.25,443.8405,26.2645,0.644039,0.185,0.2856,0.3386,0.3969,0.4464,0.5051,0.6077,0.7105,0.8306,layer_15,last
478B,Italian,m_mmlu,m_mmlu_it,0.24567500188864547,5,0.25,445.8784,26.443,0.644375,0.1844,0.2841,0.3377,0.3961,0.4458,0.5047,0.6075,0.7104,0.8306,layer_15,last
489B,Italian,m_mmlu,m_mmlu_it,0.25791342449195437,5,0.25,444.0033,26.7407,0.644492,0.1828,0.2855,0.3393,0.3979,0.4475,0.506,0.6085,0.7112,0.8311,layer_15,last
499B,Italian,m_mmlu,m_mmlu_it,0.2696230263654907,5,0.25,446.283,26.4772,0.645031,0.1843,0.284,0.3374,0.3958,0.4456,0.5044,0.6073,0.7104,0.8308,layer_15,last
510B,Italian,m_mmlu,m_mmlu_it,0.26063307395935637,5,0.25,445.3787,26.7443,0.645364,0.183,0.2847,0.3382,0.3968,0.4466,0.5055,0.6083,0.7112,0.8312,layer_15,last
520B,Italian,m_mmlu,m_mmlu_it,0.25738460376218175,5,0.25,445.7897,26.6807,0.644895,0.1832,0.2848,0.338,0.3964,0.4463,0.5051,0.6079,0.7108,0.831,layer_15,last
531B,Italian,m_mmlu,m_mmlu_it,0.26101080305205104,5,0.25,443.3455,26.6707,0.646058,0.1831,0.2854,0.339,0.3975,0.4474,0.5063,0.609,0.7118,0.8317,layer_15,last
541B,Italian,m_mmlu,m_mmlu_it,0.26856538490594545,5,0.25,434.4204,25.9592,0.646368,0.1858,0.2892,0.3424,0.401,0.4505,0.5088,0.6109,0.7132,0.8326,layer_15,last
552B,Italian,m_mmlu,m_mmlu_it,0.26645010198685504,5,0.25,443.2209,26.905,0.64634,0.1819,0.2863,0.3397,0.3982,0.4478,0.5063,0.6088,0.7117,0.8317,layer_15,last
562B,Italian,m_mmlu,m_mmlu_it,0.26373045251945304,5,0.25,438.2942,26.3858,0.646939,0.184,0.2878,0.3412,0.3996,0.4492,0.5076,0.61,0.7127,0.8324,layer_15,last
573B,Italian,m_mmlu,m_mmlu_it,0.26425927324922566,5,0.25,437.3919,26.13,0.647246,0.1852,0.2879,0.3412,0.3994,0.449,0.5075,0.61,0.7128,0.8325,layer_15,last
583B,Italian,m_mmlu,m_mmlu_it,0.26509027725315404,5,0.25,438.8124,26.3302,0.647176,0.1844,0.2869,0.3405,0.3992,0.449,0.5076,0.6101,0.7128,0.8325,layer_15,last
593B,Italian,m_mmlu,m_mmlu_it,0.26153962378182366,5,0.25,436.6278,26.2652,0.647195,0.1845,0.2882,0.3417,0.4001,0.4498,0.5083,0.6108,0.7133,0.8327,layer_15,last
10B,Spanish,m_mmlu,m_mmlu_es,0.2689365531723414,5,0.25,684.2182,92.8648,0.724996,0.076,0.1825,0.2252,0.298,0.3669,0.4545,0.6032,0.7305,0.8548,layer_15,last
21B,Spanish,m_mmlu,m_mmlu_es,0.26833658317084147,5,0.25,625.922,55.1125,0.689096,0.1161,0.2217,0.2598,0.3225,0.3812,0.4564,0.5876,0.7086,0.8371,layer_15,last
31B,Spanish,m_mmlu,m_mmlu_es,0.25746212689365533,5,0.25,559.7299,41.1865,0.675096,0.1376,0.249,0.2837,0.3427,0.3983,0.4685,0.5915,0.7075,0.8341,layer_15,last
42B,Spanish,m_mmlu,m_mmlu_es,0.26016199190040495,5,0.25,530.2157,34.1643,0.664833,0.1572,0.2587,0.2931,0.3505,0.405,0.4729,0.5921,0.7055,0.8313,layer_15,last
52B,Spanish,m_mmlu,m_mmlu_es,0.2618869056547173,5,0.25,484.631,27.6283,0.661397,0.1792,0.275,0.3085,0.3636,0.4155,0.4804,0.5957,0.7068,0.8315,layer_15,last
63B,Spanish,m_mmlu,m_mmlu_es,0.26631168441577924,5,0.25,467.4737,27.4627,0.656489,0.177,0.2854,0.3175,0.3725,0.424,0.488,0.6002,0.709,0.8318,layer_15,last
73B,Spanish,m_mmlu,m_mmlu_es,0.26781160941952903,5,0.25,441.3212,23.1222,0.654701,0.199,0.2926,0.3254,0.3789,0.429,0.4912,0.6014,0.709,0.8316,layer_15,last
84B,Spanish,m_mmlu,m_mmlu_es,0.25738713064346785,5,0.25,420.41,22.3663,0.655785,0.201,0.3009,0.3343,0.3879,0.4375,0.499,0.6076,0.7136,0.8342,layer_15,last
94B,Spanish,m_mmlu,m_mmlu_es,0.26698665066746663,5,0.25,19.6412,2.374,0.656292,0.6476,0.7143,0.7301,0.7533,0.7737,0.7985,0.842,0.8845,0.9329,layer_15,last
105B,Spanish,m_mmlu,m_mmlu_es,0.2618869056547173,5,0.25,385.8574,20.0542,0.651293,0.2122,0.3172,0.3496,0.4021,0.4501,0.5096,0.6144,0.7176,0.8361,layer_15,last
115B,Spanish,m_mmlu,m_mmlu_es,0.27081145942702867,5,0.25,379.5649,18.4409,0.650972,0.2255,0.3154,0.3486,0.4018,0.4504,0.5098,0.6147,0.7177,0.836,layer_15,last
126B,Spanish,m_mmlu,m_mmlu_es,0.268261586920654,5,0.25,376.8852,19.0083,0.649914,0.2198,0.319,0.3531,0.4054,0.4532,0.5117,0.6156,0.718,0.836,layer_15,last
136B,Spanish,m_mmlu,m_mmlu_es,0.2633868306584671,5,0.25,311.5067,15.4239,0.650116,0.2458,0.348,0.3827,0.4355,0.482,0.5379,0.636,0.7329,0.8445,layer_15,last
147B,Spanish,m_mmlu,m_mmlu_es,0.26653667316634166,5,0.25,363.2431,18.1598,0.649711,0.2253,0.3243,0.3585,0.411,0.4589,0.5171,0.6195,0.7207,0.8375,layer_15,last
157B,Spanish,m_mmlu,m_mmlu_es,0.26286185690715463,5,0.25,374.7789,19.4661,0.647783,0.2161,0.3195,0.3551,0.4091,0.4578,0.5166,0.6189,0.7201,0.8368,layer_15,last
168B,Spanish,m_mmlu,m_mmlu_es,0.2662366881655917,5,0.25,352.0732,17.9846,0.64989,0.2259,0.329,0.3642,0.4183,0.4663,0.524,0.6251,0.7248,0.8398,layer_15,last
178B,Spanish,m_mmlu,m_mmlu_es,0.26991150442477874,5,0.25,368.4945,18.7232,0.649196,0.2218,0.3205,0.3571,0.4111,0.4597,0.518,0.62,0.7208,0.8374,layer_15,last
189B,Spanish,m_mmlu,m_mmlu_es,0.2662366881655917,5,0.25,369.2326,18.4104,0.647489,0.2246,0.3196,0.356,0.4098,0.4581,0.5167,0.6189,0.7199,0.8366,layer_15,last
199B,Spanish,m_mmlu,m_mmlu_es,0.27066146692665366,5,0.25,377.0382,19.5191,0.643134,0.2162,0.3175,0.3549,0.4102,0.4586,0.5169,0.618,0.7184,0.8351,layer_15,last
210B,Spanish,m_mmlu,m_mmlu_es,0.26751162441877907,5,0.25,384.2906,19.107,0.644931,0.2206,0.314,0.3502,0.4045,0.4528,0.5112,0.6134,0.7151,0.8335,layer_15,last
220B,Spanish,m_mmlu,m_mmlu_es,0.26863656817159143,5,0.25,341.9189,17.119,0.646083,0.2329,0.3313,0.3695,0.4243,0.4717,0.5283,0.6273,0.7256,0.8397,layer_15,last
231B,Spanish,m_mmlu,m_mmlu_es,0.2712614369281536,5,0.25,363.9308,18.9686,0.64475,0.2194,0.3222,0.3614,0.4168,0.4651,0.523,0.6231,0.7222,0.8375,layer_15,last
241B,Spanish,m_mmlu,m_mmlu_es,0.27621118944052797,5,0.25,376.1007,20.3531,0.644367,0.2101,0.3197,0.3586,0.4139,0.4624,0.5203,0.6208,0.7204,0.8364,layer_15,last
252B,Spanish,m_mmlu,m_mmlu_es,0.26841157942102895,5,0.25,334.9873,16.9516,0.649318,0.2341,0.3351,0.3734,0.428,0.4759,0.5325,0.6305,0.7279,0.8413,layer_15,last
262B,Spanish,m_mmlu,m_mmlu_es,0.26908654567271634,5,0.25,347.5435,18.0562,0.647768,0.2256,0.3289,0.3689,0.4246,0.473,0.5299,0.6284,0.7261,0.84,layer_15,last
273B,Spanish,m_mmlu,m_mmlu_es,0.27321133943302833,5,0.25,372.0984,19.8794,0.647148,0.2135,0.3193,0.3589,0.415,0.464,0.5219,0.6219,0.7212,0.8371,layer_15,last
283B,Spanish,m_mmlu,m_mmlu_es,0.27021148942552875,5,0.25,381.7236,21.3249,0.646886,0.203,0.3175,0.3563,0.4126,0.4618,0.52,0.6203,0.7199,0.8362,layer_15,last
294B,Spanish,m_mmlu,m_mmlu_es,0.2648117594120294,5,0.25,390.6821,21.8106,0.647405,0.2015,0.3127,0.3531,0.4098,0.4589,0.5169,0.6177,0.7181,0.8353,layer_15,last
304B,Spanish,m_mmlu,m_mmlu_es,0.26218689065546724,5,0.25,384.2749,21.0877,0.649361,0.2061,0.3143,0.3541,0.4111,0.4604,0.5188,0.6197,0.7198,0.8366,layer_15,last
315B,Spanish,m_mmlu,m_mmlu_es,0.2697615119244038,5,0.25,384.9836,21.302,0.649802,0.2049,0.3141,0.3543,0.4116,0.4611,0.5193,0.6199,0.7199,0.8367,layer_15,last
325B,Spanish,m_mmlu,m_mmlu_es,0.2645867706614669,5,0.25,391.8698,21.7968,0.649812,0.2026,0.3109,0.3511,0.4091,0.4589,0.5175,0.6186,0.7191,0.8361,layer_15,last
334B,Spanish,m_mmlu,m_mmlu_es,0.2671366431678416,5,0.25,389.1923,21.8567,0.650234,0.2015,0.3128,0.3527,0.4102,0.4599,0.5185,0.6194,0.7197,0.8367,layer_15,last
342B,Spanish,m_mmlu,m_mmlu_es,0.2696115194240288,5,0.25,382.8465,21.4,0.650602,0.2039,0.3153,0.3554,0.4127,0.4623,0.5207,0.6212,0.7211,0.8375,layer_15,last
352B,Spanish,m_mmlu,m_mmlu_es,0.25881205939703017,5,0.25,385.3921,21.4562,0.651997,0.2041,0.3137,0.3536,0.4114,0.4614,0.5198,0.6206,0.7208,0.8374,layer_15,last
363B,Spanish,m_mmlu,m_mmlu_es,0.26383680815959204,5,0.25,395.8758,22.7216,0.650324,0.197,0.3092,0.3502,0.4088,0.4595,0.5186,0.6196,0.7198,0.8366,layer_15,last
373B,Spanish,m_mmlu,m_mmlu_es,0.25746212689365533,5,0.25,386.9373,21.6954,0.6519,0.2026,0.3131,0.3532,0.4109,0.461,0.5197,0.6207,0.7208,0.8375,layer_15,last
384B,Spanish,m_mmlu,m_mmlu_es,0.25716214189290537,5,0.25,390.1232,21.7379,0.652051,0.203,0.3115,0.3515,0.4095,0.4597,0.5185,0.6195,0.7199,0.837,layer_15,last
394B,Spanish,m_mmlu,m_mmlu_es,0.25146242687865605,5,0.25,388.6733,21.7278,0.651826,0.2031,0.3119,0.3521,0.4105,0.4608,0.5196,0.6205,0.7207,0.8374,layer_15,last
405B,Spanish,m_mmlu,m_mmlu_es,0.2567121643917804,5,0.25,387.4477,21.5998,0.653253,0.2038,0.3125,0.3526,0.4105,0.4608,0.5194,0.6205,0.7209,0.8377,layer_15,last
415B,Spanish,m_mmlu,m_mmlu_es,0.26263686815659215,5,0.25,386.7382,21.9554,0.652859,0.2009,0.3134,0.3536,0.4118,0.4619,0.5206,0.6214,0.7214,0.838,layer_15,last
426B,Spanish,m_mmlu,m_mmlu_es,0.26466176691165444,5,0.25,391.1577,22.33,0.65245,0.1989,0.3118,0.352,0.4102,0.4604,0.5194,0.6203,0.7206,0.8374,layer_15,last
436B,Spanish,m_mmlu,m_mmlu_es,0.25146242687865605,5,0.25,383.3844,22.0647,0.654073,0.1998,0.3146,0.3553,0.414,0.4642,0.5229,0.6235,0.7231,0.8391,layer_15,last
447B,Spanish,m_mmlu,m_mmlu_es,0.26406179691015447,5,0.25,386.9699,22.041,0.65365,0.2004,0.3132,0.3534,0.4116,0.462,0.5209,0.6218,0.7218,0.8383,layer_15,last
457B,Spanish,m_mmlu,m_mmlu_es,0.24591270436478177,5,0.25,388.9153,22.2024,0.654104,0.1998,0.3119,0.3521,0.411,0.4615,0.5206,0.6217,0.7218,0.8383,layer_15,last
468B,Spanish,m_mmlu,m_mmlu_es,0.24771261436928155,5,0.25,390.6239,22.2031,0.654749,0.2002,0.311,0.3512,0.41,0.4605,0.5197,0.6211,0.7215,0.8383,layer_15,last
478B,Spanish,m_mmlu,m_mmlu_es,0.24508774561271937,5,0.25,388.7902,22.558,0.655186,0.1972,0.3126,0.353,0.4116,0.4621,0.5211,0.6222,0.7223,0.8388,layer_15,last
489B,Spanish,m_mmlu,m_mmlu_es,0.24733763311834409,5,0.25,391.2034,22.9713,0.655044,0.1947,0.3119,0.3525,0.4112,0.4618,0.5209,0.622,0.7221,0.8387,layer_15,last
499B,Spanish,m_mmlu,m_mmlu_es,0.26383680815959204,5,0.25,391.9475,22.6015,0.655661,0.1976,0.3108,0.3511,0.4098,0.4606,0.5199,0.6213,0.7218,0.8387,layer_15,last
510B,Spanish,m_mmlu,m_mmlu_es,0.2501124943752812,5,0.25,390.3188,22.7934,0.656502,0.196,0.3118,0.352,0.4112,0.4619,0.5211,0.6224,0.7227,0.8392,layer_15,last
520B,Spanish,m_mmlu,m_mmlu_es,0.25101244937753114,5,0.25,390.0848,22.6918,0.655455,0.1964,0.3122,0.3522,0.411,0.4616,0.5209,0.6221,0.7223,0.8389,layer_15,last
531B,Spanish,m_mmlu,m_mmlu_es,0.26196190190490476,5,0.25,388.8619,22.8439,0.656967,0.1953,0.3125,0.3526,0.4117,0.4626,0.5219,0.6232,0.7233,0.8396,layer_15,last
541B,Spanish,m_mmlu,m_mmlu_es,0.26653667316634166,5,0.25,385.6424,22.4537,0.65684,0.1975,0.3137,0.3538,0.4129,0.4635,0.5227,0.6236,0.7236,0.8398,layer_15,last
552B,Spanish,m_mmlu,m_mmlu_es,0.2688615569221539,5,0.25,384.5334,22.5816,0.657118,0.1963,0.3148,0.3547,0.4137,0.4643,0.5232,0.6241,0.724,0.8401,layer_15,last
562B,Spanish,m_mmlu,m_mmlu_es,0.26203689815509223,5,0.25,384.6592,22.4473,0.657358,0.1974,0.3143,0.3546,0.4135,0.4639,0.5228,0.6237,0.7237,0.84,layer_15,last
573B,Spanish,m_mmlu,m_mmlu_es,0.2672116394180291,5,0.25,384.0066,22.4272,0.657798,0.1974,0.3148,0.3548,0.4136,0.464,0.523,0.624,0.724,0.8402,layer_15,last
583B,Spanish,m_mmlu,m_mmlu_es,0.26443677816109196,5,0.25,385.3018,22.5421,0.657883,0.197,0.3137,0.3542,0.4133,0.4639,0.523,0.624,0.7241,0.8403,layer_15,last
593B,Spanish,m_mmlu,m_mmlu_es,0.26346182690865455,5,0.25,384.3294,22.5873,0.657844,0.1965,0.3144,0.3548,0.4139,0.4645,0.5236,0.6245,0.7244,0.8404,layer_15,last
10B,Chinese,xcopa,xcopa_zh,0.55,0,0.5,462.799,50.9349,0.796379,0.1096,0.2415,0.2898,0.3659,0.434,0.5201,0.661,0.7761,0.8852,layer_15,last
21B,Chinese,xcopa,xcopa_zh,0.556,0,0.5,384.0739,26.9362,0.773043,0.1782,0.2902,0.331,0.396,0.4536,0.5267,0.6516,0.7623,0.8751,layer_15,last
31B,Chinese,xcopa,xcopa_zh,0.548,0,0.5,332.5801,21.6866,0.760511,0.2015,0.3217,0.3624,0.4245,0.4779,0.5447,0.6597,0.7646,0.8746,layer_15,last
42B,Chinese,xcopa,xcopa_zh,0.57,0,0.5,295.5468,17.4977,0.752816,0.2281,0.3407,0.3796,0.4402,0.4915,0.5552,0.6652,0.7669,0.8749,layer_15,last
52B,Chinese,xcopa,xcopa_zh,0.604,0,0.5,280.3992,15.4726,0.75318,0.2452,0.3487,0.3855,0.4433,0.4935,0.5558,0.6642,0.7653,0.874,layer_15,last
63B,Chinese,xcopa,xcopa_zh,0.584,0,0.5,261.2529,14.0565,0.747043,0.2589,0.3619,0.3973,0.4545,0.5035,0.5637,0.6687,0.7675,0.8745,layer_15,last
73B,Chinese,xcopa,xcopa_zh,0.586,0,0.5,204.3743,10.8547,0.745653,0.2969,0.4016,0.4364,0.4899,0.535,0.5906,0.688,0.7805,0.8812,layer_15,last
84B,Chinese,xcopa,xcopa_zh,0.594,0,0.5,225.9865,11.5543,0.743984,0.2878,0.3844,0.4178,0.4711,0.5178,0.5756,0.6764,0.7721,0.8766,layer_15,last
94B,Chinese,xcopa,xcopa_zh,0.594,0,0.5,4.961,1.4991,0.743576,0.8161,0.8642,0.8726,0.8852,0.8955,0.9081,0.9298,0.9505,0.9731,layer_15,last
105B,Chinese,xcopa,xcopa_zh,0.596,0,0.5,169.1152,9.0759,0.738884,0.3256,0.4315,0.4638,0.5149,0.5581,0.6104,0.7018,0.7892,0.8854,layer_15,last
115B,Chinese,xcopa,xcopa_zh,0.608,0,0.5,191.0043,9.5573,0.74021,0.3184,0.4092,0.441,0.4928,0.5373,0.5918,0.6872,0.7789,0.88,layer_15,last
126B,Chinese,xcopa,xcopa_zh,0.602,0,0.5,205.2589,10.6289,0.73906,0.2999,0.4028,0.4342,0.4867,0.5315,0.5866,0.6829,0.7757,0.8781,layer_15,last
136B,Chinese,xcopa,xcopa_zh,0.606,0,0.5,175.6081,9.3507,0.738937,0.3209,0.4243,0.4582,0.5116,0.5552,0.6076,0.699,0.7869,0.884,layer_15,last
147B,Chinese,xcopa,xcopa_zh,0.616,0,0.5,184.203,9.5076,0.737553,0.3187,0.4167,0.4489,0.5021,0.5459,0.5994,0.6923,0.7821,0.8814,layer_15,last
157B,Chinese,xcopa,xcopa_zh,0.626,0,0.5,199.6608,10.5445,0.73736,0.3014,0.4037,0.4391,0.4948,0.5405,0.5948,0.6889,0.7796,0.8799,layer_15,last
168B,Chinese,xcopa,xcopa_zh,0.616,0,0.5,198.1974,10.2459,0.737571,0.3066,0.4053,0.4387,0.4934,0.5389,0.5934,0.6879,0.779,0.8797,layer_15,last
178B,Chinese,xcopa,xcopa_zh,0.622,0,0.5,202.1255,10.646,0.737148,0.3,0.404,0.4378,0.493,0.5385,0.5929,0.6874,0.7786,0.8794,layer_15,last
189B,Chinese,xcopa,xcopa_zh,0.6,0,0.5,163.8305,9.0679,0.736733,0.3254,0.4366,0.4712,0.5249,0.5682,0.6193,0.7073,0.7924,0.8868,layer_15,last
199B,Chinese,xcopa,xcopa_zh,0.616,0,0.5,201.8466,10.5993,0.729896,0.3006,0.4027,0.4381,0.4941,0.54,0.5938,0.6871,0.7776,0.8782,layer_15,last
210B,Chinese,xcopa,xcopa_zh,0.602,0,0.5,177.021,9.6762,0.732847,0.3146,0.4248,0.4598,0.515,0.5592,0.611,0.7004,0.787,0.8835,layer_15,last
220B,Chinese,xcopa,xcopa_zh,0.632,0,0.5,161.6212,9.1369,0.732351,0.3236,0.4396,0.4755,0.5296,0.5732,0.6234,0.71,0.7939,0.8872,layer_15,last
231B,Chinese,xcopa,xcopa_zh,0.626,0,0.5,175.2654,9.5962,0.733694,0.3161,0.4239,0.4597,0.5161,0.5612,0.6133,0.7026,0.7888,0.8845,layer_15,last
241B,Chinese,xcopa,xcopa_zh,0.618,0,0.5,178.4517,10.2604,0.727908,0.3036,0.4254,0.4627,0.5197,0.5644,0.6159,0.7041,0.7893,0.8843,layer_15,last
252B,Chinese,xcopa,xcopa_zh,0.62,0,0.5,175.4938,9.838,0.7383,0.3115,0.425,0.4624,0.5191,0.5637,0.6152,0.7036,0.7894,0.8851,layer_15,last
262B,Chinese,xcopa,xcopa_zh,0.632,0,0.5,196.2752,10.5791,0.735828,0.3004,0.4074,0.4444,0.5006,0.5463,0.5996,0.6912,0.7803,0.88,layer_15,last
273B,Chinese,xcopa,xcopa_zh,0.63,0,0.5,208.8552,11.3856,0.736167,0.2888,0.3985,0.436,0.4937,0.5405,0.5945,0.6872,0.7775,0.8785,layer_15,last
283B,Chinese,xcopa,xcopa_zh,0.648,0,0.5,195.277,11.3433,0.736031,0.2871,0.4122,0.4501,0.5083,0.554,0.6064,0.6961,0.7836,0.8817,layer_15,last
294B,Chinese,xcopa,xcopa_zh,0.65,0,0.5,225.7375,12.7786,0.736462,0.27,0.3889,0.4273,0.4858,0.5329,0.5875,0.6816,0.7734,0.8763,layer_15,last
304B,Chinese,xcopa,xcopa_zh,0.654,0,0.5,217.6702,12.3184,0.738298,0.2757,0.3931,0.4316,0.4906,0.5382,0.5925,0.6857,0.7766,0.8782,layer_15,last
315B,Chinese,xcopa,xcopa_zh,0.642,0,0.5,227.7562,12.9387,0.738651,0.2684,0.3863,0.4256,0.4846,0.5323,0.5873,0.6818,0.7738,0.8767,layer_15,last
325B,Chinese,xcopa,xcopa_zh,0.654,0,0.5,222.8061,12.5971,0.739669,0.2726,0.3888,0.4283,0.4876,0.5354,0.59,0.6838,0.7753,0.8775,layer_15,last
334B,Chinese,xcopa,xcopa_zh,0.652,0,0.5,204.6847,11.8998,0.740478,0.28,0.404,0.443,0.5016,0.5483,0.6015,0.6926,0.7816,0.8811,layer_15,last
342B,Chinese,xcopa,xcopa_zh,0.63,0,0.5,210.968,12.2061,0.740947,0.2765,0.3982,0.4375,0.4969,0.5444,0.5983,0.6903,0.7801,0.8802,layer_15,last
352B,Chinese,xcopa,xcopa_zh,0.622,0,0.5,157.895,9.7817,0.744557,0.3084,0.4471,0.4842,0.5393,0.5827,0.632,0.7165,0.7988,0.8907,layer_15,last
363B,Chinese,xcopa,xcopa_zh,0.642,0,0.5,177.6636,10.8364,0.741047,0.2925,0.4287,0.4659,0.5242,0.5694,0.6204,0.7073,0.792,0.8867,layer_15,last
373B,Chinese,xcopa,xcopa_zh,0.646,0,0.5,168.5109,10.4466,0.744135,0.2975,0.4373,0.4753,0.5314,0.5757,0.6258,0.7118,0.7955,0.8889,layer_15,last
384B,Chinese,xcopa,xcopa_zh,0.644,0,0.5,231.5154,12.907,0.743786,0.2695,0.3824,0.4213,0.4801,0.5282,0.5835,0.6789,0.7723,0.8765,layer_15,last
394B,Chinese,xcopa,xcopa_zh,0.654,0,0.5,210.1488,12.1389,0.742296,0.2773,0.3977,0.4376,0.4974,0.5448,0.5986,0.6906,0.7804,0.8807,layer_15,last
405B,Chinese,xcopa,xcopa_zh,0.65,0,0.5,220.0197,12.4919,0.744632,0.2738,0.3897,0.4294,0.4893,0.5373,0.5919,0.6856,0.7771,0.8791,layer_15,last
415B,Chinese,xcopa,xcopa_zh,0.656,0,0.5,208.4604,12.0931,0.744321,0.2778,0.3996,0.4393,0.4985,0.5458,0.5995,0.6914,0.7812,0.8813,layer_15,last
426B,Chinese,xcopa,xcopa_zh,0.664,0,0.5,235.9874,13.3701,0.741713,0.2639,0.3812,0.4199,0.4787,0.527,0.5824,0.6779,0.7713,0.8758,layer_15,last
436B,Chinese,xcopa,xcopa_zh,0.638,0,0.5,198.8168,11.835,0.745288,0.28,0.408,0.448,0.5073,0.5536,0.6066,0.6971,0.7853,0.8836,layer_15,last
447B,Chinese,xcopa,xcopa_zh,0.664,0,0.5,230.9036,13.0966,0.744077,0.2669,0.3834,0.4224,0.4817,0.5302,0.5857,0.6808,0.7737,0.8773,layer_15,last
457B,Chinese,xcopa,xcopa_zh,0.662,0,0.5,230.4863,12.9737,0.746357,0.2686,0.3835,0.4225,0.4811,0.5292,0.5848,0.6804,0.7736,0.8774,layer_15,last
468B,Chinese,xcopa,xcopa_zh,0.646,0,0.5,236.095,13.2764,0.744801,0.2654,0.3792,0.4186,0.4778,0.5266,0.5825,0.6784,0.772,0.8765,layer_15,last
478B,Chinese,xcopa,xcopa_zh,0.658,0,0.5,223.0014,12.8487,0.747045,0.2692,0.3889,0.4285,0.4876,0.536,0.591,0.6853,0.7771,0.8794,layer_15,last
489B,Chinese,xcopa,xcopa_zh,0.638,0,0.5,214.4276,12.6953,0.746795,0.27,0.396,0.4362,0.4956,0.5434,0.5976,0.6903,0.7806,0.8813,layer_15,last
499B,Chinese,xcopa,xcopa_zh,0.64,0,0.5,210.0318,12.392,0.746794,0.2736,0.3987,0.4389,0.4985,0.546,0.5999,0.6921,0.7819,0.882,layer_15,last
510B,Chinese,xcopa,xcopa_zh,0.628,0,0.5,206.7081,12.2242,0.748604,0.2755,0.4014,0.4415,0.5006,0.5478,0.6015,0.6934,0.783,0.8827,layer_15,last
520B,Chinese,xcopa,xcopa_zh,0.64,0,0.5,212.2155,12.5628,0.747803,0.2715,0.3972,0.4375,0.4972,0.5447,0.5988,0.6913,0.7815,0.8818,layer_15,last
531B,Chinese,xcopa,xcopa_zh,0.63,0,0.5,208.562,12.4964,0.748893,0.2718,0.4006,0.4411,0.5004,0.5477,0.6015,0.6936,0.7832,0.8829,layer_15,last
541B,Chinese,xcopa,xcopa_zh,0.63,0,0.5,209.4232,12.4909,0.748838,0.272,0.3999,0.4401,0.4993,0.5468,0.6006,0.6928,0.7827,0.8826,layer_15,last
552B,Chinese,xcopa,xcopa_zh,0.626,0,0.5,198.4541,12.0036,0.748934,0.2771,0.409,0.449,0.5079,0.5544,0.6072,0.6978,0.7862,0.8845,layer_15,last
562B,Chinese,xcopa,xcopa_zh,0.63,0,0.5,220.3192,12.9591,0.749476,0.2673,0.3911,0.4312,0.4911,0.539,0.5937,0.6875,0.7791,0.8808,layer_15,last
573B,Chinese,xcopa,xcopa_zh,0.626,0,0.5,214.2413,12.6582,0.749812,0.2705,0.3953,0.4357,0.4952,0.5431,0.5974,0.6904,0.7812,0.882,layer_15,last
583B,Chinese,xcopa,xcopa_zh,0.616,0,0.5,210.9113,12.5419,0.750119,0.2717,0.3974,0.4383,0.4982,0.5459,0.5999,0.6924,0.7825,0.8827,layer_15,last
593B,Chinese,xcopa,xcopa_zh,0.644,0,0.5,210.6758,12.6212,0.749674,0.2704,0.3982,0.4392,0.4991,0.5466,0.6005,0.6927,0.7827,0.8828,layer_15,last
10B,Indonesian,xcopa,xcopa_id,0.532,0,0.5,297.7179,32.1748,0.838729,0.1354,0.3215,0.3826,0.4536,0.515,0.589,0.7107,0.8113,0.9065,layer_15,last
21B,Indonesian,xcopa,xcopa_id,0.554,0,0.5,276.5289,19.1601,0.819297,0.2153,0.3359,0.3906,0.4531,0.5085,0.5754,0.689,0.7904,0.8938,layer_15,last
31B,Indonesian,xcopa,xcopa_id,0.596,0,0.5,236.3859,15.4565,0.804976,0.2416,0.3679,0.4194,0.4786,0.5298,0.591,0.6961,0.7925,0.8933,layer_15,last
42B,Indonesian,xcopa,xcopa_id,0.604,0,0.5,212.8628,12.7014,0.794752,0.2715,0.3848,0.4328,0.4889,0.5384,0.5974,0.6988,0.7926,0.8922,layer_15,last
52B,Indonesian,xcopa,xcopa_id,0.58,0,0.5,194.9334,11.2112,0.794713,0.2907,0.4,0.4459,0.499,0.5456,0.6022,0.7007,0.7931,0.8924,layer_15,last
63B,Indonesian,xcopa,xcopa_id,0.61,0,0.5,193.2231,11.5077,0.784721,0.2861,0.4049,0.4523,0.5054,0.5524,0.6079,0.7039,0.7943,0.8921,layer_15,last
73B,Indonesian,xcopa,xcopa_id,0.618,0,0.5,173.1283,9.8832,0.786723,0.3115,0.4178,0.4637,0.5172,0.5629,0.6166,0.7096,0.798,0.8942,layer_15,last
84B,Indonesian,xcopa,xcopa_id,0.62,0,0.5,162.1145,9.2295,0.785323,0.3228,0.4264,0.4731,0.5246,0.5693,0.6224,0.7139,0.8008,0.8955,layer_15,last
94B,Indonesian,xcopa,xcopa_id,0.634,0,0.5,3.6239,1.3752,0.781431,0.8522,0.8944,0.9046,0.9144,0.9226,0.9322,0.9485,0.9641,0.981,layer_15,last
105B,Indonesian,xcopa,xcopa_id,0.624,0,0.5,154.7423,8.7866,0.782658,0.3311,0.4347,0.4797,0.5303,0.5742,0.6259,0.7157,0.8016,0.8956,layer_15,last
115B,Indonesian,xcopa,xcopa_id,0.608,0,0.5,151.5649,8.645,0.773303,0.3343,0.4353,0.4836,0.5354,0.5793,0.6305,0.7187,0.803,0.8957,layer_15,last
126B,Indonesian,xcopa,xcopa_id,0.632,0,0.5,142.7036,8.1844,0.778375,0.3438,0.4462,0.4919,0.5417,0.5845,0.6349,0.7221,0.8058,0.8975,layer_15,last
136B,Indonesian,xcopa,xcopa_id,0.648,0,0.5,148.6339,8.4352,0.77885,0.3387,0.4396,0.4841,0.537,0.5805,0.6314,0.719,0.8033,0.8962,layer_15,last
147B,Indonesian,xcopa,xcopa_id,0.648,0,0.5,153.6795,8.9593,0.774584,0.3274,0.4381,0.485,0.5357,0.5792,0.6302,0.7181,0.8025,0.8954,layer_15,last
157B,Indonesian,xcopa,xcopa_id,0.622,0,0.5,151.6691,8.8096,0.773491,0.3305,0.4379,0.4851,0.5371,0.5812,0.6323,0.7196,0.8033,0.8957,layer_15,last
168B,Indonesian,xcopa,xcopa_id,0.63,0,0.5,147.4072,8.7376,0.774213,0.3317,0.4419,0.4893,0.5431,0.5878,0.6382,0.7245,0.8069,0.8977,layer_15,last
178B,Indonesian,xcopa,xcopa_id,0.64,0,0.5,149.962,8.7807,0.772509,0.331,0.44,0.4877,0.5397,0.5838,0.6347,0.7216,0.8046,0.8963,layer_15,last
189B,Indonesian,xcopa,xcopa_id,0.626,0,0.5,154.9554,9.054,0.768505,0.326,0.435,0.4831,0.5368,0.5818,0.6333,0.7202,0.8035,0.8954,layer_15,last
199B,Indonesian,xcopa,xcopa_id,0.632,0,0.5,149.2099,8.6859,0.76751,0.3331,0.4394,0.487,0.5407,0.5852,0.6359,0.722,0.8046,0.8959,layer_15,last
210B,Indonesian,xcopa,xcopa_id,0.62,0,0.5,149.9218,8.6598,0.770102,0.3337,0.4396,0.4872,0.5394,0.5828,0.6332,0.7197,0.803,0.8952,layer_15,last
220B,Indonesian,xcopa,xcopa_id,0.662,0,0.5,145.8815,8.7008,0.765253,0.3323,0.4425,0.4933,0.5468,0.5907,0.6405,0.7253,0.8066,0.8968,layer_15,last
231B,Indonesian,xcopa,xcopa_id,0.644,0,0.5,152.7995,8.9842,0.764067,0.3271,0.4355,0.4847,0.5398,0.5849,0.636,0.7219,0.8041,0.8952,layer_15,last
241B,Indonesian,xcopa,xcopa_id,0.66,0,0.5,156.6834,9.4551,0.761297,0.3176,0.4337,0.4849,0.5398,0.5849,0.6358,0.7213,0.8036,0.8948,layer_15,last
252B,Indonesian,xcopa,xcopa_id,0.656,0,0.5,150.3148,9.11,0.773407,0.3241,0.4379,0.4893,0.5448,0.5894,0.6401,0.7251,0.807,0.8974,layer_15,last
262B,Indonesian,xcopa,xcopa_id,0.656,0,0.5,149.8391,9.0065,0.772752,0.3264,0.4369,0.4884,0.5447,0.5895,0.6403,0.7254,0.8071,0.8974,layer_15,last
273B,Indonesian,xcopa,xcopa_id,0.658,0,0.5,160.6088,9.554,0.77261,0.3163,0.4274,0.4782,0.5349,0.5803,0.632,0.7189,0.8025,0.895,layer_15,last
283B,Indonesian,xcopa,xcopa_id,0.662,0,0.5,171.0075,10.4755,0.775163,0.3001,0.4199,0.4719,0.5296,0.5752,0.6274,0.7152,0.8,0.8938,layer_15,last
294B,Indonesian,xcopa,xcopa_id,0.644,0,0.5,174.6519,10.7777,0.775533,0.2956,0.4171,0.4693,0.5278,0.574,0.6265,0.7146,0.7998,0.8938,layer_15,last
304B,Indonesian,xcopa,xcopa_id,0.684,0,0.5,177.3055,11.0534,0.775863,0.2917,0.4133,0.4682,0.5272,0.5736,0.6266,0.7151,0.8002,0.894,layer_15,last
315B,Indonesian,xcopa,xcopa_id,0.672,0,0.5,174.4905,10.8111,0.776881,0.2953,0.4154,0.4699,0.5286,0.5747,0.6274,0.7156,0.8007,0.8944,layer_15,last
325B,Indonesian,xcopa,xcopa_id,0.674,0,0.5,182.0356,11.3318,0.776563,0.2879,0.4092,0.4639,0.5233,0.5702,0.6236,0.7129,0.7987,0.8933,layer_15,last
334B,Indonesian,xcopa,xcopa_id,0.684,0,0.5,182.0012,11.5078,0.777531,0.2852,0.4094,0.4654,0.5251,0.5716,0.6246,0.7137,0.7994,0.8938,layer_15,last
342B,Indonesian,xcopa,xcopa_id,0.684,0,0.5,179.0671,11.2787,0.77711,0.2884,0.4109,0.4683,0.5273,0.5734,0.6261,0.7148,0.8001,0.8942,layer_15,last
352B,Indonesian,xcopa,xcopa_id,0.678,0,0.5,179.6006,11.2152,0.782811,0.2896,0.4098,0.4663,0.5256,0.5718,0.6247,0.7138,0.7999,0.8945,layer_15,last
363B,Indonesian,xcopa,xcopa_id,0.692,0,0.5,185.6577,11.5377,0.778535,0.2854,0.4042,0.4606,0.5209,0.568,0.6215,0.7115,0.7979,0.8931,layer_15,last
373B,Indonesian,xcopa,xcopa_id,0.682,0,0.5,179.4849,11.1292,0.782511,0.291,0.41,0.4648,0.5246,0.5713,0.6246,0.7141,0.8001,0.8946,layer_15,last
384B,Indonesian,xcopa,xcopa_id,0.682,0,0.5,185.3053,11.5125,0.781428,0.2858,0.4045,0.4606,0.5207,0.568,0.6215,0.7115,0.7982,0.8936,layer_15,last
394B,Indonesian,xcopa,xcopa_id,0.678,0,0.5,182.7735,11.4366,0.77991,0.2867,0.4066,0.4629,0.523,0.5705,0.6242,0.7138,0.7998,0.8944,layer_15,last
405B,Indonesian,xcopa,xcopa_id,0.682,0,0.5,184.1186,11.5224,0.784665,0.2855,0.4052,0.4616,0.5218,0.5691,0.6228,0.7129,0.7995,0.8946,layer_15,last
415B,Indonesian,xcopa,xcopa_id,0.692,0,0.5,187.1718,11.7658,0.783153,0.2821,0.4036,0.4592,0.5198,0.5673,0.6214,0.7118,0.7987,0.8941,layer_15,last
426B,Indonesian,xcopa,xcopa_id,0.68,0,0.5,190.8082,12.0019,0.782455,0.2792,0.3999,0.4568,0.5176,0.5653,0.6196,0.7103,0.7976,0.8934,layer_15,last
436B,Indonesian,xcopa,xcopa_id,0.688,0,0.5,185.975,11.757,0.784307,0.2822,0.4036,0.4603,0.5211,0.5689,0.623,0.7133,0.7999,0.8948,layer_15,last
447B,Indonesian,xcopa,xcopa_id,0.698,0,0.5,184.7788,11.6228,0.78373,0.284,0.405,0.4612,0.5216,0.569,0.6228,0.7131,0.7997,0.8947,layer_15,last
457B,Indonesian,xcopa,xcopa_id,0.68,0,0.5,187.1397,11.9158,0.784262,0.28,0.4032,0.4604,0.521,0.5685,0.6226,0.7129,0.7996,0.8946,layer_15,last
468B,Indonesian,xcopa,xcopa_id,0.704,0,0.5,187.0264,11.745,0.785781,0.2827,0.4019,0.459,0.5198,0.5676,0.6218,0.7124,0.7994,0.8947,layer_15,last
478B,Indonesian,xcopa,xcopa_id,0.698,0,0.5,187.3255,12.0275,0.786479,0.2784,0.4023,0.4604,0.5215,0.5692,0.6233,0.7137,0.8003,0.8952,layer_15,last
489B,Indonesian,xcopa,xcopa_id,0.69,0,0.5,191.4082,12.4526,0.784999,0.273,0.3995,0.4586,0.5199,0.5678,0.6221,0.7127,0.7995,0.8947,layer_15,last
499B,Indonesian,xcopa,xcopa_id,0.694,0,0.5,187.6034,11.9923,0.786553,0.279,0.4022,0.4599,0.5208,0.5685,0.6228,0.7133,0.8002,0.8953,layer_15,last
510B,Indonesian,xcopa,xcopa_id,0.686,0,0.5,187.8263,11.9504,0.787412,0.2797,0.4016,0.459,0.5201,0.5678,0.6221,0.713,0.8001,0.8952,layer_15,last
520B,Indonesian,xcopa,xcopa_id,0.69,0,0.5,190.7523,12.1829,0.786739,0.2767,0.3993,0.4569,0.5181,0.5662,0.6209,0.7119,0.7992,0.8947,layer_15,last
531B,Indonesian,xcopa,xcopa_id,0.67,0,0.5,189.4623,12.2694,0.788006,0.2752,0.4008,0.459,0.5201,0.5681,0.6226,0.7133,0.8004,0.8955,layer_15,last
541B,Indonesian,xcopa,xcopa_id,0.686,0,0.5,188.9476,12.1811,0.788013,0.2764,0.4012,0.459,0.5202,0.568,0.6225,0.7133,0.8004,0.8955,layer_15,last
552B,Indonesian,xcopa,xcopa_id,0.672,0,0.5,192.2017,12.4107,0.788556,0.2736,0.3987,0.4562,0.5177,0.5659,0.6207,0.712,0.7996,0.8951,layer_15,last
562B,Indonesian,xcopa,xcopa_id,0.68,0,0.5,190.2435,12.2772,0.788795,0.2753,0.3998,0.4581,0.5192,0.5672,0.6217,0.7128,0.8001,0.8955,layer_15,last
573B,Indonesian,xcopa,xcopa_id,0.696,0,0.5,190.6005,12.3291,0.788936,0.2746,0.3996,0.4579,0.5191,0.5671,0.6217,0.7129,0.8003,0.8956,layer_15,last
583B,Indonesian,xcopa,xcopa_id,0.676,0,0.5,191.3123,12.3323,0.789868,0.2747,0.3986,0.4565,0.5182,0.5665,0.6214,0.7127,0.8002,0.8955,layer_15,last
593B,Indonesian,xcopa,xcopa_id,0.694,0,0.5,191.0613,12.3663,0.789831,0.2741,0.399,0.4571,0.5187,0.5668,0.6216,0.7129,0.8003,0.8956,layer_15,last
10B,Italian,xcopa,xcopa_it,0.532,0,0.5,782.7573,143.8531,0.712323,0.0524,0.1533,0.2049,0.2788,0.3477,0.4373,0.5884,0.7184,0.8467,layer_15,last
21B,Italian,xcopa,xcopa_it,0.534,0,0.5,707.9668,72.3458,0.677399,0.1011,0.1966,0.2423,0.3066,0.3653,0.4416,0.5747,0.6976,0.8293,layer_15,last
31B,Italian,xcopa,xcopa_it,0.578,0,0.5,651.5126,53.0698,0.663242,0.124,0.2188,0.2624,0.3226,0.3782,0.4496,0.5752,0.6938,0.8247,layer_15,last
42B,Italian,xcopa,xcopa_it,0.614,0,0.5,611.7204,42.0557,0.652444,0.1438,0.2323,0.2739,0.332,0.3857,0.4546,0.5761,0.6921,0.8219,layer_15,last
52B,Italian,xcopa,xcopa_it,0.602,0,0.5,548.2971,31.8688,0.650782,0.1691,0.2521,0.2919,0.3473,0.3985,0.4642,0.5816,0.6951,0.8234,layer_15,last
63B,Italian,xcopa,xcopa_it,0.618,0,0.5,524.7036,29.9793,0.645779,0.1746,0.2604,0.3011,0.357,0.4076,0.4722,0.5865,0.6975,0.8238,layer_15,last
73B,Italian,xcopa,xcopa_it,0.616,0,0.5,493.7441,26.172,0.643839,0.1885,0.2704,0.3109,0.3652,0.4145,0.4773,0.5894,0.6989,0.8243,layer_15,last
84B,Italian,xcopa,xcopa_it,0.618,0,0.5,470.687,24.7194,0.64502,0.1941,0.2782,0.3191,0.3736,0.4226,0.4847,0.5952,0.7033,0.8269,layer_15,last
94B,Italian,xcopa,xcopa_it,0.616,0,0.5,454.1331,23.4118,0.640611,0.1998,0.2837,0.3257,0.3804,0.4292,0.4902,0.5987,0.7051,0.8273,layer_15,last
105B,Italian,xcopa,xcopa_it,0.616,0,0.5,432.2837,21.1779,0.640445,0.2113,0.2914,0.3325,0.3861,0.4338,0.4937,0.6008,0.7064,0.8281,layer_15,last
115B,Italian,xcopa,xcopa_it,0.62,0,0.5,431.2462,21.017,0.639267,0.2122,0.2914,0.3328,0.3862,0.4343,0.4942,0.6011,0.7064,0.8279,layer_15,last
126B,Italian,xcopa,xcopa_it,0.618,0,0.5,432.8918,21.6512,0.638876,0.2083,0.2929,0.3348,0.3884,0.4356,0.4949,0.6008,0.7059,0.8275,layer_15,last
136B,Italian,xcopa,xcopa_it,0.64,0,0.5,360.8109,17.0915,0.639121,0.2362,0.3183,0.3616,0.4163,0.4621,0.5188,0.6197,0.7197,0.8355,layer_15,last
147B,Italian,xcopa,xcopa_it,0.614,0,0.5,413.2974,20.0519,0.637132,0.2172,0.2992,0.3421,0.3949,0.4418,0.5001,0.6044,0.7082,0.8286,layer_15,last
157B,Italian,xcopa,xcopa_it,0.63,0,0.5,419.5068,21.0953,0.636814,0.2111,0.2951,0.3397,0.3949,0.4432,0.5025,0.6067,0.7099,0.8294,layer_15,last
168B,Italian,xcopa,xcopa_it,0.638,0,0.5,397.2904,19.398,0.638933,0.221,0.3025,0.3469,0.4021,0.4497,0.5081,0.6113,0.7135,0.8318,layer_15,last
178B,Italian,xcopa,xcopa_it,0.654,0,0.5,392.7921,19.4188,0.638399,0.2206,0.3045,0.3504,0.4055,0.4529,0.511,0.6133,0.7149,0.8325,layer_15,last
189B,Italian,xcopa,xcopa_it,0.642,0,0.5,420.1286,20.7235,0.636786,0.2136,0.2927,0.3393,0.3938,0.4418,0.5009,0.6051,0.7085,0.8287,layer_15,last
199B,Italian,xcopa,xcopa_it,0.65,0,0.5,416.7995,20.6783,0.633994,0.2134,0.2965,0.3422,0.3965,0.4437,0.5019,0.6052,0.7081,0.828,layer_15,last
210B,Italian,xcopa,xcopa_it,0.66,0,0.5,428.2311,21.7685,0.634174,0.2075,0.2922,0.3388,0.3937,0.4414,0.5,0.6036,0.7069,0.8273,layer_15,last
220B,Italian,xcopa,xcopa_it,0.644,0,0.5,397.2008,19.6754,0.634408,0.2189,0.3038,0.3504,0.4049,0.4519,0.5095,0.6111,0.7124,0.8306,layer_15,last
231B,Italian,xcopa,xcopa_it,0.634,0,0.5,400.2442,20.5928,0.634094,0.2131,0.3022,0.3511,0.4064,0.454,0.5119,0.6134,0.7141,0.8313,layer_15,last
241B,Italian,xcopa,xcopa_it,0.658,0,0.5,426.8982,22.7536,0.633185,0.2017,0.2921,0.3423,0.3981,0.4464,0.5049,0.6072,0.7092,0.8284,layer_15,last
252B,Italian,xcopa,xcopa_it,0.692,0,0.5,379.8226,19.2954,0.638506,0.2207,0.3099,0.3594,0.4144,0.4616,0.5186,0.6184,0.7179,0.8341,layer_15,last
262B,Italian,xcopa,xcopa_it,0.668,0,0.5,395.6617,20.3809,0.636544,0.2142,0.3037,0.3539,0.409,0.4565,0.5136,0.614,0.7144,0.8318,layer_15,last
273B,Italian,xcopa,xcopa_it,0.682,0,0.5,424.6121,22.604,0.635668,0.2026,0.2922,0.3431,0.3992,0.4475,0.5057,0.6076,0.7095,0.8288,layer_15,last
283B,Italian,xcopa,xcopa_it,0.672,0,0.5,432.4615,24.3394,0.635614,0.1933,0.2912,0.3435,0.3996,0.4477,0.5058,0.6075,0.7094,0.8287,layer_15,last
294B,Italian,xcopa,xcopa_it,0.68,0,0.5,456.5643,26.197,0.636426,0.186,0.281,0.3341,0.3911,0.4399,0.4986,0.6019,0.7054,0.8265,layer_15,last
304B,Italian,xcopa,xcopa_it,0.694,0,0.5,438.2645,24.4974,0.63789,0.1932,0.2876,0.3399,0.3965,0.4451,0.5034,0.6059,0.7085,0.8286,layer_15,last
315B,Italian,xcopa,xcopa_it,0.68,0,0.5,438.6645,24.5018,0.638348,0.1933,0.2871,0.3394,0.3965,0.4452,0.5035,0.6059,0.7085,0.8286,layer_15,last
325B,Italian,xcopa,xcopa_it,0.676,0,0.5,451.1616,26.0046,0.638735,0.1868,0.2818,0.3355,0.393,0.4425,0.5014,0.6046,0.7076,0.828,layer_15,last
334B,Italian,xcopa,xcopa_it,0.678,0,0.5,444.1416,25.4123,0.639097,0.1891,0.2852,0.338,0.3955,0.4446,0.5032,0.6058,0.7085,0.8287,layer_15,last
342B,Italian,xcopa,xcopa_it,0.702,0,0.5,439.5062,24.9626,0.639416,0.191,0.2866,0.3396,0.3971,0.446,0.5043,0.6067,0.7092,0.8291,layer_15,last
352B,Italian,xcopa,xcopa_it,0.67,0,0.5,440.857,25.2353,0.640979,0.1899,0.2852,0.3383,0.3969,0.4463,0.5049,0.6073,0.7099,0.8297,layer_15,last
363B,Italian,xcopa,xcopa_it,0.654,0,0.5,439.2212,25.517,0.639738,0.1883,0.2864,0.3396,0.3985,0.448,0.5067,0.6088,0.7108,0.83,layer_15,last
373B,Italian,xcopa,xcopa_it,0.7,0,0.5,437.2226,25.5548,0.641128,0.1878,0.2884,0.3414,0.3993,0.4485,0.5068,0.6089,0.711,0.8305,layer_15,last
384B,Italian,xcopa,xcopa_it,0.686,0,0.5,448.431,25.967,0.641023,0.1868,0.2837,0.3364,0.3944,0.4438,0.5024,0.6051,0.7082,0.8288,layer_15,last
394B,Italian,xcopa,xcopa_it,0.7,0,0.5,439.6601,25.3938,0.641209,0.1889,0.287,0.3399,0.3976,0.4469,0.5054,0.6077,0.7102,0.83,layer_15,last
405B,Italian,xcopa,xcopa_it,0.68,0,0.5,439.3869,25.5797,0.642712,0.1879,0.2876,0.3404,0.3977,0.447,0.5055,0.6079,0.7106,0.8305,layer_15,last
415B,Italian,xcopa,xcopa_it,0.71,0,0.5,445.1098,26.1264,0.64166,0.1857,0.2855,0.3385,0.3963,0.4456,0.5041,0.6066,0.7093,0.8296,layer_15,last
426B,Italian,xcopa,xcopa_it,0.712,0,0.5,447.9091,26.1185,0.641781,0.186,0.2838,0.3369,0.395,0.4443,0.5029,0.6056,0.7087,0.8292,layer_15,last
436B,Italian,xcopa,xcopa_it,0.694,0,0.5,438.1432,25.916,0.64336,0.1862,0.288,0.3411,0.3993,0.4487,0.5072,0.6094,0.7117,0.8312,layer_15,last
447B,Italian,xcopa,xcopa_it,0.692,0,0.5,444.1236,26.0926,0.642683,0.1859,0.2853,0.3383,0.3965,0.4461,0.5048,0.6073,0.71,0.8302,layer_15,last
457B,Italian,xcopa,xcopa_it,0.682,0,0.5,441.4138,26.1549,0.643438,0.1853,0.2865,0.3398,0.398,0.4476,0.5062,0.6085,0.711,0.8308,layer_15,last
468B,Italian,xcopa,xcopa_it,0.688,0,0.5,443.8405,26.2645,0.644039,0.185,0.2856,0.3386,0.3969,0.4464,0.5051,0.6077,0.7105,0.8306,layer_15,last
478B,Italian,xcopa,xcopa_it,0.696,0,0.5,445.8784,26.443,0.644375,0.1844,0.2841,0.3377,0.3961,0.4458,0.5047,0.6075,0.7104,0.8306,layer_15,last
489B,Italian,xcopa,xcopa_it,0.698,0,0.5,444.0033,26.7407,0.644492,0.1828,0.2855,0.3393,0.3979,0.4475,0.506,0.6085,0.7112,0.8311,layer_15,last
499B,Italian,xcopa,xcopa_it,0.69,0,0.5,446.283,26.4772,0.645031,0.1843,0.284,0.3374,0.3958,0.4456,0.5044,0.6073,0.7104,0.8308,layer_15,last
510B,Italian,xcopa,xcopa_it,0.704,0,0.5,445.3787,26.7443,0.645364,0.183,0.2847,0.3382,0.3968,0.4466,0.5055,0.6083,0.7112,0.8312,layer_15,last
520B,Italian,xcopa,xcopa_it,0.718,0,0.5,445.7897,26.6807,0.644895,0.1832,0.2848,0.338,0.3964,0.4463,0.5051,0.6079,0.7108,0.831,layer_15,last
531B,Italian,xcopa,xcopa_it,0.704,0,0.5,443.3455,26.6707,0.646058,0.1831,0.2854,0.339,0.3975,0.4474,0.5063,0.609,0.7118,0.8317,layer_15,last
541B,Italian,xcopa,xcopa_it,0.7,0,0.5,434.4204,25.9592,0.646368,0.1858,0.2892,0.3424,0.401,0.4505,0.5088,0.6109,0.7132,0.8326,layer_15,last
552B,Italian,xcopa,xcopa_it,0.698,0,0.5,443.2209,26.905,0.64634,0.1819,0.2863,0.3397,0.3982,0.4478,0.5063,0.6088,0.7117,0.8317,layer_15,last
562B,Italian,xcopa,xcopa_it,0.706,0,0.5,438.2942,26.3858,0.646939,0.184,0.2878,0.3412,0.3996,0.4492,0.5076,0.61,0.7127,0.8324,layer_15,last
573B,Italian,xcopa,xcopa_it,0.706,0,0.5,437.3919,26.13,0.647246,0.1852,0.2879,0.3412,0.3994,0.449,0.5075,0.61,0.7128,0.8325,layer_15,last
583B,Italian,xcopa,xcopa_it,0.706,0,0.5,438.8124,26.3302,0.647176,0.1844,0.2869,0.3405,0.3992,0.449,0.5076,0.6101,0.7128,0.8325,layer_15,last
593B,Italian,xcopa,xcopa_it,0.702,0,0.5,436.6278,26.2652,0.647195,0.1845,0.2882,0.3417,0.4001,0.4498,0.5083,0.6108,0.7133,0.8327,layer_15,last
10B,Turkish,xcopa,xcopa_tr,0.542,0,0.5,385.6949,49.001,0.785651,0.1037,0.2677,0.3257,0.4105,0.4832,0.567,0.6977,0.8006,0.8966,layer_15,last
21B,Turkish,xcopa,xcopa_tr,0.552,0,0.5,349.5222,28.5537,0.761716,0.1677,0.3006,0.3492,0.4214,0.4842,0.5585,0.6785,0.7811,0.8839,layer_15,last
31B,Turkish,xcopa,xcopa_tr,0.572,0,0.5,303.7289,21.9124,0.749247,0.1965,0.33,0.3754,0.4439,0.5028,0.5715,0.6831,0.7813,0.8825,layer_15,last
42B,Turkish,xcopa,xcopa_tr,0.564,0,0.5,283.7017,18.7852,0.738459,0.2169,0.342,0.3864,0.4534,0.5109,0.5764,0.6837,0.7798,0.8806,layer_15,last
52B,Turkish,xcopa,xcopa_tr,0.556,0,0.5,268.1154,16.7761,0.740228,0.2319,0.3529,0.3962,0.4601,0.5144,0.578,0.6831,0.7789,0.8803,layer_15,last
63B,Turkish,xcopa,xcopa_tr,0.56,0,0.5,261.0759,16.3219,0.731453,0.2352,0.3581,0.4025,0.4663,0.5207,0.5828,0.685,0.7789,0.8793,layer_15,last
73B,Turkish,xcopa,xcopa_tr,0.55,0,0.5,235.9782,14.04,0.730328,0.257,0.3742,0.4162,0.4805,0.532,0.592,0.6912,0.7828,0.8813,layer_15,last
84B,Turkish,xcopa,xcopa_tr,0.572,0,0.5,224.5808,13.4243,0.732449,0.2628,0.3824,0.4252,0.4881,0.5387,0.5974,0.6953,0.7858,0.8831,layer_15,last
94B,Turkish,xcopa,xcopa_tr,0.578,0,0.5,7.0879,1.6972,0.7285,0.7666,0.8274,0.8406,0.8588,0.8731,0.8893,0.9159,0.9406,0.9674,layer_15,last
105B,Turkish,xcopa,xcopa_tr,0.582,0,0.5,202.3494,11.5472,0.725777,0.2855,0.401,0.4394,0.4985,0.5474,0.6045,0.6993,0.7877,0.8837,layer_15,last
115B,Turkish,xcopa,xcopa_tr,0.596,0,0.5,200.993,11.1568,0.724809,0.2921,0.3998,0.4379,0.4982,0.5468,0.6042,0.6989,0.7871,0.8832,layer_15,last
126B,Turkish,xcopa,xcopa_tr,0.572,0,0.5,216.145,12.4321,0.723076,0.2746,0.3907,0.4312,0.492,0.541,0.5986,0.6941,0.7835,0.881,layer_15,last
136B,Turkish,xcopa,xcopa_tr,0.578,0,0.5,201.7152,11.5894,0.722964,0.2854,0.3987,0.4403,0.5023,0.5516,0.6082,0.7013,0.7883,0.8835,layer_15,last
147B,Turkish,xcopa,xcopa_tr,0.582,0,0.5,202.1945,11.3995,0.720907,0.288,0.4002,0.4399,0.4999,0.5483,0.6043,0.6979,0.7858,0.8821,layer_15,last
157B,Turkish,xcopa,xcopa_tr,0.572,0,0.5,212.0803,12.3105,0.720376,0.2758,0.3923,0.4339,0.4966,0.546,0.6028,0.6968,0.785,0.8815,layer_15,last
168B,Turkish,xcopa,xcopa_tr,0.586,0,0.5,209.3267,12.101,0.722077,0.2784,0.3947,0.4357,0.4976,0.5467,0.6035,0.6974,0.7855,0.8819,layer_15,last
178B,Turkish,xcopa,xcopa_tr,0.576,0,0.5,206.6242,11.8706,0.719679,0.2815,0.3963,0.4383,0.5005,0.5485,0.6045,0.6974,0.7852,0.8816,layer_15,last
189B,Turkish,xcopa,xcopa_tr,0.574,0,0.5,205.7571,11.6416,0.718899,0.2851,0.3967,0.4375,0.4996,0.5483,0.6044,0.6973,0.7849,0.8814,layer_15,last
199B,Turkish,xcopa,xcopa_tr,0.592,0,0.5,202.6692,11.4846,0.716965,0.2869,0.399,0.4404,0.5018,0.5502,0.6059,0.6984,0.7856,0.8815,layer_15,last
210B,Turkish,xcopa,xcopa_tr,0.588,0,0.5,212.0548,11.8501,0.716598,0.2827,0.3916,0.4326,0.4948,0.5435,0.6,0.6938,0.7821,0.8796,layer_15,last
220B,Turkish,xcopa,xcopa_tr,0.592,0,0.5,193.5232,11.0916,0.71752,0.292,0.4071,0.448,0.5095,0.557,0.6119,0.7027,0.7885,0.8832,layer_15,last
231B,Turkish,xcopa,xcopa_tr,0.588,0,0.5,194.0815,11.187,0.715141,0.2906,0.4058,0.447,0.51,0.5582,0.6133,0.7038,0.789,0.8831,layer_15,last
241B,Turkish,xcopa,xcopa_tr,0.596,0,0.5,215.044,13.1193,0.713397,0.2649,0.3921,0.4356,0.5012,0.5501,0.6061,0.6983,0.7849,0.8807,layer_15,last
252B,Turkish,xcopa,xcopa_tr,0.6,0,0.5,200.1103,11.7737,0.723695,0.2824,0.4016,0.4438,0.5077,0.5556,0.6113,0.7022,0.7883,0.8835,layer_15,last
262B,Turkish,xcopa,xcopa_tr,0.608,0,0.5,198.8528,11.7993,0.72192,0.2818,0.4023,0.4457,0.5098,0.5579,0.6129,0.7032,0.7889,0.8836,layer_15,last
273B,Turkish,xcopa,xcopa_tr,0.616,0,0.5,212.9945,12.7391,0.721024,0.2702,0.3917,0.4351,0.501,0.55,0.6062,0.698,0.7851,0.8815,layer_15,last
283B,Turkish,xcopa,xcopa_tr,0.604,0,0.5,215.5072,13.1566,0.721612,0.2644,0.3928,0.4345,0.4999,0.5491,0.6053,0.6971,0.7843,0.881,layer_15,last
294B,Turkish,xcopa,xcopa_tr,0.596,0,0.5,231.2124,14.4533,0.722196,0.2509,0.3805,0.4255,0.4928,0.5425,0.5992,0.6923,0.781,0.8792,layer_15,last
304B,Turkish,xcopa,xcopa_tr,0.608,0,0.5,228.9727,14.2136,0.722676,0.2535,0.383,0.427,0.4934,0.5427,0.5994,0.6926,0.7813,0.8795,layer_15,last
315B,Turkish,xcopa,xcopa_tr,0.606,0,0.5,224.4177,13.9037,0.726176,0.2569,0.3846,0.4284,0.4962,0.5459,0.6025,0.6952,0.7834,0.881,layer_15,last
325B,Turkish,xcopa,xcopa_tr,0.622,0,0.5,235.9495,14.885,0.724789,0.2469,0.3775,0.4217,0.49,0.5404,0.5978,0.6916,0.7808,0.8794,layer_15,last
334B,Turkish,xcopa,xcopa_tr,0.622,0,0.5,231.4876,14.7584,0.725693,0.2476,0.3807,0.4257,0.4939,0.5436,0.6005,0.6937,0.7824,0.8804,layer_15,last
342B,Turkish,xcopa,xcopa_tr,0.626,0,0.5,230.4704,14.5655,0.725881,0.2496,0.3813,0.4258,0.4935,0.5433,0.6005,0.6938,0.7825,0.8805,layer_15,last
352B,Turkish,xcopa,xcopa_tr,0.616,0,0.5,232.0227,14.7753,0.727842,0.2476,0.3801,0.4244,0.493,0.5431,0.6004,0.6939,0.7826,0.8807,layer_15,last
363B,Turkish,xcopa,xcopa_tr,0.616,0,0.5,238.2512,15.2115,0.725575,0.2436,0.3766,0.421,0.4892,0.5397,0.5974,0.6912,0.7805,0.8793,layer_15,last
373B,Turkish,xcopa,xcopa_tr,0.62,0,0.5,231.5187,14.7776,0.728377,0.2476,0.3802,0.425,0.4937,0.5436,0.6009,0.6942,0.783,0.881,layer_15,last
384B,Turkish,xcopa,xcopa_tr,0.6,0,0.5,236.3501,15.0125,0.726822,0.2458,0.3774,0.422,0.4905,0.5408,0.598,0.6916,0.7809,0.8798,layer_15,last
394B,Turkish,xcopa,xcopa_tr,0.596,0,0.5,230.8572,14.7367,0.726802,0.2481,0.3808,0.4253,0.4944,0.5445,0.6016,0.6947,0.7832,0.881,layer_15,last
405B,Turkish,xcopa,xcopa_tr,0.616,0,0.5,233.4485,14.965,0.730189,0.2459,0.3792,0.4241,0.4923,0.543,0.6001,0.6936,0.7827,0.881,layer_15,last
415B,Turkish,xcopa,xcopa_tr,0.598,0,0.5,239.2581,15.4233,0.728062,0.2416,0.3761,0.4209,0.4891,0.5398,0.5974,0.6913,0.7808,0.8798,layer_15,last
426B,Turkish,xcopa,xcopa_tr,0.604,0,0.5,239.0461,15.3884,0.72781,0.2419,0.3762,0.4206,0.4891,0.54,0.5975,0.6913,0.7808,0.8798,layer_15,last
436B,Turkish,xcopa,xcopa_tr,0.614,0,0.5,236.6184,15.3824,0.729126,0.2417,0.3774,0.4223,0.4916,0.5422,0.5996,0.6931,0.7822,0.8807,layer_15,last
447B,Turkish,xcopa,xcopa_tr,0.618,0,0.5,239.0418,15.3429,0.728639,0.2425,0.3757,0.4201,0.4891,0.5399,0.5974,0.6914,0.781,0.88,layer_15,last
457B,Turkish,xcopa,xcopa_tr,0.61,0,0.5,239.2983,15.5181,0.730107,0.2407,0.3759,0.4206,0.4894,0.5402,0.5979,0.6919,0.7814,0.8803,layer_15,last
468B,Turkish,xcopa,xcopa_tr,0.6,0,0.5,241.4467,15.6551,0.73009,0.2397,0.3739,0.4188,0.4879,0.5391,0.597,0.6914,0.7812,0.8802,layer_15,last
478B,Turkish,xcopa,xcopa_tr,0.616,0,0.5,239.9931,15.7888,0.730621,0.2377,0.3762,0.4209,0.4896,0.5405,0.5982,0.6922,0.7817,0.8806,layer_15,last
489B,Turkish,xcopa,xcopa_tr,0.614,0,0.5,241.7902,15.9547,0.730087,0.2363,0.3748,0.4201,0.4886,0.5396,0.5976,0.6917,0.7814,0.8804,layer_15,last
499B,Turkish,xcopa,xcopa_tr,0.62,0,0.5,241.0454,15.6905,0.730712,0.2391,0.3746,0.4199,0.4885,0.5393,0.597,0.6913,0.7812,0.8804,layer_15,last
510B,Turkish,xcopa,xcopa_tr,0.624,0,0.5,240.7549,15.8587,0.731922,0.2374,0.3747,0.4203,0.4895,0.5404,0.5982,0.6924,0.7821,0.8809,layer_15,last
520B,Turkish,xcopa,xcopa_tr,0.624,0,0.5,244.9316,16.1498,0.730866,0.2349,0.3722,0.4173,0.4867,0.538,0.5961,0.6907,0.7808,0.8801,layer_15,last
531B,Turkish,xcopa,xcopa_tr,0.618,0,0.5,242.8598,16.1569,0.732499,0.2343,0.374,0.4189,0.4884,0.5395,0.5974,0.6918,0.7817,0.8808,layer_15,last
541B,Turkish,xcopa,xcopa_tr,0.61,0,0.5,241.4091,15.9372,0.732459,0.2365,0.3751,0.4198,0.4887,0.5397,0.5976,0.6919,0.7818,0.8809,layer_15,last
552B,Turkish,xcopa,xcopa_tr,0.616,0,0.5,242.5088,16.1701,0.732272,0.2341,0.3746,0.4195,0.4887,0.5398,0.5976,0.6919,0.7818,0.8808,layer_15,last
562B,Turkish,xcopa,xcopa_tr,0.636,0,0.5,240.0887,15.9509,0.733072,0.2361,0.3759,0.4212,0.4902,0.5409,0.5985,0.6927,0.7824,0.8813,layer_15,last
573B,Turkish,xcopa,xcopa_tr,0.638,0,0.5,239.6762,15.9184,0.73341,0.2363,0.3766,0.4212,0.4901,0.5409,0.5986,0.6928,0.7826,0.8815,layer_15,last
583B,Turkish,xcopa,xcopa_tr,0.634,0,0.5,240.7942,16.0201,0.733593,0.2356,0.3752,0.4203,0.4895,0.5407,0.5986,0.6929,0.7827,0.8814,layer_15,last
593B,Turkish,xcopa,xcopa_tr,0.644,0,0.5,240.4557,16.0073,0.733081,0.2356,0.3755,0.4206,0.4897,0.541,0.5989,0.6931,0.7827,0.8814,layer_15,last
10B,Vietnamese,xcopa,xcopa_vi,0.568,0,0.5,54.5295,5.7091,0.993427,0.4009,0.5828,0.6267,0.6717,0.7114,0.759,0.8372,0.9016,0.9589,layer_15,last
21B,Vietnamese,xcopa,xcopa_vi,0.592,0,0.5,170.7629,12.9718,1.006548,0.2657,0.3971,0.4559,0.5155,0.5689,0.6343,0.7456,0.8435,0.9355,layer_15,last
31B,Vietnamese,xcopa,xcopa_vi,0.624,0,0.5,147.2538,10.8073,0.992346,0.2929,0.4279,0.4802,0.5361,0.5856,0.6458,0.75,0.8442,0.9347,layer_15,last
42B,Vietnamese,xcopa,xcopa_vi,0.622,0,0.5,140.8433,10.4061,0.995058,0.299,0.4394,0.4885,0.5445,0.5926,0.6508,0.7519,0.8445,0.9347,layer_15,last
52B,Vietnamese,xcopa,xcopa_vi,0.612,0,0.5,128.8038,9.2731,1.008808,0.3186,0.4528,0.4997,0.5527,0.5985,0.6549,0.7543,0.8464,0.9363,layer_15,last
63B,Vietnamese,xcopa,xcopa_vi,0.626,0,0.5,124.8276,9.0573,0.995962,0.3222,0.4582,0.5063,0.5585,0.6038,0.6592,0.7562,0.8466,0.9355,layer_15,last
73B,Vietnamese,xcopa,xcopa_vi,0.642,0,0.5,114.7215,8.2728,0.987256,0.3388,0.4719,0.5185,0.5702,0.6137,0.6668,0.7606,0.8488,0.9363,layer_15,last
84B,Vietnamese,xcopa,xcopa_vi,0.632,0,0.5,106.2443,7.7763,1.000585,0.3495,0.481,0.5258,0.5787,0.622,0.6745,0.7665,0.8532,0.9386,layer_15,last
94B,Vietnamese,xcopa,xcopa_vi,0.66,0,0.5,5.8017,1.6692,0.970596,0.7719,0.8538,0.8675,0.8831,0.8953,0.9098,0.935,0.9586,0.9822,layer_15,last
105B,Vietnamese,xcopa,xcopa_vi,0.636,0,0.5,97.2639,7.1452,0.987831,0.3659,0.4989,0.5388,0.5894,0.631,0.6816,0.7707,0.8549,0.9385,layer_15,last
115B,Vietnamese,xcopa,xcopa_vi,0.65,0,0.5,100.9558,7.5628,0.97762,0.3539,0.4969,0.5382,0.5888,0.6304,0.6806,0.7691,0.8532,0.9373,layer_15,last
126B,Vietnamese,xcopa,xcopa_vi,0.682,0,0.5,98.9908,7.3646,0.989886,0.3596,0.4984,0.5386,0.5899,0.6317,0.6818,0.7702,0.8543,0.9382,layer_15,last
136B,Vietnamese,xcopa,xcopa_vi,0.656,0,0.5,95.4671,7.0777,0.976352,0.3676,0.5022,0.5436,0.5942,0.6358,0.6854,0.7727,0.8553,0.9381,layer_15,last
147B,Vietnamese,xcopa,xcopa_vi,0.652,0,0.5,93.9713,6.8977,0.985387,0.3733,0.5015,0.5442,0.5952,0.6365,0.6858,0.773,0.8559,0.9386,layer_15,last
157B,Vietnamese,xcopa,xcopa_vi,0.66,0,0.5,101.5826,7.5406,0.977944,0.3551,0.4934,0.5343,0.5881,0.6308,0.6813,0.7697,0.8535,0.9373,layer_15,last
168B,Vietnamese,xcopa,xcopa_vi,0.662,0,0.5,100.1789,7.6096,0.981798,0.353,0.495,0.5382,0.5928,0.6357,0.6857,0.7731,0.8558,0.9383,layer_15,last
178B,Vietnamese,xcopa,xcopa_vi,0.672,0,0.5,100.6479,7.3595,0.969974,0.3603,0.4925,0.534,0.5885,0.631,0.6809,0.7689,0.8527,0.9366,layer_15,last
189B,Vietnamese,xcopa,xcopa_vi,0.688,0,0.5,99.6637,7.4476,0.965392,0.3573,0.4922,0.5367,0.5925,0.6356,0.6857,0.7723,0.8544,0.937,layer_15,last
199B,Vietnamese,xcopa,xcopa_vi,0.696,0,0.5,99.8959,7.4837,0.967884,0.3562,0.4958,0.5373,0.5924,0.6348,0.6842,0.771,0.8536,0.9366,layer_15,last
210B,Vietnamese,xcopa,xcopa_vi,0.668,0,0.5,103.3323,7.5578,0.968755,0.355,0.488,0.5307,0.5862,0.6296,0.68,0.7677,0.8514,0.9357,layer_15,last
220B,Vietnamese,xcopa,xcopa_vi,0.688,0,0.5,97.202,7.4153,0.954942,0.3574,0.5,0.5441,0.5987,0.6404,0.6889,0.7737,0.8547,0.9365,layer_15,last
231B,Vietnamese,xcopa,xcopa_vi,0.696,0,0.5,96.6296,7.1564,0.976247,0.3661,0.4966,0.5406,0.596,0.6385,0.6878,0.7738,0.8555,0.9375,layer_15,last
241B,Vietnamese,xcopa,xcopa_vi,0.68,0,0.5,99.3381,7.6074,0.959452,0.3531,0.4947,0.5408,0.5983,0.6407,0.6896,0.7744,0.8551,0.9366,layer_15,last
252B,Vietnamese,xcopa,xcopa_vi,0.708,0,0.5,94.6635,7.4963,0.995358,0.3548,0.5035,0.5475,0.6042,0.6467,0.6951,0.7793,0.8596,0.9401,layer_15,last
262B,Vietnamese,xcopa,xcopa_vi,0.718,0,0.5,93.0454,7.1342,1.007297,0.3658,0.502,0.545,0.6025,0.6449,0.6937,0.7787,0.8597,0.9406,layer_15,last
273B,Vietnamese,xcopa,xcopa_vi,0.696,0,0.5,103.7101,8.0683,0.998073,0.3414,0.4871,0.5332,0.5928,0.6371,0.687,0.7737,0.8561,0.9386,layer_15,last
283B,Vietnamese,xcopa,xcopa_vi,0.706,0,0.5,105.2724,8.0534,1.00982,0.342,0.4872,0.5305,0.5874,0.6316,0.6822,0.7701,0.854,0.9381,layer_15,last
294B,Vietnamese,xcopa,xcopa_vi,0.71,0,0.5,110.1849,8.3207,1.004928,0.3366,0.4794,0.5231,0.5822,0.6264,0.6776,0.7668,0.852,0.9372,layer_15,last
304B,Vietnamese,xcopa,xcopa_vi,0.712,0,0.5,111.3676,8.7602,1.00649,0.3259,0.4797,0.5247,0.5845,0.6294,0.6805,0.7692,0.8537,0.9379,layer_15,last
315B,Vietnamese,xcopa,xcopa_vi,0.694,0,0.5,110.9707,8.7706,1.008641,0.3256,0.4797,0.5251,0.5852,0.6303,0.6814,0.77,0.8543,0.9383,layer_15,last
325B,Vietnamese,xcopa,xcopa_vi,0.712,0,0.5,111.3445,8.6329,1.012471,0.3292,0.4772,0.5228,0.5828,0.6285,0.6801,0.7692,0.8538,0.9381,layer_15,last
334B,Vietnamese,xcopa,xcopa_vi,0.712,0,0.5,112.3914,8.8901,1.011409,0.3233,0.4772,0.5236,0.5838,0.6293,0.6807,0.7698,0.8542,0.9383,layer_15,last
342B,Vietnamese,xcopa,xcopa_vi,0.718,0,0.5,109.5958,8.585,1.012485,0.3301,0.4791,0.5252,0.5862,0.6316,0.6829,0.7715,0.8555,0.9388,layer_15,last
352B,Vietnamese,xcopa,xcopa_vi,0.7,0,0.5,112.0822,8.8234,1.02968,0.3248,0.4772,0.5219,0.5823,0.628,0.6798,0.7698,0.855,0.9394,layer_15,last
363B,Vietnamese,xcopa,xcopa_vi,0.718,0,0.5,118.3258,9.3037,1.018171,0.3154,0.4688,0.5146,0.5765,0.6229,0.6755,0.7663,0.8522,0.9376,layer_15,last
373B,Vietnamese,xcopa,xcopa_vi,0.726,0,0.5,113.5115,8.9689,1.017382,0.3223,0.4738,0.521,0.5827,0.6288,0.6809,0.7704,0.8551,0.9389,layer_15,last
384B,Vietnamese,xcopa,xcopa_vi,0.716,0,0.5,114.2253,8.8848,1.017061,0.3244,0.4723,0.5193,0.5804,0.6266,0.6787,0.7687,0.854,0.9385,layer_15,last
394B,Vietnamese,xcopa,xcopa_vi,0.71,0,0.5,110.206,8.6559,1.015423,0.3289,0.4784,0.525,0.5855,0.6315,0.6832,0.7722,0.8561,0.9392,layer_15,last
405B,Vietnamese,xcopa,xcopa_vi,0.722,0,0.5,115.7782,9.069,1.022356,0.3203,0.4711,0.517,0.5784,0.6247,0.6772,0.7682,0.854,0.9387,layer_15,last
415B,Vietnamese,xcopa,xcopa_vi,0.732,0,0.5,117.8163,9.2505,1.018344,0.3168,0.4689,0.5149,0.5768,0.6234,0.6762,0.7673,0.8533,0.9382,layer_15,last
426B,Vietnamese,xcopa,xcopa_vi,0.734,0,0.5,118.7716,9.346,1.019984,0.3149,0.4679,0.515,0.5758,0.6222,0.6751,0.7665,0.8528,0.9381,layer_15,last
436B,Vietnamese,xcopa,xcopa_vi,0.736,0,0.5,114.3473,9.0817,1.02637,0.3201,0.4724,0.5199,0.5817,0.6281,0.6805,0.7707,0.8558,0.9396,layer_15,last
447B,Vietnamese,xcopa,xcopa_vi,0.736,0,0.5,115.1616,8.9595,1.027411,0.3228,0.4712,0.5176,0.5782,0.6243,0.6769,0.7682,0.8541,0.939,layer_15,last
457B,Vietnamese,xcopa,xcopa_vi,0.724,0,0.5,116.141,9.0982,1.027192,0.32,0.4696,0.5164,0.5782,0.6246,0.6772,0.7684,0.8542,0.939,layer_15,last
468B,Vietnamese,xcopa,xcopa_vi,0.706,0,0.5,117.3701,9.1774,1.029777,0.3187,0.4673,0.5143,0.5768,0.6235,0.6764,0.768,0.8541,0.939,layer_15,last
478B,Vietnamese,xcopa,xcopa_vi,0.71,0,0.5,117.5512,9.3559,1.029711,0.3146,0.4691,0.5157,0.5777,0.6244,0.6772,0.7686,0.8545,0.9392,layer_15,last
489B,Vietnamese,xcopa,xcopa_vi,0.722,0,0.5,119.7262,9.5319,1.025527,0.3113,0.4657,0.5132,0.5757,0.6227,0.6759,0.7676,0.8538,0.9388,layer_15,last
499B,Vietnamese,xcopa,xcopa_vi,0.712,0,0.5,118.9441,9.3217,1.028112,0.3158,0.4658,0.5128,0.5749,0.6219,0.6752,0.7673,0.8538,0.9389,layer_15,last
510B,Vietnamese,xcopa,xcopa_vi,0.724,0,0.5,119.558,9.3998,1.025204,0.3141,0.465,0.512,0.5746,0.6216,0.6748,0.7669,0.8535,0.9387,layer_15,last
520B,Vietnamese,xcopa,xcopa_vi,0.73,0,0.5,118.8519,9.351,1.02784,0.3152,0.4661,0.5127,0.5754,0.6225,0.6756,0.7675,0.8538,0.9389,layer_15,last
531B,Vietnamese,xcopa,xcopa_vi,0.706,0,0.5,120.1198,9.5531,1.028906,0.3111,0.4647,0.5119,0.5749,0.6222,0.6755,0.7677,0.8542,0.9391,layer_15,last
541B,Vietnamese,xcopa,xcopa_vi,0.718,0,0.5,121.7212,9.6435,1.027304,0.3095,0.4631,0.5099,0.5726,0.62,0.6735,0.7663,0.8533,0.9387,layer_15,last
552B,Vietnamese,xcopa,xcopa_vi,0.724,0,0.5,119.0922,9.4949,1.029835,0.3121,0.4666,0.5141,0.5759,0.6229,0.6761,0.7683,0.8546,0.9393,layer_15,last
562B,Vietnamese,xcopa,xcopa_vi,0.724,0,0.5,118.3119,9.3975,1.030002,0.3139,0.4677,0.5144,0.5763,0.6232,0.6763,0.7684,0.8548,0.9394,layer_15,last
573B,Vietnamese,xcopa,xcopa_vi,0.73,0,0.5,119.1846,9.4039,1.031838,0.3142,0.4655,0.5121,0.575,0.6222,0.6755,0.7679,0.8545,0.9394,layer_15,last
583B,Vietnamese,xcopa,xcopa_vi,0.698,0,0.5,120.27,9.5484,1.02931,0.3113,0.4643,0.5115,0.5745,0.6218,0.6753,0.7677,0.8543,0.9392,layer_15,last
593B,Vietnamese,xcopa,xcopa_vi,0.712,0,0.5,121.4811,9.6277,1.031587,0.31,0.4624,0.5098,0.5731,0.6206,0.6741,0.7669,0.8539,0.9391,layer_15,last
