checkpoint,language,task,lm_task_name,accuracy,num_fewshot,random_chance,rankme,pr,alpha_req,top_1_var,top_5_var,top_10_var,top_25_var,top_50_var,top_100_var,top_250_var,top_500_var,top_1000_var,rankme_layer,rankme_aggregation
10B,Arabic,m_mmlu,m_mmlu_ar,0.2714263613861386,5,0.25,117.9297,13.8114,0.783257,0.2196,0.4905,0.5466,0.6133,0.6625,0.7172,0.7995,0.8647,0.9283,layer_29,last
21B,Arabic,m_mmlu,m_mmlu_ar,0.2678681930693069,5,0.25,76.7132,10.0791,0.781957,0.2296,0.5588,0.6155,0.6764,0.7177,0.7606,0.8263,0.8811,0.9363,layer_29,last
31B,Arabic,m_mmlu,m_mmlu_ar,0.2628403465346535,5,0.25,51.2625,7.635,0.773054,0.284,0.617,0.6733,0.7279,0.7639,0.8001,0.8541,0.8995,0.9457,layer_29,last
42B,Arabic,m_mmlu,m_mmlu_ar,0.26647586633663367,5,0.25,47.2006,7.2942,0.769758,0.2948,0.6259,0.6858,0.7402,0.7753,0.81,0.8609,0.9038,0.9477,layer_29,last
52B,Arabic,m_mmlu,m_mmlu_ar,0.2568069306930693,5,0.25,46.5619,7.3774,0.774378,0.28,0.6278,0.6888,0.7435,0.7777,0.8117,0.8623,0.9048,0.9484,layer_29,last
63B,Arabic,m_mmlu,m_mmlu_ar,0.2667079207920792,5,0.25,37.1904,5.9807,0.765256,0.3394,0.6606,0.7127,0.7621,0.7931,0.8239,0.8704,0.9099,0.9508,layer_29,last
73B,Arabic,m_mmlu,m_mmlu_ar,0.26322710396039606,5,0.25,38.1644,6.4123,0.770991,0.309,0.6573,0.7132,0.7653,0.7971,0.8279,0.8733,0.9119,0.9521,layer_29,last
84B,Arabic,m_mmlu,m_mmlu_ar,0.2571936881188119,5,0.25,36.0935,5.9675,0.767756,0.3357,0.664,0.7173,0.7674,0.7986,0.829,0.8741,0.9124,0.9522,layer_29,last
94B,Arabic,m_mmlu,m_mmlu_ar,0.26392326732673266,5,0.25,32.7147,5.4388,0.754053,0.3615,0.6734,0.7253,0.7753,0.8059,0.8351,0.8783,0.9149,0.9531,layer_29,last
105B,Arabic,m_mmlu,m_mmlu_ar,0.2605971534653465,5,0.25,30.9765,5.592,0.757334,0.3232,0.6888,0.7379,0.7843,0.8133,0.8409,0.8823,0.9176,0.9547,layer_29,last
115B,Arabic,m_mmlu,m_mmlu_ar,0.26956992574257427,5,0.25,27.6162,5.0583,0.747388,0.3558,0.6993,0.7479,0.7931,0.8211,0.8474,0.8867,0.9204,0.9559,layer_29,last
126B,Arabic,m_mmlu,m_mmlu_ar,0.27274133663366334,5,0.25,26.8548,5.0485,0.741357,0.3381,0.7081,0.7531,0.7961,0.8225,0.8479,0.8865,0.92,0.9555,layer_29,last
136B,Arabic,m_mmlu,m_mmlu_ar,0.2635365099009901,5,0.25,27.7494,5.1313,0.722603,0.3359,0.704,0.7501,0.7938,0.8207,0.8463,0.8848,0.9181,0.9538,layer_29,last
147B,Arabic,m_mmlu,m_mmlu_ar,0.27042079207920794,5,0.25,27.0082,5.0272,0.721674,0.3435,0.7107,0.7523,0.795,0.8217,0.8471,0.885,0.9182,0.9538,layer_29,last
157B,Arabic,m_mmlu,m_mmlu_ar,0.2661664603960396,5,0.25,25.2992,4.7585,0.704493,0.3587,0.7172,0.757,0.7994,0.8255,0.85,0.8868,0.9189,0.9535,layer_29,last
168B,Arabic,m_mmlu,m_mmlu_ar,0.26276299504950495,5,0.25,28.3567,5.0447,0.713374,0.3512,0.7044,0.7431,0.7871,0.814,0.84,0.8795,0.914,0.9512,layer_29,last
178B,Arabic,m_mmlu,m_mmlu_ar,0.26802289603960394,5,0.25,22.7076,4.5211,0.712431,0.3614,0.7354,0.7698,0.8084,0.8329,0.8564,0.8916,0.9225,0.956,layer_29,last
189B,Arabic,m_mmlu,m_mmlu_ar,0.270884900990099,5,0.25,19.5918,4.1371,0.699476,0.3955,0.7548,0.7863,0.8215,0.8435,0.8651,0.8978,0.9265,0.9578,layer_29,last
199B,Arabic,m_mmlu,m_mmlu_ar,0.2698019801980198,5,0.25,19.7929,4.0255,0.70653,0.4265,0.7505,0.7837,0.8186,0.841,0.8629,0.8962,0.9256,0.9575,layer_29,last
210B,Arabic,m_mmlu,m_mmlu_ar,0.2697246287128713,5,0.25,17.7461,3.6595,0.70915,0.473,0.7623,0.7942,0.828,0.8498,0.8706,0.902,0.9297,0.9599,layer_29,last
220B,Arabic,m_mmlu,m_mmlu_ar,0.26570235148514854,5,0.25,18.5165,3.6598,0.713381,0.4805,0.7576,0.7885,0.8225,0.8444,0.866,0.899,0.9279,0.9591,layer_29,last
231B,Arabic,m_mmlu,m_mmlu_ar,0.27011138613861385,5,0.25,16.4371,3.4697,0.710995,0.491,0.7733,0.8009,0.8318,0.8525,0.8728,0.904,0.9313,0.961,layer_29,last
241B,Arabic,m_mmlu,m_mmlu_ar,0.2633818069306931,5,0.25,16.1749,3.5354,0.701799,0.4746,0.7768,0.8035,0.8345,0.8544,0.8742,0.9044,0.9313,0.9606,layer_29,last
252B,Arabic,m_mmlu,m_mmlu_ar,0.26848700495049505,5,0.25,20.8345,4.1825,0.712729,0.4313,0.7446,0.7808,0.8196,0.8436,0.8662,0.8995,0.9282,0.9591,layer_29,last
262B,Arabic,m_mmlu,m_mmlu_ar,0.2677134900990099,5,0.25,24.5513,4.5271,0.714612,0.4162,0.7211,0.7611,0.8037,0.8304,0.8552,0.8915,0.9226,0.9559,layer_29,last
273B,Arabic,m_mmlu,m_mmlu_ar,0.2711943069306931,5,0.25,29.3074,5.1888,0.708963,0.3899,0.6996,0.7459,0.7931,0.8221,0.8486,0.8864,0.9187,0.9534,layer_29,last
283B,Arabic,m_mmlu,m_mmlu_ar,0.2713490099009901,5,0.25,33.4019,5.7932,0.702619,0.3504,0.6845,0.7319,0.7807,0.8108,0.8387,0.8786,0.9128,0.9498,layer_29,last
294B,Arabic,m_mmlu,m_mmlu_ar,0.2666305693069307,5,0.25,38.4135,6.4006,0.712955,0.3326,0.6619,0.714,0.7675,0.8008,0.8312,0.8741,0.9102,0.9487,layer_29,last
304B,Arabic,m_mmlu,m_mmlu_ar,0.2678681930693069,5,0.25,42.5468,6.993,0.709652,0.315,0.6488,0.7031,0.7591,0.7937,0.8251,0.869,0.9062,0.9462,layer_29,last
315B,Arabic,m_mmlu,m_mmlu_ar,0.2646194306930693,5,0.25,42.391,6.9614,0.702328,0.3068,0.6486,0.7032,0.7585,0.7932,0.8245,0.8684,0.9056,0.9456,layer_29,last
325B,Arabic,m_mmlu,m_mmlu_ar,0.26879641089108913,5,0.25,53.0102,7.888,0.680853,0.2665,0.6179,0.674,0.7314,0.7682,0.8018,0.8498,0.891,0.9361,layer_29,last
334B,Arabic,m_mmlu,m_mmlu_ar,0.2670946782178218,5,0.25,51.6194,7.9096,0.696532,0.2784,0.6194,0.6763,0.7364,0.7742,0.8081,0.8558,0.8961,0.9398,layer_29,last
342B,Arabic,m_mmlu,m_mmlu_ar,0.26794554455445546,5,0.25,52.8269,8.1265,0.696221,0.2644,0.6173,0.6744,0.7344,0.7718,0.8058,0.8538,0.8946,0.939,layer_29,last
352B,Arabic,m_mmlu,m_mmlu_ar,0.25920482673267325,5,0.25,54.5986,8.1348,0.69416,0.2685,0.6092,0.6679,0.7291,0.7676,0.8023,0.8514,0.8931,0.938,layer_29,last
363B,Arabic,m_mmlu,m_mmlu_ar,0.26794554455445546,5,0.25,59.7455,8.5467,0.687366,0.2501,0.5937,0.6541,0.7174,0.7577,0.794,0.8448,0.8879,0.9346,layer_29,last
373B,Arabic,m_mmlu,m_mmlu_ar,0.2636912128712871,5,0.25,58.613,8.7219,0.695481,0.2399,0.5977,0.6572,0.7221,0.7622,0.7984,0.8489,0.8914,0.9371,layer_29,last
384B,Arabic,m_mmlu,m_mmlu_ar,0.2592821782178218,5,0.25,60.8849,9.0035,0.691203,0.2457,0.5918,0.6532,0.7188,0.7592,0.7957,0.8467,0.8896,0.9358,layer_29,last
394B,Arabic,m_mmlu,m_mmlu_ar,0.2597462871287129,5,0.25,58.9637,8.9348,0.696336,0.2452,0.5963,0.6582,0.7236,0.764,0.8001,0.8504,0.8926,0.9377,layer_29,last
405B,Arabic,m_mmlu,m_mmlu_ar,0.2610612623762376,5,0.25,64.1988,9.3927,0.690034,0.244,0.5837,0.6466,0.7133,0.7548,0.7922,0.844,0.8875,0.9345,layer_29,last
415B,Arabic,m_mmlu,m_mmlu_ar,0.2635365099009901,5,0.25,61.5421,9.1606,0.696765,0.2427,0.5874,0.6504,0.7181,0.76,0.7971,0.8482,0.891,0.9368,layer_29,last
426B,Arabic,m_mmlu,m_mmlu_ar,0.2625309405940594,5,0.25,63.5793,9.4066,0.695797,0.2384,0.5824,0.6467,0.7147,0.7569,0.7945,0.8462,0.8894,0.9359,layer_29,last
436B,Arabic,m_mmlu,m_mmlu_ar,0.2571936881188119,5,0.25,65.3194,9.5524,0.699478,0.2405,0.5773,0.6414,0.7109,0.7538,0.7923,0.8451,0.889,0.9358,layer_29,last
447B,Arabic,m_mmlu,m_mmlu_ar,0.2560334158415842,5,0.25,67.5313,9.7811,0.693584,0.2275,0.5721,0.6368,0.707,0.7504,0.789,0.8421,0.8864,0.934,layer_29,last
457B,Arabic,m_mmlu,m_mmlu_ar,0.2516243811881188,5,0.25,69.4692,9.8284,0.686191,0.2285,0.5697,0.6336,0.7027,0.7458,0.7845,0.838,0.8829,0.9315,layer_29,last
468B,Arabic,m_mmlu,m_mmlu_ar,0.2600556930693069,5,0.25,69.5165,9.8624,0.690197,0.235,0.5679,0.6325,0.7029,0.7467,0.7856,0.8391,0.8839,0.9323,layer_29,last
478B,Arabic,m_mmlu,m_mmlu_ar,0.25642017326732675,5,0.25,67.634,9.864,0.704277,0.2323,0.5688,0.6357,0.7071,0.7513,0.7905,0.8441,0.8885,0.9358,layer_29,last
489B,Arabic,m_mmlu,m_mmlu_ar,0.2589727722772277,5,0.25,71.0973,10.0398,0.692744,0.2305,0.5635,0.6289,0.7002,0.7444,0.784,0.8384,0.8837,0.9323,layer_29,last
499B,Arabic,m_mmlu,m_mmlu_ar,0.2660891089108911,5,0.25,71.4469,10.2543,0.69715,0.2296,0.5618,0.6289,0.7008,0.7457,0.7854,0.8397,0.8848,0.9332,layer_29,last
510B,Arabic,m_mmlu,m_mmlu_ar,0.26330445544554454,5,0.25,74.8473,10.5038,0.688295,0.2268,0.5574,0.6237,0.6945,0.7394,0.7795,0.8344,0.8805,0.9303,layer_29,last
520B,Arabic,m_mmlu,m_mmlu_ar,0.26168007425742573,5,0.25,74.5249,10.297,0.686821,0.2285,0.5562,0.6225,0.6937,0.7389,0.7791,0.8342,0.8803,0.93,layer_29,last
531B,Arabic,m_mmlu,m_mmlu_ar,0.27382425742574257,5,0.25,75.517,10.317,0.678773,0.2281,0.5556,0.6213,0.6922,0.7369,0.7768,0.8315,0.8778,0.9281,layer_29,last
541B,Arabic,m_mmlu,m_mmlu_ar,0.2669399752475248,5,0.25,74.357,10.4044,0.690215,0.2313,0.5552,0.6228,0.6951,0.7407,0.7811,0.836,0.8818,0.9311,layer_29,last
552B,Arabic,m_mmlu,m_mmlu_ar,0.26183477722772275,5,0.25,73.7883,10.3763,0.697355,0.2332,0.5541,0.6223,0.6959,0.7419,0.7827,0.8379,0.8836,0.9324,layer_29,last
562B,Arabic,m_mmlu,m_mmlu_ar,0.25270730198019803,5,0.25,75.8553,10.6877,0.700457,0.231,0.5493,0.6188,0.6931,0.7396,0.781,0.837,0.8832,0.9324,layer_29,last
573B,Arabic,m_mmlu,m_mmlu_ar,0.2645420792079208,5,0.25,75.6753,10.6642,0.700513,0.2368,0.5511,0.6196,0.6936,0.74,0.7812,0.8368,0.883,0.9323,layer_29,last
583B,Arabic,m_mmlu,m_mmlu_ar,0.26013304455445546,5,0.25,76.9827,10.6753,0.69248,0.2262,0.5484,0.6166,0.6906,0.7371,0.7782,0.834,0.8804,0.9304,layer_29,last
593B,Arabic,m_mmlu,m_mmlu_ar,0.2641553217821782,5,0.25,77.6066,10.7413,0.691941,0.2262,0.5477,0.6152,0.6896,0.7362,0.7775,0.8336,0.8803,0.9303,layer_29,last
10B,Chinese,m_mmlu,m_mmlu_zh,0.2721610330421572,5,0.25,302.4599,35.4326,0.715359,0.1333,0.3048,0.3913,0.4761,0.5418,0.6134,0.7212,0.8056,0.8909,layer_29,last
21B,Chinese,m_mmlu,m_mmlu_zh,0.27102164830991265,5,0.25,251.2258,27.786,0.700851,0.1456,0.3478,0.4275,0.5111,0.5728,0.6366,0.7324,0.8106,0.8917,layer_29,last
31B,Chinese,m_mmlu,m_mmlu_zh,0.254310672236992,5,0.25,206.1907,23.075,0.700708,0.1643,0.3848,0.4639,0.5447,0.6032,0.663,0.7518,0.8241,0.899,layer_29,last
42B,Chinese,m_mmlu,m_mmlu_zh,0.2586403342195215,5,0.25,176.2133,18.9216,0.699876,0.192,0.4067,0.4871,0.569,0.6252,0.6818,0.765,0.833,0.9038,layer_29,last
52B,Chinese,m_mmlu,m_mmlu_zh,0.26213444739840486,5,0.25,166.702,18.005,0.699988,0.1938,0.4183,0.4969,0.5767,0.6314,0.6867,0.7686,0.8355,0.9053,layer_29,last
63B,Chinese,m_mmlu,m_mmlu_zh,0.2702620584884163,5,0.25,150.6632,15.7554,0.697414,0.2111,0.4392,0.5128,0.5885,0.641,0.6943,0.7737,0.8389,0.9071,layer_29,last
73B,Chinese,m_mmlu,m_mmlu_zh,0.25339916445119637,5,0.25,148.9078,16.0457,0.695705,0.206,0.4397,0.5164,0.5928,0.6456,0.6984,0.7759,0.8403,0.9077,layer_29,last
84B,Chinese,m_mmlu,m_mmlu_zh,0.2557538928978352,5,0.25,143.2612,15.1634,0.694203,0.2162,0.4449,0.5211,0.5975,0.6497,0.7019,0.7786,0.8421,0.9087,layer_29,last
94B,Chinese,m_mmlu,m_mmlu_zh,0.26965438663121916,5,0.25,131.2988,13.721,0.690432,0.2302,0.4627,0.5351,0.6086,0.6586,0.7084,0.7824,0.8442,0.9096,layer_29,last
105B,Chinese,m_mmlu,m_mmlu_zh,0.2584884162552222,5,0.25,125.3404,13.4322,0.689513,0.2266,0.4757,0.5455,0.6143,0.6624,0.7115,0.7844,0.8456,0.9104,layer_29,last
115B,Chinese,m_mmlu,m_mmlu_zh,0.27200911507785797,5,0.25,140.3351,15.1364,0.683219,0.2089,0.4515,0.527,0.6019,0.6531,0.7038,0.7786,0.8411,0.9071,layer_29,last
126B,Chinese,m_mmlu,m_mmlu_zh,0.262742119255602,5,0.25,135.0708,13.9821,0.678214,0.2222,0.4614,0.5331,0.6042,0.6536,0.7027,0.7763,0.8388,0.9056,layer_29,last
136B,Chinese,m_mmlu,m_mmlu_zh,0.26767945309532853,5,0.25,130.6507,14.3966,0.669378,0.2176,0.4669,0.5436,0.6151,0.6637,0.7117,0.7817,0.8417,0.9065,layer_29,last
147B,Chinese,m_mmlu,m_mmlu_zh,0.27102164830991265,5,0.25,130.1018,13.9287,0.669964,0.2256,0.4661,0.5433,0.6146,0.6621,0.7094,0.7802,0.8406,0.9059,layer_29,last
157B,Chinese,m_mmlu,m_mmlu_zh,0.2594758830231675,5,0.25,125.5594,13.7566,0.654106,0.2233,0.4815,0.5518,0.6204,0.6666,0.7126,0.7816,0.8405,0.9047,layer_29,last
168B,Chinese,m_mmlu,m_mmlu_zh,0.25826053930877324,5,0.25,132.0068,13.7604,0.667165,0.2269,0.4652,0.54,0.6104,0.6581,0.7056,0.7769,0.8381,0.9043,layer_29,last
178B,Chinese,m_mmlu,m_mmlu_zh,0.27284466388150397,5,0.25,116.1719,11.3848,0.664787,0.264,0.4838,0.5551,0.6232,0.6692,0.7154,0.7833,0.8423,0.9066,layer_29,last
189B,Chinese,m_mmlu,m_mmlu_zh,0.264641093809343,5,0.25,126.6535,13.1274,0.656935,0.2321,0.4759,0.5471,0.615,0.6619,0.7085,0.7783,0.8382,0.9035,layer_29,last
199B,Chinese,m_mmlu,m_mmlu_zh,0.2717052791492594,5,0.25,128.9883,12.6159,0.659096,0.2466,0.4701,0.5419,0.6099,0.6568,0.7038,0.7746,0.8357,0.9023,layer_29,last
210B,Chinese,m_mmlu,m_mmlu_zh,0.25415875427269274,5,0.25,133.3971,13.3126,0.657673,0.2359,0.4674,0.5373,0.6063,0.6546,0.7024,0.7733,0.8344,0.9013,layer_29,last
220B,Chinese,m_mmlu,m_mmlu_zh,0.2699582225598177,5,0.25,131.2722,12.7054,0.662198,0.245,0.4685,0.5387,0.606,0.6534,0.7009,0.7724,0.8343,0.9018,layer_29,last
231B,Chinese,m_mmlu,m_mmlu_zh,0.26631219141663504,5,0.25,125.8305,11.9942,0.665803,0.2558,0.4773,0.5429,0.6091,0.6563,0.7037,0.775,0.8365,0.9033,layer_29,last
241B,Chinese,m_mmlu,m_mmlu_zh,0.2641853399164451,5,0.25,111.7316,10.2563,0.655513,0.2856,0.4952,0.5603,0.6238,0.6687,0.713,0.7797,0.8387,0.9039,layer_29,last
252B,Chinese,m_mmlu,m_mmlu_zh,0.2703380174705659,5,0.25,134.1676,14.7693,0.66588,0.2148,0.4627,0.5403,0.6126,0.6619,0.7098,0.7792,0.839,0.9045,layer_29,last
262B,Chinese,m_mmlu,m_mmlu_zh,0.26479301177364223,5,0.25,134.0644,14.7374,0.668357,0.2155,0.4624,0.539,0.6128,0.6623,0.7103,0.7799,0.8397,0.905,layer_29,last
273B,Chinese,m_mmlu,m_mmlu_zh,0.2683630839346753,5,0.25,134.5409,16.5896,0.663723,0.1871,0.4622,0.5442,0.6202,0.6699,0.7172,0.7849,0.8429,0.9064,layer_29,last
283B,Chinese,m_mmlu,m_mmlu_zh,0.25567793391568555,5,0.25,129.3678,16.0565,0.660166,0.1884,0.4698,0.551,0.6256,0.6746,0.7214,0.7877,0.8446,0.9071,layer_29,last
294B,Chinese,m_mmlu,m_mmlu_zh,0.2575769084694265,5,0.25,125.0422,16.1419,0.668233,0.1759,0.4748,0.5556,0.6305,0.6794,0.7262,0.7932,0.8497,0.9107,layer_29,last
304B,Chinese,m_mmlu,m_mmlu_zh,0.25977971895176605,5,0.25,126.1289,16.1944,0.665253,0.1774,0.4739,0.555,0.6298,0.6786,0.7253,0.7913,0.8476,0.9091,layer_29,last
315B,Chinese,m_mmlu,m_mmlu_zh,0.2702620584884163,5,0.25,126.6686,16.2926,0.65933,0.1769,0.4716,0.5544,0.6304,0.6791,0.7254,0.7913,0.8473,0.9085,layer_29,last
325B,Chinese,m_mmlu,m_mmlu_zh,0.2643372578807444,5,0.25,142.157,16.7932,0.638885,0.1827,0.4557,0.5359,0.6121,0.6616,0.7088,0.7762,0.8344,0.8992,layer_29,last
334B,Chinese,m_mmlu,m_mmlu_zh,0.27292062286365365,5,0.25,138.6184,16.9948,0.651927,0.1778,0.4555,0.5387,0.6167,0.6669,0.7146,0.7819,0.8395,0.9033,layer_29,last
342B,Chinese,m_mmlu,m_mmlu_zh,0.2680592480060767,5,0.25,142.8871,17.6235,0.652155,0.1714,0.4498,0.5347,0.6131,0.6637,0.7117,0.7795,0.8377,0.9022,layer_29,last
352B,Chinese,m_mmlu,m_mmlu_zh,0.254310672236992,5,0.25,146.6764,17.7559,0.648929,0.1752,0.4472,0.5305,0.609,0.6594,0.7077,0.7763,0.8353,0.9006,layer_29,last
363B,Chinese,m_mmlu,m_mmlu_zh,0.27041397645271553,5,0.25,153.4778,17.7269,0.647039,0.1855,0.4366,0.5204,0.6007,0.653,0.7023,0.772,0.8318,0.8983,layer_29,last
373B,Chinese,m_mmlu,m_mmlu_zh,0.2632738321306495,5,0.25,148.3857,18.4505,0.662267,0.1686,0.4393,0.5246,0.6066,0.6603,0.7105,0.7805,0.8396,0.9042,layer_29,last
384B,Chinese,m_mmlu,m_mmlu_zh,0.26623623243448535,5,0.25,148.8215,18.7757,0.664578,0.1618,0.4384,0.5239,0.607,0.6606,0.7108,0.7811,0.8402,0.9046,layer_29,last
394B,Chinese,m_mmlu,m_mmlu_zh,0.26540068363083935,5,0.25,144.1909,18.2068,0.664646,0.1651,0.4449,0.5308,0.6118,0.6642,0.7135,0.7824,0.8409,0.9051,layer_29,last
405B,Chinese,m_mmlu,m_mmlu_zh,0.2645651348271933,5,0.25,148.009,18.2211,0.657924,0.1719,0.4427,0.5268,0.6084,0.6604,0.7094,0.7786,0.8376,0.9026,layer_29,last
415B,Chinese,m_mmlu,m_mmlu_zh,0.2702620584884163,5,0.25,141.147,17.8156,0.667315,0.1699,0.4458,0.5328,0.6143,0.6673,0.7168,0.7853,0.8433,0.9067,layer_29,last
426B,Chinese,m_mmlu,m_mmlu_zh,0.26767945309532853,5,0.25,140.9786,17.3881,0.660579,0.1752,0.449,0.533,0.614,0.6658,0.7147,0.7829,0.8408,0.9047,layer_29,last
436B,Chinese,m_mmlu,m_mmlu_zh,0.2538549183440942,5,0.25,151.9192,19.2969,0.665435,0.1572,0.4337,0.5209,0.6052,0.6592,0.7095,0.7797,0.839,0.904,layer_29,last
447B,Chinese,m_mmlu,m_mmlu_zh,0.26578047854158754,5,0.25,153.4213,18.9918,0.658216,0.1637,0.4317,0.52,0.6031,0.6569,0.7072,0.7773,0.8367,0.902,layer_29,last
457B,Chinese,m_mmlu,m_mmlu_zh,0.24952525636156475,5,0.25,158.9845,19.4716,0.651668,0.1613,0.4273,0.515,0.599,0.6524,0.7022,0.7728,0.8328,0.8992,layer_29,last
468B,Chinese,m_mmlu,m_mmlu_zh,0.25127231295100644,5,0.25,158.5134,19.5103,0.655321,0.1583,0.4271,0.5147,0.599,0.6525,0.7029,0.7734,0.8334,0.8999,layer_29,last
478B,Chinese,m_mmlu,m_mmlu_zh,0.24800607671857197,5,0.25,157.5629,19.6126,0.660926,0.1574,0.425,0.5147,0.5999,0.6537,0.7047,0.7755,0.8355,0.9015,layer_29,last
489B,Chinese,m_mmlu,m_mmlu_zh,0.25127231295100644,5,0.25,154.2106,18.8107,0.652381,0.1673,0.43,0.5184,0.6034,0.6565,0.7063,0.776,0.8353,0.9007,layer_29,last
499B,Chinese,m_mmlu,m_mmlu_zh,0.2679073300417774,5,0.25,155.9858,19.5088,0.657361,0.153,0.4276,0.5164,0.6018,0.6557,0.7062,0.7765,0.836,0.9015,layer_29,last
510B,Chinese,m_mmlu,m_mmlu_zh,0.26524876566654004,5,0.25,156.7748,19.3292,0.650682,0.1566,0.4273,0.5163,0.6017,0.6551,0.705,0.7745,0.8338,0.8997,layer_29,last
520B,Chinese,m_mmlu,m_mmlu_zh,0.2552981390049373,5,0.25,160.9874,19.6946,0.647765,0.1583,0.4232,0.5114,0.5982,0.6521,0.7023,0.7724,0.8322,0.8984,layer_29,last
531B,Chinese,m_mmlu,m_mmlu_zh,0.2605393087732624,5,0.25,164.6179,19.8422,0.644598,0.1605,0.4212,0.5088,0.5946,0.6484,0.6985,0.7687,0.829,0.8963,layer_29,last
541B,Chinese,m_mmlu,m_mmlu_zh,0.26448917584504367,5,0.25,163.0349,20.0241,0.651571,0.1574,0.422,0.5092,0.5959,0.6504,0.7011,0.7712,0.8313,0.8983,layer_29,last
552B,Chinese,m_mmlu,m_mmlu_zh,0.26259020129130267,5,0.25,157.8586,19.8102,0.656564,0.1554,0.4244,0.5141,0.6011,0.6555,0.7061,0.7761,0.8355,0.9011,layer_29,last
562B,Chinese,m_mmlu,m_mmlu_zh,0.26486897075579185,5,0.25,155.4161,19.7126,0.660514,0.1548,0.4269,0.5165,0.6032,0.6577,0.7085,0.7785,0.8376,0.9027,layer_29,last
573B,Chinese,m_mmlu,m_mmlu_zh,0.26479301177364223,5,0.25,154.8023,19.6943,0.661166,0.1519,0.4266,0.5168,0.6041,0.6586,0.7093,0.779,0.838,0.903,layer_29,last
583B,Chinese,m_mmlu,m_mmlu_zh,0.26213444739840486,5,0.25,157.3169,19.713,0.654903,0.1551,0.4246,0.5147,0.6021,0.6564,0.7066,0.7762,0.8354,0.9009,layer_29,last
593B,Chinese,m_mmlu,m_mmlu_zh,0.2613748575769085,5,0.25,157.0904,19.6238,0.656481,0.1591,0.4237,0.5143,0.6018,0.6564,0.707,0.7769,0.8361,0.9015,layer_29,last
10B,English,m_mmlu,m_mmlu_en,0.26919595715794237,5,0.25,268.129,18.8811,0.661561,0.2072,0.3494,0.4011,0.4727,0.5312,0.5965,0.6979,0.7842,0.8745,layer_29,last
21B,English,m_mmlu,m_mmlu_en,0.27040277568260673,5,0.25,184.7242,13.2285,0.63784,0.2368,0.4202,0.4661,0.5289,0.5802,0.6362,0.7229,0.7984,0.8797,layer_29,last
31B,English,m_mmlu,m_mmlu_en,0.255996379544426,5,0.25,132.1232,10.36,0.635445,0.2679,0.4728,0.5204,0.5795,0.6254,0.6754,0.7522,0.8193,0.8916,layer_29,last
42B,English,m_mmlu,m_mmlu_en,0.2604465228541258,5,0.25,113.3561,9.7414,0.633123,0.271,0.4993,0.5487,0.6063,0.6499,0.6967,0.768,0.8303,0.8978,layer_29,last
52B,English,m_mmlu,m_mmlu_en,0.25614723186000904,5,0.25,101.3677,8.9902,0.631947,0.2831,0.5187,0.5652,0.6211,0.6626,0.7075,0.7756,0.8355,0.9007,layer_29,last
63B,English,m_mmlu,m_mmlu_en,0.25720319806909037,5,0.25,89.275,8.1752,0.625743,0.2916,0.5392,0.5836,0.6352,0.674,0.7162,0.7813,0.839,0.9024,layer_29,last
73B,English,m_mmlu,m_mmlu_en,0.2583345904359632,5,0.25,85.9165,8.0798,0.625885,0.2909,0.5451,0.5893,0.6412,0.6801,0.7221,0.7857,0.8422,0.9042,layer_29,last
84B,English,m_mmlu,m_mmlu_en,0.255996379544426,5,0.25,83.8064,7.956,0.624421,0.2935,0.5488,0.5941,0.6448,0.6827,0.7241,0.7872,0.8431,0.9047,layer_29,last
94B,English,m_mmlu,m_mmlu_en,0.26806456479106955,5,0.25,80.3126,7.7539,0.622064,0.3017,0.5559,0.6022,0.6516,0.6886,0.729,0.7905,0.8452,0.9057,layer_29,last
105B,English,m_mmlu,m_mmlu_en,0.26527379695278325,5,0.25,75.064,7.2795,0.619941,0.314,0.5669,0.6101,0.6571,0.693,0.7322,0.7923,0.8462,0.9062,layer_29,last
115B,English,m_mmlu,m_mmlu_en,0.2725901342585609,5,0.25,75.2647,7.3215,0.616125,0.3161,0.5673,0.6111,0.6585,0.6945,0.7338,0.7937,0.847,0.9063,layer_29,last
126B,English,m_mmlu,m_mmlu_en,0.27010107105144066,5,0.25,79.8049,7.5362,0.610306,0.3068,0.56,0.6037,0.6501,0.6857,0.725,0.7856,0.8404,0.902,layer_29,last
136B,English,m_mmlu,m_mmlu_en,0.26225675064112236,5,0.25,68.242,7.437,0.608926,0.3094,0.5944,0.6347,0.6782,0.7117,0.7484,0.8039,0.8537,0.9097,layer_29,last
147B,English,m_mmlu,m_mmlu_en,0.26813999094886104,5,0.25,73.2048,7.8767,0.60672,0.2912,0.5849,0.626,0.6705,0.7044,0.7412,0.7977,0.8488,0.9066,layer_29,last
157B,English,m_mmlu,m_mmlu_en,0.2699502187358576,5,0.25,66.9485,7.7078,0.600988,0.2966,0.603,0.6411,0.6839,0.7163,0.7514,0.8055,0.8542,0.9094,layer_29,last
168B,English,m_mmlu,m_mmlu_en,0.25727862422688186,5,0.25,81.9133,8.2384,0.604445,0.2836,0.5676,0.6082,0.6545,0.6895,0.7279,0.7869,0.8405,0.9014,layer_29,last
178B,English,m_mmlu,m_mmlu_en,0.2699502187358576,5,0.25,83.2631,8.4664,0.604554,0.2664,0.5654,0.6062,0.6533,0.6886,0.7275,0.7867,0.8404,0.9012,layer_29,last
189B,English,m_mmlu,m_mmlu_en,0.2710061849449389,5,0.25,72.9176,7.8493,0.598551,0.2877,0.5864,0.627,0.671,0.7042,0.7403,0.7959,0.8466,0.9046,layer_29,last
199B,English,m_mmlu,m_mmlu_en,0.2712324634183135,5,0.25,82.4661,8.2802,0.600726,0.2728,0.5655,0.6067,0.6533,0.6883,0.7265,0.7854,0.8391,0.9002,layer_29,last
210B,English,m_mmlu,m_mmlu_en,0.266254337004073,5,0.25,74.9115,7.6282,0.600815,0.295,0.5771,0.6172,0.6633,0.6977,0.7349,0.7921,0.844,0.9031,layer_29,last
220B,English,m_mmlu,m_mmlu_en,0.2675365816865289,5,0.25,75.9204,7.4038,0.602173,0.2934,0.5719,0.6101,0.6554,0.69,0.728,0.7867,0.8402,0.9011,layer_29,last
231B,English,m_mmlu,m_mmlu_en,0.2716850203650626,5,0.25,70.3532,6.8516,0.601795,0.3207,0.5812,0.6178,0.6619,0.6955,0.7324,0.7904,0.843,0.9028,layer_29,last
241B,English,m_mmlu,m_mmlu_en,0.2640669784281189,5,0.25,66.7091,6.8332,0.597832,0.3201,0.593,0.63,0.6729,0.7053,0.7408,0.796,0.8465,0.9047,layer_29,last
252B,English,m_mmlu,m_mmlu_en,0.26436868305928496,5,0.25,59.2785,6.3384,0.605711,0.3574,0.6082,0.6462,0.6913,0.7242,0.7589,0.8113,0.8584,0.9122,layer_29,last
262B,English,m_mmlu,m_mmlu_en,0.26806456479106955,5,0.25,65.1057,6.6181,0.606064,0.3519,0.5943,0.6336,0.6799,0.7137,0.7496,0.804,0.8531,0.909,layer_29,last
273B,English,m_mmlu,m_mmlu_en,0.2621058983255393,5,0.25,64.072,7.0917,0.604472,0.3351,0.6014,0.642,0.6894,0.7231,0.7587,0.8112,0.858,0.9117,layer_29,last
283B,English,m_mmlu,m_mmlu_en,0.27017649720923215,5,0.25,74.7808,7.7162,0.601857,0.3205,0.5763,0.6197,0.6706,0.7067,0.7443,0.7998,0.8493,0.906,layer_29,last
294B,English,m_mmlu,m_mmlu_en,0.26972394026248303,5,0.25,83.2371,8.4762,0.607411,0.3035,0.5596,0.6059,0.659,0.697,0.7367,0.795,0.8464,0.9046,layer_29,last
304B,English,m_mmlu,m_mmlu_en,0.26919595715794237,5,0.25,85.7675,8.2222,0.605441,0.3144,0.5514,0.5974,0.6534,0.6923,0.7325,0.7909,0.8427,0.9021,layer_29,last
315B,English,m_mmlu,m_mmlu_en,0.2642932569014934,5,0.25,83.8573,8.2096,0.602673,0.3143,0.5563,0.6032,0.6576,0.6953,0.7348,0.7924,0.8438,0.9026,layer_29,last
325B,English,m_mmlu,m_mmlu_en,0.2621813244833308,5,0.25,114.9594,10.4108,0.595464,0.2664,0.51,0.5589,0.618,0.6596,0.7032,0.7671,0.8241,0.8897,layer_29,last
334B,English,m_mmlu,m_mmlu_en,0.2630864383768291,5,0.25,105.6792,9.7271,0.601051,0.281,0.5203,0.5698,0.6289,0.6702,0.713,0.7752,0.8305,0.8942,layer_29,last
342B,English,m_mmlu,m_mmlu_en,0.26278473374566297,5,0.25,115.0427,10.4942,0.599143,0.2662,0.5096,0.5594,0.6186,0.6603,0.7038,0.7677,0.8248,0.8905,layer_29,last
352B,English,m_mmlu,m_mmlu_en,0.25448785638859556,5,0.25,107.4746,9.8792,0.603515,0.2767,0.5164,0.5673,0.6265,0.6682,0.7113,0.7743,0.8303,0.8943,layer_29,last
363B,English,m_mmlu,m_mmlu_en,0.2670085985819882,5,0.25,122.8907,11.1843,0.602692,0.2486,0.4959,0.5483,0.6102,0.6536,0.6987,0.7646,0.8229,0.8896,layer_29,last
373B,English,m_mmlu,m_mmlu_en,0.25931513048725296,5,0.25,126.2224,11.1998,0.60453,0.2558,0.4887,0.5428,0.606,0.6503,0.6963,0.7631,0.822,0.8892,layer_29,last
384B,English,m_mmlu,m_mmlu_en,0.26391612611253584,5,0.25,120.3627,10.6615,0.603662,0.2669,0.4963,0.5496,0.6121,0.6557,0.7008,0.7662,0.8241,0.8904,layer_29,last
394B,English,m_mmlu,m_mmlu_en,0.2545632825463871,5,0.25,117.3207,10.4224,0.605453,0.2713,0.5,0.5534,0.6153,0.6586,0.7033,0.7682,0.8257,0.8916,layer_29,last
405B,English,m_mmlu,m_mmlu_en,0.25750490270025644,5,0.25,120.5115,10.6866,0.603693,0.2663,0.497,0.5491,0.6122,0.6559,0.7008,0.766,0.8239,0.8903,layer_29,last
415B,English,m_mmlu,m_mmlu_en,0.2665560416352391,5,0.25,115.8659,10.2258,0.60734,0.2764,0.5,0.553,0.6164,0.6605,0.7054,0.7702,0.8273,0.8927,layer_29,last
426B,English,m_mmlu,m_mmlu_en,0.2624076029567054,5,0.25,122.1023,10.8802,0.604427,0.263,0.4936,0.5471,0.6114,0.6556,0.7009,0.7663,0.8241,0.8904,layer_29,last
436B,English,m_mmlu,m_mmlu_en,0.2555438225976769,5,0.25,123.5243,10.8176,0.608497,0.2664,0.4885,0.5434,0.6085,0.6534,0.6994,0.7657,0.8242,0.8909,layer_29,last
447B,English,m_mmlu,m_mmlu_en,0.24966058228993815,5,0.25,129.8981,11.2351,0.602465,0.2599,0.483,0.5375,0.6027,0.6476,0.6936,0.7602,0.8193,0.8873,layer_29,last
457B,English,m_mmlu,m_mmlu_en,0.2494343038165636,5,0.25,129.6222,11.1324,0.599789,0.2608,0.4835,0.5372,0.6028,0.6473,0.693,0.7593,0.8184,0.8864,layer_29,last
468B,English,m_mmlu,m_mmlu_en,0.2470206667672349,5,0.25,132.8607,11.3429,0.601463,0.2584,0.4784,0.5327,0.5989,0.6446,0.6911,0.758,0.8175,0.886,layer_29,last
478B,English,m_mmlu,m_mmlu_en,0.2481520591341077,5,0.25,129.9718,11.1851,0.604911,0.2619,0.4814,0.5357,0.6021,0.6476,0.6941,0.7609,0.8201,0.8879,layer_29,last
489B,English,m_mmlu,m_mmlu_en,0.2580328858047971,5,0.25,130.6269,11.1816,0.600866,0.2604,0.4816,0.5348,0.6011,0.6464,0.6928,0.7596,0.8188,0.8867,layer_29,last
499B,English,m_mmlu,m_mmlu_en,0.2673103032131543,5,0.25,135.4861,11.475,0.60182,0.2576,0.4747,0.5293,0.5965,0.6423,0.689,0.7565,0.8164,0.8854,layer_29,last
510B,English,m_mmlu,m_mmlu_en,0.25742947654246495,5,0.25,127.8437,10.8113,0.6007,0.2681,0.4833,0.5375,0.6034,0.6483,0.6941,0.7603,0.8192,0.887,layer_29,last
520B,English,m_mmlu,m_mmlu_en,0.24898174686981445,5,0.25,129.2517,10.9994,0.600819,0.2641,0.4815,0.5354,0.6025,0.6479,0.6938,0.7604,0.8194,0.8871,layer_29,last
531B,English,m_mmlu,m_mmlu_en,0.25976768743400214,5,0.25,135.7307,11.524,0.597726,0.2535,0.4753,0.5292,0.5962,0.6418,0.6883,0.7555,0.8153,0.8842,layer_29,last
541B,English,m_mmlu,m_mmlu_en,0.2590134258560869,5,0.25,127.7005,10.8336,0.604342,0.2676,0.4812,0.5356,0.603,0.6489,0.6955,0.762,0.8208,0.8882,layer_29,last
552B,English,m_mmlu,m_mmlu_en,0.2693468094735254,5,0.25,122.636,10.44,0.606515,0.2748,0.4865,0.5405,0.6078,0.6537,0.6999,0.7658,0.8238,0.8903,layer_29,last
562B,English,m_mmlu,m_mmlu_en,0.25742947654246495,5,0.25,125.0673,10.6507,0.607749,0.2716,0.4826,0.538,0.6056,0.6516,0.6981,0.7648,0.8233,0.8901,layer_29,last
573B,English,m_mmlu,m_mmlu_en,0.2655000754261578,5,0.25,125.5631,10.6292,0.606923,0.2727,0.4827,0.5375,0.6051,0.651,0.6974,0.7637,0.8223,0.8894,layer_29,last
583B,English,m_mmlu,m_mmlu_en,0.2637652737969528,5,0.25,127.3479,10.8027,0.603603,0.2679,0.4818,0.5364,0.6036,0.6492,0.6955,0.7619,0.8206,0.888,layer_29,last
593B,English,m_mmlu,m_mmlu_en,0.2620304721677478,5,0.25,125.4628,10.7236,0.604347,0.2684,0.4835,0.5384,0.6059,0.6516,0.6976,0.7636,0.822,0.889,layer_29,last
10B,German,m_mmlu,m_mmlu_de,0.2722884296273948,5,0.25,294.7635,22.0114,0.644553,0.1775,0.3426,0.3903,0.4615,0.5198,0.5854,0.6873,0.7749,0.8671,layer_29,last
21B,German,m_mmlu,m_mmlu_de,0.26595263237290695,5,0.25,215.5235,15.8388,0.620947,0.1942,0.4033,0.4476,0.5099,0.5614,0.6191,0.7085,0.7864,0.8708,layer_29,last
31B,German,m_mmlu,m_mmlu_de,0.2628601599034545,5,0.25,156.4571,12.2415,0.617253,0.2203,0.4567,0.5007,0.5576,0.6042,0.6559,0.736,0.8058,0.8818,layer_29,last
42B,German,m_mmlu,m_mmlu_de,0.25856086890933777,5,0.25,133.5562,11.2406,0.614755,0.2314,0.4856,0.5288,0.5844,0.6289,0.6775,0.7521,0.8171,0.8882,layer_29,last
52B,German,m_mmlu,m_mmlu_de,0.25584552722884296,5,0.25,125.2411,10.703,0.612717,0.2414,0.4968,0.5397,0.5937,0.6367,0.6837,0.7562,0.8197,0.8896,layer_29,last
63B,German,m_mmlu,m_mmlu_de,0.2683662694222356,5,0.25,107.2182,9.4832,0.607835,0.2506,0.5221,0.563,0.613,0.6525,0.6964,0.7652,0.8258,0.893,layer_29,last
73B,German,m_mmlu,m_mmlu_de,0.2604465228541258,5,0.25,101.3541,9.1707,0.60737,0.2527,0.5307,0.571,0.6205,0.6597,0.7029,0.77,0.8291,0.8949,layer_29,last
84B,German,m_mmlu,m_mmlu_de,0.2564489364911751,5,0.25,100.0218,9.0612,0.606513,0.2595,0.5332,0.5732,0.6226,0.6612,0.7038,0.7707,0.8296,0.8951,layer_29,last
94B,German,m_mmlu,m_mmlu_de,0.2648966661638256,5,0.25,91.4609,8.4817,0.604425,0.2785,0.547,0.5867,0.635,0.672,0.7131,0.7773,0.8343,0.8977,layer_29,last
105B,German,m_mmlu,m_mmlu_de,0.26391612611253584,5,0.25,85.4854,7.9999,0.602845,0.2868,0.5562,0.595,0.6413,0.6774,0.7173,0.7801,0.8361,0.8988,layer_29,last
115B,German,m_mmlu,m_mmlu_de,0.2716850203650626,5,0.25,88.0873,8.1193,0.600775,0.2921,0.5525,0.5918,0.6383,0.6749,0.7155,0.7789,0.8351,0.8979,layer_29,last
126B,German,m_mmlu,m_mmlu_de,0.26670689395082214,5,0.25,91.3499,8.2119,0.594539,0.2846,0.5481,0.5865,0.6322,0.6682,0.7083,0.7719,0.8291,0.8937,layer_29,last
136B,German,m_mmlu,m_mmlu_de,0.266254337004073,5,0.25,79.3964,7.9771,0.593216,0.2931,0.5756,0.6129,0.6567,0.6905,0.7282,0.7875,0.8405,0.9005,layer_29,last
147B,German,m_mmlu,m_mmlu_de,0.2656509277417408,5,0.25,78.6502,7.8362,0.590439,0.2973,0.5777,0.6141,0.6571,0.6904,0.7275,0.7862,0.8391,0.8995,layer_29,last
157B,German,m_mmlu,m_mmlu_de,0.2697993664202746,5,0.25,75.7155,7.9492,0.585719,0.2936,0.5868,0.6226,0.6645,0.6968,0.7329,0.7901,0.8417,0.9007,layer_29,last
168B,German,m_mmlu,m_mmlu_de,0.25961683511841904,5,0.25,84.4795,7.9933,0.589728,0.2906,0.5627,0.6009,0.646,0.6801,0.7184,0.7789,0.8336,0.896,layer_29,last
178B,German,m_mmlu,m_mmlu_de,0.27176044652285414,5,0.25,86.3199,8.0976,0.588751,0.2851,0.5591,0.5977,0.6428,0.6774,0.7163,0.7772,0.8322,0.895,layer_29,last
189B,German,m_mmlu,m_mmlu_de,0.26761200784432043,5,0.25,81.3474,8.023,0.583409,0.2847,0.5743,0.61,0.6525,0.6858,0.7229,0.7817,0.8349,0.8963,layer_29,last
199B,German,m_mmlu,m_mmlu_de,0.27492834515009806,5,0.25,90.3406,8.2877,0.586836,0.2841,0.5549,0.5916,0.6363,0.6714,0.7105,0.7725,0.8284,0.8926,layer_29,last
210B,German,m_mmlu,m_mmlu_de,0.2713833157338965,5,0.25,81.678,7.7481,0.583462,0.2867,0.5702,0.6052,0.6475,0.6811,0.7186,0.7781,0.8322,0.8947,layer_29,last
220B,German,m_mmlu,m_mmlu_de,0.2682154171066526,5,0.25,85.4918,7.6969,0.586301,0.2908,0.5587,0.5937,0.6371,0.6714,0.7102,0.772,0.8281,0.8925,layer_29,last
231B,German,m_mmlu,m_mmlu_de,0.27017649720923215,5,0.25,78.1186,7.1986,0.586139,0.3051,0.5714,0.6047,0.6465,0.6798,0.7175,0.7778,0.8324,0.8952,layer_29,last
241B,German,m_mmlu,m_mmlu_de,0.2638406999547443,5,0.25,73.6467,6.9737,0.582561,0.317,0.5825,0.6151,0.656,0.6881,0.7244,0.7823,0.8353,0.8966,layer_29,last
252B,German,m_mmlu,m_mmlu_de,0.26120078443204103,5,0.25,79.3348,7.7802,0.589482,0.3056,0.5755,0.6122,0.6561,0.6901,0.7275,0.7858,0.8384,0.8988,layer_29,last
262B,German,m_mmlu,m_mmlu_de,0.2722884296273948,5,0.25,81.2071,7.7529,0.590129,0.3097,0.57,0.6071,0.6523,0.6868,0.7248,0.7838,0.8369,0.8979,layer_29,last
273B,German,m_mmlu,m_mmlu_de,0.2697993664202746,5,0.25,82.8662,8.683,0.589552,0.2872,0.5733,0.6123,0.6586,0.6935,0.7311,0.7889,0.8405,0.8999,layer_29,last
283B,German,m_mmlu,m_mmlu_de,0.2663297631618645,5,0.25,91.5582,9.1902,0.587162,0.276,0.5576,0.5977,0.6458,0.6819,0.721,0.7807,0.8341,0.8956,layer_29,last
294B,German,m_mmlu,m_mmlu_de,0.25954140896062755,5,0.25,99.8982,10.1169,0.593327,0.2585,0.5432,0.5861,0.6369,0.6748,0.7157,0.7779,0.8327,0.8952,layer_29,last
304B,German,m_mmlu,m_mmlu_de,0.26331271685020363,5,0.25,108.1337,10.461,0.592249,0.2545,0.5283,0.5733,0.6268,0.6661,0.708,0.7714,0.8274,0.8917,layer_29,last
315B,German,m_mmlu,m_mmlu_de,0.26255845527228844,5,0.25,105.8764,10.3664,0.59063,0.2577,0.5323,0.5779,0.6302,0.669,0.7103,0.7729,0.8285,0.8923,layer_29,last
325B,German,m_mmlu,m_mmlu_de,0.2658772062151154,5,0.25,136.3694,12.4868,0.582752,0.2124,0.4933,0.5404,0.5969,0.6382,0.6825,0.75,0.8102,0.8801,layer_29,last
334B,German,m_mmlu,m_mmlu_de,0.2691205310001509,5,0.25,125.317,11.6011,0.586903,0.2319,0.5051,0.5519,0.6076,0.6484,0.692,0.7579,0.8165,0.8844,layer_29,last
342B,German,m_mmlu,m_mmlu_de,0.2693468094735254,5,0.25,132.8758,12.2402,0.586422,0.2232,0.4965,0.5442,0.6005,0.642,0.6862,0.7533,0.8131,0.8822,layer_29,last
352B,German,m_mmlu,m_mmlu_de,0.26467038769045104,5,0.25,133.8149,12.3255,0.590773,0.2191,0.4928,0.5414,0.5993,0.6416,0.6865,0.7544,0.8145,0.8835,layer_29,last
363B,German,m_mmlu,m_mmlu_de,0.2642932569014934,5,0.25,149.5681,13.3719,0.589088,0.1987,0.4728,0.5241,0.5843,0.6283,0.6747,0.745,0.8071,0.8786,layer_29,last
373B,German,m_mmlu,m_mmlu_de,0.2605973751697089,5,0.25,156.3783,13.8984,0.592311,0.2057,0.4658,0.5172,0.5781,0.623,0.6707,0.7424,0.8056,0.8781,layer_29,last
384B,German,m_mmlu,m_mmlu_de,0.2667823201086137,5,0.25,152.4383,13.6375,0.590387,0.208,0.4715,0.522,0.5821,0.6265,0.6734,0.7441,0.8066,0.8784,layer_29,last
394B,German,m_mmlu,m_mmlu_de,0.26346356916578667,5,0.25,150.0778,13.4693,0.592764,0.2109,0.4729,0.5238,0.5842,0.6285,0.6753,0.7458,0.8081,0.8796,layer_29,last
405B,German,m_mmlu,m_mmlu_de,0.26459496153265954,5,0.25,153.3213,13.7708,0.591003,0.2049,0.4689,0.5207,0.5819,0.6267,0.6738,0.7444,0.8068,0.8786,layer_29,last
415B,German,m_mmlu,m_mmlu_de,0.27198672499622867,5,0.25,149.6644,13.3768,0.59449,0.2127,0.4709,0.5228,0.5844,0.6295,0.6767,0.7472,0.8093,0.8805,layer_29,last
426B,German,m_mmlu,m_mmlu_de,0.25961683511841904,5,0.25,157.622,14.1347,0.592082,0.1984,0.4634,0.5159,0.5783,0.6238,0.6715,0.7428,0.8057,0.878,layer_29,last
436B,German,m_mmlu,m_mmlu_de,0.25931513048725296,5,0.25,161.9206,14.4976,0.59662,0.1987,0.4569,0.5104,0.5745,0.6211,0.6698,0.7423,0.8059,0.8786,layer_29,last
447B,German,m_mmlu,m_mmlu_de,0.26851712173781866,5,0.25,165.8185,14.6147,0.590372,0.1963,0.4539,0.5078,0.5714,0.6178,0.6659,0.7379,0.8018,0.8754,layer_29,last
457B,German,m_mmlu,m_mmlu_de,0.2532056117061397,5,0.25,171.2633,14.8355,0.587107,0.1969,0.4485,0.5028,0.5669,0.6136,0.6619,0.7341,0.7985,0.8729,layer_29,last
468B,German,m_mmlu,m_mmlu_de,0.25478956101976163,5,0.25,174.1663,15.0416,0.58892,0.1936,0.4461,0.4994,0.5637,0.6108,0.6596,0.7328,0.7977,0.8726,layer_29,last
478B,German,m_mmlu,m_mmlu_de,0.25147081007693467,5,0.25,171.2391,14.9934,0.591913,0.1939,0.4477,0.5015,0.5665,0.6139,0.6628,0.7358,0.8004,0.8746,layer_29,last
489B,German,m_mmlu,m_mmlu_de,0.25177251470810075,5,0.25,170.152,14.8223,0.588903,0.1916,0.4484,0.5023,0.5674,0.6146,0.6633,0.7358,0.8001,0.874,layer_29,last
499B,German,m_mmlu,m_mmlu_de,0.26120078443204103,5,0.25,177.4713,15.2931,0.590489,0.1913,0.4409,0.4953,0.5611,0.609,0.6584,0.7321,0.7974,0.8726,layer_29,last
510B,German,m_mmlu,m_mmlu_de,0.25961683511841904,5,0.25,169.2967,14.5437,0.589143,0.1991,0.4479,0.5027,0.5672,0.6144,0.663,0.7355,0.7997,0.8739,layer_29,last
520B,German,m_mmlu,m_mmlu_de,0.26776286015990347,5,0.25,173.9306,14.8725,0.587195,0.1938,0.4431,0.4981,0.5638,0.6114,0.6603,0.7332,0.7978,0.8724,layer_29,last
531B,German,m_mmlu,m_mmlu_de,0.26399155227032733,5,0.25,175.8058,15.0116,0.58474,0.1898,0.4423,0.4972,0.5627,0.6101,0.6587,0.7313,0.796,0.871,layer_29,last
541B,German,m_mmlu,m_mmlu_de,0.2628601599034545,5,0.25,170.5416,14.6958,0.591161,0.197,0.4457,0.5005,0.5659,0.6137,0.6631,0.7361,0.8003,0.8743,layer_29,last
552B,German,m_mmlu,m_mmlu_de,0.2642178307437019,5,0.25,165.1499,14.2959,0.593254,0.2012,0.4496,0.5046,0.5702,0.6179,0.667,0.7395,0.8031,0.8763,layer_29,last
562B,German,m_mmlu,m_mmlu_de,0.25682606728013274,5,0.25,168.5161,14.65,0.594683,0.195,0.4458,0.5015,0.5677,0.6157,0.6653,0.7384,0.8026,0.8761,layer_29,last
573B,German,m_mmlu,m_mmlu_de,0.26761200784432043,5,0.25,171.6729,14.8724,0.593977,0.1949,0.444,0.4991,0.5653,0.6135,0.6631,0.7364,0.8009,0.875,layer_29,last
583B,German,m_mmlu,m_mmlu_de,0.2604465228541258,5,0.25,173.1211,14.9584,0.591028,0.1913,0.442,0.4981,0.5648,0.6129,0.6621,0.7351,0.7996,0.8739,layer_29,last
593B,German,m_mmlu,m_mmlu_de,0.2581083119625886,5,0.25,171.1404,14.7923,0.591721,0.193,0.4432,0.4992,0.5662,0.6143,0.6635,0.7365,0.8007,0.8747,layer_29,last
10B,Hindi,m_mmlu,m_mmlu_hi,0.2680710782343009,5,0.25,112.0574,10.9457,0.73256,0.272,0.4905,0.5463,0.6064,0.6569,0.7157,0.7984,0.8615,0.9228,layer_29,last
21B,Hindi,m_mmlu,m_mmlu_hi,0.25375894508321944,5,0.25,71.6622,8.0064,0.712081,0.2999,0.5711,0.614,0.6648,0.7048,0.7515,0.8199,0.8739,0.9282,layer_29,last
31B,Hindi,m_mmlu,m_mmlu_hi,0.26509608426469405,5,0.25,43.186,5.5495,0.707332,0.3849,0.641,0.6806,0.724,0.7574,0.7957,0.8517,0.8956,0.9402,layer_29,last
42B,Hindi,m_mmlu,m_mmlu_hi,0.2632467636889925,5,0.25,36.7222,5.1495,0.703709,0.3991,0.6647,0.7025,0.7446,0.7757,0.8106,0.8618,0.9024,0.9439,layer_29,last
52B,Hindi,m_mmlu,m_mmlu_hi,0.2557690761437646,5,0.25,34.0328,5.0401,0.706664,0.3967,0.6762,0.713,0.7526,0.7826,0.817,0.8671,0.9063,0.9461,layer_29,last
63B,Hindi,m_mmlu,m_mmlu_hi,0.2648548685374286,5,0.25,30.0504,4.7373,0.699736,0.4024,0.6946,0.7283,0.7653,0.7932,0.8249,0.8716,0.9089,0.9474,layer_29,last
73B,Hindi,m_mmlu,m_mmlu_hi,0.25946771729516765,5,0.25,27.3598,4.5547,0.699638,0.4121,0.7088,0.7418,0.7773,0.8034,0.8327,0.8764,0.9121,0.9492,layer_29,last
84B,Hindi,m_mmlu,m_mmlu_hi,0.2563319128407172,5,0.25,25.2273,4.4184,0.700887,0.4156,0.7198,0.751,0.7858,0.8118,0.8409,0.8831,0.917,0.952,layer_29,last
94B,Hindi,m_mmlu,m_mmlu_hi,0.2580204229315751,5,0.25,22.8252,4.3512,0.697254,0.4014,0.7363,0.7658,0.7979,0.822,0.8492,0.8889,0.9209,0.9542,layer_29,last
105B,Hindi,m_mmlu,m_mmlu_hi,0.26630216290102116,5,0.25,21.8595,4.3229,0.69443,0.383,0.7439,0.7712,0.8014,0.8248,0.8512,0.8899,0.9215,0.9544,layer_29,last
115B,Hindi,m_mmlu,m_mmlu_hi,0.2680710782343009,5,0.25,21.1745,4.2158,0.684915,0.3961,0.748,0.7748,0.8042,0.8272,0.8529,0.8907,0.9216,0.9541,layer_29,last
126B,Hindi,m_mmlu,m_mmlu_hi,0.25432178178017206,5,0.25,18.6262,3.937,0.682886,0.419,0.7655,0.789,0.8159,0.8367,0.8606,0.8963,0.9255,0.9564,layer_29,last
136B,Hindi,m_mmlu,m_mmlu_hi,0.2597089330224331,5,0.25,20.2399,4.0926,0.670884,0.4066,0.7548,0.7815,0.8098,0.8308,0.855,0.8909,0.921,0.9533,layer_29,last
147B,Hindi,m_mmlu,m_mmlu_hi,0.26220149553750904,5,0.25,20.2441,4.1395,0.669574,0.398,0.7562,0.7822,0.8103,0.8312,0.8553,0.8911,0.921,0.9533,layer_29,last
157B,Hindi,m_mmlu,m_mmlu_hi,0.2680710782343009,5,0.25,18.0783,3.896,0.660802,0.4175,0.7704,0.7956,0.8212,0.8407,0.863,0.8962,0.9243,0.9549,layer_29,last
168B,Hindi,m_mmlu,m_mmlu_hi,0.256412318083139,5,0.25,21.9413,4.2155,0.666668,0.4098,0.7454,0.7725,0.8013,0.8235,0.8487,0.886,0.9172,0.9508,layer_29,last
178B,Hindi,m_mmlu,m_mmlu_hi,0.2687947254160971,5,0.25,19.2784,4.0358,0.662084,0.4048,0.7642,0.7883,0.815,0.8351,0.8577,0.892,0.9213,0.9532,layer_29,last
189B,Hindi,m_mmlu,m_mmlu_hi,0.2618798745678218,5,0.25,17.5309,3.8401,0.659034,0.4268,0.7763,0.7993,0.8232,0.8429,0.8654,0.8983,0.9259,0.9557,layer_29,last
199B,Hindi,m_mmlu,m_mmlu_hi,0.2669454048403956,5,0.25,16.8569,3.7821,0.664011,0.4252,0.7806,0.8024,0.8266,0.846,0.8679,0.9001,0.9273,0.9568,layer_29,last
210B,Hindi,m_mmlu,m_mmlu_hi,0.2694379673554716,5,0.25,16.2531,3.6776,0.663036,0.445,0.7857,0.8077,0.831,0.8497,0.8707,0.902,0.9285,0.9574,layer_29,last
220B,Hindi,m_mmlu,m_mmlu_hi,0.258502854386106,5,0.25,15.9985,3.6296,0.669548,0.4505,0.7865,0.8078,0.8312,0.8499,0.871,0.9027,0.9294,0.9582,layer_29,last
231B,Hindi,m_mmlu,m_mmlu_hi,0.2640508161132106,5,0.25,15.7267,3.5734,0.665512,0.4595,0.7884,0.8094,0.8323,0.8511,0.8725,0.9038,0.9301,0.9584,layer_29,last
241B,Hindi,m_mmlu,m_mmlu_hi,0.26517648950711586,5,0.25,15.296,3.633,0.661608,0.4387,0.7942,0.8145,0.8371,0.8552,0.8755,0.9054,0.9309,0.9588,layer_29,last
252B,Hindi,m_mmlu,m_mmlu_hi,0.2532765136286886,5,0.25,20.283,4.2651,0.668837,0.4199,0.7632,0.7896,0.8177,0.8391,0.8626,0.8963,0.9245,0.9551,layer_29,last
262B,Hindi,m_mmlu,m_mmlu_hi,0.2616386588405564,5,0.25,25.0726,4.8041,0.668599,0.3921,0.7375,0.7664,0.7977,0.8214,0.8473,0.8845,0.9158,0.9499,layer_29,last
273B,Hindi,m_mmlu,m_mmlu_hi,0.253517729355954,5,0.25,30.4821,5.4112,0.665883,0.3687,0.7105,0.7452,0.7808,0.8068,0.8354,0.8758,0.9094,0.9459,layer_29,last
283B,Hindi,m_mmlu,m_mmlu_hi,0.253919755568063,5,0.25,31.8484,5.4833,0.662709,0.3606,0.702,0.738,0.7749,0.802,0.8311,0.8723,0.9066,0.944,layer_29,last
294B,Hindi,m_mmlu,m_mmlu_hi,0.2518292192650961,5,0.25,38.374,6.2238,0.667701,0.3295,0.6764,0.7158,0.7559,0.7859,0.8183,0.8634,0.9005,0.9407,layer_29,last
304B,Hindi,m_mmlu,m_mmlu_hi,0.25938731205274584,5,0.25,39.3316,6.1251,0.669611,0.3463,0.6698,0.7111,0.7533,0.7833,0.8156,0.8613,0.8988,0.9397,layer_29,last
315B,Hindi,m_mmlu,m_mmlu_hi,0.2584224491436842,5,0.25,40.7994,6.2191,0.664194,0.3392,0.6649,0.7056,0.7473,0.7781,0.8112,0.8576,0.8959,0.9377,layer_29,last
325B,Hindi,m_mmlu,m_mmlu_hi,0.264292031840476,5,0.25,48.7707,6.5618,0.642577,0.3344,0.6388,0.6803,0.7235,0.756,0.791,0.8406,0.8821,0.9283,layer_29,last
334B,Hindi,m_mmlu,m_mmlu_hi,0.25954812253758947,5,0.25,49.1756,6.8309,0.656146,0.3219,0.6385,0.6802,0.7253,0.7581,0.7934,0.8432,0.8847,0.9306,layer_29,last
342B,Hindi,m_mmlu,m_mmlu_hi,0.2527940821741578,5,0.25,51.638,7.0457,0.653589,0.3138,0.6315,0.6739,0.719,0.7527,0.789,0.84,0.8823,0.9289,layer_29,last
352B,Hindi,m_mmlu,m_mmlu_hi,0.2572163705073571,5,0.25,48.7954,6.6591,0.653361,0.3284,0.6368,0.68,0.7245,0.7575,0.7931,0.8433,0.8849,0.9306,layer_29,last
363B,Hindi,m_mmlu,m_mmlu_hi,0.26614135241617753,5,0.25,52.1827,6.8031,0.649012,0.3265,0.6252,0.6698,0.7159,0.7497,0.786,0.8373,0.88,0.9274,layer_29,last
373B,Hindi,m_mmlu,m_mmlu_hi,0.25665353381040446,5,0.25,52.9079,7.0621,0.656527,0.3156,0.6236,0.6691,0.7164,0.7508,0.7875,0.8393,0.8822,0.9292,layer_29,last
384B,Hindi,m_mmlu,m_mmlu_hi,0.258502854386106,5,0.25,54.2123,7.2995,0.655797,0.3059,0.6214,0.6668,0.7151,0.7497,0.7868,0.8388,0.8817,0.9288,layer_29,last
394B,Hindi,m_mmlu,m_mmlu_hi,0.2549650237195465,5,0.25,53.1505,7.2065,0.65723,0.3085,0.6249,0.6695,0.717,0.7514,0.7884,0.84,0.8826,0.9294,layer_29,last
405B,Hindi,m_mmlu,m_mmlu_hi,0.25432178178017206,5,0.25,57.4289,7.5388,0.655788,0.3025,0.6126,0.6592,0.7091,0.7443,0.782,0.835,0.8788,0.927,layer_29,last
415B,Hindi,m_mmlu,m_mmlu_hi,0.2558494813861864,5,0.25,55.0377,7.333,0.663453,0.309,0.6172,0.6637,0.7135,0.7488,0.7864,0.839,0.8823,0.9295,layer_29,last
426B,Hindi,m_mmlu,m_mmlu_hi,0.2545629975074375,5,0.25,56.9677,7.4649,0.660429,0.3059,0.6116,0.6593,0.7095,0.7451,0.7832,0.8364,0.8801,0.928,layer_29,last
436B,Hindi,m_mmlu,m_mmlu_hi,0.2558494813861864,5,0.25,58.0111,7.5817,0.661753,0.2983,0.6084,0.6566,0.7073,0.7433,0.7815,0.835,0.8792,0.9276,layer_29,last
447B,Hindi,m_mmlu,m_mmlu_hi,0.26107582214360375,5,0.25,60.0207,7.6256,0.65607,0.3035,0.6038,0.652,0.7031,0.7391,0.7773,0.831,0.8757,0.9251,layer_29,last
457B,Hindi,m_mmlu,m_mmlu_hi,0.25295489265900134,5,0.25,60.9631,7.5578,0.647826,0.3082,0.6026,0.6499,0.7003,0.7358,0.774,0.8281,0.8732,0.9232,layer_29,last
468B,Hindi,m_mmlu,m_mmlu_hi,0.25319610838626677,5,0.25,62.1177,7.6842,0.653758,0.3028,0.5993,0.6464,0.6979,0.7341,0.7727,0.8271,0.8728,0.9233,layer_29,last
478B,Hindi,m_mmlu,m_mmlu_hi,0.2507839511136126,5,0.25,61.6496,7.7523,0.661751,0.3015,0.5996,0.6479,0.6999,0.7363,0.7751,0.8297,0.8751,0.9251,layer_29,last
489B,Hindi,m_mmlu,m_mmlu_hi,0.25367853984079763,5,0.25,63.3629,7.8083,0.653428,0.2999,0.5952,0.6437,0.6962,0.7326,0.7716,0.8269,0.8727,0.9232,layer_29,last
499B,Hindi,m_mmlu,m_mmlu_hi,0.26348797941625796,5,0.25,66.3692,8.0793,0.658509,0.2945,0.5877,0.6371,0.6904,0.7277,0.7679,0.8245,0.8714,0.9227,layer_29,last
510B,Hindi,m_mmlu,m_mmlu_hi,0.25705556002251345,5,0.25,65.6518,8.0038,0.650453,0.296,0.5906,0.6396,0.6922,0.7289,0.7684,0.8242,0.8706,0.9218,layer_29,last
520B,Hindi,m_mmlu,m_mmlu_hi,0.25713596526493526,5,0.25,63.3108,7.7305,0.64919,0.3021,0.5955,0.6431,0.6955,0.7319,0.7706,0.8257,0.8714,0.9222,layer_29,last
531B,Hindi,m_mmlu,m_mmlu_hi,0.2665433786282866,5,0.25,68.0648,8.0025,0.638292,0.2963,0.5872,0.6344,0.6866,0.7231,0.762,0.8176,0.8647,0.9175,layer_29,last
541B,Hindi,m_mmlu,m_mmlu_hi,0.2585832596285278,5,0.25,67.9165,8.2404,0.652957,0.2888,0.5853,0.6338,0.6884,0.726,0.766,0.8223,0.8692,0.9211,layer_29,last
552B,Hindi,m_mmlu,m_mmlu_hi,0.2591460963254804,5,0.25,66.108,8.014,0.658315,0.2976,0.5886,0.6364,0.6905,0.7282,0.7684,0.8249,0.8715,0.9227,layer_29,last
562B,Hindi,m_mmlu,m_mmlu_hi,0.2563319128407172,5,0.25,66.1187,7.947,0.660944,0.3016,0.5867,0.635,0.6897,0.7278,0.7685,0.8257,0.8724,0.9234,layer_29,last
573B,Hindi,m_mmlu,m_mmlu_hi,0.2552062394468119,5,0.25,66.6758,8.0217,0.66093,0.2992,0.5866,0.6346,0.6891,0.7271,0.7677,0.8248,0.8716,0.923,layer_29,last
583B,Hindi,m_mmlu,m_mmlu_hi,0.26332716893141433,5,0.25,68.4691,8.1087,0.654515,0.2959,0.5832,0.6314,0.6855,0.7234,0.764,0.8212,0.8686,0.9208,layer_29,last
593B,Hindi,m_mmlu,m_mmlu_hi,0.25536704993165554,5,0.25,68.7412,8.0082,0.652594,0.3004,0.5822,0.63,0.6844,0.7221,0.7625,0.8198,0.8674,0.92,layer_29,last
10B,Indonesian,m_mmlu,m_mmlu_id,0.2722692924204259,5,0.25,80.5897,7.3067,0.760592,0.3576,0.5202,0.5849,0.6512,0.6962,0.7437,0.8149,0.8728,0.931,layer_29,last
21B,Indonesian,m_mmlu,m_mmlu_id,0.26677352873826427,5,0.25,65.9984,7.042,0.74408,0.3558,0.559,0.6217,0.6859,0.7272,0.7695,0.8312,0.8821,0.9346,layer_29,last
31B,Indonesian,m_mmlu,m_mmlu_id,0.2602091443401267,5,0.25,44.094,6.553,0.743831,0.3287,0.6263,0.6875,0.744,0.7789,0.8136,0.8634,0.9043,0.9466,layer_29,last
42B,Indonesian,m_mmlu,m_mmlu_id,0.2699030608350508,5,0.25,39.2686,6.4587,0.744812,0.3162,0.6459,0.705,0.7621,0.7956,0.828,0.8737,0.9113,0.9504,layer_29,last
52B,Indonesian,m_mmlu,m_mmlu_id,0.2570032821921991,5,0.25,38.4676,6.069,0.74558,0.3604,0.6473,0.709,0.7647,0.7976,0.8296,0.875,0.9123,0.951,layer_29,last
63B,Indonesian,m_mmlu,m_mmlu_id,0.26677352873826427,5,0.25,34.5284,6.0128,0.740438,0.3348,0.6688,0.7249,0.7773,0.8082,0.8382,0.8806,0.9159,0.9528,layer_29,last
73B,Indonesian,m_mmlu,m_mmlu_id,0.2719639722158614,5,0.25,31.3904,5.6972,0.742783,0.345,0.6812,0.7369,0.7879,0.8177,0.8464,0.8868,0.9203,0.9553,layer_29,last
84B,Indonesian,m_mmlu,m_mmlu_id,0.2653995878177238,5,0.25,29.4255,5.2774,0.741361,0.3796,0.6868,0.7432,0.7936,0.8223,0.85,0.8894,0.9221,0.9563,layer_29,last
94B,Indonesian,m_mmlu,m_mmlu_id,0.27074269139760326,5,0.25,27.021,4.9503,0.737707,0.3975,0.6982,0.7514,0.801,0.8289,0.8558,0.8935,0.9248,0.9577,layer_29,last
105B,Indonesian,m_mmlu,m_mmlu_id,0.27051370124417984,5,0.25,23.9355,4.5373,0.739565,0.4237,0.7162,0.7659,0.8113,0.8374,0.8628,0.8986,0.9284,0.9597,layer_29,last
115B,Indonesian,m_mmlu,m_mmlu_id,0.27303259293183724,5,0.25,24.657,4.6556,0.731314,0.4138,0.7117,0.7615,0.8095,0.8363,0.8623,0.8983,0.928,0.9593,layer_29,last
126B,Indonesian,m_mmlu,m_mmlu_id,0.26081978474925577,5,0.25,24.4308,4.4258,0.723811,0.4342,0.7131,0.7615,0.8066,0.8326,0.8579,0.894,0.9246,0.9571,layer_29,last
136B,Indonesian,m_mmlu,m_mmlu_id,0.27074269139760326,5,0.25,23.931,4.3913,0.715706,0.4395,0.7119,0.7658,0.8116,0.8379,0.8627,0.8975,0.9268,0.958,layer_29,last
147B,Indonesian,m_mmlu,m_mmlu_id,0.2617357453629494,5,0.25,24.4552,4.4802,0.714507,0.4321,0.7119,0.7641,0.8099,0.8358,0.8605,0.8956,0.9253,0.9572,layer_29,last
157B,Indonesian,m_mmlu,m_mmlu_id,0.26959774063048625,5,0.25,26.793,4.7354,0.700618,0.4154,0.7012,0.7541,0.8011,0.8279,0.8534,0.8897,0.9207,0.9541,layer_29,last
168B,Indonesian,m_mmlu,m_mmlu_id,0.24830165636210977,5,0.25,25.296,4.5007,0.71522,0.4257,0.7053,0.7553,0.8025,0.8294,0.8552,0.8917,0.9227,0.9557,layer_29,last
178B,Indonesian,m_mmlu,m_mmlu_id,0.2704373711930387,5,0.25,22.7022,3.7982,0.708777,0.4921,0.7144,0.7626,0.8082,0.8342,0.8589,0.8939,0.9239,0.9563,layer_29,last
189B,Indonesian,m_mmlu,m_mmlu_id,0.2635676665903366,5,0.25,19.5467,3.5306,0.6963,0.5093,0.7323,0.7809,0.8217,0.8455,0.8683,0.9007,0.9284,0.9584,layer_29,last
199B,Indonesian,m_mmlu,m_mmlu_id,0.26646820853369974,5,0.25,16.6243,3.1206,0.703363,0.5488,0.752,0.7926,0.8318,0.8542,0.8759,0.9067,0.933,0.9613,layer_29,last
210B,Indonesian,m_mmlu,m_mmlu_id,0.2679948095565224,5,0.25,16.9712,3.1495,0.704103,0.5462,0.7488,0.7912,0.8297,0.8524,0.8743,0.9054,0.932,0.9607,layer_29,last
220B,Indonesian,m_mmlu,m_mmlu_id,0.2678421494542401,5,0.25,14.2739,2.9935,0.706945,0.5553,0.7745,0.8115,0.8454,0.866,0.8858,0.9141,0.9383,0.9645,layer_29,last
231B,Indonesian,m_mmlu,m_mmlu_id,0.2698267307839096,5,0.25,12.2068,2.5373,0.707427,0.6172,0.7854,0.8191,0.8511,0.8707,0.8898,0.9173,0.9408,0.966,layer_29,last
241B,Indonesian,m_mmlu,m_mmlu_id,0.2542554003511182,5,0.25,12.5818,2.7353,0.701683,0.5871,0.7877,0.8227,0.8547,0.8734,0.8917,0.9182,0.941,0.966,layer_29,last
252B,Indonesian,m_mmlu,m_mmlu_id,0.2545607205556828,5,0.25,16.848,3.391,0.721875,0.5212,0.7546,0.7992,0.8399,0.863,0.8845,0.914,0.9386,0.9649,layer_29,last
262B,Indonesian,m_mmlu,m_mmlu_id,0.2674604991985345,5,0.25,20.318,3.8991,0.726031,0.4802,0.7333,0.7812,0.827,0.8525,0.8759,0.9077,0.9343,0.9626,layer_29,last
273B,Indonesian,m_mmlu,m_mmlu_id,0.2650179375620182,5,0.25,23.9694,4.1214,0.7173,0.4733,0.7054,0.7627,0.8127,0.8407,0.8658,0.9,0.9284,0.9589,layer_29,last
283B,Indonesian,m_mmlu,m_mmlu_id,0.26204106556751394,5,0.25,29.4194,4.9805,0.714848,0.4201,0.6817,0.7429,0.7977,0.8282,0.8554,0.8923,0.9228,0.9556,layer_29,last
294B,Indonesian,m_mmlu,m_mmlu_id,0.25478971070910617,5,0.25,36.4213,6.1007,0.718597,0.3647,0.6536,0.7198,0.7792,0.813,0.8434,0.8841,0.9173,0.9525,layer_29,last
304B,Indonesian,m_mmlu,m_mmlu_id,0.26684985878940537,5,0.25,36.7432,6.1186,0.721963,0.3669,0.6485,0.7178,0.7791,0.8136,0.8442,0.8846,0.9176,0.9528,layer_29,last
315B,Indonesian,m_mmlu,m_mmlu_id,0.2599038241355622,5,0.25,37.1495,6.1354,0.717732,0.3653,0.6485,0.7162,0.7776,0.8118,0.8423,0.8829,0.9162,0.9519,layer_29,last
325B,Indonesian,m_mmlu,m_mmlu_id,0.27097168155102663,5,0.25,49.1011,7.3616,0.694786,0.3203,0.6105,0.68,0.7457,0.7831,0.8168,0.8624,0.9005,0.9418,layer_29,last
334B,Indonesian,m_mmlu,m_mmlu_id,0.2713533318067323,5,0.25,44.0132,6.8937,0.710598,0.3368,0.6239,0.6943,0.7583,0.7951,0.8277,0.8714,0.9076,0.9467,layer_29,last
342B,Indonesian,m_mmlu,m_mmlu_id,0.2673841691473933,5,0.25,47.369,7.3924,0.707889,0.3194,0.6148,0.6867,0.7516,0.7891,0.8224,0.8673,0.9045,0.9448,layer_29,last
352B,Indonesian,m_mmlu,m_mmlu_id,0.26074345469811466,5,0.25,48.0898,7.2447,0.707096,0.3272,0.6114,0.6814,0.7479,0.7858,0.8194,0.865,0.9029,0.9438,layer_29,last
363B,Indonesian,m_mmlu,m_mmlu_id,0.26081978474925577,5,0.25,52.8585,7.6104,0.705743,0.3206,0.5944,0.6664,0.737,0.7769,0.8121,0.8595,0.8989,0.9414,layer_29,last
373B,Indonesian,m_mmlu,m_mmlu_id,0.260361804442409,5,0.25,52.0623,7.6582,0.716316,0.3214,0.5958,0.6704,0.7398,0.7798,0.8155,0.8631,0.9021,0.9438,layer_29,last
384B,Indonesian,m_mmlu,m_mmlu_id,0.26127776505610256,5,0.25,50.5841,7.4571,0.71314,0.3279,0.603,0.6742,0.7426,0.7821,0.817,0.864,0.9025,0.9439,layer_29,last
394B,Indonesian,m_mmlu,m_mmlu_id,0.26081978474925577,5,0.25,50.7529,7.7001,0.716895,0.3166,0.6038,0.6749,0.7436,0.7831,0.818,0.8647,0.9032,0.9444,layer_29,last
405B,Indonesian,m_mmlu,m_mmlu_id,0.2682237997099458,5,0.25,50.7283,7.4908,0.710695,0.3253,0.6023,0.6735,0.743,0.782,0.8166,0.8633,0.9019,0.9434,layer_29,last
415B,Indonesian,m_mmlu,m_mmlu_id,0.25761392260132815,5,0.25,50.6178,7.5338,0.723708,0.3247,0.6006,0.6724,0.7424,0.783,0.8186,0.8657,0.9042,0.9453,layer_29,last
426B,Indonesian,m_mmlu,m_mmlu_id,0.2602091443401267,5,0.25,52.6067,7.7308,0.71802,0.3218,0.5954,0.6678,0.7395,0.7803,0.8159,0.8633,0.9022,0.9439,layer_29,last
436B,Indonesian,m_mmlu,m_mmlu_id,0.2650942676131593,5,0.25,53.1554,7.877,0.724359,0.3146,0.5918,0.6655,0.7375,0.779,0.8154,0.8634,0.9027,0.9444,layer_29,last
447B,Indonesian,m_mmlu,m_mmlu_id,0.2574612624990459,5,0.25,56.0505,8.1876,0.717953,0.308,0.5854,0.6593,0.7322,0.7742,0.811,0.8596,0.8996,0.9424,layer_29,last
457B,Indonesian,m_mmlu,m_mmlu_id,0.25433173040225937,5,0.25,57.8132,8.4534,0.707288,0.2956,0.5841,0.6567,0.728,0.7697,0.8062,0.8552,0.8958,0.9397,layer_29,last
468B,Indonesian,m_mmlu,m_mmlu_id,0.26318601633463096,5,0.25,57.0751,8.043,0.712385,0.3139,0.5837,0.6561,0.7279,0.77,0.8068,0.8558,0.8965,0.9404,layer_29,last
478B,Indonesian,m_mmlu,m_mmlu_id,0.251278528356614,5,0.25,54.7105,7.9365,0.719957,0.3146,0.5897,0.661,0.7333,0.7751,0.8119,0.8605,0.9003,0.9429,layer_29,last
489B,Indonesian,m_mmlu,m_mmlu_id,0.26272803602778416,5,0.25,58.3448,8.3738,0.705405,0.2993,0.583,0.654,0.7258,0.7677,0.8046,0.8542,0.8952,0.9393,layer_29,last
499B,Indonesian,m_mmlu,m_mmlu_id,0.2641783069994657,5,0.25,58.2131,8.2519,0.712831,0.3076,0.5806,0.6533,0.7262,0.7683,0.8055,0.8552,0.8962,0.9402,layer_29,last
510B,Indonesian,m_mmlu,m_mmlu_id,0.2597511640332799,5,0.25,58.7757,8.1473,0.705672,0.3114,0.5809,0.6511,0.7239,0.7662,0.8031,0.8528,0.8941,0.9387,layer_29,last
520B,Indonesian,m_mmlu,m_mmlu_id,0.25242347912373103,5,0.25,59.9762,8.4396,0.70211,0.3018,0.5787,0.6491,0.7225,0.7654,0.8027,0.8525,0.8937,0.9382,layer_29,last
531B,Indonesian,m_mmlu,m_mmlu_id,0.25799557285703384,5,0.25,60.705,8.4665,0.696581,0.2977,0.5781,0.6476,0.7196,0.7626,0.7998,0.8497,0.8914,0.9367,layer_29,last
541B,Indonesian,m_mmlu,m_mmlu_id,0.26295702618120753,5,0.25,58.6273,8.2923,0.708132,0.3066,0.5814,0.6523,0.7249,0.7678,0.8052,0.8548,0.8956,0.9396,layer_29,last
552B,Indonesian,m_mmlu,m_mmlu_id,0.2599801541867033,5,0.25,55.5698,7.8902,0.716015,0.3185,0.5874,0.6582,0.7304,0.7729,0.8101,0.8588,0.8989,0.9419,layer_29,last
562B,Indonesian,m_mmlu,m_mmlu_id,0.24891229677123883,5,0.25,57.5175,8.1535,0.717622,0.3118,0.5818,0.6537,0.7268,0.77,0.8077,0.8574,0.898,0.9415,layer_29,last
573B,Indonesian,m_mmlu,m_mmlu_id,0.27051370124417984,5,0.25,56.6878,8.0391,0.719353,0.3153,0.5841,0.6557,0.7287,0.7715,0.8089,0.8581,0.8985,0.9418,layer_29,last
583B,Indonesian,m_mmlu,m_mmlu_id,0.2686817800167926,5,0.25,59.5471,8.2409,0.711949,0.3105,0.5763,0.6489,0.7223,0.7657,0.8035,0.8535,0.8948,0.9394,layer_29,last
593B,Indonesian,m_mmlu,m_mmlu_id,0.2647126173574536,5,0.25,59.2979,8.3527,0.709507,0.3046,0.5787,0.6497,0.7234,0.7666,0.8042,0.8539,0.895,0.9394,layer_29,last
10B,Italian,m_mmlu,m_mmlu_it,0.27113394273626956,5,0.25,220.4562,20.3769,0.676509,0.1795,0.3815,0.4383,0.5192,0.5802,0.6435,0.7357,0.8123,0.8913,layer_29,last
21B,Italian,m_mmlu,m_mmlu_it,0.2627483568784468,5,0.25,161.8476,14.8415,0.656429,0.1988,0.4393,0.4943,0.565,0.6188,0.6748,0.7555,0.8234,0.8954,layer_29,last
31B,Italian,m_mmlu,m_mmlu_it,0.2652413688902319,5,0.25,110.2991,11.0141,0.654944,0.2328,0.5023,0.5549,0.6196,0.6672,0.7163,0.7862,0.8452,0.9079,layer_29,last
42B,Italian,m_mmlu,m_mmlu_it,0.263805998337992,5,0.25,99.201,10.633,0.65216,0.2339,0.522,0.5752,0.6395,0.6847,0.7312,0.7971,0.8526,0.9119,layer_29,last
52B,Italian,m_mmlu,m_mmlu_it,0.2603308906852006,5,0.25,86.8629,9.605,0.65334,0.2519,0.5405,0.5941,0.6562,0.6995,0.7436,0.8062,0.8592,0.9159,layer_29,last
63B,Italian,m_mmlu,m_mmlu_it,0.26584573543854345,5,0.25,76.2989,8.695,0.648005,0.2555,0.5632,0.6122,0.671,0.7113,0.753,0.8125,0.8633,0.918,layer_29,last
73B,Italian,m_mmlu,m_mmlu_it,0.2626728110599078,5,0.25,70.483,8.3271,0.649242,0.2663,0.5749,0.6241,0.6814,0.7213,0.7619,0.8194,0.8683,0.921,layer_29,last
84B,Italian,m_mmlu,m_mmlu_it,0.2546649542947798,5,0.25,66.5472,7.9652,0.64746,0.2761,0.5834,0.6326,0.6885,0.7268,0.7661,0.8223,0.8703,0.9221,layer_29,last
94B,Italian,m_mmlu,m_mmlu_it,0.2645614565233814,5,0.25,61.0424,7.5126,0.645416,0.2929,0.5954,0.6465,0.7004,0.7368,0.7744,0.8285,0.8746,0.9245,layer_29,last
105B,Italian,m_mmlu,m_mmlu_it,0.2625972652413689,5,0.25,55.6404,7.0474,0.6447,0.304,0.611,0.6576,0.7096,0.745,0.7814,0.8335,0.8781,0.9265,layer_29,last
115B,Italian,m_mmlu,m_mmlu_it,0.2701518470952633,5,0.25,58.1476,7.1943,0.639137,0.3044,0.6056,0.6527,0.7047,0.7404,0.7771,0.8299,0.8752,0.9244,layer_29,last
126B,Italian,m_mmlu,m_mmlu_it,0.2687920223615623,5,0.25,60.2584,7.2503,0.633697,0.3066,0.6003,0.6488,0.7003,0.7356,0.7719,0.8248,0.8708,0.9215,layer_29,last
136B,Italian,m_mmlu,m_mmlu_it,0.26350381506383624,5,0.25,55.6027,7.5368,0.631331,0.2948,0.6237,0.6691,0.7174,0.7513,0.786,0.8356,0.8785,0.9259,layer_29,last
147B,Italian,m_mmlu,m_mmlu_it,0.26561909798292666,5,0.25,55.5643,7.4343,0.627884,0.3014,0.6236,0.6689,0.7176,0.7507,0.7847,0.834,0.8769,0.9247,layer_29,last
157B,Italian,m_mmlu,m_mmlu_it,0.2633527234267583,5,0.25,54.1161,7.5149,0.621212,0.2918,0.633,0.6744,0.7207,0.7535,0.787,0.8352,0.8775,0.9247,layer_29,last
168B,Italian,m_mmlu,m_mmlu_it,0.25859333685880487,5,0.25,57.0868,7.3926,0.627248,0.2945,0.6186,0.6617,0.7115,0.7451,0.7797,0.83,0.874,0.923,layer_29,last
178B,Italian,m_mmlu,m_mmlu_it,0.26803656417617283,5,0.25,59.2618,7.5371,0.627087,0.2914,0.6115,0.6562,0.7071,0.7418,0.7769,0.8279,0.8724,0.922,layer_29,last
189B,Italian,m_mmlu,m_mmlu_it,0.263805998337992,5,0.25,55.3875,7.1661,0.619943,0.311,0.6247,0.6666,0.7153,0.7485,0.7819,0.8308,0.874,0.9225,layer_29,last
199B,Italian,m_mmlu,m_mmlu_it,0.2715872176475032,5,0.25,55.5556,7.0889,0.624471,0.3027,0.6215,0.6634,0.7116,0.7453,0.7797,0.8297,0.8735,0.9225,layer_29,last
210B,Italian,m_mmlu,m_mmlu_it,0.26577018962000454,5,0.25,53.9074,6.9229,0.622154,0.3104,0.6256,0.6668,0.7151,0.7485,0.7824,0.8316,0.8747,0.9231,layer_29,last
220B,Italian,m_mmlu,m_mmlu_it,0.26833874745032865,5,0.25,53.2366,6.5033,0.62342,0.3239,0.6217,0.6615,0.7099,0.743,0.7773,0.8276,0.872,0.9216,layer_29,last
231B,Italian,m_mmlu,m_mmlu_it,0.2695474805469517,5,0.25,44.4389,5.7485,0.625169,0.3497,0.6465,0.6821,0.7267,0.7579,0.7904,0.8381,0.8799,0.9266,layer_29,last
241B,Italian,m_mmlu,m_mmlu_it,0.2645614565233814,5,0.25,44.0646,5.7738,0.61977,0.3529,0.651,0.6874,0.7306,0.7607,0.7923,0.8389,0.8799,0.9262,layer_29,last
252B,Italian,m_mmlu,m_mmlu_it,0.2655435521643877,5,0.25,51.1736,6.6971,0.6295,0.3282,0.6317,0.6736,0.7221,0.7557,0.7896,0.8379,0.8797,0.9265,layer_29,last
262B,Italian,m_mmlu,m_mmlu_it,0.2604819823222785,5,0.25,54.8078,6.9236,0.631387,0.3263,0.6199,0.6633,0.7144,0.7492,0.7841,0.8338,0.8769,0.9248,layer_29,last
273B,Italian,m_mmlu,m_mmlu_it,0.2659212812570824,5,0.25,60.352,7.9724,0.628831,0.2994,0.61,0.6567,0.7109,0.7473,0.7831,0.833,0.8759,0.9239,layer_29,last
283B,Italian,m_mmlu,m_mmlu_it,0.2632771776082194,5,0.25,70.7587,8.9033,0.625,0.2756,0.5857,0.6349,0.6926,0.731,0.769,0.8219,0.8674,0.9184,layer_29,last
294B,Italian,m_mmlu,m_mmlu_it,0.2675832892649392,5,0.25,78.5923,9.9389,0.633392,0.2533,0.5669,0.6209,0.6818,0.7229,0.7631,0.8185,0.8657,0.9179,layer_29,last
304B,Italian,m_mmlu,m_mmlu_it,0.27264485910704844,5,0.25,85.3112,10.2882,0.628784,0.2539,0.5528,0.6075,0.672,0.7145,0.7557,0.8122,0.8604,0.9142,layer_29,last
315B,Italian,m_mmlu,m_mmlu_it,0.2675077434464002,5,0.25,81.4512,10.1248,0.629781,0.2551,0.5601,0.616,0.6791,0.7209,0.7611,0.8163,0.8636,0.9163,layer_29,last
325B,Italian,m_mmlu,m_mmlu_it,0.26350381506383624,5,0.25,109.4871,12.5669,0.619279,0.2049,0.5136,0.5725,0.6408,0.6863,0.7304,0.7914,0.8442,0.9036,layer_29,last
334B,Italian,m_mmlu,m_mmlu_it,0.2708317594621138,5,0.25,98.5427,11.5708,0.624966,0.227,0.5278,0.5871,0.6548,0.6996,0.7425,0.8014,0.852,0.9088,layer_29,last
342B,Italian,m_mmlu,m_mmlu_it,0.2703029387323412,5,0.25,104.5076,12.1507,0.623796,0.2159,0.5197,0.5793,0.6473,0.6923,0.7359,0.7961,0.8479,0.9063,layer_29,last
352B,Italian,m_mmlu,m_mmlu_it,0.2638815441565309,5,0.25,107.3297,12.5311,0.627756,0.2118,0.5144,0.5743,0.6443,0.6905,0.7349,0.7959,0.8483,0.9068,layer_29,last
363B,Italian,m_mmlu,m_mmlu_it,0.2666011936239329,5,0.25,117.4411,13.4038,0.627107,0.195,0.4973,0.5591,0.632,0.6801,0.7261,0.7891,0.8431,0.9036,layer_29,last
373B,Italian,m_mmlu,m_mmlu_it,0.25602477902848075,5,0.25,122.3329,13.8747,0.630112,0.1929,0.4899,0.5525,0.6261,0.6752,0.7223,0.7867,0.8416,0.9029,layer_29,last
384B,Italian,m_mmlu,m_mmlu_it,0.2675832892649392,5,0.25,118.7953,13.6043,0.627962,0.2006,0.4957,0.5578,0.6307,0.6795,0.7259,0.7892,0.8432,0.9036,layer_29,last
394B,Italian,m_mmlu,m_mmlu_it,0.261161894689129,5,0.25,115.348,13.3219,0.631023,0.2031,0.5004,0.562,0.6347,0.6831,0.7292,0.7919,0.8454,0.9052,layer_29,last
405B,Italian,m_mmlu,m_mmlu_it,0.2588199743144217,5,0.25,122.0121,13.9798,0.628778,0.1966,0.4913,0.5533,0.628,0.6771,0.7237,0.7874,0.8419,0.9029,layer_29,last
415B,Italian,m_mmlu,m_mmlu_it,0.2758177834856841,5,0.25,116.3719,13.3903,0.634048,0.2049,0.4957,0.5585,0.6336,0.6828,0.7294,0.7926,0.8462,0.9059,layer_29,last
426B,Italian,m_mmlu,m_mmlu_it,0.2617662612374405,5,0.25,120.5595,13.846,0.630696,0.1999,0.4912,0.5541,0.6296,0.6793,0.726,0.7895,0.8436,0.904,layer_29,last
436B,Italian,m_mmlu,m_mmlu_it,0.261161894689129,5,0.25,127.231,14.6417,0.634908,0.1923,0.4803,0.545,0.6226,0.6735,0.7216,0.7868,0.842,0.9034,layer_29,last
447B,Italian,m_mmlu,m_mmlu_it,0.2496789302712095,5,0.25,128.7563,14.5261,0.627815,0.1944,0.4801,0.5444,0.6205,0.6711,0.7188,0.7834,0.8388,0.9008,layer_29,last
457B,Italian,m_mmlu,m_mmlu_it,0.24491954370325603,5,0.25,131.5734,14.6155,0.624277,0.1957,0.4766,0.5406,0.6178,0.6682,0.7157,0.7805,0.8363,0.899,layer_29,last
468B,Italian,m_mmlu,m_mmlu_it,0.25375840447231246,5,0.25,132.3078,14.6807,0.625895,0.1952,0.475,0.5387,0.6164,0.6674,0.7153,0.7805,0.8364,0.8992,layer_29,last
478B,Italian,m_mmlu,m_mmlu_it,0.24567500188864547,5,0.25,131.5376,14.6409,0.630826,0.1987,0.4731,0.5388,0.6171,0.6685,0.7168,0.7824,0.8383,0.9008,layer_29,last
489B,Italian,m_mmlu,m_mmlu_it,0.25791342449195437,5,0.25,132.5589,14.7355,0.625361,0.1955,0.4737,0.538,0.6162,0.6677,0.7159,0.7811,0.8369,0.8994,layer_29,last
499B,Italian,m_mmlu,m_mmlu_it,0.2696230263654907,5,0.25,138.1386,15.2433,0.627103,0.1931,0.4664,0.5312,0.6105,0.6627,0.7115,0.7778,0.8345,0.8981,layer_29,last
510B,Italian,m_mmlu,m_mmlu_it,0.26063307395935637,5,0.25,132.2788,14.6054,0.625775,0.1979,0.4737,0.5381,0.6161,0.6675,0.7157,0.7807,0.8365,0.8992,layer_29,last
520B,Italian,m_mmlu,m_mmlu_it,0.25738460376218175,5,0.25,135.1607,14.9047,0.624766,0.1957,0.4694,0.5338,0.6134,0.6655,0.7142,0.7795,0.8356,0.8986,layer_29,last
531B,Italian,m_mmlu,m_mmlu_it,0.26101080305205104,5,0.25,137.2977,15.0337,0.620745,0.192,0.4686,0.5326,0.611,0.6629,0.7114,0.7767,0.833,0.8967,layer_29,last
541B,Italian,m_mmlu,m_mmlu_it,0.26856538490594545,5,0.25,132.3391,14.7143,0.628644,0.1972,0.4723,0.536,0.6157,0.6683,0.7171,0.7824,0.838,0.9003,layer_29,last
552B,Italian,m_mmlu,m_mmlu_it,0.26645010198685504,5,0.25,129.2514,14.3829,0.630617,0.2029,0.4753,0.5391,0.6187,0.6712,0.7198,0.7848,0.8399,0.9016,layer_29,last
562B,Italian,m_mmlu,m_mmlu_it,0.26373045251945304,5,0.25,130.3531,14.6168,0.632965,0.2014,0.4727,0.5382,0.6182,0.6707,0.7196,0.7851,0.8404,0.9021,layer_29,last
573B,Italian,m_mmlu,m_mmlu_it,0.26425927324922566,5,0.25,132.1093,14.6909,0.631818,0.2017,0.4711,0.5359,0.6162,0.6688,0.7178,0.7832,0.8389,0.9011,layer_29,last
583B,Italian,m_mmlu,m_mmlu_it,0.26509027725315404,5,0.25,134.8506,14.9069,0.628689,0.1989,0.4681,0.5331,0.6134,0.6663,0.7152,0.7809,0.8369,0.8996,layer_29,last
593B,Italian,m_mmlu,m_mmlu_it,0.26153962378182366,5,0.25,134.2179,14.8163,0.628976,0.2003,0.4685,0.5331,0.6138,0.6668,0.7158,0.7815,0.8374,0.9,layer_29,last
10B,Spanish,m_mmlu,m_mmlu_es,0.2689365531723414,5,0.25,195.8502,15.3075,0.68534,0.2329,0.3917,0.4501,0.5265,0.5859,0.6481,0.7396,0.8161,0.8944,layer_29,last
21B,Spanish,m_mmlu,m_mmlu_es,0.26833658317084147,5,0.25,132.7025,10.4963,0.663729,0.2796,0.4609,0.5135,0.5801,0.6305,0.6838,0.7627,0.8296,0.8999,layer_29,last
31B,Spanish,m_mmlu,m_mmlu_es,0.25746212689365533,5,0.25,95.397,8.6791,0.660114,0.3008,0.5166,0.5677,0.6291,0.6742,0.7208,0.7895,0.8481,0.9102,layer_29,last
42B,Spanish,m_mmlu,m_mmlu_es,0.26016199190040495,5,0.25,87.4364,8.7174,0.657136,0.2887,0.5326,0.5857,0.6472,0.6904,0.7348,0.7996,0.8549,0.9138,layer_29,last
52B,Spanish,m_mmlu,m_mmlu_es,0.2618869056547173,5,0.25,80.8231,8.2606,0.657015,0.2986,0.5456,0.5966,0.6577,0.6998,0.7426,0.8051,0.8586,0.9159,layer_29,last
63B,Spanish,m_mmlu,m_mmlu_es,0.26631168441577924,5,0.25,68.7065,7.3274,0.651482,0.3168,0.5702,0.62,0.6762,0.7148,0.7545,0.8133,0.864,0.9188,layer_29,last
73B,Spanish,m_mmlu,m_mmlu_es,0.26781160941952903,5,0.25,65.9358,7.1979,0.653077,0.3219,0.5757,0.6262,0.683,0.7217,0.7608,0.8181,0.8675,0.9209,layer_29,last
84B,Spanish,m_mmlu,m_mmlu_es,0.25738713064346785,5,0.25,62.6886,6.9058,0.651042,0.3319,0.5841,0.6332,0.6883,0.7261,0.7644,0.8206,0.8692,0.9217,layer_29,last
94B,Spanish,m_mmlu,m_mmlu_es,0.26698665066746663,5,0.25,57.2659,6.4478,0.648262,0.3485,0.5959,0.6458,0.6994,0.735,0.7717,0.8257,0.8727,0.9236,layer_29,last
105B,Spanish,m_mmlu,m_mmlu_es,0.2618869056547173,5,0.25,52.9361,6.1608,0.646125,0.3535,0.6099,0.6559,0.707,0.7412,0.7769,0.8295,0.8751,0.925,layer_29,last
115B,Spanish,m_mmlu,m_mmlu_es,0.27081145942702867,5,0.25,54.4552,6.2691,0.640466,0.3518,0.6063,0.6535,0.7053,0.7397,0.7753,0.8278,0.8736,0.9237,layer_29,last
126B,Spanish,m_mmlu,m_mmlu_es,0.268261586920654,5,0.25,57.2504,6.4232,0.635553,0.3462,0.5995,0.6476,0.6993,0.7336,0.7693,0.8222,0.869,0.9206,layer_29,last
136B,Spanish,m_mmlu,m_mmlu_es,0.2633868306584671,5,0.25,52.752,6.4092,0.632918,0.3501,0.6185,0.6656,0.7159,0.7487,0.7826,0.8325,0.8762,0.9247,layer_29,last
147B,Spanish,m_mmlu,m_mmlu_es,0.26653667316634166,5,0.25,53.1329,6.4666,0.628855,0.3461,0.6199,0.665,0.7149,0.7475,0.7811,0.8307,0.8745,0.9234,layer_29,last
157B,Spanish,m_mmlu,m_mmlu_es,0.26286185690715463,5,0.25,52.6261,6.5879,0.62154,0.3431,0.6256,0.6698,0.718,0.7499,0.7828,0.8315,0.8747,0.9231,layer_29,last
168B,Spanish,m_mmlu,m_mmlu_es,0.2662366881655917,5,0.25,56.5044,6.4429,0.6277,0.349,0.6067,0.6524,0.704,0.7373,0.772,0.8234,0.869,0.9201,layer_29,last
178B,Spanish,m_mmlu,m_mmlu_es,0.26991150442477874,5,0.25,55.4946,6.3936,0.626787,0.349,0.609,0.6543,0.7061,0.7397,0.7743,0.8252,0.8703,0.9208,layer_29,last
189B,Spanish,m_mmlu,m_mmlu_es,0.2662366881655917,5,0.25,49.9048,6.0064,0.618533,0.3649,0.629,0.6703,0.7194,0.7507,0.7829,0.8309,0.8739,0.9225,layer_29,last
199B,Spanish,m_mmlu,m_mmlu_es,0.27066146692665366,5,0.25,50.3957,5.9273,0.62294,0.3638,0.6236,0.6652,0.7142,0.7462,0.7795,0.8288,0.8728,0.9221,layer_29,last
210B,Spanish,m_mmlu,m_mmlu_es,0.26751162441877907,5,0.25,51.3697,5.9126,0.621944,0.3695,0.6192,0.6625,0.7121,0.7445,0.778,0.8275,0.8716,0.9212,layer_29,last
220B,Spanish,m_mmlu,m_mmlu_es,0.26863656817159143,5,0.25,48.2173,5.418,0.623533,0.3907,0.6219,0.6638,0.712,0.7439,0.7772,0.8271,0.8716,0.9215,layer_29,last
231B,Spanish,m_mmlu,m_mmlu_es,0.2712614369281536,5,0.25,40.1408,4.837,0.624291,0.4168,0.6476,0.6855,0.73,0.7596,0.7907,0.8377,0.8795,0.9264,layer_29,last
241B,Spanish,m_mmlu,m_mmlu_es,0.27621118944052797,5,0.25,42.1578,4.9652,0.619017,0.4149,0.6437,0.6829,0.7275,0.7573,0.7883,0.835,0.877,0.9245,layer_29,last
252B,Spanish,m_mmlu,m_mmlu_es,0.26841157942102895,5,0.25,48.0011,5.5619,0.62933,0.3947,0.6264,0.6701,0.7211,0.7537,0.7869,0.8351,0.8775,0.9251,layer_29,last
262B,Spanish,m_mmlu,m_mmlu_es,0.26908654567271634,5,0.25,48.459,5.4426,0.629707,0.4031,0.6225,0.666,0.7185,0.7515,0.7851,0.8339,0.8767,0.9247,layer_29,last
273B,Spanish,m_mmlu,m_mmlu_es,0.27321133943302833,5,0.25,54.2957,6.4404,0.628927,0.362,0.6128,0.6584,0.7152,0.7499,0.7845,0.8334,0.8761,0.9241,layer_29,last
283B,Spanish,m_mmlu,m_mmlu_es,0.27021148942552875,5,0.25,65.1587,7.3938,0.624927,0.3313,0.586,0.636,0.6961,0.7327,0.7696,0.8216,0.867,0.9182,layer_29,last
294B,Spanish,m_mmlu,m_mmlu_es,0.2648117594120294,5,0.25,73.3128,8.2587,0.631838,0.3098,0.5676,0.6202,0.6839,0.7231,0.7622,0.817,0.8644,0.917,layer_29,last
304B,Spanish,m_mmlu,m_mmlu_es,0.26218689065546724,5,0.25,74.9471,8.009,0.631136,0.3215,0.5592,0.6133,0.68,0.7202,0.7598,0.8149,0.8624,0.9157,layer_29,last
315B,Spanish,m_mmlu,m_mmlu_es,0.2697615119244038,5,0.25,73.7143,7.953,0.62791,0.3221,0.5625,0.6168,0.6824,0.7219,0.761,0.8155,0.8626,0.9157,layer_29,last
325B,Spanish,m_mmlu,m_mmlu_es,0.2645867706614669,5,0.25,103.562,10.5907,0.618623,0.2631,0.5119,0.571,0.6426,0.6863,0.7293,0.79,0.843,0.903,layer_29,last
334B,Spanish,m_mmlu,m_mmlu_es,0.2671366431678416,5,0.25,90.8886,9.3411,0.625625,0.2905,0.5278,0.5875,0.658,0.7005,0.7425,0.8009,0.8516,0.9087,layer_29,last
342B,Spanish,m_mmlu,m_mmlu_es,0.2696115194240288,5,0.25,98.2952,10.1239,0.623533,0.2744,0.5184,0.5785,0.6498,0.6928,0.7351,0.7949,0.8469,0.9057,layer_29,last
352B,Spanish,m_mmlu,m_mmlu_es,0.25881205939703017,5,0.25,98.7343,10.037,0.626688,0.2773,0.5151,0.5752,0.648,0.692,0.7349,0.7951,0.8475,0.9063,layer_29,last
363B,Spanish,m_mmlu,m_mmlu_es,0.26383680815959204,5,0.25,115.9451,11.8473,0.625778,0.2432,0.4888,0.5521,0.6296,0.6763,0.7217,0.785,0.84,0.9016,layer_29,last
373B,Spanish,m_mmlu,m_mmlu_es,0.25746212689365533,5,0.25,115.1937,11.5589,0.628173,0.2523,0.4893,0.5519,0.6291,0.6758,0.7215,0.7853,0.8403,0.902,layer_29,last
384B,Spanish,m_mmlu,m_mmlu_es,0.25716214189290537,5,0.25,112.5528,11.2125,0.626633,0.2595,0.4932,0.5554,0.6319,0.6783,0.7236,0.7866,0.841,0.9023,layer_29,last
394B,Spanish,m_mmlu,m_mmlu_es,0.25146242687865605,5,0.25,108.9972,10.9838,0.631151,0.2635,0.4961,0.5594,0.6366,0.6828,0.7279,0.7903,0.8441,0.9045,layer_29,last
405B,Spanish,m_mmlu,m_mmlu_es,0.2567121643917804,5,0.25,113.8576,11.2983,0.627392,0.2587,0.4906,0.5523,0.6303,0.6773,0.7228,0.7858,0.8405,0.902,layer_29,last
415B,Spanish,m_mmlu,m_mmlu_es,0.26263686815659215,5,0.25,109.6057,10.9356,0.632943,0.2654,0.4932,0.5561,0.6353,0.6823,0.7278,0.7906,0.8445,0.9048,layer_29,last
426B,Spanish,m_mmlu,m_mmlu_es,0.26466176691165444,5,0.25,111.5535,11.1568,0.630404,0.261,0.491,0.5541,0.6336,0.6804,0.7261,0.789,0.8431,0.9037,layer_29,last
436B,Spanish,m_mmlu,m_mmlu_es,0.25146242687865605,5,0.25,119.8598,11.9373,0.634367,0.2512,0.4778,0.5429,0.6244,0.6731,0.7203,0.7851,0.8405,0.9025,layer_29,last
447B,Spanish,m_mmlu,m_mmlu_es,0.26406179691015447,5,0.25,120.9942,11.9608,0.628092,0.2503,0.4773,0.5429,0.6237,0.6717,0.7184,0.7827,0.8382,0.9006,layer_29,last
457B,Spanish,m_mmlu,m_mmlu_es,0.24591270436478177,5,0.25,122.8001,11.8815,0.623023,0.2526,0.4758,0.5405,0.6209,0.669,0.7154,0.7797,0.8355,0.8986,layer_29,last
468B,Spanish,m_mmlu,m_mmlu_es,0.24771261436928155,5,0.25,124.2919,11.8557,0.624929,0.2548,0.4727,0.5372,0.6182,0.6669,0.7139,0.7788,0.8349,0.8983,layer_29,last
478B,Spanish,m_mmlu,m_mmlu_es,0.24508774561271937,5,0.25,121.1059,11.6776,0.631812,0.2582,0.4745,0.5395,0.6217,0.6707,0.7181,0.7831,0.8388,0.9012,layer_29,last
489B,Spanish,m_mmlu,m_mmlu_es,0.24733763311834409,5,0.25,123.1623,11.837,0.625833,0.2553,0.473,0.5376,0.6202,0.669,0.7161,0.7809,0.8367,0.8995,layer_29,last
499B,Spanish,m_mmlu,m_mmlu_es,0.26383680815959204,5,0.25,125.9085,12.0339,0.627906,0.254,0.4682,0.5339,0.617,0.6665,0.714,0.7794,0.8357,0.899,layer_29,last
510B,Spanish,m_mmlu,m_mmlu_es,0.2501124943752812,5,0.25,123.0716,11.7019,0.624151,0.2582,0.4726,0.5376,0.6196,0.6686,0.7155,0.7801,0.8359,0.8988,layer_29,last
520B,Spanish,m_mmlu,m_mmlu_es,0.25101244937753114,5,0.25,125.7665,11.98,0.624117,0.2545,0.4681,0.5335,0.6174,0.667,0.7143,0.7793,0.8353,0.8984,layer_29,last
531B,Spanish,m_mmlu,m_mmlu_es,0.26196190190490476,5,0.25,130.5464,12.4257,0.619792,0.2463,0.4637,0.529,0.6126,0.6625,0.71,0.7752,0.8318,0.8959,layer_29,last
541B,Spanish,m_mmlu,m_mmlu_es,0.26653667316634166,5,0.25,121.3308,11.7272,0.628701,0.2573,0.4721,0.5381,0.6217,0.6717,0.7192,0.7837,0.8389,0.9009,layer_29,last
552B,Spanish,m_mmlu,m_mmlu_es,0.2688615569221539,5,0.25,117.0954,11.2585,0.631078,0.2658,0.4761,0.5425,0.6257,0.6755,0.7228,0.7868,0.8414,0.9027,layer_29,last
562B,Spanish,m_mmlu,m_mmlu_es,0.26203689815509223,5,0.25,120.0804,11.6398,0.632874,0.2602,0.4721,0.539,0.6231,0.6735,0.7213,0.786,0.841,0.9025,layer_29,last
573B,Spanish,m_mmlu,m_mmlu_es,0.2672116394180291,5,0.25,120.7115,11.5527,0.631782,0.2624,0.4717,0.5377,0.622,0.6722,0.7198,0.7844,0.8397,0.9017,layer_29,last
583B,Spanish,m_mmlu,m_mmlu_es,0.26443677816109196,5,0.25,122.0519,11.6977,0.628758,0.2593,0.4704,0.5361,0.6209,0.6713,0.7189,0.7833,0.8386,0.9008,layer_29,last
593B,Spanish,m_mmlu,m_mmlu_es,0.26346182690865455,5,0.25,119.8337,11.5891,0.629852,0.2603,0.4724,0.5389,0.6236,0.6738,0.7213,0.7856,0.8405,0.902,layer_29,last
10B,Chinese,xcopa,xcopa_zh,0.55,0,0.5,302.4599,35.4326,0.715359,0.1333,0.3048,0.3913,0.4761,0.5418,0.6134,0.7212,0.8056,0.8909,layer_29,last
21B,Chinese,xcopa,xcopa_zh,0.556,0,0.5,251.2258,27.786,0.700851,0.1456,0.3478,0.4275,0.5111,0.5728,0.6366,0.7324,0.8106,0.8917,layer_29,last
31B,Chinese,xcopa,xcopa_zh,0.548,0,0.5,206.1907,23.075,0.700708,0.1643,0.3848,0.4639,0.5447,0.6032,0.663,0.7518,0.8241,0.899,layer_29,last
42B,Chinese,xcopa,xcopa_zh,0.57,0,0.5,176.2133,18.9216,0.699876,0.192,0.4067,0.4871,0.569,0.6252,0.6818,0.765,0.833,0.9038,layer_29,last
52B,Chinese,xcopa,xcopa_zh,0.604,0,0.5,166.702,18.005,0.699988,0.1938,0.4183,0.4969,0.5767,0.6314,0.6867,0.7686,0.8355,0.9053,layer_29,last
63B,Chinese,xcopa,xcopa_zh,0.584,0,0.5,150.6632,15.7554,0.697414,0.2111,0.4392,0.5128,0.5885,0.641,0.6943,0.7737,0.8389,0.9071,layer_29,last
73B,Chinese,xcopa,xcopa_zh,0.586,0,0.5,148.9078,16.0457,0.695705,0.206,0.4397,0.5164,0.5928,0.6456,0.6984,0.7759,0.8403,0.9077,layer_29,last
84B,Chinese,xcopa,xcopa_zh,0.594,0,0.5,143.2612,15.1634,0.694203,0.2162,0.4449,0.5211,0.5975,0.6497,0.7019,0.7786,0.8421,0.9087,layer_29,last
94B,Chinese,xcopa,xcopa_zh,0.594,0,0.5,131.2988,13.721,0.690432,0.2302,0.4627,0.5351,0.6086,0.6586,0.7084,0.7824,0.8442,0.9096,layer_29,last
105B,Chinese,xcopa,xcopa_zh,0.596,0,0.5,125.3404,13.4322,0.689513,0.2266,0.4757,0.5455,0.6143,0.6624,0.7115,0.7844,0.8456,0.9104,layer_29,last
115B,Chinese,xcopa,xcopa_zh,0.608,0,0.5,140.3351,15.1364,0.683219,0.2089,0.4515,0.527,0.6019,0.6531,0.7038,0.7786,0.8411,0.9071,layer_29,last
126B,Chinese,xcopa,xcopa_zh,0.602,0,0.5,135.0708,13.9821,0.678214,0.2222,0.4614,0.5331,0.6042,0.6536,0.7027,0.7763,0.8388,0.9056,layer_29,last
136B,Chinese,xcopa,xcopa_zh,0.606,0,0.5,130.6507,14.3966,0.669378,0.2176,0.4669,0.5436,0.6151,0.6637,0.7117,0.7817,0.8417,0.9065,layer_29,last
147B,Chinese,xcopa,xcopa_zh,0.616,0,0.5,130.1018,13.9287,0.669964,0.2256,0.4661,0.5433,0.6146,0.6621,0.7094,0.7802,0.8406,0.9059,layer_29,last
157B,Chinese,xcopa,xcopa_zh,0.626,0,0.5,125.5594,13.7566,0.654106,0.2233,0.4815,0.5518,0.6204,0.6666,0.7126,0.7816,0.8405,0.9047,layer_29,last
168B,Chinese,xcopa,xcopa_zh,0.616,0,0.5,132.0068,13.7604,0.667165,0.2269,0.4652,0.54,0.6104,0.6581,0.7056,0.7769,0.8381,0.9043,layer_29,last
178B,Chinese,xcopa,xcopa_zh,0.622,0,0.5,116.1719,11.3848,0.664787,0.264,0.4838,0.5551,0.6232,0.6692,0.7154,0.7833,0.8423,0.9066,layer_29,last
189B,Chinese,xcopa,xcopa_zh,0.6,0,0.5,126.6535,13.1274,0.656935,0.2321,0.4759,0.5471,0.615,0.6619,0.7085,0.7783,0.8382,0.9035,layer_29,last
199B,Chinese,xcopa,xcopa_zh,0.616,0,0.5,128.9883,12.6159,0.659096,0.2466,0.4701,0.5419,0.6099,0.6568,0.7038,0.7746,0.8357,0.9023,layer_29,last
210B,Chinese,xcopa,xcopa_zh,0.602,0,0.5,133.3971,13.3126,0.657673,0.2359,0.4674,0.5373,0.6063,0.6546,0.7024,0.7733,0.8344,0.9013,layer_29,last
220B,Chinese,xcopa,xcopa_zh,0.632,0,0.5,131.2722,12.7054,0.662198,0.245,0.4685,0.5387,0.606,0.6534,0.7009,0.7724,0.8343,0.9018,layer_29,last
231B,Chinese,xcopa,xcopa_zh,0.626,0,0.5,125.8305,11.9942,0.665803,0.2558,0.4773,0.5429,0.6091,0.6563,0.7037,0.775,0.8365,0.9033,layer_29,last
241B,Chinese,xcopa,xcopa_zh,0.618,0,0.5,111.7316,10.2563,0.655513,0.2856,0.4952,0.5603,0.6238,0.6687,0.713,0.7797,0.8387,0.9039,layer_29,last
252B,Chinese,xcopa,xcopa_zh,0.62,0,0.5,134.1676,14.7693,0.66588,0.2148,0.4627,0.5403,0.6126,0.6619,0.7098,0.7792,0.839,0.9045,layer_29,last
262B,Chinese,xcopa,xcopa_zh,0.632,0,0.5,134.0644,14.7374,0.668357,0.2155,0.4624,0.539,0.6128,0.6623,0.7103,0.7799,0.8397,0.905,layer_29,last
273B,Chinese,xcopa,xcopa_zh,0.63,0,0.5,134.5409,16.5896,0.663723,0.1871,0.4622,0.5442,0.6202,0.6699,0.7172,0.7849,0.8429,0.9064,layer_29,last
283B,Chinese,xcopa,xcopa_zh,0.648,0,0.5,129.3678,16.0565,0.660166,0.1884,0.4698,0.551,0.6256,0.6746,0.7214,0.7877,0.8446,0.9071,layer_29,last
294B,Chinese,xcopa,xcopa_zh,0.65,0,0.5,125.0422,16.1419,0.668233,0.1759,0.4748,0.5556,0.6305,0.6794,0.7262,0.7932,0.8497,0.9107,layer_29,last
304B,Chinese,xcopa,xcopa_zh,0.654,0,0.5,126.1289,16.1944,0.665253,0.1774,0.4739,0.555,0.6298,0.6786,0.7253,0.7913,0.8476,0.9091,layer_29,last
315B,Chinese,xcopa,xcopa_zh,0.642,0,0.5,126.6686,16.2926,0.65933,0.1769,0.4716,0.5544,0.6304,0.6791,0.7254,0.7913,0.8473,0.9085,layer_29,last
325B,Chinese,xcopa,xcopa_zh,0.654,0,0.5,142.157,16.7932,0.638885,0.1827,0.4557,0.5359,0.6121,0.6616,0.7088,0.7762,0.8344,0.8992,layer_29,last
334B,Chinese,xcopa,xcopa_zh,0.652,0,0.5,138.6184,16.9948,0.651927,0.1778,0.4555,0.5387,0.6167,0.6669,0.7146,0.7819,0.8395,0.9033,layer_29,last
342B,Chinese,xcopa,xcopa_zh,0.63,0,0.5,142.8871,17.6235,0.652155,0.1714,0.4498,0.5347,0.6131,0.6637,0.7117,0.7795,0.8377,0.9022,layer_29,last
352B,Chinese,xcopa,xcopa_zh,0.622,0,0.5,146.6764,17.7559,0.648929,0.1752,0.4472,0.5305,0.609,0.6594,0.7077,0.7763,0.8353,0.9006,layer_29,last
363B,Chinese,xcopa,xcopa_zh,0.642,0,0.5,153.4778,17.7269,0.647039,0.1855,0.4366,0.5204,0.6007,0.653,0.7023,0.772,0.8318,0.8983,layer_29,last
373B,Chinese,xcopa,xcopa_zh,0.646,0,0.5,148.3857,18.4505,0.662267,0.1686,0.4393,0.5246,0.6066,0.6603,0.7105,0.7805,0.8396,0.9042,layer_29,last
384B,Chinese,xcopa,xcopa_zh,0.644,0,0.5,148.8215,18.7757,0.664578,0.1618,0.4384,0.5239,0.607,0.6606,0.7108,0.7811,0.8402,0.9046,layer_29,last
394B,Chinese,xcopa,xcopa_zh,0.654,0,0.5,144.1909,18.2068,0.664646,0.1651,0.4449,0.5308,0.6118,0.6642,0.7135,0.7824,0.8409,0.9051,layer_29,last
405B,Chinese,xcopa,xcopa_zh,0.65,0,0.5,148.009,18.2211,0.657924,0.1719,0.4427,0.5268,0.6084,0.6604,0.7094,0.7786,0.8376,0.9026,layer_29,last
415B,Chinese,xcopa,xcopa_zh,0.656,0,0.5,141.147,17.8156,0.667315,0.1699,0.4458,0.5328,0.6143,0.6673,0.7168,0.7853,0.8433,0.9067,layer_29,last
426B,Chinese,xcopa,xcopa_zh,0.664,0,0.5,140.9786,17.3881,0.660579,0.1752,0.449,0.533,0.614,0.6658,0.7147,0.7829,0.8408,0.9047,layer_29,last
436B,Chinese,xcopa,xcopa_zh,0.638,0,0.5,151.9192,19.2969,0.665435,0.1572,0.4337,0.5209,0.6052,0.6592,0.7095,0.7797,0.839,0.904,layer_29,last
447B,Chinese,xcopa,xcopa_zh,0.664,0,0.5,153.4213,18.9918,0.658216,0.1637,0.4317,0.52,0.6031,0.6569,0.7072,0.7773,0.8367,0.902,layer_29,last
457B,Chinese,xcopa,xcopa_zh,0.662,0,0.5,158.9845,19.4716,0.651668,0.1613,0.4273,0.515,0.599,0.6524,0.7022,0.7728,0.8328,0.8992,layer_29,last
468B,Chinese,xcopa,xcopa_zh,0.646,0,0.5,158.5134,19.5103,0.655321,0.1583,0.4271,0.5147,0.599,0.6525,0.7029,0.7734,0.8334,0.8999,layer_29,last
478B,Chinese,xcopa,xcopa_zh,0.658,0,0.5,157.5629,19.6126,0.660926,0.1574,0.425,0.5147,0.5999,0.6537,0.7047,0.7755,0.8355,0.9015,layer_29,last
489B,Chinese,xcopa,xcopa_zh,0.638,0,0.5,154.2106,18.8107,0.652381,0.1673,0.43,0.5184,0.6034,0.6565,0.7063,0.776,0.8353,0.9007,layer_29,last
499B,Chinese,xcopa,xcopa_zh,0.64,0,0.5,155.9858,19.5088,0.657361,0.153,0.4276,0.5164,0.6018,0.6557,0.7062,0.7765,0.836,0.9015,layer_29,last
510B,Chinese,xcopa,xcopa_zh,0.628,0,0.5,156.7748,19.3292,0.650682,0.1566,0.4273,0.5163,0.6017,0.6551,0.705,0.7745,0.8338,0.8997,layer_29,last
520B,Chinese,xcopa,xcopa_zh,0.64,0,0.5,160.9874,19.6946,0.647765,0.1583,0.4232,0.5114,0.5982,0.6521,0.7023,0.7724,0.8322,0.8984,layer_29,last
531B,Chinese,xcopa,xcopa_zh,0.63,0,0.5,164.6179,19.8422,0.644598,0.1605,0.4212,0.5088,0.5946,0.6484,0.6985,0.7687,0.829,0.8963,layer_29,last
541B,Chinese,xcopa,xcopa_zh,0.63,0,0.5,163.0349,20.0241,0.651571,0.1574,0.422,0.5092,0.5959,0.6504,0.7011,0.7712,0.8313,0.8983,layer_29,last
552B,Chinese,xcopa,xcopa_zh,0.626,0,0.5,157.8586,19.8102,0.656564,0.1554,0.4244,0.5141,0.6011,0.6555,0.7061,0.7761,0.8355,0.9011,layer_29,last
562B,Chinese,xcopa,xcopa_zh,0.63,0,0.5,155.4161,19.7126,0.660514,0.1548,0.4269,0.5165,0.6032,0.6577,0.7085,0.7785,0.8376,0.9027,layer_29,last
573B,Chinese,xcopa,xcopa_zh,0.626,0,0.5,154.8023,19.6943,0.661166,0.1519,0.4266,0.5168,0.6041,0.6586,0.7093,0.779,0.838,0.903,layer_29,last
583B,Chinese,xcopa,xcopa_zh,0.616,0,0.5,157.3169,19.713,0.654903,0.1551,0.4246,0.5147,0.6021,0.6564,0.7066,0.7762,0.8354,0.9009,layer_29,last
593B,Chinese,xcopa,xcopa_zh,0.644,0,0.5,157.0904,19.6238,0.656481,0.1591,0.4237,0.5143,0.6018,0.6564,0.707,0.7769,0.8361,0.9015,layer_29,last
10B,Indonesian,xcopa,xcopa_id,0.532,0,0.5,80.5897,7.3067,0.760592,0.3576,0.5202,0.5849,0.6512,0.6962,0.7437,0.8149,0.8728,0.931,layer_29,last
21B,Indonesian,xcopa,xcopa_id,0.554,0,0.5,65.9984,7.042,0.74408,0.3558,0.559,0.6217,0.6859,0.7272,0.7695,0.8312,0.8821,0.9346,layer_29,last
31B,Indonesian,xcopa,xcopa_id,0.596,0,0.5,44.094,6.553,0.743831,0.3287,0.6263,0.6875,0.744,0.7789,0.8136,0.8634,0.9043,0.9466,layer_29,last
42B,Indonesian,xcopa,xcopa_id,0.604,0,0.5,39.2686,6.4587,0.744812,0.3162,0.6459,0.705,0.7621,0.7956,0.828,0.8737,0.9113,0.9504,layer_29,last
52B,Indonesian,xcopa,xcopa_id,0.58,0,0.5,38.4676,6.069,0.74558,0.3604,0.6473,0.709,0.7647,0.7976,0.8296,0.875,0.9123,0.951,layer_29,last
63B,Indonesian,xcopa,xcopa_id,0.61,0,0.5,34.5284,6.0128,0.740438,0.3348,0.6688,0.7249,0.7773,0.8082,0.8382,0.8806,0.9159,0.9528,layer_29,last
73B,Indonesian,xcopa,xcopa_id,0.618,0,0.5,31.3904,5.6972,0.742783,0.345,0.6812,0.7369,0.7879,0.8177,0.8464,0.8868,0.9203,0.9553,layer_29,last
84B,Indonesian,xcopa,xcopa_id,0.62,0,0.5,29.4255,5.2774,0.741361,0.3796,0.6868,0.7432,0.7936,0.8223,0.85,0.8894,0.9221,0.9563,layer_29,last
94B,Indonesian,xcopa,xcopa_id,0.634,0,0.5,27.021,4.9503,0.737707,0.3975,0.6982,0.7514,0.801,0.8289,0.8558,0.8935,0.9248,0.9577,layer_29,last
105B,Indonesian,xcopa,xcopa_id,0.624,0,0.5,23.9355,4.5373,0.739565,0.4237,0.7162,0.7659,0.8113,0.8374,0.8628,0.8986,0.9284,0.9597,layer_29,last
115B,Indonesian,xcopa,xcopa_id,0.608,0,0.5,24.657,4.6556,0.731314,0.4138,0.7117,0.7615,0.8095,0.8363,0.8623,0.8983,0.928,0.9593,layer_29,last
126B,Indonesian,xcopa,xcopa_id,0.632,0,0.5,24.4308,4.4258,0.723811,0.4342,0.7131,0.7615,0.8066,0.8326,0.8579,0.894,0.9246,0.9571,layer_29,last
136B,Indonesian,xcopa,xcopa_id,0.648,0,0.5,23.931,4.3913,0.715706,0.4395,0.7119,0.7658,0.8116,0.8379,0.8627,0.8975,0.9268,0.958,layer_29,last
147B,Indonesian,xcopa,xcopa_id,0.648,0,0.5,24.4552,4.4802,0.714507,0.4321,0.7119,0.7641,0.8099,0.8358,0.8605,0.8956,0.9253,0.9572,layer_29,last
157B,Indonesian,xcopa,xcopa_id,0.622,0,0.5,26.793,4.7354,0.700618,0.4154,0.7012,0.7541,0.8011,0.8279,0.8534,0.8897,0.9207,0.9541,layer_29,last
168B,Indonesian,xcopa,xcopa_id,0.63,0,0.5,25.296,4.5007,0.71522,0.4257,0.7053,0.7553,0.8025,0.8294,0.8552,0.8917,0.9227,0.9557,layer_29,last
178B,Indonesian,xcopa,xcopa_id,0.64,0,0.5,22.7022,3.7982,0.708777,0.4921,0.7144,0.7626,0.8082,0.8342,0.8589,0.8939,0.9239,0.9563,layer_29,last
189B,Indonesian,xcopa,xcopa_id,0.626,0,0.5,19.5467,3.5306,0.6963,0.5093,0.7323,0.7809,0.8217,0.8455,0.8683,0.9007,0.9284,0.9584,layer_29,last
199B,Indonesian,xcopa,xcopa_id,0.632,0,0.5,16.6243,3.1206,0.703363,0.5488,0.752,0.7926,0.8318,0.8542,0.8759,0.9067,0.933,0.9613,layer_29,last
210B,Indonesian,xcopa,xcopa_id,0.62,0,0.5,16.9712,3.1495,0.704103,0.5462,0.7488,0.7912,0.8297,0.8524,0.8743,0.9054,0.932,0.9607,layer_29,last
220B,Indonesian,xcopa,xcopa_id,0.662,0,0.5,14.2739,2.9935,0.706945,0.5553,0.7745,0.8115,0.8454,0.866,0.8858,0.9141,0.9383,0.9645,layer_29,last
231B,Indonesian,xcopa,xcopa_id,0.644,0,0.5,12.2068,2.5373,0.707427,0.6172,0.7854,0.8191,0.8511,0.8707,0.8898,0.9173,0.9408,0.966,layer_29,last
241B,Indonesian,xcopa,xcopa_id,0.66,0,0.5,12.5818,2.7353,0.701683,0.5871,0.7877,0.8227,0.8547,0.8734,0.8917,0.9182,0.941,0.966,layer_29,last
252B,Indonesian,xcopa,xcopa_id,0.656,0,0.5,16.848,3.391,0.721875,0.5212,0.7546,0.7992,0.8399,0.863,0.8845,0.914,0.9386,0.9649,layer_29,last
262B,Indonesian,xcopa,xcopa_id,0.656,0,0.5,20.318,3.8991,0.726031,0.4802,0.7333,0.7812,0.827,0.8525,0.8759,0.9077,0.9343,0.9626,layer_29,last
273B,Indonesian,xcopa,xcopa_id,0.658,0,0.5,23.9694,4.1214,0.7173,0.4733,0.7054,0.7627,0.8127,0.8407,0.8658,0.9,0.9284,0.9589,layer_29,last
283B,Indonesian,xcopa,xcopa_id,0.662,0,0.5,29.4194,4.9805,0.714848,0.4201,0.6817,0.7429,0.7977,0.8282,0.8554,0.8923,0.9228,0.9556,layer_29,last
294B,Indonesian,xcopa,xcopa_id,0.644,0,0.5,36.4213,6.1007,0.718597,0.3647,0.6536,0.7198,0.7792,0.813,0.8434,0.8841,0.9173,0.9525,layer_29,last
304B,Indonesian,xcopa,xcopa_id,0.684,0,0.5,36.7432,6.1186,0.721963,0.3669,0.6485,0.7178,0.7791,0.8136,0.8442,0.8846,0.9176,0.9528,layer_29,last
315B,Indonesian,xcopa,xcopa_id,0.672,0,0.5,37.1495,6.1354,0.717732,0.3653,0.6485,0.7162,0.7776,0.8118,0.8423,0.8829,0.9162,0.9519,layer_29,last
325B,Indonesian,xcopa,xcopa_id,0.674,0,0.5,49.1011,7.3616,0.694786,0.3203,0.6105,0.68,0.7457,0.7831,0.8168,0.8624,0.9005,0.9418,layer_29,last
334B,Indonesian,xcopa,xcopa_id,0.684,0,0.5,44.0132,6.8937,0.710598,0.3368,0.6239,0.6943,0.7583,0.7951,0.8277,0.8714,0.9076,0.9467,layer_29,last
342B,Indonesian,xcopa,xcopa_id,0.684,0,0.5,47.369,7.3924,0.707889,0.3194,0.6148,0.6867,0.7516,0.7891,0.8224,0.8673,0.9045,0.9448,layer_29,last
352B,Indonesian,xcopa,xcopa_id,0.678,0,0.5,48.0898,7.2447,0.707096,0.3272,0.6114,0.6814,0.7479,0.7858,0.8194,0.865,0.9029,0.9438,layer_29,last
363B,Indonesian,xcopa,xcopa_id,0.692,0,0.5,52.8585,7.6104,0.705743,0.3206,0.5944,0.6664,0.737,0.7769,0.8121,0.8595,0.8989,0.9414,layer_29,last
373B,Indonesian,xcopa,xcopa_id,0.682,0,0.5,52.0623,7.6582,0.716316,0.3214,0.5958,0.6704,0.7398,0.7798,0.8155,0.8631,0.9021,0.9438,layer_29,last
384B,Indonesian,xcopa,xcopa_id,0.682,0,0.5,50.5841,7.4571,0.71314,0.3279,0.603,0.6742,0.7426,0.7821,0.817,0.864,0.9025,0.9439,layer_29,last
394B,Indonesian,xcopa,xcopa_id,0.678,0,0.5,50.7529,7.7001,0.716895,0.3166,0.6038,0.6749,0.7436,0.7831,0.818,0.8647,0.9032,0.9444,layer_29,last
405B,Indonesian,xcopa,xcopa_id,0.682,0,0.5,50.7283,7.4908,0.710695,0.3253,0.6023,0.6735,0.743,0.782,0.8166,0.8633,0.9019,0.9434,layer_29,last
415B,Indonesian,xcopa,xcopa_id,0.692,0,0.5,50.6178,7.5338,0.723708,0.3247,0.6006,0.6724,0.7424,0.783,0.8186,0.8657,0.9042,0.9453,layer_29,last
426B,Indonesian,xcopa,xcopa_id,0.68,0,0.5,52.6067,7.7308,0.71802,0.3218,0.5954,0.6678,0.7395,0.7803,0.8159,0.8633,0.9022,0.9439,layer_29,last
436B,Indonesian,xcopa,xcopa_id,0.688,0,0.5,53.1554,7.877,0.724359,0.3146,0.5918,0.6655,0.7375,0.779,0.8154,0.8634,0.9027,0.9444,layer_29,last
447B,Indonesian,xcopa,xcopa_id,0.698,0,0.5,56.0505,8.1876,0.717953,0.308,0.5854,0.6593,0.7322,0.7742,0.811,0.8596,0.8996,0.9424,layer_29,last
457B,Indonesian,xcopa,xcopa_id,0.68,0,0.5,57.8132,8.4534,0.707288,0.2956,0.5841,0.6567,0.728,0.7697,0.8062,0.8552,0.8958,0.9397,layer_29,last
468B,Indonesian,xcopa,xcopa_id,0.704,0,0.5,57.0751,8.043,0.712385,0.3139,0.5837,0.6561,0.7279,0.77,0.8068,0.8558,0.8965,0.9404,layer_29,last
478B,Indonesian,xcopa,xcopa_id,0.698,0,0.5,54.7105,7.9365,0.719957,0.3146,0.5897,0.661,0.7333,0.7751,0.8119,0.8605,0.9003,0.9429,layer_29,last
489B,Indonesian,xcopa,xcopa_id,0.69,0,0.5,58.3448,8.3738,0.705405,0.2993,0.583,0.654,0.7258,0.7677,0.8046,0.8542,0.8952,0.9393,layer_29,last
499B,Indonesian,xcopa,xcopa_id,0.694,0,0.5,58.2131,8.2519,0.712831,0.3076,0.5806,0.6533,0.7262,0.7683,0.8055,0.8552,0.8962,0.9402,layer_29,last
510B,Indonesian,xcopa,xcopa_id,0.686,0,0.5,58.7757,8.1473,0.705672,0.3114,0.5809,0.6511,0.7239,0.7662,0.8031,0.8528,0.8941,0.9387,layer_29,last
520B,Indonesian,xcopa,xcopa_id,0.69,0,0.5,59.9762,8.4396,0.70211,0.3018,0.5787,0.6491,0.7225,0.7654,0.8027,0.8525,0.8937,0.9382,layer_29,last
531B,Indonesian,xcopa,xcopa_id,0.67,0,0.5,60.705,8.4665,0.696581,0.2977,0.5781,0.6476,0.7196,0.7626,0.7998,0.8497,0.8914,0.9367,layer_29,last
541B,Indonesian,xcopa,xcopa_id,0.686,0,0.5,58.6273,8.2923,0.708132,0.3066,0.5814,0.6523,0.7249,0.7678,0.8052,0.8548,0.8956,0.9396,layer_29,last
552B,Indonesian,xcopa,xcopa_id,0.672,0,0.5,55.5698,7.8902,0.716015,0.3185,0.5874,0.6582,0.7304,0.7729,0.8101,0.8588,0.8989,0.9419,layer_29,last
562B,Indonesian,xcopa,xcopa_id,0.68,0,0.5,57.5175,8.1535,0.717622,0.3118,0.5818,0.6537,0.7268,0.77,0.8077,0.8574,0.898,0.9415,layer_29,last
573B,Indonesian,xcopa,xcopa_id,0.696,0,0.5,56.6878,8.0391,0.719353,0.3153,0.5841,0.6557,0.7287,0.7715,0.8089,0.8581,0.8985,0.9418,layer_29,last
583B,Indonesian,xcopa,xcopa_id,0.676,0,0.5,59.5471,8.2409,0.711949,0.3105,0.5763,0.6489,0.7223,0.7657,0.8035,0.8535,0.8948,0.9394,layer_29,last
593B,Indonesian,xcopa,xcopa_id,0.694,0,0.5,59.2979,8.3527,0.709507,0.3046,0.5787,0.6497,0.7234,0.7666,0.8042,0.8539,0.895,0.9394,layer_29,last
10B,Italian,xcopa,xcopa_it,0.532,0,0.5,220.4562,20.3769,0.676509,0.1795,0.3815,0.4383,0.5192,0.5802,0.6435,0.7357,0.8123,0.8913,layer_29,last
21B,Italian,xcopa,xcopa_it,0.534,0,0.5,161.8476,14.8415,0.656429,0.1988,0.4393,0.4943,0.565,0.6188,0.6748,0.7555,0.8234,0.8954,layer_29,last
31B,Italian,xcopa,xcopa_it,0.578,0,0.5,110.2991,11.0141,0.654944,0.2328,0.5023,0.5549,0.6196,0.6672,0.7163,0.7862,0.8452,0.9079,layer_29,last
42B,Italian,xcopa,xcopa_it,0.614,0,0.5,99.201,10.633,0.65216,0.2339,0.522,0.5752,0.6395,0.6847,0.7312,0.7971,0.8526,0.9119,layer_29,last
52B,Italian,xcopa,xcopa_it,0.602,0,0.5,86.8629,9.605,0.65334,0.2519,0.5405,0.5941,0.6562,0.6995,0.7436,0.8062,0.8592,0.9159,layer_29,last
63B,Italian,xcopa,xcopa_it,0.618,0,0.5,76.2989,8.695,0.648005,0.2555,0.5632,0.6122,0.671,0.7113,0.753,0.8125,0.8633,0.918,layer_29,last
73B,Italian,xcopa,xcopa_it,0.616,0,0.5,70.483,8.3271,0.649242,0.2663,0.5749,0.6241,0.6814,0.7213,0.7619,0.8194,0.8683,0.921,layer_29,last
84B,Italian,xcopa,xcopa_it,0.618,0,0.5,66.5472,7.9652,0.64746,0.2761,0.5834,0.6326,0.6885,0.7268,0.7661,0.8223,0.8703,0.9221,layer_29,last
94B,Italian,xcopa,xcopa_it,0.616,0,0.5,61.0424,7.5126,0.645416,0.2929,0.5954,0.6465,0.7004,0.7368,0.7744,0.8285,0.8746,0.9245,layer_29,last
105B,Italian,xcopa,xcopa_it,0.616,0,0.5,55.6404,7.0474,0.6447,0.304,0.611,0.6576,0.7096,0.745,0.7814,0.8335,0.8781,0.9265,layer_29,last
115B,Italian,xcopa,xcopa_it,0.62,0,0.5,58.1476,7.1943,0.639137,0.3044,0.6056,0.6527,0.7047,0.7404,0.7771,0.8299,0.8752,0.9244,layer_29,last
126B,Italian,xcopa,xcopa_it,0.618,0,0.5,60.2584,7.2503,0.633697,0.3066,0.6003,0.6488,0.7003,0.7356,0.7719,0.8248,0.8708,0.9215,layer_29,last
136B,Italian,xcopa,xcopa_it,0.64,0,0.5,55.6027,7.5368,0.631331,0.2948,0.6237,0.6691,0.7174,0.7513,0.786,0.8356,0.8785,0.9259,layer_29,last
147B,Italian,xcopa,xcopa_it,0.614,0,0.5,55.5643,7.4343,0.627884,0.3014,0.6236,0.6689,0.7176,0.7507,0.7847,0.834,0.8769,0.9247,layer_29,last
157B,Italian,xcopa,xcopa_it,0.63,0,0.5,54.1161,7.5149,0.621212,0.2918,0.633,0.6744,0.7207,0.7535,0.787,0.8352,0.8775,0.9247,layer_29,last
168B,Italian,xcopa,xcopa_it,0.638,0,0.5,57.0868,7.3926,0.627248,0.2945,0.6186,0.6617,0.7115,0.7451,0.7797,0.83,0.874,0.923,layer_29,last
178B,Italian,xcopa,xcopa_it,0.654,0,0.5,59.2618,7.5371,0.627087,0.2914,0.6115,0.6562,0.7071,0.7418,0.7769,0.8279,0.8724,0.922,layer_29,last
189B,Italian,xcopa,xcopa_it,0.642,0,0.5,55.3875,7.1661,0.619943,0.311,0.6247,0.6666,0.7153,0.7485,0.7819,0.8308,0.874,0.9225,layer_29,last
199B,Italian,xcopa,xcopa_it,0.65,0,0.5,55.5556,7.0889,0.624471,0.3027,0.6215,0.6634,0.7116,0.7453,0.7797,0.8297,0.8735,0.9225,layer_29,last
210B,Italian,xcopa,xcopa_it,0.66,0,0.5,53.9074,6.9229,0.622154,0.3104,0.6256,0.6668,0.7151,0.7485,0.7824,0.8316,0.8747,0.9231,layer_29,last
220B,Italian,xcopa,xcopa_it,0.644,0,0.5,53.2366,6.5033,0.62342,0.3239,0.6217,0.6615,0.7099,0.743,0.7773,0.8276,0.872,0.9216,layer_29,last
231B,Italian,xcopa,xcopa_it,0.634,0,0.5,44.4389,5.7485,0.625169,0.3497,0.6465,0.6821,0.7267,0.7579,0.7904,0.8381,0.8799,0.9266,layer_29,last
241B,Italian,xcopa,xcopa_it,0.658,0,0.5,44.0646,5.7738,0.61977,0.3529,0.651,0.6874,0.7306,0.7607,0.7923,0.8389,0.8799,0.9262,layer_29,last
252B,Italian,xcopa,xcopa_it,0.692,0,0.5,51.1736,6.6971,0.6295,0.3282,0.6317,0.6736,0.7221,0.7557,0.7896,0.8379,0.8797,0.9265,layer_29,last
262B,Italian,xcopa,xcopa_it,0.668,0,0.5,54.8078,6.9236,0.631387,0.3263,0.6199,0.6633,0.7144,0.7492,0.7841,0.8338,0.8769,0.9248,layer_29,last
273B,Italian,xcopa,xcopa_it,0.682,0,0.5,60.352,7.9724,0.628831,0.2994,0.61,0.6567,0.7109,0.7473,0.7831,0.833,0.8759,0.9239,layer_29,last
283B,Italian,xcopa,xcopa_it,0.672,0,0.5,70.7587,8.9033,0.625,0.2756,0.5857,0.6349,0.6926,0.731,0.769,0.8219,0.8674,0.9184,layer_29,last
294B,Italian,xcopa,xcopa_it,0.68,0,0.5,78.5923,9.9389,0.633392,0.2533,0.5669,0.6209,0.6818,0.7229,0.7631,0.8185,0.8657,0.9179,layer_29,last
304B,Italian,xcopa,xcopa_it,0.694,0,0.5,85.3112,10.2882,0.628784,0.2539,0.5528,0.6075,0.672,0.7145,0.7557,0.8122,0.8604,0.9142,layer_29,last
315B,Italian,xcopa,xcopa_it,0.68,0,0.5,81.4512,10.1248,0.629781,0.2551,0.5601,0.616,0.6791,0.7209,0.7611,0.8163,0.8636,0.9163,layer_29,last
325B,Italian,xcopa,xcopa_it,0.676,0,0.5,109.4871,12.5669,0.619279,0.2049,0.5136,0.5725,0.6408,0.6863,0.7304,0.7914,0.8442,0.9036,layer_29,last
334B,Italian,xcopa,xcopa_it,0.678,0,0.5,98.5427,11.5708,0.624966,0.227,0.5278,0.5871,0.6548,0.6996,0.7425,0.8014,0.852,0.9088,layer_29,last
342B,Italian,xcopa,xcopa_it,0.702,0,0.5,104.5076,12.1507,0.623796,0.2159,0.5197,0.5793,0.6473,0.6923,0.7359,0.7961,0.8479,0.9063,layer_29,last
352B,Italian,xcopa,xcopa_it,0.67,0,0.5,107.3297,12.5311,0.627756,0.2118,0.5144,0.5743,0.6443,0.6905,0.7349,0.7959,0.8483,0.9068,layer_29,last
363B,Italian,xcopa,xcopa_it,0.654,0,0.5,117.4411,13.4038,0.627107,0.195,0.4973,0.5591,0.632,0.6801,0.7261,0.7891,0.8431,0.9036,layer_29,last
373B,Italian,xcopa,xcopa_it,0.7,0,0.5,122.3329,13.8747,0.630112,0.1929,0.4899,0.5525,0.6261,0.6752,0.7223,0.7867,0.8416,0.9029,layer_29,last
384B,Italian,xcopa,xcopa_it,0.686,0,0.5,118.7953,13.6043,0.627962,0.2006,0.4957,0.5578,0.6307,0.6795,0.7259,0.7892,0.8432,0.9036,layer_29,last
394B,Italian,xcopa,xcopa_it,0.7,0,0.5,115.348,13.3219,0.631023,0.2031,0.5004,0.562,0.6347,0.6831,0.7292,0.7919,0.8454,0.9052,layer_29,last
405B,Italian,xcopa,xcopa_it,0.68,0,0.5,122.0121,13.9798,0.628778,0.1966,0.4913,0.5533,0.628,0.6771,0.7237,0.7874,0.8419,0.9029,layer_29,last
415B,Italian,xcopa,xcopa_it,0.71,0,0.5,116.3719,13.3903,0.634048,0.2049,0.4957,0.5585,0.6336,0.6828,0.7294,0.7926,0.8462,0.9059,layer_29,last
426B,Italian,xcopa,xcopa_it,0.712,0,0.5,120.5595,13.846,0.630696,0.1999,0.4912,0.5541,0.6296,0.6793,0.726,0.7895,0.8436,0.904,layer_29,last
436B,Italian,xcopa,xcopa_it,0.694,0,0.5,127.231,14.6417,0.634908,0.1923,0.4803,0.545,0.6226,0.6735,0.7216,0.7868,0.842,0.9034,layer_29,last
447B,Italian,xcopa,xcopa_it,0.692,0,0.5,128.7563,14.5261,0.627815,0.1944,0.4801,0.5444,0.6205,0.6711,0.7188,0.7834,0.8388,0.9008,layer_29,last
457B,Italian,xcopa,xcopa_it,0.682,0,0.5,131.5734,14.6155,0.624277,0.1957,0.4766,0.5406,0.6178,0.6682,0.7157,0.7805,0.8363,0.899,layer_29,last
468B,Italian,xcopa,xcopa_it,0.688,0,0.5,132.3078,14.6807,0.625895,0.1952,0.475,0.5387,0.6164,0.6674,0.7153,0.7805,0.8364,0.8992,layer_29,last
478B,Italian,xcopa,xcopa_it,0.696,0,0.5,131.5376,14.6409,0.630826,0.1987,0.4731,0.5388,0.6171,0.6685,0.7168,0.7824,0.8383,0.9008,layer_29,last
489B,Italian,xcopa,xcopa_it,0.698,0,0.5,132.5589,14.7355,0.625361,0.1955,0.4737,0.538,0.6162,0.6677,0.7159,0.7811,0.8369,0.8994,layer_29,last
499B,Italian,xcopa,xcopa_it,0.69,0,0.5,138.1386,15.2433,0.627103,0.1931,0.4664,0.5312,0.6105,0.6627,0.7115,0.7778,0.8345,0.8981,layer_29,last
510B,Italian,xcopa,xcopa_it,0.704,0,0.5,132.2788,14.6054,0.625775,0.1979,0.4737,0.5381,0.6161,0.6675,0.7157,0.7807,0.8365,0.8992,layer_29,last
520B,Italian,xcopa,xcopa_it,0.718,0,0.5,135.1607,14.9047,0.624766,0.1957,0.4694,0.5338,0.6134,0.6655,0.7142,0.7795,0.8356,0.8986,layer_29,last
531B,Italian,xcopa,xcopa_it,0.704,0,0.5,137.2977,15.0337,0.620745,0.192,0.4686,0.5326,0.611,0.6629,0.7114,0.7767,0.833,0.8967,layer_29,last
541B,Italian,xcopa,xcopa_it,0.7,0,0.5,132.3391,14.7143,0.628644,0.1972,0.4723,0.536,0.6157,0.6683,0.7171,0.7824,0.838,0.9003,layer_29,last
552B,Italian,xcopa,xcopa_it,0.698,0,0.5,129.2514,14.3829,0.630617,0.2029,0.4753,0.5391,0.6187,0.6712,0.7198,0.7848,0.8399,0.9016,layer_29,last
562B,Italian,xcopa,xcopa_it,0.706,0,0.5,130.3531,14.6168,0.632965,0.2014,0.4727,0.5382,0.6182,0.6707,0.7196,0.7851,0.8404,0.9021,layer_29,last
573B,Italian,xcopa,xcopa_it,0.706,0,0.5,132.1093,14.6909,0.631818,0.2017,0.4711,0.5359,0.6162,0.6688,0.7178,0.7832,0.8389,0.9011,layer_29,last
583B,Italian,xcopa,xcopa_it,0.706,0,0.5,134.8506,14.9069,0.628689,0.1989,0.4681,0.5331,0.6134,0.6663,0.7152,0.7809,0.8369,0.8996,layer_29,last
593B,Italian,xcopa,xcopa_it,0.702,0,0.5,134.2179,14.8163,0.628976,0.2003,0.4685,0.5331,0.6138,0.6668,0.7158,0.7815,0.8374,0.9,layer_29,last
10B,Turkish,xcopa,xcopa_tr,0.542,0,0.5,134.3972,11.5191,0.717867,0.2766,0.4482,0.509,0.5811,0.6377,0.6976,0.7833,0.8499,0.9158,layer_29,last
21B,Turkish,xcopa,xcopa_tr,0.552,0,0.5,89.4355,8.5305,0.702521,0.3194,0.5213,0.5744,0.6376,0.6869,0.738,0.8095,0.8661,0.9233,layer_29,last
31B,Turkish,xcopa,xcopa_tr,0.572,0,0.5,72.7469,8.0388,0.702961,0.324,0.5547,0.611,0.6732,0.7187,0.7651,0.8294,0.8799,0.931,layer_29,last
42B,Turkish,xcopa,xcopa_tr,0.564,0,0.5,67.7061,8.5872,0.699672,0.3005,0.5687,0.6293,0.6931,0.7369,0.7799,0.8394,0.8865,0.9344,layer_29,last
52B,Turkish,xcopa,xcopa_tr,0.556,0,0.5,55.9815,7.4066,0.703051,0.3275,0.6014,0.6548,0.7131,0.7535,0.7939,0.8497,0.8939,0.9388,layer_29,last
63B,Turkish,xcopa,xcopa_tr,0.56,0,0.5,47.1481,6.6146,0.697622,0.3493,0.6277,0.6791,0.7333,0.7706,0.8077,0.8592,0.9002,0.9422,layer_29,last
73B,Turkish,xcopa,xcopa_tr,0.55,0,0.5,45.8619,6.5729,0.700096,0.3505,0.6314,0.6831,0.7385,0.776,0.8127,0.8629,0.9028,0.9437,layer_29,last
84B,Turkish,xcopa,xcopa_tr,0.572,0,0.5,41.9645,6.2345,0.699474,0.3616,0.6469,0.6962,0.749,0.7847,0.82,0.8682,0.9065,0.9459,layer_29,last
94B,Turkish,xcopa,xcopa_tr,0.578,0,0.5,40.6369,6.2235,0.694992,0.3566,0.654,0.7019,0.754,0.7887,0.8229,0.8699,0.9076,0.9463,layer_29,last
105B,Turkish,xcopa,xcopa_tr,0.582,0,0.5,35.2987,5.3377,0.695177,0.4006,0.6697,0.7155,0.7645,0.7978,0.8305,0.8753,0.9113,0.9485,layer_29,last
115B,Turkish,xcopa,xcopa_tr,0.596,0,0.5,35.2037,5.1014,0.689742,0.416,0.6667,0.713,0.7626,0.796,0.829,0.8742,0.9104,0.9477,layer_29,last
126B,Turkish,xcopa,xcopa_tr,0.572,0,0.5,33.787,4.7986,0.681304,0.4324,0.6732,0.7168,0.7633,0.7952,0.8271,0.8717,0.9081,0.9461,layer_29,last
136B,Turkish,xcopa,xcopa_tr,0.578,0,0.5,32.6832,5.0838,0.677463,0.4135,0.6847,0.7285,0.775,0.8062,0.8368,0.8789,0.9129,0.9486,layer_29,last
147B,Turkish,xcopa,xcopa_tr,0.582,0,0.5,34.0184,5.2481,0.675086,0.4054,0.6821,0.7247,0.7713,0.8025,0.833,0.8755,0.9103,0.947,layer_29,last
157B,Turkish,xcopa,xcopa_tr,0.572,0,0.5,35.9758,5.4346,0.665894,0.3965,0.6749,0.7181,0.766,0.7974,0.8284,0.8715,0.9071,0.9447,layer_29,last
168B,Turkish,xcopa,xcopa_tr,0.586,0,0.5,37.2759,5.5662,0.676476,0.3895,0.6685,0.7128,0.7608,0.7932,0.8254,0.87,0.9066,0.9449,layer_29,last
178B,Turkish,xcopa,xcopa_tr,0.576,0,0.5,33.5352,4.9547,0.673002,0.4204,0.6809,0.7213,0.7679,0.7991,0.8298,0.8726,0.9081,0.9457,layer_29,last
189B,Turkish,xcopa,xcopa_tr,0.574,0,0.5,31.3076,4.5962,0.664931,0.4428,0.6871,0.7292,0.7732,0.8032,0.8329,0.8746,0.9091,0.9459,layer_29,last
199B,Turkish,xcopa,xcopa_tr,0.592,0,0.5,27.0441,4.1112,0.670139,0.4722,0.7047,0.7425,0.7842,0.813,0.8415,0.8815,0.9145,0.9493,layer_29,last
210B,Turkish,xcopa,xcopa_tr,0.588,0,0.5,26.7691,4.1211,0.67033,0.4724,0.7068,0.7452,0.7874,0.8157,0.844,0.8832,0.9155,0.9499,layer_29,last
220B,Turkish,xcopa,xcopa_tr,0.592,0,0.5,22.2747,3.5226,0.671001,0.5167,0.7251,0.7591,0.7974,0.8239,0.8506,0.8881,0.9193,0.9523,layer_29,last
231B,Turkish,xcopa,xcopa_tr,0.588,0,0.5,19.9996,3.2409,0.671768,0.5416,0.7346,0.7673,0.8039,0.8295,0.8553,0.8919,0.9221,0.954,layer_29,last
241B,Turkish,xcopa,xcopa_tr,0.596,0,0.5,18.8081,3.2462,0.666892,0.5389,0.7462,0.7793,0.8143,0.8385,0.8628,0.8969,0.9253,0.9557,layer_29,last
252B,Turkish,xcopa,xcopa_tr,0.6,0,0.5,20.645,3.4965,0.681608,0.5206,0.7351,0.7724,0.8123,0.839,0.8649,0.8998,0.928,0.9576,layer_29,last
262B,Turkish,xcopa,xcopa_tr,0.608,0,0.5,24.0014,3.84,0.684901,0.4944,0.7156,0.7554,0.7993,0.8277,0.8555,0.893,0.9232,0.9549,layer_29,last
273B,Turkish,xcopa,xcopa_tr,0.616,0,0.5,26.9394,4.3763,0.680474,0.4574,0.7062,0.7487,0.7954,0.8255,0.8541,0.8916,0.9218,0.9538,layer_29,last
283B,Turkish,xcopa,xcopa_tr,0.604,0,0.5,30.9143,4.7383,0.678915,0.4379,0.686,0.7322,0.7813,0.8133,0.844,0.8844,0.9167,0.9507,layer_29,last
294B,Turkish,xcopa,xcopa_tr,0.596,0,0.5,35.3627,5.3921,0.686297,0.4045,0.6684,0.7173,0.7705,0.805,0.838,0.881,0.9149,0.9499,layer_29,last
304B,Turkish,xcopa,xcopa_tr,0.608,0,0.5,38.9793,5.9465,0.684805,0.3794,0.6547,0.7071,0.7634,0.7996,0.8337,0.8775,0.9119,0.9479,layer_29,last
315B,Turkish,xcopa,xcopa_tr,0.606,0,0.5,37.7504,5.7503,0.681947,0.3877,0.6602,0.7104,0.766,0.8014,0.8346,0.8778,0.912,0.9479,layer_29,last
325B,Turkish,xcopa,xcopa_tr,0.622,0,0.5,52.7859,7.1076,0.664253,0.3435,0.6127,0.6674,0.7286,0.7682,0.8056,0.8548,0.8945,0.9367,layer_29,last
334B,Turkish,xcopa,xcopa_tr,0.622,0,0.5,47.9375,6.602,0.675395,0.3593,0.6224,0.6779,0.7387,0.7777,0.8145,0.8623,0.9005,0.9408,layer_29,last
342B,Turkish,xcopa,xcopa_tr,0.626,0,0.5,51.1643,7.0076,0.672288,0.3454,0.6159,0.6712,0.7322,0.7718,0.8091,0.8579,0.8971,0.9387,layer_29,last
352B,Turkish,xcopa,xcopa_tr,0.616,0,0.5,49.3912,6.8455,0.673491,0.3506,0.6206,0.6753,0.7364,0.7756,0.8126,0.8607,0.8993,0.9401,layer_29,last
363B,Turkish,xcopa,xcopa_tr,0.616,0,0.5,58.307,7.7721,0.672569,0.3255,0.5943,0.6526,0.7187,0.7608,0.8002,0.8514,0.8924,0.9359,layer_29,last
373B,Turkish,xcopa,xcopa_tr,0.62,0,0.5,55.0332,7.5002,0.683839,0.3322,0.5996,0.6589,0.7249,0.7671,0.8068,0.8577,0.8978,0.9397,layer_29,last
384B,Turkish,xcopa,xcopa_tr,0.6,0,0.5,55.2094,7.4531,0.680155,0.333,0.6005,0.6584,0.7237,0.7657,0.8051,0.8561,0.8964,0.9386,layer_29,last
394B,Turkish,xcopa,xcopa_tr,0.596,0,0.5,53.6692,7.5732,0.684341,0.3262,0.6064,0.6648,0.7291,0.7705,0.8093,0.8595,0.8991,0.9404,layer_29,last
405B,Turkish,xcopa,xcopa_tr,0.616,0,0.5,55.7155,7.6005,0.679431,0.3277,0.6001,0.658,0.7237,0.7657,0.8049,0.8556,0.8959,0.9383,layer_29,last
415B,Turkish,xcopa,xcopa_tr,0.598,0,0.5,54.0255,7.4615,0.687786,0.3318,0.6017,0.6618,0.7271,0.7694,0.809,0.8596,0.8993,0.9407,layer_29,last
426B,Turkish,xcopa,xcopa_tr,0.604,0,0.5,56.6517,7.7315,0.683928,0.3241,0.5958,0.655,0.7216,0.7646,0.8047,0.8562,0.8967,0.9389,layer_29,last
436B,Turkish,xcopa,xcopa_tr,0.614,0,0.5,58.0695,7.8286,0.685018,0.322,0.5902,0.6505,0.7184,0.7622,0.8027,0.8548,0.8958,0.9385,layer_29,last
447B,Turkish,xcopa,xcopa_tr,0.618,0,0.5,61.4675,8.0611,0.681572,0.3179,0.5806,0.6423,0.7115,0.756,0.7972,0.8501,0.892,0.9361,layer_29,last
457B,Turkish,xcopa,xcopa_tr,0.61,0,0.5,60.3245,7.9132,0.674451,0.321,0.5854,0.6466,0.7138,0.7573,0.7977,0.8498,0.8914,0.9353,layer_29,last
468B,Turkish,xcopa,xcopa_tr,0.6,0,0.5,61.8005,7.9147,0.678384,0.3229,0.5793,0.6404,0.7093,0.7539,0.7954,0.8485,0.8906,0.9351,layer_29,last
478B,Turkish,xcopa,xcopa_tr,0.616,0,0.5,60.618,7.9054,0.683653,0.3218,0.5811,0.6424,0.7118,0.7569,0.7985,0.8514,0.8931,0.9368,layer_29,last
489B,Turkish,xcopa,xcopa_tr,0.614,0,0.5,62.4889,8.0026,0.674912,0.3203,0.5784,0.6396,0.7082,0.7528,0.7942,0.8476,0.8899,0.9345,layer_29,last
499B,Turkish,xcopa,xcopa_tr,0.62,0,0.5,63.0599,8.0666,0.680116,0.3183,0.5749,0.6365,0.7067,0.7522,0.7941,0.8478,0.8904,0.935,layer_29,last
510B,Turkish,xcopa,xcopa_tr,0.624,0,0.5,64.0848,8.0725,0.67358,0.3192,0.5735,0.6353,0.7047,0.7498,0.7915,0.8451,0.8879,0.9332,layer_29,last
520B,Turkish,xcopa,xcopa_tr,0.624,0,0.5,64.1586,8.111,0.670825,0.3174,0.5728,0.6354,0.7048,0.7502,0.7918,0.8453,0.8879,0.933,layer_29,last
531B,Turkish,xcopa,xcopa_tr,0.618,0,0.5,65.8805,8.0948,0.665532,0.3193,0.57,0.6316,0.7006,0.7457,0.7872,0.841,0.8843,0.9306,layer_29,last
541B,Turkish,xcopa,xcopa_tr,0.61,0,0.5,63.0857,7.8933,0.673829,0.3238,0.5746,0.6357,0.7051,0.7505,0.7925,0.8461,0.8885,0.9335,layer_29,last
552B,Turkish,xcopa,xcopa_tr,0.616,0,0.5,61.3533,7.7553,0.679888,0.3277,0.5769,0.6381,0.7085,0.754,0.796,0.8493,0.8913,0.9355,layer_29,last
562B,Turkish,xcopa,xcopa_tr,0.636,0,0.5,63.5131,7.9667,0.680925,0.3227,0.5707,0.6333,0.7047,0.7507,0.7933,0.8475,0.8902,0.9349,layer_29,last
573B,Turkish,xcopa,xcopa_tr,0.638,0,0.5,64.034,8.0755,0.682061,0.3188,0.5696,0.6325,0.7041,0.7501,0.7928,0.8471,0.8898,0.9347,layer_29,last
583B,Turkish,xcopa,xcopa_tr,0.634,0,0.5,64.9359,8.1564,0.677306,0.3167,0.5685,0.6311,0.7026,0.7489,0.7915,0.8455,0.8883,0.9336,layer_29,last
593B,Turkish,xcopa,xcopa_tr,0.644,0,0.5,65.0954,8.2362,0.676692,0.3133,0.569,0.6319,0.7027,0.7486,0.791,0.8453,0.8883,0.9335,layer_29,last
10B,Vietnamese,xcopa,xcopa_vi,0.568,0,0.5,81.068,7.2288,0.864244,0.3593,0.5174,0.5668,0.628,0.6779,0.7366,0.8208,0.8837,0.9429,layer_29,last
21B,Vietnamese,xcopa,xcopa_vi,0.592,0,0.5,55.5164,5.793,0.858849,0.4008,0.5811,0.6334,0.6873,0.7279,0.7719,0.8392,0.8936,0.9471,layer_29,last
31B,Vietnamese,xcopa,xcopa_vi,0.624,0,0.5,39.387,5.1556,0.874641,0.4152,0.6354,0.687,0.7356,0.7703,0.8069,0.8628,0.9092,0.9552,layer_29,last
42B,Vietnamese,xcopa,xcopa_vi,0.622,0,0.5,38.9646,5.3993,0.878279,0.3983,0.6398,0.6923,0.741,0.7757,0.8121,0.8668,0.9118,0.9566,layer_29,last
52B,Vietnamese,xcopa,xcopa_vi,0.612,0,0.5,35.9513,4.8632,0.873869,0.4306,0.6465,0.6984,0.7471,0.7818,0.8169,0.87,0.9136,0.9573,layer_29,last
63B,Vietnamese,xcopa,xcopa_vi,0.626,0,0.5,26.1053,4.2222,0.868122,0.4495,0.696,0.7385,0.779,0.8078,0.8381,0.8843,0.9228,0.9616,layer_29,last
73B,Vietnamese,xcopa,xcopa_vi,0.642,0,0.5,26.6542,4.4799,0.867128,0.4274,0.6993,0.7408,0.7824,0.8106,0.8398,0.8848,0.9231,0.9618,layer_29,last
84B,Vietnamese,xcopa,xcopa_vi,0.632,0,0.5,27.9777,4.316,0.862876,0.4551,0.688,0.7337,0.776,0.8055,0.8357,0.882,0.9211,0.9607,layer_29,last
94B,Vietnamese,xcopa,xcopa_vi,0.66,0,0.5,23.7573,4.0241,0.85511,0.4641,0.7083,0.7521,0.7912,0.8187,0.847,0.8903,0.9266,0.9632,layer_29,last
105B,Vietnamese,xcopa,xcopa_vi,0.636,0,0.5,21.2051,3.5656,0.848933,0.5054,0.7213,0.7601,0.7969,0.8227,0.8503,0.8926,0.9279,0.9638,layer_29,last
115B,Vietnamese,xcopa,xcopa_vi,0.65,0,0.5,21.1462,3.5421,0.842422,0.5104,0.7196,0.7622,0.8005,0.8263,0.8529,0.8937,0.9284,0.9638,layer_29,last
126B,Vietnamese,xcopa,xcopa_vi,0.682,0,0.5,23.7653,3.6349,0.828795,0.5077,0.7045,0.7482,0.7857,0.8122,0.8402,0.8842,0.9217,0.9601,layer_29,last
136B,Vietnamese,xcopa,xcopa_vi,0.656,0,0.5,21.0531,3.5233,0.810459,0.5132,0.7218,0.7667,0.8023,0.8271,0.8534,0.8934,0.9274,0.9624,layer_29,last
147B,Vietnamese,xcopa,xcopa_vi,0.652,0,0.5,23.1511,3.7959,0.821373,0.4908,0.7143,0.7585,0.7945,0.8199,0.847,0.8887,0.9243,0.9611,layer_29,last
157B,Vietnamese,xcopa,xcopa_vi,0.66,0,0.5,23.7525,3.9803,0.789941,0.4709,0.7159,0.7588,0.7946,0.8198,0.8461,0.8867,0.9219,0.9589,layer_29,last
168B,Vietnamese,xcopa,xcopa_vi,0.662,0,0.5,26.3985,4.0792,0.810963,0.4699,0.6973,0.7418,0.7808,0.8078,0.836,0.8798,0.9179,0.9577,layer_29,last
178B,Vietnamese,xcopa,xcopa_vi,0.672,0,0.5,19.472,3.716,0.803623,0.4727,0.7408,0.7779,0.8114,0.8343,0.8583,0.8954,0.9282,0.9628,layer_29,last
189B,Vietnamese,xcopa,xcopa_vi,0.688,0,0.5,21.4176,3.4504,0.770661,0.5193,0.7196,0.7626,0.7969,0.8211,0.8469,0.8867,0.9214,0.9581,layer_29,last
199B,Vietnamese,xcopa,xcopa_vi,0.696,0,0.5,18.6863,3.2249,0.790165,0.5354,0.7357,0.7727,0.8061,0.8291,0.8543,0.893,0.9264,0.9614,layer_29,last
210B,Vietnamese,xcopa,xcopa_vi,0.668,0,0.5,22.5017,3.5495,0.791875,0.5124,0.7133,0.7564,0.7932,0.8184,0.8443,0.8841,0.9199,0.9581,layer_29,last
220B,Vietnamese,xcopa,xcopa_vi,0.688,0,0.5,21.6574,3.3151,0.79251,0.5356,0.7163,0.7549,0.7902,0.8156,0.8423,0.8838,0.9202,0.9582,layer_29,last
231B,Vietnamese,xcopa,xcopa_vi,0.696,0,0.5,19.6457,3.1661,0.794687,0.5482,0.7276,0.7657,0.8001,0.824,0.8492,0.8884,0.9232,0.9599,layer_29,last
241B,Vietnamese,xcopa,xcopa_vi,0.68,0,0.5,19.1818,3.7783,0.778648,0.4575,0.7463,0.7815,0.8136,0.8356,0.8587,0.8946,0.9269,0.9614,layer_29,last
252B,Vietnamese,xcopa,xcopa_vi,0.708,0,0.5,23.0273,3.8603,0.804425,0.4848,0.7137,0.7605,0.8007,0.8264,0.8521,0.8902,0.9243,0.9606,layer_29,last
262B,Vietnamese,xcopa,xcopa_vi,0.718,0,0.5,23.9098,3.8896,0.809972,0.4853,0.7073,0.7552,0.7967,0.8234,0.8495,0.8884,0.9231,0.9602,layer_29,last
273B,Vietnamese,xcopa,xcopa_vi,0.696,0,0.5,24.4378,3.6933,0.788838,0.5074,0.6986,0.7493,0.7923,0.8195,0.8467,0.8865,0.9214,0.9586,layer_29,last
283B,Vietnamese,xcopa,xcopa_vi,0.706,0,0.5,28.1074,4.1016,0.787206,0.4784,0.6833,0.7366,0.7815,0.81,0.8382,0.8798,0.9166,0.9559,layer_29,last
294B,Vietnamese,xcopa,xcopa_vi,0.71,0,0.5,30.7377,4.5843,0.794586,0.4459,0.6747,0.7301,0.777,0.8072,0.8365,0.8794,0.9167,0.9562,layer_29,last
304B,Vietnamese,xcopa,xcopa_vi,0.712,0,0.5,32.7618,4.7551,0.80012,0.4379,0.6645,0.7222,0.7714,0.8019,0.832,0.8756,0.914,0.955,layer_29,last
315B,Vietnamese,xcopa,xcopa_vi,0.694,0,0.5,32.4233,4.6514,0.795256,0.444,0.6657,0.7217,0.7707,0.8015,0.8315,0.8748,0.9132,0.9543,layer_29,last
325B,Vietnamese,xcopa,xcopa_vi,0.712,0,0.5,44.6004,6.1371,0.754922,0.3623,0.6294,0.6861,0.7395,0.7732,0.8061,0.8539,0.8969,0.944,layer_29,last
334B,Vietnamese,xcopa,xcopa_vi,0.712,0,0.5,38.6079,5.5026,0.779807,0.3946,0.6456,0.7042,0.7548,0.7875,0.8192,0.8649,0.9056,0.9498,layer_29,last
342B,Vietnamese,xcopa,xcopa_vi,0.718,0,0.5,40.0969,5.7912,0.775748,0.3767,0.6433,0.7013,0.7519,0.7845,0.8164,0.8627,0.9039,0.9487,layer_29,last
352B,Vietnamese,xcopa,xcopa_vi,0.7,0,0.5,42.4452,5.7806,0.770623,0.3878,0.6326,0.6929,0.7454,0.779,0.8116,0.859,0.9012,0.9471,layer_29,last
363B,Vietnamese,xcopa,xcopa_vi,0.718,0,0.5,48.0474,6.5922,0.764552,0.3477,0.6159,0.6785,0.733,0.7683,0.8031,0.8527,0.8966,0.9443,layer_29,last
373B,Vietnamese,xcopa,xcopa_vi,0.726,0,0.5,43.3621,6.2772,0.783975,0.3551,0.6308,0.6906,0.7453,0.7803,0.814,0.8619,0.9039,0.9491,layer_29,last
384B,Vietnamese,xcopa,xcopa_vi,0.716,0,0.5,40.4456,6.1018,0.77555,0.3493,0.6438,0.6993,0.7526,0.7864,0.8188,0.8648,0.9056,0.9496,layer_29,last
394B,Vietnamese,xcopa,xcopa_vi,0.71,0,0.5,42.8453,6.1774,0.779512,0.3609,0.6362,0.6924,0.7466,0.7804,0.8136,0.8609,0.9029,0.9484,layer_29,last
405B,Vietnamese,xcopa,xcopa_vi,0.722,0,0.5,45.7374,6.0726,0.781058,0.3759,0.6203,0.68,0.7363,0.7721,0.8066,0.8559,0.8996,0.9466,layer_29,last
415B,Vietnamese,xcopa,xcopa_vi,0.732,0,0.5,42.0513,6.0592,0.793557,0.371,0.6339,0.6938,0.7494,0.7847,0.8181,0.8649,0.9063,0.9507,layer_29,last
426B,Vietnamese,xcopa,xcopa_vi,0.734,0,0.5,45.6039,5.995,0.783325,0.3829,0.6206,0.6797,0.7373,0.7732,0.8078,0.8568,0.9003,0.9471,layer_29,last
436B,Vietnamese,xcopa,xcopa_vi,0.736,0,0.5,45.4128,6.1549,0.792835,0.3743,0.6213,0.6807,0.7387,0.7758,0.8108,0.8599,0.903,0.9489,layer_29,last
447B,Vietnamese,xcopa,xcopa_vi,0.736,0,0.5,47.7842,6.4041,0.787082,0.3646,0.6161,0.6755,0.7332,0.7703,0.8058,0.8556,0.8996,0.9468,layer_29,last
457B,Vietnamese,xcopa,xcopa_vi,0.724,0,0.5,51.1876,6.7799,0.771666,0.3481,0.6097,0.6675,0.7262,0.7632,0.7987,0.8493,0.8945,0.9434,layer_29,last
468B,Vietnamese,xcopa,xcopa_vi,0.706,0,0.5,50.318,6.716,0.774569,0.3485,0.6122,0.6695,0.7274,0.7644,0.7998,0.8502,0.8952,0.944,layer_29,last
478B,Vietnamese,xcopa,xcopa_vi,0.71,0,0.5,49.764,6.4604,0.792112,0.3657,0.6086,0.6669,0.7275,0.7656,0.802,0.8534,0.8983,0.9464,layer_29,last
489B,Vietnamese,xcopa,xcopa_vi,0.722,0,0.5,49.8427,6.8494,0.770725,0.3351,0.6153,0.6703,0.7289,0.7659,0.8012,0.8515,0.896,0.9442,layer_29,last
499B,Vietnamese,xcopa,xcopa_vi,0.712,0,0.5,52.8077,6.8449,0.779261,0.3481,0.6042,0.6606,0.721,0.759,0.7956,0.848,0.8941,0.9436,layer_29,last
510B,Vietnamese,xcopa,xcopa_vi,0.724,0,0.5,52.2243,6.7193,0.764642,0.3526,0.6065,0.6635,0.7219,0.7593,0.7953,0.8466,0.8923,0.9419,layer_29,last
520B,Vietnamese,xcopa,xcopa_vi,0.73,0,0.5,50.5181,7.1079,0.759235,0.3175,0.6178,0.671,0.7291,0.7652,0.8,0.8496,0.8941,0.9426,layer_29,last
531B,Vietnamese,xcopa,xcopa_vi,0.706,0,0.5,50.7298,6.9572,0.750515,0.3215,0.6178,0.6683,0.7258,0.7623,0.797,0.8466,0.8915,0.9408,layer_29,last
541B,Vietnamese,xcopa,xcopa_vi,0.718,0,0.5,51.1369,6.7933,0.761281,0.3459,0.611,0.6662,0.726,0.7636,0.7991,0.8493,0.8939,0.9427,layer_29,last
552B,Vietnamese,xcopa,xcopa_vi,0.724,0,0.5,48.5637,6.6554,0.775724,0.3474,0.6181,0.6723,0.7319,0.7691,0.8045,0.8541,0.898,0.9455,layer_29,last
562B,Vietnamese,xcopa,xcopa_vi,0.724,0,0.5,50.9449,6.6408,0.776387,0.3558,0.6086,0.6646,0.725,0.7631,0.7993,0.8505,0.8956,0.9443,layer_29,last
573B,Vietnamese,xcopa,xcopa_vi,0.73,0,0.5,50.5718,6.6307,0.784112,0.357,0.6081,0.6651,0.7267,0.7648,0.801,0.8519,0.8969,0.9453,layer_29,last
583B,Vietnamese,xcopa,xcopa_vi,0.698,0,0.5,50.4932,6.8161,0.773931,0.3409,0.6123,0.6671,0.727,0.7646,0.8002,0.8505,0.8953,0.944,layer_29,last
593B,Vietnamese,xcopa,xcopa_vi,0.712,0,0.5,52.7925,6.9043,0.768579,0.344,0.6053,0.6607,0.7215,0.76,0.7963,0.8477,0.8932,0.9426,layer_29,last
