checkpoint,dataset,layer,aggregation,rankme,pr,alpha_req,top_1_var,top_5_var,top_10_var,top_25_var,top_50_var,top_100_var,top_250_var,top_500_var,top_1000_var
10B,English,layer_0,last,166.115,25.7605,1.292614,0.1808,0.2926,0.3522,0.4673,0.582,0.7165,0.8752,0.9527,0.9865
10B,English,layer_1,last,219.4165,28.309,1.073115,0.1747,0.2717,0.3238,0.4278,0.5334,0.6613,0.8249,0.9184,0.9708
10B,English,layer_2,last,237.0938,30.2344,0.991134,0.1671,0.2706,0.3287,0.431,0.5319,0.6533,0.8092,0.9021,0.9603
10B,English,layer_3,last,201.0127,24.8923,0.944706,0.1661,0.3306,0.3832,0.4751,0.5637,0.6703,0.8089,0.8951,0.9544
10B,English,layer_4,last,174.592,19.1474,0.915463,0.1933,0.3675,0.4169,0.5025,0.583,0.6799,0.8076,0.8897,0.9502
10B,English,layer_5,last,185.1447,19.2221,0.891167,0.1973,0.3627,0.4128,0.4979,0.576,0.6696,0.7948,0.8784,0.9435
10B,English,layer_6,last,207.4846,21.2771,0.873964,0.1881,0.3476,0.3995,0.4839,0.5617,0.6546,0.7804,0.8666,0.9369
10B,English,layer_7,last,248.6405,25.2129,0.854814,0.1751,0.3187,0.3708,0.4567,0.5355,0.6291,0.7602,0.8518,0.9285
10B,English,layer_8,last,281.3967,28.1237,0.836989,0.1676,0.3002,0.3537,0.4398,0.5176,0.6102,0.743,0.8386,0.9208
10B,English,layer_9,last,318.7294,31.1347,0.818709,0.1617,0.2805,0.3345,0.4209,0.4973,0.5896,0.7261,0.8257,0.913
10B,English,layer_10,last,346.9329,34.1962,0.802914,0.1546,0.2667,0.3199,0.4071,0.4851,0.5781,0.7168,0.8174,0.9072
10B,English,layer_11,last,368.5841,34.1344,0.782952,0.1566,0.2622,0.3145,0.4008,0.4755,0.5642,0.7011,0.8047,0.899
10B,English,layer_12,last,390.6196,36.1077,0.771437,0.1526,0.2534,0.304,0.39,0.4656,0.5556,0.6943,0.7989,0.8947
10B,English,layer_13,last,418.4351,39.0617,0.759206,0.146,0.2449,0.2958,0.3817,0.456,0.5443,0.6825,0.7893,0.8885
10B,English,layer_14,last,448.6301,43.2603,0.742683,0.1364,0.2399,0.2925,0.3776,0.449,0.533,0.6678,0.7766,0.8803
10B,English,layer_15,last,479.1883,49.0568,0.734639,0.126,0.2295,0.2824,0.3689,0.4409,0.525,0.6597,0.7699,0.8758
10B,English,layer_16,last,511.6551,55.9694,0.724785,0.1149,0.2208,0.2743,0.361,0.4329,0.5163,0.6503,0.7617,0.8703
10B,English,layer_17,last,544.5012,63.2322,0.715007,0.1049,0.2129,0.2658,0.3532,0.4253,0.508,0.6406,0.7529,0.8644
10B,English,layer_18,last,567.5281,69.6373,0.706899,0.097,0.2068,0.2602,0.3488,0.4214,0.5037,0.6349,0.7471,0.8602
10B,English,layer_19,last,589.3175,75.8923,0.69847,0.0887,0.203,0.2566,0.345,0.417,0.4984,0.6286,0.7411,0.8558
10B,English,layer_20,last,613.178,82.0266,0.688325,0.0822,0.1974,0.2529,0.3411,0.4124,0.4932,0.6218,0.7342,0.8505
10B,English,layer_21,last,648.9948,89.9433,0.676564,0.0753,0.1906,0.2467,0.3337,0.4044,0.4843,0.6109,0.7238,0.843
10B,English,layer_22,last,664.9357,95.3857,0.671124,0.0693,0.1884,0.2448,0.3309,0.4016,0.481,0.6066,0.7198,0.84
10B,English,layer_23,last,682.1941,100.4529,0.666976,0.0645,0.1851,0.2404,0.3267,0.3979,0.4776,0.6027,0.7162,0.8372
10B,English,layer_24,last,672.356,99.877,0.666352,0.0643,0.1864,0.242,0.329,0.4016,0.4824,0.607,0.7191,0.8385
10B,English,layer_25,last,666.8881,102.5607,0.668326,0.065,0.1831,0.2389,0.3292,0.4049,0.4878,0.613,0.7237,0.8409
10B,English,layer_26,last,625.2971,98.9687,0.676728,0.0689,0.1833,0.2415,0.3391,0.42,0.5063,0.6313,0.7382,0.8497
10B,English,layer_27,last,581.131,89.8838,0.681842,0.0743,0.1908,0.2506,0.3519,0.4353,0.5222,0.6457,0.7492,0.8562
10B,English,layer_28,last,529.437,79.2167,0.687201,0.078,0.2082,0.2674,0.3699,0.4523,0.5382,0.6604,0.7607,0.863
10B,English,layer_29,last,468.6419,65.2832,0.688389,0.085,0.2352,0.2959,0.396,0.4739,0.5558,0.6736,0.7701,0.8685
10B,English,layer_0,mean,136.9631,33.6526,1.203921,0.1371,0.2905,0.3852,0.5287,0.6545,0.7847,0.9169,0.9703,0.9912
10B,English,layer_1,mean,119.2904,27.3383,1.112866,0.1519,0.3344,0.4355,0.5723,0.6863,0.8019,0.9159,0.9641,0.9876
10B,English,layer_2,mean,97.4971,17.4723,1.035871,0.204,0.4036,0.4951,0.6152,0.7092,0.8045,0.9049,0.9544,0.9826
10B,English,layer_3,mean,55.6211,8.7667,0.989193,0.312,0.5204,0.6028,0.6981,0.7686,0.8398,0.9171,0.9576,0.9827
10B,English,layer_4,mean,40.5064,6.4452,0.958106,0.3748,0.5775,0.6567,0.7419,0.8008,0.8597,0.9244,0.9596,0.9828
10B,English,layer_5,mean,38.0914,6.0538,0.934012,0.3894,0.5868,0.6681,0.7529,0.8087,0.8634,0.9242,0.9582,0.9815
10B,English,layer_6,mean,38.5468,5.6067,0.913994,0.4097,0.5805,0.6595,0.7448,0.8006,0.8556,0.918,0.9538,0.9791
10B,English,layer_7,mean,41.2256,6.1308,0.900214,0.3893,0.57,0.6533,0.7438,0.801,0.856,0.9173,0.9525,0.978
10B,English,layer_8,mean,42.5318,5.973,0.886385,0.3968,0.563,0.6459,0.737,0.7945,0.8493,0.9119,0.9487,0.9759
10B,English,layer_9,mean,40.3719,5.3739,0.871801,0.4218,0.5712,0.6488,0.7361,0.7925,0.8462,0.9086,0.9461,0.9743
10B,English,layer_10,mean,38.0287,5.0453,0.860855,0.4367,0.579,0.6552,0.7418,0.7974,0.8495,0.9094,0.9459,0.9739
10B,English,layer_11,mean,34.6188,4.5178,0.849557,0.4638,0.593,0.6641,0.747,0.8005,0.8504,0.9088,0.9451,0.9732
10B,English,layer_12,mean,32.0946,4.3746,0.848393,0.4714,0.6033,0.6755,0.7575,0.8111,0.8594,0.9147,0.9485,0.9747
10B,English,layer_13,mean,34.4416,4.7753,0.845559,0.4493,0.5945,0.6702,0.7564,0.8107,0.8596,0.9144,0.9482,0.9744
10B,English,layer_14,mean,36.7658,4.7731,0.833676,0.4502,0.5868,0.6599,0.7444,0.798,0.8479,0.9059,0.9424,0.9713
10B,English,layer_15,mean,39.7002,5.2199,0.831794,0.4286,0.5766,0.6532,0.7407,0.796,0.8468,0.9051,0.9419,0.9709
10B,English,layer_16,mean,46.8972,6.1086,0.833452,0.3937,0.5486,0.6295,0.7249,0.7855,0.8402,0.9015,0.9398,0.9698
10B,English,layer_17,mean,54.1458,7.3177,0.833871,0.3553,0.5263,0.6121,0.7146,0.7791,0.8358,0.899,0.9382,0.969
10B,English,layer_18,mean,62.2892,8.6386,0.833298,0.3237,0.4976,0.5911,0.7017,0.7712,0.8312,0.8962,0.9363,0.9679
10B,English,layer_19,mean,71.0655,9.3761,0.825062,0.3099,0.4795,0.5722,0.6829,0.7538,0.8161,0.885,0.9286,0.9639
10B,English,layer_20,mean,82.6108,11.9079,0.826577,0.2681,0.4466,0.55,0.67,0.7472,0.813,0.8827,0.9267,0.9629
10B,English,layer_21,mean,105.1884,15.3949,0.834864,0.2303,0.4052,0.5084,0.6366,0.7194,0.7897,0.8671,0.9175,0.959
10B,English,layer_22,mean,119.4014,19.4589,0.843796,0.1958,0.3785,0.4843,0.6196,0.707,0.7828,0.8655,0.9174,0.9593
10B,English,layer_23,mean,132.801,23.6576,0.851765,0.1684,0.3566,0.4671,0.6051,0.6954,0.774,0.8608,0.9155,0.9589
10B,English,layer_24,mean,138.4126,30.5423,0.866,0.1324,0.3251,0.4447,0.6065,0.7044,0.785,0.8702,0.9221,0.9625
10B,English,layer_25,mean,132.7447,34.2985,0.879767,0.1044,0.3179,0.4455,0.6161,0.719,0.8012,0.8825,0.9302,0.9667
10B,English,layer_26,mean,125.7905,36.9873,0.906217,0.0803,0.3061,0.4443,0.6241,0.733,0.8176,0.8966,0.9405,0.9722
10B,English,layer_27,mean,125.3546,37.5352,0.917734,0.0856,0.3025,0.4423,0.6223,0.7329,0.8193,0.8993,0.9431,0.9738
10B,English,layer_28,mean,125.521,37.7155,0.926598,0.0857,0.3005,0.4396,0.6194,0.7309,0.8192,0.901,0.9448,0.9748
10B,English,layer_29,mean,120.0513,35.3652,0.92866,0.0893,0.3129,0.4524,0.6277,0.7358,0.8221,0.9031,0.9463,0.9756
10B,Chinese,layer_0,last,184.5541,46.9342,1.310906,0.1097,0.2454,0.3304,0.4646,0.5889,0.7283,0.8865,0.9594,0.9892
10B,Chinese,layer_1,last,230.1935,51.7675,1.10014,0.1035,0.236,0.3169,0.442,0.5551,0.6851,0.8443,0.9296,0.9756
10B,Chinese,layer_2,last,248.7216,56.2603,1.021581,0.0949,0.2276,0.3149,0.4413,0.5517,0.6771,0.8308,0.9157,0.9668
10B,Chinese,layer_3,last,215.3086,39.9588,0.977817,0.1124,0.2834,0.3637,0.4794,0.5782,0.6906,0.8299,0.9097,0.962
10B,Chinese,layer_4,last,188.63,27.5123,0.951292,0.16,0.3219,0.3953,0.5033,0.5948,0.6987,0.8286,0.9052,0.9586
10B,Chinese,layer_5,last,191.4618,26.0039,0.930288,0.1686,0.3265,0.399,0.5036,0.5923,0.693,0.8201,0.8972,0.9538
10B,Chinese,layer_6,last,206.3138,27.6263,0.914114,0.1632,0.3189,0.3909,0.4938,0.5819,0.6816,0.8089,0.8882,0.9487
10B,Chinese,layer_7,last,234.5322,30.9473,0.896495,0.1539,0.3011,0.372,0.4727,0.5608,0.661,0.7925,0.8765,0.9423
10B,Chinese,layer_8,last,256.8504,32.8288,0.879117,0.15,0.2896,0.3594,0.4582,0.5455,0.645,0.7782,0.8656,0.9361
10B,Chinese,layer_9,last,282.0026,34.7954,0.860309,0.1468,0.2774,0.3454,0.4431,0.5287,0.6276,0.7639,0.8549,0.9296
10B,Chinese,layer_10,last,300.4152,37.1374,0.843866,0.1411,0.2689,0.3354,0.4329,0.5188,0.6185,0.7561,0.8478,0.9247
10B,Chinese,layer_11,last,316.6631,36.4939,0.823075,0.1441,0.2667,0.3313,0.4279,0.51,0.6054,0.7416,0.8361,0.9174
10B,Chinese,layer_12,last,331.9687,37.7607,0.810611,0.1415,0.2608,0.3237,0.4193,0.5012,0.5969,0.7345,0.8303,0.9134
10B,Chinese,layer_13,last,350.1209,39.5744,0.796678,0.1364,0.2571,0.3192,0.4135,0.4935,0.5866,0.7233,0.8213,0.9076
10B,Chinese,layer_14,last,375.7249,42.5117,0.778724,0.1286,0.2506,0.3137,0.4073,0.4846,0.5737,0.708,0.8086,0.8997
10B,Chinese,layer_15,last,402.7535,47.253,0.769894,0.1198,0.2407,0.3022,0.3965,0.4748,0.5641,0.699,0.8014,0.8951
10B,Chinese,layer_16,last,433.1193,52.9287,0.759124,0.1104,0.2307,0.2915,0.3861,0.4645,0.5538,0.6886,0.7927,0.8895
10B,Chinese,layer_17,last,463.1625,57.8943,0.747961,0.1019,0.224,0.2831,0.3765,0.4543,0.5428,0.6767,0.7824,0.8831
10B,Chinese,layer_18,last,482.8615,62.5512,0.739022,0.0944,0.2188,0.278,0.3715,0.4494,0.5379,0.6705,0.7764,0.8789
10B,Chinese,layer_19,last,507.2198,68.0899,0.72881,0.0868,0.2128,0.2726,0.3652,0.4429,0.5313,0.6626,0.7691,0.8737
10B,Chinese,layer_20,last,524.2397,72.0029,0.717919,0.0811,0.2106,0.2705,0.3623,0.4396,0.5274,0.6569,0.7627,0.8687
10B,Chinese,layer_21,last,544.7826,75.5714,0.706428,0.076,0.2088,0.2683,0.3583,0.4347,0.5214,0.6487,0.7546,0.8628
10B,Chinese,layer_22,last,559.5296,78.5986,0.699952,0.0735,0.2076,0.2658,0.3549,0.4309,0.5171,0.6436,0.75,0.8594
10B,Chinese,layer_23,last,571.306,81.9484,0.695658,0.0715,0.2049,0.2631,0.3515,0.4283,0.5146,0.641,0.7473,0.8571
10B,Chinese,layer_24,last,558.7655,79.5322,0.693055,0.0756,0.2085,0.2678,0.357,0.4344,0.5199,0.6443,0.749,0.8575
10B,Chinese,layer_25,last,544.7616,77.3422,0.692222,0.0795,0.2093,0.2709,0.3626,0.4411,0.5268,0.6498,0.7525,0.859
10B,Chinese,layer_26,last,526.4363,74.4234,0.69474,0.0841,0.2098,0.2742,0.369,0.449,0.5349,0.6573,0.7582,0.8624
10B,Chinese,layer_27,last,483.6168,65.4043,0.69782,0.0936,0.2187,0.2855,0.3848,0.4664,0.5513,0.6711,0.7684,0.868
10B,Chinese,layer_28,last,408.052,49.2349,0.700822,0.1116,0.2542,0.3194,0.4157,0.4941,0.5749,0.6897,0.782,0.8759
10B,Chinese,layer_29,last,314.1927,33.3387,0.702203,0.142,0.3076,0.3709,0.4617,0.5337,0.6078,0.7142,0.7993,0.8857
10B,Chinese,layer_0,mean,103.2688,27.5907,1.222976,0.1294,0.36,0.4539,0.5928,0.7109,0.8254,0.9355,0.9777,0.9934
10B,Chinese,layer_1,mean,91.6327,23.7057,1.131946,0.1364,0.3936,0.5031,0.6326,0.7367,0.8352,0.9315,0.9716,0.9904
10B,Chinese,layer_2,mean,86.6566,20.9975,1.060291,0.1517,0.4151,0.5353,0.6552,0.7466,0.8325,0.9211,0.9634,0.9864
10B,Chinese,layer_3,mean,59.5925,12.0403,1.015685,0.2472,0.504,0.6099,0.7101,0.784,0.8531,0.9264,0.9635,0.9856
10B,Chinese,layer_4,mean,42.591,7.9394,0.984927,0.327,0.5658,0.6639,0.7513,0.8131,0.8705,0.9326,0.9651,0.9856
10B,Chinese,layer_5,mean,38.6245,7.1918,0.960067,0.3461,0.5862,0.6809,0.7648,0.8222,0.8749,0.9326,0.964,0.9846
10B,Chinese,layer_6,mean,38.2615,6.6986,0.939369,0.3635,0.5883,0.6784,0.7616,0.8184,0.8705,0.9285,0.9608,0.9828
10B,Chinese,layer_7,mean,38.5227,6.6415,0.922583,0.3661,0.5849,0.6756,0.7615,0.8189,0.8705,0.9272,0.9593,0.9816
10B,Chinese,layer_8,mean,38.1279,6.2291,0.905604,0.3817,0.586,0.6744,0.7588,0.815,0.8658,0.9227,0.956,0.9798
10B,Chinese,layer_9,mean,35.5348,5.5089,0.889163,0.4111,0.5991,0.6797,0.7606,0.8147,0.8638,0.9201,0.9537,0.9784
10B,Chinese,layer_10,mean,33.6166,5.1488,0.875796,0.4273,0.609,0.6845,0.7649,0.8178,0.8656,0.9199,0.9529,0.9777
10B,Chinese,layer_11,mean,29.5548,4.4779,0.861948,0.4622,0.6282,0.6999,0.7741,0.8233,0.868,0.9201,0.9525,0.9771
10B,Chinese,layer_12,mean,26.9945,4.2153,0.857215,0.4772,0.64,0.7094,0.7841,0.8322,0.8753,0.9243,0.9547,0.978
10B,Chinese,layer_13,mean,27.8428,4.3874,0.850992,0.4662,0.6377,0.7086,0.7843,0.832,0.8746,0.9233,0.9538,0.9774
10B,Chinese,layer_14,mean,29.4408,4.3983,0.83764,0.4663,0.6319,0.7017,0.7749,0.8221,0.8651,0.9162,0.9488,0.9747
10B,Chinese,layer_15,mean,31.602,4.7307,0.834248,0.4478,0.6205,0.6953,0.7716,0.8199,0.8636,0.9151,0.948,0.9741
10B,Chinese,layer_16,mean,35.6794,5.2832,0.832297,0.4211,0.603,0.6797,0.7619,0.8131,0.8587,0.912,0.946,0.973
10B,Chinese,layer_17,mean,40.1712,5.7869,0.829136,0.4009,0.5853,0.6632,0.7501,0.8039,0.8512,0.9067,0.9425,0.9712
10B,Chinese,layer_18,mean,45.386,6.5562,0.825799,0.3727,0.5677,0.6478,0.7396,0.7964,0.8449,0.9021,0.9393,0.9695
10B,Chinese,layer_19,mean,52.3655,7.233,0.820049,0.3527,0.5492,0.6287,0.7218,0.7805,0.8312,0.8917,0.9323,0.9659
10B,Chinese,layer_20,mean,61.0614,8.3362,0.818582,0.3247,0.5253,0.608,0.7044,0.7664,0.8197,0.8838,0.9272,0.9633
10B,Chinese,layer_21,mean,76.1883,10.8434,0.829164,0.2751,0.4914,0.5774,0.6798,0.7468,0.8048,0.8747,0.9223,0.9615
10B,Chinese,layer_22,mean,83.8251,13.0554,0.835264,0.2406,0.469,0.5647,0.6723,0.7432,0.8037,0.8752,0.9231,0.962
10B,Chinese,layer_23,mean,88.8831,16.4329,0.847664,0.1976,0.4452,0.5548,0.6742,0.7513,0.8125,0.882,0.9279,0.9648
10B,Chinese,layer_24,mean,93.6617,18.7844,0.857677,0.174,0.4273,0.545,0.6688,0.7495,0.8139,0.8846,0.9302,0.9662
10B,Chinese,layer_25,mean,87.9808,18.7384,0.865164,0.1702,0.4286,0.5529,0.6806,0.763,0.8266,0.8935,0.9359,0.9691
10B,Chinese,layer_26,mean,92.4323,20.4574,0.883032,0.1619,0.4033,0.5348,0.6716,0.7598,0.8282,0.8976,0.9397,0.9713
10B,Chinese,layer_27,mean,89.2507,20.8278,0.893802,0.1573,0.4018,0.539,0.6793,0.7681,0.8355,0.9034,0.9438,0.9736
10B,Chinese,layer_28,mean,83.9893,19.7697,0.89893,0.1547,0.4246,0.5499,0.688,0.7736,0.8395,0.9066,0.946,0.9747
10B,Chinese,layer_29,mean,68.9699,15.9725,0.900794,0.18,0.4696,0.5895,0.7167,0.7935,0.8539,0.9153,0.9512,0.9772
10B,French,layer_0,last,177.6579,28.8967,1.302645,0.1702,0.2717,0.3309,0.4442,0.5654,0.709,0.876,0.9545,0.9872
10B,French,layer_1,last,233.8115,30.5571,1.079101,0.1683,0.2565,0.3072,0.4062,0.5136,0.6477,0.8216,0.9191,0.9714
10B,French,layer_2,last,251.3846,33.9489,0.990635,0.1558,0.2611,0.3185,0.4168,0.5179,0.6437,0.807,0.9024,0.9603
10B,French,layer_3,last,208.7487,25.8524,0.942852,0.1619,0.3241,0.3771,0.4646,0.5527,0.6625,0.8067,0.8949,0.9542
10B,French,layer_4,last,176.2179,18.7633,0.912511,0.1996,0.3661,0.4173,0.4974,0.5764,0.6751,0.8063,0.8897,0.95
10B,French,layer_5,last,184.2235,18.3339,0.887469,0.2065,0.3649,0.4156,0.4942,0.5705,0.6657,0.7938,0.8784,0.9433
10B,French,layer_6,last,207.7149,20.3257,0.869615,0.197,0.3493,0.401,0.4796,0.5558,0.6499,0.7783,0.8659,0.9364
10B,French,layer_7,last,250.9398,24.007,0.84961,0.1832,0.319,0.3709,0.4499,0.5265,0.622,0.7567,0.8503,0.9276
10B,French,layer_8,last,286.9909,26.8941,0.830344,0.1747,0.2991,0.3522,0.4315,0.5073,0.6017,0.7375,0.8355,0.9191
10B,French,layer_9,last,327.1877,29.9526,0.811606,0.1676,0.2789,0.3322,0.4113,0.4863,0.5805,0.7194,0.8215,0.9106
10B,French,layer_10,last,360.4689,33.4968,0.796026,0.1586,0.2623,0.3155,0.3954,0.4717,0.5676,0.7091,0.8124,0.9043
10B,French,layer_11,last,386.3203,33.5337,0.775498,0.1603,0.256,0.3088,0.387,0.4602,0.5516,0.6916,0.7983,0.8953
10B,French,layer_12,last,412.1763,35.6699,0.763894,0.156,0.2443,0.2972,0.3757,0.4495,0.5419,0.6835,0.7915,0.8905
10B,French,layer_13,last,444.2285,38.8624,0.75144,0.1489,0.2347,0.2877,0.3662,0.4388,0.5292,0.6707,0.781,0.8838
10B,French,layer_14,last,483.7744,43.493,0.735548,0.1392,0.2257,0.2799,0.3582,0.4284,0.5146,0.6539,0.7669,0.8749
10B,French,layer_15,last,515.7315,49.5368,0.727131,0.1283,0.2156,0.2708,0.3509,0.4213,0.5069,0.6456,0.7599,0.8701
10B,French,layer_16,last,554.496,57.1779,0.717345,0.1172,0.2043,0.2605,0.3418,0.4121,0.4974,0.6357,0.7512,0.8642
10B,French,layer_17,last,598.05,65.5892,0.707547,0.1075,0.1936,0.2487,0.3306,0.4016,0.4866,0.6241,0.7411,0.8575
10B,French,layer_18,last,619.218,72.4465,0.70006,0.0995,0.1883,0.244,0.328,0.3995,0.4841,0.6196,0.7362,0.8537
10B,French,layer_19,last,649.0044,80.9314,0.69172,0.0914,0.1816,0.2377,0.3223,0.3939,0.4781,0.6125,0.7295,0.8488
10B,French,layer_20,last,670.7637,87.9212,0.682246,0.0845,0.1786,0.2354,0.3198,0.3911,0.4742,0.6071,0.7235,0.8439
10B,French,layer_21,last,701.2925,96.2605,0.670976,0.0772,0.1747,0.2311,0.3152,0.3861,0.4681,0.5986,0.7147,0.8372
10B,French,layer_22,last,709.7111,101.6242,0.665543,0.0707,0.1744,0.2312,0.3157,0.3867,0.468,0.5966,0.7121,0.8349
10B,French,layer_23,last,718.1294,107.4053,0.661753,0.0649,0.1722,0.2296,0.3151,0.387,0.4686,0.5959,0.7106,0.8332
10B,French,layer_24,last,703.0352,106.5793,0.661264,0.0619,0.1752,0.232,0.3182,0.3928,0.4754,0.6017,0.7145,0.8349
10B,French,layer_25,last,689.8768,109.1115,0.663818,0.062,0.1722,0.2307,0.3211,0.399,0.4839,0.6101,0.7209,0.8384
10B,French,layer_26,last,649.1068,107.3154,0.672159,0.0654,0.17,0.2329,0.3295,0.4139,0.5029,0.6286,0.7354,0.8472
10B,French,layer_27,last,586.2395,91.0083,0.677965,0.076,0.1821,0.2459,0.3483,0.435,0.5239,0.647,0.7493,0.8554
10B,French,layer_28,last,495.5751,67.5695,0.684384,0.0926,0.2136,0.2772,0.3788,0.4647,0.5512,0.6697,0.7666,0.8657
10B,French,layer_29,last,424.8745,52.8135,0.686001,0.1062,0.2445,0.311,0.4095,0.491,0.5728,0.686,0.7783,0.8725
10B,French,layer_0,mean,149.9185,40.2628,1.223776,0.1243,0.2581,0.3536,0.5073,0.6414,0.7779,0.9167,0.9711,0.9916
10B,French,layer_1,mean,131.0508,29.5378,1.129201,0.1526,0.3061,0.3998,0.5465,0.6691,0.7913,0.9134,0.964,0.9878
10B,French,layer_2,mean,107.7211,19.8028,1.050135,0.1855,0.3817,0.4675,0.5933,0.6951,0.7958,0.9025,0.9542,0.9829
10B,French,layer_3,mean,59.033,9.0647,1.001749,0.3055,0.5088,0.5841,0.6841,0.7606,0.8347,0.9157,0.9577,0.983
10B,French,layer_4,mean,40.9756,6.2429,0.969029,0.3837,0.5724,0.6451,0.7337,0.7974,0.8575,0.9242,0.9601,0.9832
10B,French,layer_5,mean,38.2649,5.8318,0.943676,0.4004,0.5812,0.6596,0.7472,0.807,0.8624,0.9243,0.9587,0.982
10B,French,layer_6,mean,38.1998,5.4034,0.92227,0.4197,0.5801,0.6544,0.7409,0.8005,0.8558,0.9186,0.9546,0.9796
10B,French,layer_7,mean,41.1907,5.9621,0.907986,0.3974,0.5673,0.6485,0.7397,0.8007,0.8561,0.9177,0.9532,0.9785
10B,French,layer_8,mean,42.5575,5.9295,0.893682,0.3993,0.563,0.6429,0.7343,0.7955,0.8506,0.9128,0.9496,0.9766
10B,French,layer_9,mean,40.2715,5.3398,0.87805,0.4237,0.5736,0.6467,0.7342,0.7935,0.8474,0.9093,0.9468,0.9748
10B,French,layer_10,mean,38.9102,5.1659,0.867494,0.4313,0.5782,0.6506,0.738,0.7974,0.85,0.9098,0.9465,0.9744
10B,French,layer_11,mean,35.9404,4.6832,0.855573,0.455,0.5897,0.6585,0.7425,0.7997,0.8504,0.9089,0.9454,0.9735
10B,French,layer_12,mean,34.0877,4.6375,0.854432,0.4569,0.5957,0.6661,0.7519,0.8095,0.859,0.9144,0.9486,0.9749
10B,French,layer_13,mean,36.9074,5.1575,0.851349,0.4307,0.586,0.6614,0.7506,0.8091,0.859,0.9143,0.9482,0.9745
10B,French,layer_14,mean,39.4695,5.1534,0.839004,0.4317,0.5783,0.6515,0.7376,0.7961,0.8473,0.9055,0.9423,0.9714
10B,French,layer_15,mean,42.7576,5.7661,0.837265,0.4052,0.5684,0.6466,0.7353,0.7952,0.8471,0.9054,0.9421,0.9711
10B,French,layer_16,mean,49.0244,6.6091,0.837021,0.3758,0.5472,0.6269,0.7221,0.7861,0.8409,0.9019,0.94,0.97
10B,French,layer_17,mean,56.5766,7.9679,0.837438,0.3372,0.523,0.6086,0.7108,0.78,0.8371,0.8997,0.9386,0.9693
10B,French,layer_18,mean,63.9541,9.1759,0.835099,0.3109,0.4997,0.589,0.6988,0.7712,0.8318,0.8964,0.9364,0.968
10B,French,layer_19,mean,71.9404,9.8294,0.826273,0.2998,0.4845,0.5719,0.6814,0.7552,0.8178,0.886,0.9292,0.9641
10B,French,layer_20,mean,83.6029,12.4808,0.827767,0.2592,0.4476,0.5457,0.6687,0.7491,0.8153,0.8845,0.9279,0.9633
10B,French,layer_21,mean,102.6024,15.8898,0.833446,0.2222,0.4154,0.5132,0.6403,0.7262,0.797,0.8717,0.92,0.96
10B,French,layer_22,mean,114.4856,19.4082,0.839804,0.1916,0.3938,0.4957,0.6263,0.7155,0.7901,0.869,0.919,0.9597
10B,French,layer_23,mean,124.5046,23.3861,0.84758,0.1617,0.3769,0.4821,0.6167,0.7093,0.7851,0.8664,0.9182,0.9598
10B,French,layer_24,mean,132.7836,29.5962,0.860367,0.1281,0.3397,0.458,0.6092,0.7121,0.7921,0.873,0.923,0.9625
10B,French,layer_25,mean,129.1764,33.6384,0.873118,0.1002,0.326,0.4532,0.6172,0.7251,0.8073,0.8847,0.9308,0.9665
10B,French,layer_26,mean,124.5648,36.6294,0.898264,0.0867,0.3093,0.4453,0.6227,0.7374,0.8215,0.8971,0.9401,0.9717
10B,French,layer_27,mean,122.8148,37.2336,0.910169,0.0866,0.307,0.4442,0.6241,0.7402,0.8252,0.9012,0.9434,0.9736
10B,French,layer_28,mean,117.9246,35.4775,0.919298,0.0884,0.3189,0.4525,0.6282,0.744,0.8296,0.9051,0.9465,0.9752
10B,French,layer_29,mean,111.4741,32.6669,0.920694,0.0951,0.3353,0.4679,0.6383,0.7499,0.8336,0.9077,0.9481,0.976
10B,Indonesian,layer_0,last,114.8934,18.274,1.27052,0.213,0.3648,0.4394,0.549,0.653,0.7679,0.9014,0.965,0.9902
10B,Indonesian,layer_1,last,144.54,19.7164,1.093151,0.2067,0.3474,0.4184,0.5206,0.6174,0.7278,0.8624,0.9383,0.9788
10B,Indonesian,layer_2,last,161.1717,21.687,1.015254,0.1955,0.3317,0.4072,0.5139,0.6087,0.7167,0.8481,0.9247,0.9705
10B,Indonesian,layer_3,last,156.1845,21.9197,0.968318,0.1856,0.3583,0.4346,0.5345,0.6211,0.7201,0.8421,0.9161,0.9646
10B,Indonesian,layer_4,last,144.6007,20.0686,0.938614,0.1843,0.3833,0.4608,0.5543,0.6344,0.7257,0.8396,0.9108,0.9607
10B,Indonesian,layer_5,last,153.1552,20.5465,0.914661,0.1815,0.3786,0.4568,0.549,0.6274,0.7162,0.8287,0.9012,0.9551
10B,Indonesian,layer_6,last,169.424,22.3949,0.897467,0.1732,0.3633,0.4428,0.5361,0.6147,0.7033,0.8166,0.8914,0.9497
10B,Indonesian,layer_7,last,199.9917,26.1765,0.879354,0.1595,0.3373,0.4175,0.5107,0.5892,0.6791,0.7987,0.8785,0.9426
10B,Indonesian,layer_8,last,224.606,29.1396,0.860215,0.1505,0.3209,0.4008,0.4953,0.5733,0.6624,0.7833,0.8666,0.9356
10B,Indonesian,layer_9,last,248.9505,31.3126,0.841984,0.1464,0.3067,0.3853,0.4783,0.5559,0.6453,0.7691,0.8555,0.9289
10B,Indonesian,layer_10,last,269.1448,34.1326,0.826918,0.1395,0.2934,0.3725,0.4659,0.5438,0.6355,0.7613,0.8485,0.924
10B,Indonesian,layer_11,last,288.4064,34.8387,0.808093,0.14,0.2866,0.3644,0.4579,0.5332,0.6212,0.7469,0.8369,0.9169
10B,Indonesian,layer_12,last,308.6823,36.7485,0.796747,0.1363,0.2765,0.3527,0.4449,0.5202,0.6099,0.7381,0.8301,0.9124
10B,Indonesian,layer_13,last,329.4114,39.4429,0.78441,0.13,0.2686,0.345,0.438,0.5117,0.5989,0.727,0.8212,0.9068
10B,Indonesian,layer_14,last,355.7154,42.947,0.768942,0.1226,0.2601,0.337,0.4301,0.502,0.5861,0.7128,0.8095,0.8995
10B,Indonesian,layer_15,last,375.68,46.7999,0.760477,0.1148,0.2506,0.3282,0.4232,0.4956,0.5792,0.7056,0.8036,0.8955
10B,Indonesian,layer_16,last,401.7156,51.1283,0.750197,0.1073,0.2416,0.3173,0.4134,0.4862,0.5694,0.6957,0.7953,0.8901
10B,Indonesian,layer_17,last,431.92,56.6394,0.740429,0.0987,0.2317,0.3064,0.4028,0.4759,0.5584,0.684,0.7856,0.8841
10B,Indonesian,layer_18,last,444.0877,59.5381,0.732209,0.093,0.2288,0.3022,0.4007,0.4742,0.5558,0.6793,0.7808,0.8807
10B,Indonesian,layer_19,last,473.8306,65.4849,0.721724,0.0868,0.2187,0.2907,0.3917,0.4652,0.5466,0.6694,0.7723,0.8749
10B,Indonesian,layer_20,last,495.4001,70.2192,0.710788,0.0807,0.2124,0.2851,0.3871,0.4601,0.5406,0.662,0.7649,0.8693
10B,Indonesian,layer_21,last,521.1891,74.5019,0.698609,0.0761,0.2084,0.2804,0.3812,0.453,0.532,0.6513,0.7552,0.8625
10B,Indonesian,layer_22,last,530.5877,77.8111,0.693538,0.0723,0.2053,0.2798,0.3799,0.4518,0.5301,0.6484,0.7525,0.8603
10B,Indonesian,layer_23,last,542.9027,81.2039,0.689889,0.0698,0.2014,0.2778,0.3768,0.4486,0.5266,0.6448,0.7493,0.858
10B,Indonesian,layer_24,last,533.6699,80.3604,0.688994,0.0695,0.2035,0.2808,0.3805,0.4532,0.5311,0.6484,0.7516,0.859
10B,Indonesian,layer_25,last,527.274,81.3404,0.690222,0.0665,0.2029,0.2814,0.3826,0.4567,0.5353,0.6527,0.7548,0.8608
10B,Indonesian,layer_26,last,488.9992,76.266,0.697266,0.0668,0.2109,0.2907,0.3951,0.4722,0.5519,0.6685,0.7672,0.8682
10B,Indonesian,layer_27,last,437.9686,66.232,0.702796,0.0758,0.2266,0.3079,0.4144,0.4936,0.5726,0.6864,0.7803,0.8758
10B,Indonesian,layer_28,last,359.3075,50.7485,0.709948,0.0968,0.261,0.3468,0.4494,0.5273,0.6036,0.7124,0.7994,0.8868
10B,Indonesian,layer_29,last,319.3583,44.6659,0.71104,0.1022,0.2854,0.3725,0.4733,0.5476,0.6207,0.7251,0.8082,0.8918
10B,Indonesian,layer_0,mean,119.8411,29.4187,1.222501,0.1476,0.3201,0.4148,0.5537,0.6773,0.8024,0.9278,0.9757,0.9929
10B,Indonesian,layer_1,mean,103.7262,19.7716,1.12763,0.1977,0.3684,0.46,0.5864,0.6953,0.8064,0.9195,0.9671,0.989
10B,Indonesian,layer_2,mean,78.7312,13.629,1.053806,0.2289,0.4508,0.5328,0.6395,0.7284,0.8185,0.915,0.9609,0.9855
10B,Indonesian,layer_3,mean,42.7862,7.1609,1.00582,0.3339,0.5717,0.6394,0.7212,0.7873,0.854,0.9271,0.9641,0.9858
10B,Indonesian,layer_4,mean,28.1843,4.7496,0.971471,0.4379,0.6373,0.6969,0.7671,0.8214,0.8751,0.9348,0.9663,0.9859
10B,Indonesian,layer_5,mean,25.178,4.2132,0.944158,0.472,0.6525,0.7116,0.7796,0.83,0.8794,0.9349,0.9651,0.9848
10B,Indonesian,layer_6,mean,24.2473,3.9383,0.922483,0.4918,0.6576,0.7149,0.7804,0.8289,0.8769,0.9317,0.9623,0.9832
10B,Indonesian,layer_7,mean,25.0782,3.9986,0.904561,0.4891,0.6516,0.7115,0.7799,0.8286,0.8762,0.9298,0.9604,0.9819
10B,Indonesian,layer_8,mean,24.7065,3.8278,0.887665,0.5018,0.6527,0.7116,0.7792,0.8265,0.8729,0.9262,0.9576,0.9802
10B,Indonesian,layer_9,mean,22.0897,3.4225,0.871364,0.5337,0.6677,0.7219,0.7856,0.8301,0.874,0.9254,0.9564,0.9793
10B,Indonesian,layer_10,mean,20.6991,3.2461,0.858868,0.5494,0.6749,0.7284,0.792,0.8354,0.8774,0.9263,0.9562,0.9789
10B,Indonesian,layer_11,mean,17.8845,2.9132,0.846373,0.5816,0.6943,0.7434,0.8026,0.8428,0.8817,0.9278,0.9566,0.9788
10B,Indonesian,layer_12,mean,15.9924,2.7313,0.84281,0.6016,0.7051,0.7541,0.8139,0.853,0.8897,0.9325,0.9592,0.9799
10B,Indonesian,layer_13,mean,17.0149,2.8446,0.837515,0.5892,0.6963,0.7494,0.8115,0.8513,0.888,0.931,0.958,0.9792
10B,Indonesian,layer_14,mean,17.6408,2.835,0.825311,0.5905,0.6938,0.7442,0.8045,0.8435,0.8805,0.9252,0.954,0.977
10B,Indonesian,layer_15,mean,19.1401,3.0132,0.822198,0.5721,0.6829,0.7373,0.8013,0.8418,0.8791,0.9242,0.9531,0.9764
10B,Indonesian,layer_16,mean,22.2906,3.3207,0.821019,0.5441,0.6616,0.7198,0.789,0.8327,0.8726,0.9201,0.9506,0.975
10B,Indonesian,layer_17,mean,26.6719,3.781,0.820578,0.5084,0.6367,0.7001,0.7754,0.823,0.8653,0.9155,0.9477,0.9735
10B,Indonesian,layer_18,mean,31.3123,4.267,0.818065,0.4771,0.6139,0.6808,0.7621,0.8135,0.8584,0.911,0.9446,0.9718
10B,Indonesian,layer_19,mean,35.8698,4.5715,0.810271,0.4603,0.5971,0.664,0.7452,0.7978,0.8448,0.9007,0.9376,0.9681
10B,Indonesian,layer_20,mean,44.0799,5.4509,0.809732,0.4191,0.5658,0.6387,0.7273,0.785,0.8349,0.8938,0.9329,0.9657
10B,Indonesian,layer_21,mean,59.5835,6.8892,0.817836,0.3698,0.5212,0.5986,0.6929,0.7555,0.8101,0.8767,0.9226,0.9612
10B,Indonesian,layer_22,mean,71.5533,8.5612,0.824223,0.327,0.4905,0.5747,0.6751,0.7422,0.8011,0.8721,0.9203,0.9603
10B,Indonesian,layer_23,mean,85.7522,10.8234,0.831775,0.2845,0.4618,0.5516,0.6572,0.7272,0.789,0.8645,0.9164,0.9589
10B,Indonesian,layer_24,mean,101.0095,14.4899,0.843299,0.2368,0.4243,0.5212,0.641,0.7199,0.7863,0.8647,0.9174,0.9598
10B,Indonesian,layer_25,mean,108.8878,18.8217,0.853695,0.1942,0.4002,0.5089,0.6392,0.7237,0.7928,0.8705,0.9215,0.962
10B,Indonesian,layer_26,mean,114.8268,25.6708,0.877565,0.1408,0.3713,0.494,0.6389,0.7311,0.8035,0.8817,0.9302,0.9669
10B,Indonesian,layer_27,mean,113.4952,28.1386,0.889966,0.1188,0.3606,0.4922,0.6438,0.7382,0.8112,0.8885,0.9352,0.9697
10B,Indonesian,layer_28,mean,100.1317,24.6157,0.900165,0.1325,0.3822,0.5099,0.6624,0.7547,0.8254,0.8989,0.942,0.973
10B,Indonesian,layer_29,mean,88.0933,20.9521,0.901294,0.1513,0.4135,0.5377,0.6807,0.7683,0.8353,0.9051,0.9457,0.9747
10B,Italian,layer_0,last,156.9121,24.0062,1.284462,0.1796,0.3143,0.366,0.4711,0.5829,0.714,0.8752,0.9546,0.9873
10B,Italian,layer_1,last,211.7381,28.7335,1.083238,0.1616,0.2909,0.3371,0.4322,0.5337,0.6583,0.8233,0.9205,0.9726
10B,Italian,layer_2,last,228.7858,30.1524,0.995589,0.156,0.2895,0.3401,0.4343,0.5319,0.6506,0.8079,0.9041,0.962
10B,Italian,layer_3,last,224.8853,29.7795,0.945039,0.1517,0.3178,0.3673,0.4555,0.5448,0.6534,0.7992,0.892,0.9538
10B,Italian,layer_4,last,211.6833,27.2261,0.912628,0.1516,0.3447,0.3933,0.4763,0.5586,0.6589,0.7945,0.884,0.9481
10B,Italian,layer_5,last,227.4049,28.2797,0.885344,0.1476,0.3384,0.3882,0.4708,0.5505,0.6475,0.7803,0.871,0.9403
10B,Italian,layer_6,last,248.4473,31.2279,0.866307,0.1338,0.3287,0.3801,0.462,0.5397,0.6349,0.7667,0.8591,0.9333
10B,Italian,layer_7,last,292.0724,37.3207,0.845788,0.1182,0.3017,0.356,0.4382,0.515,0.6103,0.7468,0.844,0.9245
10B,Italian,layer_8,last,327.1457,42.0242,0.826468,0.1065,0.2858,0.3417,0.4234,0.4992,0.5925,0.7293,0.8298,0.9161
10B,Italian,layer_9,last,360.4729,45.6438,0.808216,0.0984,0.2724,0.3288,0.4088,0.4828,0.5749,0.7137,0.8172,0.9082
10B,Italian,layer_10,last,385.5225,48.4794,0.792481,0.0955,0.2617,0.3179,0.3976,0.4716,0.5648,0.7048,0.8087,0.9021
10B,Italian,layer_11,last,420.4429,51.4107,0.773154,0.0924,0.2517,0.3081,0.387,0.4585,0.5475,0.6866,0.7939,0.8928
10B,Italian,layer_12,last,440.8608,53.1467,0.76238,0.0925,0.244,0.3004,0.3781,0.4495,0.5392,0.6792,0.7877,0.8883
10B,Italian,layer_13,last,468.5714,56.9523,0.750553,0.0904,0.2357,0.2931,0.3715,0.4412,0.5287,0.6677,0.7782,0.8821
10B,Italian,layer_14,last,501.0131,61.5777,0.735409,0.0863,0.2281,0.2876,0.3666,0.4341,0.5166,0.6527,0.7654,0.8737
10B,Italian,layer_15,last,516.8271,63.6874,0.727722,0.0882,0.2232,0.2836,0.363,0.4303,0.5121,0.647,0.7602,0.87
10B,Italian,layer_16,last,533.1465,64.9536,0.718681,0.0911,0.2196,0.2797,0.3591,0.4261,0.5072,0.6405,0.754,0.8656
10B,Italian,layer_17,last,559.8749,68.2616,0.709437,0.0905,0.2147,0.2722,0.3519,0.4187,0.4991,0.6314,0.7457,0.8599
10B,Italian,layer_18,last,571.4713,71.2251,0.702853,0.0887,0.2117,0.269,0.3504,0.4181,0.4986,0.6289,0.7423,0.857
10B,Italian,layer_19,last,592.9037,74.2885,0.695445,0.088,0.206,0.2628,0.3448,0.4127,0.4931,0.6228,0.7364,0.8528
10B,Italian,layer_20,last,612.589,78.9344,0.686767,0.0845,0.2003,0.2588,0.3415,0.4096,0.4896,0.6181,0.7312,0.8485
10B,Italian,layer_21,last,637.4698,83.5683,0.676001,0.0813,0.1955,0.2548,0.337,0.4052,0.4841,0.6107,0.7233,0.8424
10B,Italian,layer_22,last,648.5722,87.6197,0.671077,0.0776,0.1922,0.2533,0.3357,0.4042,0.4831,0.6084,0.7206,0.84
10B,Italian,layer_23,last,655.5413,90.8376,0.667523,0.0745,0.1896,0.2512,0.3345,0.4042,0.4836,0.608,0.7193,0.8385
10B,Italian,layer_24,last,641.1558,90.7275,0.667121,0.0723,0.1906,0.2534,0.3389,0.4107,0.4912,0.6142,0.7234,0.8404
10B,Italian,layer_25,last,617.5688,90.0933,0.670318,0.0714,0.1906,0.2566,0.3459,0.4206,0.5025,0.6248,0.7314,0.8449
10B,Italian,layer_26,last,561.3916,83.3691,0.678712,0.0741,0.1983,0.2666,0.3615,0.4413,0.5263,0.6465,0.7482,0.8549
10B,Italian,layer_27,last,490.7427,72.0006,0.685687,0.0775,0.2193,0.2883,0.3863,0.4689,0.5537,0.6697,0.7655,0.8651
10B,Italian,layer_28,last,403.2479,55.3768,0.693174,0.0912,0.2539,0.3244,0.4238,0.5044,0.586,0.6959,0.7853,0.8769
10B,Italian,layer_29,last,353.5198,46.8537,0.695104,0.1027,0.2779,0.3505,0.45,0.528,0.6055,0.7105,0.7958,0.883
10B,Italian,layer_0,mean,132.3961,33.4238,1.233836,0.1321,0.2992,0.3872,0.5334,0.6622,0.7901,0.921,0.9729,0.9922
10B,Italian,layer_1,mean,107.8986,20.8927,1.140201,0.1878,0.3581,0.443,0.5789,0.6916,0.8035,0.9178,0.9661,0.9887
10B,Italian,layer_2,mean,51.1141,8.6576,1.061691,0.2821,0.5347,0.5994,0.6935,0.7701,0.8451,0.9259,0.9655,0.9873
10B,Italian,layer_3,mean,15.8881,3.1772,1.012113,0.5468,0.7174,0.7603,0.8164,0.8607,0.9035,0.9507,0.9754,0.9903
10B,Italian,layer_4,mean,9.5498,2.3006,0.978192,0.6533,0.7817,0.8177,0.8613,0.8941,0.9255,0.9603,0.9793,0.9914
10B,Italian,layer_5,mean,8.6735,2.1564,0.950772,0.6768,0.7924,0.8284,0.87,0.9004,0.929,0.9609,0.9788,0.9908
10B,Italian,layer_6,mean,8.1968,2.0401,0.928138,0.6973,0.7959,0.8302,0.8701,0.8995,0.9273,0.9589,0.9771,0.9898
10B,Italian,layer_7,mean,8.9696,2.1302,0.911905,0.6824,0.7852,0.8227,0.8656,0.8965,0.9252,0.957,0.9756,0.9889
10B,Italian,layer_8,mean,9.011,2.0914,0.895841,0.6893,0.7812,0.8189,0.8622,0.8932,0.9219,0.9542,0.9735,0.9877
10B,Italian,layer_9,mean,8.4597,1.994,0.879511,0.7065,0.7872,0.822,0.8633,0.8934,0.9211,0.9529,0.9723,0.9869
10B,Italian,layer_10,mean,8.3254,1.9695,0.867413,0.7111,0.7869,0.8225,0.8643,0.8945,0.9219,0.9528,0.9719,0.9865
10B,Italian,layer_11,mean,7.7433,1.8937,0.854526,0.7255,0.7953,0.829,0.8688,0.8975,0.9234,0.9531,0.9717,0.9862
10B,Italian,layer_12,mean,7.7218,1.905,0.853042,0.7233,0.7942,0.8294,0.8713,0.9006,0.9264,0.9551,0.9728,0.9867
10B,Italian,layer_13,mean,8.6402,2.0254,0.848949,0.701,0.7824,0.8207,0.8661,0.8972,0.9239,0.9534,0.9717,0.986
10B,Italian,layer_14,mean,8.9567,2.0273,0.835823,0.7008,0.7788,0.8158,0.8596,0.8906,0.9179,0.9489,0.9686,0.9843
10B,Italian,layer_15,mean,10.0372,2.1623,0.833492,0.678,0.7666,0.8066,0.8537,0.8866,0.915,0.9471,0.9674,0.9837
10B,Italian,layer_16,mean,11.7648,2.3447,0.832875,0.6506,0.7461,0.7897,0.8415,0.8778,0.9089,0.9435,0.9652,0.9825
10B,Italian,layer_17,mean,14.3456,2.641,0.832604,0.6118,0.7215,0.7706,0.8279,0.8687,0.9025,0.9396,0.9627,0.9812
10B,Italian,layer_18,mean,16.5236,2.8583,0.82887,0.5875,0.7025,0.754,0.8164,0.8601,0.8963,0.9356,0.9601,0.9798
10B,Italian,layer_19,mean,18.4781,2.9822,0.819956,0.5751,0.6872,0.7394,0.8032,0.8485,0.8867,0.9286,0.9554,0.9772
10B,Italian,layer_20,mean,23.2946,3.5126,0.819046,0.5281,0.6543,0.7127,0.7872,0.8373,0.8795,0.9241,0.9523,0.9755
10B,Italian,layer_21,mean,30.229,4.1215,0.819921,0.4861,0.6162,0.6793,0.7612,0.8166,0.863,0.9128,0.9449,0.9719
10B,Italian,layer_22,mean,38.4251,5.0166,0.825991,0.438,0.5786,0.6484,0.7392,0.8004,0.8521,0.9068,0.9416,0.9704
10B,Italian,layer_23,mean,48.2221,6.2414,0.832315,0.3891,0.5416,0.6201,0.7196,0.7863,0.8415,0.9005,0.938,0.9689
10B,Italian,layer_24,mean,61.2841,8.3517,0.84381,0.3305,0.4968,0.583,0.6971,0.7732,0.8353,0.8986,0.9375,0.9689
10B,Italian,layer_25,mean,70.4486,11.7234,0.856398,0.264,0.469,0.5662,0.6931,0.7756,0.8404,0.9039,0.9413,0.971
10B,Italian,layer_26,mean,81.6804,17.1619,0.880511,0.1945,0.4277,0.5379,0.6818,0.7748,0.8444,0.9095,0.9463,0.974
10B,Italian,layer_27,mean,87.0116,20.7779,0.893417,0.1557,0.4098,0.5248,0.6768,0.7741,0.8458,0.912,0.9487,0.9755
10B,Italian,layer_28,mean,90.3861,22.797,0.903338,0.1449,0.4008,0.5138,0.6718,0.7721,0.8461,0.9135,0.9502,0.9765
10B,Italian,layer_29,mean,86.7012,21.6857,0.905034,0.1527,0.414,0.5236,0.678,0.7764,0.8491,0.9154,0.9515,0.9771
10B,Swahili,layer_0,last,142.6847,31.0721,1.445083,0.1552,0.2767,0.3604,0.503,0.6376,0.7705,0.9114,0.972,0.9939
10B,Swahili,layer_1,last,181.4393,35.5868,1.252123,0.1447,0.2619,0.3369,0.4675,0.5941,0.7252,0.8737,0.9489,0.9853
10B,Swahili,layer_2,last,190.981,37.8835,1.176966,0.1369,0.2611,0.339,0.47,0.5931,0.7198,0.8641,0.9397,0.9801
10B,Swahili,layer_3,last,165.4299,30.1322,1.133119,0.1406,0.3189,0.3892,0.5076,0.6176,0.7316,0.8634,0.9352,0.977
10B,Swahili,layer_4,last,140.0371,21.5703,1.105578,0.1787,0.3622,0.4291,0.5384,0.6391,0.7431,0.8645,0.9329,0.9751
10B,Swahili,layer_5,last,139.5324,20.8375,1.082458,0.1853,0.3693,0.4375,0.5435,0.6412,0.7416,0.8599,0.9283,0.9725
10B,Swahili,layer_6,last,147.8809,22.2556,1.065175,0.1787,0.3631,0.4325,0.5384,0.6349,0.7346,0.8532,0.9229,0.9697
10B,Swahili,layer_7,last,168.6766,25.5819,1.046999,0.1667,0.3412,0.41,0.5167,0.6151,0.7181,0.842,0.9152,0.9659
10B,Swahili,layer_8,last,180.5992,27.4518,1.027341,0.1609,0.3301,0.4023,0.5092,0.6065,0.709,0.8339,0.9089,0.9625
10B,Swahili,layer_9,last,194.8648,29.6072,1.008462,0.1546,0.3186,0.3903,0.4973,0.5949,0.6989,0.8256,0.9024,0.9588
10B,Swahili,layer_10,last,205.6648,31.643,0.989387,0.148,0.31,0.3827,0.49,0.588,0.6927,0.8199,0.8975,0.9557
10B,Swahili,layer_11,last,213.3158,31.1308,0.967357,0.151,0.3086,0.3809,0.4855,0.5813,0.6837,0.8106,0.8903,0.9515
10B,Swahili,layer_12,last,221.746,31.7915,0.951192,0.1498,0.305,0.376,0.4793,0.5742,0.6765,0.805,0.886,0.9487
10B,Swahili,layer_13,last,232.5548,33.078,0.933961,0.1455,0.3029,0.3726,0.4744,0.5673,0.6677,0.7963,0.8793,0.9449
10B,Swahili,layer_14,last,244.4471,35.8011,0.914158,0.1352,0.2999,0.3713,0.4732,0.5626,0.6599,0.7875,0.8724,0.9408
10B,Swahili,layer_15,last,251.5227,37.8502,0.902895,0.1277,0.2987,0.3688,0.4711,0.5597,0.6566,0.7839,0.8692,0.9386
10B,Swahili,layer_16,last,266.2948,40.9338,0.885491,0.1187,0.2919,0.3623,0.4648,0.5525,0.6484,0.7757,0.8625,0.9344
10B,Swahili,layer_17,last,282.9333,44.4816,0.869946,0.1086,0.2848,0.3562,0.4581,0.5445,0.6389,0.7661,0.8552,0.93
10B,Swahili,layer_18,last,287.8259,46.081,0.857844,0.1023,0.2836,0.3566,0.4592,0.5443,0.637,0.7628,0.8518,0.9276
10B,Swahili,layer_19,last,294.5032,47.7459,0.845366,0.0961,0.2806,0.3549,0.4592,0.5429,0.6341,0.7586,0.8479,0.9248
10B,Swahili,layer_20,last,298.9726,48.4156,0.832362,0.0923,0.2801,0.3551,0.4603,0.5422,0.6319,0.7548,0.8439,0.9217
10B,Swahili,layer_21,last,311.4653,50.0325,0.818991,0.0894,0.2754,0.3517,0.4551,0.536,0.6244,0.7471,0.8376,0.9176
10B,Swahili,layer_22,last,308.5705,49.3671,0.810912,0.091,0.276,0.3561,0.4593,0.5394,0.6264,0.7472,0.8367,0.9164
10B,Swahili,layer_23,last,307.3738,48.533,0.805191,0.0946,0.2767,0.359,0.4608,0.5402,0.6264,0.7466,0.8359,0.9155
10B,Swahili,layer_24,last,304.5362,47.1155,0.800472,0.1004,0.2777,0.361,0.4633,0.542,0.6278,0.747,0.8357,0.915
10B,Swahili,layer_25,last,301.958,46.0949,0.797273,0.1043,0.2784,0.3626,0.4648,0.5437,0.6291,0.748,0.836,0.9148
10B,Swahili,layer_26,last,285.9698,43.1214,0.798377,0.1096,0.2843,0.3714,0.474,0.5536,0.6383,0.7552,0.8409,0.9174
10B,Swahili,layer_27,last,248.7311,36.058,0.80119,0.1231,0.3087,0.393,0.4977,0.5767,0.6591,0.7707,0.8513,0.9228
10B,Swahili,layer_28,last,189.8299,25.7178,0.808397,0.1577,0.3562,0.4403,0.5404,0.6169,0.6948,0.7972,0.869,0.9321
10B,Swahili,layer_29,last,163.9169,22.5688,0.810447,0.1691,0.385,0.4693,0.567,0.6393,0.7134,0.8102,0.8775,0.9365
10B,Swahili,layer_0,mean,62.0495,13.6916,1.24944,0.222,0.4778,0.5664,0.6784,0.7709,0.8599,0.9479,0.9822,0.9949
10B,Swahili,layer_1,mean,58.7458,11.3422,1.164139,0.2588,0.5009,0.5804,0.684,0.7693,0.8531,0.9386,0.9752,0.9921
10B,Swahili,layer_2,mean,39.8746,8.1136,1.095251,0.2871,0.5908,0.6599,0.7422,0.8076,0.8719,0.9404,0.9732,0.9905
10B,Swahili,layer_3,mean,17.8374,3.9242,1.050852,0.4765,0.717,0.7659,0.8228,0.8666,0.9094,0.9553,0.9786,0.9919
10B,Swahili,layer_4,mean,11.0966,2.6994,1.016894,0.5966,0.7755,0.8145,0.8594,0.8936,0.9268,0.9625,0.9812,0.9925
10B,Swahili,layer_5,mean,10.0832,2.5019,0.991841,0.6234,0.7847,0.8239,0.8671,0.8996,0.9302,0.9633,0.9809,0.9921
10B,Swahili,layer_6,mean,9.6372,2.3887,0.970333,0.64,0.7891,0.8275,0.8688,0.8999,0.9295,0.962,0.9798,0.9914
10B,Swahili,layer_7,mean,9.8109,2.3772,0.952035,0.6424,0.7845,0.825,0.8665,0.8981,0.9279,0.9605,0.9785,0.9906
10B,Swahili,layer_8,mean,9.3257,2.273,0.934758,0.6583,0.7897,0.8288,0.8683,0.8985,0.9272,0.9593,0.9774,0.9899
10B,Swahili,layer_9,mean,8.2917,2.1027,0.919848,0.686,0.8013,0.8383,0.8749,0.903,0.9297,0.9601,0.9775,0.9898
10B,Swahili,layer_10,mean,7.5687,1.9939,0.907525,0.7054,0.8108,0.8461,0.881,0.9075,0.9326,0.9612,0.9779,0.9898
10B,Swahili,layer_11,mean,6.5867,1.854,0.89631,0.7323,0.8255,0.858,0.8898,0.9139,0.9366,0.9631,0.9787,0.9901
10B,Swahili,layer_12,mean,5.7259,1.7418,0.891445,0.7561,0.8405,0.8703,0.8997,0.9219,0.9426,0.9665,0.9806,0.9909
10B,Swahili,layer_13,mean,5.7892,1.7496,0.883013,0.7544,0.8394,0.8699,0.8997,0.9218,0.9422,0.9659,0.9801,0.9905
10B,Swahili,layer_14,mean,6.1191,1.7827,0.872187,0.7472,0.8334,0.8644,0.8953,0.9176,0.9385,0.9632,0.9782,0.9895
10B,Swahili,layer_15,mean,6.3877,1.822,0.867746,0.739,0.8291,0.8614,0.8936,0.9163,0.9376,0.9625,0.9777,0.9892
10B,Swahili,layer_16,mean,7.4424,1.9582,0.865764,0.7122,0.8123,0.8477,0.8837,0.9087,0.9318,0.959,0.9755,0.9881
10B,Swahili,layer_17,mean,8.6909,2.1028,0.864326,0.6867,0.7949,0.8327,0.8717,0.8989,0.9243,0.9543,0.9727,0.9867
10B,Swahili,layer_18,mean,10.9064,2.3648,0.866979,0.6466,0.7662,0.8101,0.8557,0.8872,0.9156,0.949,0.9695,0.9852
10B,Swahili,layer_19,mean,12.6426,2.5248,0.864679,0.6252,0.7487,0.7944,0.8416,0.8745,0.9051,0.9422,0.9654,0.9833
10B,Swahili,layer_20,mean,15.5113,2.832,0.86536,0.5892,0.7224,0.7726,0.8249,0.8616,0.8956,0.9362,0.9617,0.9815
10B,Swahili,layer_21,mean,21.9304,3.4407,0.881488,0.5325,0.6769,0.7311,0.7902,0.8336,0.8741,0.9236,0.9551,0.9789
10B,Swahili,layer_22,mean,26.6556,3.9952,0.886374,0.4917,0.6502,0.7107,0.7753,0.8214,0.8653,0.9187,0.9524,0.9778
10B,Swahili,layer_23,mean,33.7664,4.8751,0.896398,0.4411,0.6169,0.6833,0.7551,0.8055,0.8539,0.9122,0.9493,0.9767
10B,Swahili,layer_24,mean,42.1523,6.0433,0.903406,0.3912,0.5791,0.6551,0.7369,0.7924,0.845,0.9075,0.9469,0.9758
10B,Swahili,layer_25,mean,49.6053,7.1538,0.908553,0.3551,0.5508,0.6329,0.7212,0.7808,0.8371,0.9035,0.945,0.9751
10B,Swahili,layer_26,mean,58.6477,9.3353,0.925138,0.3002,0.5169,0.61,0.7094,0.7753,0.8357,0.9048,0.9468,0.9763
10B,Swahili,layer_27,mean,57.6202,9.8861,0.935147,0.2874,0.5149,0.6132,0.7179,0.7847,0.8444,0.9115,0.9511,0.9784
10B,Swahili,layer_28,mean,52.3785,9.7039,0.945786,0.2869,0.525,0.6267,0.7351,0.8019,0.8591,0.9215,0.9571,0.9812
10B,Swahili,layer_29,mean,47.5908,9.2853,0.948536,0.2916,0.5407,0.6426,0.7503,0.815,0.8695,0.9279,0.9607,0.9827
10B,Spanish,layer_0,last,159.1355,24.4214,1.281688,0.1795,0.3062,0.3612,0.4637,0.5776,0.7147,0.8791,0.9548,0.9867
10B,Spanish,layer_1,last,211.1296,26.5966,1.054192,0.173,0.2881,0.3341,0.4237,0.5255,0.655,0.825,0.9198,0.9706
10B,Spanish,layer_2,last,215.7763,28.4047,0.968968,0.1608,0.3108,0.3589,0.4457,0.5395,0.6582,0.8147,0.9056,0.9605
10B,Spanish,layer_3,last,138.1369,15.2338,0.920362,0.2195,0.4164,0.4567,0.5272,0.6031,0.6991,0.8273,0.9052,0.9576
10B,Spanish,layer_4,last,98.3603,9.3484,0.888915,0.3063,0.4787,0.5139,0.5752,0.6401,0.7221,0.8331,0.9039,0.9554
10B,Spanish,layer_5,last,101.4219,8.9074,0.862873,0.3183,0.4775,0.5123,0.5718,0.6342,0.7131,0.8209,0.893,0.949
10B,Spanish,layer_6,last,115.7863,9.5878,0.843694,0.3071,0.4613,0.4959,0.5555,0.6172,0.695,0.8039,0.8799,0.9418
10B,Spanish,layer_7,last,141.9068,10.8856,0.822648,0.2884,0.4327,0.467,0.5262,0.5884,0.667,0.7814,0.8637,0.9327
10B,Spanish,layer_8,last,163.2418,11.9097,0.804131,0.2751,0.4144,0.4484,0.5074,0.5689,0.6465,0.7628,0.8496,0.9246
10B,Spanish,layer_9,last,183.0883,12.6292,0.785033,0.267,0.4009,0.4334,0.49,0.5494,0.6262,0.7456,0.8364,0.9166
10B,Spanish,layer_10,last,201.2501,13.7626,0.768493,0.2529,0.3882,0.4203,0.4763,0.5362,0.6138,0.7355,0.8275,0.9105
10B,Spanish,layer_11,last,213.6409,13.5696,0.74807,0.2568,0.3825,0.4144,0.4685,0.5254,0.5991,0.7194,0.8145,0.9022
10B,Spanish,layer_12,last,227.8967,14.1535,0.735969,0.2503,0.3732,0.4037,0.4571,0.5141,0.5892,0.7109,0.8075,0.8974
10B,Spanish,layer_13,last,250.7629,15.2334,0.723019,0.2404,0.3608,0.3919,0.4448,0.5009,0.5747,0.6969,0.7963,0.8902
10B,Spanish,layer_14,last,283.5489,16.7839,0.70557,0.2278,0.3468,0.3785,0.431,0.4846,0.555,0.6764,0.7797,0.8797
10B,Spanish,layer_15,last,315.0472,18.9856,0.697204,0.2111,0.3311,0.3636,0.4167,0.4711,0.5423,0.6648,0.7704,0.8737
10B,Spanish,layer_16,last,352.2419,21.8884,0.687932,0.1926,0.3146,0.3481,0.4022,0.4572,0.5291,0.6524,0.7602,0.867
10B,Spanish,layer_17,last,393.8807,24.9557,0.677915,0.1773,0.2986,0.3322,0.3866,0.442,0.5142,0.6382,0.7482,0.859
10B,Spanish,layer_18,last,428.2787,27.9715,0.670287,0.1656,0.2856,0.3203,0.3764,0.4327,0.5049,0.629,0.74,0.8533
10B,Spanish,layer_19,last,465.4824,31.59,0.662389,0.1525,0.2746,0.3085,0.365,0.4219,0.4946,0.6192,0.7313,0.8473
10B,Spanish,layer_20,last,500.837,35.3715,0.653322,0.1423,0.2653,0.2994,0.3569,0.4139,0.4864,0.6104,0.7229,0.841
10B,Spanish,layer_21,last,543.5886,40.1144,0.642824,0.1311,0.2552,0.2892,0.3472,0.4044,0.4763,0.5991,0.7122,0.8331
10B,Spanish,layer_22,last,574.9869,45.6365,0.638319,0.1198,0.2468,0.2815,0.3411,0.3999,0.4723,0.5945,0.7075,0.8296
10B,Spanish,layer_23,last,603.8112,52.1263,0.635113,0.1085,0.2372,0.274,0.3366,0.3969,0.4704,0.592,0.7045,0.827
10B,Spanish,layer_24,last,620.3821,59.0157,0.635079,0.0972,0.2291,0.2686,0.3353,0.3977,0.4729,0.5942,0.7058,0.8273
10B,Spanish,layer_25,last,637.955,69.2009,0.638255,0.0848,0.2162,0.2614,0.3332,0.3992,0.477,0.5994,0.7099,0.8295
10B,Spanish,layer_26,last,622.3065,78.9447,0.647646,0.0741,0.2062,0.2578,0.3397,0.4124,0.4943,0.6171,0.7241,0.8382
10B,Spanish,layer_27,last,567.5627,73.1347,0.654494,0.0838,0.2113,0.2693,0.3584,0.4349,0.5171,0.6373,0.7396,0.8475
10B,Spanish,layer_28,last,462.7433,50.0442,0.661437,0.1154,0.2434,0.3004,0.3942,0.4701,0.5492,0.6638,0.7598,0.8598
10B,Spanish,layer_29,last,381.0988,37.2559,0.663077,0.1377,0.2802,0.3402,0.4294,0.5008,0.575,0.6833,0.774,0.8682
10B,Spanish,layer_0,mean,129.7023,37.4919,1.210922,0.1133,0.2882,0.3924,0.5489,0.6771,0.8035,0.9268,0.9742,0.9923
10B,Spanish,layer_1,mean,116.2813,31.4056,1.113802,0.116,0.3214,0.4321,0.5862,0.7043,0.8166,0.9241,0.9678,0.9888
10B,Spanish,layer_2,mean,111.756,25.5695,1.034624,0.1354,0.3579,0.4643,0.6047,0.7098,0.8075,0.9078,0.9559,0.9831
10B,Spanish,layer_3,mean,89.6186,19.2907,0.985062,0.1654,0.4178,0.5274,0.6536,0.7423,0.8231,0.909,0.9534,0.9808
10B,Spanish,layer_4,mean,78.4316,15.9565,0.950126,0.1986,0.4508,0.5595,0.6791,0.7596,0.8316,0.9093,0.9513,0.9789
10B,Spanish,layer_5,mean,74.4411,15.2002,0.923706,0.2077,0.4634,0.5779,0.6938,0.7697,0.8359,0.9084,0.9489,0.9771
10B,Spanish,layer_6,mean,80.449,14.706,0.901289,0.2203,0.4539,0.5614,0.6777,0.7549,0.8226,0.8983,0.9419,0.9732
10B,Spanish,layer_7,mean,84.5802,16.0142,0.886908,0.2061,0.4404,0.553,0.6747,0.7537,0.8221,0.8967,0.9399,0.9717
10B,Spanish,layer_8,mean,88.5662,16.1668,0.873572,0.2045,0.4358,0.5444,0.6675,0.7469,0.8151,0.8906,0.9354,0.9691
10B,Spanish,layer_9,mean,91.0113,15.0256,0.857323,0.22,0.4383,0.5385,0.6582,0.737,0.8056,0.8829,0.9299,0.9659
10B,Spanish,layer_10,mean,90.0268,14.6446,0.846558,0.225,0.4395,0.5388,0.6602,0.7395,0.8074,0.8826,0.929,0.965
10B,Spanish,layer_11,mean,88.7116,13.2844,0.834197,0.2441,0.4461,0.5395,0.6582,0.7365,0.8033,0.8786,0.9258,0.963
10B,Spanish,layer_12,mean,81.8531,13.1031,0.83389,0.2421,0.4542,0.5514,0.6731,0.7521,0.8172,0.8877,0.9313,0.9655
10B,Spanish,layer_13,mean,83.3124,14.1602,0.830446,0.2259,0.4512,0.5519,0.6759,0.7547,0.8189,0.8886,0.9316,0.9655
10B,Spanish,layer_14,mean,94.1677,14.3445,0.816833,0.2309,0.4372,0.5321,0.6526,0.7324,0.7989,0.8741,0.9217,0.9601
10B,Spanish,layer_15,mean,95.5284,15.4982,0.814918,0.2157,0.4342,0.5338,0.6553,0.7348,0.8011,0.8754,0.9225,0.9604
10B,Spanish,layer_16,mean,102.192,17.294,0.815764,0.1981,0.4195,0.5188,0.6453,0.7296,0.7988,0.8749,0.9223,0.9602
10B,Spanish,layer_17,mean,106.8584,19.8734,0.817263,0.1741,0.4091,0.5102,0.6438,0.7304,0.8009,0.8765,0.9233,0.9607
10B,Spanish,layer_18,mean,113.859,21.55,0.814581,0.1634,0.3973,0.4985,0.6326,0.7233,0.7963,0.8732,0.9209,0.9593
10B,Spanish,layer_19,mean,127.2536,23.0216,0.806851,0.1575,0.3834,0.4807,0.6136,0.7047,0.78,0.861,0.9125,0.9548
10B,Spanish,layer_20,mean,134.1905,25.6508,0.807238,0.1402,0.3704,0.4724,0.6084,0.701,0.7776,0.859,0.9108,0.9539
10B,Spanish,layer_21,mean,150.5032,29.3008,0.81542,0.1228,0.3521,0.4523,0.59,0.6838,0.7627,0.8485,0.9046,0.9517
10B,Spanish,layer_22,mean,152.8789,31.0869,0.826145,0.111,0.3419,0.4451,0.586,0.6813,0.7632,0.8523,0.9083,0.9539
10B,Spanish,layer_23,mean,150.1765,31.1612,0.834465,0.1097,0.3444,0.4469,0.5904,0.6855,0.7659,0.8541,0.9103,0.9556
10B,Spanish,layer_24,mean,146.5743,32.3448,0.849268,0.1097,0.3351,0.4424,0.5909,0.6922,0.7762,0.8643,0.9178,0.9597
10B,Spanish,layer_25,mean,129.8439,29.5187,0.863466,0.123,0.3462,0.4575,0.6097,0.7127,0.7959,0.8795,0.9279,0.9649
10B,Spanish,layer_26,mean,118.498,29.7648,0.89133,0.1208,0.3448,0.4618,0.6234,0.7316,0.8157,0.8961,0.9399,0.9714
10B,Spanish,layer_27,mean,112.0255,28.6218,0.904722,0.1254,0.349,0.4698,0.633,0.7397,0.8233,0.9026,0.9446,0.9741
10B,Spanish,layer_28,mean,103.3091,26.4711,0.914978,0.1328,0.3622,0.4859,0.6467,0.7505,0.832,0.909,0.949,0.9763
10B,Spanish,layer_29,mean,95.8075,24.3632,0.916427,0.1402,0.3793,0.5053,0.6607,0.7601,0.8379,0.9125,0.9511,0.9774
10B,German,layer_0,last,208.7756,37.5482,1.280475,0.1469,0.2325,0.2942,0.412,0.5343,0.6823,0.8648,0.9518,0.9865
10B,German,layer_1,last,256.7472,35.8461,1.068803,0.1537,0.234,0.2872,0.3908,0.4988,0.6335,0.8125,0.9159,0.9706
10B,German,layer_2,last,281.4335,37.9562,0.981104,0.1483,0.2315,0.286,0.3896,0.4939,0.6228,0.7945,0.8974,0.9588
10B,German,layer_3,last,299.8973,38.3102,0.931041,0.1467,0.2349,0.2894,0.3903,0.4899,0.6127,0.7777,0.8804,0.9481
10B,German,layer_4,last,325.5962,41.2851,0.900162,0.1399,0.2298,0.2851,0.3848,0.4816,0.6003,0.7616,0.8655,0.9392
10B,German,layer_5,last,367.5851,47.7134,0.872725,0.1283,0.2162,0.2718,0.371,0.4654,0.5814,0.7413,0.8481,0.9291
10B,German,layer_6,last,407.6748,55.7497,0.854131,0.1158,0.2058,0.2615,0.3587,0.4515,0.5653,0.7239,0.8336,0.9208
10B,German,layer_7,last,471.1295,71.709,0.833,0.0974,0.1872,0.2418,0.3369,0.4274,0.5399,0.7025,0.8171,0.911
10B,German,layer_8,last,527.449,89.2872,0.813884,0.0813,0.1735,0.2294,0.3223,0.4107,0.5208,0.6834,0.8015,0.9017
10B,German,layer_9,last,593.3372,111.3829,0.794652,0.0668,0.1581,0.2144,0.304,0.3894,0.4982,0.6636,0.7858,0.8919
10B,German,layer_10,last,636.562,128.253,0.778309,0.0577,0.1482,0.2034,0.2924,0.3774,0.4871,0.6533,0.776,0.8847
10B,German,layer_11,last,699.9526,146.9154,0.758418,0.0504,0.1385,0.1935,0.2803,0.3622,0.467,0.6319,0.7587,0.8737
10B,German,layer_12,last,743.0962,168.1578,0.746615,0.0427,0.1296,0.1844,0.2693,0.3511,0.4567,0.6225,0.7506,0.8679
10B,German,layer_13,last,777.965,178.8079,0.733705,0.0407,0.1267,0.1818,0.2656,0.345,0.4471,0.6109,0.7402,0.8609
10B,German,layer_14,last,809.8566,182.178,0.717029,0.0401,0.1271,0.1837,0.267,0.3426,0.438,0.5965,0.7268,0.8517
10B,German,layer_15,last,826.3765,186.7586,0.70934,0.0401,0.1254,0.1822,0.2652,0.3404,0.4347,0.5916,0.7221,0.848
10B,German,layer_16,last,837.0445,184.9826,0.699701,0.0402,0.1271,0.1837,0.2666,0.3403,0.4325,0.5866,0.7165,0.8436
10B,German,layer_17,last,865.8973,192.4217,0.690512,0.0397,0.123,0.1796,0.2619,0.3357,0.4268,0.5786,0.7085,0.8379
10B,German,layer_18,last,867.7878,189.6401,0.683215,0.0402,0.1235,0.1806,0.2642,0.3384,0.4285,0.5772,0.7056,0.835
10B,German,layer_19,last,869.9124,182.5386,0.674871,0.0411,0.1265,0.1837,0.2664,0.3397,0.4283,0.5743,0.7016,0.8314
10B,German,layer_20,last,869.2438,175.3948,0.665729,0.042,0.1312,0.1884,0.27,0.3421,0.4288,0.5719,0.6977,0.8275
10B,German,layer_21,last,894.9675,177.2436,0.654042,0.0407,0.1332,0.1873,0.268,0.3384,0.4232,0.5631,0.6882,0.8202
10B,German,layer_22,last,895.9724,171.6689,0.648445,0.0405,0.1371,0.1892,0.2692,0.3392,0.4231,0.5607,0.6851,0.8176
10B,German,layer_23,last,893.3199,165.8165,0.644092,0.0435,0.1395,0.1902,0.2708,0.3411,0.4245,0.5602,0.6836,0.8158
10B,German,layer_24,last,863.7119,151.2182,0.642981,0.05,0.1456,0.1954,0.2773,0.3485,0.432,0.5664,0.6877,0.8176
10B,German,layer_25,last,824.8737,139.2903,0.6446,0.0559,0.1486,0.2009,0.2856,0.3596,0.4442,0.577,0.6955,0.8218
10B,German,layer_26,last,744.2652,121.4607,0.652145,0.0621,0.1585,0.2144,0.3036,0.3828,0.4698,0.6,0.7132,0.8325
10B,German,layer_27,last,650.3793,96.2733,0.6573,0.0736,0.1789,0.2386,0.3307,0.411,0.4969,0.6227,0.7299,0.8423
10B,German,layer_28,last,530.4337,65.6836,0.662929,0.0969,0.2129,0.2777,0.3712,0.4484,0.5302,0.6497,0.7501,0.8543
10B,German,layer_29,last,443.0084,47.6159,0.664179,0.119,0.2472,0.3136,0.405,0.4782,0.5554,0.6685,0.7635,0.8622
10B,German,layer_0,mean,137.8639,31.4684,1.2533,0.1505,0.2866,0.3742,0.5145,0.6445,0.7789,0.9178,0.973,0.9927
10B,German,layer_1,mean,134.0982,28.9615,1.149297,0.1559,0.3064,0.401,0.5372,0.6575,0.7816,0.9094,0.9636,0.9882
10B,German,layer_2,mean,109.9567,18.8744,1.06713,0.198,0.3803,0.4655,0.5828,0.6836,0.7865,0.8987,0.9537,0.9833
10B,German,layer_3,mean,58.1113,8.207,1.015891,0.3293,0.5116,0.5832,0.6759,0.7514,0.8272,0.9125,0.9571,0.9833
10B,German,layer_4,mean,39.2313,5.6048,0.980871,0.4095,0.5793,0.6464,0.727,0.7892,0.8511,0.9213,0.9595,0.9834
10B,German,layer_5,mean,35.1134,5.064,0.951992,0.4335,0.5976,0.6659,0.7434,0.8008,0.8572,0.922,0.9582,0.9821
10B,German,layer_6,mean,33.4357,4.5825,0.92885,0.4592,0.6019,0.6687,0.7431,0.7986,0.8537,0.9179,0.9548,0.9801
10B,German,layer_7,mean,34.6531,4.8759,0.911238,0.4433,0.5992,0.6693,0.7469,0.8022,0.8561,0.9178,0.9537,0.9791
10B,German,layer_8,mean,33.5975,4.6122,0.893397,0.4573,0.6037,0.6734,0.7483,0.8015,0.8537,0.9144,0.9508,0.9773
10B,German,layer_9,mean,30.8458,4.1559,0.875891,0.484,0.6172,0.6815,0.7523,0.8033,0.8535,0.9124,0.9488,0.9759
10B,German,layer_10,mean,28.183,3.8905,0.862578,0.5011,0.6303,0.6928,0.7622,0.8117,0.8591,0.9145,0.9492,0.9757
10B,German,layer_11,mean,24.7521,3.4935,0.849996,0.5303,0.6488,0.7066,0.7722,0.8185,0.8631,0.9158,0.9494,0.9755
10B,German,layer_12,mean,22.4296,3.391,0.847373,0.5379,0.6632,0.722,0.7869,0.8321,0.8741,0.9226,0.9533,0.9772
10B,German,layer_13,mean,24.3027,3.7129,0.842937,0.512,0.6549,0.7189,0.7868,0.8325,0.8744,0.9225,0.9529,0.9768
10B,German,layer_14,mean,25.1312,3.6562,0.829749,0.5168,0.6522,0.7132,0.7792,0.8238,0.8659,0.9159,0.9483,0.9743
10B,German,layer_15,mean,27.7202,4.0095,0.827276,0.4918,0.6396,0.705,0.7745,0.821,0.8639,0.9146,0.9474,0.9737
10B,German,layer_16,mean,31.7715,4.4843,0.825369,0.4631,0.6204,0.6891,0.7633,0.813,0.858,0.9111,0.9451,0.9724
10B,German,layer_17,mean,37.5729,5.353,0.825452,0.4193,0.5975,0.6701,0.7524,0.8062,0.8533,0.9083,0.9433,0.9715
10B,German,layer_18,mean,43.2567,6.1385,0.823932,0.3884,0.5741,0.6505,0.7398,0.7986,0.8485,0.9053,0.9413,0.9703
10B,German,layer_19,mean,47.7633,6.413,0.814443,0.3798,0.5613,0.6368,0.7259,0.7854,0.8368,0.8964,0.9351,0.9669
10B,German,layer_20,mean,56.0839,7.7295,0.813792,0.3419,0.5293,0.6129,0.7151,0.7794,0.8332,0.8937,0.9329,0.9656
10B,German,layer_21,mean,69.7196,9.2908,0.818792,0.3076,0.4969,0.5807,0.6868,0.7552,0.8134,0.8801,0.9246,0.9619
10B,German,layer_22,mean,80.6941,11.0007,0.825369,0.2786,0.4683,0.5563,0.6684,0.7414,0.804,0.876,0.9227,0.9612
10B,German,layer_23,mean,90.7629,13.0891,0.833208,0.2486,0.446,0.5391,0.6555,0.7316,0.7969,0.872,0.921,0.9609
10B,German,layer_24,mean,99.3161,16.6959,0.845331,0.209,0.4185,0.5166,0.6504,0.7344,0.8027,0.8777,0.9253,0.9633
10B,German,layer_25,mean,96.8738,19.6175,0.857206,0.1741,0.412,0.5189,0.6616,0.7505,0.8187,0.8895,0.9331,0.9673
10B,German,layer_26,mean,95.967,22.5639,0.881793,0.1437,0.3971,0.5107,0.6641,0.7613,0.8318,0.9013,0.9419,0.9722
10B,German,layer_27,mean,96.4719,24.2608,0.892986,0.1276,0.3899,0.508,0.665,0.7636,0.8354,0.9051,0.945,0.974
10B,German,layer_28,mean,96.5857,24.8461,0.902022,0.1275,0.3852,0.5057,0.6645,0.7635,0.8371,0.9076,0.9471,0.9752
10B,German,layer_29,mean,93.5032,24.0576,0.903124,0.1332,0.3927,0.5142,0.6709,0.767,0.8397,0.9094,0.9483,0.9758
10B,Hindi,layer_0,last,84.8098,31.7559,1.489692,0.1273,0.2976,0.428,0.6324,0.7767,0.8894,0.974,0.9944,0.9989
10B,Hindi,layer_1,last,137.2682,41.8083,1.202917,0.1133,0.2552,0.3635,0.5321,0.6751,0.8084,0.9283,0.972,0.9908
10B,Hindi,layer_2,last,114.3765,28.5921,1.120272,0.1374,0.3244,0.426,0.5779,0.7061,0.8217,0.9251,0.9661,0.9873
10B,Hindi,layer_3,last,37.5297,5.412,1.076181,0.4211,0.5482,0.6151,0.7145,0.7985,0.8738,0.9424,0.9718,0.9888
10B,Hindi,layer_4,last,19.7627,3.2144,1.048734,0.5538,0.6514,0.7022,0.7771,0.8404,0.8973,0.9504,0.9747,0.9897
10B,Hindi,layer_5,last,17.8409,2.9508,1.024621,0.579,0.6697,0.7166,0.7857,0.8441,0.8967,0.9476,0.9724,0.9884
10B,Hindi,layer_6,last,18.4913,2.9497,1.004971,0.5793,0.6676,0.7131,0.7805,0.8375,0.8894,0.9417,0.9685,0.9866
10B,Hindi,layer_7,last,21.0511,3.079,0.984731,0.5671,0.6512,0.6958,0.7626,0.8203,0.8748,0.9322,0.9628,0.9839
10B,Hindi,layer_8,last,22.4932,3.1132,0.960731,0.5642,0.6438,0.6869,0.7526,0.8098,0.8649,0.9246,0.9577,0.9812
10B,Hindi,layer_9,last,23.8512,3.1344,0.935834,0.5625,0.6387,0.68,0.743,0.799,0.8545,0.9169,0.9523,0.9783
10B,Hindi,layer_10,last,27.0115,3.2755,0.909535,0.5503,0.6237,0.6634,0.726,0.7831,0.8412,0.9071,0.9454,0.9744
10B,Hindi,layer_11,last,27.4077,3.2015,0.883299,0.557,0.6256,0.6628,0.7216,0.7758,0.8321,0.8987,0.9391,0.9708
10B,Hindi,layer_12,last,29.5255,3.2444,0.862379,0.5536,0.6161,0.6517,0.7087,0.7628,0.8211,0.8905,0.9331,0.9672
10B,Hindi,layer_13,last,32.3872,3.3374,0.841841,0.5458,0.6065,0.6414,0.6972,0.7503,0.8085,0.8798,0.9253,0.9628
10B,Hindi,layer_14,last,36.9746,3.5349,0.821008,0.5302,0.5927,0.628,0.6836,0.736,0.7936,0.8669,0.916,0.9575
10B,Hindi,layer_15,last,42.6661,3.7981,0.807767,0.5114,0.5741,0.6103,0.6675,0.721,0.7804,0.8568,0.9087,0.9533
10B,Hindi,layer_16,last,49.6778,4.1162,0.79262,0.491,0.5555,0.5923,0.6507,0.7054,0.7659,0.8451,0.9,0.9481
10B,Hindi,layer_17,last,59.1778,4.5224,0.779286,0.4681,0.5336,0.571,0.6305,0.6862,0.748,0.8308,0.8897,0.9422
10B,Hindi,layer_18,last,67.5652,4.8936,0.767196,0.4498,0.5166,0.555,0.6163,0.6729,0.7354,0.8204,0.8818,0.9373
10B,Hindi,layer_19,last,77.2784,5.3527,0.755324,0.4296,0.4999,0.5399,0.6032,0.6604,0.7232,0.8098,0.8738,0.9324
10B,Hindi,layer_20,last,86.6955,5.8051,0.743192,0.4121,0.4858,0.5277,0.5925,0.6498,0.7127,0.8005,0.8663,0.9275
10B,Hindi,layer_21,last,98.3154,6.3211,0.730893,0.3944,0.4707,0.5138,0.5793,0.6365,0.6992,0.7887,0.8571,0.9217
10B,Hindi,layer_22,last,108.8539,6.8545,0.721139,0.3781,0.4601,0.5034,0.5693,0.6264,0.6891,0.7796,0.8499,0.917
10B,Hindi,layer_23,last,122.7747,7.5995,0.712538,0.3581,0.4461,0.4902,0.557,0.6142,0.6772,0.7696,0.8421,0.912
10B,Hindi,layer_24,last,139.6313,8.6265,0.704778,0.3346,0.4306,0.4761,0.5442,0.6018,0.6659,0.7601,0.8346,0.9071
10B,Hindi,layer_25,last,164.957,10.2976,0.698204,0.3041,0.4093,0.4567,0.5262,0.5852,0.6506,0.7477,0.8252,0.9012
10B,Hindi,layer_26,last,217.8645,14.9421,0.694908,0.2459,0.3701,0.4209,0.495,0.5578,0.627,0.73,0.8125,0.8936
10B,Hindi,layer_27,last,282.2912,25.1604,0.692661,0.1686,0.334,0.3891,0.4691,0.5354,0.6074,0.7154,0.8019,0.8873
10B,Hindi,layer_28,last,311.3395,31.9682,0.693433,0.1402,0.3152,0.3766,0.4604,0.528,0.6016,0.712,0.7995,0.8858
10B,Hindi,layer_29,last,269.0421,24.9391,0.6926,0.1628,0.3387,0.3995,0.48,0.545,0.6163,0.7226,0.8067,0.8897
10B,Hindi,layer_0,mean,87.4898,34.0879,1.317394,0.1021,0.3104,0.4356,0.6336,0.7798,0.8886,0.9671,0.9896,0.9971
10B,Hindi,layer_1,mean,82.6827,26.3915,1.196922,0.1389,0.3531,0.4659,0.6445,0.7792,0.8818,0.9595,0.9847,0.9949
10B,Hindi,layer_2,mean,79.7136,21.0007,1.123294,0.1733,0.391,0.4963,0.6535,0.7739,0.8685,0.9481,0.9779,0.992
10B,Hindi,layer_3,mean,58.5185,13.2532,1.076817,0.2136,0.4822,0.5721,0.6991,0.7968,0.8769,0.9476,0.9761,0.9908
10B,Hindi,layer_4,mean,44.5973,8.8734,1.042886,0.2931,0.5408,0.6191,0.7288,0.814,0.8843,0.948,0.9751,0.99
10B,Hindi,layer_5,mean,42.3704,7.791,1.014938,0.3276,0.553,0.6283,0.7326,0.8135,0.8811,0.9441,0.9721,0.9885
10B,Hindi,layer_6,mean,42.7062,7.2275,0.991935,0.3491,0.5532,0.6263,0.7279,0.8068,0.8739,0.9387,0.9686,0.9867
10B,Hindi,layer_7,mean,45.6222,7.3268,0.972375,0.3508,0.5405,0.6158,0.7197,0.7993,0.8675,0.9339,0.9654,0.985
10B,Hindi,layer_8,mean,47.8882,7.0421,0.954474,0.3627,0.5321,0.6066,0.7084,0.7872,0.8573,0.927,0.961,0.9828
10B,Hindi,layer_9,mean,47.2775,6.4623,0.936164,0.3827,0.5328,0.6055,0.7046,0.7816,0.8514,0.9221,0.9576,0.9809
10B,Hindi,layer_10,mean,46.8192,6.1401,0.920511,0.3945,0.5333,0.6055,0.7025,0.7791,0.8484,0.919,0.9552,0.9795
10B,Hindi,layer_11,mean,45.0945,5.6968,0.908151,0.4114,0.5391,0.6089,0.7026,0.7775,0.8459,0.9164,0.9532,0.9783
10B,Hindi,layer_12,mean,43.461,5.5791,0.902369,0.4158,0.5446,0.6154,0.7094,0.783,0.8496,0.9182,0.9539,0.9784
10B,Hindi,layer_13,mean,46.2179,5.8064,0.894425,0.4071,0.5377,0.6085,0.7026,0.7758,0.8434,0.9138,0.951,0.9769
10B,Hindi,layer_14,mean,50.472,5.9619,0.882338,0.4023,0.5239,0.5942,0.6884,0.762,0.8314,0.9055,0.9457,0.9742
10B,Hindi,layer_15,mean,54.1114,6.5406,0.876807,0.3822,0.5142,0.5892,0.6861,0.7598,0.8299,0.9044,0.9447,0.9735
10B,Hindi,layer_16,mean,59.0162,7.085,0.870344,0.366,0.5026,0.5792,0.6769,0.7518,0.8233,0.8999,0.9417,0.9719
10B,Hindi,layer_17,mean,67.7542,8.2228,0.867497,0.3372,0.4805,0.5605,0.6628,0.7404,0.8148,0.8948,0.9386,0.9703
10B,Hindi,layer_18,mean,73.2198,8.9571,0.860051,0.3214,0.4689,0.5513,0.6553,0.7341,0.8095,0.8907,0.9357,0.9686
10B,Hindi,layer_19,mean,80.1039,9.5477,0.84951,0.3106,0.4566,0.5379,0.6432,0.7232,0.7999,0.8834,0.9305,0.9657
10B,Hindi,layer_20,mean,87.8451,10.8389,0.844014,0.2882,0.4426,0.5289,0.6349,0.7159,0.7937,0.8789,0.9274,0.9639
10B,Hindi,layer_21,mean,98.6947,12.7537,0.841804,0.2608,0.426,0.5166,0.6234,0.7048,0.7842,0.8722,0.9232,0.9618
10B,Hindi,layer_22,mean,107.3593,14.5541,0.840139,0.2393,0.4132,0.5062,0.6154,0.6976,0.7777,0.8676,0.9205,0.9605
10B,Hindi,layer_23,mean,116.8033,16.9093,0.839736,0.2155,0.4001,0.4946,0.6066,0.6908,0.7722,0.864,0.9183,0.9594
10B,Hindi,layer_24,mean,125.6512,19.9792,0.840578,0.1875,0.3897,0.4862,0.6014,0.6859,0.7678,0.861,0.9165,0.9587
10B,Hindi,layer_25,mean,123.9927,23.0608,0.845143,0.1529,0.391,0.4937,0.6137,0.6973,0.7765,0.8665,0.9201,0.9606
10B,Hindi,layer_26,mean,120.1745,26.008,0.861525,0.1179,0.388,0.4995,0.6272,0.7104,0.788,0.8757,0.9271,0.9647
10B,Hindi,layer_27,mean,114.2928,24.9144,0.869424,0.1395,0.388,0.504,0.6375,0.7199,0.7958,0.8816,0.9313,0.9669
10B,Hindi,layer_28,mean,98.0212,19.2935,0.875106,0.1847,0.4096,0.529,0.6575,0.7368,0.8088,0.8903,0.9368,0.9697
10B,Hindi,layer_29,mean,80.6528,14.5584,0.872721,0.2275,0.4506,0.5645,0.6816,0.7559,0.8226,0.898,0.9411,0.9716
10B,Arabic,layer_0,last,145.934,28.5462,1.344672,0.1659,0.2864,0.354,0.4828,0.6167,0.7595,0.9086,0.9706,0.9925
10B,Arabic,layer_1,last,179.2942,28.4337,1.145028,0.1702,0.2786,0.3396,0.4552,0.5774,0.7145,0.868,0.9448,0.9821
10B,Arabic,layer_2,last,193.3814,30.7943,1.062377,0.1611,0.2729,0.3397,0.4548,0.5741,0.707,0.856,0.9329,0.9749
10B,Arabic,layer_3,last,164.9876,26.0604,1.016863,0.1608,0.3334,0.3976,0.501,0.6064,0.7238,0.8574,0.9287,0.9713
10B,Arabic,layer_4,last,135.9205,19.1577,0.988078,0.1889,0.384,0.445,0.5386,0.6328,0.738,0.8597,0.9265,0.9691
10B,Arabic,layer_5,last,139.3952,18.4283,0.963927,0.1979,0.3853,0.4462,0.5379,0.6286,0.7308,0.8506,0.9187,0.9647
10B,Arabic,layer_6,last,149.1176,19.6228,0.946354,0.1921,0.3765,0.4434,0.5344,0.6221,0.7221,0.8415,0.9113,0.9608
10B,Arabic,layer_7,last,172.8369,21.8664,0.926675,0.1842,0.3526,0.4203,0.5114,0.5988,0.7,0.8253,0.9003,0.9549
10B,Arabic,layer_8,last,192.9228,23.402,0.905678,0.1808,0.3364,0.4052,0.4965,0.5826,0.6828,0.8102,0.8892,0.9488
10B,Arabic,layer_9,last,213.1207,24.9198,0.885642,0.1769,0.3228,0.3913,0.4821,0.5666,0.6663,0.7965,0.8789,0.9428
10B,Arabic,layer_10,last,232.0414,26.7995,0.867602,0.1705,0.31,0.3773,0.4692,0.5534,0.6541,0.7867,0.8709,0.9377
10B,Arabic,layer_11,last,244.9061,26.2034,0.84654,0.1755,0.3056,0.3728,0.4628,0.5442,0.6412,0.7729,0.86,0.9311
10B,Arabic,layer_12,last,261.2566,27.235,0.832191,0.173,0.2969,0.3626,0.452,0.5328,0.6297,0.764,0.8531,0.9266
10B,Arabic,layer_13,last,281.4349,29.0935,0.817555,0.1666,0.2883,0.3549,0.4431,0.5221,0.617,0.7516,0.8434,0.9208
10B,Arabic,layer_14,last,305.422,32.1549,0.800989,0.156,0.2795,0.3477,0.4356,0.5126,0.6047,0.7377,0.8321,0.914
10B,Arabic,layer_15,last,327.0684,35.8062,0.791465,0.1453,0.2693,0.3383,0.4275,0.5047,0.5959,0.7293,0.8255,0.9098
10B,Arabic,layer_16,last,353.0052,40.5209,0.780087,0.1331,0.2576,0.3271,0.4184,0.4955,0.5862,0.7196,0.8175,0.9046
10B,Arabic,layer_17,last,384.0829,45.8061,0.769756,0.1219,0.2468,0.3153,0.4069,0.4837,0.5733,0.7069,0.8074,0.8987
10B,Arabic,layer_18,last,401.9387,49.88,0.76118,0.1139,0.24,0.3088,0.402,0.4795,0.5682,0.7007,0.8018,0.8948
10B,Arabic,layer_19,last,423.0352,55.3466,0.75264,0.1045,0.2336,0.3017,0.3966,0.4742,0.5619,0.6936,0.7957,0.8908
10B,Arabic,layer_20,last,438.2005,58.9682,0.742535,0.0979,0.2306,0.2992,0.3939,0.4709,0.5574,0.6875,0.7896,0.8863
10B,Arabic,layer_21,last,460.8177,63.904,0.733393,0.0906,0.2244,0.2934,0.3878,0.4642,0.5495,0.679,0.7824,0.8815
10B,Arabic,layer_22,last,469.6534,66.785,0.727245,0.0848,0.2231,0.2926,0.3871,0.4629,0.5472,0.6754,0.779,0.8789
10B,Arabic,layer_23,last,483.4307,70.5892,0.721901,0.0787,0.2193,0.2885,0.383,0.4591,0.5434,0.6714,0.7753,0.8762
10B,Arabic,layer_24,last,483.6424,71.6624,0.718339,0.0759,0.2191,0.2896,0.3851,0.4606,0.5446,0.6713,0.7745,0.8752
10B,Arabic,layer_25,last,488.5088,73.9294,0.7167,0.0744,0.2149,0.287,0.3844,0.4603,0.5444,0.6711,0.774,0.8746
10B,Arabic,layer_26,last,481.3959,76.6173,0.720242,0.0739,0.2082,0.2852,0.3882,0.4662,0.5519,0.6783,0.7795,0.8777
10B,Arabic,layer_27,last,459.5495,72.5495,0.721813,0.0805,0.207,0.2896,0.3984,0.4775,0.563,0.687,0.7854,0.8808
10B,Arabic,layer_28,last,367.5617,48.7218,0.724734,0.1097,0.2541,0.3334,0.4382,0.514,0.595,0.7111,0.8019,0.8899
10B,Arabic,layer_29,last,298.7672,35.6144,0.724054,0.1297,0.3008,0.3766,0.4741,0.5442,0.6202,0.7288,0.8136,0.8962
10B,Arabic,layer_0,mean,108.2905,33.7813,1.268835,0.1104,0.3191,0.4242,0.5822,0.7134,0.8353,0.9448,0.9824,0.995
10B,Arabic,layer_1,mean,103.7049,27.3658,1.174468,0.1394,0.347,0.4526,0.6011,0.7186,0.8298,0.9333,0.9741,0.9918
10B,Arabic,layer_2,mean,96.0528,22.3239,1.101624,0.1631,0.3836,0.4885,0.6248,0.7285,0.8266,0.9232,0.9665,0.9882
10B,Arabic,layer_3,mean,67.8987,13.9411,1.055437,0.2181,0.4709,0.5673,0.6833,0.7677,0.8473,0.9278,0.9662,0.9873
10B,Arabic,layer_4,mean,51.367,9.5523,1.02202,0.2887,0.5261,0.6169,0.7203,0.7936,0.862,0.9318,0.9665,0.9868
10B,Arabic,layer_5,mean,46.9133,8.2847,0.993916,0.3212,0.5404,0.6331,0.7334,0.8021,0.8654,0.931,0.9647,0.9855
10B,Arabic,layer_6,mean,45.6944,7.6277,0.971944,0.3404,0.5459,0.6362,0.7342,0.8009,0.8628,0.9276,0.962,0.9839
10B,Arabic,layer_7,mean,46.803,7.7373,0.952902,0.3387,0.5407,0.6342,0.7336,0.8006,0.8618,0.9256,0.9599,0.9825
10B,Arabic,layer_8,mean,46.7866,7.3879,0.935743,0.3492,0.5415,0.6336,0.7318,0.7974,0.8576,0.9214,0.9568,0.9808
10B,Arabic,layer_9,mean,43.5902,6.5012,0.918262,0.3769,0.555,0.641,0.7349,0.7978,0.8559,0.9187,0.9545,0.9794
10B,Arabic,layer_10,mean,39.812,5.8637,0.90427,0.3997,0.5697,0.6528,0.7437,0.8042,0.8595,0.9194,0.9541,0.9789
10B,Arabic,layer_11,mean,35.0958,5.0953,0.890573,0.4322,0.5915,0.669,0.7539,0.8104,0.8625,0.9199,0.9538,0.9784
10B,Arabic,layer_12,mean,31.4655,4.7668,0.885689,0.4474,0.6093,0.6846,0.7673,0.8223,0.8714,0.9249,0.9564,0.9794
10B,Arabic,layer_13,mean,32.1425,4.9299,0.878521,0.4385,0.6079,0.6846,0.7689,0.8231,0.8711,0.9239,0.9555,0.9788
10B,Arabic,layer_14,mean,33.8851,4.9894,0.865321,0.4358,0.6045,0.6791,0.7604,0.814,0.8626,0.9175,0.9511,0.9764
10B,Arabic,layer_15,mean,35.7457,5.3426,0.861005,0.4189,0.5963,0.6743,0.7595,0.8136,0.8621,0.9168,0.9504,0.976
10B,Arabic,layer_16,mean,40.054,6.0128,0.857966,0.3913,0.5792,0.6613,0.7504,0.8071,0.8572,0.9138,0.9485,0.9749
10B,Arabic,layer_17,mean,45.5597,6.9121,0.856514,0.3609,0.557,0.645,0.7401,0.7999,0.8521,0.9106,0.9464,0.9738
10B,Arabic,layer_18,mean,49.5688,7.4938,0.851456,0.3445,0.5421,0.6353,0.7322,0.7934,0.8466,0.9067,0.9438,0.9724
10B,Arabic,layer_19,mean,55.0464,8.163,0.844591,0.3272,0.5292,0.6223,0.7194,0.7817,0.8365,0.8993,0.9389,0.9698
10B,Arabic,layer_20,mean,61.3143,9.4448,0.843443,0.2988,0.5096,0.6081,0.7111,0.776,0.8326,0.8967,0.9371,0.9688
10B,Arabic,layer_21,mean,73.4665,11.5415,0.848275,0.2635,0.4784,0.5793,0.6899,0.7599,0.8196,0.8887,0.9327,0.9669
10B,Arabic,layer_22,mean,83.4094,13.8284,0.853707,0.2324,0.4552,0.5596,0.6748,0.7484,0.8119,0.8851,0.9311,0.9663
10B,Arabic,layer_23,mean,93.7084,16.8467,0.859446,0.2002,0.4272,0.5377,0.6647,0.7407,0.806,0.882,0.9297,0.9659
10B,Arabic,layer_24,mean,103.9914,20.6227,0.869989,0.1673,0.4013,0.5162,0.6506,0.7325,0.8031,0.8823,0.9307,0.9667
10B,Arabic,layer_25,mean,106.6137,24.2653,0.880173,0.1381,0.3833,0.5078,0.6519,0.7391,0.8112,0.8886,0.9349,0.9689
10B,Arabic,layer_26,mean,107.1813,27.4517,0.903679,0.1261,0.361,0.4945,0.6515,0.7464,0.8219,0.8987,0.9423,0.973
10B,Arabic,layer_27,mean,105.9945,27.5408,0.913571,0.1312,0.3532,0.4918,0.6527,0.7491,0.8255,0.9022,0.945,0.9746
10B,Arabic,layer_28,mean,92.4831,22.7778,0.921483,0.1509,0.3839,0.5212,0.6714,0.7633,0.8365,0.9094,0.9496,0.9769
10B,Arabic,layer_29,mean,76.0769,17.5164,0.920394,0.1702,0.434,0.5633,0.697,0.7809,0.8481,0.9158,0.9532,0.9785
10B,Turkish,layer_0,last,130.3208,22.0086,1.334597,0.1942,0.3233,0.3927,0.5168,0.634,0.7607,0.9047,0.9674,0.9913
10B,Turkish,layer_1,last,165.0079,22.7965,1.143571,0.1939,0.3077,0.3681,0.4812,0.5902,0.7128,0.8617,0.9405,0.9803
10B,Turkish,layer_2,last,179.6582,25.0196,1.057523,0.1818,0.3032,0.365,0.4793,0.5866,0.7051,0.8485,0.9272,0.9722
10B,Turkish,layer_3,last,176.0046,24.805,1.011622,0.1772,0.3307,0.3904,0.4977,0.5974,0.707,0.8414,0.9179,0.9664
10B,Turkish,layer_4,last,171.7301,24.1399,0.985387,0.1717,0.3493,0.406,0.5091,0.6035,0.7071,0.8357,0.9111,0.9623
10B,Turkish,layer_5,last,178.8858,24.6982,0.961604,0.1669,0.3508,0.4065,0.5074,0.599,0.6997,0.8259,0.9023,0.9572
10B,Turkish,layer_6,last,193.8743,26.9981,0.945096,0.1554,0.3429,0.3989,0.4989,0.5889,0.6882,0.8143,0.8931,0.9523
10B,Turkish,layer_7,last,223.4517,32.3155,0.926115,0.1363,0.3209,0.3777,0.4784,0.569,0.6686,0.7996,0.8827,0.9465
10B,Turkish,layer_8,last,247.7994,36.9108,0.906974,0.1201,0.3065,0.3644,0.4655,0.5551,0.6541,0.7861,0.8723,0.9407
10B,Turkish,layer_9,last,276.5784,41.2044,0.887462,0.1102,0.2902,0.3484,0.4485,0.5366,0.6358,0.7715,0.8614,0.9343
10B,Turkish,layer_10,last,306.1964,46.7608,0.870608,0.1015,0.2704,0.3303,0.4311,0.5209,0.6224,0.7608,0.8527,0.9287
10B,Turkish,layer_11,last,329.4997,48.6609,0.849672,0.0988,0.2634,0.3235,0.4221,0.5094,0.6075,0.7455,0.8407,0.9215
10B,Turkish,layer_12,last,353.924,53.0509,0.835732,0.092,0.2513,0.3108,0.4086,0.4965,0.5967,0.7372,0.8343,0.9172
10B,Turkish,layer_13,last,381.4029,56.9821,0.821143,0.0879,0.2421,0.3008,0.3971,0.4843,0.5831,0.7241,0.8241,0.9111
10B,Turkish,layer_14,last,406.3394,59.8615,0.802335,0.0825,0.2371,0.2956,0.3911,0.4762,0.5711,0.7097,0.8122,0.9036
10B,Turkish,layer_15,last,421.9893,62.5185,0.792414,0.0802,0.2303,0.2898,0.3861,0.4712,0.5657,0.7036,0.807,0.9
10B,Turkish,layer_16,last,441.298,66.0606,0.780968,0.0793,0.2243,0.2837,0.3802,0.4652,0.559,0.6961,0.8004,0.8956
10B,Turkish,layer_17,last,451.9866,66.2054,0.771004,0.0841,0.2228,0.2811,0.3775,0.462,0.555,0.6904,0.7948,0.8918
10B,Turkish,layer_18,last,452.9758,63.592,0.761163,0.091,0.2242,0.2826,0.3786,0.4626,0.5546,0.6876,0.7912,0.8888
10B,Turkish,layer_19,last,453.3041,61.7696,0.75094,0.0947,0.226,0.2853,0.3805,0.464,0.5546,0.6851,0.7878,0.8859
10B,Turkish,layer_20,last,452.0331,59.2437,0.740322,0.0997,0.2286,0.2888,0.3837,0.466,0.5552,0.683,0.7843,0.8826
10B,Turkish,layer_21,last,478.3504,62.0905,0.726195,0.0978,0.2228,0.2827,0.3765,0.4578,0.5455,0.6716,0.7739,0.8754
10B,Turkish,layer_22,last,485.0854,62.0457,0.719491,0.0992,0.2219,0.2819,0.3754,0.4565,0.5432,0.668,0.7703,0.8726
10B,Turkish,layer_23,last,493.6033,62.3941,0.71399,0.1,0.22,0.28,0.3733,0.454,0.5401,0.6642,0.7666,0.8699
10B,Turkish,layer_24,last,487.1361,60.2186,0.711644,0.1034,0.2216,0.2821,0.3757,0.4565,0.5423,0.6658,0.7674,0.87
10B,Turkish,layer_25,last,487.7888,61.3338,0.710893,0.1024,0.2181,0.2791,0.3758,0.4579,0.5443,0.6679,0.7686,0.8704
10B,Turkish,layer_26,last,466.3929,60.2887,0.716497,0.1028,0.2183,0.2818,0.3832,0.4682,0.5558,0.6788,0.7775,0.8757
10B,Turkish,layer_27,last,427.3632,55.9859,0.720616,0.1053,0.231,0.2957,0.4001,0.4863,0.5735,0.6935,0.7883,0.8818
10B,Turkish,layer_28,last,355.856,47.5033,0.727261,0.1085,0.2653,0.3344,0.4377,0.5206,0.6041,0.7182,0.8064,0.8921
10B,Turkish,layer_29,last,316.4389,42.7619,0.728748,0.108,0.2879,0.361,0.4624,0.542,0.622,0.7313,0.8154,0.8972
10B,Turkish,layer_0,mean,137.5785,37.0228,1.241958,0.1283,0.2786,0.3704,0.5224,0.6563,0.7906,0.9243,0.9752,0.993
10B,Turkish,layer_1,mean,122.4365,25.5817,1.145271,0.1695,0.3222,0.4177,0.5567,0.6759,0.7945,0.9147,0.9657,0.9889
10B,Turkish,layer_2,mean,103.5773,18.6816,1.070175,0.1992,0.3868,0.476,0.5982,0.6992,0.7991,0.9057,0.9573,0.9846
10B,Turkish,layer_3,mean,62.0329,10.065,1.021147,0.2765,0.5019,0.5796,0.6763,0.7545,0.8313,0.9155,0.959,0.9841
10B,Turkish,layer_4,mean,42.2882,6.5636,0.987347,0.3664,0.5679,0.64,0.724,0.7896,0.853,0.9232,0.9609,0.9841
10B,Turkish,layer_5,mean,38.4822,5.8551,0.959498,0.3956,0.5833,0.6567,0.7377,0.7992,0.8578,0.9231,0.9593,0.9827
10B,Turkish,layer_6,mean,37.8463,5.446,0.936889,0.4148,0.5851,0.6573,0.7363,0.7962,0.8535,0.9186,0.9558,0.9807
10B,Turkish,layer_7,mean,39.4337,5.5954,0.919397,0.4106,0.5759,0.6529,0.7363,0.7963,0.8534,0.9172,0.9539,0.9793
10B,Turkish,layer_8,mean,38.8179,5.301,0.902086,0.4242,0.5784,0.6546,0.7363,0.7943,0.85,0.9132,0.9507,0.9775
10B,Turkish,layer_9,mean,35.5542,4.7064,0.885771,0.4533,0.5918,0.6628,0.7403,0.7961,0.8498,0.9115,0.9489,0.9762
10B,Turkish,layer_10,mean,32.568,4.3557,0.87175,0.4725,0.6041,0.6741,0.7496,0.8031,0.8542,0.9127,0.9488,0.9757
10B,Turkish,layer_11,mean,28.0352,3.8091,0.85907,0.5073,0.6252,0.6909,0.7612,0.8108,0.8586,0.9142,0.9491,0.9755
10B,Turkish,layer_12,mean,25.1245,3.6043,0.855645,0.5219,0.64,0.7047,0.7751,0.8235,0.8688,0.9203,0.9524,0.977
10B,Turkish,layer_13,mean,26.2997,3.7771,0.849753,0.509,0.6341,0.7021,0.7752,0.8235,0.8685,0.9195,0.9516,0.9764
10B,Turkish,layer_14,mean,28.0786,3.8367,0.837458,0.5052,0.6267,0.6941,0.7656,0.8135,0.8591,0.9125,0.9468,0.9737
10B,Turkish,layer_15,mean,29.7809,4.0683,0.833214,0.4896,0.6183,0.6893,0.7635,0.8125,0.8583,0.9118,0.9461,0.9732
10B,Turkish,layer_16,mean,33.7364,4.4968,0.830659,0.4644,0.6008,0.6745,0.7533,0.8051,0.8527,0.9084,0.9438,0.972
10B,Turkish,layer_17,mean,39.6123,5.2788,0.830744,0.4257,0.5764,0.6556,0.7424,0.7983,0.848,0.9055,0.942,0.971
10B,Turkish,layer_18,mean,45.0514,5.8726,0.826542,0.402,0.5565,0.6383,0.7298,0.7884,0.8403,0.9003,0.9385,0.969
10B,Turkish,layer_19,mean,50.7351,6.3147,0.817432,0.3868,0.5426,0.6237,0.7152,0.7745,0.828,0.8908,0.9318,0.9654
10B,Turkish,layer_20,mean,59.7148,7.418,0.815814,0.3541,0.5151,0.6004,0.7002,0.7633,0.8194,0.8846,0.9275,0.9632
10B,Turkish,layer_21,mean,77.6474,9.2389,0.821469,0.3141,0.4742,0.561,0.6669,0.7356,0.7957,0.8678,0.9173,0.9586
10B,Turkish,layer_22,mean,90.5543,11.4045,0.827254,0.2775,0.4475,0.5384,0.6506,0.7236,0.7873,0.8637,0.9152,0.9578
10B,Turkish,layer_23,mean,107.0732,14.5607,0.835311,0.2385,0.4173,0.5115,0.6334,0.7096,0.7755,0.8565,0.9118,0.9567
10B,Turkish,layer_24,mean,123.2573,19.7948,0.84727,0.1934,0.3783,0.483,0.6171,0.7034,0.7747,0.8585,0.9138,0.9582
10B,Turkish,layer_25,mean,126.5245,25.2333,0.857717,0.1524,0.3615,0.4768,0.6214,0.7128,0.7857,0.8673,0.9198,0.9613
10B,Turkish,layer_26,mean,126.1496,31.4346,0.882931,0.108,0.3409,0.4681,0.6252,0.7241,0.8006,0.8816,0.9304,0.9671
10B,Turkish,layer_27,mean,122.9524,33.1227,0.894634,0.0956,0.3341,0.4685,0.6323,0.7319,0.8089,0.8885,0.9355,0.9699
10B,Turkish,layer_28,mean,111.5576,30.2459,0.905277,0.1061,0.3469,0.483,0.6488,0.7463,0.8215,0.898,0.9417,0.973
10B,Turkish,layer_29,mean,102.6391,27.2824,0.906501,0.1184,0.3672,0.5025,0.6621,0.7561,0.8288,0.9026,0.9445,0.9743
10B,Vietnamese,layer_0,last,79.1885,24.3086,1.50766,0.1622,0.3423,0.4424,0.6221,0.7646,0.8845,0.9764,0.9957,0.9991
10B,Vietnamese,layer_1,last,111.0553,31.4677,1.435776,0.1406,0.299,0.3981,0.5655,0.7007,0.8271,0.946,0.9853,0.997
10B,Vietnamese,layer_2,last,118.7303,34.102,1.369573,0.1301,0.2912,0.3939,0.5594,0.6931,0.8185,0.9377,0.9802,0.9954
10B,Vietnamese,layer_3,last,123.7751,35.3984,1.335738,0.1259,0.2871,0.3915,0.5558,0.6885,0.8117,0.9313,0.9765,0.9943
10B,Vietnamese,layer_4,last,127.475,37.1907,1.317503,0.119,0.2825,0.3902,0.5552,0.6863,0.8079,0.9272,0.9743,0.9936
10B,Vietnamese,layer_5,last,129.1854,38.2469,1.303276,0.1122,0.2856,0.3933,0.5573,0.6863,0.8054,0.9236,0.9723,0.993
10B,Vietnamese,layer_6,last,133.3504,40.6908,1.293713,0.1012,0.2823,0.3898,0.5539,0.6825,0.8016,0.9204,0.9706,0.9925
10B,Vietnamese,layer_7,last,144.7955,47.6826,1.296648,0.0817,0.2601,0.3686,0.539,0.6726,0.7943,0.9155,0.9681,0.9919
10B,Vietnamese,layer_8,last,147.0033,49.4185,1.287894,0.0722,0.2568,0.3673,0.5387,0.6723,0.7934,0.9135,0.9668,0.9914
10B,Vietnamese,layer_9,last,151.7784,51.5989,1.284317,0.0682,0.2485,0.3598,0.533,0.6682,0.7898,0.9106,0.965,0.9908
10B,Vietnamese,layer_10,last,155.6886,53.4659,1.280178,0.0685,0.2406,0.3524,0.5295,0.6661,0.7872,0.9079,0.9632,0.9903
10B,Vietnamese,layer_11,last,164.1575,54.9323,1.252183,0.0684,0.2366,0.3478,0.5209,0.6562,0.7767,0.9,0.9584,0.9884
10B,Vietnamese,layer_12,last,172.8409,57.5629,1.232032,0.0676,0.2276,0.3381,0.5118,0.6482,0.7694,0.8932,0.9539,0.9867
10B,Vietnamese,layer_13,last,189.7398,60.4874,1.197555,0.0683,0.2223,0.3285,0.4951,0.6278,0.7477,0.8783,0.9474,0.9845
10B,Vietnamese,layer_14,last,206.2292,63.2412,1.137814,0.0677,0.2196,0.3201,0.4776,0.6066,0.7279,0.868,0.9416,0.9812
10B,Vietnamese,layer_15,last,203.1333,60.1082,1.113107,0.0716,0.2265,0.3275,0.4837,0.6109,0.7294,0.8668,0.9399,0.98
10B,Vietnamese,layer_16,last,216.6038,60.9706,1.079343,0.0735,0.2263,0.3234,0.4737,0.5976,0.7147,0.8551,0.9323,0.9763
10B,Vietnamese,layer_17,last,242.4416,65.3556,1.045994,0.0742,0.2182,0.3069,0.4453,0.5645,0.6869,0.8428,0.926,0.9728
10B,Vietnamese,layer_18,last,252.9643,67.7112,1.018623,0.0755,0.2124,0.2956,0.4283,0.5484,0.6792,0.8434,0.9248,0.9709
10B,Vietnamese,layer_19,last,263.5617,70.7741,0.991539,0.0747,0.2055,0.2852,0.4166,0.5388,0.6748,0.8414,0.9213,0.9681
10B,Vietnamese,layer_20,last,281.5332,71.593,0.961178,0.0752,0.2053,0.2833,0.4096,0.5265,0.6594,0.8274,0.911,0.9625
10B,Vietnamese,layer_21,last,308.4421,80.732,0.943633,0.07,0.1905,0.2642,0.3862,0.5058,0.6461,0.8176,0.9032,0.9583
10B,Vietnamese,layer_22,last,312.7622,80.9834,0.927858,0.0702,0.1898,0.2631,0.3837,0.5037,0.6453,0.8152,0.9004,0.9562
10B,Vietnamese,layer_23,last,314.5386,80.7492,0.918406,0.0714,0.1901,0.2616,0.3817,0.5027,0.6467,0.8145,0.8988,0.9549
10B,Vietnamese,layer_24,last,312.7467,78.9861,0.909739,0.0738,0.1918,0.2627,0.3824,0.5047,0.6497,0.8151,0.898,0.9539
10B,Vietnamese,layer_25,last,305.5569,75.5046,0.903742,0.0777,0.1959,0.2669,0.3875,0.5108,0.6557,0.8177,0.8986,0.9537
10B,Vietnamese,layer_26,last,296.4691,71.9065,0.900466,0.0805,0.2023,0.273,0.394,0.5178,0.6627,0.821,0.9,0.954
10B,Vietnamese,layer_27,last,275.2531,62.3736,0.898689,0.0921,0.217,0.2863,0.4082,0.5324,0.6764,0.8286,0.9038,0.9555
10B,Vietnamese,layer_28,last,227.4942,42.6237,0.901874,0.1266,0.2512,0.3218,0.4425,0.5655,0.7049,0.8449,0.9128,0.9595
10B,Vietnamese,layer_29,last,206.9043,35.5456,0.901496,0.144,0.2676,0.3413,0.4602,0.5812,0.7171,0.8514,0.9162,0.9609
10B,Vietnamese,layer_0,mean,120.9455,34.5818,1.241068,0.13,0.2842,0.3874,0.5519,0.6892,0.8165,0.9389,0.9804,0.9943
10B,Vietnamese,layer_1,mean,119.7512,31.7637,1.157098,0.1287,0.3042,0.4041,0.5618,0.6905,0.8122,0.931,0.974,0.9914
10B,Vietnamese,layer_2,mean,117.6361,28.4571,1.092965,0.1269,0.3269,0.4231,0.5716,0.6928,0.8075,0.9221,0.9676,0.9882
10B,Vietnamese,layer_3,mean,111.0289,25.0244,1.051987,0.1357,0.3554,0.4469,0.5869,0.7012,0.809,0.9176,0.9633,0.9859
10B,Vietnamese,layer_4,mean,101.4443,21.49,1.023178,0.1571,0.3863,0.4729,0.6057,0.7134,0.8141,0.9163,0.9609,0.9844
10B,Vietnamese,layer_5,mean,102.6098,21.6761,1.001467,0.1546,0.3889,0.4753,0.6079,0.7143,0.8126,0.9125,0.9577,0.9826
10B,Vietnamese,layer_6,mean,103.4493,21.4624,0.98342,0.1533,0.3934,0.479,0.6096,0.7138,0.8096,0.9085,0.9546,0.9809
10B,Vietnamese,layer_7,mean,106.2548,21.4746,0.966553,0.1548,0.3864,0.4741,0.6067,0.7113,0.8066,0.9045,0.9514,0.9791
10B,Vietnamese,layer_8,mean,108.2317,21.3554,0.953472,0.1543,0.3859,0.4728,0.605,0.7084,0.8026,0.9004,0.9484,0.9775
10B,Vietnamese,layer_9,mean,106.5753,20.0853,0.941063,0.1637,0.3919,0.4774,0.6078,0.7088,0.8009,0.8976,0.9461,0.9762
10B,Vietnamese,layer_10,mean,103.0977,18.744,0.93049,0.1721,0.4007,0.4851,0.6134,0.7118,0.8019,0.8964,0.9448,0.9753
10B,Vietnamese,layer_11,mean,98.5083,17.0269,0.922698,0.1871,0.4135,0.4957,0.6198,0.7144,0.802,0.8951,0.9435,0.9745
10B,Vietnamese,layer_12,mean,90.5961,15.0185,0.918394,0.2065,0.4312,0.5111,0.6308,0.7224,0.8071,0.8968,0.944,0.9747
10B,Vietnamese,layer_13,mean,88.6649,14.3805,0.911326,0.2116,0.4379,0.5165,0.6339,0.7232,0.8067,0.8954,0.9427,0.9739
10B,Vietnamese,layer_14,mean,91.421,14.5496,0.90179,0.2105,0.4353,0.5133,0.63,0.7185,0.8015,0.8912,0.9397,0.9722
10B,Vietnamese,layer_15,mean,89.7837,14.2244,0.8972,0.2074,0.4409,0.5182,0.6327,0.7197,0.8016,0.8904,0.9389,0.9717
10B,Vietnamese,layer_16,mean,91.7124,14.4275,0.892943,0.2026,0.4386,0.5153,0.6295,0.7166,0.7986,0.8879,0.9371,0.9708
10B,Vietnamese,layer_17,mean,96.8014,15.1685,0.890856,0.1914,0.4297,0.506,0.6215,0.7096,0.7927,0.8839,0.9347,0.9696
10B,Vietnamese,layer_18,mean,100.8041,15.6644,0.886183,0.1865,0.4239,0.5003,0.6156,0.704,0.7877,0.8802,0.9322,0.9683
10B,Vietnamese,layer_19,mean,104.092,15.9416,0.880765,0.182,0.4205,0.496,0.611,0.699,0.7828,0.876,0.9293,0.9668
10B,Vietnamese,layer_20,mean,111.201,16.8371,0.876744,0.1758,0.4102,0.4862,0.6011,0.69,0.7748,0.8703,0.9255,0.9649
10B,Vietnamese,layer_21,mean,125.045,18.6638,0.880207,0.167,0.3918,0.4671,0.5828,0.6733,0.7598,0.8598,0.9194,0.9625
10B,Vietnamese,layer_22,mean,133.4722,20.4321,0.884287,0.1567,0.379,0.4541,0.5726,0.6657,0.7548,0.8571,0.9182,0.9622
10B,Vietnamese,layer_23,mean,134.9332,20.6213,0.88681,0.1645,0.3777,0.4527,0.5711,0.6641,0.7531,0.8561,0.9178,0.9622
10B,Vietnamese,layer_24,mean,137.6834,21.1228,0.887454,0.1661,0.3744,0.4496,0.5681,0.6616,0.7511,0.855,0.9171,0.9619
10B,Vietnamese,layer_25,mean,136.7962,20.8535,0.89055,0.1752,0.3751,0.4511,0.569,0.6626,0.752,0.8558,0.9179,0.9624
10B,Vietnamese,layer_26,mean,135.952,21.3683,0.90308,0.1798,0.3687,0.4489,0.5702,0.6659,0.7573,0.8618,0.9224,0.9649
10B,Vietnamese,layer_27,mean,134.2844,20.9489,0.908736,0.1874,0.3624,0.4461,0.5713,0.669,0.7614,0.8656,0.925,0.9662
10B,Vietnamese,layer_28,mean,120.7643,18.4703,0.915883,0.2053,0.3732,0.4611,0.5867,0.6846,0.7754,0.8754,0.931,0.9691
10B,Vietnamese,layer_29,mean,110.0528,16.5876,0.916849,0.2189,0.3904,0.4781,0.6009,0.6968,0.7851,0.8812,0.9342,0.9705
10B,Japanese,layer_0,last,207.7644,41.6814,1.301927,0.1376,0.2205,0.282,0.4046,0.5357,0.6915,0.8755,0.9584,0.9889
10B,Japanese,layer_1,last,239.735,36.1327,1.090639,0.1532,0.228,0.2836,0.3944,0.5135,0.6569,0.8327,0.9278,0.9755
10B,Japanese,layer_2,last,257.317,36.9389,1.009053,0.1514,0.2269,0.2832,0.3926,0.5086,0.6477,0.8185,0.9135,0.9665
10B,Japanese,layer_3,last,276.0859,38.0264,0.958568,0.1489,0.2256,0.2823,0.3902,0.5029,0.6377,0.8038,0.899,0.9578
10B,Japanese,layer_4,last,299.6622,41.5334,0.926102,0.1411,0.2198,0.2777,0.3852,0.4948,0.626,0.7895,0.886,0.9501
10B,Japanese,layer_5,last,330.9318,47.555,0.899654,0.1297,0.2093,0.2684,0.3759,0.4835,0.6122,0.7737,0.8722,0.9422
10B,Japanese,layer_6,last,374.8999,59.2824,0.879433,0.1125,0.1923,0.2526,0.3603,0.4669,0.5943,0.7564,0.8581,0.9342
10B,Japanese,layer_7,last,435.8775,76.4361,0.856844,0.0951,0.1721,0.2305,0.3368,0.4414,0.5677,0.7341,0.8418,0.925
10B,Japanese,layer_8,last,496.3933,96.1215,0.834466,0.0809,0.1549,0.2125,0.3168,0.4198,0.5449,0.7133,0.8253,0.9152
10B,Japanese,layer_9,last,564.2544,122.1877,0.812145,0.0674,0.1385,0.1939,0.2948,0.3956,0.5203,0.6929,0.8093,0.9052
10B,Japanese,layer_10,last,610.2455,142.5226,0.792453,0.0595,0.1275,0.1805,0.2802,0.3813,0.5071,0.6818,0.7987,0.8975
10B,Japanese,layer_11,last,678.7162,167.0726,0.769558,0.0517,0.1184,0.1705,0.2672,0.364,0.4845,0.6584,0.7798,0.8856
10B,Japanese,layer_12,last,734.4509,199.0824,0.755599,0.0431,0.1073,0.1574,0.2515,0.3476,0.4687,0.6454,0.7693,0.8784
10B,Japanese,layer_13,last,788.5957,220.2866,0.740951,0.0387,0.102,0.1511,0.2423,0.3351,0.4524,0.6285,0.7553,0.8693
10B,Japanese,layer_14,last,842.5736,233.7478,0.723016,0.0355,0.101,0.1503,0.2385,0.3262,0.4366,0.6087,0.7384,0.8584
10B,Japanese,layer_15,last,866.2571,245.3123,0.713572,0.0324,0.0985,0.1478,0.2364,0.3234,0.4321,0.6021,0.732,0.8536
10B,Japanese,layer_16,last,892.0637,252.2498,0.703136,0.0309,0.0977,0.1471,0.2347,0.3203,0.4263,0.5938,0.7242,0.8478
10B,Japanese,layer_17,last,934.1065,269.1804,0.692856,0.0279,0.0939,0.1433,0.2297,0.3135,0.4167,0.5808,0.713,0.8409
10B,Japanese,layer_18,last,949.1214,269.8005,0.683766,0.0273,0.0948,0.1438,0.2304,0.3136,0.4148,0.5753,0.7071,0.8362
10B,Japanese,layer_19,last,965.1329,267.0033,0.674127,0.0275,0.096,0.1451,0.231,0.3129,0.4118,0.5689,0.7008,0.8311
10B,Japanese,layer_20,last,968.3279,250.23,0.663145,0.0288,0.1018,0.1502,0.2351,0.3157,0.4118,0.5646,0.6947,0.8257
10B,Japanese,layer_21,last,986.2102,240.4676,0.652164,0.0325,0.1045,0.1527,0.2361,0.3148,0.4073,0.5562,0.6863,0.819
10B,Japanese,layer_22,last,975.3181,220.6605,0.646167,0.0379,0.1105,0.1586,0.2413,0.3188,0.4094,0.5551,0.6842,0.8166
10B,Japanese,layer_23,last,965.8856,205.8737,0.64146,0.0423,0.1145,0.1623,0.2454,0.3221,0.4115,0.5551,0.6828,0.8148
10B,Japanese,layer_24,last,932.9892,182.8641,0.638286,0.0476,0.1225,0.1715,0.255,0.331,0.4188,0.5596,0.6849,0.8152
10B,Japanese,layer_25,last,893.67,167.6138,0.637129,0.0507,0.1282,0.1806,0.266,0.3425,0.4298,0.5679,0.6899,0.8176
10B,Japanese,layer_26,last,836.7912,150.8583,0.639871,0.0543,0.1356,0.1919,0.2801,0.3586,0.4457,0.5815,0.6998,0.8234
10B,Japanese,layer_27,last,743.1664,123.0133,0.643194,0.0622,0.1524,0.2139,0.3066,0.3862,0.4716,0.6028,0.715,0.8322
10B,Japanese,layer_28,last,582.8477,74.284,0.647941,0.09,0.1987,0.2626,0.356,0.4307,0.5115,0.636,0.7391,0.8463
10B,Japanese,layer_29,last,437.5873,44.0822,0.650305,0.1242,0.2552,0.3187,0.4073,0.4767,0.552,0.6673,0.7615,0.8594
10B,Japanese,layer_0,mean,107.7506,28.5211,1.275599,0.1256,0.3428,0.4357,0.5714,0.6952,0.8182,0.9378,0.981,0.9949
10B,Japanese,layer_1,mean,102.1658,24.2568,1.17245,0.1476,0.3731,0.4657,0.5945,0.7062,0.8172,0.9279,0.9725,0.9914
10B,Japanese,layer_2,mean,99.6815,21.1731,1.097645,0.1657,0.3968,0.4885,0.6088,0.71,0.8103,0.9149,0.9633,0.9873
10B,Japanese,layer_3,mean,90.9846,19.3738,1.046368,0.1716,0.4258,0.5244,0.6369,0.7274,0.8167,0.9119,0.959,0.9847
10B,Japanese,layer_4,mean,85.0935,18.9477,1.010024,0.1603,0.4459,0.5501,0.6578,0.7413,0.8229,0.9109,0.9564,0.9828
10B,Japanese,layer_5,mean,84.86,19.2339,0.979555,0.1494,0.4491,0.5595,0.6652,0.7452,0.8228,0.9075,0.9526,0.9805
10B,Japanese,layer_6,mean,90.5924,19.8479,0.953983,0.1478,0.4425,0.5502,0.6564,0.7362,0.8136,0.8997,0.9469,0.9774
10B,Japanese,layer_7,mean,92.362,20.715,0.933017,0.1411,0.4319,0.5498,0.6598,0.7393,0.8149,0.8982,0.9445,0.9756
10B,Japanese,layer_8,mean,98.6101,20.8614,0.91096,0.1483,0.4252,0.541,0.6499,0.7287,0.804,0.8889,0.9378,0.9719
10B,Japanese,layer_9,mean,101.7444,19.727,0.891022,0.1664,0.4248,0.5356,0.6429,0.7208,0.7957,0.8814,0.9322,0.9687
10B,Japanese,layer_10,mean,100.7827,18.6395,0.873288,0.1794,0.4269,0.5374,0.6453,0.7223,0.795,0.8786,0.9292,0.9666
10B,Japanese,layer_11,mean,99.2257,16.8334,0.857127,0.1998,0.434,0.5407,0.6462,0.7203,0.7907,0.8738,0.9252,0.9641
10B,Japanese,layer_12,mean,93.5369,15.9353,0.850437,0.2101,0.4401,0.5498,0.6575,0.731,0.7992,0.8784,0.9274,0.9648
10B,Japanese,layer_13,mean,93.7347,16.5391,0.842714,0.2021,0.4417,0.5526,0.6621,0.7341,0.8004,0.8778,0.9264,0.9639
10B,Japanese,layer_14,mean,101.3493,16.7428,0.827837,0.2032,0.4347,0.5421,0.649,0.7196,0.7867,0.8669,0.9186,0.9596
10B,Japanese,layer_15,mean,101.3455,17.6605,0.822706,0.192,0.4339,0.5431,0.6535,0.7239,0.7902,0.8687,0.9193,0.9595
10B,Japanese,layer_16,mean,105.7591,19.2236,0.819702,0.1784,0.4256,0.5347,0.65,0.7227,0.7894,0.8681,0.9185,0.9589
10B,Japanese,layer_17,mean,111.2796,21.2427,0.816569,0.1616,0.4133,0.5261,0.6457,0.7205,0.7878,0.8665,0.917,0.9579
10B,Japanese,layer_18,mean,116.1607,22.6491,0.81231,0.1499,0.4075,0.5202,0.6413,0.7168,0.784,0.8628,0.914,0.9562
10B,Japanese,layer_19,mean,130.726,24.3921,0.806419,0.1426,0.3942,0.5028,0.6216,0.6974,0.7658,0.8487,0.9045,0.9515
10B,Japanese,layer_20,mean,141.486,26.8241,0.804732,0.1299,0.3778,0.4889,0.6104,0.6885,0.7577,0.8421,0.9001,0.9492
10B,Japanese,layer_21,mean,162.4532,31.0054,0.8148,0.1117,0.3529,0.4637,0.5862,0.6663,0.7381,0.8296,0.8938,0.947
10B,Japanese,layer_22,mean,164.8582,32.7056,0.822584,0.102,0.3454,0.4572,0.5824,0.6651,0.7391,0.8327,0.8968,0.9488
10B,Japanese,layer_23,mean,158.6545,33.4819,0.835901,0.0974,0.3356,0.4583,0.592,0.6761,0.7489,0.8411,0.9035,0.9528
10B,Japanese,layer_24,mean,154.6911,33.4349,0.847035,0.0999,0.3336,0.4572,0.5931,0.6807,0.7555,0.8477,0.9087,0.9559
10B,Japanese,layer_25,mean,135.0423,30.4856,0.855001,0.1055,0.3498,0.4763,0.618,0.706,0.7781,0.863,0.9183,0.9607
10B,Japanese,layer_26,mean,127.1051,30.5749,0.87496,0.1056,0.3487,0.4737,0.6261,0.7189,0.7928,0.8764,0.9281,0.9659
10B,Japanese,layer_27,mean,116.5518,28.6447,0.88605,0.1147,0.3614,0.4889,0.6395,0.7326,0.8054,0.8859,0.9344,0.9693
10B,Japanese,layer_28,mean,107.975,26.4708,0.891929,0.1265,0.3756,0.5063,0.651,0.7419,0.8135,0.8921,0.9384,0.9713
10B,Japanese,layer_29,mean,91.1217,21.6707,0.893267,0.1531,0.4141,0.5425,0.6781,0.7621,0.8284,0.9011,0.9437,0.9737
115B,English,layer_0,last,156.3293,13.3224,1.349563,0.2669,0.3573,0.4054,0.4878,0.5686,0.6667,0.8066,0.9027,0.9699
115B,English,layer_1,last,176.6982,11.4093,0.96793,0.2916,0.3643,0.4032,0.4743,0.5446,0.6308,0.7612,0.8591,0.9398
115B,English,layer_2,last,41.3392,3.8132,0.881836,0.5073,0.6039,0.6304,0.6726,0.7132,0.7625,0.8385,0.8983,0.9518
115B,English,layer_3,last,31.6236,3.1703,0.83669,0.5584,0.6416,0.6648,0.7017,0.7361,0.7777,0.8431,0.8971,0.9488
115B,English,layer_4,last,27.2308,2.8929,0.807453,0.5854,0.6608,0.6839,0.7185,0.75,0.7874,0.8468,0.897,0.9471
115B,English,layer_5,last,33.0459,3.1258,0.782716,0.5634,0.6363,0.6608,0.6979,0.7313,0.7703,0.8323,0.8853,0.9397
115B,English,layer_6,last,39.7673,3.4043,0.768621,0.5399,0.6121,0.6386,0.679,0.7143,0.7552,0.82,0.8758,0.9338
115B,English,layer_7,last,51.8166,3.8672,0.752215,0.5065,0.5758,0.604,0.6486,0.687,0.7316,0.8017,0.8622,0.9255
115B,English,layer_8,last,64.3454,4.3584,0.739767,0.4769,0.5471,0.5774,0.6252,0.6657,0.7124,0.7864,0.8507,0.9185
115B,English,layer_9,last,76.4936,4.7923,0.727461,0.4547,0.5231,0.5549,0.6051,0.6472,0.6953,0.7726,0.8404,0.912
115B,English,layer_10,last,87.7631,5.2095,0.716398,0.4359,0.5044,0.5372,0.5888,0.6325,0.6823,0.7628,0.8327,0.9068
115B,English,layer_11,last,101.37,5.676,0.698854,0.4174,0.4864,0.5209,0.5734,0.6177,0.6676,0.7484,0.8206,0.8987
115B,English,layer_12,last,121.8493,6.4193,0.686829,0.3922,0.4612,0.4962,0.5512,0.5973,0.6496,0.7338,0.8092,0.8911
115B,English,layer_13,last,147.7592,7.4517,0.677253,0.3634,0.4346,0.4713,0.529,0.5773,0.6317,0.7184,0.7972,0.8833
115B,English,layer_14,last,165.3081,8.2681,0.668075,0.3444,0.4205,0.4592,0.5185,0.5679,0.6225,0.7096,0.7896,0.878
115B,English,layer_15,last,188.9946,9.3831,0.662782,0.3226,0.4018,0.442,0.5032,0.554,0.6103,0.6998,0.7821,0.8731
115B,English,layer_16,last,220.3384,11.0639,0.659034,0.2959,0.3798,0.4221,0.4852,0.5378,0.5963,0.6893,0.7744,0.8682
115B,English,layer_17,last,256.4102,13.2963,0.655417,0.2684,0.3581,0.4021,0.4677,0.522,0.5825,0.6788,0.7664,0.863
115B,English,layer_18,last,281.4334,15.2906,0.654982,0.2488,0.3428,0.3894,0.4576,0.5139,0.5761,0.6742,0.7631,0.861
115B,English,layer_19,last,310.8242,18.0895,0.652401,0.2265,0.3266,0.3773,0.4484,0.5061,0.5691,0.6681,0.7583,0.8579
115B,English,layer_20,last,336.324,21.0382,0.648085,0.2072,0.3135,0.3679,0.4413,0.5,0.5637,0.6634,0.7544,0.8549
115B,English,layer_21,last,367.7023,24.4413,0.638345,0.1892,0.3011,0.3571,0.4314,0.4908,0.5554,0.6553,0.7468,0.849
115B,English,layer_22,last,375.0183,26.8826,0.636114,0.1765,0.2985,0.357,0.4321,0.4926,0.5576,0.6563,0.7467,0.8486
115B,English,layer_23,last,398.4532,29.8602,0.62777,0.1644,0.2909,0.3494,0.4252,0.4858,0.5513,0.65,0.7406,0.8438
115B,English,layer_24,last,399.8539,32.1993,0.628694,0.1527,0.29,0.3492,0.4261,0.4883,0.5547,0.6539,0.7437,0.8455
115B,English,layer_25,last,430.9668,37.0781,0.629811,0.1396,0.2749,0.3327,0.4131,0.4785,0.5482,0.6505,0.7418,0.8443
115B,English,layer_26,last,465.5139,44.8731,0.634634,0.1217,0.2572,0.3138,0.3994,0.4687,0.5421,0.6496,0.7425,0.8452
115B,English,layer_27,last,484.6739,50.3839,0.633672,0.1106,0.2474,0.3035,0.3939,0.4655,0.5403,0.6491,0.7421,0.8445
115B,English,layer_28,last,439.678,49.0414,0.63556,0.1054,0.2675,0.3287,0.417,0.4869,0.5592,0.6636,0.7531,0.8511
115B,English,layer_29,last,175.4853,15.2487,0.637378,0.2258,0.4307,0.4899,0.5597,0.6116,0.6652,0.7442,0.8125,0.8868
115B,English,layer_0,mean,70.3712,7.4454,1.143894,0.358,0.4786,0.5441,0.6324,0.7021,0.7788,0.8776,0.9385,0.9794
115B,English,layer_1,mean,64.9528,7.8469,0.940934,0.3437,0.5008,0.5735,0.6656,0.7336,0.8056,0.89,0.9382,0.9728
115B,English,layer_2,mean,2.5847,1.2759,0.863102,0.885,0.9206,0.9325,0.9471,0.9571,0.9677,0.9805,0.9882,0.9943
115B,English,layer_3,mean,2.2746,1.2252,0.828041,0.9033,0.9318,0.943,0.9558,0.9642,0.9726,0.9829,0.9893,0.9946
115B,English,layer_4,mean,2.249,1.2214,0.809254,0.9047,0.9325,0.9445,0.9577,0.9658,0.9736,0.9831,0.9893,0.9945
115B,English,layer_5,mean,2.7091,1.3012,0.812056,0.8764,0.9116,0.9298,0.95,0.9614,0.9708,0.9815,0.9882,0.9939
115B,English,layer_6,mean,2.7039,1.2907,0.801084,0.88,0.9105,0.928,0.9473,0.9586,0.9683,0.9797,0.987,0.9932
115B,English,layer_7,mean,3.1579,1.3611,0.811171,0.8568,0.8926,0.9142,0.9386,0.9524,0.9645,0.9778,0.9859,0.9926
115B,English,layer_8,mean,3.4807,1.4018,0.811191,0.8443,0.8816,0.904,0.931,0.9465,0.96,0.9749,0.9841,0.9917
115B,English,layer_9,mean,3.3436,1.3719,0.80237,0.8535,0.8859,0.9057,0.9303,0.9451,0.9585,0.9738,0.9833,0.9913
115B,English,layer_10,mean,3.5555,1.4009,0.801276,0.8446,0.8793,0.9001,0.9261,0.9421,0.9566,0.9727,0.9826,0.9909
115B,English,layer_11,mean,3.75,1.422,0.793032,0.8383,0.8738,0.895,0.9218,0.9383,0.9532,0.9701,0.9809,0.9899
115B,English,layer_12,mean,4.3297,1.4968,0.799203,0.8169,0.8582,0.8821,0.9117,0.9308,0.948,0.9672,0.9791,0.9891
115B,English,layer_13,mean,5.9711,1.6998,0.80906,0.7663,0.8204,0.8519,0.8908,0.9155,0.9375,0.9613,0.9756,0.9873
115B,English,layer_14,mean,6.1142,1.6961,0.794788,0.7672,0.8182,0.8484,0.8862,0.9104,0.9325,0.9572,0.9727,0.9856
115B,English,layer_15,mean,7.0948,1.8128,0.800415,0.7418,0.8008,0.8354,0.8773,0.9038,0.9278,0.9544,0.9711,0.9848
115B,English,layer_16,mean,9.2036,2.0257,0.805516,0.7013,0.7689,0.8077,0.8563,0.8879,0.9162,0.9474,0.9669,0.9827
115B,English,layer_17,mean,12.3965,2.346,0.814211,0.6509,0.7318,0.777,0.8333,0.8699,0.9032,0.94,0.9627,0.9807
115B,English,layer_18,mean,16.9763,2.7934,0.822508,0.5955,0.6884,0.7404,0.8076,0.8516,0.8908,0.9334,0.9589,0.9789
115B,English,layer_19,mean,20.531,3.1399,0.817964,0.5607,0.6631,0.7192,0.7935,0.8404,0.882,0.9276,0.9551,0.9769
115B,English,layer_20,mean,29.7109,4.171,0.820334,0.4833,0.6059,0.675,0.7648,0.8212,0.8706,0.922,0.9517,0.975
115B,English,layer_21,mean,43.2584,5.5321,0.80865,0.4161,0.5526,0.6285,0.7264,0.7907,0.8474,0.907,0.9414,0.9692
115B,English,layer_22,mean,58.6393,7.7883,0.81975,0.3432,0.5056,0.5895,0.6974,0.7693,0.8337,0.9009,0.9385,0.968
115B,English,layer_23,mean,75.8295,10.1417,0.811864,0.2944,0.4664,0.5564,0.6688,0.7453,0.8141,0.8868,0.9289,0.9629
115B,English,layer_24,mean,93.295,13.684,0.825883,0.2459,0.4209,0.5165,0.6414,0.7288,0.8066,0.8851,0.9292,0.9635
115B,English,layer_25,mean,107.6998,18.568,0.833578,0.2003,0.381,0.49,0.628,0.7216,0.8048,0.8864,0.9306,0.9643
115B,English,layer_26,mean,129.6353,26.1676,0.852181,0.1558,0.3359,0.4505,0.5989,0.7012,0.7934,0.883,0.9303,0.9651
115B,English,layer_27,mean,137.8023,29.1976,0.850978,0.1412,0.3233,0.4412,0.5924,0.6954,0.7874,0.8784,0.9274,0.9638
115B,English,layer_28,mean,142.2949,32.9077,0.855815,0.1166,0.3201,0.4368,0.5909,0.6944,0.7858,0.8773,0.9271,0.964
115B,English,layer_29,mean,93.8681,16.6027,0.860778,0.2153,0.4052,0.5166,0.6535,0.7415,0.8177,0.8955,0.9387,0.9699
115B,Chinese,layer_0,last,222.8036,34.0257,1.499602,0.1507,0.2694,0.3434,0.4462,0.5438,0.6594,0.8137,0.9116,0.9755
115B,Chinese,layer_1,last,255.7241,31.5231,1.010698,0.1574,0.2864,0.3551,0.4487,0.5313,0.631,0.773,0.871,0.947
115B,Chinese,layer_2,last,72.5223,6.1623,0.923001,0.3965,0.5112,0.5641,0.6261,0.6784,0.742,0.8339,0.8995,0.9541
115B,Chinese,layer_3,last,54.234,4.7112,0.87629,0.4564,0.5579,0.6047,0.6591,0.704,0.7582,0.8382,0.8981,0.9509
115B,Chinese,layer_4,last,49.1872,4.28,0.848783,0.4799,0.5727,0.6171,0.6689,0.7111,0.7617,0.837,0.8946,0.9477
115B,Chinese,layer_5,last,53.914,4.4382,0.826052,0.4714,0.5606,0.6061,0.6577,0.7006,0.7515,0.8272,0.8862,0.9421
115B,Chinese,layer_6,last,60.5384,4.7322,0.814276,0.4563,0.545,0.5907,0.6442,0.689,0.7414,0.8183,0.879,0.9378
115B,Chinese,layer_7,last,69.8396,5.0897,0.797769,0.4399,0.5254,0.5713,0.6263,0.6724,0.726,0.8055,0.8692,0.9318
115B,Chinese,layer_8,last,80.0965,5.4907,0.784097,0.4234,0.5068,0.5531,0.6088,0.6565,0.7114,0.7933,0.8596,0.9259
115B,Chinese,layer_9,last,89.9855,5.8779,0.770702,0.409,0.4916,0.5376,0.5944,0.6428,0.6983,0.7825,0.8513,0.9205
115B,Chinese,layer_10,last,98.8884,6.2584,0.758671,0.396,0.4798,0.526,0.5836,0.6323,0.6882,0.7744,0.8447,0.916
115B,Chinese,layer_11,last,109.9291,6.7117,0.740276,0.3819,0.4669,0.5139,0.5732,0.622,0.6771,0.7626,0.8346,0.9093
115B,Chinese,layer_12,last,126.4619,7.3921,0.726833,0.3635,0.4473,0.4951,0.556,0.6061,0.662,0.75,0.8247,0.9028
115B,Chinese,layer_13,last,145.9691,8.4188,0.714515,0.3394,0.4279,0.4777,0.5409,0.5927,0.6493,0.7381,0.8151,0.8964
115B,Chinese,layer_14,last,160.6225,9.2977,0.702885,0.3217,0.4153,0.4667,0.5329,0.5855,0.642,0.7303,0.8081,0.8914
115B,Chinese,layer_15,last,181.5923,10.4806,0.69505,0.3018,0.3988,0.4508,0.5181,0.5723,0.6302,0.7206,0.8004,0.8863
115B,Chinese,layer_16,last,207.3182,12.156,0.689909,0.2787,0.3793,0.432,0.5024,0.558,0.6181,0.7118,0.7939,0.882
115B,Chinese,layer_17,last,241.1883,14.3832,0.683771,0.2545,0.3564,0.4095,0.4826,0.5403,0.6028,0.6998,0.7845,0.8759
115B,Chinese,layer_18,last,261.7386,16.4235,0.682935,0.236,0.343,0.3969,0.4729,0.5332,0.5978,0.6971,0.7825,0.8745
115B,Chinese,layer_19,last,287.8854,19.1,0.680716,0.2164,0.3281,0.3823,0.4617,0.5235,0.5906,0.6919,0.7785,0.8719
115B,Chinese,layer_20,last,313.6791,22.1833,0.676613,0.1983,0.3142,0.3694,0.4518,0.5153,0.5845,0.6874,0.7747,0.869
115B,Chinese,layer_21,last,334.4756,25.118,0.668364,0.1832,0.3057,0.362,0.4454,0.5099,0.58,0.6829,0.7701,0.8653
115B,Chinese,layer_22,last,340.448,26.672,0.665577,0.1757,0.3045,0.362,0.4448,0.5097,0.58,0.6826,0.7694,0.8644
115B,Chinese,layer_23,last,356.1171,29.3749,0.658027,0.1643,0.2977,0.3565,0.4393,0.5059,0.5774,0.6803,0.7665,0.8617
115B,Chinese,layer_24,last,346.509,29.4466,0.657851,0.1626,0.3019,0.3617,0.4447,0.5124,0.584,0.6858,0.7705,0.8639
115B,Chinese,layer_25,last,354.694,31.7309,0.657151,0.1534,0.2965,0.3577,0.4416,0.5108,0.5841,0.6868,0.7712,0.864
115B,Chinese,layer_26,last,365.4339,34.3381,0.658808,0.1448,0.2899,0.3514,0.437,0.5078,0.5825,0.687,0.7721,0.8646
115B,Chinese,layer_27,last,360.2956,34.8258,0.657541,0.1429,0.2888,0.3529,0.4413,0.513,0.5875,0.6914,0.7753,0.8662
115B,Chinese,layer_28,last,336.3063,34.8661,0.6579,0.1388,0.3011,0.3709,0.46,0.5292,0.6007,0.7007,0.7822,0.8702
115B,Chinese,layer_29,last,127.717,11.5365,0.661334,0.2715,0.4669,0.5337,0.604,0.6552,0.7065,0.7799,0.8404,0.9049
115B,Chinese,layer_0,mean,101.2403,18.2238,1.252867,0.1953,0.414,0.5095,0.6201,0.7017,0.7844,0.8869,0.9473,0.9844
115B,Chinese,layer_1,mean,54.9833,9.4156,0.981914,0.292,0.5351,0.6245,0.716,0.7809,0.8419,0.9119,0.9521,0.98
115B,Chinese,layer_2,mean,3.3731,1.4306,0.896147,0.8352,0.8999,0.92,0.9389,0.9522,0.9645,0.9788,0.9876,0.9942
115B,Chinese,layer_3,mean,2.6828,1.3127,0.85405,0.8723,0.9221,0.9371,0.9517,0.9617,0.9709,0.9819,0.9889,0.9946
115B,Chinese,layer_4,mean,2.5745,1.2958,0.833022,0.878,0.926,0.9409,0.955,0.9642,0.9725,0.9826,0.9891,0.9946
115B,Chinese,layer_5,mean,2.9098,1.3599,0.826208,0.8568,0.9139,0.9334,0.9508,0.9615,0.9705,0.9812,0.9882,0.994
115B,Chinese,layer_6,mean,2.8461,1.3389,0.815209,0.8637,0.915,0.9329,0.9496,0.9602,0.9693,0.9801,0.9874,0.9936
115B,Chinese,layer_7,mean,3.0623,1.3671,0.818006,0.8547,0.9049,0.9244,0.9437,0.9564,0.9669,0.9789,0.9866,0.9932
115B,Chinese,layer_8,mean,3.2856,1.394,0.814079,0.8464,0.897,0.9168,0.9378,0.9518,0.9633,0.9764,0.9851,0.9923
115B,Chinese,layer_9,mean,3.2217,1.3758,0.804466,0.8521,0.8987,0.917,0.9369,0.9504,0.962,0.9754,0.9843,0.9919
115B,Chinese,layer_10,mean,3.4258,1.4058,0.800283,0.8429,0.8924,0.9114,0.9331,0.9476,0.9601,0.9742,0.9835,0.9914
115B,Chinese,layer_11,mean,3.4918,1.4111,0.790712,0.8413,0.8903,0.9097,0.9314,0.9458,0.9583,0.9728,0.9825,0.9908
115B,Chinese,layer_12,mean,3.8985,1.4691,0.794205,0.8244,0.8791,0.9,0.9242,0.9403,0.9545,0.9705,0.9811,0.9901
115B,Chinese,layer_13,mean,5.031,1.6284,0.801934,0.7825,0.8517,0.8783,0.909,0.9295,0.9469,0.9661,0.9784,0.9887
115B,Chinese,layer_14,mean,5.1911,1.6315,0.787607,0.7819,0.8484,0.8744,0.9045,0.9247,0.9423,0.9624,0.9757,0.9872
115B,Chinese,layer_15,mean,5.9038,1.728,0.792063,0.7594,0.8345,0.8635,0.8973,0.9196,0.9387,0.9603,0.9745,0.9865
115B,Chinese,layer_16,mean,7.2555,1.8818,0.795871,0.7273,0.8103,0.843,0.8819,0.9077,0.9298,0.9547,0.971,0.9848
115B,Chinese,layer_17,mean,8.8003,2.041,0.801299,0.698,0.7864,0.8223,0.8661,0.8955,0.9207,0.9492,0.9677,0.9832
115B,Chinese,layer_18,mean,11.2994,2.3228,0.808838,0.6533,0.7559,0.7974,0.8484,0.8822,0.9112,0.9437,0.9645,0.9817
115B,Chinese,layer_19,mean,13.4882,2.5387,0.803851,0.6242,0.7343,0.7793,0.8338,0.8707,0.9024,0.9378,0.9606,0.9795
115B,Chinese,layer_20,mean,18.011,3.0572,0.804519,0.5666,0.6983,0.7498,0.813,0.8555,0.8923,0.932,0.9569,0.9775
115B,Chinese,layer_21,mean,25.6754,3.8967,0.799989,0.4985,0.6527,0.7127,0.7846,0.8331,0.8746,0.9204,0.9493,0.9734
115B,Chinese,layer_22,mean,35.654,5.1602,0.811704,0.4283,0.6025,0.6738,0.7571,0.8132,0.8616,0.9138,0.9459,0.9719
115B,Chinese,layer_23,mean,49.5284,7.6856,0.812105,0.3394,0.548,0.6365,0.7366,0.8006,0.8528,0.9073,0.9412,0.9694
115B,Chinese,layer_24,mean,58.3933,9.571,0.825615,0.2958,0.5158,0.6136,0.7209,0.7896,0.8459,0.9049,0.9409,0.9698
115B,Chinese,layer_25,mean,65.0663,11.5897,0.831816,0.2592,0.4915,0.5938,0.7111,0.7861,0.846,0.9065,0.9422,0.9705
115B,Chinese,layer_26,mean,77.5581,14.2783,0.847449,0.227,0.4541,0.5612,0.6864,0.7681,0.8346,0.9019,0.9408,0.9703
115B,Chinese,layer_27,mean,79.6463,15.3503,0.851622,0.216,0.4461,0.5587,0.6862,0.769,0.836,0.9025,0.9413,0.9708
115B,Chinese,layer_28,mean,82.3009,17.8392,0.854265,0.1762,0.4447,0.5616,0.688,0.7694,0.8352,0.9018,0.9409,0.9708
115B,Chinese,layer_29,mean,40.4239,8.167,0.858071,0.3115,0.5851,0.6795,0.7739,0.8333,0.8805,0.9287,0.9575,0.979
115B,French,layer_0,last,151.6238,12.5831,1.356412,0.2754,0.3638,0.4093,0.4844,0.565,0.6659,0.808,0.9044,0.9708
115B,French,layer_1,last,178.2606,11.2976,0.970344,0.2932,0.3651,0.4032,0.4662,0.535,0.624,0.7583,0.8584,0.9399
115B,French,layer_2,last,41.0357,3.7709,0.8815,0.5103,0.6068,0.6324,0.6697,0.709,0.7597,0.8376,0.8981,0.9518
115B,French,layer_3,last,32.4248,3.1963,0.835151,0.5562,0.6404,0.6631,0.6963,0.73,0.7731,0.8404,0.8957,0.948
115B,French,layer_4,last,28.4311,2.9439,0.805298,0.5803,0.6582,0.6804,0.7119,0.7427,0.7817,0.843,0.8947,0.9459
115B,French,layer_5,last,32.6918,3.1009,0.780619,0.5656,0.6408,0.6638,0.6971,0.7286,0.7682,0.8309,0.8848,0.9394
115B,French,layer_6,last,37.2846,3.2711,0.766912,0.5508,0.6239,0.6473,0.682,0.7151,0.7558,0.8206,0.8767,0.9344
115B,French,layer_7,last,47.5499,3.6455,0.749284,0.5217,0.5916,0.6158,0.6529,0.6882,0.7321,0.8021,0.863,0.926
115B,French,layer_8,last,59.6955,4.1038,0.736001,0.4916,0.5612,0.5879,0.6282,0.6657,0.7118,0.7857,0.8506,0.9185
115B,French,layer_9,last,71.1581,4.4898,0.723452,0.4699,0.5365,0.5651,0.6077,0.6464,0.6941,0.7712,0.8395,0.9116
115B,French,layer_10,last,82.5687,4.8942,0.711363,0.4499,0.5166,0.546,0.5906,0.6309,0.6801,0.7603,0.8309,0.9058
115B,French,layer_11,last,96.4787,5.3458,0.692696,0.4303,0.497,0.528,0.5743,0.615,0.6637,0.7446,0.8178,0.8971
115B,French,layer_12,last,117.1293,6.0667,0.680759,0.4037,0.4696,0.5033,0.5519,0.5945,0.6451,0.7296,0.806,0.8892
115B,French,layer_13,last,144.0932,7.0869,0.670883,0.373,0.4404,0.4768,0.5288,0.574,0.6262,0.7134,0.7934,0.8811
115B,French,layer_14,last,161.5239,7.8003,0.662006,0.3551,0.4257,0.4631,0.5171,0.5631,0.616,0.7039,0.7854,0.8755
115B,French,layer_15,last,186.249,8.8738,0.656846,0.3323,0.4044,0.4436,0.501,0.5491,0.6036,0.694,0.7778,0.8704
115B,French,layer_16,last,217.6468,10.4088,0.653046,0.306,0.3811,0.4226,0.4834,0.5332,0.5899,0.6837,0.7702,0.8655
115B,French,layer_17,last,256.6134,12.5087,0.650069,0.278,0.3558,0.3992,0.4631,0.5154,0.5746,0.6723,0.7617,0.8601
115B,French,layer_18,last,283.0205,14.4532,0.650246,0.2573,0.3392,0.3845,0.4528,0.5074,0.5689,0.6686,0.7591,0.8584
115B,French,layer_19,last,316.1118,17.1769,0.648239,0.2343,0.3204,0.3696,0.4417,0.498,0.561,0.6623,0.7541,0.8552
115B,French,layer_20,last,344.3369,20.1487,0.644929,0.2141,0.3065,0.3584,0.4339,0.4916,0.5557,0.658,0.7506,0.8525
115B,French,layer_21,last,378.3633,23.5826,0.636647,0.1955,0.2933,0.3457,0.4231,0.4823,0.5474,0.6504,0.7437,0.8472
115B,French,layer_22,last,388.5327,26.4101,0.63443,0.1813,0.289,0.3447,0.424,0.4845,0.5498,0.6517,0.7439,0.8468
115B,French,layer_23,last,416.3861,29.9433,0.626202,0.1674,0.2788,0.3349,0.415,0.4769,0.5435,0.6458,0.7381,0.8421
115B,French,layer_24,last,421.2771,33.0372,0.62765,0.1544,0.2756,0.3324,0.4142,0.4788,0.5475,0.6504,0.7416,0.844
115B,French,layer_25,last,455.261,38.4416,0.628478,0.1403,0.2592,0.3156,0.3997,0.4683,0.541,0.6471,0.7395,0.8426
115B,French,layer_26,last,493.56,47.2608,0.633024,0.1224,0.2392,0.2969,0.384,0.458,0.5355,0.6463,0.7402,0.8433
115B,French,layer_27,last,496.8493,50.5791,0.63461,0.1166,0.2352,0.2926,0.3832,0.4601,0.5391,0.6506,0.7436,0.8452
115B,French,layer_28,last,400.8553,40.3865,0.639631,0.1296,0.2733,0.3367,0.4253,0.4994,0.5738,0.6778,0.7641,0.8578
115B,French,layer_29,last,143.4258,12.5323,0.642047,0.2534,0.4567,0.515,0.5829,0.6366,0.69,0.7647,0.8278,0.8962
115B,French,layer_0,mean,77.1811,8.6231,1.156416,0.3292,0.4702,0.5322,0.6236,0.6977,0.7769,0.8777,0.9395,0.9801
115B,French,layer_1,mean,68.2303,8.3573,0.950073,0.3308,0.4946,0.5653,0.6586,0.7301,0.8032,0.889,0.938,0.9731
115B,French,layer_2,mean,2.4079,1.2495,0.870891,0.8944,0.9284,0.9385,0.9515,0.9612,0.9709,0.9824,0.9894,0.9949
115B,French,layer_3,mean,2.1663,1.2072,0.83392,0.91,0.9367,0.9466,0.9585,0.9667,0.9747,0.9841,0.9901,0.9951
115B,French,layer_4,mean,2.1495,1.2049,0.813465,0.9109,0.9374,0.9479,0.9599,0.9679,0.9753,0.9842,0.99,0.9949
115B,French,layer_5,mean,2.5012,1.2646,0.812372,0.8891,0.9205,0.9357,0.9532,0.9635,0.9723,0.9823,0.9887,0.9942
115B,French,layer_6,mean,2.5039,1.2581,0.801308,0.8914,0.9204,0.9343,0.9507,0.961,0.9701,0.9807,0.9876,0.9935
115B,French,layer_7,mean,2.9422,1.3272,0.811767,0.8678,0.9021,0.9207,0.9419,0.9549,0.9662,0.9786,0.9864,0.9929
115B,French,layer_8,mean,3.3317,1.3825,0.812615,0.8502,0.8892,0.9099,0.9337,0.9487,0.9615,0.9757,0.9846,0.992
115B,French,layer_9,mean,3.2324,1.361,0.803091,0.8569,0.8931,0.9115,0.9332,0.9477,0.9603,0.9747,0.9838,0.9916
115B,French,layer_10,mean,3.4802,1.3967,0.802085,0.8458,0.8852,0.9051,0.9286,0.9445,0.9582,0.9735,0.9831,0.9911
115B,French,layer_11,mean,3.6703,1.4173,0.793394,0.8397,0.8794,0.9002,0.9242,0.9406,0.9547,0.9709,0.9813,0.9901
115B,French,layer_12,mean,4.3144,1.5012,0.799957,0.8157,0.8616,0.8852,0.9131,0.9324,0.9491,0.9676,0.9793,0.9892
115B,French,layer_13,mean,6.0005,1.7126,0.809601,0.7633,0.823,0.8543,0.8914,0.9169,0.9385,0.9615,0.9757,0.9873
115B,French,layer_14,mean,6.133,1.7079,0.794609,0.7644,0.8215,0.8512,0.8871,0.9121,0.9337,0.9575,0.9728,0.9856
115B,French,layer_15,mean,7.2288,1.8444,0.800623,0.7352,0.8029,0.8372,0.8778,0.9055,0.9291,0.9548,0.9712,0.9849
115B,French,layer_16,mean,9.062,2.0321,0.804009,0.7,0.7754,0.8135,0.8597,0.8914,0.9187,0.9484,0.9673,0.9829
115B,French,layer_17,mean,11.8663,2.3187,0.812452,0.6546,0.7415,0.7853,0.8383,0.8757,0.9074,0.9419,0.9636,0.9812
115B,French,layer_18,mean,15.6697,2.7044,0.81926,0.6051,0.7046,0.755,0.8163,0.8594,0.8964,0.9358,0.9601,0.9795
115B,French,layer_19,mean,18.2362,2.9511,0.814694,0.5785,0.6861,0.739,0.8039,0.8492,0.8885,0.9306,0.9566,0.9776
115B,French,layer_20,mean,26.2939,3.8509,0.818308,0.5037,0.6315,0.6958,0.7752,0.8307,0.8777,0.9252,0.9534,0.9758
115B,French,layer_21,mean,37.6591,5.0592,0.808142,0.4358,0.5813,0.6531,0.742,0.8045,0.8582,0.9128,0.9449,0.971
115B,French,layer_22,mean,49.5313,6.7544,0.816466,0.371,0.5402,0.6199,0.7176,0.7867,0.8463,0.9068,0.9418,0.9697
115B,French,layer_23,mean,64.3948,8.6603,0.806919,0.3222,0.5024,0.586,0.6893,0.7635,0.8273,0.8929,0.9321,0.9644
115B,French,layer_24,mean,79.6882,11.5902,0.819702,0.2712,0.4577,0.5486,0.6637,0.7481,0.8201,0.8911,0.9322,0.9648
115B,French,layer_25,mean,96.9068,15.9338,0.825373,0.222,0.4124,0.5111,0.6401,0.7349,0.814,0.8894,0.9316,0.9645
115B,French,layer_26,mean,117.3707,22.3952,0.840957,0.174,0.3682,0.4734,0.6124,0.7165,0.8031,0.8855,0.9306,0.9648
115B,French,layer_27,mean,126.2997,26.3591,0.842917,0.1501,0.3518,0.4597,0.6047,0.7116,0.7991,0.8826,0.9289,0.9641
115B,French,layer_28,mean,125.236,28.8929,0.849582,0.121,0.3541,0.4649,0.6108,0.7166,0.8032,0.8853,0.9309,0.9654
115B,French,layer_29,mean,78.0044,13.4741,0.852724,0.2439,0.4416,0.5504,0.6772,0.7651,0.8361,0.9044,0.943,0.9716
115B,Indonesian,layer_0,last,165.3761,17.6909,1.350007,0.2251,0.34,0.4089,0.5031,0.5845,0.6796,0.8134,0.9081,0.9734
115B,Indonesian,layer_1,last,191.1619,15.9484,0.996465,0.2405,0.3459,0.4058,0.4897,0.5612,0.6471,0.7729,0.8679,0.9455
115B,Indonesian,layer_2,last,61.3578,5.3652,0.912846,0.4246,0.5455,0.5907,0.6476,0.6933,0.7488,0.8316,0.8958,0.952
115B,Indonesian,layer_3,last,47.3698,4.2742,0.864817,0.4789,0.586,0.6258,0.6761,0.7156,0.763,0.8355,0.8939,0.9482
115B,Indonesian,layer_4,last,40.6676,3.8076,0.833699,0.5088,0.6074,0.6471,0.6941,0.7301,0.773,0.839,0.8934,0.9461
115B,Indonesian,layer_5,last,46.5123,4.0458,0.809871,0.4937,0.5885,0.6312,0.6799,0.7168,0.7605,0.8279,0.8841,0.9399
115B,Indonesian,layer_6,last,52.6713,4.2989,0.795567,0.479,0.571,0.6143,0.665,0.7041,0.7494,0.8187,0.8768,0.9352
115B,Indonesian,layer_7,last,63.238,4.7167,0.779097,0.4572,0.5448,0.5894,0.6422,0.6836,0.7315,0.8049,0.8662,0.9286
115B,Indonesian,layer_8,last,75.6033,5.348,0.765522,0.4287,0.5205,0.5682,0.6251,0.6683,0.7178,0.7939,0.8578,0.9233
115B,Indonesian,layer_9,last,85.1047,5.7879,0.753907,0.4116,0.5038,0.5531,0.6114,0.6559,0.7069,0.7852,0.8511,0.9189
115B,Indonesian,layer_10,last,95.1292,6.336,0.742213,0.3927,0.4895,0.5406,0.6006,0.6459,0.6979,0.7784,0.8457,0.9151
115B,Indonesian,layer_11,last,106.6162,6.803,0.726198,0.3786,0.4745,0.5269,0.588,0.6334,0.6853,0.7663,0.8357,0.9086
115B,Indonesian,layer_12,last,123.0354,7.5503,0.715196,0.3589,0.4533,0.5071,0.5703,0.6171,0.6707,0.7549,0.8269,0.9028
115B,Indonesian,layer_13,last,142.5364,8.6791,0.706902,0.3335,0.4321,0.4889,0.5551,0.604,0.6589,0.7444,0.8188,0.8976
115B,Indonesian,layer_14,last,156.4647,9.5847,0.699707,0.3164,0.4188,0.4773,0.5466,0.5968,0.6524,0.7382,0.8135,0.894
115B,Indonesian,layer_15,last,173.0291,10.6813,0.694689,0.2985,0.4043,0.4641,0.5345,0.5866,0.6438,0.7314,0.8083,0.8906
115B,Indonesian,layer_16,last,194.5848,12.2671,0.692048,0.277,0.385,0.4477,0.5206,0.575,0.6341,0.7245,0.8034,0.8875
115B,Indonesian,layer_17,last,225.5749,14.914,0.690521,0.2485,0.3614,0.4258,0.5021,0.5595,0.6218,0.7163,0.7975,0.8837
115B,Indonesian,layer_18,last,243.9628,17.1103,0.69091,0.2291,0.3478,0.4142,0.4933,0.553,0.6171,0.7133,0.7955,0.8825
115B,Indonesian,layer_19,last,267.5047,19.6456,0.68891,0.2116,0.3306,0.3986,0.4825,0.544,0.6095,0.7072,0.7908,0.8796
115B,Indonesian,layer_20,last,282.6097,21.8159,0.684544,0.1979,0.322,0.3907,0.4776,0.54,0.6057,0.7036,0.7875,0.8772
115B,Indonesian,layer_21,last,310.5268,24.9794,0.674085,0.1822,0.309,0.3777,0.4663,0.5296,0.5957,0.694,0.779,0.871
115B,Indonesian,layer_22,last,311.4248,27.0827,0.672771,0.1707,0.307,0.3796,0.471,0.5351,0.6006,0.697,0.7808,0.8718
115B,Indonesian,layer_23,last,331.3836,30.1974,0.664162,0.158,0.2974,0.3714,0.465,0.5289,0.5942,0.6903,0.7747,0.8673
115B,Indonesian,layer_24,last,337.0488,32.6059,0.664416,0.1479,0.2929,0.367,0.464,0.5296,0.5958,0.6921,0.7761,0.8681
115B,Indonesian,layer_25,last,352.0401,36.3333,0.665468,0.1366,0.2829,0.3587,0.4582,0.5254,0.5931,0.6912,0.7758,0.868
115B,Indonesian,layer_26,last,354.2879,40.4359,0.671188,0.1231,0.2793,0.3559,0.4584,0.5279,0.5978,0.6975,0.7815,0.8719
115B,Indonesian,layer_27,last,340.3765,41.7195,0.675089,0.1178,0.2837,0.3604,0.4667,0.5389,0.6095,0.7079,0.7894,0.8767
115B,Indonesian,layer_28,last,246.3574,29.0276,0.684864,0.1482,0.3308,0.4161,0.5228,0.5916,0.6566,0.745,0.8171,0.8933
115B,Indonesian,layer_29,last,81.9152,9.6787,0.691432,0.2834,0.5218,0.5974,0.6759,0.7235,0.768,0.8285,0.8775,0.9285
115B,Indonesian,layer_0,mean,55.8089,7.0424,1.198694,0.3641,0.529,0.5958,0.6776,0.7396,0.8078,0.8955,0.9495,0.9846
115B,Indonesian,layer_1,mean,33.5515,4.4076,0.960024,0.469,0.6065,0.6663,0.7366,0.7895,0.844,0.9105,0.9504,0.979
115B,Indonesian,layer_2,mean,2.2857,1.2627,0.875349,0.889,0.9406,0.95,0.9602,0.9678,0.9756,0.9851,0.9911,0.9958
115B,Indonesian,layer_3,mean,1.9164,1.1842,0.830631,0.9186,0.9538,0.9613,0.9694,0.975,0.9807,0.9878,0.9924,0.9962
115B,Indonesian,layer_4,mean,1.8226,1.1623,0.805374,0.9273,0.9571,0.9642,0.9719,0.977,0.982,0.9883,0.9926,0.9962
115B,Indonesian,layer_5,mean,1.9096,1.1736,0.797168,0.9229,0.9509,0.9597,0.9691,0.975,0.9807,0.9874,0.9919,0.9958
115B,Indonesian,layer_6,mean,1.9026,1.1682,0.78596,0.9251,0.9504,0.9592,0.9684,0.9743,0.9799,0.9868,0.9914,0.9955
115B,Indonesian,layer_7,mean,2.047,1.1914,0.790793,0.916,0.9424,0.9526,0.9641,0.9713,0.978,0.9857,0.9908,0.9951
115B,Indonesian,layer_8,mean,2.1739,1.2105,0.788773,0.9088,0.936,0.9473,0.9603,0.9683,0.9756,0.9841,0.9897,0.9946
115B,Indonesian,layer_9,mean,2.1488,1.2029,0.780231,0.9116,0.9367,0.9474,0.9598,0.9677,0.975,0.9836,0.9893,0.9943
115B,Indonesian,layer_10,mean,2.2789,1.2249,0.780469,0.9034,0.9309,0.9427,0.9567,0.9656,0.9736,0.9828,0.9888,0.994
115B,Indonesian,layer_11,mean,2.353,1.2345,0.773103,0.8999,0.9275,0.9399,0.9543,0.9634,0.9717,0.9813,0.9878,0.9934
115B,Indonesian,layer_12,mean,2.5836,1.2698,0.779169,0.8872,0.9174,0.9318,0.9485,0.9592,0.9688,0.9796,0.9867,0.9929
115B,Indonesian,layer_13,mean,3.1729,1.359,0.787497,0.8575,0.8959,0.9146,0.9363,0.9503,0.9624,0.9758,0.9844,0.9917
115B,Indonesian,layer_14,mean,3.2276,1.3589,0.77403,0.8575,0.8944,0.9124,0.9335,0.9472,0.9593,0.9733,0.9826,0.9906
115B,Indonesian,layer_15,mean,3.5896,1.4118,0.78027,0.8413,0.8825,0.9035,0.9276,0.943,0.9564,0.9717,0.9816,0.9901
115B,Indonesian,layer_16,mean,4.3183,1.5046,0.784912,0.8148,0.862,0.8865,0.9149,0.9331,0.949,0.967,0.9787,0.9886
115B,Indonesian,layer_17,mean,5.3968,1.6383,0.793789,0.7805,0.8372,0.8661,0.8998,0.9214,0.9402,0.9619,0.9756,0.9872
115B,Indonesian,layer_18,mean,6.7787,1.7987,0.801074,0.7446,0.8103,0.8441,0.8833,0.9092,0.9314,0.9567,0.9726,0.9856
115B,Indonesian,layer_19,mean,7.9986,1.9328,0.796951,0.7179,0.7914,0.8293,0.8717,0.8998,0.9241,0.9517,0.9693,0.9839
115B,Indonesian,layer_20,mean,11.0808,2.2851,0.799269,0.6592,0.7519,0.7983,0.8497,0.8838,0.9134,0.9455,0.9654,0.9817
115B,Indonesian,layer_21,mean,16.131,2.7607,0.790593,0.5984,0.7056,0.7588,0.8181,0.8581,0.893,0.9315,0.9558,0.9765
115B,Indonesian,layer_22,mean,23.7148,3.6255,0.798498,0.5186,0.6571,0.7198,0.7903,0.8369,0.8777,0.9226,0.9506,0.974
115B,Indonesian,layer_23,mean,33.2942,4.6566,0.794051,0.4535,0.6126,0.6833,0.7618,0.8132,0.8583,0.9085,0.9412,0.9691
115B,Indonesian,layer_24,mean,46.8537,6.4387,0.809244,0.3794,0.557,0.6369,0.7293,0.791,0.8444,0.9021,0.9383,0.9679
115B,Indonesian,layer_25,mean,61.8266,9.2055,0.817913,0.3074,0.5057,0.5984,0.7054,0.7764,0.8363,0.8988,0.9367,0.9673
115B,Indonesian,layer_26,mean,78.7758,13.654,0.839219,0.2358,0.4571,0.5613,0.6812,0.7609,0.8275,0.8966,0.9371,0.9682
115B,Indonesian,layer_27,mean,86.1569,17.49,0.847167,0.1842,0.4369,0.5506,0.6776,0.7602,0.8277,0.8967,0.9375,0.9688
115B,Indonesian,layer_28,mean,68.3109,14.0821,0.857888,0.2184,0.4753,0.5936,0.7135,0.7889,0.8496,0.9109,0.9466,0.9736
115B,Indonesian,layer_29,mean,28.7808,5.9622,0.862499,0.3749,0.6383,0.7197,0.8068,0.8587,0.8998,0.9409,0.9649,0.9827
115B,Italian,layer_0,last,145.9635,13.8855,1.345896,0.2525,0.387,0.4299,0.5077,0.5832,0.6746,0.8087,0.9038,0.9709
115B,Italian,layer_1,last,178.8126,13.4606,0.967639,0.2603,0.378,0.4189,0.4867,0.5525,0.6349,0.7622,0.8603,0.9411
115B,Italian,layer_2,last,81.6878,6.3979,0.876959,0.3867,0.5206,0.5548,0.6057,0.6526,0.7112,0.803,0.8762,0.9414
115B,Italian,layer_3,last,68.0974,5.3181,0.82935,0.4269,0.5514,0.5841,0.6297,0.6703,0.7212,0.8025,0.8705,0.9352
115B,Italian,layer_4,last,60.3888,4.7856,0.799515,0.4515,0.5703,0.6031,0.6455,0.683,0.7296,0.804,0.8681,0.9319
115B,Italian,layer_5,last,68.5281,5.0,0.774795,0.4423,0.5524,0.5859,0.6291,0.6671,0.7142,0.7897,0.856,0.9239
115B,Italian,layer_6,last,79.1638,5.4896,0.761764,0.4214,0.5332,0.5688,0.6132,0.6526,0.7012,0.7786,0.8471,0.9182
115B,Italian,layer_7,last,103.2719,6.531,0.74407,0.3852,0.4954,0.5336,0.5807,0.6228,0.6745,0.7574,0.8309,0.9082
115B,Italian,layer_8,last,125.7152,7.7414,0.730694,0.3514,0.4697,0.51,0.5597,0.6035,0.6568,0.7425,0.8193,0.9007
115B,Italian,layer_9,last,144.7811,8.6593,0.719083,0.3309,0.4501,0.4917,0.5423,0.5871,0.6414,0.7296,0.8092,0.8942
115B,Italian,layer_10,last,156.4174,9.7367,0.707914,0.3068,0.4429,0.4851,0.5367,0.5815,0.6354,0.7249,0.8048,0.8907
115B,Italian,layer_11,last,173.5139,10.8105,0.691306,0.2868,0.4307,0.4733,0.5263,0.5711,0.6241,0.7127,0.7941,0.8832
115B,Italian,layer_12,last,197.0651,12.5019,0.680129,0.2598,0.4142,0.4576,0.5115,0.5567,0.6104,0.7013,0.7848,0.8767
115B,Italian,layer_13,last,222.2159,14.53,0.67181,0.2347,0.3958,0.4418,0.4991,0.546,0.6005,0.6921,0.7772,0.8715
115B,Italian,layer_14,last,233.3515,15.7769,0.663792,0.2171,0.3899,0.4374,0.4955,0.5427,0.5969,0.6876,0.7728,0.868
115B,Italian,layer_15,last,252.884,17.2155,0.659109,0.2062,0.3767,0.4251,0.4849,0.5334,0.589,0.6812,0.7676,0.8645
115B,Italian,layer_16,last,266.9381,18.8024,0.656094,0.1876,0.3687,0.4175,0.4785,0.5276,0.5843,0.6778,0.7652,0.8626
115B,Italian,layer_17,last,296.0732,21.6537,0.653591,0.1667,0.3522,0.402,0.4655,0.5156,0.574,0.6703,0.7596,0.859
115B,Italian,layer_18,last,309.525,23.8674,0.654784,0.1529,0.3448,0.3952,0.4612,0.5134,0.5734,0.6707,0.7602,0.8592
115B,Italian,layer_19,last,332.36,26.4204,0.653124,0.1392,0.3311,0.3825,0.4524,0.5057,0.5668,0.6654,0.7561,0.8565
115B,Italian,layer_20,last,347.3235,28.5596,0.650632,0.1331,0.3224,0.3745,0.4477,0.5022,0.5643,0.6634,0.7542,0.855
115B,Italian,layer_21,last,373.8245,31.6571,0.644374,0.1317,0.3091,0.3628,0.4388,0.4943,0.5572,0.6568,0.7483,0.8505
115B,Italian,layer_22,last,383.0337,33.6132,0.642624,0.1324,0.302,0.3589,0.4372,0.4943,0.5579,0.657,0.7478,0.8498
115B,Italian,layer_23,last,401.9337,35.6596,0.63591,0.1319,0.2938,0.351,0.43,0.4885,0.5532,0.6526,0.7434,0.8462
115B,Italian,layer_24,last,396.2899,36.1234,0.638082,0.1325,0.2936,0.351,0.4319,0.4932,0.5592,0.6589,0.7482,0.8491
115B,Italian,layer_25,last,416.4938,39.0497,0.639972,0.1295,0.2803,0.3386,0.4222,0.4868,0.5556,0.658,0.748,0.8489
115B,Italian,layer_26,last,439.3205,44.5013,0.645977,0.1196,0.2647,0.3236,0.4116,0.4806,0.5536,0.6598,0.7508,0.8511
115B,Italian,layer_27,last,437.7712,48.2167,0.650295,0.1107,0.2602,0.3212,0.4127,0.4857,0.5608,0.6675,0.7572,0.855
115B,Italian,layer_28,last,338.5686,37.3814,0.65783,0.1251,0.3029,0.3695,0.4621,0.5319,0.6023,0.7001,0.7818,0.8701
115B,Italian,layer_29,last,108.905,10.8866,0.66061,0.2688,0.4993,0.5593,0.6291,0.6773,0.7252,0.7921,0.8486,0.9099
115B,Italian,layer_0,mean,57.704,6.833,1.169054,0.3711,0.5255,0.5846,0.6653,0.7311,0.8007,0.8895,0.9451,0.9822
115B,Italian,layer_1,mean,38.1697,5.0821,0.963852,0.4322,0.5919,0.6497,0.7251,0.7837,0.8417,0.9098,0.9498,0.9786
115B,Italian,layer_2,mean,1.4203,1.0814,0.882114,0.9616,0.9754,0.9792,0.9837,0.987,0.9903,0.9941,0.9964,0.9983
115B,Italian,layer_3,mean,1.3269,1.0618,0.84082,0.9705,0.9802,0.9835,0.987,0.9896,0.992,0.995,0.9969,0.9985
115B,Italian,layer_4,mean,1.3167,1.0596,0.819517,0.9714,0.9806,0.9841,0.9876,0.99,0.9923,0.9951,0.9969,0.9984
115B,Italian,layer_5,mean,1.3678,1.0692,0.812326,0.9671,0.9768,0.9813,0.9858,0.9888,0.9914,0.9945,0.9965,0.9982
115B,Italian,layer_6,mean,1.3672,1.0675,0.801305,0.9678,0.9764,0.9807,0.9851,0.9882,0.9909,0.994,0.9962,0.998
115B,Italian,layer_7,mean,1.4633,1.0863,0.81072,0.9594,0.9703,0.976,0.9821,0.986,0.9894,0.9932,0.9957,0.9978
115B,Italian,layer_8,mean,1.5433,1.1006,0.810829,0.9532,0.9656,0.9719,0.979,0.9836,0.9876,0.9921,0.995,0.9974
115B,Italian,layer_9,mean,1.5282,1.0959,0.801057,0.9552,0.9662,0.9718,0.9785,0.9831,0.9871,0.9917,0.9947,0.9972
115B,Italian,layer_10,mean,1.5736,1.104,0.798761,0.9517,0.9634,0.9694,0.9769,0.9819,0.9863,0.9912,0.9943,0.997
115B,Italian,layer_11,mean,1.6098,1.1096,0.790651,0.9493,0.9614,0.9676,0.9754,0.9806,0.9851,0.9903,0.9937,0.9967
115B,Italian,layer_12,mean,1.729,1.1306,0.797092,0.9404,0.9547,0.9619,0.9712,0.9775,0.983,0.9891,0.993,0.9963
115B,Italian,layer_13,mean,2.0132,1.1803,0.806309,0.9204,0.94,0.9501,0.9629,0.9715,0.9788,0.9866,0.9915,0.9956
115B,Italian,layer_14,mean,2.0243,1.1787,0.790616,0.921,0.9395,0.9492,0.9616,0.9699,0.9772,0.9852,0.9905,0.995
115B,Italian,layer_15,mean,2.2143,1.2108,0.79564,0.9087,0.9308,0.9423,0.9568,0.9664,0.9747,0.9837,0.9896,0.9945
115B,Italian,layer_16,mean,2.5024,1.2544,0.797958,0.8927,0.9186,0.9319,0.9488,0.9601,0.97,0.9808,0.9877,0.9936
115B,Italian,layer_17,mean,2.9521,1.321,0.804948,0.8699,0.9018,0.9179,0.9382,0.952,0.964,0.9772,0.9856,0.9925
115B,Italian,layer_18,mean,3.5023,1.3974,0.810012,0.8456,0.8832,0.9025,0.9269,0.9434,0.9579,0.9735,0.9834,0.9914
115B,Italian,layer_19,mean,3.9238,1.4518,0.806026,0.8296,0.871,0.8923,0.919,0.9372,0.9532,0.9704,0.9813,0.9903
115B,Italian,layer_20,mean,5.1791,1.6152,0.808451,0.7862,0.8395,0.8664,0.9013,0.9245,0.9446,0.9656,0.9784,0.9887
115B,Italian,layer_21,mean,6.9562,1.8122,0.798477,0.7418,0.8049,0.8371,0.8794,0.9074,0.9317,0.9574,0.9729,0.9856
115B,Italian,layer_22,mean,9.9488,2.1435,0.805847,0.6813,0.7606,0.8007,0.8542,0.8887,0.9188,0.95,0.9685,0.9834
115B,Italian,layer_23,mean,14.3067,2.574,0.797456,0.6206,0.7154,0.7635,0.8261,0.8667,0.9019,0.9385,0.9607,0.9792
115B,Italian,layer_24,mean,20.9872,3.2526,0.810687,0.5502,0.6624,0.7182,0.7931,0.8431,0.8865,0.9307,0.9565,0.9772
115B,Italian,layer_25,mean,31.3845,4.4958,0.816922,0.4638,0.6045,0.6721,0.7613,0.8218,0.8734,0.9239,0.9526,0.9752
115B,Italian,layer_26,mean,47.3659,6.5817,0.832784,0.3772,0.5383,0.6166,0.7214,0.7935,0.8549,0.9146,0.9478,0.9732
115B,Italian,layer_27,mean,57.4905,8.4969,0.837598,0.3247,0.5083,0.5936,0.7057,0.7828,0.8478,0.9105,0.9455,0.9723
115B,Italian,layer_28,mean,65.7566,11.2917,0.846075,0.2677,0.4913,0.581,0.7,0.7801,0.8465,0.9102,0.9456,0.9726
115B,Italian,layer_29,mean,50.6875,9.0624,0.847457,0.2991,0.5434,0.6276,0.7353,0.8067,0.8642,0.9204,0.952,0.9759
115B,Swahili,layer_0,last,142.1795,20.9623,1.67863,0.2023,0.3185,0.3946,0.518,0.6278,0.7396,0.8711,0.9466,0.9886
115B,Swahili,layer_1,last,178.808,21.0114,1.248494,0.2054,0.3091,0.3721,0.4856,0.5874,0.6947,0.8285,0.9118,0.9695
115B,Swahili,layer_2,last,48.1549,4.9213,1.155486,0.4453,0.5533,0.5924,0.6645,0.728,0.7942,0.8788,0.9333,0.9741
115B,Swahili,layer_3,last,37.9841,3.9989,1.098895,0.4963,0.5922,0.6261,0.6893,0.745,0.8034,0.8797,0.9309,0.9717
115B,Swahili,layer_4,last,32.9769,3.6114,1.061983,0.5231,0.6145,0.6475,0.7058,0.7572,0.8109,0.8817,0.9304,0.9705
115B,Swahili,layer_5,last,36.8593,3.8545,1.035021,0.5061,0.6007,0.6366,0.6965,0.7485,0.8032,0.8756,0.926,0.968
115B,Swahili,layer_6,last,40.9817,4.1169,1.017439,0.4894,0.5865,0.624,0.6855,0.7396,0.7962,0.8707,0.9226,0.9662
115B,Swahili,layer_7,last,47.9899,4.5264,0.999888,0.4664,0.5638,0.602,0.6665,0.7236,0.7838,0.8625,0.9172,0.9632
115B,Swahili,layer_8,last,56.5119,5.1591,0.981651,0.4357,0.5415,0.5855,0.6515,0.7111,0.7737,0.8555,0.9126,0.9607
115B,Swahili,layer_9,last,62.4442,5.5989,0.965663,0.4174,0.5281,0.5736,0.6413,0.7024,0.767,0.8509,0.9092,0.9587
115B,Swahili,layer_10,last,68.0293,6.0495,0.945513,0.4005,0.5172,0.5657,0.6346,0.696,0.7611,0.8462,0.9056,0.9563
115B,Swahili,layer_11,last,74.4867,6.455,0.918829,0.387,0.5071,0.5567,0.6261,0.6871,0.7518,0.8377,0.899,0.9524
115B,Swahili,layer_12,last,83.0326,6.9862,0.899599,0.3714,0.4916,0.542,0.6135,0.6755,0.7416,0.83,0.8934,0.949
115B,Swahili,layer_13,last,94.0579,7.8731,0.880686,0.3482,0.4777,0.5301,0.6032,0.6646,0.7307,0.821,0.8867,0.945
115B,Swahili,layer_14,last,103.0666,8.8366,0.865345,0.3265,0.4653,0.5224,0.5983,0.6594,0.7253,0.8162,0.8829,0.9426
115B,Swahili,layer_15,last,112.1996,9.6256,0.854045,0.3117,0.4526,0.5107,0.5891,0.651,0.7183,0.8112,0.8793,0.9403
115B,Swahili,layer_16,last,128.1205,11.2844,0.842682,0.2849,0.4335,0.4932,0.5743,0.638,0.7074,0.8043,0.8745,0.9373
115B,Swahili,layer_17,last,148.6688,13.7789,0.834741,0.2535,0.4092,0.4723,0.5573,0.6238,0.6961,0.7967,0.8693,0.9342
115B,Swahili,layer_18,last,162.0113,15.9866,0.829636,0.2309,0.3949,0.4611,0.5491,0.6166,0.6905,0.7933,0.867,0.9327
115B,Swahili,layer_19,last,175.7219,18.49,0.823718,0.2097,0.3792,0.4496,0.5412,0.6101,0.6853,0.7897,0.8645,0.9312
115B,Swahili,layer_20,last,185.3572,20.5163,0.813971,0.1937,0.3718,0.4446,0.5367,0.6058,0.6811,0.7859,0.8613,0.9289
115B,Swahili,layer_21,last,204.5543,23.7611,0.798785,0.1729,0.3572,0.4327,0.5253,0.5949,0.6705,0.7761,0.8535,0.9239
115B,Swahili,layer_22,last,203.7352,25.0544,0.792526,0.1624,0.3559,0.4368,0.5308,0.5999,0.6743,0.7779,0.8542,0.9237
115B,Swahili,layer_23,last,209.6617,26.0649,0.779687,0.1562,0.3519,0.4351,0.5295,0.5975,0.6707,0.7736,0.8502,0.9206
115B,Swahili,layer_24,last,202.7214,24.9043,0.773343,0.1623,0.359,0.4423,0.5364,0.6031,0.6749,0.7757,0.8509,0.9205
115B,Swahili,layer_25,last,210.1268,26.0013,0.765781,0.1582,0.3538,0.4371,0.5322,0.5993,0.6709,0.7719,0.8478,0.9184
115B,Swahili,layer_26,last,212.4243,26.6795,0.760563,0.1548,0.3533,0.4363,0.532,0.5994,0.6707,0.7713,0.8469,0.9175
115B,Swahili,layer_27,last,203.8869,26.2236,0.756472,0.154,0.3601,0.4457,0.5405,0.6081,0.6781,0.7759,0.8495,0.9184
115B,Swahili,layer_28,last,142.257,17.7033,0.766247,0.2022,0.4153,0.5031,0.5958,0.6598,0.7229,0.8091,0.8726,0.9312
115B,Swahili,layer_29,last,30.6515,4.3399,0.774965,0.468,0.6555,0.7117,0.7712,0.8091,0.8464,0.8954,0.9305,0.9625
115B,Swahili,layer_0,mean,23.5903,4.12,1.240601,0.4815,0.6636,0.7251,0.7874,0.8366,0.885,0.9412,0.9728,0.9918
115B,Swahili,layer_1,mean,22.2036,3.9203,1.012825,0.4938,0.6782,0.7343,0.796,0.8442,0.89,0.9406,0.9686,0.9872
115B,Swahili,layer_2,mean,1.5137,1.1096,0.938164,0.9492,0.9736,0.9785,0.9833,0.9871,0.9907,0.9947,0.997,0.9986
115B,Swahili,layer_3,mean,1.4166,1.0872,0.899142,0.959,0.978,0.982,0.9862,0.9892,0.9921,0.9953,0.9972,0.9987
115B,Swahili,layer_4,mean,1.3844,1.0789,0.877282,0.9627,0.9793,0.9831,0.987,0.9898,0.9924,0.9954,0.9973,0.9987
115B,Swahili,layer_5,mean,1.4279,1.0868,0.868873,0.9592,0.9763,0.9809,0.9856,0.9887,0.9916,0.9949,0.9969,0.9985
115B,Swahili,layer_6,mean,1.4246,1.0848,0.858474,0.9601,0.976,0.9806,0.9853,0.9884,0.9914,0.9947,0.9968,0.9984
115B,Swahili,layer_7,mean,1.452,1.0895,0.859402,0.958,0.974,0.979,0.9841,0.9876,0.9908,0.9944,0.9966,0.9983
115B,Swahili,layer_8,mean,1.4854,1.0958,0.853275,0.9552,0.972,0.9774,0.9829,0.9866,0.99,0.9939,0.9963,0.9981
115B,Swahili,layer_9,mean,1.4852,1.0955,0.847807,0.9554,0.972,0.9773,0.9828,0.9865,0.9899,0.9938,0.9962,0.9981
115B,Swahili,layer_10,mean,1.5218,1.1028,0.845259,0.9522,0.97,0.9757,0.9817,0.9857,0.9893,0.9935,0.996,0.998
115B,Swahili,layer_11,mean,1.5501,1.1083,0.836029,0.9498,0.9687,0.9747,0.9808,0.9849,0.9886,0.9929,0.9956,0.9978
115B,Swahili,layer_12,mean,1.5969,1.117,0.838502,0.9461,0.9658,0.9725,0.9793,0.9838,0.9878,0.9925,0.9954,0.9977
115B,Swahili,layer_13,mean,1.7316,1.1437,0.840182,0.935,0.9588,0.9673,0.9757,0.9811,0.9859,0.9913,0.9946,0.9973
115B,Swahili,layer_14,mean,1.8023,1.1571,0.831013,0.9295,0.9558,0.9649,0.9738,0.9794,0.9845,0.9903,0.994,0.9969
115B,Swahili,layer_15,mean,1.8203,1.1603,0.832738,0.9282,0.9547,0.964,0.9732,0.9792,0.9843,0.9903,0.994,0.9969
115B,Swahili,layer_16,mean,2.0254,1.1989,0.837318,0.9131,0.9453,0.9567,0.968,0.9751,0.9814,0.9885,0.9929,0.9964
115B,Swahili,layer_17,mean,2.2702,1.2428,0.844896,0.8967,0.9349,0.9485,0.962,0.9705,0.978,0.9866,0.9918,0.9959
115B,Swahili,layer_18,mean,2.7017,1.3231,0.855154,0.8689,0.9187,0.9366,0.954,0.9647,0.974,0.9843,0.9905,0.9953
115B,Swahili,layer_19,mean,3.0242,1.3742,0.848915,0.8524,0.908,0.928,0.9473,0.9593,0.9697,0.9816,0.9887,0.9944
115B,Swahili,layer_20,mean,3.7165,1.4877,0.853474,0.8189,0.888,0.9112,0.9357,0.9509,0.9638,0.9782,0.9867,0.9933
115B,Swahili,layer_21,mean,4.9695,1.6552,0.854076,0.7758,0.8575,0.885,0.9153,0.9342,0.9508,0.9697,0.9815,0.9908
115B,Swahili,layer_22,mean,5.9745,1.8151,0.853464,0.74,0.8395,0.8716,0.907,0.9279,0.9461,0.9668,0.9796,0.9899
115B,Swahili,layer_23,mean,7.7824,2.0313,0.85051,0.6987,0.8098,0.8469,0.8872,0.9116,0.933,0.958,0.9742,0.9872
115B,Swahili,layer_24,mean,9.9028,2.3111,0.854421,0.6537,0.7812,0.8235,0.8716,0.8999,0.9248,0.9532,0.9713,0.9858
115B,Swahili,layer_25,mean,11.8033,2.5347,0.8524,0.6232,0.7599,0.806,0.858,0.8892,0.9166,0.9481,0.9682,0.9843
115B,Swahili,layer_26,mean,15.951,3.0373,0.863381,0.5669,0.7209,0.7739,0.8337,0.8709,0.9037,0.941,0.9643,0.9826
115B,Swahili,layer_27,mean,20.0239,3.6191,0.872523,0.5161,0.6908,0.7518,0.8189,0.8601,0.896,0.9367,0.9621,0.9817
115B,Swahili,layer_28,mean,24.5115,4.6756,0.891144,0.4454,0.6668,0.7389,0.8139,0.8584,0.8964,0.9386,0.964,0.983
115B,Swahili,layer_29,mean,24.6206,6.1589,0.904645,0.36,0.6809,0.7607,0.8365,0.8786,0.9138,0.9508,0.9715,0.9865
115B,Spanish,layer_0,last,105.0098,9.5922,1.318389,0.3061,0.4472,0.4846,0.548,0.615,0.7008,0.8252,0.9115,0.9723
115B,Spanish,layer_1,last,132.2476,9.5338,0.945738,0.311,0.4325,0.4643,0.5189,0.5786,0.6571,0.777,0.868,0.9431
115B,Spanish,layer_2,last,16.5793,2.4977,0.855811,0.6288,0.7364,0.7513,0.7755,0.8008,0.8343,0.8866,0.9281,0.9654
115B,Spanish,layer_3,last,12.568,2.1486,0.807708,0.6797,0.7681,0.7808,0.8007,0.8213,0.8485,0.8921,0.9286,0.9638
115B,Spanish,layer_4,last,11.2619,2.0194,0.777343,0.7018,0.7793,0.7912,0.8095,0.8282,0.8527,0.8925,0.927,0.9618
115B,Spanish,layer_5,last,12.7959,2.0896,0.752246,0.6901,0.7643,0.7763,0.7953,0.8146,0.8399,0.8814,0.9181,0.9562
115B,Spanish,layer_6,last,14.8693,2.199,0.738595,0.6726,0.7472,0.7596,0.7795,0.7998,0.8261,0.87,0.9096,0.9512
115B,Spanish,layer_7,last,18.595,2.3819,0.719197,0.6461,0.7212,0.734,0.7556,0.7775,0.8059,0.8536,0.8972,0.9436
115B,Spanish,layer_8,last,23.1802,2.6182,0.706262,0.6157,0.6965,0.7106,0.734,0.7572,0.7873,0.8385,0.8858,0.9368
115B,Spanish,layer_9,last,27.2685,2.7855,0.692302,0.5968,0.677,0.692,0.7159,0.7398,0.771,0.8249,0.8754,0.9303
115B,Spanish,layer_10,last,31.7685,3.0277,0.678968,0.5713,0.6615,0.6772,0.7019,0.7263,0.7585,0.8148,0.8673,0.9248
115B,Spanish,layer_11,last,36.5163,3.2415,0.659284,0.5513,0.6471,0.6633,0.6886,0.7131,0.7452,0.8019,0.8564,0.9174
115B,Spanish,layer_12,last,43.6083,3.5625,0.644361,0.5243,0.6274,0.6438,0.6698,0.695,0.7281,0.7876,0.8448,0.9096
115B,Spanish,layer_13,last,53.8516,3.9785,0.632761,0.4949,0.6017,0.6191,0.647,0.6735,0.7081,0.7706,0.8314,0.9008
115B,Spanish,layer_14,last,61.475,4.3152,0.621132,0.4736,0.5874,0.6053,0.634,0.6609,0.6958,0.759,0.8216,0.8941
115B,Spanish,layer_15,last,71.9193,4.7276,0.615035,0.4512,0.5677,0.5862,0.616,0.6444,0.6808,0.7468,0.812,0.8878
115B,Spanish,layer_16,last,87.1431,5.4151,0.610528,0.4186,0.5438,0.5632,0.5949,0.6251,0.6637,0.7334,0.8019,0.8812
115B,Spanish,layer_17,last,107.4041,6.2422,0.60661,0.3873,0.5161,0.5368,0.5701,0.6021,0.6433,0.7173,0.7896,0.8733
115B,Spanish,layer_18,last,128.38,7.1923,0.607019,0.3584,0.4904,0.5135,0.5503,0.5854,0.6293,0.7068,0.7819,0.8685
115B,Spanish,layer_19,last,154.2664,8.3534,0.604657,0.3303,0.4647,0.4902,0.5299,0.5667,0.6128,0.6934,0.7716,0.862
115B,Spanish,layer_20,last,181.5695,9.8075,0.60186,0.3012,0.4403,0.4703,0.5129,0.5519,0.6002,0.6832,0.7636,0.8565
115B,Spanish,layer_21,last,217.771,11.5638,0.595273,0.2754,0.4134,0.446,0.4914,0.5327,0.5831,0.6688,0.7519,0.8483
115B,Spanish,layer_22,last,249.3797,13.5741,0.594046,0.2518,0.392,0.429,0.4773,0.5213,0.5738,0.6614,0.7457,0.8441
115B,Spanish,layer_23,last,288.6426,16.0196,0.590316,0.2304,0.3675,0.4072,0.4596,0.507,0.5621,0.6521,0.738,0.8384
115B,Spanish,layer_24,last,320.0448,18.8868,0.594945,0.2103,0.3456,0.3896,0.4479,0.4993,0.5583,0.6514,0.7382,0.8386
115B,Spanish,layer_25,last,366.2529,22.597,0.598238,0.1922,0.3172,0.3644,0.4284,0.4839,0.547,0.6448,0.734,0.8362
115B,Spanish,layer_26,last,418.4294,29.0054,0.607488,0.1676,0.2848,0.3364,0.4086,0.4702,0.5391,0.6436,0.7353,0.8376
115B,Spanish,layer_27,last,441.3548,34.9715,0.611828,0.1497,0.2708,0.3253,0.4044,0.4705,0.5419,0.6481,0.7394,0.8402
115B,Spanish,layer_28,last,365.5036,34.4938,0.617625,0.1359,0.3061,0.365,0.4474,0.5121,0.5791,0.6773,0.7615,0.8539
115B,Spanish,layer_29,last,112.5032,9.6923,0.617492,0.2933,0.5054,0.5544,0.6166,0.6606,0.7057,0.7731,0.8319,0.8968
115B,Spanish,layer_0,mean,99.6261,12.9522,1.138057,0.256,0.4343,0.5059,0.6041,0.6801,0.7622,0.868,0.9336,0.9778
115B,Spanish,layer_1,mean,67.7092,9.0654,0.936287,0.3136,0.4979,0.5749,0.6725,0.7428,0.8122,0.8927,0.9393,0.9732
115B,Spanish,layer_2,mean,5.3923,1.6827,0.852571,0.7694,0.8489,0.8743,0.9027,0.9224,0.9414,0.9639,0.9779,0.9892
115B,Spanish,layer_3,mean,4.6246,1.5719,0.81517,0.7966,0.8627,0.8874,0.9145,0.9319,0.9476,0.9665,0.9788,0.9892
115B,Spanish,layer_4,mean,4.5619,1.5524,0.79281,0.8018,0.8629,0.8874,0.9143,0.9317,0.9468,0.9652,0.9775,0.9882
115B,Spanish,layer_5,mean,5.9165,1.7349,0.790976,0.758,0.8294,0.8637,0.9011,0.9231,0.9409,0.9615,0.975,0.9868
115B,Spanish,layer_6,mean,6.0472,1.7207,0.780277,0.7613,0.8272,0.8591,0.8946,0.9166,0.9351,0.9571,0.9719,0.9851
115B,Spanish,layer_7,mean,8.0173,1.949,0.792444,0.7147,0.7915,0.8294,0.8744,0.9022,0.9256,0.9522,0.9692,0.9837
115B,Spanish,layer_8,mean,10.2767,2.1848,0.796417,0.6744,0.7608,0.8025,0.8548,0.8876,0.9147,0.9455,0.9651,0.9817
115B,Spanish,layer_9,mean,10.1221,2.1293,0.785758,0.6834,0.765,0.8035,0.8512,0.8828,0.9099,0.9417,0.9624,0.9801
115B,Spanish,layer_10,mean,11.4987,2.2777,0.785528,0.6604,0.749,0.7903,0.842,0.8768,0.9063,0.9397,0.9612,0.9794
115B,Spanish,layer_11,mean,12.7519,2.3866,0.777596,0.6447,0.7389,0.7809,0.8331,0.8684,0.8988,0.9341,0.9574,0.9773
115B,Spanish,layer_12,mean,16.368,2.7855,0.785399,0.5951,0.7091,0.7559,0.8151,0.8559,0.8904,0.9295,0.9548,0.9761
115B,Spanish,layer_13,mean,24.7064,3.7264,0.797088,0.5109,0.654,0.7097,0.7844,0.8346,0.8767,0.9224,0.9508,0.9742
115B,Spanish,layer_14,mean,25.8296,3.6577,0.778933,0.5166,0.6492,0.7044,0.7751,0.8236,0.8654,0.9129,0.9438,0.9701
115B,Spanish,layer_15,mean,30.1053,4.1438,0.784612,0.4835,0.6269,0.6869,0.764,0.8158,0.8604,0.91,0.9423,0.9694
115B,Spanish,layer_16,mean,37.6124,4.8754,0.788745,0.4435,0.5938,0.658,0.7413,0.7979,0.8473,0.9022,0.9376,0.9672
115B,Spanish,layer_17,mean,49.2786,6.2472,0.7966,0.3872,0.5527,0.6221,0.7153,0.7787,0.8337,0.8945,0.9335,0.9653
115B,Spanish,layer_18,mean,60.3612,7.8435,0.802871,0.3392,0.5222,0.5959,0.6949,0.7632,0.8233,0.889,0.9307,0.964
115B,Spanish,layer_19,mean,65.7817,8.5628,0.797204,0.3214,0.5099,0.5852,0.6856,0.7552,0.8165,0.8842,0.9272,0.962
115B,Spanish,layer_20,mean,75.7722,10.6652,0.797029,0.2787,0.4847,0.5649,0.673,0.7473,0.8128,0.8833,0.9267,0.9615
115B,Spanish,layer_21,mean,90.9906,13.5541,0.791803,0.2359,0.4547,0.5391,0.6533,0.7303,0.7994,0.8751,0.9211,0.9582
115B,Spanish,layer_22,mean,97.6772,15.0412,0.805691,0.2214,0.4361,0.5241,0.642,0.7228,0.7957,0.8756,0.923,0.9598
115B,Spanish,layer_23,mean,107.0309,16.4663,0.798062,0.2096,0.4231,0.5104,0.6306,0.7132,0.7868,0.8675,0.9168,0.9563
115B,Spanish,layer_24,mean,112.3277,18.0151,0.816858,0.1984,0.4044,0.4955,0.6201,0.7072,0.7857,0.8715,0.9216,0.9596
115B,Spanish,layer_25,mean,119.868,21.0725,0.824431,0.1741,0.3848,0.4795,0.6112,0.704,0.7863,0.8739,0.9236,0.9609
115B,Spanish,layer_26,mean,133.6671,25.8291,0.845516,0.1486,0.3554,0.4522,0.5916,0.6909,0.7801,0.8743,0.9258,0.9629
115B,Spanish,layer_27,mean,134.9662,27.0666,0.847729,0.141,0.3497,0.4515,0.5934,0.693,0.7812,0.8741,0.9256,0.963
115B,Spanish,layer_28,mean,117.0085,23.0423,0.854352,0.1599,0.3778,0.4819,0.6195,0.7139,0.796,0.8827,0.9309,0.9659
115B,Spanish,layer_29,mean,65.9095,10.816,0.853905,0.2755,0.4902,0.5847,0.6997,0.7736,0.8376,0.9056,0.9445,0.9727
115B,German,layer_0,last,170.8259,13.7322,1.317841,0.2638,0.3415,0.3897,0.467,0.5465,0.646,0.7922,0.8954,0.9682
115B,German,layer_1,last,189.1409,12.114,0.947156,0.2823,0.3586,0.3998,0.467,0.5326,0.6176,0.7501,0.8521,0.9369
115B,German,layer_2,last,178.9541,10.2465,0.856136,0.3083,0.3812,0.4192,0.4813,0.5397,0.6158,0.7367,0.8337,0.9206
115B,German,layer_3,last,170.2672,9.044,0.807795,0.329,0.3984,0.4339,0.4912,0.5445,0.613,0.7248,0.8186,0.9084
115B,German,layer_4,last,160.024,8.2999,0.778545,0.3439,0.4116,0.448,0.5038,0.5537,0.6172,0.7217,0.8118,0.902
115B,German,layer_5,last,189.6536,9.3383,0.753779,0.3241,0.3881,0.4252,0.482,0.5331,0.5973,0.703,0.7959,0.8912
115B,German,layer_6,last,212.5098,10.389,0.741403,0.3066,0.3734,0.4109,0.4681,0.5206,0.5858,0.6928,0.7872,0.8852
115B,German,layer_7,last,276.9649,13.6253,0.723993,0.2663,0.3349,0.3739,0.4335,0.4881,0.5564,0.6691,0.7689,0.8735
115B,German,layer_8,last,324.0909,16.8096,0.711564,0.238,0.3137,0.3549,0.4167,0.472,0.5411,0.6557,0.7579,0.8662
115B,German,layer_9,last,373.4482,20.0349,0.699406,0.2168,0.294,0.336,0.3986,0.4536,0.523,0.64,0.7457,0.8581
115B,German,layer_10,last,405.7605,22.244,0.688005,0.205,0.2831,0.3249,0.3876,0.4428,0.5126,0.6311,0.7379,0.8522
115B,German,layer_11,last,475.2886,27.5528,0.670809,0.1827,0.2613,0.304,0.3681,0.4233,0.4921,0.6107,0.7204,0.8402
115B,German,layer_12,last,556.5893,36.2104,0.658508,0.1567,0.2375,0.2817,0.3464,0.4022,0.4723,0.5939,0.7066,0.8305
115B,German,layer_13,last,624.8503,46.6552,0.648326,0.1346,0.2202,0.2657,0.3326,0.3893,0.4595,0.5815,0.6959,0.8229
115B,German,layer_14,last,657.9361,53.0144,0.639214,0.124,0.2124,0.26,0.3286,0.3853,0.4549,0.5754,0.6895,0.8176
115B,German,layer_15,last,697.229,61.4161,0.634098,0.1126,0.2033,0.2513,0.3205,0.3776,0.4479,0.5696,0.6847,0.8139
115B,German,layer_16,last,708.371,66.8127,0.630742,0.1052,0.2011,0.2496,0.3196,0.3773,0.4481,0.57,0.685,0.8135
115B,German,layer_17,last,752.0144,80.3969,0.627855,0.0914,0.1894,0.2392,0.3103,0.3692,0.4414,0.5655,0.6814,0.8107
115B,German,layer_18,last,744.9522,82.8234,0.628465,0.0889,0.1882,0.2382,0.3126,0.3737,0.4468,0.5707,0.6855,0.813
115B,German,layer_19,last,738.3995,87.2086,0.626994,0.0821,0.1892,0.2404,0.3169,0.3788,0.4515,0.5743,0.6879,0.814
115B,German,layer_20,last,746.1718,95.0116,0.623458,0.0737,0.1855,0.2404,0.318,0.3807,0.4532,0.5751,0.6879,0.8134
115B,German,layer_21,last,768.5268,101.8632,0.614852,0.0681,0.1814,0.2368,0.3148,0.3781,0.4503,0.5709,0.683,0.8088
115B,German,layer_22,last,748.3515,97.9621,0.612141,0.0685,0.1857,0.2424,0.3211,0.3854,0.4573,0.5755,0.6855,0.8095
115B,German,layer_23,last,742.4784,92.82,0.605082,0.072,0.1894,0.2443,0.3217,0.3873,0.4592,0.5756,0.6839,0.8073
115B,German,layer_24,last,701.3182,82.8884,0.606479,0.078,0.1979,0.2517,0.3305,0.3975,0.4705,0.5858,0.6919,0.812
115B,German,layer_25,last,708.0225,84.9973,0.608059,0.079,0.1917,0.2464,0.3251,0.3955,0.4713,0.5885,0.6945,0.8136
115B,German,layer_26,last,706.1366,89.1504,0.613832,0.0775,0.1843,0.2409,0.3221,0.396,0.476,0.5958,0.7015,0.8183
115B,German,layer_27,last,663.2162,78.2809,0.615005,0.0886,0.1915,0.2501,0.3326,0.4073,0.4881,0.6067,0.7098,0.8231
115B,German,layer_28,last,482.0514,44.4428,0.61723,0.1277,0.2506,0.3127,0.3935,0.4622,0.5358,0.6435,0.7367,0.8393
115B,German,layer_29,last,131.7906,10.2247,0.618637,0.2914,0.4795,0.528,0.5888,0.6347,0.6833,0.756,0.8194,0.8896
115B,German,layer_0,mean,74.5666,7.6807,1.18288,0.3526,0.4772,0.54,0.6195,0.6883,0.7666,0.87,0.9362,0.98
115B,German,layer_1,mean,60.3031,6.657,0.954556,0.3785,0.5155,0.5837,0.663,0.7282,0.7987,0.8837,0.9352,0.9725
115B,German,layer_2,mean,2.2557,1.223,0.869604,0.904,0.9339,0.9437,0.9546,0.9629,0.9718,0.9826,0.9895,0.995
115B,German,layer_3,mean,1.96,1.1724,0.828336,0.9234,0.9463,0.9549,0.9639,0.9703,0.9769,0.9853,0.9908,0.9954
115B,German,layer_4,mean,1.8978,1.1626,0.806689,0.9273,0.9492,0.9582,0.9669,0.9727,0.9786,0.986,0.9911,0.9954
115B,German,layer_5,mean,2.0681,1.1921,0.801757,0.9158,0.941,0.9514,0.963,0.9699,0.9767,0.9848,0.9902,0.9949
115B,German,layer_6,mean,2.0518,1.1848,0.790871,0.9186,0.9408,0.9508,0.9618,0.9688,0.9755,0.9838,0.9895,0.9945
115B,German,layer_7,mean,2.3442,1.2349,0.801328,0.8997,0.9271,0.9399,0.9551,0.9641,0.9726,0.9823,0.9886,0.9941
115B,German,layer_8,mean,2.5347,1.2639,0.799942,0.8893,0.9193,0.9334,0.9501,0.9603,0.9695,0.9803,0.9874,0.9934
115B,German,layer_9,mean,2.4651,1.2474,0.790906,0.8952,0.9215,0.9345,0.9498,0.9596,0.9688,0.9797,0.9869,0.9931
115B,German,layer_10,mean,2.6324,1.274,0.789255,0.8858,0.9149,0.9293,0.9461,0.9571,0.967,0.9786,0.9862,0.9927
115B,German,layer_11,mean,2.7419,1.2881,0.781598,0.8809,0.911,0.9259,0.9433,0.9545,0.9646,0.9768,0.9849,0.992
115B,German,layer_12,mean,3.099,1.3422,0.787545,0.8629,0.8987,0.916,0.936,0.9492,0.961,0.9747,0.9837,0.9914
115B,German,layer_13,mean,4.0968,1.4846,0.796575,0.8202,0.8683,0.8921,0.9198,0.9374,0.9526,0.9697,0.9806,0.9898
115B,German,layer_14,mean,4.1148,1.4748,0.782433,0.823,0.8674,0.8909,0.9174,0.9345,0.9496,0.9671,0.9787,0.9887
115B,German,layer_15,mean,4.7013,1.5554,0.787718,0.8012,0.8533,0.8799,0.9102,0.9291,0.9458,0.9648,0.9773,0.988
115B,German,layer_16,mean,5.6106,1.6639,0.79113,0.7744,0.8334,0.8637,0.8975,0.9192,0.9384,0.9602,0.9745,0.9866
115B,German,layer_17,mean,7.0216,1.8233,0.79888,0.7394,0.8073,0.8415,0.8807,0.9063,0.9289,0.9547,0.9713,0.985
115B,German,layer_18,mean,8.9921,2.0396,0.806998,0.6986,0.7764,0.8159,0.862,0.8931,0.9199,0.9498,0.9684,0.9836
115B,German,layer_19,mean,9.9415,2.1338,0.801177,0.6828,0.7651,0.8067,0.8543,0.8863,0.9146,0.946,0.9659,0.9822
115B,German,layer_20,mean,14.0099,2.5684,0.803451,0.6212,0.7182,0.7678,0.8289,0.8697,0.9044,0.9405,0.9624,0.9803
115B,German,layer_21,mean,19.3587,3.0583,0.792401,0.568,0.6764,0.7311,0.8,0.8468,0.887,0.9292,0.9547,0.9758
115B,German,layer_22,mean,28.5098,4.0008,0.801116,0.4939,0.6218,0.685,0.7664,0.8219,0.8698,0.9197,0.9492,0.9732
115B,German,layer_23,mean,39.4039,5.0415,0.794199,0.4371,0.5775,0.6458,0.7349,0.7964,0.8491,0.9049,0.9392,0.9678
115B,German,layer_24,mean,52.9598,6.8106,0.806352,0.3712,0.5278,0.6026,0.706,0.778,0.8392,0.901,0.9376,0.9673
115B,German,layer_25,mean,69.1958,9.7049,0.812881,0.3026,0.4783,0.563,0.6805,0.7626,0.8313,0.8984,0.9363,0.9666
115B,German,layer_26,mean,92.3723,15.0361,0.830953,0.2294,0.4217,0.5143,0.6459,0.7392,0.8177,0.8931,0.9346,0.9664
115B,German,layer_27,mean,98.098,17.2219,0.833186,0.2067,0.4114,0.5075,0.6419,0.7368,0.8156,0.8913,0.9336,0.9662
115B,German,layer_28,mean,103.7965,20.7678,0.839024,0.1738,0.4011,0.5039,0.6411,0.7363,0.8153,0.8912,0.9339,0.9666
115B,German,layer_29,mean,89.6658,18.9976,0.840905,0.1767,0.4264,0.5404,0.6721,0.7583,0.8295,0.8995,0.9396,0.9695
115B,Hindi,layer_0,last,68.5146,14.3053,1.795481,0.2449,0.3802,0.4848,0.6538,0.7703,0.8689,0.959,0.9924,0.9996
115B,Hindi,layer_1,last,114.5251,16.3556,1.180798,0.2327,0.3448,0.4318,0.5664,0.6786,0.7843,0.8927,0.9477,0.9814
115B,Hindi,layer_2,last,6.7228,1.7841,1.080697,0.7476,0.8038,0.8303,0.8682,0.9005,0.9305,0.9618,0.9793,0.9916
115B,Hindi,layer_3,last,4.878,1.5587,1.029256,0.8004,0.8437,0.864,0.8925,0.917,0.9401,0.9652,0.9802,0.9915
115B,Hindi,layer_4,last,4.1366,1.4623,0.997306,0.8265,0.8634,0.8806,0.9042,0.9248,0.9447,0.9669,0.9807,0.9915
115B,Hindi,layer_5,last,4.2147,1.4639,0.967002,0.8261,0.8625,0.8788,0.9016,0.9217,0.9414,0.9641,0.9787,0.9903
115B,Hindi,layer_6,last,4.3964,1.4758,0.944444,0.8228,0.8579,0.8741,0.8965,0.9168,0.937,0.9609,0.9765,0.9892
115B,Hindi,layer_7,last,4.8067,1.5053,0.912243,0.8147,0.8475,0.8636,0.8861,0.9071,0.9286,0.9551,0.9725,0.9869
115B,Hindi,layer_8,last,5.2822,1.5415,0.880767,0.8052,0.8369,0.8534,0.8766,0.8982,0.9209,0.9492,0.9683,0.9846
115B,Hindi,layer_9,last,5.7117,1.5707,0.850783,0.7976,0.8284,0.8447,0.8682,0.8902,0.9135,0.9436,0.9642,0.9821
115B,Hindi,layer_10,last,6.3287,1.6153,0.824069,0.7866,0.8178,0.834,0.8579,0.8804,0.9049,0.9369,0.9592,0.9791
115B,Hindi,layer_11,last,6.8942,1.6517,0.796185,0.7778,0.809,0.8255,0.8496,0.8723,0.8971,0.9301,0.9539,0.9758
115B,Hindi,layer_12,last,7.7235,1.7057,0.773349,0.7654,0.7968,0.8137,0.8381,0.8612,0.8872,0.9222,0.948,0.9722
115B,Hindi,layer_13,last,9.0122,1.789,0.75298,0.7473,0.78,0.7979,0.8234,0.8473,0.8745,0.912,0.9405,0.9676
115B,Hindi,layer_14,last,9.973,1.8508,0.7352,0.7347,0.7697,0.7883,0.8149,0.8393,0.867,0.9055,0.9353,0.9643
115B,Hindi,layer_15,last,11.2022,1.9247,0.721935,0.7204,0.7568,0.7763,0.8037,0.8291,0.8579,0.8983,0.9298,0.9607
115B,Hindi,layer_16,last,13.1367,2.0391,0.711721,0.6998,0.7385,0.7591,0.7886,0.8157,0.8463,0.8894,0.9232,0.9567
115B,Hindi,layer_17,last,15.5752,2.1744,0.703491,0.6776,0.718,0.7399,0.7718,0.801,0.8339,0.8802,0.9163,0.9524
115B,Hindi,layer_18,last,18.7706,2.3474,0.698597,0.6521,0.6953,0.719,0.7538,0.7853,0.8207,0.8705,0.9094,0.9482
115B,Hindi,layer_19,last,22.4542,2.5491,0.692894,0.6255,0.6731,0.7001,0.7383,0.7722,0.8097,0.862,0.903,0.9443
115B,Hindi,layer_20,last,26.8333,2.7821,0.686747,0.5985,0.6512,0.6811,0.7231,0.7589,0.7982,0.8533,0.8965,0.9401
115B,Hindi,layer_21,last,32.1571,3.0342,0.677233,0.5728,0.6294,0.661,0.7058,0.7435,0.7844,0.8421,0.8878,0.9346
115B,Hindi,layer_22,last,37.7428,3.3234,0.672294,0.5469,0.6104,0.645,0.6926,0.7315,0.7737,0.8335,0.8813,0.9305
115B,Hindi,layer_23,last,45.0138,3.6759,0.660677,0.5195,0.59,0.6271,0.677,0.7171,0.7604,0.8221,0.8723,0.9244
115B,Hindi,layer_24,last,53.8511,4.1472,0.655985,0.4882,0.5687,0.6082,0.6614,0.7034,0.7485,0.8127,0.865,0.9197
115B,Hindi,layer_25,last,66.1538,4.7129,0.649486,0.4571,0.5425,0.5836,0.6398,0.6836,0.7308,0.7985,0.8542,0.9129
115B,Hindi,layer_26,last,87.422,5.7015,0.645914,0.4143,0.5065,0.5487,0.6082,0.6553,0.7059,0.7796,0.8403,0.9044
115B,Hindi,layer_27,last,111.9005,7.0707,0.640855,0.3693,0.477,0.5204,0.5831,0.6324,0.6855,0.7633,0.828,0.8967
115B,Hindi,layer_28,last,162.6234,12.31,0.637475,0.2558,0.4374,0.4842,0.553,0.6055,0.661,0.7437,0.8131,0.8873
115B,Hindi,layer_29,last,52.913,5.7713,0.635492,0.3788,0.6197,0.6516,0.6968,0.7311,0.7683,0.8242,0.8713,0.9221
115B,Hindi,layer_0,mean,41.6102,7.5266,1.483972,0.3497,0.5169,0.5995,0.7264,0.8177,0.8924,0.9597,0.9869,0.9974
115B,Hindi,layer_1,mean,38.4627,6.218,1.085939,0.3897,0.5425,0.6205,0.7363,0.8205,0.8867,0.9472,0.975,0.9906
115B,Hindi,layer_2,mean,4.9404,1.6958,0.997387,0.7657,0.8542,0.8789,0.9136,0.9387,0.9589,0.9789,0.989,0.9954
115B,Hindi,layer_3,mean,3.6982,1.4808,0.958611,0.8207,0.8842,0.9036,0.9296,0.9484,0.9642,0.9809,0.9897,0.9955
115B,Hindi,layer_4,mean,3.2879,1.4075,0.933832,0.8422,0.8956,0.9135,0.9359,0.9522,0.9664,0.9817,0.9899,0.9955
115B,Hindi,layer_5,mean,3.3623,1.4099,0.917201,0.8416,0.8916,0.9108,0.9335,0.9499,0.9646,0.9805,0.989,0.995
115B,Hindi,layer_6,mean,3.3479,1.3996,0.905555,0.8448,0.8907,0.9096,0.9323,0.9487,0.9636,0.9797,0.9885,0.9947
115B,Hindi,layer_7,mean,3.6321,1.4367,0.903138,0.8338,0.8797,0.9011,0.9264,0.9448,0.961,0.9784,0.9878,0.9943
115B,Hindi,layer_8,mean,3.9595,1.4733,0.890805,0.8234,0.8688,0.8921,0.9191,0.9387,0.9564,0.9755,0.986,0.9934
115B,Hindi,layer_9,mean,3.941,1.4647,0.875537,0.8259,0.8693,0.8921,0.9183,0.9375,0.955,0.9743,0.9851,0.9928
115B,Hindi,layer_10,mean,4.2932,1.5086,0.864403,0.8137,0.8593,0.8841,0.9121,0.9329,0.9517,0.9721,0.9836,0.992
115B,Hindi,layer_11,mean,4.7431,1.5576,0.852001,0.8007,0.8486,0.8747,0.9041,0.9258,0.9458,0.9681,0.981,0.9907
115B,Hindi,layer_12,mean,5.592,1.6602,0.85043,0.7754,0.8297,0.8594,0.8924,0.9171,0.9396,0.9645,0.9789,0.9896
115B,Hindi,layer_13,mean,7.5389,1.8847,0.848625,0.7273,0.7958,0.8314,0.8721,0.901,0.9277,0.9571,0.9744,0.9874
115B,Hindi,layer_14,mean,7.5753,1.8589,0.8275,0.7324,0.7959,0.83,0.8683,0.8962,0.9224,0.9526,0.9711,0.9854
115B,Hindi,layer_15,mean,8.9055,2.0158,0.827946,0.7029,0.7765,0.8156,0.8591,0.8898,0.9181,0.9501,0.9695,0.9846
115B,Hindi,layer_16,mean,10.9057,2.2131,0.825367,0.6704,0.7515,0.7949,0.8432,0.877,0.9083,0.9438,0.9656,0.9826
115B,Hindi,layer_17,mean,13.8126,2.488,0.827253,0.6316,0.7208,0.7687,0.8227,0.8614,0.897,0.9372,0.9617,0.9806
115B,Hindi,layer_18,mean,17.8625,2.896,0.829239,0.5842,0.6876,0.7427,0.8032,0.8464,0.8857,0.9305,0.9576,0.9787
115B,Hindi,layer_19,mean,21.1167,3.2244,0.822586,0.5525,0.6667,0.7257,0.7905,0.8361,0.8776,0.9251,0.9541,0.9767
115B,Hindi,layer_20,mean,26.1494,3.7715,0.811235,0.5088,0.6394,0.7035,0.7755,0.8249,0.8691,0.9191,0.9498,0.9741
115B,Hindi,layer_21,mean,33.8538,4.5716,0.795988,0.4591,0.6054,0.6766,0.754,0.8068,0.8541,0.9084,0.9423,0.9696
115B,Hindi,layer_22,mean,42.1937,5.6441,0.798083,0.4084,0.5734,0.6515,0.7365,0.7932,0.8439,0.9022,0.9386,0.9677
115B,Hindi,layer_23,mean,52.0398,6.6144,0.779716,0.3741,0.5449,0.6257,0.7147,0.7742,0.8272,0.8888,0.9284,0.9617
115B,Hindi,layer_24,mean,60.9487,7.8526,0.781174,0.3389,0.5209,0.6053,0.6998,0.7626,0.8187,0.8839,0.9255,0.9602
115B,Hindi,layer_25,mean,72.0775,9.8903,0.781963,0.2947,0.4916,0.5819,0.6854,0.7533,0.8131,0.8812,0.9239,0.9592
115B,Hindi,layer_26,mean,90.2746,13.7105,0.792274,0.2385,0.4491,0.5468,0.66,0.7358,0.8022,0.8762,0.9217,0.9585
115B,Hindi,layer_27,mean,100.1919,16.3261,0.789276,0.2099,0.4286,0.5299,0.6499,0.7288,0.7976,0.8729,0.9193,0.957
115B,Hindi,layer_28,mean,97.0883,16.6542,0.790331,0.197,0.4334,0.5394,0.6586,0.7346,0.8013,0.8748,0.9206,0.9578
115B,Hindi,layer_29,mean,23.8751,3.9804,0.787858,0.4905,0.6658,0.7367,0.8031,0.8453,0.8834,0.9262,0.9531,0.975
115B,Arabic,layer_0,last,141.754,14.3965,1.532245,0.2537,0.357,0.4068,0.4959,0.5895,0.6957,0.8363,0.9269,0.9826
115B,Arabic,layer_1,last,159.4212,13.1227,1.079079,0.2681,0.3642,0.4094,0.4883,0.571,0.668,0.8024,0.8932,0.9598
115B,Arabic,layer_2,last,41.1801,4.1739,0.983359,0.484,0.5963,0.6278,0.6763,0.7265,0.7853,0.8669,0.9229,0.9669
115B,Arabic,layer_3,last,29.5499,3.3219,0.931903,0.545,0.6441,0.6722,0.7145,0.7566,0.8056,0.8751,0.9245,0.9655
115B,Arabic,layer_4,last,24.6909,2.9692,0.900766,0.5775,0.6688,0.6947,0.7337,0.7719,0.8162,0.8797,0.9253,0.9646
115B,Arabic,layer_5,last,27.8853,3.104,0.876042,0.565,0.6514,0.679,0.7201,0.7594,0.8053,0.871,0.9185,0.9603
115B,Arabic,layer_6,last,31.9176,3.3082,0.859242,0.5473,0.632,0.6639,0.7077,0.7483,0.7958,0.8632,0.9126,0.9567
115B,Arabic,layer_7,last,38.1607,3.5849,0.838608,0.5258,0.6071,0.641,0.6872,0.7296,0.7797,0.8508,0.9035,0.9512
115B,Arabic,layer_8,last,46.8356,4.0054,0.819695,0.4971,0.579,0.6162,0.6656,0.7101,0.7626,0.8376,0.8937,0.9455
115B,Arabic,layer_9,last,54.4272,4.3371,0.803103,0.4775,0.5575,0.5968,0.6489,0.6947,0.7492,0.827,0.8856,0.9404
115B,Arabic,layer_10,last,62.0233,4.6834,0.788119,0.4592,0.5401,0.5814,0.635,0.6815,0.737,0.8172,0.8782,0.9357
115B,Arabic,layer_11,last,69.3192,4.9362,0.767183,0.4472,0.5255,0.5685,0.6225,0.6691,0.7243,0.8051,0.8682,0.9293
115B,Arabic,layer_12,last,80.7185,5.4552,0.752542,0.4248,0.5064,0.5501,0.606,0.6533,0.7099,0.7936,0.8593,0.9236
115B,Arabic,layer_13,last,97.1398,6.27,0.740306,0.3953,0.4814,0.5289,0.5879,0.6365,0.6937,0.7797,0.8487,0.9171
115B,Arabic,layer_14,last,109.7349,6.9654,0.729014,0.3742,0.4646,0.5148,0.5772,0.627,0.6847,0.7715,0.8419,0.9124
115B,Arabic,layer_15,last,124.0512,7.6909,0.721204,0.3555,0.4474,0.4994,0.5635,0.6143,0.6732,0.7621,0.8346,0.9077
115B,Arabic,layer_16,last,145.0438,8.8938,0.716265,0.3294,0.4239,0.4783,0.5454,0.5983,0.6594,0.752,0.8273,0.9033
115B,Arabic,layer_17,last,169.6546,10.5663,0.711216,0.3003,0.4018,0.4574,0.5281,0.583,0.6466,0.7425,0.8201,0.8987
115B,Arabic,layer_18,last,187.6943,12.2945,0.710842,0.2761,0.3849,0.4453,0.5194,0.5766,0.6414,0.7389,0.8177,0.8972
115B,Arabic,layer_19,last,202.083,13.9693,0.708898,0.2567,0.3755,0.4362,0.514,0.5729,0.6385,0.7368,0.8158,0.8959
115B,Arabic,layer_20,last,211.733,15.3037,0.703768,0.2433,0.3682,0.4308,0.5122,0.572,0.6375,0.7353,0.8141,0.8943
115B,Arabic,layer_21,last,229.9621,17.3176,0.695829,0.2264,0.3556,0.42,0.5047,0.5652,0.6313,0.7293,0.8088,0.8905
115B,Arabic,layer_22,last,232.1513,18.3139,0.693635,0.2183,0.3546,0.4206,0.508,0.5685,0.6339,0.7303,0.8089,0.8903
115B,Arabic,layer_23,last,244.8751,19.7549,0.683798,0.2084,0.3488,0.4152,0.5027,0.5635,0.6288,0.7248,0.8039,0.8864
115B,Arabic,layer_24,last,244.7734,20.529,0.682588,0.2023,0.3481,0.4158,0.5049,0.5667,0.6319,0.7272,0.8055,0.8872
115B,Arabic,layer_25,last,264.7572,22.5274,0.680821,0.1921,0.3332,0.4018,0.4929,0.5563,0.6229,0.7206,0.8009,0.8844
115B,Arabic,layer_26,last,291.9662,26.1717,0.682872,0.1758,0.3126,0.3831,0.4774,0.5437,0.6133,0.7147,0.7974,0.8826
115B,Arabic,layer_27,last,302.9383,28.5703,0.680185,0.1659,0.3007,0.3755,0.4738,0.5422,0.6128,0.714,0.7964,0.8815
115B,Arabic,layer_28,last,252.2344,25.073,0.680492,0.1737,0.3325,0.4122,0.5101,0.5751,0.6409,0.7341,0.8102,0.8893
115B,Arabic,layer_29,last,76.512,8.5841,0.680243,0.3059,0.5441,0.6091,0.6773,0.7196,0.7626,0.8237,0.8736,0.9259
115B,Arabic,layer_0,mean,45.1452,6.6133,1.299136,0.3753,0.547,0.619,0.7106,0.7782,0.8465,0.9238,0.9661,0.9908
115B,Arabic,layer_1,mean,38.7158,5.7861,1.037473,0.4032,0.5738,0.6512,0.7384,0.801,0.861,0.9256,0.9613,0.985
115B,Arabic,layer_2,mean,3.5712,1.4822,0.948494,0.82,0.8948,0.9162,0.9368,0.9514,0.9652,0.9801,0.9888,0.9951
115B,Arabic,layer_3,mean,2.8353,1.3505,0.90616,0.8598,0.9157,0.9337,0.9504,0.9617,0.9721,0.9836,0.9904,0.9955
115B,Arabic,layer_4,mean,2.605,1.3064,0.881968,0.8744,0.9228,0.9398,0.9552,0.9652,0.9744,0.9847,0.9908,0.9956
115B,Arabic,layer_5,mean,2.7863,1.3328,0.871802,0.8658,0.9131,0.9337,0.9517,0.9628,0.9728,0.9837,0.9902,0.9952
115B,Arabic,layer_6,mean,2.8248,1.3349,0.859982,0.8651,0.9114,0.9319,0.9501,0.9613,0.9715,0.9827,0.9895,0.9948
115B,Arabic,layer_7,mean,3.0501,1.3707,0.860055,0.8537,0.9014,0.925,0.9458,0.9585,0.9698,0.9818,0.9889,0.9945
115B,Arabic,layer_8,mean,3.3398,1.4167,0.856053,0.8396,0.892,0.9176,0.9407,0.9545,0.9667,0.9799,0.9878,0.9939
115B,Arabic,layer_9,mean,3.1941,1.3891,0.844353,0.8479,0.8973,0.9205,0.942,0.9551,0.9668,0.9797,0.9875,0.9937
115B,Arabic,layer_10,mean,3.3144,1.4077,0.840547,0.8422,0.8933,0.9171,0.9398,0.9536,0.9658,0.9791,0.9871,0.9935
115B,Arabic,layer_11,mean,3.4763,1.4285,0.830515,0.836,0.8888,0.9129,0.9364,0.9505,0.9632,0.9771,0.9858,0.9928
115B,Arabic,layer_12,mean,3.9491,1.4988,0.834376,0.816,0.875,0.9016,0.9286,0.945,0.9593,0.975,0.9845,0.9922
115B,Arabic,layer_13,mean,5.0373,1.6518,0.839601,0.7769,0.8472,0.8792,0.9135,0.9341,0.9516,0.9705,0.9818,0.9908
115B,Arabic,layer_14,mean,5.1524,1.6583,0.823307,0.7753,0.8465,0.8781,0.9108,0.9309,0.9483,0.9677,0.9798,0.9896
115B,Arabic,layer_15,mean,5.6986,1.7361,0.826187,0.7575,0.8357,0.8693,0.9052,0.9271,0.9457,0.9661,0.9788,0.9892
115B,Arabic,layer_16,mean,7.1692,1.9213,0.828555,0.7193,0.8096,0.8475,0.8892,0.9147,0.9365,0.9605,0.9754,0.9875
115B,Arabic,layer_17,mean,9.4403,2.2059,0.834668,0.6701,0.7774,0.8212,0.8702,0.9002,0.9261,0.9544,0.9718,0.9857
115B,Arabic,layer_18,mean,12.396,2.5773,0.840387,0.618,0.7446,0.795,0.8511,0.8858,0.9159,0.9485,0.9684,0.9841
115B,Arabic,layer_19,mean,15.539,2.9974,0.835792,0.5703,0.7205,0.7752,0.836,0.8737,0.9065,0.9424,0.9646,0.9821
115B,Arabic,layer_20,mean,20.7615,3.7794,0.834066,0.5024,0.6816,0.7474,0.817,0.8608,0.8983,0.9378,0.9617,0.9805
115B,Arabic,layer_21,mean,28.0305,4.8893,0.826305,0.4339,0.6447,0.7166,0.7947,0.8431,0.8846,0.9289,0.9558,0.9773
115B,Arabic,layer_22,mean,34.5979,6.1288,0.834072,0.3757,0.615,0.6923,0.7773,0.8301,0.8755,0.924,0.9533,0.9763
115B,Arabic,layer_23,mean,43.014,7.3579,0.826083,0.3368,0.5795,0.6622,0.7556,0.8129,0.8621,0.9145,0.9467,0.9727
115B,Arabic,layer_24,mean,50.5152,8.5599,0.840595,0.3104,0.5426,0.6341,0.7354,0.8008,0.8562,0.9132,0.9469,0.9732
115B,Arabic,layer_25,mean,58.966,10.1076,0.848509,0.2841,0.5074,0.605,0.7169,0.79,0.8513,0.9118,0.9465,0.9731
115B,Arabic,layer_26,mean,71.3768,12.6161,0.867729,0.2501,0.4662,0.5681,0.6911,0.7725,0.8414,0.9087,0.946,0.9734
115B,Arabic,layer_27,mean,77.9044,14.3938,0.867303,0.2285,0.4477,0.5558,0.6822,0.7664,0.8369,0.9059,0.9442,0.9726
115B,Arabic,layer_28,mean,63.8055,11.4604,0.870321,0.2632,0.4841,0.5932,0.7093,0.7859,0.85,0.9131,0.9486,0.9749
115B,Arabic,layer_29,mean,21.8834,4.3238,0.86767,0.4645,0.6781,0.7489,0.8231,0.8689,0.9069,0.9455,0.9678,0.9842
115B,Turkish,layer_0,last,133.7083,13.2036,1.523181,0.2659,0.3753,0.4316,0.523,0.6052,0.6987,0.8314,0.9215,0.9796
115B,Turkish,layer_1,last,158.4468,12.8745,1.08612,0.2708,0.3707,0.4213,0.5059,0.5811,0.6676,0.7932,0.8845,0.9555
115B,Turkish,layer_2,last,77.7982,6.6048,0.987763,0.3811,0.5051,0.549,0.6145,0.6707,0.7346,0.8275,0.897,0.9553
115B,Turkish,layer_3,last,60.1195,5.0849,0.938337,0.4381,0.5462,0.5849,0.6434,0.6921,0.7479,0.8302,0.8942,0.9514
115B,Turkish,layer_4,last,52.3042,4.5228,0.910336,0.4657,0.5685,0.6045,0.6593,0.7048,0.7566,0.8327,0.8931,0.9493
115B,Turkish,layer_5,last,54.4569,4.5625,0.886891,0.4639,0.5639,0.5998,0.6545,0.6996,0.7512,0.8269,0.8875,0.9454
115B,Turkish,layer_6,last,63.6998,5.0575,0.873476,0.4401,0.5434,0.5818,0.638,0.6849,0.7388,0.8173,0.8802,0.9412
115B,Turkish,layer_7,last,81.648,5.9574,0.850967,0.4047,0.5072,0.55,0.6088,0.6587,0.7159,0.7999,0.8676,0.9338
115B,Turkish,layer_8,last,106.674,7.3747,0.832773,0.362,0.47,0.5151,0.5779,0.6312,0.6922,0.7821,0.8548,0.9263
115B,Turkish,layer_9,last,121.8768,8.1805,0.8152,0.3428,0.4515,0.4979,0.5621,0.6162,0.6781,0.7705,0.846,0.9208
115B,Turkish,layer_10,last,136.242,8.9052,0.800915,0.3281,0.4345,0.4824,0.5481,0.6031,0.666,0.7609,0.8386,0.916
115B,Turkish,layer_11,last,160.9518,10.3766,0.77903,0.3022,0.4124,0.4629,0.5302,0.5857,0.6487,0.7447,0.8255,0.9077
115B,Turkish,layer_12,last,189.89,12.0077,0.76235,0.28,0.3876,0.4398,0.5083,0.5655,0.6302,0.7298,0.814,0.9003
115B,Turkish,layer_13,last,227.1403,14.7033,0.747839,0.2506,0.3615,0.415,0.4858,0.5451,0.612,0.7146,0.8022,0.8927
115B,Turkish,layer_14,last,252.6645,16.9745,0.732408,0.2306,0.3478,0.4027,0.4746,0.5348,0.6021,0.7051,0.7937,0.8867
115B,Turkish,layer_15,last,277.0745,19.2309,0.722522,0.214,0.3343,0.3904,0.463,0.5239,0.5921,0.6965,0.7869,0.8819
115B,Turkish,layer_16,last,304.2391,22.2794,0.715688,0.196,0.3198,0.3764,0.4505,0.5136,0.5836,0.6901,0.7821,0.8785
115B,Turkish,layer_17,last,337.4243,27.0373,0.709914,0.1727,0.303,0.3606,0.4377,0.5024,0.5745,0.6834,0.7768,0.8748
115B,Turkish,layer_18,last,344.7557,28.8618,0.707586,0.1644,0.2985,0.3564,0.4351,0.5015,0.5748,0.6842,0.7772,0.8746
115B,Turkish,layer_19,last,342.6222,31.3853,0.70418,0.1507,0.3007,0.359,0.4406,0.5081,0.5815,0.6893,0.7804,0.8758
115B,Turkish,layer_20,last,343.9416,33.6246,0.698601,0.1377,0.3008,0.3596,0.4433,0.512,0.5851,0.6917,0.7813,0.8755
115B,Turkish,layer_21,last,361.9985,36.1402,0.684403,0.1289,0.2938,0.3525,0.4372,0.5066,0.5797,0.6856,0.775,0.8701
115B,Turkish,layer_22,last,347.5145,35.2709,0.682357,0.1257,0.3009,0.3597,0.4452,0.515,0.5876,0.6913,0.7786,0.8717
115B,Turkish,layer_23,last,354.0482,35.9011,0.669052,0.1218,0.3003,0.3577,0.4439,0.514,0.5861,0.6882,0.7744,0.8677
115B,Turkish,layer_24,last,329.6974,33.1556,0.668279,0.1225,0.312,0.3692,0.4558,0.5258,0.5967,0.6966,0.7803,0.871
115B,Turkish,layer_25,last,341.9575,34.9833,0.666633,0.1176,0.3023,0.3605,0.4491,0.5212,0.5939,0.6953,0.7796,0.8702
115B,Turkish,layer_26,last,354.8768,37.8584,0.669773,0.1075,0.2903,0.3517,0.4419,0.5164,0.5917,0.6958,0.7811,0.8714
115B,Turkish,layer_27,last,354.9038,40.3678,0.672064,0.1065,0.2869,0.3497,0.4444,0.5211,0.5977,0.7018,0.7857,0.874
115B,Turkish,layer_28,last,275.8632,32.6046,0.682022,0.1315,0.3268,0.3966,0.4944,0.567,0.6384,0.7338,0.8098,0.8887
115B,Turkish,layer_29,last,91.3629,10.6837,0.687683,0.2654,0.5203,0.5847,0.6564,0.7057,0.7546,0.8197,0.8716,0.9249
115B,Turkish,layer_0,mean,66.3384,7.6907,1.211595,0.3508,0.4875,0.5588,0.6472,0.7175,0.7927,0.8882,0.9466,0.984
115B,Turkish,layer_1,mean,41.475,5.1033,0.979574,0.4358,0.564,0.6348,0.7132,0.7728,0.8331,0.9055,0.9485,0.9787
115B,Turkish,layer_2,mean,2.6343,1.31,0.894336,0.8729,0.9239,0.9368,0.9504,0.9603,0.9701,0.982,0.9894,0.9951
115B,Turkish,layer_3,mean,2.2264,1.231,0.849482,0.9009,0.9378,0.9482,0.9595,0.9674,0.975,0.9844,0.9904,0.9953
115B,Turkish,layer_4,mean,2.1177,1.2078,0.825424,0.9097,0.9407,0.9516,0.9624,0.9697,0.9766,0.985,0.9906,0.9953
115B,Turkish,layer_5,mean,2.2803,1.2312,0.818274,0.901,0.931,0.9449,0.9583,0.9668,0.9746,0.9838,0.9898,0.9948
115B,Turkish,layer_6,mean,2.2838,1.2256,0.807344,0.9031,0.9298,0.9433,0.9565,0.9651,0.9731,0.9826,0.989,0.9943
115B,Turkish,layer_7,mean,2.55,1.2676,0.81524,0.888,0.9167,0.9331,0.9503,0.9609,0.9704,0.9813,0.9882,0.9939
115B,Turkish,layer_8,mean,2.8075,1.3053,0.814182,0.8751,0.9063,0.9248,0.9442,0.9561,0.9667,0.9789,0.9867,0.9932
115B,Turkish,layer_9,mean,2.794,1.2977,0.805782,0.8776,0.9067,0.9241,0.9425,0.9545,0.9652,0.9778,0.9859,0.9927
115B,Turkish,layer_10,mean,2.9603,1.3229,0.803742,0.8692,0.9005,0.9189,0.9392,0.9523,0.9638,0.977,0.9854,0.9924
115B,Turkish,layer_11,mean,3.1012,1.3402,0.796142,0.8636,0.8959,0.915,0.9356,0.9492,0.961,0.975,0.984,0.9916
115B,Turkish,layer_12,mean,3.5151,1.3982,0.801567,0.8454,0.8826,0.9037,0.9273,0.9431,0.9569,0.9726,0.9826,0.9909
115B,Turkish,layer_13,mean,4.6379,1.5491,0.810308,0.8029,0.852,0.8783,0.9099,0.9306,0.9481,0.9675,0.9795,0.9894
115B,Turkish,layer_14,mean,4.9307,1.573,0.796149,0.7968,0.8458,0.8726,0.9039,0.9247,0.9426,0.9632,0.9765,0.9877
115B,Turkish,layer_15,mean,5.5284,1.6471,0.799852,0.7785,0.8324,0.8617,0.8965,0.9195,0.939,0.9611,0.9753,0.9871
115B,Turkish,layer_16,mean,6.9605,1.8094,0.803357,0.7424,0.806,0.8401,0.8802,0.9067,0.9294,0.9551,0.9716,0.9852
115B,Turkish,layer_17,mean,8.8581,2.0142,0.810956,0.7032,0.7773,0.8161,0.8622,0.8928,0.9191,0.9491,0.9682,0.9836
115B,Turkish,layer_18,mean,11.2241,2.2598,0.816707,0.6632,0.7477,0.7915,0.8439,0.8793,0.9093,0.9434,0.9648,0.982
115B,Turkish,layer_19,mean,13.3016,2.4806,0.811563,0.6323,0.728,0.7763,0.8323,0.8699,0.9019,0.9384,0.9615,0.9802
115B,Turkish,layer_20,mean,17.3444,2.9041,0.809734,0.583,0.6921,0.7463,0.812,0.8556,0.8922,0.9329,0.958,0.9782
115B,Turkish,layer_21,mean,24.0939,3.493,0.794857,0.53,0.6499,0.7089,0.7811,0.8301,0.8719,0.9187,0.9481,0.9726
115B,Turkish,layer_22,mean,32.0817,4.3849,0.802355,0.4698,0.6086,0.6758,0.7583,0.8136,0.8602,0.9124,0.9447,0.971
115B,Turkish,layer_23,mean,44.4914,5.5751,0.793337,0.4132,0.5637,0.6355,0.7259,0.7867,0.8379,0.8957,0.9331,0.9648
115B,Turkish,layer_24,mean,58.8276,7.3167,0.807332,0.3565,0.5135,0.5937,0.6948,0.7651,0.8249,0.8907,0.9312,0.9643
115B,Turkish,layer_25,mean,75.0487,10.1128,0.813892,0.2962,0.4677,0.5554,0.6713,0.7509,0.8181,0.8884,0.9302,0.9637
115B,Turkish,layer_26,mean,97.6835,15.2145,0.834296,0.2303,0.4144,0.5105,0.6395,0.7292,0.806,0.8849,0.9299,0.9644
115B,Turkish,layer_27,mean,107.8321,20.19,0.840625,0.1837,0.3938,0.4976,0.635,0.7282,0.8059,0.8849,0.9303,0.9649
115B,Turkish,layer_28,mean,97.9092,21.7026,0.85275,0.1422,0.4091,0.5224,0.66,0.7493,0.8219,0.8954,0.9372,0.9689
115B,Turkish,layer_29,mean,59.5655,11.0878,0.85754,0.2694,0.4932,0.6065,0.7261,0.8003,0.858,0.9169,0.9507,0.9756
115B,Vietnamese,layer_0,last,92.8299,31.3273,1.871373,0.1316,0.3075,0.4165,0.5963,0.7376,0.8604,0.9692,0.9974,0.9998
115B,Vietnamese,layer_1,last,143.5322,41.4128,1.712781,0.1153,0.2606,0.3633,0.5275,0.6591,0.7829,0.9147,0.9721,0.9955
115B,Vietnamese,layer_2,last,149.9422,37.1625,1.617506,0.1314,0.2657,0.3632,0.5221,0.6487,0.7684,0.9,0.963,0.993
115B,Vietnamese,layer_3,last,154.2157,35.9917,1.562986,0.1358,0.2682,0.363,0.5199,0.6435,0.7602,0.8914,0.9578,0.9915
115B,Vietnamese,layer_4,last,149.1911,32.6819,1.527806,0.1463,0.2791,0.3739,0.5285,0.6491,0.7618,0.8898,0.9562,0.9908
115B,Vietnamese,layer_5,last,157.2815,38.1923,1.486899,0.1275,0.2658,0.3664,0.5239,0.6459,0.7592,0.8874,0.9545,0.9901
115B,Vietnamese,layer_6,last,165.4361,44.3011,1.465421,0.1102,0.2512,0.3566,0.5181,0.6415,0.7561,0.8855,0.9534,0.9897
115B,Vietnamese,layer_7,last,182.763,53.3412,1.452412,0.0932,0.2286,0.3319,0.4973,0.6263,0.7451,0.879,0.9499,0.9885
115B,Vietnamese,layer_8,last,185.9328,58.1549,1.418929,0.0788,0.2246,0.3303,0.4962,0.6274,0.7458,0.8788,0.9493,0.988
115B,Vietnamese,layer_9,last,185.4598,59.7855,1.412747,0.0744,0.221,0.3287,0.4976,0.6306,0.7492,0.8805,0.9497,0.9879
115B,Vietnamese,layer_10,last,189.2235,62.4524,1.391993,0.0689,0.2165,0.3241,0.4936,0.6285,0.748,0.8789,0.9484,0.9873
115B,Vietnamese,layer_11,last,194.3896,61.5837,1.319065,0.0717,0.2192,0.3273,0.4913,0.6247,0.742,0.8723,0.9433,0.9846
115B,Vietnamese,layer_12,last,197.4916,61.9335,1.272859,0.0712,0.2184,0.3263,0.4894,0.6238,0.7407,0.8695,0.9404,0.9828
115B,Vietnamese,layer_13,last,198.5714,57.2713,1.204029,0.0816,0.229,0.3346,0.4916,0.6223,0.7361,0.8633,0.9356,0.98
115B,Vietnamese,layer_14,last,199.5963,55.0478,1.152625,0.0857,0.2357,0.3402,0.4941,0.621,0.7323,0.8592,0.9328,0.9782
115B,Vietnamese,layer_15,last,190.2718,51.4896,1.132308,0.0871,0.2481,0.3525,0.5055,0.6305,0.7397,0.8629,0.9342,0.9783
115B,Vietnamese,layer_16,last,193.204,48.559,1.094518,0.095,0.2551,0.3562,0.5053,0.6257,0.7331,0.8568,0.9291,0.9752
115B,Vietnamese,layer_17,last,208.8877,49.7401,1.058481,0.0977,0.2489,0.3465,0.4901,0.6078,0.7153,0.8446,0.9225,0.9719
115B,Vietnamese,layer_18,last,202.7546,45.4002,1.036661,0.1068,0.26,0.3551,0.4952,0.6094,0.7168,0.8461,0.9229,0.9713
115B,Vietnamese,layer_19,last,212.3497,47.7097,1.012432,0.1047,0.2523,0.342,0.4785,0.5974,0.7125,0.8457,0.922,0.9697
115B,Vietnamese,layer_20,last,224.6213,47.0719,0.977123,0.108,0.2521,0.3413,0.476,0.5887,0.6973,0.8317,0.9122,0.9644
115B,Vietnamese,layer_21,last,269.3689,54.2051,0.943354,0.1007,0.233,0.3158,0.4421,0.5483,0.6593,0.8067,0.8958,0.9557
115B,Vietnamese,layer_22,last,272.4794,53.7724,0.928818,0.102,0.2337,0.3166,0.4401,0.5434,0.6565,0.8053,0.8939,0.954
115B,Vietnamese,layer_23,last,293.9895,57.0394,0.912385,0.1007,0.2246,0.3032,0.4208,0.5242,0.6426,0.7967,0.8876,0.9503
115B,Vietnamese,layer_24,last,299.3908,54.9115,0.895151,0.1043,0.23,0.3066,0.4181,0.5181,0.6357,0.7908,0.8823,0.9468
115B,Vietnamese,layer_25,last,300.0818,53.0664,0.88193,0.1071,0.2356,0.3101,0.4182,0.5163,0.6337,0.7882,0.8795,0.9447
115B,Vietnamese,layer_26,last,307.9285,53.6934,0.873429,0.1064,0.2349,0.3074,0.4111,0.5085,0.6275,0.7848,0.8766,0.9429
115B,Vietnamese,layer_27,last,294.6541,48.3612,0.864152,0.1134,0.2495,0.3188,0.4183,0.5142,0.6325,0.7874,0.8772,0.9424
115B,Vietnamese,layer_28,last,236.5308,34.3767,0.867138,0.1417,0.2918,0.3603,0.4556,0.5505,0.6647,0.8089,0.8899,0.9483
115B,Vietnamese,layer_29,last,74.859,8.0185,0.87022,0.3404,0.4988,0.5511,0.6225,0.6946,0.7789,0.877,0.9288,0.9661
115B,Vietnamese,layer_0,mean,74.4042,11.4936,1.298471,0.2545,0.4557,0.5231,0.63,0.7203,0.8088,0.9099,0.9623,0.9898
115B,Vietnamese,layer_1,mean,82.2311,13.6828,1.07018,0.2042,0.4441,0.5145,0.6298,0.723,0.8104,0.9059,0.9549,0.9834
115B,Vietnamese,layer_2,mean,7.6113,1.9811,0.993484,0.7077,0.8038,0.8299,0.8711,0.9028,0.932,0.964,0.9813,0.9923
115B,Vietnamese,layer_3,mean,6.065,1.7669,0.9519,0.7504,0.8314,0.8527,0.8867,0.913,0.9375,0.9654,0.9812,0.9919
115B,Vietnamese,layer_4,mean,5.7122,1.721,0.926924,0.7604,0.8403,0.8598,0.8911,0.9153,0.938,0.9647,0.9803,0.9913
115B,Vietnamese,layer_5,mean,6.091,1.7539,0.91476,0.7532,0.8315,0.8518,0.8847,0.9099,0.9338,0.962,0.9787,0.9904
115B,Vietnamese,layer_6,mean,6.2,1.766,0.900469,0.7504,0.8302,0.8504,0.883,0.9079,0.9318,0.9602,0.9773,0.9897
115B,Vietnamese,layer_7,mean,7.2715,1.8789,0.898781,0.7272,0.8105,0.8325,0.8689,0.897,0.924,0.9558,0.9748,0.9885
115B,Vietnamese,layer_8,mean,7.7804,1.9311,0.891083,0.717,0.8029,0.825,0.8624,0.8914,0.9196,0.9529,0.9729,0.9875
115B,Vietnamese,layer_9,mean,7.7945,1.9324,0.882368,0.7167,0.8032,0.8253,0.8622,0.8915,0.9196,0.9525,0.9725,0.9872
115B,Vietnamese,layer_10,mean,8.2873,1.9934,0.875981,0.7052,0.7971,0.82,0.8579,0.8881,0.917,0.9508,0.9713,0.9865
115B,Vietnamese,layer_11,mean,8.7832,2.0508,0.870961,0.6947,0.792,0.815,0.853,0.8835,0.9133,0.9482,0.9696,0.9856
115B,Vietnamese,layer_12,mean,9.3657,2.1283,0.871981,0.6813,0.7853,0.8093,0.8488,0.8807,0.9116,0.9473,0.9691,0.9854
115B,Vietnamese,layer_13,mean,10.1479,2.2225,0.869404,0.6659,0.7771,0.8018,0.8428,0.8759,0.9081,0.9452,0.9679,0.9848
115B,Vietnamese,layer_14,mean,10.1499,2.2213,0.861015,0.666,0.7779,0.8025,0.8427,0.8754,0.9074,0.9444,0.9672,0.9843
115B,Vietnamese,layer_15,mean,10.7542,2.304,0.861468,0.6531,0.7717,0.7975,0.8388,0.8728,0.9058,0.9436,0.9667,0.9841
115B,Vietnamese,layer_16,mean,11.9617,2.4398,0.861971,0.6336,0.759,0.7864,0.8298,0.8659,0.9009,0.9408,0.9651,0.9833
115B,Vietnamese,layer_17,mean,14.2862,2.7023,0.865951,0.6002,0.7363,0.767,0.8154,0.8551,0.8937,0.9371,0.9631,0.9824
115B,Vietnamese,layer_18,mean,15.9989,2.9079,0.866251,0.5767,0.7232,0.7552,0.8061,0.848,0.8887,0.9344,0.9616,0.9816
115B,Vietnamese,layer_19,mean,18.2661,3.1642,0.863202,0.5504,0.7072,0.7411,0.7944,0.8389,0.8818,0.9301,0.959,0.9803
115B,Vietnamese,layer_20,mean,21.192,3.5121,0.858082,0.5196,0.6897,0.7264,0.7834,0.8305,0.8754,0.9259,0.9563,0.9789
115B,Vietnamese,layer_21,mean,27.567,4.1193,0.854216,0.4761,0.6545,0.6942,0.7563,0.8081,0.8575,0.9141,0.9489,0.9753
115B,Vietnamese,layer_22,mean,32.8558,4.7991,0.858068,0.4347,0.6291,0.6728,0.74,0.7968,0.8504,0.9108,0.9473,0.9745
115B,Vietnamese,layer_23,mean,44.2021,5.9664,0.862788,0.3841,0.5844,0.6327,0.7068,0.7697,0.8298,0.899,0.9407,0.9716
115B,Vietnamese,layer_24,mean,48.7608,6.6649,0.861452,0.3578,0.5704,0.6221,0.6998,0.7646,0.8264,0.897,0.9394,0.9709
115B,Vietnamese,layer_25,mean,55.3179,7.6701,0.85702,0.3266,0.5546,0.6089,0.6896,0.7565,0.8201,0.8928,0.9367,0.9694
115B,Vietnamese,layer_26,mean,64.3262,9.5847,0.863802,0.2759,0.5319,0.5908,0.6781,0.7493,0.8164,0.892,0.9368,0.9696
115B,Vietnamese,layer_27,mean,71.2889,10.9436,0.864485,0.2462,0.511,0.5737,0.6679,0.7427,0.8123,0.8902,0.9357,0.9691
115B,Vietnamese,layer_28,mean,76.2867,12.5897,0.872067,0.206,0.4876,0.5623,0.6644,0.7429,0.8149,0.8938,0.9383,0.9705
115B,Vietnamese,layer_29,mean,46.1551,7.0276,0.877885,0.3544,0.5537,0.628,0.723,0.792,0.8538,0.9182,0.9527,0.9772
115B,Japanese,layer_0,last,280.8283,27.9578,1.403973,0.1815,0.2426,0.2863,0.3705,0.4621,0.5807,0.7567,0.8821,0.9678
115B,Japanese,layer_1,last,262.135,17.6437,0.975727,0.2333,0.2927,0.3286,0.3994,0.4761,0.5762,0.7288,0.8453,0.9384
115B,Japanese,layer_2,last,217.3017,12.2384,0.883678,0.2827,0.3356,0.3683,0.4319,0.5001,0.5894,0.7281,0.8358,0.9265
115B,Japanese,layer_3,last,191.0843,9.8537,0.831619,0.3162,0.3651,0.3958,0.4547,0.5161,0.5968,0.724,0.826,0.9167
115B,Japanese,layer_4,last,192.6915,9.5908,0.799485,0.3206,0.3679,0.4004,0.4592,0.5181,0.5946,0.7164,0.8159,0.9081
115B,Japanese,layer_5,last,215.0594,10.4108,0.775158,0.3076,0.354,0.3873,0.4471,0.5063,0.5825,0.7036,0.8036,0.8991
115B,Japanese,layer_6,last,240.4096,11.5154,0.760113,0.2922,0.3382,0.3732,0.4337,0.4942,0.5708,0.6926,0.7937,0.8921
115B,Japanese,layer_7,last,295.7771,14.0224,0.737949,0.2642,0.3098,0.3454,0.4064,0.4673,0.5445,0.6701,0.7758,0.8802
115B,Japanese,layer_8,last,340.6058,16.0935,0.718838,0.2462,0.2913,0.3268,0.3881,0.4489,0.5263,0.6528,0.761,0.87
115B,Japanese,layer_9,last,397.4676,19.0455,0.702151,0.2259,0.2706,0.3056,0.3664,0.4272,0.5053,0.6343,0.746,0.8597
115B,Japanese,layer_10,last,436.0137,21.186,0.688649,0.2138,0.2585,0.293,0.3538,0.4147,0.4931,0.6236,0.7362,0.8522
115B,Japanese,layer_11,last,513.21,26.294,0.669882,0.191,0.2372,0.2727,0.3342,0.3947,0.4718,0.6016,0.7172,0.839
115B,Japanese,layer_12,last,605.6884,34.1286,0.65537,0.1664,0.2135,0.2497,0.3107,0.3712,0.4489,0.5818,0.7008,0.8277
115B,Japanese,layer_13,last,677.7252,41.5459,0.643134,0.1497,0.1983,0.2346,0.2963,0.3569,0.4339,0.5664,0.6875,0.8182
115B,Japanese,layer_14,last,713.2316,45.7018,0.632302,0.142,0.1927,0.2297,0.2925,0.3526,0.4283,0.5585,0.6792,0.8115
115B,Japanese,layer_15,last,749.4302,50.4934,0.624972,0.1343,0.1856,0.2229,0.2858,0.3461,0.422,0.5523,0.6735,0.8069
115B,Japanese,layer_16,last,770.5405,54.9578,0.620597,0.1279,0.1802,0.2185,0.2824,0.344,0.4206,0.5515,0.6726,0.8054
115B,Japanese,layer_17,last,849.3829,71.9501,0.615242,0.1094,0.1632,0.2026,0.2686,0.3314,0.4091,0.5418,0.6644,0.7995
115B,Japanese,layer_18,last,830.7771,72.6652,0.614678,0.1081,0.1643,0.2058,0.2747,0.3391,0.4175,0.5489,0.6695,0.8021
115B,Japanese,layer_19,last,842.5765,86.5403,0.614078,0.0954,0.1603,0.205,0.2774,0.3436,0.4229,0.5534,0.6724,0.8034
115B,Japanese,layer_20,last,853.7824,100.388,0.609705,0.084,0.16,0.2055,0.2801,0.3471,0.4263,0.5553,0.6728,0.8026
115B,Japanese,layer_21,last,867.3501,108.104,0.601742,0.0781,0.1589,0.2049,0.2811,0.3483,0.4267,0.5535,0.6695,0.799
115B,Japanese,layer_22,last,801.3831,92.2437,0.600391,0.0855,0.1748,0.2213,0.2981,0.3652,0.4426,0.5653,0.6777,0.8034
115B,Japanese,layer_23,last,755.4731,80.6909,0.595771,0.0931,0.1861,0.2335,0.311,0.3776,0.4541,0.5733,0.6824,0.8051
115B,Japanese,layer_24,last,673.6969,64.3681,0.59699,0.1073,0.2043,0.2533,0.3321,0.3989,0.4742,0.5894,0.6944,0.8123
115B,Japanese,layer_25,last,646.3089,60.3671,0.597797,0.1119,0.2079,0.2589,0.3394,0.407,0.4831,0.5973,0.7003,0.8158
115B,Japanese,layer_26,last,623.0487,59.0216,0.60161,0.1132,0.2091,0.263,0.3455,0.4145,0.4922,0.6065,0.7079,0.8207
115B,Japanese,layer_27,last,582.2595,55.2796,0.603368,0.1173,0.2146,0.2743,0.3597,0.4297,0.5072,0.6196,0.7177,0.8264
115B,Japanese,layer_28,last,485.6573,45.1141,0.607003,0.1294,0.2432,0.3102,0.3976,0.4657,0.5379,0.6443,0.7366,0.838
115B,Japanese,layer_29,last,143.03,11.5407,0.612611,0.2729,0.4632,0.5233,0.5866,0.6325,0.6819,0.7564,0.8201,0.8892
115B,Japanese,layer_0,mean,93.4699,14.0222,1.28304,0.2325,0.4495,0.5251,0.6135,0.6871,0.7696,0.878,0.944,0.9847
115B,Japanese,layer_1,mean,58.3707,8.6672,0.998354,0.3075,0.5392,0.6109,0.689,0.7507,0.8169,0.8975,0.9454,0.9782
115B,Japanese,layer_2,mean,13.8511,2.8465,0.902999,0.5841,0.755,0.7988,0.8394,0.8703,0.9022,0.9414,0.966,0.9846
115B,Japanese,layer_3,mean,9.7491,2.2775,0.849935,0.6577,0.7954,0.8327,0.8658,0.8902,0.9151,0.9468,0.9676,0.9844
115B,Japanese,layer_4,mean,9.0561,2.1768,0.822203,0.6738,0.8001,0.8404,0.8733,0.8965,0.9192,0.948,0.9675,0.9837
115B,Japanese,layer_5,mean,10.2186,2.3402,0.809546,0.6489,0.7823,0.8301,0.869,0.8942,0.9174,0.9464,0.966,0.9827
115B,Japanese,layer_6,mean,10.2839,2.2909,0.796326,0.6566,0.7795,0.826,0.8643,0.8898,0.9132,0.9429,0.9634,0.9811
115B,Japanese,layer_7,mean,12.6277,2.548,0.800228,0.6219,0.7457,0.8004,0.8489,0.8803,0.9076,0.9402,0.9618,0.9802
115B,Japanese,layer_8,mean,14.0279,2.6537,0.79499,0.6094,0.7315,0.7861,0.8377,0.8716,0.9009,0.9356,0.9587,0.9785
115B,Japanese,layer_9,mean,13.5891,2.534,0.783897,0.6246,0.7366,0.7857,0.8342,0.8676,0.8973,0.9327,0.9565,0.9771
115B,Japanese,layer_10,mean,14.4548,2.6182,0.778754,0.6143,0.7279,0.7781,0.8293,0.8644,0.8954,0.9316,0.9556,0.9764
115B,Japanese,layer_11,mean,15.8101,2.7245,0.771411,0.602,0.7174,0.7688,0.8212,0.857,0.8886,0.9264,0.9521,0.9744
115B,Japanese,layer_12,mean,18.862,3.0241,0.776588,0.5707,0.6922,0.7477,0.8066,0.8466,0.8823,0.9233,0.9503,0.9735
115B,Japanese,layer_13,mean,27.4206,3.9697,0.787185,0.495,0.638,0.7034,0.7774,0.8276,0.8699,0.9168,0.9466,0.9717
115B,Japanese,layer_14,mean,28.5358,3.9103,0.772626,0.4994,0.6361,0.6986,0.7691,0.8176,0.8598,0.9082,0.9404,0.9681
115B,Japanese,layer_15,mean,33.0008,4.4227,0.776916,0.468,0.6127,0.6808,0.7584,0.8108,0.8555,0.9061,0.9393,0.9676
115B,Japanese,layer_16,mean,41.13,5.2546,0.781357,0.427,0.5806,0.6526,0.7364,0.7937,0.8427,0.8984,0.9348,0.9654
115B,Japanese,layer_17,mean,51.2982,6.3419,0.789043,0.386,0.545,0.6212,0.7127,0.7753,0.8291,0.891,0.9309,0.9636
115B,Japanese,layer_18,mean,60.0345,7.5999,0.795986,0.3484,0.5227,0.6017,0.6972,0.764,0.8217,0.8872,0.9291,0.963
115B,Japanese,layer_19,mean,66.6493,8.4318,0.790414,0.3286,0.5058,0.5876,0.6867,0.7551,0.8147,0.8821,0.9254,0.9608
115B,Japanese,layer_20,mean,76.0603,10.2608,0.790428,0.2925,0.4804,0.5669,0.6744,0.7487,0.8123,0.8815,0.9249,0.9604
115B,Japanese,layer_21,mean,92.9286,12.6988,0.782541,0.2577,0.447,0.5384,0.6508,0.7284,0.7952,0.8692,0.9162,0.9553
115B,Japanese,layer_22,mean,100.2292,14.5775,0.795438,0.2357,0.4297,0.5231,0.6399,0.7219,0.7931,0.8706,0.9186,0.9572
115B,Japanese,layer_23,mean,109.3492,17.39,0.795637,0.2071,0.4101,0.5113,0.6343,0.7193,0.7903,0.867,0.9157,0.9558
115B,Japanese,layer_24,mean,114.3016,19.1374,0.811645,0.1915,0.3999,0.5008,0.6242,0.7127,0.7881,0.8693,0.9191,0.9583
115B,Japanese,layer_25,mean,117.6376,22.3319,0.819065,0.1655,0.383,0.4913,0.623,0.7162,0.7947,0.8756,0.9234,0.9607
115B,Japanese,layer_26,mean,130.9272,27.6446,0.836633,0.1347,0.3548,0.4646,0.6043,0.7042,0.7887,0.8756,0.9252,0.9624
115B,Japanese,layer_27,mean,128.495,28.5633,0.840045,0.1221,0.3556,0.4692,0.6107,0.7102,0.7938,0.8783,0.927,0.9635
115B,Japanese,layer_28,mean,124.6426,28.8585,0.845415,0.1155,0.3598,0.4774,0.6197,0.7171,0.7986,0.8812,0.9291,0.9648
115B,Japanese,layer_29,mean,70.9504,15.4322,0.849213,0.1954,0.4806,0.5957,0.7094,0.7842,0.8453,0.9088,0.9461,0.9733
220B,English,layer_0,last,316.6175,44.9456,1.297816,0.1287,0.2405,0.2979,0.3908,0.4798,0.5878,0.7485,0.8663,0.9557
220B,English,layer_1,last,338.305,29.0004,0.941532,0.1753,0.2639,0.3115,0.3909,0.4672,0.561,0.706,0.8205,0.9206
220B,English,layer_2,last,65.3888,4.6712,0.86099,0.46,0.5357,0.5682,0.6171,0.6618,0.7159,0.8012,0.8715,0.9377
220B,English,layer_3,last,45.3345,3.6146,0.818369,0.5243,0.5886,0.6167,0.6587,0.6964,0.7411,0.8127,0.8746,0.9364
220B,English,layer_4,last,34.9188,3.1215,0.792756,0.5647,0.6235,0.6503,0.6893,0.7228,0.762,0.8251,0.8803,0.9376
220B,English,layer_5,last,40.821,3.346,0.767996,0.5454,0.6041,0.6321,0.6729,0.708,0.7483,0.813,0.8701,0.9308
220B,English,layer_6,last,46.0292,3.5572,0.754446,0.5288,0.589,0.618,0.661,0.6974,0.7389,0.805,0.8638,0.9265
220B,English,layer_7,last,57.2121,3.9732,0.73764,0.5002,0.5608,0.5907,0.6359,0.6746,0.7189,0.7892,0.8517,0.9189
220B,English,layer_8,last,67.2195,4.3652,0.727212,0.4769,0.5396,0.5711,0.6193,0.6595,0.7053,0.7785,0.8435,0.9137
220B,English,layer_9,last,79.0681,4.7962,0.71632,0.4548,0.5175,0.5506,0.6011,0.6428,0.6899,0.766,0.8341,0.9077
220B,English,layer_10,last,89.2587,5.1787,0.707536,0.4375,0.5014,0.5354,0.5869,0.6302,0.6788,0.7577,0.8276,0.9033
220B,English,layer_11,last,101.9938,5.6469,0.690801,0.4186,0.4857,0.521,0.5741,0.6178,0.6665,0.7452,0.8168,0.8959
220B,English,layer_12,last,121.3344,6.3811,0.680077,0.3934,0.4619,0.4982,0.554,0.5997,0.6507,0.7325,0.8069,0.8891
220B,English,layer_13,last,145.7347,7.366,0.67102,0.3655,0.4371,0.475,0.5328,0.5806,0.634,0.7184,0.7958,0.8819
220B,English,layer_14,last,159.6079,8.0375,0.663844,0.3493,0.4257,0.4661,0.5247,0.5734,0.6269,0.7117,0.7901,0.8779
220B,English,layer_15,last,179.2413,9.0481,0.66018,0.3284,0.4092,0.4516,0.5123,0.5626,0.618,0.7047,0.7847,0.8743
220B,English,layer_16,last,202.6671,10.4826,0.658371,0.3037,0.3926,0.4371,0.4996,0.5518,0.6088,0.6982,0.7804,0.8715
220B,English,layer_17,last,188.5677,10.0132,0.65692,0.3107,0.4018,0.4486,0.5126,0.5636,0.6192,0.7067,0.7865,0.8748
220B,English,layer_18,last,108.4465,6.2948,0.657265,0.3949,0.4801,0.5255,0.5815,0.6258,0.6738,0.7488,0.8172,0.8928
220B,English,layer_19,last,88.3588,5.4843,0.655767,0.4235,0.5093,0.5534,0.6065,0.6484,0.6938,0.7641,0.8282,0.8991
220B,English,layer_20,last,85.86,5.4023,0.648077,0.4265,0.5148,0.5585,0.6109,0.6523,0.6969,0.7657,0.8287,0.8987
220B,English,layer_21,last,94.7348,5.8,0.635616,0.4109,0.5041,0.5476,0.6011,0.643,0.6884,0.7578,0.8215,0.8932
220B,English,layer_22,last,105.9006,6.3191,0.628777,0.3929,0.4905,0.534,0.589,0.6324,0.6793,0.7498,0.8147,0.8884
220B,English,layer_23,last,116.5115,6.7912,0.623966,0.3783,0.478,0.5219,0.5779,0.6223,0.6706,0.7425,0.8086,0.8842
220B,English,layer_24,last,139.4371,8.0303,0.620724,0.3458,0.4546,0.4994,0.5577,0.605,0.656,0.7318,0.8003,0.8787
220B,English,layer_25,last,168.0365,9.5882,0.624771,0.3149,0.4262,0.4711,0.5336,0.5853,0.6403,0.7215,0.7934,0.8748
220B,English,layer_26,last,215.3269,12.6206,0.628607,0.2716,0.3878,0.4337,0.5018,0.5589,0.6192,0.7074,0.7839,0.8693
220B,English,layer_27,last,258.9235,15.6938,0.622043,0.2411,0.3598,0.4058,0.479,0.5389,0.6018,0.6936,0.773,0.8617
220B,English,layer_28,last,315.439,22.4874,0.619711,0.1934,0.3315,0.3834,0.4601,0.5217,0.5867,0.6809,0.7632,0.8554
220B,English,layer_29,last,155.4141,12.9841,0.619384,0.242,0.459,0.5094,0.5732,0.6206,0.6708,0.7451,0.8107,0.8841
220B,English,layer_0,mean,150.9949,19.1442,1.103524,0.2069,0.358,0.4366,0.5437,0.6247,0.7148,0.8328,0.9102,0.967
220B,English,layer_1,mean,104.3791,13.6888,0.912872,0.245,0.4315,0.5094,0.6128,0.6884,0.7682,0.8639,0.9208,0.9639
220B,English,layer_2,mean,2.8492,1.3035,0.84064,0.8757,0.9084,0.9221,0.9386,0.9501,0.9619,0.9763,0.9853,0.9927
220B,English,layer_3,mean,2.42,1.2405,0.80831,0.8977,0.9237,0.9363,0.9505,0.9598,0.969,0.9802,0.9874,0.9935
220B,English,layer_4,mean,2.3623,1.2339,0.794658,0.9001,0.9257,0.9391,0.9537,0.9625,0.9709,0.9812,0.9879,0.9936
220B,English,layer_5,mean,2.9293,1.3305,0.802949,0.8667,0.9002,0.9215,0.9446,0.9575,0.9682,0.9797,0.9869,0.9931
220B,English,layer_6,mean,2.9594,1.3271,0.792576,0.8678,0.8988,0.9194,0.9418,0.9547,0.9655,0.9777,0.9856,0.9923
220B,English,layer_7,mean,3.5993,1.4208,0.807955,0.8386,0.8765,0.9016,0.9299,0.9461,0.96,0.975,0.9841,0.9916
220B,English,layer_8,mean,4.008,1.4707,0.809602,0.8242,0.8646,0.8906,0.9215,0.9394,0.9549,0.9719,0.9822,0.9907
220B,English,layer_9,mean,3.8003,1.4321,0.801081,0.8353,0.8712,0.8939,0.9219,0.9386,0.9538,0.9709,0.9815,0.9903
220B,English,layer_10,mean,4.0554,1.466,0.802086,0.8255,0.8644,0.8878,0.9174,0.9354,0.9516,0.9698,0.9808,0.9899
220B,English,layer_11,mean,4.2645,1.4881,0.793491,0.8194,0.8596,0.8834,0.9134,0.9318,0.9483,0.9672,0.979,0.9889
220B,English,layer_12,mean,5.0642,1.5868,0.802674,0.7933,0.8401,0.8674,0.9014,0.9227,0.942,0.9637,0.977,0.9879
220B,English,layer_13,mean,7.1897,1.8332,0.813706,0.7376,0.7974,0.8328,0.877,0.9046,0.9296,0.9567,0.9729,0.9859
220B,English,layer_14,mean,7.2422,1.82,0.799079,0.7404,0.7978,0.8316,0.8742,0.901,0.9257,0.9531,0.9702,0.9843
220B,English,layer_15,mean,8.1479,1.9233,0.804934,0.7199,0.7842,0.8211,0.8668,0.8954,0.9215,0.9506,0.9688,0.9837
220B,English,layer_16,mean,10.2459,2.1291,0.810751,0.6838,0.7563,0.7966,0.8479,0.8807,0.9106,0.9441,0.965,0.9819
220B,English,layer_17,mean,13.3671,2.4413,0.820452,0.6377,0.723,0.769,0.827,0.8646,0.8989,0.9376,0.9615,0.9803
220B,English,layer_18,mean,18.4104,2.9268,0.829437,0.5813,0.6781,0.7304,0.7992,0.8446,0.8859,0.9311,0.9578,0.9786
220B,English,layer_19,mean,23.0623,3.4055,0.823326,0.5373,0.6476,0.7056,0.7832,0.8324,0.8769,0.9251,0.9538,0.9763
220B,English,layer_20,mean,32.286,4.385,0.810105,0.4704,0.5967,0.6643,0.7547,0.8122,0.8637,0.9172,0.948,0.9726
220B,English,layer_21,mean,46.321,5.673,0.791335,0.4101,0.5488,0.6214,0.7175,0.7801,0.8373,0.8981,0.9343,0.9648
220B,English,layer_22,mean,63.6265,7.7903,0.790799,0.3442,0.4987,0.5789,0.6841,0.7546,0.8199,0.8887,0.9287,0.9617
220B,English,layer_23,mean,72.4844,9.0252,0.787461,0.3167,0.4763,0.5612,0.6703,0.7441,0.8128,0.8847,0.926,0.9601
220B,English,layer_24,mean,95.9092,12.4519,0.79453,0.2639,0.4228,0.513,0.6328,0.7176,0.7958,0.8752,0.9205,0.9575
220B,English,layer_25,mean,110.3339,16.2107,0.806263,0.2245,0.3863,0.4877,0.618,0.709,0.7925,0.8758,0.9221,0.9588
220B,English,layer_26,mean,134.8511,23.4828,0.823665,0.1748,0.3409,0.4491,0.5897,0.6881,0.7798,0.8715,0.9214,0.9593
220B,English,layer_27,mean,155.7386,27.9904,0.812589,0.154,0.3197,0.4292,0.5713,0.6701,0.762,0.8564,0.9106,0.9536
220B,English,layer_28,mean,171.8618,34.4997,0.81147,0.1249,0.3019,0.4136,0.5595,0.6598,0.7526,0.8496,0.9067,0.9518
220B,English,layer_29,mean,109.7268,16.9855,0.816187,0.2159,0.3903,0.4942,0.628,0.7144,0.7917,0.8739,0.9226,0.9601
220B,Chinese,layer_0,last,310.4638,70.6757,1.433093,0.0802,0.2084,0.2885,0.3978,0.4984,0.6171,0.7802,0.8891,0.9667
220B,Chinese,layer_1,last,351.2788,60.7984,0.988296,0.0923,0.2329,0.304,0.4037,0.4896,0.5926,0.7411,0.8481,0.9354
220B,Chinese,layer_2,last,131.2057,10.0049,0.904698,0.3085,0.4163,0.4785,0.5529,0.6137,0.6862,0.7925,0.8713,0.9398
220B,Chinese,layer_3,last,89.8353,6.5277,0.85909,0.3867,0.4809,0.5352,0.599,0.6502,0.7113,0.8024,0.8728,0.9375
220B,Chinese,layer_4,last,70.2611,5.228,0.832553,0.4339,0.5213,0.5693,0.6268,0.6731,0.7278,0.8098,0.8747,0.9367
220B,Chinese,layer_5,last,71.2219,5.1596,0.80917,0.437,0.5215,0.5691,0.6245,0.67,0.7237,0.8041,0.8687,0.9321
220B,Chinese,layer_6,last,73.8763,5.2466,0.79878,0.4333,0.5174,0.5642,0.6194,0.6661,0.7201,0.8002,0.865,0.9295
220B,Chinese,layer_7,last,82.7432,5.594,0.782487,0.4194,0.5029,0.5496,0.606,0.6531,0.7076,0.7893,0.8563,0.924
220B,Chinese,layer_8,last,90.8161,5.8783,0.77085,0.4091,0.49,0.5367,0.5935,0.642,0.6972,0.7802,0.849,0.9193
220B,Chinese,layer_9,last,99.5379,6.236,0.758809,0.3969,0.4779,0.5249,0.5833,0.6321,0.6873,0.7717,0.8423,0.9149
220B,Chinese,layer_10,last,106.792,6.5632,0.748945,0.3865,0.4693,0.5167,0.5757,0.6246,0.6799,0.7656,0.8372,0.9113
220B,Chinese,layer_11,last,118.5151,7.0705,0.730954,0.3718,0.4565,0.5054,0.5661,0.6148,0.6693,0.7542,0.8273,0.9045
220B,Chinese,layer_12,last,134.9575,7.8237,0.718329,0.3528,0.4384,0.4881,0.551,0.6012,0.6567,0.7436,0.8187,0.8987
220B,Chinese,layer_13,last,152.5056,8.7856,0.706412,0.3318,0.4228,0.474,0.5388,0.5905,0.6465,0.7335,0.8103,0.8931
220B,Chinese,layer_14,last,162.7167,9.4038,0.69613,0.3198,0.4153,0.4666,0.5338,0.5859,0.6418,0.728,0.8051,0.8892
220B,Chinese,layer_15,last,181.1823,10.5797,0.689566,0.3,0.4012,0.4529,0.5216,0.5755,0.6327,0.7207,0.7994,0.8852
220B,Chinese,layer_16,last,200.7266,11.8777,0.685918,0.2819,0.386,0.4382,0.5093,0.5647,0.6238,0.7147,0.7951,0.8823
220B,Chinese,layer_17,last,195.1479,11.497,0.682148,0.2871,0.3884,0.4394,0.5141,0.5692,0.6278,0.7178,0.7969,0.8828
220B,Chinese,layer_18,last,133.7776,8.0465,0.682412,0.3467,0.4426,0.4929,0.5621,0.6126,0.6661,0.7476,0.8184,0.895
220B,Chinese,layer_19,last,119.3023,7.3742,0.681964,0.3627,0.4601,0.5097,0.5761,0.6254,0.6781,0.7575,0.8255,0.899
220B,Chinese,layer_20,last,119.1592,7.3764,0.676423,0.3626,0.4613,0.511,0.576,0.6258,0.6791,0.7581,0.8255,0.8984
220B,Chinese,layer_21,last,129.8582,7.9637,0.664322,0.348,0.4522,0.5015,0.5666,0.6176,0.672,0.7517,0.8195,0.8937
220B,Chinese,layer_22,last,141.4453,8.585,0.657826,0.3344,0.4425,0.4914,0.5564,0.6083,0.6637,0.7448,0.8138,0.8898
220B,Chinese,layer_23,last,153.6989,9.3988,0.654181,0.3185,0.4307,0.4806,0.5469,0.6008,0.6583,0.7412,0.8107,0.8874
220B,Chinese,layer_24,last,167.7331,10.5656,0.649992,0.2983,0.4191,0.47,0.5385,0.5946,0.6538,0.7377,0.8076,0.885
220B,Chinese,layer_25,last,185.6763,12.1257,0.65178,0.2759,0.4034,0.4552,0.5266,0.5853,0.6472,0.734,0.8052,0.8837
220B,Chinese,layer_26,last,215.7963,14.6833,0.653139,0.2475,0.3798,0.4323,0.5073,0.5688,0.6338,0.7249,0.799,0.8801
220B,Chinese,layer_27,last,233.1669,16.34,0.646641,0.2325,0.3676,0.4215,0.4996,0.5622,0.6278,0.7196,0.7945,0.8765
220B,Chinese,layer_28,last,267.3705,20.86,0.642906,0.1995,0.3446,0.4075,0.4877,0.5514,0.6173,0.7102,0.7873,0.8718
220B,Chinese,layer_29,last,129.3946,11.4951,0.644302,0.2691,0.473,0.5351,0.6017,0.6507,0.701,0.7732,0.8337,0.8996
220B,Chinese,layer_0,mean,149.2385,32.1613,1.211082,0.1151,0.3364,0.4481,0.5692,0.6567,0.7452,0.8583,0.9294,0.9771
220B,Chinese,layer_1,mean,84.9342,15.8679,0.953931,0.192,0.457,0.5634,0.6667,0.7398,0.8092,0.8897,0.938,0.9732
220B,Chinese,layer_2,mean,3.9641,1.4953,0.873268,0.817,0.8794,0.9031,0.9257,0.9412,0.9557,0.9729,0.9837,0.9922
220B,Chinese,layer_3,mean,2.964,1.3442,0.833593,0.8621,0.9092,0.9266,0.9438,0.9552,0.9656,0.9782,0.9864,0.9932
220B,Chinese,layer_4,mean,2.6613,1.2998,0.814949,0.8768,0.9203,0.9362,0.9514,0.9612,0.97,0.9806,0.9877,0.9937
220B,Chinese,layer_5,mean,2.9752,1.3612,0.811674,0.8565,0.9096,0.9296,0.9482,0.9592,0.9687,0.9798,0.9872,0.9934
220B,Chinese,layer_6,mean,2.9683,1.3544,0.802937,0.8587,0.9095,0.9287,0.9469,0.958,0.9676,0.9788,0.9864,0.993
220B,Chinese,layer_7,mean,3.2745,1.3982,0.811182,0.8451,0.8978,0.9183,0.9398,0.9532,0.9645,0.9773,0.9856,0.9925
220B,Chinese,layer_8,mean,3.6559,1.4478,0.81006,0.8304,0.8858,0.9076,0.9314,0.9468,0.9596,0.9741,0.9836,0.9915
220B,Chinese,layer_9,mean,3.5929,1.43,0.801482,0.8357,0.8877,0.9079,0.9307,0.9454,0.9582,0.973,0.9827,0.991
220B,Chinese,layer_10,mean,3.8276,1.4645,0.799423,0.8257,0.8811,0.9024,0.9269,0.9426,0.9564,0.972,0.982,0.9906
220B,Chinese,layer_11,mean,4.0052,1.4847,0.790004,0.82,0.8762,0.8985,0.9236,0.9396,0.9537,0.9698,0.9805,0.9897
220B,Chinese,layer_12,mean,4.5888,1.5653,0.796256,0.7983,0.8615,0.8862,0.9146,0.9329,0.949,0.9672,0.979,0.989
220B,Chinese,layer_13,mean,5.9889,1.7477,0.805716,0.755,0.8313,0.8611,0.8969,0.9203,0.9403,0.9621,0.976,0.9875
220B,Chinese,layer_14,mean,6.0354,1.7376,0.791166,0.7573,0.8316,0.8605,0.8946,0.9172,0.9368,0.959,0.9736,0.9861
220B,Chinese,layer_15,mean,6.8272,1.8401,0.79626,0.7355,0.8181,0.8498,0.8871,0.9117,0.9329,0.9568,0.9723,0.9854
220B,Chinese,layer_16,mean,8.2881,1.9957,0.800326,0.7058,0.7946,0.8297,0.8718,0.8996,0.9238,0.9511,0.9687,0.9837
220B,Chinese,layer_17,mean,10.2878,2.1991,0.808058,0.6719,0.7672,0.8062,0.854,0.8861,0.9139,0.9451,0.9653,0.9821
220B,Chinese,layer_18,mean,13.6342,2.5712,0.81665,0.6201,0.7319,0.7776,0.8337,0.871,0.9033,0.939,0.9618,0.9804
220B,Chinese,layer_19,mean,16.9704,2.9083,0.811371,0.5819,0.7046,0.7544,0.8156,0.8573,0.8931,0.9324,0.9574,0.978
220B,Chinese,layer_20,mean,22.8496,3.571,0.804574,0.5224,0.6664,0.7226,0.7922,0.8404,0.8815,0.9254,0.9528,0.9752
220B,Chinese,layer_21,mean,32.4595,4.5906,0.787583,0.4565,0.6234,0.6865,0.7622,0.8151,0.8603,0.9095,0.9413,0.9687
220B,Chinese,layer_22,mean,45.3371,6.1397,0.790545,0.3894,0.5705,0.6444,0.7303,0.7909,0.8434,0.9001,0.9358,0.9658
220B,Chinese,layer_23,mean,52.8863,8.0113,0.794193,0.3312,0.5411,0.6279,0.7261,0.7917,0.8464,0.9032,0.9379,0.9668
220B,Chinese,layer_24,mean,64.6126,10.0439,0.7974,0.288,0.5043,0.6004,0.7057,0.7752,0.8336,0.8954,0.9334,0.9647
220B,Chinese,layer_25,mean,70.0682,11.6658,0.808983,0.26,0.4862,0.5846,0.6971,0.7719,0.8339,0.8979,0.9358,0.9663
220B,Chinese,layer_26,mean,82.4788,14.2988,0.823888,0.2276,0.4531,0.5545,0.675,0.7555,0.8232,0.8933,0.9344,0.9662
220B,Chinese,layer_27,mean,89.5776,15.797,0.816447,0.2135,0.4411,0.5454,0.6668,0.7481,0.8163,0.8868,0.9296,0.9636
220B,Chinese,layer_28,mean,92.1199,17.624,0.814882,0.1862,0.4439,0.5502,0.6675,0.7469,0.8141,0.8845,0.9283,0.9631
220B,Chinese,layer_29,mean,40.5422,7.5346,0.820433,0.333,0.5948,0.6833,0.7698,0.8255,0.8716,0.9206,0.9511,0.9749
220B,French,layer_0,last,319.0008,43.9874,1.304952,0.1323,0.2404,0.2951,0.3814,0.4726,0.5855,0.7485,0.8666,0.956
220B,French,layer_1,last,346.921,29.4113,0.944967,0.1744,0.2618,0.3073,0.3801,0.4569,0.5544,0.7032,0.8193,0.9202
220B,French,layer_2,last,70.8914,4.8921,0.86113,0.4494,0.5261,0.5586,0.603,0.6487,0.7062,0.7956,0.8681,0.9359
220B,French,layer_3,last,49.7038,3.7844,0.816218,0.5123,0.5785,0.6068,0.6451,0.6831,0.7307,0.8059,0.8701,0.934
220B,French,layer_4,last,39.0716,3.2899,0.788962,0.5499,0.6116,0.639,0.674,0.7081,0.7497,0.8163,0.8746,0.9345
220B,French,layer_5,last,43.1249,3.4242,0.765508,0.539,0.6,0.6276,0.6638,0.6978,0.7396,0.8068,0.8664,0.9288
220B,French,layer_6,last,46.0812,3.5198,0.753735,0.5316,0.5911,0.619,0.6565,0.691,0.7331,0.8011,0.8615,0.9255
220B,French,layer_7,last,56.8921,3.8974,0.735427,0.5051,0.5642,0.5927,0.6315,0.6676,0.7122,0.7844,0.8489,0.9175
220B,French,layer_8,last,67.1418,4.2826,0.724351,0.4816,0.542,0.5726,0.6142,0.6521,0.6982,0.7729,0.8401,0.9119
220B,French,layer_9,last,79.6367,4.7051,0.71276,0.4594,0.519,0.5507,0.5947,0.6335,0.6811,0.7589,0.8294,0.9052
220B,French,layer_10,last,90.024,5.0629,0.702668,0.4427,0.5023,0.5347,0.5804,0.6207,0.6695,0.7499,0.8221,0.9002
220B,French,layer_11,last,102.7085,5.4813,0.685071,0.4252,0.486,0.5199,0.5676,0.6081,0.6563,0.7365,0.8106,0.8923
220B,French,layer_12,last,122.2114,6.1958,0.674415,0.3996,0.4611,0.4979,0.5486,0.5912,0.6411,0.7242,0.8008,0.8856
220B,French,layer_13,last,148.3786,7.2024,0.665183,0.3701,0.4347,0.4729,0.5271,0.5721,0.6236,0.7094,0.7893,0.878
220B,French,layer_14,last,161.7413,7.7828,0.658366,0.3556,0.4241,0.4628,0.519,0.5645,0.6166,0.7028,0.7836,0.874
220B,French,layer_15,last,184.7032,8.8238,0.654733,0.3333,0.4047,0.4446,0.5044,0.5519,0.6057,0.6944,0.7773,0.8699
220B,French,layer_16,last,208.1074,10.0785,0.653115,0.311,0.3866,0.4285,0.4919,0.5412,0.597,0.6883,0.7731,0.8672
220B,French,layer_17,last,188.6328,9.4347,0.652786,0.3215,0.3981,0.4435,0.5082,0.557,0.6114,0.7003,0.782,0.8722
220B,French,layer_18,last,101.7479,5.7866,0.653978,0.413,0.4879,0.5279,0.5848,0.6269,0.6735,0.7487,0.8174,0.8928
220B,French,layer_19,last,80.5951,4.9831,0.653085,0.4455,0.5198,0.5582,0.613,0.6529,0.6968,0.7668,0.8305,0.9003
220B,French,layer_20,last,77.5457,4.8771,0.647949,0.4503,0.5252,0.5636,0.6182,0.658,0.7016,0.7703,0.8325,0.901
220B,French,layer_21,last,86.7385,5.2535,0.63526,0.4334,0.512,0.551,0.6064,0.6475,0.692,0.7617,0.8249,0.8953
220B,French,layer_22,last,97.5434,5.7405,0.62759,0.4139,0.4965,0.5375,0.5945,0.6373,0.6832,0.7539,0.8182,0.8904
220B,French,layer_23,last,108.6749,6.189,0.62216,0.3981,0.4817,0.5234,0.5813,0.6258,0.6734,0.7459,0.8115,0.8858
220B,French,layer_24,last,131.7797,7.3224,0.619041,0.3645,0.4559,0.4988,0.5592,0.6073,0.6587,0.735,0.803,0.8801
220B,French,layer_25,last,162.492,8.8257,0.622044,0.3306,0.4249,0.4683,0.5317,0.5843,0.6406,0.7226,0.7943,0.875
220B,French,layer_26,last,215.7402,11.9471,0.625707,0.2816,0.3807,0.4266,0.495,0.5537,0.6166,0.7065,0.7832,0.8684
220B,French,layer_27,last,259.7412,15.118,0.622417,0.2476,0.3519,0.3989,0.4722,0.5352,0.601,0.6947,0.774,0.8622
220B,French,layer_28,last,297.7705,21.0994,0.623723,0.2003,0.3354,0.3875,0.4642,0.5297,0.5964,0.6908,0.7712,0.8604
220B,French,layer_29,last,133.8651,11.2257,0.624745,0.2683,0.4776,0.5252,0.5889,0.6391,0.6897,0.7611,0.8229,0.8919
220B,French,layer_0,mean,167.5832,26.0479,1.115731,0.16,0.347,0.4216,0.5322,0.6193,0.7113,0.8318,0.9105,0.9676
220B,French,layer_1,mean,112.2141,16.3781,0.921699,0.2093,0.4221,0.5015,0.6067,0.6861,0.7665,0.8626,0.9205,0.9641
220B,French,layer_2,mean,2.7406,1.2927,0.848655,0.8793,0.9144,0.9265,0.942,0.9533,0.9644,0.9778,0.9864,0.9933
220B,French,layer_3,mean,2.3774,1.2364,0.815458,0.8992,0.9271,0.9381,0.952,0.9614,0.9703,0.981,0.988,0.9938
220B,French,layer_4,mean,2.311,1.2287,0.799227,0.902,0.9306,0.9417,0.9552,0.9641,0.9721,0.9818,0.9883,0.9939
220B,French,layer_5,mean,2.6735,1.2894,0.801211,0.8804,0.9138,0.9297,0.9487,0.96,0.9696,0.9804,0.9874,0.9934
220B,French,layer_6,mean,2.7019,1.2891,0.791877,0.8805,0.9132,0.9284,0.9465,0.9579,0.9676,0.9789,0.9863,0.9928
220B,French,layer_7,mean,3.3376,1.3862,0.807909,0.849,0.8895,0.9106,0.9344,0.9494,0.9621,0.976,0.9847,0.992
220B,French,layer_8,mean,3.8584,1.4574,0.810734,0.8279,0.8741,0.8975,0.9245,0.942,0.9567,0.9727,0.9826,0.991
220B,French,layer_9,mean,3.7212,1.4309,0.801325,0.8356,0.8794,0.9,0.9246,0.9411,0.9555,0.9716,0.9818,0.9905
220B,French,layer_10,mean,3.9988,1.4684,0.802076,0.8248,0.8716,0.8932,0.9197,0.9377,0.9532,0.9704,0.9811,0.9901
220B,French,layer_11,mean,4.1955,1.4883,0.793148,0.8192,0.8667,0.8889,0.9156,0.9339,0.9498,0.9677,0.9792,0.989
220B,French,layer_12,mean,5.0783,1.5988,0.802865,0.7902,0.8447,0.8707,0.9024,0.9242,0.9431,0.9639,0.977,0.988
220B,French,layer_13,mean,7.2635,1.8537,0.813371,0.7334,0.8013,0.8354,0.8767,0.9057,0.9304,0.9566,0.9727,0.9858
220B,French,layer_14,mean,7.4426,1.8542,0.798321,0.7333,0.8004,0.8328,0.8728,0.901,0.9257,0.9526,0.9697,0.9841
220B,French,layer_15,mean,8.5541,1.9853,0.804455,0.7083,0.7842,0.8204,0.8644,0.8949,0.9213,0.95,0.9682,0.9834
220B,French,layer_16,mean,10.4216,2.1661,0.808324,0.6777,0.7596,0.7993,0.8477,0.8817,0.9115,0.9439,0.9646,0.9816
220B,French,layer_17,mean,13.2977,2.4463,0.817358,0.637,0.7275,0.7726,0.8274,0.8667,0.9007,0.9378,0.9612,0.9801
220B,French,layer_18,mean,17.8601,2.8984,0.825252,0.5841,0.6869,0.7395,0.803,0.8486,0.8888,0.9316,0.9577,0.9784
220B,French,layer_19,mean,21.1187,3.2137,0.819254,0.5537,0.6646,0.7211,0.7893,0.8381,0.8809,0.9265,0.9542,0.9764
220B,French,layer_20,mean,29.3838,4.1273,0.817758,0.486,0.6138,0.6811,0.7623,0.8208,0.8709,0.9216,0.9511,0.9746
220B,French,layer_21,mean,42.4979,5.3788,0.796928,0.4225,0.5646,0.6381,0.7269,0.7911,0.8462,0.9033,0.9379,0.967
220B,French,layer_22,mean,56.7054,7.0813,0.790678,0.3634,0.5206,0.6011,0.6985,0.7688,0.8302,0.8934,0.9315,0.9633
220B,French,layer_23,mean,64.7219,8.1484,0.785688,0.336,0.4993,0.5827,0.6842,0.7587,0.8231,0.8891,0.9285,0.9614
220B,French,layer_24,mean,84.3046,11.1038,0.790088,0.2816,0.4501,0.5404,0.652,0.7358,0.8087,0.8814,0.9239,0.9591
220B,French,layer_25,mean,100.0809,14.3497,0.798678,0.2416,0.4124,0.5076,0.6296,0.722,0.8017,0.8794,0.9235,0.9591
220B,French,layer_26,mean,122.9751,20.825,0.815197,0.188,0.3673,0.4692,0.6023,0.7034,0.7905,0.8752,0.9227,0.9596
220B,French,layer_27,mean,141.7963,25.5357,0.807391,0.1615,0.3438,0.4475,0.5854,0.6885,0.7761,0.8629,0.9138,0.9548
220B,French,layer_28,mean,153.5243,31.9024,0.807181,0.1244,0.3296,0.4371,0.5791,0.6833,0.7714,0.8592,0.9116,0.9538
220B,French,layer_29,mean,104.5598,17.8173,0.81166,0.2051,0.3981,0.5089,0.6399,0.7298,0.805,0.8801,0.9254,0.9611
220B,Indonesian,layer_0,last,300.3672,51.8258,1.294142,0.1106,0.2367,0.3164,0.4227,0.5085,0.61,0.7589,0.8716,0.9584
220B,Indonesian,layer_1,last,357.166,47.0362,0.962399,0.121,0.2433,0.3123,0.4069,0.4838,0.5762,0.716,0.827,0.9245
220B,Indonesian,layer_2,last,105.7709,7.461,0.883204,0.3604,0.4602,0.5137,0.5807,0.6315,0.6928,0.7866,0.8629,0.9342
220B,Indonesian,layer_3,last,74.2918,5.3801,0.839161,0.4273,0.518,0.5647,0.6231,0.6667,0.7183,0.7986,0.8661,0.9325
220B,Indonesian,layer_4,last,57.7805,4.4751,0.811775,0.4697,0.554,0.5994,0.6536,0.6932,0.7389,0.8103,0.8714,0.9332
220B,Indonesian,layer_5,last,61.173,4.5707,0.789453,0.4649,0.5466,0.5926,0.647,0.687,0.7326,0.8038,0.8651,0.9285
220B,Indonesian,layer_6,last,63.3417,4.668,0.777789,0.4599,0.5426,0.5884,0.6429,0.6842,0.7302,0.8015,0.8627,0.9265
220B,Indonesian,layer_7,last,73.5242,5.0744,0.763594,0.4409,0.5216,0.5689,0.6244,0.6673,0.7157,0.7902,0.8541,0.921
220B,Indonesian,layer_8,last,84.7939,5.7031,0.753384,0.4151,0.502,0.5526,0.6121,0.6567,0.707,0.7835,0.849,0.9176
220B,Indonesian,layer_9,last,93.9688,6.156,0.744229,0.399,0.4884,0.54,0.6007,0.6462,0.6977,0.7764,0.8436,0.9141
220B,Indonesian,layer_10,last,102.4728,6.6654,0.734792,0.3826,0.4777,0.5301,0.5929,0.6392,0.6913,0.7717,0.8399,0.9114
220B,Indonesian,layer_11,last,111.7874,7.0396,0.719543,0.372,0.4667,0.52,0.5839,0.6299,0.6816,0.7619,0.8315,0.9057
220B,Indonesian,layer_12,last,125.4024,7.7441,0.710522,0.3541,0.4493,0.5046,0.571,0.6183,0.6715,0.7541,0.8254,0.9016
220B,Indonesian,layer_13,last,143.6851,8.821,0.70366,0.3307,0.4299,0.4869,0.5563,0.6065,0.661,0.745,0.8183,0.8971
220B,Indonesian,layer_14,last,151.8499,9.5227,0.698346,0.317,0.4234,0.482,0.553,0.604,0.6586,0.7422,0.8158,0.8952
220B,Indonesian,layer_15,last,164.9222,10.48,0.695061,0.301,0.4112,0.4719,0.5435,0.5962,0.6524,0.7378,0.8126,0.8929
220B,Indonesian,layer_16,last,182.1537,11.7599,0.694403,0.2828,0.3945,0.4574,0.5315,0.586,0.644,0.7323,0.809,0.8908
220B,Indonesian,layer_17,last,192.9018,12.7764,0.695173,0.2702,0.3841,0.4467,0.5241,0.5816,0.6418,0.732,0.809,0.8906
220B,Indonesian,layer_18,last,161.1022,10.6688,0.6956,0.2975,0.4096,0.4703,0.5491,0.6043,0.6616,0.7471,0.8199,0.8968
220B,Indonesian,layer_19,last,156.2396,10.3931,0.694573,0.3018,0.4126,0.4732,0.5545,0.6092,0.6659,0.7502,0.822,0.8979
220B,Indonesian,layer_20,last,157.5913,10.4189,0.685512,0.3013,0.4125,0.4733,0.5548,0.6089,0.6647,0.7479,0.8193,0.8956
220B,Indonesian,layer_21,last,173.3138,11.3901,0.672213,0.2871,0.4012,0.462,0.5441,0.5989,0.6549,0.7385,0.811,0.8895
220B,Indonesian,layer_22,last,184.7141,12.5145,0.666046,0.2718,0.395,0.4557,0.5395,0.5946,0.6506,0.7338,0.8068,0.8866
220B,Indonesian,layer_23,last,197.6416,13.5414,0.660532,0.26,0.3849,0.4478,0.5324,0.5878,0.6441,0.7279,0.802,0.8832
220B,Indonesian,layer_24,last,218.8102,15.6317,0.656176,0.2391,0.3693,0.4336,0.5204,0.578,0.6364,0.7219,0.7971,0.8797
220B,Indonesian,layer_25,last,241.4227,18.2891,0.657742,0.218,0.3525,0.4189,0.5084,0.568,0.6287,0.7174,0.7942,0.8782
220B,Indonesian,layer_26,last,266.5385,22.8052,0.662486,0.1889,0.3348,0.4042,0.4976,0.5602,0.6239,0.7157,0.7939,0.8784
220B,Indonesian,layer_27,last,279.4493,25.9604,0.660588,0.1726,0.3266,0.3969,0.4932,0.5587,0.6238,0.716,0.7936,0.8778
220B,Indonesian,layer_28,last,275.1258,31.0527,0.666916,0.1423,0.3236,0.4022,0.5038,0.5718,0.6365,0.7267,0.8021,0.8831
220B,Indonesian,layer_29,last,61.3078,6.7157,0.67291,0.3606,0.5691,0.6311,0.698,0.7404,0.7802,0.8352,0.8809,0.9296
220B,Indonesian,layer_0,mean,123.4396,19.1451,1.147606,0.1865,0.4111,0.4936,0.5886,0.662,0.7421,0.8494,0.9205,0.9722
220B,Indonesian,layer_1,mean,75.3432,9.8184,0.923603,0.2951,0.498,0.5741,0.6606,0.7248,0.7909,0.874,0.927,0.9674
220B,Indonesian,layer_2,mean,2.3611,1.2479,0.844297,0.8949,0.9328,0.9434,0.9548,0.963,0.9713,0.9818,0.9888,0.9945
220B,Indonesian,layer_3,mean,1.9764,1.1792,0.804785,0.9207,0.9477,0.956,0.9653,0.9716,0.9777,0.9855,0.9907,0.9952
220B,Indonesian,layer_4,mean,1.8548,1.157,0.784223,0.9296,0.9526,0.9606,0.9691,0.9746,0.98,0.9867,0.9914,0.9955
220B,Indonesian,layer_5,mean,1.9605,1.1747,0.781139,0.9225,0.9462,0.9556,0.9662,0.9729,0.9789,0.9861,0.9909,0.9952
220B,Indonesian,layer_6,mean,1.9569,1.173,0.772073,0.9232,0.9466,0.9558,0.9662,0.9726,0.9785,0.9856,0.9905,0.9949
220B,Indonesian,layer_7,mean,2.1448,1.2055,0.782853,0.9107,0.9371,0.9484,0.9612,0.9692,0.9763,0.9845,0.9899,0.9946
220B,Indonesian,layer_8,mean,2.3272,1.2343,0.784732,0.8999,0.9285,0.9416,0.9563,0.9655,0.9735,0.9827,0.9888,0.994
220B,Indonesian,layer_9,mean,2.2861,1.2253,0.776792,0.9033,0.9305,0.9428,0.9565,0.9652,0.9731,0.9823,0.9884,0.9938
220B,Indonesian,layer_10,mean,2.4266,1.2486,0.779643,0.8948,0.9245,0.9379,0.9532,0.963,0.9718,0.9816,0.988,0.9936
220B,Indonesian,layer_11,mean,2.5111,1.2593,0.772021,0.8909,0.9209,0.9348,0.9507,0.9608,0.9697,0.98,0.9869,0.9929
220B,Indonesian,layer_12,mean,2.7917,1.3012,0.780869,0.8764,0.9092,0.9252,0.944,0.9558,0.9663,0.9781,0.9857,0.9924
220B,Indonesian,layer_13,mean,3.4961,1.4042,0.790836,0.8435,0.8853,0.9061,0.9301,0.9456,0.959,0.9738,0.9831,0.991
220B,Indonesian,layer_14,mean,3.562,1.4064,0.777407,0.8429,0.8841,0.9042,0.9277,0.9428,0.9561,0.9713,0.9813,0.9899
220B,Indonesian,layer_15,mean,3.8255,1.4445,0.783932,0.8316,0.8758,0.8982,0.9238,0.94,0.9542,0.9703,0.9807,0.9897
220B,Indonesian,layer_16,mean,4.5262,1.5311,0.789233,0.8076,0.857,0.8827,0.9118,0.9305,0.947,0.9658,0.9779,0.9883
220B,Indonesian,layer_17,mean,5.5559,1.6585,0.80036,0.7757,0.8339,0.8642,0.8979,0.9196,0.9388,0.9611,0.9753,0.9871
220B,Indonesian,layer_18,mean,6.9395,1.818,0.808646,0.7405,0.8075,0.8423,0.8816,0.9075,0.9304,0.9563,0.9725,0.9857
220B,Indonesian,layer_19,mean,8.3435,1.9761,0.804872,0.7099,0.7859,0.8252,0.8691,0.8978,0.9232,0.9515,0.9693,0.984
220B,Indonesian,layer_20,mean,11.5905,2.3281,0.790982,0.6529,0.7473,0.794,0.8458,0.88,0.9102,0.9428,0.9632,0.9803
220B,Indonesian,layer_21,mean,16.7773,2.7907,0.775265,0.5951,0.7028,0.7559,0.8144,0.8532,0.888,0.9266,0.9517,0.9739
220B,Indonesian,layer_22,mean,24.4692,3.5673,0.773444,0.5235,0.6544,0.7161,0.7843,0.8295,0.8703,0.9155,0.9447,0.97
220B,Indonesian,layer_23,mean,30.098,4.1843,0.77215,0.4811,0.6259,0.6935,0.7683,0.8175,0.8615,0.91,0.9412,0.968
220B,Indonesian,layer_24,mean,45.0352,5.8122,0.781582,0.4033,0.565,0.6404,0.7288,0.7883,0.8408,0.8977,0.9338,0.9644
220B,Indonesian,layer_25,mean,57.6851,7.7548,0.791326,0.3427,0.5222,0.607,0.7068,0.7743,0.8325,0.8943,0.9324,0.9639
220B,Indonesian,layer_26,mean,74.0168,11.2023,0.811647,0.2734,0.4743,0.5707,0.6836,0.7591,0.8239,0.8919,0.9327,0.9649
220B,Indonesian,layer_27,mean,88.4726,14.7447,0.809569,0.2246,0.4442,0.5476,0.6675,0.7463,0.813,0.8832,0.9266,0.9618
220B,Indonesian,layer_28,mean,90.354,18.0708,0.817241,0.1631,0.4387,0.5516,0.6747,0.7532,0.8185,0.8872,0.9298,0.9638
220B,Indonesian,layer_29,mean,30.5625,5.567,0.822306,0.3994,0.6321,0.7093,0.7925,0.8443,0.8862,0.9298,0.9565,0.9776
220B,Italian,layer_0,last,245.325,30.3619,1.283196,0.139,0.3086,0.3579,0.4409,0.5203,0.6166,0.762,0.8714,0.9571
220B,Italian,layer_1,last,301.138,30.2638,0.934629,0.1432,0.3021,0.3496,0.4239,0.4929,0.5794,0.7157,0.8253,0.9224
220B,Italian,layer_2,last,131.1423,9.4387,0.850336,0.3114,0.4542,0.4945,0.5508,0.601,0.6633,0.7629,0.8458,0.9244
220B,Italian,layer_3,last,103.1003,6.9076,0.805839,0.3727,0.4919,0.5298,0.5809,0.6244,0.6782,0.7658,0.8422,0.9189
220B,Italian,layer_4,last,83.5158,5.7639,0.78001,0.4102,0.5243,0.5615,0.6086,0.6479,0.6962,0.7749,0.8453,0.9184
220B,Italian,layer_5,last,89.6779,5.8264,0.758006,0.409,0.5137,0.551,0.5983,0.6374,0.6855,0.7645,0.836,0.912
220B,Italian,layer_6,last,95.9852,6.0986,0.748584,0.3996,0.503,0.5426,0.5911,0.6314,0.6802,0.7596,0.8319,0.909
220B,Italian,layer_7,last,119.2633,7.1889,0.731501,0.3664,0.473,0.5152,0.566,0.608,0.6593,0.7427,0.8187,0.9004
220B,Italian,layer_8,last,137.8724,8.2206,0.721245,0.3409,0.4529,0.4974,0.551,0.5945,0.647,0.7327,0.8108,0.8952
220B,Italian,layer_9,last,157.9678,9.2515,0.711221,0.3198,0.4338,0.4797,0.5346,0.5794,0.6328,0.7207,0.8015,0.8893
220B,Italian,layer_10,last,163.888,10.1452,0.701646,0.2996,0.4336,0.479,0.534,0.5784,0.6314,0.7195,0.7998,0.8873
220B,Italian,layer_11,last,177.224,11.0537,0.685501,0.2829,0.4258,0.4709,0.5272,0.5714,0.6233,0.7099,0.7908,0.8808
220B,Italian,layer_12,last,200.4726,12.7105,0.675599,0.2585,0.4093,0.4555,0.5131,0.5582,0.6108,0.6996,0.7824,0.8749
220B,Italian,layer_13,last,228.7406,14.9178,0.668147,0.2336,0.3898,0.4376,0.4984,0.5455,0.5994,0.6896,0.7742,0.8694
220B,Italian,layer_14,last,240.1337,16.143,0.662701,0.2206,0.3831,0.4324,0.4951,0.5427,0.5966,0.6863,0.7711,0.8669
220B,Italian,layer_15,last,254.2209,17.3828,0.659229,0.2106,0.3749,0.4243,0.4878,0.5365,0.5917,0.6826,0.7682,0.8647
220B,Italian,layer_16,last,262.4777,18.5304,0.658021,0.198,0.3704,0.4194,0.4839,0.5334,0.5897,0.6816,0.7678,0.8643
220B,Italian,layer_17,last,244.7466,17.244,0.658121,0.2095,0.3792,0.4274,0.4959,0.5444,0.6,0.6905,0.7744,0.868
220B,Italian,layer_18,last,160.6693,10.6844,0.66004,0.288,0.4396,0.4873,0.5509,0.5953,0.6456,0.7264,0.8008,0.8834
220B,Italian,layer_19,last,135.3755,9.0352,0.659222,0.3174,0.4638,0.5103,0.5715,0.6143,0.6625,0.7397,0.8105,0.8889
220B,Italian,layer_20,last,128.795,8.641,0.655805,0.3257,0.4708,0.5171,0.5777,0.6205,0.6684,0.744,0.8134,0.8903
220B,Italian,layer_21,last,139.9558,9.2212,0.644077,0.315,0.4601,0.5074,0.5686,0.6125,0.6608,0.7368,0.8067,0.8851
220B,Italian,layer_22,last,150.541,9.8076,0.637296,0.3051,0.4511,0.4979,0.5601,0.6053,0.6546,0.7312,0.8015,0.8812
220B,Italian,layer_23,last,163.2415,10.4082,0.632674,0.2963,0.4394,0.4861,0.549,0.5954,0.6462,0.7245,0.796,0.8774
220B,Italian,layer_24,last,183.7038,11.8244,0.63019,0.2763,0.4215,0.4694,0.5343,0.5837,0.6371,0.718,0.7909,0.8738
220B,Italian,layer_25,last,214.203,13.9382,0.632992,0.2531,0.395,0.4452,0.5131,0.5662,0.6237,0.7092,0.785,0.8704
220B,Italian,layer_26,last,260.7741,18.1244,0.637646,0.2182,0.3605,0.4132,0.4864,0.5447,0.6073,0.699,0.7783,0.8667
220B,Italian,layer_27,last,288.9457,21.3734,0.63663,0.1984,0.341,0.3958,0.4736,0.5356,0.6009,0.695,0.7752,0.8644
220B,Italian,layer_28,last,291.6576,25.8771,0.64182,0.1706,0.3373,0.4,0.4826,0.546,0.6112,0.7032,0.7818,0.8686
220B,Italian,layer_29,last,103.133,10.0909,0.643022,0.2765,0.5155,0.5679,0.6339,0.6789,0.7242,0.7885,0.8442,0.906
220B,Italian,layer_0,mean,127.5663,17.4255,1.12116,0.2079,0.4058,0.4779,0.5748,0.653,0.735,0.8432,0.9155,0.9694
220B,Italian,layer_1,mean,68.6582,8.8741,0.929014,0.3111,0.5119,0.5788,0.6657,0.7332,0.8004,0.8808,0.9308,0.9691
220B,Italian,layer_2,mean,1.485,1.0894,0.853682,0.9581,0.9702,0.9749,0.9801,0.984,0.9878,0.9923,0.9953,0.9977
220B,Italian,layer_3,mean,1.3717,1.0678,0.816935,0.9677,0.9764,0.9803,0.9845,0.9875,0.9903,0.9937,0.996,0.998
220B,Italian,layer_4,mean,1.3531,1.0648,0.79982,0.9691,0.9776,0.9816,0.9856,0.9884,0.991,0.9941,0.9962,0.998
220B,Italian,layer_5,mean,1.4084,1.0754,0.798029,0.9643,0.9739,0.9786,0.9838,0.9872,0.9901,0.9935,0.9958,0.9978
220B,Italian,layer_6,mean,1.4184,1.0765,0.78949,0.9638,0.9733,0.9779,0.9831,0.9865,0.9895,0.9931,0.9955,0.9976
220B,Italian,layer_7,mean,1.5362,1.0991,0.804279,0.9538,0.966,0.9721,0.9793,0.9838,0.9877,0.9921,0.9949,0.9973
220B,Italian,layer_8,mean,1.6396,1.1175,0.806078,0.9459,0.96,0.967,0.9756,0.981,0.9856,0.9908,0.9941,0.9969
220B,Italian,layer_9,mean,1.6199,1.1121,0.796521,0.9482,0.961,0.9674,0.9754,0.9806,0.9852,0.9904,0.9938,0.9967
220B,Italian,layer_10,mean,1.6734,1.1217,0.796083,0.9442,0.9581,0.9649,0.9735,0.9793,0.9843,0.9898,0.9934,0.9966
220B,Italian,layer_11,mean,1.7187,1.1287,0.787721,0.9412,0.9556,0.9628,0.9718,0.9778,0.9829,0.9888,0.9928,0.9962
220B,Italian,layer_12,mean,1.8774,1.1562,0.796256,0.9299,0.9472,0.9559,0.9666,0.9739,0.9802,0.9873,0.9918,0.9957
220B,Italian,layer_13,mean,2.2317,1.2154,0.805966,0.907,0.93,0.9419,0.9566,0.9666,0.9751,0.9843,0.99,0.9948
220B,Italian,layer_14,mean,2.2589,1.2164,0.790506,0.9066,0.9291,0.9407,0.955,0.9648,0.9733,0.9828,0.9889,0.9941
220B,Italian,layer_15,mean,2.4666,1.2495,0.796078,0.8945,0.9201,0.9335,0.9499,0.961,0.9706,0.9811,0.9878,0.9936
220B,Italian,layer_16,mean,2.7687,1.2929,0.798642,0.8793,0.9083,0.9235,0.942,0.9546,0.9658,0.978,0.986,0.9926
220B,Italian,layer_17,mean,3.2891,1.3664,0.807697,0.8552,0.8903,0.9083,0.9305,0.9459,0.9594,0.9743,0.9838,0.9916
220B,Italian,layer_18,mean,3.9113,1.4492,0.81311,0.8303,0.8711,0.8924,0.9186,0.9368,0.953,0.9705,0.9815,0.9905
220B,Italian,layer_19,mean,4.4609,1.5188,0.808249,0.811,0.8568,0.8804,0.9098,0.93,0.948,0.9673,0.9794,0.9893
220B,Italian,layer_20,mean,5.9392,1.7047,0.807574,0.7651,0.8239,0.8531,0.8911,0.9168,0.9391,0.9623,0.9762,0.9875
220B,Italian,layer_21,mean,8.3578,1.9486,0.78485,0.7151,0.7847,0.8195,0.8645,0.8948,0.9216,0.9499,0.9673,0.9824
220B,Italian,layer_22,mean,12.4743,2.3617,0.780408,0.6485,0.735,0.7772,0.8341,0.8717,0.9048,0.9395,0.9606,0.9787
220B,Italian,layer_23,mean,16.0998,2.7179,0.777616,0.6036,0.7021,0.7498,0.8141,0.8568,0.8942,0.933,0.9563,0.9762
220B,Italian,layer_24,mean,24.2358,3.471,0.781704,0.5321,0.6466,0.7013,0.7767,0.8285,0.8742,0.9211,0.949,0.9724
220B,Italian,layer_25,mean,33.5986,4.5012,0.790911,0.4641,0.5989,0.6628,0.749,0.8092,0.8622,0.9151,0.9458,0.9708
220B,Italian,layer_26,mean,50.0471,6.5173,0.807269,0.3799,0.5361,0.6104,0.7104,0.7817,0.844,0.9058,0.9411,0.9689
220B,Italian,layer_27,mean,65.812,8.7763,0.801755,0.3202,0.4971,0.5779,0.6846,0.761,0.8272,0.8936,0.9326,0.9644
220B,Italian,layer_28,mean,77.9538,12.2006,0.805684,0.2551,0.4766,0.5615,0.675,0.7541,0.8222,0.8904,0.9308,0.9636
220B,Italian,layer_29,mean,60.1141,9.759,0.807891,0.2872,0.5231,0.6056,0.7118,0.7831,0.8426,0.9028,0.9389,0.968
220B,Swahili,layer_0,last,212.6614,53.3411,1.611891,0.0979,0.2358,0.3206,0.4636,0.5854,0.7057,0.8484,0.9326,0.9841
220B,Swahili,layer_1,last,264.1727,50.3158,1.224137,0.1136,0.2339,0.3033,0.433,0.5456,0.6613,0.8043,0.8954,0.9621
220B,Swahili,layer_2,last,81.5934,7.1774,1.136757,0.368,0.4634,0.5113,0.5999,0.6757,0.7535,0.8515,0.9159,0.9662
220B,Swahili,layer_3,last,57.5079,5.0691,1.0801,0.4409,0.5229,0.5637,0.6394,0.7039,0.7708,0.857,0.9159,0.9645
220B,Swahili,layer_4,last,44.9724,4.2385,1.04632,0.483,0.5633,0.6014,0.6697,0.727,0.7868,0.8646,0.919,0.9649
220B,Swahili,layer_5,last,46.562,4.3212,1.018383,0.4782,0.5618,0.601,0.6675,0.7238,0.7829,0.8607,0.9157,0.9629
220B,Swahili,layer_6,last,48.1332,4.4418,1.002326,0.4714,0.5595,0.5994,0.6652,0.7217,0.7811,0.859,0.9144,0.962
220B,Swahili,layer_7,last,54.4883,4.8232,0.982394,0.4518,0.5428,0.5833,0.6503,0.7096,0.7716,0.8522,0.9098,0.9594
220B,Swahili,layer_8,last,61.7621,5.417,0.964972,0.4252,0.5255,0.5724,0.6416,0.7021,0.7655,0.8483,0.9071,0.9577
220B,Swahili,layer_9,last,68.1006,5.8969,0.951499,0.4067,0.5122,0.5604,0.6314,0.6938,0.7594,0.8444,0.9043,0.956
220B,Swahili,layer_10,last,72.5125,6.3113,0.935514,0.3921,0.5059,0.557,0.6283,0.6903,0.7558,0.8414,0.9019,0.9544
220B,Swahili,layer_11,last,77.0252,6.6526,0.911418,0.3811,0.5011,0.5535,0.625,0.6861,0.7506,0.8357,0.8971,0.9513
220B,Swahili,layer_12,last,83.332,7.0693,0.893375,0.3691,0.4906,0.5436,0.6168,0.6782,0.7434,0.8303,0.8929,0.9486
220B,Swahili,layer_13,last,93.086,7.9236,0.875191,0.3468,0.4777,0.5328,0.6083,0.6696,0.7344,0.8227,0.8873,0.9452
220B,Swahili,layer_14,last,99.5171,8.6121,0.86133,0.331,0.4689,0.5272,0.6048,0.6655,0.7301,0.8188,0.8842,0.9432
220B,Swahili,layer_15,last,105.5603,9.1769,0.852405,0.3196,0.4598,0.5193,0.5992,0.6603,0.7257,0.816,0.8821,0.9417
220B,Swahili,layer_16,last,117.9611,10.5903,0.844259,0.2946,0.4425,0.5045,0.5873,0.6509,0.7184,0.8122,0.8798,0.9401
220B,Swahili,layer_17,last,124.8772,11.7056,0.839475,0.2775,0.4319,0.4969,0.5821,0.6485,0.7177,0.8124,0.8799,0.9398
220B,Swahili,layer_18,last,101.7113,9.5472,0.836608,0.3109,0.4615,0.5272,0.6116,0.6733,0.7381,0.8263,0.8888,0.9441
220B,Swahili,layer_19,last,95.2948,9.0894,0.832739,0.3188,0.4703,0.5368,0.6217,0.6818,0.7453,0.8313,0.892,0.9455
220B,Swahili,layer_20,last,95.6298,9.0718,0.816405,0.3188,0.473,0.5398,0.6227,0.6813,0.7435,0.8289,0.8894,0.9434
220B,Swahili,layer_21,last,105.7589,9.9106,0.793245,0.303,0.4615,0.5296,0.6126,0.6708,0.7328,0.8186,0.8809,0.9377
220B,Swahili,layer_22,last,109.6427,10.4996,0.78141,0.292,0.4587,0.5281,0.6112,0.6692,0.7308,0.8158,0.8782,0.9356
220B,Swahili,layer_23,last,113.3865,11.0071,0.771474,0.283,0.4561,0.5266,0.6092,0.6667,0.7278,0.8126,0.8752,0.9334
220B,Swahili,layer_24,last,119.2757,11.6031,0.759661,0.2737,0.4517,0.5217,0.6044,0.6616,0.7224,0.8071,0.8703,0.9299
220B,Swahili,layer_25,last,126.8903,12.6337,0.754205,0.2591,0.4445,0.5145,0.5982,0.6563,0.7176,0.803,0.8672,0.9279
220B,Swahili,layer_26,last,139.1251,14.5752,0.750141,0.235,0.4326,0.5038,0.589,0.6485,0.7109,0.7978,0.8633,0.9255
220B,Swahili,layer_27,last,148.2338,16.1913,0.741271,0.2166,0.4255,0.4984,0.5833,0.6433,0.7058,0.7929,0.8589,0.9224
220B,Swahili,layer_28,last,147.9942,19.2646,0.745099,0.1679,0.427,0.5047,0.5915,0.6528,0.7151,0.8006,0.8646,0.9255
220B,Swahili,layer_29,last,21.564,3.3847,0.752268,0.5337,0.7097,0.7501,0.7982,0.8302,0.8619,0.9043,0.9352,0.9643
220B,Swahili,layer_0,mean,60.552,11.0842,1.193693,0.2574,0.5251,0.6116,0.6993,0.7669,0.8331,0.9101,0.9552,0.9849
220B,Swahili,layer_1,mean,39.6748,6.747,0.982733,0.3576,0.5991,0.6694,0.7463,0.8056,0.8611,0.9228,0.9577,0.982
220B,Swahili,layer_2,mean,1.642,1.1291,0.915233,0.941,0.9648,0.9716,0.978,0.9829,0.9875,0.9927,0.9958,0.998
220B,Swahili,layer_3,mean,1.4724,1.0947,0.878999,0.9557,0.9736,0.9785,0.9835,0.9871,0.9905,0.9943,0.9966,0.9983
220B,Swahili,layer_4,mean,1.4418,1.0887,0.861561,0.9584,0.9754,0.98,0.9847,0.988,0.9911,0.9945,0.9967,0.9984
220B,Swahili,layer_5,mean,1.4773,1.0953,0.855495,0.9554,0.973,0.9783,0.9837,0.9873,0.9906,0.9942,0.9965,0.9982
220B,Swahili,layer_6,mean,1.4835,1.0967,0.846043,0.9549,0.9728,0.9781,0.9836,0.9871,0.9904,0.9941,0.9963,0.9982
220B,Swahili,layer_7,mean,1.5069,1.1011,0.850813,0.9529,0.9712,0.9768,0.9828,0.9866,0.9901,0.9939,0.9963,0.9981
220B,Swahili,layer_8,mean,1.5677,1.1136,0.84668,0.9475,0.9683,0.9745,0.981,0.9852,0.989,0.9933,0.9958,0.9979
220B,Swahili,layer_9,mean,1.5762,1.1154,0.84204,0.9468,0.968,0.9742,0.9807,0.9849,0.9888,0.9931,0.9957,0.9978
220B,Swahili,layer_10,mean,1.6283,1.1267,0.841762,0.942,0.9656,0.9725,0.9795,0.9841,0.9882,0.9928,0.9955,0.9977
220B,Swahili,layer_11,mean,1.6517,1.1314,0.832856,0.94,0.9645,0.9717,0.9789,0.9835,0.9876,0.9923,0.9952,0.9976
220B,Swahili,layer_12,mean,1.7089,1.1416,0.836673,0.9358,0.9612,0.969,0.977,0.9821,0.9866,0.9918,0.9949,0.9974
220B,Swahili,layer_13,mean,1.8462,1.169,0.839353,0.9247,0.9545,0.9641,0.9736,0.9795,0.9847,0.9906,0.9942,0.9971
220B,Swahili,layer_14,mean,1.8832,1.1762,0.831187,0.9219,0.9531,0.9631,0.9727,0.9787,0.984,0.9901,0.9938,0.9968
220B,Swahili,layer_15,mean,1.8714,1.1734,0.834503,0.923,0.9534,0.9632,0.9729,0.979,0.9843,0.9903,0.994,0.9969
220B,Swahili,layer_16,mean,2.0869,1.2144,0.841495,0.9072,0.944,0.9558,0.9676,0.9749,0.9814,0.9886,0.993,0.9964
220B,Swahili,layer_17,mean,2.3193,1.2567,0.851786,0.8917,0.9344,0.9484,0.9621,0.9707,0.9783,0.9869,0.992,0.996
220B,Swahili,layer_18,mean,2.8184,1.354,0.864105,0.8587,0.9176,0.9355,0.9536,0.9646,0.9741,0.9846,0.9907,0.9954
220B,Swahili,layer_19,mean,3.159,1.4119,0.86033,0.8407,0.9069,0.927,0.9476,0.96,0.9706,0.9823,0.9893,0.9947
220B,Swahili,layer_20,mean,3.8485,1.5176,0.848735,0.8105,0.8878,0.9103,0.9352,0.9503,0.9631,0.9771,0.9858,0.9929
220B,Swahili,layer_21,mean,4.8038,1.6292,0.830424,0.7819,0.8652,0.8897,0.9171,0.9344,0.9496,0.9673,0.9792,0.9895
220B,Swahili,layer_22,mean,5.8846,1.7856,0.819433,0.746,0.8454,0.8739,0.9055,0.9251,0.9422,0.9623,0.9758,0.9875
220B,Swahili,layer_23,mean,6.7517,1.8925,0.809508,0.7242,0.8315,0.862,0.8959,0.9172,0.9358,0.9576,0.9725,0.9857
220B,Swahili,layer_24,mean,9.1978,2.1828,0.809496,0.6729,0.7967,0.8323,0.8731,0.8985,0.9213,0.948,0.9662,0.9825
220B,Swahili,layer_25,mean,10.5397,2.339,0.809086,0.6493,0.7813,0.8191,0.8628,0.8902,0.9149,0.9439,0.9637,0.9812
220B,Swahili,layer_26,mean,14.0226,2.75,0.820063,0.5967,0.7468,0.7899,0.8407,0.8729,0.9026,0.937,0.9598,0.9794
220B,Swahili,layer_27,mean,18.8095,3.2898,0.822919,0.5426,0.7126,0.76,0.8168,0.8529,0.8865,0.9265,0.9533,0.9762
220B,Swahili,layer_28,mean,23.4804,4.1149,0.838633,0.4784,0.6872,0.7418,0.806,0.8456,0.8824,0.9257,0.9538,0.9769
220B,Swahili,layer_29,mean,22.7494,5.1396,0.850387,0.4049,0.7042,0.7681,0.8309,0.869,0.9029,0.9408,0.9636,0.9817
220B,Spanish,layer_0,last,257.8962,31.0459,1.265669,0.1446,0.2994,0.3475,0.4263,0.5067,0.6066,0.7567,0.8688,0.9555
220B,Spanish,layer_1,last,290.4144,24.5977,0.918857,0.1804,0.3093,0.3509,0.4172,0.4868,0.5754,0.7134,0.8234,0.9207
220B,Spanish,layer_2,last,25.2495,2.8306,0.835486,0.5921,0.6759,0.6961,0.7256,0.7556,0.794,0.8548,0.9053,0.9532
220B,Spanish,layer_3,last,16.547,2.2756,0.789265,0.6617,0.7273,0.7435,0.7668,0.7901,0.82,0.8686,0.9111,0.954
220B,Spanish,layer_4,last,13.5866,2.0834,0.761787,0.6919,0.7508,0.7656,0.7862,0.8065,0.8324,0.8753,0.9139,0.9543
220B,Spanish,layer_5,last,14.9753,2.1406,0.738998,0.6826,0.7395,0.7543,0.7753,0.7959,0.8221,0.8662,0.9064,0.9494
220B,Spanish,layer_6,last,16.6643,2.2216,0.727141,0.67,0.7274,0.7425,0.7639,0.7851,0.812,0.8577,0.9,0.9455
220B,Spanish,layer_7,last,20.6125,2.4115,0.707503,0.6428,0.7037,0.7194,0.7421,0.7648,0.7935,0.8424,0.8883,0.9382
220B,Spanish,layer_8,last,25.0899,2.6445,0.695803,0.6133,0.683,0.6999,0.7241,0.7478,0.7779,0.8296,0.8785,0.9321
220B,Spanish,layer_9,last,29.245,2.8123,0.682343,0.5945,0.6652,0.6828,0.7077,0.7318,0.7628,0.8168,0.8686,0.9259
220B,Spanish,layer_10,last,33.4792,3.0242,0.67031,0.5725,0.6515,0.6698,0.6953,0.7198,0.7516,0.8076,0.8612,0.9208
220B,Spanish,layer_11,last,37.9348,3.2065,0.650749,0.5555,0.6387,0.6577,0.6836,0.7081,0.7397,0.7957,0.8508,0.9135
220B,Spanish,layer_12,last,45.037,3.4819,0.637003,0.5325,0.6188,0.6382,0.6649,0.6902,0.723,0.7818,0.8395,0.9059
220B,Spanish,layer_13,last,55.6836,3.898,0.626083,0.5024,0.5934,0.6138,0.6424,0.6693,0.7038,0.7655,0.8266,0.8973
220B,Spanish,layer_14,last,62.0988,4.1869,0.617167,0.4836,0.5824,0.6034,0.6328,0.66,0.6947,0.7569,0.8192,0.8921
220B,Spanish,layer_15,last,72.4169,4.5572,0.612132,0.463,0.5626,0.5845,0.6152,0.644,0.6802,0.7452,0.8101,0.8862
220B,Spanish,layer_16,last,87.1837,5.1887,0.609477,0.4322,0.5395,0.5624,0.5953,0.6259,0.6646,0.7333,0.8013,0.8805
220B,Spanish,layer_17,last,94.5207,5.5173,0.608512,0.4185,0.527,0.5537,0.5883,0.6198,0.6595,0.7297,0.7986,0.8787
220B,Spanish,layer_18,last,76.6881,4.8595,0.610126,0.4479,0.5545,0.5815,0.6158,0.6464,0.6844,0.7501,0.814,0.8878
220B,Spanish,layer_19,last,75.2792,4.8811,0.608439,0.4464,0.5583,0.5858,0.6202,0.651,0.6888,0.7536,0.8165,0.8891
220B,Spanish,layer_20,last,80.6234,5.1283,0.60389,0.4351,0.5485,0.5783,0.6142,0.6462,0.685,0.7503,0.8135,0.8867
220B,Spanish,layer_21,last,95.2267,5.6955,0.596111,0.4122,0.5256,0.5577,0.596,0.6298,0.6704,0.7382,0.8036,0.8796
220B,Spanish,layer_22,last,111.4255,6.3332,0.591253,0.3904,0.5024,0.5373,0.5785,0.6145,0.6573,0.7272,0.7945,0.8733
220B,Spanish,layer_23,last,127.8463,6.9805,0.589673,0.3715,0.481,0.5175,0.5618,0.6005,0.6459,0.7187,0.7879,0.8688
220B,Spanish,layer_24,last,157.3103,8.2841,0.590386,0.3399,0.4481,0.487,0.5365,0.5798,0.6293,0.7068,0.7791,0.8631
220B,Spanish,layer_25,last,197.6352,10.1213,0.59481,0.3067,0.4096,0.4509,0.5064,0.5544,0.6089,0.6932,0.7698,0.8576
220B,Spanish,layer_26,last,257.8915,13.6556,0.602072,0.262,0.3638,0.4084,0.4719,0.526,0.5871,0.6796,0.7612,0.8528
220B,Spanish,layer_27,last,300.7521,16.9398,0.602266,0.2335,0.3371,0.3842,0.454,0.5125,0.5767,0.6725,0.7559,0.8491
220B,Spanish,layer_28,last,319.4598,22.5849,0.605846,0.1928,0.3328,0.3829,0.4592,0.5202,0.5838,0.6779,0.76,0.8518
220B,Spanish,layer_29,last,99.9081,8.4418,0.604245,0.3147,0.5249,0.5686,0.6264,0.6672,0.7095,0.7736,0.8307,0.8951
220B,Spanish,layer_0,mean,166.4834,26.062,1.096286,0.159,0.3516,0.4314,0.5391,0.6219,0.7104,0.8285,0.9073,0.9659
220B,Spanish,layer_1,mean,98.1208,14.1712,0.907941,0.2355,0.4486,0.5276,0.6313,0.7065,0.7811,0.8696,0.9236,0.965
220B,Spanish,layer_2,mean,6.6946,1.8002,0.829924,0.744,0.8231,0.8511,0.8839,0.9067,0.9283,0.9545,0.9715,0.9857
220B,Spanish,layer_3,mean,5.5892,1.6715,0.796054,0.7725,0.8412,0.8682,0.8995,0.9193,0.9371,0.959,0.9735,0.9862
220B,Spanish,layer_4,mean,5.2372,1.6253,0.779351,0.7835,0.8479,0.8741,0.9039,0.9229,0.9395,0.9598,0.9737,0.986
220B,Spanish,layer_5,mean,6.5402,1.7929,0.781235,0.7456,0.8178,0.8526,0.8917,0.9153,0.9348,0.9571,0.9719,0.985
220B,Spanish,layer_6,mean,6.8124,1.8079,0.771848,0.7424,0.815,0.8486,0.8864,0.9098,0.9296,0.953,0.969,0.9834
220B,Spanish,layer_7,mean,9.9655,2.1713,0.791335,0.6764,0.7672,0.8092,0.8599,0.8909,0.9171,0.9467,0.9656,0.9818
220B,Spanish,layer_8,mean,12.8053,2.4598,0.79589,0.6346,0.7362,0.7819,0.839,0.8752,0.9054,0.9394,0.9613,0.9796
220B,Spanish,layer_9,mean,12.2674,2.3558,0.785057,0.649,0.7446,0.7862,0.838,0.8721,0.9015,0.9361,0.9588,0.9782
220B,Spanish,layer_10,mean,13.9073,2.5257,0.787152,0.6262,0.7273,0.7723,0.8282,0.8655,0.8976,0.9341,0.9576,0.9776
220B,Spanish,layer_11,mean,15.3078,2.645,0.777916,0.6115,0.7173,0.7637,0.8201,0.8578,0.8904,0.9284,0.9537,0.9754
220B,Spanish,layer_12,mean,19.886,3.1442,0.787796,0.5588,0.6837,0.7362,0.8009,0.8441,0.8812,0.9235,0.951,0.9742
220B,Spanish,layer_13,mean,30.2886,4.293,0.800072,0.4741,0.6244,0.6855,0.7656,0.8193,0.865,0.9148,0.9462,0.9719
220B,Spanish,layer_14,mean,31.116,4.1888,0.78111,0.4808,0.6233,0.6839,0.7594,0.8107,0.8554,0.9061,0.9396,0.9679
220B,Spanish,layer_15,mean,34.49,4.5778,0.787038,0.4584,0.6089,0.6718,0.7511,0.8045,0.8514,0.9038,0.9384,0.9675
220B,Spanish,layer_16,mean,41.8635,5.2836,0.791463,0.4245,0.5803,0.6462,0.7302,0.7877,0.8385,0.8961,0.9339,0.9654
220B,Spanish,layer_17,mean,52.7253,6.6095,0.800736,0.3748,0.5447,0.6145,0.7078,0.771,0.8268,0.8899,0.9308,0.9642
220B,Spanish,layer_18,mean,62.545,8.032,0.808111,0.3342,0.5184,0.5913,0.6892,0.7573,0.8182,0.8859,0.9291,0.9636
220B,Spanish,layer_19,mean,65.8842,8.4796,0.80051,0.3233,0.5108,0.5848,0.6841,0.753,0.8147,0.8831,0.9266,0.9619
220B,Spanish,layer_20,mean,77.8549,10.2712,0.786124,0.2875,0.483,0.5613,0.666,0.7399,0.8052,0.8767,0.9213,0.9581
220B,Spanish,layer_21,mean,94.8746,12.7004,0.774974,0.2497,0.4558,0.5357,0.6447,0.7188,0.7866,0.8621,0.9104,0.9517
220B,Spanish,layer_22,mean,100.6759,13.1575,0.776156,0.2483,0.4421,0.5226,0.6334,0.7097,0.7805,0.8602,0.9101,0.9516
220B,Spanish,layer_23,mean,100.5064,13.2099,0.775607,0.2491,0.4396,0.5199,0.6327,0.7113,0.7831,0.8629,0.9119,0.9524
220B,Spanish,layer_24,mean,116.3107,15.5761,0.783548,0.2268,0.4084,0.4928,0.6098,0.6937,0.7705,0.857,0.9092,0.9514
220B,Spanish,layer_25,mean,128.2431,19.0914,0.793128,0.1961,0.3847,0.4727,0.5965,0.6864,0.7679,0.8582,0.9111,0.9528
220B,Spanish,layer_26,mean,145.8555,24.6155,0.813257,0.1627,0.3528,0.4435,0.5757,0.6728,0.7607,0.8578,0.9132,0.9551
220B,Spanish,layer_27,mean,158.7559,27.5793,0.807182,0.1468,0.3398,0.4326,0.5663,0.6635,0.751,0.8483,0.906,0.9512
220B,Spanish,layer_28,mean,151.4598,27.2181,0.810479,0.1448,0.3449,0.4453,0.5783,0.6734,0.758,0.8521,0.9085,0.9528
220B,Spanish,layer_29,mean,86.8181,12.7885,0.811394,0.2506,0.4519,0.5454,0.6598,0.7366,0.8043,0.8797,0.9257,0.9617
220B,German,layer_0,last,358.527,51.2293,1.268167,0.1218,0.2182,0.2746,0.3633,0.4526,0.5634,0.7296,0.8542,0.9515
220B,German,layer_1,last,372.0983,33.1628,0.917203,0.162,0.2528,0.3024,0.3791,0.4517,0.5444,0.6912,0.8097,0.9148
220B,German,layer_2,last,293.8813,18.2959,0.832106,0.227,0.3095,0.3541,0.4216,0.4834,0.5628,0.6914,0.799,0.9009
220B,German,layer_3,last,276.8333,15.0022,0.785979,0.2528,0.3287,0.3704,0.4332,0.4893,0.5609,0.6797,0.7837,0.888
220B,German,layer_4,last,244.499,12.4476,0.76028,0.279,0.3514,0.3933,0.4542,0.5066,0.5727,0.683,0.7815,0.8839
220B,German,layer_5,last,270.5286,13.492,0.737102,0.2678,0.3386,0.3801,0.4418,0.4946,0.5601,0.6701,0.7695,0.8751
220B,German,layer_6,last,272.2559,13.5242,0.727472,0.2673,0.3389,0.3803,0.441,0.4942,0.5598,0.6688,0.7675,0.8729
220B,German,layer_7,last,323.504,16.5539,0.710324,0.2402,0.315,0.3577,0.4194,0.4731,0.5402,0.6523,0.7542,0.8639
220B,German,layer_8,last,337.4337,18.0108,0.700878,0.2289,0.3109,0.3558,0.4182,0.4717,0.5383,0.65,0.7516,0.8613
220B,German,layer_9,last,371.5281,20.2332,0.68984,0.215,0.298,0.3431,0.4064,0.4594,0.5256,0.6384,0.7423,0.855
220B,German,layer_10,last,397.0338,21.9588,0.680063,0.2059,0.2889,0.3337,0.398,0.4512,0.5173,0.6313,0.7361,0.8502
220B,German,layer_11,last,447.5103,25.5018,0.663058,0.19,0.2728,0.3181,0.384,0.4369,0.5019,0.615,0.7214,0.8396
220B,German,layer_12,last,517.5264,33.018,0.65196,0.1641,0.2508,0.2981,0.3655,0.4193,0.4857,0.6012,0.7097,0.8313
220B,German,layer_13,last,575.5656,41.2767,0.642467,0.1435,0.2351,0.2833,0.3524,0.4078,0.4747,0.5906,0.7006,0.8245
220B,German,layer_14,last,596.1131,45.252,0.635217,0.1353,0.2302,0.2806,0.3507,0.4059,0.4724,0.5869,0.6964,0.8208
220B,German,layer_15,last,618.7864,50.002,0.631202,0.1266,0.2245,0.2756,0.346,0.4016,0.4686,0.5839,0.694,0.8187
220B,German,layer_16,last,606.4684,49.4981,0.629498,0.1264,0.2287,0.2799,0.35,0.4058,0.4728,0.588,0.6973,0.8204
220B,German,layer_17,last,503.3662,34.6641,0.629433,0.1572,0.2575,0.3099,0.3803,0.4343,0.4987,0.6092,0.7131,0.8295
220B,German,layer_18,last,259.825,13.1058,0.630971,0.2702,0.36,0.4084,0.4711,0.5187,0.5746,0.6691,0.7572,0.8556
220B,German,layer_19,last,197.8493,10.0081,0.630116,0.3108,0.4028,0.4479,0.5066,0.5522,0.6046,0.6926,0.7745,0.8657
220B,German,layer_20,last,183.4476,9.3556,0.624502,0.3217,0.4152,0.4594,0.5169,0.562,0.6133,0.6988,0.7784,0.8673
220B,German,layer_21,last,197.9179,10.0041,0.613421,0.3105,0.4063,0.4502,0.5082,0.5543,0.6061,0.6916,0.7714,0.8616
220B,German,layer_22,last,216.7616,10.8943,0.606971,0.2968,0.3938,0.4376,0.4966,0.5446,0.5976,0.6839,0.7645,0.8565
220B,German,layer_23,last,234.2624,11.7628,0.603229,0.285,0.383,0.4262,0.4856,0.5355,0.5899,0.6777,0.7593,0.8527
220B,German,layer_24,last,265.7703,13.7183,0.601016,0.2621,0.3639,0.4075,0.4692,0.522,0.5793,0.67,0.7532,0.8485
220B,German,layer_25,last,310.0507,16.651,0.604421,0.2363,0.3373,0.382,0.4465,0.5034,0.565,0.6607,0.7473,0.8451
220B,German,layer_26,last,375.7823,22.5069,0.609509,0.2,0.302,0.3501,0.4191,0.4811,0.5485,0.6506,0.7409,0.8415
220B,German,layer_27,last,414.2679,26.9692,0.606199,0.18,0.284,0.3355,0.4072,0.4712,0.5408,0.6449,0.7361,0.8377
220B,German,layer_28,last,419.8187,31.9498,0.60492,0.1575,0.2832,0.3404,0.4149,0.4785,0.5467,0.6483,0.738,0.8385
220B,German,layer_29,last,130.9565,9.8855,0.603918,0.2939,0.4839,0.5296,0.5881,0.6316,0.6781,0.7489,0.8122,0.8838
220B,German,layer_0,mean,161.06,19.7825,1.142032,0.204,0.3593,0.4319,0.5272,0.6071,0.697,0.8207,0.9051,0.9668
220B,German,layer_1,mean,104.6342,12.2696,0.923532,0.2658,0.4376,0.5144,0.6045,0.6775,0.7557,0.8528,0.9149,0.9622
220B,German,layer_2,mean,2.3452,1.2264,0.844447,0.9029,0.9283,0.9386,0.9501,0.9589,0.9682,0.9797,0.9875,0.9939
220B,German,layer_3,mean,2.0388,1.1787,0.806449,0.921,0.9412,0.9503,0.9601,0.9669,0.974,0.983,0.9891,0.9945
220B,German,layer_4,mean,1.977,1.1714,0.79013,0.9239,0.9444,0.954,0.9636,0.9698,0.9761,0.9841,0.9897,0.9947
220B,German,layer_5,mean,2.1565,1.2031,0.78998,0.9116,0.9356,0.9471,0.9597,0.9674,0.9747,0.9833,0.9891,0.9943
220B,German,layer_6,mean,2.1802,1.2044,0.780895,0.9111,0.9348,0.946,0.9581,0.9659,0.9732,0.9821,0.9883,0.9938
220B,German,layer_7,mean,2.5491,1.2649,0.796266,0.889,0.9183,0.9327,0.9496,0.96,0.9694,0.9802,0.9872,0.9933
220B,German,layer_8,mean,2.7974,1.3016,0.797755,0.8763,0.9087,0.9246,0.9436,0.9555,0.9659,0.978,0.9859,0.9926
220B,German,layer_9,mean,2.6867,1.2797,0.789015,0.8838,0.9128,0.9273,0.9443,0.9554,0.9656,0.9776,0.9855,0.9924
220B,German,layer_10,mean,2.8703,1.3085,0.789886,0.874,0.9062,0.922,0.9405,0.9528,0.9639,0.9766,0.9849,0.992
220B,German,layer_11,mean,2.9776,1.3223,0.78156,0.8694,0.9029,0.9191,0.9381,0.9506,0.9617,0.9749,0.9837,0.9914
220B,German,layer_12,mean,3.4365,1.3897,0.790197,0.8479,0.8879,0.9071,0.9296,0.9443,0.9575,0.9725,0.9823,0.9907
220B,German,layer_13,mean,4.6653,1.5554,0.800175,0.8012,0.8534,0.8796,0.9105,0.9303,0.9476,0.9667,0.9788,0.9889
220B,German,layer_14,mean,4.6122,1.5374,0.785917,0.8059,0.8551,0.8805,0.9094,0.9284,0.9454,0.9646,0.9771,0.9879
220B,German,layer_15,mean,5.0794,1.5982,0.791287,0.7903,0.8446,0.8722,0.9037,0.9241,0.9423,0.9628,0.9761,0.9874
220B,German,layer_16,mean,5.7661,1.6763,0.795145,0.7716,0.8303,0.8602,0.894,0.9162,0.9365,0.9592,0.9739,0.9863
220B,German,layer_17,mean,6.7118,1.7821,0.803689,0.7481,0.812,0.8446,0.8822,0.9075,0.93,0.9556,0.972,0.9855
220B,German,layer_18,mean,8.3544,1.9627,0.812025,0.7124,0.7845,0.8216,0.8652,0.8957,0.9222,0.9516,0.9697,0.9844
220B,German,layer_19,mean,9.3654,2.0685,0.805117,0.6937,0.7719,0.8111,0.8571,0.889,0.9171,0.948,0.9672,0.9829
220B,German,layer_20,mean,12.7806,2.4141,0.795959,0.6413,0.7299,0.7754,0.8324,0.8726,0.9062,0.9412,0.9624,0.9801
220B,German,layer_21,mean,18.321,2.8769,0.774941,0.5864,0.6869,0.7368,0.8004,0.8451,0.8838,0.9246,0.9504,0.9731
220B,German,layer_22,mean,26.8819,3.6415,0.771406,0.5193,0.6342,0.6914,0.7659,0.8185,0.8645,0.9128,0.9427,0.9688
220B,German,layer_23,mean,32.534,4.1829,0.768149,0.483,0.6074,0.6691,0.7485,0.8057,0.8555,0.9072,0.939,0.9666
220B,German,layer_24,mean,46.8906,5.5787,0.772676,0.415,0.5514,0.6183,0.7115,0.7783,0.8367,0.8961,0.9321,0.9629
220B,German,layer_25,mean,61.1423,7.439,0.781053,0.3545,0.5059,0.5807,0.6855,0.7614,0.8267,0.8919,0.9301,0.962
220B,German,layer_26,mean,85.1029,11.5804,0.799151,0.2739,0.446,0.5303,0.6502,0.7367,0.8117,0.8855,0.9278,0.9616
220B,German,layer_27,mean,101.722,14.6539,0.793501,0.2357,0.4197,0.5075,0.6313,0.7208,0.7973,0.8741,0.9198,0.9573
220B,German,layer_28,mean,116.0529,18.8206,0.794663,0.1963,0.3987,0.4908,0.6192,0.711,0.7892,0.8685,0.9167,0.9559
220B,German,layer_29,mean,120.881,24.748,0.7955,0.1429,0.3905,0.4945,0.629,0.7181,0.7933,0.8712,0.919,0.9571
220B,Hindi,layer_0,last,104.7359,31.7962,1.743965,0.1376,0.2903,0.4087,0.5955,0.7256,0.8374,0.9442,0.9877,0.9991
220B,Hindi,layer_1,last,171.0096,32.8312,1.16352,0.1492,0.2711,0.3664,0.5107,0.6317,0.7472,0.8686,0.9334,0.9756
220B,Hindi,layer_2,last,8.7893,1.9369,1.065697,0.7178,0.7656,0.7966,0.8399,0.8768,0.912,0.9499,0.972,0.9884
220B,Hindi,layer_3,last,5.5883,1.6029,1.012612,0.7895,0.824,0.8463,0.8767,0.9029,0.9284,0.9569,0.9749,0.989
220B,Hindi,layer_4,last,4.4213,1.4711,0.98166,0.8243,0.853,0.8709,0.8946,0.9158,0.9368,0.9611,0.9768,0.9896
220B,Hindi,layer_5,last,4.3959,1.4604,0.948617,0.8273,0.8547,0.8714,0.8938,0.9139,0.9343,0.9588,0.975,0.9884
220B,Hindi,layer_6,last,4.5093,1.4672,0.925983,0.8254,0.8526,0.8686,0.8906,0.9105,0.931,0.9563,0.9732,0.9874
220B,Hindi,layer_7,last,4.899,1.4955,0.891475,0.8175,0.8437,0.8592,0.8811,0.9015,0.9231,0.9504,0.9691,0.9851
220B,Hindi,layer_8,last,5.3307,1.5293,0.860958,0.8084,0.8349,0.8507,0.873,0.8939,0.9162,0.9449,0.9651,0.9827
220B,Hindi,layer_9,last,5.7818,1.563,0.832061,0.7997,0.8266,0.8423,0.8651,0.8863,0.9093,0.9394,0.961,0.9802
220B,Hindi,layer_10,last,6.3216,1.6026,0.806922,0.7897,0.8177,0.8337,0.8567,0.8781,0.9019,0.9335,0.9565,0.9774
220B,Hindi,layer_11,last,6.8423,1.6381,0.779934,0.7811,0.81,0.8265,0.8496,0.8712,0.895,0.9273,0.9515,0.9742
220B,Hindi,layer_12,last,7.5478,1.6843,0.758299,0.7703,0.7997,0.8166,0.84,0.8618,0.8865,0.9204,0.9462,0.9709
220B,Hindi,layer_13,last,8.5563,1.7507,0.738813,0.7555,0.7868,0.8045,0.8286,0.8508,0.8762,0.9119,0.9398,0.9669
220B,Hindi,layer_14,last,9.2157,1.796,0.723126,0.7459,0.7797,0.7982,0.8229,0.8455,0.8711,0.9073,0.936,0.9643
220B,Hindi,layer_15,last,10.2169,1.8614,0.711952,0.7326,0.7688,0.7881,0.8139,0.8372,0.8637,0.9014,0.9315,0.9614
220B,Hindi,layer_16,last,11.9414,1.9707,0.703777,0.7119,0.7513,0.7716,0.7996,0.8248,0.8533,0.8935,0.9256,0.9577
220B,Hindi,layer_17,last,13.6746,2.0806,0.698252,0.6927,0.735,0.7572,0.7884,0.8154,0.8455,0.8878,0.9213,0.955
220B,Hindi,layer_18,last,14.6729,2.1613,0.695668,0.6795,0.7279,0.7534,0.7856,0.8132,0.8436,0.8864,0.9202,0.9543
220B,Hindi,layer_19,last,16.6394,2.2969,0.690659,0.6589,0.7147,0.7421,0.7765,0.8057,0.8375,0.8818,0.9167,0.952
220B,Hindi,layer_20,last,18.6459,2.4156,0.680143,0.6424,0.7023,0.731,0.7669,0.7972,0.8299,0.8757,0.9118,0.9486
220B,Hindi,layer_21,last,21.6479,2.5773,0.668571,0.6217,0.6851,0.7153,0.7531,0.7848,0.8189,0.8666,0.9046,0.9438
220B,Hindi,layer_22,last,24.7364,2.7436,0.660467,0.6023,0.6696,0.7013,0.7413,0.7741,0.8092,0.8586,0.8984,0.9397
220B,Hindi,layer_23,last,27.9965,2.9127,0.654104,0.5843,0.6547,0.688,0.7298,0.7639,0.8001,0.8512,0.8927,0.936
220B,Hindi,layer_24,last,34.0115,3.2171,0.646291,0.5555,0.6321,0.6662,0.7111,0.7471,0.7854,0.8394,0.8836,0.93
220B,Hindi,layer_25,last,41.3158,3.5534,0.642547,0.5281,0.6083,0.6429,0.6904,0.7284,0.7689,0.8266,0.8741,0.9242
220B,Hindi,layer_26,last,56.5337,4.2302,0.639641,0.4832,0.5682,0.6045,0.656,0.6973,0.7419,0.806,0.859,0.915
220B,Hindi,layer_27,last,72.2511,4.9159,0.629506,0.4473,0.538,0.5757,0.6297,0.6731,0.7195,0.7874,0.8443,0.9055
220B,Hindi,layer_28,last,109.8104,7.175,0.622188,0.364,0.4879,0.5308,0.5912,0.638,0.6873,0.7613,0.8242,0.8926
220B,Hindi,layer_29,last,32.512,4.1707,0.617953,0.4596,0.6857,0.7092,0.7446,0.7724,0.8025,0.8483,0.8877,0.931
220B,Hindi,layer_0,mean,83.4714,22.0881,1.423273,0.1664,0.3806,0.4871,0.6505,0.7645,0.8567,0.9419,0.9787,0.9951
220B,Hindi,layer_1,mean,74.7455,14.8981,1.054898,0.2293,0.4231,0.523,0.6683,0.7746,0.8545,0.9287,0.9647,0.9862
220B,Hindi,layer_2,mean,5.4248,1.6988,0.971361,0.7661,0.834,0.8619,0.9008,0.9293,0.9516,0.9742,0.9861,0.994
220B,Hindi,layer_3,mean,3.8047,1.4624,0.930852,0.8264,0.8746,0.895,0.923,0.9436,0.9603,0.978,0.9877,0.9945
220B,Hindi,layer_4,mean,3.2363,1.3775,0.909109,0.8517,0.8927,0.9102,0.9333,0.9504,0.9645,0.98,0.9886,0.9948
220B,Hindi,layer_5,mean,3.2998,1.3837,0.896264,0.8498,0.8898,0.9087,0.9318,0.9487,0.9632,0.9791,0.988,0.9944
220B,Hindi,layer_6,mean,3.3783,1.3942,0.886561,0.8466,0.8875,0.9071,0.9303,0.9474,0.962,0.9782,0.9874,0.994
220B,Hindi,layer_7,mean,3.8182,1.4561,0.889156,0.8283,0.8731,0.896,0.9222,0.9417,0.9582,0.9762,0.9864,0.9936
220B,Hindi,layer_8,mean,4.2064,1.503,0.877678,0.8152,0.8617,0.8869,0.9148,0.9355,0.9537,0.9733,0.9846,0.9926
220B,Hindi,layer_9,mean,4.2328,1.5011,0.863842,0.8157,0.8614,0.8863,0.9135,0.9339,0.952,0.9719,0.9835,0.992
220B,Hindi,layer_10,mean,4.631,1.5515,0.856029,0.8023,0.8511,0.8781,0.9072,0.9292,0.9487,0.9698,0.9821,0.9912
220B,Hindi,layer_11,mean,5.1267,1.605,0.842696,0.7887,0.8405,0.869,0.8992,0.9221,0.9426,0.9656,0.9793,0.9897
220B,Hindi,layer_12,mean,6.2009,1.7313,0.84391,0.7592,0.818,0.8508,0.8856,0.9118,0.9354,0.9613,0.9768,0.9885
220B,Hindi,layer_13,mean,8.4883,1.9851,0.843066,0.7084,0.781,0.8207,0.8635,0.8942,0.9223,0.9533,0.972,0.9861
220B,Hindi,layer_14,mean,8.5091,1.9567,0.820811,0.7137,0.7823,0.8201,0.8603,0.8899,0.9174,0.9488,0.9685,0.984
220B,Hindi,layer_15,mean,9.5026,2.0712,0.822053,0.6934,0.7686,0.8099,0.8541,0.8854,0.9144,0.9471,0.9674,0.9835
220B,Hindi,layer_16,mean,11.2684,2.2403,0.820494,0.6663,0.7474,0.7921,0.8405,0.8744,0.906,0.9416,0.9639,0.9817
220B,Hindi,layer_17,mean,13.0601,2.402,0.822806,0.6432,0.7281,0.7745,0.827,0.8639,0.8985,0.9374,0.9615,0.9805
220B,Hindi,layer_18,mean,15.4327,2.6352,0.824964,0.6134,0.7073,0.7571,0.8143,0.8544,0.8913,0.9331,0.9589,0.9792
220B,Hindi,layer_19,mean,17.4626,2.8125,0.81571,0.5933,0.6917,0.7437,0.8044,0.8461,0.8843,0.928,0.9553,0.9771
220B,Hindi,layer_20,mean,23.4997,3.2732,0.78465,0.5489,0.6578,0.7129,0.7779,0.8223,0.8628,0.9106,0.9422,0.9694
220B,Hindi,layer_21,mean,32.1049,3.9288,0.764513,0.4992,0.6207,0.6801,0.7499,0.797,0.8398,0.8916,0.928,0.9612
220B,Hindi,layer_22,mean,39.4304,4.5698,0.752725,0.461,0.5933,0.6571,0.7321,0.7824,0.828,0.8831,0.9217,0.9572
220B,Hindi,layer_23,mean,43.6495,4.9432,0.746482,0.4422,0.5783,0.6439,0.7223,0.7751,0.8227,0.8795,0.9191,0.9554
220B,Hindi,layer_24,mean,55.3857,5.9849,0.742961,0.3993,0.5447,0.6142,0.6982,0.7553,0.8069,0.8688,0.9117,0.9511
220B,Hindi,layer_25,mean,66.4938,7.3279,0.747201,0.3572,0.5151,0.5892,0.6813,0.7439,0.8,0.8657,0.9101,0.9503
220B,Hindi,layer_26,mean,88.7378,10.6307,0.761665,0.2882,0.464,0.5472,0.6507,0.7229,0.7871,0.8604,0.9081,0.9499
220B,Hindi,layer_27,mean,109.3365,13.164,0.753026,0.2543,0.4315,0.5172,0.6258,0.7005,0.7674,0.8451,0.8972,0.9436
220B,Hindi,layer_28,mean,127.7698,16.6612,0.745562,0.216,0.4057,0.4982,0.6109,0.6861,0.7542,0.835,0.8901,0.9394
220B,Hindi,layer_29,mean,32.6865,4.9324,0.745942,0.4319,0.6435,0.7061,0.7703,0.8129,0.853,0.9015,0.9344,0.9637
220B,Arabic,layer_0,last,270.8242,44.3202,1.468612,0.1247,0.2487,0.3032,0.4039,0.5067,0.6244,0.7853,0.8956,0.9719
220B,Arabic,layer_1,last,292.0959,34.1733,1.053836,0.153,0.2676,0.3189,0.4058,0.4966,0.6038,0.7549,0.8614,0.9454
220B,Arabic,layer_2,last,65.7334,5.3308,0.962387,0.4291,0.5248,0.5633,0.618,0.6747,0.7411,0.8343,0.9007,0.9562
220B,Arabic,layer_3,last,41.4645,3.8027,0.913008,0.5103,0.5926,0.6261,0.6729,0.7191,0.7731,0.8504,0.9071,0.9565
220B,Arabic,layer_4,last,30.8808,3.1911,0.884124,0.5579,0.6334,0.6637,0.7063,0.7469,0.7942,0.8622,0.9126,0.9577
220B,Arabic,layer_5,last,32.6173,3.246,0.85993,0.5532,0.6249,0.6567,0.7002,0.7411,0.7889,0.8573,0.9082,0.9545
220B,Arabic,layer_6,last,35.3948,3.3938,0.845615,0.5409,0.6129,0.6481,0.6937,0.7355,0.7839,0.8529,0.9047,0.9522
220B,Arabic,layer_7,last,41.3777,3.6568,0.825163,0.521,0.5922,0.6283,0.6762,0.7196,0.7699,0.8418,0.8964,0.947
220B,Arabic,layer_8,last,49.3364,4.0443,0.808621,0.4949,0.5686,0.6069,0.6584,0.7032,0.7556,0.8307,0.888,0.942
220B,Arabic,layer_9,last,56.3882,4.3558,0.793291,0.4767,0.551,0.5905,0.644,0.6897,0.7437,0.8211,0.8806,0.9373
220B,Arabic,layer_10,last,62.5792,4.6466,0.780144,0.4611,0.5385,0.5791,0.634,0.6799,0.7341,0.8133,0.8746,0.9334
220B,Arabic,layer_11,last,69.1635,4.9056,0.760028,0.4486,0.5265,0.5687,0.6245,0.6703,0.7239,0.803,0.8657,0.9275
220B,Arabic,layer_12,last,78.5267,5.36,0.746656,0.4285,0.511,0.5546,0.6121,0.6584,0.7128,0.7941,0.8586,0.9228
220B,Arabic,layer_13,last,92.4589,6.0186,0.734637,0.4037,0.4892,0.5354,0.5955,0.6431,0.6982,0.7814,0.8488,0.9167
220B,Arabic,layer_14,last,101.3289,6.5396,0.725024,0.3865,0.4767,0.526,0.5886,0.6367,0.6923,0.7759,0.844,0.9132
220B,Arabic,layer_15,last,113.0309,7.1901,0.718383,0.3678,0.4623,0.5135,0.5776,0.627,0.6834,0.7685,0.8383,0.9095
220B,Arabic,layer_16,last,130.7107,8.349,0.714669,0.3397,0.4406,0.4963,0.5631,0.6143,0.6728,0.7611,0.8332,0.9063
220B,Arabic,layer_17,last,139.325,9.0681,0.711199,0.3248,0.4318,0.4884,0.5585,0.6113,0.6704,0.7595,0.8317,0.905
220B,Arabic,layer_18,last,113.1504,7.7527,0.712124,0.3525,0.4586,0.5177,0.5892,0.6394,0.6947,0.7774,0.8443,0.9121
220B,Arabic,layer_19,last,106.5088,7.4783,0.710229,0.359,0.4686,0.5276,0.5985,0.6481,0.7023,0.7831,0.8481,0.9141
220B,Arabic,layer_20,last,108.3281,7.6319,0.699067,0.3549,0.4681,0.5277,0.599,0.6484,0.7018,0.7814,0.846,0.912
220B,Arabic,layer_21,last,117.1621,8.1395,0.684853,0.343,0.4592,0.519,0.5916,0.6415,0.6949,0.7744,0.8396,0.9071
220B,Arabic,layer_22,last,123.858,8.5495,0.676457,0.334,0.4534,0.513,0.5862,0.6366,0.6901,0.7693,0.8349,0.9038
220B,Arabic,layer_23,last,132.7856,9.0884,0.66973,0.3232,0.4448,0.5046,0.578,0.6292,0.6834,0.7635,0.8302,0.9005
220B,Arabic,layer_24,last,147.3347,10.1061,0.664824,0.305,0.4295,0.4904,0.5658,0.619,0.6747,0.7566,0.8248,0.8968
220B,Arabic,layer_25,last,167.4693,11.4488,0.665667,0.2854,0.4086,0.4702,0.5483,0.6043,0.6624,0.7479,0.8189,0.8935
220B,Arabic,layer_26,last,200.4207,14.1502,0.668376,0.2542,0.378,0.4418,0.5248,0.5846,0.6467,0.7371,0.8117,0.8896
220B,Arabic,layer_27,last,229.0942,16.737,0.659853,0.2314,0.3553,0.4211,0.5091,0.5713,0.6351,0.7269,0.8031,0.8834
220B,Arabic,layer_28,last,252.5211,22.2614,0.655328,0.189,0.3428,0.4161,0.5069,0.5694,0.633,0.7237,0.7998,0.8808
220B,Arabic,layer_29,last,50.1506,5.4985,0.652974,0.4047,0.6108,0.6574,0.7124,0.7478,0.7844,0.8369,0.8811,0.9288
220B,Arabic,layer_0,mean,110.2203,22.1787,1.25771,0.159,0.4003,0.4977,0.6128,0.6975,0.7834,0.8842,0.9438,0.9827
220B,Arabic,layer_1,mean,74.9066,13.0731,1.007981,0.2402,0.4755,0.5732,0.6768,0.7508,0.8218,0.8999,0.9457,0.9779
220B,Arabic,layer_2,mean,3.8555,1.4907,0.924156,0.8182,0.8813,0.9061,0.9286,0.9445,0.9595,0.976,0.9861,0.9937
220B,Arabic,layer_3,mean,2.8925,1.341,0.883875,0.8631,0.9095,0.9291,0.9468,0.9585,0.9694,0.9814,0.9889,0.9947
220B,Arabic,layer_4,mean,2.6499,1.3026,0.863118,0.8758,0.9181,0.9365,0.9528,0.963,0.9726,0.9832,0.9897,0.995
220B,Arabic,layer_5,mean,2.8273,1.3336,0.858069,0.8655,0.9104,0.9312,0.95,0.9613,0.9716,0.9827,0.9894,0.9948
220B,Arabic,layer_6,mean,2.8792,1.3405,0.849446,0.8633,0.9085,0.9292,0.9489,0.9603,0.9707,0.9819,0.9889,0.9945
220B,Arabic,layer_7,mean,3.2109,1.397,0.854967,0.8455,0.8963,0.9211,0.9434,0.9568,0.9685,0.9809,0.9883,0.9942
220B,Arabic,layer_8,mean,3.5697,1.4532,0.852567,0.8288,0.8858,0.9126,0.9372,0.9521,0.9649,0.9787,0.987,0.9935
220B,Arabic,layer_9,mean,3.4467,1.4296,0.840992,0.8357,0.8902,0.9151,0.9381,0.9522,0.9646,0.9782,0.9865,0.9932
220B,Arabic,layer_10,mean,3.6009,1.453,0.83996,0.8289,0.8857,0.9111,0.9353,0.9503,0.9634,0.9776,0.9862,0.993
220B,Arabic,layer_11,mean,3.7716,1.4738,0.829274,0.823,0.8813,0.9069,0.9319,0.9472,0.9607,0.9756,0.9847,0.9922
220B,Arabic,layer_12,mean,4.2618,1.5449,0.83503,0.8036,0.8679,0.8957,0.9242,0.9417,0.9568,0.9734,0.9835,0.9916
220B,Arabic,layer_13,mean,5.5168,1.7169,0.841098,0.7618,0.8387,0.8718,0.9077,0.9297,0.9482,0.9684,0.9805,0.9902
220B,Arabic,layer_14,mean,5.5866,1.7191,0.824689,0.7613,0.8392,0.8716,0.9061,0.9274,0.9457,0.9659,0.9787,0.9891
220B,Arabic,layer_15,mean,6.0224,1.781,0.827828,0.7477,0.8314,0.8651,0.9017,0.9243,0.9436,0.9647,0.9779,0.9887
220B,Arabic,layer_16,mean,7.4446,1.9603,0.831421,0.7119,0.8077,0.8452,0.8867,0.9127,0.935,0.9594,0.9748,0.9872
220B,Arabic,layer_17,mean,9.9141,2.2787,0.837768,0.6587,0.7758,0.8187,0.8672,0.898,0.9241,0.9531,0.9711,0.9854
220B,Arabic,layer_18,mean,12.7652,2.6313,0.844098,0.6112,0.7448,0.7933,0.8485,0.8838,0.9144,0.9476,0.968,0.9839
220B,Arabic,layer_19,mean,16.032,3.0521,0.838819,0.5649,0.7179,0.7709,0.8322,0.8713,0.9051,0.9416,0.9641,0.9819
220B,Arabic,layer_20,mean,21.7791,3.7636,0.818945,0.5047,0.6772,0.74,0.8084,0.8531,0.8915,0.9321,0.9571,0.9777
220B,Arabic,layer_21,mean,31.2408,4.9765,0.800987,0.4319,0.6346,0.7038,0.7797,0.8283,0.8704,0.9161,0.9457,0.9714
220B,Arabic,layer_22,mean,41.1374,6.3812,0.795564,0.3733,0.5932,0.6703,0.754,0.8083,0.8553,0.9066,0.9397,0.968
220B,Arabic,layer_23,mean,47.3142,7.3011,0.79187,0.3453,0.5684,0.6502,0.7407,0.7987,0.8487,0.9028,0.9371,0.9665
220B,Arabic,layer_24,mean,60.6422,9.1387,0.797858,0.3042,0.5208,0.6103,0.71,0.7765,0.8342,0.8949,0.9324,0.9642
220B,Arabic,layer_25,mean,70.3198,10.9176,0.806612,0.2745,0.489,0.5833,0.6917,0.7655,0.8289,0.8937,0.9326,0.9645
220B,Arabic,layer_26,mean,84.5646,14.2309,0.826188,0.2321,0.4489,0.5489,0.6686,0.7504,0.8207,0.8921,0.9332,0.9656
220B,Arabic,layer_27,mean,95.4527,16.1819,0.818513,0.2132,0.4283,0.532,0.654,0.7374,0.8089,0.8826,0.9266,0.962
220B,Arabic,layer_28,mean,95.2714,16.9775,0.816649,0.201,0.4297,0.5376,0.6586,0.7399,0.8097,0.8826,0.9267,0.9621
220B,Arabic,layer_29,mean,35.8444,6.3876,0.815206,0.3696,0.6143,0.6961,0.7778,0.8299,0.8741,0.9219,0.9513,0.9747
220B,Turkish,layer_0,last,268.0957,42.8285,1.457557,0.1279,0.2586,0.3251,0.4275,0.5194,0.6245,0.7765,0.8871,0.9672
220B,Turkish,layer_1,last,295.7253,34.7581,1.057596,0.1507,0.2712,0.3307,0.4247,0.5075,0.6028,0.7429,0.8499,0.9392
220B,Turkish,layer_2,last,128.9036,9.5689,0.966213,0.3161,0.4249,0.4763,0.55,0.6121,0.6827,0.7869,0.8685,0.9411
220B,Turkish,layer_3,last,92.9041,6.5121,0.919296,0.3877,0.478,0.5225,0.5879,0.6416,0.7031,0.7947,0.8686,0.9382
220B,Turkish,layer_4,last,69.7027,5.1489,0.894318,0.4374,0.5231,0.5628,0.6231,0.6709,0.7258,0.8074,0.8744,0.9393
220B,Turkish,layer_5,last,67.9062,4.977,0.872107,0.4451,0.5287,0.5672,0.6253,0.6718,0.7253,0.8052,0.8712,0.9367
220B,Turkish,layer_6,last,74.641,5.3757,0.86151,0.4277,0.5161,0.5574,0.6169,0.6648,0.7196,0.8008,0.8679,0.9345
220B,Turkish,layer_7,last,93.5989,6.2665,0.835674,0.3955,0.4834,0.5285,0.5902,0.6406,0.6978,0.784,0.8554,0.9269
220B,Turkish,layer_8,last,113.2858,7.2863,0.818656,0.3657,0.4571,0.503,0.5675,0.6203,0.6802,0.7705,0.8455,0.9208
220B,Turkish,layer_9,last,128.2061,8.0371,0.801391,0.3474,0.4408,0.4872,0.553,0.6066,0.6674,0.7597,0.8372,0.9155
220B,Turkish,layer_10,last,141.6622,8.7224,0.788548,0.3329,0.4267,0.4746,0.5408,0.5955,0.657,0.7512,0.8305,0.9112
220B,Turkish,layer_11,last,163.3573,9.9704,0.767442,0.3099,0.4089,0.4583,0.5263,0.5815,0.6429,0.7375,0.8189,0.9035
220B,Turkish,layer_12,last,191.9242,11.5758,0.751681,0.2865,0.3862,0.4363,0.5058,0.5625,0.6256,0.7236,0.8082,0.8964
220B,Turkish,layer_13,last,223.4226,13.7658,0.738288,0.2607,0.3645,0.4155,0.4874,0.5459,0.6112,0.7114,0.7984,0.8899
220B,Turkish,layer_14,last,238.7305,15.0484,0.724925,0.2477,0.3573,0.4094,0.4811,0.54,0.6053,0.7053,0.7927,0.8854
220B,Turkish,layer_15,last,258.9453,17.0427,0.716054,0.2299,0.346,0.3999,0.4724,0.5319,0.598,0.6993,0.7877,0.8818
220B,Turkish,layer_16,last,273.0655,18.959,0.710146,0.215,0.3388,0.3933,0.4667,0.528,0.5953,0.6976,0.7864,0.8803
220B,Turkish,layer_17,last,257.1815,18.3232,0.706411,0.2174,0.3485,0.4025,0.478,0.5395,0.6062,0.7062,0.7921,0.8829
220B,Turkish,layer_18,last,162.6826,10.6425,0.705729,0.2959,0.4181,0.4702,0.5385,0.594,0.6531,0.7415,0.8171,0.8968
220B,Turkish,layer_19,last,136.9327,9.258,0.702862,0.3181,0.4456,0.4957,0.5625,0.6161,0.673,0.7567,0.8277,0.9024
220B,Turkish,layer_20,last,134.8987,9.3577,0.691875,0.3147,0.4517,0.5012,0.567,0.6204,0.6762,0.7581,0.8277,0.9014
220B,Turkish,layer_21,last,144.6425,10.0378,0.674938,0.3016,0.4449,0.494,0.5599,0.614,0.6699,0.7515,0.821,0.8959
220B,Turkish,layer_22,last,151.9971,10.6926,0.666422,0.2894,0.4398,0.4882,0.555,0.6098,0.6661,0.7476,0.8171,0.8927
220B,Turkish,layer_23,last,159.2807,11.3273,0.660211,0.2787,0.434,0.4821,0.5493,0.6056,0.6628,0.7446,0.8143,0.8903
220B,Turkish,layer_24,last,173.7825,12.7526,0.652939,0.2567,0.4235,0.4713,0.5396,0.5972,0.6556,0.7386,0.8091,0.8866
220B,Turkish,layer_25,last,191.5994,14.3984,0.654751,0.2376,0.4064,0.4553,0.5265,0.5868,0.6478,0.734,0.8063,0.885
220B,Turkish,layer_26,last,218.3114,17.3331,0.658336,0.2097,0.383,0.4354,0.5095,0.5731,0.6378,0.7282,0.803,0.8832
220B,Turkish,layer_27,last,242.584,20.1466,0.653634,0.1897,0.3643,0.4187,0.4972,0.5635,0.6303,0.7225,0.7982,0.8796
220B,Turkish,layer_28,last,256.7252,25.3661,0.658836,0.1543,0.3548,0.4143,0.4998,0.5673,0.6348,0.7266,0.8018,0.882
220B,Turkish,layer_29,last,64.6993,6.9182,0.663846,0.3548,0.5781,0.6277,0.6857,0.7278,0.7701,0.8281,0.8756,0.926
220B,Turkish,layer_0,mean,162.0217,26.8828,1.165337,0.1562,0.3448,0.4346,0.5417,0.6272,0.7178,0.837,0.915,0.971
220B,Turkish,layer_1,mean,94.9614,12.4707,0.948488,0.2619,0.4412,0.5335,0.6294,0.7021,0.7764,0.8678,0.9249,0.9674
220B,Turkish,layer_2,mean,2.8253,1.3121,0.868537,0.8727,0.9118,0.9268,0.9421,0.9532,0.9642,0.9777,0.9865,0.9936
220B,Turkish,layer_3,mean,2.2954,1.2262,0.827093,0.9029,0.9306,0.9425,0.9549,0.9635,0.9717,0.9819,0.9887,0.9943
220B,Turkish,layer_4,mean,2.1579,1.2045,0.807249,0.911,0.9356,0.948,0.9597,0.9673,0.9745,0.9835,0.9894,0.9946
220B,Turkish,layer_5,mean,2.3317,1.2327,0.804981,0.9005,0.9261,0.9413,0.9557,0.9647,0.973,0.9826,0.9889,0.9942
220B,Turkish,layer_6,mean,2.344,1.2324,0.796773,0.9007,0.9258,0.9405,0.9546,0.9636,0.9719,0.9817,0.9882,0.9939
220B,Turkish,layer_7,mean,2.7072,1.2895,0.810782,0.8804,0.9096,0.9275,0.9463,0.9578,0.9681,0.9798,0.9872,0.9934
220B,Turkish,layer_8,mean,3.0388,1.337,0.811529,0.8646,0.897,0.917,0.9388,0.9521,0.9637,0.9771,0.9855,0.9925
220B,Turkish,layer_9,mean,3.0449,1.3333,0.803608,0.8658,0.8976,0.9165,0.9372,0.9503,0.962,0.9758,0.9846,0.992
220B,Turkish,layer_10,mean,3.2364,1.3614,0.803458,0.8568,0.8909,0.911,0.9334,0.9479,0.9604,0.9749,0.9841,0.9917
220B,Turkish,layer_11,mean,3.4141,1.3838,0.795488,0.8498,0.8859,0.9067,0.9297,0.9446,0.9575,0.9727,0.9825,0.9908
220B,Turkish,layer_12,mean,3.9531,1.4569,0.803894,0.8281,0.8699,0.8933,0.9198,0.9375,0.9527,0.97,0.981,0.9901
220B,Turkish,layer_13,mean,5.2377,1.62,0.813587,0.785,0.8373,0.8663,0.9009,0.9237,0.9429,0.9643,0.9776,0.9884
220B,Turkish,layer_14,mean,5.533,1.6437,0.798507,0.7793,0.8324,0.8617,0.8957,0.9184,0.9378,0.9602,0.9747,0.9867
220B,Turkish,layer_15,mean,6.0598,1.7062,0.802852,0.7648,0.8219,0.8529,0.8896,0.9138,0.9346,0.9583,0.9735,0.9862
220B,Turkish,layer_16,mean,7.447,1.858,0.806937,0.7325,0.7982,0.8336,0.8743,0.9016,0.9255,0.9526,0.9701,0.9845
220B,Turkish,layer_17,mean,9.2345,2.0494,0.815758,0.697,0.7726,0.8123,0.8583,0.8892,0.9162,0.9472,0.9672,0.9832
220B,Turkish,layer_18,mean,11.6178,2.2892,0.821681,0.6589,0.7435,0.788,0.8399,0.8753,0.9061,0.9415,0.9639,0.9816
220B,Turkish,layer_19,mean,13.9107,2.5392,0.816979,0.6248,0.7213,0.7716,0.8284,0.8665,0.8996,0.9372,0.961,0.98
220B,Turkish,layer_20,mean,17.9379,2.9115,0.797857,0.5824,0.6886,0.7424,0.8068,0.8501,0.8872,0.9286,0.9546,0.976
220B,Turkish,layer_21,mean,24.613,3.4453,0.776658,0.534,0.6502,0.7078,0.7772,0.8243,0.8652,0.9119,0.9423,0.9689
220B,Turkish,layer_22,mean,33.3999,4.2531,0.773213,0.4784,0.6058,0.6705,0.7496,0.803,0.8492,0.9022,0.9362,0.9655
220B,Turkish,layer_23,mean,40.2989,4.9222,0.770855,0.443,0.5777,0.6458,0.732,0.7901,0.8398,0.8963,0.9324,0.9633
220B,Turkish,layer_24,mean,58.9065,6.6171,0.776379,0.379,0.5164,0.5914,0.6881,0.7556,0.8148,0.8813,0.923,0.9585
220B,Turkish,layer_25,mean,74.7509,8.7468,0.785286,0.3252,0.4731,0.5542,0.6632,0.7396,0.8061,0.878,0.9217,0.958
220B,Turkish,layer_26,mean,97.4928,12.8778,0.805659,0.2597,0.4222,0.5119,0.6332,0.7186,0.794,0.8744,0.9215,0.9588
220B,Turkish,layer_27,mean,120.4283,18.0605,0.800219,0.2083,0.3868,0.4832,0.6126,0.7022,0.7798,0.8629,0.9132,0.9544
220B,Turkish,layer_28,mean,123.4744,23.1684,0.806921,0.1581,0.3825,0.4885,0.6212,0.7102,0.7859,0.867,0.9165,0.9566
220B,Turkish,layer_29,mean,62.1213,9.9834,0.811428,0.2874,0.5079,0.6042,0.712,0.7819,0.8392,0.9007,0.9381,0.9678
220B,Vietnamese,layer_0,last,108.6865,43.3171,1.865553,0.0895,0.2663,0.3818,0.5722,0.7162,0.8454,0.9635,0.9962,0.9997
220B,Vietnamese,layer_1,last,162.6812,55.9958,1.727318,0.0819,0.226,0.3338,0.508,0.643,0.771,0.908,0.9691,0.995
220B,Vietnamese,layer_2,last,175.2524,54.4598,1.632715,0.0906,0.2253,0.3296,0.4978,0.6294,0.7536,0.8911,0.9589,0.9922
220B,Vietnamese,layer_3,last,178.2865,51.6274,1.581481,0.0968,0.2328,0.3354,0.498,0.6254,0.7464,0.8829,0.954,0.9907
220B,Vietnamese,layer_4,last,174.8887,48.0865,1.546373,0.1046,0.2393,0.3444,0.5052,0.6294,0.7471,0.881,0.9523,0.99
220B,Vietnamese,layer_5,last,175.9967,49.5309,1.50199,0.0993,0.2397,0.346,0.5071,0.6306,0.7471,0.8799,0.9511,0.9894
220B,Vietnamese,layer_6,last,178.0112,53.3153,1.477767,0.0872,0.2349,0.3449,0.5081,0.6318,0.7477,0.88,0.951,0.9892
220B,Vietnamese,layer_7,last,190.2072,60.7885,1.454532,0.0738,0.2189,0.3278,0.495,0.6225,0.7408,0.8757,0.9483,0.9881
220B,Vietnamese,layer_8,last,180.7106,57.2453,1.41272,0.0745,0.231,0.3423,0.5077,0.6352,0.7505,0.8802,0.9496,0.9879
220B,Vietnamese,layer_9,last,183.616,60.5903,1.402515,0.0675,0.2227,0.3339,0.5034,0.6349,0.752,0.8811,0.9496,0.9877
220B,Vietnamese,layer_10,last,184.0912,59.6535,1.383932,0.0716,0.2228,0.332,0.5025,0.6348,0.7519,0.8802,0.9486,0.9872
220B,Vietnamese,layer_11,last,187.2337,56.8983,1.312108,0.0786,0.23,0.3366,0.5007,0.6312,0.7466,0.8744,0.944,0.9845
220B,Vietnamese,layer_12,last,184.8038,54.3992,1.276765,0.0847,0.2345,0.339,0.5021,0.6333,0.7488,0.8751,0.9437,0.9839
220B,Vietnamese,layer_13,last,184.0666,48.303,1.211491,0.1003,0.2478,0.3478,0.5042,0.6319,0.7443,0.8693,0.9389,0.9811
220B,Vietnamese,layer_14,last,185.7368,45.694,1.166821,0.1077,0.2545,0.3514,0.5037,0.6285,0.7388,0.8643,0.9358,0.9794
220B,Vietnamese,layer_15,last,177.0754,43.3912,1.149634,0.1091,0.2663,0.3639,0.5153,0.6382,0.7463,0.8682,0.9375,0.9797
220B,Vietnamese,layer_16,last,179.3735,40.6622,1.110244,0.1174,0.2723,0.3676,0.5145,0.6339,0.7403,0.8621,0.9325,0.9767
220B,Vietnamese,layer_17,last,189.4401,39.5707,1.078517,0.1248,0.2695,0.3614,0.5031,0.6194,0.7265,0.8521,0.9267,0.974
220B,Vietnamese,layer_18,last,185.0506,36.5263,1.057571,0.1332,0.2782,0.3689,0.5052,0.6179,0.7263,0.8536,0.9275,0.9735
220B,Vietnamese,layer_19,last,197.4687,40.2804,1.033114,0.124,0.2685,0.356,0.4897,0.6046,0.7184,0.8504,0.9255,0.9718
220B,Vietnamese,layer_20,last,211.8744,40.4916,0.989555,0.1264,0.2646,0.3488,0.4809,0.5914,0.7025,0.8377,0.9165,0.9666
220B,Vietnamese,layer_21,last,250.7827,46.1828,0.938993,0.1175,0.2472,0.3283,0.4517,0.5581,0.6709,0.8143,0.8999,0.957
220B,Vietnamese,layer_22,last,264.4696,48.5973,0.916335,0.1142,0.2401,0.3203,0.4402,0.5468,0.6628,0.8092,0.895,0.9534
220B,Vietnamese,layer_23,last,284.7015,52.5098,0.897442,0.1091,0.2307,0.3084,0.4239,0.5316,0.6511,0.801,0.8881,0.9491
220B,Vietnamese,layer_24,last,312.7196,55.9014,0.874479,0.1061,0.2244,0.2981,0.4069,0.511,0.6313,0.7856,0.8768,0.9425
220B,Vietnamese,layer_25,last,310.8839,54.8094,0.86601,0.107,0.229,0.3018,0.4088,0.5115,0.6318,0.7855,0.876,0.9416
220B,Vietnamese,layer_26,last,324.156,57.8099,0.858046,0.1026,0.226,0.2965,0.401,0.5028,0.6237,0.7796,0.8717,0.9393
220B,Vietnamese,layer_27,last,334.065,58.3807,0.843327,0.1012,0.2274,0.2944,0.3964,0.4966,0.617,0.7733,0.8664,0.9357
220B,Vietnamese,layer_28,last,312.7964,56.0212,0.843761,0.0998,0.2358,0.3007,0.4053,0.5108,0.6338,0.7859,0.8737,0.9388
220B,Vietnamese,layer_29,last,98.2922,9.9967,0.841289,0.3009,0.4536,0.5061,0.5842,0.6639,0.7539,0.8578,0.9154,0.9584
220B,Vietnamese,layer_0,mean,99.3195,14.6154,1.253134,0.2336,0.4042,0.478,0.5931,0.6876,0.7809,0.8903,0.9504,0.9851
220B,Vietnamese,layer_1,mean,94.6518,15.0358,1.04092,0.209,0.4255,0.4955,0.6104,0.705,0.7935,0.8931,0.9467,0.9795
220B,Vietnamese,layer_2,mean,8.3244,2.0158,0.970891,0.7018,0.7902,0.8172,0.8597,0.8924,0.9228,0.9576,0.9773,0.9904
220B,Vietnamese,layer_3,mean,6.5571,1.7956,0.932684,0.7445,0.8203,0.8424,0.8771,0.904,0.9295,0.9598,0.9777,0.9902
220B,Vietnamese,layer_4,mean,5.7992,1.7011,0.909564,0.7651,0.8361,0.8554,0.8856,0.9095,0.9325,0.9605,0.9776,0.9899
220B,Vietnamese,layer_5,mean,6.1383,1.729,0.898876,0.7589,0.8284,0.8485,0.8794,0.9044,0.9286,0.958,0.976,0.989
220B,Vietnamese,layer_6,mean,6.2915,1.7455,0.88554,0.7552,0.8265,0.8467,0.8773,0.9023,0.9266,0.9562,0.9746,0.9882
220B,Vietnamese,layer_7,mean,7.4918,1.8825,0.890557,0.7266,0.8063,0.8291,0.8637,0.8919,0.9193,0.9523,0.9726,0.9874
220B,Vietnamese,layer_8,mean,8.3794,1.9924,0.885539,0.7055,0.7954,0.8193,0.8554,0.8852,0.9144,0.9493,0.9707,0.9864
220B,Vietnamese,layer_9,mean,8.4428,2.0026,0.878659,0.7036,0.7949,0.8189,0.8555,0.8854,0.9147,0.9492,0.9704,0.9861
220B,Vietnamese,layer_10,mean,8.9859,2.0698,0.875728,0.6916,0.7884,0.8132,0.8511,0.8822,0.9124,0.9478,0.9695,0.9856
220B,Vietnamese,layer_11,mean,9.0938,2.081,0.871492,0.6896,0.7884,0.8125,0.8498,0.8808,0.9111,0.9467,0.9687,0.9852
220B,Vietnamese,layer_12,mean,9.7232,2.1707,0.873352,0.6743,0.7812,0.8067,0.8462,0.8785,0.9098,0.9461,0.9684,0.9851
220B,Vietnamese,layer_13,mean,10.8127,2.3161,0.871224,0.6512,0.7713,0.7978,0.8389,0.8728,0.9055,0.9435,0.9668,0.9843
220B,Vietnamese,layer_14,mean,10.2969,2.2494,0.865244,0.6615,0.7772,0.8031,0.8427,0.8755,0.9073,0.9443,0.9671,0.9843
220B,Vietnamese,layer_15,mean,10.4982,2.2953,0.866842,0.654,0.7764,0.8021,0.8423,0.8756,0.9076,0.9446,0.9674,0.9844
220B,Vietnamese,layer_16,mean,11.1056,2.3711,0.870018,0.6428,0.7698,0.7963,0.8379,0.8724,0.9055,0.9436,0.9669,0.9843
220B,Vietnamese,layer_17,mean,12.9893,2.5842,0.877229,0.6144,0.7485,0.7786,0.8253,0.8632,0.8997,0.9409,0.9655,0.9837
220B,Vietnamese,layer_18,mean,14.4851,2.7524,0.877834,0.5941,0.7353,0.7668,0.8162,0.8561,0.8947,0.9381,0.964,0.983
220B,Vietnamese,layer_19,mean,15.6311,2.8605,0.872744,0.5821,0.7264,0.7583,0.8088,0.8499,0.8895,0.9346,0.9617,0.9819
220B,Vietnamese,layer_20,mean,18.4558,3.1266,0.858106,0.5555,0.7044,0.7399,0.7947,0.838,0.8798,0.9279,0.9573,0.9794
220B,Vietnamese,layer_21,mean,25.9115,3.7506,0.851877,0.5044,0.6593,0.6971,0.758,0.807,0.8553,0.9121,0.9471,0.9743
220B,Vietnamese,layer_22,mean,33.072,4.4543,0.847483,0.4582,0.6266,0.6667,0.7335,0.787,0.8399,0.9031,0.9419,0.9716
220B,Vietnamese,layer_23,mean,38.0688,5.0144,0.840016,0.4278,0.6088,0.652,0.7217,0.7774,0.8322,0.8977,0.9385,0.9697
220B,Vietnamese,layer_24,mean,54.1669,6.4443,0.85174,0.3727,0.5548,0.6012,0.6786,0.7419,0.805,0.8812,0.9294,0.966
220B,Vietnamese,layer_25,mean,61.0827,7.3036,0.847871,0.345,0.5385,0.5883,0.6682,0.7332,0.7978,0.8764,0.9263,0.9643
220B,Vietnamese,layer_26,mean,71.5613,9.1747,0.854259,0.2946,0.5138,0.5705,0.6564,0.725,0.7932,0.875,0.9261,0.9644
220B,Vietnamese,layer_27,mean,89.8777,11.1258,0.856442,0.2608,0.4756,0.5346,0.6239,0.6959,0.7706,0.8612,0.918,0.9608
220B,Vietnamese,layer_28,mean,100.845,13.5006,0.861245,0.2153,0.4482,0.5156,0.612,0.6886,0.7673,0.8615,0.9188,0.9613
220B,Vietnamese,layer_29,mean,83.7051,10.978,0.86145,0.2728,0.4663,0.5418,0.6401,0.7165,0.7916,0.878,0.9284,0.9655
220B,Japanese,layer_0,last,493.418,108.1474,1.344289,0.076,0.148,0.1956,0.2837,0.3789,0.503,0.6936,0.8386,0.9503
220B,Japanese,layer_1,last,467.8183,48.1837,0.945528,0.134,0.2031,0.2427,0.318,0.3983,0.5032,0.6692,0.8024,0.9168
220B,Japanese,layer_2,last,350.0121,21.779,0.857724,0.2093,0.2686,0.3042,0.3697,0.4394,0.5308,0.6786,0.7985,0.9063
220B,Japanese,layer_3,last,314.0517,16.6251,0.808245,0.2416,0.2959,0.3298,0.3909,0.4545,0.5376,0.6741,0.7882,0.8955
220B,Japanese,layer_4,last,243.0936,11.8609,0.778901,0.2875,0.3391,0.3757,0.4356,0.4934,0.5674,0.6894,0.7932,0.894
220B,Japanese,layer_5,last,223.8601,10.6151,0.755392,0.3043,0.3563,0.3915,0.4495,0.505,0.5758,0.6917,0.7912,0.8901
220B,Japanese,layer_6,last,214.2223,10.0273,0.74261,0.3134,0.364,0.3991,0.4562,0.5114,0.5805,0.6933,0.7905,0.8882
220B,Japanese,layer_7,last,230.5748,10.4778,0.720798,0.3065,0.3578,0.392,0.4476,0.5014,0.5693,0.6818,0.78,0.8802
220B,Japanese,layer_8,last,243.2588,10.8176,0.704137,0.3016,0.3524,0.3863,0.4419,0.4949,0.5621,0.6735,0.7719,0.8739
220B,Japanese,layer_9,last,267.5888,11.668,0.68937,0.2902,0.3409,0.3748,0.4295,0.4819,0.549,0.6615,0.7617,0.8666
220B,Japanese,layer_10,last,283.3858,12.2362,0.678514,0.2832,0.3343,0.3678,0.4225,0.4748,0.5417,0.6549,0.7554,0.8615
220B,Japanese,layer_11,last,321.9895,13.7859,0.66079,0.2664,0.3197,0.3534,0.4087,0.4605,0.5262,0.6379,0.7402,0.8508
220B,Japanese,layer_12,last,378.9459,16.6143,0.647623,0.2419,0.2974,0.3331,0.3882,0.4402,0.5066,0.6212,0.7266,0.8412
220B,Japanese,layer_13,last,430.9878,19.4332,0.635912,0.223,0.28,0.3161,0.3724,0.425,0.4914,0.6064,0.7139,0.8323
220B,Japanese,layer_14,last,453.5261,20.9605,0.626936,0.2142,0.2736,0.3111,0.3691,0.4219,0.4875,0.6007,0.7079,0.8273
220B,Japanese,layer_15,last,483.0374,23.2095,0.621055,0.2028,0.2643,0.303,0.3617,0.4152,0.4817,0.5957,0.7034,0.8237
220B,Japanese,layer_16,last,504.7335,25.3626,0.618559,0.1934,0.2556,0.2959,0.3562,0.4116,0.4795,0.5948,0.7029,0.8228
220B,Japanese,layer_17,last,442.3064,21.1076,0.61588,0.213,0.2746,0.3166,0.3784,0.4329,0.4985,0.6095,0.713,0.8282
220B,Japanese,layer_18,last,212.7157,9.2289,0.617163,0.3265,0.3852,0.4233,0.478,0.5253,0.5812,0.6746,0.761,0.8567
220B,Japanese,layer_19,last,162.821,7.4747,0.618316,0.3634,0.424,0.4602,0.5133,0.5591,0.6124,0.6997,0.7796,0.8677
220B,Japanese,layer_20,last,151.5603,7.1392,0.614005,0.3718,0.436,0.4712,0.5243,0.5698,0.6219,0.7067,0.7842,0.8698
220B,Japanese,layer_21,last,161.5288,7.5415,0.605974,0.3615,0.4285,0.4641,0.5185,0.5648,0.6174,0.702,0.7795,0.8659
220B,Japanese,layer_22,last,171.4451,7.9949,0.601902,0.3507,0.421,0.457,0.5131,0.5604,0.6138,0.6986,0.7762,0.8632
220B,Japanese,layer_23,last,183.1422,8.5866,0.599756,0.3379,0.4116,0.4484,0.5068,0.5557,0.6108,0.696,0.7739,0.8614
220B,Japanese,layer_24,last,199.3585,9.5229,0.598284,0.32,0.3994,0.4382,0.4993,0.5502,0.6068,0.6929,0.7711,0.8592
220B,Japanese,layer_25,last,221.5636,10.8131,0.60139,0.2994,0.3818,0.4231,0.4871,0.5406,0.6,0.6888,0.7685,0.8578
220B,Japanese,layer_26,last,260.5863,13.333,0.604677,0.268,0.3546,0.4004,0.4679,0.5249,0.5881,0.6812,0.7634,0.8548
220B,Japanese,layer_27,last,283.2167,15.3082,0.602437,0.2486,0.3389,0.3901,0.4613,0.5201,0.5846,0.6786,0.7609,0.8526
220B,Japanese,layer_28,last,328.7673,21.0803,0.600997,0.2056,0.3193,0.3752,0.4511,0.5114,0.5761,0.6715,0.7554,0.8488
220B,Japanese,layer_29,last,110.42,8.8601,0.60406,0.3136,0.505,0.5586,0.615,0.6563,0.7009,0.7686,0.8277,0.8932
220B,Japanese,layer_0,mean,169.0301,29.8747,1.238508,0.1381,0.3409,0.4325,0.5329,0.6137,0.7057,0.8326,0.9159,0.9736
220B,Japanese,layer_1,mean,101.8248,16.1917,0.963989,0.1879,0.4538,0.5361,0.6243,0.6936,0.7683,0.8638,0.9238,0.9681
220B,Japanese,layer_2,mean,16.3137,2.9249,0.872793,0.5781,0.7289,0.7754,0.8189,0.8511,0.8851,0.9285,0.9571,0.9799
220B,Japanese,layer_3,mean,10.622,2.2726,0.823322,0.6597,0.7784,0.8186,0.8541,0.8792,0.905,0.9387,0.9617,0.9809
220B,Japanese,layer_4,mean,9.2974,2.1376,0.799447,0.6809,0.7913,0.8332,0.8677,0.891,0.9137,0.9432,0.9637,0.9814
220B,Japanese,layer_5,mean,10.2632,2.3089,0.792452,0.6536,0.7788,0.826,0.8668,0.8921,0.9152,0.9442,0.9641,0.9813
220B,Japanese,layer_6,mean,10.2933,2.2829,0.781951,0.6578,0.7788,0.8246,0.8644,0.8899,0.9128,0.9419,0.9623,0.9802
220B,Japanese,layer_7,mean,13.0582,2.5782,0.792797,0.6183,0.7431,0.7942,0.8452,0.8778,0.906,0.9389,0.9607,0.9794
220B,Japanese,layer_8,mean,15.0354,2.7531,0.791168,0.5981,0.7232,0.7763,0.8318,0.868,0.8986,0.9343,0.9577,0.9778
220B,Japanese,layer_9,mean,14.6415,2.6421,0.781522,0.6114,0.7276,0.777,0.8288,0.8638,0.8947,0.9311,0.9554,0.9764
220B,Japanese,layer_10,mean,15.7434,2.7557,0.780062,0.5984,0.7167,0.7684,0.823,0.8601,0.8927,0.9303,0.9548,0.976
220B,Japanese,layer_11,mean,17.1522,2.871,0.773181,0.586,0.7059,0.7599,0.8156,0.8535,0.8865,0.9254,0.9515,0.9741
220B,Japanese,layer_12,mean,21.5687,3.3005,0.78151,0.5454,0.6725,0.7326,0.7957,0.8388,0.877,0.9204,0.9487,0.9728
220B,Japanese,layer_13,mean,31.2941,4.3102,0.793182,0.4745,0.6161,0.6851,0.7621,0.816,0.8621,0.9126,0.9443,0.9707
220B,Japanese,layer_14,mean,32.3369,4.2686,0.777951,0.4772,0.6167,0.683,0.7563,0.808,0.8534,0.9048,0.9385,0.9672
220B,Japanese,layer_15,mean,36.1423,4.6855,0.782833,0.4543,0.5981,0.6687,0.7469,0.8017,0.8492,0.9027,0.9374,0.9668
220B,Japanese,layer_16,mean,43.9165,5.4335,0.787308,0.4199,0.5699,0.643,0.7263,0.785,0.8363,0.8947,0.9327,0.9646
220B,Japanese,layer_17,mean,52.326,6.2819,0.79583,0.3888,0.5404,0.6168,0.7064,0.7697,0.8251,0.8887,0.9299,0.9635
220B,Japanese,layer_18,mean,57.9429,7.0832,0.803505,0.3635,0.5269,0.6042,0.696,0.762,0.8206,0.8871,0.9296,0.9637
220B,Japanese,layer_19,mean,62.9899,7.7575,0.798871,0.3455,0.5125,0.5925,0.6885,0.7565,0.817,0.8844,0.9275,0.9623
220B,Japanese,layer_20,mean,71.6931,9.1921,0.792331,0.3133,0.4896,0.5729,0.6756,0.7492,0.8137,0.8829,0.9259,0.9609
220B,Japanese,layer_21,mean,86.8707,10.7107,0.774446,0.2876,0.4621,0.5479,0.6528,0.7278,0.7939,0.8664,0.9131,0.9532
220B,Japanese,layer_22,mean,96.7612,12.144,0.778368,0.2675,0.442,0.5283,0.6368,0.7154,0.786,0.8636,0.9124,0.953
220B,Japanese,layer_23,mean,98.5864,13.6271,0.780057,0.2469,0.4328,0.5253,0.6402,0.7217,0.7926,0.8688,0.9158,0.9548
220B,Japanese,layer_24,mean,110.5943,15.9551,0.785547,0.2215,0.4145,0.5065,0.6225,0.7071,0.7824,0.8638,0.9134,0.9538
220B,Japanese,layer_25,mean,116.6897,18.9936,0.798746,0.1938,0.3968,0.4937,0.617,0.7068,0.7858,0.8688,0.9179,0.9567
220B,Japanese,layer_26,mean,131.956,24.8015,0.816358,0.1545,0.3658,0.4666,0.5993,0.6958,0.7804,0.869,0.9199,0.9586
220B,Japanese,layer_27,mean,138.3873,27.2221,0.810186,0.1361,0.3585,0.4626,0.5963,0.6925,0.7765,0.8641,0.9158,0.9563
220B,Japanese,layer_28,mean,143.7971,29.7247,0.806867,0.1179,0.3507,0.46,0.5947,0.6905,0.7732,0.8608,0.9137,0.9553
220B,Japanese,layer_29,mean,76.8931,15.8083,0.814173,0.1831,0.4823,0.5894,0.6968,0.7693,0.8308,0.8964,0.9364,0.9672
325B,English,layer_0,last,383.5813,70.8345,1.286986,0.0877,0.2069,0.2658,0.3627,0.4535,0.5619,0.7262,0.8509,0.9493
325B,English,layer_1,last,467.2069,56.5874,0.919629,0.1155,0.2112,0.2615,0.3463,0.426,0.5219,0.6716,0.7941,0.9059
325B,English,layer_2,last,71.0401,4.8254,0.841597,0.4527,0.5264,0.5595,0.6092,0.6536,0.7059,0.7893,0.8604,0.9305
325B,English,layer_3,last,45.4157,3.5576,0.799217,0.5287,0.5898,0.6181,0.6596,0.696,0.7383,0.8065,0.8675,0.9311
325B,English,layer_4,last,32.8813,2.9931,0.775629,0.5769,0.6317,0.6587,0.6965,0.7283,0.7649,0.8238,0.8771,0.9346
325B,English,layer_5,last,37.3306,3.1623,0.752689,0.5612,0.6162,0.6444,0.6835,0.7166,0.7541,0.8142,0.8688,0.9288
325B,English,layer_6,last,42.0222,3.358,0.741098,0.5445,0.6011,0.6304,0.6723,0.7066,0.7454,0.8071,0.8633,0.9251
325B,English,layer_7,last,50.7468,3.6792,0.724355,0.5201,0.5773,0.6069,0.6504,0.6869,0.7281,0.7934,0.8527,0.9183
325B,English,layer_8,last,58.467,4.0033,0.716218,0.4983,0.5593,0.5907,0.6373,0.6751,0.7175,0.7851,0.8465,0.9142
325B,English,layer_9,last,65.1542,4.2525,0.707911,0.4833,0.5444,0.5771,0.6259,0.665,0.7081,0.7773,0.8404,0.9103
325B,English,layer_10,last,70.6785,4.467,0.701936,0.4714,0.5337,0.5673,0.6169,0.657,0.7012,0.7723,0.8367,0.9077
325B,English,layer_11,last,78.2188,4.7249,0.686122,0.4582,0.5223,0.5566,0.607,0.6472,0.6915,0.7622,0.8278,0.9016
325B,English,layer_12,last,87.4808,5.067,0.677828,0.4423,0.5072,0.5419,0.5941,0.636,0.682,0.7547,0.8219,0.8974
325B,English,layer_13,last,105.4008,5.7934,0.671168,0.4131,0.4828,0.5192,0.5735,0.6183,0.6669,0.7425,0.8125,0.8914
325B,English,layer_14,last,110.0786,6.0585,0.666418,0.4035,0.4782,0.5169,0.5718,0.6168,0.665,0.7403,0.8104,0.8897
325B,English,layer_15,last,120.9187,6.5621,0.663564,0.3872,0.4654,0.506,0.5618,0.6081,0.6577,0.7347,0.8063,0.887
325B,English,layer_16,last,139.8047,7.6915,0.664223,0.3563,0.4455,0.4903,0.5496,0.5984,0.65,0.73,0.8034,0.8854
325B,English,layer_17,last,115.0993,6.7705,0.663489,0.3801,0.4683,0.5197,0.5785,0.6243,0.673,0.7484,0.817,0.893
325B,English,layer_18,last,54.4444,4.0947,0.663813,0.4917,0.5707,0.6135,0.6636,0.7015,0.7413,0.8012,0.8554,0.9152
325B,English,layer_19,last,46.8422,3.8182,0.659351,0.5092,0.5907,0.6338,0.6828,0.7194,0.7573,0.8133,0.8638,0.9198
325B,English,layer_20,last,47.2803,3.8112,0.643844,0.5096,0.5907,0.6328,0.6814,0.7177,0.7554,0.8107,0.8608,0.9169
325B,English,layer_21,last,53.7556,4.1617,0.631298,0.4867,0.5763,0.6198,0.6705,0.7079,0.7468,0.8031,0.8541,0.9119
325B,English,layer_22,last,65.8944,4.6745,0.622303,0.4586,0.5502,0.5939,0.6474,0.6879,0.7293,0.7885,0.8423,0.904
325B,English,layer_23,last,75.306,5.0995,0.618847,0.4385,0.5328,0.5772,0.6328,0.6752,0.7183,0.7798,0.8354,0.8995
325B,English,layer_24,last,90.5723,5.9368,0.61881,0.4049,0.5078,0.5548,0.6149,0.6604,0.7061,0.7711,0.829,0.8953
325B,English,layer_25,last,118.2924,7.2806,0.61928,0.3642,0.4696,0.5171,0.5821,0.6327,0.6832,0.7544,0.8169,0.8879
325B,English,layer_26,last,158.6995,9.4988,0.620794,0.3168,0.4264,0.4751,0.5457,0.6023,0.658,0.7365,0.8042,0.8802
325B,English,layer_27,last,190.1418,11.5782,0.61675,0.2846,0.4007,0.4503,0.5255,0.5846,0.6428,0.7245,0.7948,0.8738
325B,English,layer_28,last,267.5908,18.8968,0.606126,0.2134,0.3529,0.4111,0.4908,0.5518,0.6125,0.6983,0.7738,0.8597
325B,English,layer_29,last,228.1897,21.4228,0.604955,0.1759,0.3924,0.4545,0.5329,0.5877,0.6427,0.7218,0.7912,0.8699
325B,English,layer_0,mean,195.9174,28.457,1.085424,0.1573,0.3161,0.3995,0.5088,0.5928,0.6858,0.8096,0.8941,0.9595
325B,English,layer_1,mean,134.8189,18.0778,0.881828,0.2044,0.3924,0.4747,0.581,0.6581,0.7399,0.841,0.9046,0.9551
325B,English,layer_2,mean,2.2623,1.2141,0.810385,0.9075,0.9314,0.9414,0.9534,0.9616,0.9702,0.9809,0.9878,0.9938
325B,English,layer_3,mean,1.9753,1.169,0.782404,0.9248,0.9434,0.9524,0.9626,0.9693,0.976,0.9843,0.9898,0.9946
325B,English,layer_4,mean,1.94,1.1654,0.775708,0.9263,0.9446,0.9544,0.9651,0.9716,0.9778,0.9854,0.9904,0.9949
325B,English,layer_5,mean,2.3429,1.2377,0.790141,0.8987,0.9238,0.9395,0.9567,0.9669,0.9752,0.984,0.9896,0.9944
325B,English,layer_6,mean,2.3882,1.2408,0.782991,0.8976,0.9216,0.9371,0.9545,0.9646,0.9731,0.9825,0.9886,0.9939
325B,English,layer_7,mean,2.8526,1.3138,0.802451,0.8722,0.9021,0.9217,0.9439,0.9569,0.9682,0.9801,0.9873,0.9932
325B,English,layer_8,mean,3.1504,1.3533,0.805085,0.8594,0.8912,0.9119,0.9365,0.9509,0.9637,0.9773,0.9856,0.9924
325B,English,layer_9,mean,2.9947,1.3242,0.797592,0.8688,0.8972,0.9152,0.9375,0.9509,0.9631,0.9767,0.9851,0.9921
325B,English,layer_10,mean,3.1854,1.3523,0.80169,0.8597,0.8909,0.9097,0.9336,0.9481,0.9613,0.9759,0.9846,0.9919
325B,English,layer_11,mean,3.2953,1.3649,0.792933,0.8557,0.8879,0.9071,0.9311,0.9457,0.959,0.9739,0.9833,0.9911
325B,English,layer_12,mean,3.7174,1.4225,0.802398,0.8381,0.875,0.8964,0.9231,0.9396,0.9547,0.9716,0.982,0.9905
325B,English,layer_13,mean,5.1969,1.6101,0.815093,0.7875,0.8358,0.8645,0.9006,0.9228,0.9431,0.965,0.9781,0.9886
325B,English,layer_14,mean,5.0002,1.5773,0.799975,0.7957,0.8417,0.8682,0.9019,0.9228,0.9422,0.9635,0.9768,0.9878
325B,English,layer_15,mean,5.519,1.6423,0.805601,0.7796,0.8311,0.8599,0.8959,0.9181,0.9386,0.9614,0.9756,0.9872
325B,English,layer_16,mean,6.946,1.8018,0.812423,0.744,0.8045,0.8373,0.8788,0.905,0.9288,0.9556,0.9722,0.9856
325B,English,layer_17,mean,8.9147,2.0116,0.818484,0.7037,0.7747,0.8127,0.8602,0.8904,0.9181,0.9492,0.9685,0.9838
325B,English,layer_18,mean,12.0694,2.3344,0.824637,0.6525,0.7344,0.7784,0.8362,0.873,0.9067,0.9433,0.9651,0.9821
325B,English,layer_19,mean,16.6669,2.7784,0.809774,0.5968,0.6957,0.7455,0.8123,0.8538,0.8912,0.9319,0.957,0.9775
325B,English,layer_20,mean,28.9032,3.8267,0.774275,0.5058,0.6229,0.6821,0.7629,0.8136,0.8592,0.9086,0.9397,0.9672
325B,English,layer_21,mean,40.2834,4.8574,0.755515,0.4459,0.5792,0.6444,0.7321,0.788,0.839,0.8946,0.9294,0.9607
325B,English,layer_22,mean,57.4358,6.6119,0.755492,0.3774,0.5253,0.598,0.695,0.7592,0.8183,0.8819,0.9212,0.9562
325B,English,layer_23,mean,65.2163,7.5358,0.752294,0.3509,0.5049,0.582,0.6823,0.7492,0.8114,0.8776,0.9184,0.9544
325B,English,layer_24,mean,78.0619,9.513,0.763979,0.308,0.4656,0.5512,0.6609,0.7377,0.8075,0.8785,0.9199,0.9556
325B,English,layer_25,mean,97.5285,13.19,0.77506,0.2546,0.4161,0.5151,0.6374,0.7223,0.7989,0.8754,0.9189,0.9555
325B,English,layer_26,mean,125.3309,18.9132,0.782379,0.2037,0.3668,0.4714,0.6032,0.6957,0.7801,0.8657,0.9138,0.9532
325B,English,layer_27,mean,139.0834,21.7551,0.775325,0.1854,0.3496,0.4562,0.5905,0.6841,0.7697,0.8573,0.9074,0.9494
325B,English,layer_28,mean,169.6716,31.0791,0.75921,0.1357,0.3192,0.4289,0.57,0.6653,0.7511,0.8409,0.8948,0.9417
325B,English,layer_29,mean,125.1129,22.3112,0.763209,0.1736,0.3636,0.4847,0.6253,0.7126,0.7873,0.8648,0.9112,0.9507
325B,Chinese,layer_0,last,339.774,81.0282,1.432601,0.07,0.1945,0.275,0.3835,0.4826,0.6004,0.7652,0.8788,0.9625
325B,Chinese,layer_1,last,398.6701,77.3798,0.973675,0.0675,0.2103,0.2857,0.3869,0.4721,0.5737,0.7229,0.8336,0.9275
325B,Chinese,layer_2,last,114.4738,8.3365,0.889641,0.3402,0.4412,0.5007,0.5716,0.6272,0.6934,0.7924,0.8683,0.937
325B,Chinese,layer_3,last,75.0857,5.5032,0.84273,0.4226,0.5101,0.5616,0.6212,0.6672,0.7218,0.8051,0.8717,0.9355
325B,Chinese,layer_4,last,57.5384,4.4464,0.817489,0.4716,0.5495,0.5958,0.6495,0.6916,0.7402,0.8146,0.8754,0.9357
325B,Chinese,layer_5,last,57.6093,4.3596,0.794493,0.4765,0.5498,0.5965,0.6481,0.6894,0.7373,0.8101,0.8704,0.9317
325B,Chinese,layer_6,last,60.439,4.443,0.785614,0.4721,0.5429,0.589,0.6411,0.6836,0.7325,0.8057,0.8665,0.9291
325B,Chinese,layer_7,last,66.9026,4.6713,0.769806,0.4603,0.5306,0.5759,0.6288,0.6719,0.7214,0.7957,0.8586,0.924
325B,Chinese,layer_8,last,73.2958,4.9453,0.760604,0.4471,0.5191,0.565,0.6189,0.6632,0.7132,0.7887,0.8529,0.9203
325B,Chinese,layer_9,last,78.7637,5.1614,0.750205,0.4374,0.5107,0.556,0.6115,0.656,0.7058,0.782,0.8476,0.9168
325B,Chinese,layer_10,last,82.1175,5.3513,0.74228,0.4291,0.5084,0.5528,0.6083,0.6527,0.7023,0.779,0.8448,0.9147
325B,Chinese,layer_11,last,88.7498,5.5954,0.725383,0.4194,0.4994,0.5442,0.601,0.6454,0.6944,0.77,0.8367,0.9091
325B,Chinese,layer_12,last,96.1966,5.8644,0.714487,0.4096,0.4892,0.5337,0.5913,0.6365,0.6856,0.7625,0.8308,0.905
325B,Chinese,layer_13,last,108.2954,6.4857,0.704428,0.3885,0.4746,0.5207,0.5803,0.6272,0.677,0.7543,0.8241,0.9005
325B,Chinese,layer_14,last,110.7894,6.627,0.696238,0.384,0.4732,0.5182,0.5797,0.6265,0.6759,0.7522,0.8217,0.8985
325B,Chinese,layer_15,last,121.1939,7.1749,0.690781,0.3683,0.4626,0.5079,0.5699,0.6179,0.6685,0.7465,0.8173,0.8955
325B,Chinese,layer_16,last,134.641,8.0627,0.690253,0.3462,0.4475,0.4939,0.5595,0.6098,0.6629,0.7438,0.8158,0.8944
325B,Chinese,layer_17,last,117.8982,7.2977,0.687805,0.3647,0.4618,0.512,0.5787,0.6273,0.6784,0.7562,0.8245,0.899
325B,Chinese,layer_18,last,65.2718,4.7636,0.689258,0.4547,0.5445,0.5889,0.6462,0.689,0.7331,0.7989,0.8554,0.9166
325B,Chinese,layer_19,last,59.8832,4.5628,0.685805,0.4646,0.5561,0.601,0.6573,0.6991,0.743,0.8073,0.8613,0.9196
325B,Chinese,layer_20,last,62.2311,4.6486,0.668644,0.4602,0.5528,0.5979,0.6528,0.6947,0.7394,0.8036,0.8574,0.9162
325B,Chinese,layer_21,last,70.5141,5.1241,0.658154,0.4373,0.5384,0.5846,0.6411,0.6847,0.7315,0.7974,0.852,0.912
325B,Chinese,layer_22,last,82.5781,5.7112,0.650937,0.4133,0.519,0.5651,0.6226,0.6686,0.7178,0.7864,0.8432,0.9062
325B,Chinese,layer_23,last,94.1553,6.4032,0.648992,0.389,0.501,0.5489,0.6084,0.6573,0.7094,0.7809,0.8391,0.9033
325B,Chinese,layer_24,last,104.882,7.2333,0.64824,0.3641,0.4856,0.5363,0.5993,0.6511,0.7053,0.7782,0.8368,0.9017
325B,Chinese,layer_25,last,124.3805,8.5962,0.647895,0.3312,0.4617,0.5137,0.5804,0.6352,0.6927,0.7694,0.8305,0.8978
325B,Chinese,layer_26,last,150.5383,10.4788,0.646458,0.2968,0.434,0.4871,0.5577,0.6155,0.6766,0.7576,0.8219,0.8925
325B,Chinese,layer_27,last,168.3949,12.249,0.641437,0.2707,0.4172,0.4741,0.5483,0.6074,0.6697,0.7519,0.8172,0.8891
325B,Chinese,layer_28,last,222.3468,18.4726,0.629307,0.2079,0.3753,0.4437,0.5225,0.5829,0.6458,0.7306,0.8001,0.8774
325B,Chinese,layer_29,last,138.4052,14.6587,0.63039,0.2185,0.4608,0.5353,0.6066,0.6566,0.7075,0.7775,0.835,0.8985
325B,Chinese,layer_0,mean,160.6785,33.2891,1.203552,0.1189,0.327,0.4348,0.5571,0.6449,0.7331,0.8478,0.9221,0.9739
325B,Chinese,layer_1,mean,108.8407,20.3409,0.927848,0.1555,0.4184,0.5249,0.6318,0.7088,0.7821,0.8703,0.9253,0.9668
325B,Chinese,layer_2,mean,2.8395,1.3203,0.846125,0.8699,0.9128,0.9288,0.9446,0.9557,0.9662,0.9788,0.9869,0.9936
325B,Chinese,layer_3,mean,2.2685,1.2285,0.809406,0.902,0.9343,0.9462,0.9584,0.9664,0.9739,0.9831,0.9892,0.9945
325B,Chinese,layer_4,mean,2.1236,1.2068,0.795777,0.9101,0.9407,0.952,0.9632,0.9704,0.9769,0.9849,0.9903,0.9949
325B,Chinese,layer_5,mean,2.385,1.2609,0.79854,0.8902,0.9302,0.9459,0.9599,0.9684,0.9757,0.9842,0.9898,0.9947
325B,Chinese,layer_6,mean,2.3729,1.2564,0.792366,0.8918,0.9308,0.9455,0.9593,0.9679,0.9751,0.9836,0.9894,0.9944
325B,Chinese,layer_7,mean,2.6107,1.2929,0.803732,0.8791,0.9202,0.9359,0.9526,0.9632,0.9721,0.9821,0.9885,0.994
325B,Chinese,layer_8,mean,2.8608,1.3278,0.804333,0.8674,0.9107,0.9273,0.9457,0.958,0.9681,0.9795,0.9869,0.9932
325B,Chinese,layer_9,mean,2.7651,1.3076,0.796204,0.8742,0.914,0.9292,0.9465,0.9579,0.9678,0.9791,0.9865,0.9929
325B,Chinese,layer_10,mean,2.8911,1.3281,0.796611,0.8674,0.9094,0.9254,0.9441,0.9561,0.9667,0.9786,0.9863,0.9928
325B,Chinese,layer_11,mean,2.9494,1.3341,0.787541,0.8654,0.9073,0.9237,0.9424,0.9546,0.9652,0.9773,0.9853,0.9922
325B,Chinese,layer_12,mean,3.2459,1.3803,0.794713,0.8507,0.898,0.9156,0.9367,0.9502,0.9622,0.9756,0.9843,0.9917
325B,Chinese,layer_13,mean,4.1996,1.5165,0.806349,0.8112,0.8705,0.8929,0.9202,0.9383,0.954,0.9708,0.9814,0.9903
325B,Chinese,layer_14,mean,4.1139,1.4971,0.791486,0.8166,0.8731,0.8946,0.9206,0.9377,0.9526,0.9693,0.9802,0.9895
325B,Chinese,layer_15,mean,4.45,1.5459,0.79705,0.8034,0.865,0.8882,0.9161,0.9345,0.9504,0.968,0.9795,0.9892
325B,Chinese,layer_16,mean,5.3531,1.6568,0.802981,0.7758,0.8435,0.8704,0.903,0.9243,0.9429,0.9634,0.9766,0.9878
325B,Chinese,layer_17,mean,6.6153,1.7993,0.8086,0.7442,0.8179,0.8491,0.887,0.912,0.9338,0.9577,0.9732,0.9861
325B,Chinese,layer_18,mean,8.5757,2.0395,0.81509,0.6982,0.7862,0.8252,0.8707,0.9001,0.9255,0.9529,0.9704,0.9848
325B,Chinese,layer_19,mean,11.0855,2.2908,0.804311,0.6581,0.7553,0.7994,0.8503,0.884,0.9127,0.9439,0.9641,0.9812
325B,Chinese,layer_20,mean,17.9879,2.9072,0.767488,0.5823,0.7005,0.75,0.8094,0.8489,0.8832,0.9214,0.9474,0.9714
325B,Chinese,layer_21,mean,25.5769,3.6675,0.752772,0.5154,0.6575,0.7145,0.7817,0.8272,0.866,0.909,0.9386,0.966
325B,Chinese,layer_22,mean,37.879,4.9447,0.754452,0.4397,0.6003,0.6685,0.7466,0.8007,0.8466,0.897,0.931,0.9618
325B,Chinese,layer_23,mean,45.6877,6.3767,0.756531,0.3801,0.5687,0.6492,0.7393,0.7984,0.8471,0.8984,0.932,0.9622
325B,Chinese,layer_24,mean,51.9495,7.6691,0.767319,0.3405,0.5427,0.633,0.731,0.7938,0.8454,0.8996,0.9336,0.9635
325B,Chinese,layer_25,mean,60.8064,9.3528,0.776659,0.3015,0.5134,0.6086,0.7146,0.783,0.8394,0.8976,0.933,0.9634
325B,Chinese,layer_26,mean,75.1958,11.6534,0.780978,0.2643,0.4753,0.5743,0.6879,0.762,0.824,0.8886,0.9279,0.9609
325B,Chinese,layer_27,mean,79.924,12.7422,0.777086,0.2502,0.4643,0.5669,0.683,0.7584,0.8216,0.8863,0.926,0.9597
325B,Chinese,layer_28,mean,97.8221,17.1185,0.753471,0.1949,0.442,0.5498,0.6657,0.7403,0.8032,0.8692,0.9123,0.9512
325B,Chinese,layer_29,mean,38.959,7.0249,0.758896,0.348,0.6,0.6915,0.7791,0.8302,0.8721,0.9157,0.9438,0.9687
325B,French,layer_0,last,390.6372,70.4345,1.293776,0.0902,0.2093,0.2638,0.3519,0.4443,0.5569,0.7229,0.8487,0.9485
325B,French,layer_1,last,466.2666,53.2796,0.920393,0.1208,0.2174,0.2643,0.3405,0.4191,0.5174,0.6691,0.7928,0.9052
325B,French,layer_2,last,71.8302,4.8214,0.839243,0.4529,0.5292,0.5601,0.6034,0.6472,0.7016,0.7866,0.8587,0.9295
325B,French,layer_3,last,47.3675,3.6233,0.795747,0.5238,0.5879,0.6148,0.652,0.6879,0.7321,0.8023,0.8648,0.9295
325B,French,layer_4,last,35.3268,3.085,0.77039,0.5681,0.6266,0.6522,0.6858,0.7174,0.7558,0.8173,0.8728,0.9321
325B,French,layer_5,last,38.4291,3.1851,0.748253,0.5592,0.6155,0.6418,0.677,0.7089,0.7474,0.8096,0.8661,0.9273
325B,French,layer_6,last,41.6548,3.3039,0.73854,0.549,0.6051,0.6319,0.6683,0.7013,0.7405,0.8038,0.8615,0.9242
325B,French,layer_7,last,50.4946,3.6073,0.721346,0.5253,0.5801,0.6078,0.6456,0.6798,0.7214,0.7885,0.8498,0.9167
325B,French,layer_8,last,59.0003,3.9455,0.712926,0.5021,0.5598,0.5897,0.6305,0.6665,0.7095,0.779,0.8427,0.9122
325B,French,layer_9,last,66.407,4.2058,0.703889,0.4862,0.5435,0.5754,0.6183,0.6548,0.6985,0.7697,0.8355,0.9076
325B,French,layer_10,last,72.8762,4.4371,0.696039,0.4732,0.5311,0.5635,0.6082,0.6457,0.6903,0.7633,0.8303,0.9041
325B,French,layer_11,last,80.5628,4.6926,0.679879,0.46,0.519,0.5528,0.5994,0.6369,0.6808,0.7532,0.8213,0.8978
325B,French,layer_12,last,89.9501,5.0338,0.671378,0.4439,0.5032,0.5391,0.5879,0.6268,0.6718,0.7461,0.8156,0.8937
325B,French,layer_13,last,108.1821,5.7431,0.664344,0.4151,0.479,0.5162,0.5686,0.6099,0.6569,0.7338,0.8062,0.8876
325B,French,layer_14,last,111.6917,5.9399,0.660288,0.4079,0.4765,0.5138,0.5672,0.6088,0.656,0.7325,0.8047,0.8863
325B,French,layer_15,last,123.6213,6.4803,0.65824,0.39,0.4616,0.5011,0.5573,0.6008,0.6493,0.7276,0.8012,0.8839
325B,French,layer_16,last,140.6575,7.4478,0.659089,0.3627,0.4434,0.4854,0.5465,0.5924,0.6431,0.7241,0.7991,0.8827
325B,French,layer_17,last,131.4835,7.2728,0.659684,0.3669,0.4486,0.4954,0.5596,0.6057,0.6556,0.7349,0.8074,0.8873
325B,French,layer_18,last,74.9806,4.9364,0.661128,0.4473,0.5264,0.5685,0.6272,0.6687,0.7122,0.7793,0.8399,0.9062
325B,French,layer_19,last,67.6866,4.7385,0.656862,0.4562,0.541,0.5841,0.6429,0.6836,0.7257,0.7898,0.8471,0.9099
325B,French,layer_20,last,69.5536,4.7848,0.641318,0.4539,0.5386,0.5816,0.6397,0.6804,0.7227,0.7864,0.8433,0.9064
325B,French,layer_21,last,79.2758,5.315,0.629326,0.4293,0.5239,0.5684,0.6281,0.67,0.7136,0.7786,0.8364,0.9011
325B,French,layer_22,last,94.9909,6.0081,0.620456,0.4029,0.4999,0.5452,0.607,0.6517,0.6977,0.7653,0.8254,0.8936
325B,French,layer_23,last,107.9176,6.5904,0.616861,0.3841,0.4828,0.5279,0.5913,0.6381,0.6864,0.7566,0.8185,0.889
325B,French,layer_24,last,127.9174,7.7916,0.616738,0.3511,0.4591,0.5056,0.5729,0.6238,0.6753,0.7489,0.8128,0.8852
325B,French,layer_25,last,164.6095,9.7564,0.616975,0.3117,0.4211,0.4684,0.5398,0.5958,0.6525,0.7325,0.8008,0.8777
325B,French,layer_26,last,216.6897,13.163,0.618586,0.2654,0.3773,0.4271,0.5038,0.5661,0.629,0.7158,0.7889,0.8704
325B,French,layer_27,last,247.7521,16.0559,0.618824,0.2369,0.3554,0.4074,0.4888,0.5544,0.6194,0.7089,0.7837,0.867
325B,French,layer_28,last,304.2718,24.2604,0.612838,0.1797,0.327,0.3861,0.4714,0.5392,0.6046,0.6953,0.7726,0.8593
325B,French,layer_29,last,210.8684,19.8974,0.612735,0.1852,0.3992,0.4594,0.5405,0.6007,0.6568,0.7348,0.8017,0.877
325B,French,layer_0,mean,209.8326,35.9232,1.097464,0.1243,0.3091,0.3868,0.5011,0.5904,0.6839,0.8083,0.8938,0.9598
325B,French,layer_1,mean,151.0264,23.7021,0.888442,0.1506,0.3785,0.4591,0.5684,0.651,0.7344,0.8367,0.9021,0.9542
325B,French,layer_2,mean,2.2341,1.2123,0.817044,0.9081,0.9341,0.943,0.9545,0.963,0.9713,0.9815,0.9883,0.994
325B,French,layer_3,mean,1.9659,1.1693,0.789238,0.9247,0.9453,0.9531,0.9633,0.9702,0.9767,0.9847,0.9901,0.9948
325B,French,layer_4,mean,1.932,1.1658,0.780526,0.9261,0.9472,0.9552,0.9656,0.9722,0.9783,0.9856,0.9906,0.995
325B,French,layer_5,mean,2.2323,1.2192,0.789423,0.9055,0.9314,0.9438,0.9591,0.9683,0.9759,0.9843,0.9898,0.9945
325B,French,layer_6,mean,2.2747,1.2234,0.783091,0.904,0.9299,0.9423,0.957,0.9663,0.9741,0.983,0.9889,0.994
325B,French,layer_7,mean,2.7138,1.2946,0.801767,0.8787,0.9112,0.928,0.9469,0.9592,0.9695,0.9806,0.9875,0.9934
325B,French,layer_8,mean,3.0698,1.3465,0.805514,0.8615,0.8986,0.9175,0.9386,0.9529,0.9649,0.9777,0.9858,0.9925
325B,French,layer_9,mean,2.958,1.3261,0.797007,0.8681,0.904,0.9204,0.9396,0.9528,0.9644,0.9772,0.9853,0.9923
325B,French,layer_10,mean,3.1879,1.3597,0.800837,0.8573,0.8958,0.9134,0.9348,0.9494,0.9621,0.976,0.9846,0.9919
325B,French,layer_11,mean,3.3124,1.3745,0.791809,0.8526,0.8923,0.9103,0.932,0.9468,0.9596,0.974,0.9832,0.9911
325B,French,layer_12,mean,3.8154,1.4432,0.801925,0.832,0.8766,0.8974,0.9227,0.9398,0.9548,0.9713,0.9817,0.9904
325B,French,layer_13,mean,5.3537,1.639,0.814179,0.7804,0.8376,0.8653,0.8993,0.9229,0.9432,0.9646,0.9777,0.9884
325B,French,layer_14,mean,5.1667,1.6063,0.798701,0.7884,0.843,0.8687,0.9004,0.9225,0.9419,0.9629,0.9763,0.9875
325B,French,layer_15,mean,5.7723,1.6849,0.804858,0.7695,0.8309,0.8592,0.894,0.9178,0.9386,0.961,0.9751,0.987
325B,French,layer_16,mean,7.0742,1.8285,0.810321,0.7384,0.8065,0.8389,0.8785,0.9058,0.9298,0.9556,0.9719,0.9854
325B,French,layer_17,mean,8.7373,2.0043,0.81591,0.7049,0.7804,0.8176,0.862,0.8934,0.9206,0.9502,0.9688,0.9839
325B,French,layer_18,mean,11.7015,2.3135,0.821037,0.6553,0.742,0.7868,0.8396,0.8766,0.9094,0.9441,0.9652,0.9821
325B,French,layer_19,mean,15.1005,2.632,0.805424,0.6135,0.7112,0.7609,0.8195,0.8603,0.8961,0.9342,0.958,0.978
325B,French,layer_20,mean,26.6942,3.5714,0.77017,0.5247,0.6367,0.6961,0.7669,0.8171,0.8612,0.9083,0.939,0.9668
325B,French,layer_21,mean,37.4329,4.5281,0.751166,0.4634,0.5921,0.6571,0.7372,0.7934,0.8422,0.8948,0.929,0.9605
325B,French,layer_22,mean,51.3717,5.9387,0.748459,0.4007,0.5458,0.6185,0.7072,0.7699,0.8249,0.8839,0.9217,0.9563
325B,French,layer_23,mean,58.9482,6.8154,0.744672,0.3716,0.525,0.6011,0.6937,0.7603,0.8182,0.8797,0.9188,0.9544
325B,French,layer_24,mean,71.3732,8.7071,0.755111,0.324,0.4871,0.5717,0.674,0.7489,0.814,0.88,0.92,0.9553
325B,French,layer_25,mean,92.2904,12.0214,0.761882,0.2692,0.4373,0.5286,0.6429,0.7284,0.8014,0.8735,0.9162,0.9535
325B,French,layer_26,mean,118.3969,17.1498,0.768009,0.2162,0.3893,0.487,0.6107,0.7043,0.7845,0.8641,0.911,0.951
325B,French,layer_27,mean,131.6866,20.4473,0.765883,0.1918,0.3687,0.469,0.5985,0.6955,0.7773,0.8585,0.9069,0.9486
325B,French,layer_28,mean,163.2125,30.3028,0.752742,0.1356,0.3329,0.439,0.5775,0.6763,0.7586,0.8419,0.8939,0.9407
325B,French,layer_29,mean,137.6244,27.8055,0.755824,0.1378,0.3496,0.4736,0.6156,0.7084,0.7838,0.8591,0.906,0.9474
325B,Indonesian,layer_0,last,338.6162,64.0611,1.291823,0.0916,0.2206,0.3007,0.4053,0.4905,0.59,0.74,0.8575,0.9523
325B,Indonesian,layer_1,last,430.3868,69.4317,0.943569,0.0858,0.2138,0.2862,0.3818,0.4589,0.5507,0.6918,0.8073,0.9132
325B,Indonesian,layer_2,last,105.7523,7.2728,0.865443,0.3652,0.4662,0.5189,0.5828,0.6312,0.689,0.779,0.8546,0.9283
325B,Indonesian,layer_3,last,69.676,5.0426,0.822151,0.4418,0.5308,0.5767,0.6317,0.6723,0.7202,0.7956,0.8612,0.9283
325B,Indonesian,layer_4,last,49.1952,3.9873,0.795179,0.4982,0.579,0.6221,0.6718,0.7076,0.7487,0.8138,0.8711,0.9316
325B,Indonesian,layer_5,last,51.2748,4.0307,0.774049,0.4957,0.5739,0.6164,0.6667,0.7029,0.744,0.8088,0.8662,0.9277
325B,Indonesian,layer_6,last,53.056,4.111,0.76451,0.4907,0.5693,0.6116,0.6626,0.7002,0.7419,0.8072,0.8646,0.9262
325B,Indonesian,layer_7,last,59.6322,4.3653,0.751639,0.4761,0.553,0.5963,0.648,0.6873,0.731,0.7987,0.8581,0.922
325B,Indonesian,layer_8,last,67.1272,4.7744,0.743858,0.4547,0.5365,0.5833,0.6385,0.6789,0.7243,0.7938,0.8545,0.9197
325B,Indonesian,layer_9,last,71.0133,4.9653,0.737572,0.4456,0.5292,0.5766,0.6329,0.6739,0.7199,0.7904,0.8519,0.918
325B,Indonesian,layer_10,last,74.6624,5.2183,0.731384,0.4341,0.5242,0.5718,0.6299,0.6713,0.7176,0.7891,0.851,0.9172
325B,Indonesian,layer_11,last,78.1458,5.3338,0.717281,0.4293,0.5194,0.5679,0.6258,0.6664,0.7119,0.7826,0.8452,0.9132
325B,Indonesian,layer_12,last,83.4023,5.6166,0.710882,0.4179,0.5099,0.5597,0.6198,0.6614,0.7076,0.7796,0.8429,0.9114
325B,Indonesian,layer_13,last,94.4787,6.2489,0.706747,0.3954,0.4928,0.5447,0.6078,0.6522,0.6998,0.773,0.838,0.9084
325B,Indonesian,layer_14,last,96.7853,6.4717,0.703989,0.3879,0.4903,0.5432,0.6075,0.6526,0.7002,0.7729,0.8377,0.9081
325B,Indonesian,layer_15,last,103.2829,6.8751,0.701369,0.3757,0.4804,0.536,0.6009,0.6469,0.6957,0.7697,0.8354,0.9065
325B,Indonesian,layer_16,last,115.2369,7.7204,0.703762,0.3534,0.4621,0.5217,0.5905,0.6388,0.6897,0.7664,0.8336,0.9056
325B,Indonesian,layer_17,last,113.9101,7.8353,0.705856,0.3505,0.46,0.5195,0.5949,0.6447,0.6959,0.7726,0.8384,0.9082
325B,Indonesian,layer_18,last,74.5896,5.6128,0.70712,0.4172,0.5179,0.5743,0.644,0.6894,0.735,0.8025,0.8598,0.9203
325B,Indonesian,layer_19,last,70.7274,5.4009,0.701297,0.4257,0.5231,0.5792,0.6511,0.696,0.7409,0.8065,0.8622,0.9213
325B,Indonesian,layer_20,last,72.3036,5.421,0.683371,0.4249,0.5232,0.5778,0.6489,0.6931,0.7372,0.802,0.8577,0.9175
325B,Indonesian,layer_21,last,81.9115,5.948,0.66748,0.4047,0.509,0.5645,0.637,0.6821,0.727,0.7928,0.8497,0.9115
325B,Indonesian,layer_22,last,94.2735,6.7008,0.658991,0.3798,0.4912,0.5481,0.6232,0.6701,0.7162,0.7834,0.842,0.9063
325B,Indonesian,layer_23,last,104.7288,7.3357,0.654508,0.3621,0.4761,0.5357,0.6122,0.6604,0.7077,0.7765,0.8366,0.9028
325B,Indonesian,layer_24,last,118.7501,8.4622,0.653445,0.3347,0.4589,0.5198,0.6002,0.6511,0.7008,0.7715,0.8328,0.9003
325B,Indonesian,layer_25,last,142.4277,10.1987,0.65231,0.3023,0.4322,0.4948,0.5785,0.633,0.6861,0.761,0.8252,0.8956
325B,Indonesian,layer_26,last,171.0107,12.9787,0.654745,0.2637,0.4043,0.4694,0.5579,0.6163,0.6736,0.7529,0.8198,0.8925
325B,Indonesian,layer_27,last,184.9873,15.2827,0.658219,0.2384,0.39,0.458,0.5514,0.6131,0.6726,0.7534,0.8202,0.8928
325B,Indonesian,layer_28,last,218.855,22.6699,0.656619,0.1794,0.3606,0.4386,0.5398,0.6057,0.6664,0.7483,0.8161,0.8899
325B,Indonesian,layer_29,last,151.3647,19.3481,0.662356,0.1731,0.4144,0.5101,0.6082,0.6677,0.7206,0.7902,0.8468,0.9081
325B,Indonesian,layer_0,mean,151.0486,23.8144,1.136108,0.153,0.3803,0.466,0.5626,0.6354,0.7155,0.8262,0.9042,0.965
325B,Indonesian,layer_1,mean,105.2968,14.48,0.891853,0.2209,0.4534,0.5322,0.6236,0.6898,0.7588,0.8482,0.9088,0.9579
325B,Indonesian,layer_2,mean,1.934,1.1731,0.813358,0.9231,0.9506,0.9581,0.9663,0.9721,0.9779,0.9855,0.9908,0.9953
325B,Indonesian,layer_3,mean,1.6717,1.1249,0.778366,0.9428,0.9622,0.9682,0.9747,0.979,0.9833,0.9888,0.9927,0.9961
325B,Indonesian,layer_4,mean,1.5885,1.1093,0.762872,0.9494,0.966,0.9716,0.9777,0.9816,0.9853,0.99,0.9934,0.9964
325B,Indonesian,layer_5,mean,1.6697,1.1242,0.765656,0.9431,0.9609,0.9677,0.9753,0.9801,0.9844,0.9896,0.9931,0.9963
325B,Indonesian,layer_6,mean,1.6824,1.1261,0.759954,0.9423,0.9603,0.9671,0.9749,0.9796,0.984,0.9892,0.9928,0.9961
325B,Indonesian,layer_7,mean,1.8351,1.154,0.77513,0.9308,0.9518,0.9607,0.9704,0.9765,0.982,0.9881,0.9922,0.9958
325B,Indonesian,layer_8,mean,1.9716,1.177,0.778516,0.9216,0.9447,0.955,0.9663,0.9734,0.9795,0.9866,0.9912,0.9953
325B,Indonesian,layer_9,mean,1.9292,1.1682,0.772109,0.9251,0.9467,0.9565,0.967,0.9736,0.9796,0.9865,0.9911,0.9952
325B,Indonesian,layer_10,mean,2.0348,1.1871,0.7779,0.9177,0.9416,0.9524,0.9642,0.9717,0.9784,0.9859,0.9908,0.995
325B,Indonesian,layer_11,mean,2.0616,1.1895,0.770363,0.9168,0.94,0.951,0.9629,0.9705,0.9772,0.985,0.9901,0.9946
325B,Indonesian,layer_12,mean,2.2098,1.2136,0.780308,0.9076,0.9325,0.945,0.9588,0.9675,0.9752,0.9838,0.9895,0.9943
325B,Indonesian,layer_13,mean,2.6927,1.2911,0.792084,0.8799,0.9126,0.9291,0.9472,0.9589,0.969,0.9802,0.9872,0.9932
325B,Indonesian,layer_14,mean,2.6645,1.2828,0.778303,0.8827,0.9142,0.9297,0.9471,0.9581,0.9679,0.979,0.9863,0.9926
325B,Indonesian,layer_15,mean,2.7939,1.3041,0.785084,0.8754,0.9089,0.926,0.9447,0.9565,0.9668,0.9784,0.986,0.9925
325B,Indonesian,layer_16,mean,3.251,1.3701,0.791814,0.854,0.893,0.9133,0.9352,0.949,0.9612,0.975,0.9839,0.9915
325B,Indonesian,layer_17,mean,3.9832,1.4717,0.800299,0.8238,0.871,0.8961,0.9225,0.939,0.9536,0.9704,0.9812,0.9901
325B,Indonesian,layer_18,mean,5.0783,1.6162,0.806734,0.7858,0.8437,0.8743,0.9069,0.9273,0.9453,0.9656,0.9783,0.9887
325B,Indonesian,layer_19,mean,6.4866,1.7822,0.795349,0.7479,0.8174,0.853,0.8904,0.9138,0.9345,0.9577,0.9728,0.9856
325B,Indonesian,layer_20,mean,10.1118,2.144,0.762646,0.6809,0.7684,0.8105,0.8561,0.8851,0.911,0.9402,0.96,0.9781
325B,Indonesian,layer_21,mean,14.2077,2.533,0.746646,0.6253,0.7291,0.7772,0.8296,0.8634,0.8935,0.9276,0.951,0.9727
325B,Indonesian,layer_22,mean,20.7142,3.195,0.745193,0.5539,0.6856,0.7401,0.8002,0.8399,0.8755,0.9157,0.943,0.9683
325B,Indonesian,layer_23,mean,24.535,3.6069,0.74066,0.5194,0.6648,0.7235,0.7878,0.8303,0.8681,0.9106,0.9395,0.9661
325B,Indonesian,layer_24,mean,31.2372,4.4195,0.753033,0.4658,0.6284,0.6937,0.768,0.8184,0.8619,0.9087,0.939,0.966
325B,Indonesian,layer_25,mean,42.1223,5.7509,0.762182,0.4037,0.58,0.6547,0.7404,0.7997,0.8496,0.902,0.9351,0.9642
325B,Indonesian,layer_26,mean,55.286,7.7227,0.772832,0.3407,0.5346,0.6191,0.7153,0.7814,0.8371,0.8956,0.9319,0.9628
325B,Indonesian,layer_27,mean,64.4397,9.7102,0.777179,0.2942,0.5078,0.5995,0.704,0.7747,0.8331,0.8927,0.93,0.9619
325B,Indonesian,layer_28,mean,75.9761,13.1659,0.769739,0.2296,0.4801,0.5861,0.6966,0.7681,0.8267,0.8863,0.9246,0.9586
325B,Indonesian,layer_29,mean,56.8688,10.9185,0.77495,0.258,0.5277,0.6333,0.7405,0.8061,0.8574,0.9075,0.9389,0.9663
325B,Italian,layer_0,last,310.2892,42.0437,1.275029,0.1186,0.2687,0.3188,0.4046,0.4854,0.5834,0.7339,0.8519,0.9488
325B,Italian,layer_1,last,399.6005,46.364,0.910814,0.1038,0.2569,0.3059,0.3832,0.4542,0.5418,0.6819,0.7989,0.9076
325B,Italian,layer_2,last,150.9916,10.05,0.82866,0.3039,0.4365,0.4767,0.5333,0.5828,0.6438,0.7426,0.8283,0.9134
325B,Italian,layer_3,last,115.1203,7.1566,0.785206,0.3673,0.4791,0.5167,0.5673,0.6099,0.6622,0.7484,0.8265,0.9086
325B,Italian,layer_4,last,89.2167,5.7615,0.761244,0.4116,0.5164,0.5531,0.5995,0.6381,0.685,0.762,0.8331,0.91
325B,Italian,layer_5,last,95.6712,5.9127,0.74178,0.4065,0.5072,0.5434,0.59,0.6286,0.6757,0.7531,0.8252,0.9044
325B,Italian,layer_6,last,102.3448,6.2746,0.734878,0.3938,0.4976,0.536,0.5837,0.6234,0.6715,0.7496,0.8224,0.9022
325B,Italian,layer_7,last,123.7524,7.2518,0.719051,0.3648,0.4715,0.5118,0.5613,0.6025,0.6528,0.7346,0.8106,0.8946
325B,Italian,layer_8,last,137.619,8.2456,0.711105,0.3392,0.458,0.5006,0.5532,0.5958,0.6467,0.7298,0.8067,0.8917
325B,Italian,layer_9,last,150.0745,8.8982,0.703649,0.3255,0.4458,0.4898,0.5433,0.5869,0.6382,0.7223,0.8008,0.8879
325B,Italian,layer_10,last,152.4325,9.5171,0.697006,0.31,0.4469,0.4914,0.5454,0.5889,0.6397,0.7235,0.8011,0.8875
325B,Italian,layer_11,last,160.2321,10.0201,0.682622,0.2994,0.4428,0.4864,0.5414,0.5846,0.6345,0.7166,0.7944,0.8824
325B,Italian,layer_12,last,167.7748,10.8967,0.675351,0.2805,0.4388,0.4826,0.538,0.5815,0.6314,0.7139,0.792,0.8803
325B,Italian,layer_13,last,187.5309,12.5253,0.670224,0.2561,0.4222,0.4683,0.5267,0.5724,0.6237,0.7073,0.7867,0.8767
325B,Italian,layer_14,last,184.6883,12.7076,0.667454,0.2506,0.4255,0.4722,0.5315,0.5769,0.6275,0.7098,0.7881,0.8772
325B,Italian,layer_15,last,188.9407,13.0934,0.664942,0.2463,0.4225,0.4691,0.529,0.575,0.6265,0.7093,0.7876,0.8765
325B,Italian,layer_16,last,193.6462,14.1313,0.666407,0.2309,0.4184,0.4665,0.5286,0.5758,0.6286,0.7122,0.7904,0.8782
325B,Italian,layer_17,last,167.6941,12.2485,0.667215,0.2574,0.4342,0.4844,0.5506,0.5965,0.6475,0.728,0.8022,0.8848
325B,Italian,layer_18,last,91.4945,6.8725,0.669062,0.3675,0.5175,0.5641,0.6227,0.6635,0.7077,0.7753,0.8367,0.9048
325B,Italian,layer_19,last,80.6456,6.2582,0.663426,0.3874,0.5348,0.5806,0.6384,0.6788,0.7212,0.7856,0.8439,0.9084
325B,Italian,layer_20,last,81.2298,6.1336,0.647536,0.3927,0.5345,0.5788,0.6362,0.6766,0.7188,0.7828,0.8406,0.9052
325B,Italian,layer_21,last,91.677,6.7318,0.635993,0.374,0.5202,0.565,0.6244,0.6659,0.7095,0.7747,0.8335,0.8999
325B,Italian,layer_22,last,107.15,7.5168,0.628506,0.3531,0.4991,0.544,0.6052,0.6496,0.6954,0.763,0.8237,0.8932
325B,Italian,layer_23,last,119.9471,8.1441,0.626136,0.339,0.4826,0.5282,0.5904,0.6365,0.6846,0.7548,0.8175,0.8891
325B,Italian,layer_24,last,137.547,9.3688,0.62638,0.3142,0.4618,0.5097,0.5751,0.6246,0.6755,0.7487,0.813,0.8861
325B,Italian,layer_25,last,170.0689,11.3239,0.627583,0.2845,0.4261,0.4769,0.5465,0.6004,0.6559,0.7348,0.803,0.88
325B,Italian,layer_26,last,210.0421,14.4574,0.631301,0.2489,0.3889,0.4435,0.519,0.5785,0.6388,0.7234,0.7954,0.8755
325B,Italian,layer_27,last,227.3506,16.4958,0.634084,0.2308,0.373,0.4307,0.5111,0.5733,0.6356,0.7221,0.7947,0.8751
325B,Italian,layer_28,last,263.42,23.0614,0.631365,0.1843,0.3477,0.4146,0.5022,0.5663,0.6295,0.716,0.7895,0.8715
325B,Italian,layer_29,last,188.1967,20.3358,0.632611,0.1776,0.4039,0.4816,0.5679,0.6256,0.68,0.754,0.8173,0.8883
325B,Italian,layer_0,mean,158.3123,22.1035,1.102718,0.1764,0.3707,0.4465,0.5467,0.6265,0.7093,0.8208,0.8993,0.9617
325B,Italian,layer_1,mean,98.7452,12.9302,0.895975,0.2411,0.4583,0.5313,0.6239,0.696,0.7674,0.8551,0.9127,0.9595
325B,Italian,layer_2,mean,1.3658,1.0666,0.82214,0.9683,0.9771,0.9806,0.9845,0.9874,0.9902,0.9936,0.9959,0.9979
325B,Italian,layer_3,mean,1.2733,1.0491,0.789523,0.9763,0.9825,0.9853,0.9883,0.9905,0.9925,0.995,0.9967,0.9983
325B,Italian,layer_4,mean,1.2629,1.0475,0.78017,0.9771,0.9831,0.986,0.989,0.9911,0.993,0.9953,0.9969,0.9984
325B,Italian,layer_5,mean,1.3119,1.057,0.785039,0.9726,0.9798,0.9833,0.9873,0.99,0.9922,0.9949,0.9966,0.9982
325B,Italian,layer_6,mean,1.3258,1.0593,0.780343,0.9716,0.9789,0.9825,0.9866,0.9894,0.9917,0.9945,0.9964,0.9981
325B,Italian,layer_7,mean,1.4259,1.0789,0.798769,0.9627,0.9724,0.9774,0.9833,0.987,0.9901,0.9936,0.9959,0.9978
325B,Italian,layer_8,mean,1.4992,1.0922,0.801622,0.9568,0.9679,0.9737,0.9805,0.9849,0.9885,0.9926,0.9952,0.9975
325B,Italian,layer_9,mean,1.4844,1.0882,0.793033,0.9586,0.9688,0.974,0.9804,0.9846,0.9882,0.9923,0.995,0.9974
325B,Italian,layer_10,mean,1.5279,1.0962,0.795339,0.9551,0.9662,0.9718,0.9788,0.9834,0.9875,0.9919,0.9948,0.9972
325B,Italian,layer_11,mean,1.5538,1.1003,0.786555,0.9533,0.9647,0.9705,0.9777,0.9824,0.9866,0.9912,0.9943,0.997
325B,Italian,layer_12,mean,1.6533,1.1182,0.795636,0.9456,0.959,0.9658,0.9742,0.9798,0.9848,0.9902,0.9937,0.9967
325B,Italian,layer_13,mean,1.9265,1.1659,0.807242,0.9261,0.9442,0.9538,0.9655,0.9735,0.9803,0.9876,0.9921,0.9959
325B,Italian,layer_14,mean,1.9123,1.1616,0.791505,0.9278,0.9451,0.9543,0.9654,0.973,0.9796,0.9869,0.9915,0.9955
325B,Italian,layer_15,mean,2.0358,1.1827,0.797177,0.9195,0.939,0.9494,0.962,0.9705,0.9778,0.9857,0.9908,0.9951
325B,Italian,layer_16,mean,2.2624,1.2186,0.800952,0.9058,0.9289,0.9408,0.9554,0.9653,0.9739,0.9833,0.9893,0.9944
325B,Italian,layer_17,mean,2.6303,1.2746,0.805809,0.8856,0.9137,0.928,0.9458,0.9579,0.9684,0.9799,0.9873,0.9934
325B,Italian,layer_18,mean,3.1285,1.3472,0.80886,0.8613,0.8952,0.913,0.9348,0.9495,0.9624,0.9764,0.9851,0.9922
325B,Italian,layer_19,mean,3.7986,1.4355,0.79657,0.8343,0.8753,0.8962,0.9219,0.9392,0.9543,0.9707,0.9811,0.99
325B,Italian,layer_20,mean,5.685,1.6448,0.762324,0.7791,0.8311,0.8577,0.8918,0.9145,0.9344,0.9563,0.9707,0.9839
325B,Italian,layer_21,mean,7.7449,1.8564,0.74502,0.7329,0.7962,0.8281,0.8691,0.896,0.9199,0.9461,0.9634,0.9795
325B,Italian,layer_22,mean,11.3365,2.2045,0.742913,0.6718,0.7503,0.7895,0.8404,0.8735,0.9031,0.9351,0.956,0.9752
325B,Italian,layer_23,mean,14.3553,2.4916,0.741438,0.6312,0.7206,0.7651,0.8226,0.86,0.8933,0.9288,0.9518,0.9728
325B,Italian,layer_24,mean,20.0725,3.0478,0.751507,0.5691,0.6752,0.7275,0.7954,0.8406,0.8806,0.9223,0.948,0.9709
325B,Italian,layer_25,mean,30.9318,4.131,0.759741,0.4857,0.6143,0.677,0.7585,0.8137,0.8623,0.9117,0.9414,0.9674
325B,Italian,layer_26,mean,48.1224,5.995,0.767608,0.398,0.5484,0.6211,0.7165,0.7821,0.8398,0.8983,0.9333,0.9632
325B,Italian,layer_27,mean,60.5886,7.7848,0.767509,0.3429,0.5166,0.5943,0.6965,0.7673,0.8288,0.8908,0.9281,0.9603
325B,Italian,layer_28,mean,89.0836,13.4121,0.756144,0.2392,0.465,0.55,0.6644,0.7411,0.8063,0.8727,0.9143,0.9522
325B,Italian,layer_29,mean,102.0235,18.587,0.758377,0.1813,0.4307,0.5287,0.6581,0.7401,0.8066,0.8734,0.915,0.9525
325B,Swahili,layer_0,last,245.6233,69.9757,1.615478,0.0684,0.2117,0.2949,0.4375,0.5602,0.6832,0.8321,0.9235,0.9816
325B,Swahili,layer_1,last,321.019,77.2574,1.219837,0.0735,0.1997,0.2704,0.4015,0.5156,0.6337,0.7826,0.8807,0.9555
325B,Swahili,layer_2,last,76.4724,6.5119,1.134473,0.3874,0.4773,0.5233,0.6068,0.6784,0.7525,0.847,0.9112,0.9636
325B,Swahili,layer_3,last,49.9942,4.4961,1.082798,0.4689,0.5459,0.5844,0.6548,0.715,0.7773,0.858,0.9149,0.9635
325B,Swahili,layer_4,last,36.1028,3.6499,1.051191,0.5212,0.5968,0.6317,0.6933,0.7458,0.7998,0.8705,0.9212,0.9655
325B,Swahili,layer_5,last,36.4635,3.6756,1.025634,0.5193,0.5979,0.634,0.6945,0.7457,0.7988,0.8689,0.9197,0.9644
325B,Swahili,layer_6,last,36.7215,3.7123,1.01004,0.5165,0.599,0.6355,0.6944,0.746,0.7994,0.869,0.9196,0.9642
325B,Swahili,layer_7,last,39.9694,3.9206,0.991473,0.5022,0.5887,0.6255,0.6853,0.7384,0.7936,0.8651,0.917,0.9626
325B,Swahili,layer_8,last,45.1035,4.3614,0.975424,0.475,0.5747,0.6167,0.678,0.7324,0.7891,0.8624,0.9152,0.9615
325B,Swahili,layer_9,last,48.001,4.5672,0.961181,0.4637,0.567,0.6101,0.6722,0.7272,0.7849,0.8596,0.9133,0.9603
325B,Swahili,layer_10,last,49.9552,4.759,0.942794,0.4537,0.5631,0.6094,0.6724,0.7263,0.7834,0.8582,0.9119,0.9592
325B,Swahili,layer_11,last,51.5636,4.86,0.915782,0.4486,0.5621,0.6094,0.6719,0.7243,0.7799,0.8536,0.908,0.9567
325B,Swahili,layer_12,last,53.3208,4.9414,0.897812,0.4449,0.5586,0.6056,0.6689,0.7206,0.7761,0.8507,0.9056,0.955
325B,Swahili,layer_13,last,58.9098,5.405,0.880755,0.4241,0.5474,0.5971,0.6631,0.7147,0.7697,0.8451,0.9014,0.9525
325B,Swahili,layer_14,last,61.7066,5.7298,0.867747,0.4106,0.5429,0.5955,0.6629,0.7136,0.7679,0.8432,0.8998,0.9513
325B,Swahili,layer_15,last,65.1992,5.9603,0.859162,0.4022,0.5343,0.5884,0.6569,0.7081,0.7632,0.8402,0.8977,0.9499
325B,Swahili,layer_16,last,74.0488,6.8562,0.85426,0.3725,0.5147,0.5736,0.646,0.6999,0.7571,0.8373,0.8961,0.9488
325B,Swahili,layer_17,last,76.693,7.1371,0.849185,0.3646,0.506,0.5666,0.644,0.6993,0.7574,0.8378,0.8963,0.9486
325B,Swahili,layer_18,last,54.6595,5.5443,0.846767,0.4166,0.5523,0.615,0.6866,0.7358,0.7872,0.8581,0.9094,0.955
325B,Swahili,layer_19,last,52.8018,5.4076,0.83652,0.4221,0.5564,0.6184,0.6921,0.7402,0.7907,0.8603,0.9104,0.9551
325B,Swahili,layer_20,last,55.7911,5.5476,0.804426,0.4164,0.5532,0.6147,0.6866,0.734,0.7837,0.8529,0.9039,0.9505
325B,Swahili,layer_21,last,63.4536,6.1229,0.777898,0.3946,0.5384,0.6016,0.6754,0.7231,0.773,0.8429,0.8955,0.9447
325B,Swahili,layer_22,last,69.4818,6.6938,0.765811,0.3753,0.53,0.594,0.6678,0.7162,0.7664,0.8368,0.8905,0.9414
325B,Swahili,layer_23,last,74.4486,7.1775,0.759095,0.3607,0.5224,0.5877,0.6614,0.7106,0.7613,0.8326,0.8873,0.9393
325B,Swahili,layer_24,last,79.3007,7.8123,0.755598,0.343,0.5162,0.5818,0.657,0.7071,0.7583,0.8302,0.8854,0.938
325B,Swahili,layer_25,last,90.0038,8.889,0.746054,0.3179,0.5009,0.5665,0.6435,0.6955,0.748,0.822,0.8791,0.934
325B,Swahili,layer_26,last,103.319,10.395,0.736073,0.2889,0.4838,0.5501,0.6294,0.6829,0.7372,0.8134,0.8724,0.9296
325B,Swahili,layer_27,last,113.7253,11.8154,0.725902,0.2652,0.472,0.54,0.6206,0.675,0.7303,0.8072,0.8669,0.9257
325B,Swahili,layer_28,last,141.203,17.6763,0.718662,0.1862,0.4394,0.5181,0.6025,0.6603,0.7184,0.7984,0.86,0.9209
325B,Swahili,layer_29,last,61.1371,7.5299,0.723649,0.3422,0.5652,0.636,0.7062,0.7523,0.7972,0.856,0.8999,0.9433
325B,Swahili,layer_0,mean,67.7602,13.343,1.179105,0.2015,0.5148,0.6016,0.6895,0.7574,0.8242,0.9025,0.9497,0.9823
325B,Swahili,layer_1,mean,55.6438,10.2895,0.953193,0.2532,0.5526,0.6315,0.7163,0.7805,0.841,0.9087,0.9483,0.9772
325B,Swahili,layer_2,mean,1.3943,1.0779,0.887013,0.9632,0.9773,0.9815,0.9857,0.9888,0.9918,0.9951,0.997,0.9986
325B,Swahili,layer_3,mean,1.2926,1.0574,0.85585,0.9725,0.9831,0.9862,0.9894,0.9917,0.9938,0.9962,0.9977,0.9988
325B,Swahili,layer_4,mean,1.2657,1.052,0.843113,0.9749,0.9847,0.9876,0.9905,0.9925,0.9944,0.9965,0.9978,0.9989
325B,Swahili,layer_5,mean,1.2858,1.0563,0.842256,0.973,0.9835,0.9867,0.99,0.9922,0.9942,0.9964,0.9978,0.9989
325B,Swahili,layer_6,mean,1.2934,1.0582,0.837137,0.9721,0.9832,0.9865,0.9899,0.9921,0.9941,0.9963,0.9977,0.9988
325B,Swahili,layer_7,mean,1.3087,1.0611,0.844538,0.9708,0.9821,0.9856,0.9893,0.9917,0.9938,0.9962,0.9977,0.9988
325B,Swahili,layer_8,mean,1.347,1.0694,0.842903,0.967,0.9801,0.984,0.9882,0.9908,0.9932,0.9958,0.9974,0.9987
325B,Swahili,layer_9,mean,1.3469,1.0694,0.839899,0.967,0.9802,0.9841,0.9881,0.9907,0.9931,0.9958,0.9974,0.9987
325B,Swahili,layer_10,mean,1.3756,1.0758,0.842037,0.9641,0.9788,0.9831,0.9874,0.9902,0.9928,0.9956,0.9973,0.9986
325B,Swahili,layer_11,mean,1.3813,1.0768,0.833387,0.9636,0.9784,0.9828,0.9872,0.99,0.9926,0.9954,0.9971,0.9985
325B,Swahili,layer_12,mean,1.4059,1.0814,0.839249,0.9616,0.9767,0.9815,0.9863,0.9894,0.9921,0.9952,0.997,0.9985
325B,Swahili,layer_13,mean,1.497,1.1008,0.844483,0.953,0.9719,0.978,0.9838,0.9875,0.9908,0.9944,0.9965,0.9982
325B,Swahili,layer_14,mean,1.5263,1.1075,0.837667,0.9501,0.9707,0.9772,0.9832,0.987,0.9903,0.994,0.9963,0.9981
325B,Swahili,layer_15,mean,1.5071,1.1031,0.842623,0.9521,0.9715,0.9777,0.9837,0.9874,0.9906,0.9943,0.9965,0.9982
325B,Swahili,layer_16,mean,1.6444,1.1316,0.850735,0.9399,0.9647,0.9724,0.9799,0.9845,0.9886,0.9931,0.9958,0.9979
325B,Swahili,layer_17,mean,1.7948,1.1607,0.860436,0.928,0.9569,0.9666,0.9757,0.9813,0.9862,0.9918,0.995,0.9975
325B,Swahili,layer_18,mean,2.1149,1.2286,0.868909,0.9018,0.9438,0.9568,0.9691,0.9764,0.9828,0.9898,0.9939,0.997
325B,Swahili,layer_19,mean,2.3334,1.2635,0.859645,0.8892,0.9343,0.9492,0.9632,0.9715,0.9787,0.987,0.9921,0.9961
325B,Swahili,layer_20,mean,2.9886,1.3604,0.825887,0.8567,0.9116,0.9289,0.9461,0.957,0.9669,0.9785,0.9863,0.993
325B,Swahili,layer_21,mean,3.6379,1.4436,0.79978,0.8315,0.8926,0.9121,0.9315,0.944,0.9558,0.9703,0.9806,0.9899
325B,Swahili,layer_22,mean,4.4932,1.5631,0.790897,0.7986,0.8728,0.8957,0.9184,0.9332,0.9469,0.9639,0.9762,0.9874
325B,Swahili,layer_23,mean,4.9084,1.6141,0.782152,0.7858,0.8641,0.8884,0.9122,0.9278,0.9423,0.9604,0.9737,0.986
325B,Swahili,layer_24,mean,5.8036,1.7465,0.788194,0.7546,0.8468,0.8745,0.903,0.9213,0.9381,0.9582,0.9723,0.9853
325B,Swahili,layer_25,mean,7.2529,1.9153,0.784662,0.72,0.8216,0.8537,0.8867,0.9079,0.9275,0.9509,0.9675,0.9827
325B,Swahili,layer_26,mean,9.8545,2.2039,0.78057,0.6699,0.7866,0.8243,0.8635,0.889,0.9126,0.941,0.9609,0.9791
325B,Swahili,layer_27,mean,13.9563,2.6309,0.774404,0.6113,0.7456,0.7901,0.8376,0.8679,0.8951,0.9284,0.9522,0.9743
325B,Swahili,layer_28,mean,26.7986,4.0762,0.774642,0.4836,0.6678,0.7265,0.788,0.8276,0.8626,0.9056,0.9368,0.966
325B,Swahili,layer_29,mean,55.1026,11.322,0.786343,0.2143,0.5657,0.6633,0.7499,0.8019,0.8465,0.8972,0.9317,0.9632
325B,Spanish,layer_0,last,305.174,38.8097,1.252204,0.119,0.2747,0.3237,0.4026,0.4815,0.5796,0.7318,0.851,0.9479
325B,Spanish,layer_1,last,376.9347,37.2992,0.893655,0.1234,0.2735,0.3157,0.3832,0.4528,0.5407,0.6805,0.7975,0.9061
325B,Spanish,layer_2,last,22.6166,2.6773,0.811896,0.6087,0.6935,0.7119,0.7386,0.7653,0.7994,0.8546,0.9027,0.9506
325B,Spanish,layer_3,last,14.1942,2.1294,0.766527,0.6841,0.7476,0.7622,0.7828,0.8032,0.8292,0.8723,0.9116,0.9531
325B,Spanish,layer_4,last,11.4171,1.9409,0.741665,0.717,0.7717,0.7849,0.8031,0.8208,0.8432,0.8811,0.9163,0.9547
325B,Spanish,layer_5,last,12.3552,1.9821,0.720994,0.7095,0.7626,0.7758,0.7944,0.8124,0.8353,0.874,0.9105,0.9508
325B,Spanish,layer_6,last,13.7149,2.0563,0.711513,0.6965,0.7511,0.7647,0.7839,0.8027,0.8262,0.8666,0.9049,0.9473
325B,Spanish,layer_7,last,16.4686,2.2032,0.693329,0.6726,0.7316,0.7457,0.766,0.7858,0.8109,0.8539,0.8951,0.9411
325B,Spanish,layer_8,last,19.6789,2.3972,0.684388,0.6442,0.7139,0.7293,0.7512,0.7719,0.7981,0.8435,0.8872,0.9362
325B,Spanish,layer_9,last,22.0552,2.5095,0.673095,0.6294,0.7015,0.7176,0.74,0.761,0.7876,0.8344,0.8801,0.9317
325B,Spanish,layer_10,last,24.5319,2.6609,0.66375,0.6104,0.6915,0.7085,0.7314,0.7528,0.7801,0.8283,0.8751,0.9282
325B,Spanish,layer_11,last,27.0157,2.7845,0.645068,0.5961,0.6825,0.7001,0.7234,0.7448,0.7717,0.8196,0.8672,0.9225
325B,Spanish,layer_12,last,30.0734,2.9386,0.633288,0.5795,0.6715,0.6895,0.713,0.7347,0.7622,0.8115,0.8606,0.9178
325B,Spanish,layer_13,last,36.5038,3.2399,0.623957,0.5508,0.6493,0.6684,0.6937,0.7171,0.7461,0.7981,0.85,0.9109
325B,Spanish,layer_14,last,38.4659,3.3801,0.617301,0.538,0.6461,0.6654,0.691,0.7145,0.7434,0.7951,0.8471,0.9086
325B,Spanish,layer_15,last,42.9466,3.575,0.613652,0.5226,0.6328,0.653,0.6793,0.704,0.7341,0.7877,0.8414,0.9048
325B,Spanish,layer_16,last,51.3156,4.0255,0.614302,0.4906,0.6124,0.6341,0.6634,0.6901,0.7228,0.7797,0.8358,0.9013
325B,Spanish,layer_17,last,51.7031,4.0675,0.614662,0.4887,0.6094,0.6361,0.6667,0.6938,0.7268,0.7837,0.8388,0.9029
325B,Spanish,layer_18,last,34.933,3.3024,0.617348,0.5458,0.6557,0.6818,0.7117,0.7371,0.7668,0.8161,0.8632,0.9175
325B,Spanish,layer_19,last,34.2516,3.2951,0.613856,0.5464,0.6572,0.6858,0.7166,0.7423,0.7718,0.82,0.8658,0.9187
325B,Spanish,layer_20,last,36.6507,3.3722,0.603268,0.5404,0.6466,0.6765,0.7091,0.7358,0.7664,0.8151,0.8614,0.9151
325B,Spanish,layer_21,last,43.5933,3.6967,0.597263,0.5157,0.6246,0.6566,0.6923,0.7212,0.7538,0.8051,0.8533,0.9094
325B,Spanish,layer_22,last,54.1709,4.1282,0.591468,0.4877,0.5941,0.6292,0.6685,0.7003,0.7358,0.7903,0.8413,0.9014
325B,Spanish,layer_23,last,64.6131,4.5659,0.591506,0.4634,0.5681,0.606,0.6488,0.6836,0.722,0.78,0.8336,0.8964
325B,Spanish,layer_24,last,81.5097,5.3386,0.594925,0.4277,0.533,0.5745,0.6239,0.6631,0.7058,0.7687,0.8255,0.8913
325B,Spanish,layer_25,last,110.6904,6.5292,0.597647,0.3863,0.4861,0.5303,0.586,0.6305,0.6786,0.7489,0.8111,0.8825
325B,Spanish,layer_26,last,152.228,8.5661,0.603868,0.3358,0.4362,0.4833,0.5479,0.5987,0.6531,0.7313,0.7991,0.8755
325B,Spanish,layer_27,last,180.8734,10.4137,0.606551,0.3029,0.4073,0.458,0.5298,0.5851,0.6426,0.7243,0.7941,0.8724
325B,Spanish,layer_28,last,230.6703,16.0602,0.605462,0.2346,0.3733,0.4313,0.5131,0.5728,0.6313,0.7144,0.7862,0.867
325B,Spanish,layer_29,last,186.2249,17.5058,0.604016,0.2045,0.417,0.4841,0.5665,0.6193,0.6699,0.7432,0.807,0.8795
325B,Spanish,layer_0,mean,195.1049,29.8079,1.079476,0.1462,0.3305,0.411,0.5166,0.5973,0.6849,0.8052,0.8905,0.9581
325B,Spanish,layer_1,mean,130.8756,19.774,0.876476,0.1829,0.4094,0.4896,0.5955,0.6719,0.7491,0.8436,0.9052,0.9552
325B,Spanish,layer_2,mean,4.9907,1.5907,0.798935,0.792,0.8573,0.8787,0.904,0.9214,0.9385,0.9596,0.9739,0.9865
325B,Spanish,layer_3,mean,4.0266,1.471,0.770084,0.8239,0.8777,0.8975,0.9208,0.9355,0.9489,0.9657,0.9773,0.9879
325B,Spanish,layer_4,mean,3.921,1.4556,0.761141,0.8283,0.8793,0.8993,0.9226,0.9373,0.9502,0.9663,0.9776,0.9879
325B,Spanish,layer_5,mean,4.9957,1.6084,0.770814,0.7876,0.849,0.8778,0.9104,0.9297,0.9456,0.9639,0.9761,0.9871
325B,Spanish,layer_6,mean,5.1466,1.6183,0.763939,0.7852,0.8471,0.8751,0.9067,0.9259,0.9418,0.9608,0.974,0.986
325B,Spanish,layer_7,mean,7.1813,1.8624,0.786116,0.7313,0.8082,0.8422,0.8827,0.9083,0.93,0.9547,0.9706,0.9844
325B,Spanish,layer_8,mean,9.044,2.0608,0.792975,0.6947,0.781,0.818,0.8643,0.8943,0.9196,0.9482,0.9668,0.9825
325B,Spanish,layer_9,mean,8.7572,2.0064,0.782435,0.7043,0.7872,0.8217,0.8642,0.8923,0.9167,0.9456,0.9648,0.9814
325B,Spanish,layer_10,mean,9.9056,2.1308,0.788528,0.6831,0.7703,0.8078,0.8548,0.8861,0.9133,0.9442,0.9641,0.981
325B,Spanish,layer_11,mean,10.5992,2.1922,0.779128,0.6732,0.764,0.8024,0.8495,0.8807,0.9081,0.9399,0.9611,0.9793
325B,Spanish,layer_12,mean,13.1268,2.4741,0.788941,0.6326,0.7372,0.7813,0.8349,0.8704,0.9011,0.9361,0.959,0.9784
325B,Spanish,layer_13,mean,21.055,3.2986,0.802638,0.5452,0.6743,0.7277,0.7965,0.8426,0.8822,0.9256,0.953,0.9755
325B,Spanish,layer_14,mean,20.3929,3.1435,0.782751,0.5592,0.6805,0.7325,0.7968,0.8399,0.8776,0.9204,0.9487,0.9727
325B,Spanish,layer_15,mean,22.5301,3.3677,0.788475,0.5394,0.6672,0.7212,0.7889,0.8342,0.8737,0.9181,0.9474,0.9723
325B,Spanish,layer_16,mean,28.3029,3.9233,0.79389,0.4979,0.6357,0.6945,0.7679,0.8176,0.8611,0.9105,0.9429,0.9701
325B,Spanish,layer_17,mean,37.1483,4.8866,0.7997,0.4424,0.5978,0.6612,0.7436,0.7991,0.8479,0.9026,0.9385,0.968
325B,Spanish,layer_18,mean,46.5169,6.0639,0.804452,0.3919,0.5658,0.6328,0.7219,0.7828,0.8369,0.8968,0.9353,0.9665
325B,Spanish,layer_19,mean,55.6089,7.1956,0.789068,0.3542,0.5425,0.6134,0.706,0.7692,0.8249,0.8869,0.9273,0.9616
325B,Spanish,layer_20,mean,82.2808,9.9122,0.757539,0.2939,0.489,0.5623,0.6607,0.728,0.7885,0.858,0.9051,0.9482
325B,Spanish,layer_21,mean,96.433,12.3199,0.747705,0.2543,0.4627,0.5407,0.6458,0.716,0.7794,0.8521,0.9008,0.945
325B,Spanish,layer_22,mean,102.0356,12.4775,0.747458,0.2575,0.4498,0.5285,0.6345,0.7063,0.7725,0.8489,0.8993,0.9441
325B,Spanish,layer_23,mean,102.0222,12.4793,0.745797,0.2592,0.4473,0.5263,0.6341,0.7075,0.7746,0.8509,0.9006,0.9447
325B,Spanish,layer_24,mean,103.1501,13.0058,0.758745,0.2545,0.4352,0.5181,0.6306,0.7081,0.7788,0.8579,0.9069,0.9486
325B,Spanish,layer_25,mean,117.0091,15.6124,0.767254,0.2275,0.4079,0.494,0.6123,0.696,0.7719,0.8554,0.9061,0.9487
325B,Spanish,layer_26,mean,135.3382,19.4067,0.778303,0.1979,0.3774,0.4651,0.59,0.6797,0.7611,0.851,0.9047,0.9486
325B,Spanish,layer_27,mean,142.3249,21.1856,0.776311,0.1847,0.3692,0.4582,0.5852,0.6761,0.7573,0.8471,0.9015,0.9468
325B,Spanish,layer_28,mean,147.2876,23.0224,0.764039,0.1705,0.362,0.4591,0.5883,0.6779,0.7561,0.8422,0.8962,0.9431
325B,Spanish,layer_29,mean,105.0341,16.3213,0.765687,0.2128,0.4171,0.5202,0.6459,0.7259,0.793,0.866,0.9119,0.9516
325B,German,layer_0,last,442.1625,79.8244,1.252965,0.0884,0.1852,0.2412,0.3298,0.4188,0.5298,0.6999,0.8328,0.9421
325B,German,layer_1,last,506.2503,59.1505,0.890707,0.1136,0.2052,0.2557,0.3336,0.4076,0.5014,0.6524,0.7792,0.8975
325B,German,layer_2,last,429.2258,30.6749,0.8069,0.1714,0.2544,0.3005,0.369,0.4319,0.5129,0.6467,0.7633,0.8797
325B,German,layer_3,last,414.8241,24.802,0.761912,0.1936,0.271,0.314,0.3786,0.4365,0.5098,0.6335,0.7461,0.8649
325B,German,layer_4,last,370.4738,20.053,0.738541,0.2171,0.2929,0.3359,0.3998,0.4542,0.5229,0.6385,0.7453,0.8614
325B,German,layer_5,last,420.0741,23.4766,0.717465,0.1998,0.2745,0.3183,0.3836,0.4393,0.5081,0.6246,0.7328,0.8521
325B,German,layer_6,last,419.0694,23.5401,0.710324,0.1991,0.2762,0.3198,0.384,0.4406,0.5094,0.6254,0.7328,0.8513
325B,German,layer_7,last,495.0842,31.1232,0.69434,0.1703,0.2506,0.2962,0.3622,0.4194,0.49,0.6091,0.7195,0.842
325B,German,layer_8,last,495.9038,33.1055,0.687523,0.1633,0.2514,0.3,0.3676,0.4243,0.494,0.612,0.721,0.842
325B,German,layer_9,last,520.2198,36.0709,0.679248,0.1553,0.245,0.2947,0.3631,0.4192,0.4878,0.6056,0.7157,0.8381
325B,German,layer_10,last,538.3592,38.6169,0.671992,0.1492,0.2399,0.2908,0.3599,0.4159,0.4841,0.6021,0.7123,0.8352
325B,German,layer_11,last,590.4488,45.4068,0.656789,0.1355,0.2271,0.2797,0.3496,0.4052,0.4723,0.5887,0.6997,0.8259
325B,German,layer_12,last,633.3099,54.0565,0.648297,0.121,0.2161,0.2708,0.3412,0.3968,0.4646,0.5821,0.6939,0.8213
325B,German,layer_13,last,690.4443,69.2746,0.641015,0.1015,0.2005,0.2571,0.3298,0.3875,0.4565,0.5746,0.6874,0.8162
325B,German,layer_14,last,659.3541,63.4415,0.636397,0.1071,0.2093,0.2677,0.3405,0.3973,0.4649,0.5797,0.6903,0.8171
325B,German,layer_15,last,653.3275,63.2143,0.633656,0.1064,0.212,0.2702,0.3423,0.3994,0.4671,0.5818,0.6919,0.8175
325B,German,layer_16,last,597.9487,55.6301,0.635055,0.1145,0.2248,0.2849,0.3585,0.4162,0.4832,0.5962,0.7033,0.8243
325B,German,layer_17,last,367.8195,23.2111,0.636189,0.1964,0.3039,0.3641,0.4339,0.4863,0.5463,0.6467,0.7408,0.8462
325B,German,layer_18,last,111.6998,6.3652,0.638449,0.3928,0.4787,0.5246,0.5811,0.6228,0.6685,0.7429,0.8115,0.888
325B,German,layer_19,last,84.0297,5.3081,0.635181,0.4306,0.5194,0.5627,0.6165,0.6559,0.6983,0.7662,0.8283,0.8975
325B,German,layer_20,last,80.1727,5.0871,0.621537,0.4401,0.5275,0.569,0.6208,0.6596,0.7012,0.7673,0.8279,0.8959
325B,German,layer_21,last,88.2613,5.4996,0.611462,0.4222,0.5168,0.5589,0.6122,0.6522,0.6946,0.7613,0.8223,0.8914
325B,German,layer_22,last,105.5653,6.1549,0.603498,0.3987,0.4914,0.5344,0.5903,0.633,0.6778,0.747,0.8105,0.8834
325B,German,layer_23,last,119.919,6.7694,0.601547,0.3795,0.4734,0.517,0.5744,0.6197,0.6664,0.7383,0.8038,0.879
325B,German,layer_24,last,142.2223,7.9526,0.60258,0.3487,0.4487,0.4939,0.5553,0.6046,0.6546,0.7302,0.7979,0.8751
325B,German,layer_25,last,183.3069,9.9743,0.603118,0.3097,0.4106,0.4565,0.5222,0.5757,0.6308,0.7126,0.7852,0.8673
325B,German,layer_26,last,237.1287,13.2964,0.605887,0.2657,0.3695,0.4183,0.4882,0.5476,0.6085,0.6969,0.7741,0.8605
325B,German,layer_27,last,267.3058,15.8805,0.604788,0.2404,0.3502,0.4016,0.4753,0.5364,0.5995,0.6905,0.7691,0.8569
325B,German,layer_28,last,316.6516,23.0319,0.597285,0.1868,0.3289,0.3872,0.4643,0.5257,0.5882,0.6791,0.759,0.8496
325B,German,layer_29,last,188.2768,16.2525,0.596358,0.2078,0.4247,0.4824,0.555,0.6055,0.6565,0.7316,0.7977,0.8732
325B,German,layer_0,mean,220.9925,32.8074,1.123391,0.1423,0.3077,0.3861,0.4859,0.5681,0.661,0.791,0.8845,0.9575
325B,German,layer_1,mean,147.8326,18.8225,0.88981,0.2003,0.3892,0.4692,0.5632,0.6389,0.7199,0.8241,0.8945,0.9515
325B,German,layer_2,mean,1.9397,1.161,0.811767,0.928,0.9461,0.9536,0.9621,0.9685,0.9751,0.9836,0.9895,0.9947
325B,German,layer_3,mean,1.7252,1.1262,0.779525,0.9423,0.9565,0.963,0.9701,0.975,0.9801,0.9866,0.9912,0.9954
325B,German,layer_4,mean,1.6909,1.1225,0.770606,0.9438,0.9585,0.9654,0.9725,0.9771,0.9818,0.9876,0.9919,0.9957
325B,German,layer_5,mean,1.8462,1.1509,0.777415,0.9321,0.9497,0.9585,0.9684,0.9746,0.9802,0.9868,0.9913,0.9954
325B,German,layer_6,mean,1.8626,1.1529,0.770873,0.9313,0.9494,0.9579,0.9676,0.9737,0.9793,0.9861,0.9908,0.9951
325B,German,layer_7,mean,2.1441,1.2015,0.789481,0.9122,0.9352,0.9464,0.96,0.9683,0.9758,0.9842,0.9898,0.9946
325B,German,layer_8,mean,2.3096,1.227,0.791611,0.9027,0.9277,0.9401,0.9552,0.9646,0.9729,0.9824,0.9886,0.994
325B,German,layer_9,mean,2.2291,1.211,0.78418,0.9086,0.9313,0.9425,0.956,0.9648,0.9728,0.9822,0.9884,0.9939
325B,German,layer_10,mean,2.384,1.2365,0.787782,0.8992,0.9247,0.9371,0.9522,0.9622,0.9711,0.9813,0.9879,0.9936
325B,German,layer_11,mean,2.4409,1.2445,0.779719,0.8963,0.9227,0.9355,0.9509,0.9608,0.9697,0.9801,0.987,0.9931
325B,German,layer_12,mean,2.6966,1.2859,0.789094,0.8816,0.9128,0.9277,0.9455,0.9568,0.9671,0.9787,0.9862,0.9927
325B,German,layer_13,mean,3.5825,1.4154,0.801015,0.8401,0.882,0.903,0.9282,0.9442,0.9582,0.9734,0.983,0.9911
325B,German,layer_14,mean,3.4223,1.3879,0.786866,0.8485,0.8874,0.9074,0.9302,0.9449,0.9582,0.9729,0.9824,0.9907
325B,German,layer_15,mean,3.6644,1.4234,0.792212,0.8378,0.8803,0.9019,0.9265,0.9421,0.9562,0.9717,0.9818,0.9904
325B,German,layer_16,mean,4.2258,1.4973,0.79766,0.8167,0.8649,0.8896,0.9168,0.9345,0.9505,0.9683,0.9797,0.9894
325B,German,layer_17,mean,4.8205,1.5701,0.80318,0.7974,0.8498,0.8769,0.9071,0.9271,0.945,0.9651,0.9779,0.9885
325B,German,layer_18,mean,5.7907,1.6882,0.808033,0.7688,0.8276,0.8588,0.8941,0.9181,0.939,0.9618,0.976,0.9875
325B,German,layer_19,mean,7.0136,1.8224,0.793656,0.7396,0.8077,0.842,0.8808,0.9068,0.9297,0.9548,0.971,0.9846
325B,German,layer_20,mean,11.1451,2.1847,0.759796,0.6749,0.7522,0.7922,0.8408,0.8741,0.9028,0.9348,0.9563,0.976
325B,German,layer_21,mean,15.3507,2.5479,0.740058,0.624,0.7148,0.7595,0.8144,0.8526,0.8857,0.9225,0.9471,0.9703
325B,German,layer_22,mean,23.5156,3.2138,0.737394,0.5542,0.6584,0.7098,0.7761,0.8224,0.8629,0.9074,0.9369,0.9645
325B,German,layer_23,mean,28.8094,3.6753,0.735025,0.517,0.631,0.6868,0.7583,0.8091,0.8533,0.9012,0.9327,0.962
325B,German,layer_24,mean,38.9737,4.7118,0.745512,0.4539,0.5835,0.6463,0.7322,0.7922,0.8442,0.8976,0.9309,0.9612
325B,German,layer_25,mean,58.6578,6.8634,0.751837,0.371,0.5182,0.5905,0.6918,0.7636,0.825,0.8863,0.9238,0.9574
325B,German,layer_26,mean,86.1531,10.7881,0.758503,0.2868,0.4534,0.5357,0.6509,0.7328,0.8037,0.8742,0.9166,0.9537
325B,German,layer_27,mean,104.4711,14.3638,0.755464,0.2395,0.4219,0.5091,0.6311,0.7183,0.7925,0.8663,0.9107,0.9502
325B,German,layer_28,mean,134.7893,21.7844,0.742877,0.1756,0.3821,0.4773,0.6072,0.6968,0.7724,0.8492,0.8978,0.9424
325B,German,layer_29,mean,140.3149,30.6792,0.744003,0.104,0.3604,0.478,0.6198,0.7082,0.7814,0.8556,0.9025,0.9449
325B,Hindi,layer_0,last,120.1376,40.6804,1.772716,0.1087,0.2624,0.3773,0.5714,0.704,0.8208,0.9366,0.9859,0.999
325B,Hindi,layer_1,last,210.0169,47.9892,1.165148,0.1112,0.2337,0.3297,0.4776,0.6024,0.7219,0.8505,0.9226,0.9714
325B,Hindi,layer_2,last,6.7423,1.7218,1.069019,0.7616,0.7993,0.8243,0.8598,0.8909,0.9206,0.9535,0.9737,0.989
325B,Hindi,layer_3,last,4.4545,1.4721,1.014735,0.824,0.8511,0.8685,0.8929,0.9146,0.9359,0.9607,0.9768,0.9898
325B,Hindi,layer_4,last,3.5809,1.3687,0.982038,0.8546,0.877,0.8909,0.9096,0.9269,0.9443,0.9652,0.979,0.9905
325B,Hindi,layer_5,last,3.54,1.3591,0.945326,0.8576,0.8793,0.892,0.9097,0.926,0.9429,0.9636,0.9777,0.9896
325B,Hindi,layer_6,last,3.6364,1.3672,0.920712,0.8551,0.8768,0.8894,0.907,0.9232,0.9402,0.9616,0.9762,0.9887
325B,Hindi,layer_7,last,3.8692,1.3851,0.88244,0.8496,0.8707,0.8827,0.9001,0.9164,0.934,0.9567,0.9727,0.9867
325B,Hindi,layer_8,last,4.1341,1.4084,0.851757,0.8425,0.864,0.8762,0.8941,0.9108,0.9289,0.9526,0.9696,0.9847
325B,Hindi,layer_9,last,4.3782,1.4287,0.823975,0.8365,0.8586,0.8706,0.8887,0.9056,0.9241,0.9486,0.9665,0.9828
325B,Hindi,layer_10,last,4.6631,1.4519,0.80015,0.8298,0.8528,0.8649,0.8829,0.8998,0.9188,0.9442,0.9631,0.9807
325B,Hindi,layer_11,last,4.9051,1.4702,0.773511,0.8246,0.8483,0.8607,0.8786,0.8954,0.9143,0.9399,0.9596,0.9784
325B,Hindi,layer_12,last,5.1662,1.4894,0.754156,0.8192,0.8432,0.8559,0.8736,0.8904,0.9096,0.9359,0.9564,0.9763
325B,Hindi,layer_13,last,5.7003,1.5314,0.73603,0.8079,0.8332,0.8466,0.865,0.8823,0.9021,0.9297,0.9517,0.9733
325B,Hindi,layer_14,last,5.9105,1.5505,0.722704,0.8029,0.8303,0.8442,0.8631,0.8805,0.9002,0.9278,0.9499,0.972
325B,Hindi,layer_15,last,6.2931,1.5818,0.712733,0.7949,0.824,0.8387,0.8582,0.8761,0.8962,0.9246,0.9474,0.9703
325B,Hindi,layer_16,last,7.2067,1.6597,0.707692,0.7759,0.8099,0.826,0.8477,0.8673,0.8891,0.9194,0.9436,0.968
325B,Hindi,layer_17,last,8.166,1.7383,0.703032,0.7581,0.7948,0.8146,0.8392,0.8603,0.8834,0.9154,0.9406,0.9661
325B,Hindi,layer_18,last,8.6326,1.7974,0.700444,0.7454,0.7926,0.8134,0.8391,0.8606,0.8839,0.9159,0.941,0.9661
325B,Hindi,layer_19,last,9.8876,1.9069,0.692813,0.7234,0.7786,0.8019,0.8306,0.8537,0.8783,0.9116,0.9376,0.9639
325B,Hindi,layer_20,last,11.0836,1.989,0.676834,0.7082,0.7662,0.7908,0.8211,0.8452,0.8706,0.9052,0.9324,0.9603
325B,Hindi,layer_21,last,12.7974,2.1112,0.666658,0.6872,0.7502,0.7779,0.8099,0.8354,0.8621,0.8985,0.9271,0.9568
325B,Hindi,layer_22,last,15.16,2.2491,0.652596,0.6656,0.7313,0.7599,0.7938,0.8207,0.8488,0.8873,0.9184,0.9511
325B,Hindi,layer_23,last,17.1634,2.374,0.647464,0.6477,0.7175,0.7473,0.7829,0.8113,0.8406,0.8809,0.9135,0.9479
325B,Hindi,layer_24,last,20.3065,2.5691,0.642954,0.6222,0.6987,0.7297,0.768,0.7985,0.8298,0.8725,0.9071,0.9438
325B,Hindi,layer_25,last,25.7647,2.8548,0.634992,0.5898,0.6706,0.7028,0.7444,0.7769,0.8105,0.8571,0.8954,0.9364
325B,Hindi,layer_26,last,34.9762,3.3098,0.627228,0.5471,0.6335,0.6678,0.7133,0.7488,0.7858,0.8374,0.8805,0.9269
325B,Hindi,layer_27,last,45.3064,3.8298,0.620375,0.5075,0.6037,0.6394,0.6882,0.7259,0.7651,0.8207,0.8675,0.9185
325B,Hindi,layer_28,last,82.084,5.8985,0.607385,0.4033,0.5329,0.5758,0.6317,0.6741,0.7179,0.7825,0.8377,0.8992
325B,Hindi,layer_29,last,121.7691,10.7933,0.603622,0.2657,0.503,0.5484,0.6069,0.6512,0.698,0.7667,0.8252,0.8909
325B,Hindi,layer_0,mean,101.0598,30.9459,1.432656,0.115,0.3344,0.4493,0.6234,0.7443,0.8418,0.9338,0.9749,0.9942
325B,Hindi,layer_1,mean,94.5201,21.3365,1.03553,0.1758,0.3767,0.4836,0.6408,0.7531,0.8371,0.9171,0.9577,0.9831
325B,Hindi,layer_2,mean,3.9914,1.4939,0.952119,0.8176,0.8673,0.8897,0.921,0.9436,0.9608,0.9785,0.9881,0.9948
325B,Hindi,layer_3,mean,2.9019,1.3288,0.915284,0.8672,0.9023,0.9187,0.9409,0.957,0.9695,0.9826,0.9901,0.9955
325B,Hindi,layer_4,mean,2.5834,1.2785,0.898462,0.8842,0.915,0.9294,0.9481,0.9618,0.9726,0.9842,0.9909,0.9957
325B,Hindi,layer_5,mean,2.6492,1.2881,0.890253,0.8809,0.9123,0.9277,0.9466,0.9602,0.9715,0.9835,0.9905,0.9955
325B,Hindi,layer_6,mean,2.6985,1.2965,0.882691,0.878,0.9109,0.9268,0.9458,0.9595,0.9709,0.9831,0.9902,0.9953
325B,Hindi,layer_7,mean,3.1101,1.3585,0.887547,0.8577,0.8954,0.9142,0.9365,0.9529,0.9665,0.9808,0.9889,0.9947
325B,Hindi,layer_8,mean,3.4297,1.4003,0.876866,0.8447,0.8846,0.9052,0.9292,0.9469,0.9621,0.978,0.9872,0.9938
325B,Hindi,layer_9,mean,3.504,1.4075,0.862874,0.8425,0.8826,0.9036,0.9273,0.945,0.9602,0.9765,0.9861,0.9932
325B,Hindi,layer_10,mean,3.9012,1.4615,0.858387,0.8267,0.8708,0.8942,0.9199,0.9394,0.9564,0.9743,0.9847,0.9925
325B,Hindi,layer_11,mean,4.2713,1.5048,0.844984,0.8147,0.8618,0.8864,0.9131,0.9333,0.9512,0.9706,0.9823,0.9912
325B,Hindi,layer_12,mean,4.8721,1.5806,0.846021,0.7948,0.8467,0.8744,0.904,0.9264,0.9463,0.9677,0.9806,0.9904
325B,Hindi,layer_13,mean,6.6262,1.7899,0.84559,0.7464,0.8116,0.8463,0.8831,0.9097,0.934,0.9603,0.9761,0.9881
325B,Hindi,layer_14,mean,6.3615,1.7436,0.822182,0.7564,0.8179,0.8502,0.8844,0.9094,0.9324,0.9581,0.9741,0.9868
325B,Hindi,layer_15,mean,6.9308,1.8162,0.824234,0.7409,0.8074,0.8428,0.88,0.9063,0.9304,0.957,0.9734,0.9865
325B,Hindi,layer_16,mean,8.4299,1.9858,0.824996,0.7082,0.7842,0.8246,0.8668,0.896,0.9227,0.9523,0.9705,0.985
325B,Hindi,layer_17,mean,9.6844,2.108,0.824696,0.6871,0.7667,0.8089,0.8547,0.8866,0.916,0.9484,0.9681,0.9837
325B,Hindi,layer_18,mean,11.5436,2.3037,0.824451,0.6567,0.7455,0.7913,0.8423,0.8773,0.9087,0.9437,0.9651,0.9822
325B,Hindi,layer_19,mean,14.7845,2.5922,0.811136,0.6183,0.7165,0.7665,0.8219,0.8595,0.8932,0.9321,0.957,0.9779
325B,Hindi,layer_20,mean,22.7042,3.1131,0.773462,0.5632,0.6678,0.719,0.7777,0.8181,0.8558,0.903,0.9362,0.9661
325B,Hindi,layer_21,mean,28.8165,3.6093,0.751151,0.5216,0.6387,0.6945,0.7587,0.8021,0.8421,0.8917,0.9273,0.9603
325B,Hindi,layer_22,mean,38.1004,4.1811,0.735455,0.4834,0.605,0.6625,0.7289,0.774,0.8162,0.8709,0.9122,0.9517
325B,Hindi,layer_23,mean,40.923,4.4171,0.728363,0.4696,0.5946,0.6537,0.7228,0.7697,0.8131,0.8688,0.9105,0.9503
325B,Hindi,layer_24,mean,46.0331,4.9593,0.729754,0.4413,0.5767,0.6403,0.7145,0.7647,0.8107,0.868,0.9101,0.95
325B,Hindi,layer_25,mean,62.3823,6.2804,0.725677,0.3892,0.5347,0.6025,0.6836,0.7381,0.7883,0.8515,0.8987,0.9435
325B,Hindi,layer_26,mean,85.8167,8.4328,0.721345,0.3312,0.4876,0.5612,0.6496,0.7096,0.7652,0.8347,0.8867,0.9366
325B,Hindi,layer_27,mean,102.6098,10.329,0.716194,0.2951,0.4587,0.5366,0.6315,0.6951,0.7539,0.826,0.88,0.9323
325B,Hindi,layer_28,mean,145.1944,15.3761,0.698755,0.2308,0.4087,0.4927,0.5929,0.6589,0.7201,0.7981,0.8586,0.919
325B,Hindi,layer_29,mean,74.6326,8.3007,0.69999,0.3273,0.5131,0.5988,0.6796,0.7324,0.7817,0.844,0.8908,0.9371
325B,Arabic,layer_0,last,322.2791,61.5026,1.468643,0.0944,0.2213,0.2767,0.3778,0.4797,0.5973,0.762,0.8796,0.966
325B,Arabic,layer_1,last,368.1595,53.9563,1.03875,0.1101,0.2305,0.2835,0.3733,0.4649,0.5732,0.7286,0.8423,0.9358
325B,Arabic,layer_2,last,55.5567,4.5822,0.947187,0.464,0.5517,0.5871,0.6373,0.689,0.7489,0.835,0.8986,0.9539
325B,Arabic,layer_3,last,33.1166,3.2711,0.895896,0.5511,0.6246,0.6551,0.6968,0.7377,0.7852,0.8546,0.9075,0.9555
325B,Arabic,layer_4,last,24.2057,2.763,0.867323,0.6002,0.6655,0.6926,0.7303,0.7659,0.8074,0.8678,0.9144,0.9576
325B,Arabic,layer_5,last,24.7729,2.7736,0.844313,0.5992,0.6615,0.6895,0.7279,0.7635,0.8053,0.8655,0.9118,0.9554
325B,Arabic,layer_6,last,26.3661,2.8648,0.831905,0.5894,0.6522,0.6831,0.7233,0.7599,0.8024,0.8629,0.9097,0.9539
325B,Arabic,layer_7,last,29.55,3.0036,0.812706,0.5756,0.6376,0.669,0.7108,0.7486,0.7925,0.8549,0.9035,0.95
325B,Arabic,layer_8,last,34.4333,3.266,0.798615,0.5516,0.6184,0.652,0.6973,0.7367,0.7822,0.8468,0.8974,0.9462
325B,Arabic,layer_9,last,37.9224,3.4324,0.785596,0.5379,0.6067,0.641,0.6879,0.7282,0.7745,0.8405,0.8924,0.9429
325B,Arabic,layer_10,last,40.7484,3.5765,0.774885,0.5267,0.5984,0.6336,0.6821,0.7225,0.7686,0.8356,0.8887,0.9405
325B,Arabic,layer_11,last,43.2087,3.6534,0.755153,0.5211,0.5915,0.6279,0.6767,0.7168,0.7619,0.8283,0.8821,0.9359
325B,Arabic,layer_12,last,47.1841,3.8631,0.7439,0.5064,0.5815,0.6197,0.6699,0.7101,0.7556,0.8232,0.878,0.933
325B,Arabic,layer_13,last,55.5536,4.2687,0.734128,0.4813,0.5596,0.6015,0.6547,0.6963,0.7431,0.8129,0.8701,0.9281
325B,Arabic,layer_14,last,58.9703,4.4878,0.727078,0.4689,0.5513,0.5965,0.6517,0.694,0.7412,0.8109,0.868,0.9265
325B,Arabic,layer_15,last,64.1279,4.7535,0.721493,0.4553,0.5414,0.5874,0.6439,0.687,0.7349,0.8058,0.8641,0.9239
325B,Arabic,layer_16,last,75.9516,5.5129,0.720998,0.4213,0.5177,0.5684,0.6294,0.6754,0.7259,0.8001,0.8605,0.9218
325B,Arabic,layer_17,last,70.3593,5.4007,0.718279,0.4254,0.5272,0.5811,0.6449,0.6899,0.7384,0.8098,0.8672,0.9251
325B,Arabic,layer_18,last,41.0977,3.8678,0.718018,0.5051,0.6009,0.6496,0.7059,0.7445,0.785,0.8441,0.8911,0.9385
325B,Arabic,layer_19,last,37.2057,3.6828,0.710927,0.5177,0.6162,0.6629,0.7183,0.7558,0.7947,0.851,0.8956,0.9406
325B,Arabic,layer_20,last,37.6519,3.6932,0.692057,0.5169,0.6158,0.6622,0.718,0.7552,0.7934,0.8486,0.8927,0.9379
325B,Arabic,layer_21,last,41.9674,3.9614,0.67756,0.4984,0.603,0.6508,0.7091,0.7474,0.7864,0.8423,0.8871,0.9338
325B,Arabic,layer_22,last,48.6813,4.281,0.66533,0.479,0.5843,0.6328,0.6925,0.7325,0.7728,0.8308,0.8779,0.9277
325B,Arabic,layer_23,last,54.0681,4.5813,0.661312,0.4625,0.5708,0.6205,0.6814,0.7231,0.7648,0.8247,0.8734,0.9248
325B,Arabic,layer_24,last,61.8493,5.0792,0.659711,0.4382,0.5527,0.6044,0.6687,0.7128,0.7565,0.8188,0.869,0.922
325B,Arabic,layer_25,last,76.347,5.8228,0.656828,0.4084,0.5221,0.5754,0.6438,0.691,0.7378,0.8047,0.8588,0.9158
325B,Arabic,layer_26,last,98.0058,7.0762,0.656376,0.3689,0.4838,0.5409,0.6152,0.6665,0.7177,0.7899,0.8482,0.9094
325B,Arabic,layer_27,last,112.9042,8.1692,0.652101,0.3415,0.4624,0.5224,0.6025,0.6558,0.7089,0.7826,0.8424,0.9054
325B,Arabic,layer_28,last,161.1615,12.9514,0.638271,0.2607,0.4133,0.4848,0.5715,0.6279,0.6834,0.7605,0.8243,0.8932
325B,Arabic,layer_29,last,143.2567,14.286,0.635448,0.2341,0.4396,0.5192,0.6039,0.6556,0.7067,0.7776,0.836,0.8998
325B,Arabic,layer_0,mean,126.6137,25.8351,1.246441,0.1336,0.383,0.4782,0.5947,0.6804,0.7653,0.8681,0.9328,0.978
325B,Arabic,layer_1,mean,94.0715,17.5094,0.982121,0.1875,0.4447,0.5419,0.6497,0.727,0.8012,0.8838,0.9348,0.9725
325B,Arabic,layer_2,mean,2.8634,1.3358,0.897892,0.8648,0.9128,0.9298,0.9463,0.9579,0.9689,0.981,0.9887,0.9947
325B,Arabic,layer_3,mean,2.2774,1.2402,0.862419,0.8977,0.9342,0.9478,0.9606,0.9691,0.9771,0.9858,0.9913,0.9957
325B,Arabic,layer_4,mean,2.1358,1.2164,0.848233,0.9065,0.9403,0.9528,0.9647,0.9724,0.9795,0.9872,0.9921,0.9961
325B,Arabic,layer_5,mean,2.3023,1.2461,0.85043,0.8956,0.9314,0.9468,0.9611,0.9701,0.9781,0.9866,0.9918,0.9959
325B,Arabic,layer_6,mean,2.3221,1.2496,0.844364,0.8943,0.9305,0.946,0.9609,0.9698,0.9778,0.9863,0.9915,0.9957
325B,Arabic,layer_7,mean,2.5554,1.2914,0.853033,0.8797,0.9207,0.9391,0.9559,0.9664,0.9756,0.9853,0.991,0.9955
325B,Arabic,layer_8,mean,2.8257,1.3371,0.851631,0.8644,0.9113,0.9316,0.9505,0.9621,0.9723,0.9832,0.9897,0.9949
325B,Arabic,layer_9,mean,2.7461,1.3222,0.840811,0.8692,0.9147,0.9339,0.9516,0.9626,0.9724,0.983,0.9895,0.9947
325B,Arabic,layer_10,mean,2.8999,1.3473,0.843202,0.861,0.9089,0.9293,0.9483,0.9603,0.9709,0.9823,0.9891,0.9945
325B,Arabic,layer_11,mean,2.9824,1.3587,0.832291,0.8574,0.9066,0.9269,0.9464,0.9586,0.9692,0.9809,0.9881,0.994
325B,Arabic,layer_12,mean,3.2368,1.3992,0.838961,0.8448,0.8977,0.9198,0.9418,0.9552,0.9669,0.9797,0.9874,0.9936
325B,Arabic,layer_13,mean,4.1355,1.5333,0.845741,0.8067,0.8714,0.8984,0.9269,0.9442,0.959,0.975,0.9847,0.9923
325B,Arabic,layer_14,mean,4.1003,1.5274,0.828772,0.8081,0.8742,0.9003,0.9274,0.9439,0.9582,0.9739,0.9837,0.9916
325B,Arabic,layer_15,mean,4.2968,1.5588,0.832437,0.7999,0.8696,0.8965,0.925,0.9423,0.9571,0.9733,0.9833,0.9915
325B,Arabic,layer_16,mean,5.3027,1.7081,0.837974,0.7634,0.8479,0.8787,0.9126,0.9329,0.9502,0.9691,0.9808,0.9903
325B,Arabic,layer_17,mean,6.9202,1.9442,0.84112,0.7142,0.8206,0.8566,0.8965,0.9208,0.9413,0.9638,0.9777,0.9887
325B,Arabic,layer_18,mean,8.7795,2.2075,0.843542,0.6686,0.7941,0.8353,0.8813,0.9094,0.9334,0.9592,0.9749,0.9874
325B,Arabic,layer_19,mean,12.129,2.6433,0.825477,0.608,0.7585,0.8061,0.8587,0.8911,0.9186,0.9486,0.9677,0.9834
325B,Arabic,layer_20,mean,19.3481,3.4477,0.785602,0.5274,0.7014,0.7586,0.82,0.8586,0.8916,0.9282,0.9527,0.9746
325B,Arabic,layer_21,mean,27.2318,4.5016,0.766272,0.4537,0.6607,0.7255,0.7951,0.838,0.8746,0.9154,0.9434,0.969
325B,Arabic,layer_22,mean,34.3999,5.3743,0.760051,0.4085,0.6288,0.6975,0.7713,0.8183,0.8591,0.9049,0.9362,0.9649
325B,Arabic,layer_23,mean,36.6133,5.5938,0.756826,0.4009,0.6162,0.6877,0.7649,0.8139,0.8564,0.9034,0.9352,0.9642
325B,Arabic,layer_24,mean,38.1963,5.7029,0.766661,0.4005,0.5997,0.6755,0.7587,0.8123,0.8581,0.9069,0.9382,0.966
325B,Arabic,layer_25,mean,43.5699,6.1287,0.772985,0.3887,0.5729,0.6513,0.741,0.8004,0.8512,0.9036,0.9365,0.9653
325B,Arabic,layer_26,mean,50.6159,6.8341,0.780752,0.368,0.5441,0.6253,0.7218,0.7868,0.8422,0.8994,0.9345,0.9645
325B,Arabic,layer_27,mean,50.5447,6.6637,0.778547,0.3744,0.541,0.6232,0.7204,0.7859,0.8416,0.8987,0.9337,0.964
325B,Arabic,layer_28,mean,60.1032,7.9078,0.76009,0.3395,0.5159,0.6054,0.7071,0.7736,0.8295,0.8876,0.9249,0.9585
325B,Arabic,layer_29,mean,47.1381,7.1861,0.760629,0.3532,0.5561,0.649,0.7479,0.8064,0.854,0.9041,0.936,0.9645
325B,Turkish,layer_0,last,335.044,64.7446,1.463892,0.0935,0.2191,0.2848,0.389,0.4832,0.5901,0.7484,0.8692,0.9609
325B,Turkish,layer_1,last,386.0733,59.5444,1.046522,0.1013,0.226,0.2872,0.3854,0.4708,0.568,0.7124,0.828,0.9285
325B,Turkish,layer_2,last,143.9922,10.3469,0.954799,0.3032,0.4132,0.4634,0.5371,0.5984,0.6678,0.7709,0.8555,0.9339
325B,Turkish,layer_3,last,98.9183,6.6843,0.907185,0.3825,0.4738,0.5163,0.5809,0.6336,0.6936,0.7833,0.8586,0.9321
325B,Turkish,layer_4,last,72.6086,5.217,0.882147,0.4345,0.5211,0.5595,0.6187,0.6657,0.7193,0.7993,0.8667,0.9344
325B,Turkish,layer_5,last,70.5866,5.0335,0.857935,0.4426,0.5266,0.5632,0.6205,0.6665,0.7191,0.7979,0.8643,0.9321
325B,Turkish,layer_6,last,78.3324,5.4974,0.849458,0.4227,0.5124,0.5518,0.6111,0.6588,0.7132,0.7938,0.8613,0.9302
325B,Turkish,layer_7,last,92.9992,6.1241,0.825357,0.4002,0.4872,0.5296,0.59,0.6396,0.6957,0.78,0.851,0.9237
325B,Turkish,layer_8,last,110.0811,7.0141,0.810876,0.373,0.4631,0.5076,0.5709,0.6226,0.681,0.7689,0.8429,0.9187
325B,Turkish,layer_9,last,119.6978,7.4613,0.795795,0.3612,0.452,0.4972,0.5617,0.6135,0.6723,0.7612,0.8367,0.9146
325B,Turkish,layer_10,last,127.6968,7.8003,0.785286,0.3531,0.4435,0.4891,0.5537,0.606,0.6647,0.7548,0.8318,0.9115
325B,Turkish,layer_11,last,142.2298,8.5691,0.764719,0.3359,0.4318,0.4779,0.5437,0.596,0.6543,0.744,0.8223,0.9049
325B,Turkish,layer_12,last,157.8768,9.2888,0.750682,0.3223,0.4171,0.4637,0.5305,0.5837,0.6431,0.7347,0.8149,0.8999
325B,Turkish,layer_13,last,185.157,10.9702,0.738387,0.2949,0.3946,0.4427,0.512,0.5675,0.6291,0.7232,0.8059,0.8939
325B,Turkish,layer_14,last,188.6527,11.3025,0.726971,0.2898,0.3942,0.4436,0.5121,0.5675,0.6284,0.7214,0.8035,0.8915
325B,Turkish,layer_15,last,201.6398,12.3776,0.718464,0.2751,0.3851,0.4371,0.5058,0.5614,0.6231,0.717,0.7998,0.8887
325B,Turkish,layer_16,last,212.385,13.9373,0.715053,0.2564,0.3769,0.4321,0.5029,0.561,0.624,0.7185,0.8011,0.8889
325B,Turkish,layer_17,last,163.7487,10.9862,0.711296,0.291,0.4136,0.4722,0.5428,0.5974,0.6558,0.7429,0.8182,0.8979
325B,Turkish,layer_18,last,62.9297,4.8403,0.70872,0.4499,0.551,0.5964,0.6522,0.695,0.74,0.8061,0.8627,0.9226
325B,Turkish,layer_19,last,51.7872,4.3691,0.700446,0.4737,0.579,0.6229,0.6767,0.7176,0.7599,0.821,0.8728,0.9276
325B,Turkish,layer_20,last,51.8127,4.3872,0.679873,0.472,0.5833,0.6252,0.6779,0.718,0.7595,0.8192,0.8701,0.9247
325B,Turkish,layer_21,last,57.8543,4.8098,0.663721,0.4487,0.5732,0.6152,0.6688,0.71,0.7523,0.8128,0.8642,0.92
325B,Turkish,layer_22,last,67.9624,5.3345,0.652608,0.4248,0.5528,0.5953,0.651,0.6943,0.7386,0.8011,0.8546,0.9135
325B,Turkish,layer_23,last,75.2327,5.7961,0.649473,0.406,0.5407,0.5827,0.6399,0.6856,0.7316,0.796,0.8506,0.9107
325B,Turkish,layer_24,last,85.6211,6.6199,0.648347,0.3766,0.5249,0.5677,0.6284,0.6769,0.7246,0.7911,0.8468,0.9082
325B,Turkish,layer_25,last,105.1565,7.8477,0.64694,0.343,0.4944,0.5389,0.6039,0.6561,0.7077,0.7788,0.838,0.9028
325B,Turkish,layer_26,last,130.5984,9.8053,0.648988,0.3022,0.4617,0.5097,0.5794,0.6359,0.6919,0.768,0.8306,0.8984
325B,Turkish,layer_27,last,148.3186,11.7292,0.651806,0.2713,0.4409,0.4918,0.568,0.6279,0.6865,0.7651,0.8287,0.8972
325B,Turkish,layer_28,last,189.694,17.9454,0.650191,0.199,0.4014,0.4628,0.5485,0.612,0.6732,0.7545,0.8206,0.8919
325B,Turkish,layer_29,last,137.6494,16.4739,0.655391,0.2025,0.4484,0.5297,0.6142,0.6694,0.7228,0.7924,0.8486,0.9087
325B,Turkish,layer_0,mean,187.8208,31.8909,1.153339,0.132,0.3293,0.4153,0.5215,0.6065,0.6951,0.8159,0.8996,0.9639
325B,Turkish,layer_1,mean,124.6557,17.7133,0.920206,0.2042,0.408,0.4981,0.5972,0.673,0.7488,0.8451,0.9089,0.9592
325B,Turkish,layer_2,mean,2.23,1.2179,0.840248,0.906,0.935,0.9457,0.9567,0.9648,0.9726,0.9824,0.989,0.9946
325B,Turkish,layer_3,mean,1.8754,1.1574,0.804174,0.9294,0.95,0.9584,0.9672,0.9733,0.9791,0.9863,0.9912,0.9955
325B,Turkish,layer_4,mean,1.7994,1.145,0.790694,0.9345,0.9528,0.962,0.9704,0.976,0.9812,0.9876,0.992,0.9958
325B,Turkish,layer_5,mean,1.9398,1.1696,0.794947,0.9246,0.9443,0.9557,0.9666,0.9735,0.9798,0.987,0.9916,0.9955
325B,Turkish,layer_6,mean,1.9629,1.1722,0.789592,0.9236,0.9432,0.9545,0.9655,0.9725,0.9788,0.9863,0.9911,0.9953
325B,Turkish,layer_7,mean,2.2156,1.2145,0.807558,0.9073,0.9301,0.9439,0.9586,0.9676,0.9756,0.9846,0.9902,0.9949
325B,Turkish,layer_8,mean,2.4595,1.2523,0.810254,0.8935,0.9193,0.9349,0.9521,0.9627,0.9718,0.9822,0.9888,0.9942
325B,Turkish,layer_9,mean,2.4398,1.2462,0.803007,0.8956,0.9206,0.9353,0.9514,0.9618,0.9708,0.9814,0.9882,0.9938
325B,Turkish,layer_10,mean,2.5763,1.2683,0.806071,0.8878,0.915,0.9306,0.9483,0.9598,0.9696,0.9808,0.9878,0.9937
325B,Turkish,layer_11,mean,2.6708,1.2809,0.797955,0.8834,0.9118,0.9278,0.9457,0.9575,0.9675,0.9792,0.9867,0.993
325B,Turkish,layer_12,mean,2.9284,1.3196,0.806514,0.8703,0.9023,0.9198,0.9398,0.9531,0.9646,0.9776,0.9858,0.9926
325B,Turkish,layer_13,mean,3.8021,1.4417,0.817937,0.8325,0.8734,0.896,0.9229,0.9406,0.9557,0.9724,0.9828,0.9911
325B,Turkish,layer_14,mean,3.8438,1.4423,0.802147,0.8323,0.8733,0.8956,0.9217,0.9388,0.9535,0.9703,0.9811,0.9901
325B,Turkish,layer_15,mean,4.0832,1.4743,0.806161,0.8231,0.8667,0.8902,0.9178,0.9359,0.9515,0.9691,0.9804,0.9898
325B,Turkish,layer_16,mean,5.0836,1.6011,0.811714,0.7896,0.8429,0.871,0.9033,0.9246,0.943,0.9638,0.9772,0.9882
325B,Turkish,layer_17,mean,6.2935,1.7454,0.817878,0.756,0.8188,0.8513,0.8886,0.9131,0.9344,0.9587,0.9743,0.9868
325B,Turkish,layer_18,mean,7.9133,1.9289,0.819873,0.7187,0.7918,0.8289,0.8721,0.901,0.9256,0.9535,0.9711,0.9852
325B,Turkish,layer_19,mean,10.3378,2.187,0.805711,0.6742,0.7614,0.8048,0.8538,0.8861,0.9135,0.9447,0.965,0.9818
325B,Turkish,layer_20,mean,15.9102,2.64,0.767026,0.6126,0.7087,0.7571,0.8152,0.8532,0.8855,0.9235,0.9493,0.9725
325B,Turkish,layer_21,mean,21.837,3.1368,0.747691,0.5607,0.669,0.7234,0.788,0.8308,0.8674,0.9102,0.9396,0.9665
325B,Turkish,layer_22,mean,29.2694,3.7617,0.743002,0.5102,0.6296,0.6893,0.7615,0.8096,0.8505,0.8987,0.9317,0.962
325B,Turkish,layer_23,mean,35.0772,4.2578,0.739068,0.4783,0.6042,0.6672,0.7447,0.7966,0.8405,0.8917,0.9268,0.9591
325B,Turkish,layer_24,mean,44.2525,5.1911,0.750442,0.4308,0.5658,0.6355,0.7223,0.7814,0.8319,0.8888,0.9258,0.9588
325B,Turkish,layer_25,mean,60.7458,6.9825,0.758374,0.3676,0.5132,0.589,0.6893,0.7585,0.8175,0.8814,0.9214,0.9566
325B,Turkish,layer_26,mean,84.6311,10.219,0.767846,0.2969,0.4581,0.5417,0.6535,0.7314,0.7985,0.8711,0.9158,0.954
325B,Turkish,layer_27,mean,99.9785,13.6806,0.769285,0.2474,0.4284,0.5198,0.6405,0.7231,0.7933,0.8676,0.9131,0.9525
325B,Turkish,layer_28,mean,124.7554,22.0559,0.758736,0.1643,0.3933,0.4987,0.6276,0.7116,0.7815,0.8558,0.9034,0.9466
325B,Turkish,layer_29,mean,92.582,17.8307,0.764671,0.1873,0.4311,0.5538,0.6798,0.757,0.8183,0.8812,0.9208,0.9561
325B,Vietnamese,layer_0,last,118.0683,50.0949,1.912748,0.0721,0.2455,0.3564,0.5503,0.7018,0.8366,0.9604,0.996,0.9998
325B,Vietnamese,layer_1,last,185.621,70.8254,1.76976,0.0533,0.1976,0.3022,0.4793,0.6194,0.752,0.8967,0.9643,0.9942
325B,Vietnamese,layer_2,last,208.7226,76.0747,1.680323,0.0568,0.1883,0.2894,0.4603,0.5972,0.7277,0.8764,0.9525,0.9911
325B,Vietnamese,layer_3,last,213.4268,74.8177,1.628112,0.0585,0.1933,0.2936,0.4612,0.594,0.7217,0.8684,0.9475,0.9895
325B,Vietnamese,layer_4,last,207.1128,68.3612,1.589336,0.0679,0.2045,0.3063,0.4712,0.6011,0.7247,0.8674,0.9462,0.9888
325B,Vietnamese,layer_5,last,205.2821,68.3525,1.542109,0.064,0.2051,0.3118,0.4766,0.605,0.7269,0.8675,0.9456,0.9883
325B,Vietnamese,layer_6,last,197.1881,64.0656,1.515482,0.0692,0.2115,0.3228,0.4865,0.6143,0.7335,0.8708,0.9467,0.9884
325B,Vietnamese,layer_7,last,209.8787,72.0123,1.494739,0.0583,0.196,0.3064,0.4728,0.6041,0.7264,0.8662,0.9439,0.9873
325B,Vietnamese,layer_8,last,199.7796,66.6239,1.454125,0.0632,0.2083,0.3188,0.484,0.6153,0.7351,0.8708,0.9455,0.9873
325B,Vietnamese,layer_9,last,197.4056,66.1435,1.442942,0.0641,0.2089,0.3186,0.4869,0.6194,0.7393,0.8726,0.946,0.9872
325B,Vietnamese,layer_10,last,194.1173,64.3136,1.422129,0.0654,0.2139,0.3222,0.491,0.6235,0.7426,0.8738,0.9461,0.987
325B,Vietnamese,layer_11,last,192.2848,59.316,1.332618,0.0739,0.2252,0.3318,0.4957,0.6265,0.742,0.8705,0.9424,0.9845
325B,Vietnamese,layer_12,last,185.7949,55.1577,1.292301,0.0812,0.2344,0.3388,0.5023,0.6329,0.7477,0.8732,0.9431,0.9841
325B,Vietnamese,layer_13,last,181.1956,47.2411,1.220565,0.1015,0.2517,0.3542,0.509,0.6352,0.7464,0.8689,0.9388,0.9813
325B,Vietnamese,layer_14,last,177.3801,43.6735,1.176006,0.1092,0.2635,0.3641,0.5161,0.6384,0.7459,0.8671,0.9374,0.9802
325B,Vietnamese,layer_15,last,166.0749,40.7412,1.160251,0.1098,0.2783,0.3804,0.5316,0.6506,0.7556,0.8725,0.94,0.9808
325B,Vietnamese,layer_16,last,163.0471,36.8203,1.124043,0.1213,0.2889,0.3902,0.537,0.6508,0.7535,0.8694,0.9368,0.9786
325B,Vietnamese,layer_17,last,175.2166,36.0218,1.087759,0.1296,0.287,0.383,0.5199,0.6316,0.7351,0.857,0.93,0.9755
325B,Vietnamese,layer_18,last,168.5303,32.5056,1.06021,0.1408,0.3,0.3936,0.5259,0.6338,0.737,0.8589,0.9303,0.9747
325B,Vietnamese,layer_19,last,180.5359,34.2257,1.02419,0.1384,0.2897,0.3804,0.5112,0.6195,0.7272,0.8537,0.9261,0.9716
325B,Vietnamese,layer_20,last,215.7938,36.0138,0.942263,0.1393,0.2737,0.362,0.4844,0.5868,0.6924,0.8241,0.9043,0.959
325B,Vietnamese,layer_21,last,254.9644,39.0362,0.886014,0.1356,0.2581,0.3443,0.458,0.5548,0.6599,0.7976,0.884,0.9466
325B,Vietnamese,layer_22,last,271.1488,41.7686,0.862094,0.1295,0.2554,0.3379,0.4494,0.544,0.6498,0.7904,0.877,0.9414
325B,Vietnamese,layer_23,last,279.4766,43.2435,0.849988,0.1266,0.2546,0.3332,0.4427,0.5378,0.6461,0.788,0.874,0.9388
325B,Vietnamese,layer_24,last,286.403,42.8361,0.834068,0.1271,0.2593,0.3356,0.4397,0.5315,0.639,0.7814,0.8683,0.935
325B,Vietnamese,layer_25,last,293.656,43.6378,0.819089,0.1234,0.2621,0.3357,0.4365,0.5274,0.6344,0.7758,0.8631,0.9313
325B,Vietnamese,layer_26,last,317.7423,48.1958,0.80487,0.1144,0.2536,0.3255,0.4232,0.5134,0.6214,0.765,0.8546,0.9261
325B,Vietnamese,layer_27,last,325.2987,47.1172,0.789882,0.1169,0.2572,0.3256,0.4189,0.5083,0.6156,0.7583,0.8483,0.9217
325B,Vietnamese,layer_28,last,335.8812,50.7822,0.78463,0.1117,0.2483,0.3128,0.4085,0.5052,0.6173,0.7595,0.8476,0.9206
325B,Vietnamese,layer_29,last,146.0397,13.8962,0.788572,0.2547,0.3926,0.452,0.5366,0.6206,0.7142,0.8242,0.8883,0.9413
325B,Vietnamese,layer_0,mean,105.5539,12.9744,1.252502,0.2642,0.3917,0.4621,0.575,0.6708,0.765,0.8778,0.9427,0.9823
325B,Vietnamese,layer_1,mean,116.7423,16.5142,1.019706,0.2184,0.3856,0.457,0.5739,0.6733,0.7665,0.8744,0.9352,0.9745
325B,Vietnamese,layer_2,mean,6.3506,1.7856,0.950119,0.7461,0.8253,0.8457,0.8787,0.9055,0.9307,0.9605,0.9782,0.9906
325B,Vietnamese,layer_3,mean,4.7414,1.5742,0.916159,0.7957,0.8585,0.8745,0.8997,0.9207,0.9408,0.9652,0.9802,0.9911
325B,Vietnamese,layer_4,mean,4.0226,1.476,0.896068,0.8221,0.8764,0.89,0.9111,0.9289,0.9463,0.9678,0.9813,0.9914
325B,Vietnamese,layer_5,mean,4.0796,1.4786,0.888411,0.8215,0.874,0.8879,0.9094,0.9275,0.9452,0.9671,0.9809,0.9912
325B,Vietnamese,layer_6,mean,4.1178,1.4829,0.875725,0.8202,0.8736,0.8872,0.9084,0.9265,0.9442,0.9661,0.9801,0.9907
325B,Vietnamese,layer_7,mean,4.79,1.569,0.881642,0.7971,0.8571,0.8727,0.8974,0.9179,0.9383,0.9629,0.9783,0.9899
325B,Vietnamese,layer_8,mean,5.2428,1.6321,0.877031,0.7811,0.849,0.8653,0.8912,0.9129,0.9346,0.9606,0.9769,0.9892
325B,Vietnamese,layer_9,mean,5.3625,1.6493,0.872503,0.777,0.8469,0.8638,0.8904,0.9124,0.9345,0.9604,0.9767,0.989
325B,Vietnamese,layer_10,mean,5.5254,1.6755,0.871151,0.7707,0.8445,0.8618,0.889,0.9115,0.9339,0.9601,0.9765,0.9889
325B,Vietnamese,layer_11,mean,5.4604,1.668,0.868894,0.7724,0.8467,0.8634,0.8897,0.9119,0.934,0.9601,0.9764,0.9888
325B,Vietnamese,layer_12,mean,5.5292,1.6858,0.873724,0.7681,0.8458,0.8629,0.8901,0.9126,0.9349,0.9608,0.9769,0.9891
325B,Vietnamese,layer_13,mean,6.0209,1.7603,0.872676,0.751,0.8392,0.857,0.8849,0.9086,0.9319,0.959,0.9758,0.9886
325B,Vietnamese,layer_14,mean,5.9172,1.7505,0.86926,0.7531,0.8418,0.8593,0.8866,0.9097,0.9327,0.9594,0.976,0.9886
325B,Vietnamese,layer_15,mean,5.8672,1.7531,0.873277,0.7523,0.843,0.8604,0.888,0.9112,0.934,0.9604,0.9767,0.9889
325B,Vietnamese,layer_16,mean,6.3593,1.8205,0.878536,0.7378,0.8339,0.8527,0.8824,0.9071,0.9313,0.9591,0.976,0.9887
325B,Vietnamese,layer_17,mean,7.4759,1.9593,0.886555,0.7103,0.8138,0.8358,0.8703,0.8983,0.9256,0.9563,0.9747,0.9881
325B,Vietnamese,layer_18,mean,8.3627,2.0592,0.884981,0.6923,0.8009,0.8242,0.8609,0.8908,0.92,0.9532,0.9729,0.9873
325B,Vietnamese,layer_19,mean,10.7453,2.2692,0.882405,0.6592,0.7679,0.7946,0.8363,0.8712,0.9049,0.9437,0.9672,0.9846
325B,Vietnamese,layer_20,mean,16.4494,2.6871,0.853196,0.6054,0.7122,0.7416,0.7912,0.8338,0.8757,0.9235,0.9536,0.9775
325B,Vietnamese,layer_21,mean,23.471,3.1868,0.834809,0.5546,0.6694,0.6996,0.7521,0.8001,0.8487,0.9055,0.9418,0.9711
325B,Vietnamese,layer_22,mean,29.8762,3.6962,0.827788,0.513,0.642,0.6756,0.7298,0.7799,0.8319,0.8945,0.9346,0.9674
325B,Vietnamese,layer_23,mean,33.3067,4.018,0.818209,0.4902,0.63,0.6664,0.7214,0.7725,0.8256,0.8899,0.9314,0.9654
325B,Vietnamese,layer_24,mean,35.0101,4.2647,0.813613,0.4736,0.626,0.6655,0.7207,0.7716,0.8245,0.889,0.9306,0.9649
325B,Vietnamese,layer_25,mean,42.3281,4.8723,0.802183,0.4401,0.603,0.646,0.7027,0.7543,0.8092,0.878,0.9231,0.9606
325B,Vietnamese,layer_26,mean,54.5173,6.1282,0.799061,0.3853,0.569,0.6169,0.6798,0.7348,0.7936,0.8683,0.917,0.9573
325B,Vietnamese,layer_27,mean,62.7963,6.9489,0.787741,0.3579,0.5455,0.6029,0.6682,0.7242,0.7838,0.8604,0.9111,0.9537
325B,Vietnamese,layer_28,mean,109.3271,11.9178,0.789921,0.258,0.4534,0.5242,0.606,0.671,0.7394,0.8299,0.8914,0.9438
325B,Vietnamese,layer_29,mean,119.9429,15.6878,0.792818,0.2052,0.4283,0.5085,0.607,0.6794,0.7493,0.8378,0.8966,0.9462
325B,Japanese,layer_0,last,582.7966,167.867,1.339917,0.0495,0.1225,0.171,0.2581,0.35,0.4704,0.6624,0.816,0.9406
325B,Japanese,layer_1,last,615.1531,90.4807,0.921145,0.0904,0.1598,0.2007,0.2772,0.3566,0.4607,0.6304,0.7728,0.9009
325B,Japanese,layer_2,last,483.0357,34.8745,0.833654,0.1629,0.2215,0.2589,0.3251,0.3941,0.4854,0.6371,0.7664,0.888
325B,Japanese,layer_3,last,453.468,26.822,0.783551,0.1882,0.2432,0.2793,0.3419,0.4055,0.489,0.6297,0.7531,0.8745
325B,Japanese,layer_4,last,428.9036,23.2491,0.754082,0.203,0.2557,0.2941,0.3572,0.4185,0.497,0.6296,0.7474,0.867
325B,Japanese,layer_5,last,439.1699,23.2766,0.732341,0.203,0.2546,0.293,0.3566,0.4174,0.4951,0.6245,0.7401,0.8599
325B,Japanese,layer_6,last,437.3013,22.8826,0.721887,0.2048,0.256,0.2947,0.3585,0.4201,0.4972,0.6247,0.7386,0.8574
325B,Japanese,layer_7,last,488.3814,26.0679,0.701326,0.1914,0.2428,0.2809,0.3442,0.4049,0.4812,0.6091,0.7247,0.8471
325B,Japanese,layer_8,last,500.0067,26.4172,0.687102,0.1901,0.2415,0.2799,0.3432,0.403,0.4781,0.604,0.7187,0.8418
325B,Japanese,layer_9,last,538.2915,28.9073,0.674603,0.1813,0.2322,0.2704,0.3328,0.392,0.4669,0.5931,0.7092,0.8348
325B,Japanese,layer_10,last,550.9423,29.6396,0.666024,0.1789,0.2306,0.2685,0.3308,0.3893,0.4633,0.5894,0.7051,0.8311
325B,Japanese,layer_11,last,620.2263,35.8125,0.650016,0.1616,0.2158,0.2544,0.3172,0.3753,0.4479,0.5724,0.6895,0.8199
325B,Japanese,layer_12,last,668.693,41.1446,0.639176,0.1497,0.2062,0.246,0.3079,0.3653,0.4374,0.563,0.6812,0.8134
325B,Japanese,layer_13,last,728.7395,49.625,0.629061,0.1347,0.1938,0.2342,0.2976,0.3557,0.4276,0.5527,0.672,0.8064
325B,Japanese,layer_14,last,681.1764,43.1196,0.623006,0.1453,0.2064,0.2475,0.3115,0.3691,0.439,0.5597,0.6756,0.8075
325B,Japanese,layer_15,last,688.2899,45.019,0.618529,0.1414,0.2054,0.2473,0.3112,0.3694,0.4397,0.5602,0.6755,0.8064
325B,Japanese,layer_16,last,638.828,41.9661,0.61912,0.1461,0.2148,0.2592,0.3258,0.3857,0.4563,0.5753,0.6874,0.8132
325B,Japanese,layer_17,last,405.175,20.3418,0.61798,0.2158,0.2929,0.3362,0.3982,0.4527,0.5164,0.623,0.7222,0.8333
325B,Japanese,layer_18,last,111.6586,5.7395,0.620549,0.4153,0.4791,0.514,0.5626,0.6047,0.6523,0.7298,0.8011,0.8805
325B,Japanese,layer_19,last,86.0211,4.9486,0.621607,0.4475,0.5146,0.5497,0.5967,0.6375,0.6827,0.7545,0.8194,0.8913
325B,Japanese,layer_20,last,83.1975,4.8556,0.611245,0.4518,0.5205,0.5552,0.6024,0.6427,0.6872,0.757,0.8201,0.8906
325B,Japanese,layer_21,last,92.1522,5.2798,0.604707,0.4327,0.5083,0.5447,0.5948,0.6362,0.6819,0.7524,0.8159,0.8872
325B,Japanese,layer_22,last,106.5922,5.892,0.600725,0.409,0.4881,0.5266,0.58,0.624,0.6715,0.7436,0.8087,0.8822
325B,Japanese,layer_23,last,119.2159,6.5011,0.60039,0.3888,0.4716,0.5118,0.5688,0.6153,0.6652,0.739,0.8054,0.8799
325B,Japanese,layer_24,last,129.9599,7.2397,0.601773,0.3673,0.459,0.5026,0.5637,0.6124,0.6639,0.7385,0.805,0.8795
325B,Japanese,layer_25,last,151.0801,8.3638,0.602897,0.3406,0.4363,0.4815,0.5469,0.5984,0.6529,0.7307,0.7993,0.876
325B,Japanese,layer_26,last,178.3687,10.0791,0.604745,0.3084,0.4103,0.4589,0.5292,0.5835,0.6414,0.7228,0.7937,0.8725
325B,Japanese,layer_27,last,193.6817,11.6036,0.604567,0.2851,0.3963,0.4509,0.5245,0.5804,0.6397,0.722,0.7928,0.8716
325B,Japanese,layer_28,last,253.9861,17.6596,0.598201,0.223,0.3563,0.4196,0.5004,0.5589,0.6191,0.7045,0.7787,0.8619
325B,Japanese,layer_29,last,179.5356,16.849,0.603036,0.2158,0.417,0.4945,0.574,0.6247,0.6758,0.7499,0.8129,0.8829
325B,Japanese,layer_0,mean,189.2574,30.442,1.228244,0.1418,0.3338,0.4177,0.5147,0.5922,0.6814,0.8097,0.8998,0.9668
325B,Japanese,layer_1,mean,134.0375,20.8821,0.931286,0.1532,0.4154,0.4973,0.5861,0.6567,0.7338,0.836,0.905,0.9588
325B,Japanese,layer_2,mean,12.0091,2.4064,0.841224,0.6404,0.7673,0.8057,0.8412,0.8677,0.8959,0.9329,0.9585,0.9799
325B,Japanese,layer_3,mean,7.5816,1.9128,0.796397,0.7209,0.8178,0.8493,0.8775,0.8974,0.918,0.9455,0.9651,0.9822
325B,Japanese,layer_4,mean,6.5605,1.8035,0.777756,0.7428,0.831,0.8633,0.8904,0.9089,0.927,0.951,0.9681,0.9833
325B,Japanese,layer_5,mean,7.4953,1.9521,0.775647,0.713,0.8155,0.8531,0.8862,0.9074,0.9266,0.951,0.968,0.983
325B,Japanese,layer_6,mean,7.4656,1.9352,0.767993,0.7163,0.8166,0.8528,0.885,0.9062,0.9254,0.9497,0.967,0.9824
325B,Japanese,layer_7,mean,9.5209,2.1619,0.782576,0.6772,0.7821,0.8239,0.8667,0.8942,0.9183,0.9465,0.9653,0.9816
325B,Japanese,layer_8,mean,11.1033,2.3087,0.783226,0.6551,0.7616,0.8056,0.8528,0.8839,0.9106,0.9417,0.9622,0.98
325B,Japanese,layer_9,mean,10.6597,2.2189,0.774068,0.6688,0.7671,0.8081,0.8515,0.8814,0.908,0.9394,0.9605,0.9789
325B,Japanese,layer_10,mean,11.4835,2.3075,0.775216,0.6556,0.7563,0.7995,0.846,0.878,0.9063,0.9388,0.9602,0.9787
325B,Japanese,layer_11,mean,12.3467,2.3768,0.76946,0.6459,0.7474,0.7926,0.8398,0.8722,0.901,0.9346,0.9573,0.9771
325B,Japanese,layer_12,mean,14.3311,2.5691,0.778489,0.6209,0.7261,0.7754,0.8273,0.8631,0.8954,0.9319,0.9559,0.9765
325B,Japanese,layer_13,mean,22.2553,3.3561,0.792554,0.5411,0.6638,0.7232,0.7902,0.8372,0.8779,0.9224,0.9504,0.9739
325B,Japanese,layer_14,mean,21.6369,3.2439,0.777302,0.5507,0.672,0.7291,0.7918,0.8358,0.8746,0.9184,0.9471,0.9717
325B,Japanese,layer_15,mean,23.8905,3.474,0.783224,0.5316,0.656,0.717,0.784,0.8305,0.8713,0.9168,0.9463,0.9715
325B,Japanese,layer_16,mean,30.878,4.1581,0.789072,0.4838,0.6203,0.6869,0.7613,0.8126,0.8577,0.9084,0.9413,0.9691
325B,Japanese,layer_17,mean,37.1452,4.7062,0.794917,0.4537,0.5916,0.6613,0.7412,0.7965,0.8454,0.9012,0.9375,0.9673
325B,Japanese,layer_18,mean,40.4677,5.174,0.8005,0.4307,0.5818,0.6527,0.7345,0.792,0.8432,0.9007,0.9377,0.9677
325B,Japanese,layer_19,mean,47.6625,5.931,0.790438,0.4001,0.5585,0.6338,0.7203,0.78,0.8332,0.8925,0.9314,0.9639
325B,Japanese,layer_20,mean,69.9196,7.8653,0.756569,0.3435,0.5083,0.5837,0.6768,0.7419,0.7996,0.8652,0.91,0.9508
325B,Japanese,layer_21,mean,85.4028,9.6075,0.740711,0.3068,0.4774,0.5576,0.6557,0.7244,0.7847,0.8539,0.9012,0.945
325B,Japanese,layer_22,mean,93.653,10.6185,0.742756,0.2898,0.4612,0.5422,0.6424,0.7139,0.778,0.8511,0.9001,0.9444
325B,Japanese,layer_23,mean,96.8007,11.9539,0.742961,0.2682,0.4515,0.5384,0.644,0.7182,0.7831,0.8553,0.903,0.9459
325B,Japanese,layer_24,mean,96.5074,12.751,0.754887,0.2555,0.4479,0.537,0.6446,0.7214,0.7887,0.8621,0.9089,0.9496
325B,Japanese,layer_25,mean,106.8546,15.5584,0.763272,0.2228,0.4229,0.5191,0.6333,0.7154,0.7868,0.8627,0.9101,0.9507
325B,Japanese,layer_26,mean,123.9991,20.2067,0.771312,0.1831,0.3928,0.4921,0.6139,0.7019,0.7781,0.8593,0.909,0.9505
325B,Japanese,layer_27,mean,125.9619,22.3328,0.769661,0.163,0.3872,0.4912,0.6158,0.7052,0.7817,0.8613,0.9098,0.9507
325B,Japanese,layer_28,mean,143.9512,27.5462,0.752382,0.1231,0.3651,0.4765,0.6048,0.6936,0.7691,0.8481,0.8987,0.9437
325B,Japanese,layer_29,mean,84.5286,17.0944,0.760342,0.1858,0.4591,0.5806,0.6943,0.7659,0.8249,0.8861,0.9247,0.9581
426B,English,layer_0,last,405.9394,79.0743,1.27903,0.0791,0.1979,0.2568,0.3537,0.444,0.5518,0.7174,0.8449,0.9467
426B,English,layer_1,last,506.3106,66.9112,0.910158,0.103,0.1987,0.2492,0.3345,0.4143,0.5098,0.6603,0.7852,0.9009
426B,English,layer_2,last,53.8551,4.0036,0.83231,0.4979,0.5646,0.5948,0.6404,0.6805,0.7274,0.8029,0.8683,0.9338
426B,English,layer_3,last,34.3705,3.0526,0.79094,0.5713,0.6256,0.6514,0.6892,0.722,0.7598,0.821,0.8765,0.9352
426B,English,layer_4,last,25.1713,2.6249,0.768379,0.6164,0.6648,0.6893,0.7236,0.7523,0.7849,0.8378,0.886,0.9388
426B,English,layer_5,last,27.8498,2.7289,0.746641,0.6045,0.6527,0.6779,0.7134,0.743,0.7764,0.83,0.8793,0.934
426B,English,layer_6,last,31.2446,2.8779,0.735599,0.5886,0.6385,0.6649,0.7026,0.7334,0.768,0.8232,0.874,0.9306
426B,English,layer_7,last,36.6899,3.0852,0.719762,0.5684,0.6189,0.6453,0.6843,0.7169,0.7535,0.8117,0.8651,0.9248
426B,English,layer_8,last,41.8248,3.3078,0.712053,0.5488,0.6028,0.6307,0.6725,0.7064,0.7442,0.8045,0.8597,0.9213
426B,English,layer_9,last,45.6667,3.4503,0.704097,0.5372,0.591,0.62,0.6635,0.6982,0.7365,0.798,0.8547,0.918
426B,English,layer_10,last,47.9959,3.5475,0.70035,0.5297,0.5846,0.6144,0.6584,0.6937,0.7328,0.7955,0.8529,0.9168
426B,English,layer_11,last,52.052,3.6888,0.685812,0.5194,0.576,0.6064,0.651,0.6863,0.7252,0.7875,0.8458,0.9119
426B,English,layer_12,last,57.2127,3.8819,0.67866,0.5062,0.564,0.5946,0.6406,0.6771,0.7175,0.7815,0.8412,0.9086
426B,English,layer_13,last,69.6844,4.3767,0.672551,0.4763,0.539,0.5715,0.6196,0.6591,0.7021,0.7693,0.8319,0.9028
426B,English,layer_14,last,71.0787,4.484,0.669193,0.4704,0.5379,0.572,0.6205,0.6602,0.7026,0.7691,0.8315,0.9023
426B,English,layer_15,last,78.9126,4.8264,0.666621,0.453,0.5243,0.5603,0.61,0.6509,0.6948,0.7633,0.8272,0.8996
426B,English,layer_16,last,92.5651,5.5369,0.667858,0.422,0.5033,0.5434,0.5963,0.6396,0.6859,0.7575,0.8237,0.8976
426B,English,layer_17,last,69.6672,4.7391,0.668422,0.4564,0.5401,0.5846,0.6354,0.6748,0.7168,0.7822,0.8417,0.9079
426B,English,layer_18,last,26.0212,2.7757,0.668963,0.5988,0.6674,0.7003,0.7385,0.7675,0.7984,0.8452,0.8875,0.9344
426B,English,layer_19,last,20.871,2.5176,0.659259,0.629,0.6942,0.7257,0.7611,0.7879,0.8161,0.8583,0.8966,0.9392
426B,English,layer_20,last,20.2284,2.4804,0.652845,0.6337,0.6977,0.7291,0.764,0.7904,0.8183,0.8598,0.8973,0.9393
426B,English,layer_21,last,23.1249,2.6446,0.640295,0.6134,0.6824,0.7161,0.7528,0.7805,0.8096,0.8522,0.891,0.9347
426B,English,layer_22,last,28.7227,2.9186,0.631543,0.5835,0.6563,0.6917,0.7313,0.7616,0.7932,0.8389,0.8804,0.9278
426B,English,layer_23,last,34.7723,3.2053,0.624816,0.5564,0.633,0.6703,0.7124,0.7447,0.7785,0.8269,0.8709,0.9216
426B,English,layer_24,last,44.0056,3.6718,0.623717,0.5191,0.6037,0.6433,0.6898,0.7255,0.7622,0.8149,0.8621,0.916
426B,English,layer_25,last,59.0331,4.3788,0.62694,0.4744,0.5644,0.6054,0.658,0.6992,0.7404,0.7992,0.8509,0.9093
426B,English,layer_26,last,84.0056,5.5562,0.628979,0.4198,0.5166,0.5594,0.6187,0.6657,0.7126,0.779,0.8364,0.9005
426B,English,layer_27,last,105.7096,6.7111,0.627141,0.3805,0.4854,0.5292,0.595,0.6457,0.6957,0.7664,0.8269,0.8944
426B,English,layer_28,last,169.9959,11.1715,0.617483,0.2881,0.4225,0.4748,0.5493,0.6046,0.6592,0.7362,0.8033,0.8789
426B,English,layer_29,last,258.5898,26.2096,0.615866,0.1583,0.362,0.4323,0.5174,0.5766,0.6351,0.7177,0.7891,0.8696
426B,English,layer_0,mean,207.6681,30.8678,1.073712,0.148,0.3077,0.3919,0.5014,0.5854,0.6782,0.8028,0.8889,0.9568
426B,English,layer_1,mean,144.7499,19.4859,0.870561,0.1943,0.3837,0.4657,0.5722,0.6492,0.7312,0.8335,0.899,0.9519
426B,English,layer_2,mean,1.9243,1.1603,0.80014,0.9283,0.9465,0.9543,0.9635,0.9698,0.9764,0.9847,0.9902,0.9949
426B,English,layer_3,mean,1.7454,1.1311,0.774656,0.9402,0.9548,0.9621,0.9701,0.9754,0.9807,0.9872,0.9916,0.9955
426B,English,layer_4,mean,1.7203,1.1281,0.768518,0.9415,0.9558,0.9635,0.9719,0.977,0.9819,0.988,0.9921,0.9957
426B,English,layer_5,mean,2.0143,1.1826,0.784173,0.9195,0.9389,0.9512,0.9649,0.973,0.9796,0.9868,0.9914,0.9953
426B,English,layer_6,mean,2.0371,1.1832,0.778178,0.9192,0.9376,0.9495,0.9632,0.9712,0.978,0.9857,0.9906,0.9949
426B,English,layer_7,mean,2.3721,1.2388,0.798611,0.8983,0.9215,0.9367,0.9545,0.9648,0.9739,0.9836,0.9895,0.9944
426B,English,layer_8,mean,2.5827,1.2694,0.802948,0.8874,0.9127,0.9288,0.9484,0.9601,0.9704,0.9814,0.9882,0.9937
426B,English,layer_9,mean,2.473,1.2479,0.795219,0.895,0.9177,0.9316,0.9494,0.9601,0.97,0.981,0.9878,0.9935
426B,English,layer_10,mean,2.5974,1.2678,0.799442,0.888,0.913,0.9275,0.9464,0.958,0.9686,0.9803,0.9875,0.9934
426B,English,layer_11,mean,2.6512,1.2739,0.790073,0.8858,0.9113,0.9261,0.9449,0.9565,0.967,0.979,0.9865,0.9928
426B,English,layer_12,mean,2.9447,1.3173,0.799726,0.8711,0.9005,0.9172,0.9383,0.9514,0.9634,0.977,0.9853,0.9923
426B,English,layer_13,mean,3.9882,1.4606,0.813045,0.8271,0.8663,0.8895,0.9187,0.9367,0.9532,0.9711,0.9819,0.9906
426B,English,layer_14,mean,3.7435,1.4233,0.798428,0.8379,0.8744,0.8954,0.922,0.9385,0.9538,0.9708,0.9814,0.9902
426B,English,layer_15,mean,4.0996,1.4721,0.804279,0.8238,0.8651,0.8881,0.9167,0.9343,0.9506,0.9689,0.9803,0.9897
426B,English,layer_16,mean,4.939,1.5756,0.81123,0.7961,0.8446,0.8707,0.9035,0.9242,0.9431,0.9644,0.9776,0.9884
426B,English,layer_17,mean,6.2403,1.7292,0.821285,0.7596,0.8177,0.8485,0.887,0.9115,0.9338,0.9591,0.9747,0.987
426B,English,layer_18,mean,8.2531,1.9533,0.829032,0.7142,0.7817,0.8184,0.8665,0.8967,0.9241,0.954,0.9717,0.9856
426B,English,layer_19,mean,10.9696,2.2166,0.791169,0.6698,0.7501,0.7918,0.8463,0.8794,0.9092,0.9422,0.9626,0.98
426B,English,layer_20,mean,15.8164,2.7139,0.788664,0.6038,0.7016,0.7513,0.818,0.859,0.8958,0.9347,0.9579,0.9773
426B,English,layer_21,mean,23.5077,3.3504,0.772992,0.5417,0.6541,0.7087,0.7815,0.8271,0.869,0.9154,0.9443,0.9697
426B,English,layer_22,mean,36.773,4.6972,0.776506,0.4531,0.5906,0.6551,0.7413,0.7973,0.8489,0.904,0.9373,0.9658
426B,English,layer_23,mean,46.6894,5.6667,0.765861,0.4096,0.5569,0.6267,0.7181,0.778,0.8338,0.8935,0.9296,0.9613
426B,English,layer_24,mean,60.6513,7.4488,0.778382,0.3528,0.5073,0.5854,0.6881,0.7598,0.8252,0.8915,0.9296,0.9615
426B,English,layer_25,mean,74.1419,9.7291,0.792167,0.3036,0.4641,0.5549,0.6692,0.7478,0.8193,0.8907,0.9301,0.9622
426B,English,layer_26,mean,98.9878,13.9913,0.799735,0.2454,0.4101,0.5084,0.6335,0.7199,0.7994,0.8801,0.9245,0.9596
426B,English,layer_27,mean,108.8279,16.0412,0.796938,0.2251,0.3922,0.4944,0.6232,0.7115,0.7926,0.8752,0.921,0.9577
426B,English,layer_28,mean,138.3243,24.9322,0.783029,0.1594,0.3507,0.4603,0.5995,0.6921,0.7754,0.8616,0.9111,0.9519
426B,English,layer_29,mean,119.8831,25.1023,0.786793,0.148,0.3601,0.4896,0.635,0.7243,0.8001,0.8774,0.9218,0.9576
426B,Chinese,layer_0,last,351.942,85.6183,1.429829,0.0658,0.1895,0.2708,0.3782,0.4761,0.5934,0.7591,0.8747,0.9609
426B,Chinese,layer_1,last,420.9061,84.6135,0.964358,0.0591,0.2012,0.278,0.379,0.4637,0.5647,0.7143,0.8269,0.9236
426B,Chinese,layer_2,last,97.3095,7.0563,0.881354,0.3713,0.4675,0.5246,0.5912,0.6433,0.705,0.7982,0.8708,0.9375
426B,Chinese,layer_3,last,62.268,4.7629,0.835139,0.4551,0.5387,0.5867,0.642,0.6847,0.7352,0.8126,0.8755,0.9369
426B,Chinese,layer_4,last,47.189,3.8913,0.810986,0.5048,0.5777,0.6206,0.6704,0.7093,0.7541,0.823,0.8801,0.9376
426B,Chinese,layer_5,last,45.9489,3.7694,0.789841,0.5131,0.5816,0.6245,0.6719,0.7099,0.7538,0.8209,0.877,0.9348
426B,Chinese,layer_6,last,47.6904,3.8196,0.781887,0.5098,0.5754,0.6184,0.6667,0.7059,0.7504,0.8177,0.8741,0.9328
426B,Chinese,layer_7,last,51.2946,3.9386,0.766717,0.502,0.5672,0.6093,0.658,0.6974,0.7421,0.81,0.8678,0.9287
426B,Chinese,layer_8,last,54.619,4.0816,0.757767,0.493,0.5596,0.6024,0.6517,0.6918,0.7368,0.8052,0.8638,0.926
426B,Chinese,layer_9,last,57.2677,4.1752,0.747627,0.4873,0.5546,0.5968,0.647,0.6869,0.7314,0.8001,0.8597,0.9232
426B,Chinese,layer_10,last,57.6247,4.2176,0.741384,0.4846,0.5571,0.5981,0.6478,0.6872,0.7309,0.7994,0.8588,0.9223
426B,Chinese,layer_11,last,61.2243,4.3454,0.725497,0.4773,0.5504,0.5915,0.6425,0.6819,0.7251,0.7924,0.8523,0.9178
426B,Chinese,layer_12,last,65.0182,4.4739,0.715112,0.4703,0.5431,0.5841,0.6355,0.6755,0.7187,0.7868,0.8479,0.9147
426B,Chinese,layer_13,last,73.8347,4.9148,0.705199,0.448,0.5277,0.5708,0.6243,0.6662,0.7102,0.779,0.8416,0.9105
426B,Chinese,layer_14,last,74.7781,4.9651,0.698003,0.4456,0.5275,0.5695,0.6242,0.6662,0.7099,0.7777,0.8401,0.9092
426B,Chinese,layer_15,last,82.7584,5.3473,0.692716,0.4288,0.5157,0.558,0.6135,0.6566,0.7017,0.7717,0.8355,0.9061
426B,Chinese,layer_16,last,92.4883,5.8981,0.692647,0.4074,0.5006,0.5437,0.6023,0.6477,0.6953,0.7684,0.8336,0.9049
426B,Chinese,layer_17,last,78.9893,5.3505,0.69128,0.4284,0.5183,0.5649,0.6241,0.6675,0.713,0.7826,0.8437,0.9103
426B,Chinese,layer_18,last,37.2278,3.4001,0.692801,0.5401,0.62,0.6576,0.7048,0.74,0.7768,0.832,0.8793,0.9306
426B,Chinese,layer_19,last,32.2342,3.1502,0.684897,0.5614,0.6385,0.6747,0.7194,0.7526,0.7885,0.841,0.8855,0.9336
426B,Chinese,layer_20,last,32.0978,3.1457,0.680507,0.5618,0.6387,0.6755,0.7194,0.7531,0.7898,0.8422,0.8861,0.9337
426B,Chinese,layer_21,last,37.0279,3.4155,0.670883,0.5387,0.6218,0.6604,0.7062,0.7419,0.7808,0.8352,0.8804,0.9297
426B,Chinese,layer_22,last,45.3903,3.8214,0.661835,0.5087,0.5965,0.637,0.6849,0.7232,0.7649,0.8226,0.8704,0.9232
426B,Chinese,layer_23,last,55.7064,4.3569,0.656365,0.4755,0.5694,0.6131,0.664,0.7057,0.7508,0.8124,0.8624,0.9179
426B,Chinese,layer_24,last,65.6196,4.973,0.654601,0.4437,0.548,0.5947,0.6495,0.6945,0.7424,0.8063,0.8577,0.9148
426B,Chinese,layer_25,last,78.2089,5.762,0.656824,0.4105,0.5241,0.5727,0.6319,0.6804,0.7317,0.7993,0.8528,0.9118
426B,Chinese,layer_26,last,98.5627,7.0144,0.657684,0.3697,0.4923,0.5424,0.6065,0.6585,0.714,0.7867,0.8439,0.9065
426B,Chinese,layer_27,last,112.2923,8.1395,0.656919,0.3406,0.4732,0.5262,0.5956,0.6499,0.7074,0.7821,0.8404,0.9042
426B,Chinese,layer_28,last,161.8452,12.8738,0.646437,0.2605,0.4202,0.4859,0.5631,0.621,0.6811,0.7599,0.8231,0.8928
426B,Chinese,layer_29,last,142.9395,15.5129,0.64778,0.2139,0.4455,0.5251,0.6032,0.6571,0.7109,0.7826,0.8401,0.9028
426B,Chinese,layer_0,mean,165.635,34.1647,1.196545,0.1174,0.3216,0.4299,0.5526,0.6405,0.7287,0.8439,0.9193,0.9726
426B,Chinese,layer_1,mean,117.2118,21.6262,0.916913,0.1544,0.4066,0.5126,0.621,0.699,0.7736,0.8639,0.9209,0.9644
426B,Chinese,layer_2,mean,2.3684,1.2435,0.836003,0.8966,0.9297,0.9423,0.9548,0.9636,0.9721,0.9823,0.989,0.9945
426B,Chinese,layer_3,mean,1.9855,1.1794,0.801664,0.9207,0.9461,0.9556,0.9654,0.972,0.9781,0.9857,0.9909,0.9953
426B,Chinese,layer_4,mean,1.8887,1.1649,0.789009,0.9264,0.9509,0.9601,0.9692,0.9751,0.9805,0.9871,0.9917,0.9956
426B,Chinese,layer_5,mean,2.076,1.2046,0.792374,0.9109,0.9428,0.9552,0.9666,0.9736,0.9795,0.9866,0.9913,0.9954
426B,Chinese,layer_6,mean,2.0656,1.2013,0.787248,0.9122,0.9433,0.955,0.9662,0.9732,0.9792,0.9862,0.9911,0.9953
426B,Chinese,layer_7,mean,2.2295,1.228,0.799291,0.9022,0.9353,0.9476,0.961,0.9696,0.9769,0.985,0.9904,0.995
426B,Chinese,layer_8,mean,2.3972,1.2525,0.801245,0.8933,0.9279,0.9409,0.9557,0.9656,0.9738,0.9831,0.9892,0.9943
426B,Chinese,layer_9,mean,2.3155,1.2355,0.793083,0.8995,0.9311,0.943,0.9567,0.9658,0.9738,0.9829,0.989,0.9942
426B,Chinese,layer_10,mean,2.3996,1.2502,0.79396,0.8941,0.9276,0.9402,0.955,0.9646,0.973,0.9826,0.9888,0.9941
426B,Chinese,layer_11,mean,2.4264,1.2527,0.784357,0.8932,0.9264,0.9393,0.954,0.9636,0.972,0.9817,0.9881,0.9937
426B,Chinese,layer_12,mean,2.64,1.2887,0.791568,0.8806,0.9187,0.9327,0.9493,0.96,0.9696,0.9803,0.9873,0.9933
426B,Chinese,layer_13,mean,3.2982,1.3898,0.803221,0.8478,0.896,0.914,0.9357,0.9501,0.9626,0.9762,0.9848,0.992
426B,Chinese,layer_14,mean,3.1735,1.3668,0.788629,0.8549,0.9003,0.9172,0.9375,0.9507,0.9624,0.9756,0.9842,0.9916
426B,Chinese,layer_15,mean,3.4221,1.4049,0.794584,0.8431,0.8928,0.9111,0.9331,0.9476,0.9602,0.9743,0.9834,0.9912
426B,Chinese,layer_16,mean,3.9647,1.4776,0.800865,0.822,0.8763,0.8974,0.9231,0.9398,0.9545,0.9707,0.9812,0.9902
426B,Chinese,layer_17,mean,4.7798,1.5799,0.809204,0.7948,0.8547,0.8794,0.9097,0.9297,0.947,0.9662,0.9786,0.9889
426B,Chinese,layer_18,mean,6.1361,1.758,0.816771,0.7529,0.8252,0.8573,0.8947,0.9186,0.9392,0.9616,0.9759,0.9876
426B,Chinese,layer_19,mean,8.0021,1.9446,0.783075,0.7155,0.7965,0.8325,0.874,0.901,0.9244,0.9501,0.9672,0.9824
426B,Chinese,layer_20,mean,10.3634,2.2182,0.781598,0.6689,0.7676,0.8081,0.8562,0.8879,0.9152,0.9447,0.9638,0.9805
426B,Chinese,layer_21,mean,15.2399,2.7122,0.772318,0.6031,0.7233,0.7705,0.8259,0.8635,0.8955,0.9307,0.9542,0.9751
426B,Chinese,layer_22,mean,23.8476,3.6255,0.775875,0.5183,0.6627,0.7223,0.7902,0.837,0.8764,0.9191,0.9469,0.9712
426B,Chinese,layer_23,mean,33.0139,4.9361,0.771247,0.4377,0.6156,0.6897,0.7715,0.825,0.8684,0.9137,0.9429,0.9687
426B,Chinese,layer_24,mean,40.318,6.1399,0.78063,0.3865,0.5812,0.6658,0.757,0.8147,0.8623,0.9116,0.9424,0.9687
426B,Chinese,layer_25,mean,46.5722,7.3339,0.79426,0.348,0.5541,0.644,0.7436,0.8074,0.8594,0.9119,0.9435,0.9696
426B,Chinese,layer_26,mean,58.0229,9.1016,0.800124,0.3067,0.5162,0.6106,0.7181,0.7877,0.8454,0.9041,0.9392,0.9677
426B,Chinese,layer_27,mean,60.4657,9.8086,0.804385,0.2937,0.5072,0.6057,0.7161,0.7872,0.8462,0.9052,0.9401,0.9683
426B,Chinese,layer_28,mean,75.7975,14.3055,0.792712,0.2197,0.4754,0.5839,0.6988,0.7728,0.8339,0.8954,0.9331,0.9642
426B,Chinese,layer_29,mean,33.8085,6.4837,0.798512,0.3685,0.6026,0.7026,0.7979,0.8497,0.891,0.9318,0.9567,0.9768
426B,French,layer_0,last,415.9886,79.721,1.285866,0.0796,0.2006,0.2538,0.3415,0.4336,0.5455,0.7127,0.8416,0.9454
426B,French,layer_1,last,511.1691,64.476,0.91153,0.1062,0.2034,0.25,0.3263,0.4052,0.5033,0.6563,0.7829,0.8997
426B,French,layer_2,last,57.8304,4.1459,0.830161,0.4891,0.56,0.5879,0.6277,0.6679,0.7177,0.7962,0.8639,0.9314
426B,French,layer_3,last,37.9007,3.1892,0.787192,0.5587,0.6173,0.6415,0.6755,0.7083,0.7486,0.813,0.871,0.9322
426B,French,layer_4,last,28.5182,2.7648,0.763224,0.6005,0.6538,0.6768,0.7076,0.7366,0.7716,0.8278,0.8794,0.9351
426B,French,layer_5,last,30.6146,2.8338,0.742407,0.5932,0.6445,0.6681,0.7003,0.7294,0.7645,0.8214,0.8737,0.931
426B,French,layer_6,last,33.3866,2.945,0.733277,0.5818,0.6335,0.6579,0.6916,0.7218,0.7575,0.8157,0.8692,0.928
426B,French,layer_7,last,38.905,3.1368,0.716825,0.5637,0.6138,0.639,0.6737,0.7047,0.7424,0.8035,0.8599,0.922
426B,French,layer_8,last,44.8974,3.3848,0.70892,0.5425,0.5956,0.623,0.6605,0.6931,0.7319,0.7951,0.8536,0.918
426B,French,layer_9,last,49.4573,3.5501,0.700482,0.5296,0.5822,0.6115,0.651,0.6841,0.7234,0.7878,0.8479,0.9143
426B,French,layer_10,last,52.6305,3.6718,0.694258,0.5207,0.5742,0.6039,0.6449,0.6787,0.7185,0.7841,0.8448,0.9122
426B,French,layer_11,last,56.7888,3.8086,0.67938,0.5112,0.5655,0.5962,0.6385,0.6721,0.7112,0.7761,0.8376,0.907
426B,French,layer_12,last,61.9355,3.9989,0.672122,0.4987,0.5536,0.5859,0.6297,0.6644,0.7045,0.7708,0.8334,0.904
426B,French,layer_13,last,74.9861,4.5039,0.66551,0.4696,0.5292,0.5629,0.6103,0.6475,0.6897,0.7589,0.8243,0.8982
426B,French,layer_14,last,75.3412,4.5606,0.662898,0.4664,0.5302,0.5639,0.6119,0.6493,0.6913,0.7598,0.8247,0.8983
426B,French,layer_15,last,83.7846,4.9297,0.661057,0.4483,0.5153,0.5512,0.6021,0.6413,0.6847,0.755,0.8213,0.896
426B,French,layer_16,last,95.8597,5.5369,0.662442,0.4223,0.4971,0.5351,0.5905,0.6321,0.6777,0.7508,0.8188,0.8946
426B,French,layer_17,last,84.3684,5.2319,0.664435,0.4344,0.5107,0.5537,0.6112,0.6521,0.6961,0.7661,0.8304,0.9012
426B,French,layer_18,last,39.1499,3.372,0.666169,0.5428,0.6141,0.6486,0.6964,0.7299,0.7654,0.8203,0.8698,0.9241
426B,French,layer_19,last,32.9508,3.1091,0.657765,0.5654,0.6368,0.6705,0.7161,0.7479,0.7812,0.8322,0.8779,0.9282
426B,French,layer_20,last,32.5512,3.0894,0.651444,0.5673,0.6381,0.6725,0.7175,0.7492,0.7826,0.8331,0.8782,0.928
426B,French,layer_21,last,37.6522,3.3393,0.639777,0.5452,0.6207,0.6571,0.704,0.7372,0.772,0.8243,0.8708,0.9227
426B,French,layer_22,last,46.3598,3.7258,0.63033,0.5156,0.5942,0.633,0.682,0.718,0.7553,0.8106,0.8599,0.9154
426B,French,layer_23,last,55.9272,4.1361,0.623756,0.4889,0.5703,0.6102,0.6613,0.6998,0.7398,0.7983,0.8501,0.9089
426B,French,layer_24,last,70.0556,4.8354,0.622554,0.451,0.5411,0.5831,0.6379,0.6805,0.7243,0.787,0.8416,0.9033
426B,French,layer_25,last,91.8666,5.8289,0.624181,0.4097,0.5028,0.5454,0.6057,0.6536,0.7023,0.7711,0.8301,0.8963
426B,French,layer_26,last,128.1992,7.624,0.626403,0.3564,0.4541,0.4991,0.5658,0.62,0.6749,0.7516,0.8161,0.8879
426B,French,layer_27,last,154.2803,9.2834,0.628989,0.3209,0.4257,0.4728,0.546,0.6046,0.6627,0.7432,0.8102,0.8843
426B,French,layer_28,last,217.3343,15.27,0.624786,0.2406,0.3787,0.4335,0.5154,0.579,0.6402,0.7246,0.7957,0.8748
426B,French,layer_29,last,247.5826,24.7834,0.624943,0.1652,0.3617,0.428,0.5189,0.5844,0.6451,0.7278,0.7978,0.8756
426B,French,layer_0,mean,218.6949,37.4024,1.085112,0.1212,0.3041,0.3822,0.496,0.5848,0.6777,0.8019,0.8885,0.957
426B,French,layer_1,mean,161.3791,25.7078,0.877132,0.1361,0.3699,0.4513,0.5605,0.6426,0.7261,0.8294,0.8964,0.951
426B,French,layer_2,mean,1.9061,1.1597,0.806387,0.9285,0.9488,0.9556,0.9645,0.971,0.9774,0.9853,0.9905,0.9951
426B,French,layer_3,mean,1.745,1.1325,0.78104,0.9396,0.9562,0.9624,0.9705,0.9759,0.9811,0.9875,0.9918,0.9957
426B,French,layer_4,mean,1.7216,1.1299,0.773145,0.9407,0.9576,0.9639,0.9721,0.9774,0.9822,0.9881,0.9922,0.9958
426B,French,layer_5,mean,1.9529,1.1724,0.784024,0.9235,0.9443,0.9543,0.9665,0.9739,0.9801,0.987,0.9915,0.9954
426B,French,layer_6,mean,1.9832,1.1756,0.778957,0.9222,0.9432,0.953,0.9648,0.9723,0.9787,0.9859,0.9908,0.995
426B,French,layer_7,mean,2.3101,1.2308,0.798549,0.9012,0.9274,0.9408,0.9562,0.9663,0.9747,0.9838,0.9896,0.9945
426B,French,layer_8,mean,2.569,1.2711,0.803868,0.8868,0.9168,0.9321,0.9494,0.9611,0.971,0.9816,0.9882,0.9938
426B,French,layer_9,mean,2.4884,1.2557,0.795226,0.8922,0.9212,0.9345,0.9502,0.9611,0.9706,0.9811,0.9878,0.9936
426B,French,layer_10,mean,2.6494,1.2811,0.799198,0.8833,0.9147,0.929,0.9464,0.9584,0.9689,0.9802,0.9873,0.9933
426B,French,layer_11,mean,2.7009,1.2866,0.789239,0.8814,0.9132,0.9276,0.9449,0.9568,0.9672,0.9788,0.9863,0.9927
426B,French,layer_12,mean,3.0407,1.3363,0.798907,0.8648,0.9005,0.9171,0.9374,0.9511,0.9632,0.9765,0.9849,0.9921
426B,French,layer_13,mean,4.1108,1.4834,0.811608,0.8206,0.8673,0.8898,0.9174,0.9366,0.9531,0.9706,0.9814,0.9903
426B,French,layer_14,mean,3.8747,1.4464,0.796475,0.8311,0.8747,0.8952,0.9204,0.9379,0.9534,0.9702,0.9808,0.9899
426B,French,layer_15,mean,4.2855,1.5044,0.802936,0.8148,0.8642,0.887,0.9148,0.9338,0.9504,0.9684,0.9798,0.9894
426B,French,layer_16,mean,5.0213,1.5932,0.808472,0.7916,0.8462,0.8719,0.9032,0.9248,0.9438,0.9643,0.9773,0.9882
426B,French,layer_17,mean,6.078,1.7168,0.818247,0.7623,0.8233,0.8533,0.889,0.9144,0.9363,0.96,0.975,0.9871
426B,French,layer_18,mean,7.8484,1.919,0.82514,0.7206,0.7907,0.8278,0.8711,0.901,0.9274,0.9552,0.9722,0.9857
426B,French,layer_19,mean,9.7184,2.0926,0.787274,0.6897,0.7675,0.808,0.8549,0.8869,0.9148,0.945,0.9642,0.9808
426B,French,layer_20,mean,13.7181,2.4968,0.784793,0.6304,0.7219,0.7704,0.8279,0.8677,0.9021,0.9377,0.9594,0.9781
426B,French,layer_21,mean,20.2451,3.0451,0.768962,0.5695,0.6747,0.728,0.7936,0.8388,0.878,0.9201,0.9471,0.9711
426B,French,layer_22,mean,30.6893,4.0652,0.768831,0.49,0.6175,0.6809,0.7586,0.8125,0.8594,0.9086,0.9396,0.9669
426B,French,layer_23,mean,39.275,4.8626,0.757026,0.4458,0.5838,0.6519,0.735,0.794,0.8449,0.8982,0.9319,0.9622
426B,French,layer_24,mean,51.795,6.3987,0.768599,0.3844,0.5364,0.6135,0.7077,0.7764,0.8356,0.8954,0.9311,0.962
426B,French,layer_25,mean,67.2541,8.5433,0.778064,0.3277,0.4887,0.5736,0.6793,0.7579,0.8247,0.8906,0.9287,0.961
426B,French,layer_26,mean,90.2439,12.2666,0.787285,0.2657,0.4354,0.5282,0.6445,0.732,0.8066,0.8806,0.9233,0.9586
426B,French,layer_27,mean,102.1253,14.9384,0.787256,0.2348,0.4114,0.5083,0.6318,0.7237,0.8006,0.8764,0.9205,0.957
426B,French,layer_28,mean,131.4434,24.4559,0.777433,0.1587,0.3657,0.4716,0.6089,0.7059,0.7854,0.8645,0.9117,0.9518
426B,French,layer_29,mean,129.5235,30.2615,0.780633,0.1152,0.3476,0.4779,0.6263,0.7223,0.799,0.8737,0.9183,0.9553
426B,Indonesian,layer_0,last,347.0542,65.335,1.286208,0.0907,0.2166,0.2995,0.4032,0.4865,0.5843,0.7338,0.8529,0.9502
426B,Indonesian,layer_1,last,449.4379,74.6415,0.937835,0.0806,0.2053,0.2812,0.3766,0.4524,0.543,0.6841,0.8012,0.9099
426B,Indonesian,layer_2,last,87.2497,6.1056,0.859056,0.4001,0.4947,0.545,0.6053,0.6499,0.7032,0.7873,0.8591,0.93
426B,Indonesian,layer_3,last,55.885,4.2921,0.815423,0.4799,0.5609,0.6037,0.6551,0.6921,0.7358,0.8054,0.8669,0.9307
426B,Indonesian,layer_4,last,39.5524,3.4802,0.789379,0.534,0.6081,0.6472,0.6941,0.7266,0.764,0.8239,0.8773,0.9344
426B,Indonesian,layer_5,last,40.3223,3.4664,0.769464,0.5353,0.6052,0.644,0.6906,0.7234,0.7607,0.8202,0.8734,0.9311
426B,Indonesian,layer_6,last,41.5041,3.5137,0.760537,0.5316,0.6013,0.6397,0.6868,0.7209,0.7589,0.8188,0.8721,0.9299
426B,Indonesian,layer_7,last,45.5155,3.6588,0.747922,0.521,0.5886,0.6277,0.675,0.7104,0.7501,0.8119,0.8667,0.9264
426B,Indonesian,layer_8,last,50.659,3.9375,0.740097,0.5018,0.5739,0.6167,0.6672,0.7036,0.7446,0.8079,0.8639,0.9245
426B,Indonesian,layer_9,last,52.3282,4.022,0.734195,0.4964,0.5697,0.6133,0.6645,0.7011,0.7425,0.8062,0.8625,0.9236
426B,Indonesian,layer_10,last,53.9757,4.1516,0.72985,0.4882,0.5671,0.6104,0.6638,0.7008,0.7421,0.8063,0.8627,0.9236
426B,Indonesian,layer_11,last,55.5523,4.1939,0.717187,0.4857,0.5643,0.6083,0.6614,0.6976,0.7381,0.8015,0.8583,0.9206
426B,Indonesian,layer_12,last,58.3975,4.3415,0.711961,0.4772,0.5569,0.6025,0.6571,0.694,0.7351,0.7995,0.8569,0.9195
426B,Indonesian,layer_13,last,66.7507,4.7943,0.708818,0.4535,0.5387,0.5872,0.6448,0.6848,0.7275,0.7934,0.8525,0.9168
426B,Indonesian,layer_14,last,66.725,4.8622,0.707767,0.45,0.5397,0.5887,0.6472,0.6875,0.7301,0.7953,0.8538,0.9175
426B,Indonesian,layer_15,last,71.5018,5.1366,0.705705,0.4374,0.5302,0.5814,0.6404,0.6818,0.7256,0.7923,0.8517,0.9161
426B,Indonesian,layer_16,last,79.6077,5.6419,0.708698,0.4166,0.5135,0.568,0.6304,0.6741,0.72,0.7892,0.8501,0.9154
426B,Indonesian,layer_17,last,73.0612,5.4345,0.711388,0.4246,0.5219,0.5778,0.6444,0.6879,0.7329,0.8002,0.8583,0.92
426B,Indonesian,layer_18,last,37.6173,3.5791,0.712762,0.5259,0.6132,0.6591,0.7145,0.7505,0.7869,0.8411,0.8875,0.9364
426B,Indonesian,layer_19,last,31.5284,3.2292,0.704669,0.5543,0.6343,0.678,0.7321,0.7657,0.7998,0.8502,0.8935,0.9394
426B,Indonesian,layer_20,last,30.4155,3.166,0.69837,0.5598,0.6391,0.6824,0.736,0.769,0.8021,0.8515,0.8941,0.9394
426B,Indonesian,layer_21,last,34.2604,3.3673,0.684157,0.5425,0.6241,0.6695,0.7251,0.7592,0.7932,0.8438,0.8876,0.9349
426B,Indonesian,layer_22,last,40.9444,3.7409,0.675392,0.514,0.6018,0.65,0.7091,0.7452,0.7809,0.8335,0.8794,0.9296
426B,Indonesian,layer_23,last,48.9029,4.155,0.666047,0.4871,0.5785,0.6299,0.6919,0.7299,0.7672,0.8222,0.8705,0.9238
426B,Indonesian,layer_24,last,59.5892,4.8105,0.663678,0.4512,0.5538,0.6073,0.6737,0.7148,0.7551,0.8131,0.8637,0.9195
426B,Indonesian,layer_25,last,74.6676,5.7319,0.665272,0.4118,0.5232,0.5788,0.6506,0.6957,0.7397,0.8025,0.8562,0.9151
426B,Indonesian,layer_26,last,97.7386,7.3839,0.667841,0.3597,0.4865,0.5455,0.6237,0.6736,0.7223,0.7907,0.8481,0.9103
426B,Indonesian,layer_27,last,116.4842,9.2216,0.672185,0.3178,0.4604,0.5225,0.6076,0.6625,0.715,0.7867,0.8455,0.9088
426B,Indonesian,layer_28,last,157.7459,15.3319,0.672508,0.2311,0.4115,0.4874,0.5837,0.6455,0.7017,0.7768,0.8382,0.9042
426B,Indonesian,layer_29,last,140.2353,18.5709,0.681037,0.1652,0.4172,0.516,0.618,0.6794,0.733,0.8017,0.8566,0.9152
426B,Indonesian,layer_0,mean,158.0214,24.3941,1.124968,0.1525,0.3743,0.46,0.5566,0.6288,0.7083,0.8191,0.8987,0.9622
426B,Indonesian,layer_1,mean,116.5112,16.1223,0.880729,0.2023,0.4393,0.5192,0.6112,0.6777,0.7475,0.8388,0.9019,0.9542
426B,Indonesian,layer_2,mean,1.6813,1.1276,0.802894,0.9416,0.9623,0.9679,0.974,0.9784,0.9828,0.9886,0.9926,0.9962
426B,Indonesian,layer_3,mean,1.5096,1.095,0.770239,0.9556,0.9705,0.9751,0.9801,0.9835,0.9868,0.991,0.9941,0.9969
426B,Indonesian,layer_4,mean,1.4556,1.0847,0.755694,0.9601,0.9732,0.9775,0.9822,0.9853,0.9882,0.9919,0.9946,0.9971
426B,Indonesian,layer_5,mean,1.5185,1.0966,0.759199,0.9549,0.9691,0.9743,0.9803,0.9841,0.9875,0.9916,0.9944,0.9969
426B,Indonesian,layer_6,mean,1.5291,1.0983,0.754552,0.9542,0.9685,0.9739,0.9799,0.9837,0.9872,0.9913,0.9942,0.9968
426B,Indonesian,layer_7,mean,1.6445,1.12,0.770278,0.9449,0.9616,0.9686,0.9763,0.9812,0.9855,0.9904,0.9936,0.9966
426B,Indonesian,layer_8,mean,1.7381,1.1364,0.774577,0.938,0.9563,0.9643,0.9732,0.9788,0.9837,0.9892,0.9929,0.9962
426B,Indonesian,layer_9,mean,1.7094,1.1301,0.768343,0.9406,0.9578,0.9654,0.9737,0.9789,0.9837,0.9892,0.9929,0.9961
426B,Indonesian,layer_10,mean,1.783,1.144,0.774397,0.9349,0.9539,0.9623,0.9716,0.9776,0.9828,0.9887,0.9926,0.996
426B,Indonesian,layer_11,mean,1.7916,1.1439,0.766385,0.9349,0.9532,0.9617,0.9709,0.9768,0.9821,0.9881,0.9921,0.9957
426B,Indonesian,layer_12,mean,1.8936,1.1613,0.776346,0.9279,0.9474,0.957,0.9677,0.9744,0.9805,0.9872,0.9916,0.9955
426B,Indonesian,layer_13,mean,2.2414,1.2203,0.788821,0.9051,0.931,0.944,0.9582,0.9674,0.9753,0.9841,0.9897,0.9945
426B,Indonesian,layer_14,mean,2.1714,1.2064,0.775394,0.9103,0.9344,0.9462,0.9595,0.9679,0.9753,0.9838,0.9894,0.9943
426B,Indonesian,layer_15,mean,2.2687,1.2233,0.782506,0.904,0.9298,0.9429,0.9573,0.9663,0.9743,0.9832,0.9891,0.9941
426B,Indonesian,layer_16,mean,2.5434,1.2663,0.789543,0.8885,0.9185,0.9338,0.9505,0.961,0.9702,0.9807,0.9875,0.9934
426B,Indonesian,layer_17,mean,2.9943,1.3349,0.800786,0.8652,0.9016,0.9205,0.9406,0.9533,0.9645,0.9773,0.9856,0.9924
426B,Indonesian,layer_18,mean,3.6235,1.4274,0.808595,0.8366,0.8813,0.9043,0.9293,0.9449,0.9586,0.9739,0.9835,0.9914
426B,Indonesian,layer_19,mean,4.3721,1.523,0.776924,0.8097,0.8632,0.8896,0.9173,0.9345,0.9497,0.967,0.9783,0.9883
426B,Indonesian,layer_20,mean,5.4604,1.6665,0.776109,0.7736,0.8386,0.87,0.9035,0.9242,0.9426,0.9628,0.9756,0.9868
426B,Indonesian,layer_21,mean,7.5365,1.8847,0.764622,0.727,0.8033,0.8397,0.8786,0.9032,0.9253,0.9502,0.9669,0.9819
426B,Indonesian,layer_22,mean,10.9106,2.2673,0.763772,0.6614,0.7617,0.8057,0.8535,0.8839,0.911,0.941,0.9609,0.9786
426B,Indonesian,layer_23,mean,14.5125,2.641,0.753468,0.6113,0.7293,0.7788,0.8322,0.8666,0.897,0.931,0.9538,0.9744
426B,Indonesian,layer_24,mean,20.6261,3.3306,0.766922,0.5414,0.6825,0.74,0.8047,0.8476,0.8848,0.925,0.9506,0.9729
426B,Indonesian,layer_25,mean,29.4316,4.4121,0.78014,0.4658,0.6308,0.699,0.7761,0.8281,0.8722,0.9185,0.947,0.9713
426B,Indonesian,layer_26,mean,42.0478,6.1801,0.79194,0.3857,0.5759,0.656,0.7457,0.8057,0.8564,0.9098,0.9424,0.9692
426B,Indonesian,layer_27,mean,54.1105,8.5102,0.797215,0.3173,0.5334,0.6244,0.7261,0.7932,0.8485,0.9049,0.9393,0.9677
426B,Indonesian,layer_28,mean,69.2415,13.6213,0.797088,0.2117,0.4881,0.5989,0.7129,0.7849,0.8428,0.9011,0.9367,0.9662
426B,Indonesian,layer_29,mean,49.7313,9.7383,0.808113,0.2877,0.5335,0.646,0.7571,0.8234,0.8736,0.9219,0.9505,0.9736
426B,Italian,layer_0,last,317.7348,40.9085,1.268494,0.1277,0.2672,0.3162,0.4007,0.4798,0.5764,0.7267,0.8465,0.9462
426B,Italian,layer_1,last,420.065,48.9285,0.903893,0.105,0.2498,0.2993,0.3762,0.4464,0.5331,0.6731,0.7918,0.9035
426B,Italian,layer_2,last,132.8681,8.7562,0.820868,0.3274,0.4579,0.4964,0.55,0.5965,0.6537,0.7476,0.8303,0.9137
426B,Italian,layer_3,last,98.9594,6.2506,0.777566,0.3943,0.5017,0.5376,0.5852,0.6249,0.6738,0.755,0.8298,0.9096
426B,Italian,layer_4,last,75.8738,5.0956,0.754388,0.4386,0.5398,0.5745,0.6181,0.654,0.6977,0.77,0.8376,0.9118
426B,Italian,layer_5,last,79.9589,5.1402,0.736746,0.4372,0.5321,0.5663,0.6103,0.6462,0.6899,0.7625,0.831,0.907
426B,Italian,layer_6,last,85.6204,5.4273,0.730435,0.4249,0.5222,0.5587,0.6042,0.641,0.6858,0.7593,0.8283,0.9051
426B,Italian,layer_7,last,102.4411,6.1597,0.715409,0.3977,0.4981,0.5365,0.5834,0.6218,0.6687,0.7455,0.8177,0.8981
426B,Italian,layer_8,last,112.1799,6.8587,0.707813,0.3745,0.4877,0.5282,0.5778,0.6174,0.6646,0.7422,0.8149,0.896
426B,Italian,layer_9,last,120.9474,7.2787,0.700556,0.3628,0.477,0.5191,0.5694,0.61,0.6575,0.7358,0.8098,0.8927
426B,Italian,layer_10,last,120.2305,7.6323,0.695327,0.3505,0.4813,0.5238,0.5745,0.6147,0.6615,0.7391,0.8119,0.8934
426B,Italian,layer_11,last,124.9724,7.9404,0.682264,0.3415,0.4787,0.5205,0.572,0.6119,0.6579,0.7338,0.8066,0.8893
426B,Italian,layer_12,last,129.1502,8.5092,0.676237,0.3245,0.4769,0.5189,0.5706,0.6107,0.6566,0.7328,0.8056,0.8882
426B,Italian,layer_13,last,146.0471,9.6959,0.67156,0.3001,0.459,0.5031,0.558,0.6006,0.6482,0.7259,0.8002,0.8846
426B,Italian,layer_14,last,141.6264,9.7338,0.67027,0.297,0.4647,0.5091,0.5649,0.6072,0.654,0.7302,0.8031,0.8862
426B,Italian,layer_15,last,145.6812,10.0518,0.667968,0.2917,0.4612,0.5055,0.5621,0.6049,0.6526,0.7295,0.8026,0.8856
426B,Italian,layer_16,last,150.7204,10.8528,0.669695,0.2758,0.4562,0.5019,0.5603,0.6046,0.6537,0.7317,0.8048,0.8869
426B,Italian,layer_17,last,117.0836,8.6255,0.671829,0.3202,0.4855,0.5347,0.5949,0.6365,0.6824,0.755,0.8222,0.8969
426B,Italian,layer_18,last,47.1999,4.236,0.673276,0.4782,0.6063,0.6452,0.6927,0.7256,0.7616,0.8169,0.8672,0.9229
426B,Italian,layer_19,last,37.6775,3.6762,0.664707,0.5155,0.6342,0.671,0.7153,0.7463,0.7795,0.8303,0.8765,0.9277
426B,Italian,layer_20,last,36.1305,3.5603,0.659453,0.5245,0.6387,0.6748,0.7184,0.7492,0.7822,0.8325,0.8778,0.9282
426B,Italian,layer_21,last,40.8009,3.8099,0.649299,0.5065,0.6241,0.6615,0.7073,0.7394,0.7736,0.8251,0.8716,0.9237
426B,Italian,layer_22,last,49.1721,4.2159,0.641304,0.481,0.6001,0.6389,0.6874,0.7221,0.7587,0.813,0.8619,0.9173
426B,Italian,layer_23,last,58.8266,4.6604,0.635091,0.4571,0.5767,0.6164,0.6674,0.7042,0.7434,0.801,0.8525,0.9111
426B,Italian,layer_24,last,71.9882,5.3664,0.634494,0.4249,0.5492,0.5912,0.6461,0.6866,0.7291,0.7907,0.8448,0.9062
426B,Italian,layer_25,last,91.7499,6.3537,0.636505,0.3896,0.5123,0.557,0.6174,0.6626,0.7095,0.7769,0.835,0.9002
426B,Italian,layer_26,last,122.7363,8.1162,0.640562,0.3427,0.4677,0.5162,0.5829,0.6342,0.6866,0.7609,0.8239,0.8937
426B,Italian,layer_27,last,142.447,9.6654,0.646439,0.3119,0.4429,0.4949,0.568,0.6236,0.6792,0.7569,0.8215,0.8926
426B,Italian,layer_28,last,190.4343,15.3423,0.646297,0.2374,0.398,0.4613,0.5447,0.6058,0.6649,0.7453,0.8127,0.887
426B,Italian,layer_29,last,217.597,25.9652,0.647263,0.1485,0.3666,0.4537,0.5493,0.6129,0.6718,0.7501,0.8159,0.8886
426B,Italian,layer_0,mean,166.1892,23.1648,1.092606,0.1699,0.3643,0.4403,0.5404,0.6199,0.7024,0.8142,0.8941,0.959
426B,Italian,layer_1,mean,109.9456,14.5463,0.885202,0.2194,0.4424,0.517,0.6113,0.684,0.7562,0.846,0.9062,0.956
426B,Italian,layer_2,mean,1.2683,1.0483,0.811651,0.9767,0.983,0.9855,0.9884,0.9906,0.9926,0.9951,0.9969,0.9984
426B,Italian,layer_3,mean,1.2122,1.0377,0.781685,0.9817,0.9864,0.9885,0.9909,0.9925,0.9941,0.996,0.9974,0.9986
426B,Italian,layer_4,mean,1.2065,1.0369,0.7735,0.982,0.9868,0.989,0.9913,0.9929,0.9944,0.9962,0.9975,0.9987
426B,Italian,layer_5,mean,1.2456,1.0445,0.778855,0.9784,0.9841,0.9868,0.9899,0.992,0.9938,0.9958,0.9973,0.9985
426B,Italian,layer_6,mean,1.2568,1.0465,0.775517,0.9775,0.9833,0.9862,0.9894,0.9915,0.9934,0.9956,0.9971,0.9984
426B,Italian,layer_7,mean,1.3334,1.0615,0.794743,0.9706,0.9782,0.9821,0.9867,0.9896,0.9921,0.9948,0.9966,0.9982
426B,Italian,layer_8,mean,1.3899,1.072,0.798691,0.9658,0.9745,0.9791,0.9845,0.988,0.9909,0.9941,0.9962,0.998
426B,Italian,layer_9,mean,1.3782,1.0689,0.790255,0.9672,0.9753,0.9794,0.9844,0.9877,0.9906,0.9939,0.996,0.9979
426B,Italian,layer_10,mean,1.4092,1.0748,0.79244,0.9646,0.9733,0.9778,0.9832,0.9869,0.9901,0.9936,0.9958,0.9978
426B,Italian,layer_11,mean,1.4222,1.0767,0.783144,0.9637,0.9726,0.9771,0.9826,0.9863,0.9895,0.9931,0.9955,0.9976
426B,Italian,layer_12,mean,1.491,1.0894,0.792125,0.9581,0.9683,0.9736,0.98,0.9844,0.9881,0.9923,0.995,0.9974
426B,Italian,layer_13,mean,1.6914,1.1256,0.804139,0.9425,0.9564,0.964,0.9731,0.9793,0.9845,0.9902,0.9937,0.9967
426B,Italian,layer_14,mean,1.6613,1.1191,0.788847,0.9453,0.9583,0.9653,0.9737,0.9795,0.9845,0.99,0.9935,0.9965
426B,Italian,layer_15,mean,1.7473,1.1346,0.794398,0.9388,0.9537,0.9615,0.9711,0.9776,0.9831,0.9891,0.9929,0.9963
426B,Italian,layer_16,mean,1.8896,1.1587,0.798424,0.9289,0.9465,0.9555,0.9665,0.9739,0.9803,0.9873,0.9919,0.9957
426B,Italian,layer_17,mean,2.1359,1.1994,0.808564,0.913,0.9346,0.9456,0.9591,0.9683,0.9762,0.9849,0.9904,0.995
426B,Italian,layer_18,mean,2.4627,1.2518,0.813154,0.8936,0.9201,0.9339,0.9508,0.9619,0.9717,0.9822,0.9888,0.9942
426B,Italian,layer_19,mean,2.8179,1.3012,0.77793,0.8765,0.9075,0.9231,0.942,0.9546,0.9655,0.9774,0.9851,0.992
426B,Italian,layer_20,mean,3.512,1.3999,0.775739,0.8448,0.8837,0.9035,0.9282,0.9443,0.9582,0.9731,0.9823,0.9903
426B,Italian,layer_21,mean,4.6025,1.5301,0.760094,0.8079,0.8553,0.8791,0.9088,0.9282,0.9452,0.9636,0.9757,0.9866
426B,Italian,layer_22,mean,6.5961,1.7671,0.761649,0.7513,0.8147,0.8453,0.8846,0.91,0.9321,0.9555,0.9703,0.9836
426B,Italian,layer_23,mean,8.7473,1.9901,0.751464,0.7074,0.7823,0.8179,0.8638,0.8933,0.9193,0.9466,0.9641,0.9799
426B,Italian,layer_24,mean,12.5304,2.386,0.762719,0.6449,0.7372,0.7806,0.8361,0.8733,0.9058,0.9394,0.9599,0.9777
426B,Italian,layer_25,mean,19.1427,3.0836,0.773557,0.5651,0.6819,0.7352,0.8036,0.8498,0.8902,0.9306,0.9546,0.975
426B,Italian,layer_26,mean,30.4051,4.2596,0.784569,0.4771,0.6173,0.6803,0.763,0.8193,0.8687,0.9182,0.9473,0.9714
426B,Italian,layer_27,mean,39.4607,5.4543,0.788902,0.4168,0.5821,0.6515,0.7424,0.8046,0.8585,0.9121,0.9434,0.9694
426B,Italian,layer_28,mean,62.5259,9.7074,0.781646,0.2927,0.5193,0.6002,0.7072,0.7786,0.8384,0.898,0.9335,0.9637
426B,Italian,layer_29,mean,89.8917,18.4501,0.782644,0.1711,0.446,0.546,0.6775,0.761,0.8266,0.8909,0.9291,0.9611
426B,Swahili,layer_0,last,256.7608,74.87,1.61325,0.0623,0.2035,0.286,0.4285,0.5519,0.6756,0.8262,0.9203,0.9807
426B,Swahili,layer_1,last,338.4489,85.4272,1.220846,0.0658,0.19,0.2593,0.3916,0.5062,0.6253,0.776,0.8762,0.9536
426B,Swahili,layer_2,last,59.7811,5.2236,1.136351,0.4343,0.5152,0.5564,0.6336,0.6997,0.7681,0.8557,0.9157,0.9652
426B,Swahili,layer_3,last,38.5553,3.7512,1.084968,0.5143,0.583,0.6174,0.6819,0.7368,0.7935,0.8676,0.9201,0.9656
426B,Swahili,layer_4,last,27.8364,3.1202,1.05318,0.5645,0.6323,0.6636,0.7198,0.7672,0.8162,0.8805,0.9269,0.9678
426B,Swahili,layer_5,last,27.7005,3.114,1.028397,0.565,0.6346,0.667,0.7222,0.7685,0.8163,0.8799,0.926,0.9671
426B,Swahili,layer_6,last,27.7002,3.1363,1.013184,0.5628,0.6368,0.6696,0.7234,0.7699,0.8178,0.8806,0.9264,0.9671
426B,Swahili,layer_7,last,29.667,3.2636,0.994243,0.5515,0.629,0.6623,0.7162,0.7641,0.8133,0.8773,0.9242,0.9658
426B,Swahili,layer_8,last,32.6058,3.5325,0.977737,0.5292,0.6195,0.6575,0.7123,0.7609,0.811,0.876,0.9233,0.9651
426B,Swahili,layer_9,last,33.9291,3.6388,0.963503,0.5211,0.6159,0.6543,0.7097,0.7583,0.809,0.8746,0.9221,0.9643
426B,Swahili,layer_10,last,33.909,3.6826,0.946436,0.5176,0.6187,0.659,0.7141,0.7609,0.8103,0.8748,0.922,0.964
426B,Swahili,layer_11,last,34.8726,3.7566,0.919607,0.5122,0.6178,0.6596,0.7145,0.7598,0.808,0.8715,0.919,0.962
426B,Swahili,layer_12,last,35.6583,3.784,0.902321,0.5104,0.6158,0.6572,0.7122,0.757,0.805,0.8693,0.9172,0.9608
426B,Swahili,layer_13,last,39.9183,4.1266,0.885214,0.4877,0.6033,0.6478,0.7055,0.7504,0.7984,0.8639,0.9133,0.9585
426B,Swahili,layer_14,last,41.1717,4.2899,0.872685,0.4774,0.6018,0.6483,0.7065,0.7506,0.7976,0.863,0.9123,0.9576
426B,Swahili,layer_15,last,43.5319,4.4335,0.864564,0.4695,0.5933,0.6414,0.7006,0.7452,0.7931,0.8601,0.9104,0.9564
426B,Swahili,layer_16,last,49.9357,4.9932,0.860273,0.4407,0.5734,0.626,0.6888,0.7359,0.786,0.8566,0.9085,0.9552
426B,Swahili,layer_17,last,52.3882,5.1906,0.856243,0.432,0.5626,0.6171,0.6854,0.7341,0.7851,0.8562,0.9082,0.9548
426B,Swahili,layer_18,last,38.9453,4.3273,0.855174,0.4746,0.6009,0.659,0.7219,0.7653,0.8107,0.8736,0.9195,0.9603
426B,Swahili,layer_19,last,37.4186,4.1756,0.839611,0.4837,0.6057,0.6629,0.7261,0.7684,0.8127,0.8745,0.9195,0.9598
426B,Swahili,layer_20,last,38.0434,4.2459,0.828861,0.4792,0.6058,0.6635,0.7256,0.7678,0.8117,0.8732,0.9182,0.9588
426B,Swahili,layer_21,last,43.2218,4.6321,0.80817,0.4576,0.5908,0.65,0.7145,0.7576,0.8023,0.8651,0.9118,0.9547
426B,Swahili,layer_22,last,48.8226,5.1121,0.79452,0.4339,0.5781,0.6384,0.7045,0.7487,0.794,0.8579,0.9061,0.9512
426B,Swahili,layer_23,last,54.546,5.5781,0.781691,0.4138,0.5651,0.6274,0.6944,0.7396,0.7856,0.8507,0.9006,0.9477
426B,Swahili,layer_24,last,58.9172,6.0738,0.775976,0.3943,0.5571,0.6204,0.6893,0.7354,0.7819,0.8476,0.8982,0.9461
426B,Swahili,layer_25,last,64.8974,6.6311,0.770146,0.3755,0.5451,0.6091,0.6798,0.7274,0.775,0.8424,0.8943,0.9436
426B,Swahili,layer_26,last,75.8494,7.7316,0.760952,0.344,0.5255,0.5908,0.6647,0.7143,0.7638,0.834,0.888,0.9397
426B,Swahili,layer_27,last,81.8895,8.505,0.752637,0.3246,0.5173,0.5829,0.6587,0.7089,0.7594,0.8303,0.8847,0.9373
426B,Swahili,layer_28,last,108.6061,13.3761,0.747707,0.2358,0.4771,0.5528,0.636,0.6912,0.746,0.8212,0.8781,0.933
426B,Swahili,layer_29,last,60.39,8.0834,0.755835,0.3242,0.5637,0.637,0.7117,0.7592,0.8052,0.8646,0.9078,0.9493
426B,Swahili,layer_0,mean,72.1212,14.0785,1.17103,0.1913,0.5044,0.5921,0.6811,0.75,0.8182,0.8982,0.9469,0.981
426B,Swahili,layer_1,mean,57.62,10.4922,0.943601,0.248,0.5501,0.6275,0.711,0.7752,0.8361,0.9048,0.9456,0.9757
426B,Swahili,layer_2,mean,1.29,1.0566,0.878138,0.9728,0.9832,0.9862,0.9893,0.9916,0.9938,0.9962,0.9977,0.9989
426B,Swahili,layer_3,mean,1.225,1.0435,0.850389,0.9789,0.987,0.9894,0.9918,0.9935,0.9952,0.997,0.9982,0.9991
426B,Swahili,layer_4,mean,1.2085,1.0404,0.839783,0.9804,0.9881,0.9903,0.9926,0.9941,0.9956,0.9973,0.9983,0.9991
426B,Swahili,layer_5,mean,1.2219,1.0432,0.839655,0.979,0.9871,0.9897,0.9922,0.9939,0.9955,0.9972,0.9983,0.9991
426B,Swahili,layer_6,mean,1.2226,1.0435,0.835255,0.9789,0.9872,0.9897,0.9923,0.994,0.9955,0.9972,0.9982,0.9991
426B,Swahili,layer_7,mean,1.2339,1.0458,0.842773,0.9779,0.9864,0.9891,0.9919,0.9937,0.9953,0.9971,0.9982,0.9991
426B,Swahili,layer_8,mean,1.2575,1.0509,0.84168,0.9755,0.9852,0.9881,0.9912,0.9931,0.9949,0.9969,0.9981,0.999
426B,Swahili,layer_9,mean,1.2564,1.0507,0.839219,0.9755,0.9853,0.9882,0.9912,0.9931,0.9949,0.9969,0.9981,0.999
426B,Swahili,layer_10,mean,1.2782,1.0558,0.842138,0.9732,0.9842,0.9875,0.9907,0.9928,0.9947,0.9967,0.998,0.999
426B,Swahili,layer_11,mean,1.2816,1.0564,0.833523,0.9729,0.984,0.9873,0.9906,0.9926,0.9945,0.9966,0.9979,0.9989
426B,Swahili,layer_12,mean,1.3021,1.0603,0.839,0.9711,0.9826,0.9862,0.9898,0.992,0.9941,0.9964,0.9977,0.9989
426B,Swahili,layer_13,mean,1.3665,1.0743,0.843819,0.9648,0.9791,0.9836,0.988,0.9907,0.9931,0.9958,0.9974,0.9987
426B,Swahili,layer_14,mean,1.3814,1.0782,0.837213,0.963,0.9787,0.9834,0.9878,0.9905,0.9929,0.9956,0.9973,0.9986
426B,Swahili,layer_15,mean,1.3699,1.0753,0.842308,0.9643,0.9791,0.9836,0.988,0.9907,0.9931,0.9958,0.9974,0.9987
426B,Swahili,layer_16,mean,1.4567,1.0935,0.850878,0.9562,0.9744,0.98,0.9854,0.9887,0.9917,0.9949,0.9969,0.9984
426B,Swahili,layer_17,mean,1.5505,1.112,0.862839,0.9482,0.969,0.9758,0.9824,0.9864,0.99,0.994,0.9964,0.9982
426B,Swahili,layer_18,mean,1.759,1.1585,0.872873,0.9289,0.9596,0.9687,0.9777,0.983,0.9877,0.9927,0.9956,0.9979
426B,Swahili,layer_19,mean,1.9089,1.1822,0.84421,0.9195,0.9522,0.9625,0.9726,0.9785,0.9838,0.9898,0.9936,0.9968
426B,Swahili,layer_20,mean,2.1175,1.222,0.837346,0.9043,0.9436,0.9553,0.9672,0.9745,0.9808,0.988,0.9925,0.9962
426B,Swahili,layer_21,mean,2.5506,1.2857,0.826229,0.8815,0.9264,0.9401,0.954,0.9631,0.9714,0.9813,0.9881,0.9939
426B,Swahili,layer_22,mean,3.036,1.3659,0.817461,0.855,0.9108,0.9275,0.9443,0.9552,0.9651,0.9771,0.9853,0.9924
426B,Swahili,layer_23,mean,3.4026,1.4143,0.800102,0.8401,0.8996,0.9179,0.9363,0.9482,0.9592,0.9726,0.9822,0.9907
426B,Swahili,layer_24,mean,3.9867,1.5099,0.805329,0.8126,0.8848,0.9058,0.928,0.9421,0.955,0.9703,0.9807,0.9899
426B,Swahili,layer_25,mean,4.629,1.5985,0.804638,0.7894,0.8692,0.8932,0.9184,0.9345,0.9491,0.9663,0.9781,0.9886
426B,Swahili,layer_26,mean,6.0885,1.7859,0.803573,0.7461,0.8396,0.8686,0.8991,0.9193,0.9375,0.9589,0.9734,0.9861
426B,Swahili,layer_27,mean,8.2597,2.046,0.801119,0.696,0.805,0.84,0.8783,0.9029,0.9246,0.9502,0.9676,0.983
426B,Swahili,layer_28,mean,15.7221,2.991,0.809685,0.5703,0.7308,0.7813,0.8358,0.8697,0.8998,0.9348,0.9581,0.9781
426B,Swahili,layer_29,mean,44.2441,9.7847,0.827516,0.2561,0.5877,0.6848,0.7754,0.8288,0.8734,0.9207,0.9497,0.9738
426B,Spanish,layer_0,last,322.0805,40.4488,1.24348,0.1225,0.2676,0.316,0.3942,0.4719,0.569,0.722,0.8439,0.9447
426B,Spanish,layer_1,last,407.9399,41.6482,0.884897,0.108,0.2623,0.3043,0.3713,0.4408,0.5284,0.669,0.7885,0.901
426B,Spanish,layer_2,last,17.0238,2.3363,0.802394,0.6525,0.7267,0.7429,0.766,0.7894,0.819,0.8677,0.9107,0.9543
426B,Spanish,layer_3,last,11.0469,1.9264,0.757682,0.7196,0.7756,0.7884,0.8063,0.824,0.8466,0.8843,0.9193,0.9569
426B,Spanish,layer_4,last,9.0028,1.7785,0.734557,0.7492,0.7977,0.8092,0.825,0.8404,0.8598,0.893,0.9242,0.9587
426B,Spanish,layer_5,last,9.6172,1.807,0.715848,0.7433,0.79,0.8015,0.8176,0.8333,0.8532,0.8871,0.9195,0.9555
426B,Spanish,layer_6,last,10.6925,1.8705,0.707092,0.7306,0.7784,0.7904,0.8072,0.8236,0.8443,0.8799,0.9141,0.9522
426B,Spanish,layer_7,last,12.445,1.9748,0.689908,0.7108,0.7628,0.7751,0.7929,0.8102,0.8321,0.8698,0.9062,0.9472
426B,Spanish,layer_8,last,14.5985,2.1197,0.68121,0.6856,0.7476,0.7612,0.7803,0.7983,0.8211,0.8609,0.8994,0.943
426B,Spanish,layer_9,last,15.9857,2.1899,0.670375,0.6744,0.7378,0.7519,0.7716,0.7898,0.8129,0.8537,0.8937,0.9393
426B,Spanish,layer_10,last,17.1805,2.2799,0.662825,0.6604,0.732,0.7469,0.7669,0.7852,0.8087,0.8502,0.8908,0.9372
426B,Spanish,layer_11,last,18.4883,2.3593,0.645291,0.6487,0.7261,0.7414,0.7615,0.7798,0.8029,0.8439,0.885,0.9329
426B,Spanish,layer_12,last,20.1167,2.4584,0.634581,0.6348,0.7183,0.7338,0.7541,0.7726,0.796,0.8381,0.8802,0.9295
426B,Spanish,layer_13,last,24.2694,2.6792,0.625641,0.6072,0.6976,0.7143,0.7362,0.7564,0.7813,0.826,0.8707,0.9233
426B,Spanish,layer_14,last,25.2009,2.758,0.620477,0.5977,0.6958,0.7127,0.7348,0.7552,0.78,0.8243,0.869,0.9219
426B,Spanish,layer_15,last,28.0146,2.9019,0.617116,0.5822,0.6838,0.7015,0.7244,0.7459,0.7718,0.8179,0.8641,0.9186
426B,Spanish,layer_16,last,32.9805,3.1904,0.618233,0.5539,0.6659,0.6847,0.7103,0.7336,0.7618,0.8109,0.8592,0.9156
426B,Spanish,layer_17,last,30.4958,3.1081,0.61979,0.5621,0.6766,0.6987,0.724,0.7467,0.774,0.8213,0.8671,0.9203
426B,Spanish,layer_18,last,15.9107,2.3142,0.6221,0.6547,0.7499,0.7682,0.7893,0.8079,0.8296,0.8659,0.9004,0.9402
426B,Spanish,layer_19,last,13.831,2.1803,0.616038,0.675,0.764,0.7825,0.8029,0.8206,0.8411,0.8748,0.9068,0.9436
426B,Spanish,layer_20,last,13.8334,2.169,0.613138,0.677,0.7617,0.7812,0.8023,0.8204,0.8414,0.8751,0.9068,0.9434
426B,Spanish,layer_21,last,16.0286,2.2941,0.606095,0.6581,0.7442,0.7657,0.7889,0.8086,0.8311,0.8668,0.9002,0.9389
426B,Spanish,layer_22,last,19.9164,2.4931,0.599585,0.6311,0.7167,0.7413,0.7675,0.7896,0.8146,0.8534,0.8896,0.9319
426B,Spanish,layer_23,last,24.8905,2.7342,0.596786,0.6025,0.688,0.7155,0.7451,0.77,0.7979,0.8404,0.8796,0.9254
426B,Spanish,layer_24,last,32.7713,3.1091,0.599119,0.5646,0.6509,0.6825,0.7176,0.7466,0.7785,0.8261,0.8691,0.9188
426B,Spanish,layer_25,last,45.1006,3.6332,0.602923,0.522,0.6059,0.6413,0.6828,0.7166,0.7534,0.8076,0.8557,0.9106
426B,Spanish,layer_26,last,67.5968,4.6166,0.609511,0.4623,0.548,0.5883,0.6394,0.6797,0.723,0.7858,0.8403,0.9015
426B,Spanish,layer_27,last,87.1692,5.598,0.613322,0.4187,0.5102,0.5553,0.6148,0.6602,0.7074,0.7749,0.8325,0.8967
426B,Spanish,layer_28,last,138.6636,9.2781,0.614042,0.3188,0.4468,0.5018,0.5769,0.6301,0.6816,0.7545,0.8171,0.8868
426B,Spanish,layer_29,last,222.5483,22.7734,0.612887,0.171,0.3744,0.4525,0.5455,0.6033,0.6579,0.7353,0.8021,0.8771
426B,Spanish,layer_0,mean,202.8038,30.3551,1.068273,0.1447,0.327,0.4068,0.5116,0.5912,0.6776,0.7978,0.8846,0.955
426B,Spanish,layer_1,mean,140.3739,21.1422,0.865657,0.1731,0.4015,0.4809,0.5863,0.6623,0.7394,0.8351,0.8989,0.9517
426B,Spanish,layer_2,mean,3.89,1.4505,0.788267,0.8297,0.883,0.9005,0.9208,0.9349,0.9486,0.9658,0.9777,0.9883
426B,Spanish,layer_3,mean,3.2572,1.3659,0.761903,0.8553,0.8993,0.9153,0.9341,0.9461,0.957,0.9708,0.9806,0.9895
426B,Spanish,layer_4,mean,3.1846,1.3546,0.754006,0.8589,0.9008,0.9168,0.9355,0.9474,0.958,0.9713,0.9808,0.9896
426B,Spanish,layer_5,mean,3.9601,1.4703,0.765326,0.8241,0.8749,0.8979,0.9244,0.9403,0.9535,0.9689,0.9794,0.9888
426B,Spanish,layer_6,mean,4.0403,1.4744,0.759532,0.823,0.8738,0.896,0.9216,0.9373,0.9505,0.9665,0.9777,0.9879
426B,Spanish,layer_7,mean,5.5062,1.6614,0.783087,0.7749,0.8386,0.8664,0.9002,0.9216,0.9399,0.9609,0.9746,0.9865
426B,Spanish,layer_8,mean,6.8336,1.812,0.790809,0.7416,0.8138,0.8447,0.8837,0.9092,0.9307,0.9552,0.9712,0.9848
426B,Spanish,layer_9,mean,6.5856,1.7692,0.780214,0.7507,0.8199,0.8486,0.8845,0.9082,0.9288,0.9533,0.9698,0.9839
426B,Spanish,layer_10,mean,7.3683,1.8605,0.78631,0.7318,0.8057,0.8371,0.8766,0.9028,0.9258,0.952,0.9691,0.9836
426B,Spanish,layer_11,mean,7.7063,1.8906,0.776129,0.7258,0.8022,0.834,0.8731,0.899,0.9219,0.9487,0.9667,0.9822
426B,Spanish,layer_12,mean,9.4413,2.093,0.785997,0.6891,0.7777,0.815,0.86,0.8897,0.9155,0.9451,0.9646,0.9813
426B,Spanish,layer_13,mean,15.2299,2.7026,0.800296,0.6046,0.7171,0.7636,0.8229,0.8627,0.8969,0.9347,0.9586,0.9783
426B,Spanish,layer_14,mean,14.0909,2.5404,0.780532,0.6242,0.7286,0.7729,0.8275,0.8638,0.8956,0.9318,0.9559,0.9765
426B,Spanish,layer_15,mean,15.4505,2.6846,0.786233,0.6067,0.7169,0.7631,0.8208,0.859,0.8923,0.9299,0.9548,0.9761
426B,Spanish,layer_16,mean,19.1541,3.0355,0.791621,0.5694,0.6889,0.7392,0.8022,0.8443,0.881,0.923,0.9507,0.9741
426B,Spanish,layer_17,mean,25.9541,3.7389,0.801716,0.5104,0.6482,0.7041,0.7767,0.8252,0.8676,0.9152,0.9465,0.9723
426B,Spanish,layer_18,mean,32.8005,4.5341,0.808495,0.4598,0.6162,0.6762,0.7561,0.8101,0.8574,0.9098,0.9436,0.971
426B,Spanish,layer_19,mean,39.7122,5.181,0.771488,0.4267,0.5956,0.6582,0.7401,0.7946,0.8419,0.8956,0.9314,0.963
426B,Spanish,layer_20,mean,48.9602,6.3737,0.769216,0.3793,0.5639,0.6313,0.7205,0.7803,0.8328,0.891,0.9286,0.9612
426B,Spanish,layer_21,mean,64.9454,8.1439,0.759196,0.3289,0.525,0.5957,0.6912,0.7539,0.8097,0.8736,0.9162,0.9541
426B,Spanish,layer_22,mean,73.3822,9.1154,0.763179,0.3098,0.502,0.5753,0.6748,0.7415,0.8018,0.8705,0.915,0.9535
426B,Spanish,layer_23,mean,77.2333,9.1807,0.753501,0.3114,0.4931,0.5662,0.6665,0.7347,0.7961,0.8657,0.9108,0.9507
426B,Spanish,layer_24,mean,79.1294,9.5082,0.767354,0.307,0.4794,0.5565,0.6608,0.7327,0.7981,0.8713,0.9163,0.9542
426B,Spanish,layer_25,mean,83.0909,10.1633,0.77917,0.2964,0.4633,0.5436,0.6526,0.7292,0.7982,0.8741,0.9193,0.9563
426B,Spanish,layer_26,mean,101.6063,13.081,0.79313,0.2559,0.4248,0.5085,0.6257,0.7093,0.7845,0.8679,0.917,0.9558
426B,Spanish,layer_27,mean,103.755,13.4944,0.791146,0.2507,0.4216,0.5059,0.6247,0.7087,0.7836,0.8659,0.9151,0.9548
426B,Spanish,layer_28,mean,118.8611,18.2014,0.784098,0.2016,0.3931,0.4913,0.6184,0.7049,0.7799,0.8615,0.9112,0.9522
426B,Spanish,layer_29,mean,99.2974,17.098,0.78758,0.2037,0.4168,0.528,0.6566,0.7382,0.8057,0.878,0.922,0.958
426B,German,layer_0,last,471.9415,89.9291,1.244046,0.0803,0.1771,0.2319,0.3188,0.4067,0.5169,0.6882,0.8243,0.9382
426B,German,layer_1,last,554.0518,70.7711,0.8811,0.1006,0.1928,0.2424,0.3195,0.393,0.4865,0.6385,0.7682,0.8912
426B,German,layer_2,last,485.4448,37.2127,0.797204,0.1538,0.237,0.283,0.3512,0.414,0.495,0.63,0.7499,0.8716
426B,German,layer_3,last,476.2149,30.3447,0.753051,0.1735,0.251,0.2945,0.3592,0.4172,0.4909,0.6161,0.7319,0.8561
426B,German,layer_4,last,429.4204,24.5279,0.73082,0.1949,0.2719,0.3154,0.3798,0.4344,0.5038,0.6212,0.7313,0.8527
426B,German,layer_5,last,482.5211,29.0671,0.711812,0.178,0.2538,0.2984,0.3647,0.4208,0.4905,0.6088,0.7201,0.8442
426B,German,layer_6,last,485.2691,29.6602,0.70566,0.1756,0.2536,0.2981,0.3635,0.4211,0.4912,0.6096,0.7203,0.8436
426B,German,layer_7,last,562.1431,39.0766,0.690389,0.1498,0.2307,0.2766,0.3436,0.4017,0.4734,0.5946,0.7081,0.835
426B,German,layer_8,last,556.292,40.8393,0.683823,0.1446,0.2331,0.2821,0.3507,0.4082,0.4789,0.5989,0.7106,0.8356
426B,German,layer_9,last,582.7822,44.5043,0.675782,0.1372,0.2267,0.2762,0.3456,0.4025,0.4721,0.5921,0.705,0.8316
426B,German,layer_10,last,592.3434,46.014,0.670276,0.1346,0.2243,0.2747,0.3448,0.4015,0.4705,0.5904,0.7032,0.8298
426B,German,layer_11,last,629.3904,50.7174,0.656335,0.1271,0.2165,0.2682,0.3386,0.3947,0.4624,0.5799,0.6929,0.822
426B,German,layer_12,last,658.0252,56.8191,0.648753,0.1179,0.2099,0.2632,0.3336,0.3894,0.4575,0.5757,0.6889,0.8186
426B,German,layer_13,last,710.3355,71.4332,0.641896,0.1004,0.1961,0.2508,0.3236,0.3817,0.4507,0.5693,0.6834,0.8141
426B,German,layer_14,last,666.3196,62.8466,0.638524,0.1086,0.2076,0.2644,0.3371,0.394,0.4616,0.5768,0.6882,0.8164
426B,German,layer_15,last,654.2236,61.3572,0.63598,0.1093,0.2121,0.2685,0.3404,0.3973,0.4649,0.58,0.6907,0.8173
426B,German,layer_16,last,593.0329,52.1844,0.637646,0.1207,0.2273,0.2849,0.357,0.4145,0.4816,0.595,0.7027,0.8245
426B,German,layer_17,last,355.56,21.573,0.640168,0.2051,0.3093,0.3673,0.4363,0.4883,0.5481,0.6484,0.7424,0.8478
426B,German,layer_18,last,91.3518,5.4226,0.642401,0.4266,0.5069,0.5487,0.6009,0.6401,0.6837,0.7549,0.8206,0.8939
426B,German,layer_19,last,65.8272,4.4219,0.634715,0.4731,0.5528,0.5912,0.639,0.6752,0.7147,0.7786,0.8373,0.903
426B,German,layer_20,last,60.9875,4.2262,0.630133,0.484,0.5632,0.601,0.6474,0.6829,0.7217,0.7841,0.8411,0.9048
426B,German,layer_21,last,68.0842,4.5444,0.620066,0.4662,0.5503,0.589,0.6371,0.674,0.7137,0.7769,0.8347,0.8999
426B,German,layer_22,last,82.6015,5.1057,0.612154,0.4394,0.524,0.5642,0.615,0.6546,0.6968,0.7629,0.8233,0.8921
426B,German,layer_23,last,99.0085,5.7729,0.607062,0.4125,0.4999,0.5413,0.5939,0.6363,0.6808,0.7501,0.8131,0.8853
426B,German,layer_24,last,120.3567,6.7934,0.607315,0.379,0.4727,0.5156,0.5721,0.6184,0.6664,0.7398,0.8055,0.8804
426B,German,layer_25,last,152.1712,8.2728,0.608915,0.3422,0.4376,0.4817,0.5428,0.5934,0.6459,0.7251,0.795,0.874
426B,German,layer_26,last,200.6713,10.9256,0.612214,0.2955,0.3944,0.4413,0.5078,0.5639,0.6222,0.7084,0.7834,0.867
426B,German,layer_27,last,225.6925,12.7673,0.612461,0.2715,0.3748,0.4248,0.495,0.5535,0.6145,0.7032,0.7796,0.8644
426B,German,layer_28,last,278.1828,19.1019,0.607022,0.2117,0.3463,0.4039,0.4808,0.5412,0.6028,0.6922,0.7701,0.8577
426B,German,layer_29,last,224.5548,19.7676,0.606825,0.1923,0.3875,0.4522,0.5318,0.5873,0.6426,0.7225,0.7919,0.8706
426B,German,layer_0,mean,241.8192,37.617,1.11128,0.1272,0.2938,0.3724,0.4734,0.5557,0.6489,0.7806,0.8768,0.9537
426B,German,layer_1,mean,171.1645,22.8667,0.877624,0.1744,0.3659,0.4479,0.5442,0.6212,0.7039,0.8113,0.8854,0.9466
426B,German,layer_2,mean,1.7165,1.124,0.800781,0.9432,0.957,0.9629,0.9696,0.9746,0.9798,0.9865,0.9913,0.9956
426B,German,layer_3,mean,1.5708,1.0999,0.771326,0.9535,0.9648,0.9699,0.9756,0.9796,0.9836,0.9889,0.9927,0.9961
426B,German,layer_4,mean,1.5437,1.0968,0.763349,0.9548,0.9665,0.972,0.9776,0.9813,0.985,0.9898,0.9932,0.9964
426B,German,layer_5,mean,1.6671,1.12,0.771224,0.9449,0.9591,0.9662,0.9741,0.9791,0.9836,0.989,0.9927,0.9961
426B,German,layer_6,mean,1.6765,1.1209,0.765815,0.9445,0.9589,0.9658,0.9735,0.9784,0.9829,0.9884,0.9923,0.9959
426B,German,layer_7,mean,1.8949,1.1598,0.78533,0.9285,0.947,0.956,0.9669,0.9738,0.9798,0.9868,0.9914,0.9954
426B,German,layer_8,mean,2.0242,1.1813,0.789193,0.92,0.9406,0.9506,0.963,0.9708,0.9776,0.9854,0.9905,0.995
426B,German,layer_9,mean,1.9633,1.1688,0.781643,0.9249,0.9436,0.9528,0.9638,0.9709,0.9775,0.9853,0.9904,0.9949
426B,German,layer_10,mean,2.0725,1.1878,0.785384,0.9175,0.9385,0.9486,0.9608,0.9689,0.9762,0.9845,0.99,0.9947
426B,German,layer_11,mean,2.0976,1.1911,0.776661,0.9162,0.9376,0.9479,0.9602,0.9681,0.9753,0.9837,0.9893,0.9943
426B,German,layer_12,mean,2.2914,1.2241,0.786097,0.9037,0.9291,0.9412,0.9555,0.9646,0.9729,0.9824,0.9886,0.9939
426B,German,layer_13,mean,2.9338,1.3237,0.798344,0.8689,0.9031,0.9203,0.9409,0.9539,0.9653,0.9779,0.9858,0.9925
426B,German,layer_14,mean,2.7602,1.2948,0.784948,0.8786,0.9099,0.9258,0.944,0.9557,0.9663,0.9781,0.9858,0.9924
426B,German,layer_15,mean,2.9304,1.3215,0.790262,0.8696,0.904,0.9213,0.9409,0.9533,0.9646,0.9771,0.9852,0.9921
426B,German,layer_16,mean,3.2703,1.3704,0.79596,0.8539,0.8926,0.9123,0.9338,0.9478,0.9604,0.9745,0.9837,0.9914
426B,German,layer_17,mean,3.6834,1.4275,0.805817,0.8366,0.8796,0.9015,0.9258,0.9417,0.956,0.9721,0.9824,0.9908
426B,German,layer_18,mean,4.2745,1.5085,0.812823,0.8137,0.8627,0.8879,0.9162,0.9352,0.9517,0.9699,0.9811,0.9902
426B,German,layer_19,mean,4.9297,1.5795,0.774552,0.795,0.8495,0.8764,0.9061,0.9257,0.9431,0.9625,0.9754,0.9867
426B,German,layer_20,mean,6.4174,1.7546,0.773859,0.754,0.8176,0.8494,0.8871,0.9125,0.9343,0.9574,0.9719,0.9847
426B,German,layer_21,mean,8.8801,1.9841,0.757933,0.7086,0.782,0.8173,0.8601,0.8891,0.9148,0.943,0.9618,0.979
426B,German,layer_22,mean,13.9764,2.4732,0.757234,0.6335,0.7258,0.769,0.8245,0.8621,0.8952,0.9307,0.9535,0.9743
426B,German,layer_23,mean,18.9613,2.8968,0.745581,0.5843,0.6882,0.7362,0.798,0.8409,0.8785,0.9185,0.9448,0.9691
426B,German,layer_24,mean,27.3094,3.7239,0.757529,0.5131,0.6342,0.6907,0.7675,0.8203,0.8664,0.9132,0.942,0.9678
426B,German,layer_25,mean,40.541,5.1403,0.766021,0.4328,0.5744,0.6407,0.7318,0.7955,0.8505,0.9049,0.9371,0.9652
426B,German,layer_26,mean,62.9124,7.9535,0.776676,0.3405,0.5044,0.5819,0.6879,0.7626,0.8276,0.892,0.9298,0.9616
426B,German,layer_27,mean,78.13,10.4969,0.773503,0.289,0.4705,0.5538,0.6675,0.7477,0.8163,0.8841,0.9242,0.9584
426B,German,layer_28,mean,104.2299,16.7798,0.764067,0.2098,0.4217,0.5175,0.6429,0.7281,0.8001,0.8718,0.9154,0.9531
426B,German,layer_29,mean,125.2021,29.4058,0.766445,0.1019,0.3685,0.4918,0.637,0.7263,0.7994,0.8722,0.9161,0.9535
426B,Hindi,layer_0,last,124.1785,43.8523,1.77654,0.0986,0.2547,0.371,0.5671,0.6991,0.8167,0.9347,0.9854,0.999
426B,Hindi,layer_1,last,222.3359,54.2948,1.165527,0.0986,0.2231,0.3212,0.4709,0.5945,0.7142,0.8448,0.919,0.9699
426B,Hindi,layer_2,last,5.4539,1.5881,1.069237,0.7932,0.8252,0.8468,0.8775,0.904,0.9296,0.9583,0.9762,0.99
426B,Hindi,layer_3,last,3.8049,1.3967,1.013836,0.846,0.8691,0.8842,0.9054,0.924,0.9424,0.9643,0.9788,0.9906
426B,Hindi,layer_4,last,3.1251,1.3121,0.980477,0.8729,0.892,0.904,0.9201,0.9349,0.95,0.9684,0.9809,0.9913
426B,Hindi,layer_5,last,3.069,1.3015,0.944356,0.8765,0.8947,0.9057,0.9207,0.9347,0.9492,0.9674,0.9799,0.9906
426B,Hindi,layer_6,last,3.1309,1.3067,0.918724,0.8747,0.8931,0.9038,0.9186,0.9325,0.947,0.9657,0.9786,0.9898
426B,Hindi,layer_7,last,3.2913,1.3197,0.880037,0.8704,0.8881,0.8985,0.9132,0.9271,0.942,0.9617,0.9757,0.9881
426B,Hindi,layer_8,last,3.4515,1.3347,0.84892,0.8655,0.8837,0.894,0.9091,0.9231,0.9384,0.9586,0.9733,0.9866
426B,Hindi,layer_9,last,3.5817,1.346,0.821494,0.8619,0.8805,0.8906,0.9057,0.9197,0.9351,0.9557,0.971,0.9851
426B,Hindi,layer_10,last,3.7472,1.3607,0.798995,0.8572,0.8766,0.8867,0.9016,0.9156,0.9313,0.9525,0.9685,0.9835
426B,Hindi,layer_11,last,3.909,1.3746,0.773776,0.8528,0.873,0.8834,0.8982,0.9121,0.9277,0.9491,0.9657,0.9816
426B,Hindi,layer_12,last,4.0687,1.3878,0.755265,0.8487,0.8693,0.8799,0.8946,0.9084,0.9242,0.946,0.9632,0.98
426B,Hindi,layer_13,last,4.4403,1.4206,0.737378,0.8389,0.8606,0.8718,0.887,0.9014,0.9177,0.9407,0.9592,0.9775
426B,Hindi,layer_14,last,4.5106,1.4287,0.725902,0.8365,0.8598,0.8713,0.8867,0.901,0.9172,0.94,0.9584,0.9768
426B,Hindi,layer_15,last,4.7683,1.4529,0.716472,0.8295,0.8544,0.8665,0.8825,0.8972,0.9139,0.9374,0.9563,0.9755
426B,Hindi,layer_16,last,5.3076,1.5052,0.712102,0.8149,0.8436,0.8568,0.8745,0.8906,0.9085,0.9335,0.9535,0.9738
426B,Hindi,layer_17,last,5.8542,1.5601,0.708747,0.8004,0.8332,0.8494,0.8691,0.8863,0.9051,0.9312,0.9518,0.9726
426B,Hindi,layer_18,last,5.9354,1.5923,0.706093,0.792,0.837,0.8532,0.8731,0.8899,0.9083,0.9337,0.9535,0.9735
426B,Hindi,layer_19,last,6.4424,1.6477,0.695276,0.7784,0.8297,0.847,0.8687,0.8864,0.9055,0.9314,0.9516,0.972
426B,Hindi,layer_20,last,6.8895,1.6886,0.689101,0.7688,0.8224,0.8409,0.8638,0.8824,0.9021,0.9288,0.9496,0.9707
426B,Hindi,layer_21,last,7.8271,1.7662,0.676897,0.7516,0.8081,0.8294,0.8538,0.8737,0.8946,0.9228,0.9448,0.9676
426B,Hindi,layer_22,last,9.1566,1.86,0.664364,0.7323,0.7913,0.8134,0.8395,0.8607,0.8829,0.9132,0.9376,0.9629
426B,Hindi,layer_23,last,10.5415,1.9581,0.65545,0.7136,0.776,0.7994,0.8273,0.8501,0.8735,0.9058,0.9318,0.9592
426B,Hindi,layer_24,last,12.5312,2.101,0.649881,0.6887,0.7576,0.7824,0.813,0.8376,0.8629,0.8975,0.9256,0.9553
426B,Hindi,layer_25,last,15.5453,2.2894,0.643922,0.6594,0.7332,0.7594,0.7931,0.8197,0.8471,0.8852,0.9163,0.9495
426B,Hindi,layer_26,last,21.0585,2.6047,0.638179,0.6177,0.6975,0.7263,0.7639,0.7935,0.8243,0.8675,0.9032,0.9413
426B,Hindi,layer_27,last,27.0201,2.9355,0.630932,0.5812,0.6692,0.6996,0.7408,0.7725,0.8057,0.8526,0.8918,0.934
426B,Hindi,layer_28,last,51.7164,4.3698,0.620154,0.4723,0.5934,0.6321,0.6823,0.7198,0.7588,0.8157,0.8636,0.9161
426B,Hindi,layer_29,last,145.4159,13.3463,0.616813,0.2322,0.4717,0.5217,0.5869,0.6352,0.6864,0.7601,0.8217,0.8897
426B,Hindi,layer_0,mean,105.5409,33.172,1.430614,0.104,0.3238,0.4398,0.617,0.739,0.8376,0.9314,0.9738,0.9939
426B,Hindi,layer_1,mean,101.2475,23.5631,1.027066,0.1618,0.3639,0.4717,0.632,0.7455,0.8306,0.9126,0.955,0.9819
426B,Hindi,layer_2,mean,3.1827,1.3743,0.944533,0.8527,0.8917,0.9099,0.9354,0.9537,0.9677,0.982,0.99,0.9955
426B,Hindi,layer_3,mean,2.4721,1.261,0.909795,0.8903,0.9187,0.9323,0.9507,0.9642,0.9745,0.9853,0.9916,0.9961
426B,Hindi,layer_4,mean,2.2447,1.2236,0.893681,0.9039,0.9291,0.941,0.9566,0.968,0.977,0.9867,0.9923,0.9964
426B,Hindi,layer_5,mean,2.2901,1.2307,0.885362,0.9013,0.9274,0.9398,0.9554,0.9669,0.9762,0.9861,0.9919,0.9962
426B,Hindi,layer_6,mean,2.3448,1.2401,0.878582,0.8978,0.9254,0.9384,0.9543,0.9659,0.9755,0.9856,0.9916,0.996
426B,Hindi,layer_7,mean,2.6646,1.2906,0.883781,0.8801,0.9117,0.9274,0.9461,0.96,0.9715,0.9835,0.9904,0.9954
426B,Hindi,layer_8,mean,2.9032,1.3238,0.873073,0.8689,0.9026,0.9198,0.9399,0.9549,0.9678,0.9812,0.989,0.9947
426B,Hindi,layer_9,mean,2.9477,1.3283,0.859075,0.8674,0.9013,0.9188,0.9387,0.9535,0.9664,0.98,0.9881,0.9942
426B,Hindi,layer_10,mean,3.247,1.3714,0.854945,0.8536,0.8909,0.9106,0.9322,0.9486,0.963,0.9781,0.9869,0.9935
426B,Hindi,layer_11,mean,3.4927,1.4017,0.841452,0.8443,0.8839,0.9046,0.9269,0.9438,0.9588,0.9751,0.9849,0.9925
426B,Hindi,layer_12,mean,3.9262,1.4601,0.842371,0.8271,0.871,0.8943,0.9191,0.9378,0.9546,0.9726,0.9834,0.9917
426B,Hindi,layer_13,mean,5.235,1.6259,0.842102,0.7835,0.8392,0.8686,0.8998,0.9225,0.9432,0.9658,0.9793,0.9897
426B,Hindi,layer_14,mean,4.9389,1.5799,0.819388,0.795,0.8469,0.8742,0.9027,0.9237,0.9431,0.9646,0.978,0.9888
426B,Hindi,layer_15,mean,5.3835,1.639,0.821691,0.7804,0.8365,0.867,0.8981,0.9204,0.9408,0.9634,0.9773,0.9884
426B,Hindi,layer_16,mean,6.3946,1.7615,0.823306,0.7524,0.8168,0.8516,0.8869,0.9118,0.9344,0.9595,0.9749,0.9872
426B,Hindi,layer_17,mean,7.3431,1.8637,0.827607,0.7313,0.7998,0.8365,0.8755,0.9032,0.9286,0.9565,0.9731,0.9863
426B,Hindi,layer_18,mean,8.1043,1.9544,0.829306,0.7139,0.7889,0.8278,0.87,0.8991,0.9251,0.9542,0.9717,0.9857
426B,Hindi,layer_19,mean,10.4813,2.1637,0.794623,0.678,0.7623,0.8039,0.8494,0.8798,0.9074,0.9398,0.9611,0.9796
426B,Hindi,layer_20,mean,11.8575,2.2861,0.778087,0.6592,0.7489,0.7916,0.8394,0.8711,0.8999,0.9342,0.957,0.977
426B,Hindi,layer_21,mean,16.4014,2.6434,0.752948,0.6121,0.713,0.7593,0.8109,0.8452,0.8768,0.9156,0.9433,0.969
426B,Hindi,layer_22,mean,22.516,3.1004,0.748372,0.564,0.6749,0.7246,0.781,0.8185,0.8541,0.8991,0.9321,0.963
426B,Hindi,layer_23,mean,26.6295,3.3867,0.734007,0.5388,0.6537,0.7053,0.7647,0.8045,0.8422,0.8898,0.9249,0.9584
426B,Hindi,layer_24,mean,30.5542,3.7523,0.734059,0.5107,0.6344,0.6902,0.7542,0.7972,0.8373,0.8871,0.9232,0.9574
426B,Hindi,layer_25,mean,39.4289,4.5235,0.733308,0.4628,0.5989,0.6606,0.7322,0.7798,0.8236,0.878,0.9172,0.9539
426B,Hindi,layer_26,mean,54.7267,5.9648,0.736404,0.3991,0.5505,0.6198,0.7008,0.7557,0.8058,0.8671,0.9102,0.9501
426B,Hindi,layer_27,mean,68.1382,7.2606,0.731001,0.3584,0.5181,0.5918,0.6795,0.7378,0.7911,0.8558,0.9019,0.9452
426B,Hindi,layer_28,mean,100.3119,11.4315,0.721461,0.2729,0.4602,0.545,0.6428,0.7057,0.7639,0.8358,0.8876,0.9367
426B,Hindi,layer_29,mean,66.6925,8.5405,0.725395,0.3169,0.525,0.6127,0.6981,0.7527,0.8034,0.865,0.908,0.948
426B,Arabic,layer_0,last,343.5168,67.7014,1.465611,0.0862,0.2127,0.2673,0.3673,0.4677,0.5845,0.7511,0.8724,0.9634
426B,Arabic,layer_1,last,401.689,63.0788,1.032771,0.0969,0.2173,0.2695,0.3591,0.4504,0.5587,0.7161,0.8335,0.9316
426B,Arabic,layer_2,last,46.2518,4.0019,0.941337,0.4974,0.578,0.6104,0.6566,0.7042,0.7597,0.8402,0.901,0.9547
426B,Arabic,layer_3,last,27.4051,2.9331,0.890099,0.5824,0.6499,0.6777,0.7157,0.7531,0.7967,0.8609,0.9108,0.9568
426B,Arabic,layer_4,last,19.7747,2.4982,0.862029,0.6316,0.6912,0.716,0.7502,0.7826,0.8204,0.8757,0.9189,0.9596
426B,Arabic,layer_5,last,19.7629,2.4855,0.840204,0.6333,0.6901,0.7154,0.7505,0.7827,0.8206,0.8751,0.9176,0.9581
426B,Arabic,layer_6,last,20.8418,2.5534,0.828465,0.6247,0.6825,0.7102,0.7472,0.7803,0.8187,0.8734,0.9161,0.9569
426B,Arabic,layer_7,last,22.646,2.6328,0.810103,0.6152,0.672,0.7,0.7381,0.7721,0.8114,0.8674,0.9114,0.9538
426B,Arabic,layer_8,last,25.9913,2.8304,0.796231,0.593,0.6561,0.6859,0.727,0.7623,0.8028,0.8607,0.9063,0.9506
426B,Arabic,layer_9,last,27.8388,2.9218,0.783466,0.5835,0.6481,0.6784,0.7206,0.7563,0.7974,0.8561,0.9025,0.9481
426B,Arabic,layer_10,last,29.0369,2.9902,0.774318,0.5766,0.6434,0.6746,0.718,0.7536,0.7942,0.8534,0.9004,0.9467
426B,Arabic,layer_11,last,30.3758,3.0338,0.756194,0.5725,0.6381,0.6705,0.7141,0.7495,0.7895,0.8479,0.8954,0.9432
426B,Arabic,layer_12,last,32.6392,3.164,0.745851,0.5603,0.6304,0.6645,0.709,0.7445,0.7847,0.8442,0.8924,0.941
426B,Arabic,layer_13,last,38.4762,3.462,0.736642,0.5352,0.6088,0.6466,0.6942,0.7313,0.773,0.8348,0.8853,0.9367
426B,Arabic,layer_14,last,39.9804,3.5699,0.731045,0.5268,0.6035,0.6439,0.693,0.7308,0.7728,0.8344,0.8846,0.9359
426B,Arabic,layer_15,last,43.4253,3.7473,0.725754,0.514,0.5935,0.6352,0.6855,0.724,0.7669,0.8297,0.881,0.9336
426B,Arabic,layer_16,last,51.1685,4.2333,0.725762,0.4826,0.5714,0.6177,0.6719,0.7132,0.7584,0.8244,0.8777,0.9317
426B,Arabic,layer_17,last,43.9103,4.0003,0.724854,0.4964,0.5929,0.6418,0.6967,0.7357,0.7777,0.839,0.8879,0.9372
426B,Arabic,layer_18,last,19.7938,2.6378,0.724877,0.6137,0.6969,0.735,0.7777,0.807,0.8381,0.883,0.9186,0.9543
426B,Arabic,layer_19,last,16.3823,2.4157,0.713633,0.6417,0.721,0.756,0.7959,0.823,0.8514,0.8924,0.9248,0.9573
426B,Arabic,layer_20,last,15.8922,2.3852,0.70561,0.6458,0.7244,0.7591,0.7993,0.8262,0.8542,0.8942,0.9257,0.9575
426B,Arabic,layer_21,last,17.856,2.5136,0.690977,0.6289,0.7104,0.7468,0.7899,0.818,0.8469,0.8881,0.9206,0.954
426B,Arabic,layer_22,last,20.7257,2.6789,0.679486,0.609,0.6923,0.7306,0.7756,0.8052,0.8356,0.8786,0.9132,0.9492
426B,Arabic,layer_23,last,24.3486,2.8883,0.670578,0.5861,0.6727,0.713,0.7602,0.7916,0.8238,0.8694,0.9061,0.9446
426B,Arabic,layer_24,last,29.1274,3.1831,0.667001,0.5578,0.6506,0.6933,0.744,0.778,0.8123,0.8609,0.8998,0.9407
426B,Arabic,layer_25,last,35.9527,3.5531,0.666694,0.5274,0.6224,0.6671,0.7221,0.7593,0.7966,0.8494,0.8916,0.9358
426B,Arabic,layer_26,last,48.2189,4.2305,0.668037,0.4824,0.5812,0.6303,0.6916,0.7335,0.7753,0.834,0.8808,0.9295
426B,Arabic,layer_27,last,58.5242,4.8717,0.666276,0.4484,0.5532,0.6055,0.6739,0.7192,0.7639,0.8255,0.8744,0.9255
426B,Arabic,layer_28,last,95.2097,7.7808,0.655456,0.3476,0.488,0.553,0.6334,0.6846,0.734,0.8014,0.8558,0.9134
426B,Arabic,layer_29,last,159.9244,17.4875,0.65363,0.206,0.4083,0.4976,0.5924,0.6497,0.7055,0.78,0.8395,0.9032
426B,Arabic,layer_0,mean,135.4646,27.6473,1.236939,0.1238,0.373,0.4678,0.5846,0.671,0.7563,0.8606,0.9277,0.9758
426B,Arabic,layer_1,mean,103.3367,19.427,0.971452,0.1702,0.4311,0.5281,0.6369,0.7155,0.7909,0.876,0.9295,0.9699
426B,Arabic,layer_2,mean,2.3708,1.2529,0.8889,0.8931,0.9307,0.9437,0.9567,0.9659,0.9747,0.9843,0.9906,0.9955
426B,Arabic,layer_3,mean,1.9898,1.1886,0.856046,0.9171,0.9466,0.9573,0.9676,0.9745,0.981,0.9881,0.9926,0.9964
426B,Arabic,layer_4,mean,1.8878,1.1715,0.843206,0.9238,0.9516,0.9616,0.9711,0.9773,0.983,0.9894,0.9934,0.9967
426B,Arabic,layer_5,mean,2.0092,1.1944,0.845711,0.9148,0.9447,0.9571,0.9684,0.9755,0.982,0.9889,0.9931,0.9966
426B,Arabic,layer_6,mean,2.0283,1.1978,0.840998,0.9135,0.9437,0.9561,0.968,0.9752,0.9817,0.9887,0.993,0.9964
426B,Arabic,layer_7,mean,2.2126,1.2321,0.850288,0.9007,0.9351,0.95,0.9637,0.9722,0.9797,0.9877,0.9924,0.9962
426B,Arabic,layer_8,mean,2.4126,1.2681,0.849854,0.8877,0.9273,0.9439,0.9593,0.9688,0.9771,0.9861,0.9915,0.9957
426B,Arabic,layer_9,mean,2.359,1.2578,0.83887,0.8913,0.9299,0.9457,0.9601,0.9691,0.9772,0.9859,0.9913,0.9956
426B,Arabic,layer_10,mean,2.4714,1.2777,0.84127,0.8843,0.9252,0.942,0.9576,0.9673,0.976,0.9853,0.9909,0.9954
426B,Arabic,layer_11,mean,2.5194,1.2848,0.830117,0.8819,0.9239,0.9405,0.9564,0.9662,0.9748,0.9843,0.9902,0.995
426B,Arabic,layer_12,mean,2.6991,1.3149,0.83671,0.8717,0.9164,0.9347,0.9526,0.9635,0.973,0.9833,0.9896,0.9947
426B,Arabic,layer_13,mean,3.3684,1.4206,0.843633,0.8383,0.8933,0.916,0.9397,0.9539,0.966,0.9792,0.9872,0.9935
426B,Arabic,layer_14,mean,3.2642,1.4041,0.826964,0.8433,0.8979,0.9196,0.9416,0.9548,0.9663,0.9789,0.9867,0.9932
426B,Arabic,layer_15,mean,3.4098,1.4294,0.830707,0.8357,0.8939,0.9164,0.9396,0.9535,0.9654,0.9784,0.9865,0.9931
426B,Arabic,layer_16,mean,4.0419,1.5315,0.836544,0.8069,0.8773,0.903,0.9303,0.9465,0.9602,0.9753,0.9846,0.9922
426B,Arabic,layer_17,mean,5.2534,1.7209,0.843731,0.7603,0.8513,0.8823,0.9155,0.9354,0.9522,0.9707,0.9819,0.9909
426B,Arabic,layer_18,mean,6.673,1.935,0.847901,0.7158,0.8261,0.862,0.9016,0.925,0.945,0.9664,0.9794,0.9897
426B,Arabic,layer_19,mean,9.1663,2.2887,0.812477,0.6555,0.7946,0.8364,0.8819,0.9089,0.9317,0.9565,0.9722,0.9854
426B,Arabic,layer_20,mean,11.9602,2.7137,0.807004,0.5983,0.7629,0.8128,0.8655,0.8971,0.9237,0.9518,0.9692,0.9837
426B,Arabic,layer_21,mean,17.7395,3.478,0.788514,0.5221,0.7198,0.7761,0.8353,0.8711,0.902,0.9356,0.9579,0.9774
426B,Arabic,layer_22,mean,22.7345,4.2687,0.783556,0.4619,0.6883,0.7507,0.8162,0.8565,0.8909,0.9282,0.9529,0.9747
426B,Arabic,layer_23,mean,25.7793,4.5216,0.76998,0.4492,0.6687,0.7336,0.8024,0.8453,0.8817,0.9212,0.9477,0.9715
426B,Arabic,layer_24,mean,26.2077,4.4017,0.779271,0.4609,0.6559,0.7238,0.7967,0.8433,0.8824,0.9235,0.9497,0.9727
426B,Arabic,layer_25,mean,26.7311,4.2673,0.789651,0.4731,0.6439,0.7128,0.7893,0.8397,0.8821,0.925,0.9514,0.9738
426B,Arabic,layer_26,mean,30.9424,4.6358,0.802201,0.4545,0.6164,0.6885,0.7716,0.8273,0.8742,0.9218,0.9502,0.9735
426B,Arabic,layer_27,mean,30.0562,4.4393,0.801514,0.4661,0.6164,0.6891,0.7722,0.8282,0.8753,0.9223,0.9503,0.9736
426B,Arabic,layer_28,mean,38.2205,5.5384,0.789329,0.4131,0.579,0.6629,0.7555,0.8154,0.8652,0.9148,0.9449,0.9702
426B,Arabic,layer_29,mean,45.6787,7.7938,0.790157,0.3342,0.5524,0.652,0.7573,0.8186,0.8676,0.9168,0.9463,0.9709
426B,Turkish,layer_0,last,356.1591,73.2836,1.461087,0.0834,0.2084,0.2744,0.3786,0.4731,0.5801,0.7398,0.8636,0.9588
426B,Turkish,layer_1,last,416.2962,70.4127,1.042309,0.0874,0.2122,0.2743,0.3736,0.4595,0.5575,0.7032,0.8213,0.9253
426B,Turkish,layer_2,last,135.0381,9.5468,0.951435,0.3166,0.4238,0.4738,0.5457,0.6052,0.6725,0.7727,0.8558,0.9336
426B,Turkish,layer_3,last,91.0148,6.1883,0.903272,0.3981,0.4864,0.5279,0.5908,0.6417,0.6996,0.7864,0.8598,0.9322
426B,Turkish,layer_4,last,64.1752,4.7387,0.878058,0.4565,0.5385,0.5754,0.6322,0.6767,0.7277,0.8044,0.8694,0.9354
426B,Turkish,layer_5,last,60.4113,4.4896,0.854461,0.4693,0.5483,0.583,0.6373,0.6806,0.7304,0.8051,0.8685,0.9339
426B,Turkish,layer_6,last,65.7086,4.8053,0.845712,0.4531,0.5372,0.5745,0.6303,0.6751,0.726,0.8022,0.8664,0.9324
426B,Turkish,layer_7,last,73.7195,5.1093,0.822824,0.4393,0.5203,0.5601,0.6163,0.662,0.7139,0.7923,0.8588,0.9274
426B,Turkish,layer_8,last,84.5549,5.6449,0.808844,0.4173,0.5013,0.543,0.6016,0.6491,0.7027,0.7838,0.8524,0.9234
426B,Turkish,layer_9,last,90.2058,5.8724,0.794663,0.409,0.493,0.5353,0.5948,0.6422,0.6959,0.7775,0.8473,0.92
426B,Turkish,layer_10,last,92.2772,5.9398,0.786559,0.4066,0.4908,0.5335,0.5923,0.6397,0.6927,0.7746,0.845,0.9185
426B,Turkish,layer_11,last,100.1089,6.2927,0.76704,0.3945,0.4823,0.5253,0.5851,0.6326,0.6851,0.7662,0.8375,0.9132
426B,Turkish,layer_12,last,108.3367,6.5922,0.753711,0.3854,0.4717,0.5147,0.5752,0.6229,0.6762,0.7589,0.8317,0.9092
426B,Turkish,layer_13,last,128.1718,7.5983,0.74176,0.3579,0.4489,0.4934,0.5563,0.6065,0.6621,0.7475,0.8228,0.9034
426B,Turkish,layer_14,last,128.2343,7.7105,0.731439,0.3548,0.4509,0.4973,0.5592,0.6089,0.6637,0.7477,0.8221,0.9022
426B,Turkish,layer_15,last,138.8337,8.4277,0.723186,0.3379,0.4406,0.4893,0.5522,0.6023,0.658,0.7432,0.8185,0.8995
426B,Turkish,layer_16,last,149.8169,9.4982,0.720133,0.316,0.4307,0.4817,0.5467,0.5992,0.6568,0.7432,0.8188,0.8993
426B,Turkish,layer_17,last,114.6098,7.7317,0.717578,0.352,0.4667,0.521,0.5856,0.6349,0.688,0.7672,0.8357,0.9083
426B,Turkish,layer_18,last,38.8605,3.5851,0.715572,0.5251,0.6154,0.655,0.7025,0.7388,0.7774,0.8342,0.883,0.9344
426B,Turkish,layer_19,last,31.2616,3.2202,0.703265,0.5544,0.6443,0.6818,0.727,0.7608,0.7965,0.8482,0.8922,0.9389
426B,Turkish,layer_20,last,30.1784,3.194,0.696121,0.5563,0.6506,0.6873,0.732,0.7656,0.8007,0.8512,0.8941,0.9395
426B,Turkish,layer_21,last,34.3736,3.4763,0.680748,0.532,0.6378,0.6756,0.7215,0.7567,0.7929,0.8445,0.8882,0.9352
426B,Turkish,layer_22,last,41.7193,3.8752,0.668052,0.5029,0.6142,0.6535,0.7021,0.7395,0.7779,0.8321,0.8782,0.9285
426B,Turkish,layer_23,last,50.1174,4.3566,0.658995,0.4728,0.5919,0.6322,0.6835,0.7237,0.7644,0.8215,0.8698,0.9229
426B,Turkish,layer_24,last,59.8019,5.017,0.656258,0.4381,0.5708,0.6126,0.6671,0.7105,0.7535,0.8134,0.8637,0.919
426B,Turkish,layer_25,last,72.9337,5.8362,0.658211,0.4039,0.5426,0.5856,0.6454,0.6929,0.7396,0.8038,0.8571,0.9151
426B,Turkish,layer_26,last,93.9285,7.2804,0.661346,0.3579,0.5066,0.5526,0.6179,0.6703,0.7218,0.7916,0.8488,0.9103
426B,Turkish,layer_27,last,109.9994,8.7335,0.667186,0.323,0.481,0.5304,0.6033,0.66,0.7149,0.7882,0.8469,0.9093
426B,Turkish,layer_28,last,152.697,14.2283,0.668427,0.2362,0.43,0.4912,0.5764,0.639,0.6984,0.7762,0.8382,0.9038
426B,Turkish,layer_29,last,153.991,20.158,0.675438,0.1693,0.4166,0.5062,0.6009,0.6617,0.7192,0.793,0.8508,0.9114
426B,Turkish,layer_0,mean,199.0105,34.1606,1.144169,0.1245,0.3214,0.408,0.514,0.5985,0.6868,0.8081,0.8937,0.961
426B,Turkish,layer_1,mean,138.6135,20.4922,0.91007,0.182,0.3927,0.4847,0.5844,0.6609,0.7374,0.8358,0.9022,0.9558
426B,Turkish,layer_2,mean,1.9081,1.1639,0.831412,0.9268,0.9491,0.9575,0.966,0.9722,0.9782,0.9858,0.9911,0.9956
426B,Turkish,layer_3,mean,1.677,1.1229,0.798512,0.9436,0.9598,0.9666,0.9736,0.9785,0.9831,0.9889,0.9928,0.9963
426B,Turkish,layer_4,mean,1.629,1.115,0.786039,0.947,0.9617,0.9691,0.9759,0.9804,0.9846,0.9898,0.9934,0.9965
426B,Turkish,layer_5,mean,1.7334,1.134,0.790608,0.939,0.9549,0.9642,0.9729,0.9785,0.9835,0.9893,0.9931,0.9963
426B,Turkish,layer_6,mean,1.7465,1.1352,0.786277,0.9385,0.9541,0.9632,0.972,0.9777,0.9828,0.9888,0.9927,0.9961
426B,Turkish,layer_7,mean,1.9318,1.1674,0.804641,0.9255,0.9436,0.9546,0.9664,0.9736,0.98,0.9874,0.9919,0.9958
426B,Turkish,layer_8,mean,2.098,1.1946,0.808556,0.9148,0.9353,0.9477,0.9614,0.9699,0.9772,0.9856,0.9909,0.9953
426B,Turkish,layer_9,mean,2.0744,1.1886,0.801202,0.9172,0.9368,0.9484,0.9612,0.9694,0.9766,0.9851,0.9905,0.995
426B,Turkish,layer_10,mean,2.1614,1.2036,0.804262,0.9114,0.9328,0.945,0.9589,0.9679,0.9757,0.9846,0.9902,0.9949
426B,Turkish,layer_11,mean,2.209,1.2101,0.795511,0.909,0.9311,0.9434,0.9573,0.9665,0.9743,0.9835,0.9894,0.9944
426B,Turkish,layer_12,mean,2.3892,1.2391,0.804039,0.8982,0.9233,0.9369,0.9525,0.9629,0.9719,0.9821,0.9886,0.9941
426B,Turkish,layer_13,mean,3.0032,1.3315,0.815662,0.8664,0.899,0.9169,0.9383,0.9524,0.9644,0.9777,0.986,0.9928
426B,Turkish,layer_14,mean,2.9719,1.3244,0.800234,0.8687,0.9009,0.9185,0.9387,0.952,0.9635,0.9766,0.9851,0.9922
426B,Turkish,layer_15,mean,3.1472,1.35,0.804215,0.8604,0.8951,0.9136,0.9352,0.9494,0.9616,0.9754,0.9844,0.9918
426B,Turkish,layer_16,mean,3.731,1.4314,0.810018,0.8354,0.8773,0.8995,0.9245,0.941,0.9553,0.9715,0.982,0.9907
426B,Turkish,layer_17,mean,4.5031,1.5331,0.819391,0.8071,0.8569,0.8827,0.9121,0.9314,0.9481,0.9673,0.9796,0.9896
426B,Turkish,layer_18,mean,5.5583,1.6643,0.823166,0.7744,0.8328,0.8629,0.8979,0.9209,0.9406,0.9628,0.9769,0.9882
426B,Turkish,layer_19,mean,6.9805,1.8232,0.788753,0.7394,0.8088,0.8443,0.8831,0.9083,0.9297,0.9541,0.9704,0.9842
426B,Turkish,layer_20,mean,8.542,1.9925,0.784015,0.7069,0.7835,0.8227,0.8679,0.897,0.9217,0.9496,0.9675,0.9825
426B,Turkish,layer_21,mean,11.8411,2.2809,0.766774,0.66,0.7464,0.7896,0.8397,0.8726,0.901,0.9341,0.9564,0.9763
426B,Turkish,layer_22,mean,17.3731,2.8065,0.764199,0.5934,0.6974,0.7492,0.8098,0.8495,0.8833,0.9225,0.9487,0.972
426B,Turkish,layer_23,mean,23.3765,3.2985,0.752031,0.5461,0.6597,0.7158,0.783,0.8274,0.8651,0.909,0.9391,0.9664
426B,Turkish,layer_24,mean,31.5315,4.0589,0.76424,0.4903,0.6155,0.6781,0.7547,0.8068,0.8515,0.9028,0.936,0.9651
426B,Turkish,layer_25,mean,43.2942,5.2661,0.774523,0.4274,0.5656,0.6349,0.7244,0.7859,0.8386,0.8967,0.9328,0.9635
426B,Turkish,layer_26,mean,62.8087,7.5998,0.785626,0.35,0.5073,0.5855,0.6872,0.7578,0.819,0.8861,0.927,0.9609
426B,Turkish,layer_27,mean,76.7247,10.2293,0.790228,0.2939,0.4725,0.5598,0.6718,0.7484,0.8138,0.8831,0.9251,0.96
426B,Turkish,layer_28,mean,98.6214,17.7476,0.789355,0.1934,0.4276,0.5335,0.6592,0.7404,0.8078,0.8785,0.9219,0.9581
426B,Turkish,layer_29,mean,79.2781,16.4095,0.798855,0.1956,0.451,0.5735,0.7008,0.7772,0.8379,0.8992,0.9357,0.9656
426B,Vietnamese,layer_0,last,121.6312,52.2942,1.920492,0.0708,0.2395,0.348,0.5428,0.6957,0.8325,0.9587,0.9958,0.9998
426B,Vietnamese,layer_1,last,190.5849,74.2472,1.78086,0.048,0.1897,0.297,0.4731,0.6146,0.7486,0.8942,0.9632,0.994
426B,Vietnamese,layer_2,last,216.8741,81.6778,1.693588,0.0492,0.1789,0.2806,0.4514,0.5905,0.7224,0.8725,0.9505,0.9907
426B,Vietnamese,layer_3,last,223.2552,81.5467,1.640184,0.0498,0.1811,0.282,0.4513,0.5865,0.7152,0.8641,0.9451,0.989
426B,Vietnamese,layer_4,last,218.8254,76.4289,1.600169,0.0565,0.1893,0.2924,0.4597,0.5924,0.7171,0.8626,0.9436,0.9882
426B,Vietnamese,layer_5,last,217.0102,75.1827,1.5524,0.0553,0.1916,0.2977,0.464,0.5952,0.7185,0.8623,0.9428,0.9877
426B,Vietnamese,layer_6,last,208.9656,71.1638,1.52374,0.0589,0.198,0.3077,0.4739,0.6044,0.7256,0.8658,0.9441,0.9878
426B,Vietnamese,layer_7,last,219.9478,76.7382,1.501672,0.0546,0.1879,0.2949,0.4618,0.5943,0.7185,0.861,0.9412,0.9867
426B,Vietnamese,layer_8,last,208.1061,70.1083,1.459083,0.0608,0.2016,0.3087,0.4748,0.6065,0.7284,0.8662,0.9431,0.9868
426B,Vietnamese,layer_9,last,201.8719,66.9784,1.441829,0.0652,0.2083,0.3153,0.4814,0.6135,0.7345,0.8694,0.9443,0.9868
426B,Vietnamese,layer_10,last,194.3758,62.8045,1.417855,0.0705,0.217,0.3229,0.4902,0.6217,0.7408,0.8726,0.9455,0.9869
426B,Vietnamese,layer_11,last,189.3463,56.3402,1.323142,0.0792,0.232,0.3368,0.4989,0.6281,0.7426,0.8704,0.9423,0.9844
426B,Vietnamese,layer_12,last,181.2347,52.0494,1.280481,0.0855,0.2423,0.3464,0.508,0.6363,0.7497,0.874,0.9434,0.9841
426B,Vietnamese,layer_13,last,168.7837,40.4907,1.208235,0.1167,0.269,0.3707,0.5228,0.6455,0.7536,0.8725,0.9404,0.9817
426B,Vietnamese,layer_14,last,162.8518,37.5722,1.167497,0.123,0.2814,0.3826,0.533,0.6517,0.7561,0.8728,0.94,0.9809
426B,Vietnamese,layer_15,last,150.4559,34.4704,1.15541,0.126,0.2984,0.4008,0.5509,0.6655,0.7668,0.8788,0.9429,0.9816
426B,Vietnamese,layer_16,last,146.3136,30.8979,1.121738,0.1381,0.311,0.4118,0.5571,0.6666,0.7654,0.8763,0.9401,0.9796
426B,Vietnamese,layer_17,last,155.3033,29.7033,1.087727,0.1481,0.3128,0.4076,0.5434,0.6502,0.7487,0.8644,0.9333,0.9766
426B,Vietnamese,layer_18,last,146.9422,25.8936,1.065005,0.165,0.3271,0.4199,0.5506,0.6526,0.7506,0.8669,0.9342,0.9762
426B,Vietnamese,layer_19,last,164.8918,28.8325,1.017435,0.1546,0.3112,0.4022,0.529,0.6319,0.7348,0.8569,0.9268,0.9716
426B,Vietnamese,layer_20,last,182.0399,30.7948,0.984278,0.1514,0.2976,0.3862,0.5131,0.6148,0.7182,0.8446,0.9189,0.967
426B,Vietnamese,layer_21,last,219.2904,34.5175,0.934117,0.144,0.277,0.3654,0.4817,0.5785,0.6836,0.8184,0.9003,0.9565
426B,Vietnamese,layer_22,last,237.3461,37.753,0.904988,0.1365,0.2645,0.3553,0.4694,0.5654,0.673,0.8103,0.8931,0.9514
426B,Vietnamese,layer_23,last,254.0965,38.7155,0.883091,0.1358,0.2627,0.3469,0.4562,0.5513,0.6601,0.7997,0.884,0.9458
426B,Vietnamese,layer_24,last,261.4528,37.5002,0.862679,0.1394,0.2691,0.3479,0.4511,0.5438,0.651,0.7914,0.8772,0.9414
426B,Vietnamese,layer_25,last,261.2038,36.4827,0.849787,0.141,0.2764,0.3529,0.4519,0.5426,0.6489,0.7888,0.8743,0.9392
426B,Vietnamese,layer_26,last,283.2184,40.4472,0.835623,0.1307,0.2677,0.3421,0.4385,0.5284,0.6353,0.7781,0.8665,0.9346
426B,Vietnamese,layer_27,last,282.7097,38.786,0.821647,0.1316,0.275,0.3463,0.4394,0.5278,0.6331,0.774,0.8622,0.9316
426B,Vietnamese,layer_28,last,270.687,38.8012,0.826661,0.1307,0.2782,0.3467,0.443,0.5374,0.6472,0.7857,0.8695,0.9351
426B,Vietnamese,layer_29,last,107.3893,10.6053,0.831045,0.294,0.4361,0.4962,0.5804,0.6587,0.7465,0.8494,0.9082,0.954
426B,Vietnamese,layer_0,mean,103.5677,11.8578,1.244761,0.2797,0.3943,0.4625,0.5738,0.6685,0.762,0.8745,0.9403,0.9812
426B,Vietnamese,layer_1,mean,122.4151,15.833,1.011854,0.2331,0.3745,0.4448,0.5642,0.6637,0.7579,0.8679,0.931,0.9726
426B,Vietnamese,layer_2,mean,4.7624,1.584,0.943024,0.7931,0.8571,0.8732,0.8997,0.9214,0.9419,0.9664,0.9813,0.9918
426B,Vietnamese,layer_3,mean,3.7133,1.4379,0.911067,0.8331,0.8843,0.8971,0.9173,0.9343,0.9507,0.9708,0.9833,0.9924
426B,Vietnamese,layer_4,mean,3.2441,1.3682,0.891729,0.8543,0.8981,0.9091,0.9261,0.9407,0.955,0.9728,0.9841,0.9927
426B,Vietnamese,layer_5,mean,3.2937,1.3717,0.88474,0.8532,0.8958,0.907,0.9244,0.9392,0.954,0.9721,0.9837,0.9925
426B,Vietnamese,layer_6,mean,3.3275,1.3753,0.873451,0.8521,0.895,0.906,0.9233,0.9383,0.9531,0.9713,0.9831,0.9921
426B,Vietnamese,layer_7,mean,3.7746,1.4365,0.879718,0.8336,0.8819,0.8945,0.9145,0.9314,0.9483,0.9688,0.9817,0.9915
426B,Vietnamese,layer_8,mean,4.0289,1.4751,0.875375,0.8224,0.8766,0.8896,0.9103,0.928,0.9458,0.9672,0.9807,0.9909
426B,Vietnamese,layer_9,mean,4.1179,1.4884,0.871802,0.8187,0.8746,0.8881,0.9095,0.9275,0.9456,0.9671,0.9806,0.9908
426B,Vietnamese,layer_10,mean,4.2242,1.507,0.870568,0.8135,0.8727,0.8866,0.9085,0.9269,0.9452,0.9669,0.9804,0.9907
426B,Vietnamese,layer_11,mean,4.2126,1.5065,0.869021,0.8136,0.8739,0.8874,0.9087,0.9269,0.9451,0.9667,0.9803,0.9906
426B,Vietnamese,layer_12,mean,4.3007,1.5242,0.874466,0.8087,0.872,0.8861,0.9083,0.927,0.9456,0.9672,0.9806,0.9908
426B,Vietnamese,layer_13,mean,4.7604,1.5984,0.873406,0.7891,0.8644,0.8794,0.9025,0.9225,0.9422,0.9652,0.9794,0.9903
426B,Vietnamese,layer_14,mean,4.5817,1.5767,0.870367,0.7946,0.869,0.8835,0.9057,0.9249,0.9439,0.9661,0.9799,0.9905
426B,Vietnamese,layer_15,mean,4.5499,1.5781,0.874443,0.7941,0.8699,0.8844,0.9067,0.9261,0.945,0.9669,0.9805,0.9907
426B,Vietnamese,layer_16,mean,4.7979,1.6142,0.880428,0.785,0.864,0.8792,0.9031,0.9235,0.9433,0.9662,0.9802,0.9907
426B,Vietnamese,layer_17,mean,5.7909,1.7463,0.889028,0.754,0.842,0.8606,0.8895,0.9136,0.9368,0.9629,0.9785,0.9899
426B,Vietnamese,layer_18,mean,6.4704,1.8276,0.885306,0.7366,0.83,0.8498,0.8806,0.9063,0.9312,0.9597,0.9766,0.989
426B,Vietnamese,layer_19,mean,8.4679,2.0305,0.866974,0.6979,0.8009,0.8221,0.8558,0.8856,0.9147,0.9486,0.9696,0.9855
426B,Vietnamese,layer_20,mean,10.0125,2.1904,0.854574,0.671,0.7827,0.8056,0.8417,0.8739,0.9052,0.9423,0.9654,0.9833
426B,Vietnamese,layer_21,mean,16.4107,2.7417,0.859767,0.5979,0.7206,0.7489,0.7948,0.8347,0.8747,0.9225,0.9535,0.9778
426B,Vietnamese,layer_22,mean,20.9054,3.1514,0.848243,0.5551,0.6935,0.7243,0.7732,0.8154,0.8588,0.9118,0.9466,0.9742
426B,Vietnamese,layer_23,mean,24.314,3.4639,0.833438,0.5273,0.6772,0.71,0.7605,0.804,0.8487,0.9044,0.9414,0.9713
426B,Vietnamese,layer_24,mean,27.4778,3.802,0.826831,0.5005,0.6643,0.6998,0.7511,0.7955,0.8416,0.8997,0.9384,0.9695
426B,Vietnamese,layer_25,mean,32.9398,4.3683,0.820529,0.4627,0.6429,0.6832,0.7366,0.7825,0.8304,0.892,0.9333,0.9668
426B,Vietnamese,layer_26,mean,45.1264,5.6591,0.820997,0.3985,0.5963,0.6435,0.7078,0.7606,0.8137,0.8815,0.9268,0.9635
426B,Vietnamese,layer_27,mean,55.339,6.9079,0.811808,0.3529,0.5668,0.6223,0.6918,0.7467,0.8023,0.8736,0.9214,0.9603
426B,Vietnamese,layer_28,mean,81.1836,10.5022,0.811093,0.2554,0.5046,0.5707,0.6501,0.7133,0.7768,0.8578,0.9117,0.9554
426B,Vietnamese,layer_29,mean,89.5141,11.6104,0.816708,0.2659,0.4658,0.5461,0.6447,0.7167,0.7839,0.8644,0.9162,0.9575
426B,Japanese,layer_0,last,608.4578,184.7038,1.334676,0.0438,0.1171,0.1654,0.2517,0.3424,0.4608,0.6527,0.8086,0.9373
426B,Japanese,layer_1,last,664.0298,110.4725,0.913007,0.0786,0.1479,0.1891,0.2653,0.3442,0.4476,0.6181,0.7631,0.8957
426B,Japanese,layer_2,last,552.8909,45.0032,0.825388,0.1416,0.2004,0.2386,0.3054,0.3747,0.4663,0.6203,0.7534,0.8805
426B,Japanese,layer_3,last,525.3146,34.0981,0.77499,0.1656,0.2208,0.2575,0.321,0.3851,0.4691,0.612,0.7392,0.8661
426B,Japanese,layer_4,last,479.1337,27.3433,0.746432,0.1864,0.239,0.2777,0.3428,0.4045,0.483,0.6164,0.7364,0.8599
426B,Japanese,layer_5,last,485.3994,27.0955,0.725725,0.1873,0.2401,0.2785,0.3442,0.4054,0.483,0.6129,0.7303,0.8535
426B,Japanese,layer_6,last,478.8018,26.3052,0.715728,0.1903,0.2431,0.2822,0.3476,0.4096,0.4867,0.6145,0.7297,0.8515
426B,Japanese,layer_7,last,523.9777,29.3295,0.696085,0.1797,0.2332,0.2724,0.3364,0.3971,0.4732,0.6007,0.7172,0.842
426B,Japanese,layer_8,last,525.549,28.8348,0.682244,0.1813,0.2354,0.2752,0.3389,0.3985,0.473,0.5979,0.7128,0.8376
426B,Japanese,layer_9,last,557.1244,30.767,0.670294,0.1752,0.2288,0.2682,0.3305,0.3894,0.4634,0.5883,0.7042,0.8312
426B,Japanese,layer_10,last,556.0184,30.2428,0.66342,0.1768,0.2314,0.2702,0.3321,0.39,0.4627,0.5872,0.7022,0.8289
426B,Japanese,layer_11,last,600.7329,33.8486,0.648834,0.1663,0.2234,0.2624,0.3244,0.3814,0.4524,0.5743,0.6899,0.8198
426B,Japanese,layer_12,last,622.8761,35.7389,0.63892,0.1614,0.2199,0.2601,0.3207,0.3767,0.4466,0.5689,0.6848,0.8154
426B,Japanese,layer_13,last,679.4233,42.7575,0.629035,0.1461,0.2074,0.2484,0.3106,0.3674,0.4372,0.559,0.6759,0.8086
426B,Japanese,layer_14,last,625.1323,36.5917,0.623969,0.1588,0.2213,0.2637,0.3267,0.3829,0.4507,0.5679,0.6813,0.8109
426B,Japanese,layer_15,last,630.2693,38.0692,0.620003,0.1549,0.2207,0.264,0.3268,0.3836,0.4519,0.5692,0.6818,0.8104
426B,Japanese,layer_16,last,577.566,34.3601,0.621255,0.1633,0.2315,0.2763,0.3419,0.4005,0.4692,0.585,0.6945,0.8177
426B,Japanese,layer_17,last,270.505,12.2649,0.62137,0.2814,0.3545,0.3951,0.4528,0.5026,0.5604,0.6571,0.7475,0.8489
426B,Japanese,layer_18,last,45.2796,3.3318,0.624076,0.5469,0.5971,0.6242,0.6616,0.6941,0.7308,0.7909,0.8462,0.9079
426B,Japanese,layer_19,last,31.9268,2.8378,0.621324,0.5928,0.6407,0.666,0.7003,0.7301,0.7635,0.8167,0.865,0.9187
426B,Japanese,layer_20,last,29.8071,2.766,0.618978,0.6005,0.6498,0.6747,0.7091,0.7385,0.7712,0.8228,0.8694,0.9211
426B,Japanese,layer_21,last,33.74,2.9481,0.613028,0.5814,0.6353,0.6621,0.6988,0.7297,0.7637,0.8167,0.8643,0.9175
426B,Japanese,layer_22,last,41.6836,3.2784,0.607046,0.5511,0.6094,0.6384,0.6783,0.7116,0.748,0.8038,0.8541,0.9107
426B,Japanese,layer_23,last,50.8378,3.6707,0.604707,0.5205,0.584,0.6155,0.6595,0.6956,0.7349,0.7935,0.8462,0.9055
426B,Japanese,layer_24,last,59.8923,4.1142,0.605258,0.491,0.563,0.5977,0.6463,0.6849,0.7265,0.7874,0.8416,0.9025
426B,Japanese,layer_25,last,71.9612,4.6714,0.608105,0.4602,0.5375,0.575,0.6283,0.67,0.7148,0.7791,0.8357,0.899
426B,Japanese,layer_26,last,91.7754,5.6161,0.61151,0.4187,0.5031,0.5445,0.6037,0.6492,0.698,0.7674,0.8275,0.894
426B,Japanese,layer_27,last,107.9295,6.6018,0.61336,0.3847,0.4785,0.5266,0.591,0.6393,0.6908,0.7626,0.824,0.8918
426B,Japanese,layer_28,last,165.119,10.6866,0.608798,0.2962,0.4189,0.479,0.5539,0.6075,0.6622,0.7397,0.8062,0.88
426B,Japanese,layer_29,last,192.2538,19.7676,0.61485,0.1916,0.3981,0.4816,0.5679,0.6218,0.6756,0.7517,0.8155,0.8856
426B,Japanese,layer_0,mean,194.3563,29.8401,1.218462,0.1463,0.3329,0.4147,0.5099,0.5863,0.6746,0.8027,0.8944,0.9642
426B,Japanese,layer_1,mean,145.8633,22.0845,0.920072,0.1577,0.4021,0.4848,0.5735,0.6441,0.7217,0.8261,0.898,0.9553
426B,Japanese,layer_2,mean,9.0302,2.0695,0.830963,0.6923,0.7995,0.8317,0.8617,0.8842,0.9082,0.9401,0.9626,0.9817
426B,Japanese,layer_3,mean,5.9736,1.7189,0.788769,0.7613,0.8429,0.8696,0.8935,0.9104,0.9279,0.9516,0.9688,0.984
426B,Japanese,layer_4,mean,5.2469,1.6366,0.771041,0.7805,0.8545,0.8815,0.9046,0.9204,0.9358,0.9566,0.9716,0.985
426B,Japanese,layer_5,mean,5.8936,1.7421,0.769075,0.7559,0.8414,0.8731,0.9011,0.9191,0.9355,0.9566,0.9715,0.9848
426B,Japanese,layer_6,mean,5.8158,1.7228,0.762046,0.7603,0.843,0.8734,0.9007,0.9186,0.9349,0.9559,0.9708,0.9844
426B,Japanese,layer_7,mean,7.2996,1.8931,0.777244,0.7249,0.8122,0.8478,0.8841,0.9076,0.9283,0.9528,0.9692,0.9836
426B,Japanese,layer_8,mean,8.343,1.996,0.7788,0.7059,0.7951,0.8325,0.8726,0.8992,0.9221,0.9489,0.9668,0.9823
426B,Japanese,layer_9,mean,7.9207,1.9219,0.769715,0.7197,0.8016,0.8361,0.8726,0.8979,0.9206,0.9474,0.9656,0.9815
426B,Japanese,layer_10,mean,8.4679,1.9843,0.771616,0.7082,0.7923,0.8289,0.868,0.8951,0.9192,0.947,0.9654,0.9814
426B,Japanese,layer_11,mean,8.9458,2.0242,0.765737,0.7011,0.786,0.8241,0.8635,0.8908,0.9151,0.9436,0.963,0.9801
426B,Japanese,layer_12,mean,10.2882,2.1638,0.775009,0.6778,0.7671,0.8092,0.8528,0.883,0.9103,0.9413,0.9618,0.9796
426B,Japanese,layer_13,mean,15.9045,2.7259,0.789132,0.6025,0.7091,0.7605,0.8177,0.8581,0.8931,0.9317,0.9562,0.9768
426B,Japanese,layer_14,mean,14.8689,2.6016,0.773881,0.617,0.7214,0.7702,0.8229,0.8599,0.8927,0.9298,0.9543,0.9755
426B,Japanese,layer_15,mean,16.6638,2.7811,0.780089,0.5963,0.7046,0.7572,0.8141,0.8538,0.8888,0.9277,0.9531,0.975
426B,Japanese,layer_16,mean,21.1932,3.2115,0.78615,0.5536,0.673,0.7304,0.794,0.8379,0.8766,0.9202,0.9486,0.9729
426B,Japanese,layer_17,mean,26.1406,3.6508,0.795951,0.5183,0.6418,0.7035,0.7735,0.8219,0.8648,0.9136,0.9453,0.9715
426B,Japanese,layer_18,mean,29.7475,4.0825,0.803973,0.4884,0.6254,0.6899,0.7636,0.8151,0.8608,0.9119,0.9448,0.9715
426B,Japanese,layer_19,mean,36.6218,4.6309,0.769437,0.4571,0.6002,0.6688,0.7455,0.7977,0.8443,0.8971,0.9326,0.9636
426B,Japanese,layer_20,mean,43.8253,5.4539,0.770079,0.4187,0.5729,0.6437,0.7281,0.7868,0.8378,0.8943,0.9311,0.9627
426B,Japanese,layer_21,mean,58.4699,6.725,0.75996,0.3743,0.5333,0.6076,0.6965,0.7587,0.8133,0.8754,0.9175,0.955
426B,Japanese,layer_22,mean,76.9305,8.8524,0.762828,0.321,0.4906,0.5697,0.6656,0.7339,0.7949,0.8636,0.9101,0.9513
426B,Japanese,layer_23,mean,85.9518,10.6306,0.756318,0.2869,0.4707,0.557,0.6592,0.7308,0.7929,0.8617,0.9079,0.9497
426B,Japanese,layer_24,mean,87.9106,11.5076,0.767277,0.2717,0.4643,0.5518,0.6559,0.7302,0.7953,0.8665,0.9126,0.9526
426B,Japanese,layer_25,mean,90.6357,12.946,0.778836,0.2507,0.4497,0.5441,0.6541,0.7329,0.801,0.8733,0.9181,0.9559
426B,Japanese,layer_26,mean,106.4861,17.0773,0.78983,0.2062,0.4167,0.516,0.6344,0.7198,0.7932,0.8711,0.918,0.9563
426B,Japanese,layer_27,mean,106.8397,18.7373,0.791526,0.1878,0.4116,0.5166,0.6384,0.7253,0.799,0.8753,0.9208,0.9577
426B,Japanese,layer_28,mean,122.8378,24.8048,0.778907,0.1345,0.3835,0.499,0.628,0.7168,0.7906,0.8676,0.9147,0.9538
426B,Japanese,layer_29,mean,72.8403,15.7745,0.787094,0.1976,0.4735,0.6016,0.7145,0.7864,0.8446,0.9031,0.938,0.9664
531B,English,layer_0,last,414.2199,82.1213,1.274258,0.0751,0.1952,0.2545,0.3514,0.4409,0.5479,0.7136,0.8421,0.9453
531B,English,layer_1,last,526.0915,73.3048,0.905305,0.0961,0.1927,0.2436,0.3295,0.4092,0.5043,0.6549,0.7807,0.8982
531B,English,layer_2,last,46.4717,3.6578,0.82805,0.5212,0.5846,0.6134,0.6567,0.6945,0.7387,0.8103,0.8726,0.9356
531B,English,layer_3,last,29.7666,2.838,0.787596,0.5927,0.6439,0.6684,0.7042,0.7352,0.7706,0.8284,0.8811,0.9373
531B,English,layer_4,last,22.1032,2.4745,0.766214,0.635,0.6808,0.7043,0.7368,0.7639,0.7947,0.8445,0.8904,0.941
531B,English,layer_5,last,24.2234,2.559,0.744574,0.6244,0.6699,0.694,0.7275,0.7556,0.7871,0.8376,0.8844,0.9367
531B,English,layer_6,last,27.0678,2.6872,0.733863,0.6093,0.6561,0.6814,0.7172,0.7463,0.7791,0.8312,0.8794,0.9334
531B,English,layer_7,last,31.5901,2.8665,0.718406,0.5898,0.6375,0.6629,0.6999,0.7307,0.7655,0.8204,0.8711,0.928
531B,English,layer_8,last,35.9588,3.0622,0.711121,0.5705,0.6219,0.6487,0.6885,0.7206,0.7564,0.8135,0.866,0.9247
531B,English,layer_9,last,39.204,3.1855,0.703633,0.5593,0.6105,0.6382,0.6796,0.7125,0.7489,0.8072,0.8611,0.9216
531B,English,layer_10,last,40.9951,3.2633,0.700422,0.5525,0.605,0.6332,0.675,0.7086,0.7457,0.8051,0.8597,0.9207
531B,English,layer_11,last,43.8114,3.3631,0.68673,0.5442,0.5981,0.6269,0.6692,0.7027,0.7396,0.7985,0.8538,0.9165
531B,English,layer_12,last,47.5169,3.5045,0.680212,0.533,0.5878,0.6168,0.6602,0.6949,0.733,0.7936,0.85,0.9139
531B,English,layer_13,last,57.6382,3.9172,0.675045,0.5038,0.5636,0.5945,0.6402,0.6778,0.7186,0.7823,0.8415,0.9086
531B,English,layer_14,last,59.1492,4.027,0.672206,0.4967,0.562,0.5946,0.6407,0.6785,0.7189,0.782,0.8411,0.9082
531B,English,layer_15,last,65.3618,4.3026,0.669786,0.4802,0.5492,0.5838,0.631,0.6699,0.7117,0.7766,0.8372,0.9057
531B,English,layer_16,last,78.8541,5.0139,0.671223,0.4437,0.5254,0.5645,0.6156,0.6573,0.7017,0.7701,0.8331,0.9033
531B,English,layer_17,last,54.4548,4.1474,0.672091,0.4882,0.5752,0.6175,0.6649,0.7015,0.7406,0.8009,0.8556,0.9161
531B,English,layer_18,last,17.7696,2.3606,0.672246,0.6497,0.7143,0.7434,0.7769,0.8022,0.8288,0.8688,0.9048,0.9446
531B,English,layer_19,last,14.0145,2.1401,0.658012,0.6826,0.742,0.7693,0.7996,0.8226,0.8464,0.8815,0.9134,0.9489
531B,English,layer_20,last,13.866,2.1186,0.641964,0.6861,0.7432,0.77,0.7996,0.8221,0.8456,0.8802,0.9117,0.9472
531B,English,layer_21,last,16.0096,2.2497,0.627448,0.6656,0.7275,0.7561,0.7875,0.8111,0.8359,0.8719,0.9047,0.9422
531B,English,layer_22,last,20.0038,2.4594,0.617333,0.6363,0.7013,0.7316,0.7659,0.7923,0.8193,0.8581,0.8937,0.935
531B,English,layer_23,last,24.4689,2.6847,0.610791,0.6087,0.6774,0.7096,0.7464,0.7749,0.8041,0.8458,0.884,0.9286
531B,English,layer_24,last,31.3146,3.0332,0.607421,0.5721,0.6479,0.6825,0.7232,0.7548,0.7866,0.8323,0.8737,0.922
531B,English,layer_25,last,42.5013,3.5624,0.612044,0.5273,0.6088,0.6453,0.6916,0.728,0.7642,0.8158,0.8619,0.9149
531B,English,layer_26,last,63.3528,4.5175,0.613896,0.4671,0.5566,0.5956,0.6491,0.6916,0.7336,0.7931,0.8454,0.9048
531B,English,layer_27,last,80.8018,5.3889,0.612031,0.4264,0.5253,0.5658,0.6252,0.671,0.7159,0.7796,0.8351,0.8982
531B,English,layer_28,last,133.6744,8.6536,0.606943,0.3309,0.4608,0.5094,0.5786,0.629,0.6788,0.7496,0.8122,0.8834
531B,English,layer_29,last,291.5764,28.1008,0.603031,0.1558,0.3417,0.4112,0.4985,0.5581,0.6172,0.7017,0.7757,0.86
531B,English,layer_0,mean,214.7784,32.5145,1.066888,0.1415,0.3024,0.3876,0.4972,0.581,0.6739,0.7989,0.886,0.9552
531B,English,layer_1,mean,151.7451,20.6486,0.864219,0.1851,0.3772,0.4599,0.5659,0.6431,0.7254,0.8286,0.8953,0.9498
531B,English,layer_2,mean,1.8013,1.1399,0.794808,0.9366,0.9525,0.9594,0.9675,0.9731,0.9789,0.9862,0.9911,0.9954
531B,English,layer_3,mean,1.645,1.1138,0.770128,0.9475,0.9602,0.9664,0.9734,0.9781,0.9827,0.9885,0.9924,0.9959
531B,English,layer_4,mean,1.6218,1.1109,0.764226,0.9487,0.9612,0.9679,0.9751,0.9796,0.9839,0.9893,0.9929,0.9962
531B,English,layer_5,mean,1.8964,1.1628,0.782964,0.9273,0.9449,0.9559,0.9684,0.9756,0.9816,0.9881,0.9922,0.9958
531B,English,layer_6,mean,1.9151,1.1633,0.777275,0.9271,0.9437,0.9543,0.9669,0.9742,0.9803,0.9871,0.9915,0.9954
531B,English,layer_7,mean,2.1855,1.209,0.79687,0.9094,0.9299,0.9435,0.9592,0.9685,0.9766,0.9853,0.9905,0.9949
531B,English,layer_8,mean,2.3917,1.2402,0.801876,0.8978,0.9207,0.9353,0.9531,0.9637,0.973,0.9831,0.9892,0.9943
531B,English,layer_9,mean,2.3045,1.2225,0.794277,0.9043,0.925,0.9377,0.9538,0.9636,0.9726,0.9827,0.9889,0.9941
531B,English,layer_10,mean,2.4156,1.2408,0.798937,0.8976,0.9205,0.9338,0.9511,0.9617,0.9714,0.9821,0.9886,0.9939
531B,English,layer_11,mean,2.4517,1.245,0.789941,0.8961,0.9195,0.9329,0.9501,0.9605,0.9702,0.9809,0.9877,0.9935
531B,English,layer_12,mean,2.7028,1.2835,0.800134,0.8825,0.9096,0.9249,0.9441,0.956,0.9669,0.9792,0.9867,0.993
531B,English,layer_13,mean,3.6005,1.4115,0.814052,0.8414,0.8779,0.8991,0.9259,0.9424,0.9575,0.9738,0.9835,0.9914
531B,English,layer_14,mean,3.3887,1.3787,0.799705,0.8514,0.8855,0.9048,0.9292,0.9442,0.9582,0.9736,0.9832,0.9911
531B,English,layer_15,mean,3.6769,1.42,0.805447,0.8388,0.8772,0.8984,0.9246,0.9406,0.9554,0.9719,0.9822,0.9907
531B,English,layer_16,mean,4.3822,1.5115,0.812619,0.8129,0.8583,0.8825,0.9126,0.9315,0.9486,0.9679,0.9798,0.9895
531B,English,layer_17,mean,5.4883,1.6481,0.82269,0.7782,0.8327,0.8615,0.8972,0.9197,0.9401,0.9629,0.9771,0.9882
531B,English,layer_18,mean,7.0755,1.8291,0.826967,0.7384,0.8004,0.8348,0.8788,0.906,0.9307,0.9577,0.9739,0.9867
531B,English,layer_19,mean,10.298,2.1268,0.786576,0.6841,0.7597,0.7989,0.8496,0.8804,0.9086,0.9403,0.9608,0.979
531B,English,layer_20,mean,16.8073,2.6659,0.753335,0.6098,0.7002,0.7459,0.8074,0.8453,0.8801,0.9192,0.9452,0.9696
531B,English,layer_21,mean,25.2725,3.3288,0.728834,0.5439,0.6511,0.7025,0.7713,0.8149,0.8549,0.9004,0.931,0.9608
531B,English,layer_22,mean,41.9688,4.7817,0.739191,0.4495,0.5818,0.6427,0.7241,0.7773,0.8269,0.8819,0.9195,0.9551
531B,English,layer_23,mean,52.3797,5.6783,0.732282,0.4101,0.5499,0.6157,0.7019,0.7588,0.8123,0.8717,0.9122,0.9507
531B,English,layer_24,mean,66.269,7.0699,0.73766,0.3643,0.5092,0.5808,0.6742,0.7397,0.8006,0.8664,0.9092,0.9491
531B,English,layer_25,mean,82.2329,9.356,0.756059,0.312,0.4641,0.548,0.6536,0.7273,0.7948,0.8659,0.9104,0.9506
531B,English,layer_26,mean,114.7004,14.4436,0.766332,0.2426,0.4009,0.4943,0.6129,0.6965,0.774,0.8555,0.905,0.9481
531B,English,layer_27,mean,127.5456,16.9153,0.761286,0.2194,0.3823,0.4791,0.6014,0.6869,0.766,0.8498,0.9006,0.9454
531B,English,layer_28,mean,158.2679,25.1744,0.748168,0.16,0.3487,0.4509,0.5808,0.6687,0.749,0.8351,0.8896,0.9385
531B,English,layer_29,mean,137.5267,25.1423,0.747001,0.1538,0.3566,0.4798,0.6155,0.7009,0.7741,0.8522,0.9014,0.9446
531B,Chinese,layer_0,last,352.9641,85.1237,1.427517,0.0666,0.1899,0.2715,0.3787,0.4759,0.5924,0.7576,0.8734,0.9603
531B,Chinese,layer_1,last,425.8129,86.2929,0.964033,0.0584,0.1991,0.2765,0.3777,0.4622,0.5628,0.7122,0.8251,0.9227
531B,Chinese,layer_2,last,84.6072,6.2407,0.881381,0.3958,0.4882,0.5434,0.6075,0.6573,0.7163,0.8054,0.8751,0.9395
531B,Chinese,layer_3,last,53.8237,4.3133,0.835326,0.4788,0.5587,0.6048,0.6579,0.6986,0.7466,0.8203,0.8804,0.9392
531B,Chinese,layer_4,last,40.3511,3.552,0.811251,0.5287,0.5986,0.6397,0.6872,0.724,0.7663,0.8315,0.8856,0.9404
531B,Chinese,layer_5,last,39.4,3.4492,0.789291,0.5368,0.6017,0.6427,0.6881,0.7241,0.7656,0.8292,0.8824,0.9376
531B,Chinese,layer_6,last,41.3821,3.5121,0.781291,0.532,0.594,0.6351,0.6814,0.7186,0.7612,0.8252,0.8791,0.9354
531B,Chinese,layer_7,last,44.557,3.6196,0.766164,0.524,0.5855,0.6258,0.6725,0.7102,0.753,0.8177,0.8731,0.9314
531B,Chinese,layer_8,last,48.1041,3.7724,0.757076,0.5131,0.5765,0.6171,0.6647,0.7034,0.7466,0.8122,0.8685,0.9284
531B,Chinese,layer_9,last,50.8147,3.8738,0.747308,0.5063,0.5708,0.6108,0.6593,0.6979,0.7407,0.8068,0.8642,0.9256
531B,Chinese,layer_10,last,50.5285,3.8882,0.741529,0.5051,0.5748,0.6136,0.6615,0.6994,0.7414,0.807,0.864,0.9252
531B,Chinese,layer_11,last,52.7616,3.9608,0.726167,0.5003,0.5704,0.6092,0.6579,0.6957,0.7371,0.8013,0.8586,0.9213
531B,Chinese,layer_12,last,55.2437,4.0378,0.716316,0.4956,0.5649,0.6034,0.6525,0.6907,0.7319,0.7967,0.855,0.9188
531B,Chinese,layer_13,last,62.6209,4.4035,0.707094,0.4739,0.5496,0.5902,0.6417,0.6817,0.7238,0.7894,0.8492,0.915
531B,Chinese,layer_14,last,62.8739,4.4261,0.700914,0.4726,0.5506,0.5901,0.6425,0.6825,0.7242,0.7889,0.8483,0.9141
531B,Chinese,layer_15,last,69.165,4.7292,0.695856,0.4567,0.5399,0.5796,0.6328,0.6739,0.717,0.7836,0.8443,0.9114
531B,Chinese,layer_16,last,79.7126,5.3232,0.696322,0.4295,0.5209,0.5622,0.6194,0.6633,0.7091,0.7793,0.8417,0.9098
531B,Chinese,layer_17,last,62.6457,4.6487,0.69522,0.4603,0.5517,0.5962,0.652,0.6924,0.7349,0.7996,0.8562,0.9177
531B,Chinese,layer_18,last,24.0454,2.7473,0.696945,0.6017,0.6759,0.7087,0.7497,0.7798,0.8114,0.8585,0.8986,0.9418
531B,Chinese,layer_19,last,19.679,2.4941,0.68355,0.6319,0.7004,0.7307,0.7684,0.796,0.8257,0.8691,0.9056,0.9451
531B,Chinese,layer_20,last,19.9287,2.4952,0.667065,0.6318,0.6993,0.7298,0.7662,0.7939,0.8241,0.8672,0.9034,0.9431
531B,Chinese,layer_21,last,23.1204,2.677,0.655019,0.6096,0.6827,0.7146,0.7527,0.7822,0.8145,0.8596,0.8971,0.9386
531B,Chinese,layer_22,last,28.6143,2.9632,0.646635,0.579,0.6573,0.6914,0.7317,0.7639,0.7988,0.8471,0.8873,0.9323
531B,Chinese,layer_23,last,35.415,3.3265,0.642727,0.5458,0.6302,0.6677,0.711,0.7464,0.7847,0.8368,0.8795,0.9272
531B,Chinese,layer_24,last,42.7854,3.7527,0.639623,0.513,0.6063,0.6474,0.6944,0.733,0.7739,0.8285,0.873,0.9229
531B,Chinese,layer_25,last,53.8756,4.397,0.642398,0.4725,0.5767,0.6205,0.6725,0.7148,0.7594,0.8185,0.8659,0.9187
531B,Chinese,layer_26,last,72.1896,5.4234,0.640755,0.4234,0.5387,0.5848,0.6423,0.6885,0.7376,0.8022,0.8539,0.9113
531B,Chinese,layer_27,last,85.0989,6.336,0.638233,0.3894,0.5168,0.5662,0.6288,0.6773,0.7285,0.7953,0.8486,0.9077
531B,Chinese,layer_28,last,131.259,10.1406,0.63129,0.2986,0.4558,0.518,0.5905,0.6434,0.6982,0.7707,0.8298,0.8956
531B,Chinese,layer_29,last,152.6252,15.8384,0.631363,0.2123,0.4365,0.5136,0.5944,0.6484,0.7018,0.7736,0.8321,0.8966
531B,Chinese,layer_0,mean,167.9567,34.556,1.192629,0.116,0.3203,0.4283,0.5503,0.6383,0.7264,0.8418,0.9179,0.9719
531B,Chinese,layer_1,mean,122.353,22.3838,0.912699,0.1522,0.4004,0.5058,0.6144,0.6929,0.7679,0.8596,0.918,0.963
531B,Chinese,layer_2,mean,2.1844,1.2125,0.832731,0.908,0.937,0.9482,0.9593,0.9672,0.9747,0.9839,0.99,0.995
531B,Chinese,layer_3,mean,1.8544,1.1563,0.799194,0.9299,0.9521,0.9604,0.9691,0.9749,0.9803,0.9871,0.9917,0.9957
531B,Chinese,layer_4,mean,1.7667,1.1429,0.78673,0.9353,0.9567,0.9648,0.9727,0.9779,0.9826,0.9885,0.9925,0.9961
531B,Chinese,layer_5,mean,1.9404,1.1804,0.791399,0.9203,0.949,0.96,0.9701,0.9763,0.9816,0.9879,0.9922,0.9959
531B,Chinese,layer_6,mean,1.9343,1.178,0.786321,0.9212,0.9492,0.9597,0.9697,0.9759,0.9813,0.9876,0.9919,0.9957
531B,Chinese,layer_7,mean,2.0706,1.2004,0.798043,0.9125,0.9422,0.9532,0.965,0.9727,0.9791,0.9865,0.9913,0.9954
531B,Chinese,layer_8,mean,2.2358,1.226,0.800501,0.9029,0.9346,0.9464,0.9598,0.9686,0.9761,0.9846,0.9901,0.9948
531B,Chinese,layer_9,mean,2.1802,1.2135,0.792445,0.9076,0.9369,0.9478,0.9603,0.9686,0.9759,0.9843,0.9899,0.9947
531B,Chinese,layer_10,mean,2.2559,1.2271,0.793698,0.9025,0.9335,0.9451,0.9587,0.9674,0.9752,0.984,0.9897,0.9946
531B,Chinese,layer_11,mean,2.2652,1.227,0.784317,0.9026,0.933,0.9447,0.9581,0.9668,0.9745,0.9833,0.9892,0.9942
531B,Chinese,layer_12,mean,2.4387,1.2571,0.791922,0.8916,0.9264,0.9391,0.9541,0.9638,0.9725,0.9821,0.9885,0.9939
531B,Chinese,layer_13,mean,3.0137,1.3478,0.804365,0.861,0.9051,0.9215,0.9413,0.9545,0.966,0.9783,0.9862,0.9928
531B,Chinese,layer_14,mean,2.9035,1.3273,0.789984,0.8676,0.9091,0.9246,0.9431,0.9552,0.9659,0.9778,0.9857,0.9924
531B,Chinese,layer_15,mean,3.0937,1.3575,0.795871,0.8579,0.9028,0.9195,0.9396,0.9527,0.9641,0.9768,0.9851,0.9921
531B,Chinese,layer_16,mean,3.5498,1.4212,0.802544,0.8383,0.8877,0.9069,0.9304,0.9457,0.959,0.9736,0.9831,0.9912
531B,Chinese,layer_17,mean,4.2832,1.5179,0.811859,0.811,0.8663,0.8894,0.9175,0.9361,0.952,0.9694,0.9807,0.99
531B,Chinese,layer_18,mean,5.5343,1.6862,0.81669,0.769,0.8365,0.8676,0.9025,0.9247,0.9438,0.9643,0.9775,0.9884
531B,Chinese,layer_19,mean,7.8185,1.9074,0.777414,0.7226,0.7996,0.8348,0.8743,0.9001,0.9228,0.9479,0.9652,0.9813
531B,Chinese,layer_20,mean,11.6885,2.2544,0.746222,0.6637,0.7564,0.7954,0.841,0.8712,0.8983,0.9292,0.9514,0.9731
531B,Chinese,layer_21,mean,17.2448,2.7714,0.727993,0.5969,0.7115,0.7576,0.8112,0.8474,0.8791,0.9153,0.9411,0.9666
531B,Chinese,layer_22,mean,27.8369,3.7703,0.735985,0.5084,0.6483,0.7061,0.7721,0.817,0.8559,0.9,0.9312,0.9614
531B,Chinese,layer_23,mean,37.4902,5.0936,0.737334,0.4311,0.6048,0.6767,0.7559,0.8077,0.8502,0.8968,0.9291,0.9601
531B,Chinese,layer_24,mean,45.2267,6.1332,0.742103,0.3882,0.5747,0.6547,0.7408,0.7956,0.8412,0.8917,0.9264,0.9588
531B,Chinese,layer_25,mean,53.1246,7.5787,0.758135,0.3426,0.5445,0.6317,0.7271,0.7887,0.8392,0.8926,0.9281,0.9603
531B,Chinese,layer_26,mean,71.7967,10.4287,0.763586,0.2829,0.493,0.5874,0.6934,0.7623,0.8197,0.8809,0.9212,0.9568
531B,Chinese,layer_27,mean,74.9473,11.4617,0.763992,0.2663,0.4844,0.5835,0.6921,0.7623,0.821,0.8822,0.922,0.9573
531B,Chinese,layer_28,mean,93.4006,16.364,0.745165,0.1973,0.4565,0.5644,0.6741,0.7455,0.8051,0.8681,0.9109,0.9502
531B,Chinese,layer_29,mean,38.0335,6.5287,0.748872,0.3682,0.5986,0.6931,0.7803,0.8303,0.8709,0.9134,0.9419,0.9674
531B,French,layer_0,last,426.999,83.9175,1.281241,0.0757,0.1966,0.2498,0.3381,0.4298,0.5411,0.7084,0.8384,0.9439
531B,French,layer_1,last,529.9318,69.4213,0.908018,0.1009,0.1977,0.2447,0.3215,0.4002,0.4978,0.6507,0.7784,0.8971
531B,French,layer_2,last,50.4159,3.8032,0.826688,0.511,0.5786,0.6052,0.643,0.6811,0.7282,0.8028,0.8678,0.933
531B,French,layer_3,last,33.3878,2.9852,0.784741,0.5777,0.6335,0.6567,0.6889,0.7201,0.7582,0.8194,0.8751,0.9341
531B,French,layer_4,last,25.2323,2.6129,0.761742,0.6178,0.669,0.6913,0.7204,0.7479,0.7811,0.8344,0.8837,0.9373
531B,French,layer_5,last,26.8763,2.6677,0.741372,0.6115,0.6605,0.6835,0.714,0.7416,0.7749,0.8289,0.8788,0.9336
531B,French,layer_6,last,29.3227,2.7702,0.732756,0.6,0.6495,0.6734,0.7054,0.7341,0.7681,0.8234,0.8745,0.9308
531B,French,layer_7,last,34.2404,2.9507,0.716881,0.5813,0.6299,0.6544,0.6877,0.7173,0.7534,0.8117,0.8655,0.925
531B,French,layer_8,last,39.4612,3.1741,0.709214,0.5603,0.6123,0.6389,0.6747,0.706,0.7432,0.8036,0.8595,0.9213
531B,French,layer_9,last,43.9023,3.3374,0.700986,0.5464,0.5978,0.6261,0.6641,0.6959,0.7337,0.7956,0.8534,0.9174
531B,French,layer_10,last,46.1384,3.4251,0.695317,0.5393,0.5913,0.62,0.6594,0.6918,0.7299,0.7927,0.851,0.9157
531B,French,layer_11,last,48.9075,3.5148,0.681124,0.5323,0.5847,0.6142,0.6548,0.6868,0.7242,0.7862,0.845,0.9114
531B,French,layer_12,last,52.7608,3.662,0.674461,0.5214,0.5743,0.6053,0.6474,0.6804,0.7187,0.782,0.8416,0.9089
531B,French,layer_13,last,63.6364,4.0928,0.668521,0.4928,0.5505,0.583,0.6287,0.6644,0.7048,0.7708,0.8333,0.9036
531B,French,layer_14,last,64.2434,4.1557,0.66648,0.4889,0.551,0.5834,0.6298,0.6657,0.706,0.7715,0.8336,0.9037
531B,French,layer_15,last,71.1377,4.4661,0.664828,0.4713,0.5369,0.5716,0.6209,0.6585,0.7002,0.7674,0.8307,0.9018
531B,French,layer_16,last,83.3295,5.0907,0.666429,0.4406,0.5163,0.5534,0.6078,0.6482,0.6923,0.7626,0.8277,0.9001
531B,French,layer_17,last,68.9033,4.6741,0.668608,0.4598,0.5403,0.5816,0.6366,0.6756,0.7173,0.7829,0.8429,0.9087
531B,French,layer_18,last,27.2564,2.8445,0.669889,0.5914,0.6607,0.6918,0.735,0.7651,0.7964,0.8443,0.8874,0.9345
531B,French,layer_19,last,22.5178,2.6132,0.658437,0.6173,0.6843,0.7149,0.7553,0.7835,0.8124,0.8562,0.8953,0.9384
531B,French,layer_20,last,22.756,2.6084,0.642858,0.6179,0.6833,0.714,0.7536,0.7814,0.8104,0.8539,0.8927,0.936
531B,French,layer_21,last,26.4608,2.8005,0.629762,0.596,0.6658,0.6983,0.7396,0.7689,0.7994,0.8448,0.8852,0.9306
531B,French,layer_22,last,33.0893,3.1105,0.619617,0.5651,0.6376,0.6732,0.7171,0.7492,0.7822,0.8305,0.8736,0.9228
531B,French,layer_23,last,40.3973,3.4316,0.612701,0.5376,0.6129,0.6497,0.6956,0.7303,0.7659,0.8176,0.8634,0.916
531B,French,layer_24,last,52.379,3.9795,0.607479,0.4985,0.5807,0.6189,0.6687,0.7069,0.7462,0.8023,0.8514,0.9081
531B,French,layer_25,last,70.5197,4.7755,0.609931,0.4541,0.5405,0.58,0.635,0.6783,0.7224,0.7847,0.8386,0.9003
531B,French,layer_26,last,102.3161,6.2477,0.612268,0.3954,0.4882,0.5305,0.5927,0.6426,0.6931,0.7633,0.823,0.8907
531B,French,layer_27,last,125.7967,7.6076,0.615938,0.3564,0.4587,0.503,0.5717,0.6259,0.6795,0.7538,0.8163,0.8867
531B,French,layer_28,last,185.7136,12.5697,0.616082,0.2686,0.4056,0.458,0.5371,0.5969,0.6546,0.734,0.8014,0.8773
531B,French,layer_29,last,282.9518,27.5563,0.613478,0.1588,0.3356,0.4048,0.4986,0.566,0.628,0.7127,0.7851,0.8666
531B,French,layer_0,mean,221.9577,37.3049,1.077997,0.1236,0.3023,0.3801,0.494,0.5826,0.6751,0.7989,0.886,0.9555
531B,French,layer_1,mean,166.5351,26.2988,0.870945,0.1351,0.3653,0.4466,0.556,0.6382,0.7217,0.8254,0.8933,0.9492
531B,French,layer_2,mean,1.7939,1.1408,0.801382,0.9362,0.9542,0.9603,0.9682,0.9739,0.9796,0.9866,0.9914,0.9955
531B,French,layer_3,mean,1.6563,1.1173,0.777175,0.946,0.9608,0.9663,0.9736,0.9784,0.983,0.9887,0.9926,0.996
531B,French,layer_4,mean,1.6304,1.114,0.769472,0.9474,0.9625,0.968,0.9751,0.9798,0.9841,0.9893,0.9929,0.9962
531B,French,layer_5,mean,1.8372,1.1527,0.782294,0.9313,0.9501,0.9591,0.97,0.9766,0.9821,0.9882,0.9923,0.9959
531B,French,layer_6,mean,1.8589,1.1548,0.777483,0.9305,0.9493,0.9581,0.9685,0.9753,0.9809,0.9874,0.9917,0.9955
531B,French,layer_7,mean,2.1281,1.2014,0.796648,0.9122,0.9357,0.9475,0.961,0.9699,0.9774,0.9855,0.9906,0.995
531B,French,layer_8,mean,2.3741,1.241,0.802729,0.8975,0.9249,0.9387,0.9542,0.9648,0.9738,0.9833,0.9893,0.9944
531B,French,layer_9,mean,2.3161,1.2294,0.794267,0.9018,0.9284,0.9405,0.9548,0.9646,0.9733,0.9828,0.9889,0.9941
531B,French,layer_10,mean,2.4589,1.2526,0.798576,0.8933,0.9224,0.9354,0.9512,0.9621,0.9716,0.982,0.9884,0.9939
531B,French,layer_11,mean,2.496,1.2567,0.789121,0.8919,0.9213,0.9343,0.9501,0.9609,0.9703,0.9808,0.9875,0.9934
531B,French,layer_12,mean,2.7949,1.302,0.799298,0.8762,0.9094,0.9246,0.9431,0.9556,0.9667,0.9787,0.9863,0.9928
531B,French,layer_13,mean,3.73,1.4352,0.812683,0.8343,0.8781,0.8989,0.9243,0.942,0.9572,0.9732,0.9831,0.9912
531B,French,layer_14,mean,3.5255,1.4025,0.797741,0.8441,0.8851,0.9039,0.9272,0.9434,0.9575,0.9729,0.9826,0.9908
531B,French,layer_15,mean,3.878,1.4541,0.804126,0.8288,0.8753,0.8963,0.922,0.9396,0.9548,0.9712,0.9816,0.9904
531B,French,layer_16,mean,4.5185,1.5352,0.810032,0.8065,0.8582,0.8822,0.9112,0.9312,0.9487,0.9675,0.9794,0.9893
531B,French,layer_17,mean,5.5172,1.6573,0.819308,0.776,0.8348,0.8633,0.8969,0.9207,0.9411,0.9631,0.9769,0.9881
531B,French,layer_18,mean,7.1398,1.8446,0.822434,0.7351,0.8028,0.8384,0.8788,0.9068,0.9314,0.9574,0.9734,0.9863
531B,French,layer_19,mean,9.398,2.0455,0.785983,0.6977,0.7725,0.8115,0.8559,0.8867,0.9138,0.9436,0.9629,0.9802
531B,French,layer_20,mean,15.1606,2.5215,0.753897,0.6275,0.7148,0.761,0.8144,0.8523,0.8857,0.9224,0.9474,0.9709
531B,French,layer_21,mean,21.7971,3.0735,0.732366,0.567,0.6702,0.7217,0.7845,0.8288,0.8668,0.9083,0.9367,0.9641
531B,French,layer_22,mean,35.9693,4.316,0.73864,0.4751,0.6037,0.665,0.7401,0.7933,0.8401,0.8904,0.9249,0.9581
531B,French,layer_23,mean,44.9516,5.086,0.729828,0.4356,0.5731,0.6381,0.718,0.7758,0.8263,0.8805,0.9177,0.9536
531B,French,layer_24,mean,59.6052,6.5259,0.732581,0.381,0.5291,0.6009,0.6886,0.753,0.8106,0.8718,0.9122,0.9504
531B,French,layer_25,mean,77.1708,8.7073,0.747741,0.3253,0.4815,0.5612,0.6606,0.7348,0.7998,0.867,0.9102,0.9501
531B,French,layer_26,mean,107.0103,13.342,0.75875,0.2539,0.4208,0.5104,0.6226,0.7073,0.781,0.8569,0.9048,0.9477
531B,French,layer_27,mean,118.5423,16.0797,0.760033,0.2254,0.3995,0.4933,0.6124,0.7015,0.7774,0.8548,0.9034,0.9468
531B,French,layer_28,mean,148.0745,24.8702,0.751883,0.1593,0.361,0.4618,0.5923,0.6852,0.7629,0.8426,0.8941,0.9411
531B,French,layer_29,mean,147.8011,30.9547,0.749958,0.1193,0.3414,0.4656,0.6074,0.6997,0.775,0.8513,0.9002,0.944
531B,Indonesian,layer_0,last,343.5627,63.547,1.283602,0.0925,0.2196,0.3037,0.4069,0.4889,0.5852,0.7333,0.8519,0.9496
531B,Indonesian,layer_1,last,449.8116,74.1413,0.935437,0.0819,0.2046,0.2827,0.3779,0.4531,0.5428,0.6829,0.7998,0.9089
531B,Indonesian,layer_2,last,72.6561,5.3023,0.85668,0.4303,0.5213,0.5693,0.6264,0.6683,0.7183,0.7974,0.8653,0.9328
531B,Indonesian,layer_3,last,47.3039,3.8702,0.813167,0.5059,0.5837,0.6243,0.6732,0.7079,0.7491,0.8146,0.8728,0.9335
531B,Indonesian,layer_4,last,33.9686,3.1974,0.787698,0.5575,0.6275,0.6645,0.7094,0.7402,0.7755,0.832,0.8826,0.937
531B,Indonesian,layer_5,last,33.9801,3.1545,0.767825,0.5615,0.6271,0.6633,0.7077,0.7385,0.7737,0.8296,0.8797,0.9344
531B,Indonesian,layer_6,last,34.9226,3.192,0.759004,0.5582,0.6234,0.6592,0.7041,0.7362,0.772,0.8283,0.8784,0.9333
531B,Indonesian,layer_7,last,38.2988,3.3176,0.747021,0.5475,0.6108,0.6474,0.6926,0.7259,0.7633,0.8215,0.8733,0.9299
531B,Indonesian,layer_8,last,42.7062,3.558,0.73942,0.5284,0.5959,0.6365,0.6847,0.7191,0.7578,0.8175,0.8705,0.9281
531B,Indonesian,layer_9,last,44.2834,3.639,0.734195,0.5223,0.5915,0.6327,0.6816,0.7164,0.7554,0.8156,0.8691,0.9272
531B,Indonesian,layer_10,last,44.8433,3.7087,0.730736,0.5171,0.5912,0.6322,0.6826,0.7177,0.7566,0.8169,0.8702,0.9278
531B,Indonesian,layer_11,last,45.5616,3.7184,0.718825,0.5165,0.5899,0.6316,0.6814,0.7157,0.7538,0.8133,0.8668,0.9254
531B,Indonesian,layer_12,last,47.5291,3.8169,0.714031,0.5097,0.5836,0.6265,0.6776,0.7126,0.7512,0.8117,0.8657,0.9246
531B,Indonesian,layer_13,last,54.0587,4.1759,0.711812,0.4867,0.5665,0.6122,0.6663,0.7042,0.7445,0.8064,0.8619,0.9224
531B,Indonesian,layer_14,last,54.3877,4.2484,0.711675,0.4823,0.5663,0.6129,0.6681,0.7064,0.7466,0.808,0.8632,0.9231
531B,Indonesian,layer_15,last,58.1658,4.4683,0.70972,0.4699,0.5568,0.6061,0.662,0.7013,0.7426,0.8055,0.8614,0.9219
531B,Indonesian,layer_16,last,66.5116,4.9701,0.71304,0.4448,0.5371,0.5899,0.65,0.6917,0.7354,0.8012,0.859,0.9208
531B,Indonesian,layer_17,last,62.282,4.8854,0.71582,0.4485,0.5429,0.598,0.6623,0.7042,0.7471,0.8112,0.8665,0.9249
531B,Indonesian,layer_18,last,30.3623,3.1996,0.717004,0.5567,0.6401,0.6843,0.7365,0.7703,0.8041,0.8543,0.897,0.942
531B,Indonesian,layer_19,last,25.4081,2.8938,0.703901,0.586,0.6612,0.7029,0.7534,0.7847,0.8161,0.8623,0.902,0.9442
531B,Indonesian,layer_20,last,25.1127,2.8494,0.685032,0.5906,0.664,0.7044,0.7538,0.7841,0.8145,0.8598,0.8992,0.9417
531B,Indonesian,layer_21,last,29.0108,3.044,0.66666,0.5712,0.6469,0.6889,0.7402,0.7716,0.803,0.8498,0.8907,0.9357
531B,Indonesian,layer_22,last,35.7981,3.4082,0.655759,0.5392,0.6216,0.6664,0.7212,0.7546,0.7879,0.8369,0.8805,0.9291
531B,Indonesian,layer_23,last,42.9155,3.7704,0.647308,0.5121,0.599,0.6461,0.7037,0.739,0.774,0.8257,0.8718,0.9233
531B,Indonesian,layer_24,last,52.9741,4.3405,0.642734,0.4761,0.5736,0.6225,0.6842,0.7223,0.7599,0.8148,0.8634,0.9179
531B,Indonesian,layer_25,last,67.0173,5.1423,0.646402,0.4361,0.5422,0.593,0.6603,0.7025,0.7438,0.8036,0.8556,0.9134
531B,Indonesian,layer_26,last,89.3241,6.6115,0.649117,0.3819,0.5032,0.5583,0.6322,0.6793,0.7254,0.7907,0.8466,0.9081
531B,Indonesian,layer_27,last,105.1237,8.021,0.65382,0.3434,0.4787,0.5378,0.618,0.6693,0.7187,0.7869,0.8441,0.9067
531B,Indonesian,layer_28,last,148.7047,13.488,0.657623,0.251,0.4238,0.4981,0.5899,0.6484,0.7021,0.7748,0.8354,0.9015
531B,Indonesian,layer_29,last,162.6087,20.4901,0.662843,0.1552,0.3983,0.4958,0.5957,0.6578,0.7125,0.784,0.8424,0.9054
531B,Indonesian,layer_0,mean,159.4118,24.3101,1.119612,0.1538,0.3745,0.4595,0.5558,0.6275,0.7064,0.8166,0.8965,0.961
531B,Indonesian,layer_1,mean,121.0874,16.6401,0.875164,0.199,0.4348,0.5143,0.6062,0.6727,0.7426,0.8345,0.8986,0.9524
531B,Indonesian,layer_2,mean,1.5882,1.1101,0.798208,0.949,0.9669,0.9718,0.9771,0.9809,0.9848,0.9898,0.9934,0.9966
531B,Indonesian,layer_3,mean,1.4444,1.0826,0.766098,0.9611,0.974,0.978,0.9824,0.9853,0.9882,0.992,0.9947,0.9972
531B,Indonesian,layer_4,mean,1.398,1.0738,0.752133,0.965,0.9764,0.9802,0.9843,0.987,0.9895,0.9928,0.9952,0.9974
531B,Indonesian,layer_5,mean,1.4556,1.0849,0.757545,0.96,0.9726,0.9772,0.9825,0.9858,0.9889,0.9925,0.995,0.9973
531B,Indonesian,layer_6,mean,1.4661,1.0867,0.753147,0.9592,0.972,0.9768,0.9822,0.9855,0.9886,0.9922,0.9948,0.9971
531B,Indonesian,layer_7,mean,1.5601,1.1045,0.768356,0.9515,0.9662,0.9723,0.9791,0.9833,0.9871,0.9914,0.9943,0.9969
531B,Indonesian,layer_8,mean,1.6505,1.1206,0.773471,0.9446,0.9608,0.968,0.976,0.981,0.9853,0.9903,0.9936,0.9966
531B,Indonesian,layer_9,mean,1.6302,1.116,0.767546,0.9466,0.9619,0.9688,0.9763,0.981,0.9853,0.9902,0.9935,0.9965
531B,Indonesian,layer_10,mean,1.6957,1.1284,0.774132,0.9413,0.9583,0.9659,0.9743,0.9797,0.9845,0.9898,0.9933,0.9964
531B,Indonesian,layer_11,mean,1.7004,1.1281,0.766658,0.9415,0.9577,0.9655,0.9738,0.9792,0.9839,0.9893,0.9929,0.9962
531B,Indonesian,layer_12,mean,1.7885,1.1434,0.776903,0.9351,0.9526,0.9613,0.971,0.9771,0.9825,0.9885,0.9925,0.9959
531B,Indonesian,layer_13,mean,2.0884,1.1957,0.789968,0.9144,0.9377,0.9496,0.9624,0.9707,0.9779,0.9858,0.9908,0.9951
531B,Indonesian,layer_14,mean,2.0278,1.1835,0.777013,0.9191,0.9408,0.9517,0.9637,0.9713,0.978,0.9856,0.9905,0.9949
531B,Indonesian,layer_15,mean,2.1078,1.198,0.784194,0.9135,0.9369,0.949,0.9619,0.97,0.9771,0.9851,0.9903,0.9948
531B,Indonesian,layer_16,mean,2.3516,1.2378,0.791651,0.8987,0.9261,0.9405,0.9556,0.9651,0.9734,0.9828,0.9889,0.9941
531B,Indonesian,layer_17,mean,2.7154,1.2955,0.802851,0.8784,0.9112,0.929,0.9473,0.9587,0.9686,0.98,0.9873,0.9933
531B,Indonesian,layer_18,mean,3.1781,1.3664,0.807085,0.8551,0.8947,0.9163,0.9383,0.9518,0.9637,0.977,0.9855,0.9924
531B,Indonesian,layer_19,mean,4.045,1.4759,0.774433,0.8226,0.8712,0.8968,0.9219,0.9375,0.9515,0.9675,0.9784,0.9883
531B,Indonesian,layer_20,mean,5.6006,1.6486,0.745924,0.778,0.8373,0.8673,0.8979,0.9169,0.9342,0.9545,0.969,0.9828
531B,Indonesian,layer_21,mean,7.9031,1.8777,0.7229,0.7285,0.8003,0.8351,0.8716,0.8948,0.9157,0.9405,0.9585,0.9765
531B,Indonesian,layer_22,mean,12.322,2.3275,0.729996,0.6527,0.7529,0.7946,0.8397,0.8684,0.8945,0.9256,0.9488,0.9714
531B,Indonesian,layer_23,mean,15.9916,2.6851,0.72311,0.6062,0.7235,0.7699,0.8204,0.8528,0.8819,0.9165,0.9423,0.9675
531B,Indonesian,layer_24,mean,21.5861,3.2358,0.728462,0.5498,0.6865,0.7382,0.7958,0.8341,0.8683,0.9081,0.9369,0.9646
531B,Indonesian,layer_25,mean,29.9518,4.1793,0.74636,0.4797,0.6396,0.7015,0.7705,0.8172,0.8576,0.9027,0.9344,0.9638
531B,Indonesian,layer_26,mean,44.1365,5.9842,0.758297,0.3927,0.5809,0.656,0.7382,0.7936,0.8411,0.8936,0.9292,0.9613
531B,Indonesian,layer_27,mean,54.5848,7.7643,0.761607,0.3357,0.5454,0.6303,0.7224,0.7834,0.8348,0.8896,0.9264,0.9598
531B,Indonesian,layer_28,mean,74.5535,12.4599,0.753998,0.2333,0.4952,0.5976,0.7012,0.7668,0.8208,0.8783,0.9177,0.9544
531B,Indonesian,layer_29,mean,62.7142,11.2254,0.75781,0.26,0.5159,0.6228,0.7297,0.7937,0.8437,0.8952,0.9294,0.9606
531B,Italian,layer_0,last,321.3634,40.4277,1.263525,0.1309,0.2664,0.315,0.3989,0.4775,0.5734,0.7233,0.8438,0.9449
531B,Italian,layer_1,last,429.6206,49.5601,0.899074,0.1073,0.2474,0.2965,0.3728,0.4427,0.5288,0.6685,0.7879,0.9011
531B,Italian,layer_2,last,125.3458,8.2411,0.816565,0.3382,0.4682,0.5054,0.5572,0.6023,0.6578,0.7495,0.8308,0.9135
531B,Italian,layer_3,last,92.4222,5.9178,0.774145,0.4055,0.5127,0.5473,0.5932,0.6316,0.679,0.758,0.8311,0.9099
531B,Italian,layer_4,last,70.9554,4.8602,0.751983,0.4494,0.5495,0.5835,0.6258,0.6605,0.7029,0.7733,0.8394,0.9125
531B,Italian,layer_5,last,73.9996,4.8805,0.734872,0.4489,0.5429,0.5768,0.6194,0.6541,0.6965,0.767,0.8337,0.9083
531B,Italian,layer_6,last,79.1171,5.1522,0.72915,0.4363,0.5335,0.5696,0.6137,0.6495,0.6929,0.7642,0.8315,0.9066
531B,Italian,layer_7,last,93.0791,5.7921,0.714653,0.4101,0.5122,0.5502,0.5955,0.6328,0.6782,0.7524,0.8223,0.9005
531B,Italian,layer_8,last,102.824,6.4728,0.70745,0.3856,0.5003,0.5409,0.5892,0.6278,0.6737,0.7489,0.8194,0.8984
531B,Italian,layer_9,last,110.4663,6.8617,0.700694,0.3735,0.4905,0.5324,0.5814,0.621,0.6671,0.743,0.8148,0.8954
531B,Italian,layer_10,last,108.8586,7.1311,0.696273,0.3627,0.496,0.5378,0.5872,0.6265,0.6719,0.747,0.8175,0.8966
531B,Italian,layer_11,last,111.7337,7.3214,0.684099,0.3562,0.495,0.5357,0.5859,0.6249,0.6694,0.7429,0.8132,0.8932
531B,Italian,layer_12,last,113.7775,7.7405,0.678808,0.3413,0.4955,0.5359,0.5861,0.6252,0.6696,0.7431,0.8132,0.8928
531B,Italian,layer_13,last,128.4627,8.7409,0.674825,0.3178,0.4779,0.5204,0.5739,0.6155,0.6617,0.7367,0.8084,0.8896
531B,Italian,layer_14,last,124.6802,8.8079,0.674195,0.3139,0.4834,0.5265,0.5807,0.6221,0.6674,0.7411,0.8115,0.8914
531B,Italian,layer_15,last,127.0653,9.0413,0.671987,0.3091,0.4815,0.5245,0.5793,0.621,0.6672,0.7414,0.8117,0.8912
531B,Italian,layer_16,last,131.6965,9.8177,0.673901,0.2912,0.4765,0.5213,0.5782,0.6213,0.6691,0.7442,0.8143,0.8928
531B,Italian,layer_17,last,97.3086,7.5699,0.67573,0.3439,0.5135,0.5609,0.6188,0.6586,0.7024,0.771,0.8341,0.9041
531B,Italian,layer_18,last,34.143,3.5465,0.677022,0.5245,0.6482,0.6841,0.7273,0.7573,0.7895,0.8387,0.8832,0.9323
531B,Italian,layer_19,last,26.9042,3.081,0.665919,0.5649,0.6759,0.7096,0.7497,0.7778,0.8071,0.8518,0.8921,0.9368
531B,Italian,layer_20,last,26.5336,3.0087,0.649623,0.5722,0.6775,0.7099,0.7488,0.7766,0.8056,0.8498,0.8898,0.9346
531B,Italian,layer_21,last,30.1369,3.1908,0.638079,0.5555,0.6622,0.6957,0.7366,0.7657,0.7961,0.8418,0.8831,0.9298
531B,Italian,layer_22,last,37.7589,3.5602,0.628144,0.5255,0.634,0.6693,0.7133,0.7451,0.7782,0.8271,0.8712,0.9219
531B,Italian,layer_23,last,45.7348,3.922,0.622046,0.5003,0.6096,0.646,0.6922,0.7264,0.7621,0.8145,0.8614,0.9154
531B,Italian,layer_24,last,57.2205,4.4881,0.61779,0.4669,0.5807,0.6191,0.6691,0.7065,0.7452,0.8013,0.8512,0.9088
531B,Italian,layer_25,last,74.6941,5.3037,0.620557,0.4288,0.542,0.5833,0.6387,0.6805,0.7238,0.7858,0.84,0.902
531B,Italian,layer_26,last,102.6107,6.7361,0.624436,0.379,0.4949,0.5402,0.6026,0.6507,0.6995,0.7683,0.8276,0.8946
531B,Italian,layer_27,last,121.1921,8.0313,0.631001,0.3452,0.4685,0.5183,0.5867,0.639,0.691,0.7633,0.8245,0.893
531B,Italian,layer_28,last,167.7762,12.7439,0.634144,0.265,0.4189,0.4804,0.5608,0.6189,0.6746,0.7506,0.8152,0.8873
531B,Italian,layer_29,last,244.9609,27.606,0.632663,0.1494,0.3471,0.432,0.5302,0.5954,0.6554,0.7352,0.8033,0.8795
531B,Italian,layer_0,mean,168.5994,23.1454,1.085256,0.1709,0.3631,0.4387,0.5383,0.6175,0.6997,0.8112,0.8915,0.9575
531B,Italian,layer_1,mean,115.2568,15.3523,0.878876,0.2091,0.4359,0.5112,0.6059,0.6788,0.7513,0.8417,0.9029,0.9542
531B,Italian,layer_2,mean,1.2422,1.0435,0.80657,0.9789,0.9847,0.9869,0.9895,0.9914,0.9933,0.9955,0.9971,0.9985
531B,Italian,layer_3,mean,1.191,1.0338,0.777318,0.9835,0.9878,0.9897,0.9918,0.9933,0.9946,0.9964,0.9976,0.9987
531B,Italian,layer_4,mean,1.1852,1.0329,0.76963,0.9839,0.9882,0.9901,0.9922,0.9937,0.995,0.9966,0.9977,0.9988
531B,Italian,layer_5,mean,1.2208,1.0399,0.776818,0.9806,0.9858,0.9882,0.991,0.9928,0.9944,0.9962,0.9975,0.9987
531B,Italian,layer_6,mean,1.2333,1.0422,0.774269,0.9795,0.985,0.9875,0.9905,0.9924,0.994,0.996,0.9973,0.9986
531B,Italian,layer_7,mean,1.2991,1.0551,0.793146,0.9735,0.9805,0.9839,0.9881,0.9907,0.9929,0.9953,0.997,0.9984
531B,Italian,layer_8,mean,1.3547,1.0655,0.797595,0.9687,0.9768,0.981,0.9859,0.989,0.9917,0.9946,0.9965,0.9982
531B,Italian,layer_9,mean,1.3439,1.0627,0.789388,0.97,0.9774,0.9812,0.9859,0.9889,0.9915,0.9944,0.9964,0.9981
531B,Italian,layer_10,mean,1.3708,1.0678,0.79193,0.9677,0.9758,0.9798,0.9848,0.9881,0.991,0.9941,0.9962,0.998
531B,Italian,layer_11,mean,1.3808,1.0693,0.78302,0.967,0.9752,0.9793,0.9843,0.9876,0.9905,0.9938,0.9959,0.9978
531B,Italian,layer_12,mean,1.4448,1.0813,0.792669,0.9617,0.9711,0.976,0.9819,0.9859,0.9893,0.993,0.9955,0.9976
531B,Italian,layer_13,mean,1.6261,1.1145,0.805187,0.9472,0.9602,0.9671,0.9755,0.9812,0.9859,0.9911,0.9943,0.997
531B,Italian,layer_14,mean,1.5997,1.1087,0.790099,0.9497,0.9618,0.9683,0.9761,0.9814,0.9859,0.9909,0.9941,0.9968
531B,Italian,layer_15,mean,1.6769,1.1228,0.795646,0.9437,0.9575,0.9648,0.9737,0.9796,0.9846,0.9901,0.9936,0.9966
531B,Italian,layer_16,mean,1.8069,1.1453,0.799859,0.9344,0.9507,0.9591,0.9694,0.9762,0.9821,0.9885,0.9926,0.9961
531B,Italian,layer_17,mean,2.0362,1.184,0.809328,0.9189,0.9393,0.9496,0.9623,0.9708,0.9782,0.9862,0.9912,0.9954
531B,Italian,layer_18,mean,2.3352,1.2324,0.810279,0.9007,0.9257,0.9386,0.9542,0.9646,0.9736,0.9833,0.9895,0.9945
531B,Italian,layer_19,mean,2.7678,1.2927,0.775855,0.8794,0.9095,0.9246,0.9428,0.955,0.9657,0.9773,0.9849,0.9918
531B,Italian,layer_20,mean,3.7292,1.4112,0.746362,0.8415,0.8788,0.8977,0.9212,0.9368,0.9507,0.9662,0.9769,0.9871
531B,Italian,layer_21,mean,4.7382,1.5297,0.726345,0.808,0.8535,0.8763,0.9045,0.9234,0.94,0.9584,0.9711,0.9835
531B,Italian,layer_22,mean,7.3707,1.8149,0.73344,0.7413,0.8046,0.8349,0.873,0.8981,0.9207,0.9453,0.9623,0.9788
531B,Italian,layer_23,mean,9.7069,2.0416,0.725754,0.6984,0.7731,0.8081,0.8524,0.8816,0.9078,0.9363,0.9559,0.975
531B,Italian,layer_24,mean,13.8636,2.4234,0.728701,0.6401,0.7296,0.7713,0.8235,0.859,0.8911,0.9257,0.9489,0.971
531B,Italian,layer_25,mean,21.1113,3.1226,0.743413,0.5618,0.6749,0.7263,0.7911,0.835,0.8747,0.9161,0.9431,0.9682
531B,Italian,layer_26,mean,35.52,4.5158,0.754872,0.463,0.6028,0.665,0.7455,0.8003,0.8496,0.9009,0.9336,0.9633
531B,Italian,layer_27,mean,44.873,5.7424,0.760583,0.4056,0.5712,0.6395,0.7277,0.7881,0.8416,0.8965,0.9309,0.9619
531B,Italian,layer_28,mean,71.3175,10.2218,0.753327,0.2829,0.5099,0.5888,0.6907,0.7591,0.8181,0.8787,0.9179,0.9543
531B,Italian,layer_29,mean,105.1384,19.264,0.749824,0.1693,0.434,0.5303,0.6554,0.7357,0.8009,0.8675,0.9103,0.9496
531B,Swahili,layer_0,last,259.2202,75.7823,1.611423,0.0606,0.2022,0.2848,0.428,0.5507,0.6737,0.8243,0.919,0.9802
531B,Swahili,layer_1,last,345.7456,88.9729,1.221087,0.062,0.1865,0.256,0.3885,0.5031,0.6219,0.7727,0.8738,0.9524
531B,Swahili,layer_2,last,50.6565,4.5943,1.137069,0.4638,0.5401,0.5791,0.652,0.7144,0.7788,0.8617,0.9188,0.9664
531B,Swahili,layer_3,last,33.0439,3.4119,1.085948,0.5397,0.6047,0.6373,0.6982,0.7503,0.8037,0.8736,0.9234,0.9669
531B,Swahili,layer_4,last,23.9585,2.8738,1.055201,0.5885,0.6524,0.6819,0.7347,0.7796,0.8257,0.8863,0.9302,0.9692
531B,Swahili,layer_5,last,23.498,2.8467,1.030799,0.5913,0.6564,0.6868,0.7383,0.7819,0.8269,0.8864,0.9299,0.9688
531B,Swahili,layer_6,last,23.33,2.8551,1.016478,0.5903,0.6597,0.6904,0.7403,0.7839,0.8287,0.8874,0.9305,0.969
531B,Swahili,layer_7,last,24.8796,2.9572,0.997899,0.5798,0.6526,0.6838,0.7337,0.7784,0.8245,0.8844,0.9284,0.9677
531B,Swahili,layer_8,last,27.7693,3.2141,0.980603,0.5554,0.6415,0.6774,0.7286,0.7742,0.8214,0.8825,0.9272,0.9669
531B,Swahili,layer_9,last,28.9544,3.3044,0.96614,0.5474,0.6376,0.6742,0.7256,0.7711,0.8189,0.8807,0.9259,0.966
531B,Swahili,layer_10,last,28.6236,3.3249,0.948736,0.5454,0.6418,0.6802,0.7314,0.7748,0.821,0.8816,0.9262,0.966
531B,Swahili,layer_11,last,29.1053,3.3687,0.921829,0.5416,0.6424,0.6821,0.7329,0.7748,0.8197,0.8791,0.9237,0.9643
531B,Swahili,layer_12,last,29.2524,3.3574,0.904523,0.5426,0.6428,0.6816,0.7321,0.7733,0.8177,0.8776,0.9225,0.9634
531B,Swahili,layer_13,last,32.5703,3.6278,0.888032,0.5211,0.6314,0.6729,0.726,0.7674,0.8118,0.8728,0.9191,0.9613
531B,Swahili,layer_14,last,34.0518,3.8006,0.87655,0.5083,0.6278,0.6718,0.7263,0.7671,0.8108,0.8719,0.9182,0.9606
531B,Swahili,layer_15,last,35.9572,3.9132,0.867816,0.5008,0.6197,0.665,0.7205,0.7619,0.8064,0.869,0.9163,0.9594
531B,Swahili,layer_16,last,42.419,4.4589,0.863927,0.4676,0.5959,0.6466,0.7067,0.7509,0.7982,0.8646,0.9138,0.958
531B,Swahili,layer_17,last,41.6232,4.4391,0.859973,0.4689,0.592,0.6479,0.7122,0.7568,0.8033,0.8684,0.9161,0.9589
531B,Swahili,layer_18,last,23.6619,3.1955,0.859398,0.5553,0.6709,0.7196,0.7722,0.8079,0.845,0.8966,0.9342,0.9677
531B,Swahili,layer_19,last,20.7775,2.9274,0.837105,0.5812,0.6865,0.7321,0.7831,0.8164,0.8512,0.8998,0.9355,0.9677
531B,Swahili,layer_20,last,20.8915,2.9119,0.806392,0.5827,0.6879,0.7332,0.7824,0.8149,0.8486,0.8964,0.9321,0.9651
531B,Swahili,layer_21,last,23.5467,3.0784,0.778853,0.5663,0.6736,0.7209,0.7716,0.8047,0.8391,0.8878,0.925,0.9604
531B,Swahili,layer_22,last,28.2518,3.4012,0.761445,0.5378,0.6537,0.7029,0.7552,0.7895,0.8249,0.876,0.9162,0.9551
531B,Swahili,layer_23,last,32.5149,3.7066,0.748489,0.5142,0.6377,0.6894,0.7428,0.7785,0.815,0.868,0.9101,0.9512
531B,Swahili,layer_24,last,36.7626,4.0478,0.73773,0.4907,0.6256,0.6783,0.7332,0.7697,0.807,0.8614,0.9049,0.9478
531B,Swahili,layer_25,last,42.7984,4.5124,0.734825,0.4632,0.6069,0.6613,0.719,0.7576,0.7968,0.854,0.8997,0.9448
531B,Swahili,layer_26,last,52.6506,5.3296,0.728979,0.4232,0.5815,0.6389,0.7002,0.7415,0.7832,0.8439,0.8923,0.9404
531B,Swahili,layer_27,last,59.985,6.033,0.722548,0.3947,0.5665,0.6251,0.6895,0.7319,0.7753,0.8375,0.8873,0.9371
531B,Swahili,layer_28,last,91.5152,10.0092,0.718014,0.2876,0.5108,0.5778,0.6529,0.7015,0.7504,0.82,0.8746,0.9293
531B,Swahili,layer_29,last,82.2727,9.7598,0.721132,0.2921,0.5228,0.5952,0.6715,0.7211,0.7703,0.8358,0.8855,0.9351
531B,Swahili,layer_0,mean,71.5357,13.9589,1.16448,0.1886,0.507,0.5946,0.6826,0.7508,0.8183,0.8977,0.9463,0.9806
531B,Swahili,layer_1,mean,58.6182,10.6738,0.937609,0.242,0.5483,0.6255,0.7095,0.7735,0.8342,0.9031,0.9443,0.975
531B,Swahili,layer_2,mean,1.2485,1.0481,0.873509,0.9768,0.9855,0.9882,0.9908,0.9928,0.9946,0.9967,0.998,0.999
531B,Swahili,layer_3,mean,1.1949,1.0374,0.847237,0.9818,0.9887,0.9908,0.9929,0.9944,0.9958,0.9974,0.9984,0.9992
531B,Swahili,layer_4,mean,1.1811,1.0348,0.837563,0.983,0.9897,0.9916,0.9936,0.9949,0.9962,0.9976,0.9985,0.9992
531B,Swahili,layer_5,mean,1.1938,1.0375,0.838527,0.9817,0.9888,0.991,0.9933,0.9947,0.9961,0.9976,0.9985,0.9992
531B,Swahili,layer_6,mean,1.1936,1.0376,0.83427,0.9817,0.9889,0.9911,0.9933,0.9948,0.9961,0.9976,0.9985,0.9992
531B,Swahili,layer_7,mean,1.2029,1.0394,0.841606,0.9808,0.9882,0.9906,0.993,0.9945,0.9959,0.9975,0.9984,0.9992
531B,Swahili,layer_8,mean,1.2283,1.045,0.841241,0.9782,0.9869,0.9895,0.9922,0.9939,0.9955,0.9972,0.9983,0.9991
531B,Swahili,layer_9,mean,1.2299,1.0453,0.839029,0.9781,0.9868,0.9895,0.9922,0.9939,0.9955,0.9972,0.9983,0.9991
531B,Swahili,layer_10,mean,1.2484,1.0496,0.842376,0.976,0.9859,0.9888,0.9917,0.9936,0.9953,0.9971,0.9982,0.9991
531B,Swahili,layer_11,mean,1.2494,1.0497,0.833939,0.976,0.9858,0.9888,0.9917,0.9935,0.9951,0.997,0.9981,0.999
531B,Swahili,layer_12,mean,1.2669,1.0531,0.839636,0.9744,0.9846,0.9879,0.991,0.993,0.9948,0.9968,0.998,0.999
531B,Swahili,layer_13,mean,1.3235,1.0656,0.845281,0.9687,0.9816,0.9856,0.9895,0.9918,0.994,0.9963,0.9977,0.9989
531B,Swahili,layer_14,mean,1.3395,1.0698,0.839295,0.9668,0.9811,0.9853,0.9893,0.9916,0.9938,0.9962,0.9976,0.9988
531B,Swahili,layer_15,mean,1.3308,1.0675,0.844469,0.9678,0.9813,0.9855,0.9894,0.9918,0.9939,0.9963,0.9977,0.9988
531B,Swahili,layer_16,mean,1.4068,1.0837,0.853545,0.9606,0.9772,0.9823,0.9872,0.9901,0.9927,0.9956,0.9973,0.9986
531B,Swahili,layer_17,mean,1.493,1.101,0.865404,0.953,0.972,0.9785,0.9845,0.9881,0.9913,0.9948,0.9969,0.9984
531B,Swahili,layer_18,mean,1.6867,1.1455,0.874133,0.9342,0.9636,0.9723,0.9804,0.9851,0.9891,0.9936,0.9961,0.9981
531B,Swahili,layer_19,mean,1.9014,1.1805,0.855658,0.9202,0.9531,0.9631,0.9729,0.9785,0.9835,0.9896,0.9936,0.9968
531B,Swahili,layer_20,mean,2.2148,1.2301,0.817758,0.9013,0.9401,0.9514,0.9627,0.9698,0.9763,0.9842,0.9898,0.9948
531B,Swahili,layer_21,mean,2.6203,1.2875,0.785403,0.8809,0.9247,0.9379,0.9511,0.9594,0.9671,0.9772,0.9848,0.992
531B,Swahili,layer_22,mean,3.605,1.4196,0.817404,0.8387,0.8929,0.9085,0.9265,0.9387,0.951,0.9677,0.9796,0.9897
531B,Swahili,layer_23,mean,4.0528,1.4717,0.793834,0.8236,0.8817,0.8989,0.9179,0.9309,0.944,0.9621,0.9754,0.9873
531B,Swahili,layer_24,mean,4.7906,1.5637,0.787818,0.7987,0.8662,0.885,0.9061,0.9209,0.9357,0.9561,0.9713,0.985
531B,Swahili,layer_25,mean,5.5684,1.6545,0.793084,0.7762,0.8501,0.8715,0.895,0.9117,0.9285,0.9515,0.9685,0.9837
531B,Swahili,layer_26,mean,7.3987,1.8576,0.792216,0.7318,0.8196,0.8455,0.8741,0.8945,0.915,0.9426,0.9628,0.9807
531B,Swahili,layer_27,mean,9.327,2.0494,0.78509,0.6961,0.7933,0.8235,0.8568,0.8802,0.9031,0.9339,0.9567,0.9773
531B,Swahili,layer_28,mean,18.508,2.9269,0.77825,0.5791,0.7144,0.7573,0.8041,0.836,0.8672,0.9091,0.9399,0.9681
531B,Swahili,layer_29,mean,74.6014,12.6329,0.7841,0.2126,0.5216,0.6132,0.6984,0.7542,0.806,0.8699,0.9141,0.9541
531B,Spanish,layer_0,last,317.3542,37.6497,1.236907,0.1334,0.2725,0.3204,0.397,0.4732,0.5685,0.72,0.8419,0.9435
531B,Spanish,layer_1,last,408.6158,40.7339,0.880191,0.1133,0.2644,0.306,0.3721,0.4404,0.5265,0.666,0.7855,0.899
531B,Spanish,layer_2,last,14.6158,2.1954,0.798033,0.6732,0.7452,0.7601,0.7816,0.803,0.8302,0.8752,0.9154,0.9565
531B,Spanish,layer_3,last,9.7465,1.8431,0.754142,0.7358,0.7901,0.8019,0.8185,0.8349,0.8557,0.8907,0.9235,0.9589
531B,Spanish,layer_4,last,7.9907,1.7099,0.732238,0.7642,0.8111,0.8218,0.8365,0.8507,0.8687,0.8993,0.9285,0.9609
531B,Spanish,layer_5,last,8.4625,1.7311,0.714177,0.7595,0.8042,0.8149,0.8299,0.8444,0.8628,0.8942,0.9244,0.9581
531B,Spanish,layer_6,last,9.3642,1.7885,0.706137,0.7472,0.7933,0.8045,0.8202,0.8354,0.8545,0.8876,0.9194,0.9551
531B,Spanish,layer_7,last,10.8567,1.8859,0.689658,0.7274,0.7786,0.7902,0.8067,0.8228,0.8432,0.8782,0.9121,0.9505
531B,Spanish,layer_8,last,12.6508,2.014,0.68141,0.7034,0.7642,0.7769,0.7948,0.8116,0.8328,0.8698,0.9058,0.9466
531B,Spanish,layer_9,last,13.8787,2.0815,0.671025,0.6918,0.7544,0.7676,0.7861,0.8031,0.8247,0.8628,0.9002,0.943
531B,Spanish,layer_10,last,14.8333,2.1591,0.664054,0.6787,0.7491,0.7632,0.7819,0.7991,0.821,0.8598,0.8978,0.9412
531B,Spanish,layer_11,last,15.7204,2.2198,0.64713,0.6689,0.7449,0.7593,0.7781,0.7952,0.8167,0.8548,0.8931,0.9377
531B,Spanish,layer_12,last,16.8852,2.2991,0.637034,0.6567,0.7386,0.7533,0.7721,0.7893,0.8111,0.8501,0.8892,0.9349
531B,Spanish,layer_13,last,20.173,2.4855,0.628781,0.6308,0.7192,0.7349,0.7555,0.7743,0.7976,0.839,0.8805,0.9293
531B,Spanish,layer_14,last,20.8242,2.5544,0.624289,0.6214,0.7183,0.7342,0.755,0.7739,0.797,0.8382,0.8795,0.9284
531B,Spanish,layer_15,last,22.9308,2.684,0.621164,0.6055,0.7082,0.7249,0.7462,0.7662,0.7903,0.8329,0.8755,0.9258
531B,Spanish,layer_16,last,27.406,2.971,0.622729,0.5739,0.6895,0.7075,0.7316,0.7535,0.7799,0.8257,0.8705,0.9227
531B,Spanish,layer_17,last,26.1107,2.9384,0.624635,0.578,0.6964,0.718,0.7425,0.7641,0.7901,0.8345,0.8772,0.9266
531B,Spanish,layer_18,last,14.2061,2.2433,0.627036,0.6648,0.7639,0.7823,0.8033,0.8211,0.8418,0.8758,0.908,0.9448
531B,Spanish,layer_19,last,12.8083,2.1357,0.616997,0.682,0.7732,0.7923,0.8128,0.83,0.8497,0.8817,0.9119,0.9466
531B,Spanish,layer_20,last,13.2344,2.1443,0.605952,0.6808,0.7677,0.7874,0.8085,0.8262,0.8464,0.8787,0.909,0.9443
531B,Spanish,layer_21,last,15.5249,2.2691,0.597756,0.6617,0.7483,0.7699,0.7933,0.8127,0.8346,0.8692,0.9014,0.9391
531B,Spanish,layer_22,last,19.456,2.4724,0.591215,0.6338,0.7198,0.7446,0.7712,0.7932,0.8176,0.8552,0.8902,0.9317
531B,Spanish,layer_23,last,24.2054,2.7043,0.588394,0.6058,0.6917,0.7195,0.7493,0.774,0.8012,0.8424,0.8804,0.9252
531B,Spanish,layer_24,last,31.3208,3.0404,0.587625,0.571,0.6577,0.6891,0.7236,0.7518,0.7824,0.8279,0.8694,0.9181
531B,Spanish,layer_25,last,43.2253,3.5507,0.592697,0.5281,0.6125,0.6479,0.6888,0.7218,0.7573,0.8093,0.8558,0.9099
531B,Spanish,layer_26,last,64.2758,4.4702,0.5998,0.4699,0.5554,0.5962,0.6468,0.6862,0.7279,0.7879,0.8406,0.9008
531B,Spanish,layer_27,last,81.9319,5.3731,0.605554,0.4276,0.5195,0.5651,0.624,0.6682,0.7137,0.7781,0.8338,0.8968
531B,Spanish,layer_28,last,128.9729,8.7394,0.608851,0.3287,0.457,0.513,0.5878,0.6397,0.6894,0.7593,0.8197,0.8879
531B,Spanish,layer_29,last,244.5976,24.0383,0.605486,0.1701,0.3546,0.4331,0.5301,0.5904,0.6462,0.7248,0.7931,0.8707
531B,Spanish,layer_0,mean,207.6537,30.6638,1.060278,0.1445,0.3249,0.404,0.5084,0.5875,0.6733,0.7935,0.8812,0.9531
531B,Spanish,layer_1,mean,147.2552,22.2899,0.859159,0.1656,0.3945,0.4743,0.5804,0.6562,0.7334,0.83,0.8951,0.9495
531B,Spanish,layer_2,mean,3.4295,1.3884,0.783162,0.8482,0.8955,0.9111,0.9291,0.9415,0.9537,0.9689,0.9797,0.9893
531B,Spanish,layer_3,mean,2.9158,1.3167,0.757528,0.8712,0.9101,0.9242,0.9409,0.9515,0.9612,0.9735,0.9823,0.9904
531B,Spanish,layer_4,mean,2.8414,1.305,0.750194,0.8751,0.912,0.926,0.9425,0.9529,0.9622,0.9741,0.9826,0.9905
531B,Spanish,layer_5,mean,3.5331,1.4118,0.763875,0.8412,0.8869,0.9075,0.9315,0.9458,0.9578,0.9717,0.9812,0.9898
531B,Spanish,layer_6,mean,3.6155,1.4185,0.758803,0.8392,0.8856,0.9056,0.9288,0.943,0.955,0.9695,0.9797,0.989
531B,Spanish,layer_7,mean,4.8091,1.5758,0.782161,0.7959,0.8538,0.8788,0.9093,0.9286,0.9452,0.9643,0.9768,0.9876
531B,Spanish,layer_8,mean,6.0244,1.72,0.790546,0.7614,0.8283,0.8569,0.8928,0.9162,0.936,0.9586,0.9734,0.986
531B,Spanish,layer_9,mean,5.8742,1.6906,0.780018,0.7681,0.8329,0.8597,0.8929,0.9148,0.9339,0.9567,0.9719,0.9851
531B,Spanish,layer_10,mean,6.5643,1.7744,0.786527,0.7496,0.8192,0.8485,0.8853,0.9097,0.9311,0.9554,0.9713,0.9848
531B,Spanish,layer_11,mean,6.8469,1.8013,0.776599,0.7438,0.816,0.8457,0.8822,0.9063,0.9276,0.9524,0.9691,0.9835
531B,Spanish,layer_12,mean,8.2485,1.9721,0.786908,0.7103,0.7941,0.8286,0.8707,0.8982,0.9222,0.9494,0.9674,0.9828
531B,Spanish,layer_13,mean,13.291,2.5171,0.801938,0.627,0.7345,0.7784,0.8347,0.872,0.9041,0.9393,0.9615,0.9799
531B,Spanish,layer_14,mean,12.208,2.3662,0.782333,0.6474,0.7462,0.788,0.8398,0.8737,0.9034,0.937,0.9593,0.9783
531B,Spanish,layer_15,mean,13.3028,2.4838,0.787734,0.6314,0.7357,0.7791,0.8336,0.8693,0.9003,0.9352,0.9582,0.9779
531B,Spanish,layer_16,mean,16.3961,2.7864,0.793321,0.5951,0.709,0.7565,0.8162,0.8557,0.8899,0.9288,0.9544,0.9761
531B,Spanish,layer_17,mean,22.2774,3.3964,0.803277,0.5367,0.6688,0.7219,0.7911,0.8369,0.8768,0.9212,0.9502,0.9742
531B,Spanish,layer_18,mean,28.4386,4.0553,0.805673,0.4883,0.6362,0.6934,0.7695,0.8204,0.8648,0.9139,0.9458,0.972
531B,Spanish,layer_19,mean,39.3287,4.9372,0.769747,0.4391,0.5986,0.6586,0.7376,0.7906,0.8369,0.8904,0.9272,0.9608
531B,Spanish,layer_20,mean,61.0471,6.7015,0.738152,0.3715,0.543,0.6059,0.6901,0.7472,0.7985,0.8594,0.9037,0.9466
531B,Spanish,layer_21,mean,78.1642,8.7146,0.720222,0.318,0.5077,0.5749,0.6675,0.7293,0.7838,0.848,0.8945,0.9401
531B,Spanish,layer_22,mean,90.9033,10.1358,0.728111,0.2922,0.4811,0.5517,0.6482,0.7132,0.7724,0.8419,0.8916,0.9392
531B,Spanish,layer_23,mean,94.5112,10.2679,0.721901,0.2927,0.4729,0.5442,0.6421,0.7084,0.7692,0.8397,0.8896,0.9376
531B,Spanish,layer_24,mean,92.8923,9.8043,0.728289,0.3033,0.4687,0.542,0.6401,0.7076,0.7701,0.8433,0.8933,0.9399
531B,Spanish,layer_25,mean,99.2234,11.0326,0.746046,0.2837,0.4477,0.5265,0.6313,0.7046,0.7718,0.8484,0.8985,0.9438
531B,Spanish,layer_26,mean,119.2081,14.2748,0.762288,0.2438,0.4098,0.4928,0.6064,0.6873,0.7609,0.845,0.8983,0.9446
531B,Spanish,layer_27,mean,125.1555,15.9648,0.763499,0.2258,0.3993,0.4852,0.6035,0.6865,0.7608,0.8447,0.8979,0.9443
531B,Spanish,layer_28,mean,136.5688,20.0025,0.757936,0.1895,0.3803,0.4777,0.6023,0.6867,0.7597,0.8414,0.8945,0.942
531B,Spanish,layer_29,mean,111.2164,17.5771,0.75481,0.2018,0.4077,0.5173,0.6422,0.7215,0.7871,0.8593,0.9063,0.948
531B,German,layer_0,last,485.1728,95.6982,1.238595,0.076,0.1729,0.2277,0.3149,0.4025,0.5122,0.6835,0.8207,0.9365
531B,German,layer_1,last,576.7016,77.316,0.876588,0.0947,0.1859,0.2359,0.3138,0.3873,0.4807,0.6326,0.7633,0.8883
531B,German,layer_2,last,522.7264,42.8283,0.792776,0.1418,0.2249,0.2716,0.3409,0.4041,0.4853,0.6212,0.7428,0.8672
531B,German,layer_3,last,513.9433,34.6596,0.749276,0.1611,0.2391,0.2831,0.349,0.4074,0.4812,0.6072,0.7246,0.8515
531B,German,layer_4,last,469.796,28.5836,0.728196,0.1791,0.2581,0.3027,0.3682,0.4234,0.4933,0.6119,0.7238,0.848
531B,German,layer_5,last,523.0874,33.9371,0.709647,0.1631,0.2411,0.287,0.3542,0.411,0.4812,0.6005,0.7134,0.84
531B,German,layer_6,last,523.4472,34.4407,0.703923,0.1612,0.2413,0.2873,0.3538,0.412,0.4827,0.602,0.7142,0.8398
531B,German,layer_7,last,595.156,44.4099,0.689189,0.1389,0.2209,0.268,0.3361,0.3947,0.4668,0.5888,0.7032,0.832
531B,German,layer_8,last,582.7852,45.53,0.683033,0.1354,0.2251,0.2751,0.3448,0.4028,0.4738,0.5942,0.7068,0.8332
531B,German,layer_9,last,604.1529,48.6881,0.675616,0.1298,0.2204,0.2707,0.3411,0.3985,0.4683,0.5886,0.7021,0.8298
531B,German,layer_10,last,611.3726,49.9864,0.670968,0.1278,0.2184,0.2696,0.3407,0.398,0.4672,0.5874,0.7008,0.8285
531B,German,layer_11,last,636.9361,53.051,0.65786,0.1233,0.2136,0.2666,0.3376,0.3939,0.4617,0.5792,0.6923,0.8219
531B,German,layer_12,last,660.2364,58.3253,0.651137,0.1158,0.2083,0.2627,0.3336,0.3896,0.4578,0.576,0.6893,0.8192
531B,German,layer_13,last,710.0499,73.2411,0.644867,0.0983,0.1948,0.2506,0.324,0.3824,0.4517,0.5705,0.6846,0.8153
531B,German,layer_14,last,655.6791,62.2307,0.642222,0.1089,0.2091,0.267,0.3402,0.3973,0.4649,0.5799,0.691,0.8187
531B,German,layer_15,last,638.5013,59.8211,0.639792,0.1108,0.2151,0.2726,0.3448,0.4019,0.4695,0.5842,0.6943,0.8201
531B,German,layer_16,last,566.0343,49.4543,0.641927,0.1241,0.2338,0.2927,0.3655,0.4234,0.4901,0.6024,0.7087,0.8286
531B,German,layer_17,last,279.3132,16.0045,0.644551,0.2413,0.347,0.4042,0.4707,0.5205,0.5772,0.6719,0.76,0.8586
531B,German,layer_18,last,51.8593,3.8325,0.646405,0.5089,0.5811,0.6181,0.6638,0.6976,0.7347,0.7949,0.8501,0.9115
531B,German,layer_19,last,36.0487,3.1718,0.634563,0.5599,0.6293,0.6623,0.7029,0.7334,0.7661,0.8185,0.8664,0.9202
531B,German,layer_20,last,34.0694,3.0624,0.62097,0.57,0.6375,0.6691,0.7079,0.7374,0.7692,0.82,0.8666,0.9193
531B,German,layer_21,last,39.1809,3.2862,0.608508,0.5498,0.6215,0.6539,0.6944,0.7253,0.7584,0.8106,0.8585,0.9133
531B,German,layer_22,last,49.5024,3.6883,0.599692,0.5187,0.5915,0.6258,0.6691,0.7027,0.7383,0.7936,0.8448,0.9041
531B,German,layer_23,last,60.1641,4.1076,0.594701,0.4911,0.5666,0.6024,0.6477,0.6839,0.7218,0.7805,0.8344,0.8972
531B,German,layer_24,last,75.1557,4.7402,0.592235,0.4563,0.5378,0.5753,0.624,0.6638,0.7047,0.7674,0.8243,0.8906
531B,German,layer_25,last,99.9062,5.7677,0.595481,0.4127,0.4984,0.5376,0.5912,0.6354,0.681,0.7499,0.8118,0.883
531B,German,layer_26,last,140.6974,7.6578,0.598876,0.3562,0.4491,0.4919,0.5515,0.6018,0.6535,0.7298,0.7973,0.8742
531B,German,layer_27,last,164.5359,9.0952,0.600471,0.3249,0.4258,0.4715,0.5357,0.5887,0.6432,0.7227,0.7922,0.8709
531B,German,layer_28,last,225.9668,14.5887,0.597693,0.2467,0.3835,0.4377,0.5101,0.566,0.6228,0.7056,0.7787,0.8619
531B,German,layer_29,last,263.848,21.9809,0.595163,0.1867,0.3578,0.4247,0.5079,0.5654,0.6222,0.7043,0.7767,0.8598
531B,German,layer_0,mean,247.7243,38.776,1.104267,0.124,0.2902,0.3698,0.4706,0.5525,0.6454,0.777,0.8738,0.9521
531B,German,layer_1,mean,178.6875,24.1561,0.871214,0.1667,0.3603,0.4427,0.539,0.6157,0.6985,0.8065,0.8817,0.9445
531B,German,layer_2,mean,1.6252,1.1087,0.795321,0.9497,0.9619,0.9671,0.973,0.9774,0.982,0.9879,0.9922,0.996
531B,German,layer_3,mean,1.497,1.0871,0.766598,0.9591,0.9689,0.9734,0.9784,0.9819,0.9854,0.99,0.9934,0.9965
531B,German,layer_4,mean,1.4699,1.0835,0.758693,0.9607,0.9707,0.9754,0.9803,0.9835,0.9867,0.9909,0.9939,0.9967
531B,German,layer_5,mean,1.5841,1.1054,0.768817,0.9511,0.9636,0.9699,0.9769,0.9813,0.9853,0.9901,0.9935,0.9965
531B,German,layer_6,mean,1.5923,1.1062,0.763812,0.9507,0.9635,0.9696,0.9764,0.9807,0.9847,0.9896,0.9931,0.9963
531B,German,layer_7,mean,1.7726,1.1388,0.782921,0.937,0.9532,0.9611,0.9707,0.9767,0.982,0.9882,0.9923,0.9959
531B,German,layer_8,mean,1.8976,1.1602,0.787412,0.9283,0.9468,0.9558,0.9668,0.9737,0.9798,0.9868,0.9914,0.9955
531B,German,layer_9,mean,1.8532,1.1508,0.780218,0.9321,0.9491,0.9574,0.9672,0.9737,0.9796,0.9866,0.9913,0.9953
531B,German,layer_10,mean,1.9511,1.1682,0.784511,0.9251,0.9443,0.9535,0.9645,0.9719,0.9784,0.986,0.9909,0.9951
531B,German,layer_11,mean,1.9624,1.1696,0.776329,0.9246,0.944,0.9532,0.9643,0.9714,0.9778,0.9853,0.9904,0.9949
531B,German,layer_12,mean,2.1305,1.1989,0.786227,0.9132,0.9362,0.9471,0.96,0.9682,0.9757,0.9842,0.9897,0.9945
531B,German,layer_13,mean,2.6785,1.2868,0.799021,0.8813,0.9126,0.9281,0.9468,0.9585,0.9689,0.9801,0.9873,0.9933
531B,German,layer_14,mean,2.5288,1.2613,0.785936,0.8902,0.9188,0.9333,0.9497,0.9603,0.9698,0.9804,0.9873,0.9932
531B,German,layer_15,mean,2.6796,1.2857,0.791352,0.8817,0.9132,0.9289,0.9467,0.958,0.9682,0.9794,0.9867,0.9929
531B,German,layer_16,mean,2.9855,1.3315,0.797374,0.8664,0.9021,0.9203,0.94,0.9527,0.9643,0.977,0.9853,0.9923
531B,German,layer_17,mean,3.3802,1.3876,0.807206,0.8486,0.8888,0.9092,0.9317,0.9466,0.9598,0.9745,0.9839,0.9916
531B,German,layer_18,mean,3.8866,1.4562,0.809898,0.8283,0.8726,0.8962,0.9225,0.9399,0.9551,0.9718,0.9822,0.9907
531B,German,layer_19,mean,5.0042,1.5746,0.774863,0.7963,0.8478,0.8738,0.9028,0.9219,0.9393,0.9593,0.973,0.9855
531B,German,layer_20,mean,7.4617,1.8048,0.742633,0.7435,0.8027,0.8331,0.8696,0.8942,0.9162,0.9418,0.9601,0.9779
531B,German,layer_21,mean,10.6107,2.0735,0.714843,0.6931,0.7639,0.7985,0.8409,0.8701,0.8959,0.9261,0.948,0.9703
531B,German,layer_22,mean,17.8585,2.648,0.724362,0.6122,0.7004,0.7421,0.7961,0.8335,0.8667,0.9058,0.9349,0.9635
531B,German,layer_23,mean,23.0588,3.0356,0.715692,0.571,0.6682,0.7141,0.7734,0.8153,0.8524,0.8952,0.9273,0.9588
531B,German,layer_24,mean,32.0418,3.7584,0.718518,0.5115,0.6221,0.674,0.7447,0.7939,0.8377,0.8864,0.9214,0.9554
531B,German,layer_25,mean,47.1606,5.1683,0.733993,0.4328,0.5642,0.6254,0.7101,0.7699,0.8223,0.8781,0.9169,0.9535
531B,German,layer_26,mean,76.8082,8.4654,0.743318,0.3306,0.4867,0.5601,0.6617,0.7337,0.7971,0.8634,0.9078,0.9488
531B,German,layer_27,mean,93.4657,11.229,0.74233,0.2794,0.4555,0.5348,0.6443,0.7215,0.7886,0.858,0.9038,0.9463
531B,German,layer_28,mean,125.4056,17.7428,0.732307,0.2049,0.41,0.4989,0.6173,0.6985,0.7683,0.8414,0.8915,0.9388
531B,German,layer_29,mean,153.5591,31.5491,0.729096,0.1019,0.3542,0.4709,0.6071,0.6929,0.7644,0.8394,0.8903,0.9374
531B,Hindi,layer_0,last,126.4,45.2694,1.7775,0.0949,0.2503,0.3672,0.564,0.6963,0.8141,0.9334,0.9852,0.999
531B,Hindi,layer_1,last,227.0922,56.0996,1.167618,0.0957,0.2195,0.3172,0.4676,0.591,0.7106,0.8421,0.9176,0.9693
531B,Hindi,layer_2,last,4.7912,1.5162,1.070648,0.8119,0.8406,0.8601,0.888,0.9119,0.9351,0.9614,0.9779,0.9907
531B,Hindi,layer_3,last,3.4513,1.3543,1.015743,0.8592,0.8799,0.8936,0.9129,0.9298,0.9467,0.9668,0.9803,0.9913
531B,Hindi,layer_4,last,2.8742,1.2802,0.982515,0.8837,0.901,0.9118,0.9265,0.94,0.9538,0.9707,0.9822,0.9919
531B,Hindi,layer_5,last,2.83,1.2715,0.945708,0.8868,0.9033,0.9132,0.9269,0.9397,0.953,0.9697,0.9813,0.9912
531B,Hindi,layer_6,last,2.8812,1.276,0.920284,0.8852,0.9018,0.9115,0.9251,0.9378,0.9511,0.9682,0.9802,0.9905
531B,Hindi,layer_7,last,3.0176,1.2875,0.881561,0.8812,0.8973,0.9066,0.9201,0.9328,0.9465,0.9646,0.9775,0.989
531B,Hindi,layer_8,last,3.1654,1.3021,0.849859,0.8763,0.8929,0.9022,0.916,0.9289,0.9429,0.9616,0.9752,0.9875
531B,Hindi,layer_9,last,3.3001,1.315,0.822367,0.872,0.8892,0.8984,0.9123,0.9253,0.9395,0.9587,0.9729,0.9861
531B,Hindi,layer_10,last,3.4298,1.3269,0.800395,0.8681,0.886,0.8952,0.909,0.9218,0.9363,0.9559,0.9707,0.9847
531B,Hindi,layer_11,last,3.5455,1.3372,0.775515,0.8647,0.8834,0.8928,0.9064,0.9191,0.9334,0.9531,0.9683,0.9831
531B,Hindi,layer_12,last,3.655,1.3464,0.757499,0.8617,0.8807,0.8902,0.9036,0.9162,0.9306,0.9506,0.9663,0.9818
531B,Hindi,layer_13,last,3.945,1.3734,0.740078,0.8532,0.8731,0.8832,0.897,0.9101,0.925,0.946,0.9629,0.9796
531B,Hindi,layer_14,last,4.0201,1.3823,0.729339,0.8504,0.8719,0.8824,0.8964,0.9096,0.9244,0.9453,0.9621,0.979
531B,Hindi,layer_15,last,4.2214,1.4026,0.720054,0.8442,0.8673,0.8783,0.8928,0.9064,0.9216,0.9431,0.9604,0.9778
531B,Hindi,layer_16,last,4.7475,1.4571,0.715926,0.8282,0.8558,0.868,0.8844,0.8994,0.9159,0.939,0.9574,0.9761
531B,Hindi,layer_17,last,5.2569,1.5143,0.712494,0.8124,0.8463,0.8613,0.8797,0.8956,0.9129,0.937,0.956,0.9751
531B,Hindi,layer_18,last,5.1986,1.5385,0.709256,0.8056,0.8533,0.8682,0.8863,0.9016,0.9181,0.9409,0.9586,0.9764
531B,Hindi,layer_19,last,5.5371,1.5789,0.693294,0.7951,0.8479,0.8638,0.8833,0.8992,0.9161,0.939,0.9568,0.975
531B,Hindi,layer_20,last,5.9365,1.6136,0.677606,0.7865,0.8406,0.8574,0.8778,0.8943,0.9116,0.9352,0.9537,0.9728
531B,Hindi,layer_21,last,6.7479,1.6815,0.662076,0.7704,0.8267,0.8457,0.8675,0.8851,0.9035,0.9285,0.9484,0.9692
531B,Hindi,layer_22,last,7.7785,1.7599,0.650463,0.7529,0.8116,0.8316,0.855,0.8739,0.8935,0.9203,0.9419,0.9651
531B,Hindi,layer_23,last,8.881,1.8423,0.6422,0.7358,0.7975,0.8185,0.8435,0.8638,0.8848,0.9134,0.9366,0.9616
531B,Hindi,layer_24,last,10.7236,1.9727,0.630028,0.7108,0.778,0.8001,0.8274,0.8492,0.8718,0.9027,0.9282,0.956
531B,Hindi,layer_25,last,13.216,2.1358,0.625833,0.6829,0.7548,0.7784,0.8085,0.8322,0.8567,0.8908,0.9193,0.9505
531B,Hindi,layer_26,last,17.7376,2.4035,0.618853,0.6433,0.7214,0.7472,0.7808,0.8072,0.8348,0.8734,0.9061,0.9421
531B,Hindi,layer_27,last,22.6217,2.6837,0.614389,0.6083,0.694,0.7213,0.7586,0.7872,0.817,0.8593,0.8953,0.9353
531B,Hindi,layer_28,last,43.8859,3.9044,0.606363,0.501,0.6177,0.653,0.6991,0.7335,0.7694,0.8218,0.8667,0.917
531B,Hindi,layer_29,last,183.2911,15.4481,0.600695,0.2196,0.4378,0.4863,0.5539,0.6042,0.6578,0.7352,0.8011,0.8754
531B,Hindi,layer_0,mean,107.083,33.9035,1.428765,0.1018,0.3197,0.4371,0.615,0.7371,0.8361,0.9304,0.9734,0.9937
531B,Hindi,layer_1,mean,105.4635,25.0821,1.024678,0.1532,0.3557,0.4647,0.626,0.7407,0.8269,0.9103,0.9536,0.9813
531B,Hindi,layer_2,mean,2.8056,1.3156,0.941812,0.8716,0.905,0.9208,0.943,0.9591,0.9714,0.984,0.9911,0.996
531B,Hindi,layer_3,mean,2.2561,1.2254,0.908122,0.9032,0.9279,0.9398,0.9561,0.968,0.9773,0.9869,0.9925,0.9965
531B,Hindi,layer_4,mean,2.0673,1.1938,0.891968,0.9151,0.9371,0.9476,0.9615,0.9716,0.9796,0.9881,0.9931,0.9967
531B,Hindi,layer_5,mean,2.112,1.2012,0.884049,0.9123,0.9353,0.9463,0.9603,0.9705,0.9788,0.9876,0.9928,0.9966
531B,Hindi,layer_6,mean,2.1593,1.2097,0.877768,0.9091,0.9335,0.945,0.9594,0.9697,0.9782,0.9872,0.9925,0.9964
531B,Hindi,layer_7,mean,2.4304,1.2538,0.882913,0.8929,0.9211,0.935,0.9519,0.9643,0.9746,0.9853,0.9914,0.9959
531B,Hindi,layer_8,mean,2.6496,1.2858,0.872389,0.8817,0.9121,0.9276,0.9459,0.9594,0.971,0.9831,0.9901,0.9952
531B,Hindi,layer_9,mean,2.7101,1.2936,0.858662,0.879,0.9101,0.9261,0.9443,0.9579,0.9695,0.9819,0.9892,0.9947
531B,Hindi,layer_10,mean,2.9735,1.3327,0.855084,0.866,0.9003,0.9184,0.9382,0.9532,0.9663,0.9801,0.9881,0.9941
531B,Hindi,layer_11,mean,3.1696,1.3576,0.841668,0.858,0.8943,0.9132,0.9335,0.949,0.9627,0.9774,0.9863,0.9932
531B,Hindi,layer_12,mean,3.5179,1.4064,0.842948,0.8429,0.8829,0.9042,0.9268,0.9438,0.959,0.9753,0.985,0.9925
531B,Hindi,layer_13,mean,4.6202,1.552,0.843107,0.8021,0.8532,0.8804,0.9089,0.9296,0.9486,0.969,0.9812,0.9906
531B,Hindi,layer_14,mean,4.3739,1.5133,0.820746,0.8124,0.8604,0.8857,0.9118,0.931,0.9486,0.9682,0.9802,0.9899
531B,Hindi,layer_15,mean,4.7092,1.5601,0.823035,0.8,0.8516,0.8796,0.9079,0.9283,0.9468,0.9672,0.9797,0.9896
531B,Hindi,layer_16,mean,5.5943,1.6734,0.825,0.7722,0.8324,0.8647,0.8973,0.9201,0.9408,0.9635,0.9774,0.9885
531B,Hindi,layer_17,mean,6.3815,1.7639,0.82996,0.7519,0.8165,0.8507,0.8872,0.9126,0.9357,0.9608,0.9758,0.9877
531B,Hindi,layer_18,mean,7.1671,1.8541,0.829003,0.7332,0.8041,0.8404,0.8801,0.9066,0.9304,0.9571,0.9733,0.9865
531B,Hindi,layer_19,mean,10.3191,2.1174,0.79236,0.6855,0.7658,0.805,0.8483,0.8769,0.9034,0.9355,0.9577,0.9778
531B,Hindi,layer_20,mean,13.9977,2.3534,0.752042,0.6499,0.7327,0.7723,0.8174,0.8475,0.8762,0.9136,0.9416,0.9683
531B,Hindi,layer_21,mean,19.7892,2.7635,0.719804,0.5988,0.6937,0.7374,0.7876,0.821,0.8524,0.8938,0.926,0.9585
531B,Hindi,layer_22,mean,28.97,3.3405,0.726856,0.5434,0.6479,0.6945,0.7485,0.7849,0.82,0.8708,0.9118,0.9516
531B,Hindi,layer_23,mean,32.312,3.5516,0.712133,0.5265,0.6347,0.6824,0.7385,0.7764,0.8126,0.8643,0.9064,0.9478
531B,Hindi,layer_24,mean,37.7835,3.8771,0.702555,0.5031,0.6157,0.6648,0.7229,0.7625,0.8003,0.8541,0.8985,0.9429
531B,Hindi,layer_25,mean,49.782,4.7234,0.713335,0.4539,0.5771,0.6319,0.6962,0.7399,0.782,0.8431,0.8925,0.9403
531B,Hindi,layer_26,mean,69.8864,6.1756,0.713417,0.3938,0.5289,0.5904,0.6621,0.7115,0.7587,0.8261,0.8807,0.9339
531B,Hindi,layer_27,mean,86.0152,7.6463,0.710155,0.3503,0.4973,0.5645,0.6438,0.6969,0.7475,0.8179,0.8746,0.93
531B,Hindi,layer_28,mean,135.5319,12.3303,0.693842,0.2649,0.4331,0.5081,0.5951,0.6524,0.7074,0.7859,0.8497,0.9144
531B,Hindi,layer_29,mean,110.8032,10.8587,0.690336,0.2826,0.4622,0.5432,0.6266,0.6809,0.7334,0.8063,0.8635,0.9213
531B,Arabic,layer_0,last,352.9427,70.4224,1.46227,0.0832,0.2093,0.2637,0.3634,0.4629,0.5791,0.746,0.8689,0.9621
531B,Arabic,layer_1,last,413.8995,66.1579,1.029801,0.0933,0.2135,0.2653,0.3548,0.4455,0.5533,0.711,0.8296,0.9297
531B,Arabic,layer_2,last,39.1244,3.5997,0.938567,0.525,0.6012,0.6315,0.6748,0.7194,0.7714,0.8472,0.9049,0.9563
531B,Arabic,layer_3,last,23.4995,2.7103,0.888087,0.6062,0.6699,0.6957,0.7313,0.7663,0.8071,0.8674,0.9146,0.9586
531B,Arabic,layer_4,last,17.0006,2.3317,0.860849,0.6539,0.71,0.7331,0.7651,0.7953,0.8306,0.8822,0.9229,0.9615
531B,Arabic,layer_5,last,16.9635,2.3204,0.838649,0.6556,0.7089,0.7327,0.7656,0.7958,0.8311,0.882,0.9219,0.9602
531B,Arabic,layer_6,last,17.92,2.384,0.827221,0.6467,0.7013,0.7274,0.7624,0.7934,0.8294,0.8805,0.9206,0.9591
531B,Arabic,layer_7,last,19.4803,2.4586,0.809495,0.6368,0.6907,0.7174,0.7536,0.7856,0.8225,0.8749,0.9162,0.9563
531B,Arabic,layer_8,last,22.2315,2.6266,0.795654,0.6158,0.6754,0.704,0.743,0.7763,0.8144,0.8686,0.9115,0.9533
531B,Arabic,layer_9,last,23.9538,2.715,0.783256,0.6056,0.6668,0.6958,0.736,0.7699,0.8086,0.8639,0.9077,0.9509
531B,Arabic,layer_10,last,24.7859,2.7669,0.774645,0.5997,0.6631,0.693,0.7343,0.7681,0.8064,0.8619,0.9061,0.9497
531B,Arabic,layer_11,last,25.5275,2.786,0.756964,0.5977,0.6598,0.6907,0.7319,0.7654,0.8028,0.8575,0.902,0.9468
531B,Arabic,layer_12,last,27.0727,2.8795,0.74691,0.5877,0.654,0.6862,0.7281,0.7615,0.799,0.8546,0.8996,0.945
531B,Arabic,layer_13,last,31.5954,3.1187,0.738468,0.5644,0.6339,0.6696,0.7144,0.7493,0.7883,0.8461,0.8932,0.9411
531B,Arabic,layer_14,last,32.9457,3.2193,0.73369,0.5553,0.6281,0.6667,0.7132,0.7486,0.7881,0.8458,0.8926,0.9405
531B,Arabic,layer_15,last,35.6437,3.3608,0.728359,0.5433,0.6188,0.6584,0.7061,0.7424,0.7826,0.8414,0.8894,0.9384
531B,Arabic,layer_16,last,43.1098,3.8299,0.72849,0.5079,0.5942,0.6386,0.6906,0.7297,0.7727,0.835,0.8853,0.9361
531B,Arabic,layer_17,last,40.1331,3.8087,0.727285,0.509,0.6039,0.6525,0.7067,0.7449,0.7857,0.8451,0.8923,0.9398
531B,Arabic,layer_18,last,19.7817,2.6516,0.726334,0.612,0.6971,0.7355,0.7787,0.8085,0.8396,0.8843,0.9195,0.9549
531B,Arabic,layer_19,last,16.8678,2.4535,0.710641,0.6366,0.7178,0.7532,0.794,0.8215,0.8502,0.8913,0.9238,0.9566
531B,Arabic,layer_20,last,17.116,2.4552,0.690186,0.6364,0.7166,0.7517,0.7927,0.8198,0.8481,0.8886,0.9208,0.9541
531B,Arabic,layer_21,last,19.5617,2.6021,0.672644,0.618,0.701,0.7376,0.781,0.8093,0.8386,0.8805,0.9141,0.9494
531B,Arabic,layer_22,last,23.1367,2.7951,0.66045,0.596,0.6808,0.7192,0.7644,0.7945,0.8251,0.8689,0.9049,0.9435
531B,Arabic,layer_23,last,27.0954,3.0095,0.651106,0.5741,0.6617,0.7016,0.7487,0.7805,0.813,0.8594,0.8975,0.9386
531B,Arabic,layer_24,last,31.9558,3.2825,0.644748,0.5492,0.6418,0.6831,0.733,0.7669,0.8014,0.8504,0.8906,0.934
531B,Arabic,layer_25,last,39.0031,3.651,0.64577,0.5202,0.6149,0.6582,0.7124,0.7492,0.7863,0.8394,0.8828,0.9294
531B,Arabic,layer_26,last,52.9116,4.3725,0.644348,0.4744,0.5726,0.6198,0.6805,0.7218,0.7633,0.8221,0.8703,0.9218
531B,Arabic,layer_27,last,61.9538,4.9244,0.643401,0.446,0.5498,0.5997,0.6668,0.7107,0.7543,0.8153,0.8651,0.9184
531B,Arabic,layer_28,last,101.6134,7.9035,0.637692,0.3451,0.4834,0.5447,0.6243,0.6745,0.7231,0.7905,0.8463,0.9064
531B,Arabic,layer_29,last,193.7027,20.1006,0.633554,0.1905,0.3815,0.4681,0.5637,0.6227,0.6799,0.7576,0.8211,0.8904
531B,Arabic,layer_0,mean,136.42,27.5212,1.231565,0.1242,0.3737,0.4679,0.5842,0.67,0.7544,0.8582,0.9259,0.9749
531B,Arabic,layer_1,mean,105.089,19.5826,0.966569,0.1696,0.4295,0.526,0.6348,0.7131,0.7882,0.8734,0.9276,0.969
531B,Arabic,layer_2,mean,2.1642,1.2174,0.884724,0.9061,0.9391,0.9505,0.9618,0.9699,0.9775,0.9861,0.9916,0.996
531B,Arabic,layer_3,mean,1.8551,1.1639,0.85344,0.9268,0.9527,0.9622,0.9713,0.9774,0.9831,0.9893,0.9934,0.9967
531B,Arabic,layer_4,mean,1.7712,1.1496,0.840948,0.9326,0.9571,0.9659,0.9743,0.9798,0.9848,0.9905,0.9941,0.997
531B,Arabic,layer_5,mean,1.8869,1.172,0.845021,0.9236,0.9503,0.9614,0.9716,0.978,0.9839,0.99,0.9938,0.9969
531B,Arabic,layer_6,mean,1.9062,1.1757,0.840636,0.9221,0.9493,0.9606,0.9713,0.9777,0.9836,0.9898,0.9937,0.9968
531B,Arabic,layer_7,mean,2.0533,1.2039,0.849657,0.9112,0.9422,0.9555,0.9677,0.9753,0.982,0.989,0.9932,0.9966
531B,Arabic,layer_8,mean,2.2506,1.2401,0.84994,0.8977,0.9339,0.9491,0.9631,0.9717,0.9793,0.9874,0.9923,0.9961
531B,Arabic,layer_9,mean,2.2199,1.2339,0.839301,0.9,0.9357,0.9502,0.9635,0.9718,0.9791,0.9871,0.992,0.996
531B,Arabic,layer_10,mean,2.3243,1.2527,0.842308,0.8932,0.9311,0.9466,0.961,0.9701,0.978,0.9866,0.9917,0.9958
531B,Arabic,layer_11,mean,2.3586,1.2577,0.831495,0.8914,0.9302,0.9455,0.9601,0.9692,0.9771,0.9858,0.9911,0.9955
531B,Arabic,layer_12,mean,2.5052,1.2827,0.838187,0.8826,0.9236,0.9403,0.9569,0.9668,0.9755,0.9849,0.9906,0.9952
531B,Arabic,layer_13,mean,3.0948,1.3785,0.845426,0.8512,0.902,0.9229,0.9447,0.9578,0.969,0.9811,0.9884,0.9941
531B,Arabic,layer_14,mean,3.0048,1.3644,0.829114,0.8556,0.9063,0.9263,0.9466,0.9588,0.9694,0.9808,0.988,0.9938
531B,Arabic,layer_15,mean,3.1272,1.3865,0.832805,0.8486,0.9028,0.9234,0.9449,0.9577,0.9686,0.9804,0.9878,0.9937
531B,Arabic,layer_16,mean,3.6824,1.4799,0.838982,0.821,0.8873,0.9109,0.9362,0.9512,0.9639,0.9776,0.9861,0.9929
531B,Arabic,layer_17,mean,4.7107,1.6469,0.846303,0.7774,0.8634,0.8919,0.9227,0.9412,0.9567,0.9734,0.9837,0.9918
531B,Arabic,layer_18,mean,5.8368,1.8202,0.846801,0.7385,0.8417,0.8742,0.9104,0.9318,0.9499,0.9693,0.9811,0.9905
531B,Arabic,layer_19,mean,8.6544,2.1928,0.808191,0.6703,0.802,0.8405,0.8837,0.9093,0.931,0.9551,0.9709,0.9847
531B,Arabic,layer_20,mean,13.0427,2.6943,0.773359,0.6014,0.7557,0.8015,0.8518,0.8819,0.9079,0.9375,0.9582,0.9773
531B,Arabic,layer_21,mean,19.1364,3.4493,0.746288,0.5251,0.7134,0.7662,0.8239,0.8586,0.8882,0.9221,0.9464,0.9702
531B,Arabic,layer_22,mean,25.7065,4.2494,0.751955,0.4648,0.6771,0.7347,0.7974,0.8358,0.8688,0.9081,0.9378,0.966
531B,Arabic,layer_23,mean,27.836,4.3639,0.739885,0.4602,0.6632,0.723,0.7878,0.8282,0.8629,0.9034,0.9341,0.9635
531B,Arabic,layer_24,mean,26.4692,4.0128,0.740597,0.4864,0.6634,0.7227,0.7873,0.8286,0.8644,0.9054,0.9355,0.9643
531B,Arabic,layer_25,mean,26.654,3.9232,0.755647,0.4956,0.6541,0.7149,0.7833,0.828,0.8665,0.909,0.9389,0.9665
531B,Arabic,layer_26,mean,31.6733,4.3265,0.763334,0.4723,0.6238,0.6882,0.7643,0.8145,0.8576,0.9046,0.9365,0.9654
531B,Arabic,layer_27,mean,29.5409,4.0732,0.763974,0.4884,0.629,0.6936,0.7695,0.8198,0.8627,0.9085,0.939,0.9667
531B,Arabic,layer_28,mean,38.7672,5.0782,0.75212,0.4338,0.591,0.6647,0.7488,0.8029,0.8484,0.8974,0.9308,0.9617
531B,Arabic,layer_29,mean,55.6036,8.0652,0.751253,0.3314,0.5295,0.6259,0.7294,0.79,0.8391,0.892,0.9273,0.9594
531B,Turkish,layer_0,last,365.7181,77.2307,1.458462,0.0793,0.204,0.2695,0.3742,0.4686,0.5756,0.7359,0.8611,0.9578
531B,Turkish,layer_1,last,431.5896,75.715,1.041078,0.082,0.2057,0.2673,0.3676,0.4535,0.5517,0.6983,0.8179,0.9235
531B,Turkish,layer_2,last,123.5188,8.6063,0.950057,0.3347,0.438,0.4862,0.5561,0.6136,0.6789,0.7764,0.8576,0.9343
531B,Turkish,layer_3,last,82.913,5.7038,0.902118,0.4153,0.5001,0.5402,0.601,0.65,0.7061,0.7903,0.862,0.9331
531B,Turkish,layer_4,last,58.7935,4.4525,0.877729,0.4713,0.551,0.5865,0.6415,0.6846,0.7341,0.8084,0.8717,0.9364
531B,Turkish,layer_5,last,55.4278,4.2465,0.854575,0.4828,0.5606,0.5941,0.6468,0.689,0.7372,0.8096,0.8713,0.9351
531B,Turkish,layer_6,last,60.7155,4.5563,0.846342,0.4656,0.5485,0.5848,0.6391,0.6828,0.7324,0.8064,0.869,0.9337
531B,Turkish,layer_7,last,68.3678,4.8529,0.823499,0.451,0.5313,0.5701,0.6251,0.6697,0.7203,0.7966,0.8616,0.9288
531B,Turkish,layer_8,last,79.298,5.396,0.808884,0.427,0.5109,0.5518,0.6095,0.6561,0.7086,0.7877,0.8549,0.9247
531B,Turkish,layer_9,last,85.1212,5.6348,0.795081,0.4177,0.5016,0.5435,0.602,0.6485,0.7013,0.781,0.8496,0.9212
531B,Turkish,layer_10,last,85.9988,5.651,0.787617,0.4171,0.5011,0.5432,0.6009,0.6473,0.6992,0.7791,0.848,0.9201
531B,Turkish,layer_11,last,91.848,5.9009,0.769007,0.4078,0.4949,0.5369,0.5952,0.6415,0.6928,0.7718,0.8415,0.9154
531B,Turkish,layer_12,last,98.1475,6.1188,0.756348,0.4005,0.4859,0.5279,0.587,0.6334,0.6853,0.7657,0.8366,0.912
531B,Turkish,layer_13,last,115.2669,6.9886,0.744962,0.3737,0.4644,0.5077,0.5693,0.6184,0.6725,0.7554,0.8287,0.9069
531B,Turkish,layer_14,last,115.0274,7.0692,0.735483,0.3711,0.4665,0.5119,0.5725,0.6211,0.6744,0.756,0.8283,0.9059
531B,Turkish,layer_15,last,124.158,7.6765,0.727177,0.3549,0.4567,0.5046,0.5661,0.615,0.6691,0.7519,0.8251,0.9035
531B,Turkish,layer_16,last,137.1338,8.846,0.724045,0.3281,0.4437,0.4945,0.5586,0.6103,0.6667,0.751,0.8247,0.9029
531B,Turkish,layer_17,last,101.748,7.1069,0.721255,0.368,0.4839,0.5385,0.6017,0.6498,0.7011,0.7774,0.8433,0.9128
531B,Turkish,layer_18,last,28.6875,3.0589,0.718281,0.5694,0.6536,0.6908,0.7343,0.7673,0.8019,0.8527,0.8961,0.9419
531B,Turkish,layer_19,last,22.512,2.7265,0.700159,0.6035,0.6848,0.7192,0.7596,0.7898,0.8211,0.8663,0.9049,0.9459
531B,Turkish,layer_20,last,22.3921,2.7133,0.678126,0.6048,0.6881,0.721,0.7601,0.7897,0.8203,0.8645,0.9024,0.9434
531B,Turkish,layer_21,last,25.8274,2.9286,0.6595,0.5813,0.674,0.7077,0.7478,0.7786,0.8104,0.856,0.8952,0.938
531B,Turkish,layer_22,last,31.954,3.2539,0.647349,0.5508,0.6489,0.684,0.7269,0.7601,0.794,0.8422,0.884,0.9307
531B,Turkish,layer_23,last,38.6315,3.6226,0.639718,0.521,0.6269,0.6624,0.7081,0.744,0.7803,0.8315,0.8756,0.9251
531B,Turkish,layer_24,last,46.8294,4.1156,0.634723,0.4871,0.6049,0.6415,0.6903,0.7291,0.7674,0.8214,0.8678,0.9199
531B,Turkish,layer_25,last,58.6423,4.7979,0.638094,0.4494,0.5748,0.613,0.6671,0.7097,0.7518,0.8103,0.8601,0.9155
531B,Turkish,layer_26,last,78.5654,6.0392,0.640919,0.3973,0.5358,0.5768,0.6368,0.6845,0.7314,0.7958,0.8499,0.9095
531B,Turkish,layer_27,last,92.902,7.1824,0.646865,0.361,0.5113,0.5554,0.622,0.6734,0.7234,0.7912,0.8471,0.9079
531B,Turkish,layer_28,last,136.7134,11.727,0.650276,0.2689,0.4541,0.51,0.5887,0.6466,0.7018,0.7752,0.8356,0.9009
531B,Turkish,layer_29,last,189.2043,23.5481,0.65248,0.15,0.3904,0.475,0.5704,0.6326,0.6918,0.7687,0.8308,0.8977
531B,Turkish,layer_0,mean,202.6645,34.5865,1.139235,0.1237,0.3193,0.4059,0.5115,0.5958,0.6838,0.8049,0.8912,0.9597
531B,Turkish,layer_1,mean,143.6255,21.3052,0.905307,0.1766,0.3883,0.4796,0.5798,0.6563,0.7328,0.8319,0.8993,0.9542
531B,Turkish,layer_2,mean,1.7943,1.1443,0.82713,0.9347,0.9547,0.962,0.9696,0.9751,0.9804,0.9872,0.9919,0.996
531B,Turkish,layer_3,mean,1.5955,1.1084,0.794856,0.9498,0.9642,0.9702,0.9764,0.9807,0.9848,0.9899,0.9935,0.9966
531B,Turkish,layer_4,mean,1.5502,1.1009,0.783087,0.9531,0.9661,0.9726,0.9786,0.9826,0.9863,0.9909,0.9941,0.9969
531B,Turkish,layer_5,mean,1.644,1.1183,0.789085,0.9456,0.9599,0.9681,0.9759,0.9808,0.9852,0.9904,0.9938,0.9967
531B,Turkish,layer_6,mean,1.656,1.1195,0.785369,0.9451,0.9591,0.9672,0.9751,0.9801,0.9846,0.9899,0.9935,0.9965
531B,Turkish,layer_7,mean,1.8117,1.147,0.803414,0.9337,0.9499,0.9597,0.97,0.9765,0.9822,0.9887,0.9928,0.9962
531B,Turkish,layer_8,mean,1.9727,1.1742,0.808011,0.9228,0.9414,0.9527,0.9651,0.9728,0.9794,0.987,0.9917,0.9957
531B,Turkish,layer_9,mean,1.958,1.1699,0.800738,0.9245,0.9425,0.9531,0.9647,0.9722,0.9787,0.9864,0.9913,0.9955
531B,Turkish,layer_10,mean,2.0362,1.1837,0.804406,0.9191,0.9387,0.9499,0.9626,0.9709,0.9779,0.986,0.9911,0.9954
531B,Turkish,layer_11,mean,2.0678,1.1878,0.796036,0.9175,0.9376,0.9488,0.9614,0.9697,0.9768,0.9851,0.9904,0.995
531B,Turkish,layer_12,mean,2.2186,1.2128,0.804877,0.9079,0.9307,0.9431,0.9572,0.9666,0.9748,0.9839,0.9898,0.9947
531B,Turkish,layer_13,mean,2.7431,1.2944,0.817115,0.8788,0.9085,0.9248,0.9442,0.957,0.9679,0.9799,0.9874,0.9935
531B,Turkish,layer_14,mean,2.7092,1.2874,0.801895,0.8811,0.9105,0.9265,0.9449,0.957,0.9673,0.9791,0.9867,0.993
531B,Turkish,layer_15,mean,2.8451,1.308,0.805711,0.8742,0.9056,0.9224,0.942,0.9547,0.9657,0.9781,0.9861,0.9927
531B,Turkish,layer_16,mean,3.3492,1.3818,0.811873,0.8504,0.8889,0.9093,0.9321,0.9471,0.96,0.9745,0.9839,0.9917
531B,Turkish,layer_17,mean,4.0356,1.4765,0.821334,0.8225,0.869,0.8931,0.9202,0.9379,0.9532,0.9705,0.9817,0.9906
531B,Turkish,layer_18,mean,4.9586,1.5945,0.820844,0.7912,0.8465,0.8742,0.9066,0.9276,0.9454,0.9656,0.9786,0.9891
531B,Turkish,layer_19,mean,6.857,1.7976,0.78557,0.7448,0.8125,0.846,0.8832,0.9071,0.9278,0.9521,0.9686,0.9833
531B,Turkish,layer_20,mean,9.8381,2.0466,0.748112,0.6976,0.7715,0.8085,0.8516,0.8792,0.9033,0.9332,0.9547,0.975
531B,Turkish,layer_21,mean,13.8026,2.365,0.721152,0.6482,0.7326,0.7743,0.8229,0.8549,0.8826,0.9168,0.9421,0.9672
531B,Turkish,layer_22,mean,20.9662,2.9413,0.726673,0.5797,0.6811,0.7302,0.7876,0.8254,0.8584,0.8993,0.9306,0.9613
531B,Turkish,layer_23,mean,27.1189,3.3998,0.71824,0.5381,0.6478,0.701,0.7643,0.8064,0.8429,0.8878,0.9223,0.9563
531B,Turkish,layer_24,mean,34.7093,3.9575,0.721176,0.4975,0.6138,0.6706,0.7394,0.7859,0.8271,0.8779,0.9159,0.9529
531B,Turkish,layer_25,mean,46.7723,5.0666,0.738706,0.437,0.5672,0.6312,0.7124,0.7674,0.8159,0.8729,0.9139,0.9525
531B,Turkish,layer_26,mean,71.366,7.643,0.750085,0.3498,0.5019,0.5758,0.6711,0.7362,0.7938,0.8605,0.9066,0.949
531B,Turkish,layer_27,mean,86.9916,10.2176,0.753281,0.2953,0.4684,0.5507,0.656,0.7265,0.7883,0.8576,0.9045,0.9477
531B,Turkish,layer_28,mean,118.106,17.5744,0.745181,0.2002,0.4195,0.5179,0.6341,0.7091,0.7724,0.8435,0.8934,0.9409
531B,Turkish,layer_29,mean,106.8113,19.3416,0.745608,0.1756,0.422,0.539,0.6608,0.7355,0.7959,0.861,0.9054,0.9469
531B,Vietnamese,layer_0,last,122.2401,52.8211,1.92237,0.0698,0.2376,0.3475,0.5416,0.695,0.8321,0.9584,0.9958,0.9998
531B,Vietnamese,layer_1,last,190.9888,74.161,1.787503,0.049,0.1901,0.297,0.4726,0.6136,0.7478,0.8939,0.963,0.994
531B,Vietnamese,layer_2,last,219.0129,82.7551,1.699429,0.047,0.178,0.2796,0.4493,0.5879,0.7204,0.8714,0.9499,0.9905
531B,Vietnamese,layer_3,last,225.376,82.5486,1.648016,0.0475,0.1805,0.2815,0.4497,0.5842,0.7131,0.8627,0.9444,0.9888
531B,Vietnamese,layer_4,last,221.5326,78.2268,1.609883,0.0528,0.187,0.2912,0.458,0.5899,0.7146,0.8611,0.9428,0.9881
531B,Vietnamese,layer_5,last,219.1041,76.5975,1.562799,0.0527,0.189,0.2972,0.4633,0.5936,0.7165,0.861,0.9421,0.9875
531B,Vietnamese,layer_6,last,209.9034,71.5178,1.534473,0.0574,0.1975,0.3091,0.4743,0.6036,0.7239,0.8646,0.9434,0.9876
531B,Vietnamese,layer_7,last,220.9294,76.5782,1.511629,0.0539,0.1892,0.297,0.4619,0.5927,0.7162,0.8595,0.9404,0.9865
531B,Vietnamese,layer_8,last,208.6433,69.2918,1.46767,0.0628,0.2038,0.311,0.4744,0.6051,0.7262,0.8648,0.9424,0.9866
531B,Vietnamese,layer_9,last,202.1529,65.7797,1.449102,0.0682,0.2106,0.3174,0.4813,0.6121,0.7324,0.868,0.9435,0.9866
531B,Vietnamese,layer_10,last,194.7909,61.5504,1.42424,0.0747,0.2188,0.3246,0.4894,0.6199,0.7387,0.8712,0.9447,0.9868
531B,Vietnamese,layer_11,last,189.666,55.117,1.328199,0.0841,0.2337,0.3381,0.4979,0.626,0.7405,0.8692,0.9417,0.9843
531B,Vietnamese,layer_12,last,182.6846,51.5014,1.288571,0.0896,0.2425,0.3449,0.5053,0.6328,0.7466,0.8727,0.943,0.9842
531B,Vietnamese,layer_13,last,169.2046,39.9815,1.218247,0.1193,0.2699,0.3698,0.5218,0.643,0.7515,0.872,0.9405,0.9819
531B,Vietnamese,layer_14,last,163.593,36.8882,1.176575,0.1267,0.2823,0.3811,0.5315,0.6486,0.7534,0.8718,0.9398,0.981
531B,Vietnamese,layer_15,last,151.6304,33.9672,1.163322,0.1303,0.2982,0.3985,0.5487,0.662,0.7638,0.8776,0.9426,0.9817
531B,Vietnamese,layer_16,last,147.1621,30.5905,1.129643,0.1411,0.3105,0.4098,0.5553,0.6639,0.763,0.8755,0.9401,0.9798
531B,Vietnamese,layer_17,last,153.8297,28.4906,1.09397,0.1544,0.3147,0.4087,0.5441,0.649,0.7475,0.8644,0.9336,0.9769
531B,Vietnamese,layer_18,last,146.9529,26.1072,1.071781,0.1629,0.3284,0.4209,0.5507,0.652,0.75,0.867,0.9346,0.9766
531B,Vietnamese,layer_19,last,165.5268,28.6358,1.011774,0.155,0.314,0.4035,0.5291,0.6304,0.7328,0.8552,0.9258,0.971
531B,Vietnamese,layer_20,last,207.2365,32.5635,0.940142,0.1483,0.2873,0.3735,0.4939,0.5906,0.693,0.8234,0.9037,0.9585
531B,Vietnamese,layer_21,last,247.8154,37.6575,0.889683,0.137,0.2674,0.3528,0.4668,0.5594,0.6614,0.7981,0.8847,0.947
531B,Vietnamese,layer_22,last,287.5382,45.6522,0.860443,0.1211,0.2459,0.3293,0.442,0.5351,0.6397,0.7818,0.8718,0.9389
531B,Vietnamese,layer_23,last,309.8561,47.973,0.837544,0.1177,0.2451,0.3218,0.4293,0.5208,0.626,0.7694,0.8612,0.932
531B,Vietnamese,layer_24,last,323.2628,46.3142,0.809562,0.1211,0.2525,0.3243,0.4249,0.5121,0.614,0.7563,0.8493,0.924
531B,Vietnamese,layer_25,last,321.0829,44.9733,0.801393,0.1225,0.2599,0.3299,0.4265,0.5124,0.6136,0.7547,0.847,0.9222
531B,Vietnamese,layer_26,last,350.8927,51.8467,0.78879,0.1096,0.2481,0.3167,0.4111,0.498,0.6009,0.7442,0.8387,0.9171
531B,Vietnamese,layer_27,last,359.8825,54.016,0.778992,0.1041,0.247,0.3151,0.4069,0.4941,0.5978,0.7405,0.8347,0.914
531B,Vietnamese,layer_28,last,354.7947,54.8649,0.773275,0.1007,0.2463,0.316,0.4093,0.4996,0.606,0.7457,0.8364,0.9138
531B,Vietnamese,layer_29,last,180.5304,18.3083,0.770042,0.2139,0.364,0.4327,0.5186,0.599,0.6894,0.8012,0.8711,0.9311
531B,Vietnamese,layer_0,mean,97.2581,10.7763,1.240746,0.295,0.4063,0.4728,0.5815,0.6738,0.7653,0.8756,0.9404,0.9811
531B,Vietnamese,layer_1,mean,119.223,14.7541,1.006715,0.2439,0.3811,0.4499,0.5669,0.6646,0.7575,0.8667,0.93,0.972
531B,Vietnamese,layer_2,mean,4.1594,1.5099,0.939013,0.8125,0.8729,0.8871,0.9103,0.9295,0.9477,0.9696,0.9829,0.9925
531B,Vietnamese,layer_3,mean,3.3174,1.3857,0.907524,0.8488,0.8966,0.908,0.9258,0.9409,0.9555,0.9735,0.9847,0.9931
531B,Vietnamese,layer_4,mean,2.9156,1.3239,0.888737,0.8686,0.9095,0.9192,0.9342,0.9471,0.9597,0.9755,0.9857,0.9934
531B,Vietnamese,layer_5,mean,2.9886,1.3312,0.882296,0.8662,0.9063,0.9163,0.9319,0.9452,0.9584,0.9747,0.9852,0.9931
531B,Vietnamese,layer_6,mean,3.024,1.3358,0.870989,0.8647,0.9054,0.9153,0.9308,0.9442,0.9575,0.974,0.9846,0.9927
531B,Vietnamese,layer_7,mean,3.3886,1.3881,0.877212,0.8481,0.894,0.9052,0.9231,0.9382,0.9533,0.9717,0.9834,0.9922
531B,Vietnamese,layer_8,mean,3.6174,1.423,0.872782,0.8374,0.8884,0.9002,0.9188,0.9347,0.9508,0.9701,0.9824,0.9917
531B,Vietnamese,layer_9,mean,3.7624,1.445,0.869619,0.831,0.8848,0.8972,0.9168,0.9333,0.9499,0.9696,0.982,0.9915
531B,Vietnamese,layer_10,mean,3.869,1.4643,0.868976,0.8253,0.8828,0.8956,0.9157,0.9326,0.9494,0.9693,0.9818,0.9914
531B,Vietnamese,layer_11,mean,3.8607,1.4642,0.868193,0.8253,0.8838,0.8963,0.9158,0.9326,0.9493,0.9692,0.9817,0.9913
531B,Vietnamese,layer_12,mean,3.9657,1.4856,0.874621,0.8192,0.8815,0.8947,0.9152,0.9325,0.9496,0.9696,0.982,0.9915
531B,Vietnamese,layer_13,mean,4.347,1.5506,0.873999,0.8013,0.875,0.889,0.9103,0.9286,0.9467,0.9679,0.981,0.991
531B,Vietnamese,layer_14,mean,4.1897,1.5314,0.871688,0.8064,0.8794,0.893,0.9134,0.9309,0.9484,0.9688,0.9815,0.9912
531B,Vietnamese,layer_15,mean,4.295,1.5522,0.876233,0.8007,0.8773,0.8911,0.9123,0.9305,0.9482,0.9689,0.9816,0.9913
531B,Vietnamese,layer_16,mean,4.5223,1.5872,0.882793,0.7916,0.8718,0.8863,0.909,0.9281,0.9468,0.9683,0.9814,0.9913
531B,Vietnamese,layer_17,mean,5.3703,1.7031,0.891986,0.7635,0.852,0.8693,0.8967,0.9191,0.9407,0.9653,0.9799,0.9906
531B,Vietnamese,layer_18,mean,6.1318,1.7938,0.888227,0.7435,0.8375,0.856,0.8854,0.9101,0.9342,0.9614,0.9776,0.9895
531B,Vietnamese,layer_19,mean,8.8652,2.0622,0.865874,0.6928,0.7939,0.8186,0.8544,0.8838,0.913,0.947,0.9684,0.9848
531B,Vietnamese,layer_20,mean,14.3379,2.4906,0.845141,0.6295,0.7337,0.7615,0.8045,0.8416,0.8792,0.9247,0.954,0.9775
531B,Vietnamese,layer_21,mean,20.7752,2.9644,0.81984,0.5756,0.6899,0.722,0.7688,0.8096,0.8523,0.9054,0.9408,0.9703
531B,Vietnamese,layer_22,mean,34.4496,4.0602,0.827115,0.4888,0.618,0.6661,0.7236,0.7717,0.8225,0.8867,0.9299,0.9654
531B,Vietnamese,layer_23,mean,41.2896,4.5184,0.810443,0.4616,0.5973,0.6443,0.7032,0.7529,0.8055,0.8738,0.9209,0.9602
531B,Vietnamese,layer_24,mean,45.7986,4.8065,0.797266,0.4465,0.5861,0.6312,0.6909,0.742,0.7957,0.8659,0.9149,0.9566
531B,Vietnamese,layer_25,mean,48.4866,5.0366,0.797876,0.4349,0.5787,0.6244,0.6853,0.7368,0.7912,0.8629,0.9133,0.9559
531B,Vietnamese,layer_26,mean,65.4167,6.5435,0.792024,0.3756,0.5375,0.5874,0.6553,0.7118,0.7718,0.8502,0.9048,0.9511
531B,Vietnamese,layer_27,mean,69.4804,6.8818,0.782566,0.3646,0.5301,0.5813,0.6506,0.7063,0.7661,0.8454,0.9011,0.9487
531B,Vietnamese,layer_28,mean,111.0895,11.1112,0.774491,0.2724,0.4617,0.5207,0.5989,0.6617,0.7293,0.8193,0.883,0.9386
531B,Vietnamese,layer_29,mean,162.584,19.6004,0.771934,0.1729,0.3893,0.4564,0.5545,0.6309,0.7081,0.8068,0.8746,0.9335
531B,Japanese,layer_0,last,622.195,192.265,1.330931,0.0417,0.1147,0.163,0.2482,0.3379,0.4554,0.6473,0.8045,0.9354
531B,Japanese,layer_1,last,683.8216,118.9422,0.91171,0.0744,0.1436,0.1847,0.2605,0.3389,0.4418,0.6126,0.7589,0.8936
531B,Japanese,layer_2,last,584.8842,50.4589,0.823338,0.1328,0.1916,0.2299,0.2968,0.366,0.4576,0.6126,0.7476,0.8774
531B,Japanese,layer_3,last,563.9468,38.8644,0.772738,0.1543,0.2097,0.2469,0.3107,0.3749,0.4591,0.6032,0.7324,0.8623
531B,Japanese,layer_4,last,512.6525,30.6054,0.744128,0.1755,0.2286,0.268,0.3338,0.3955,0.4742,0.6085,0.7301,0.8562
531B,Japanese,layer_5,last,516.1967,30.0914,0.723347,0.1771,0.2306,0.2699,0.3364,0.3977,0.4754,0.606,0.7247,0.85
531B,Japanese,layer_6,last,513.1153,29.6637,0.713523,0.1784,0.2322,0.2724,0.3388,0.4011,0.4784,0.6072,0.7238,0.8478
531B,Japanese,layer_7,last,556.5076,32.8549,0.69423,0.169,0.2239,0.2638,0.3288,0.3899,0.4662,0.5944,0.712,0.8387
531B,Japanese,layer_8,last,559.8743,32.4844,0.680644,0.17,0.2255,0.266,0.3307,0.3909,0.4658,0.5915,0.7076,0.8343
531B,Japanese,layer_9,last,589.2689,34.3741,0.669163,0.165,0.2199,0.2601,0.3232,0.3827,0.4571,0.5826,0.6996,0.8283
531B,Japanese,layer_10,last,581.8509,33.1705,0.663115,0.1682,0.2241,0.2636,0.3264,0.3849,0.458,0.5828,0.6987,0.8268
531B,Japanese,layer_11,last,618.0561,36.0845,0.649297,0.1606,0.2188,0.2583,0.3209,0.3783,0.4495,0.5717,0.6877,0.8185
531B,Japanese,layer_12,last,632.8027,37.2451,0.640199,0.1577,0.2172,0.2578,0.3189,0.3752,0.4453,0.5676,0.6838,0.815
531B,Japanese,layer_13,last,686.6094,44.5223,0.630984,0.1426,0.2052,0.2467,0.3097,0.3669,0.4368,0.5587,0.6758,0.8089
531B,Japanese,layer_14,last,615.4005,36.1231,0.627011,0.1598,0.2233,0.2661,0.3297,0.386,0.4537,0.5706,0.6836,0.8127
531B,Japanese,layer_15,last,619.9635,37.5432,0.623037,0.156,0.2227,0.2664,0.3299,0.3868,0.455,0.572,0.6843,0.8123
531B,Japanese,layer_16,last,556.6846,33.1038,0.624622,0.1663,0.2367,0.2827,0.3487,0.4073,0.4757,0.5906,0.699,0.8208
531B,Japanese,layer_17,last,249.0833,11.5384,0.625124,0.2901,0.3667,0.408,0.466,0.5153,0.5722,0.6669,0.7551,0.8538
531B,Japanese,layer_18,last,35.8761,2.9997,0.627878,0.5765,0.6263,0.6525,0.6884,0.719,0.7532,0.8087,0.8595,0.916
531B,Japanese,layer_19,last,24.4875,2.5364,0.621297,0.6272,0.6732,0.6971,0.7289,0.7565,0.7868,0.8348,0.8783,0.9266
531B,Japanese,layer_20,last,23.3136,2.4871,0.612186,0.6334,0.6803,0.7036,0.7351,0.7621,0.7916,0.838,0.88,0.927
531B,Japanese,layer_21,last,26.5322,2.6414,0.60444,0.6145,0.6656,0.6904,0.7243,0.7526,0.7834,0.8312,0.8743,0.9228
531B,Japanese,layer_22,last,32.8243,2.9239,0.599982,0.5838,0.64,0.6672,0.7045,0.7354,0.7687,0.8191,0.8647,0.9165
531B,Japanese,layer_23,last,40.0162,3.2468,0.598885,0.5537,0.6152,0.6447,0.6861,0.7197,0.7558,0.8092,0.8573,0.9117
531B,Japanese,layer_24,last,47.7176,3.6188,0.597021,0.524,0.5937,0.6262,0.6718,0.7077,0.7457,0.8013,0.851,0.9075
531B,Japanese,layer_25,last,58.9728,4.1417,0.601043,0.4891,0.5656,0.6009,0.6515,0.6907,0.732,0.7914,0.844,0.9034
531B,Japanese,layer_26,last,78.0567,5.0487,0.60362,0.4419,0.5274,0.5671,0.6241,0.6673,0.7127,0.7773,0.8339,0.8972
531B,Japanese,layer_27,last,92.6137,5.9202,0.604777,0.4065,0.5031,0.5491,0.6109,0.6567,0.7047,0.7716,0.8295,0.8943
531B,Japanese,layer_28,last,145.704,9.5717,0.60252,0.3135,0.4399,0.4984,0.5716,0.6228,0.6745,0.7479,0.8114,0.8825
531B,Japanese,layer_29,last,203.2035,20.486,0.60745,0.1879,0.3885,0.4704,0.5603,0.6151,0.6689,0.7453,0.8096,0.881
531B,Japanese,layer_0,mean,199.3381,30.4377,1.212736,0.1439,0.3306,0.4119,0.5064,0.5821,0.67,0.7982,0.8911,0.9627
531B,Japanese,layer_1,mean,152.5805,22.7826,0.915913,0.1568,0.3954,0.4781,0.5668,0.6371,0.7148,0.8205,0.8942,0.9534
531B,Japanese,layer_2,mean,7.7015,1.9172,0.827328,0.72,0.8166,0.8459,0.8732,0.8934,0.9152,0.9443,0.9651,0.9829
531B,Japanese,layer_3,mean,5.2152,1.6251,0.785545,0.7833,0.8568,0.881,0.9026,0.9178,0.9336,0.9553,0.971,0.9851
531B,Japanese,layer_4,mean,4.5829,1.5514,0.767926,0.8019,0.8685,0.8928,0.9134,0.9274,0.9413,0.9601,0.9738,0.9862
531B,Japanese,layer_5,mean,5.2112,1.6556,0.767417,0.7757,0.8544,0.8838,0.9093,0.9257,0.9407,0.9599,0.9736,0.9859
531B,Japanese,layer_6,mean,5.1296,1.6369,0.76037,0.7803,0.8563,0.8843,0.9091,0.9254,0.9402,0.9593,0.9731,0.9855
531B,Japanese,layer_7,mean,6.2894,1.7729,0.774706,0.7495,0.8293,0.8619,0.8942,0.9153,0.934,0.9564,0.9715,0.9848
531B,Japanese,layer_8,mean,7.3244,1.8831,0.777119,0.7271,0.8103,0.8454,0.8821,0.9065,0.9276,0.9524,0.969,0.9835
531B,Japanese,layer_9,mean,7.0041,1.824,0.768295,0.7391,0.8156,0.8482,0.8819,0.9052,0.9261,0.951,0.9679,0.9827
531B,Japanese,layer_10,mean,7.4623,1.8787,0.770656,0.7281,0.8069,0.8415,0.8777,0.9027,0.925,0.9507,0.9678,0.9827
531B,Japanese,layer_11,mean,7.7546,1.901,0.764935,0.7238,0.8026,0.8381,0.8744,0.8995,0.9218,0.948,0.9658,0.9816
531B,Japanese,layer_12,mean,8.8565,2.0198,0.774526,0.702,0.785,0.8243,0.8645,0.8923,0.9174,0.9459,0.9647,0.9811
531B,Japanese,layer_13,mean,13.5779,2.502,0.789188,0.6295,0.7293,0.7775,0.8307,0.8682,0.9008,0.9366,0.9593,0.9785
531B,Japanese,layer_14,mean,12.7661,2.4056,0.77442,0.6422,0.7405,0.7865,0.8356,0.8701,0.9005,0.9349,0.9576,0.9772
531B,Japanese,layer_15,mean,14.1747,2.5474,0.780674,0.6237,0.725,0.7746,0.8276,0.8645,0.897,0.9331,0.9566,0.9769
531B,Japanese,layer_16,mean,18.0002,2.9199,0.787355,0.5815,0.6942,0.7488,0.8085,0.8495,0.8855,0.9261,0.9524,0.9749
531B,Japanese,layer_17,mean,22.3356,3.3138,0.79763,0.5449,0.6628,0.722,0.7884,0.8339,0.8742,0.9197,0.9492,0.9735
531B,Japanese,layer_18,mean,25.7162,3.6965,0.802234,0.5145,0.6455,0.708,0.7779,0.8263,0.8689,0.9168,0.9477,0.9728
531B,Japanese,layer_19,mean,36.5976,4.4841,0.767939,0.4654,0.6027,0.6692,0.7426,0.7937,0.8391,0.8914,0.9279,0.9611
531B,Japanese,layer_20,mean,51.5702,5.5188,0.738192,0.4175,0.5602,0.6261,0.7044,0.76,0.8093,0.8669,0.9089,0.9495
531B,Japanese,layer_21,mean,68.1649,6.9225,0.717779,0.3696,0.5217,0.5921,0.6762,0.7359,0.7888,0.8507,0.896,0.9409
531B,Japanese,layer_22,mean,86.7176,8.8913,0.728128,0.3217,0.4842,0.5589,0.6494,0.7141,0.7726,0.8405,0.8904,0.9388
531B,Japanese,layer_23,mean,93.0945,10.3368,0.727713,0.2935,0.4695,0.5508,0.6472,0.7151,0.7748,0.8429,0.8922,0.9396
531B,Japanese,layer_24,mean,94.8346,10.6667,0.731401,0.2872,0.4671,0.5476,0.6435,0.712,0.7731,0.8435,0.8935,0.9406
531B,Japanese,layer_25,mean,100.7294,12.7683,0.74786,0.2555,0.4464,0.5365,0.6403,0.7142,0.7792,0.8511,0.9003,0.9451
531B,Japanese,layer_26,mean,123.4819,18.4001,0.759492,0.1975,0.4042,0.5023,0.6169,0.6986,0.7699,0.8482,0.8999,0.9454
531B,Japanese,layer_27,mean,125.2858,20.7174,0.759528,0.1751,0.397,0.5017,0.6199,0.7034,0.775,0.8523,0.9024,0.9465
531B,Japanese,layer_28,mean,144.9854,26.9609,0.744557,0.126,0.3702,0.4851,0.6082,0.692,0.7631,0.8404,0.8924,0.9399
531B,Japanese,layer_29,mean,86.1068,17.2919,0.748614,0.1837,0.4576,0.5859,0.6949,0.7639,0.8202,0.8803,0.9197,0.9549
