checkpoint,dataset,layer,aggregation,rankme,pr,alpha_req,top_1_var,top_5_var,top_10_var,top_25_var,top_50_var,top_100_var,top_250_var,top_500_var,top_1000_var
10B,English,layer_0,last,10.3301,3.6957,1.05414,0.4847,0.7776,0.8529,0.9245,0.9517,0.973,0.9914,0.998,1.0
10B,English,layer_1,last,30.7074,5.8041,0.95426,0.3973,0.5812,0.6521,0.7557,0.8314,0.8994,0.9658,0.9918,1.0
10B,English,layer_2,last,20.9568,3.9919,0.898807,0.4905,0.6526,0.7106,0.7934,0.8536,0.9079,0.9647,0.9904,1.0
10B,English,layer_3,last,12.0142,2.664,0.86223,0.6079,0.7325,0.7785,0.8414,0.8864,0.927,0.9704,0.9914,1.0
10B,English,layer_4,last,9.4253,2.316,0.826731,0.6535,0.7671,0.8075,0.8618,0.9008,0.9358,0.9731,0.9918,1.0
10B,English,layer_5,last,9.6079,2.3174,0.822856,0.6535,0.7622,0.8038,0.8593,0.8985,0.9334,0.9714,0.991,1.0
10B,English,layer_6,last,10.6742,2.4309,0.802071,0.6378,0.7475,0.791,0.8489,0.8899,0.9267,0.9675,0.9895,0.9999
10B,English,layer_7,last,16.3022,3.0306,0.779437,0.57,0.6813,0.7322,0.8043,0.8575,0.9051,0.9579,0.9862,0.9999
10B,English,layer_8,last,21.8633,3.6105,0.762422,0.521,0.6368,0.6918,0.7726,0.8333,0.888,0.9492,0.9829,0.9999
10B,English,layer_9,last,30.9479,4.6377,0.76821,0.457,0.5845,0.6443,0.7344,0.8043,0.8678,0.9397,0.9795,0.9999
10B,English,layer_10,last,52.4151,7.2809,0.751943,0.3609,0.4871,0.5572,0.6655,0.7566,0.8401,0.9275,0.975,0.9999
10B,English,layer_11,last,66.4223,9.3224,0.752357,0.3155,0.4499,0.5225,0.6365,0.7311,0.8205,0.9174,0.9711,0.9998
10B,English,layer_12,last,111.2625,20.0775,0.74037,0.2031,0.3359,0.4206,0.5591,0.6804,0.7939,0.9057,0.9666,0.9998
10B,English,layer_13,last,134.3684,27.6619,0.723221,0.1653,0.2991,0.3873,0.5307,0.6542,0.773,0.8944,0.9618,0.9998
10B,English,layer_14,last,144.6893,28.4604,0.690167,0.1626,0.2981,0.3837,0.5221,0.6368,0.751,0.879,0.9549,0.9997
10B,English,layer_15,last,156.401,36.2482,0.689996,0.1341,0.2763,0.3705,0.5157,0.6336,0.7474,0.877,0.9541,0.9997
10B,English,layer_16,last,166.6872,44.3989,0.686095,0.1096,0.2589,0.3572,0.5098,0.6307,0.7436,0.874,0.9527,0.9997
10B,English,layer_17,last,170.3731,47.4063,0.676939,0.0993,0.255,0.3562,0.5105,0.6297,0.7403,0.8702,0.9507,0.9997
10B,English,layer_18,last,180.177,51.5607,0.66253,0.0882,0.248,0.3501,0.5013,0.6187,0.7294,0.8619,0.9468,0.9996
10B,English,layer_19,last,189.0494,56.0409,0.651769,0.077,0.2394,0.3425,0.4942,0.6105,0.721,0.8552,0.9436,0.9996
10B,English,layer_20,last,198.6137,61.1606,0.64398,0.0655,0.2284,0.3314,0.4847,0.6017,0.7136,0.8495,0.9408,0.9996
10B,English,layer_21,last,221.5214,68.186,0.629156,0.0602,0.2154,0.3123,0.459,0.5736,0.6869,0.8335,0.9347,0.9996
10B,English,layer_22,last,224.3935,67.3305,0.628876,0.0692,0.2167,0.3102,0.4536,0.5662,0.6817,0.8324,0.9342,0.9996
10B,English,layer_23,last,227.0921,65.8709,0.624993,0.0745,0.2211,0.3109,0.4493,0.5601,0.6752,0.8289,0.933,0.9995
10B,English,layer_24,last,232.7806,67.3074,0.628865,0.0755,0.2195,0.3037,0.438,0.5505,0.6698,0.8284,0.9333,0.9996
10B,English,layer_25,last,222.6016,64.2899,0.639469,0.079,0.2231,0.3075,0.4461,0.5624,0.6825,0.8372,0.937,0.9996
10B,English,layer_26,last,215.4895,65.2794,0.659225,0.0768,0.2197,0.3073,0.449,0.5718,0.6957,0.8486,0.9424,0.9996
10B,English,layer_27,last,202.7625,59.6145,0.668193,0.0835,0.2308,0.3208,0.4624,0.5851,0.7072,0.8557,0.9455,0.9996
10B,English,layer_28,last,185.4078,51.595,0.678385,0.095,0.2492,0.3413,0.4825,0.6028,0.7217,0.8646,0.9493,0.9997
10B,English,layer_29,last,171.0734,44.8519,0.682777,0.1071,0.2671,0.3608,0.5008,0.6179,0.7328,0.8705,0.9516,0.9997
10B,English,layer_0,mean,154.954,42.2355,0.920095,0.1273,0.2346,0.3111,0.4618,0.6092,0.7648,0.9238,0.9819,0.9999
10B,English,layer_1,mean,140.2902,30.9998,0.875195,0.1588,0.2614,0.3388,0.4875,0.6282,0.7735,0.9194,0.9776,0.9999
10B,English,layer_2,mean,135.8444,22.897,0.786053,0.1942,0.2907,0.3621,0.4949,0.6213,0.7546,0.9006,0.9693,0.9998
10B,English,layer_3,mean,130.8122,19.4995,0.74514,0.2138,0.3091,0.3793,0.5063,0.6233,0.7473,0.8902,0.9639,0.9998
10B,English,layer_4,mean,136.1027,20.3294,0.719337,0.2085,0.3067,0.3794,0.5059,0.6191,0.7393,0.8816,0.9595,0.9998
10B,English,layer_5,mean,145.3184,22.9672,0.700353,0.1933,0.2977,0.3747,0.5024,0.6139,0.7313,0.8738,0.9556,0.9997
10B,English,layer_6,mean,160.4173,26.1341,0.682424,0.1791,0.2857,0.36,0.4844,0.596,0.7147,0.8627,0.9508,0.9997
10B,English,layer_7,mean,176.144,31.9414,0.687582,0.1576,0.2664,0.3429,0.4722,0.5861,0.706,0.8558,0.9473,0.9997
10B,English,layer_8,mean,190.8171,37.8216,0.66031,0.14,0.2542,0.3317,0.4609,0.5743,0.6943,0.8477,0.9437,0.9996
10B,English,layer_9,mean,194.0546,36.5303,0.662884,0.1437,0.2594,0.333,0.4564,0.5663,0.6849,0.8405,0.9403,0.9996
10B,English,layer_10,mean,182.1357,30.921,0.639833,0.1607,0.2747,0.3468,0.4682,0.5754,0.69,0.8412,0.9398,0.9996
10B,English,layer_11,mean,160.2216,22.3216,0.631342,0.1975,0.3059,0.3723,0.4858,0.5871,0.696,0.8426,0.9399,0.9996
10B,English,layer_12,mean,133.4068,16.6324,0.63423,0.234,0.3373,0.4039,0.5178,0.6147,0.7169,0.8532,0.9437,0.9996
10B,English,layer_13,mean,134.8331,16.8096,0.6309,0.2327,0.3359,0.403,0.5167,0.6131,0.7151,0.8518,0.9428,0.9996
10B,English,layer_14,mean,145.5899,16.7731,0.612382,0.2345,0.3294,0.389,0.4935,0.5879,0.6921,0.8375,0.9368,0.9996
10B,English,layer_15,mean,154.3186,18.3235,0.610768,0.2235,0.3175,0.3783,0.4845,0.5803,0.6863,0.8341,0.9353,0.9996
10B,English,layer_16,mean,162.9884,20.3981,0.611239,0.2104,0.3045,0.3677,0.4777,0.5757,0.6834,0.8324,0.9346,0.9996
10B,English,layer_17,mean,174.1794,23.7387,0.613489,0.1925,0.2885,0.3553,0.4701,0.5703,0.6801,0.8311,0.9341,0.9995
10B,English,layer_18,mean,184.761,25.4664,0.607488,0.1853,0.28,0.3442,0.4568,0.5577,0.6692,0.8247,0.9314,0.9995
10B,English,layer_19,mean,196.4365,27.9558,0.605007,0.1759,0.2679,0.3315,0.444,0.5457,0.6602,0.82,0.9295,0.9995
10B,English,layer_20,mean,207.4301,31.358,0.602941,0.1643,0.2561,0.3215,0.4344,0.538,0.6547,0.8167,0.9279,0.9995
10B,English,layer_21,mean,218.2021,35.5727,0.602671,0.1518,0.2451,0.313,0.4257,0.5308,0.6497,0.8143,0.9269,0.9995
10B,English,layer_22,mean,227.5515,41.3991,0.622011,0.1366,0.2351,0.3053,0.4202,0.5272,0.6482,0.8147,0.9272,0.9995
10B,English,layer_23,mean,235.1607,46.0835,0.607015,0.1263,0.2278,0.2989,0.4155,0.5232,0.6454,0.8137,0.9268,0.9995
10B,English,layer_24,mean,246.4099,52.9157,0.611895,0.1144,0.2157,0.2863,0.4045,0.5142,0.641,0.8135,0.9272,0.9995
10B,English,layer_25,mean,240.7703,59.4432,0.625874,0.1003,0.2124,0.2898,0.416,0.5294,0.656,0.8237,0.9317,0.9995
10B,English,layer_26,mean,234.4042,66.4514,0.645426,0.0865,0.2054,0.2899,0.4254,0.5443,0.6724,0.8357,0.9374,0.9996
10B,English,layer_27,mean,231.1008,65.7334,0.650618,0.0869,0.2062,0.2916,0.4285,0.548,0.6759,0.8385,0.9389,0.9996
10B,English,layer_28,mean,216.8244,55.2003,0.651995,0.1025,0.2233,0.3079,0.4421,0.5587,0.6827,0.8418,0.9404,0.9996
10B,English,layer_29,mean,195.83,43.1746,0.651792,0.1243,0.2488,0.3345,0.4644,0.5755,0.6936,0.8467,0.9421,0.9996
10B,Chinese,layer_0,last,51.7549,13.5673,0.925599,0.1808,0.4905,0.5995,0.7209,0.8086,0.8864,0.9604,0.9895,1.0
10B,Chinese,layer_1,last,75.2546,17.4873,0.869731,0.1902,0.4155,0.5164,0.6529,0.7511,0.8439,0.941,0.9836,0.9999
10B,Chinese,layer_2,last,42.2005,7.7061,0.827082,0.3387,0.5402,0.6229,0.7278,0.8021,0.8716,0.9473,0.9841,0.9999
10B,Chinese,layer_3,last,21.9042,4.1794,0.80877,0.4774,0.6542,0.7168,0.7966,0.8512,0.902,0.9584,0.987,0.9999
10B,Chinese,layer_4,last,15.1248,3.1824,0.798482,0.5527,0.7109,0.764,0.8304,0.8757,0.9175,0.9643,0.9886,0.9999
10B,Chinese,layer_5,last,14.663,3.0904,0.800662,0.5616,0.7159,0.7671,0.8321,0.8764,0.9173,0.9636,0.9881,0.9999
10B,Chinese,layer_6,last,15.5421,3.1997,0.787491,0.5514,0.7083,0.7607,0.8271,0.8722,0.9136,0.9611,0.987,0.9999
10B,Chinese,layer_7,last,22.1277,3.9501,0.771501,0.4945,0.649,0.706,0.7876,0.8439,0.8947,0.9529,0.9843,0.9999
10B,Chinese,layer_8,last,28.7722,4.7153,0.756456,0.4508,0.6047,0.6672,0.7573,0.8213,0.8784,0.9444,0.9811,0.9999
10B,Chinese,layer_9,last,39.1685,6.0733,0.761427,0.3934,0.5538,0.6217,0.7211,0.7937,0.8592,0.935,0.9777,0.9999
10B,Chinese,layer_10,last,65.4178,10.1933,0.749811,0.2976,0.4463,0.5271,0.6514,0.7491,0.8345,0.9241,0.9734,0.9998
10B,Chinese,layer_11,last,82.1285,13.0992,0.734979,0.2585,0.4068,0.4888,0.6166,0.7196,0.8126,0.913,0.9692,0.9998
10B,Chinese,layer_12,last,120.6577,24.9709,0.737856,0.1755,0.308,0.4008,0.553,0.6817,0.794,0.9043,0.9658,0.9998
10B,Chinese,layer_13,last,139.9968,31.0715,0.719689,0.1522,0.2834,0.3762,0.5269,0.6552,0.7728,0.8928,0.961,0.9997
10B,Chinese,layer_14,last,150.7083,31.0473,0.686783,0.1533,0.2872,0.373,0.5154,0.6341,0.7484,0.8766,0.9538,0.9997
10B,Chinese,layer_15,last,163.9254,39.8555,0.685284,0.1252,0.2639,0.3581,0.5076,0.6283,0.7429,0.8736,0.9526,0.9997
10B,Chinese,layer_16,last,172.1692,47.0295,0.679144,0.1052,0.2496,0.35,0.5053,0.6266,0.739,0.8703,0.9509,0.9997
10B,Chinese,layer_17,last,176.7628,49.8019,0.667511,0.0967,0.2465,0.3496,0.5049,0.6237,0.7334,0.8647,0.9482,0.9997
10B,Chinese,layer_18,last,188.4215,54.3626,0.651264,0.0869,0.2383,0.3412,0.494,0.6115,0.7202,0.8544,0.9435,0.9996
10B,Chinese,layer_19,last,202.6431,59.7867,0.636596,0.0757,0.2298,0.3318,0.4812,0.5961,0.7033,0.8423,0.9385,0.9996
10B,Chinese,layer_20,last,212.7151,64.8781,0.628519,0.0669,0.2183,0.3218,0.4734,0.5867,0.6943,0.8356,0.9356,0.9996
10B,Chinese,layer_21,last,240.2619,74.2195,0.615955,0.0609,0.2027,0.2999,0.4432,0.5538,0.6643,0.8189,0.9293,0.9995
10B,Chinese,layer_22,last,243.1003,74.4224,0.615507,0.0644,0.2011,0.2975,0.4398,0.5484,0.6603,0.818,0.9289,0.9995
10B,Chinese,layer_23,last,250.7274,78.3606,0.632932,0.0642,0.1934,0.2874,0.4294,0.5409,0.6556,0.8166,0.9285,0.9995
10B,Chinese,layer_24,last,252.949,78.9907,0.619863,0.0654,0.1915,0.2839,0.4236,0.5368,0.6542,0.8176,0.9291,0.9995
10B,Chinese,layer_25,last,237.3572,72.9395,0.626688,0.0692,0.2009,0.2956,0.4404,0.5543,0.6696,0.8265,0.9325,0.9995
10B,Chinese,layer_26,last,227.8128,71.5865,0.64228,0.0687,0.2044,0.2989,0.4461,0.564,0.6828,0.8375,0.9373,0.9996
10B,Chinese,layer_27,last,219.8305,68.9473,0.647705,0.0684,0.211,0.3073,0.455,0.5727,0.6902,0.8424,0.9395,0.9996
10B,Chinese,layer_28,last,211.1228,65.7769,0.652871,0.0679,0.2213,0.3195,0.4651,0.5813,0.6974,0.8471,0.9416,0.9996
10B,Chinese,layer_29,last,194.5964,56.2471,0.655825,0.0807,0.2441,0.3416,0.4833,0.5963,0.7087,0.853,0.9438,0.9996
10B,Chinese,layer_0,mean,160.6097,59.3503,0.971756,0.0916,0.2014,0.2936,0.4613,0.6208,0.7791,0.9315,0.9845,0.9999
10B,Chinese,layer_1,mean,161.4609,49.9048,0.876524,0.1101,0.2185,0.3056,0.4682,0.6185,0.7683,0.9183,0.9782,0.9999
10B,Chinese,layer_2,mean,163.6366,40.5173,0.811804,0.1325,0.2371,0.3192,0.4698,0.6093,0.7498,0.9014,0.971,0.9999
10B,Chinese,layer_3,mean,161.3715,34.4951,0.772616,0.1489,0.2547,0.3339,0.4761,0.6068,0.7402,0.8908,0.9659,0.9998
10B,Chinese,layer_4,mean,163.2914,33.8,0.746779,0.1506,0.259,0.339,0.4795,0.6055,0.7341,0.8833,0.962,0.9998
10B,Chinese,layer_5,mean,168.4063,35.9675,0.72641,0.1427,0.2597,0.3417,0.4804,0.6024,0.7277,0.8765,0.9584,0.9998
10B,Chinese,layer_6,mean,174.8237,36.4685,0.708419,0.1421,0.2586,0.3389,0.4741,0.5932,0.7175,0.8685,0.9546,0.9997
10B,Chinese,layer_7,mean,175.6366,37.1119,0.696429,0.1394,0.2595,0.342,0.4784,0.5957,0.7168,0.8653,0.9525,0.9997
10B,Chinese,layer_8,mean,176.0781,34.557,0.681549,0.1474,0.2655,0.3459,0.4771,0.5906,0.7096,0.8591,0.9495,0.9997
10B,Chinese,layer_9,mean,164.7854,27.4536,0.667469,0.1726,0.2857,0.3624,0.4857,0.5936,0.7084,0.8559,0.9475,0.9997
10B,Chinese,layer_10,mean,142.2283,19.8719,0.658416,0.2104,0.3179,0.3914,0.5083,0.6101,0.7184,0.8589,0.9478,0.9997
10B,Chinese,layer_11,mean,112.2035,12.8595,0.647193,0.2697,0.3672,0.4333,0.5391,0.6317,0.7315,0.8635,0.9488,0.9997
10B,Chinese,layer_12,mean,85.482,9.1505,0.645304,0.3238,0.4156,0.4787,0.5787,0.664,0.7544,0.8743,0.9525,0.9997
10B,Chinese,layer_13,mean,83.9721,8.8671,0.638003,0.3293,0.4214,0.4832,0.5805,0.6639,0.7529,0.8724,0.9513,0.9997
10B,Chinese,layer_14,mean,87.8005,8.7652,0.637372,0.332,0.4174,0.4746,0.5667,0.6483,0.7383,0.8627,0.947,0.9996
10B,Chinese,layer_15,mean,92.908,9.4172,0.620038,0.3195,0.4078,0.4668,0.561,0.6438,0.7346,0.8605,0.946,0.9996
10B,Chinese,layer_16,mean,100.1617,10.3956,0.619562,0.3031,0.3938,0.4546,0.5528,0.6377,0.7302,0.8581,0.9448,0.9996
10B,Chinese,layer_17,mean,108.3982,11.4061,0.615589,0.2885,0.3805,0.4418,0.5419,0.6281,0.7226,0.8534,0.9427,0.9996
10B,Chinese,layer_18,mean,117.6761,12.7068,0.613308,0.2722,0.3656,0.4277,0.53,0.6191,0.716,0.8495,0.9409,0.9996
10B,Chinese,layer_19,mean,126.8097,13.8561,0.608073,0.2599,0.3533,0.4147,0.5173,0.6079,0.7072,0.8439,0.9383,0.9996
10B,Chinese,layer_20,mean,136.9388,15.2985,0.603191,0.2463,0.3399,0.4012,0.5049,0.5973,0.6986,0.8384,0.9358,0.9995
10B,Chinese,layer_21,mean,147.8784,17.9417,0.606313,0.2249,0.3248,0.3886,0.4968,0.5925,0.6964,0.8376,0.9353,0.9995
10B,Chinese,layer_22,mean,154.8297,19.9898,0.606962,0.2106,0.3167,0.382,0.4922,0.5894,0.6946,0.8368,0.9348,0.9995
10B,Chinese,layer_23,mean,162.4054,24.027,0.614396,0.1875,0.3031,0.3746,0.4932,0.5937,0.6996,0.8402,0.9362,0.9995
10B,Chinese,layer_24,mean,173.0787,28.2978,0.619502,0.1689,0.2879,0.3626,0.4846,0.5879,0.6967,0.84,0.9364,0.9995
10B,Chinese,layer_25,mean,175.6158,33.2495,0.628262,0.1491,0.2784,0.3624,0.4913,0.5967,0.7049,0.8452,0.9387,0.9996
10B,Chinese,layer_26,mean,185.6948,41.3446,0.639287,0.1256,0.2582,0.3486,0.4851,0.5948,0.7063,0.8482,0.9405,0.9996
10B,Chinese,layer_27,mean,193.6486,48.9294,0.643564,0.107,0.2431,0.3389,0.4811,0.5931,0.7057,0.8485,0.941,0.9996
10B,Chinese,layer_28,mean,193.4753,46.2228,0.640932,0.1148,0.2427,0.3397,0.4796,0.5899,0.702,0.8463,0.9402,0.9996
10B,Chinese,layer_29,mean,160.5741,30.1817,0.641833,0.1583,0.286,0.3806,0.5136,0.6165,0.7203,0.8554,0.9437,0.9996
10B,French,layer_0,last,10.5172,3.8623,1.102816,0.4742,0.7681,0.8556,0.9301,0.9579,0.978,0.9934,0.9985,1.0
10B,French,layer_1,last,31.4568,6.3254,0.98261,0.3766,0.5769,0.6606,0.7599,0.8367,0.9042,0.9691,0.9929,1.0
10B,French,layer_2,last,18.6727,3.7427,0.913004,0.5081,0.6648,0.7323,0.8091,0.8675,0.9181,0.9701,0.9922,1.0
10B,French,layer_3,last,11.2883,2.6301,0.876814,0.6118,0.7389,0.7922,0.8531,0.897,0.9348,0.9748,0.9929,1.0
10B,French,layer_4,last,8.9664,2.3119,0.856212,0.6539,0.7727,0.8197,0.8733,0.911,0.9433,0.9773,0.9933,1.0
10B,French,layer_5,last,9.3164,2.347,0.835096,0.6488,0.7665,0.8146,0.8694,0.9075,0.9403,0.9753,0.9924,1.0
10B,French,layer_6,last,10.4576,2.4897,0.812044,0.6293,0.7513,0.8011,0.8592,0.8991,0.9339,0.9717,0.991,1.0
10B,French,layer_7,last,15.7354,3.1003,0.802703,0.5622,0.6886,0.7452,0.8163,0.868,0.9139,0.963,0.9881,0.9999
10B,French,layer_8,last,20.8259,3.6728,0.784846,0.515,0.6452,0.7067,0.7866,0.8455,0.8982,0.9552,0.9853,0.9999
10B,French,layer_9,last,28.5533,4.6172,0.774527,0.4564,0.597,0.664,0.7517,0.8192,0.8804,0.947,0.9824,0.9999
10B,French,layer_10,last,47.5758,7.0866,0.77179,0.3639,0.5057,0.5793,0.6857,0.7726,0.8533,0.9355,0.9782,0.9999
10B,French,layer_11,last,60.9004,9.2046,0.7564,0.3147,0.466,0.544,0.6561,0.7477,0.8344,0.9259,0.9745,0.9998
10B,French,layer_12,last,103.7307,19.5712,0.759543,0.203,0.3465,0.4342,0.5755,0.6939,0.8058,0.9139,0.9701,0.9998
10B,French,layer_13,last,126.6914,26.8991,0.740448,0.1653,0.309,0.3985,0.5442,0.6662,0.7836,0.902,0.9653,0.9998
10B,French,layer_14,last,136.208,27.625,0.708073,0.163,0.3068,0.3949,0.535,0.6491,0.7622,0.8878,0.9591,0.9997
10B,French,layer_15,last,149.2533,35.5014,0.705287,0.1334,0.2827,0.3788,0.5258,0.6431,0.7566,0.8843,0.9577,0.9997
10B,French,layer_16,last,160.9817,43.591,0.699845,0.1102,0.2614,0.3617,0.516,0.6378,0.7515,0.8804,0.9559,0.9997
10B,French,layer_17,last,164.7446,46.3272,0.690031,0.1011,0.2572,0.3613,0.5154,0.6365,0.748,0.8765,0.9538,0.9997
10B,French,layer_18,last,172.5053,49.8208,0.678378,0.0918,0.2508,0.3558,0.5079,0.6282,0.7393,0.8702,0.9509,0.9997
10B,French,layer_19,last,176.5601,52.5588,0.669458,0.0823,0.246,0.3529,0.5067,0.6262,0.7359,0.8662,0.9487,0.9997
10B,French,layer_20,last,182.5729,57.153,0.666488,0.0711,0.2352,0.3425,0.5001,0.6227,0.7342,0.8644,0.9476,0.9996
10B,French,layer_21,last,194.9127,60.9867,0.654402,0.0663,0.2279,0.3305,0.487,0.6083,0.7192,0.8544,0.9436,0.9996
10B,French,layer_22,last,196.6642,60.5087,0.651081,0.0687,0.23,0.3271,0.4854,0.6056,0.7156,0.8526,0.9427,0.9996
10B,French,layer_23,last,197.2697,59.4957,0.663275,0.0735,0.2327,0.3296,0.4862,0.603,0.7121,0.8501,0.9416,0.9996
10B,French,layer_24,last,194.9342,57.2469,0.649715,0.0785,0.2385,0.3362,0.4875,0.6013,0.7115,0.8513,0.9424,0.9996
10B,French,layer_25,last,184.8453,52.5269,0.657569,0.087,0.2488,0.3449,0.4977,0.611,0.7218,0.858,0.9452,0.9996
10B,French,layer_26,last,179.6087,51.0163,0.673411,0.0908,0.2506,0.3466,0.4979,0.6149,0.7295,0.8658,0.9491,0.9997
10B,French,layer_27,last,160.7887,43.0848,0.684483,0.1048,0.2739,0.3697,0.5212,0.6361,0.7466,0.8756,0.9532,0.9997
10B,French,layer_28,last,141.3494,35.4723,0.69646,0.123,0.301,0.3973,0.5472,0.659,0.7644,0.8859,0.9575,0.9997
10B,French,layer_29,last,128.0035,30.5142,0.700977,0.1384,0.3223,0.4197,0.5672,0.6755,0.7765,0.892,0.9598,0.9997
10B,French,layer_0,mean,150.8414,54.5889,0.958626,0.0956,0.2152,0.3066,0.4802,0.6365,0.7901,0.9361,0.9852,0.9999
10B,French,layer_1,mean,138.4415,38.6634,0.892753,0.1322,0.2448,0.3346,0.5021,0.6506,0.7939,0.9301,0.9811,0.9999
10B,French,layer_2,mean,137.296,29.3757,0.817372,0.1635,0.2716,0.3528,0.5054,0.6414,0.7747,0.9125,0.9736,0.9999
10B,French,layer_3,mean,136.4612,26.0807,0.775462,0.1772,0.2837,0.3631,0.5106,0.6394,0.7655,0.9021,0.9685,0.9998
10B,French,layer_4,mean,140.8012,26.5785,0.747992,0.1751,0.2837,0.3639,0.5106,0.6355,0.7576,0.8939,0.9644,0.9998
10B,French,layer_5,mean,148.4748,29.3647,0.727408,0.1631,0.2793,0.361,0.5076,0.63,0.7494,0.8863,0.9607,0.9998
10B,French,layer_6,mean,160.1661,32.2477,0.708512,0.1535,0.2724,0.3514,0.4939,0.6149,0.7347,0.8765,0.9564,0.9997
10B,French,layer_7,mean,178.1618,40.856,0.696964,0.1295,0.2503,0.3308,0.4764,0.6006,0.7233,0.8688,0.9529,0.9997
10B,French,layer_8,mean,192.5247,48.9478,0.68513,0.1105,0.2377,0.319,0.4653,0.5886,0.7118,0.8609,0.9494,0.9997
10B,French,layer_9,mean,195.218,46.4872,0.670512,0.1157,0.2451,0.3225,0.4617,0.5808,0.7025,0.8537,0.9461,0.9996
10B,French,layer_10,mean,185.4232,40.3024,0.664982,0.1297,0.2582,0.3352,0.472,0.5892,0.7072,0.8544,0.9458,0.9996
10B,French,layer_11,mean,169.1201,30.025,0.65601,0.1617,0.2834,0.3562,0.4851,0.5961,0.7098,0.8542,0.9452,0.9996
10B,French,layer_12,mean,145.5695,22.6621,0.659607,0.1936,0.308,0.3832,0.5121,0.6207,0.7279,0.8632,0.9484,0.9997
10B,French,layer_13,mean,147.6533,22.8649,0.655811,0.1929,0.3061,0.3818,0.5097,0.6175,0.7247,0.8611,0.9474,0.9996
10B,French,layer_14,mean,159.8964,22.8218,0.636839,0.1953,0.2999,0.3667,0.4866,0.592,0.7016,0.847,0.9414,0.9996
10B,French,layer_15,mean,166.778,24.329,0.635004,0.1885,0.2905,0.3584,0.4787,0.5854,0.6966,0.8441,0.9403,0.9996
10B,French,layer_16,mean,173.9548,26.6724,0.635099,0.1784,0.2797,0.3497,0.4727,0.5811,0.6941,0.8427,0.9396,0.9996
10B,French,layer_17,mean,183.1183,30.8133,0.654472,0.1628,0.2659,0.3394,0.4659,0.5769,0.6927,0.8424,0.9396,0.9996
10B,French,layer_18,mean,191.9204,32.4248,0.648,0.1583,0.2607,0.3311,0.4546,0.5654,0.6828,0.8365,0.9371,0.9996
10B,French,layer_19,mean,201.3946,34.576,0.628136,0.1528,0.2515,0.3207,0.4432,0.5545,0.6741,0.8318,0.9353,0.9996
10B,French,layer_20,mean,211.5421,38.5024,0.626077,0.1428,0.2408,0.3106,0.4328,0.547,0.6689,0.8289,0.9339,0.9995
10B,French,layer_21,mean,218.6572,42.2162,0.626324,0.1342,0.2328,0.3037,0.4272,0.5422,0.6659,0.8278,0.9334,0.9995
10B,French,layer_22,mean,227.6968,47.9262,0.629143,0.1223,0.2235,0.2949,0.4189,0.5357,0.6627,0.8274,0.9334,0.9995
10B,French,layer_23,mean,230.8875,52.3774,0.631366,0.1135,0.2166,0.2924,0.4201,0.5369,0.6641,0.8285,0.9338,0.9995
10B,French,layer_24,mean,238.5119,58.0311,0.635702,0.1046,0.2083,0.2838,0.4119,0.5301,0.6603,0.8286,0.9343,0.9995
10B,French,layer_25,mean,233.4377,62.4444,0.646786,0.0949,0.2061,0.2862,0.4213,0.5412,0.6712,0.8362,0.9377,0.9996
10B,French,layer_26,mean,225.3484,66.3026,0.663783,0.0852,0.204,0.2898,0.4318,0.5551,0.6856,0.8467,0.9425,0.9996
10B,French,layer_27,mean,213.1037,61.49,0.671,0.0888,0.2137,0.3032,0.4468,0.5687,0.6966,0.853,0.9452,0.9996
10B,French,layer_28,mean,188.4158,46.9566,0.675094,0.1126,0.2436,0.3335,0.475,0.5919,0.7128,0.8605,0.9482,0.9996
10B,French,layer_29,mean,166.7502,36.4463,0.675208,0.1363,0.2719,0.3646,0.5018,0.6127,0.7262,0.8663,0.9502,0.9997
10B,Indonesian,layer_0,last,10.0805,3.5973,1.01925,0.4907,0.7894,0.8565,0.9229,0.9497,0.9702,0.9899,0.9976,1.0
10B,Indonesian,layer_1,last,26.3385,5.3114,0.946385,0.4112,0.621,0.6894,0.7755,0.842,0.9039,0.9672,0.992,1.0
10B,Indonesian,layer_2,last,11.9282,2.7599,0.891867,0.5951,0.7393,0.7884,0.846,0.8901,0.9302,0.9735,0.993,1.0
10B,Indonesian,layer_3,last,6.9936,2.0255,0.878859,0.6994,0.8089,0.8459,0.8883,0.9197,0.948,0.9794,0.9942,1.0
10B,Indonesian,layer_4,last,5.5279,1.8056,0.849854,0.7419,0.8381,0.8698,0.9061,0.9323,0.9557,0.982,0.9948,1.0
10B,Indonesian,layer_5,last,5.5366,1.8014,0.847626,0.7428,0.8382,0.8691,0.9054,0.9313,0.9546,0.9812,0.9944,1.0
10B,Indonesian,layer_6,last,6.2158,1.9074,0.830911,0.7211,0.8259,0.8585,0.8972,0.9251,0.9499,0.9787,0.9935,1.0
10B,Indonesian,layer_7,last,8.6822,2.223,0.806481,0.6668,0.7794,0.8185,0.8675,0.9039,0.9357,0.9723,0.9914,1.0
10B,Indonesian,layer_8,last,11.2545,2.5347,0.802693,0.6231,0.7452,0.7872,0.8429,0.8853,0.9228,0.966,0.9891,0.9999
10B,Indonesian,layer_9,last,15.0823,2.9895,0.775774,0.5718,0.7057,0.7517,0.8146,0.8631,0.9071,0.9586,0.9866,0.9999
10B,Indonesian,layer_10,last,25.6833,4.2069,0.775777,0.479,0.6184,0.6743,0.7557,0.8237,0.8838,0.9484,0.983,0.9999
10B,Indonesian,layer_11,last,35.2194,5.3229,0.756077,0.4223,0.5713,0.6312,0.719,0.793,0.8607,0.9369,0.9788,0.9999
10B,Indonesian,layer_12,last,66.696,10.0956,0.757348,0.2984,0.4462,0.5189,0.6373,0.7381,0.8299,0.9231,0.9737,0.9998
10B,Indonesian,layer_13,last,83.669,13.0442,0.739242,0.258,0.4051,0.4825,0.605,0.7094,0.8082,0.9118,0.9692,0.9998
10B,Indonesian,layer_14,last,84.7322,12.326,0.724893,0.2666,0.4159,0.4882,0.6023,0.698,0.7925,0.9011,0.9645,0.9998
10B,Indonesian,layer_15,last,101.1016,16.2342,0.704339,0.2267,0.3769,0.4586,0.5831,0.6836,0.7817,0.8949,0.962,0.9998
10B,Indonesian,layer_16,last,114.6215,19.9815,0.695353,0.1993,0.3518,0.4373,0.5679,0.6712,0.7717,0.8884,0.9592,0.9997
10B,Indonesian,layer_17,last,121.6137,22.2862,0.684054,0.1852,0.3413,0.4302,0.5637,0.6664,0.7655,0.883,0.9566,0.9997
10B,Indonesian,layer_18,last,130.8435,24.9124,0.686101,0.1715,0.3306,0.4206,0.5539,0.6562,0.7555,0.8755,0.953,0.9997
10B,Indonesian,layer_19,last,142.7315,28.0322,0.656611,0.1584,0.3179,0.4071,0.5403,0.6421,0.7415,0.8659,0.9489,0.9997
10B,Indonesian,layer_20,last,155.2716,32.9098,0.648997,0.1411,0.2985,0.3913,0.5284,0.6318,0.7325,0.8596,0.9459,0.9996
10B,Indonesian,layer_21,last,183.5981,40.3189,0.630423,0.1231,0.2728,0.3624,0.495,0.596,0.6989,0.8395,0.9383,0.9996
10B,Indonesian,layer_22,last,195.4938,45.6873,0.627717,0.1096,0.2601,0.3499,0.483,0.5838,0.6889,0.835,0.9365,0.9996
10B,Indonesian,layer_23,last,207.7511,50.378,0.623532,0.0999,0.2505,0.339,0.4698,0.5699,0.6761,0.8286,0.9342,0.9996
10B,Indonesian,layer_24,last,215.5456,54.2318,0.623356,0.0922,0.2424,0.3341,0.4615,0.5611,0.6691,0.8258,0.9334,0.9996
10B,Indonesian,layer_25,last,213.0125,56.464,0.631051,0.0845,0.2408,0.3323,0.4637,0.5679,0.6776,0.8316,0.9357,0.9996
10B,Indonesian,layer_26,last,212.7954,60.2016,0.647023,0.0789,0.2323,0.3252,0.4608,0.5704,0.685,0.8398,0.9396,0.9996
10B,Indonesian,layer_27,last,196.7661,55.7542,0.6576,0.082,0.244,0.342,0.482,0.5905,0.7018,0.8497,0.9437,0.9996
10B,Indonesian,layer_28,last,167.3301,45.5984,0.670753,0.0922,0.2749,0.3816,0.5218,0.6252,0.7293,0.8649,0.9497,0.9997
10B,Indonesian,layer_29,last,145.5934,37.2186,0.674928,0.106,0.3073,0.4176,0.5522,0.6493,0.7468,0.8739,0.953,0.9997
10B,Indonesian,layer_0,mean,158.4436,56.1122,0.982776,0.1,0.2014,0.2864,0.4521,0.6138,0.7814,0.9365,0.9863,0.9999
10B,Indonesian,layer_1,mean,156.1093,41.975,0.908343,0.1295,0.2285,0.3085,0.4609,0.6108,0.7674,0.9216,0.9798,0.9999
10B,Indonesian,layer_2,mean,152.6481,32.3311,0.830189,0.157,0.2515,0.3278,0.4693,0.6076,0.7537,0.9075,0.9736,0.9999
10B,Indonesian,layer_3,mean,146.7491,26.1952,0.790022,0.1801,0.2702,0.3439,0.4794,0.6086,0.7466,0.8982,0.9691,0.9998
10B,Indonesian,layer_4,mean,148.9248,25.6769,0.761711,0.1822,0.275,0.3489,0.4814,0.6062,0.7399,0.8903,0.9651,0.9998
10B,Indonesian,layer_5,mean,153.4161,26.4654,0.739935,0.1785,0.276,0.3497,0.4804,0.6025,0.7332,0.8832,0.9615,0.9998
10B,Indonesian,layer_6,mean,162.6494,28.1743,0.720188,0.1719,0.2716,0.3435,0.4709,0.5908,0.7208,0.8742,0.9574,0.9998
10B,Indonesian,layer_7,mean,174.1607,31.9212,0.720869,0.159,0.259,0.3327,0.4619,0.5822,0.7121,0.8668,0.9539,0.9997
10B,Indonesian,layer_8,mean,188.5306,37.0059,0.689316,0.1439,0.2479,0.3224,0.4504,0.5693,0.6989,0.8576,0.9498,0.9997
10B,Indonesian,layer_9,mean,186.932,33.7243,0.674123,0.1533,0.2571,0.3285,0.4511,0.5662,0.6927,0.8516,0.9467,0.9997
10B,Indonesian,layer_10,mean,173.0353,27.4236,0.663611,0.1749,0.2768,0.3463,0.4649,0.5759,0.6969,0.8513,0.9457,0.9997
10B,Indonesian,layer_11,mean,149.4914,19.3918,0.652354,0.2154,0.3108,0.3753,0.486,0.5896,0.7038,0.8525,0.9454,0.9996
10B,Indonesian,layer_12,mean,120.5547,13.6818,0.650315,0.2618,0.3516,0.4132,0.5194,0.6175,0.7232,0.8611,0.9483,0.9997
10B,Indonesian,layer_13,mean,119.7694,13.3004,0.643067,0.266,0.3546,0.4159,0.5203,0.6166,0.7205,0.8584,0.9468,0.9996
10B,Indonesian,layer_14,mean,126.1313,13.2224,0.625575,0.2677,0.3503,0.4074,0.5055,0.5992,0.7038,0.8475,0.9419,0.9996
10B,Indonesian,layer_15,mean,131.2809,13.9535,0.637294,0.26,0.3439,0.4014,0.5011,0.595,0.6994,0.8442,0.9404,0.9996
10B,Indonesian,layer_16,mean,138.7877,15.2719,0.619361,0.2475,0.3332,0.3923,0.4951,0.5901,0.6956,0.8417,0.9391,0.9996
10B,Indonesian,layer_17,mean,150.1161,17.4787,0.618517,0.2297,0.3172,0.3786,0.4857,0.5822,0.6899,0.8384,0.9377,0.9996
10B,Indonesian,layer_18,mean,158.2224,18.6734,0.612955,0.2216,0.3094,0.3698,0.4759,0.5732,0.682,0.8332,0.9354,0.9996
10B,Indonesian,layer_19,mean,167.266,19.9955,0.606689,0.2135,0.3003,0.3603,0.4658,0.563,0.6731,0.8274,0.9328,0.9995
10B,Indonesian,layer_20,mean,177.0593,22.1674,0.602786,0.2013,0.2904,0.3505,0.4576,0.5563,0.6675,0.8235,0.9307,0.9995
10B,Indonesian,layer_21,mean,187.5518,24.8155,0.598859,0.1883,0.2803,0.3411,0.4497,0.5489,0.6613,0.8194,0.9287,0.9995
10B,Indonesian,layer_22,mean,197.5568,28.7075,0.600631,0.1719,0.2689,0.333,0.4446,0.5452,0.6589,0.8185,0.9283,0.9995
10B,Indonesian,layer_23,mean,205.7364,32.3438,0.600593,0.1589,0.2603,0.3275,0.4404,0.5423,0.6566,0.817,0.9276,0.9995
10B,Indonesian,layer_24,mean,216.7676,37.7787,0.604599,0.143,0.2476,0.3173,0.4325,0.5358,0.6531,0.8165,0.9278,0.9995
10B,Indonesian,layer_25,mean,218.5232,44.4066,0.61527,0.1246,0.2406,0.3172,0.4382,0.544,0.6621,0.8232,0.9308,0.9995
10B,Indonesian,layer_26,mean,215.6534,53.3207,0.63355,0.1018,0.2328,0.32,0.4489,0.5595,0.6782,0.8349,0.9361,0.9996
10B,Indonesian,layer_27,mean,204.3874,54.6231,0.643866,0.0917,0.2394,0.3338,0.4672,0.5777,0.6933,0.8439,0.94,0.9996
10B,Indonesian,layer_28,mean,172.0005,41.4576,0.652274,0.1131,0.2772,0.375,0.5079,0.6123,0.7188,0.8572,0.9453,0.9996
10B,Indonesian,layer_29,mean,152.6775,34.8004,0.654394,0.127,0.3039,0.4048,0.5355,0.634,0.734,0.8646,0.9481,0.9996
10B,Italian,layer_0,last,9.2482,3.5664,1.038414,0.4794,0.811,0.867,0.928,0.9542,0.9741,0.9915,0.998,1.0
10B,Italian,layer_1,last,30.1412,5.8815,0.9455,0.3852,0.6047,0.6642,0.7505,0.8226,0.8927,0.9639,0.9914,1.0
10B,Italian,layer_2,last,19.8684,3.9458,0.895729,0.4902,0.6775,0.7255,0.7956,0.8523,0.9061,0.9645,0.9905,1.0
10B,Italian,layer_3,last,11.4295,2.6542,0.848479,0.6074,0.752,0.792,0.8455,0.8879,0.9274,0.9709,0.9917,1.0
10B,Italian,layer_4,last,8.4187,2.2199,0.843228,0.6669,0.791,0.8261,0.8709,0.9058,0.9383,0.9745,0.9924,1.0
10B,Italian,layer_5,last,8.3743,2.1859,0.821943,0.6725,0.7896,0.8246,0.8692,0.9041,0.9365,0.9728,0.9916,1.0
10B,Italian,layer_6,last,9.0312,2.2504,0.799613,0.6627,0.7784,0.8153,0.8614,0.8974,0.9311,0.9696,0.9902,0.9999
10B,Italian,layer_7,last,13.4887,2.7379,0.793137,0.5997,0.7165,0.7623,0.8213,0.8677,0.9115,0.9609,0.9873,0.9999
10B,Italian,layer_8,last,17.6753,3.1659,0.776259,0.5568,0.6758,0.7258,0.7932,0.8456,0.8958,0.953,0.9843,0.9999
10B,Italian,layer_9,last,24.3454,3.8999,0.751193,0.4996,0.6292,0.6839,0.7591,0.8193,0.8777,0.9443,0.9812,0.9999
10B,Italian,layer_10,last,42.3725,5.9611,0.751717,0.4007,0.5311,0.595,0.6928,0.7726,0.8497,0.9321,0.9767,0.9999
10B,Italian,layer_11,last,55.3703,7.6246,0.736507,0.3513,0.4893,0.5561,0.6597,0.7453,0.8292,0.9215,0.9726,0.9998
10B,Italian,layer_12,last,98.1533,16.5111,0.743442,0.2281,0.3612,0.4459,0.5829,0.6966,0.8028,0.91,0.9683,0.9998
10B,Italian,layer_13,last,121.6904,22.8148,0.725059,0.1876,0.319,0.4087,0.5496,0.6674,0.78,0.8979,0.9633,0.9998
10B,Italian,layer_14,last,131.616,23.3292,0.693731,0.1857,0.3184,0.4042,0.5364,0.6464,0.7571,0.883,0.9569,0.9997
10B,Italian,layer_15,last,145.6845,30.7391,0.691342,0.1524,0.2907,0.3889,0.5289,0.6415,0.7518,0.8796,0.9554,0.9997
10B,Italian,layer_16,last,156.0346,38.3047,0.68694,0.1256,0.2733,0.3755,0.5238,0.6395,0.749,0.8768,0.9539,0.9997
10B,Italian,layer_17,last,160.5062,41.6794,0.678394,0.1133,0.2678,0.3736,0.5231,0.6379,0.7452,0.8731,0.9521,0.9997
10B,Italian,layer_18,last,167.4617,45.2579,0.684508,0.1018,0.2621,0.3691,0.5173,0.6314,0.7379,0.8676,0.9494,0.9997
10B,Italian,layer_19,last,172.1224,48.5626,0.660768,0.0897,0.257,0.3651,0.5156,0.6289,0.7342,0.8638,0.9475,0.9996
10B,Italian,layer_20,last,177.5979,53.92,0.660262,0.0744,0.246,0.3524,0.5109,0.6278,0.7351,0.8636,0.947,0.9996
10B,Italian,layer_21,last,189.8999,57.6369,0.647693,0.0678,0.2389,0.3418,0.498,0.6125,0.7193,0.853,0.9428,0.9996
10B,Italian,layer_22,last,189.3192,55.962,0.645875,0.0737,0.2442,0.343,0.4978,0.6106,0.7177,0.8524,0.9424,0.9996
10B,Italian,layer_23,last,191.6214,55.0924,0.64175,0.0795,0.2456,0.3435,0.4948,0.6052,0.7124,0.8493,0.9411,0.9996
10B,Italian,layer_24,last,189.5499,53.3017,0.645403,0.0831,0.2515,0.3479,0.496,0.6038,0.7116,0.8506,0.9421,0.9996
10B,Italian,layer_25,last,175.7598,48.2665,0.655875,0.09,0.2649,0.3619,0.5114,0.6191,0.7257,0.8597,0.9459,0.9996
10B,Italian,layer_26,last,166.8632,45.8458,0.673546,0.0942,0.2702,0.3707,0.5184,0.6279,0.7367,0.8692,0.9505,0.9997
10B,Italian,layer_27,last,141.437,36.8516,0.688445,0.1113,0.3034,0.4085,0.5538,0.6595,0.7615,0.883,0.9562,0.9997
10B,Italian,layer_28,last,121.4475,29.9041,0.70273,0.1335,0.3343,0.4409,0.5835,0.6853,0.782,0.8948,0.961,0.9997
10B,Italian,layer_29,last,110.1346,26.0718,0.707155,0.1494,0.3546,0.4618,0.6022,0.7007,0.7933,0.9006,0.9632,0.9998
10B,Italian,layer_0,mean,157.0572,55.541,0.950096,0.0957,0.2157,0.3053,0.4686,0.6223,0.7781,0.9316,0.9843,0.9999
10B,Italian,layer_1,mean,147.0552,40.5901,0.881806,0.1289,0.2394,0.3292,0.4895,0.6335,0.7789,0.9236,0.9795,0.9999
10B,Italian,layer_2,mean,144.5654,30.8476,0.812889,0.1591,0.2663,0.3496,0.4944,0.6268,0.7621,0.9073,0.9724,0.9999
10B,Italian,layer_3,mean,142.1715,26.2637,0.771617,0.1777,0.2798,0.3591,0.5002,0.6251,0.7532,0.8967,0.9672,0.9998
10B,Italian,layer_4,mean,145.9002,26.5986,0.74514,0.1761,0.2804,0.36,0.5007,0.6222,0.7464,0.889,0.9632,0.9998
10B,Italian,layer_5,mean,153.3373,29.0329,0.723966,0.1658,0.276,0.3577,0.4969,0.6169,0.7387,0.8814,0.9594,0.9998
10B,Italian,layer_6,mean,165.1883,31.7972,0.704918,0.1568,0.2673,0.3476,0.4833,0.6024,0.7247,0.8717,0.955,0.9997
10B,Italian,layer_7,mean,181.16,38.8193,0.692144,0.1367,0.2478,0.3293,0.4694,0.5904,0.7146,0.8643,0.9514,0.9997
10B,Italian,layer_8,mean,196.106,46.5382,0.679206,0.1184,0.2344,0.317,0.4586,0.5795,0.7033,0.8561,0.9477,0.9997
10B,Italian,layer_9,mean,199.8675,44.1983,0.664315,0.1246,0.2384,0.3181,0.4535,0.5709,0.6931,0.8484,0.944,0.9996
10B,Italian,layer_10,mean,190.4071,38.0584,0.656963,0.1394,0.2516,0.3301,0.463,0.5777,0.6965,0.8481,0.9432,0.9996
10B,Italian,layer_11,mean,172.4763,28.0635,0.647886,0.1719,0.2772,0.3512,0.4766,0.5858,0.7002,0.8482,0.9426,0.9996
10B,Italian,layer_12,mean,147.1785,21.0093,0.650056,0.2046,0.3049,0.3794,0.5046,0.6108,0.7187,0.8571,0.9458,0.9996
10B,Italian,layer_13,mean,148.8396,21.2387,0.646089,0.2033,0.3046,0.3783,0.5028,0.6088,0.7163,0.8552,0.9448,0.9996
10B,Italian,layer_14,mean,160.941,21.272,0.627894,0.2051,0.2972,0.3639,0.4805,0.5841,0.6941,0.8414,0.939,0.9996
10B,Italian,layer_15,mean,167.4866,22.6897,0.625994,0.1978,0.2892,0.3559,0.4736,0.5783,0.6897,0.8388,0.9378,0.9996
10B,Italian,layer_16,mean,174.1649,24.7918,0.626201,0.1877,0.2801,0.3482,0.468,0.5749,0.6878,0.8378,0.9373,0.9996
10B,Italian,layer_17,mean,184.5256,28.7142,0.628161,0.1716,0.2666,0.3371,0.4605,0.5698,0.6846,0.8365,0.9369,0.9996
10B,Italian,layer_18,mean,193.1317,30.5915,0.622729,0.1653,0.2609,0.3295,0.4505,0.5598,0.6765,0.8314,0.9346,0.9995
10B,Italian,layer_19,mean,203.4709,32.8358,0.619372,0.1592,0.2509,0.3181,0.4381,0.5483,0.6675,0.8267,0.9327,0.9995
10B,Italian,layer_20,mean,213.581,36.5719,0.617859,0.1489,0.2409,0.3077,0.4282,0.5409,0.6623,0.8239,0.9314,0.9995
10B,Italian,layer_21,mean,220.3598,40.0936,0.618262,0.14,0.2341,0.3019,0.4232,0.5368,0.6596,0.823,0.931,0.9995
10B,Italian,layer_22,mean,228.327,45.121,0.620091,0.1286,0.2264,0.295,0.417,0.5321,0.6571,0.8226,0.9309,0.9995
10B,Italian,layer_23,mean,233.4593,49.2089,0.621378,0.1202,0.221,0.291,0.4144,0.5299,0.6559,0.8225,0.9309,0.9995
10B,Italian,layer_24,mean,240.7029,54.9204,0.625882,0.1103,0.2139,0.2844,0.4078,0.5245,0.6534,0.8231,0.9315,0.9995
10B,Italian,layer_25,mean,234.2476,59.4656,0.637727,0.0996,0.2124,0.2908,0.4196,0.5377,0.6659,0.8317,0.9353,0.9995
10B,Italian,layer_26,mean,222.749,63.6028,0.656723,0.0878,0.2113,0.2982,0.4366,0.5579,0.685,0.8446,0.9411,0.9996
10B,Italian,layer_27,mean,206.4302,58.0061,0.665888,0.092,0.2235,0.3173,0.4573,0.5767,0.7001,0.8532,0.9447,0.9996
10B,Italian,layer_28,mean,176.0829,42.2657,0.672286,0.1202,0.2579,0.3553,0.4933,0.6066,0.7217,0.8637,0.9489,0.9997
10B,Italian,layer_29,mean,156.087,33.4774,0.673014,0.1428,0.2853,0.3842,0.5185,0.6268,0.7353,0.8697,0.951,0.9997
10B,Swahili,layer_0,last,10.9446,3.6782,1.10911,0.4956,0.7531,0.8225,0.9185,0.9578,0.9782,0.9935,0.9985,1.0
10B,Swahili,layer_1,last,30.8082,5.9296,1.002678,0.394,0.5768,0.6515,0.7515,0.8348,0.9062,0.9707,0.9934,1.0
10B,Swahili,layer_2,last,18.7334,3.8229,0.938482,0.5013,0.6711,0.729,0.8052,0.8678,0.9208,0.9722,0.993,1.0
10B,Swahili,layer_3,last,10.8602,2.5845,0.919071,0.617,0.748,0.7925,0.8519,0.8987,0.9378,0.9769,0.9938,1.0
10B,Swahili,layer_4,last,7.9435,2.1506,0.883801,0.6788,0.7869,0.827,0.8772,0.9161,0.9479,0.98,0.9943,1.0
10B,Swahili,layer_5,last,7.6078,2.0922,0.866399,0.6886,0.7914,0.8302,0.8807,0.9182,0.9485,0.9797,0.9941,1.0
10B,Swahili,layer_6,last,7.9742,2.1393,0.862532,0.6808,0.7848,0.8244,0.8778,0.9159,0.9463,0.9782,0.9934,1.0
10B,Swahili,layer_7,last,11.1199,2.5218,0.832803,0.6259,0.7364,0.7838,0.8466,0.8934,0.9315,0.9716,0.9913,1.0
10B,Swahili,layer_8,last,13.6609,2.8311,0.81297,0.5895,0.7074,0.7593,0.8282,0.8791,0.921,0.9664,0.9894,0.9999
10B,Swahili,layer_9,last,19.5628,3.5421,0.800932,0.5246,0.6543,0.7128,0.7911,0.8523,0.9037,0.9585,0.9867,0.9999
10B,Swahili,layer_10,last,35.8584,5.6445,0.803582,0.4114,0.5457,0.615,0.7205,0.8091,0.8813,0.9489,0.9832,0.9999
10B,Swahili,layer_11,last,50.7125,7.6294,0.781771,0.3499,0.4908,0.5642,0.674,0.7703,0.8548,0.9363,0.9787,0.9999
10B,Swahili,layer_12,last,86.7595,15.2549,0.77545,0.2369,0.3767,0.4599,0.6012,0.7219,0.8271,0.9237,0.9739,0.9998
10B,Swahili,layer_13,last,108.8029,20.6698,0.749824,0.1966,0.3405,0.4244,0.5646,0.6875,0.8012,0.9098,0.9683,0.9998
10B,Swahili,layer_14,last,117.9257,21.5078,0.717399,0.1908,0.3434,0.4264,0.5507,0.6645,0.7779,0.8958,0.9624,0.9998
10B,Swahili,layer_15,last,134.4763,28.3315,0.714224,0.1565,0.315,0.4048,0.5343,0.6491,0.7659,0.8903,0.9603,0.9997
10B,Swahili,layer_16,last,148.1443,34.0706,0.699961,0.1333,0.3002,0.3927,0.522,0.6343,0.7512,0.8813,0.9567,0.9997
10B,Swahili,layer_17,last,153.4828,37.016,0.692138,0.1209,0.2972,0.391,0.5193,0.6289,0.7451,0.877,0.9548,0.9997
10B,Swahili,layer_18,last,162.8265,40.9473,0.684987,0.1087,0.2858,0.379,0.5096,0.619,0.7363,0.8715,0.9525,0.9997
10B,Swahili,layer_19,last,169.2827,43.2467,0.675354,0.0994,0.2825,0.376,0.5038,0.611,0.7268,0.8655,0.95,0.9997
10B,Swahili,layer_20,last,176.9755,46.1446,0.665971,0.0906,0.2748,0.3697,0.4985,0.6027,0.7174,0.8592,0.9473,0.9997
10B,Swahili,layer_21,last,199.2091,53.815,0.65541,0.0802,0.2536,0.3438,0.4723,0.577,0.6946,0.8466,0.9426,0.9996
10B,Swahili,layer_22,last,207.5993,57.2076,0.648999,0.0756,0.2442,0.3364,0.4649,0.5692,0.686,0.8413,0.9405,0.9996
10B,Swahili,layer_23,last,218.5913,62.3817,0.645346,0.0722,0.2301,0.3226,0.4532,0.561,0.6781,0.8365,0.9386,0.9996
10B,Swahili,layer_24,last,225.5507,65.9103,0.660174,0.0697,0.2237,0.3164,0.4464,0.5548,0.6721,0.8329,0.9374,0.9996
10B,Swahili,layer_25,last,224.619,66.4987,0.644096,0.0693,0.2223,0.317,0.4494,0.5573,0.6739,0.8336,0.9378,0.9996
10B,Swahili,layer_26,last,216.568,65.5238,0.670288,0.0689,0.2232,0.3215,0.4599,0.5687,0.6839,0.8406,0.941,0.9996
10B,Swahili,layer_27,last,185.7136,51.9798,0.664648,0.0853,0.25,0.3583,0.4985,0.6026,0.7103,0.8548,0.9464,0.9997
10B,Swahili,layer_28,last,149.8915,39.0506,0.681226,0.1088,0.2907,0.4092,0.5474,0.6457,0.7445,0.8736,0.9537,0.9997
10B,Swahili,layer_29,last,130.6086,33.3799,0.689408,0.12,0.3202,0.4407,0.5784,0.672,0.7648,0.884,0.9576,0.9997
10B,Swahili,layer_0,mean,147.1394,50.1814,0.967394,0.1039,0.226,0.3186,0.4858,0.6366,0.7893,0.9364,0.9858,0.9999
10B,Swahili,layer_1,mean,144.2072,36.7114,0.893169,0.1402,0.2476,0.3343,0.4891,0.6296,0.7761,0.9237,0.9804,0.9999
10B,Swahili,layer_2,mean,140.113,28.1555,0.83205,0.1698,0.2721,0.3523,0.4948,0.6251,0.7629,0.9103,0.9746,0.9999
10B,Swahili,layer_3,mean,136.9331,24.1604,0.795394,0.1876,0.2861,0.3625,0.4994,0.6237,0.7557,0.9019,0.9704,0.9998
10B,Swahili,layer_4,mean,142.1668,24.5782,0.78482,0.186,0.2834,0.3611,0.4955,0.6167,0.7466,0.894,0.9666,0.9998
10B,Swahili,layer_5,mean,151.1674,27.4771,0.751111,0.1734,0.275,0.3534,0.4887,0.6103,0.7391,0.8874,0.9634,0.9998
10B,Swahili,layer_6,mean,164.0553,31.9575,0.733582,0.1568,0.2651,0.3447,0.478,0.5976,0.7262,0.8789,0.9598,0.9998
10B,Swahili,layer_7,mean,179.2745,39.0798,0.719241,0.1357,0.2511,0.3306,0.4651,0.586,0.7157,0.8714,0.9563,0.9997
10B,Swahili,layer_8,mean,197.1804,48.9662,0.705609,0.1125,0.2353,0.3151,0.4502,0.5711,0.7024,0.8628,0.9526,0.9997
10B,Swahili,layer_9,mean,199.2861,48.6232,0.693541,0.112,0.2391,0.3183,0.4498,0.5679,0.6972,0.8578,0.9501,0.9997
10B,Swahili,layer_10,mean,193.4334,43.0826,0.683496,0.1247,0.248,0.3274,0.4561,0.5716,0.6979,0.8556,0.9485,0.9997
10B,Swahili,layer_11,mean,178.758,33.5841,0.674605,0.1506,0.2683,0.3462,0.4697,0.5798,0.7015,0.8555,0.9478,0.9997
10B,Swahili,layer_12,mean,150.5702,22.5856,0.671443,0.1949,0.3041,0.3782,0.4959,0.6009,0.7162,0.8616,0.9496,0.9997
10B,Swahili,layer_13,mean,145.7868,20.7556,0.6646,0.2055,0.3105,0.3851,0.5016,0.6044,0.717,0.8605,0.9487,0.9997
10B,Swahili,layer_14,mean,151.0576,21.4843,0.6536,0.2016,0.3069,0.382,0.4965,0.5979,0.7097,0.8547,0.9459,0.9996
10B,Swahili,layer_15,mean,151.4239,21.4258,0.64986,0.2021,0.3074,0.382,0.4964,0.5978,0.709,0.8535,0.9451,0.9996
10B,Swahili,layer_16,mean,156.8024,23.0721,0.645321,0.1931,0.3027,0.3777,0.4929,0.5952,0.7059,0.8509,0.9437,0.9996
10B,Swahili,layer_17,mean,164.6924,25.1556,0.639151,0.1833,0.2942,0.3697,0.486,0.5893,0.7001,0.8466,0.9415,0.9996
10B,Swahili,layer_18,mean,169.3621,28.4191,0.638865,0.1684,0.2872,0.3662,0.4878,0.5925,0.7024,0.8469,0.9412,0.9996
10B,Swahili,layer_19,mean,176.0773,30.6183,0.632497,0.1603,0.2806,0.3609,0.4829,0.5875,0.6971,0.8427,0.9391,0.9996
10B,Swahili,layer_20,mean,184.1075,33.5502,0.629186,0.1509,0.2714,0.3522,0.4756,0.5817,0.6919,0.8394,0.9376,0.9996
10B,Swahili,layer_21,mean,194.0516,37.8215,0.626476,0.1392,0.2574,0.3417,0.4681,0.5758,0.6866,0.8358,0.9361,0.9996
10B,Swahili,layer_22,mean,193.3467,38.9993,0.626444,0.1347,0.259,0.3445,0.4723,0.5787,0.6885,0.8366,0.9363,0.9996
10B,Swahili,layer_23,mean,194.1122,41.7772,0.630518,0.126,0.2567,0.3454,0.4741,0.5816,0.6914,0.8388,0.9374,0.9996
10B,Swahili,layer_24,mean,191.8381,44.2103,0.634948,0.1168,0.2564,0.3499,0.4812,0.588,0.6967,0.8421,0.9389,0.9996
10B,Swahili,layer_25,mean,194.2119,47.2643,0.637471,0.1082,0.2517,0.3482,0.4807,0.5877,0.6969,0.8428,0.9393,0.9996
10B,Swahili,layer_26,mean,180.0935,46.359,0.654138,0.1025,0.2615,0.3645,0.5003,0.6067,0.7146,0.8548,0.9448,0.9996
10B,Swahili,layer_27,mean,145.1135,34.9889,0.670049,0.1188,0.31,0.413,0.5477,0.6472,0.7466,0.8728,0.9521,0.9997
10B,Swahili,layer_28,mean,111.2458,25.7451,0.703685,0.1426,0.3635,0.4696,0.6028,0.6942,0.7833,0.8926,0.9599,0.9997
10B,Swahili,layer_29,mean,95.3795,21.8488,0.695781,0.1579,0.393,0.5023,0.6328,0.7194,0.8023,0.9024,0.9636,0.9998
10B,Spanish,layer_0,last,8.5207,3.2521,1.001324,0.5065,0.8265,0.8741,0.9205,0.9479,0.9703,0.9899,0.9975,1.0
10B,Spanish,layer_1,last,22.4355,4.6619,0.939245,0.4382,0.6604,0.7085,0.7835,0.8454,0.9056,0.9684,0.9923,1.0
10B,Spanish,layer_2,last,15.3396,3.4109,0.881494,0.528,0.725,0.7627,0.8243,0.8728,0.9188,0.9696,0.9918,1.0
10B,Spanish,layer_3,last,9.1326,2.4216,0.850927,0.6354,0.7908,0.8226,0.8693,0.9048,0.9383,0.9756,0.993,1.0
10B,Spanish,layer_4,last,7.1467,2.116,0.832783,0.6821,0.8215,0.8502,0.8894,0.9192,0.9472,0.9785,0.9935,1.0
10B,Spanish,layer_5,last,7.2712,2.1107,0.812263,0.6832,0.817,0.8467,0.8862,0.9166,0.9449,0.9768,0.9928,1.0
10B,Spanish,layer_6,last,7.9986,2.1993,0.805528,0.6688,0.8048,0.8358,0.8771,0.909,0.9389,0.9734,0.9915,1.0
10B,Spanish,layer_7,last,12.319,2.724,0.785669,0.5989,0.741,0.7816,0.8361,0.8787,0.9189,0.9647,0.9886,0.9999
10B,Spanish,layer_8,last,16.4084,3.1733,0.769089,0.5536,0.6982,0.7437,0.8062,0.8555,0.9026,0.9567,0.9857,0.9999
10B,Spanish,layer_9,last,22.4164,3.8957,0.758894,0.4965,0.6531,0.7037,0.7735,0.8303,0.8853,0.9485,0.9828,0.9999
10B,Spanish,layer_10,last,38.5963,5.8476,0.75965,0.4012,0.556,0.6179,0.7096,0.7852,0.8587,0.937,0.9786,0.9999
10B,Spanish,layer_11,last,49.7134,7.3107,0.745083,0.3555,0.5166,0.5816,0.6792,0.7594,0.839,0.9272,0.9749,0.9998
10B,Spanish,layer_12,last,90.3147,15.726,0.752491,0.2301,0.3846,0.4659,0.6,0.7099,0.8124,0.9156,0.9706,0.9998
10B,Spanish,layer_13,last,112.3242,21.4556,0.73466,0.1904,0.3426,0.4275,0.5673,0.6804,0.7898,0.9038,0.9658,0.9998
10B,Spanish,layer_14,last,121.8471,21.941,0.701385,0.1886,0.3411,0.4218,0.5536,0.6593,0.7667,0.8889,0.9593,0.9997
10B,Spanish,layer_15,last,137.3332,29.1677,0.697854,0.1542,0.3076,0.4018,0.5429,0.6524,0.7596,0.8846,0.9575,0.9997
10B,Spanish,layer_16,last,148.2253,36.1648,0.693364,0.128,0.2857,0.3861,0.5352,0.649,0.7558,0.8814,0.956,0.9997
10B,Spanish,layer_17,last,153.0078,39.3851,0.684988,0.1162,0.2789,0.3834,0.534,0.647,0.7518,0.8777,0.9541,0.9997
10B,Spanish,layer_18,last,160.6764,42.991,0.674983,0.1045,0.2719,0.3777,0.5259,0.6388,0.7439,0.8719,0.9514,0.9997
10B,Spanish,layer_19,last,164.9155,46.0137,0.684207,0.0939,0.2655,0.3729,0.525,0.6371,0.741,0.8685,0.9497,0.9997
10B,Spanish,layer_20,last,171.7556,51.4171,0.66607,0.0789,0.2515,0.3607,0.5178,0.6347,0.7399,0.8671,0.9488,0.9996
10B,Spanish,layer_21,last,184.4408,55.2509,0.653991,0.0728,0.2433,0.3486,0.5031,0.6182,0.724,0.8567,0.9448,0.9996
10B,Spanish,layer_22,last,184.6912,53.8969,0.651264,0.079,0.2475,0.3491,0.5025,0.6158,0.7213,0.8553,0.9441,0.9996
10B,Spanish,layer_23,last,187.447,53.6586,0.647242,0.0824,0.2481,0.3485,0.499,0.6103,0.716,0.8519,0.9429,0.9996
10B,Spanish,layer_24,last,187.2171,52.5945,0.650923,0.0858,0.2522,0.3491,0.4967,0.6072,0.7143,0.8528,0.9435,0.9996
10B,Spanish,layer_25,last,175.3769,48.08,0.66066,0.0932,0.2643,0.3604,0.5093,0.6203,0.7271,0.861,0.9469,0.9996
10B,Spanish,layer_26,last,167.0375,45.5442,0.678339,0.0987,0.2701,0.3667,0.5143,0.629,0.7381,0.8704,0.9513,0.9997
10B,Spanish,layer_27,last,147.4088,38.1311,0.690359,0.1144,0.2953,0.3935,0.5405,0.6526,0.757,0.8811,0.9557,0.9997
10B,Spanish,layer_28,last,128.0089,31.7129,0.704506,0.1317,0.3236,0.4243,0.5692,0.6777,0.7771,0.8926,0.9604,0.9997
10B,Spanish,layer_29,last,116.0704,27.5611,0.709034,0.1468,0.3439,0.4454,0.5886,0.6936,0.7887,0.8985,0.9626,0.9998
10B,Spanish,layer_0,mean,141.5988,44.6869,0.961092,0.1166,0.2375,0.3255,0.4898,0.6431,0.7945,0.9375,0.9857,0.9999
10B,Spanish,layer_1,mean,130.505,30.922,0.891172,0.1577,0.2626,0.3471,0.5066,0.6524,0.7946,0.93,0.9812,0.9999
10B,Spanish,layer_2,mean,126.4481,23.0933,0.81685,0.1921,0.29,0.3691,0.5142,0.6459,0.777,0.9133,0.974,0.9999
10B,Spanish,layer_3,mean,122.1728,19.6195,0.774603,0.2121,0.307,0.384,0.5234,0.6467,0.7694,0.9033,0.9691,0.9998
10B,Spanish,layer_4,mean,127.8404,20.5778,0.74635,0.2061,0.3041,0.3831,0.5221,0.6412,0.7605,0.8947,0.9648,0.9998
10B,Spanish,layer_5,mean,136.4341,22.8108,0.724976,0.1933,0.2977,0.3783,0.5166,0.6331,0.7508,0.8865,0.9609,0.9998
10B,Spanish,layer_6,mean,148.0967,24.8794,0.70489,0.1837,0.2898,0.3679,0.5011,0.6167,0.7351,0.876,0.9564,0.9997
10B,Spanish,layer_7,mean,166.1411,31.7477,0.693041,0.1568,0.2676,0.3471,0.4845,0.6032,0.724,0.8683,0.9528,0.9997
10B,Spanish,layer_8,mean,182.4586,39.3385,0.681246,0.1336,0.2525,0.3334,0.4712,0.5905,0.7117,0.86,0.9493,0.9997
10B,Spanish,layer_9,mean,183.8917,36.7514,0.666624,0.1408,0.2596,0.3365,0.4681,0.5832,0.7026,0.8531,0.946,0.9997
10B,Spanish,layer_10,mean,174.0651,31.6926,0.660282,0.1564,0.2728,0.3489,0.4782,0.5906,0.7068,0.8537,0.9455,0.9996
10B,Spanish,layer_11,mean,156.3588,23.5791,0.651662,0.19,0.2993,0.3705,0.4924,0.599,0.7109,0.8542,0.9452,0.9996
10B,Spanish,layer_12,mean,132.1756,17.8453,0.654996,0.2241,0.3284,0.4,0.5217,0.625,0.7302,0.8639,0.9486,0.9997
10B,Spanish,layer_13,mean,134.7203,18.2209,0.651413,0.2216,0.3261,0.3974,0.5188,0.622,0.727,0.8617,0.9476,0.9996
10B,Spanish,layer_14,mean,145.8496,18.1878,0.648634,0.2237,0.3181,0.3825,0.4955,0.5967,0.7044,0.8478,0.9417,0.9996
10B,Spanish,layer_15,mean,153.0132,19.5703,0.630818,0.2148,0.3089,0.3736,0.4877,0.5899,0.6991,0.8449,0.9405,0.9996
10B,Spanish,layer_16,mean,161.1456,21.8224,0.631767,0.2018,0.2968,0.3636,0.4808,0.5856,0.6966,0.8438,0.94,0.9996
10B,Spanish,layer_17,mean,172.1553,25.6993,0.634638,0.1829,0.2808,0.3509,0.4727,0.5806,0.694,0.8429,0.9396,0.9996
10B,Spanish,layer_18,mean,182.0328,27.4593,0.628834,0.1764,0.2728,0.3409,0.4597,0.5683,0.6839,0.8371,0.9372,0.9996
10B,Spanish,layer_19,mean,192.5305,29.6537,0.625461,0.1692,0.2618,0.3286,0.4469,0.5564,0.6749,0.8323,0.9353,0.9996
10B,Spanish,layer_20,mean,202.9698,33.2215,0.62404,0.1579,0.2514,0.3174,0.4367,0.5487,0.6695,0.8295,0.934,0.9995
10B,Spanish,layer_21,mean,210.3493,36.603,0.624634,0.1482,0.2438,0.3107,0.4307,0.5435,0.6663,0.8284,0.9335,0.9995
10B,Spanish,layer_22,mean,218.902,42.021,0.628068,0.1344,0.2345,0.3028,0.4242,0.5389,0.6645,0.8287,0.9338,0.9995
10B,Spanish,layer_23,mean,224.3766,45.8642,0.628731,0.1259,0.2283,0.2987,0.4214,0.5366,0.6628,0.828,0.9335,0.9995
10B,Spanish,layer_24,mean,233.0332,51.3159,0.632765,0.1161,0.218,0.2897,0.4124,0.5296,0.6589,0.8279,0.9339,0.9995
10B,Spanish,layer_25,mean,228.2534,56.6807,0.64473,0.1037,0.215,0.2938,0.4233,0.5424,0.6709,0.8361,0.9375,0.9996
10B,Spanish,layer_26,mean,220.4893,62.306,0.663004,0.0904,0.2103,0.2974,0.4359,0.5591,0.6876,0.8474,0.9428,0.9996
10B,Spanish,layer_27,mean,208.8252,59.0138,0.671036,0.0916,0.2185,0.3103,0.4511,0.5732,0.699,0.8541,0.9456,0.9996
10B,Spanish,layer_28,mean,183.059,45.1455,0.675976,0.1146,0.2478,0.3438,0.4818,0.5981,0.7165,0.8625,0.9489,0.9997
10B,Spanish,layer_29,mean,165.2127,36.7955,0.676343,0.1337,0.2726,0.3703,0.5041,0.6155,0.7279,0.8673,0.9507,0.9997
10B,German,layer_0,last,12.4228,4.8312,1.079414,0.4024,0.7383,0.8555,0.9277,0.9554,0.9754,0.9922,0.9982,1.0
10B,German,layer_1,last,32.5337,6.7876,0.960991,0.3555,0.5846,0.6705,0.7618,0.8302,0.8966,0.9654,0.992,1.0
10B,German,layer_2,last,17.3223,3.6234,0.89226,0.5156,0.6826,0.756,0.8222,0.8709,0.9173,0.9687,0.9918,1.0
10B,German,layer_3,last,10.2724,2.5194,0.857697,0.6251,0.7563,0.8148,0.8649,0.9013,0.9354,0.974,0.9927,1.0
10B,German,layer_4,last,8.1135,2.2243,0.852549,0.6664,0.79,0.8424,0.8849,0.9159,0.9443,0.9769,0.9932,1.0
10B,German,layer_5,last,8.2614,2.2443,0.833032,0.6632,0.7905,0.8413,0.8828,0.9139,0.9424,0.9755,0.9925,1.0
10B,German,layer_6,last,9.1314,2.3724,0.797651,0.6442,0.7801,0.8319,0.8749,0.9075,0.9372,0.9725,0.9913,1.0
10B,German,layer_7,last,12.8643,2.8604,0.788879,0.5847,0.7318,0.789,0.8445,0.885,0.9221,0.9655,0.989,0.9999
10B,German,layer_8,last,16.676,3.3547,0.772207,0.5376,0.6975,0.7567,0.8193,0.8656,0.9084,0.9586,0.9864,0.9999
10B,German,layer_9,last,21.6783,4.0175,0.760221,0.4883,0.6595,0.7246,0.7928,0.845,0.8941,0.9515,0.9838,0.9999
10B,German,layer_10,last,34.1505,5.7324,0.75598,0.4032,0.5873,0.6585,0.7423,0.8081,0.8707,0.941,0.9799,0.9999
10B,German,layer_11,last,43.4483,7.2752,0.757909,0.3519,0.5474,0.6269,0.7172,0.7873,0.855,0.9328,0.9768,0.9999
10B,German,layer_12,last,78.0324,14.1957,0.746326,0.2391,0.4234,0.5141,0.6376,0.7327,0.8232,0.9187,0.9717,0.9998
10B,German,layer_13,last,97.6637,19.1078,0.728793,0.1984,0.3796,0.4728,0.605,0.7053,0.8019,0.9071,0.967,0.9998
10B,German,layer_14,last,102.0397,19.0377,0.69999,0.1992,0.3804,0.4733,0.5994,0.6937,0.7863,0.8962,0.962,0.9998
10B,German,layer_15,last,116.3617,24.539,0.69918,0.1673,0.3458,0.4449,0.5837,0.6845,0.7793,0.8923,0.9605,0.9997
10B,German,layer_16,last,128.704,30.3268,0.69363,0.142,0.3195,0.4223,0.5708,0.6772,0.7734,0.888,0.9583,0.9997
10B,German,layer_17,last,133.5897,32.8794,0.684234,0.1316,0.3112,0.4164,0.5675,0.6744,0.7697,0.8842,0.9563,0.9997
10B,German,layer_18,last,140.5117,35.4687,0.67117,0.1217,0.3049,0.4108,0.5598,0.6663,0.7612,0.8777,0.9532,0.9997
10B,German,layer_19,last,146.1558,37.6052,0.662017,0.1153,0.2967,0.4043,0.5547,0.6609,0.755,0.8727,0.9508,0.9997
10B,German,layer_20,last,154.482,42.0761,0.659829,0.1047,0.277,0.3873,0.5436,0.6557,0.7525,0.8704,0.9494,0.9997
10B,German,layer_21,last,172.9688,46.5111,0.642667,0.098,0.2614,0.3681,0.5199,0.6295,0.7276,0.855,0.9434,0.9996
10B,German,layer_22,last,181.4847,49.3856,0.64014,0.0906,0.2522,0.3567,0.5081,0.6174,0.7185,0.8511,0.9418,0.9996
10B,German,layer_23,last,188.7292,50.7909,0.634442,0.0876,0.2491,0.35,0.4982,0.6065,0.7088,0.8456,0.9395,0.9996
10B,German,layer_24,last,193.3443,51.9215,0.65332,0.0868,0.2489,0.3469,0.4892,0.5969,0.7034,0.8448,0.9396,0.9996
10B,German,layer_25,last,190.0711,52.2132,0.646369,0.0843,0.2498,0.3455,0.4911,0.6016,0.7113,0.8506,0.9421,0.9996
10B,German,layer_26,last,186.4316,53.1288,0.665864,0.0842,0.2467,0.3422,0.4895,0.6056,0.7206,0.8602,0.9467,0.9996
10B,German,layer_27,last,170.1308,45.8401,0.675521,0.0985,0.2657,0.362,0.5083,0.623,0.7347,0.8687,0.9504,0.9997
10B,German,layer_28,last,147.6621,35.8558,0.703697,0.1255,0.2949,0.3916,0.5354,0.6469,0.7538,0.88,0.9551,0.9997
10B,German,layer_29,last,133.2879,30.027,0.691507,0.1448,0.317,0.4142,0.5552,0.6628,0.7653,0.8859,0.9573,0.9997
10B,German,layer_0,mean,162.7539,56.3686,0.964242,0.0974,0.2098,0.2915,0.4512,0.6066,0.7687,0.9304,0.9849,0.9999
10B,German,layer_1,mean,154.0813,40.9047,0.884543,0.1305,0.2377,0.3171,0.4684,0.6145,0.7668,0.9202,0.9791,0.9999
10B,German,layer_2,mean,154.4767,32.9326,0.812628,0.1539,0.2579,0.3345,0.4727,0.6076,0.7493,0.9027,0.9715,0.9999
10B,German,layer_3,mean,152.5172,28.3474,0.785813,0.1705,0.2704,0.3468,0.4792,0.6064,0.74,0.8916,0.9661,0.9998
10B,German,layer_4,mean,159.7896,30.0356,0.741537,0.164,0.2687,0.345,0.4768,0.6006,0.7306,0.8822,0.9614,0.9998
10B,German,layer_5,mean,167.4723,32.5821,0.71907,0.1548,0.2654,0.3433,0.4744,0.5955,0.7225,0.874,0.9572,0.9997
10B,German,layer_6,mean,175.5164,33.3818,0.699422,0.153,0.2627,0.3389,0.4659,0.5844,0.7103,0.8647,0.9529,0.9997
10B,German,layer_7,mean,188.7321,39.2039,0.687325,0.1371,0.2464,0.3247,0.4557,0.5764,0.7026,0.8583,0.9496,0.9997
10B,German,layer_8,mean,197.6669,42.7965,0.673893,0.1276,0.2429,0.3208,0.4501,0.5686,0.6932,0.851,0.9461,0.9997
10B,German,layer_9,mean,199.5148,40.2021,0.659418,0.134,0.2482,0.323,0.4473,0.5618,0.6844,0.8439,0.9428,0.9996
10B,German,layer_10,mean,186.8872,33.5342,0.667055,0.152,0.2646,0.3386,0.4597,0.5709,0.6892,0.8441,0.9421,0.9996
10B,German,layer_11,mean,165.3351,24.2585,0.642967,0.1878,0.2942,0.3637,0.4775,0.5827,0.6956,0.8458,0.9421,0.9996
10B,German,layer_12,mean,138.4537,17.8375,0.644303,0.2249,0.3261,0.3956,0.5081,0.6093,0.7151,0.8551,0.9453,0.9996
10B,German,layer_13,mean,140.093,18.0224,0.64099,0.2238,0.3245,0.3937,0.5066,0.6072,0.713,0.8535,0.9444,0.9996
10B,German,layer_14,mean,149.6448,17.9517,0.623488,0.2256,0.319,0.3816,0.4868,0.5854,0.6929,0.8408,0.939,0.9996
10B,German,layer_15,mean,156.3447,19.2346,0.621832,0.2173,0.3103,0.3725,0.4804,0.5799,0.689,0.8383,0.9378,0.9996
10B,German,layer_16,mean,163.8134,20.9999,0.62073,0.2068,0.3003,0.364,0.4745,0.5752,0.6854,0.8362,0.9368,0.9996
10B,German,layer_17,mean,175.1446,24.6367,0.624278,0.1882,0.2841,0.3507,0.466,0.5703,0.6831,0.8356,0.9367,0.9996
10B,German,layer_18,mean,184.8103,26.6171,0.636391,0.1802,0.2753,0.3403,0.4544,0.5604,0.6748,0.8306,0.9345,0.9995
10B,German,layer_19,mean,195.0398,28.886,0.615769,0.1721,0.265,0.3293,0.4434,0.5501,0.6667,0.8259,0.9324,0.9995
10B,German,layer_20,mean,205.8467,32.2802,0.61347,0.1611,0.254,0.3188,0.4338,0.5423,0.6608,0.8225,0.9309,0.9995
10B,German,layer_21,mean,215.0855,35.7687,0.628733,0.151,0.2454,0.3113,0.4267,0.5357,0.6557,0.8198,0.9297,0.9995
10B,German,layer_22,mean,225.7089,41.8207,0.614944,0.1359,0.2333,0.3011,0.4188,0.5304,0.6536,0.8197,0.9297,0.9995
10B,German,layer_23,mean,234.284,46.7853,0.61503,0.1255,0.2247,0.2939,0.4122,0.5252,0.6503,0.8182,0.929,0.9995
10B,German,layer_24,mean,245.6104,53.5213,0.617812,0.1138,0.2135,0.2838,0.4017,0.5156,0.6442,0.8168,0.9289,0.9995
10B,German,layer_25,mean,243.6468,60.1633,0.627705,0.1007,0.208,0.2854,0.4101,0.5252,0.6538,0.8237,0.9319,0.9995
10B,German,layer_26,mean,236.4903,66.471,0.645095,0.0877,0.2039,0.2879,0.4217,0.5403,0.6693,0.835,0.9371,0.9996
10B,German,layer_27,mean,228.8558,64.7448,0.650735,0.0879,0.2081,0.2956,0.4312,0.5499,0.677,0.8396,0.9392,0.9996
10B,German,layer_28,mean,207.6245,50.9475,0.652602,0.1089,0.2316,0.3209,0.4537,0.5674,0.6887,0.8451,0.9414,0.9996
10B,German,layer_29,mean,185.9796,39.5446,0.668519,0.1318,0.2589,0.3492,0.4774,0.5853,0.7003,0.8501,0.9432,0.9996
10B,Hindi,layer_0,last,21.8481,9.2377,1.104336,0.2582,0.6215,0.7674,0.8916,0.9442,0.9744,0.9921,0.9981,1.0
10B,Hindi,layer_1,last,28.8373,10.8589,1.009574,0.2224,0.5837,0.7185,0.8464,0.9106,0.9527,0.984,0.9957,1.0
10B,Hindi,layer_2,last,25.4238,9.0249,0.952699,0.2451,0.6174,0.7424,0.8554,0.9122,0.9505,0.9818,0.9948,1.0
10B,Hindi,layer_3,last,21.4008,6.774,0.933063,0.3332,0.6502,0.7639,0.8635,0.9152,0.9506,0.9809,0.9942,1.0
10B,Hindi,layer_4,last,19.1969,5.6727,0.896989,0.3838,0.6656,0.7761,0.8684,0.9168,0.9506,0.9803,0.9939,1.0
10B,Hindi,layer_5,last,19.9222,5.7919,0.877842,0.3784,0.6592,0.772,0.8637,0.9123,0.9471,0.9784,0.9931,1.0
10B,Hindi,layer_6,last,20.6864,5.7946,0.858455,0.3799,0.6525,0.7654,0.8569,0.9062,0.9422,0.9758,0.9921,1.0
10B,Hindi,layer_7,last,23.7541,6.4742,0.8462,0.3539,0.6299,0.7448,0.8413,0.8942,0.9339,0.972,0.9909,1.0
10B,Hindi,layer_8,last,26.5195,6.8916,0.828815,0.342,0.6112,0.7281,0.8254,0.8808,0.9243,0.9674,0.9892,0.9999
10B,Hindi,layer_9,last,30.7852,7.796,0.83255,0.3171,0.5836,0.7065,0.8072,0.8661,0.9139,0.9627,0.9876,0.9999
10B,Hindi,layer_10,last,38.5692,9.5425,0.810384,0.2799,0.5433,0.6658,0.778,0.845,0.9004,0.9569,0.9856,0.9999
10B,Hindi,layer_11,last,46.0812,11.2844,0.796018,0.2526,0.5046,0.6346,0.7556,0.827,0.8872,0.9503,0.9832,0.9999
10B,Hindi,layer_12,last,64.7302,15.9821,0.808861,0.2049,0.4341,0.5617,0.7006,0.7885,0.865,0.941,0.98,0.9999
10B,Hindi,layer_13,last,74.5551,17.9699,0.771715,0.1923,0.4082,0.5336,0.6747,0.7675,0.8487,0.9319,0.9764,0.9999
10B,Hindi,layer_14,last,76.1601,17.3651,0.748565,0.1989,0.4084,0.5342,0.6705,0.7598,0.839,0.9252,0.9735,0.9998
10B,Hindi,layer_15,last,83.4119,19.1314,0.742028,0.1892,0.3866,0.5124,0.6556,0.7489,0.8308,0.9207,0.9717,0.9998
10B,Hindi,layer_16,last,90.1067,20.6399,0.731316,0.1813,0.372,0.496,0.6427,0.7376,0.8215,0.9155,0.9694,0.9998
10B,Hindi,layer_17,last,94.144,21.3768,0.720999,0.1781,0.3656,0.4886,0.6354,0.7302,0.815,0.9111,0.9674,0.9998
10B,Hindi,layer_18,last,98.056,21.7623,0.707313,0.1768,0.3626,0.483,0.6281,0.7216,0.8065,0.9053,0.9649,0.9998
10B,Hindi,layer_19,last,105.3714,22.2688,0.694152,0.1775,0.3558,0.4702,0.612,0.7051,0.7918,0.8969,0.9616,0.9997
10B,Hindi,layer_20,last,114.7857,24.0479,0.684901,0.1702,0.3434,0.4519,0.594,0.6876,0.7793,0.89,0.9586,0.9997
10B,Hindi,layer_21,last,130.5982,26.9037,0.675143,0.16,0.3261,0.4279,0.5651,0.6584,0.756,0.8789,0.9545,0.9997
10B,Hindi,layer_22,last,141.8096,29.9624,0.686974,0.1486,0.3121,0.4109,0.5466,0.6427,0.7446,0.8732,0.9522,0.9997
10B,Hindi,layer_23,last,153.0851,32.8933,0.665248,0.1395,0.2991,0.3961,0.5286,0.6263,0.7322,0.8672,0.9498,0.9997
10B,Hindi,layer_24,last,158.4333,34.9889,0.66135,0.1317,0.2967,0.3938,0.5229,0.6194,0.7255,0.8635,0.9485,0.9996
10B,Hindi,layer_25,last,168.1141,40.1614,0.662036,0.1143,0.2816,0.3794,0.5122,0.612,0.7204,0.8612,0.9477,0.9996
10B,Hindi,layer_26,last,179.9746,47.6583,0.674779,0.0956,0.2599,0.3569,0.4947,0.6014,0.7169,0.8633,0.9492,0.9997
10B,Hindi,layer_27,last,178.3992,50.0857,0.698096,0.0847,0.2574,0.3583,0.4996,0.6072,0.7226,0.8671,0.9508,0.9997
10B,Hindi,layer_28,last,171.4388,49.8261,0.693724,0.084,0.2606,0.3642,0.5079,0.6183,0.7342,0.8748,0.954,0.9997
10B,Hindi,layer_29,last,166.6259,48.9272,0.696264,0.0823,0.2655,0.3706,0.5156,0.6259,0.7403,0.8778,0.955,0.9997
10B,Hindi,layer_0,mean,91.3178,37.5837,1.127482,0.1071,0.2807,0.4,0.6052,0.7658,0.889,0.9741,0.9949,1.0
10B,Hindi,layer_1,mean,93.4537,32.8135,1.034398,0.1253,0.2988,0.4062,0.5982,0.7513,0.8742,0.9657,0.992,1.0
10B,Hindi,layer_2,mean,95.529,27.0423,0.954282,0.1554,0.3193,0.4148,0.5908,0.7338,0.8541,0.9542,0.988,0.9999
10B,Hindi,layer_3,mean,95.8443,23.0312,0.906035,0.1791,0.3338,0.4226,0.5861,0.7211,0.8403,0.9456,0.9848,0.9999
10B,Hindi,layer_4,mean,101.2624,23.3267,0.874212,0.1796,0.328,0.4157,0.5752,0.7086,0.8288,0.9385,0.982,0.9999
10B,Hindi,layer_5,mean,108.2152,24.9553,0.848178,0.172,0.3198,0.4077,0.5641,0.6969,0.8177,0.9316,0.9793,0.9999
10B,Hindi,layer_6,mean,119.9713,28.9367,0.825461,0.1548,0.3032,0.3916,0.5464,0.6794,0.803,0.9236,0.9762,0.9999
10B,Hindi,layer_7,mean,134.6585,35.7771,0.807894,0.1308,0.2797,0.3699,0.5262,0.6623,0.7895,0.9161,0.9733,0.9999
10B,Hindi,layer_8,mean,148.7425,41.8544,0.791252,0.1147,0.2647,0.3531,0.5066,0.6429,0.7741,0.9081,0.9702,0.9998
10B,Hindi,layer_9,mean,158.8014,45.3261,0.774748,0.108,0.2557,0.3422,0.4927,0.629,0.7618,0.9009,0.9673,0.9998
10B,Hindi,layer_10,mean,162.9617,45.7059,0.761553,0.1077,0.2548,0.34,0.4875,0.6227,0.7551,0.896,0.9651,0.9998
10B,Hindi,layer_11,mean,165.597,44.3518,0.76625,0.113,0.2561,0.3395,0.4836,0.6163,0.7485,0.8916,0.9632,0.9998
10B,Hindi,layer_12,mean,158.0886,39.5032,0.747091,0.1249,0.2695,0.3501,0.4935,0.6233,0.7529,0.8927,0.9633,0.9998
10B,Hindi,layer_13,mean,161.7385,39.8928,0.738189,0.1246,0.2677,0.3476,0.4888,0.6174,0.7473,0.8887,0.9616,0.9998
10B,Hindi,layer_14,mean,173.2102,42.0087,0.723153,0.1229,0.2571,0.3341,0.4723,0.6009,0.733,0.8802,0.9581,0.9997
10B,Hindi,layer_15,mean,173.7246,42.7526,0.71785,0.1195,0.2593,0.3368,0.4748,0.6014,0.7323,0.8786,0.9572,0.9997
10B,Hindi,layer_16,mean,176.1977,43.8733,0.712175,0.1165,0.2575,0.3365,0.4736,0.5996,0.7297,0.8762,0.956,0.9997
10B,Hindi,layer_17,mean,182.8027,47.4631,0.709329,0.1094,0.2484,0.329,0.4665,0.5937,0.7252,0.8738,0.955,0.9997
10B,Hindi,layer_18,mean,188.2919,49.3542,0.701935,0.1064,0.2441,0.3238,0.4611,0.5876,0.7196,0.8698,0.9532,0.9997
10B,Hindi,layer_19,mean,193.1616,51.0364,0.693754,0.104,0.24,0.3184,0.4571,0.5832,0.7149,0.866,0.9512,0.9997
10B,Hindi,layer_20,mean,200.3871,53.7263,0.686613,0.1001,0.2342,0.3119,0.4489,0.5751,0.7081,0.8616,0.9492,0.9997
10B,Hindi,layer_21,mean,203.1625,55.2709,0.681147,0.0965,0.2328,0.3112,0.4475,0.5732,0.7055,0.859,0.9479,0.9997
10B,Hindi,layer_22,mean,206.7167,57.3276,0.676512,0.092,0.2299,0.3103,0.4454,0.5704,0.7021,0.8563,0.9466,0.9996
10B,Hindi,layer_23,mean,211.1927,60.0549,0.672307,0.0876,0.2248,0.3065,0.4424,0.5673,0.6986,0.8537,0.9454,0.9996
10B,Hindi,layer_24,mean,212.7499,61.1322,0.683545,0.085,0.2236,0.3082,0.4445,0.5672,0.6962,0.8513,0.9443,0.9996
10B,Hindi,layer_25,mean,205.3309,59.0649,0.668534,0.0847,0.2305,0.3191,0.4571,0.5771,0.7023,0.854,0.9453,0.9996
10B,Hindi,layer_26,mean,197.9439,57.5267,0.675037,0.0858,0.2351,0.327,0.4694,0.5872,0.71,0.8587,0.9474,0.9996
10B,Hindi,layer_27,mean,187.4565,50.2756,0.676751,0.1009,0.2479,0.3398,0.4806,0.5966,0.7162,0.8618,0.9487,0.9997
10B,Hindi,layer_28,mean,161.1006,34.8942,0.676412,0.1385,0.2872,0.376,0.5089,0.6179,0.7303,0.868,0.9509,0.9997
10B,Hindi,layer_29,mean,139.276,25.7376,0.674413,0.172,0.3211,0.4071,0.5341,0.6374,0.7433,0.8736,0.9527,0.9997
10B,Arabic,layer_0,last,11.6213,4.6202,1.089302,0.389,0.7747,0.8564,0.9183,0.9501,0.9739,0.9924,0.9983,1.0
10B,Arabic,layer_1,last,33.1143,7.2248,0.965259,0.333,0.5909,0.669,0.7596,0.8272,0.8949,0.9654,0.9921,1.0
10B,Arabic,layer_2,last,22.3981,4.7718,0.917503,0.4373,0.6593,0.7281,0.8034,0.8573,0.9092,0.9666,0.9914,1.0
10B,Arabic,layer_3,last,13.8448,3.2189,0.88894,0.5455,0.7273,0.7842,0.8461,0.8872,0.9272,0.9719,0.9923,1.0
10B,Arabic,layer_4,last,10.4639,2.6452,0.854779,0.6069,0.7619,0.8142,0.8686,0.9035,0.9369,0.9749,0.9928,1.0
10B,Arabic,layer_5,last,10.156,2.5672,0.834314,0.617,0.7643,0.8157,0.8698,0.9038,0.9364,0.9739,0.9922,1.0
10B,Arabic,layer_6,last,10.9135,2.6417,0.809518,0.6082,0.7531,0.8056,0.8626,0.8975,0.9311,0.9706,0.9909,1.0
10B,Arabic,layer_7,last,15.224,3.1365,0.796341,0.5568,0.7004,0.7574,0.8272,0.8725,0.9139,0.9626,0.9882,0.9999
10B,Arabic,layer_8,last,19.094,3.5566,0.775928,0.5219,0.6651,0.726,0.8024,0.853,0.8998,0.9553,0.9854,0.9999
10B,Arabic,layer_9,last,24.4165,4.1878,0.763005,0.4789,0.629,0.6927,0.7754,0.8323,0.8853,0.9481,0.9828,0.9999
10B,Arabic,layer_10,last,39.5855,6.0653,0.778327,0.3942,0.5437,0.612,0.7149,0.7925,0.8615,0.9376,0.9789,0.9999
10B,Arabic,layer_11,last,51.7028,7.6264,0.745146,0.3484,0.5009,0.5726,0.6793,0.7626,0.8394,0.9263,0.9747,0.9998
10B,Arabic,layer_12,last,89.1612,14.8589,0.762961,0.2399,0.3865,0.4665,0.5994,0.7112,0.8109,0.9136,0.9699,0.9998
10B,Arabic,layer_13,last,110.9501,19.8092,0.728273,0.2026,0.3455,0.4272,0.5644,0.6795,0.7876,0.9014,0.9649,0.9998
10B,Arabic,layer_14,last,119.3464,20.152,0.697893,0.2014,0.3439,0.4231,0.5534,0.6609,0.7661,0.8875,0.9589,0.9997
10B,Arabic,layer_15,last,135.7253,26.4266,0.694999,0.1686,0.3115,0.3987,0.5386,0.6499,0.7571,0.8827,0.9569,0.9997
10B,Arabic,layer_16,last,148.4301,31.9924,0.703531,0.147,0.2904,0.383,0.5262,0.6404,0.7492,0.8772,0.9544,0.9997
10B,Arabic,layer_17,last,155.1254,35.5046,0.678973,0.1346,0.2819,0.3774,0.5224,0.6359,0.7441,0.873,0.9523,0.9997
10B,Arabic,layer_18,last,164.2095,39.6583,0.667403,0.1215,0.2737,0.3711,0.5146,0.627,0.7353,0.8664,0.9492,0.9997
10B,Arabic,layer_19,last,176.148,45.0257,0.657059,0.1072,0.2632,0.3605,0.5026,0.6148,0.7239,0.8587,0.9458,0.9996
10B,Arabic,layer_20,last,179.99,49.9125,0.656832,0.0925,0.2537,0.3555,0.5021,0.6158,0.7247,0.8588,0.9456,0.9996
10B,Arabic,layer_21,last,189.3385,53.9678,0.648538,0.0839,0.246,0.3461,0.493,0.6063,0.7154,0.8523,0.9429,0.9996
10B,Arabic,layer_22,last,192.1049,55.3869,0.644367,0.077,0.2453,0.3441,0.4913,0.6035,0.7121,0.8497,0.9417,0.9996
10B,Arabic,layer_23,last,192.5537,54.7901,0.641867,0.0773,0.2481,0.3457,0.4912,0.6014,0.7098,0.8483,0.941,0.9996
10B,Arabic,layer_24,last,185.8676,51.5414,0.643051,0.0813,0.2568,0.3564,0.5008,0.6072,0.7132,0.8503,0.9421,0.9996
10B,Arabic,layer_25,last,172.889,46.4016,0.651752,0.0906,0.2717,0.372,0.5149,0.621,0.7257,0.8584,0.9454,0.9996
10B,Arabic,layer_26,last,163.7447,43.5568,0.666722,0.0974,0.2791,0.3811,0.5235,0.631,0.7363,0.867,0.9495,0.9997
10B,Arabic,layer_27,last,150.4717,39.0337,0.678495,0.1076,0.293,0.3976,0.5399,0.6471,0.7502,0.8759,0.9533,0.9997
10B,Arabic,layer_28,last,136.0869,34.4352,0.689132,0.1185,0.3143,0.4193,0.5599,0.666,0.765,0.8846,0.957,0.9997
10B,Arabic,layer_29,last,127.5096,32.1073,0.692323,0.1214,0.3295,0.4345,0.5747,0.678,0.7739,0.8891,0.9587,0.9997
10B,Arabic,layer_0,mean,157.9369,63.4433,0.991763,0.0839,0.1947,0.2823,0.4574,0.6237,0.7897,0.94,0.9871,1.0
10B,Arabic,layer_1,mean,160.075,51.1735,0.905088,0.1082,0.2145,0.2975,0.461,0.6165,0.7734,0.9252,0.9809,0.9999
10B,Arabic,layer_2,mean,157.2469,38.6251,0.840812,0.1377,0.2371,0.3164,0.4684,0.6121,0.7594,0.9113,0.9749,0.9999
10B,Arabic,layer_3,mean,152.1735,31.4166,0.800087,0.1594,0.2558,0.3326,0.4781,0.6136,0.7525,0.9021,0.9703,0.9998
10B,Arabic,layer_4,mean,151.5553,29.3463,0.772565,0.1666,0.2651,0.3416,0.483,0.6134,0.7473,0.8953,0.9668,0.9998
10B,Arabic,layer_5,mean,157.1638,31.121,0.750542,0.1597,0.264,0.3429,0.4821,0.6093,0.7404,0.8884,0.9633,0.9998
10B,Arabic,layer_6,mean,166.8223,33.9193,0.731496,0.1508,0.259,0.3372,0.4738,0.5988,0.729,0.88,0.9595,0.9998
10B,Arabic,layer_7,mean,177.1107,37.3496,0.715244,0.1416,0.2494,0.3278,0.4641,0.5895,0.7198,0.8726,0.956,0.9997
10B,Arabic,layer_8,mean,187.0441,40.6863,0.700902,0.1333,0.243,0.3214,0.456,0.5795,0.7092,0.8649,0.9525,0.9997
10B,Arabic,layer_9,mean,189.5458,38.4978,0.685778,0.1398,0.2466,0.3223,0.4525,0.5729,0.7008,0.8581,0.9493,0.9997
10B,Arabic,layer_10,mean,178.8233,31.8202,0.675308,0.1593,0.2625,0.3361,0.462,0.5787,0.7029,0.8567,0.948,0.9997
10B,Arabic,layer_11,mean,158.3829,22.8798,0.66454,0.1959,0.2926,0.3614,0.4793,0.5891,0.7076,0.8569,0.9474,0.9997
10B,Arabic,layer_12,mean,132.9257,16.6602,0.662295,0.2348,0.3262,0.3934,0.5074,0.6118,0.7231,0.8636,0.9495,0.9997
10B,Arabic,layer_13,mean,132.1879,16.1593,0.655221,0.2389,0.3293,0.3959,0.5081,0.6104,0.7202,0.8608,0.9482,0.9997
10B,Arabic,layer_14,mean,138.8083,16.0147,0.638904,0.2411,0.3252,0.3875,0.4938,0.594,0.7048,0.8506,0.9437,0.9996
10B,Arabic,layer_15,mean,143.7316,16.9159,0.634911,0.2339,0.3196,0.3833,0.4902,0.5902,0.7008,0.8477,0.9423,0.9996
10B,Arabic,layer_16,mean,150.1837,18.2738,0.631846,0.2239,0.3117,0.3764,0.4855,0.5859,0.697,0.845,0.9409,0.9996
10B,Arabic,layer_17,mean,161.0955,20.7681,0.630145,0.2083,0.2977,0.3635,0.4755,0.5784,0.6911,0.8416,0.9395,0.9996
10B,Arabic,layer_18,mean,168.564,21.9767,0.623349,0.2018,0.2921,0.3565,0.4671,0.5699,0.6832,0.8362,0.937,0.9996
10B,Arabic,layer_19,mean,178.488,23.7654,0.617466,0.1932,0.2819,0.346,0.4567,0.5595,0.6742,0.8306,0.9345,0.9995
10B,Arabic,layer_20,mean,186.8442,26.0183,0.61439,0.1832,0.2736,0.3382,0.4503,0.5539,0.6693,0.8274,0.9329,0.9995
10B,Arabic,layer_21,mean,195.1117,29.1948,0.612967,0.1704,0.2646,0.3308,0.446,0.5506,0.6667,0.8255,0.9319,0.9995
10B,Arabic,layer_22,mean,204.475,33.1769,0.612524,0.1567,0.255,0.3232,0.4396,0.5459,0.6631,0.8236,0.931,0.9995
10B,Arabic,layer_23,mean,212.0105,36.8623,0.610854,0.1457,0.2477,0.3177,0.4354,0.5425,0.6603,0.8214,0.9299,0.9995
10B,Arabic,layer_24,mean,219.5764,41.5502,0.61156,0.1332,0.2419,0.3131,0.4318,0.5386,0.6576,0.8203,0.9296,0.9995
10B,Arabic,layer_25,mean,218.8571,46.8704,0.620698,0.119,0.2362,0.3136,0.4388,0.5484,0.667,0.8266,0.9323,0.9995
10B,Arabic,layer_26,mean,218.0425,53.7236,0.634709,0.1034,0.2273,0.3113,0.4447,0.5582,0.6782,0.835,0.9362,0.9996
10B,Arabic,layer_27,mean,215.7138,55.6823,0.6397,0.0981,0.2253,0.3134,0.4495,0.564,0.6837,0.8384,0.9377,0.9996
10B,Arabic,layer_28,mean,194.7906,45.1409,0.642337,0.1173,0.2488,0.3376,0.4742,0.5837,0.6976,0.8452,0.9404,0.9996
10B,Arabic,layer_29,mean,175.8213,37.6223,0.641174,0.1319,0.2779,0.3663,0.4975,0.6014,0.7092,0.8503,0.9421,0.9996
10B,Turkish,layer_0,last,10.883,3.3378,0.986703,0.5319,0.744,0.837,0.9143,0.942,0.965,0.9872,0.9968,1.0
10B,Turkish,layer_1,last,41.8052,6.7977,0.949987,0.373,0.5109,0.5853,0.7006,0.7918,0.8775,0.9602,0.9902,1.0
10B,Turkish,layer_2,last,25.8971,4.3277,0.899864,0.4736,0.6056,0.667,0.7576,0.8267,0.8924,0.9606,0.9893,1.0
10B,Turkish,layer_3,last,12.4157,2.5972,0.851271,0.6174,0.7189,0.7621,0.8283,0.8765,0.9213,0.9693,0.9911,1.0
10B,Turkish,layer_4,last,8.4265,2.1075,0.829506,0.6869,0.7729,0.8093,0.8625,0.9005,0.9355,0.9739,0.992,1.0
10B,Turkish,layer_5,last,8.1952,2.0671,0.824535,0.6938,0.7759,0.812,0.8649,0.9015,0.9353,0.9728,0.9915,1.0
10B,Turkish,layer_6,last,8.7216,2.1184,0.807981,0.6853,0.7668,0.8045,0.8593,0.8969,0.9315,0.9704,0.9905,0.9999
10B,Turkish,layer_7,last,11.7835,2.4418,0.778906,0.6379,0.7234,0.7662,0.8314,0.8762,0.9166,0.9632,0.988,0.9999
10B,Turkish,layer_8,last,15.3151,2.7866,0.763297,0.5966,0.6845,0.7315,0.804,0.8552,0.9015,0.9557,0.9852,0.9999
10B,Turkish,layer_9,last,20.4116,3.3133,0.752586,0.5461,0.6431,0.6959,0.7752,0.8333,0.8862,0.9482,0.9824,0.9999
10B,Turkish,layer_10,last,32.635,4.6653,0.746814,0.4575,0.569,0.6316,0.7259,0.7979,0.863,0.9372,0.9784,0.9999
10B,Turkish,layer_11,last,42.605,5.7578,0.730483,0.4097,0.5295,0.5937,0.6932,0.7718,0.8432,0.9267,0.9744,0.9998
10B,Turkish,layer_12,last,74.1576,11.1999,0.737358,0.2839,0.4217,0.5035,0.6291,0.7296,0.8195,0.9162,0.9704,0.9998
10B,Turkish,layer_13,last,91.8491,14.9866,0.737673,0.2388,0.384,0.4698,0.6004,0.7059,0.8012,0.9058,0.9661,0.9998
10B,Turkish,layer_14,last,98.1443,15.3176,0.695878,0.2368,0.3783,0.4632,0.5898,0.6913,0.7851,0.8949,0.9613,0.9998
10B,Turkish,layer_15,last,111.6162,20.4322,0.696058,0.1952,0.3496,0.4428,0.579,0.6846,0.7808,0.8923,0.9601,0.9997
10B,Turkish,layer_16,last,121.3094,25.5025,0.691773,0.1631,0.3344,0.4297,0.5728,0.6803,0.777,0.8895,0.9587,0.9997
10B,Turkish,layer_17,last,130.2984,29.0012,0.677209,0.1452,0.3238,0.4214,0.5646,0.6711,0.7671,0.8818,0.9552,0.9997
10B,Turkish,layer_18,last,143.6665,33.0601,0.659646,0.1277,0.3111,0.4088,0.5478,0.6532,0.7497,0.8701,0.9502,0.9997
10B,Turkish,layer_19,last,162.4756,38.8657,0.643987,0.1089,0.2924,0.3892,0.5251,0.6291,0.7271,0.856,0.9445,0.9996
10B,Turkish,layer_20,last,178.1696,45.5799,0.636956,0.0899,0.2734,0.3692,0.5088,0.6138,0.7137,0.8475,0.9412,0.9996
10B,Turkish,layer_21,last,216.9976,57.6201,0.625283,0.0741,0.2428,0.3289,0.4618,0.564,0.6714,0.8263,0.9338,0.9996
10B,Turkish,layer_22,last,224.2503,60.0065,0.626224,0.0782,0.237,0.3199,0.4512,0.5533,0.6658,0.8248,0.9333,0.9996
10B,Turkish,layer_23,last,237.5348,63.6534,0.621714,0.0789,0.2286,0.309,0.4359,0.5363,0.6513,0.8175,0.9308,0.9996
10B,Turkish,layer_24,last,247.6234,68.0687,0.640395,0.0771,0.219,0.2986,0.4227,0.5247,0.6438,0.8151,0.9304,0.9996
10B,Turkish,layer_25,last,237.8566,65.8553,0.63214,0.0802,0.2193,0.3032,0.4322,0.538,0.6563,0.8234,0.9335,0.9996
10B,Turkish,layer_26,last,225.0002,64.8481,0.651641,0.0797,0.2182,0.309,0.4421,0.5545,0.6752,0.8376,0.9395,0.9996
10B,Turkish,layer_27,last,202.836,55.0788,0.660336,0.0908,0.2394,0.3342,0.4671,0.5771,0.6936,0.8479,0.9435,0.9996
10B,Turkish,layer_28,last,174.7926,43.3099,0.672061,0.1111,0.2696,0.3684,0.5,0.6066,0.7174,0.8615,0.9488,0.9997
10B,Turkish,layer_29,last,163.7926,39.1937,0.674605,0.1192,0.284,0.3851,0.5144,0.6185,0.726,0.8659,0.9505,0.9997
10B,Turkish,layer_0,mean,163.036,56.3827,0.973502,0.101,0.1979,0.2836,0.4481,0.6073,0.7711,0.9324,0.9855,0.9999
10B,Turkish,layer_1,mean,154.2031,36.7073,0.88447,0.1446,0.2334,0.3109,0.4612,0.6079,0.7606,0.9183,0.9789,0.9999
10B,Turkish,layer_2,mean,145.0439,26.2306,0.820526,0.1806,0.2644,0.3376,0.4755,0.6091,0.75,0.9048,0.9728,0.9999
10B,Turkish,layer_3,mean,135.0584,20.4275,0.779673,0.2097,0.2902,0.3598,0.4893,0.6136,0.7455,0.8962,0.9683,0.9998
10B,Turkish,layer_4,mean,136.4739,19.878,0.767779,0.213,0.2954,0.3642,0.4911,0.6114,0.739,0.8885,0.9644,0.9998
10B,Turkish,layer_5,mean,142.1426,20.9162,0.730727,0.2067,0.2943,0.3631,0.4887,0.6065,0.732,0.8813,0.9607,0.9998
10B,Turkish,layer_6,mean,153.3477,23.0895,0.711111,0.1952,0.2866,0.3543,0.4769,0.5941,0.7192,0.872,0.9564,0.9997
10B,Turkish,layer_7,mean,168.0138,27.8712,0.713085,0.1739,0.2708,0.3404,0.4658,0.5845,0.7105,0.8649,0.9529,0.9997
10B,Turkish,layer_8,mean,183.9315,33.2906,0.682342,0.155,0.2582,0.3281,0.4527,0.5714,0.6977,0.8556,0.9487,0.9997
10B,Turkish,layer_9,mean,186.812,32.6599,0.668176,0.1568,0.2627,0.3293,0.45,0.5656,0.69,0.849,0.9455,0.9997
10B,Turkish,layer_10,mean,175.3854,27.6133,0.657196,0.1742,0.2798,0.3447,0.4627,0.5737,0.6934,0.8479,0.9441,0.9996
10B,Turkish,layer_11,mean,154.0471,20.2991,0.646822,0.2097,0.31,0.3714,0.4819,0.586,0.6997,0.8489,0.9438,0.9996
10B,Turkish,layer_12,mean,125.5317,14.6744,0.661813,0.2515,0.3489,0.4095,0.5157,0.6142,0.7197,0.8581,0.9468,0.9996
10B,Turkish,layer_13,mean,124.1922,14.199,0.638664,0.2562,0.3523,0.4126,0.5179,0.6143,0.7181,0.8558,0.9454,0.9996
10B,Turkish,layer_14,mean,131.4937,14.2612,0.63941,0.2566,0.345,0.4015,0.5028,0.5975,0.7022,0.8453,0.9407,0.9996
10B,Turkish,layer_15,mean,134.9263,14.8722,0.635354,0.2506,0.3419,0.3989,0.5009,0.5955,0.6997,0.8429,0.9395,0.9996
10B,Turkish,layer_16,mean,140.896,15.9289,0.616087,0.2413,0.3343,0.3921,0.4958,0.5912,0.696,0.8403,0.9382,0.9996
10B,Turkish,layer_17,mean,151.5689,18.4357,0.617925,0.2222,0.3181,0.3796,0.488,0.5866,0.6929,0.8389,0.9375,0.9996
10B,Turkish,layer_18,mean,159.7505,19.7648,0.612938,0.2139,0.309,0.37,0.4786,0.578,0.6857,0.8342,0.9353,0.9996
10B,Turkish,layer_19,mean,167.738,21.1979,0.623331,0.2057,0.2998,0.3614,0.4708,0.5707,0.6792,0.8296,0.933,0.9995
10B,Turkish,layer_20,mean,176.3697,23.3178,0.604275,0.1947,0.2899,0.3522,0.4635,0.5652,0.6748,0.8266,0.9314,0.9995
10B,Turkish,layer_21,mean,185.9903,25.5823,0.599128,0.1844,0.2804,0.3436,0.455,0.5575,0.6681,0.8219,0.9291,0.9995
10B,Turkish,layer_22,mean,193.2791,28.702,0.600346,0.1712,0.273,0.3378,0.451,0.5549,0.6667,0.8213,0.9288,0.9995
10B,Turkish,layer_23,mean,201.486,31.9134,0.599505,0.1598,0.2639,0.3307,0.4457,0.5504,0.6635,0.8193,0.9279,0.9995
10B,Turkish,layer_24,mean,210.8245,36.4928,0.602697,0.1458,0.2539,0.3228,0.4392,0.5448,0.6601,0.8188,0.9279,0.9995
10B,Turkish,layer_25,mean,209.9861,41.9216,0.629037,0.1288,0.2499,0.3253,0.4477,0.5554,0.6708,0.8262,0.9312,0.9995
10B,Turkish,layer_26,mean,204.8362,48.9249,0.631433,0.1074,0.2451,0.3315,0.4609,0.5723,0.6879,0.8382,0.9367,0.9995
10B,Turkish,layer_27,mean,196.1933,50.4767,0.640618,0.097,0.25,0.3443,0.4759,0.5862,0.6998,0.8458,0.94,0.9996
10B,Turkish,layer_28,mean,167.8868,40.2485,0.649839,0.1134,0.2843,0.3827,0.5124,0.6169,0.723,0.8585,0.9453,0.9996
10B,Turkish,layer_29,mean,149.9064,33.7617,0.651968,0.1295,0.3104,0.41,0.5371,0.6367,0.7369,0.8654,0.9479,0.9996
10B,Vietnamese,layer_0,last,13.8364,5.0745,1.06839,0.3969,0.7207,0.8191,0.921,0.9503,0.9722,0.9912,0.9979,1.0
10B,Vietnamese,layer_1,last,40.0941,7.9763,0.978886,0.3294,0.5346,0.6142,0.7292,0.8147,0.8912,0.9649,0.9919,1.0
10B,Vietnamese,layer_2,last,24.134,4.5348,0.910275,0.4583,0.6276,0.6936,0.782,0.8468,0.905,0.9654,0.991,1.0
10B,Vietnamese,layer_3,last,14.2057,2.9848,0.876304,0.5732,0.7064,0.7596,0.8296,0.8789,0.9234,0.9706,0.9918,1.0
10B,Vietnamese,layer_4,last,10.3394,2.4624,0.857236,0.6333,0.7522,0.7993,0.8577,0.8985,0.9351,0.9742,0.9925,1.0
10B,Vietnamese,layer_5,last,10.0551,2.4023,0.838435,0.6416,0.7549,0.801,0.8585,0.8987,0.9345,0.9732,0.992,1.0
10B,Vietnamese,layer_6,last,10.8541,2.4954,0.817859,0.6291,0.7447,0.7919,0.8513,0.893,0.9297,0.9703,0.9908,1.0
10B,Vietnamese,layer_7,last,15.4872,3.0134,0.808537,0.5712,0.6893,0.7423,0.8141,0.8665,0.9124,0.9626,0.9883,0.9999
10B,Vietnamese,layer_8,last,19.8797,3.4937,0.790909,0.5292,0.6524,0.7082,0.7869,0.8458,0.898,0.9554,0.9857,0.9999
10B,Vietnamese,layer_9,last,26.4998,4.2601,0.778986,0.477,0.6093,0.6697,0.7554,0.8215,0.8813,0.9476,0.9829,0.9999
10B,Vietnamese,layer_10,last,44.1839,6.4585,0.778125,0.3836,0.5161,0.5865,0.6919,0.778,0.8562,0.9368,0.9791,0.9999
10B,Vietnamese,layer_11,last,57.9176,8.2841,0.758202,0.3355,0.4725,0.5466,0.6566,0.7479,0.8332,0.9253,0.9748,0.9999
10B,Vietnamese,layer_12,last,98.2722,16.987,0.759893,0.2237,0.359,0.4427,0.5781,0.6981,0.8065,0.9138,0.9704,0.9998
10B,Vietnamese,layer_13,last,118.9436,22.457,0.741346,0.1888,0.3246,0.4095,0.5482,0.6703,0.7852,0.9026,0.9658,0.9998
10B,Vietnamese,layer_14,last,126.5953,22.4438,0.709994,0.1893,0.3261,0.4069,0.5384,0.6529,0.7641,0.8889,0.96,0.9997
10B,Vietnamese,layer_15,last,142.525,29.5561,0.706132,0.1568,0.2974,0.3855,0.5257,0.6432,0.7563,0.8844,0.9581,0.9997
10B,Vietnamese,layer_16,last,155.5745,36.4868,0.697979,0.1328,0.278,0.3694,0.5149,0.6346,0.7487,0.879,0.9556,0.9997
10B,Vietnamese,layer_17,last,160.8152,40.1423,0.688069,0.1205,0.2718,0.3674,0.5147,0.6327,0.7444,0.8748,0.9535,0.9997
10B,Vietnamese,layer_18,last,169.0457,43.994,0.675806,0.1094,0.2649,0.3619,0.5074,0.6247,0.7359,0.8681,0.9504,0.9997
10B,Vietnamese,layer_19,last,180.0218,49.1055,0.662622,0.0961,0.2558,0.353,0.4983,0.6142,0.7244,0.8595,0.9466,0.9996
10B,Vietnamese,layer_20,last,189.7703,55.2002,0.655808,0.0817,0.2417,0.3439,0.4905,0.6064,0.7176,0.8546,0.9442,0.9996
10B,Vietnamese,layer_21,last,211.4513,62.0827,0.641222,0.073,0.2272,0.326,0.4676,0.5793,0.6912,0.839,0.9385,0.9996
10B,Vietnamese,layer_22,last,218.0738,64.7242,0.639628,0.067,0.2241,0.3194,0.4602,0.5701,0.6833,0.8363,0.9375,0.9996
10B,Vietnamese,layer_23,last,225.3118,66.594,0.634551,0.0665,0.2225,0.3148,0.4522,0.5604,0.6741,0.8311,0.9356,0.9996
10B,Vietnamese,layer_24,last,225.9704,66.1645,0.636561,0.0694,0.2235,0.3159,0.4502,0.5572,0.6718,0.8312,0.936,0.9996
10B,Vietnamese,layer_25,last,216.3422,62.7321,0.64415,0.0745,0.2288,0.3214,0.4583,0.5689,0.6835,0.8382,0.9387,0.9996
10B,Vietnamese,layer_26,last,210.6563,63.0943,0.661367,0.0746,0.2252,0.3203,0.4599,0.576,0.6943,0.8481,0.9432,0.9996
10B,Vietnamese,layer_27,last,198.2564,58.6984,0.67026,0.0775,0.2354,0.3338,0.4741,0.59,0.7069,0.8557,0.9464,0.9996
10B,Vietnamese,layer_28,last,184.133,53.012,0.67974,0.0849,0.249,0.3509,0.491,0.6056,0.7203,0.8638,0.9497,0.9997
10B,Vietnamese,layer_29,last,175.898,49.3941,0.68137,0.0893,0.2593,0.363,0.5021,0.6147,0.7268,0.867,0.9509,0.9997
10B,Vietnamese,layer_0,mean,152.6563,62.7702,1.006809,0.0811,0.1987,0.2943,0.4712,0.6353,0.7955,0.943,0.9881,1.0
10B,Vietnamese,layer_1,mean,150.5251,46.5285,0.917208,0.1152,0.2265,0.3145,0.4789,0.6309,0.7823,0.9291,0.9823,0.9999
10B,Vietnamese,layer_2,mean,152.6399,38.272,0.851758,0.1373,0.2413,0.3256,0.4792,0.6214,0.7651,0.9142,0.9762,0.9999
10B,Vietnamese,layer_3,mean,149.1654,31.9506,0.810976,0.1565,0.2589,0.3405,0.4875,0.6212,0.7566,0.9048,0.9719,0.9999
10B,Vietnamese,layer_4,mean,151.4605,31.4911,0.783491,0.158,0.2606,0.3441,0.4903,0.6192,0.7507,0.8978,0.9683,0.9998
10B,Vietnamese,layer_5,mean,158.0261,34.064,0.761989,0.1492,0.2557,0.3424,0.4892,0.6147,0.7436,0.8909,0.965,0.9998
10B,Vietnamese,layer_6,mean,169.7288,37.8039,0.742294,0.139,0.2473,0.333,0.4774,0.6012,0.7305,0.8819,0.9611,0.9998
10B,Vietnamese,layer_7,mean,180.0012,43.3482,0.727041,0.1249,0.2378,0.3255,0.471,0.5944,0.723,0.8754,0.9579,0.9998
10B,Vietnamese,layer_8,mean,192.5067,50.4872,0.727759,0.109,0.2289,0.3183,0.4616,0.5837,0.712,0.8675,0.9544,0.9997
10B,Vietnamese,layer_9,mean,197.5679,49.8916,0.713009,0.1104,0.2307,0.319,0.4561,0.575,0.7023,0.8603,0.9511,0.9997
10B,Vietnamese,layer_10,mean,189.9555,43.6097,0.686924,0.1234,0.2433,0.3309,0.4649,0.5805,0.704,0.8588,0.9497,0.9997
10B,Vietnamese,layer_11,mean,174.6165,32.562,0.676616,0.1544,0.2676,0.3502,0.4766,0.5868,0.7063,0.8581,0.9488,0.9997
10B,Vietnamese,layer_12,mean,150.2447,23.6161,0.674555,0.1897,0.2981,0.3792,0.5028,0.6084,0.7209,0.8643,0.9506,0.9997
10B,Vietnamese,layer_13,mean,149.5152,22.8603,0.684122,0.1936,0.3019,0.3815,0.5033,0.6075,0.7188,0.862,0.9494,0.9997
10B,Vietnamese,layer_14,mean,159.482,22.7851,0.650603,0.1958,0.2971,0.3698,0.4843,0.5873,0.7003,0.8504,0.9444,0.9996
10B,Vietnamese,layer_15,mean,163.9289,23.8678,0.646454,0.1906,0.2919,0.3646,0.481,0.5841,0.6972,0.8478,0.9431,0.9996
10B,Vietnamese,layer_16,mean,170.9518,26.1821,0.644759,0.1802,0.2826,0.3566,0.4756,0.5802,0.694,0.846,0.9421,0.9996
10B,Vietnamese,layer_17,mean,179.9199,29.8938,0.644875,0.1657,0.2696,0.3468,0.4695,0.5763,0.6913,0.8445,0.9415,0.9996
10B,Vietnamese,layer_18,mean,188.4361,31.7834,0.638667,0.1598,0.2638,0.3383,0.4595,0.5664,0.6829,0.8393,0.9392,0.9996
10B,Vietnamese,layer_19,mean,198.9489,34.4969,0.633083,0.1523,0.2542,0.3275,0.448,0.5556,0.6739,0.834,0.9368,0.9996
10B,Vietnamese,layer_20,mean,208.2776,38.1967,0.62913,0.1425,0.245,0.3184,0.4405,0.5492,0.6686,0.8304,0.935,0.9995
10B,Vietnamese,layer_21,mean,217.4138,42.6646,0.625332,0.1315,0.2372,0.3116,0.4336,0.5432,0.6637,0.827,0.9333,0.9995
10B,Vietnamese,layer_22,mean,224.3548,48.009,0.625513,0.1193,0.2303,0.3064,0.4299,0.5404,0.6619,0.826,0.9329,0.9995
10B,Vietnamese,layer_23,mean,230.8089,52.9347,0.640243,0.1094,0.2238,0.3014,0.4263,0.5374,0.6594,0.8244,0.9321,0.9995
10B,Vietnamese,layer_24,mean,239.5729,59.1432,0.626258,0.0988,0.2152,0.2928,0.4181,0.5301,0.6546,0.8232,0.9319,0.9995
10B,Vietnamese,layer_25,mean,233.5071,63.8404,0.635743,0.087,0.2138,0.297,0.4292,0.5437,0.6671,0.831,0.9351,0.9995
10B,Vietnamese,layer_26,mean,223.9681,67.0975,0.667881,0.0778,0.2114,0.3017,0.4426,0.5602,0.6836,0.8422,0.9401,0.9996
10B,Vietnamese,layer_27,mean,220.1321,66.6429,0.657312,0.0781,0.2103,0.3043,0.4476,0.5657,0.6884,0.8454,0.9417,0.9996
10B,Vietnamese,layer_28,mean,203.1029,54.9381,0.659089,0.0957,0.2316,0.3261,0.4657,0.58,0.6978,0.85,0.9435,0.9996
10B,Vietnamese,layer_29,mean,185.3609,44.0649,0.657937,0.1163,0.2578,0.3509,0.485,0.5936,0.7066,0.8538,0.9449,0.9996
10B,Japanese,layer_0,last,61.3657,13.1525,0.927795,0.244,0.4547,0.5411,0.6704,0.773,0.8669,0.9551,0.9883,0.9999
10B,Japanese,layer_1,last,95.7156,20.3942,0.878112,0.1954,0.3536,0.4457,0.5907,0.7091,0.8211,0.9353,0.9823,0.9999
10B,Japanese,layer_2,last,77.12,15.5584,0.829452,0.2138,0.4223,0.5073,0.6335,0.7347,0.831,0.9331,0.98,0.9999
10B,Japanese,layer_3,last,32.1876,5.3227,0.806668,0.4196,0.5841,0.6489,0.738,0.8084,0.8755,0.9486,0.9839,0.9999
10B,Japanese,layer_4,last,18.2616,3.3607,0.791863,0.5384,0.6731,0.725,0.7941,0.8484,0.9003,0.9578,0.9864,0.9999
10B,Japanese,layer_5,last,16.7349,3.1185,0.793871,0.5606,0.6843,0.7339,0.8006,0.8524,0.9018,0.9575,0.9861,0.9999
10B,Japanese,layer_6,last,17.1765,3.1218,0.781006,0.5609,0.679,0.7295,0.797,0.849,0.8986,0.9552,0.985,0.9999
10B,Japanese,layer_7,last,21.6459,3.5508,0.755949,0.5257,0.6396,0.6962,0.773,0.8304,0.8849,0.9483,0.9826,0.9999
10B,Japanese,layer_8,last,28.5182,4.2015,0.756999,0.4827,0.594,0.6546,0.7415,0.8054,0.8666,0.9388,0.979,0.9999
10B,Japanese,layer_9,last,38.8282,5.3462,0.731193,0.4259,0.5437,0.6116,0.7084,0.7799,0.8479,0.9292,0.9754,0.9998
10B,Japanese,layer_10,last,57.94,7.9598,0.724364,0.3445,0.4725,0.5535,0.6645,0.7466,0.8248,0.9177,0.9711,0.9998
10B,Japanese,layer_11,last,74.2069,10.3713,0.710132,0.2984,0.427,0.5129,0.6322,0.7208,0.805,0.9064,0.9666,0.9998
10B,Japanese,layer_12,last,105.1022,19.9908,0.716643,0.1985,0.3496,0.4522,0.5954,0.6992,0.7935,0.9011,0.9643,0.9998
10B,Japanese,layer_13,last,119.5214,24.814,0.703719,0.171,0.3265,0.4299,0.5764,0.6833,0.7801,0.8929,0.9608,0.9997
10B,Japanese,layer_14,last,129.4282,26.1015,0.678461,0.1665,0.3211,0.4191,0.5633,0.6666,0.7625,0.8804,0.9551,0.9997
10B,Japanese,layer_15,last,137.1635,32.8226,0.678789,0.1341,0.3045,0.4104,0.5616,0.6682,0.7632,0.8803,0.9549,0.9997
10B,Japanese,layer_16,last,143.3861,38.4727,0.67463,0.109,0.2925,0.4034,0.5597,0.6679,0.7623,0.8786,0.9538,0.9997
10B,Japanese,layer_17,last,151.5934,41.83,0.660543,0.096,0.2842,0.3983,0.5524,0.6584,0.7516,0.8704,0.9501,0.9997
10B,Japanese,layer_18,last,166.2251,46.2343,0.64557,0.0837,0.2728,0.383,0.5338,0.6384,0.7326,0.8585,0.9451,0.9996
10B,Japanese,layer_19,last,185.3866,52.1959,0.633702,0.0725,0.2584,0.3639,0.51,0.6122,0.7093,0.8454,0.9401,0.9996
10B,Japanese,layer_20,last,201.6597,58.3535,0.626888,0.0692,0.2427,0.3438,0.4902,0.5946,0.6947,0.8367,0.9365,0.9996
10B,Japanese,layer_21,last,241.2457,72.3831,0.617558,0.0622,0.2145,0.3048,0.4408,0.5455,0.6563,0.8177,0.9298,0.9995
10B,Japanese,layer_22,last,248.6188,76.1769,0.619929,0.0619,0.2058,0.295,0.4306,0.5358,0.6518,0.8174,0.9297,0.9995
10B,Japanese,layer_23,last,257.684,82.2343,0.623277,0.0582,0.1932,0.283,0.4189,0.5272,0.6474,0.8167,0.9297,0.9995
10B,Japanese,layer_24,last,262.0984,85.0795,0.642652,0.0558,0.1877,0.2781,0.4125,0.5218,0.6444,0.8166,0.9301,0.9995
10B,Japanese,layer_25,last,244.5881,77.4135,0.632481,0.0595,0.2002,0.2918,0.4319,0.5416,0.6604,0.8252,0.9334,0.9996
10B,Japanese,layer_26,last,229.4905,74.1019,0.652142,0.0604,0.2045,0.2986,0.4432,0.5581,0.6793,0.8396,0.9396,0.9996
10B,Japanese,layer_27,last,214.4834,68.1318,0.659986,0.0624,0.2158,0.3158,0.461,0.5747,0.6932,0.8477,0.9428,0.9996
10B,Japanese,layer_28,last,202.2308,63.1955,0.665888,0.0655,0.2263,0.3301,0.477,0.5883,0.704,0.854,0.9453,0.9996
10B,Japanese,layer_29,last,188.8934,57.0504,0.668532,0.0711,0.2423,0.3489,0.4946,0.6027,0.7145,0.8592,0.9473,0.9996
10B,Japanese,layer_0,mean,148.0885,55.5752,0.995246,0.0913,0.2171,0.3074,0.4802,0.6398,0.7953,0.9406,0.9875,1.0
10B,Japanese,layer_1,mean,153.9436,48.6063,0.904831,0.1087,0.2274,0.316,0.4788,0.6274,0.7773,0.9249,0.981,0.9999
10B,Japanese,layer_2,mean,154.4842,39.4546,0.856457,0.1317,0.2463,0.3296,0.4818,0.6203,0.7613,0.9102,0.9749,0.9999
10B,Japanese,layer_3,mean,151.8359,33.8016,0.800306,0.148,0.2616,0.3432,0.489,0.6198,0.7535,0.9008,0.9704,0.9998
10B,Japanese,layer_4,mean,153.687,32.7608,0.771741,0.1513,0.2661,0.3478,0.4911,0.6176,0.747,0.8934,0.9665,0.9998
10B,Japanese,layer_5,mean,159.2519,34.7904,0.748005,0.1435,0.2655,0.3484,0.4904,0.6136,0.7398,0.8861,0.9627,0.9998
10B,Japanese,layer_6,mean,170.0416,37.9059,0.727285,0.135,0.2572,0.3403,0.4794,0.6012,0.7268,0.877,0.9586,0.9998
10B,Japanese,layer_7,mean,176.1879,41.4067,0.713399,0.125,0.2519,0.3389,0.4775,0.5985,0.7226,0.8721,0.9558,0.9997
10B,Japanese,layer_8,mean,185.7161,44.2236,0.696422,0.119,0.2461,0.3331,0.4692,0.588,0.7112,0.8636,0.9519,0.9997
10B,Japanese,layer_9,mean,186.4895,40.7888,0.681103,0.1287,0.2516,0.3359,0.4673,0.5829,0.7038,0.8572,0.9487,0.9997
10B,Japanese,layer_10,mean,174.4821,32.7683,0.669236,0.1522,0.2705,0.3515,0.479,0.5899,0.7063,0.8557,0.9473,0.9997
10B,Japanese,layer_11,mean,152.2585,22.8263,0.657955,0.1933,0.3038,0.3792,0.4984,0.6024,0.7125,0.8565,0.9468,0.9997
10B,Japanese,layer_12,mean,124.7331,16.1726,0.654875,0.2365,0.3434,0.4164,0.5314,0.6291,0.7308,0.8644,0.9493,0.9997
10B,Japanese,layer_13,mean,123.814,15.6462,0.646674,0.241,0.3478,0.4195,0.5324,0.6279,0.728,0.8616,0.9478,0.9997
10B,Japanese,layer_14,mean,130.5612,15.5634,0.630942,0.243,0.3422,0.4094,0.5174,0.6115,0.7127,0.8515,0.9432,0.9996
10B,Japanese,layer_15,mean,133.6869,16.3687,0.627574,0.2357,0.3395,0.4074,0.5168,0.6105,0.7111,0.8497,0.9422,0.9996
10B,Japanese,layer_16,mean,139.6,17.8043,0.641691,0.2244,0.3322,0.4011,0.5128,0.6075,0.7084,0.8476,0.9411,0.9996
10B,Japanese,layer_17,mean,147.8733,19.9218,0.623532,0.21,0.3205,0.3915,0.5065,0.6027,0.7047,0.8451,0.9399,0.9996
10B,Japanese,layer_18,mean,155.3173,21.5902,0.619796,0.2004,0.3121,0.3827,0.4989,0.5964,0.6994,0.8415,0.9381,0.9996
10B,Japanese,layer_19,mean,162.7963,22.8452,0.612457,0.1941,0.3048,0.3749,0.4904,0.5879,0.6917,0.836,0.9355,0.9995
10B,Japanese,layer_20,mean,171.5677,24.8379,0.607967,0.1849,0.295,0.3646,0.4814,0.5803,0.6855,0.8319,0.9334,0.9995
10B,Japanese,layer_21,mean,178.848,27.7525,0.607257,0.1721,0.2866,0.3584,0.4774,0.5774,0.6836,0.8305,0.9326,0.9995
10B,Japanese,layer_22,mean,183.9171,30.5398,0.625274,0.161,0.2801,0.354,0.4749,0.5764,0.6839,0.8308,0.9326,0.9995
10B,Japanese,layer_23,mean,189.1105,34.9751,0.612287,0.1455,0.2716,0.3498,0.4755,0.579,0.6869,0.8325,0.9332,0.9995
10B,Japanese,layer_24,mean,194.9529,39.1668,0.61586,0.1331,0.2634,0.345,0.4717,0.5766,0.6863,0.8331,0.9337,0.9995
10B,Japanese,layer_25,mean,188.8954,42.9357,0.625325,0.1183,0.2647,0.3542,0.4862,0.5919,0.6998,0.8415,0.9371,0.9996
10B,Japanese,layer_26,mean,188.6837,48.593,0.638462,0.1014,0.2557,0.3513,0.4905,0.5998,0.709,0.8486,0.9405,0.9996
10B,Japanese,layer_27,mean,184.5614,51.7358,0.66338,0.0877,0.2538,0.3557,0.5005,0.6098,0.718,0.8544,0.9432,0.9996
10B,Japanese,layer_28,mean,175.5561,48.2721,0.649533,0.0928,0.2613,0.3706,0.5137,0.6197,0.7251,0.8583,0.9448,0.9996
10B,Japanese,layer_29,mean,156.4126,40.3417,0.65247,0.1088,0.2855,0.4012,0.5401,0.6407,0.7401,0.8659,0.9477,0.9996
21B,English,layer_0,last,4.7352,2.4227,1.378592,0.6227,0.8885,0.9516,0.9891,0.9949,0.9985,0.9997,0.9999,1.0
21B,English,layer_1,last,25.8824,6.236,1.028106,0.3653,0.6189,0.6963,0.803,0.8696,0.9264,0.9773,0.995,1.0
21B,English,layer_2,last,7.3816,2.2836,0.914712,0.6516,0.8134,0.8487,0.8977,0.9294,0.9567,0.9838,0.9957,1.0
21B,English,layer_3,last,3.9839,1.605,0.871697,0.7865,0.879,0.9003,0.9311,0.9523,0.97,0.988,0.9965,1.0
21B,English,layer_4,last,3.6811,1.5347,0.866076,0.8052,0.8852,0.9053,0.9342,0.9549,0.9714,0.9882,0.9964,1.0
21B,English,layer_5,last,4.3516,1.6432,0.831814,0.7776,0.8662,0.8898,0.9224,0.9462,0.9655,0.9854,0.9954,1.0
21B,English,layer_6,last,5.1965,1.7641,0.807239,0.7499,0.845,0.872,0.9084,0.9349,0.9575,0.9815,0.994,1.0
21B,English,layer_7,last,9.4078,2.29,0.801686,0.6564,0.7671,0.8026,0.8546,0.8948,0.9308,0.9695,0.99,0.9999
21B,English,layer_8,last,14.456,2.8761,0.767753,0.5836,0.708,0.7499,0.8145,0.8642,0.9096,0.9592,0.9863,0.9999
21B,English,layer_9,last,24.3459,4.0375,0.770567,0.4885,0.632,0.6832,0.7627,0.8251,0.8825,0.9464,0.9818,0.9999
21B,English,layer_10,last,45.5734,6.6031,0.745066,0.3763,0.5268,0.5877,0.6866,0.768,0.845,0.9294,0.9755,0.9999
21B,English,layer_11,last,64.3977,9.6075,0.746,0.3049,0.4689,0.5359,0.6467,0.7372,0.8222,0.9175,0.9708,0.9998
21B,English,layer_12,last,111.8657,20.4206,0.727696,0.1959,0.3527,0.4285,0.5603,0.6752,0.7864,0.9012,0.9646,0.9998
21B,English,layer_13,last,141.9731,31.2578,0.706763,0.1454,0.3045,0.3851,0.5265,0.6459,0.7611,0.8867,0.9584,0.9997
21B,English,layer_14,last,152.2102,32.9543,0.677023,0.139,0.3011,0.381,0.5182,0.632,0.7424,0.8724,0.9519,0.9997
21B,English,layer_15,last,172.1674,44.444,0.676949,0.1066,0.2679,0.355,0.4982,0.6179,0.7325,0.8678,0.9502,0.9997
21B,English,layer_16,last,192.8916,56.2347,0.668859,0.0846,0.2388,0.3294,0.4763,0.5998,0.7191,0.8596,0.9467,0.9996
21B,English,layer_17,last,197.6921,59.492,0.657349,0.075,0.2351,0.3293,0.4765,0.5975,0.7141,0.8545,0.9438,0.9996
21B,English,layer_18,last,208.2824,63.6307,0.646518,0.069,0.2265,0.3209,0.4654,0.5854,0.7036,0.8471,0.9403,0.9996
21B,English,layer_19,last,214.99,67.0172,0.64008,0.0653,0.2181,0.314,0.4609,0.5803,0.6977,0.8426,0.9382,0.9996
21B,English,layer_20,last,220.5123,69.8005,0.634725,0.0669,0.2091,0.305,0.4557,0.5761,0.695,0.8401,0.9363,0.9996
21B,English,layer_21,last,242.3125,76.156,0.615561,0.0651,0.1987,0.2898,0.4346,0.5518,0.6707,0.8235,0.9292,0.9995
21B,English,layer_22,last,244.1527,73.5045,0.632176,0.0727,0.2007,0.2886,0.4307,0.5464,0.6652,0.8216,0.9287,0.9995
21B,English,layer_23,last,242.9426,69.4551,0.612227,0.0792,0.2078,0.2927,0.4313,0.5441,0.6614,0.8196,0.9281,0.9995
21B,English,layer_24,last,248.239,70.3117,0.616748,0.0803,0.2068,0.2865,0.4205,0.5345,0.6551,0.8191,0.9287,0.9995
21B,English,layer_25,last,239.8374,68.2382,0.627571,0.0821,0.2081,0.2888,0.4245,0.5432,0.666,0.8274,0.9324,0.9995
21B,English,layer_26,last,235.6183,71.2447,0.647455,0.0773,0.2029,0.2857,0.4233,0.5477,0.6761,0.8377,0.9378,0.9996
21B,English,layer_27,last,225.3326,65.763,0.654278,0.0835,0.2115,0.2963,0.4339,0.5569,0.6841,0.8428,0.9402,0.9996
21B,English,layer_28,last,202.7211,54.8898,0.663729,0.0971,0.2325,0.3211,0.4594,0.5798,0.7025,0.853,0.9444,0.9996
21B,English,layer_29,last,182.2861,44.7542,0.66929,0.1149,0.2557,0.346,0.4834,0.6,0.7172,0.861,0.9476,0.9997
21B,English,layer_0,mean,98.3647,14.4573,0.874322,0.2514,0.3562,0.4252,0.5472,0.6607,0.7833,0.9213,0.98,0.9999
21B,English,layer_1,mean,79.2189,10.6408,0.811263,0.2976,0.3967,0.4646,0.5867,0.6947,0.8057,0.9232,0.9767,0.9999
21B,English,layer_2,mean,73.1373,8.7059,0.739351,0.332,0.4275,0.4901,0.5967,0.6923,0.793,0.908,0.9691,0.9998
21B,English,layer_3,mean,76.278,8.9664,0.70262,0.3261,0.4302,0.4932,0.5966,0.6867,0.782,0.8972,0.9637,0.9998
21B,English,layer_4,mean,79.2324,9.5626,0.680065,0.313,0.4325,0.4972,0.5983,0.6844,0.7757,0.8903,0.96,0.9998
21B,English,layer_5,mean,81.8944,10.1786,0.667762,0.3008,0.4309,0.497,0.5989,0.684,0.773,0.8865,0.9578,0.9997
21B,English,layer_6,mean,80.8581,9.4687,0.650396,0.3135,0.4385,0.499,0.594,0.6762,0.7641,0.8797,0.9547,0.9997
21B,English,layer_7,mean,57.2242,6.4194,0.663751,0.3878,0.493,0.5479,0.6355,0.7099,0.7887,0.8915,0.9588,0.9997
21B,English,layer_8,mean,53.8626,5.8234,0.636498,0.4094,0.5019,0.5544,0.6386,0.71,0.7863,0.8887,0.9574,0.9997
21B,English,layer_9,mean,41.3306,4.5362,0.622721,0.4663,0.5457,0.5904,0.664,0.7274,0.7967,0.8925,0.9584,0.9997
21B,English,layer_10,mean,33.1239,3.8297,0.632694,0.5087,0.5781,0.6186,0.6872,0.7461,0.8101,0.8989,0.9605,0.9997
21B,English,layer_11,mean,26.3486,3.2526,0.606992,0.5529,0.612,0.647,0.7081,0.7612,0.8198,0.9031,0.9619,0.9997
21B,English,layer_12,mean,26.5522,3.2732,0.609869,0.5512,0.6079,0.6435,0.7087,0.7633,0.822,0.9043,0.9622,0.9997
21B,English,layer_13,mean,32.4131,3.6981,0.608423,0.5182,0.5776,0.6158,0.6861,0.7452,0.8085,0.8969,0.9592,0.9997
21B,English,layer_14,mean,34.5335,3.704,0.586538,0.5181,0.5714,0.6051,0.6681,0.7249,0.7897,0.8851,0.9541,0.9997
21B,English,layer_15,mean,41.7442,4.2108,0.604567,0.4855,0.5416,0.5782,0.6463,0.7075,0.7771,0.8786,0.9516,0.9997
21B,English,layer_16,mean,51.2442,4.876,0.588614,0.4507,0.5088,0.548,0.6207,0.6867,0.7617,0.8704,0.9482,0.9996
21B,English,layer_17,mean,63.0854,5.7894,0.607053,0.4129,0.4751,0.5178,0.5956,0.6665,0.7472,0.8631,0.9454,0.9996
21B,English,layer_18,mean,73.7948,6.5926,0.604519,0.3863,0.4514,0.4944,0.5732,0.647,0.7319,0.8548,0.9421,0.9996
21B,English,layer_19,mean,84.7709,7.4554,0.602405,0.3627,0.4291,0.473,0.5529,0.6291,0.718,0.8476,0.9393,0.9996
21B,English,layer_20,mean,97.7159,8.74,0.586019,0.3339,0.4066,0.4529,0.5357,0.6152,0.7076,0.8419,0.937,0.9996
21B,English,layer_21,mean,112.8713,10.493,0.588382,0.3031,0.3825,0.4322,0.5177,0.6002,0.6969,0.8369,0.9352,0.9995
21B,English,layer_22,mean,132.5039,13.4049,0.592996,0.2654,0.3543,0.4079,0.4984,0.5852,0.687,0.8326,0.9336,0.9995
21B,English,layer_23,mean,147.5908,16.2325,0.595063,0.2382,0.3356,0.3916,0.4852,0.5748,0.6795,0.8293,0.9324,0.9995
21B,English,layer_24,mean,168.6106,21.0599,0.603963,0.205,0.3083,0.366,0.4646,0.5601,0.6714,0.8275,0.9323,0.9995
21B,English,layer_25,mean,182.9136,28.1046,0.619122,0.1705,0.2853,0.3513,0.4607,0.5626,0.677,0.8328,0.935,0.9995
21B,English,layer_26,mean,199.6579,39.9041,0.638776,0.1328,0.2552,0.3301,0.4521,0.5626,0.6822,0.8393,0.9386,0.9996
21B,English,layer_27,mean,211.3632,48.1459,0.641291,0.1129,0.2404,0.3185,0.4439,0.5565,0.6785,0.8378,0.9383,0.9996
21B,English,layer_28,mean,217.2771,50.8665,0.655998,0.1109,0.2296,0.3127,0.4402,0.554,0.6756,0.8353,0.9371,0.9996
21B,English,layer_29,mean,193.4165,36.7815,0.63366,0.1425,0.2591,0.3403,0.4636,0.5703,0.6852,0.8384,0.9379,0.9996
21B,Chinese,layer_0,last,19.5528,6.7784,1.14879,0.3271,0.643,0.7666,0.8825,0.9332,0.966,0.991,0.9982,1.0
21B,Chinese,layer_1,last,40.4576,9.7708,0.966836,0.2844,0.5201,0.6297,0.7611,0.8414,0.9059,0.9676,0.992,1.0
21B,Chinese,layer_2,last,7.7076,2.2055,0.904755,0.6692,0.7955,0.8427,0.8942,0.9267,0.954,0.982,0.9949,1.0
21B,Chinese,layer_3,last,3.9108,1.5616,0.874682,0.7989,0.8749,0.9026,0.9344,0.9545,0.9708,0.988,0.9964,1.0
21B,Chinese,layer_4,last,3.4707,1.4838,0.845799,0.8199,0.8884,0.9126,0.9412,0.9593,0.9738,0.989,0.9966,1.0
21B,Chinese,layer_5,last,3.9646,1.5605,0.829405,0.7993,0.8735,0.8998,0.9314,0.952,0.9689,0.9868,0.9958,1.0
21B,Chinese,layer_6,last,4.6531,1.6646,0.82152,0.7735,0.855,0.8847,0.9202,0.9435,0.9628,0.9836,0.9947,1.0
21B,Chinese,layer_7,last,7.6841,2.0554,0.79385,0.6951,0.7893,0.8272,0.877,0.912,0.9419,0.9743,0.9916,1.0
21B,Chinese,layer_8,last,12.3133,2.6046,0.774856,0.6161,0.7227,0.7712,0.8357,0.8815,0.9207,0.9642,0.988,0.9999
21B,Chinese,layer_9,last,20.1561,3.544,0.762122,0.5253,0.6518,0.71,0.7903,0.8477,0.8976,0.9531,0.984,0.9999
21B,Chinese,layer_10,last,37.8356,5.6125,0.771464,0.4134,0.5457,0.6139,0.7158,0.7938,0.8639,0.9382,0.9786,0.9999
21B,Chinese,layer_11,last,56.2979,8.2248,0.742266,0.3366,0.4762,0.5532,0.6683,0.7583,0.8381,0.9252,0.9737,0.9998
21B,Chinese,layer_12,last,99.7567,17.2209,0.739125,0.2223,0.3556,0.4429,0.5818,0.6987,0.8044,0.9097,0.9678,0.9998
21B,Chinese,layer_13,last,127.6027,25.5066,0.719561,0.1735,0.3099,0.3996,0.5443,0.6654,0.7773,0.8952,0.962,0.9998
21B,Chinese,layer_14,last,137.4414,26.0389,0.702994,0.1721,0.309,0.3951,0.5333,0.6477,0.7556,0.88,0.9552,0.9997
21B,Chinese,layer_15,last,160.0501,37.4691,0.702819,0.1316,0.2694,0.363,0.5113,0.6315,0.7439,0.8746,0.9531,0.9997
21B,Chinese,layer_16,last,178.1837,48.5092,0.678791,0.1038,0.2435,0.3386,0.4947,0.6175,0.733,0.8679,0.9501,0.9997
21B,Chinese,layer_17,last,182.8094,52.4222,0.66846,0.091,0.2401,0.3383,0.4955,0.6155,0.7286,0.8633,0.9477,0.9996
21B,Chinese,layer_18,last,193.2352,56.6483,0.654977,0.0819,0.2335,0.3298,0.4855,0.6042,0.7176,0.8549,0.9437,0.9996
21B,Chinese,layer_19,last,206.1592,62.3834,0.644274,0.0704,0.2239,0.3185,0.4734,0.5912,0.704,0.8459,0.9399,0.9996
21B,Chinese,layer_20,last,209.939,65.6514,0.637423,0.0643,0.2169,0.3158,0.4734,0.5902,0.7028,0.8431,0.9381,0.9996
21B,Chinese,layer_21,last,231.0888,71.4596,0.61946,0.0631,0.2068,0.3024,0.452,0.5648,0.6776,0.8267,0.9313,0.9995
21B,Chinese,layer_22,last,231.9637,69.682,0.618482,0.0706,0.208,0.3038,0.4508,0.5613,0.6735,0.8255,0.9309,0.9995
21B,Chinese,layer_23,last,235.6019,69.8952,0.635518,0.0744,0.2051,0.2989,0.4446,0.5559,0.6694,0.8241,0.9307,0.9995
21B,Chinese,layer_24,last,238.0021,68.9421,0.622628,0.0782,0.2056,0.2964,0.4371,0.5489,0.6653,0.8242,0.9313,0.9995
21B,Chinese,layer_25,last,225.8276,64.8047,0.630782,0.0816,0.2141,0.3049,0.448,0.5627,0.6785,0.8323,0.9346,0.9995
21B,Chinese,layer_26,last,220.1277,65.9714,0.648173,0.0775,0.2144,0.3049,0.4496,0.5683,0.6889,0.8421,0.9395,0.9996
21B,Chinese,layer_27,last,213.898,64.3965,0.669449,0.0771,0.2185,0.3116,0.4572,0.5755,0.6952,0.8462,0.9414,0.9996
21B,Chinese,layer_28,last,201.1938,59.4659,0.657624,0.0801,0.2306,0.3298,0.4738,0.5898,0.706,0.8517,0.9435,0.9996
21B,Chinese,layer_29,last,176.7272,46.5431,0.662387,0.1019,0.2639,0.3641,0.5023,0.6127,0.7227,0.8606,0.947,0.9996
21B,Chinese,layer_0,mean,122.1385,30.7243,0.913176,0.1478,0.3023,0.3923,0.5401,0.6676,0.7948,0.9275,0.9824,0.9999
21B,Chinese,layer_1,mean,102.8448,19.0736,0.827792,0.2092,0.3433,0.4288,0.5704,0.688,0.8022,0.9217,0.9768,0.9999
21B,Chinese,layer_2,mean,89.6548,13.094,0.764636,0.2633,0.3836,0.462,0.5878,0.6918,0.7949,0.9106,0.9709,0.9998
21B,Chinese,layer_3,mean,81.1605,10.85,0.727754,0.292,0.4152,0.4875,0.6019,0.6966,0.7917,0.904,0.967,0.9998
21B,Chinese,layer_4,mean,78.503,10.5086,0.704533,0.295,0.4309,0.502,0.6106,0.6995,0.7896,0.8996,0.9644,0.9998
21B,Chinese,layer_5,mean,74.9901,10.0538,0.68855,0.3005,0.4471,0.5165,0.6204,0.704,0.7899,0.8973,0.9627,0.9998
21B,Chinese,layer_6,mean,67.6437,8.3163,0.670051,0.3356,0.4696,0.5313,0.6266,0.7046,0.7874,0.8936,0.9607,0.9998
21B,Chinese,layer_7,mean,43.3208,5.2368,0.662464,0.4312,0.5407,0.5942,0.6773,0.7442,0.8149,0.9062,0.9649,0.9998
21B,Chinese,layer_8,mean,36.5991,4.4124,0.648482,0.4721,0.5662,0.6149,0.6911,0.7528,0.8191,0.9067,0.9646,0.9998
21B,Chinese,layer_9,mean,26.8952,3.4787,0.635639,0.5336,0.6125,0.654,0.7195,0.7736,0.8327,0.9124,0.9664,0.9998
21B,Chinese,layer_10,mean,20.4439,2.9236,0.64343,0.5831,0.6507,0.6878,0.7466,0.7951,0.848,0.9197,0.9688,0.9998
21B,Chinese,layer_11,mean,15.3427,2.478,0.617849,0.6341,0.6905,0.7219,0.7722,0.8145,0.8612,0.9258,0.9709,0.9998
21B,Chinese,layer_12,mean,14.3785,2.3987,0.61725,0.6446,0.6974,0.7291,0.7793,0.8211,0.8661,0.9282,0.9717,0.9998
21B,Chinese,layer_13,mean,16.362,2.5517,0.628825,0.6248,0.68,0.7129,0.7656,0.8095,0.8569,0.9229,0.9694,0.9998
21B,Chinese,layer_14,mean,16.9756,2.5487,0.593263,0.6253,0.6766,0.7062,0.7547,0.7973,0.8457,0.9156,0.9662,0.9998
21B,Chinese,layer_15,mean,20.1081,2.7843,0.594786,0.5981,0.6521,0.6844,0.737,0.7833,0.8353,0.9102,0.964,0.9997
21B,Chinese,layer_16,mean,24.6632,3.1174,0.595264,0.5649,0.622,0.6569,0.7147,0.7655,0.8221,0.9031,0.9612,0.9997
21B,Chinese,layer_17,mean,29.5262,3.4677,0.609406,0.5352,0.5966,0.6327,0.6946,0.7488,0.8096,0.8962,0.9583,0.9997
21B,Chinese,layer_18,mean,36.4204,3.981,0.59653,0.4989,0.5655,0.6037,0.6706,0.73,0.7962,0.8893,0.9556,0.9997
21B,Chinese,layer_19,mean,42.3922,4.3979,0.591842,0.4743,0.5436,0.5825,0.6511,0.7132,0.7829,0.8818,0.9524,0.9997
21B,Chinese,layer_20,mean,50.0897,5.0208,0.590898,0.443,0.5192,0.5601,0.6324,0.698,0.7716,0.8755,0.9498,0.9996
21B,Chinese,layer_21,mean,60.9658,6.0239,0.595927,0.4029,0.4887,0.5335,0.6116,0.6818,0.7605,0.8704,0.9478,0.9996
21B,Chinese,layer_22,mean,71.8429,7.1699,0.613254,0.3673,0.4636,0.5117,0.5941,0.6679,0.7506,0.8653,0.9458,0.9996
21B,Chinese,layer_23,mean,85.2182,9.1191,0.608175,0.3224,0.4329,0.489,0.5818,0.6617,0.7479,0.8648,0.9457,0.9996
21B,Chinese,layer_24,mean,101.3568,11.5414,0.632815,0.2831,0.4006,0.4613,0.5602,0.6453,0.7376,0.8611,0.9447,0.9996
21B,Chinese,layer_25,mean,114.6146,14.8937,0.625771,0.2438,0.3742,0.4444,0.5531,0.6428,0.7375,0.8622,0.9453,0.9996
21B,Chinese,layer_26,mean,134.4449,20.8972,0.63947,0.1981,0.3367,0.4156,0.5352,0.632,0.733,0.8623,0.946,0.9996
21B,Chinese,layer_27,mean,150.5234,28.5492,0.644846,0.1574,0.3097,0.3965,0.5248,0.6259,0.7295,0.8611,0.9456,0.9996
21B,Chinese,layer_28,mean,166.0664,33.3922,0.639149,0.1444,0.2854,0.3777,0.5088,0.6116,0.7171,0.8537,0.9426,0.9996
21B,Chinese,layer_29,mean,128.4166,18.8419,0.63566,0.214,0.3391,0.4235,0.5461,0.6406,0.7365,0.8626,0.9459,0.9996
21B,French,layer_0,last,5.7116,2.8852,1.421953,0.5616,0.8556,0.9425,0.989,0.9952,0.9987,0.9998,1.0,1.0
21B,French,layer_1,last,25.3287,6.8573,1.057907,0.3315,0.6176,0.7076,0.8183,0.8868,0.9376,0.9811,0.996,1.0
21B,French,layer_2,last,6.9001,2.3124,0.960438,0.6442,0.8232,0.8636,0.9114,0.9418,0.9652,0.9874,0.9967,1.0
21B,French,layer_3,last,3.6863,1.5969,0.908191,0.7877,0.8898,0.9138,0.9434,0.9624,0.9773,0.9913,0.9975,1.0
21B,French,layer_4,last,3.3192,1.5006,0.889282,0.8142,0.8982,0.9204,0.9476,0.9653,0.9789,0.9917,0.9975,1.0
21B,French,layer_5,last,3.8503,1.5882,0.883813,0.791,0.8815,0.9063,0.9372,0.958,0.9741,0.9895,0.9968,1.0
21B,French,layer_6,last,4.5058,1.697,0.859144,0.7646,0.8639,0.8924,0.9264,0.9495,0.9682,0.9867,0.9958,1.0
21B,French,layer_7,last,7.5329,2.1141,0.821642,0.6833,0.7979,0.835,0.8815,0.9167,0.9468,0.9775,0.9929,1.0
21B,French,layer_8,last,11.6711,2.6349,0.801891,0.61,0.7373,0.783,0.8417,0.8872,0.927,0.9685,0.9898,0.9999
21B,French,layer_9,last,19.7714,3.6846,0.789209,0.5111,0.6611,0.7185,0.7924,0.8509,0.9025,0.9574,0.986,0.9999
21B,French,layer_10,last,37.638,5.9651,0.787819,0.3946,0.5571,0.6244,0.7182,0.794,0.8652,0.9409,0.9802,0.9999
21B,French,layer_11,last,54.7571,8.763,0.756162,0.3174,0.4951,0.5695,0.6767,0.7622,0.8421,0.929,0.9757,0.9999
21B,French,layer_12,last,99.5241,18.5266,0.75168,0.2038,0.3718,0.4522,0.5826,0.6954,0.8024,0.9119,0.9694,0.9998
21B,French,layer_13,last,128.4969,28.0042,0.728688,0.1537,0.3219,0.4046,0.5446,0.663,0.7763,0.8971,0.9633,0.9998
21B,French,layer_14,last,138.9038,29.9547,0.696591,0.1458,0.3164,0.3978,0.5358,0.6489,0.7576,0.8831,0.957,0.9997
21B,French,layer_15,last,158.5487,40.0517,0.692801,0.1138,0.2829,0.3703,0.5142,0.634,0.7463,0.8772,0.9546,0.9997
21B,French,layer_16,last,180.1533,51.4481,0.697436,0.0912,0.2506,0.3428,0.4903,0.615,0.7314,0.8676,0.9505,0.9997
21B,French,layer_17,last,185.859,55.2772,0.669838,0.0794,0.2454,0.3408,0.4881,0.6112,0.7264,0.8625,0.9477,0.9996
21B,French,layer_18,last,196.3584,59.4739,0.676129,0.0709,0.2369,0.3319,0.4766,0.5985,0.7154,0.8555,0.9445,0.9996
21B,French,layer_19,last,200.1536,62.1367,0.652958,0.0635,0.2301,0.3271,0.4755,0.5976,0.7133,0.8526,0.9428,0.9996
21B,French,layer_20,last,205.309,65.8728,0.651204,0.0631,0.2195,0.3167,0.4703,0.5937,0.7123,0.852,0.9419,0.9996
21B,French,layer_21,last,215.204,68.4871,0.653594,0.0633,0.2145,0.3109,0.4624,0.5829,0.7003,0.8428,0.9376,0.9996
21B,French,layer_22,last,213.0758,65.2738,0.634475,0.0726,0.2177,0.3115,0.4663,0.5844,0.7,0.842,0.9372,0.9996
21B,French,layer_23,last,209.9105,62.1448,0.647276,0.0782,0.2232,0.3192,0.4715,0.586,0.6996,0.8411,0.9367,0.9995
21B,French,layer_24,last,206.3061,59.2428,0.635716,0.0829,0.2292,0.3255,0.4739,0.5861,0.6995,0.8431,0.938,0.9996
21B,French,layer_25,last,195.8127,54.4047,0.66008,0.0902,0.2391,0.3342,0.483,0.5962,0.7092,0.8499,0.9411,0.9996
21B,French,layer_26,last,191.6201,52.6087,0.658745,0.0946,0.2419,0.3343,0.481,0.5984,0.7144,0.8561,0.9446,0.9996
21B,French,layer_27,last,172.0075,43.1465,0.669173,0.1134,0.2642,0.3567,0.5025,0.6181,0.7303,0.8654,0.9487,0.9997
21B,French,layer_28,last,142.2355,30.4722,0.682353,0.15,0.3036,0.3955,0.5378,0.6489,0.7546,0.8791,0.9544,0.9997
21B,French,layer_29,last,120.5237,23.0687,0.688634,0.1818,0.3376,0.4291,0.5677,0.6732,0.7728,0.8885,0.958,0.9997
21B,French,layer_0,mean,107.572,22.3694,0.916103,0.1879,0.328,0.4129,0.5555,0.6775,0.8022,0.9322,0.9835,0.9999
21B,French,layer_1,mean,79.8856,12.2944,0.842199,0.2733,0.386,0.4636,0.6001,0.713,0.8221,0.9325,0.9801,0.9999
21B,French,layer_2,mean,68.5402,9.0335,0.770833,0.3241,0.4326,0.5009,0.6197,0.7174,0.8142,0.9209,0.9741,0.9999
21B,French,layer_3,mean,69.9073,9.1538,0.732301,0.3202,0.4414,0.5096,0.6212,0.7133,0.805,0.9115,0.9694,0.9998
21B,French,layer_4,mean,71.7912,9.6151,0.70677,0.3088,0.448,0.5143,0.6221,0.7108,0.7989,0.9047,0.966,0.9998
21B,French,layer_5,mean,77.477,10.8627,0.692281,0.285,0.4389,0.506,0.6175,0.7059,0.7928,0.8993,0.9632,0.9998
21B,French,layer_6,mean,76.7836,10.1254,0.673919,0.2975,0.4481,0.5097,0.6122,0.6975,0.7837,0.8926,0.9602,0.9997
21B,French,layer_7,mean,57.772,7.0626,0.670015,0.3663,0.4932,0.55,0.6434,0.7216,0.8012,0.9008,0.9628,0.9998
21B,French,layer_8,mean,55.736,6.4186,0.65867,0.388,0.4953,0.552,0.6426,0.7191,0.7971,0.8972,0.9611,0.9997
21B,French,layer_9,mean,43.7902,4.9616,0.644409,0.4448,0.5353,0.5844,0.6643,0.7331,0.8047,0.8993,0.9616,0.9997
21B,French,layer_10,mean,36.3762,4.2329,0.639967,0.4831,0.5611,0.6071,0.6825,0.748,0.8153,0.9041,0.9631,0.9997
21B,French,layer_11,mean,29.7377,3.5957,0.645403,0.5253,0.591,0.6316,0.6993,0.759,0.8217,0.9067,0.9638,0.9998
21B,French,layer_12,mean,30.7201,3.6856,0.633001,0.5189,0.5824,0.6251,0.6972,0.7594,0.8226,0.9072,0.964,0.9998
21B,French,layer_13,mean,37.5771,4.2063,0.630785,0.4852,0.5512,0.5965,0.6732,0.7397,0.8083,0.8996,0.961,0.9997
21B,French,layer_14,mean,39.9242,4.185,0.60788,0.4868,0.5456,0.5852,0.6551,0.7189,0.789,0.8875,0.9558,0.9997
21B,French,layer_15,mean,47.6031,4.7686,0.609434,0.4556,0.5168,0.5599,0.6348,0.7031,0.7777,0.8817,0.9536,0.9997
21B,French,layer_16,mean,58.0837,5.5694,0.625163,0.4209,0.4845,0.5296,0.6095,0.6824,0.7626,0.8738,0.9505,0.9997
21B,French,layer_17,mean,70.6396,6.6602,0.611506,0.384,0.4521,0.4999,0.5853,0.6637,0.7495,0.8674,0.948,0.9996
21B,French,layer_18,mean,81.387,7.5467,0.623554,0.3601,0.4305,0.478,0.5643,0.6453,0.7349,0.8597,0.9449,0.9996
21B,French,layer_19,mean,91.4864,8.4009,0.603921,0.3407,0.4115,0.4596,0.5464,0.6288,0.7219,0.8526,0.9422,0.9996
21B,French,layer_20,mean,104.5407,9.8556,0.60345,0.3133,0.3898,0.4398,0.5296,0.6154,0.7116,0.8472,0.94,0.9996
21B,French,layer_21,mean,118.5424,11.7446,0.606205,0.2852,0.3682,0.4204,0.514,0.6027,0.7028,0.8435,0.9386,0.9996
21B,French,layer_22,mean,136.6953,14.7282,0.609548,0.2519,0.3432,0.3978,0.4954,0.5875,0.6928,0.8394,0.9372,0.9996
21B,French,layer_23,mean,150.1862,17.8163,0.612868,0.2258,0.325,0.3831,0.4859,0.5809,0.6885,0.8375,0.9366,0.9996
21B,French,layer_24,mean,168.3802,22.5984,0.620611,0.1964,0.301,0.361,0.468,0.5683,0.6815,0.8362,0.9366,0.9996
21B,French,layer_25,mean,180.9307,29.0527,0.632231,0.167,0.281,0.3482,0.4637,0.5689,0.6851,0.8398,0.9385,0.9996
21B,French,layer_26,mean,195.4927,39.9781,0.649704,0.1325,0.2545,0.3305,0.4558,0.5684,0.6897,0.8455,0.9416,0.9996
21B,French,layer_27,mean,200.5403,46.9655,0.655482,0.1135,0.2435,0.3262,0.4569,0.5712,0.6932,0.8478,0.9427,0.9996
21B,French,layer_28,mean,191.4457,43.7916,0.655953,0.1211,0.2458,0.3369,0.4719,0.5844,0.702,0.8511,0.9437,0.9996
21B,French,layer_29,mean,165.1226,31.174,0.650921,0.1553,0.2823,0.3736,0.5018,0.6062,0.7155,0.8561,0.9451,0.9996
21B,Indonesian,layer_0,last,5.6574,2.7505,1.427365,0.5801,0.8594,0.9346,0.986,0.9933,0.9976,0.9997,0.9999,1.0
21B,Indonesian,layer_1,last,23.7742,6.3096,1.047433,0.3427,0.6381,0.7144,0.8205,0.8827,0.9334,0.9795,0.9957,1.0
21B,Indonesian,layer_2,last,5.232,1.9548,0.951747,0.707,0.8595,0.8896,0.9282,0.9517,0.9706,0.9893,0.9973,1.0
21B,Indonesian,layer_3,last,2.8829,1.4307,0.918007,0.834,0.9187,0.9359,0.9576,0.9712,0.9821,0.9932,0.9982,1.0
21B,Indonesian,layer_4,last,2.6535,1.376,0.9066,0.851,0.926,0.9415,0.9611,0.9737,0.9836,0.9936,0.9982,1.0
21B,Indonesian,layer_5,last,2.9685,1.4419,0.904209,0.8309,0.9165,0.9335,0.9553,0.9695,0.9808,0.9924,0.9979,1.0
21B,Indonesian,layer_6,last,3.4022,1.5316,0.867541,0.8053,0.9036,0.9233,0.9477,0.9639,0.9768,0.9906,0.9972,1.0
21B,Indonesian,layer_7,last,5.0686,1.8197,0.848405,0.7366,0.8584,0.8846,0.9193,0.9435,0.9634,0.985,0.9955,1.0
21B,Indonesian,layer_8,last,7.3065,2.1887,0.825674,0.6681,0.8154,0.8478,0.8923,0.9234,0.9497,0.9786,0.9934,1.0
21B,Indonesian,layer_9,last,10.9164,2.7407,0.81032,0.5923,0.7637,0.8041,0.8594,0.8988,0.9331,0.9712,0.9909,1.0
21B,Indonesian,layer_10,last,19.897,3.9866,0.814943,0.4835,0.674,0.7245,0.7989,0.8555,0.9061,0.9594,0.9869,0.9999
21B,Indonesian,layer_11,last,30.1109,5.4363,0.776872,0.4058,0.609,0.6677,0.7541,0.8205,0.8813,0.9472,0.9826,0.9999
21B,Indonesian,layer_12,last,59.1318,9.9963,0.767905,0.2869,0.4805,0.5518,0.661,0.7559,0.8431,0.93,0.9762,0.9999
21B,Indonesian,layer_13,last,80.1517,14.0063,0.744971,0.2342,0.424,0.5012,0.619,0.7203,0.8162,0.9162,0.9707,0.9998
21B,Indonesian,layer_14,last,81.9884,13.7277,0.732195,0.2368,0.4304,0.5046,0.6174,0.712,0.8029,0.9065,0.9666,0.9998
21B,Indonesian,layer_15,last,103.37,18.8372,0.709508,0.1961,0.3782,0.4627,0.5854,0.6877,0.7848,0.8969,0.9629,0.9998
21B,Indonesian,layer_16,last,125.2267,24.5151,0.71056,0.1679,0.3372,0.4251,0.5541,0.662,0.7649,0.8851,0.9579,0.9997
21B,Indonesian,layer_17,last,134.5805,28.1133,0.682692,0.1525,0.3244,0.4144,0.5472,0.6551,0.7575,0.879,0.955,0.9997
21B,Indonesian,layer_18,last,143.1776,30.5906,0.671474,0.1446,0.3153,0.4034,0.5381,0.6453,0.7481,0.8723,0.9519,0.9997
21B,Indonesian,layer_19,last,155.8538,34.8558,0.663044,0.1318,0.2991,0.3872,0.5247,0.6315,0.7354,0.8649,0.9488,0.9997
21B,Indonesian,layer_20,last,168.154,41.1818,0.655285,0.1141,0.2776,0.3733,0.5142,0.6221,0.7288,0.8597,0.9461,0.9996
21B,Indonesian,layer_21,last,194.2964,48.9441,0.631702,0.0987,0.2566,0.3504,0.4861,0.5905,0.698,0.8394,0.9377,0.9996
21B,Indonesian,layer_22,last,204.9242,53.678,0.627072,0.0865,0.2451,0.3405,0.4756,0.5794,0.6878,0.8342,0.9356,0.9996
21B,Indonesian,layer_23,last,211.7355,55.6828,0.622609,0.0804,0.242,0.3363,0.4685,0.5708,0.6789,0.8294,0.9337,0.9996
21B,Indonesian,layer_24,last,217.5083,57.6174,0.623782,0.0805,0.24,0.3325,0.4606,0.562,0.672,0.8271,0.9334,0.9996
21B,Indonesian,layer_25,last,214.5289,58.1511,0.63199,0.0828,0.237,0.3294,0.462,0.5674,0.6796,0.8329,0.9358,0.9996
21B,Indonesian,layer_26,last,212.5013,60.3261,0.649089,0.0821,0.2292,0.3229,0.4605,0.5713,0.6871,0.8412,0.9401,0.9996
21B,Indonesian,layer_27,last,194.8731,54.2436,0.65942,0.0894,0.2429,0.3421,0.4833,0.5926,0.7043,0.8511,0.9442,0.9996
21B,Indonesian,layer_28,last,157.2163,41.6586,0.690924,0.1027,0.2835,0.3949,0.5358,0.6385,0.7399,0.8703,0.9516,0.9997
21B,Indonesian,layer_29,last,127.8593,31.5251,0.68069,0.1171,0.334,0.4471,0.579,0.6725,0.7645,0.883,0.9563,0.9997
21B,Indonesian,layer_0,mean,99.4464,19.8571,0.961527,0.1986,0.3478,0.4242,0.5559,0.6809,0.808,0.9386,0.9865,1.0
21B,Indonesian,layer_1,mean,70.8876,11.186,0.853921,0.279,0.4363,0.5025,0.6142,0.7167,0.822,0.9337,0.9815,0.9999
21B,Indonesian,layer_2,mean,59.9547,8.3868,0.792661,0.3319,0.4778,0.5363,0.6367,0.7275,0.8217,0.9266,0.9773,0.9999
21B,Indonesian,layer_3,mean,55.2963,7.6123,0.755102,0.3488,0.5017,0.5584,0.6508,0.7341,0.8206,0.9216,0.9743,0.9999
21B,Indonesian,layer_4,mean,50.7158,7.2602,0.72934,0.352,0.5257,0.5808,0.6676,0.7435,0.8231,0.9192,0.9725,0.9998
21B,Indonesian,layer_5,mean,49.5466,7.0344,0.711142,0.3562,0.5303,0.5838,0.6696,0.7435,0.821,0.9158,0.9705,0.9998
21B,Indonesian,layer_6,mean,43.1268,5.8331,0.692166,0.3995,0.5536,0.6027,0.6809,0.7492,0.8221,0.9141,0.9694,0.9998
21B,Indonesian,layer_7,mean,24.9791,3.6177,0.682623,0.5201,0.6309,0.6711,0.7354,0.792,0.8517,0.9272,0.9736,0.9998
21B,Indonesian,layer_8,mean,20.7642,3.0814,0.666986,0.5666,0.6529,0.6901,0.7487,0.8006,0.8559,0.9278,0.9734,0.9998
21B,Indonesian,layer_9,mean,15.4523,2.5638,0.652638,0.6227,0.6934,0.7252,0.7751,0.8197,0.8683,0.9328,0.9749,0.9998
21B,Indonesian,layer_10,mean,11.9995,2.2382,0.643988,0.6673,0.7252,0.7536,0.7984,0.8381,0.8811,0.9385,0.9767,0.9998
21B,Indonesian,layer_11,mean,9.4095,1.9856,0.647639,0.7089,0.7564,0.7804,0.8189,0.8533,0.8911,0.943,0.9782,0.9999
21B,Indonesian,layer_12,mean,8.9766,1.9398,0.629523,0.7174,0.7602,0.7837,0.8229,0.8572,0.8939,0.9442,0.9784,0.9999
21B,Indonesian,layer_13,mean,10.3071,2.0511,0.624636,0.6976,0.7414,0.7666,0.8089,0.8455,0.8849,0.9391,0.9763,0.9998
21B,Indonesian,layer_14,mean,10.6202,2.0492,0.603891,0.698,0.7388,0.7616,0.8005,0.8357,0.8755,0.933,0.9737,0.9998
21B,Indonesian,layer_15,mean,12.4769,2.1997,0.603132,0.6735,0.717,0.7417,0.7849,0.8232,0.866,0.9278,0.9715,0.9998
21B,Indonesian,layer_16,mean,15.3135,2.4161,0.61717,0.6425,0.6887,0.7154,0.7631,0.8056,0.8527,0.9206,0.9686,0.9998
21B,Indonesian,layer_17,mean,19.0155,2.6908,0.602441,0.6086,0.6581,0.6871,0.7398,0.787,0.839,0.9134,0.9657,0.9998
21B,Indonesian,layer_18,mean,22.3895,2.9257,0.599113,0.5834,0.6356,0.6654,0.7205,0.7709,0.8266,0.9065,0.9629,0.9997
21B,Indonesian,layer_19,mean,26.0075,3.1694,0.594127,0.5603,0.6146,0.6455,0.7026,0.7552,0.8142,0.8995,0.96,0.9997
21B,Indonesian,layer_20,mean,31.0296,3.5383,0.609144,0.5298,0.5902,0.6232,0.6836,0.74,0.8026,0.8931,0.9572,0.9997
21B,Indonesian,layer_21,mean,38.3456,4.0926,0.592729,0.4919,0.5601,0.5962,0.6609,0.7213,0.7887,0.8856,0.9542,0.9997
21B,Indonesian,layer_22,mean,48.2191,4.9117,0.596206,0.4478,0.5258,0.5662,0.6369,0.7023,0.7752,0.8788,0.9515,0.9996
21B,Indonesian,layer_23,mean,58.2715,5.8606,0.615474,0.4083,0.497,0.5421,0.6181,0.6878,0.7647,0.8734,0.9493,0.9996
21B,Indonesian,layer_24,mean,73.4578,7.4481,0.608096,0.3598,0.4578,0.5084,0.5913,0.667,0.7515,0.8682,0.9476,0.9996
21B,Indonesian,layer_25,mean,91.5664,10.1247,0.62274,0.3044,0.4158,0.4762,0.5712,0.6544,0.7455,0.8671,0.9476,0.9996
21B,Indonesian,layer_26,mean,115.7267,15.6292,0.643446,0.2368,0.3666,0.439,0.5501,0.6429,0.7415,0.8683,0.9489,0.9996
21B,Indonesian,layer_27,mean,134.0043,23.8333,0.653368,0.1737,0.3359,0.4202,0.5425,0.6399,0.7408,0.8689,0.9494,0.9996
21B,Indonesian,layer_28,mean,138.3309,29.9551,0.660247,0.1409,0.3208,0.4214,0.5528,0.6514,0.7492,0.8729,0.951,0.9997
21B,Indonesian,layer_29,mean,120.3377,22.2103,0.656983,0.1845,0.3496,0.4493,0.5763,0.6686,0.7602,0.8774,0.9525,0.9997
21B,Italian,layer_0,last,4.328,2.2909,1.363271,0.6409,0.9085,0.961,0.9889,0.995,0.9984,0.9997,0.9999,1.0
21B,Italian,layer_1,last,24.591,5.8699,1.015075,0.3745,0.6348,0.7072,0.8016,0.8668,0.9231,0.9757,0.9946,1.0
21B,Italian,layer_2,last,6.1115,2.0772,0.914468,0.6845,0.8399,0.8694,0.9104,0.9381,0.9618,0.9857,0.9962,1.0
21B,Italian,layer_3,last,3.2408,1.4771,0.891476,0.8207,0.903,0.9207,0.9454,0.9619,0.9761,0.9905,0.9973,1.0
21B,Italian,layer_4,last,2.9256,1.4053,0.859796,0.8422,0.9112,0.9279,0.9502,0.9654,0.9782,0.9911,0.9973,1.0
21B,Italian,layer_5,last,3.3405,1.4722,0.841486,0.8226,0.8965,0.9153,0.9405,0.9584,0.9735,0.9889,0.9966,1.0
21B,Italian,layer_6,last,3.8199,1.5474,0.830734,0.802,0.8816,0.903,0.9306,0.9506,0.9679,0.9862,0.9956,1.0
21B,Italian,layer_7,last,6.263,1.8755,0.812106,0.7275,0.8198,0.8485,0.8883,0.9191,0.9471,0.9771,0.9926,1.0
21B,Italian,layer_8,last,9.6725,2.286,0.778787,0.6577,0.7628,0.798,0.849,0.8896,0.9271,0.9678,0.9893,0.9999
21B,Italian,layer_9,last,16.3068,3.0579,0.765489,0.5659,0.6915,0.7356,0.8,0.8529,0.9019,0.956,0.9852,0.9999
21B,Italian,layer_10,last,31.8384,4.759,0.767531,0.4496,0.5872,0.6414,0.7257,0.7956,0.8639,0.9389,0.9792,0.9999
21B,Italian,layer_11,last,48.2078,6.8753,0.75224,0.3691,0.5199,0.5827,0.6805,0.7614,0.8383,0.9257,0.9741,0.9998
21B,Italian,layer_12,last,94.1093,15.2086,0.736087,0.2375,0.3833,0.4602,0.5874,0.6953,0.799,0.9083,0.9676,0.9998
21B,Italian,layer_13,last,125.8493,24.1056,0.72861,0.1782,0.3277,0.4105,0.5471,0.6597,0.7703,0.8922,0.9609,0.9997
21B,Italian,layer_14,last,136.5857,25.605,0.680206,0.1712,0.3239,0.4045,0.5361,0.6432,0.7501,0.8771,0.954,0.9997
21B,Italian,layer_15,last,158.7867,36.6193,0.678409,0.1305,0.2844,0.3749,0.5148,0.6294,0.7394,0.8712,0.9517,0.9997
21B,Italian,layer_16,last,178.6172,47.665,0.684998,0.1024,0.254,0.3509,0.4955,0.6142,0.7269,0.863,0.948,0.9996
21B,Italian,layer_17,last,184.7479,52.2143,0.657511,0.0864,0.2492,0.349,0.4941,0.6104,0.7215,0.8578,0.9453,0.9996
21B,Italian,layer_18,last,193.0093,55.9991,0.6481,0.0751,0.2424,0.3422,0.4866,0.6016,0.713,0.8518,0.9424,0.9996
21B,Italian,layer_19,last,197.8736,59.1586,0.643054,0.0652,0.2354,0.3367,0.4834,0.5985,0.7101,0.849,0.9408,0.9996
21B,Italian,layer_20,last,201.82,62.7127,0.644725,0.0665,0.2254,0.3258,0.4786,0.5972,0.7113,0.85,0.9408,0.9996
21B,Italian,layer_21,last,212.8009,64.5099,0.645486,0.0675,0.2229,0.32,0.4682,0.583,0.6963,0.8391,0.9359,0.9995
21B,Italian,layer_22,last,210.1727,61.1668,0.628629,0.0768,0.2284,0.3223,0.47,0.5835,0.6966,0.8394,0.936,0.9995
21B,Italian,layer_23,last,210.0844,59.0381,0.625787,0.0826,0.2323,0.3239,0.4702,0.5814,0.6936,0.8372,0.9352,0.9995
21B,Italian,layer_24,last,207.7572,57.1699,0.629688,0.0857,0.2382,0.3275,0.4717,0.5806,0.6927,0.8387,0.9363,0.9995
21B,Italian,layer_25,last,196.1469,53.248,0.656033,0.0894,0.2483,0.3385,0.4829,0.5923,0.7045,0.8468,0.9399,0.9996
21B,Italian,layer_26,last,186.8423,50.3389,0.656885,0.0942,0.2544,0.3466,0.4897,0.6003,0.7142,0.8561,0.9447,0.9996
21B,Italian,layer_27,last,161.5329,40.5177,0.670556,0.1129,0.2824,0.379,0.5215,0.6286,0.737,0.8691,0.9502,0.9997
21B,Italian,layer_28,last,134.0311,30.1035,0.686107,0.1443,0.3207,0.4175,0.5568,0.66,0.7622,0.8834,0.9562,0.9997
21B,Italian,layer_29,last,117.9139,24.8432,0.6925,0.1662,0.3466,0.4436,0.5807,0.6806,0.7776,0.8915,0.9593,0.9997
21B,Italian,layer_0,mean,120.2332,27.303,0.907016,0.1599,0.3132,0.3965,0.5335,0.657,0.7869,0.9257,0.982,0.9999
21B,Italian,layer_1,mean,84.5255,13.1898,0.832134,0.2611,0.3883,0.4618,0.5918,0.7008,0.8108,0.9271,0.9786,0.9999
21B,Italian,layer_2,mean,68.994,9.0267,0.762403,0.3233,0.4406,0.5066,0.6176,0.7108,0.8076,0.917,0.9729,0.9999
21B,Italian,layer_3,mean,67.0349,8.633,0.724342,0.3295,0.4576,0.5209,0.6252,0.7119,0.8021,0.9091,0.9687,0.9998
21B,Italian,layer_4,mean,66.0461,8.6597,0.698951,0.3253,0.4696,0.531,0.6308,0.7133,0.7989,0.9037,0.9656,0.9998
21B,Italian,layer_5,mean,67.2281,8.9378,0.684296,0.3172,0.4683,0.5306,0.6311,0.7129,0.7962,0.9,0.9634,0.9998
21B,Italian,layer_6,mean,64.3537,8.0062,0.666065,0.3395,0.4794,0.5369,0.6303,0.7082,0.79,0.8948,0.9608,0.9998
21B,Italian,layer_7,mean,47.0386,5.6294,0.661853,0.4141,0.5258,0.577,0.6631,0.7348,0.8092,0.9038,0.9638,0.9998
21B,Italian,layer_8,mean,45.129,5.1698,0.649697,0.4349,0.5289,0.5794,0.6634,0.7331,0.8056,0.9004,0.9621,0.9998
21B,Italian,layer_9,mean,35.7643,4.1739,0.635061,0.4863,0.5662,0.6103,0.684,0.7464,0.8132,0.9026,0.9626,0.9997
21B,Italian,layer_10,mean,29.7989,3.6323,0.644828,0.5224,0.5915,0.6328,0.7014,0.7606,0.8233,0.9072,0.964,0.9998
21B,Italian,layer_11,mean,24.3885,3.1469,0.619432,0.5621,0.6208,0.6569,0.7183,0.7723,0.8305,0.9102,0.9649,0.9998
21B,Italian,layer_12,mean,25.0508,3.2004,0.637502,0.5575,0.6136,0.6511,0.7166,0.7726,0.831,0.9104,0.9649,0.9998
21B,Italian,layer_13,mean,30.7848,3.6237,0.620474,0.5235,0.5827,0.6227,0.6932,0.7536,0.817,0.903,0.9619,0.9997
21B,Italian,layer_14,mean,32.7491,3.6234,0.598373,0.5238,0.5761,0.6118,0.6757,0.7337,0.7985,0.8915,0.957,0.9997
21B,Italian,layer_15,mean,39.5519,4.1203,0.600918,0.4908,0.5473,0.5858,0.6548,0.7173,0.7867,0.8854,0.9547,0.9997
21B,Italian,layer_16,mean,48.4681,4.7596,0.600741,0.4561,0.5155,0.5561,0.6297,0.6966,0.7716,0.8776,0.9516,0.9997
21B,Italian,layer_17,mean,60.2487,5.6716,0.602757,0.4171,0.48,0.524,0.6028,0.6751,0.7563,0.8698,0.9486,0.9996
21B,Italian,layer_18,mean,70.3538,6.4471,0.599895,0.3906,0.4564,0.5008,0.5809,0.6562,0.7419,0.8621,0.9456,0.9996
21B,Italian,layer_19,mean,80.2717,7.2088,0.596492,0.3689,0.4356,0.4804,0.5612,0.6387,0.728,0.8546,0.9426,0.9996
21B,Italian,layer_20,mean,93.1487,8.4876,0.596854,0.3389,0.4115,0.4588,0.5429,0.6243,0.7176,0.8492,0.9404,0.9996
21B,Italian,layer_21,mean,106.568,10.0639,0.599324,0.3097,0.3893,0.4396,0.5269,0.6113,0.7081,0.8449,0.9388,0.9996
21B,Italian,layer_22,mean,125.0542,12.6573,0.602928,0.2737,0.3616,0.4147,0.5067,0.5953,0.6972,0.84,0.9371,0.9996
21B,Italian,layer_23,mean,139.9536,15.3628,0.605479,0.2457,0.3418,0.3978,0.4937,0.5852,0.6901,0.8368,0.9359,0.9995
21B,Italian,layer_24,mean,159.756,19.7932,0.613123,0.2127,0.3149,0.3741,0.4749,0.5713,0.6822,0.8348,0.9356,0.9995
21B,Italian,layer_25,mean,174.8083,26.2486,0.625967,0.1784,0.2914,0.3588,0.4688,0.5709,0.685,0.8384,0.9375,0.9996
21B,Italian,layer_26,mean,190.3785,37.5196,0.64521,0.1385,0.2622,0.3392,0.4631,0.5731,0.6915,0.8451,0.941,0.9996
21B,Italian,layer_27,mean,195.0788,46.1166,0.652918,0.112,0.2502,0.3368,0.4674,0.5791,0.6976,0.8489,0.9427,0.9996
21B,Italian,layer_28,mean,183.4576,42.6926,0.655806,0.1197,0.2576,0.3511,0.4858,0.5957,0.7097,0.8542,0.9446,0.9996
21B,Italian,layer_29,mean,161.3201,31.28,0.651254,0.1534,0.2863,0.3801,0.5106,0.6141,0.7213,0.8583,0.9457,0.9996
21B,Swahili,layer_0,last,6.0603,2.6287,1.462666,0.6031,0.8275,0.8975,0.9807,0.9952,0.9987,0.9998,1.0,1.0
21B,Swahili,layer_1,last,27.2646,6.4803,1.086465,0.3641,0.603,0.6798,0.7911,0.8716,0.9325,0.9808,0.9961,1.0
21B,Swahili,layer_2,last,6.819,2.281,0.98373,0.6488,0.8253,0.8587,0.9061,0.9397,0.9653,0.9883,0.9971,1.0
21B,Swahili,layer_3,last,3.5799,1.5695,0.941235,0.7949,0.8935,0.9139,0.9426,0.9627,0.9778,0.992,0.9979,1.0
21B,Swahili,layer_4,last,3.1646,1.4732,0.923899,0.8218,0.9038,0.9226,0.9491,0.9673,0.9805,0.9927,0.998,1.0
21B,Swahili,layer_5,last,3.5274,1.5419,0.907847,0.8028,0.8916,0.9127,0.9432,0.9633,0.9779,0.9916,0.9976,1.0
21B,Swahili,layer_6,last,3.963,1.622,0.885572,0.7821,0.8783,0.902,0.9368,0.959,0.9748,0.9901,0.997,1.0
21B,Swahili,layer_7,last,6.158,1.9607,0.854627,0.7096,0.824,0.8561,0.9029,0.9347,0.9586,0.9831,0.9948,1.0
21B,Swahili,layer_8,last,9.0731,2.4155,0.849771,0.6357,0.7749,0.8151,0.8736,0.9138,0.9445,0.9768,0.9927,1.0
21B,Swahili,layer_9,last,14.2063,3.152,0.832194,0.5519,0.712,0.7626,0.8353,0.886,0.9264,0.9685,0.9899,0.9999
21B,Swahili,layer_10,last,28.2136,5.0763,0.807967,0.4272,0.6019,0.6639,0.7569,0.8339,0.8964,0.9556,0.9854,0.9999
21B,Swahili,layer_11,last,43.5275,7.4252,0.783521,0.3443,0.5322,0.6029,0.7058,0.7932,0.8679,0.9418,0.9804,0.9999
21B,Swahili,layer_12,last,76.8085,14.2248,0.77036,0.2322,0.4204,0.5005,0.6233,0.7365,0.8345,0.9262,0.9745,0.9998
21B,Swahili,layer_13,last,98.5879,19.7179,0.745983,0.1836,0.3783,0.4619,0.5863,0.7011,0.8071,0.9119,0.9689,0.9998
21B,Swahili,layer_14,last,106.1908,21.8767,0.7203,0.1624,0.3725,0.4616,0.5821,0.6886,0.7917,0.9014,0.9645,0.9998
21B,Swahili,layer_15,last,125.3117,28.3042,0.713831,0.1343,0.3365,0.4284,0.5567,0.6654,0.7749,0.8934,0.9614,0.9998
21B,Swahili,layer_16,last,138.0553,32.54,0.697704,0.122,0.3218,0.4135,0.5435,0.6496,0.7596,0.8838,0.9574,0.9997
21B,Swahili,layer_17,last,140.7197,33.7395,0.69117,0.1197,0.3191,0.4146,0.5434,0.6477,0.7556,0.8804,0.956,0.9997
21B,Swahili,layer_18,last,147.0275,36.2998,0.685186,0.1146,0.3068,0.406,0.5381,0.6423,0.7502,0.8766,0.9543,0.9997
21B,Swahili,layer_19,last,151.6082,37.2827,0.677104,0.1143,0.3026,0.4036,0.5329,0.6362,0.7432,0.8715,0.9522,0.9997
21B,Swahili,layer_20,last,159.4129,39.8787,0.668497,0.1081,0.2927,0.3957,0.5251,0.6268,0.734,0.8654,0.9497,0.9997
21B,Swahili,layer_21,last,177.851,45.3406,0.65865,0.0991,0.2733,0.3734,0.502,0.6038,0.7129,0.8539,0.9454,0.9997
21B,Swahili,layer_22,last,188.0653,50.402,0.653877,0.0866,0.2602,0.3615,0.4916,0.5948,0.7047,0.849,0.9434,0.9996
21B,Swahili,layer_23,last,199.2118,54.3352,0.649012,0.0792,0.2503,0.3489,0.4778,0.5815,0.6933,0.8432,0.9411,0.9996
21B,Swahili,layer_24,last,204.9379,57.634,0.648882,0.0723,0.2453,0.3427,0.4731,0.5762,0.688,0.8406,0.9405,0.9996
21B,Swahili,layer_25,last,208.3454,59.6848,0.647717,0.0666,0.2423,0.3401,0.4715,0.573,0.6846,0.8387,0.94,0.9996
21B,Swahili,layer_26,last,205.8052,60.1164,0.655236,0.063,0.242,0.3404,0.4746,0.5763,0.6887,0.8426,0.942,0.9996
21B,Swahili,layer_27,last,180.957,49.846,0.663674,0.0774,0.2671,0.37,0.506,0.6037,0.7103,0.8544,0.9464,0.9997
21B,Swahili,layer_28,last,141.4197,36.1853,0.683407,0.1068,0.3146,0.426,0.5609,0.6519,0.7489,0.8758,0.9548,0.9997
21B,Swahili,layer_29,last,113.892,28.8902,0.696769,0.1242,0.3562,0.4762,0.608,0.6923,0.78,0.8921,0.9609,0.9998
21B,Swahili,layer_0,mean,84.5804,15.1372,0.966547,0.2346,0.383,0.4577,0.5844,0.6995,0.8175,0.9409,0.9873,1.0
21B,Swahili,layer_1,mean,65.7356,9.648,0.864494,0.3098,0.4376,0.5116,0.6239,0.7243,0.8273,0.9361,0.9826,0.9999
21B,Swahili,layer_2,mean,58.0791,7.7169,0.796626,0.351,0.4712,0.5382,0.6389,0.7288,0.8224,0.9269,0.9777,0.9999
21B,Swahili,layer_3,mean,61.4448,8.2787,0.760506,0.336,0.4736,0.5382,0.6372,0.724,0.8148,0.9192,0.9738,0.9999
21B,Swahili,layer_4,mean,67.9451,9.7297,0.734067,0.3002,0.4699,0.5318,0.6283,0.713,0.8036,0.911,0.97,0.9998
21B,Swahili,layer_5,mean,72.9957,10.8468,0.719508,0.2762,0.461,0.5222,0.6207,0.7064,0.7973,0.906,0.9675,0.9998
21B,Swahili,layer_6,mean,77.0795,11.1333,0.704086,0.2759,0.4539,0.5163,0.6124,0.6975,0.7885,0.8998,0.9647,0.9998
21B,Swahili,layer_7,mean,59.6542,7.7458,0.697088,0.3461,0.4952,0.552,0.6406,0.7197,0.8035,0.9057,0.9663,0.9998
21B,Swahili,layer_8,mean,57.8381,7.0288,0.684318,0.3679,0.4985,0.5522,0.6385,0.7159,0.7989,0.9021,0.9646,0.9998
21B,Swahili,layer_9,mean,47.3892,5.6209,0.690206,0.4154,0.53,0.579,0.6588,0.7303,0.8076,0.905,0.9652,0.9998
21B,Swahili,layer_10,mean,38.8713,4.651,0.680651,0.4593,0.5589,0.6051,0.6789,0.7452,0.817,0.9086,0.9661,0.9998
21B,Swahili,layer_11,mean,31.1821,3.871,0.670584,0.5052,0.5908,0.6335,0.7,0.7604,0.8267,0.9123,0.9671,0.9998
21B,Swahili,layer_12,mean,27.6885,3.5495,0.652388,0.5283,0.6066,0.6476,0.7117,0.77,0.8334,0.9153,0.9681,0.9998
21B,Swahili,layer_13,mean,30.2916,3.7514,0.647457,0.5137,0.5921,0.6362,0.7022,0.7619,0.8268,0.9114,0.9664,0.9998
21B,Swahili,layer_14,mean,31.8878,3.8373,0.636832,0.5079,0.5853,0.6293,0.6953,0.755,0.8202,0.9067,0.9643,0.9998
21B,Swahili,layer_15,mean,33.936,3.9996,0.649929,0.4973,0.5756,0.6213,0.6887,0.7493,0.816,0.9043,0.9632,0.9998
21B,Swahili,layer_16,mean,40.0258,4.5399,0.648314,0.466,0.5511,0.6,0.6732,0.7368,0.8063,0.8988,0.9609,0.9997
21B,Swahili,layer_17,mean,46.9117,5.1741,0.630295,0.4356,0.5261,0.5792,0.6572,0.7241,0.7967,0.8932,0.9585,0.9997
21B,Swahili,layer_18,mean,55.6614,6.3759,0.637208,0.3897,0.4973,0.5616,0.6501,0.7201,0.7942,0.8923,0.9581,0.9997
21B,Swahili,layer_19,mean,60.9338,6.8324,0.629924,0.3761,0.4829,0.5479,0.6372,0.7089,0.7848,0.8865,0.9555,0.9997
21B,Swahili,layer_20,mean,68.7223,7.9247,0.645774,0.347,0.4637,0.5335,0.6263,0.7008,0.7789,0.8832,0.9541,0.9997
21B,Swahili,layer_21,mean,82.4261,9.872,0.645515,0.3078,0.4322,0.5058,0.6062,0.685,0.7664,0.8765,0.9514,0.9997
21B,Swahili,layer_22,mean,88.1773,11.4682,0.632657,0.2812,0.4237,0.5012,0.6041,0.6845,0.7667,0.8768,0.9515,0.9997
21B,Swahili,layer_23,mean,97.2714,13.5168,0.635877,0.2554,0.4035,0.4883,0.5944,0.6771,0.7617,0.8748,0.9508,0.9997
21B,Swahili,layer_24,mean,100.274,15.7672,0.642958,0.2291,0.3959,0.4908,0.6004,0.6824,0.7665,0.878,0.9523,0.9997
21B,Swahili,layer_25,mean,106.0025,17.5175,0.644287,0.2139,0.3856,0.4831,0.5947,0.6773,0.7625,0.8761,0.9518,0.9997
21B,Swahili,layer_26,mean,109.0036,20.4977,0.658868,0.1888,0.376,0.4811,0.5974,0.6819,0.7687,0.8813,0.9546,0.9997
21B,Swahili,layer_27,mean,100.9919,21.8967,0.675949,0.1662,0.3921,0.5004,0.6203,0.7028,0.7865,0.8925,0.9594,0.9997
21B,Swahili,layer_28,mean,81.4733,18.9367,0.698645,0.171,0.4289,0.5408,0.6644,0.7422,0.8179,0.9101,0.9665,0.9998
21B,Swahili,layer_29,mean,63.621,14.8082,0.71051,0.204,0.473,0.5888,0.7061,0.7767,0.8439,0.9235,0.9715,0.9998
21B,Spanish,layer_0,last,3.3682,1.9782,1.331982,0.6921,0.9443,0.975,0.9903,0.9955,0.9987,0.9998,0.9999,1.0
21B,Spanish,layer_1,last,19.2126,5.0113,1.039706,0.4039,0.6869,0.7482,0.8281,0.8851,0.9342,0.9796,0.9956,1.0
21B,Spanish,layer_2,last,5.4678,2.0269,0.922367,0.6905,0.8599,0.8848,0.9205,0.945,0.9665,0.9876,0.9967,1.0
21B,Spanish,layer_3,last,3.1241,1.4818,0.881235,0.8185,0.9118,0.9278,0.9494,0.9647,0.978,0.9913,0.9975,1.0
21B,Spanish,layer_4,last,2.8718,1.4134,0.877194,0.8392,0.9172,0.9322,0.9527,0.9672,0.9794,0.9916,0.9975,1.0
21B,Spanish,layer_5,last,3.2963,1.4876,0.860041,0.8176,0.9021,0.9202,0.9438,0.9607,0.9751,0.9897,0.9968,1.0
21B,Spanish,layer_6,last,3.7794,1.5662,0.820051,0.7963,0.8878,0.9072,0.9329,0.9521,0.9691,0.9868,0.9958,1.0
21B,Spanish,layer_7,last,6.4308,1.9401,0.815297,0.7138,0.8234,0.8495,0.8879,0.9187,0.9471,0.9772,0.9927,1.0
21B,Spanish,layer_8,last,10.0469,2.3942,0.797821,0.6406,0.7649,0.7987,0.8483,0.8886,0.9266,0.9678,0.9894,0.9999
21B,Spanish,layer_9,last,16.7553,3.2274,0.768109,0.5477,0.6956,0.739,0.8014,0.8529,0.9018,0.9562,0.9855,0.9999
21B,Spanish,layer_10,last,32.5636,5.0674,0.771543,0.4318,0.5897,0.6449,0.7273,0.7969,0.8646,0.9395,0.9795,0.9999
21B,Spanish,layer_11,last,48.3107,7.294,0.740709,0.3537,0.5251,0.59,0.6862,0.7646,0.8405,0.9273,0.9748,0.9998
21B,Spanish,layer_12,last,94.8435,16.5021,0.74163,0.222,0.3851,0.463,0.5922,0.6985,0.8015,0.91,0.9685,0.9998
21B,Spanish,layer_13,last,125.7227,25.945,0.719591,0.1648,0.3286,0.4126,0.5512,0.6642,0.7738,0.8947,0.9622,0.9998
21B,Spanish,layer_14,last,137.166,27.6495,0.685975,0.1576,0.3239,0.4056,0.5392,0.6463,0.752,0.8791,0.9551,0.9997
21B,Spanish,layer_15,last,159.8378,39.2122,0.682615,0.1188,0.2829,0.3734,0.5172,0.631,0.7403,0.8726,0.9525,0.9997
21B,Spanish,layer_16,last,179.564,49.9056,0.672551,0.0944,0.2533,0.3479,0.4957,0.6151,0.7276,0.8643,0.9487,0.9997
21B,Spanish,layer_17,last,185.5036,54.0451,0.662427,0.0803,0.2482,0.3455,0.4933,0.6116,0.7224,0.8592,0.9462,0.9996
21B,Spanish,layer_18,last,194.4941,58.1641,0.654192,0.0697,0.2401,0.3374,0.4834,0.6018,0.7141,0.8537,0.9435,0.9996
21B,Spanish,layer_19,last,197.9562,60.6659,0.649131,0.0644,0.2339,0.3332,0.4831,0.6008,0.7123,0.8511,0.9421,0.9996
21B,Spanish,layer_20,last,202.8537,64.2405,0.648956,0.0667,0.2224,0.3217,0.4769,0.5976,0.7123,0.851,0.9416,0.9996
21B,Spanish,layer_21,last,213.9495,66.1802,0.649778,0.068,0.2186,0.3164,0.4663,0.5838,0.6972,0.8401,0.9368,0.9996
21B,Spanish,layer_22,last,209.5453,61.5641,0.649222,0.0783,0.2243,0.3213,0.4707,0.586,0.6983,0.8406,0.937,0.9996
21B,Spanish,layer_23,last,207.6657,58.6726,0.630206,0.0845,0.2301,0.3249,0.4733,0.5858,0.6966,0.8394,0.9365,0.9996
21B,Spanish,layer_24,last,205.0751,56.4383,0.63398,0.088,0.2363,0.3285,0.4745,0.5853,0.6959,0.8408,0.9376,0.9996
21B,Spanish,layer_25,last,194.4197,52.2159,0.643858,0.0937,0.2467,0.3373,0.4832,0.5957,0.7066,0.8484,0.941,0.9996
21B,Spanish,layer_26,last,186.6081,49.9364,0.677012,0.0973,0.2522,0.3426,0.4864,0.6022,0.7162,0.8575,0.9455,0.9996
21B,Spanish,layer_27,last,164.4534,40.7853,0.672822,0.1155,0.2783,0.3711,0.5131,0.6259,0.7353,0.8684,0.9503,0.9997
21B,Spanish,layer_28,last,133.5297,28.933,0.68904,0.1521,0.3209,0.4144,0.5524,0.6603,0.7627,0.884,0.9566,0.9997
21B,Spanish,layer_29,last,112.9931,22.1021,0.711201,0.1838,0.355,0.4479,0.5821,0.6847,0.7807,0.8933,0.9602,0.9997
21B,Spanish,layer_0,mean,112.4106,23.2339,0.90876,0.1838,0.3171,0.3988,0.5415,0.6682,0.7966,0.9298,0.9827,0.9999
21B,Spanish,layer_1,mean,79.7444,12.6688,0.840638,0.2667,0.3928,0.4699,0.6021,0.7138,0.8224,0.9325,0.98,0.9999
21B,Spanish,layer_2,mean,70.6934,9.5356,0.768374,0.3138,0.4305,0.5018,0.6161,0.7144,0.8126,0.9198,0.9736,0.9999
21B,Spanish,layer_3,mean,68.5335,9.065,0.730008,0.3212,0.4488,0.5184,0.6255,0.7155,0.8066,0.9117,0.9694,0.9998
21B,Spanish,layer_4,mean,66.0823,8.8838,0.70459,0.3211,0.4644,0.5329,0.634,0.719,0.8049,0.9069,0.9666,0.9998
21B,Spanish,layer_5,mean,64.2591,8.6471,0.690512,0.3245,0.4726,0.5393,0.6403,0.7224,0.8045,0.9045,0.965,0.9998
21B,Spanish,layer_6,mean,58.7255,7.3657,0.671866,0.3561,0.4928,0.5523,0.6436,0.7205,0.8001,0.9003,0.963,0.9998
21B,Spanish,layer_7,mean,39.5024,4.9004,0.668514,0.4457,0.5515,0.6029,0.6849,0.7534,0.8238,0.9116,0.9668,0.9998
21B,Spanish,layer_8,mean,35.4737,4.3241,0.672694,0.477,0.5658,0.6146,0.6922,0.7571,0.8243,0.9105,0.9661,0.9998
21B,Spanish,layer_9,mean,26.4687,3.4361,0.641878,0.5371,0.6112,0.652,0.7182,0.7751,0.8349,0.9146,0.9673,0.9998
21B,Spanish,layer_10,mean,21.4096,2.9902,0.63752,0.5766,0.6398,0.6769,0.7386,0.7916,0.8468,0.9202,0.9692,0.9998
21B,Spanish,layer_11,mean,17.1293,2.6057,0.643053,0.6184,0.6708,0.7029,0.7572,0.8046,0.8552,0.9239,0.9705,0.9998
21B,Spanish,layer_12,mean,17.6599,2.6506,0.630533,0.6131,0.6633,0.6973,0.755,0.8045,0.8555,0.9241,0.9705,0.9998
21B,Spanish,layer_13,mean,21.8305,2.9668,0.62873,0.5792,0.6325,0.6692,0.732,0.786,0.8417,0.9168,0.9676,0.9998
21B,Spanish,layer_14,mean,23.0498,2.9632,0.605776,0.5798,0.6271,0.6597,0.7161,0.7681,0.8253,0.9066,0.9633,0.9997
21B,Spanish,layer_15,mean,28.1949,3.3362,0.608034,0.5461,0.5975,0.6325,0.6943,0.7509,0.8128,0.9002,0.9609,0.9997
21B,Spanish,layer_16,mean,35.3991,3.842,0.624127,0.5085,0.5629,0.6,0.6674,0.729,0.7969,0.8919,0.9576,0.9997
21B,Spanish,layer_17,mean,44.6184,4.5198,0.609819,0.4682,0.5267,0.5671,0.6403,0.7071,0.7813,0.8841,0.9546,0.9997
21B,Spanish,layer_18,mean,53.3475,5.134,0.606779,0.4388,0.5002,0.541,0.6155,0.6858,0.7651,0.8757,0.9513,0.9997
21B,Spanish,layer_19,mean,61.4643,5.7052,0.618795,0.4159,0.4782,0.5198,0.5956,0.6678,0.7511,0.8683,0.9483,0.9996
21B,Spanish,layer_20,mean,72.6237,6.6613,0.603013,0.384,0.4524,0.4964,0.5756,0.6516,0.7389,0.862,0.9458,0.9996
21B,Spanish,layer_21,mean,85.3162,7.9182,0.605508,0.3509,0.4266,0.4739,0.5564,0.636,0.7275,0.8569,0.9439,0.9996
21B,Spanish,layer_22,mean,103.4102,10.0602,0.609496,0.3091,0.3947,0.4454,0.5331,0.6177,0.7151,0.8513,0.9419,0.9996
21B,Spanish,layer_23,mean,118.0413,12.2347,0.612175,0.2778,0.3722,0.426,0.5179,0.6061,0.707,0.8475,0.9405,0.9996
21B,Spanish,layer_24,mean,137.5923,15.7505,0.620326,0.2415,0.3425,0.3991,0.4966,0.5906,0.6978,0.8447,0.94,0.9996
21B,Spanish,layer_25,mean,154.9879,21.1607,0.632815,0.2027,0.3147,0.3797,0.487,0.5868,0.6981,0.8466,0.9412,0.9996
21B,Spanish,layer_26,mean,175.356,31.5228,0.668593,0.1562,0.2783,0.3535,0.4759,0.5847,0.7019,0.8518,0.944,0.9996
21B,Spanish,layer_27,mean,185.5848,40.9019,0.659192,0.1245,0.2607,0.3444,0.4738,0.586,0.7041,0.8535,0.9448,0.9996
21B,Spanish,layer_28,mean,182.8501,42.5491,0.660706,0.1195,0.2571,0.3508,0.4836,0.5954,0.7105,0.856,0.9456,0.9996
21B,Spanish,layer_29,mean,164.9581,32.4269,0.655401,0.15,0.279,0.3734,0.5043,0.6093,0.7187,0.8583,0.9462,0.9996
21B,German,layer_0,last,5.9064,3.1297,1.435377,0.5335,0.8588,0.9564,0.9883,0.9948,0.9985,0.9998,1.0,1.0
21B,German,layer_1,last,23.1486,6.542,1.048085,0.3409,0.648,0.7486,0.8304,0.8863,0.9345,0.9794,0.9956,1.0
21B,German,layer_2,last,6.5597,2.242,0.925146,0.6571,0.8342,0.8797,0.9176,0.9428,0.9647,0.9867,0.9965,1.0
21B,German,layer_3,last,3.7061,1.5974,0.885805,0.7881,0.8923,0.9205,0.9454,0.9616,0.9758,0.9904,0.9973,1.0
21B,German,layer_4,last,3.4675,1.5441,0.8695,0.8023,0.8989,0.9255,0.9491,0.9644,0.9774,0.9908,0.9973,1.0
21B,German,layer_5,last,4.133,1.6737,0.863895,0.7696,0.8831,0.912,0.9389,0.9569,0.9723,0.9884,0.9965,1.0
21B,German,layer_6,last,4.9139,1.8203,0.826743,0.7367,0.8672,0.8991,0.9281,0.9483,0.9661,0.9855,0.9955,1.0
21B,German,layer_7,last,8.1883,2.3344,0.820312,0.6472,0.8031,0.8462,0.8885,0.9191,0.9464,0.9767,0.9925,1.0
21B,German,layer_8,last,12.3357,2.9877,0.78628,0.567,0.7525,0.8032,0.8549,0.8935,0.9285,0.9683,0.9896,0.9999
21B,German,layer_9,last,19.4786,4.0872,0.77481,0.4775,0.6865,0.7485,0.8133,0.8621,0.9069,0.9582,0.9861,0.9999
21B,German,layer_10,last,33.1948,6.3123,0.759866,0.3713,0.6051,0.6756,0.7558,0.8176,0.8765,0.944,0.9811,0.9999
21B,German,layer_11,last,45.6998,8.8549,0.74492,0.2988,0.551,0.6307,0.7223,0.7922,0.858,0.9342,0.9772,0.9999
21B,German,layer_12,last,78.8998,15.9627,0.756094,0.2048,0.4323,0.5248,0.6428,0.7346,0.8211,0.9174,0.971,0.9998
21B,German,layer_13,last,101.2393,22.0551,0.719364,0.163,0.3825,0.4771,0.6063,0.7046,0.797,0.9039,0.9654,0.9998
21B,German,layer_14,last,107.0308,22.8566,0.691419,0.1578,0.3798,0.4736,0.5992,0.6939,0.7835,0.8932,0.9604,0.9997
21B,German,layer_15,last,125.9138,29.6504,0.690175,0.1305,0.3382,0.4363,0.5719,0.6754,0.7714,0.887,0.958,0.9997
21B,German,layer_16,last,147.6136,38.3054,0.68031,0.1079,0.2968,0.3984,0.5427,0.6533,0.7559,0.8777,0.9538,0.9997
21B,German,layer_17,last,156.2235,42.5707,0.668944,0.0968,0.2843,0.3879,0.5361,0.6463,0.7483,0.8719,0.9508,0.9997
21B,German,layer_18,last,164.6601,45.0453,0.657223,0.0936,0.2775,0.3803,0.5265,0.6348,0.7378,0.8648,0.9475,0.9996
21B,German,layer_19,last,173.0338,48.4051,0.649979,0.088,0.2663,0.3694,0.5182,0.6266,0.7297,0.8592,0.945,0.9996
21B,German,layer_20,last,182.2834,53.8012,0.646605,0.0782,0.2478,0.3532,0.5064,0.62,0.7265,0.8568,0.9433,0.9996
21B,German,layer_21,last,200.6987,58.7162,0.62631,0.0726,0.2355,0.3398,0.4865,0.5972,0.7037,0.8408,0.9365,0.9996
21B,German,layer_22,last,207.6242,60.5446,0.639781,0.0688,0.2312,0.3316,0.4778,0.5884,0.6959,0.8367,0.9348,0.9995
21B,German,layer_23,last,213.3434,60.7832,0.617864,0.0713,0.2301,0.3266,0.4708,0.5801,0.6872,0.8317,0.9329,0.9995
21B,German,layer_24,last,216.8869,60.9954,0.637588,0.0741,0.2323,0.3251,0.4636,0.5713,0.6813,0.8311,0.9333,0.9995
21B,German,layer_25,last,214.3179,60.9376,0.646146,0.0767,0.2304,0.3228,0.4632,0.5743,0.6876,0.8364,0.9357,0.9995
21B,German,layer_26,last,212.9537,62.9038,0.648484,0.076,0.2248,0.3158,0.458,0.5748,0.6941,0.8449,0.9404,0.9996
21B,German,layer_27,last,197.1233,54.6221,0.656376,0.0898,0.2398,0.333,0.4747,0.5905,0.7067,0.8523,0.9437,0.9996
21B,German,layer_28,last,165.3521,39.1137,0.668451,0.1233,0.276,0.371,0.5102,0.6221,0.7317,0.8663,0.9493,0.9997
21B,German,layer_29,last,141.7824,29.437,0.673723,0.1532,0.3084,0.4037,0.5394,0.6462,0.7494,0.8757,0.9529,0.9997
21B,German,layer_0,mean,111.4811,21.4303,0.913332,0.1946,0.3313,0.4067,0.537,0.6594,0.788,0.9267,0.9826,0.9999
21B,German,layer_1,mean,80.4109,11.4071,0.830667,0.2855,0.3964,0.4689,0.5896,0.6965,0.808,0.9259,0.9784,0.9999
21B,German,layer_2,mean,69.3358,8.5832,0.760801,0.3336,0.4397,0.5022,0.6073,0.7015,0.8013,0.9145,0.9723,0.9998
21B,German,layer_3,mean,66.1217,8.007,0.722298,0.3449,0.4587,0.5184,0.616,0.7034,0.7965,0.907,0.9681,0.9998
21B,German,layer_4,mean,71.8478,9.007,0.696208,0.3208,0.455,0.5157,0.6115,0.6964,0.7872,0.8986,0.9639,0.9998
21B,German,layer_5,mean,71.5571,9.0814,0.680811,0.3172,0.4571,0.5186,0.6158,0.699,0.786,0.8952,0.9618,0.9998
21B,German,layer_6,mean,67.6012,8.0992,0.662186,0.3388,0.4728,0.5289,0.6172,0.6961,0.7805,0.8901,0.9592,0.9997
21B,German,layer_7,mean,48.7147,5.6498,0.657684,0.414,0.5213,0.5725,0.6537,0.7254,0.8017,0.8998,0.9624,0.9998
21B,German,layer_8,mean,46.375,5.2058,0.645027,0.4334,0.5282,0.5773,0.6559,0.7247,0.7986,0.8967,0.9608,0.9997
21B,German,layer_9,mean,35.9121,4.1441,0.631128,0.4881,0.5692,0.6112,0.68,0.7414,0.8087,0.9002,0.9617,0.9997
21B,German,layer_10,mean,28.8891,3.5391,0.624845,0.5293,0.6007,0.639,0.7026,0.7594,0.8214,0.9059,0.9636,0.9998
21B,German,layer_11,mean,23.3206,3.0532,0.615231,0.5708,0.631,0.6647,0.7217,0.7732,0.8303,0.9098,0.9648,0.9998
21B,German,layer_12,mean,23.5479,3.0761,0.633344,0.5687,0.6263,0.6621,0.7223,0.7752,0.8321,0.9107,0.9651,0.9998
21B,German,layer_13,mean,29.1232,3.486,0.616842,0.5339,0.5941,0.6329,0.6986,0.756,0.818,0.9032,0.9621,0.9997
21B,German,layer_14,mean,30.7788,3.4801,0.594931,0.5346,0.589,0.6225,0.6823,0.7378,0.8009,0.8924,0.9574,0.9997
21B,German,layer_15,mean,36.7382,3.9097,0.596624,0.504,0.5612,0.5983,0.6633,0.7231,0.79,0.8866,0.9551,0.9997
21B,German,layer_16,mean,44.9245,4.4786,0.595159,0.4704,0.5298,0.5692,0.6389,0.7025,0.7745,0.8782,0.9518,0.9997
21B,German,layer_17,mean,56.1736,5.3365,0.598533,0.4303,0.4934,0.5365,0.612,0.6814,0.7596,0.8708,0.949,0.9996
21B,German,layer_18,mean,66.7892,6.1359,0.596422,0.4006,0.4663,0.5105,0.588,0.6615,0.7443,0.8627,0.9457,0.9996
21B,German,layer_19,mean,76.4422,6.8599,0.592952,0.3785,0.4448,0.4889,0.5686,0.6441,0.7307,0.8552,0.9427,0.9996
21B,German,layer_20,mean,88.5194,7.957,0.607632,0.3505,0.4212,0.4678,0.5497,0.6283,0.719,0.849,0.94,0.9996
21B,German,layer_21,mean,102.4946,9.4303,0.593165,0.3206,0.3968,0.4463,0.5311,0.6128,0.7074,0.8434,0.9379,0.9996
21B,German,layer_22,mean,122.1091,12.0042,0.598195,0.2819,0.3657,0.4185,0.509,0.5958,0.6962,0.8387,0.9363,0.9995
21B,German,layer_23,mean,137.9919,14.5533,0.600207,0.2537,0.344,0.3991,0.4928,0.5831,0.6877,0.8347,0.9347,0.9995
21B,German,layer_24,mean,160.0296,18.867,0.606847,0.2194,0.315,0.3728,0.47,0.5652,0.6763,0.8312,0.9338,0.9995
21B,German,layer_25,mean,177.5774,25.2395,0.617977,0.1839,0.2903,0.356,0.4614,0.5619,0.6767,0.8332,0.9351,0.9995
21B,German,layer_26,mean,197.0284,37.0463,0.636394,0.1418,0.2589,0.3344,0.452,0.5604,0.6807,0.8387,0.9382,0.9996
21B,German,layer_27,mean,207.0446,46.7116,0.640894,0.1149,0.2441,0.3261,0.4496,0.5605,0.6816,0.8395,0.9386,0.9996
21B,German,layer_28,mean,204.2881,46.3015,0.638883,0.1166,0.2429,0.3316,0.4574,0.5667,0.6846,0.8397,0.9385,0.9996
21B,German,layer_29,mean,181.8413,32.9879,0.63129,0.1524,0.2715,0.3571,0.4788,0.5815,0.6926,0.8415,0.9387,0.9996
21B,Hindi,layer_0,last,14.6036,7.8778,1.302215,0.2667,0.6913,0.832,0.9547,0.9881,0.9951,0.9986,0.9997,1.0
21B,Hindi,layer_1,last,21.306,9.4765,1.111719,0.2369,0.6264,0.7721,0.8985,0.9511,0.9765,0.9926,0.9982,1.0
21B,Hindi,layer_2,last,18.5927,7.682,1.027539,0.2767,0.6698,0.7961,0.9024,0.9479,0.9728,0.9904,0.9973,1.0
21B,Hindi,layer_3,last,12.27,4.3033,0.971303,0.4492,0.7431,0.8384,0.9183,0.9535,0.9746,0.9905,0.9972,1.0
21B,Hindi,layer_4,last,9.7451,3.2606,0.962562,0.5358,0.7715,0.8563,0.924,0.9555,0.9751,0.9904,0.9971,1.0
21B,Hindi,layer_5,last,10.9617,3.5204,0.92776,0.5139,0.7513,0.844,0.915,0.9489,0.9706,0.9884,0.9965,1.0
21B,Hindi,layer_6,last,12.8045,3.9286,0.917133,0.4825,0.7286,0.8266,0.9015,0.9387,0.9635,0.9853,0.9954,1.0
21B,Hindi,layer_7,last,17.2922,5.0473,0.881913,0.4148,0.6826,0.7901,0.8761,0.9205,0.9516,0.9801,0.9937,1.0
21B,Hindi,layer_8,last,22.4137,6.2924,0.875949,0.3609,0.6401,0.7559,0.8498,0.9001,0.9381,0.9742,0.9918,1.0
21B,Hindi,layer_9,last,28.6985,7.8518,0.845393,0.3125,0.5965,0.7191,0.8226,0.8791,0.9242,0.9681,0.9897,0.9999
21B,Hindi,layer_10,last,38.8896,10.617,0.830298,0.252,0.5407,0.6689,0.7852,0.8512,0.9064,0.9603,0.987,0.9999
21B,Hindi,layer_11,last,46.7039,12.7941,0.826662,0.2192,0.5037,0.6352,0.7618,0.8329,0.8934,0.9537,0.9845,0.9999
21B,Hindi,layer_12,last,65.2395,17.6195,0.799669,0.1805,0.4377,0.5656,0.7058,0.7911,0.8671,0.9425,0.9806,0.9999
21B,Hindi,layer_13,last,78.472,20.6818,0.775482,0.1654,0.4007,0.5259,0.6724,0.764,0.8469,0.9316,0.9764,0.9999
21B,Hindi,layer_14,last,80.1822,20.0448,0.752811,0.1726,0.4002,0.5252,0.6679,0.7573,0.8386,0.9254,0.9736,0.9998
21B,Hindi,layer_15,last,92.361,23.1306,0.744704,0.1589,0.3699,0.491,0.6404,0.7369,0.8243,0.9181,0.9709,0.9998
21B,Hindi,layer_16,last,105.2441,26.8349,0.73148,0.1444,0.3444,0.4617,0.6167,0.7176,0.8089,0.9096,0.9674,0.9998
21B,Hindi,layer_17,last,111.0006,28.0689,0.71919,0.1417,0.3337,0.4506,0.607,0.709,0.8011,0.9041,0.9649,0.9998
21B,Hindi,layer_18,last,112.2918,27.2536,0.723604,0.1477,0.3366,0.4511,0.6046,0.7046,0.7954,0.8997,0.9629,0.9998
21B,Hindi,layer_19,last,115.6752,26.4588,0.696823,0.1551,0.3371,0.4473,0.5961,0.6946,0.7854,0.8938,0.9606,0.9997
21B,Hindi,layer_20,last,121.2631,27.6774,0.685006,0.152,0.3299,0.4378,0.5893,0.6872,0.7777,0.8885,0.958,0.9997
21B,Hindi,layer_21,last,131.3979,29.5598,0.685467,0.1461,0.3204,0.427,0.5732,0.6696,0.7612,0.8784,0.9537,0.9997
21B,Hindi,layer_22,last,142.6851,32.8703,0.662219,0.1343,0.308,0.4124,0.5558,0.6532,0.7481,0.8715,0.9509,0.9997
21B,Hindi,layer_23,last,154.3504,36.1882,0.656205,0.1238,0.2966,0.399,0.5385,0.6353,0.7338,0.8646,0.9482,0.9997
21B,Hindi,layer_24,last,161.6,38.0983,0.651047,0.1175,0.2926,0.3934,0.528,0.6235,0.7238,0.8593,0.9462,0.9996
21B,Hindi,layer_25,last,171.3348,42.8201,0.653059,0.1036,0.2757,0.3769,0.5166,0.6145,0.7178,0.8572,0.9456,0.9996
21B,Hindi,layer_26,last,185.0678,49.7593,0.66514,0.0907,0.2563,0.3544,0.4941,0.5975,0.7103,0.8577,0.9467,0.9996
21B,Hindi,layer_27,last,180.2881,48.7947,0.688682,0.0938,0.2581,0.3583,0.4998,0.6037,0.7169,0.8623,0.9487,0.9997
21B,Hindi,layer_28,last,159.8811,39.9874,0.700296,0.1159,0.2788,0.3817,0.5234,0.6264,0.736,0.8734,0.9532,0.9997
21B,Hindi,layer_29,last,149.4584,36.8969,0.689979,0.122,0.2905,0.3979,0.5383,0.64,0.7471,0.8794,0.9554,0.9997
21B,Hindi,layer_0,mean,62.3777,15.8941,1.186118,0.2213,0.4025,0.503,0.6653,0.7938,0.8961,0.976,0.9962,1.0
21B,Hindi,layer_1,mean,61.6181,13.3461,0.989002,0.2509,0.4225,0.5139,0.6657,0.785,0.8842,0.9648,0.9913,1.0
21B,Hindi,layer_2,mean,60.2207,10.9116,0.901413,0.2855,0.4417,0.5242,0.6614,0.7705,0.8656,0.9528,0.9868,0.9999
21B,Hindi,layer_3,mean,61.2085,10.369,0.854973,0.2943,0.4485,0.5302,0.656,0.7587,0.8533,0.9445,0.9834,0.9999
21B,Hindi,layer_4,mean,69.7893,12.376,0.824178,0.2628,0.4322,0.517,0.641,0.7432,0.8397,0.9364,0.9801,0.9999
21B,Hindi,layer_5,mean,76.6214,13.902,0.801698,0.2421,0.4223,0.505,0.6267,0.7299,0.8285,0.9295,0.9774,0.9999
21B,Hindi,layer_6,mean,87.1162,16.5164,0.785163,0.2149,0.4022,0.4839,0.6065,0.7134,0.8155,0.9222,0.9746,0.9999
21B,Hindi,layer_7,mean,87.9091,15.8547,0.775137,0.2243,0.4033,0.4813,0.6015,0.7084,0.8114,0.9194,0.9733,0.9998
21B,Hindi,layer_8,mean,94.7894,16.3743,0.761823,0.2242,0.3891,0.4649,0.5853,0.6938,0.7994,0.913,0.9708,0.9998
21B,Hindi,layer_9,mean,90.9383,14.145,0.749156,0.2484,0.3974,0.4703,0.5868,0.692,0.796,0.91,0.9694,0.9998
21B,Hindi,layer_10,mean,84.9074,12.0836,0.737139,0.274,0.4104,0.48,0.5934,0.695,0.796,0.9084,0.9683,0.9998
21B,Hindi,layer_11,mean,79.0122,10.3036,0.724236,0.3008,0.4249,0.4902,0.5978,0.6949,0.7934,0.9059,0.9671,0.9998
21B,Hindi,layer_12,mean,79.7377,10.2826,0.721262,0.3018,0.4206,0.485,0.5963,0.6945,0.793,0.9051,0.9665,0.9998
21B,Hindi,layer_13,mean,89.0025,11.6211,0.712691,0.2823,0.4013,0.4671,0.5801,0.6804,0.7819,0.8989,0.9641,0.9998
21B,Hindi,layer_14,mean,95.3293,11.705,0.693329,0.2824,0.393,0.4546,0.5623,0.6615,0.7655,0.8888,0.9599,0.9997
21B,Hindi,layer_15,mean,102.1194,13.2102,0.691552,0.2634,0.3805,0.4453,0.5566,0.6575,0.7625,0.8868,0.959,0.9997
21B,Hindi,layer_16,mean,110.2075,14.7509,0.685103,0.2472,0.3676,0.4338,0.5469,0.6491,0.7549,0.8821,0.957,0.9997
21B,Hindi,layer_17,mean,121.382,17.2271,0.684309,0.226,0.3473,0.4157,0.533,0.6381,0.7473,0.8785,0.9556,0.9997
21B,Hindi,layer_18,mean,131.7504,19.8164,0.680814,0.2078,0.3311,0.4003,0.5219,0.6286,0.7398,0.8743,0.9539,0.9997
21B,Hindi,layer_19,mean,138.8813,21.5377,0.673964,0.1976,0.3205,0.3905,0.515,0.6224,0.7338,0.8702,0.9519,0.9997
21B,Hindi,layer_20,mean,146.7956,23.6678,0.668144,0.1859,0.3112,0.3822,0.5064,0.6143,0.7268,0.8659,0.95,0.9997
21B,Hindi,layer_21,mean,153.7313,26.4831,0.665924,0.172,0.3024,0.3766,0.5016,0.6106,0.7232,0.8636,0.949,0.9997
21B,Hindi,layer_22,mean,162.2286,29.5665,0.661118,0.1589,0.2935,0.3688,0.4942,0.6035,0.7165,0.8595,0.9472,0.9996
21B,Hindi,layer_23,mean,169.637,32.4416,0.657141,0.1484,0.2851,0.3611,0.4878,0.5976,0.7113,0.8562,0.9457,0.9996
21B,Hindi,layer_24,mean,176.1976,35.3118,0.653562,0.1384,0.2785,0.3564,0.4828,0.5921,0.7061,0.8528,0.9443,0.9996
21B,Hindi,layer_25,mean,176.2689,37.6378,0.655194,0.1292,0.2765,0.3591,0.4877,0.5968,0.7094,0.8544,0.9449,0.9996
21B,Hindi,layer_26,mean,181.7174,42.9871,0.661486,0.1146,0.2636,0.3512,0.4858,0.5974,0.7112,0.8564,0.9459,0.9996
21B,Hindi,layer_27,mean,174.7655,40.4659,0.664348,0.1217,0.271,0.3596,0.4949,0.6061,0.7179,0.8599,0.9472,0.9996
21B,Hindi,layer_28,mean,146.2527,26.8537,0.678356,0.1684,0.3109,0.3973,0.526,0.6302,0.7338,0.8667,0.9496,0.9997
21B,Hindi,layer_29,mean,110.9964,16.2755,0.655434,0.2302,0.3744,0.4524,0.5693,0.662,0.7547,0.8754,0.9524,0.9997
21B,Arabic,layer_0,last,4.6306,2.245,1.480492,0.6534,0.8781,0.9456,0.9845,0.993,0.9978,0.9998,1.0,1.0
21B,Arabic,layer_1,last,19.3978,4.7977,1.044218,0.4327,0.6689,0.7451,0.837,0.8902,0.9369,0.9804,0.9959,1.0
21B,Arabic,layer_2,last,8.172,2.8631,0.958493,0.5568,0.8201,0.8625,0.9107,0.9378,0.9617,0.9861,0.9965,1.0
21B,Arabic,layer_3,last,4.278,1.8198,0.921612,0.7318,0.8886,0.9145,0.9441,0.9607,0.9752,0.9905,0.9974,1.0
21B,Arabic,layer_4,last,3.6566,1.6394,0.891971,0.7757,0.9008,0.9243,0.9504,0.9654,0.9781,0.9914,0.9976,1.0
21B,Arabic,layer_5,last,4.0432,1.7097,0.87504,0.7591,0.8896,0.9153,0.9443,0.9608,0.975,0.99,0.9971,1.0
21B,Arabic,layer_6,last,4.6466,1.816,0.862025,0.7358,0.873,0.9024,0.9355,0.9541,0.97,0.9876,0.9962,1.0
21B,Arabic,layer_7,last,7.0424,2.1766,0.823298,0.67,0.8193,0.8555,0.9009,0.9292,0.9532,0.9801,0.9938,1.0
21B,Arabic,layer_8,last,9.9953,2.5866,0.798899,0.6124,0.7713,0.8147,0.8706,0.9067,0.9376,0.9726,0.9911,1.0
21B,Arabic,layer_9,last,15.9881,3.4132,0.782967,0.5289,0.7042,0.758,0.8281,0.875,0.9158,0.9624,0.9876,0.9999
21B,Arabic,layer_10,last,29.9686,5.273,0.773016,0.4188,0.6027,0.6667,0.7574,0.8243,0.8834,0.9478,0.9825,0.9999
21B,Arabic,layer_11,last,44.3821,7.3973,0.754382,0.3468,0.5362,0.6089,0.7113,0.7878,0.8574,0.9351,0.9777,0.9999
21B,Arabic,layer_12,last,82.3332,14.3383,0.748172,0.2385,0.4095,0.4885,0.6161,0.7228,0.8197,0.9177,0.9711,0.9998
21B,Arabic,layer_13,last,109.6994,21.379,0.727274,0.1858,0.3521,0.4359,0.5741,0.6869,0.792,0.903,0.9651,0.9998
21B,Arabic,layer_14,last,118.7879,22.4926,0.696136,0.1802,0.3474,0.4328,0.5654,0.6701,0.7712,0.8889,0.9591,0.9997
21B,Arabic,layer_15,last,140.7148,31.2226,0.69442,0.1439,0.3031,0.3962,0.54,0.6523,0.7576,0.8823,0.9567,0.9997
21B,Arabic,layer_16,last,159.3476,38.828,0.683707,0.123,0.2743,0.3718,0.5187,0.6337,0.7424,0.8732,0.9528,0.9997
21B,Arabic,layer_17,last,168.5579,44.0781,0.674138,0.108,0.2656,0.3637,0.5122,0.626,0.7349,0.8675,0.9502,0.9997
21B,Arabic,layer_18,last,176.0902,48.0507,0.665787,0.098,0.2582,0.3569,0.5048,0.6192,0.7286,0.8627,0.9478,0.9996
21B,Arabic,layer_19,last,186.0906,52.9132,0.658238,0.0873,0.2482,0.3462,0.4943,0.6093,0.7198,0.8567,0.9452,0.9996
21B,Arabic,layer_20,last,189.8633,57.3577,0.657642,0.0743,0.2381,0.3396,0.4929,0.6086,0.7202,0.857,0.9449,0.9996
21B,Arabic,layer_21,last,194.9875,59.1152,0.647818,0.0689,0.2349,0.3367,0.4893,0.6033,0.7143,0.8517,0.9422,0.9996
21B,Arabic,layer_22,last,193.9391,57.0951,0.643215,0.0772,0.238,0.339,0.4911,0.6034,0.7133,0.8503,0.9413,0.9996
21B,Arabic,layer_23,last,189.5622,53.351,0.64171,0.0868,0.2459,0.3459,0.4958,0.6061,0.7147,0.8507,0.9414,0.9996
21B,Arabic,layer_24,last,178.2972,47.5666,0.643774,0.0976,0.2584,0.3636,0.5095,0.6162,0.7216,0.8546,0.943,0.9996
21B,Arabic,layer_25,last,167.4074,42.7325,0.668641,0.1082,0.2714,0.3759,0.5207,0.6268,0.7313,0.8614,0.9461,0.9996
21B,Arabic,layer_26,last,161.8727,41.2316,0.66719,0.1116,0.2757,0.3793,0.5236,0.6327,0.7386,0.8682,0.9497,0.9997
21B,Arabic,layer_27,last,147.4689,36.2626,0.678749,0.1231,0.2943,0.3988,0.5417,0.65,0.7527,0.877,0.9535,0.9997
21B,Arabic,layer_28,last,127.0248,29.7451,0.690332,0.1415,0.3263,0.4326,0.5717,0.6761,0.7726,0.888,0.9581,0.9997
21B,Arabic,layer_29,last,115.1509,27.1159,0.695214,0.1465,0.3477,0.4563,0.5942,0.6939,0.7854,0.8946,0.9607,0.9997
21B,Arabic,layer_0,mean,111.3484,25.3831,0.972068,0.1717,0.3111,0.3934,0.5385,0.6721,0.8074,0.9395,0.9868,1.0
21B,Arabic,layer_1,mean,89.1675,14.1532,0.859022,0.2521,0.3666,0.444,0.5751,0.693,0.8101,0.9298,0.9804,0.9999
21B,Arabic,layer_2,mean,76.8273,10.412,0.794208,0.2999,0.4123,0.4803,0.5956,0.7004,0.8062,0.9207,0.9753,0.9999
21B,Arabic,layer_3,mean,71.91,9.4941,0.756215,0.3139,0.4382,0.5026,0.6095,0.7057,0.8035,0.9146,0.9718,0.9998
21B,Arabic,layer_4,mean,68.5824,9.3211,0.747002,0.313,0.457,0.5211,0.6227,0.7126,0.8043,0.9113,0.9696,0.9998
21B,Arabic,layer_5,mean,70.0004,9.6232,0.712453,0.3051,0.4592,0.5225,0.6223,0.7109,0.8005,0.9066,0.967,0.9998
21B,Arabic,layer_6,mean,67.7951,8.9074,0.695111,0.3202,0.468,0.5309,0.6249,0.7091,0.7962,0.9023,0.9648,0.9998
21B,Arabic,layer_7,mean,51.9362,6.3489,0.684281,0.3885,0.51,0.5662,0.6524,0.7298,0.8094,0.9071,0.966,0.9998
21B,Arabic,layer_8,mean,48.022,5.6052,0.685889,0.4167,0.5203,0.5746,0.6565,0.7303,0.8076,0.9045,0.9646,0.9998
21B,Arabic,layer_9,mean,38.7148,4.5414,0.671118,0.4655,0.5546,0.6029,0.6768,0.7436,0.8149,0.9065,0.9648,0.9998
21B,Arabic,layer_10,mean,31.429,3.8385,0.647099,0.5077,0.5847,0.629,0.6975,0.7595,0.8254,0.9107,0.9659,0.9998
21B,Arabic,layer_11,mean,24.8607,3.2359,0.635619,0.5541,0.6194,0.6579,0.7186,0.7741,0.8343,0.9143,0.967,0.9998
21B,Arabic,layer_12,mean,24.0365,3.164,0.634979,0.5605,0.6214,0.6595,0.7225,0.7782,0.8374,0.9156,0.9673,0.9998
21B,Arabic,layer_13,mean,27.6537,3.4234,0.644892,0.5387,0.6003,0.6401,0.7065,0.7643,0.8265,0.9095,0.9647,0.9998
21B,Arabic,layer_14,mean,28.7768,3.4134,0.624271,0.5397,0.5975,0.6345,0.695,0.7506,0.8134,0.9008,0.9609,0.9997
21B,Arabic,layer_15,mean,33.8169,3.7822,0.608857,0.5123,0.5726,0.612,0.6774,0.7361,0.8026,0.8951,0.9586,0.9997
21B,Arabic,layer_16,mean,40.8545,4.288,0.606565,0.4807,0.5437,0.5847,0.6547,0.7175,0.7884,0.8874,0.9555,0.9997
21B,Arabic,layer_17,mean,50.2218,5.0005,0.607166,0.4445,0.5105,0.5543,0.6299,0.6978,0.7737,0.8799,0.9525,0.9997
21B,Arabic,layer_18,mean,58.1801,5.5936,0.618156,0.4197,0.4886,0.5333,0.6101,0.6808,0.7601,0.8724,0.9495,0.9996
21B,Arabic,layer_19,mean,67.4049,6.291,0.61599,0.3952,0.4655,0.5109,0.5895,0.6626,0.746,0.8647,0.9464,0.9996
21B,Arabic,layer_20,mean,77.2687,7.2135,0.598454,0.3681,0.4442,0.4924,0.5739,0.6498,0.7364,0.8593,0.9441,0.9996
21B,Arabic,layer_21,mean,89.4907,8.5582,0.616705,0.3363,0.4203,0.4724,0.5579,0.6375,0.7272,0.8546,0.9423,0.9996
21B,Arabic,layer_22,mean,105.2341,10.5344,0.601515,0.3009,0.3933,0.4482,0.5383,0.622,0.7163,0.849,0.94,0.9996
21B,Arabic,layer_23,mean,118.8279,12.6715,0.602962,0.2717,0.3722,0.4303,0.5246,0.6116,0.709,0.8452,0.9385,0.9996
21B,Arabic,layer_24,mean,134.7948,15.8856,0.62428,0.2387,0.3485,0.411,0.51,0.6008,0.7021,0.8426,0.9377,0.9996
21B,Arabic,layer_25,mean,150.4815,20.7993,0.61907,0.2025,0.3223,0.3918,0.5009,0.5968,0.702,0.8442,0.9388,0.9996
21B,Arabic,layer_26,mean,170.161,29.8792,0.653435,0.159,0.2873,0.3653,0.4881,0.5921,0.7035,0.848,0.941,0.9996
21B,Arabic,layer_27,mean,180.2255,37.7864,0.640589,0.1278,0.2722,0.3557,0.4848,0.5918,0.7042,0.8487,0.9414,0.9996
21B,Arabic,layer_28,mean,173.5078,36.6018,0.639826,0.133,0.2758,0.3674,0.4999,0.6037,0.7115,0.8513,0.9421,0.9996
21B,Arabic,layer_29,mean,155.9432,29.2129,0.648466,0.1575,0.3083,0.3959,0.5218,0.618,0.7194,0.8534,0.9424,0.9996
21B,Turkish,layer_0,last,5.8275,2.8187,1.283915,0.5755,0.8298,0.9406,0.9884,0.9954,0.9983,0.9996,0.9999,1.0
21B,Turkish,layer_1,last,33.1568,6.8237,1.017617,0.3612,0.5529,0.636,0.763,0.8422,0.9093,0.9721,0.9938,1.0
21B,Turkish,layer_2,last,6.1671,1.9584,0.915331,0.7103,0.8209,0.8539,0.9038,0.933,0.9587,0.9848,0.9959,1.0
21B,Turkish,layer_3,last,2.9522,1.3896,0.876451,0.8475,0.9033,0.9213,0.9482,0.9639,0.9771,0.991,0.9974,1.0
21B,Turkish,layer_4,last,2.4894,1.3006,0.854658,0.8764,0.9203,0.9355,0.9578,0.9705,0.9811,0.9923,0.9977,1.0
21B,Turkish,layer_5,last,2.716,1.3372,0.836962,0.8643,0.9103,0.9279,0.9519,0.9663,0.9782,0.9908,0.9971,1.0
21B,Turkish,layer_6,last,3.1052,1.3968,0.831476,0.8456,0.894,0.915,0.9425,0.9592,0.9732,0.9884,0.9963,1.0
21B,Turkish,layer_7,last,4.5423,1.6049,0.796148,0.7885,0.8488,0.8776,0.9148,0.9387,0.9593,0.982,0.9941,1.0
21B,Turkish,layer_8,last,6.9826,1.9152,0.778165,0.7211,0.796,0.8314,0.8797,0.9117,0.9408,0.9734,0.9912,1.0
21B,Turkish,layer_9,last,10.8819,2.3781,0.766869,0.646,0.7387,0.7814,0.8423,0.884,0.9219,0.9645,0.988,0.9999
21B,Turkish,layer_10,last,20.9176,3.4942,0.755545,0.5304,0.6455,0.6985,0.779,0.8375,0.891,0.9502,0.9829,0.9999
21B,Turkish,layer_11,last,32.7892,4.8468,0.735927,0.4472,0.5773,0.6375,0.732,0.8018,0.8649,0.9368,0.9777,0.9999
21B,Turkish,layer_12,last,64.8323,9.8287,0.738083,0.3044,0.4526,0.5297,0.6502,0.7474,0.8317,0.9216,0.9721,0.9998
21B,Turkish,layer_13,last,88.6587,14.9703,0.719811,0.2363,0.397,0.4798,0.6097,0.7144,0.8063,0.9077,0.9665,0.9998
21B,Turkish,layer_14,last,94.298,15.4969,0.695167,0.2313,0.3936,0.4742,0.6006,0.7016,0.7922,0.8977,0.962,0.9998
21B,Turkish,layer_15,last,112.4038,21.8111,0.71216,0.1829,0.3538,0.443,0.5782,0.6873,0.7831,0.8933,0.9602,0.9997
21B,Turkish,layer_16,last,134.1242,30.9549,0.690939,0.1381,0.3148,0.4078,0.5529,0.6668,0.7688,0.8858,0.9571,0.9997
21B,Turkish,layer_17,last,146.1101,36.1922,0.677303,0.1165,0.301,0.3958,0.541,0.6538,0.7569,0.8776,0.9534,0.9997
21B,Turkish,layer_18,last,160.6332,40.4233,0.659308,0.1037,0.2893,0.3809,0.5241,0.6341,0.7381,0.8652,0.9481,0.9996
21B,Turkish,layer_19,last,176.5955,45.7828,0.648774,0.0936,0.2729,0.363,0.5059,0.6144,0.7205,0.8551,0.944,0.9996
21B,Turkish,layer_20,last,187.3995,50.7552,0.639276,0.089,0.2564,0.3489,0.4967,0.6064,0.713,0.8487,0.9408,0.9996
21B,Turkish,layer_21,last,224.7495,61.3751,0.616879,0.0812,0.2308,0.3174,0.4552,0.561,0.6703,0.8234,0.931,0.9995
21B,Turkish,layer_22,last,236.2881,64.6485,0.614962,0.0824,0.2199,0.3062,0.4407,0.5465,0.6594,0.8187,0.9293,0.9995
21B,Turkish,layer_23,last,250.1469,68.3428,0.627211,0.0813,0.2125,0.2954,0.4252,0.5296,0.6443,0.8106,0.9266,0.9995
21B,Turkish,layer_24,last,260.9873,72.9815,0.613423,0.0787,0.2021,0.2847,0.4093,0.516,0.6361,0.8086,0.9264,0.9995
21B,Turkish,layer_25,last,255.4078,72.7363,0.622005,0.0786,0.2008,0.2831,0.4118,0.5235,0.6455,0.8154,0.9292,0.9995
21B,Turkish,layer_26,last,243.0136,72.8402,0.643057,0.0755,0.2011,0.2858,0.4207,0.5378,0.6636,0.83,0.9358,0.9996
21B,Turkish,layer_27,last,219.9046,61.6461,0.667597,0.0864,0.2209,0.3108,0.4458,0.5609,0.682,0.8401,0.9399,0.9996
21B,Turkish,layer_28,last,182.5528,45.0934,0.663062,0.1113,0.2579,0.3545,0.4899,0.6004,0.7126,0.8561,0.9461,0.9996
21B,Turkish,layer_29,last,167.3323,39.0789,0.66542,0.1235,0.2769,0.3767,0.511,0.6163,0.7236,0.8618,0.9482,0.9997
21B,Turkish,layer_0,mean,108.346,21.1652,0.935676,0.1941,0.3306,0.4073,0.5394,0.6641,0.7936,0.9315,0.9844,0.9999
21B,Turkish,layer_1,mean,81.4061,11.5852,0.847994,0.2818,0.4014,0.4702,0.5851,0.691,0.8023,0.9242,0.9784,0.9999
21B,Turkish,layer_2,mean,66.4572,8.3395,0.78607,0.3379,0.4503,0.5127,0.6127,0.7053,0.8035,0.9168,0.9737,0.9999
21B,Turkish,layer_3,mean,59.9124,7.3022,0.733487,0.3623,0.478,0.5366,0.6286,0.7136,0.8036,0.9117,0.9704,0.9998
21B,Turkish,layer_4,mean,60.5275,7.6064,0.709425,0.3517,0.4884,0.5447,0.6334,0.7145,0.8001,0.9065,0.9675,0.9998
21B,Turkish,layer_5,mean,61.5144,7.8932,0.692207,0.3415,0.4902,0.5467,0.6339,0.7134,0.797,0.9023,0.9652,0.9998
21B,Turkish,layer_6,mean,61.3055,7.5973,0.674525,0.3493,0.4948,0.548,0.6314,0.708,0.7904,0.8968,0.9625,0.9998
21B,Turkish,layer_7,mean,45.6083,5.5796,0.667959,0.4147,0.5406,0.588,0.6645,0.735,0.8092,0.905,0.9649,0.9998
21B,Turkish,layer_8,mean,43.5157,5.106,0.654477,0.4366,0.5453,0.5913,0.6652,0.7334,0.8058,0.9016,0.9633,0.9998
21B,Turkish,layer_9,mean,34.9328,4.1818,0.641775,0.4851,0.5785,0.6196,0.6862,0.7479,0.8146,0.9046,0.9639,0.9998
21B,Turkish,layer_10,mean,27.439,3.4927,0.632616,0.5325,0.612,0.6499,0.7111,0.7674,0.828,0.9103,0.9655,0.9998
21B,Turkish,layer_11,mean,21.754,2.9883,0.622562,0.5767,0.6444,0.6779,0.7328,0.7829,0.8382,0.9148,0.967,0.9998
21B,Turkish,layer_12,mean,20.9655,2.9264,0.639755,0.5829,0.6464,0.681,0.7381,0.7884,0.8426,0.9169,0.9676,0.9998
21B,Turkish,layer_13,mean,24.3189,3.1724,0.635136,0.5597,0.6246,0.6609,0.722,0.7748,0.8321,0.9108,0.965,0.9998
21B,Turkish,layer_14,mean,25.6599,3.1909,0.616309,0.5582,0.6182,0.6517,0.7088,0.7604,0.8191,0.9024,0.9613,0.9997
21B,Turkish,layer_15,mean,29.5751,3.4822,0.615838,0.534,0.5972,0.6328,0.6941,0.749,0.8103,0.8975,0.9593,0.9997
21B,Turkish,layer_16,mean,35.1482,3.8873,0.614578,0.5051,0.571,0.6089,0.6745,0.7333,0.7985,0.891,0.9566,0.9997
21B,Turkish,layer_17,mean,44.1112,4.5964,0.604201,0.4637,0.5346,0.5761,0.6498,0.7151,0.7858,0.8848,0.9542,0.9997
21B,Turkish,layer_18,mean,52.17,5.2099,0.60276,0.435,0.5082,0.5507,0.6284,0.6974,0.7727,0.8778,0.9513,0.9997
21B,Turkish,layer_19,mean,59.3034,5.7672,0.598638,0.4129,0.4878,0.5317,0.6124,0.6839,0.7622,0.8715,0.9485,0.9996
21B,Turkish,layer_20,mean,68.4879,6.5974,0.598354,0.3851,0.4648,0.5106,0.5951,0.6707,0.7526,0.8662,0.9463,0.9996
21B,Turkish,layer_21,mean,79.1774,7.6135,0.612461,0.3574,0.4421,0.4901,0.5771,0.6557,0.7409,0.8599,0.9436,0.9996
21B,Turkish,layer_22,mean,92.4709,9.1631,0.5993,0.3239,0.416,0.4671,0.5587,0.6414,0.7313,0.8554,0.9418,0.9996
21B,Turkish,layer_23,mean,105.0943,10.8117,0.59912,0.2962,0.3938,0.448,0.5432,0.6292,0.7221,0.8503,0.9397,0.9996
21B,Turkish,layer_24,mean,123.0941,13.7163,0.606197,0.2598,0.3635,0.4226,0.5221,0.6129,0.7117,0.8468,0.9388,0.9996
21B,Turkish,layer_25,mean,137.738,17.7271,0.617425,0.2233,0.338,0.4051,0.5131,0.6088,0.7118,0.8486,0.9399,0.9996
21B,Turkish,layer_26,mean,156.0289,25.9413,0.636592,0.1738,0.3067,0.3835,0.5034,0.6069,0.7153,0.8537,0.9427,0.9996
21B,Turkish,layer_27,mean,165.3,34.8347,0.646303,0.1313,0.2901,0.3779,0.5048,0.6109,0.7198,0.8573,0.9445,0.9996
21B,Turkish,layer_28,mean,154.1184,34.2674,0.65332,0.1313,0.2994,0.3969,0.5284,0.6317,0.7353,0.8652,0.9476,0.9996
21B,Turkish,layer_29,mean,136.0082,26.7237,0.651162,0.1628,0.3268,0.4247,0.5526,0.6499,0.7469,0.8702,0.9494,0.9996
21B,Vietnamese,layer_0,last,6.1659,2.9026,1.427374,0.568,0.8229,0.9328,0.9886,0.9952,0.9985,0.9998,1.0,1.0
21B,Vietnamese,layer_1,last,27.9119,6.922,1.073132,0.3451,0.5973,0.6862,0.7987,0.8705,0.9298,0.9798,0.9958,1.0
21B,Vietnamese,layer_2,last,7.8085,2.4692,0.965396,0.6227,0.8097,0.8503,0.902,0.9339,0.9609,0.9865,0.9966,1.0
21B,Vietnamese,layer_3,last,3.788,1.6077,0.926117,0.7854,0.8887,0.912,0.9422,0.9606,0.9761,0.9912,0.9976,1.0
21B,Vietnamese,layer_4,last,3.2474,1.4865,0.906558,0.8182,0.9028,0.9235,0.9496,0.9658,0.9789,0.992,0.9978,1.0
21B,Vietnamese,layer_5,last,3.6226,1.5533,0.900268,0.8001,0.8912,0.9139,0.9428,0.9609,0.9756,0.9904,0.9972,1.0
21B,Vietnamese,layer_6,last,4.0513,1.6284,0.860336,0.7809,0.8791,0.9042,0.9357,0.9554,0.9715,0.9884,0.9965,1.0
21B,Vietnamese,layer_7,last,6.2273,1.9556,0.839377,0.711,0.8261,0.858,0.9013,0.9307,0.9553,0.9815,0.9943,1.0
21B,Vietnamese,layer_8,last,9.233,2.3822,0.817916,0.6416,0.7754,0.8139,0.8685,0.9067,0.9389,0.974,0.9918,1.0
21B,Vietnamese,layer_9,last,14.1233,3.0427,0.817841,0.5641,0.7173,0.764,0.8308,0.8785,0.9199,0.9653,0.9889,0.9999
21B,Vietnamese,layer_10,last,26.9992,4.6553,0.790939,0.4506,0.6154,0.6725,0.7606,0.827,0.8876,0.9512,0.9841,0.9999
21B,Vietnamese,layer_11,last,41.0396,6.6067,0.782453,0.3719,0.5481,0.6126,0.7137,0.7902,0.8614,0.938,0.9791,0.9999
21B,Vietnamese,layer_12,last,78.9111,13.3609,0.761183,0.2502,0.4172,0.4945,0.6177,0.7247,0.8228,0.9212,0.9728,0.9998
21B,Vietnamese,layer_13,last,105.889,20.219,0.738967,0.1932,0.3609,0.4429,0.5743,0.6889,0.7961,0.907,0.9671,0.9998
21B,Vietnamese,layer_14,last,113.4494,20.9324,0.724225,0.1887,0.3593,0.4384,0.566,0.674,0.7773,0.894,0.9615,0.9998
21B,Vietnamese,layer_15,last,137.1109,29.8358,0.702498,0.1476,0.3152,0.4021,0.5369,0.6528,0.7614,0.8859,0.9583,0.9997
21B,Vietnamese,layer_16,last,158.9218,39.0278,0.706732,0.1207,0.2834,0.3717,0.5118,0.6312,0.7449,0.8761,0.9542,0.9997
21B,Vietnamese,layer_17,last,166.2672,43.9815,0.67908,0.1048,0.2749,0.3674,0.5099,0.6271,0.7394,0.8707,0.9514,0.9997
21B,Vietnamese,layer_18,last,176.7046,48.1462,0.66734,0.0948,0.2653,0.3575,0.4989,0.6153,0.7282,0.8632,0.948,0.9996
21B,Vietnamese,layer_19,last,186.2214,52.7959,0.659143,0.0829,0.254,0.3475,0.4908,0.6064,0.7193,0.857,0.9453,0.9996
21B,Vietnamese,layer_20,last,193.2968,57.5426,0.654124,0.0693,0.24,0.3379,0.4857,0.6014,0.7161,0.854,0.9435,0.9996
21B,Vietnamese,layer_21,last,211.905,62.3405,0.635249,0.0679,0.2289,0.3255,0.467,0.5785,0.6923,0.8383,0.937,0.9996
21B,Vietnamese,layer_22,last,216.8861,62.6502,0.632416,0.076,0.2252,0.3206,0.4618,0.5719,0.685,0.8349,0.9358,0.9996
21B,Vietnamese,layer_23,last,220.4306,61.8661,0.644888,0.0815,0.2259,0.3186,0.4586,0.5659,0.678,0.8309,0.9345,0.9996
21B,Vietnamese,layer_24,last,223.4365,61.0939,0.630636,0.0861,0.2253,0.3165,0.4526,0.5588,0.6722,0.8297,0.9347,0.9996
21B,Vietnamese,layer_25,last,217.5387,59.0771,0.638799,0.0897,0.2265,0.317,0.4554,0.5656,0.6803,0.8357,0.9372,0.9996
21B,Vietnamese,layer_26,last,214.2257,60.717,0.657028,0.087,0.2222,0.3135,0.4537,0.5693,0.6887,0.8448,0.9417,0.9996
21B,Vietnamese,layer_27,last,203.7071,56.5557,0.665275,0.0921,0.2298,0.3244,0.4651,0.5803,0.6986,0.8511,0.9446,0.9996
21B,Vietnamese,layer_28,last,180.2007,46.592,0.6756,0.1077,0.2533,0.3528,0.4934,0.6063,0.7193,0.8624,0.949,0.9997
21B,Vietnamese,layer_29,last,166.2337,40.8981,0.678739,0.1184,0.2704,0.3729,0.5122,0.6215,0.7301,0.868,0.9511,0.9997
21B,Vietnamese,layer_0,mean,113.8824,28.1411,0.998026,0.1588,0.305,0.3936,0.5417,0.673,0.8065,0.9404,0.9879,1.0
21B,Vietnamese,layer_1,mean,87.5786,14.2565,0.876259,0.2507,0.3688,0.4523,0.5844,0.6979,0.8123,0.9317,0.9818,0.9999
21B,Vietnamese,layer_2,mean,76.8833,10.6395,0.808981,0.2964,0.406,0.4836,0.6018,0.7035,0.8072,0.9222,0.9767,0.9999
21B,Vietnamese,layer_3,mean,77.7935,10.4147,0.767871,0.2995,0.4132,0.49,0.6031,0.6989,0.7979,0.9133,0.9723,0.9999
21B,Vietnamese,layer_4,mean,80.0923,11.0893,0.742583,0.2868,0.4177,0.4939,0.6062,0.6986,0.7931,0.9074,0.9692,0.9998
21B,Vietnamese,layer_5,mean,83.7833,11.849,0.724802,0.2744,0.4142,0.4902,0.6031,0.6944,0.788,0.9023,0.9665,0.9998
21B,Vietnamese,layer_6,mean,82.812,11.0796,0.706796,0.2857,0.4226,0.4946,0.6001,0.6886,0.7808,0.8966,0.9639,0.9998
21B,Vietnamese,layer_7,mean,63.6942,7.8027,0.71371,0.3487,0.467,0.5336,0.6311,0.7124,0.7968,0.9027,0.9655,0.9998
21B,Vietnamese,layer_8,mean,60.5212,7.0528,0.684702,0.3695,0.4752,0.5397,0.6334,0.7118,0.7941,0.8997,0.9639,0.9998
21B,Vietnamese,layer_9,mean,47.4993,5.3951,0.66944,0.4259,0.517,0.5739,0.6563,0.7267,0.8023,0.902,0.9642,0.9998
21B,Vietnamese,layer_10,mean,38.2129,4.4652,0.661208,0.4699,0.5503,0.6024,0.6799,0.7451,0.8147,0.907,0.9656,0.9998
21B,Vietnamese,layer_11,mean,29.8166,3.6651,0.649229,0.5201,0.5889,0.6343,0.7026,0.7611,0.8248,0.911,0.9667,0.9998
21B,Vietnamese,layer_12,mean,28.2673,3.536,0.647324,0.5297,0.5952,0.6396,0.7092,0.7671,0.829,0.9128,0.9671,0.9998
21B,Vietnamese,layer_13,mean,33.1253,3.9188,0.643702,0.5027,0.5716,0.6175,0.6916,0.7531,0.8184,0.9069,0.9646,0.9998
21B,Vietnamese,layer_14,mean,34.5857,3.8808,0.622128,0.5056,0.5678,0.6095,0.677,0.7366,0.8031,0.8972,0.9604,0.9997
21B,Vietnamese,layer_15,mean,40.5885,4.3547,0.622224,0.4768,0.5434,0.5869,0.66,0.7235,0.7935,0.892,0.9584,0.9997
21B,Vietnamese,layer_16,mean,48.8245,4.9934,0.620798,0.4446,0.5144,0.5595,0.6375,0.7054,0.7802,0.885,0.9555,0.9997
21B,Vietnamese,layer_17,mean,59.1731,5.8571,0.636008,0.4097,0.4825,0.5313,0.6141,0.687,0.7669,0.8782,0.9528,0.9997
21B,Vietnamese,layer_18,mean,68.3522,6.5905,0.616516,0.3856,0.4606,0.5095,0.5935,0.6686,0.7527,0.8705,0.9498,0.9996
21B,Vietnamese,layer_19,mean,77.6446,7.3589,0.611745,0.3643,0.4405,0.49,0.575,0.6521,0.7398,0.8634,0.9468,0.9996
21B,Vietnamese,layer_20,mean,89.0863,8.5614,0.609644,0.3365,0.4189,0.4705,0.5584,0.6389,0.7295,0.8577,0.9443,0.9996
21B,Vietnamese,layer_21,mean,102.8705,10.2847,0.609588,0.305,0.3958,0.4501,0.541,0.6249,0.7193,0.8524,0.9421,0.9996
21B,Vietnamese,layer_22,mean,119.6188,12.8306,0.610861,0.2701,0.37,0.427,0.5225,0.6101,0.7091,0.8473,0.9401,0.9996
21B,Vietnamese,layer_23,mean,132.9566,15.4297,0.611603,0.243,0.3514,0.4117,0.5105,0.6008,0.7024,0.8438,0.9387,0.9996
21B,Vietnamese,layer_24,mean,150.7571,19.5758,0.617962,0.211,0.3264,0.3898,0.4923,0.5869,0.694,0.8413,0.9381,0.9996
21B,Vietnamese,layer_25,mean,164.5614,26.2723,0.631004,0.1736,0.3033,0.3749,0.4883,0.5891,0.699,0.8455,0.9402,0.9996
21B,Vietnamese,layer_26,mean,178.8609,37.0009,0.649274,0.1334,0.2758,0.3565,0.4827,0.5908,0.705,0.8517,0.9434,0.9996
21B,Vietnamese,layer_27,mean,191.4296,46.5175,0.652859,0.1069,0.2554,0.3425,0.4751,0.5862,0.7021,0.8507,0.9432,0.9996
21B,Vietnamese,layer_28,mean,191.6229,46.8636,0.649912,0.1101,0.2494,0.3447,0.4795,0.589,0.7024,0.8496,0.9426,0.9996
21B,Vietnamese,layer_29,mean,169.7806,32.8261,0.657987,0.1491,0.2804,0.374,0.5002,0.6016,0.7089,0.8511,0.9428,0.9996
21B,Japanese,layer_0,last,35.2592,11.9785,1.179266,0.2166,0.5542,0.6705,0.797,0.8753,0.9376,0.9857,0.9975,1.0
21B,Japanese,layer_1,last,66.7125,16.1629,0.966777,0.2149,0.4161,0.5218,0.6714,0.7795,0.8721,0.958,0.9898,1.0
21B,Japanese,layer_2,last,11.3087,2.6517,0.905563,0.6083,0.741,0.7865,0.8506,0.8957,0.9356,0.9759,0.9933,1.0
21B,Japanese,layer_3,last,4.3286,1.5961,0.869923,0.7903,0.8587,0.8843,0.9183,0.9425,0.9637,0.9855,0.9957,1.0
21B,Japanese,layer_4,last,3.2909,1.4264,0.849164,0.8366,0.8891,0.91,0.9363,0.955,0.9712,0.9882,0.9963,1.0
21B,Japanese,layer_5,last,3.5795,1.4684,0.815819,0.8245,0.8806,0.9015,0.9295,0.9497,0.9674,0.9862,0.9956,1.0
21B,Japanese,layer_6,last,4.1634,1.5469,0.809839,0.8032,0.8611,0.8861,0.9182,0.9411,0.9612,0.9831,0.9945,1.0
21B,Japanese,layer_7,last,5.9281,1.7743,0.776554,0.7496,0.8156,0.8483,0.8906,0.9202,0.9468,0.9762,0.992,1.0
21B,Japanese,layer_8,last,9.301,2.1571,0.760611,0.6793,0.7545,0.7967,0.8509,0.8903,0.926,0.9663,0.9885,0.9999
21B,Japanese,layer_9,last,14.7662,2.7483,0.748569,0.6006,0.6911,0.7418,0.8092,0.8587,0.904,0.9557,0.9847,0.9999
21B,Japanese,layer_10,last,27.6973,4.1747,0.740052,0.4844,0.5958,0.6624,0.7492,0.8139,0.8736,0.9411,0.9794,0.9999
21B,Japanese,layer_11,last,45.1926,6.3477,0.739709,0.3886,0.5156,0.5942,0.6988,0.7751,0.8454,0.9262,0.9736,0.9998
21B,Japanese,layer_12,last,81.1438,13.7239,0.725914,0.2513,0.4002,0.4964,0.6355,0.7324,0.8187,0.9133,0.9687,0.9998
21B,Japanese,layer_13,last,106.3248,21.3764,0.711279,0.1883,0.3519,0.451,0.598,0.7032,0.7959,0.9009,0.9637,0.9998
21B,Japanese,layer_14,last,115.8252,23.0113,0.685356,0.179,0.3469,0.441,0.5844,0.6864,0.7787,0.889,0.9582,0.9997
21B,Japanese,layer_15,last,130.7356,31.5956,0.686534,0.1364,0.3158,0.4167,0.569,0.6787,0.7737,0.8866,0.9571,0.9997
21B,Japanese,layer_16,last,144.6086,40.4087,0.683435,0.1038,0.2896,0.3948,0.5541,0.669,0.7669,0.8823,0.9552,0.9997
21B,Japanese,layer_17,last,153.0234,44.5189,0.671213,0.0877,0.2803,0.3874,0.5455,0.6599,0.7578,0.8756,0.9521,0.9997
21B,Japanese,layer_18,last,165.3032,48.2962,0.655622,0.0774,0.2704,0.3748,0.5302,0.6434,0.7426,0.8653,0.9474,0.9996
21B,Japanese,layer_19,last,179.5449,52.7677,0.645974,0.0691,0.2578,0.36,0.5123,0.6244,0.7255,0.8556,0.9436,0.9996
21B,Japanese,layer_20,last,190.0857,57.1043,0.653424,0.0653,0.2431,0.3457,0.5014,0.6142,0.7168,0.849,0.9404,0.9996
21B,Japanese,layer_21,last,224.2705,67.3905,0.618422,0.0591,0.221,0.3162,0.4618,0.5704,0.6774,0.8267,0.9319,0.9995
21B,Japanese,layer_22,last,234.1278,71.4096,0.620589,0.0608,0.2104,0.3054,0.4486,0.5568,0.6683,0.8246,0.9315,0.9995
21B,Japanese,layer_23,last,241.4749,75.3647,0.639051,0.0604,0.2025,0.2961,0.4396,0.5495,0.6631,0.8226,0.9312,0.9995
21B,Japanese,layer_24,last,247.4682,78.5864,0.627043,0.0588,0.1983,0.2907,0.43,0.5404,0.6579,0.8222,0.9318,0.9995
21B,Japanese,layer_25,last,234.4622,74.4448,0.635716,0.0605,0.2049,0.2978,0.4426,0.5565,0.6729,0.831,0.9352,0.9996
21B,Japanese,layer_26,last,223.7842,73.6516,0.657389,0.0584,0.2063,0.301,0.4497,0.5678,0.688,0.8441,0.9414,0.9996
21B,Japanese,layer_27,last,210.4718,68.2843,0.666326,0.0604,0.2162,0.3151,0.4653,0.5824,0.7005,0.8518,0.9447,0.9996
21B,Japanese,layer_28,last,193.8608,61.0229,0.686569,0.0661,0.2317,0.3371,0.4876,0.6019,0.715,0.8588,0.9473,0.9996
21B,Japanese,layer_29,last,174.5259,52.035,0.675252,0.0765,0.2568,0.3669,0.5138,0.622,0.7297,0.8665,0.9502,0.9997
21B,Japanese,layer_0,mean,116.4899,29.3641,0.96622,0.1525,0.3051,0.393,0.5404,0.6713,0.804,0.937,0.9862,1.0
21B,Japanese,layer_1,mean,97.5121,17.3934,0.856316,0.2212,0.3564,0.4388,0.5726,0.6876,0.8046,0.9268,0.9796,0.9999
21B,Japanese,layer_2,mean,83.472,12.1978,0.793077,0.2732,0.4004,0.4757,0.5943,0.6968,0.8016,0.9179,0.9747,0.9999
21B,Japanese,layer_3,mean,77.1425,10.7285,0.754552,0.2923,0.4267,0.4991,0.6083,0.7026,0.7999,0.9119,0.9711,0.9998
21B,Japanese,layer_4,mean,75.5343,10.707,0.727279,0.2891,0.4393,0.5119,0.6163,0.7064,0.798,0.907,0.9681,0.9998
21B,Japanese,layer_5,mean,77.6249,11.1337,0.706009,0.2807,0.4384,0.5134,0.6165,0.7037,0.7929,0.9015,0.9651,0.9998
21B,Japanese,layer_6,mean,75.258,9.9705,0.685384,0.3014,0.4484,0.5183,0.6153,0.6992,0.786,0.8954,0.9621,0.9998
21B,Japanese,layer_7,mean,55.3486,6.832,0.677338,0.3736,0.4979,0.5629,0.6519,0.7278,0.8052,0.9034,0.9644,0.9998
21B,Japanese,layer_8,mean,48.7915,5.7567,0.662059,0.4107,0.5166,0.5783,0.6621,0.733,0.8062,0.902,0.9634,0.9998
21B,Japanese,layer_9,mean,38.3072,4.5615,0.648521,0.4641,0.5554,0.6099,0.6846,0.7488,0.8155,0.9052,0.9641,0.9998
21B,Japanese,layer_10,mean,29.3183,3.7024,0.638534,0.5169,0.595,0.6438,0.7117,0.7695,0.8296,0.9111,0.9658,0.9998
21B,Japanese,layer_11,mean,22.6334,3.0962,0.628852,0.5664,0.6331,0.6753,0.7356,0.787,0.8414,0.9164,0.9676,0.9998
21B,Japanese,layer_12,mean,20.985,2.9635,0.643203,0.5792,0.6421,0.6835,0.7447,0.7952,0.8475,0.9192,0.9685,0.9998
21B,Japanese,layer_13,mean,23.746,3.1737,0.638728,0.5595,0.6245,0.6673,0.7315,0.784,0.8385,0.9138,0.9662,0.9998
21B,Japanese,layer_14,mean,24.7224,3.1665,0.604475,0.5603,0.6207,0.6601,0.7196,0.7709,0.8265,0.9061,0.9627,0.9997
21B,Japanese,layer_15,mean,28.8382,3.4954,0.620802,0.5328,0.5981,0.6398,0.7045,0.7593,0.818,0.9016,0.9609,0.9997
21B,Japanese,layer_16,mean,34.6369,3.9451,0.605796,0.501,0.5708,0.6148,0.6841,0.7437,0.8066,0.8954,0.9583,0.9997
21B,Japanese,layer_17,mean,42.0074,4.551,0.608181,0.4657,0.5414,0.5882,0.663,0.7276,0.7952,0.8896,0.956,0.9997
21B,Japanese,layer_18,mean,49.8436,5.2039,0.608303,0.4347,0.5156,0.564,0.6427,0.7112,0.7835,0.8834,0.9535,0.9997
21B,Japanese,layer_19,mean,55.9175,5.6776,0.618273,0.4157,0.4986,0.5478,0.6278,0.6978,0.7726,0.8769,0.9507,0.9996
21B,Japanese,layer_20,mean,64.8506,6.5148,0.602747,0.387,0.4741,0.5259,0.61,0.6844,0.7632,0.8718,0.9485,0.9996
21B,Japanese,layer_21,mean,75.7958,7.7181,0.604712,0.354,0.4489,0.5044,0.5934,0.6712,0.7539,0.8672,0.9466,0.9996
21B,Japanese,layer_22,mean,88.3077,9.332,0.625836,0.3197,0.4227,0.482,0.5761,0.6579,0.7455,0.8635,0.9452,0.9996
21B,Japanese,layer_23,mean,100.622,11.5062,0.613917,0.2846,0.3984,0.4639,0.5657,0.6511,0.7417,0.8618,0.9446,0.9996
21B,Japanese,layer_24,mean,114.9713,14.2858,0.620973,0.2518,0.3731,0.4425,0.5496,0.6389,0.7343,0.8596,0.9441,0.9996
21B,Japanese,layer_25,mean,125.5079,18.2693,0.631985,0.2162,0.3529,0.4309,0.5473,0.6405,0.7376,0.8627,0.9456,0.9996
21B,Japanese,layer_26,mean,141.212,25.4144,0.648,0.1734,0.3213,0.4081,0.5364,0.6365,0.7384,0.8658,0.9475,0.9996
21B,Japanese,layer_27,mean,151.5754,33.9242,0.656811,0.1347,0.2994,0.3963,0.5338,0.6377,0.7408,0.868,0.9487,0.9996
21B,Japanese,layer_28,mean,159.6351,39.8868,0.657023,0.1157,0.2798,0.3877,0.5302,0.6355,0.7384,0.8664,0.9481,0.9996
21B,Japanese,layer_29,mean,140.3046,31.0263,0.655706,0.1435,0.3102,0.4189,0.5555,0.6544,0.7507,0.8719,0.9501,0.9996
31B,English,layer_0,last,3.6943,1.9448,1.388653,0.7078,0.904,0.9629,0.9938,0.9975,0.9994,0.9999,1.0,1.0
31B,English,layer_1,last,19.7201,4.849,1.052577,0.431,0.6597,0.7319,0.8357,0.8938,0.9407,0.982,0.9962,1.0
31B,English,layer_2,last,3.6289,1.5624,0.926216,0.7973,0.891,0.9125,0.942,0.9607,0.976,0.991,0.9976,1.0
31B,English,layer_3,last,2.7105,1.3519,0.880115,0.8592,0.9152,0.9307,0.9527,0.9676,0.9797,0.9919,0.9977,1.0
31B,English,layer_4,last,2.7749,1.3553,0.866577,0.8582,0.9111,0.9269,0.9497,0.9656,0.9783,0.9909,0.9973,1.0
31B,English,layer_5,last,3.1513,1.4179,0.842836,0.8389,0.8976,0.9157,0.9412,0.9594,0.9738,0.9888,0.9965,1.0
31B,English,layer_6,last,3.6139,1.4888,0.805285,0.8184,0.8825,0.903,0.9312,0.9512,0.968,0.9859,0.9954,1.0
31B,English,layer_7,last,6.7415,1.9099,0.7858,0.7214,0.8045,0.8355,0.8806,0.9143,0.9434,0.9748,0.9917,1.0
31B,English,layer_8,last,11.0748,2.4338,0.7697,0.6373,0.7396,0.7783,0.8373,0.8819,0.9216,0.9645,0.988,0.9999
31B,English,layer_9,last,20.9894,3.599,0.773186,0.5199,0.65,0.6994,0.7768,0.837,0.891,0.9502,0.983,0.9999
31B,English,layer_10,last,46.249,6.6461,0.746415,0.3755,0.521,0.5823,0.6828,0.7665,0.8446,0.9295,0.9755,0.9999
31B,English,layer_11,last,69.4446,10.4642,0.728352,0.291,0.4507,0.5213,0.6365,0.7308,0.8184,0.9153,0.9698,0.9998
31B,English,layer_12,last,123.1713,23.4937,0.720026,0.1785,0.3342,0.4121,0.5433,0.6599,0.7747,0.8953,0.9622,0.9998
31B,English,layer_13,last,157.2057,36.6115,0.697504,0.1296,0.2842,0.3655,0.507,0.6276,0.7462,0.8789,0.9553,0.9997
31B,English,layer_14,last,173.5837,40.7759,0.666519,0.1184,0.2745,0.3542,0.4925,0.6085,0.7237,0.8624,0.9476,0.9997
31B,English,layer_15,last,197.4207,55.4699,0.665476,0.0885,0.2401,0.3235,0.4675,0.5904,0.711,0.8561,0.9453,0.9996
31B,English,layer_16,last,221.964,70.0003,0.65362,0.0693,0.2112,0.2976,0.443,0.5686,0.6938,0.8453,0.9405,0.9996
31B,English,layer_17,last,229.774,73.9266,0.640875,0.0635,0.2048,0.294,0.4395,0.5634,0.6861,0.8384,0.9369,0.9996
31B,English,layer_18,last,240.4906,77.5485,0.62905,0.0618,0.1989,0.2871,0.4297,0.5512,0.6754,0.8306,0.933,0.9995
31B,English,layer_19,last,245.6938,80.226,0.623386,0.06,0.1931,0.2814,0.4265,0.548,0.6714,0.8267,0.931,0.9995
31B,English,layer_20,last,248.1129,81.1298,0.637482,0.0619,0.189,0.2764,0.4236,0.546,0.6707,0.8261,0.93,0.9995
31B,English,layer_21,last,266.9525,86.6945,0.603786,0.0592,0.1825,0.2666,0.4073,0.5268,0.65,0.8115,0.9236,0.9995
31B,English,layer_22,last,259.9013,80.6614,0.60739,0.0662,0.19,0.2739,0.4129,0.5307,0.6527,0.8145,0.9253,0.9995
31B,English,layer_23,last,255.624,75.879,0.606809,0.0721,0.1983,0.2798,0.4171,0.5325,0.6526,0.8145,0.9255,0.9995
31B,English,layer_24,last,259.2203,76.1839,0.612133,0.0735,0.1984,0.2771,0.4093,0.5242,0.6468,0.8144,0.9266,0.9995
31B,English,layer_25,last,246.5609,73.2226,0.625917,0.0748,0.2017,0.2822,0.4176,0.5379,0.6621,0.8253,0.9314,0.9995
31B,English,layer_26,last,241.474,77.0401,0.647363,0.0691,0.1954,0.2796,0.4181,0.5442,0.6735,0.8367,0.9374,0.9996
31B,English,layer_27,last,230.4586,71.8773,0.654071,0.0732,0.2039,0.2913,0.4307,0.5552,0.6827,0.8421,0.9399,0.9996
31B,English,layer_28,last,205.9536,59.9417,0.66357,0.0839,0.2286,0.3201,0.4587,0.5797,0.7024,0.8529,0.9443,0.9996
31B,English,layer_29,last,177.6197,44.7092,0.67193,0.111,0.2619,0.3547,0.4914,0.6069,0.7225,0.8637,0.9487,0.9997
31B,English,layer_0,mean,92.041,11.1343,0.841806,0.2928,0.3711,0.4304,0.5407,0.6486,0.769,0.9115,0.9768,0.9999
31B,English,layer_1,mean,77.6134,9.3923,0.777618,0.3193,0.4059,0.4685,0.58,0.6826,0.792,0.914,0.9729,0.9999
31B,English,layer_2,mean,60.5757,6.7315,0.710238,0.3803,0.4684,0.5231,0.6148,0.7,0.7927,0.9042,0.9668,0.9998
31B,English,layer_3,mean,61.0082,6.8536,0.693846,0.3752,0.4794,0.5334,0.6219,0.7005,0.7864,0.8961,0.9624,0.9998
31B,English,layer_4,mean,49.7404,5.8927,0.660477,0.4034,0.5244,0.5731,0.6529,0.7231,0.7994,0.8993,0.9626,0.9998
31B,English,layer_5,mean,46.9034,5.6119,0.652352,0.4141,0.534,0.5839,0.6634,0.7318,0.8043,0.9,0.9623,0.9998
31B,English,layer_6,mean,40.5164,4.7578,0.652518,0.4529,0.5595,0.6033,0.674,0.7368,0.8052,0.8988,0.9615,0.9998
31B,English,layer_7,mean,29.7091,3.7276,0.653147,0.5148,0.5991,0.6403,0.7059,0.7642,0.8263,0.9096,0.9654,0.9998
31B,English,layer_8,mean,29.0179,3.5789,0.627328,0.5262,0.6016,0.6407,0.7044,0.761,0.8222,0.9064,0.9639,0.9998
31B,English,layer_9,mean,23.4597,3.0671,0.612302,0.5694,0.6328,0.6656,0.7218,0.7722,0.8282,0.9083,0.9643,0.9998
31B,English,layer_10,mean,21.2524,2.8794,0.624292,0.588,0.6449,0.6758,0.7308,0.7798,0.8338,0.9107,0.9649,0.9998
31B,English,layer_11,mean,18.7954,2.6589,0.596921,0.6123,0.6619,0.6898,0.7399,0.7852,0.8364,0.9113,0.9649,0.9998
31B,English,layer_12,mean,21.4002,2.8526,0.615012,0.591,0.6406,0.6714,0.7275,0.7762,0.8303,0.9081,0.9635,0.9998
31B,English,layer_13,mean,27.6136,3.3026,0.601193,0.5489,0.6026,0.6375,0.7001,0.7544,0.8144,0.8996,0.9601,0.9997
31B,English,layer_14,mean,29.2277,3.2937,0.592463,0.5499,0.5972,0.6271,0.6828,0.7345,0.7954,0.8874,0.9548,0.9997
31B,English,layer_15,mean,35.4578,3.7202,0.595544,0.517,0.5678,0.6007,0.6615,0.7175,0.783,0.881,0.9524,0.9997
31B,English,layer_16,mean,44.301,4.3043,0.595224,0.4803,0.5331,0.5687,0.6341,0.6947,0.7659,0.8718,0.9487,0.9996
31B,English,layer_17,mean,55.8117,5.1163,0.598501,0.4399,0.4963,0.5355,0.6062,0.6719,0.7491,0.8632,0.9453,0.9996
31B,English,layer_18,mean,67.3488,5.9437,0.580062,0.4075,0.4676,0.508,0.5811,0.6505,0.7326,0.8543,0.9418,0.9996
31B,English,layer_19,mean,77.0287,6.6469,0.577575,0.3849,0.4465,0.4878,0.5621,0.6336,0.7193,0.8471,0.9389,0.9996
31B,English,layer_20,mean,88.6508,7.672,0.577185,0.3574,0.4245,0.4683,0.5451,0.6197,0.7086,0.8412,0.9364,0.9996
31B,English,layer_21,mean,102.2853,9.0484,0.580151,0.3278,0.4013,0.4479,0.5271,0.6049,0.6982,0.8364,0.9347,0.9995
31B,English,layer_22,mean,122.8142,11.5675,0.584796,0.2877,0.3701,0.4199,0.5041,0.5871,0.6861,0.8309,0.9327,0.9995
31B,English,layer_23,mean,137.2482,13.7495,0.586806,0.2618,0.3506,0.4026,0.4904,0.5765,0.6784,0.8272,0.9313,0.9995
31B,English,layer_24,mean,158.2328,17.6831,0.613007,0.2278,0.3216,0.376,0.4696,0.5616,0.6703,0.8256,0.9314,0.9995
31B,English,layer_25,mean,173.4689,23.3606,0.612954,0.193,0.2969,0.3599,0.4649,0.5637,0.6757,0.8309,0.9341,0.9995
31B,English,layer_26,mean,195.6006,34.536,0.649978,0.1501,0.2612,0.3334,0.4518,0.5593,0.678,0.8359,0.9371,0.9996
31B,English,layer_27,mean,205.7679,41.0215,0.63496,0.1319,0.2486,0.3244,0.4463,0.5554,0.6756,0.8349,0.9369,0.9996
31B,English,layer_28,mean,204.4284,42.0341,0.633163,0.1285,0.2494,0.3293,0.4522,0.5605,0.6785,0.8352,0.9367,0.9996
31B,English,layer_29,mean,175.472,29.9261,0.628871,0.162,0.286,0.3657,0.4833,0.5836,0.6934,0.841,0.9385,0.9996
31B,Chinese,layer_0,last,10.6656,3.7031,1.214454,0.5,0.7452,0.8473,0.9314,0.9621,0.9813,0.9954,0.9992,1.0
31B,Chinese,layer_1,last,24.9508,5.6007,0.991962,0.4059,0.6038,0.7008,0.8142,0.8789,0.9289,0.9762,0.9943,1.0
31B,Chinese,layer_2,last,3.2375,1.4476,0.90693,0.8304,0.8928,0.9198,0.9484,0.9649,0.978,0.9915,0.9976,1.0
31B,Chinese,layer_3,last,2.4506,1.2942,0.869767,0.8787,0.9213,0.9398,0.9607,0.9731,0.9828,0.993,0.9979,1.0
31B,Chinese,layer_4,last,2.4339,1.2914,0.849421,0.8796,0.9226,0.9407,0.961,0.9733,0.9828,0.9928,0.9978,1.0
31B,Chinese,layer_5,last,2.6211,1.3235,0.842194,0.8688,0.9149,0.9344,0.9564,0.9697,0.9802,0.9914,0.9973,1.0
31B,Chinese,layer_6,last,2.8615,1.3637,0.819742,0.8558,0.9054,0.9271,0.951,0.9654,0.977,0.9897,0.9966,1.0
31B,Chinese,layer_7,last,4.4916,1.6055,0.79309,0.7883,0.8521,0.8817,0.9171,0.941,0.961,0.9826,0.9942,1.0
31B,Chinese,layer_8,last,7.0871,1.9449,0.780305,0.7154,0.7936,0.8322,0.8804,0.9147,0.9434,0.9745,0.9914,1.0
31B,Chinese,layer_9,last,12.3007,2.5896,0.769996,0.6182,0.7214,0.77,0.8349,0.8816,0.9213,0.9642,0.9877,0.9999
31B,Chinese,layer_10,last,26.8903,4.1927,0.773916,0.4825,0.6024,0.662,0.7514,0.8198,0.8812,0.9463,0.9814,0.9999
31B,Chinese,layer_11,last,45.259,6.5467,0.742053,0.3812,0.5176,0.5885,0.6955,0.7781,0.8512,0.9311,0.9757,0.9999
31B,Chinese,layer_12,last,90.2956,14.2444,0.7361,0.2492,0.382,0.4633,0.5952,0.705,0.8066,0.9109,0.9683,0.9998
31B,Chinese,layer_13,last,118.9401,21.7983,0.715994,0.1921,0.3311,0.4176,0.5567,0.6711,0.7786,0.8955,0.9621,0.9998
31B,Chinese,layer_14,last,131.7296,23.7005,0.684238,0.1828,0.3221,0.4061,0.5413,0.6515,0.7562,0.88,0.9552,0.9997
31B,Chinese,layer_15,last,160.6179,36.0205,0.681889,0.1365,0.2728,0.3638,0.5086,0.6271,0.7398,0.8719,0.9521,0.9997
31B,Chinese,layer_16,last,186.7764,49.1701,0.669761,0.1054,0.2386,0.3316,0.4811,0.6033,0.721,0.8609,0.9472,0.9996
31B,Chinese,layer_17,last,196.358,55.7424,0.657887,0.0886,0.2307,0.3255,0.4768,0.5966,0.7128,0.8541,0.9439,0.9996
31B,Chinese,layer_18,last,208.464,60.9439,0.64412,0.079,0.2234,0.3155,0.4648,0.5844,0.701,0.8454,0.9396,0.9996
31B,Chinese,layer_19,last,221.9437,67.9039,0.633495,0.0669,0.2128,0.3039,0.454,0.5723,0.6887,0.8367,0.9357,0.9996
31B,Chinese,layer_20,last,224.6051,71.1446,0.628558,0.0622,0.2073,0.3025,0.4551,0.5726,0.6889,0.8352,0.9344,0.9995
31B,Chinese,layer_21,last,241.8317,75.4124,0.628241,0.0629,0.2007,0.2939,0.4393,0.553,0.6682,0.8208,0.9283,0.9995
31B,Chinese,layer_22,last,236.7404,70.6732,0.629134,0.0724,0.2054,0.3002,0.4441,0.5563,0.6695,0.822,0.929,0.9995
31B,Chinese,layer_23,last,236.8876,69.3143,0.614739,0.0769,0.2032,0.2988,0.4415,0.5546,0.6687,0.8222,0.9295,0.9995
31B,Chinese,layer_24,last,241.2679,69.7279,0.618324,0.0788,0.2025,0.2948,0.4326,0.546,0.663,0.8217,0.9298,0.9995
31B,Chinese,layer_25,last,225.8375,64.4577,0.628658,0.0831,0.213,0.3053,0.4467,0.5627,0.6794,0.832,0.9341,0.9995
31B,Chinese,layer_26,last,222.7814,66.7664,0.660809,0.0778,0.2109,0.3032,0.4468,0.5653,0.6869,0.8401,0.9383,0.9996
31B,Chinese,layer_27,last,215.9706,64.9016,0.665758,0.0775,0.2158,0.3113,0.4552,0.5732,0.6938,0.8442,0.9401,0.9996
31B,Chinese,layer_28,last,203.2026,59.9373,0.652405,0.08,0.2284,0.3299,0.4712,0.5874,0.7044,0.8496,0.9422,0.9996
31B,Chinese,layer_29,last,171.0035,43.3129,0.658254,0.1084,0.2747,0.3753,0.5089,0.6175,0.726,0.8611,0.9467,0.9996
31B,Chinese,layer_0,mean,118.8246,21.3606,0.879233,0.1989,0.317,0.3933,0.5266,0.6482,0.7749,0.9156,0.9789,0.9999
31B,Chinese,layer_1,mean,91.8114,12.8424,0.791651,0.2681,0.3733,0.4451,0.5714,0.6802,0.7904,0.9128,0.9732,0.9999
31B,Chinese,layer_2,mean,69.7067,8.4912,0.730544,0.3349,0.445,0.5049,0.6113,0.7014,0.795,0.9066,0.9684,0.9998
31B,Chinese,layer_3,mean,59.8286,7.2195,0.712682,0.3632,0.4862,0.5408,0.6343,0.7134,0.7974,0.903,0.9657,0.9998
31B,Chinese,layer_4,mean,46.1886,5.8247,0.677818,0.4046,0.5389,0.5885,0.6708,0.7395,0.8127,0.9075,0.9663,0.9998
31B,Chinese,layer_5,mean,38.9066,4.9736,0.66442,0.4408,0.5671,0.6156,0.6923,0.7548,0.8217,0.91,0.9666,0.9998
31B,Chinese,layer_6,mean,31.9823,4.1036,0.648564,0.4887,0.5972,0.6394,0.7071,0.7641,0.8264,0.9107,0.9664,0.9998
31B,Chinese,layer_7,mean,22.1174,3.1638,0.659037,0.5594,0.6462,0.6847,0.745,0.7947,0.8487,0.9214,0.9701,0.9998
31B,Chinese,layer_8,mean,19.5954,2.8839,0.631533,0.5869,0.6615,0.6971,0.7525,0.7995,0.8507,0.9214,0.9697,0.9998
31B,Chinese,layer_9,mean,15.5449,2.506,0.618489,0.6304,0.6925,0.7232,0.7716,0.8133,0.8597,0.9251,0.9708,0.9998
31B,Chinese,layer_10,mean,13.669,2.3392,0.627845,0.6528,0.7084,0.7373,0.7833,0.8229,0.8665,0.9282,0.9717,0.9998
31B,Chinese,layer_11,mean,11.7307,2.1598,0.617922,0.6796,0.7286,0.7542,0.7954,0.8316,0.8722,0.9305,0.9724,0.9998
31B,Chinese,layer_12,mean,12.6293,2.2324,0.602396,0.6685,0.7165,0.7441,0.7889,0.8271,0.8688,0.9285,0.9715,0.9998
31B,Chinese,layer_13,mean,15.0829,2.4303,0.599832,0.6404,0.6927,0.7226,0.7714,0.8129,0.8579,0.9223,0.9689,0.9998
31B,Chinese,layer_14,mean,15.5791,2.4233,0.594355,0.6415,0.6904,0.7166,0.7609,0.8006,0.8464,0.9148,0.9655,0.9998
31B,Chinese,layer_15,mean,18.4576,2.6372,0.58226,0.6147,0.666,0.6945,0.743,0.7864,0.836,0.9094,0.9634,0.9997
31B,Chinese,layer_16,mean,22.7679,2.9487,0.583625,0.581,0.6358,0.6669,0.7203,0.768,0.8224,0.9021,0.9605,0.9997
31B,Chinese,layer_17,mean,27.3822,3.2722,0.599907,0.5512,0.6096,0.6425,0.6997,0.7505,0.8091,0.8948,0.9575,0.9997
31B,Chinese,layer_18,mean,34.4352,3.7834,0.586425,0.512,0.5761,0.6116,0.6735,0.7295,0.7941,0.8873,0.9546,0.9997
31B,Chinese,layer_19,mean,39.5594,4.1367,0.581873,0.4893,0.5569,0.5929,0.6565,0.7145,0.7818,0.8802,0.9516,0.9997
31B,Chinese,layer_20,mean,45.8166,4.6288,0.581284,0.4618,0.5362,0.5738,0.6401,0.7014,0.7721,0.8748,0.9492,0.9996
31B,Chinese,layer_21,mean,54.8027,5.4074,0.586062,0.426,0.5089,0.5501,0.6213,0.6869,0.7621,0.87,0.9474,0.9996
31B,Chinese,layer_22,mean,65.6009,6.4347,0.589352,0.3888,0.4812,0.5259,0.6017,0.6717,0.7515,0.8647,0.9454,0.9996
31B,Chinese,layer_23,mean,77.6996,8.0181,0.600668,0.3458,0.4509,0.504,0.5903,0.6664,0.7495,0.8648,0.9455,0.9996
31B,Chinese,layer_24,mean,93.4487,10.0356,0.60974,0.3066,0.4168,0.4742,0.5671,0.649,0.7384,0.861,0.9445,0.9996
31B,Chinese,layer_25,mean,106.155,12.7016,0.638338,0.2687,0.3893,0.4563,0.5593,0.6464,0.7388,0.8626,0.9454,0.9996
31B,Chinese,layer_26,mean,127.6994,17.8497,0.651209,0.2207,0.3479,0.4235,0.5374,0.6325,0.732,0.8616,0.9456,0.9996
31B,Chinese,layer_27,mean,140.8961,23.112,0.639982,0.1859,0.326,0.4086,0.5298,0.6283,0.7299,0.8608,0.9454,0.9996
31B,Chinese,layer_28,mean,150.7558,26.7644,0.635098,0.1678,0.3128,0.4001,0.5226,0.6212,0.7231,0.856,0.9433,0.9996
31B,Chinese,layer_29,mean,112.2784,15.2978,0.632096,0.2407,0.3709,0.4515,0.5657,0.6556,0.7466,0.8669,0.9474,0.9996
